Id,IndicatorCode,SpatialDimension,SpatialDimensionValueCode,ParentLocationCode,ParentLocation,TimeDimension,TimeDim,DisaggregatingDimension1,DisaggregatingDimension1ValueCode,DisaggregatingDimension2,DisaggregatingDimension2ValueCode,DisaggregatingDimension3,DisaggregatingDimension3ValueCode,DataSourceDimension,DataSourceDimensionValueCode,Value,NumericValue,Low,High,Comments,Date,TimeDimensionValue,TimeDimensionBegin,TimeDimensionEnd
2272129,GHED_GGHE-DGDP_SHA2011,COUNTRY,GIN,AFR,Africa,YEAR,2017,,,,,,,,,0.60,0.60066199,,,,2025-12-05T13:23:08Z,2017,2017-01-01,2017-12-31
2273025,GHED_GGHE-DGDP_SHA2011,COUNTRY,DEU,EUR,Europe,YEAR,2013,,,,,,,,,8.25,8.24677086,,,,2025-12-05T13:23:08Z,2013,2013-01-01,2013-12-31
2274839,GHED_GGHE-DGDP_SHA2011,COUNTRY,MUS,AFR,Africa,YEAR,2006,,,,,,,,,1.62,1.61826241,,,,2025-12-05T13:23:08Z,2006,2006-01-01,2006-12-31
2274937,GHED_GGHE-DGDP_SHA2011,COUNTRY,SWZ,AFR,Africa,YEAR,2005,,,,,,,,,3.64,3.64060426,,,,2025-12-05T13:23:08Z,2005,2005-01-01,2005-12-31
2275747,GHED_GGHE-DGDP_SHA2011,COUNTRY,NRU,WPR,Western Pacific,YEAR,2004,,,,,,,,,4.89,4.88974905,,,,2025-12-05T13:23:08Z,2004,2004-01-01,2004-12-31
2276516,GHED_GGHE-DGDP_SHA2011,COUNTRY,LVA,EUR,Europe,YEAR,2000,,,,,,,,,2.83,2.82781434,,,,2025-12-05T13:23:08Z,2000,2000-01-01,2000-12-31
2279578,GHED_GGHE-DGDP_SHA2011,COUNTRY,ARM,EUR,Europe,YEAR,2012,,,,,,,,,1.58,1.57816982,,,,2025-12-05T13:23:08Z,2012,2012-01-01,2012-12-31
2280298,GHED_GGHE-DGDP_SHA2011,REGION,WPR,,,YEAR,2006,,,,,,,,,4.98,4.97525825,,,,2025-12-05T13:23:08Z,2006,2006-01-01,2006-12-31
2287813,GHED_GGHE-DGDP_SHA2011,COUNTRY,SRB,EUR,Europe,YEAR,2013,,,,,,,,,5.35,5.34662533,,,,2025-12-05T13:23:08Z,2013,2013-01-01,2013-12-31
2288455,GHED_GGHE-DGDP_SHA2011,COUNTRY,COK,WPR,Western Pacific,YEAR,2003,,,,,,,,,2.72,2.7240479,,,,2025-12-05T13:23:08Z,2003,2003-01-01,2003-12-31
2289189,GHED_GGHE-DGDP_SHA2011,COUNTRY,ECU,AMR,Americas,YEAR,2001,,,,,,,,,1.33,1.32788515,,,,2025-12-05T13:23:08Z,2001,2001-01-01,2001-12-31
2292426,GHED_GGHE-DGDP_SHA2011,COUNTRY,RWA,AFR,Africa,YEAR,2013,,,,,,,,,2.17,2.17188406,,,,2025-12-05T13:23:08Z,2013,2013-01-01,2013-12-31
2293799,GHED_GGHE-DGDP_SHA2011,COUNTRY,THA,SEAR,South-East Asia,YEAR,2000,,,,,,,,,1.71,1.71153057,,,,2025-12-05T13:23:08Z,2000,2000-01-01,2000-12-31
2294541,GHED_GGHE-DGDP_SHA2011,COUNTRY,HRV,EUR,Europe,YEAR,2019,,,,,,,,,5.53,5.53433323,,,,2025-12-05T13:23:08Z,2019,2019-01-01,2019-12-31
2297151,GHED_GGHE-DGDP_SHA2011,COUNTRY,CPV,AFR,Africa,YEAR,2014,,,,,,,,,2.77,2.77216268,,,,2025-12-05T13:23:08Z,2014,2014-01-01,2014-12-31
2298257,GHED_GGHE-DGDP_SHA2011,COUNTRY,VCT,AMR,Americas,YEAR,2007,,,,,,,,,2.14,2.135355,,,,2025-12-05T13:23:08Z,2007,2007-01-01,2007-12-31
2299820,GHED_GGHE-DGDP_SHA2011,COUNTRY,FRA,EUR,Europe,YEAR,2020,,,,,,,,,9.26,9.25742054,,,,2025-12-05T13:23:08Z,2020,2020-01-01,2020-12-31
2301368,GHED_GGHE-DGDP_SHA2011,COUNTRY,IRL,EUR,Europe,YEAR,2009,,,,,,,,,8.11,8.11006927,,,,2025-12-05T13:23:08Z,2009,2009-01-01,2009-12-31
2302166,GHED_GGHE-DGDP_SHA2011,COUNTRY,QAT,EMR,Eastern Mediterranean,YEAR,2022,,,,,,,,,1.80,1.79685986,,,,2025-12-05T13:23:08Z,2022,2022-01-01,2022-12-31
2307313,GHED_GGHE-DGDP_SHA2011,REGION,AMR,,,YEAR,2010,,,,,,,,,3.53,3.53290552,,,,2025-12-05T13:23:08Z,2010,2010-01-01,2010-12-31
2312785,GHED_GGHE-DGDP_SHA2011,COUNTRY,SUR,AMR,Americas,YEAR,2011,,,,,,,,,1.79,1.79151595,,,,2025-12-05T13:23:08Z,2011,2011-01-01,2011-12-31
2317704,GHED_GGHE-DGDP_SHA2011,COUNTRY,GUY,AMR,Americas,YEAR,2011,,,,,,,,,2.03,2.02701139,,,,2025-12-05T13:23:08Z,2011,2011-01-01,2011-12-31
2317853,GHED_GGHE-DGDP_SHA2011,COUNTRY,BTN,SEAR,South-East Asia,YEAR,2019,,,,,,,,,2.48,2.4829967,,,,2025-12-05T13:23:08Z,2019,2019-01-01,2019-12-31
2318649,GHED_GGHE-DGDP_SHA2011,COUNTRY,DEU,EUR,Europe,YEAR,2008,,,,,,,,,7.59,7.59074497,,,,2025-12-05T13:23:08Z,2008,2008-01-01,2008-12-31
2320962,GHED_GGHE-DGDP_SHA2011,COUNTRY,FSM,WPR,Western Pacific,YEAR,2001,,,,,,,,,1.83,1.83199584,,,,2025-12-05T13:23:08Z,2001,2001-01-01,2001-12-31
2323261,GHED_GGHE-DGDP_SHA2011,COUNTRY,LBR,AFR,Africa,YEAR,2014,,,,,,,,,0.82,0.82358247,,,,2025-12-05T13:23:08Z,2014,2014-01-01,2014-12-31
2326710,GHED_GGHE-DGDP_SHA2011,COUNTRY,ALB,EUR,Europe,YEAR,2015,,,,,,,,,2.68,2.67593837,,,,2025-12-05T13:23:08Z,2015,2015-01-01,2015-12-31
2331089,GHED_GGHE-DGDP_SHA2011,COUNTRY,TLS,SEAR,South-East Asia,YEAR,2017,,,,,,,,,4.49,4.49020767,,,,2025-12-05T13:23:08Z,2017,2017-01-01,2017-12-31
2333217,GHED_GGHE-DGDP_SHA2011,COUNTRY,SYR,EMR,Eastern Mediterranean,YEAR,2009,,,,,,,,,1.59,1.59122777,,,,2025-12-05T13:23:08Z,2009,2009-01-01,2009-12-31
2334834,GHED_GGHE-DGDP_SHA2011,COUNTRY,BEL,EUR,Europe,YEAR,2001,,,,,,,,,6.14,6.13948441,,,,2025-12-05T13:23:08Z,2001,2001-01-01,2001-12-31
2335182,GHED_GGHE-DGDP_SHA2011,COUNTRY,NZL,WPR,Western Pacific,YEAR,2013,,,,,,,,,6.95,6.95405483,,,,2025-12-05T13:23:08Z,2013,2013-01-01,2013-12-31
2335994,GHED_GGHE-DGDP_SHA2011,COUNTRY,VCT,AMR,Americas,YEAR,2022,,,,,,,,,3.19,3.1851058,,,,2025-12-05T13:23:08Z,2022,2022-01-01,2022-12-31
2342195,GHED_GGHE-DGDP_SHA2011,COUNTRY,LBY,EMR,Eastern Mediterranean,YEAR,2014,,,,,,,,,3.43,3.42913532,,,,2025-12-05T13:23:08Z,2014,2014-01-01,2014-12-31
2342909,GHED_GGHE-DGDP_SHA2011,COUNTRY,SDN,EMR,Eastern Mediterranean,YEAR,2009,,,,,,,,,2.63,2.6293633,,,,2025-12-05T13:23:08Z,2009,2009-01-01,2009-12-31
2346278,GHED_GGHE-DGDP_SHA2011,COUNTRY,KGZ,EUR,Europe,YEAR,2001,,,,,,,,,2.00,2.00316715,,,,2025-12-05T13:23:08Z,2001,2001-01-01,2001-12-31
2347797,GHED_GGHE-DGDP_SHA2011,COUNTRY,ISL,EUR,Europe,YEAR,2015,,,,,,,,,6.58,6.58261681,,,,2025-12-05T13:23:08Z,2015,2015-01-01,2015-12-31
2350598,GHED_GGHE-DGDP_SHA2011,REGION,AFR,,,YEAR,2000,,,,,,,,,1.43,1.42908973,,,,2025-12-05T13:23:08Z,2000,2000-01-01,2000-12-31
2352489,GHED_GGHE-DGDP_SHA2011,COUNTRY,CPV,AFR,Africa,YEAR,2007,,,,,,,,,2.73,2.73044729,,,,2025-12-05T13:23:08Z,2007,2007-01-01,2007-12-31
2355213,GHED_GGHE-DGDP_SHA2011,COUNTRY,TUN,EMR,Eastern Mediterranean,YEAR,2016,,,,,,,,,3.41,3.40580177,,,,2025-12-05T13:23:08Z,2016,2016-01-01,2016-12-31
2355662,GHED_GGHE-DGDP_SHA2011,WORLDBANKINCOMEGROUP,WB_UMI,,,YEAR,2006,,,,,,,,,2.89,2.89352442,,,,2025-12-05T13:23:08Z,2006,2006-01-01,2006-12-31
2356615,GHED_GGHE-DGDP_SHA2011,COUNTRY,CIV,AFR,Africa,YEAR,2013,,,,,,,,,0.73,0.7278282,,,,2025-12-05T13:23:08Z,2013,2013-01-01,2013-12-31
2357920,GHED_GGHE-DGDP_SHA2011,REGION,WPR,,,YEAR,2001,,,,,,,,,5.24,5.23992052,,,,2025-12-05T13:23:08Z,2001,2001-01-01,2001-12-31
2362076,GHED_GGHE-DGDP_SHA2011,COUNTRY,SLB,WPR,Western Pacific,YEAR,2021,,,,,,,,,3.45,3.45109582,,,,2025-12-05T13:23:08Z,2021,2021-01-01,2021-12-31
2363188,GHED_GGHE-DGDP_SHA2011,COUNTRY,MDG,AFR,Africa,YEAR,2007,,,,,,,,,1.90,1.90437353,,,,2025-12-05T13:23:08Z,2007,2007-01-01,2007-12-31
2363278,GHED_GGHE-DGDP_SHA2011,COUNTRY,MDV,SEAR,South-East Asia,YEAR,2003,,,,,,,,,2.15,2.1482141,,,,2025-12-05T13:23:08Z,2003,2003-01-01,2003-12-31
2365598,GHED_GGHE-DGDP_SHA2011,COUNTRY,JAM,AMR,Americas,YEAR,2023,,,,,,,,,4.89,4.8935523,,,,2025-12-05T13:23:08Z,2023,2023-01-01,2023-12-31
2365748,GHED_GGHE-DGDP_SHA2011,COUNTRY,RWA,AFR,Africa,YEAR,2023,,,,,,,,,2.41,2.41123104,,,,2025-12-05T13:23:08Z,2023,2023-01-01,2023-12-31
2365830,GHED_GGHE-DGDP_SHA2011,COUNTRY,CRI,AMR,Americas,YEAR,2017,,,,,,,,,5.18,5.1788969,,,,2025-12-05T13:23:08Z,2017,2017-01-01,2017-12-31
2367861,GHED_GGHE-DGDP_SHA2011,COUNTRY,LBR,AFR,Africa,YEAR,2012,,,,,,,,,1.55,1.55076897,,,,2025-12-05T13:23:08Z,2012,2012-01-01,2012-12-31
2368350,GHED_GGHE-DGDP_SHA2011,COUNTRY,UGA,AFR,Africa,YEAR,2018,,,,,,,,,0.67,0.67459893,,,,2025-12-05T13:23:08Z,2018,2018-01-01,2018-12-31
2368357,GHED_GGHE-DGDP_SHA2011,COUNTRY,LUX,EUR,Europe,YEAR,2006,,,,,,,,,5.56,5.56112909,,,,2025-12-05T13:23:08Z,2006,2006-01-01,2006-12-31
2372949,GHED_GGHE-DGDP_SHA2011,COUNTRY,PAN,AMR,Americas,YEAR,2010,,,,,,,,,4.65,4.65330553,,,,2025-12-05T13:23:08Z,2010,2010-01-01,2010-12-31
2376463,GHED_GGHE-DGDP_SHA2011,COUNTRY,DNK,EUR,Europe,YEAR,2023,,,,,,,,,7.96,7.95977545,,,,2025-12-05T13:23:08Z,2023,2023-01-01,2023-12-31
2378307,GHED_GGHE-DGDP_SHA2011,COUNTRY,PRT,EUR,Europe,YEAR,2010,,,,,,,,,6.66,6.66389227,,,,2025-12-05T13:23:08Z,2010,2010-01-01,2010-12-31
2379149,GHED_GGHE-DGDP_SHA2011,COUNTRY,JPN,WPR,Western Pacific,YEAR,2006,,,,,,,,,6.17,6.17422724,,,,2025-12-05T13:23:08Z,2006,2006-01-01,2006-12-31
2382640,GHED_GGHE-DGDP_SHA2011,COUNTRY,COL,AMR,Americas,YEAR,2015,,,,,,,,,5.33,5.32889223,,,,2025-12-05T13:23:08Z,2015,2015-01-01,2015-12-31
2387316,GHED_GGHE-DGDP_SHA2011,COUNTRY,NOR,EUR,Europe,YEAR,2020,,,,,,,,,9.82,9.82099152,,,,2025-12-05T13:23:08Z,2020,2020-01-01,2020-12-31
2387665,GHED_GGHE-DGDP_SHA2011,COUNTRY,PHL,WPR,Western Pacific,YEAR,2001,,,,,,,,,1.16,1.15623665,,,,2025-12-05T13:23:08Z,2001,2001-01-01,2001-12-31
2390390,GHED_GGHE-DGDP_SHA2011,COUNTRY,MEX,AMR,Americas,YEAR,2021,,,,,,,,,2.94,2.94404602,,,,2025-12-05T13:23:08Z,2021,2021-01-01,2021-12-31
2392889,GHED_GGHE-DGDP_SHA2011,COUNTRY,STP,AFR,Africa,YEAR,2012,,,,,,,,,2.31,2.30571485,,,,2025-12-05T13:23:08Z,2012,2012-01-01,2012-12-31
2397755,GHED_GGHE-DGDP_SHA2011,REGION,SEAR,,,YEAR,2012,,,,,,,,,1.92,1.92336696,,,,2025-12-05T13:23:08Z,2012,2012-01-01,2012-12-31
2402472,GHED_GGHE-DGDP_SHA2011,COUNTRY,PHL,WPR,Western Pacific,YEAR,2011,,,,,,,,,1.06,1.06190181,,,,2025-12-05T13:23:08Z,2011,2011-01-01,2011-12-31
2404326,GHED_GGHE-DGDP_SHA2011,COUNTRY,AUT,EUR,Europe,YEAR,2020,,,,,,,,,8.71,8.71023846,,,,2025-12-05T13:23:08Z,2020,2020-01-01,2020-12-31
2406979,GHED_GGHE-DGDP_SHA2011,COUNTRY,TCD,AFR,Africa,YEAR,2005,,,,,,,,,1.10,1.10235167,,,,2025-12-05T13:23:08Z,2005,2005-01-01,2005-12-31
2409985,GHED_GGHE-DGDP_SHA2011,COUNTRY,CHN,WPR,Western Pacific,YEAR,2014,,,,,,,,,2.74,2.74482822,,,,2025-12-05T13:23:08Z,2014,2014-01-01,2014-12-31
2411549,GHED_GGHE-DGDP_SHA2011,COUNTRY,BIH,EUR,Europe,YEAR,2012,,,,,,,,,6.51,6.50727367,,,,2025-12-05T13:23:08Z,2012,2012-01-01,2012-12-31
2411731,GHED_GGHE-DGDP_SHA2011,COUNTRY,POL,EUR,Europe,YEAR,2006,,,,,,,,,3.99,3.98788857,,,,2025-12-05T13:23:08Z,2006,2006-01-01,2006-12-31
2413585,GHED_GGHE-DGDP_SHA2011,COUNTRY,AUS,WPR,Western Pacific,YEAR,2010,,,,,,,,,6.09,6.0919981,,,,2025-12-05T13:23:08Z,2010,2010-01-01,2010-12-31
2416349,GHED_GGHE-DGDP_SHA2011,COUNTRY,SEN,AFR,Africa,YEAR,2004,,,,,,,,,1.63,1.62704813,,,,2025-12-05T13:23:08Z,2004,2004-01-01,2004-12-31
2418878,GHED_GGHE-DGDP_SHA2011,COUNTRY,COD,AFR,Africa,YEAR,2008,,,,,,,,,0.25,0.25156215,,,,2025-12-05T13:23:08Z,2008,2008-01-01,2008-12-31
2419099,GHED_GGHE-DGDP_SHA2011,COUNTRY,QAT,EMR,Eastern Mediterranean,YEAR,2009,,,,,,,,,1.69,1.69266617,,,,2025-12-05T13:23:08Z,2009,2009-01-01,2009-12-31
2419101,GHED_GGHE-DGDP_SHA2011,COUNTRY,NZL,WPR,Western Pacific,YEAR,2000,,,,,,,,,5.56,5.56442356,,,,2025-12-05T13:23:08Z,2000,2000-01-01,2000-12-31
2419514,GHED_GGHE-DGDP_SHA2011,COUNTRY,SEN,AFR,Africa,YEAR,2000,,,,,,,,,1.25,1.25274444,,,,2025-12-05T13:23:08Z,2000,2000-01-01,2000-12-31
2422148,GHED_GGHE-DGDP_SHA2011,COUNTRY,SVN,EUR,Europe,YEAR,2003,,,,,,,,,5.88,5.88302135,,,,2025-12-05T13:23:08Z,2003,2003-01-01,2003-12-31
2426592,GHED_GGHE-DGDP_SHA2011,COUNTRY,IRL,EUR,Europe,YEAR,2000,,,,,,,,,4.57,4.57260036,,,,2025-12-05T13:23:08Z,2000,2000-01-01,2000-12-31
2426997,GHED_GGHE-DGDP_SHA2011,COUNTRY,TZA,AFR,Africa,YEAR,2007,,,,,,,,,1.94,1.94105673,,,,2025-12-05T13:23:08Z,2007,2007-01-01,2007-12-31
2430013,GHED_GGHE-DGDP_SHA2011,COUNTRY,LAO,WPR,Western Pacific,YEAR,2005,,,,,,,,,0.91,0.90671808,,,,2025-12-05T13:23:08Z,2005,2005-01-01,2005-12-31
2430992,GHED_GGHE-DGDP_SHA2011,COUNTRY,TLS,SEAR,South-East Asia,YEAR,2004,,,,,,,,,1.67,1.67137599,,,,2025-12-05T13:23:08Z,2004,2004-01-01,2004-12-31
2431439,GHED_GGHE-DGDP_SHA2011,COUNTRY,BLR,EUR,Europe,YEAR,2018,,,,,,,,,3.90,3.9000001,,,,2025-12-05T13:23:08Z,2018,2018-01-01,2018-12-31
2434146,GHED_GGHE-DGDP_SHA2011,COUNTRY,SLB,WPR,Western Pacific,YEAR,2017,,,,,,,,,3.10,3.09555912,,,,2025-12-05T13:23:08Z,2017,2017-01-01,2017-12-31
2436175,GHED_GGHE-DGDP_SHA2011,COUNTRY,WSM,WPR,Western Pacific,YEAR,2014,,,,,,,,,4.88,4.87775707,,,,2025-12-05T13:23:08Z,2014,2014-01-01,2014-12-31
2437073,GHED_GGHE-DGDP_SHA2011,COUNTRY,LKA,SEAR,South-East Asia,YEAR,2016,,,,,,,,,1.56,1.56008303,,,,2025-12-05T13:23:08Z,2016,2016-01-01,2016-12-31
2438883,GHED_GGHE-DGDP_SHA2011,COUNTRY,BGR,EUR,Europe,YEAR,2021,,,,,,,,,5.52,5.52486372,,,,2025-12-05T13:23:08Z,2021,2021-01-01,2021-12-31
2440243,GHED_GGHE-DGDP_SHA2011,COUNTRY,GTM,AMR,Americas,YEAR,2018,,,,,,,,,2.20,2.19892383,,,,2025-12-05T13:23:08Z,2018,2018-01-01,2018-12-31
2444067,GHED_GGHE-DGDP_SHA2011,COUNTRY,GUY,AMR,Americas,YEAR,2017,,,,,,,,,2.79,2.79179382,,,,2025-12-05T13:23:08Z,2017,2017-01-01,2017-12-31
2446326,GHED_GGHE-DGDP_SHA2011,COUNTRY,SEN,AFR,Africa,YEAR,2017,,,,,,,,,1.01,1.01061249,,,,2025-12-05T13:23:08Z,2017,2017-01-01,2017-12-31
2446645,GHED_GGHE-DGDP_SHA2011,COUNTRY,ZMB,AFR,Africa,YEAR,2012,,,,,,,,,1.54,1.54221773,,,,2025-12-05T13:23:08Z,2012,2012-01-01,2012-12-31
2446776,GHED_GGHE-DGDP_SHA2011,COUNTRY,KEN,AFR,Africa,YEAR,2007,,,,,,,,,1.27,1.27245092,,,,2025-12-05T13:23:08Z,2007,2007-01-01,2007-12-31
2447918,GHED_GGHE-DGDP_SHA2011,COUNTRY,ZWE,AFR,Africa,YEAR,2018,,,,,,,,,1.60,1.59526527,,,,2025-12-05T13:23:08Z,2018,2018-01-01,2018-12-31
2448063,GHED_GGHE-DGDP_SHA2011,COUNTRY,CPV,AFR,Africa,YEAR,2020,,,,,,,,,4.64,4.64176846,,,,2025-12-05T13:23:08Z,2020,2020-01-01,2020-12-31
2448825,GHED_GGHE-DGDP_SHA2011,COUNTRY,AUS,WPR,Western Pacific,YEAR,2001,,,,,,,,,5.46,5.45680571,,,,2025-12-05T13:23:08Z,2001,2001-01-01,2001-12-31
2453229,GHED_GGHE-DGDP_SHA2011,REGION,AFR,,,YEAR,2020,,,,,,,,,2.02,2.02475047,,,,2025-12-05T13:23:08Z,2020,2020-01-01,2020-12-31
2454842,GHED_GGHE-DGDP_SHA2011,COUNTRY,ERI,AFR,Africa,YEAR,2018,,,,,,,,,0.63,0.62541473,,,,2025-12-05T13:23:08Z,2018,2018-01-01,2018-12-31
2459264,GHED_GGHE-DGDP_SHA2011,COUNTRY,CHN,WPR,Western Pacific,YEAR,2008,,,,,,,,,1.71,1.70800281,,,,2025-12-05T13:23:08Z,2008,2008-01-01,2008-12-31
2462845,GHED_GGHE-DGDP_SHA2011,COUNTRY,ECU,AMR,Americas,YEAR,2010,,,,,,,,,2.99,2.98613954,,,,2025-12-05T13:23:08Z,2010,2010-01-01,2010-12-31
2468201,GHED_GGHE-DGDP_SHA2011,COUNTRY,USA,AMR,Americas,YEAR,2021,,,,,,,,,9.62,9.62210751,,,,2025-12-05T13:23:08Z,2021,2021-01-01,2021-12-31
2468807,GHED_GGHE-DGDP_SHA2011,COUNTRY,MWI,AFR,Africa,YEAR,2006,,,,,,,,,0.94,0.9437108,,,,2025-12-05T13:23:08Z,2006,2006-01-01,2006-12-31
2471373,GHED_GGHE-DGDP_SHA2011,COUNTRY,FIN,EUR,Europe,YEAR,2006,,,,,,,,,6.52,6.52460337,,,,2025-12-05T13:23:08Z,2006,2006-01-01,2006-12-31
2472106,GHED_GGHE-DGDP_SHA2011,COUNTRY,NRU,WPR,Western Pacific,YEAR,2008,,,,,,,,,12.60,12.60140991,,,,2025-12-05T13:23:08Z,2008,2008-01-01,2008-12-31
2472189,GHED_GGHE-DGDP_SHA2011,COUNTRY,DZA,AFR,Africa,YEAR,2008,,,,,,,,,2.87,2.86780095,,,,2025-12-05T13:23:08Z,2008,2008-01-01,2008-12-31
2474311,GHED_GGHE-DGDP_SHA2011,COUNTRY,CHN,WPR,Western Pacific,YEAR,2013,,,,,,,,,2.65,2.64646387,,,,2025-12-05T13:23:08Z,2013,2013-01-01,2013-12-31
2477100,GHED_GGHE-DGDP_SHA2011,COUNTRY,TON,WPR,Western Pacific,YEAR,2023,,,,,,,,,3.40,3.40475059,,,,2025-12-05T13:23:08Z,2023,2023-01-01,2023-12-31
2477721,GHED_GGHE-DGDP_SHA2011,COUNTRY,SDN,EMR,Eastern Mediterranean,YEAR,2015,,,,,,,,,0.82,0.82485694,,,,2025-12-05T13:23:08Z,2015,2015-01-01,2015-12-31
2479859,GHED_GGHE-DGDP_SHA2011,COUNTRY,MCO,EUR,Europe,YEAR,2004,,,,,,,,,3.67,3.67036533,,,,2025-12-05T13:23:08Z,2004,2004-01-01,2004-12-31
2488694,GHED_GGHE-DGDP_SHA2011,COUNTRY,DJI,EMR,Eastern Mediterranean,YEAR,2010,,,,,,,,,1.86,1.85621846,,,,2025-12-05T13:23:08Z,2010,2010-01-01,2010-12-31
2489513,GHED_GGHE-DGDP_SHA2011,COUNTRY,SVN,EUR,Europe,YEAR,2006,,,,,,,,,5.64,5.64411831,,,,2025-12-05T13:23:08Z,2006,2006-01-01,2006-12-31
2490561,GHED_GGHE-DGDP_SHA2011,COUNTRY,MCO,EUR,Europe,YEAR,2013,,,,,,,,,3.71,3.70988655,,,,2025-12-05T13:23:08Z,2013,2013-01-01,2013-12-31
2490804,GHED_GGHE-DGDP_SHA2011,COUNTRY,IRQ,EMR,Eastern Mediterranean,YEAR,2006,,,,,,,,,1.53,1.53326082,,,,2025-12-05T13:23:08Z,2006,2006-01-01,2006-12-31
2492770,GHED_GGHE-DGDP_SHA2011,COUNTRY,MNG,WPR,Western Pacific,YEAR,2001,,,,,,,,,3.89,3.88835406,,,,2025-12-05T13:23:08Z,2001,2001-01-01,2001-12-31
2493679,GHED_GGHE-DGDP_SHA2011,COUNTRY,NOR,EUR,Europe,YEAR,2002,,,,,,,,,7.45,7.44528151,,,,2025-12-05T13:23:08Z,2002,2002-01-01,2002-12-31
2496209,GHED_GGHE-DGDP_SHA2011,COUNTRY,SYR,EMR,Eastern Mediterranean,YEAR,2020,,,,,,,,,1.49,1.4915427,,,,2025-12-05T13:23:08Z,2020,2020-01-01,2020-12-31
2497866,GHED_GGHE-DGDP_SHA2011,COUNTRY,NPL,SEAR,South-East Asia,YEAR,2004,,,,,,,,,0.65,0.64692318,,,,2025-12-05T13:23:08Z,2004,2004-01-01,2004-12-31
2499612,GHED_GGHE-DGDP_SHA2011,COUNTRY,SDN,EMR,Eastern Mediterranean,YEAR,2017,,,,,,,,,1.07,1.06663251,,,,2025-12-05T13:23:08Z,2017,2017-01-01,2017-12-31
2503845,GHED_GGHE-DGDP_SHA2011,COUNTRY,NZL,WPR,Western Pacific,YEAR,2008,,,,,,,,,6.74,6.73836803,,,,2025-12-05T13:23:08Z,2008,2008-01-01,2008-12-31
2506194,GHED_GGHE-DGDP_SHA2011,COUNTRY,IND,SEAR,South-East Asia,YEAR,2013,,,,,,,,,0.87,0.86504197,,,,2025-12-05T13:23:08Z,2013,2013-01-01,2013-12-31
2509034,GHED_GGHE-DGDP_SHA2011,COUNTRY,MLT,EUR,Europe,YEAR,2013,,,,,,,,,5.61,5.6092701,,,,2025-12-05T13:23:08Z,2013,2013-01-01,2013-12-31
2513033,GHED_GGHE-DGDP_SHA2011,COUNTRY,SWZ,AFR,Africa,YEAR,2009,,,,,,,,,4.46,4.46149063,,,,2025-12-05T13:23:08Z,2009,2009-01-01,2009-12-31
2514647,GHED_GGHE-DGDP_SHA2011,COUNTRY,TGO,AFR,Africa,YEAR,2020,,,,,,,,,0.91,0.91246384,,,,2025-12-05T13:23:08Z,2020,2020-01-01,2020-12-31
2514840,GHED_GGHE-DGDP_SHA2011,COUNTRY,LAO,WPR,Western Pacific,YEAR,2006,,,,,,,,,0.64,0.64221585,,,,2025-12-05T13:23:08Z,2006,2006-01-01,2006-12-31
2520393,GHED_GGHE-DGDP_SHA2011,COUNTRY,GRD,AMR,Americas,YEAR,2009,,,,,,,,,2.17,2.17009425,,,,2025-12-05T13:23:08Z,2009,2009-01-01,2009-12-31
2520833,GHED_GGHE-DGDP_SHA2011,COUNTRY,FIN,EUR,Europe,YEAR,2020,,,,,,,,,7.89,7.88914347,,,,2025-12-05T13:23:08Z,2020,2020-01-01,2020-12-31
2521804,GHED_GGHE-DGDP_SHA2011,COUNTRY,LTU,EUR,Europe,YEAR,2010,,,,,,,,,4.91,4.90936899,,,,2025-12-05T13:23:08Z,2010,2010-01-01,2010-12-31
2522325,GHED_GGHE-DGDP_SHA2011,COUNTRY,TLS,SEAR,South-East Asia,YEAR,2013,,,,,,,,,4.45,4.44555855,,,,2025-12-05T13:23:08Z,2013,2013-01-01,2013-12-31
2522703,GHED_GGHE-DGDP_SHA2011,COUNTRY,DJI,EMR,Eastern Mediterranean,YEAR,2017,,,,,,,,,1.15,1.1462568,,,,2025-12-05T13:23:08Z,2017,2017-01-01,2017-12-31
2522915,GHED_GGHE-DGDP_SHA2011,COUNTRY,BHR,EMR,Eastern Mediterranean,YEAR,2011,,,,,,,,,2.43,2.42909908,,,,2025-12-05T13:23:08Z,2011,2011-01-01,2011-12-31
2525661,GHED_GGHE-DGDP_SHA2011,COUNTRY,PSE,EMR,Eastern Mediterranean,YEAR,2008,,,,,,,,,3.67,3.67211366,,,,2025-12-05T13:23:08Z,2008,2008-01-01,2008-12-31
2529722,GHED_GGHE-DGDP_SHA2011,COUNTRY,ITA,EUR,Europe,YEAR,2019,,,,,,,,,6.31,6.31018782,,,,2025-12-05T13:23:08Z,2019,2019-01-01,2019-12-31
2530135,GHED_GGHE-DGDP_SHA2011,COUNTRY,UGA,AFR,Africa,YEAR,2008,,,,,,,,,0.94,0.93871653,,,,2025-12-05T13:23:08Z,2008,2008-01-01,2008-12-31
2531634,GHED_GGHE-DGDP_SHA2011,COUNTRY,TGO,AFR,Africa,YEAR,2018,,,,,,,,,1.03,1.03169048,,,,2025-12-05T13:23:08Z,2018,2018-01-01,2018-12-31
2532342,GHED_GGHE-DGDP_SHA2011,COUNTRY,MYS,WPR,Western Pacific,YEAR,2023,,,,,,,,,1.98,1.97993755,,,,2025-12-05T13:23:08Z,2023,2023-01-01,2023-12-31
2534845,GHED_GGHE-DGDP_SHA2011,COUNTRY,GRD,AMR,Americas,YEAR,2006,,,,,,,,,2.04,2.04412723,,,,2025-12-05T13:23:08Z,2006,2006-01-01,2006-12-31
2535844,GHED_GGHE-DGDP_SHA2011,COUNTRY,KHM,WPR,Western Pacific,YEAR,2013,,,,,,,,,1.12,1.11564887,,,,2025-12-05T13:23:08Z,2013,2013-01-01,2013-12-31
2538492,GHED_GGHE-DGDP_SHA2011,COUNTRY,SRB,EUR,Europe,YEAR,2009,,,,,,,,,5.54,5.54193211,,,,2025-12-05T13:23:08Z,2009,2009-01-01,2009-12-31
2538911,GHED_GGHE-DGDP_SHA2011,COUNTRY,HRV,EUR,Europe,YEAR,2000,,,,,,,,,6.51,6.50514507,,,,2025-12-05T13:23:08Z,2000,2000-01-01,2000-12-31
2544063,GHED_GGHE-DGDP_SHA2011,COUNTRY,PNG,WPR,Western Pacific,YEAR,2002,,,,,,,,,1.76,1.76445663,,,,2025-12-05T13:23:08Z,2002,2002-01-01,2002-12-31
2544703,GHED_GGHE-DGDP_SHA2011,COUNTRY,ARM,EUR,Europe,YEAR,2003,,,,,,,,,1.21,1.20635736,,,,2025-12-05T13:23:08Z,2003,2003-01-01,2003-12-31
2547791,GHED_GGHE-DGDP_SHA2011,COUNTRY,IRL,EUR,Europe,YEAR,2007,,,,,,,,,6.19,6.18633509,,,,2025-12-05T13:23:08Z,2007,2007-01-01,2007-12-31
2548002,GHED_GGHE-DGDP_SHA2011,COUNTRY,TUN,EMR,Eastern Mediterranean,YEAR,2006,,,,,,,,,2.68,2.68162847,,,,2025-12-05T13:23:08Z,2006,2006-01-01,2006-12-31
2548305,GHED_GGHE-DGDP_SHA2011,COUNTRY,CIV,AFR,Africa,YEAR,2021,,,,,,,,,1.59,1.59011114,,,,2025-12-05T13:23:08Z,2021,2021-01-01,2021-12-31
2553605,GHED_GGHE-DGDP_SHA2011,COUNTRY,BOL,AMR,Americas,YEAR,2006,,,,,,,,,2.61,2.61106277,,,,2025-12-05T13:23:08Z,2006,2006-01-01,2006-12-31
2556962,GHED_GGHE-DGDP_SHA2011,COUNTRY,NZL,WPR,Western Pacific,YEAR,2010,,,,,,,,,7.10,7.0972805,,,,2025-12-05T13:23:08Z,2010,2010-01-01,2010-12-31
2567029,GHED_GGHE-DGDP_SHA2011,COUNTRY,MLI,AFR,Africa,YEAR,2001,,,,,,,,,1.05,1.05405474,,,,2025-12-05T13:23:08Z,2001,2001-01-01,2001-12-31
2567601,GHED_GGHE-DGDP_SHA2011,COUNTRY,CHN,WPR,Western Pacific,YEAR,2007,,,,,,,,,1.41,1.41172099,,,,2025-12-05T13:23:08Z,2007,2007-01-01,2007-12-31
2568066,GHED_GGHE-DGDP_SHA2011,COUNTRY,COD,AFR,Africa,YEAR,2002,,,,,,,,,0.10,0.10429236,,,,2025-12-05T13:23:08Z,2002,2002-01-01,2002-12-31
2568917,GHED_GGHE-DGDP_SHA2011,REGION,AFR,,,YEAR,2002,,,,,,,,,1.51,1.50509248,,,,2025-12-05T13:23:08Z,2002,2002-01-01,2002-12-31
2572973,GHED_GGHE-DGDP_SHA2011,COUNTRY,PER,AMR,Americas,YEAR,2006,,,,,,,,,2.22,2.21617079,,,,2025-12-05T13:23:08Z,2006,2006-01-01,2006-12-31
2573285,GHED_GGHE-DGDP_SHA2011,COUNTRY,ERI,AFR,Africa,YEAR,2019,,,,,,,,,0.74,0.74166143,,,,2025-12-05T13:23:08Z,2019,2019-01-01,2019-12-31
2573652,GHED_GGHE-DGDP_SHA2011,REGION,AMR,,,YEAR,2005,,,,,,,,,2.95,2.94713293,,,,2025-12-05T13:23:08Z,2005,2005-01-01,2005-12-31
2574341,GHED_GGHE-DGDP_SHA2011,COUNTRY,QAT,EMR,Eastern Mediterranean,YEAR,2014,,,,,,,,,2.10,2.10174274,,,,2025-12-05T13:23:08Z,2014,2014-01-01,2014-12-31
2575125,GHED_GGHE-DGDP_SHA2011,COUNTRY,COG,AFR,Africa,YEAR,2021,,,,,,,,,1.72,1.72020531,,,,2025-12-05T13:23:08Z,2021,2021-01-01,2021-12-31
2578466,GHED_GGHE-DGDP_SHA2011,COUNTRY,ISR,EUR,Europe,YEAR,2006,,,,,,,,,4.18,4.17553473,,,,2025-12-05T13:23:08Z,2006,2006-01-01,2006-12-31
2579341,GHED_GGHE-DGDP_SHA2011,COUNTRY,BGD,SEAR,South-East Asia,YEAR,2015,,,,,,,,,0.39,0.38844827,,,,2025-12-05T13:23:08Z,2015,2015-01-01,2015-12-31
2579730,GHED_GGHE-DGDP_SHA2011,COUNTRY,WSM,WPR,Western Pacific,YEAR,2002,,,,,,,,,3.42,3.41633463,,,,2025-12-05T13:23:08Z,2002,2002-01-01,2002-12-31
2584606,GHED_GGHE-DGDP_SHA2011,COUNTRY,FIN,EUR,Europe,YEAR,2022,,,,,,,,,7.96,7.96152925,,,,2025-12-05T13:23:08Z,2022,2022-01-01,2022-12-31
2589000,GHED_GGHE-DGDP_SHA2011,COUNTRY,CAN,AMR,Americas,YEAR,2005,,,,,,,,,6.60,6.59897947,,,,2025-12-05T13:23:08Z,2005,2005-01-01,2005-12-31
2589354,GHED_GGHE-DGDP_SHA2011,COUNTRY,IND,SEAR,South-East Asia,YEAR,2008,,,,,,,,,0.81,0.8119961,,,,2025-12-05T13:23:08Z,2008,2008-01-01,2008-12-31
2592482,GHED_GGHE-DGDP_SHA2011,COUNTRY,SOM,EMR,Eastern Mediterranean,YEAR,2021,,,,,,,,,0.35,0.34554738,,,,2025-12-05T13:23:08Z,2021,2021-01-01,2021-12-31
2592499,GHED_GGHE-DGDP_SHA2011,COUNTRY,YEM,EMR,Eastern Mediterranean,YEAR,2017,,,,,,,,,0.31,0.30786535,,,,2025-12-05T13:23:08Z,2017,2017-01-01,2017-12-31
2597454,GHED_GGHE-DGDP_SHA2011,COUNTRY,NZL,WPR,Western Pacific,YEAR,2021,,,,,,,,,7.11,7.10585737,,,,2025-12-05T13:23:08Z,2021,2021-01-01,2021-12-31
2597604,GHED_GGHE-DGDP_SHA2011,COUNTRY,GBR,EUR,Europe,YEAR,2018,,,,,,,,,7.78,7.78175926,,,,2025-12-05T13:23:08Z,2018,2018-01-01,2018-12-31
2600216,GHED_GGHE-DGDP_SHA2011,GLOBAL,GLOBAL,,,YEAR,2003,,,,,,,,,3.04,3.03669516,,,,2025-12-05T13:23:08Z,2003,2003-01-01,2003-12-31
2600217,GHED_GGHE-DGDP_SHA2011,COUNTRY,ITA,EUR,Europe,YEAR,2008,,,,,,,,,6.60,6.60362339,,,,2025-12-05T13:23:08Z,2008,2008-01-01,2008-12-31
2600620,GHED_GGHE-DGDP_SHA2011,COUNTRY,GAB,AFR,Africa,YEAR,2012,,,,,,,,,1.48,1.48285842,,,,2025-12-05T13:23:08Z,2012,2012-01-01,2012-12-31
2606229,GHED_GGHE-DGDP_SHA2011,COUNTRY,PLW,WPR,Western Pacific,YEAR,2018,,,,,,,,,6.06,6.05926895,,,,2025-12-05T13:23:08Z,2018,2018-01-01,2018-12-31
2607271,GHED_GGHE-DGDP_SHA2011,COUNTRY,BLR,EUR,Europe,YEAR,2012,,,,,,,,,3.44,3.44369793,,,,2025-12-05T13:23:08Z,2012,2012-01-01,2012-12-31
2607378,GHED_GGHE-DGDP_SHA2011,COUNTRY,COG,AFR,Africa,YEAR,2020,,,,,,,,,1.73,1.73444974,,,,2025-12-05T13:23:08Z,2020,2020-01-01,2020-12-31
2609699,GHED_GGHE-DGDP_SHA2011,COUNTRY,ZMB,AFR,Africa,YEAR,2020,,,,,,,,,3.59,3.59365153,,,,2025-12-05T13:23:08Z,2020,2020-01-01,2020-12-31
2612028,GHED_GGHE-DGDP_SHA2011,REGION,SEAR,,,YEAR,2011,,,,,,,,,1.80,1.79593561,,,,2025-12-05T13:23:08Z,2011,2011-01-01,2011-12-31
2612919,GHED_GGHE-DGDP_SHA2011,COUNTRY,GIN,AFR,Africa,YEAR,2001,,,,,,,,,0.37,0.37107071,,,,2025-12-05T13:23:08Z,2001,2001-01-01,2001-12-31
2613728,GHED_GGHE-DGDP_SHA2011,COUNTRY,GUY,AMR,Americas,YEAR,2008,,,,,,,,,1.69,1.69491982,,,,2025-12-05T13:23:08Z,2008,2008-01-01,2008-12-31
2616129,GHED_GGHE-DGDP_SHA2011,COUNTRY,BOL,AMR,Americas,YEAR,2017,,,,,,,,,4.45,4.44758177,,,,2025-12-05T13:23:08Z,2017,2017-01-01,2017-12-31
2618088,GHED_GGHE-DGDP_SHA2011,COUNTRY,BEL,EUR,Europe,YEAR,2023,,,,,,,,,7.96,7.95761585,,,,2025-12-05T13:23:08Z,2023,2023-01-01,2023-12-31
2618094,GHED_GGHE-DGDP_SHA2011,COUNTRY,ISR,EUR,Europe,YEAR,2003,,,,,,,,,4.28,4.2819376,,,,2025-12-05T13:23:08Z,2003,2003-01-01,2003-12-31
2618197,GHED_GGHE-DGDP_SHA2011,COUNTRY,GMB,AFR,Africa,YEAR,2022,,,,,,,,,1.54,1.54287362,,,,2025-12-05T13:23:08Z,2022,2022-01-01,2022-12-31
2619650,GHED_GGHE-DGDP_SHA2011,COUNTRY,ETH,AFR,Africa,YEAR,2021,,,,,,,,,0.98,0.97926205,,,,2025-12-05T13:23:08Z,2021,2021-01-01,2021-12-31
2622251,GHED_GGHE-DGDP_SHA2011,COUNTRY,PER,AMR,Americas,YEAR,2011,,,,,,,,,2.30,2.30443978,,,,2025-12-05T13:23:08Z,2011,2011-01-01,2011-12-31
2622454,GHED_GGHE-DGDP_SHA2011,COUNTRY,MDA,EUR,Europe,YEAR,2010,,,,,,,,,4.65,4.64634132,,,,2025-12-05T13:23:08Z,2010,2010-01-01,2010-12-31
2623712,GHED_GGHE-DGDP_SHA2011,COUNTRY,GEO,EUR,Europe,YEAR,2017,,,,,,,,,2.59,2.58998537,,,,2025-12-05T13:23:08Z,2017,2017-01-01,2017-12-31
2629834,GHED_GGHE-DGDP_SHA2011,COUNTRY,SLE,AFR,Africa,YEAR,2006,,,,,,,,,0.54,0.54349309,,,,2025-12-05T13:23:08Z,2006,2006-01-01,2006-12-31
2630148,GHED_GGHE-DGDP_SHA2011,COUNTRY,MKD,EUR,Europe,YEAR,2014,,,,,,,,,4.02,4.01871777,,,,2025-12-05T13:23:08Z,2014,2014-01-01,2014-12-31
2630536,GHED_GGHE-DGDP_SHA2011,COUNTRY,CYP,EUR,Europe,YEAR,2008,,,,,,,,,2.50,2.50267649,,,,2025-12-05T13:23:08Z,2008,2008-01-01,2008-12-31
2631395,GHED_GGHE-DGDP_SHA2011,COUNTRY,ARG,AMR,Americas,YEAR,2009,,,,,,,,,5.75,5.74631262,,,,2025-12-05T13:23:08Z,2009,2009-01-01,2009-12-31
2631464,GHED_GGHE-DGDP_SHA2011,COUNTRY,BGR,EUR,Europe,YEAR,2005,,,,,,,,,4.10,4.10456991,,,,2025-12-05T13:23:08Z,2005,2005-01-01,2005-12-31
2632444,GHED_GGHE-DGDP_SHA2011,COUNTRY,BRB,AMR,Americas,YEAR,2001,,,,,,,,,2.72,2.71995711,,,,2025-12-05T13:23:08Z,2001,2001-01-01,2001-12-31
2635441,GHED_GGHE-DGDP_SHA2011,COUNTRY,VCT,AMR,Americas,YEAR,2001,,,,,,,,,2.74,2.74391198,,,,2025-12-05T13:23:08Z,2001,2001-01-01,2001-12-31
2637342,GHED_GGHE-DGDP_SHA2011,COUNTRY,NZL,WPR,Western Pacific,YEAR,2012,,,,,,,,,7.23,7.22888708,,,,2025-12-05T13:23:08Z,2012,2012-01-01,2012-12-31
2638102,GHED_GGHE-DGDP_SHA2011,COUNTRY,BGD,SEAR,South-East Asia,YEAR,2011,,,,,,,,,0.48,0.4823136,,,,2025-12-05T13:23:08Z,2011,2011-01-01,2011-12-31
2638964,GHED_GGHE-DGDP_SHA2011,COUNTRY,CPV,AFR,Africa,YEAR,2010,,,,,,,,,2.58,2.58053112,,,,2025-12-05T13:23:08Z,2010,2010-01-01,2010-12-31
2642570,GHED_GGHE-DGDP_SHA2011,COUNTRY,HND,AMR,Americas,YEAR,2009,,,,,,,,,3.97,3.96730256,,,,2025-12-05T13:23:08Z,2009,2009-01-01,2009-12-31
2644755,GHED_GGHE-DGDP_SHA2011,COUNTRY,MCO,EUR,Europe,YEAR,2014,,,,,,,,,3.60,3.59680939,,,,2025-12-05T13:23:08Z,2014,2014-01-01,2014-12-31
2647370,GHED_GGHE-DGDP_SHA2011,COUNTRY,LTU,EUR,Europe,YEAR,2006,,,,,,,,,3.66,3.65662551,,,,2025-12-05T13:23:08Z,2006,2006-01-01,2006-12-31
2647907,GHED_GGHE-DGDP_SHA2011,COUNTRY,BEN,AFR,Africa,YEAR,2008,,,,,,,,,0.74,0.74250972,,,,2025-12-05T13:23:08Z,2008,2008-01-01,2008-12-31
2650927,GHED_GGHE-DGDP_SHA2011,COUNTRY,BWA,AFR,Africa,YEAR,2002,,,,,,,,,3.76,3.76324773,,,,2025-12-05T13:23:08Z,2002,2002-01-01,2002-12-31
2651310,GHED_GGHE-DGDP_SHA2011,REGION,SEAR,,,YEAR,2002,,,,,,,,,1.54,1.53609081,,,,2025-12-05T13:23:08Z,2002,2002-01-01,2002-12-31
2653580,GHED_GGHE-DGDP_SHA2011,COUNTRY,SMR,EUR,Europe,YEAR,2000,,,,,,,,,4.31,4.30573463,,,,2025-12-05T13:23:08Z,2000,2000-01-01,2000-12-31
2656639,GHED_GGHE-DGDP_SHA2011,COUNTRY,CIV,AFR,Africa,YEAR,2005,,,,,,,,,0.53,0.52909023,,,,2025-12-05T13:23:08Z,2005,2005-01-01,2005-12-31
2658715,GHED_GGHE-DGDP_SHA2011,COUNTRY,ARG,AMR,Americas,YEAR,2012,,,,,,,,,6.14,6.14357281,,,,2025-12-05T13:23:08Z,2012,2012-01-01,2012-12-31
2659506,GHED_GGHE-DGDP_SHA2011,COUNTRY,USA,AMR,Americas,YEAR,2003,,,,,,,,,6.52,6.52382708,,,,2025-12-05T13:23:08Z,2003,2003-01-01,2003-12-31
2660806,GHED_GGHE-DGDP_SHA2011,COUNTRY,MLT,EUR,Europe,YEAR,2001,,,,,,,,,4.83,4.82706928,,,,2025-12-05T13:23:08Z,2001,2001-01-01,2001-12-31
2662773,GHED_GGHE-DGDP_SHA2011,COUNTRY,VUT,WPR,Western Pacific,YEAR,2018,,,,,,,,,2.14,2.14049673,,,,2025-12-05T13:23:08Z,2018,2018-01-01,2018-12-31
2663533,GHED_GGHE-DGDP_SHA2011,COUNTRY,AUT,EUR,Europe,YEAR,2012,,,,,,,,,7.49,7.49027205,,,,2025-12-05T13:23:08Z,2012,2012-01-01,2012-12-31
2665249,GHED_GGHE-DGDP_SHA2011,COUNTRY,BDI,AFR,Africa,YEAR,2008,,,,,,,,,1.56,1.5591383,,,,2025-12-05T13:23:08Z,2008,2008-01-01,2008-12-31
2668956,GHED_GGHE-DGDP_SHA2011,COUNTRY,NER,AFR,Africa,YEAR,2000,,,,,,,,,1.13,1.12999868,,,,2025-12-05T13:23:08Z,2000,2000-01-01,2000-12-31
2672445,GHED_GGHE-DGDP_SHA2011,COUNTRY,SYR,EMR,Eastern Mediterranean,YEAR,2010,,,,,,,,,1.45,1.44551027,,,,2025-12-05T13:23:08Z,2010,2010-01-01,2010-12-31
2673001,GHED_GGHE-DGDP_SHA2011,COUNTRY,KWT,EMR,Eastern Mediterranean,YEAR,2002,,,,,,,,,2.40,2.39965487,,,,2025-12-05T13:23:08Z,2002,2002-01-01,2002-12-31
2673819,GHED_GGHE-DGDP_SHA2011,REGION,EMR,,,YEAR,2006,,,,,,,,,1.92,1.91989445,,,,2025-12-05T13:23:08Z,2006,2006-01-01,2006-12-31
2675968,GHED_GGHE-DGDP_SHA2011,REGION,WPR,,,YEAR,2016,,,,,,,,,4.09,4.09427804,,,,2025-12-05T13:23:08Z,2016,2016-01-01,2016-12-31
2678864,GHED_GGHE-DGDP_SHA2011,COUNTRY,CMR,AFR,Africa,YEAR,2023,,,,,,,,,0.67,0.66923392,,,,2025-12-05T13:23:08Z,2023,2023-01-01,2023-12-31
2682683,GHED_GGHE-DGDP_SHA2011,COUNTRY,MMR,SEAR,South-East Asia,YEAR,2015,,,,,,,,,1.14,1.1429708,,,,2025-12-05T13:23:08Z,2015,2015-01-01,2015-12-31
2684369,GHED_GGHE-DGDP_SHA2011,COUNTRY,CAF,AFR,Africa,YEAR,2018,,,,,,,,,0.69,0.68853283,,,,2025-12-05T13:23:08Z,2018,2018-01-01,2018-12-31
2690717,GHED_GGHE-DGDP_SHA2011,COUNTRY,ZWE,AFR,Africa,YEAR,2015,,,,,,,,,1.55,1.55136275,,,,2025-12-05T13:23:08Z,2015,2015-01-01,2015-12-31
2697973,GHED_GGHE-DGDP_SHA2011,COUNTRY,RWA,AFR,Africa,YEAR,2015,,,,,,,,,2.10,2.10472178,,,,2025-12-05T13:23:08Z,2015,2015-01-01,2015-12-31
2699191,GHED_GGHE-DGDP_SHA2011,COUNTRY,HTI,AMR,Americas,YEAR,2011,,,,,,,,,0.42,0.42167202,,,,2025-12-05T13:23:08Z,2011,2011-01-01,2011-12-31
2699965,GHED_GGHE-DGDP_SHA2011,COUNTRY,ERI,AFR,Africa,YEAR,2020,,,,,,,,,0.84,0.84150839,,,,2025-12-05T13:23:08Z,2020,2020-01-01,2020-12-31
2704085,GHED_GGHE-DGDP_SHA2011,COUNTRY,MOZ,AFR,Africa,YEAR,2011,,,,,,,,,1.26,1.25546241,,,,2025-12-05T13:23:08Z,2011,2011-01-01,2011-12-31
2707084,GHED_GGHE-DGDP_SHA2011,COUNTRY,MEX,AMR,Americas,YEAR,2018,,,,,,,,,2.60,2.59963799,,,,2025-12-05T13:23:08Z,2018,2018-01-01,2018-12-31
2708348,GHED_GGHE-DGDP_SHA2011,COUNTRY,GNB,AFR,Africa,YEAR,2017,,,,,,,,,0.50,0.49838862,,,,2025-12-05T13:23:08Z,2017,2017-01-01,2017-12-31
2709704,GHED_GGHE-DGDP_SHA2011,COUNTRY,VCT,AMR,Americas,YEAR,2006,,,,,,,,,2.17,2.17451024,,,,2025-12-05T13:23:08Z,2006,2006-01-01,2006-12-31
2711280,GHED_GGHE-DGDP_SHA2011,COUNTRY,MYS,WPR,Western Pacific,YEAR,2018,,,,,,,,,1.93,1.92697287,,,,2025-12-05T13:23:08Z,2018,2018-01-01,2018-12-31
2712552,GHED_GGHE-DGDP_SHA2011,COUNTRY,BGR,EUR,Europe,YEAR,2007,,,,,,,,,3.43,3.43214798,,,,2025-12-05T13:23:08Z,2007,2007-01-01,2007-12-31
2712956,GHED_GGHE-DGDP_SHA2011,GLOBAL,GLOBAL,,,YEAR,2006,,,,,,,,,3.15,3.1543547,,,,2025-12-05T13:23:08Z,2006,2006-01-01,2006-12-31
2716974,GHED_GGHE-DGDP_SHA2011,GLOBAL,GLOBAL,,,YEAR,2010,,,,,,,,,3.29,3.28605118,,,,2025-12-05T13:23:08Z,2010,2010-01-01,2010-12-31
2718027,GHED_GGHE-DGDP_SHA2011,COUNTRY,LUX,EUR,Europe,YEAR,2015,,,,,,,,,4.29,4.29385996,,,,2025-12-05T13:23:08Z,2015,2015-01-01,2015-12-31
2718597,GHED_GGHE-DGDP_SHA2011,COUNTRY,JOR,EMR,Eastern Mediterranean,YEAR,2021,,,,,,,,,3.33,3.33083987,,,,2025-12-05T13:23:08Z,2021,2021-01-01,2021-12-31
2718784,GHED_GGHE-DGDP_SHA2011,COUNTRY,BOL,AMR,Americas,YEAR,2012,,,,,,,,,3.00,2.9963541,,,,2025-12-05T13:23:08Z,2012,2012-01-01,2012-12-31
2720873,GHED_GGHE-DGDP_SHA2011,COUNTRY,LSO,AFR,Africa,YEAR,2021,,,,,,,,,4.38,4.38429165,,,,2025-12-05T13:23:08Z,2021,2021-01-01,2021-12-31
2722032,GHED_GGHE-DGDP_SHA2011,COUNTRY,SWZ,AFR,Africa,YEAR,2008,,,,,,,,,4.45,4.45391893,,,,2025-12-05T13:23:08Z,2008,2008-01-01,2008-12-31
2723794,GHED_GGHE-DGDP_SHA2011,COUNTRY,MRT,AFR,Africa,YEAR,2000,,,,,,,,,0.47,0.46969447,,,,2025-12-05T13:23:08Z,2000,2000-01-01,2000-12-31
2725236,GHED_GGHE-DGDP_SHA2011,COUNTRY,SVK,EUR,Europe,YEAR,2008,,,,,,,,,5.20,5.20061636,,,,2025-12-05T13:23:08Z,2008,2008-01-01,2008-12-31
2727877,GHED_GGHE-DGDP_SHA2011,COUNTRY,CUB,AMR,Americas,YEAR,2017,,,,,,,,,10.24,10.2355442,,,,2025-12-05T13:23:08Z,2017,2017-01-01,2017-12-31
2728000,GHED_GGHE-DGDP_SHA2011,GLOBAL,GLOBAL,,,YEAR,2016,,,,,,,,,3.49,3.49148871,,,,2025-12-05T13:23:08Z,2016,2016-01-01,2016-12-31
2728364,GHED_GGHE-DGDP_SHA2011,COUNTRY,GHA,AFR,Africa,YEAR,2019,,,,,,,,,1.97,1.9720608,,,,2025-12-05T13:23:08Z,2019,2019-01-01,2019-12-31
2729245,GHED_GGHE-DGDP_SHA2011,COUNTRY,BRN,WPR,Western Pacific,YEAR,2016,,,,,,,,,2.42,2.42138696,,,,2025-12-05T13:23:08Z,2016,2016-01-01,2016-12-31
2730611,GHED_GGHE-DGDP_SHA2011,COUNTRY,CAN,AMR,Americas,YEAR,2014,,,,,,,,,7.28,7.27883959,,,,2025-12-05T13:23:08Z,2014,2014-01-01,2014-12-31
2730617,GHED_GGHE-DGDP_SHA2011,COUNTRY,ATG,AMR,Americas,YEAR,2000,,,,,,,,,2.50,2.50122428,,,,2025-12-05T13:23:08Z,2000,2000-01-01,2000-12-31
2732005,GHED_GGHE-DGDP_SHA2011,COUNTRY,CAF,AFR,Africa,YEAR,2020,,,,,,,,,1.22,1.22141719,,,,2025-12-05T13:23:08Z,2020,2020-01-01,2020-12-31
2736237,GHED_GGHE-DGDP_SHA2011,COUNTRY,NLD,EUR,Europe,YEAR,2022,,,,,,,,,6.79,6.7939868,,,,2025-12-05T13:23:08Z,2022,2022-01-01,2022-12-31
2740106,GHED_GGHE-DGDP_SHA2011,COUNTRY,KNA,AMR,Americas,YEAR,2011,,,,,,,,,1.92,1.91958332,,,,2025-12-05T13:23:08Z,2011,2011-01-01,2011-12-31
2742229,GHED_GGHE-DGDP_SHA2011,COUNTRY,TZA,AFR,Africa,YEAR,2014,,,,,,,,,1.20,1.19945395,,,,2025-12-05T13:23:08Z,2014,2014-01-01,2014-12-31
2742608,GHED_GGHE-DGDP_SHA2011,COUNTRY,SLE,AFR,Africa,YEAR,2008,,,,,,,,,0.46,0.45621169,,,,2025-12-05T13:23:08Z,2008,2008-01-01,2008-12-31
2748556,GHED_GGHE-DGDP_SHA2011,COUNTRY,ALB,EUR,Europe,YEAR,2014,,,,,,,,,2.56,2.56312561,,,,2025-12-05T13:23:08Z,2014,2014-01-01,2014-12-31
2749025,GHED_GGHE-DGDP_SHA2011,COUNTRY,PER,AMR,Americas,YEAR,2014,,,,,,,,,2.94,2.93914938,,,,2025-12-05T13:23:08Z,2014,2014-01-01,2014-12-31
2749274,GHED_GGHE-DGDP_SHA2011,COUNTRY,CYP,EUR,Europe,YEAR,2022,,,,,,,,,6.32,6.32030439,,,,2025-12-05T13:23:08Z,2022,2022-01-01,2022-12-31
2749536,GHED_GGHE-DGDP_SHA2011,COUNTRY,GIN,AFR,Africa,YEAR,2023,,,,,,,,,0.81,0.80672276,,,,2025-12-05T13:23:08Z,2023,2023-01-01,2023-12-31
2750618,GHED_GGHE-DGDP_SHA2011,COUNTRY,MKD,EUR,Europe,YEAR,2006,,,,,,,,,4.22,4.21515989,,,,2025-12-05T13:23:08Z,2006,2006-01-01,2006-12-31
2755678,GHED_GGHE-DGDP_SHA2011,COUNTRY,PLW,WPR,Western Pacific,YEAR,2005,,,,,,,,,3.47,3.47357202,,,,2025-12-05T13:23:08Z,2005,2005-01-01,2005-12-31
2759502,GHED_GGHE-DGDP_SHA2011,COUNTRY,NIU,WPR,Western Pacific,YEAR,2017,,,,,,,,,5.43,5.43243742,,,,2025-12-05T13:23:08Z,2017,2017-01-01,2017-12-31
2760201,GHED_GGHE-DGDP_SHA2011,COUNTRY,UGA,AFR,Africa,YEAR,2004,,,,,,,,,1.37,1.36708832,,,,2025-12-05T13:23:08Z,2004,2004-01-01,2004-12-31
2760615,GHED_GGHE-DGDP_SHA2011,COUNTRY,SEN,AFR,Africa,YEAR,2012,,,,,,,,,1.22,1.21922708,,,,2025-12-05T13:23:08Z,2012,2012-01-01,2012-12-31
2762654,GHED_GGHE-DGDP_SHA2011,COUNTRY,CUB,AMR,Americas,YEAR,2021,,,,,,,,,12.63,12.62847614,,,,2025-12-05T13:23:08Z,2021,2021-01-01,2021-12-31
2763322,GHED_GGHE-DGDP_SHA2011,COUNTRY,BRB,AMR,Americas,YEAR,2005,,,,,,,,,3.52,3.51634121,,,,2025-12-05T13:23:08Z,2005,2005-01-01,2005-12-31
2766169,GHED_GGHE-DGDP_SHA2011,COUNTRY,KEN,AFR,Africa,YEAR,2013,,,,,,,,,1.66,1.66091359,,,,2025-12-05T13:23:08Z,2013,2013-01-01,2013-12-31
2766219,GHED_GGHE-DGDP_SHA2011,COUNTRY,NOR,EUR,Europe,YEAR,2023,,,,,,,,,8.12,8.11916542,,,,2025-12-05T13:23:08Z,2023,2023-01-01,2023-12-31
2769146,GHED_GGHE-DGDP_SHA2011,COUNTRY,DJI,EMR,Eastern Mediterranean,YEAR,2012,,,,,,,,,1.89,1.88866687,,,,2025-12-05T13:23:08Z,2012,2012-01-01,2012-12-31
2769241,GHED_GGHE-DGDP_SHA2011,COUNTRY,DOM,AMR,Americas,YEAR,2014,,,,,,,,,2.47,2.46697044,,,,2025-12-05T13:23:08Z,2014,2014-01-01,2014-12-31
2774637,GHED_GGHE-DGDP_SHA2011,COUNTRY,ETH,AFR,Africa,YEAR,2001,,,,,,,,,2.02,2.01543713,,,,2025-12-05T13:23:08Z,2001,2001-01-01,2001-12-31
2774972,GHED_GGHE-DGDP_SHA2011,COUNTRY,KIR,WPR,Western Pacific,YEAR,2008,,,,,,,,,10.08,10.07999992,,,,2025-12-05T13:23:08Z,2008,2008-01-01,2008-12-31
2777782,GHED_GGHE-DGDP_SHA2011,COUNTRY,DMA,AMR,Americas,YEAR,2005,,,,,,,,,2.79,2.79434443,,,,2025-12-05T13:23:08Z,2005,2005-01-01,2005-12-31
2781111,GHED_GGHE-DGDP_SHA2011,COUNTRY,ISR,EUR,Europe,YEAR,2017,,,,,,,,,4.58,4.58158922,,,,2025-12-05T13:23:08Z,2017,2017-01-01,2017-12-31
2783047,GHED_GGHE-DGDP_SHA2011,COUNTRY,PLW,WPR,Western Pacific,YEAR,2009,,,,,,,,,4.00,3.99591303,,,,2025-12-05T13:23:08Z,2009,2009-01-01,2009-12-31
2784899,GHED_GGHE-DGDP_SHA2011,COUNTRY,VEN,AMR,Americas,YEAR,2020,,,,,,,,,1.53,1.53484893,,,,2025-12-05T13:23:08Z,2020,2020-01-01,2020-12-31
2784976,GHED_GGHE-DGDP_SHA2011,COUNTRY,IND,SEAR,South-East Asia,YEAR,2001,,,,,,,,,0.82,0.81879407,,,,2025-12-05T13:23:08Z,2001,2001-01-01,2001-12-31
2785699,GHED_GGHE-DGDP_SHA2011,COUNTRY,SUR,AMR,Americas,YEAR,2021,,,,,,,,,3.27,3.27092934,,,,2025-12-05T13:23:08Z,2021,2021-01-01,2021-12-31
2787667,GHED_GGHE-DGDP_SHA2011,COUNTRY,GTM,AMR,Americas,YEAR,2007,,,,,,,,,1.98,1.97883451,,,,2025-12-05T13:23:08Z,2007,2007-01-01,2007-12-31
2788354,GHED_GGHE-DGDP_SHA2011,COUNTRY,TGO,AFR,Africa,YEAR,2014,,,,,,,,,1.00,0.99828738,,,,2025-12-05T13:23:08Z,2014,2014-01-01,2014-12-31
2794776,GHED_GGHE-DGDP_SHA2011,COUNTRY,KOR,WPR,Western Pacific,YEAR,2014,,,,,,,,,3.41,3.40634632,,,,2025-12-05T13:23:08Z,2014,2014-01-01,2014-12-31
2795788,GHED_GGHE-DGDP_SHA2011,COUNTRY,BOL,AMR,Americas,YEAR,2002,,,,,,,,,2.60,2.60214591,,,,2025-12-05T13:23:08Z,2002,2002-01-01,2002-12-31
2798680,GHED_GGHE-DGDP_SHA2011,COUNTRY,EGY,EMR,Eastern Mediterranean,YEAR,2017,,,,,,,,,1.66,1.65595341,,,,2025-12-05T13:23:08Z,2017,2017-01-01,2017-12-31
2799450,GHED_GGHE-DGDP_SHA2011,COUNTRY,NPL,SEAR,South-East Asia,YEAR,2009,,,,,,,,,0.80,0.7965219,,,,2025-12-05T13:23:08Z,2009,2009-01-01,2009-12-31
2800428,GHED_GGHE-DGDP_SHA2011,COUNTRY,CHE,EUR,Europe,YEAR,2013,,,,,,,,,3.55,3.54965854,,,,2025-12-05T13:23:08Z,2013,2013-01-01,2013-12-31
2804243,GHED_GGHE-DGDP_SHA2011,COUNTRY,KNA,AMR,Americas,YEAR,2003,,,,,,,,,2.10,2.09647655,,,,2025-12-05T13:23:08Z,2003,2003-01-01,2003-12-31
2806320,GHED_GGHE-DGDP_SHA2011,COUNTRY,MOZ,AFR,Africa,YEAR,2005,,,,,,,,,1.43,1.4261055,,,,2025-12-05T13:23:08Z,2005,2005-01-01,2005-12-31
2807585,GHED_GGHE-DGDP_SHA2011,COUNTRY,BHS,AMR,Americas,YEAR,2007,,,,,,,,,1.80,1.80025303,,,,2025-12-05T13:23:08Z,2007,2007-01-01,2007-12-31
2810759,GHED_GGHE-DGDP_SHA2011,COUNTRY,ISR,EUR,Europe,YEAR,2011,,,,,,,,,4.26,4.25976515,,,,2025-12-05T13:23:08Z,2011,2011-01-01,2011-12-31
2811200,GHED_GGHE-DGDP_SHA2011,COUNTRY,SYC,AFR,Africa,YEAR,2007,,,,,,,,,3.04,3.04300809,,,,2025-12-05T13:23:08Z,2007,2007-01-01,2007-12-31
2813572,GHED_GGHE-DGDP_SHA2011,REGION,WPR,,,YEAR,2023,,,,,,,,,5.05,5.05318016,,,,2025-12-05T13:23:08Z,2023,2023-01-01,2023-12-31
2813662,GHED_GGHE-DGDP_SHA2011,COUNTRY,GUY,AMR,Americas,YEAR,2004,,,,,,,,,1.74,1.73980284,,,,2025-12-05T13:23:08Z,2004,2004-01-01,2004-12-31
2823113,GHED_GGHE-DGDP_SHA2011,COUNTRY,LBN,EMR,Eastern Mediterranean,YEAR,2010,,,,,,,,,3.00,2.99847841,,,,2025-12-05T13:23:08Z,2010,2010-01-01,2010-12-31
2826527,GHED_GGHE-DGDP_SHA2011,REGION,EMR,,,YEAR,2019,,,,,,,,,2.39,2.38931912,,,,2025-12-05T13:23:08Z,2019,2019-01-01,2019-12-31
2829464,GHED_GGHE-DGDP_SHA2011,COUNTRY,COG,AFR,Africa,YEAR,2004,,,,,,,,,0.44,0.43517572,,,,2025-12-05T13:23:08Z,2004,2004-01-01,2004-12-31
2830806,GHED_GGHE-DGDP_SHA2011,COUNTRY,KOR,WPR,Western Pacific,YEAR,2019,,,,,,,,,4.43,4.43231916,,,,2025-12-05T13:23:08Z,2019,2019-01-01,2019-12-31
2831315,GHED_GGHE-DGDP_SHA2011,COUNTRY,HRV,EUR,Europe,YEAR,2015,,,,,,,,,5.53,5.5316987,,,,2025-12-05T13:23:08Z,2015,2015-01-01,2015-12-31
2833251,GHED_GGHE-DGDP_SHA2011,COUNTRY,DMA,AMR,Americas,YEAR,2001,,,,,,,,,2.57,2.57100463,,,,2025-12-05T13:23:08Z,2001,2001-01-01,2001-12-31
2833325,GHED_GGHE-DGDP_SHA2011,COUNTRY,BFA,AFR,Africa,YEAR,2001,,,,,,,,,0.97,0.97162038,,,,2025-12-05T13:23:08Z,2001,2001-01-01,2001-12-31
2834095,GHED_GGHE-DGDP_SHA2011,COUNTRY,WSM,WPR,Western Pacific,YEAR,2007,,,,,,,,,3.28,3.27875233,,,,2025-12-05T13:23:08Z,2007,2007-01-01,2007-12-31
2839049,GHED_GGHE-DGDP_SHA2011,COUNTRY,DNK,EUR,Europe,YEAR,2017,,,,,,,,,8.49,8.49121284,,,,2025-12-05T13:23:08Z,2017,2017-01-01,2017-12-31
2839264,GHED_GGHE-DGDP_SHA2011,COUNTRY,SLV,AMR,Americas,YEAR,2008,,,,,,,,,4.09,4.0889926,,,,2025-12-05T13:23:08Z,2008,2008-01-01,2008-12-31
2841360,GHED_GGHE-DGDP_SHA2011,COUNTRY,LUX,EUR,Europe,YEAR,2021,,,,,,,,,4.88,4.8814826,,,,2025-12-05T13:23:08Z,2021,2021-01-01,2021-12-31
2841848,GHED_GGHE-DGDP_SHA2011,COUNTRY,LUX,EUR,Europe,YEAR,2005,,,,,,,,,5.99,5.99415827,,,,2025-12-05T13:23:08Z,2005,2005-01-01,2005-12-31
2846502,GHED_GGHE-DGDP_SHA2011,GLOBAL,GLOBAL,,,YEAR,2017,,,,,,,,,3.46,3.4565312,,,,2025-12-05T13:23:08Z,2017,2017-01-01,2017-12-31
2850933,GHED_GGHE-DGDP_SHA2011,COUNTRY,ITA,EUR,Europe,YEAR,2006,,,,,,,,,6.53,6.52941465,,,,2025-12-05T13:23:08Z,2006,2006-01-01,2006-12-31
2851079,GHED_GGHE-DGDP_SHA2011,WORLDBANKINCOMEGROUP,WB_UMI,,,YEAR,2017,,,,,,,,,3.75,3.75145919,,,,2025-12-05T13:23:08Z,2017,2017-01-01,2017-12-31
2852609,GHED_GGHE-DGDP_SHA2011,COUNTRY,CAF,AFR,Africa,YEAR,2001,,,,,,,,,1.52,1.51679921,,,,2025-12-05T13:23:08Z,2001,2001-01-01,2001-12-31
2855820,GHED_GGHE-DGDP_SHA2011,COUNTRY,LCA,AMR,Americas,YEAR,2011,,,,,,,,,1.82,1.81603396,,,,2025-12-05T13:23:08Z,2011,2011-01-01,2011-12-31
2857239,GHED_GGHE-DGDP_SHA2011,COUNTRY,BDI,AFR,Africa,YEAR,2017,,,,,,,,,2.01,2.01362443,,,,2025-12-05T13:23:08Z,2017,2017-01-01,2017-12-31
2859773,GHED_GGHE-DGDP_SHA2011,COUNTRY,PAK,EMR,Eastern Mediterranean,YEAR,2000,,,,,,,,,0.87,0.86511308,,,,2025-12-05T13:23:08Z,2000,2000-01-01,2000-12-31
2863288,GHED_GGHE-DGDP_SHA2011,COUNTRY,UZB,EUR,Europe,YEAR,2016,,,,,,,,,2.06,2.05541873,,,,2025-12-05T13:23:08Z,2016,2016-01-01,2016-12-31
2865026,GHED_GGHE-DGDP_SHA2011,COUNTRY,BIH,EUR,Europe,YEAR,2006,,,,,,,,,4.85,4.84716463,,,,2025-12-05T13:23:08Z,2006,2006-01-01,2006-12-31
2867636,GHED_GGHE-DGDP_SHA2011,COUNTRY,TTO,AMR,Americas,YEAR,2000,,,,,,,,,1.57,1.56699646,,,,2025-12-05T13:23:08Z,2000,2000-01-01,2000-12-31
2868029,GHED_GGHE-DGDP_SHA2011,COUNTRY,SYR,EMR,Eastern Mediterranean,YEAR,2022,,,,,,,,,0.83,0.8250348,,,,2025-12-05T13:23:08Z,2022,2022-01-01,2022-12-31
2870898,GHED_GGHE-DGDP_SHA2011,COUNTRY,WSM,WPR,Western Pacific,YEAR,2006,,,,,,,,,3.44,3.44210529,,,,2025-12-05T13:23:08Z,2006,2006-01-01,2006-12-31
2876249,GHED_GGHE-DGDP_SHA2011,COUNTRY,SUR,AMR,Americas,YEAR,2023,,,,,,,,,3.35,3.3523376,,,,2025-12-05T13:23:08Z,2023,2023-01-01,2023-12-31
2877644,GHED_GGHE-DGDP_SHA2011,COUNTRY,SVK,EUR,Europe,YEAR,2013,,,,,,,,,5.48,5.48396778,,,,2025-12-05T13:23:08Z,2013,2013-01-01,2013-12-31
2894537,GHED_GGHE-DGDP_SHA2011,COUNTRY,EGY,EMR,Eastern Mediterranean,YEAR,2002,,,,,,,,,1.90,1.8990773,,,,2025-12-05T13:23:08Z,2002,2002-01-01,2002-12-31
2898169,GHED_GGHE-DGDP_SHA2011,COUNTRY,NOR,EUR,Europe,YEAR,2012,,,,,,,,,7.39,7.39225388,,,,2025-12-05T13:23:08Z,2012,2012-01-01,2012-12-31
2899558,GHED_GGHE-DGDP_SHA2011,COUNTRY,NIC,AMR,Americas,YEAR,2019,,,,,,,,,5.23,5.2335391,,,,2025-12-05T13:23:08Z,2019,2019-01-01,2019-12-31
2908002,GHED_GGHE-DGDP_SHA2011,COUNTRY,JAM,AMR,Americas,YEAR,2021,,,,,,,,,5.12,5.11554575,,,,2025-12-05T13:23:08Z,2021,2021-01-01,2021-12-31
2909027,GHED_GGHE-DGDP_SHA2011,COUNTRY,TZA,AFR,Africa,YEAR,2004,,,,,,,,,1.97,1.96674848,,,,2025-12-05T13:23:08Z,2004,2004-01-01,2004-12-31
2909194,GHED_GGHE-DGDP_SHA2011,COUNTRY,URY,AMR,Americas,YEAR,2007,,,,,,,,,3.62,3.62133288,,,,2025-12-05T13:23:08Z,2007,2007-01-01,2007-12-31
2917068,GHED_GGHE-DGDP_SHA2011,COUNTRY,MLI,AFR,Africa,YEAR,2003,,,,,,,,,1.41,1.41243839,,,,2025-12-05T13:23:08Z,2003,2003-01-01,2003-12-31
2917297,GHED_GGHE-DGDP_SHA2011,COUNTRY,PLW,WPR,Western Pacific,YEAR,2004,,,,,,,,,4.15,4.14845562,,,,2025-12-05T13:23:08Z,2004,2004-01-01,2004-12-31
2919620,GHED_GGHE-DGDP_SHA2011,COUNTRY,MUS,AFR,Africa,YEAR,2023,,,,,,,,,2.47,2.46710205,,,,2025-12-05T13:23:08Z,2023,2023-01-01,2023-12-31
2920244,GHED_GGHE-DGDP_SHA2011,COUNTRY,DNK,EUR,Europe,YEAR,2002,,,,,,,,,7.29,7.28696489,,,,2025-12-05T13:23:08Z,2002,2002-01-01,2002-12-31
2923693,GHED_GGHE-DGDP_SHA2011,COUNTRY,SLV,AMR,Americas,YEAR,2006,,,,,,,,,4.52,4.52057076,,,,2025-12-05T13:23:08Z,2006,2006-01-01,2006-12-31
2923828,GHED_GGHE-DGDP_SHA2011,COUNTRY,SGP,WPR,Western Pacific,YEAR,2020,,,,,,,,,3.42,3.41540074,,,,2025-12-05T13:23:08Z,2020,2020-01-01,2020-12-31
2925324,GHED_GGHE-DGDP_SHA2011,COUNTRY,VNM,WPR,Western Pacific,YEAR,2018,,,,,,,,,2.09,2.09256196,,,,2025-12-05T13:23:08Z,2018,2018-01-01,2018-12-31
2928688,GHED_GGHE-DGDP_SHA2011,COUNTRY,SVK,EUR,Europe,YEAR,2001,,,,,,,,,4.71,4.70686579,,,,2025-12-05T13:23:08Z,2001,2001-01-01,2001-12-31
2929199,GHED_GGHE-DGDP_SHA2011,COUNTRY,BLR,EUR,Europe,YEAR,2007,,,,,,,,,3.99,3.99474669,,,,2025-12-05T13:23:08Z,2007,2007-01-01,2007-12-31
2930539,GHED_GGHE-DGDP_SHA2011,COUNTRY,SUR,AMR,Americas,YEAR,2015,,,,,,,,,3.16,3.16422224,,,,2025-12-05T13:23:08Z,2015,2015-01-01,2015-12-31
2931998,GHED_GGHE-DGDP_SHA2011,COUNTRY,IDN,WPR,Western Pacific,YEAR,2013,,,,,,,,,0.82,0.81686825,,,,2025-12-05T13:23:08Z,2013,2013-01-01,2013-12-31
2933619,GHED_GGHE-DGDP_SHA2011,COUNTRY,GHA,AFR,Africa,YEAR,2008,,,,,,,,,1.64,1.64284575,,,,2025-12-05T13:23:08Z,2008,2008-01-01,2008-12-31
2934015,GHED_GGHE-DGDP_SHA2011,COUNTRY,RWA,AFR,Africa,YEAR,2011,,,,,,,,,2.20,2.19739747,,,,2025-12-05T13:23:08Z,2011,2011-01-01,2011-12-31
2937900,GHED_GGHE-DGDP_SHA2011,COUNTRY,MLI,AFR,Africa,YEAR,2015,,,,,,,,,0.92,0.91927379,,,,2025-12-05T13:23:08Z,2015,2015-01-01,2015-12-31
2941966,GHED_GGHE-DGDP_SHA2011,COUNTRY,BEL,EUR,Europe,YEAR,2008,,,,,,,,,7.27,7.26614666,,,,2025-12-05T13:23:08Z,2008,2008-01-01,2008-12-31
2944477,GHED_GGHE-DGDP_SHA2011,COUNTRY,BLR,EUR,Europe,YEAR,2016,,,,,,,,,4.19,4.19298792,,,,2025-12-05T13:23:08Z,2016,2016-01-01,2016-12-31
2944950,GHED_GGHE-DGDP_SHA2011,COUNTRY,TON,WPR,Western Pacific,YEAR,2022,,,,,,,,,3.84,3.8381629,,,,2025-12-05T13:23:08Z,2022,2022-01-01,2022-12-31
2945619,GHED_GGHE-DGDP_SHA2011,COUNTRY,MMR,SEAR,South-East Asia,YEAR,2020,,,,,,,,,0.71,0.71241319,,,,2025-12-05T13:23:08Z,2020,2020-01-01,2020-12-31
2950405,GHED_GGHE-DGDP_SHA2011,COUNTRY,VCT,AMR,Americas,YEAR,2017,,,,,,,,,2.69,2.69260287,,,,2025-12-05T13:23:08Z,2017,2017-01-01,2017-12-31
2950530,GHED_GGHE-DGDP_SHA2011,COUNTRY,BRN,WPR,Western Pacific,YEAR,2014,,,,,,,,,1.77,1.77395678,,,,2025-12-05T13:23:08Z,2014,2014-01-01,2014-12-31
2950876,GHED_GGHE-DGDP_SHA2011,COUNTRY,PHL,WPR,Western Pacific,YEAR,2012,,,,,,,,,1.10,1.09802592,,,,2025-12-05T13:23:08Z,2012,2012-01-01,2012-12-31
2953153,GHED_GGHE-DGDP_SHA2011,COUNTRY,SLB,WPR,Western Pacific,YEAR,2019,,,,,,,,,3.26,3.25913024,,,,2025-12-05T13:23:08Z,2019,2019-01-01,2019-12-31
2953805,GHED_GGHE-DGDP_SHA2011,COUNTRY,CIV,AFR,Africa,YEAR,2014,,,,,,,,,0.78,0.77760309,,,,2025-12-05T13:23:08Z,2014,2014-01-01,2014-12-31
2953823,GHED_GGHE-DGDP_SHA2011,COUNTRY,ALB,EUR,Europe,YEAR,2001,,,,,,,,,2.72,2.72089767,,,,2025-12-05T13:23:08Z,2001,2001-01-01,2001-12-31
2955198,GHED_GGHE-DGDP_SHA2011,COUNTRY,FSM,WPR,Western Pacific,YEAR,2014,,,,,,,,,2.02,2.0200696,,,,2025-12-05T13:23:08Z,2014,2014-01-01,2014-12-31
2955230,GHED_GGHE-DGDP_SHA2011,WORLDBANKINCOMEGROUP,WB_LMI,,,YEAR,2005,,,,,,,,,2.02,2.02004166,,,,2025-12-05T13:23:08Z,2005,2005-01-01,2005-12-31
2957786,GHED_GGHE-DGDP_SHA2011,COUNTRY,CPV,AFR,Africa,YEAR,2001,,,,,,,,,2.70,2.69890738,,,,2025-12-05T13:23:08Z,2001,2001-01-01,2001-12-31
2959509,GHED_GGHE-DGDP_SHA2011,COUNTRY,MUS,AFR,Africa,YEAR,2003,,,,,,,,,1.67,1.6688329,,,,2025-12-05T13:23:08Z,2003,2003-01-01,2003-12-31
2959783,GHED_GGHE-DGDP_SHA2011,COUNTRY,PRY,AMR,Americas,YEAR,2002,,,,,,,,,1.47,1.46725607,,,,2025-12-05T13:23:08Z,2002,2002-01-01,2002-12-31
2960150,GHED_GGHE-DGDP_SHA2011,COUNTRY,OMN,EMR,Eastern Mediterranean,YEAR,2010,,,,,,,,,2.05,2.04789329,,,,2025-12-05T13:23:08Z,2010,2010-01-01,2010-12-31
2961285,GHED_GGHE-DGDP_SHA2011,COUNTRY,FSM,WPR,Western Pacific,YEAR,2020,,,,,,,,,1.76,1.7635082,,,,2025-12-05T13:23:08Z,2020,2020-01-01,2020-12-31
2962928,GHED_GGHE-DGDP_SHA2011,COUNTRY,BHS,AMR,Americas,YEAR,2001,,,,,,,,,1.57,1.56618142,,,,2025-12-05T13:23:08Z,2001,2001-01-01,2001-12-31
2965650,GHED_GGHE-DGDP_SHA2011,COUNTRY,GRD,AMR,Americas,YEAR,2023,,,,,,,,,2.10,2.10270882,,,,2025-12-05T13:23:08Z,2023,2023-01-01,2023-12-31
2966544,GHED_GGHE-DGDP_SHA2011,COUNTRY,AUS,WPR,Western Pacific,YEAR,2011,,,,,,,,,6.25,6.2522192,,,,2025-12-05T13:23:08Z,2011,2011-01-01,2011-12-31
2969454,GHED_GGHE-DGDP_SHA2011,COUNTRY,MNG,WPR,Western Pacific,YEAR,2004,,,,,,,,,2.80,2.80098653,,,,2025-12-05T13:23:08Z,2004,2004-01-01,2004-12-31
2975877,GHED_GGHE-DGDP_SHA2011,COUNTRY,POL,EUR,Europe,YEAR,2022,,,,,,,,,4.77,4.77248859,,,,2025-12-05T13:23:08Z,2022,2022-01-01,2022-12-31
2983602,GHED_GGHE-DGDP_SHA2011,COUNTRY,MMR,SEAR,South-East Asia,YEAR,2021,,,,,,,,,0.92,0.91952342,,,,2025-12-05T13:23:08Z,2021,2021-01-01,2021-12-31
2983643,GHED_GGHE-DGDP_SHA2011,COUNTRY,KEN,AFR,Africa,YEAR,2020,,,,,,,,,2.21,2.2100935,,,,2025-12-05T13:23:08Z,2020,2020-01-01,2020-12-31
2983883,GHED_GGHE-DGDP_SHA2011,COUNTRY,MKD,EUR,Europe,YEAR,2002,,,,,,,,,4.73,4.73120594,,,,2025-12-05T13:23:08Z,2002,2002-01-01,2002-12-31
2986058,GHED_GGHE-DGDP_SHA2011,COUNTRY,ATG,AMR,Americas,YEAR,2009,,,,,,,,,2.03,2.03098321,,,,2025-12-05T13:23:08Z,2009,2009-01-01,2009-12-31
2986645,GHED_GGHE-DGDP_SHA2011,COUNTRY,NZL,WPR,Western Pacific,YEAR,2023,,,,,,,,,7.87,7.86917591,,,,2025-12-05T13:23:08Z,2023,2023-01-01,2023-12-31
2989367,GHED_GGHE-DGDP_SHA2011,COUNTRY,ECU,AMR,Americas,YEAR,2016,,,,,,,,,4.62,4.62448025,,,,2025-12-05T13:23:08Z,2016,2016-01-01,2016-12-31
2990946,GHED_GGHE-DGDP_SHA2011,COUNTRY,CHE,EUR,Europe,YEAR,2010,,,,,,,,,3.32,3.31898856,,,,2025-12-05T13:23:08Z,2010,2010-01-01,2010-12-31
2992062,GHED_GGHE-DGDP_SHA2011,COUNTRY,PSE,EMR,Eastern Mediterranean,YEAR,2020,,,,,,,,,3.85,3.85396838,,,,2025-12-05T13:23:08Z,2020,2020-01-01,2020-12-31
2993078,GHED_GGHE-DGDP_SHA2011,REGION,AMR,,,YEAR,2000,,,,,,,,,2.86,2.86332144,,,,2025-12-05T13:23:08Z,2000,2000-01-01,2000-12-31
2994583,GHED_GGHE-DGDP_SHA2011,COUNTRY,NIC,AMR,Americas,YEAR,2023,,,,,,,,,4.77,4.76571131,,,,2025-12-05T13:23:08Z,2023,2023-01-01,2023-12-31
2997698,GHED_GGHE-DGDP_SHA2011,COUNTRY,AUS,WPR,Western Pacific,YEAR,2000,,,,,,,,,5.45,5.45143652,,,,2025-12-05T13:23:08Z,2000,2000-01-01,2000-12-31
2998614,GHED_GGHE-DGDP_SHA2011,COUNTRY,LSO,AFR,Africa,YEAR,2007,,,,,,,,,4.64,4.63973618,,,,2025-12-05T13:23:08Z,2007,2007-01-01,2007-12-31
2999420,GHED_GGHE-DGDP_SHA2011,COUNTRY,MHL,WPR,Western Pacific,YEAR,2017,,,,,,,,,4.88,4.88437748,,,,2025-12-05T13:23:08Z,2017,2017-01-01,2017-12-31
3000109,GHED_GGHE-DGDP_SHA2011,COUNTRY,ISR,EUR,Europe,YEAR,2008,,,,,,,,,4.17,4.17143965,,,,2025-12-05T13:23:08Z,2008,2008-01-01,2008-12-31
3000244,GHED_GGHE-DGDP_SHA2011,COUNTRY,SYR,EMR,Eastern Mediterranean,YEAR,2006,,,,,,,,,1.77,1.77428043,,,,2025-12-05T13:23:08Z,2006,2006-01-01,2006-12-31
3004086,GHED_GGHE-DGDP_SHA2011,COUNTRY,LSO,AFR,Africa,YEAR,2015,,,,,,,,,5.62,5.62011147,,,,2025-12-05T13:23:08Z,2015,2015-01-01,2015-12-31
3007156,GHED_GGHE-DGDP_SHA2011,COUNTRY,COK,WPR,Western Pacific,YEAR,2013,,,,,,,,,2.86,2.86171961,,,,2025-12-05T13:23:08Z,2013,2013-01-01,2013-12-31
3008940,GHED_GGHE-DGDP_SHA2011,COUNTRY,CHE,EUR,Europe,YEAR,2008,,,,,,,,,3.01,3.01256084,,,,2025-12-05T13:23:08Z,2008,2008-01-01,2008-12-31
3009999,GHED_GGHE-DGDP_SHA2011,COUNTRY,HRV,EUR,Europe,YEAR,2016,,,,,,,,,5.54,5.54387617,,,,2025-12-05T13:23:08Z,2016,2016-01-01,2016-12-31
3015562,GHED_GGHE-DGDP_SHA2011,COUNTRY,COD,AFR,Africa,YEAR,2010,,,,,,,,,0.38,0.38362399,,,,2025-12-05T13:23:08Z,2010,2010-01-01,2010-12-31
3016664,GHED_GGHE-DGDP_SHA2011,WORLDBANKINCOMEGROUP,WB_HI,,,YEAR,2002,,,,,,,,,4.56,4.56166519,,,,2025-12-05T13:23:08Z,2002,2002-01-01,2002-12-31
3020348,GHED_GGHE-DGDP_SHA2011,COUNTRY,RWA,AFR,Africa,YEAR,2000,,,,,,,,,0.65,0.64626944,,,,2025-12-05T13:23:08Z,2000,2000-01-01,2000-12-31
3022023,GHED_GGHE-DGDP_SHA2011,COUNTRY,LBY,EMR,Eastern Mediterranean,YEAR,2000,,,,,,,,,1.62,1.61668956,,,,2025-12-05T13:23:08Z,2000,2000-01-01,2000-12-31
3025968,GHED_GGHE-DGDP_SHA2011,COUNTRY,CAF,AFR,Africa,YEAR,2006,,,,,,,,,1.23,1.22708309,,,,2025-12-05T13:23:08Z,2006,2006-01-01,2006-12-31
3027154,GHED_GGHE-DGDP_SHA2011,COUNTRY,MYS,WPR,Western Pacific,YEAR,2004,,,,,,,,,1.46,1.45687652,,,,2025-12-05T13:23:08Z,2004,2004-01-01,2004-12-31
3028250,GHED_GGHE-DGDP_SHA2011,COUNTRY,VUT,WPR,Western Pacific,YEAR,2023,,,,,,,,,2.33,2.33037138,,,,2025-12-05T13:23:08Z,2023,2023-01-01,2023-12-31
3032627,GHED_GGHE-DGDP_SHA2011,REGION,SEAR,,,YEAR,2001,,,,,,,,,1.47,1.47479711,,,,2025-12-05T13:23:08Z,2001,2001-01-01,2001-12-31
3038885,GHED_GGHE-DGDP_SHA2011,COUNTRY,AFG,EMR,Eastern Mediterranean,YEAR,2009,,,,,,,,,0.53,0.53190351,,,,2025-12-05T13:23:08Z,2009,2009-01-01,2009-12-31
3041850,GHED_GGHE-DGDP_SHA2011,COUNTRY,KOR,WPR,Western Pacific,YEAR,2002,,,,,,,,,2.14,2.14096594,,,,2025-12-05T13:23:08Z,2002,2002-01-01,2002-12-31
3043812,GHED_GGHE-DGDP_SHA2011,COUNTRY,KOR,WPR,Western Pacific,YEAR,2003,,,,,,,,,2.25,2.24646783,,,,2025-12-05T13:23:08Z,2003,2003-01-01,2003-12-31
3044674,GHED_GGHE-DGDP_SHA2011,COUNTRY,PHL,WPR,Western Pacific,YEAR,2021,,,,,,,,,2.67,2.6710124,,,,2025-12-05T13:23:08Z,2021,2021-01-01,2021-12-31
3047224,GHED_GGHE-DGDP_SHA2011,COUNTRY,CHN,WPR,Western Pacific,YEAR,2012,,,,,,,,,2.50,2.50277305,,,,2025-12-05T13:23:08Z,2012,2012-01-01,2012-12-31
3050597,GHED_GGHE-DGDP_SHA2011,COUNTRY,UKR,EUR,Europe,YEAR,2006,,,,,,,,,3.88,3.8776598,,,,2025-12-05T13:23:08Z,2006,2006-01-01,2006-12-31
3051625,GHED_GGHE-DGDP_SHA2011,COUNTRY,UZB,EUR,Europe,YEAR,2007,,,,,,,,,1.80,1.79759741,,,,2025-12-05T13:23:08Z,2007,2007-01-01,2007-12-31
3052035,GHED_GGHE-DGDP_SHA2011,COUNTRY,BTN,SEAR,South-East Asia,YEAR,2016,,,,,,,,,2.42,2.42386007,,,,2025-12-05T13:23:08Z,2016,2016-01-01,2016-12-31
3056740,GHED_GGHE-DGDP_SHA2011,COUNTRY,GBR,EUR,Europe,YEAR,2015,,,,,,,,,7.91,7.90739918,,,,2025-12-05T13:23:08Z,2015,2015-01-01,2015-12-31
3057279,GHED_GGHE-DGDP_SHA2011,COUNTRY,SMR,EUR,Europe,YEAR,2003,,,,,,,,,3.64,3.63807321,,,,2025-12-05T13:23:08Z,2003,2003-01-01,2003-12-31
3057688,GHED_GGHE-DGDP_SHA2011,COUNTRY,COD,AFR,Africa,YEAR,2020,,,,,,,,,0.64,0.63877279,,,,2025-12-05T13:23:08Z,2020,2020-01-01,2020-12-31
3060004,GHED_GGHE-DGDP_SHA2011,COUNTRY,MMR,SEAR,South-East Asia,YEAR,2007,,,,,,,,,0.20,0.20447917,,,,2025-12-05T13:23:08Z,2007,2007-01-01,2007-12-31
3061128,GHED_GGHE-DGDP_SHA2011,COUNTRY,SYR,EMR,Eastern Mediterranean,YEAR,2004,,,,,,,,,2.14,2.13628435,,,,2025-12-05T13:23:08Z,2004,2004-01-01,2004-12-31
3062424,GHED_GGHE-DGDP_SHA2011,COUNTRY,ISR,EUR,Europe,YEAR,2002,,,,,,,,,4.42,4.42173243,,,,2025-12-05T13:23:08Z,2002,2002-01-01,2002-12-31
3062448,GHED_GGHE-DGDP_SHA2011,COUNTRY,ALB,EUR,Europe,YEAR,2009,,,,,,,,,2.33,2.33076763,,,,2025-12-05T13:23:08Z,2009,2009-01-01,2009-12-31
3070073,GHED_GGHE-DGDP_SHA2011,COUNTRY,OMN,EMR,Eastern Mediterranean,YEAR,2017,,,,,,,,,3.53,3.5271337,,,,2025-12-05T13:23:08Z,2017,2017-01-01,2017-12-31
3070271,GHED_GGHE-DGDP_SHA2011,COUNTRY,DOM,AMR,Americas,YEAR,2007,,,,,,,,,1.68,1.68479145,,,,2025-12-05T13:23:08Z,2007,2007-01-01,2007-12-31
3075728,GHED_GGHE-DGDP_SHA2011,COUNTRY,HND,AMR,Americas,YEAR,2017,,,,,,,,,2.85,2.85400987,,,,2025-12-05T13:23:08Z,2017,2017-01-01,2017-12-31
3076578,GHED_GGHE-DGDP_SHA2011,REGION,SEAR,,,YEAR,2020,,,,,,,,,2.82,2.82433195,,,,2025-12-05T13:23:08Z,2020,2020-01-01,2020-12-31
3078451,GHED_GGHE-DGDP_SHA2011,REGION,AMR,,,YEAR,2023,,,,,,,,,3.99,3.98909173,,,,2025-12-05T13:23:08Z,2023,2023-01-01,2023-12-31
3078794,GHED_GGHE-DGDP_SHA2011,COUNTRY,UGA,AFR,Africa,YEAR,2009,,,,,,,,,0.83,0.82681918,,,,2025-12-05T13:23:08Z,2009,2009-01-01,2009-12-31
3079522,GHED_GGHE-DGDP_SHA2011,COUNTRY,CZE,EUR,Europe,YEAR,2016,,,,,,,,,6.19,6.18802738,,,,2025-12-05T13:23:08Z,2016,2016-01-01,2016-12-31
3087907,GHED_GGHE-DGDP_SHA2011,REGION,WPR,,,YEAR,2021,,,,,,,,,4.64,4.64012227,,,,2025-12-05T13:23:08Z,2021,2021-01-01,2021-12-31
3088305,GHED_GGHE-DGDP_SHA2011,COUNTRY,COM,AFR,Africa,YEAR,2003,,,,,,,,,0.85,0.85293937,,,,2025-12-05T13:23:08Z,2003,2003-01-01,2003-12-31
3088491,GHED_GGHE-DGDP_SHA2011,COUNTRY,ISL,EUR,Europe,YEAR,2004,,,,,,,,,7.55,7.55137873,,,,2025-12-05T13:23:08Z,2004,2004-01-01,2004-12-31
3089990,GHED_GGHE-DGDP_SHA2011,COUNTRY,LKA,SEAR,South-East Asia,YEAR,2003,,,,,,,,,2.01,2.00852442,,,,2025-12-05T13:23:08Z,2003,2003-01-01,2003-12-31
3090442,GHED_GGHE-DGDP_SHA2011,REGION,SEAR,,,YEAR,2000,,,,,,,,,1.49,1.48548545,,,,2025-12-05T13:23:08Z,2000,2000-01-01,2000-12-31
3095587,GHED_GGHE-DGDP_SHA2011,COUNTRY,PRT,EUR,Europe,YEAR,2020,,,,,,,,,6.76,6.75691032,,,,2025-12-05T13:23:08Z,2020,2020-01-01,2020-12-31
3098477,GHED_GGHE-DGDP_SHA2011,COUNTRY,KWT,EMR,Eastern Mediterranean,YEAR,2000,,,,,,,,,1.60,1.59861708,,,,2025-12-05T13:23:08Z,2000,2000-01-01,2000-12-31
3102331,GHED_GGHE-DGDP_SHA2011,COUNTRY,TZA,AFR,Africa,YEAR,2018,,,,,,,,,1.63,1.62666011,,,,2025-12-05T13:23:08Z,2018,2018-01-01,2018-12-31
3103098,GHED_GGHE-DGDP_SHA2011,COUNTRY,NIC,AMR,Americas,YEAR,2020,,,,,,,,,5.29,5.29172993,,,,2025-12-05T13:23:08Z,2020,2020-01-01,2020-12-31
3110292,GHED_GGHE-DGDP_SHA2011,COUNTRY,ETH,AFR,Africa,YEAR,2004,,,,,,,,,1.33,1.32566774,,,,2025-12-05T13:23:08Z,2004,2004-01-01,2004-12-31
3113036,GHED_GGHE-DGDP_SHA2011,COUNTRY,SLV,AMR,Americas,YEAR,2005,,,,,,,,,4.25,4.2482481,,,,2025-12-05T13:23:08Z,2005,2005-01-01,2005-12-31
3113196,GHED_GGHE-DGDP_SHA2011,COUNTRY,NER,AFR,Africa,YEAR,2022,,,,,,,,,1.53,1.5349741,,,,2025-12-05T13:23:08Z,2022,2022-01-01,2022-12-31
3114832,GHED_GGHE-DGDP_SHA2011,WORLDBANKINCOMEGROUP,WB_HI,,,YEAR,2013,,,,,,,,,5.00,4.99780951,,,,2026-01-12T13:50:53Z,2013,2013-01-01,2013-12-31
3118268,GHED_GGHE-DGDP_SHA2011,COUNTRY,IDN,WPR,Western Pacific,YEAR,2003,,,,,,,,,0.82,0.81785041,,,,2025-12-05T13:23:08Z,2003,2003-01-01,2003-12-31
3118313,GHED_GGHE-DGDP_SHA2011,COUNTRY,FJI,WPR,Western Pacific,YEAR,2009,,,,,,,,,2.19,2.19237089,,,,2025-12-05T13:23:08Z,2009,2009-01-01,2009-12-31
3121170,GHED_GGHE-DGDP_SHA2011,COUNTRY,NPL,SEAR,South-East Asia,YEAR,2017,,,,,,,,,1.07,1.06542635,,,,2025-12-05T13:23:08Z,2017,2017-01-01,2017-12-31
3122951,GHED_GGHE-DGDP_SHA2011,COUNTRY,VNM,WPR,Western Pacific,YEAR,2008,,,,,,,,,1.74,1.73616052,,,,2025-12-05T13:23:08Z,2008,2008-01-01,2008-12-31
3124412,GHED_GGHE-DGDP_SHA2011,COUNTRY,PHL,WPR,Western Pacific,YEAR,2000,,,,,,,,,1.36,1.3564229,,,,2025-12-05T13:23:08Z,2000,2000-01-01,2000-12-31
3125873,GHED_GGHE-DGDP_SHA2011,COUNTRY,LBN,EMR,Eastern Mediterranean,YEAR,2013,,,,,,,,,3.12,3.12071991,,,,2025-12-05T13:23:08Z,2013,2013-01-01,2013-12-31
3126318,GHED_GGHE-DGDP_SHA2011,COUNTRY,VEN,AMR,Americas,YEAR,2021,,,,,,,,,1.38,1.37525356,,,,2025-12-05T13:23:08Z,2021,2021-01-01,2021-12-31
3126541,GHED_GGHE-DGDP_SHA2011,COUNTRY,PNG,WPR,Western Pacific,YEAR,2013,,,,,,,,,1.98,1.98455942,,,,2025-12-05T13:23:08Z,2013,2013-01-01,2013-12-31
3128083,GHED_GGHE-DGDP_SHA2011,COUNTRY,BHS,AMR,Americas,YEAR,2018,,,,,,,,,2.79,2.79429245,,,,2025-12-05T13:23:08Z,2018,2018-01-01,2018-12-31
3131462,GHED_GGHE-DGDP_SHA2011,COUNTRY,COL,AMR,Americas,YEAR,2017,,,,,,,,,5.45,5.4549818,,,,2025-12-05T13:23:08Z,2017,2017-01-01,2017-12-31
3132965,GHED_GGHE-DGDP_SHA2011,COUNTRY,RUS,EUR,Europe,YEAR,2011,,,,,,,,,3.00,3.00404239,,,,2025-12-05T13:23:08Z,2011,2011-01-01,2011-12-31
3138501,GHED_GGHE-DGDP_SHA2011,COUNTRY,PRT,EUR,Europe,YEAR,2002,,,,,,,,,6.33,6.32552099,,,,2025-12-05T13:23:08Z,2002,2002-01-01,2002-12-31
3143914,GHED_GGHE-DGDP_SHA2011,COUNTRY,KAZ,EUR,Europe,YEAR,2002,,,,,,,,,1.93,1.93378294,,,,2025-12-05T13:23:08Z,2002,2002-01-01,2002-12-31
3148259,GHED_GGHE-DGDP_SHA2011,COUNTRY,FRA,EUR,Europe,YEAR,2011,,,,,,,,,7.76,7.76428938,,,,2025-12-05T13:23:08Z,2011,2011-01-01,2011-12-31
3149814,GHED_GGHE-DGDP_SHA2011,COUNTRY,IDN,WPR,Western Pacific,YEAR,2017,,,,,,,,,1.35,1.34984481,,,,2025-12-05T13:23:08Z,2017,2017-01-01,2017-12-31
3151480,GHED_GGHE-DGDP_SHA2011,COUNTRY,POL,EUR,Europe,YEAR,2009,,,,,,,,,4.71,4.71393776,,,,2025-12-05T13:23:08Z,2009,2009-01-01,2009-12-31
3153417,GHED_GGHE-DGDP_SHA2011,COUNTRY,LBN,EMR,Eastern Mediterranean,YEAR,2017,,,,,,,,,3.68,3.67671943,,,,2025-12-05T13:23:08Z,2017,2017-01-01,2017-12-31
3158054,GHED_GGHE-DGDP_SHA2011,COUNTRY,DEU,EUR,Europe,YEAR,2017,,,,,,,,,8.64,8.63574028,,,,2025-12-05T13:23:08Z,2017,2017-01-01,2017-12-31
3160689,GHED_GGHE-DGDP_SHA2011,COUNTRY,BLZ,AMR,Americas,YEAR,2021,,,,,,,,,3.52,3.51546001,,,,2025-12-05T13:23:08Z,2021,2021-01-01,2021-12-31
3161856,GHED_GGHE-DGDP_SHA2011,COUNTRY,COL,AMR,Americas,YEAR,2007,,,,,,,,,4.59,4.58606243,,,,2025-12-05T13:23:08Z,2007,2007-01-01,2007-12-31
3162348,GHED_GGHE-DGDP_SHA2011,COUNTRY,TCD,AFR,Africa,YEAR,2018,,,,,,,,,0.47,0.46814004,,,,2025-12-05T13:23:08Z,2018,2018-01-01,2018-12-31
3163111,GHED_GGHE-DGDP_SHA2011,COUNTRY,ITA,EUR,Europe,YEAR,2011,,,,,,,,,6.72,6.72206736,,,,2025-12-05T13:23:08Z,2011,2011-01-01,2011-12-31
3163753,GHED_GGHE-DGDP_SHA2011,COUNTRY,CPV,AFR,Africa,YEAR,2013,,,,,,,,,2.79,2.78713155,,,,2025-12-05T13:23:08Z,2013,2013-01-01,2013-12-31
3164073,GHED_GGHE-DGDP_SHA2011,COUNTRY,VNM,WPR,Western Pacific,YEAR,2017,,,,,,,,,2.17,2.17300439,,,,2025-12-05T13:23:08Z,2017,2017-01-01,2017-12-31
3164398,GHED_GGHE-DGDP_SHA2011,COUNTRY,CPV,AFR,Africa,YEAR,2009,,,,,,,,,2.55,2.54577112,,,,2025-12-05T13:23:08Z,2009,2009-01-01,2009-12-31
3164670,GHED_GGHE-DGDP_SHA2011,COUNTRY,BLZ,AMR,Americas,YEAR,2011,,,,,,,,,2.99,2.98816276,,,,2025-12-05T13:23:08Z,2011,2011-01-01,2011-12-31
3170907,GHED_GGHE-DGDP_SHA2011,COUNTRY,MOZ,AFR,Africa,YEAR,2013,,,,,,,,,1.50,1.49877322,,,,2025-12-05T13:23:08Z,2013,2013-01-01,2013-12-31
3179360,GHED_GGHE-DGDP_SHA2011,COUNTRY,ZMB,AFR,Africa,YEAR,2011,,,,,,,,,1.57,1.5735333,,,,2025-12-05T13:23:08Z,2011,2011-01-01,2011-12-31
3180700,GHED_GGHE-DGDP_SHA2011,COUNTRY,LBN,EMR,Eastern Mediterranean,YEAR,2005,,,,,,,,,2.90,2.89969206,,,,2025-12-05T13:23:08Z,2005,2005-01-01,2005-12-31
3186275,GHED_GGHE-DGDP_SHA2011,COUNTRY,GHA,AFR,Africa,YEAR,2017,,,,,,,,,1.63,1.63058531,,,,2025-12-05T13:23:08Z,2017,2017-01-01,2017-12-31
3189530,GHED_GGHE-DGDP_SHA2011,COUNTRY,FRA,EUR,Europe,YEAR,2006,,,,,,,,,7.41,7.41077948,,,,2025-12-05T13:23:08Z,2006,2006-01-01,2006-12-31
3191460,GHED_GGHE-DGDP_SHA2011,COUNTRY,AGO,AFR,Africa,YEAR,2020,,,,,,,,,1.46,1.46055436,,,,2025-12-05T13:23:08Z,2020,2020-01-01,2020-12-31
3194043,GHED_GGHE-DGDP_SHA2011,COUNTRY,SLE,AFR,Africa,YEAR,2003,,,,,,,,,0.64,0.63837194,,,,2025-12-05T13:23:08Z,2003,2003-01-01,2003-12-31
3200931,GHED_GGHE-DGDP_SHA2011,COUNTRY,MDA,EUR,Europe,YEAR,2023,,,,,,,,,4.69,4.68608952,,,,2025-12-05T13:23:08Z,2023,2023-01-01,2023-12-31
3203490,GHED_GGHE-DGDP_SHA2011,COUNTRY,GNB,AFR,Africa,YEAR,2014,,,,,,,,,0.60,0.59649962,,,,2025-12-05T13:23:08Z,2014,2014-01-01,2014-12-31
3203725,GHED_GGHE-DGDP_SHA2011,COUNTRY,MRT,AFR,Africa,YEAR,2019,,,,,,,,,1.10,1.10124004,,,,2025-12-05T13:23:08Z,2019,2019-01-01,2019-12-31
3207636,GHED_GGHE-DGDP_SHA2011,COUNTRY,CHE,EUR,Europe,YEAR,2003,,,,,,,,,3.18,3.18358994,,,,2025-12-05T13:23:08Z,2003,2003-01-01,2003-12-31
3210324,GHED_GGHE-DGDP_SHA2011,COUNTRY,COL,AMR,Americas,YEAR,2019,,,,,,,,,5.48,5.47731161,,,,2025-12-05T13:23:08Z,2019,2019-01-01,2019-12-31
3212576,GHED_GGHE-DGDP_SHA2011,COUNTRY,RUS,EUR,Europe,YEAR,2007,,,,,,,,,2.95,2.94628835,,,,2025-12-05T13:23:08Z,2007,2007-01-01,2007-12-31
3216103,GHED_GGHE-DGDP_SHA2011,REGION,WPR,,,YEAR,2017,,,,,,,,,4.12,4.12155175,,,,2025-12-05T13:23:08Z,2017,2017-01-01,2017-12-31
3216694,GHED_GGHE-DGDP_SHA2011,COUNTRY,PRT,EUR,Europe,YEAR,2022,,,,,,,,,6.57,6.57459879,,,,2025-12-05T13:23:08Z,2022,2022-01-01,2022-12-31
3219466,GHED_GGHE-DGDP_SHA2011,COUNTRY,HUN,EUR,Europe,YEAR,2019,,,,,,,,,4.27,4.26813841,,,,2025-12-05T13:23:08Z,2019,2019-01-01,2019-12-31
3221367,GHED_GGHE-DGDP_SHA2011,COUNTRY,RWA,AFR,Africa,YEAR,2002,,,,,,,,,0.76,0.75793403,,,,2025-12-05T13:23:08Z,2002,2002-01-01,2002-12-31
3222505,GHED_GGHE-DGDP_SHA2011,COUNTRY,SVK,EUR,Europe,YEAR,2002,,,,,,,,,4.85,4.85240364,,,,2025-12-05T13:23:08Z,2002,2002-01-01,2002-12-31
3231376,GHED_GGHE-DGDP_SHA2011,COUNTRY,BWA,AFR,Africa,YEAR,2006,,,,,,,,,2.79,2.79110265,,,,2025-12-05T13:23:08Z,2006,2006-01-01,2006-12-31
3231578,GHED_GGHE-DGDP_SHA2011,COUNTRY,HTI,AMR,Americas,YEAR,2000,,,,,,,,,0.87,0.87098479,,,,2025-12-05T13:23:08Z,2000,2000-01-01,2000-12-31
3231709,GHED_GGHE-DGDP_SHA2011,COUNTRY,GAB,AFR,Africa,YEAR,2016,,,,,,,,,2.01,2.01055074,,,,2025-12-05T13:23:08Z,2016,2016-01-01,2016-12-31
3237060,GHED_GGHE-DGDP_SHA2011,COUNTRY,BRB,AMR,Americas,YEAR,2020,,,,,,,,,3.32,3.32207417,,,,2025-12-05T13:23:08Z,2020,2020-01-01,2020-12-31
3240108,GHED_GGHE-DGDP_SHA2011,COUNTRY,NZL,WPR,Western Pacific,YEAR,2019,,,,,,,,,6.22,6.2196641,,,,2025-12-05T13:23:08Z,2019,2019-01-01,2019-12-31
3245046,GHED_GGHE-DGDP_SHA2011,COUNTRY,GNQ,AFR,Africa,YEAR,2018,,,,,,,,,0.82,0.81501949,,,,2025-12-05T13:23:08Z,2018,2018-01-01,2018-12-31
3245418,GHED_GGHE-DGDP_SHA2011,COUNTRY,TLS,SEAR,South-East Asia,YEAR,2023,,,,,,,,,7.46,7.4576478,,,,2025-12-05T13:23:08Z,2023,2023-01-01,2023-12-31
3246642,GHED_GGHE-DGDP_SHA2011,COUNTRY,COK,WPR,Western Pacific,YEAR,2021,,,,,,,,,6.44,6.44273472,,,,2025-12-05T13:23:08Z,2021,2021-01-01,2021-12-31
3247945,GHED_GGHE-DGDP_SHA2011,COUNTRY,SDN,EMR,Eastern Mediterranean,YEAR,2011,,,,,,,,,1.28,1.28281784,,,,2025-12-05T13:23:08Z,2011,2011-01-01,2011-12-31
3248343,GHED_GGHE-DGDP_SHA2011,COUNTRY,COD,AFR,Africa,YEAR,2011,,,,,,,,,0.35,0.34667644,,,,2025-12-05T13:23:08Z,2011,2011-01-01,2011-12-31
3250230,GHED_GGHE-DGDP_SHA2011,COUNTRY,WSM,WPR,Western Pacific,YEAR,2012,,,,,,,,,3.91,3.91343451,,,,2025-12-05T13:23:08Z,2012,2012-01-01,2012-12-31
3251123,GHED_GGHE-DGDP_SHA2011,COUNTRY,TUR,EUR,Europe,YEAR,2016,,,,,,,,,3.36,3.36101246,,,,2025-12-05T13:23:08Z,2016,2016-01-01,2016-12-31
3251156,GHED_GGHE-DGDP_SHA2011,COUNTRY,ZMB,AFR,Africa,YEAR,2016,,,,,,,,,1.71,1.71430743,,,,2025-12-05T13:23:08Z,2016,2016-01-01,2016-12-31
3252747,GHED_GGHE-DGDP_SHA2011,COUNTRY,GNQ,AFR,Africa,YEAR,2004,,,,,,,,,0.35,0.35340402,,,,2025-12-05T13:23:08Z,2004,2004-01-01,2004-12-31
3253941,GHED_GGHE-DGDP_SHA2011,COUNTRY,SYR,EMR,Eastern Mediterranean,YEAR,2000,,,,,,,,,1.62,1.61808777,,,,2025-12-05T13:23:08Z,2000,2000-01-01,2000-12-31
3254856,GHED_GGHE-DGDP_SHA2011,COUNTRY,SLV,AMR,Americas,YEAR,2023,,,,,,,,,5.62,5.62305593,,,,2025-12-05T13:23:08Z,2023,2023-01-01,2023-12-31
3255803,GHED_GGHE-DGDP_SHA2011,COUNTRY,SYC,AFR,Africa,YEAR,2023,,,,,,,,,3.15,3.1497128,,,,2025-12-05T13:23:08Z,2023,2023-01-01,2023-12-31
3262898,GHED_GGHE-DGDP_SHA2011,COUNTRY,NZL,WPR,Western Pacific,YEAR,2016,,,,,,,,,6.41,6.4102993,,,,2025-12-05T13:23:08Z,2016,2016-01-01,2016-12-31
3263408,GHED_GGHE-DGDP_SHA2011,COUNTRY,BFA,AFR,Africa,YEAR,2004,,,,,,,,,1.70,1.69977903,,,,2025-12-05T13:23:08Z,2004,2004-01-01,2004-12-31
3263960,GHED_GGHE-DGDP_SHA2011,COUNTRY,CAN,AMR,Americas,YEAR,2021,,,,,,,,,9.00,9.00172424,,,,2025-12-05T13:23:08Z,2021,2021-01-01,2021-12-31
3266469,GHED_GGHE-DGDP_SHA2011,COUNTRY,DOM,AMR,Americas,YEAR,2005,,,,,,,,,1.39,1.39308929,,,,2025-12-05T13:23:08Z,2005,2005-01-01,2005-12-31
3270709,GHED_GGHE-DGDP_SHA2011,COUNTRY,NIC,AMR,Americas,YEAR,2008,,,,,,,,,3.19,3.19054222,,,,2025-12-05T13:23:08Z,2008,2008-01-01,2008-12-31
3273566,GHED_GGHE-DGDP_SHA2011,COUNTRY,MKD,EUR,Europe,YEAR,2008,,,,,,,,,4.23,4.23244715,,,,2025-12-05T13:23:08Z,2008,2008-01-01,2008-12-31
3273769,GHED_GGHE-DGDP_SHA2011,COUNTRY,LKA,SEAR,South-East Asia,YEAR,2017,,,,,,,,,1.37,1.36585641,,,,2025-12-05T13:23:08Z,2017,2017-01-01,2017-12-31
3274504,GHED_GGHE-DGDP_SHA2011,COUNTRY,IND,SEAR,South-East Asia,YEAR,2020,,,,,,,,,1.21,1.21139216,,,,2025-12-05T13:23:08Z,2020,2020-01-01,2020-12-31
3274738,GHED_GGHE-DGDP_SHA2011,COUNTRY,ISL,EUR,Europe,YEAR,2009,,,,,,,,,7.16,7.16391802,,,,2025-12-05T13:23:08Z,2009,2009-01-01,2009-12-31
3274883,GHED_GGHE-DGDP_SHA2011,COUNTRY,CIV,AFR,Africa,YEAR,2022,,,,,,,,,1.49,1.49067545,,,,2026-01-12T13:50:53Z,2022,2022-01-01,2022-12-31
3275438,GHED_GGHE-DGDP_SHA2011,COUNTRY,ZMB,AFR,Africa,YEAR,2001,,,,,,,,,1.93,1.92502928,,,,2025-12-05T13:23:08Z,2001,2001-01-01,2001-12-31
3281670,GHED_GGHE-DGDP_SHA2011,COUNTRY,CZE,EUR,Europe,YEAR,2018,,,,,,,,,6.24,6.24047327,,,,2025-12-05T13:23:08Z,2018,2018-01-01,2018-12-31
3281909,GHED_GGHE-DGDP_SHA2011,COUNTRY,LIE,EUR,Europe,YEAR,2022,,,,,,,,,3.83,3.82908344,,,,2025-12-05T13:23:08Z,2022,2022-01-01,2022-12-31
3285310,GHED_GGHE-DGDP_SHA2011,COUNTRY,GNQ,AFR,Africa,YEAR,2013,,,,,,,,,0.62,0.61788166,,,,2025-12-05T13:23:08Z,2013,2013-01-01,2013-12-31
3292022,GHED_GGHE-DGDP_SHA2011,COUNTRY,MYS,WPR,Western Pacific,YEAR,2007,,,,,,,,,1.62,1.62477779,,,,2025-12-05T13:23:08Z,2007,2007-01-01,2007-12-31
3293449,GHED_GGHE-DGDP_SHA2011,COUNTRY,ALB,EUR,Europe,YEAR,2002,,,,,,,,,2.56,2.55822611,,,,2025-12-05T13:23:08Z,2002,2002-01-01,2002-12-31
3298191,GHED_GGHE-DGDP_SHA2011,WORLDBANKINCOMEGROUP,WB_LI,,,YEAR,2000,,,,,,,,,1.17,1.1749119,,,,2025-12-05T13:23:08Z,2000,2000-01-01,2000-12-31
3298951,GHED_GGHE-DGDP_SHA2011,COUNTRY,GTM,AMR,Americas,YEAR,2022,,,,,,,,,2.47,2.47282767,,,,2025-12-05T13:23:08Z,2022,2022-01-01,2022-12-31
3304849,GHED_GGHE-DGDP_SHA2011,COUNTRY,KOR,WPR,Western Pacific,YEAR,2007,,,,,,,,,2.72,2.72422862,,,,2025-12-05T13:23:08Z,2007,2007-01-01,2007-12-31
3305915,GHED_GGHE-DGDP_SHA2011,COUNTRY,ECU,AMR,Americas,YEAR,2006,,,,,,,,,1.86,1.86176145,,,,2025-12-05T13:23:08Z,2006,2006-01-01,2006-12-31
3307270,GHED_GGHE-DGDP_SHA2011,COUNTRY,RUS,EUR,Europe,YEAR,2004,,,,,,,,,2.80,2.79753399,,,,2025-12-05T13:23:08Z,2004,2004-01-01,2004-12-31
3318834,GHED_GGHE-DGDP_SHA2011,COUNTRY,GTM,AMR,Americas,YEAR,2006,,,,,,,,,2.07,2.06657243,,,,2025-12-05T13:23:08Z,2006,2006-01-01,2006-12-31
3322603,GHED_GGHE-DGDP_SHA2011,COUNTRY,PLW,WPR,Western Pacific,YEAR,2022,,,,,,,,,7.71,7.71421003,,,,2025-12-05T13:23:08Z,2022,2022-01-01,2022-12-31
3323969,GHED_GGHE-DGDP_SHA2011,COUNTRY,SLE,AFR,Africa,YEAR,2020,,,,,,,,,0.83,0.82859242,,,,2025-12-05T13:23:08Z,2020,2020-01-01,2020-12-31
3325526,GHED_GGHE-DGDP_SHA2011,COUNTRY,HND,AMR,Americas,YEAR,2019,,,,,,,,,2.90,2.89673924,,,,2025-12-05T13:23:08Z,2019,2019-01-01,2019-12-31
3326130,GHED_GGHE-DGDP_SHA2011,COUNTRY,CHN,WPR,Western Pacific,YEAR,2006,,,,,,,,,1.37,1.36572993,,,,2025-12-05T13:23:08Z,2006,2006-01-01,2006-12-31
3328024,GHED_GGHE-DGDP_SHA2011,COUNTRY,IND,SEAR,South-East Asia,YEAR,2019,,,,,,,,,1.04,1.03550148,,,,2025-12-05T13:23:08Z,2019,2019-01-01,2019-12-31
3329459,GHED_GGHE-DGDP_SHA2011,COUNTRY,POL,EUR,Europe,YEAR,2008,,,,,,,,,4.52,4.52287197,,,,2025-12-05T13:23:08Z,2008,2008-01-01,2008-12-31
3330398,GHED_GGHE-DGDP_SHA2011,REGION,EMR,,,YEAR,2004,,,,,,,,,2.04,2.03861515,,,,2025-12-05T13:23:08Z,2004,2004-01-01,2004-12-31
3331704,GHED_GGHE-DGDP_SHA2011,COUNTRY,SYR,EMR,Eastern Mediterranean,YEAR,2011,,,,,,,,,1.14,1.14291418,,,,2025-12-05T13:23:08Z,2011,2011-01-01,2011-12-31
3331929,GHED_GGHE-DGDP_SHA2011,COUNTRY,TUR,EUR,Europe,YEAR,2013,,,,,,,,,3.42,3.42470455,,,,2025-12-05T13:23:08Z,2013,2013-01-01,2013-12-31
3334990,GHED_GGHE-DGDP_SHA2011,COUNTRY,SYC,AFR,Africa,YEAR,2020,,,,,,,,,4.48,4.47688675,,,,2025-12-05T13:23:08Z,2020,2020-01-01,2020-12-31
3336655,GHED_GGHE-DGDP_SHA2011,COUNTRY,TUN,EMR,Eastern Mediterranean,YEAR,2020,,,,,,,,,4.31,4.31212521,,,,2025-12-05T13:23:08Z,2020,2020-01-01,2020-12-31
3340270,GHED_GGHE-DGDP_SHA2011,COUNTRY,GIN,AFR,Africa,YEAR,2012,,,,,,,,,0.51,0.51431388,,,,2025-12-05T13:23:08Z,2012,2012-01-01,2012-12-31
3340796,GHED_GGHE-DGDP_SHA2011,COUNTRY,LCA,AMR,Americas,YEAR,2014,,,,,,,,,1.91,1.91464138,,,,2025-12-05T13:23:08Z,2014,2014-01-01,2014-12-31
3341398,GHED_GGHE-DGDP_SHA2011,COUNTRY,BLR,EUR,Europe,YEAR,2015,,,,,,,,,3.69,3.68674207,,,,2025-12-05T13:23:08Z,2015,2015-01-01,2015-12-31
3341592,GHED_GGHE-DGDP_SHA2011,COUNTRY,COD,AFR,Africa,YEAR,2016,,,,,,,,,0.53,0.53029794,,,,2025-12-05T13:23:08Z,2016,2016-01-01,2016-12-31
3342997,GHED_GGHE-DGDP_SHA2011,COUNTRY,PNG,WPR,Western Pacific,YEAR,2009,,,,,,,,,1.56,1.55684996,,,,2025-12-05T13:23:08Z,2009,2009-01-01,2009-12-31
3344104,GHED_GGHE-DGDP_SHA2011,COUNTRY,ETH,AFR,Africa,YEAR,2023,,,,,,,,,0.61,0.614245,,,,2025-12-05T13:23:08Z,2023,2023-01-01,2023-12-31
3345320,GHED_GGHE-DGDP_SHA2011,COUNTRY,KIR,WPR,Western Pacific,YEAR,2011,,,,,,,,,7.53,7.53157902,,,,2025-12-05T13:23:08Z,2011,2011-01-01,2011-12-31
3345652,GHED_GGHE-DGDP_SHA2011,COUNTRY,BWA,AFR,Africa,YEAR,2004,,,,,,,,,3.43,3.4343946,,,,2025-12-05T13:23:08Z,2004,2004-01-01,2004-12-31
3346934,GHED_GGHE-DGDP_SHA2011,COUNTRY,DZA,AFR,Africa,YEAR,2012,,,,,,,,,4.03,4.02772284,,,,2025-12-05T13:23:08Z,2012,2012-01-01,2012-12-31
3347784,GHED_GGHE-DGDP_SHA2011,COUNTRY,LAO,WPR,Western Pacific,YEAR,2015,,,,,,,,,0.86,0.86391306,,,,2025-12-05T13:23:08Z,2015,2015-01-01,2015-12-31
3351634,GHED_GGHE-DGDP_SHA2011,COUNTRY,HTI,AMR,Americas,YEAR,2003,,,,,,,,,0.52,0.51697874,,,,2025-12-05T13:23:08Z,2003,2003-01-01,2003-12-31
3354457,GHED_GGHE-DGDP_SHA2011,COUNTRY,SWZ,AFR,Africa,YEAR,2003,,,,,,,,,2.92,2.91704059,,,,2025-12-05T13:23:08Z,2003,2003-01-01,2003-12-31
3354505,GHED_GGHE-DGDP_SHA2011,COUNTRY,BRA,AMR,Americas,YEAR,2004,,,,,,,,,3.47,3.46692538,,,,2025-12-05T13:23:08Z,2004,2004-01-01,2004-12-31
3359906,GHED_GGHE-DGDP_SHA2011,COUNTRY,IRL,EUR,Europe,YEAR,2015,,,,,,,,,5.08,5.08183002,,,,2025-12-05T13:23:08Z,2015,2015-01-01,2015-12-31
3362222,GHED_GGHE-DGDP_SHA2011,COUNTRY,COG,AFR,Africa,YEAR,2022,,,,,,,,,0.81,0.80518568,,,,2025-12-05T13:23:08Z,2022,2022-01-01,2022-12-31
3364655,GHED_GGHE-DGDP_SHA2011,COUNTRY,ETH,AFR,Africa,YEAR,2018,,,,,,,,,0.77,0.76642609,,,,2025-12-05T13:23:08Z,2018,2018-01-01,2018-12-31
3365021,GHED_GGHE-DGDP_SHA2011,COUNTRY,MRT,AFR,Africa,YEAR,2003,,,,,,,,,0.77,0.7719968,,,,2025-12-05T13:23:08Z,2003,2003-01-01,2003-12-31
3365024,GHED_GGHE-DGDP_SHA2011,COUNTRY,TCD,AFR,Africa,YEAR,2003,,,,,,,,,1.34,1.33923662,,,,2025-12-05T13:23:08Z,2003,2003-01-01,2003-12-31
3374898,GHED_GGHE-DGDP_SHA2011,COUNTRY,HUN,EUR,Europe,YEAR,2002,,,,,,,,,4.93,4.92859268,,,,2025-12-05T13:23:08Z,2002,2002-01-01,2002-12-31
3376550,GHED_GGHE-DGDP_SHA2011,COUNTRY,JAM,AMR,Americas,YEAR,2006,,,,,,,,,2.00,2.00050378,,,,2025-12-05T13:23:08Z,2006,2006-01-01,2006-12-31
3382952,GHED_GGHE-DGDP_SHA2011,COUNTRY,TGO,AFR,Africa,YEAR,2000,,,,,,,,,0.29,0.29096901,,,,2025-12-05T13:23:08Z,2000,2000-01-01,2000-12-31
3383296,GHED_GGHE-DGDP_SHA2011,COUNTRY,BRA,AMR,Americas,YEAR,2018,,,,,,,,,3.89,3.88924217,,,,2025-12-05T13:23:08Z,2018,2018-01-01,2018-12-31
3386689,GHED_GGHE-DGDP_SHA2011,COUNTRY,CYP,EUR,Europe,YEAR,2004,,,,,,,,,2.23,2.23180842,,,,2025-12-05T13:23:08Z,2004,2004-01-01,2004-12-31
3387968,GHED_GGHE-DGDP_SHA2011,COUNTRY,PLW,WPR,Western Pacific,YEAR,2006,,,,,,,,,3.64,3.63601208,,,,2025-12-05T13:23:08Z,2006,2006-01-01,2006-12-31
3388797,GHED_GGHE-DGDP_SHA2011,COUNTRY,MOZ,AFR,Africa,YEAR,2017,,,,,,,,,1.74,1.73677838,,,,2025-12-05T13:23:08Z,2017,2017-01-01,2017-12-31
3392879,GHED_GGHE-DGDP_SHA2011,COUNTRY,MYS,WPR,Western Pacific,YEAR,2012,,,,,,,,,1.86,1.8648726900000001,,,,2025-12-05T13:23:08Z,2012,2012-01-01,2012-12-31
3394446,GHED_GGHE-DGDP_SHA2011,COUNTRY,ISR,EUR,Europe,YEAR,2013,,,,,,,,,4.40,4.40172148,,,,2025-12-05T13:23:08Z,2013,2013-01-01,2013-12-31
3395566,GHED_GGHE-DGDP_SHA2011,COUNTRY,AND,EUR,Europe,YEAR,2018,,,,,,,,,5.22,5.21907949,,,,2025-12-05T13:23:08Z,2018,2018-01-01,2018-12-31
3395677,GHED_GGHE-DGDP_SHA2011,COUNTRY,MDG,AFR,Africa,YEAR,2001,,,,,,,,,1.83,1.83291543,,,,2025-12-05T13:23:08Z,2001,2001-01-01,2001-12-31
3396283,GHED_GGHE-DGDP_SHA2011,COUNTRY,GAB,AFR,Africa,YEAR,2001,,,,,,,,,1.26,1.26300132,,,,2025-12-05T13:23:08Z,2001,2001-01-01,2001-12-31
3396988,GHED_GGHE-DGDP_SHA2011,COUNTRY,TZA,AFR,Africa,YEAR,2011,,,,,,,,,1.29,1.28681624,,,,2025-12-05T13:23:08Z,2011,2011-01-01,2011-12-31
3398481,GHED_GGHE-DGDP_SHA2011,COUNTRY,HND,AMR,Americas,YEAR,2011,,,,,,,,,3.89,3.89370441,,,,2025-12-05T13:23:08Z,2011,2011-01-01,2011-12-31
3407820,GHED_GGHE-DGDP_SHA2011,COUNTRY,CUB,AMR,Americas,YEAR,2004,,,,,,,,,5.47,5.4684186,,,,2025-12-05T13:23:08Z,2004,2004-01-01,2004-12-31
3412866,GHED_GGHE-DGDP_SHA2011,COUNTRY,BOL,AMR,Americas,YEAR,2003,,,,,,,,,2.75,2.75486469,,,,2025-12-05T13:23:08Z,2003,2003-01-01,2003-12-31
3416412,GHED_GGHE-DGDP_SHA2011,COUNTRY,ALB,EUR,Europe,YEAR,2008,,,,,,,,,2.27,2.27345061,,,,2025-12-05T13:23:08Z,2008,2008-01-01,2008-12-31
3417107,GHED_GGHE-DGDP_SHA2011,COUNTRY,THA,SEAR,South-East Asia,YEAR,2001,,,,,,,,,1.66,1.66487634,,,,2025-12-05T13:23:08Z,2001,2001-01-01,2001-12-31
3419321,GHED_GGHE-DGDP_SHA2011,COUNTRY,COK,WPR,Western Pacific,YEAR,2006,,,,,,,,,2.93,2.93108749,,,,2025-12-05T13:23:08Z,2006,2006-01-01,2006-12-31
3421630,GHED_GGHE-DGDP_SHA2011,COUNTRY,BHR,EMR,Eastern Mediterranean,YEAR,2000,,,,,,,,,2.28,2.27505612,,,,2025-12-05T13:23:08Z,2000,2000-01-01,2000-12-31
3423667,GHED_GGHE-DGDP_SHA2011,COUNTRY,KGZ,EUR,Europe,YEAR,2021,,,,,,,,,2.96,2.95868587,,,,2025-12-05T13:23:08Z,2021,2021-01-01,2021-12-31
3425492,GHED_GGHE-DGDP_SHA2011,COUNTRY,IRQ,EMR,Eastern Mediterranean,YEAR,2017,,,,,,,,,1.69,1.69484437,,,,2025-12-05T13:23:08Z,2017,2017-01-01,2017-12-31
3430770,GHED_GGHE-DGDP_SHA2011,COUNTRY,ESP,EUR,Europe,YEAR,2005,,,,,,,,,5.54,5.53586149,,,,2025-12-05T13:23:08Z,2005,2005-01-01,2005-12-31
3431053,GHED_GGHE-DGDP_SHA2011,COUNTRY,GRC,EUR,Europe,YEAR,2001,,,,,,,,,5.21,5.21165657,,,,2025-12-05T13:23:08Z,2001,2001-01-01,2001-12-31
3433281,GHED_GGHE-DGDP_SHA2011,COUNTRY,BEN,AFR,Africa,YEAR,2007,,,,,,,,,0.95,0.95481884,,,,2025-12-05T13:23:08Z,2007,2007-01-01,2007-12-31
3435722,GHED_GGHE-DGDP_SHA2011,COUNTRY,SWE,EUR,Europe,YEAR,2013,,,,,,,,,9.23,9.23215675,,,,2025-12-05T13:23:08Z,2013,2013-01-01,2013-12-31
3435846,GHED_GGHE-DGDP_SHA2011,COUNTRY,GHA,AFR,Africa,YEAR,2000,,,,,,,,,0.73,0.73089105,,,,2025-12-05T13:23:08Z,2000,2000-01-01,2000-12-31
3436218,GHED_GGHE-DGDP_SHA2011,COUNTRY,URY,AMR,Americas,YEAR,2021,,,,,,,,,6.55,6.54937553,,,,2025-12-05T13:23:08Z,2021,2021-01-01,2021-12-31
3442685,GHED_GGHE-DGDP_SHA2011,COUNTRY,MYS,WPR,Western Pacific,YEAR,2002,,,,,,,,,1.37,1.36677563,,,,2025-12-05T13:23:08Z,2002,2002-01-01,2002-12-31
3449886,GHED_GGHE-DGDP_SHA2011,COUNTRY,FRA,EUR,Europe,YEAR,2016,,,,,,,,,8.61,8.61056232,,,,2025-12-05T13:23:08Z,2016,2016-01-01,2016-12-31
3452251,GHED_GGHE-DGDP_SHA2011,COUNTRY,LAO,WPR,Western Pacific,YEAR,2022,,,,,,,,,0.63,0.62643725,,,,2025-12-05T13:23:08Z,2022,2022-01-01,2022-12-31
3456008,GHED_GGHE-DGDP_SHA2011,COUNTRY,KNA,AMR,Americas,YEAR,2016,,,,,,,,,2.18,2.17921019,,,,2025-12-05T13:23:08Z,2016,2016-01-01,2016-12-31
3457288,GHED_GGHE-DGDP_SHA2011,COUNTRY,GEO,EUR,Europe,YEAR,2006,,,,,,,,,1.19,1.18501794,,,,2025-12-05T13:23:08Z,2006,2006-01-01,2006-12-31
3459716,GHED_GGHE-DGDP_SHA2011,COUNTRY,ZWE,AFR,Africa,YEAR,2019,,,,,,,,,0.46,0.46115172,,,,2025-12-05T13:23:08Z,2019,2019-01-01,2019-12-31
3459858,GHED_GGHE-DGDP_SHA2011,COUNTRY,NRU,WPR,Western Pacific,YEAR,2012,,,,,,,,,4.02,4.0232172,,,,2025-12-05T13:23:08Z,2012,2012-01-01,2012-12-31
3460439,GHED_GGHE-DGDP_SHA2011,COUNTRY,YEM,EMR,Eastern Mediterranean,YEAR,2008,,,,,,,,,1.60,1.60281074,,,,2025-12-05T13:23:08Z,2008,2008-01-01,2008-12-31
3463958,GHED_GGHE-DGDP_SHA2011,COUNTRY,AUS,WPR,Western Pacific,YEAR,2007,,,,,,,,,5.87,5.8701992,,,,2025-12-05T13:23:08Z,2007,2007-01-01,2007-12-31
3464365,GHED_GGHE-DGDP_SHA2011,REGION,EUR,,,YEAR,2011,,,,,,,,,4.97,4.96573168,,,,2025-12-05T13:23:08Z,2011,2011-01-01,2011-12-31
3468916,GHED_GGHE-DGDP_SHA2011,COUNTRY,FIN,EUR,Europe,YEAR,2004,,,,,,,,,6.27,6.2737546,,,,2025-12-05T13:23:08Z,2004,2004-01-01,2004-12-31
3469874,GHED_GGHE-DGDP_SHA2011,COUNTRY,SLB,WPR,Western Pacific,YEAR,2010,,,,,,,,,2.95,2.94911718,,,,2025-12-05T13:23:08Z,2010,2010-01-01,2010-12-31
3470187,GHED_GGHE-DGDP_SHA2011,COUNTRY,CZE,EUR,Europe,YEAR,2011,,,,,,,,,6.32,6.3153348,,,,2025-12-05T13:23:08Z,2011,2011-01-01,2011-12-31
3470719,GHED_GGHE-DGDP_SHA2011,COUNTRY,MWI,AFR,Africa,YEAR,2011,,,,,,,,,1.15,1.15239477,,,,2025-12-05T13:23:08Z,2011,2011-01-01,2011-12-31
3470884,GHED_GGHE-DGDP_SHA2011,COUNTRY,CIV,AFR,Africa,YEAR,2000,,,,,,,,,0.59,0.58689862,,,,2025-12-05T13:23:08Z,2000,2000-01-01,2000-12-31
3473149,GHED_GGHE-DGDP_SHA2011,COUNTRY,YEM,EMR,Eastern Mediterranean,YEAR,2007,,,,,,,,,1.56,1.56395018,,,,2025-12-05T13:23:08Z,2007,2007-01-01,2007-12-31
2403,GHED_GGHE-DGDP_SHA2011,COUNTRY,JOR,EMR,Eastern Mediterranean,YEAR,2010,,,,,,,,,5.45,5.45029831,,,,2025-12-05T13:23:08Z,2010,2010-01-01,2010-12-31
5882,GHED_GGHE-DGDP_SHA2011,COUNTRY,PLW,WPR,Western Pacific,YEAR,2019,,,,,,,,,7.04,7.04400301,,,,2025-12-05T13:23:08Z,2019,2019-01-01,2019-12-31
7037,GHED_GGHE-DGDP_SHA2011,COUNTRY,ECU,AMR,Americas,YEAR,2012,,,,,,,,,3.53,3.52782917,,,,2025-12-05T13:23:08Z,2012,2012-01-01,2012-12-31
8324,GHED_GGHE-DGDP_SHA2011,COUNTRY,NGA,AFR,Africa,YEAR,2014,,,,,,,,,0.45,0.44593188,,,,2025-12-05T13:23:08Z,2014,2014-01-01,2014-12-31
8656,GHED_GGHE-DGDP_SHA2011,COUNTRY,ECU,AMR,Americas,YEAR,2018,,,,,,,,,4.99,4.99487257,,,,2025-12-05T13:23:08Z,2018,2018-01-01,2018-12-31
9298,GHED_GGHE-DGDP_SHA2011,COUNTRY,IRL,EUR,Europe,YEAR,2023,,,,,,,,,5.04,5.03631401,,,,2025-12-05T13:23:08Z,2023,2023-01-01,2023-12-31
11198,GHED_GGHE-DGDP_SHA2011,COUNTRY,TUN,EMR,Eastern Mediterranean,YEAR,2015,,,,,,,,,3.34,3.34255123,,,,2025-12-05T13:23:08Z,2015,2015-01-01,2015-12-31
14385,GHED_GGHE-DGDP_SHA2011,COUNTRY,ETH,AFR,Africa,YEAR,2022,,,,,,,,,0.72,0.72080112,,,,2025-12-05T13:23:08Z,2022,2022-01-01,2022-12-31
15981,GHED_GGHE-DGDP_SHA2011,COUNTRY,OMN,EMR,Eastern Mediterranean,YEAR,2003,,,,,,,,,2.30,2.29992843,,,,2025-12-05T13:23:08Z,2003,2003-01-01,2003-12-31
20957,GHED_GGHE-DGDP_SHA2011,COUNTRY,SUR,AMR,Americas,YEAR,2016,,,,,,,,,3.71,3.71001315,,,,2025-12-05T13:23:08Z,2016,2016-01-01,2016-12-31
24216,GHED_GGHE-DGDP_SHA2011,COUNTRY,CAN,AMR,Americas,YEAR,2001,,,,,,,,,6.28,6.27896452,,,,2025-12-05T13:23:08Z,2001,2001-01-01,2001-12-31
30696,GHED_GGHE-DGDP_SHA2011,COUNTRY,BLR,EUR,Europe,YEAR,2013,,,,,,,,,3.57,3.56868172,,,,2025-12-05T13:23:08Z,2013,2013-01-01,2013-12-31
30838,GHED_GGHE-DGDP_SHA2011,COUNTRY,MNG,WPR,Western Pacific,YEAR,2011,,,,,,,,,2.13,2.13192797,,,,2025-12-05T13:23:08Z,2011,2011-01-01,2011-12-31
31211,GHED_GGHE-DGDP_SHA2011,COUNTRY,ARM,EUR,Europe,YEAR,2009,,,,,,,,,1.81,1.81169069,,,,2025-12-05T13:23:08Z,2009,2009-01-01,2009-12-31
32081,GHED_GGHE-DGDP_SHA2011,COUNTRY,KGZ,EUR,Europe,YEAR,2003,,,,,,,,,2.27,2.26654911,,,,2025-12-05T13:23:08Z,2003,2003-01-01,2003-12-31
41621,GHED_GGHE-DGDP_SHA2011,COUNTRY,TCD,AFR,Africa,YEAR,2011,,,,,,,,,0.60,0.60246891,,,,2025-12-05T13:23:08Z,2011,2011-01-01,2011-12-31
45974,GHED_GGHE-DGDP_SHA2011,COUNTRY,RUS,EUR,Europe,YEAR,2002,,,,,,,,,3.22,3.21910429,,,,2025-12-05T13:23:08Z,2002,2002-01-01,2002-12-31
48959,GHED_GGHE-DGDP_SHA2011,COUNTRY,GRD,AMR,Americas,YEAR,2001,,,,,,,,,2.15,2.14943409,,,,2025-12-05T13:23:08Z,2001,2001-01-01,2001-12-31
49179,GHED_GGHE-DGDP_SHA2011,COUNTRY,BLZ,AMR,Americas,YEAR,2003,,,,,,,,,1.75,1.75257611,,,,2025-12-05T13:23:08Z,2003,2003-01-01,2003-12-31
50154,GHED_GGHE-DGDP_SHA2011,REGION,EUR,,,YEAR,2003,,,,,,,,,4.56,4.56493301,,,,2025-12-05T13:23:08Z,2003,2003-01-01,2003-12-31
51848,GHED_GGHE-DGDP_SHA2011,COUNTRY,BRB,AMR,Americas,YEAR,2006,,,,,,,,,3.32,3.32250285,,,,2025-12-05T13:23:08Z,2006,2006-01-01,2006-12-31
52980,GHED_GGHE-DGDP_SHA2011,COUNTRY,TUV,WPR,Western Pacific,YEAR,2003,,,,,,,,,12.44,12.44285393,,,,2025-12-05T13:23:08Z,2003,2003-01-01,2003-12-31
58436,GHED_GGHE-DGDP_SHA2011,COUNTRY,GRC,EUR,Europe,YEAR,2023,,,,,,,,,4.25,4.24943686,,,,2025-12-05T13:23:08Z,2023,2023-01-01,2023-12-31
58532,GHED_GGHE-DGDP_SHA2011,COUNTRY,ISL,EUR,Europe,YEAR,2016,,,,,,,,,6.66,6.65842867,,,,2025-12-05T13:23:08Z,2016,2016-01-01,2016-12-31
60404,GHED_GGHE-DGDP_SHA2011,COUNTRY,KNA,AMR,Americas,YEAR,2012,,,,,,,,,1.97,1.96832883,,,,2025-12-05T13:23:08Z,2012,2012-01-01,2012-12-31
60780,GHED_GGHE-DGDP_SHA2011,COUNTRY,CMR,AFR,Africa,YEAR,2022,,,,,,,,,0.67,0.66833162,,,,2025-12-05T13:23:08Z,2022,2022-01-01,2022-12-31
73975,GHED_GGHE-DGDP_SHA2011,COUNTRY,ZAF,AFR,Africa,YEAR,2016,,,,,,,,,4.57,4.57297277,,,,2025-12-05T13:23:08Z,2016,2016-01-01,2016-12-31
74316,GHED_GGHE-DGDP_SHA2011,COUNTRY,UZB,EUR,Europe,YEAR,2014,,,,,,,,,2.31,2.31306577,,,,2025-12-05T13:23:08Z,2014,2014-01-01,2014-12-31
74393,GHED_GGHE-DGDP_SHA2011,COUNTRY,TZA,AFR,Africa,YEAR,2006,,,,,,,,,2.38,2.37998843,,,,2025-12-05T13:23:08Z,2006,2006-01-01,2006-12-31
75739,GHED_GGHE-DGDP_SHA2011,COUNTRY,ERI,AFR,Africa,YEAR,2011,,,,,,,,,0.77,0.76524723,,,,2025-12-05T13:23:08Z,2011,2011-01-01,2011-12-31
83163,GHED_GGHE-DGDP_SHA2011,COUNTRY,CHE,EUR,Europe,YEAR,2019,,,,,,,,,3.83,3.82881737,,,,2025-12-05T13:23:08Z,2019,2019-01-01,2019-12-31
84747,GHED_GGHE-DGDP_SHA2011,COUNTRY,SVN,EUR,Europe,YEAR,2019,,,,,,,,,6.20,6.19899702,,,,2025-12-05T13:23:08Z,2019,2019-01-01,2019-12-31
86277,GHED_GGHE-DGDP_SHA2011,COUNTRY,MLI,AFR,Africa,YEAR,2013,,,,,,,,,0.82,0.81583834,,,,2025-12-05T13:23:08Z,2013,2013-01-01,2013-12-31
87306,GHED_GGHE-DGDP_SHA2011,COUNTRY,ARE,EMR,Eastern Mediterranean,YEAR,2021,,,,,,,,,3.40,3.40082932,,,,2025-12-05T13:23:08Z,2021,2021-01-01,2021-12-31
87334,GHED_GGHE-DGDP_SHA2011,COUNTRY,GUY,AMR,Americas,YEAR,2021,,,,,,,,,3.20,3.19546413,,,,2025-12-05T13:23:08Z,2021,2021-01-01,2021-12-31
94207,GHED_GGHE-DGDP_SHA2011,COUNTRY,AUT,EUR,Europe,YEAR,2013,,,,,,,,,7.49,7.49345398,,,,2025-12-05T13:23:08Z,2013,2013-01-01,2013-12-31
95819,GHED_GGHE-DGDP_SHA2011,COUNTRY,PLW,WPR,Western Pacific,YEAR,2021,,,,,,,,,7.58,7.58051348,,,,2025-12-05T13:23:08Z,2021,2021-01-01,2021-12-31
96792,GHED_GGHE-DGDP_SHA2011,COUNTRY,QAT,EMR,Eastern Mediterranean,YEAR,2006,,,,,,,,,1.71,1.71230614,,,,2025-12-05T13:23:08Z,2006,2006-01-01,2006-12-31
97128,GHED_GGHE-DGDP_SHA2011,COUNTRY,PRY,AMR,Americas,YEAR,2021,,,,,,,,,4.47,4.46610212,,,,2025-12-05T13:23:08Z,2021,2021-01-01,2021-12-31
98518,GHED_GGHE-DGDP_SHA2011,COUNTRY,TKM,EUR,Europe,YEAR,2001,,,,,,,,,1.65,1.64814663,,,,2025-12-05T13:23:08Z,2001,2001-01-01,2001-12-31
98836,GHED_GGHE-DGDP_SHA2011,COUNTRY,JAM,AMR,Americas,YEAR,2016,,,,,,,,,3.63,3.62554812,,,,2025-12-05T13:23:08Z,2016,2016-01-01,2016-12-31
99523,GHED_GGHE-DGDP_SHA2011,WORLDBANKINCOMEGROUP,WB_UMI,,,YEAR,2009,,,,,,,,,3.38,3.38210652,,,,2025-12-05T13:23:08Z,2009,2009-01-01,2009-12-31
100338,GHED_GGHE-DGDP_SHA2011,COUNTRY,USA,AMR,Americas,YEAR,2010,,,,,,,,,7.93,7.93023777,,,,2025-12-05T13:23:08Z,2010,2010-01-01,2010-12-31
100755,GHED_GGHE-DGDP_SHA2011,COUNTRY,KWT,EMR,Eastern Mediterranean,YEAR,2004,,,,,,,,,1.80,1.79756808,,,,2025-12-05T13:23:08Z,2004,2004-01-01,2004-12-31
101905,GHED_GGHE-DGDP_SHA2011,COUNTRY,EST,EUR,Europe,YEAR,2008,,,,,,,,,4.51,4.50631046,,,,2025-12-05T13:23:08Z,2008,2008-01-01,2008-12-31
104271,GHED_GGHE-DGDP_SHA2011,COUNTRY,HRV,EUR,Europe,YEAR,2022,,,,,,,,,6.16,6.16261101,,,,2025-12-05T13:23:08Z,2022,2022-01-01,2022-12-31
106847,GHED_GGHE-DGDP_SHA2011,COUNTRY,CYP,EUR,Europe,YEAR,2001,,,,,,,,,2.23,2.233531,,,,2025-12-05T13:23:08Z,2001,2001-01-01,2001-12-31
107066,GHED_GGHE-DGDP_SHA2011,COUNTRY,BEN,AFR,Africa,YEAR,2019,,,,,,,,,0.46,0.45625761,,,,2025-12-05T13:23:08Z,2019,2019-01-01,2019-12-31
108470,GHED_GGHE-DGDP_SHA2011,COUNTRY,MWI,AFR,Africa,YEAR,2020,,,,,,,,,1.56,1.56224585,,,,2025-12-05T13:23:08Z,2020,2020-01-01,2020-12-31
109680,GHED_GGHE-DGDP_SHA2011,COUNTRY,IRN,EMR,Eastern Mediterranean,YEAR,2005,,,,,,,,,1.95,1.95377719,,,,2025-12-05T13:23:08Z,2005,2005-01-01,2005-12-31
110160,GHED_GGHE-DGDP_SHA2011,COUNTRY,IRN,EMR,Eastern Mediterranean,YEAR,2015,,,,,,,,,4.22,4.21780825,,,,2025-12-05T13:23:08Z,2015,2015-01-01,2015-12-31
110521,GHED_GGHE-DGDP_SHA2011,REGION,WPR,,,YEAR,2015,,,,,,,,,3.78,3.77770055,,,,2025-12-05T13:23:08Z,2015,2015-01-01,2015-12-31
110632,GHED_GGHE-DGDP_SHA2011,COUNTRY,THA,SEAR,South-East Asia,YEAR,2016,,,,,,,,,2.85,2.85139871,,,,2025-12-05T13:23:08Z,2016,2016-01-01,2016-12-31
111017,GHED_GGHE-DGDP_SHA2011,COUNTRY,SWE,EUR,Europe,YEAR,2021,,,,,,,,,9.63,9.63231373,,,,2025-12-05T13:23:08Z,2021,2021-01-01,2021-12-31
111452,GHED_GGHE-DGDP_SHA2011,COUNTRY,TON,WPR,Western Pacific,YEAR,2000,,,,,,,,,2.30,2.30323911,,,,2025-12-05T13:23:08Z,2000,2000-01-01,2000-12-31
116291,GHED_GGHE-DGDP_SHA2011,COUNTRY,HRV,EUR,Europe,YEAR,2017,,,,,,,,,5.49,5.49144459,,,,2025-12-05T13:23:08Z,2017,2017-01-01,2017-12-31
117373,GHED_GGHE-DGDP_SHA2011,COUNTRY,MWI,AFR,Africa,YEAR,2012,,,,,,,,,0.96,0.95642853,,,,2025-12-05T13:23:08Z,2012,2012-01-01,2012-12-31
121173,GHED_GGHE-DGDP_SHA2011,COUNTRY,SLV,AMR,Americas,YEAR,2003,,,,,,,,,3.89,3.88919258,,,,2025-12-05T13:23:08Z,2003,2003-01-01,2003-12-31
121806,GHED_GGHE-DGDP_SHA2011,COUNTRY,TCD,AFR,Africa,YEAR,2009,,,,,,,,,0.70,0.70113808,,,,2025-12-05T13:23:08Z,2009,2009-01-01,2009-12-31
122925,GHED_GGHE-DGDP_SHA2011,COUNTRY,CHE,EUR,Europe,YEAR,2002,,,,,,,,,3.10,3.09866619,,,,2025-12-05T13:23:08Z,2002,2002-01-01,2002-12-31
128454,GHED_GGHE-DGDP_SHA2011,COUNTRY,BGD,SEAR,South-East Asia,YEAR,2003,,,,,,,,,0.48,0.48277113,,,,2025-12-05T13:23:08Z,2003,2003-01-01,2003-12-31
132177,GHED_GGHE-DGDP_SHA2011,COUNTRY,KNA,AMR,Americas,YEAR,2002,,,,,,,,,1.93,1.92994869,,,,2025-12-05T13:23:08Z,2002,2002-01-01,2002-12-31
132721,GHED_GGHE-DGDP_SHA2011,COUNTRY,NIU,WPR,Western Pacific,YEAR,2021,,,,,,,,,7.75,7.7513938,,,,2025-12-05T13:23:08Z,2021,2021-01-01,2021-12-31
133280,GHED_GGHE-DGDP_SHA2011,COUNTRY,BTN,SEAR,South-East Asia,YEAR,2001,,,,,,,,,3.29,3.29277039,,,,2025-12-05T13:23:08Z,2001,2001-01-01,2001-12-31
134253,GHED_GGHE-DGDP_SHA2011,COUNTRY,ETH,AFR,Africa,YEAR,2013,,,,,,,,,1.10,1.09967208,,,,2025-12-05T13:23:08Z,2013,2013-01-01,2013-12-31
135359,GHED_GGHE-DGDP_SHA2011,COUNTRY,AUT,EUR,Europe,YEAR,2007,,,,,,,,,6.99,6.98812008,,,,2025-12-05T13:23:08Z,2007,2007-01-01,2007-12-31
136165,GHED_GGHE-DGDP_SHA2011,COUNTRY,ROU,EUR,Europe,YEAR,2007,,,,,,,,,4.09,4.09066439,,,,2025-12-05T13:23:08Z,2007,2007-01-01,2007-12-31
139482,GHED_GGHE-DGDP_SHA2011,COUNTRY,ZAF,AFR,Africa,YEAR,2011,,,,,,,,,4.12,4.12050819,,,,2025-12-05T13:23:08Z,2011,2011-01-01,2011-12-31
142326,GHED_GGHE-DGDP_SHA2011,COUNTRY,GNQ,AFR,Africa,YEAR,2005,,,,,,,,,0.40,0.40104085,,,,2025-12-05T13:23:08Z,2005,2005-01-01,2005-12-31
144821,GHED_GGHE-DGDP_SHA2011,COUNTRY,MNE,EUR,Europe,YEAR,2017,,,,,,,,,4.58,4.58153057,,,,2025-12-05T13:23:08Z,2017,2017-01-01,2017-12-31
146004,GHED_GGHE-DGDP_SHA2011,COUNTRY,CRI,AMR,Americas,YEAR,2022,,,,,,,,,4.95,4.95363188,,,,2025-12-05T13:23:08Z,2022,2022-01-01,2022-12-31
149231,GHED_GGHE-DGDP_SHA2011,COUNTRY,OMN,EMR,Eastern Mediterranean,YEAR,2013,,,,,,,,,2.19,2.19339776,,,,2025-12-05T13:23:08Z,2013,2013-01-01,2013-12-31
149732,GHED_GGHE-DGDP_SHA2011,COUNTRY,NLD,EUR,Europe,YEAR,2009,,,,,,,,,6.74,6.74306917,,,,2025-12-05T13:23:08Z,2009,2009-01-01,2009-12-31
150005,GHED_GGHE-DGDP_SHA2011,COUNTRY,ARM,EUR,Europe,YEAR,2019,,,,,,,,,1.41,1.41167367,,,,2025-12-05T13:23:08Z,2019,2019-01-01,2019-12-31
155652,GHED_GGHE-DGDP_SHA2011,REGION,EUR,,,YEAR,2007,,,,,,,,,4.50,4.4974709,,,,2025-12-05T13:23:08Z,2007,2007-01-01,2007-12-31
157233,GHED_GGHE-DGDP_SHA2011,COUNTRY,MNG,WPR,Western Pacific,YEAR,2006,,,,,,,,,2.49,2.49134016,,,,2025-12-05T13:23:08Z,2006,2006-01-01,2006-12-31
157473,GHED_GGHE-DGDP_SHA2011,COUNTRY,AND,EUR,Europe,YEAR,2008,,,,,,,,,3.70,3.70078373,,,,2025-12-05T13:23:08Z,2008,2008-01-01,2008-12-31
162655,GHED_GGHE-DGDP_SHA2011,COUNTRY,BIH,EUR,Europe,YEAR,2013,,,,,,,,,6.58,6.57830858,,,,2025-12-05T13:23:08Z,2013,2013-01-01,2013-12-31
163532,GHED_GGHE-DGDP_SHA2011,COUNTRY,CAN,AMR,Americas,YEAR,2011,,,,,,,,,7.31,7.31292295,,,,2025-12-05T13:23:08Z,2011,2011-01-01,2011-12-31
164237,GHED_GGHE-DGDP_SHA2011,COUNTRY,MUS,AFR,Africa,YEAR,2018,,,,,,,,,2.48,2.48200822,,,,2025-12-05T13:23:08Z,2018,2018-01-01,2018-12-31
168731,GHED_GGHE-DGDP_SHA2011,COUNTRY,BHR,EMR,Eastern Mediterranean,YEAR,2007,,,,,,,,,2.03,2.03086805,,,,2025-12-05T13:23:08Z,2007,2007-01-01,2007-12-31
170769,GHED_GGHE-DGDP_SHA2011,COUNTRY,SMR,EUR,Europe,YEAR,2015,,,,,,,,,7.29,7.28606033,,,,2025-12-05T13:23:08Z,2015,2015-01-01,2015-12-31
171369,GHED_GGHE-DGDP_SHA2011,COUNTRY,SMR,EUR,Europe,YEAR,2012,,,,,,,,,7.97,7.96990728,,,,2025-12-05T13:23:08Z,2012,2012-01-01,2012-12-31
172725,GHED_GGHE-DGDP_SHA2011,COUNTRY,SAU,EMR,Eastern Mediterranean,YEAR,2004,,,,,,,,,2.56,2.56183243,,,,2025-12-05T13:23:08Z,2004,2004-01-01,2004-12-31
175424,GHED_GGHE-DGDP_SHA2011,COUNTRY,POL,EUR,Europe,YEAR,2018,,,,,,,,,4.44,4.44357109,,,,2025-12-05T13:23:08Z,2018,2018-01-01,2018-12-31
179326,GHED_GGHE-DGDP_SHA2011,COUNTRY,ROU,EUR,Europe,YEAR,2012,,,,,,,,,3.47,3.46611238,,,,2025-12-05T13:23:08Z,2012,2012-01-01,2012-12-31
179454,GHED_GGHE-DGDP_SHA2011,COUNTRY,KWT,EMR,Eastern Mediterranean,YEAR,2006,,,,,,,,,1.39,1.39375639,,,,2025-12-05T13:23:08Z,2006,2006-01-01,2006-12-31
179821,GHED_GGHE-DGDP_SHA2011,COUNTRY,PRY,AMR,Americas,YEAR,2017,,,,,,,,,3.03,3.02672791,,,,2025-12-05T13:23:08Z,2017,2017-01-01,2017-12-31
182559,GHED_GGHE-DGDP_SHA2011,COUNTRY,MLI,AFR,Africa,YEAR,2016,,,,,,,,,1.21,1.20876825,,,,2025-12-05T13:23:08Z,2016,2016-01-01,2016-12-31
190087,GHED_GGHE-DGDP_SHA2011,COUNTRY,BEN,AFR,Africa,YEAR,2021,,,,,,,,,0.33,0.33374113,,,,2025-12-05T13:23:08Z,2021,2021-01-01,2021-12-31
192360,GHED_GGHE-DGDP_SHA2011,COUNTRY,TZA,AFR,Africa,YEAR,2003,,,,,,,,,1.49,1.49158525,,,,2025-12-05T13:23:08Z,2003,2003-01-01,2003-12-31
194317,GHED_GGHE-DGDP_SHA2011,COUNTRY,KIR,WPR,Western Pacific,YEAR,2018,,,,,,,,,8.79,8.78594208,,,,2025-12-05T13:23:08Z,2018,2018-01-01,2018-12-31
199127,GHED_GGHE-DGDP_SHA2011,WORLDBANKINCOMEGROUP,WB_LMI,,,YEAR,2004,,,,,,,,,1.93,1.92999895,,,,2025-12-05T13:23:08Z,2004,2004-01-01,2004-12-31
201499,GHED_GGHE-DGDP_SHA2011,REGION,EMR,,,YEAR,2016,,,,,,,,,2.49,2.48970239,,,,2025-12-05T13:23:08Z,2016,2016-01-01,2016-12-31
202196,GHED_GGHE-DGDP_SHA2011,COUNTRY,BHS,AMR,Americas,YEAR,2022,,,,,,,,,3.99,3.99245048,,,,2025-12-05T13:23:08Z,2022,2022-01-01,2022-12-31
203358,GHED_GGHE-DGDP_SHA2011,COUNTRY,ETH,AFR,Africa,YEAR,2014,,,,,,,,,0.71,0.71479559,,,,2025-12-05T13:23:08Z,2014,2014-01-01,2014-12-31
203816,GHED_GGHE-DGDP_SHA2011,COUNTRY,GNQ,AFR,Africa,YEAR,2000,,,,,,,,,0.52,0.52302271,,,,2025-12-05T13:23:08Z,2000,2000-01-01,2000-12-31
206668,GHED_GGHE-DGDP_SHA2011,REGION,AMR,,,YEAR,2017,,,,,,,,,4.00,4.00439161,,,,2025-12-05T13:23:08Z,2017,2017-01-01,2017-12-31
208335,GHED_GGHE-DGDP_SHA2011,COUNTRY,GEO,EUR,Europe,YEAR,2004,,,,,,,,,1.18,1.17821777,,,,2025-12-05T13:23:08Z,2004,2004-01-01,2004-12-31
209714,GHED_GGHE-DGDP_SHA2011,COUNTRY,BRN,WPR,Western Pacific,YEAR,2012,,,,,,,,,1.69,1.68712533,,,,2025-12-05T13:23:08Z,2012,2012-01-01,2012-12-31
212252,GHED_GGHE-DGDP_SHA2011,COUNTRY,BEL,EUR,Europe,YEAR,2022,,,,,,,,,7.94,7.9360981,,,,2025-12-05T13:23:08Z,2022,2022-01-01,2022-12-31
212356,GHED_GGHE-DGDP_SHA2011,COUNTRY,SRB,EUR,Europe,YEAR,2016,,,,,,,,,4.69,4.69370461,,,,2025-12-05T13:23:08Z,2016,2016-01-01,2016-12-31
216951,GHED_GGHE-DGDP_SHA2011,COUNTRY,UGA,AFR,Africa,YEAR,2012,,,,,,,,,0.92,0.9248504,,,,2025-12-05T13:23:08Z,2012,2012-01-01,2012-12-31
217032,GHED_GGHE-DGDP_SHA2011,COUNTRY,AUS,WPR,Western Pacific,YEAR,2012,,,,,,,,,6.18,6.17619228,,,,2025-12-05T13:23:08Z,2012,2012-01-01,2012-12-31
220228,GHED_GGHE-DGDP_SHA2011,COUNTRY,STP,AFR,Africa,YEAR,2003,,,,,,,,,6.05,6.05494833,,,,2025-12-05T13:23:08Z,2003,2003-01-01,2003-12-31
221596,GHED_GGHE-DGDP_SHA2011,COUNTRY,IDN,WPR,Western Pacific,YEAR,2001,,,,,,,,,0.77,0.77221775,,,,2025-12-05T13:23:08Z,2001,2001-01-01,2001-12-31
224964,GHED_GGHE-DGDP_SHA2011,REGION,EMR,,,YEAR,2003,,,,,,,,,2.10,2.10442577,,,,2025-12-05T13:23:08Z,2003,2003-01-01,2003-12-31
225344,GHED_GGHE-DGDP_SHA2011,COUNTRY,LBR,AFR,Africa,YEAR,2023,,,,,,,,,1.30,1.30092859,,,,2025-12-05T13:23:08Z,2023,2023-01-01,2023-12-31
227868,GHED_GGHE-DGDP_SHA2011,COUNTRY,MEX,AMR,Americas,YEAR,2014,,,,,,,,,2.79,2.78812504,,,,2025-12-05T13:23:08Z,2014,2014-01-01,2014-12-31
228023,GHED_GGHE-DGDP_SHA2011,COUNTRY,JOR,EMR,Eastern Mediterranean,YEAR,2008,,,,,,,,,5.14,5.13681602,,,,2025-12-05T13:23:08Z,2008,2008-01-01,2008-12-31
228750,GHED_GGHE-DGDP_SHA2011,COUNTRY,MWI,AFR,Africa,YEAR,2009,,,,,,,,,1.06,1.0557555,,,,2025-12-05T13:23:08Z,2009,2009-01-01,2009-12-31
229365,GHED_GGHE-DGDP_SHA2011,COUNTRY,BHR,EMR,Eastern Mediterranean,YEAR,2017,,,,,,,,,2.45,2.44733834,,,,2025-12-05T13:23:08Z,2017,2017-01-01,2017-12-31
232100,GHED_GGHE-DGDP_SHA2011,COUNTRY,NOR,EUR,Europe,YEAR,2019,,,,,,,,,8.95,8.94719028,,,,2025-12-05T13:23:08Z,2019,2019-01-01,2019-12-31
232559,GHED_GGHE-DGDP_SHA2011,COUNTRY,BGD,SEAR,South-East Asia,YEAR,2002,,,,,,,,,0.47,0.47014153,,,,2025-12-05T13:23:08Z,2002,2002-01-01,2002-12-31
234892,GHED_GGHE-DGDP_SHA2011,COUNTRY,UKR,EUR,Europe,YEAR,2010,,,,,,,,,3.69,3.68650508,,,,2025-12-05T13:23:08Z,2010,2010-01-01,2010-12-31
238442,GHED_GGHE-DGDP_SHA2011,COUNTRY,TJK,EUR,Europe,YEAR,2000,,,,,,,,,0.89,0.88544548,,,,2025-12-05T13:23:08Z,2000,2000-01-01,2000-12-31
239764,GHED_GGHE-DGDP_SHA2011,COUNTRY,BRA,AMR,Americas,YEAR,2003,,,,,,,,,3.51,3.50954437,,,,2025-12-05T13:23:08Z,2003,2003-01-01,2003-12-31
240957,GHED_GGHE-DGDP_SHA2011,COUNTRY,TLS,SEAR,South-East Asia,YEAR,2021,,,,,,,,,3.12,3.12096453,,,,2025-12-05T13:23:08Z,2021,2021-01-01,2021-12-31
242227,GHED_GGHE-DGDP_SHA2011,COUNTRY,MAR,EMR,Eastern Mediterranean,YEAR,2009,,,,,,,,,1.72,1.72093856,,,,2025-12-05T13:23:08Z,2009,2009-01-01,2009-12-31
251986,GHED_GGHE-DGDP_SHA2011,COUNTRY,SLB,WPR,Western Pacific,YEAR,2007,,,,,,,,,4.96,4.962358,,,,2025-12-05T13:23:08Z,2007,2007-01-01,2007-12-31
254287,GHED_GGHE-DGDP_SHA2011,COUNTRY,PRY,AMR,Americas,YEAR,2010,,,,,,,,,2.13,2.1311543,,,,2025-12-05T13:23:08Z,2010,2010-01-01,2010-12-31
255151,GHED_GGHE-DGDP_SHA2011,REGION,AMR,,,YEAR,2003,,,,,,,,,2.93,2.92801869,,,,2025-12-05T13:23:08Z,2003,2003-01-01,2003-12-31
255463,GHED_GGHE-DGDP_SHA2011,COUNTRY,CAF,AFR,Africa,YEAR,2022,,,,,,,,,1.49,1.49499202,,,,2025-12-05T13:23:08Z,2022,2022-01-01,2022-12-31
260520,GHED_GGHE-DGDP_SHA2011,REGION,EMR,,,YEAR,2009,,,,,,,,,2.35,2.34550495,,,,2025-12-05T13:23:08Z,2009,2009-01-01,2009-12-31
262506,GHED_GGHE-DGDP_SHA2011,COUNTRY,MLI,AFR,Africa,YEAR,2007,,,,,,,,,1.00,0.99671644,,,,2025-12-05T13:23:08Z,2007,2007-01-01,2007-12-31
265060,GHED_GGHE-DGDP_SHA2011,COUNTRY,GNQ,AFR,Africa,YEAR,2011,,,,,,,,,0.59,0.59239239,,,,2025-12-05T13:23:08Z,2011,2011-01-01,2011-12-31
266630,GHED_GGHE-DGDP_SHA2011,COUNTRY,GEO,EUR,Europe,YEAR,2020,,,,,,,,,3.66,3.66064787,,,,2025-12-05T13:23:08Z,2020,2020-01-01,2020-12-31
269001,GHED_GGHE-DGDP_SHA2011,COUNTRY,IRN,EMR,Eastern Mediterranean,YEAR,2020,,,,,,,,,2.48,2.47541046,,,,2025-12-05T13:23:08Z,2020,2020-01-01,2020-12-31
272113,GHED_GGHE-DGDP_SHA2011,COUNTRY,BWA,AFR,Africa,YEAR,2016,,,,,,,,,3.84,3.83726597,,,,2025-12-05T13:23:08Z,2016,2016-01-01,2016-12-31
279416,GHED_GGHE-DGDP_SHA2011,COUNTRY,SLV,AMR,Americas,YEAR,2004,,,,,,,,,4.02,4.01650906,,,,2025-12-05T13:23:08Z,2004,2004-01-01,2004-12-31
280743,GHED_GGHE-DGDP_SHA2011,REGION,EMR,,,YEAR,2011,,,,,,,,,2.13,2.13357832,,,,2025-12-05T13:23:08Z,2011,2011-01-01,2011-12-31
285399,GHED_GGHE-DGDP_SHA2011,COUNTRY,SUR,AMR,Americas,YEAR,2012,,,,,,,,,1.76,1.75651753,,,,2025-12-05T13:23:08Z,2012,2012-01-01,2012-12-31
285544,GHED_GGHE-DGDP_SHA2011,COUNTRY,SRB,EUR,Europe,YEAR,2023,,,,,,,,,5.26,5.26416254,,,,2025-12-05T13:23:08Z,2023,2023-01-01,2023-12-31
285881,GHED_GGHE-DGDP_SHA2011,COUNTRY,MDG,AFR,Africa,YEAR,2000,,,,,,,,,1.85,1.84589028,,,,2025-12-05T13:23:08Z,2000,2000-01-01,2000-12-31
286575,GHED_GGHE-DGDP_SHA2011,COUNTRY,DZA,AFR,Africa,YEAR,2001,,,,,,,,,2.70,2.69560528,,,,2025-12-05T13:23:08Z,2001,2001-01-01,2001-12-31
286679,GHED_GGHE-DGDP_SHA2011,COUNTRY,CPV,AFR,Africa,YEAR,2000,,,,,,,,,2.75,2.75231051,,,,2025-12-05T13:23:08Z,2000,2000-01-01,2000-12-31
287001,GHED_GGHE-DGDP_SHA2011,COUNTRY,THA,SEAR,South-East Asia,YEAR,2012,,,,,,,,,2.68,2.68024039,,,,2025-12-05T13:23:08Z,2012,2012-01-01,2012-12-31
288320,GHED_GGHE-DGDP_SHA2011,COUNTRY,BOL,AMR,Americas,YEAR,2021,,,,,,,,,5.88,5.88253403,,,,2025-12-05T13:23:08Z,2021,2021-01-01,2021-12-31
288683,GHED_GGHE-DGDP_SHA2011,COUNTRY,VNM,WPR,Western Pacific,YEAR,2013,,,,,,,,,2.00,1.99598992,,,,2025-12-05T13:23:08Z,2013,2013-01-01,2013-12-31
288992,GHED_GGHE-DGDP_SHA2011,COUNTRY,FRA,EUR,Europe,YEAR,2019,,,,,,,,,8.33,8.33091736,,,,2025-12-05T13:23:08Z,2019,2019-01-01,2019-12-31
289122,GHED_GGHE-DGDP_SHA2011,REGION,AMR,,,YEAR,2001,,,,,,,,,2.86,2.86216922,,,,2025-12-05T13:23:08Z,2001,2001-01-01,2001-12-31
290101,GHED_GGHE-DGDP_SHA2011,COUNTRY,ESP,EUR,Europe,YEAR,2017,,,,,,,,,6.27,6.26789188,,,,2025-12-05T13:23:08Z,2017,2017-01-01,2017-12-31
290268,GHED_GGHE-DGDP_SHA2011,COUNTRY,AUS,WPR,Western Pacific,YEAR,2008,,,,,,,,,5.97,5.96531916,,,,2025-12-05T13:23:08Z,2008,2008-01-01,2008-12-31
290571,GHED_GGHE-DGDP_SHA2011,COUNTRY,MLT,EUR,Europe,YEAR,2005,,,,,,,,,6.01,6.01062059,,,,2025-12-05T13:23:08Z,2005,2005-01-01,2005-12-31
292547,GHED_GGHE-DGDP_SHA2011,COUNTRY,GUY,AMR,Americas,YEAR,2006,,,,,,,,,1.65,1.65196764,,,,2025-12-05T13:23:08Z,2006,2006-01-01,2006-12-31
295009,GHED_GGHE-DGDP_SHA2011,COUNTRY,MLI,AFR,Africa,YEAR,2014,,,,,,,,,0.89,0.89173758,,,,2025-12-05T13:23:08Z,2014,2014-01-01,2014-12-31
296525,GHED_GGHE-DGDP_SHA2011,COUNTRY,KIR,WPR,Western Pacific,YEAR,2017,,,,,,,,,8.32,8.31615162,,,,2025-12-05T13:23:08Z,2017,2017-01-01,2017-12-31
296636,GHED_GGHE-DGDP_SHA2011,COUNTRY,AGO,AFR,Africa,YEAR,2003,,,,,,,,,1.28,1.28335834,,,,2025-12-05T13:23:08Z,2003,2003-01-01,2003-12-31
304582,GHED_GGHE-DGDP_SHA2011,COUNTRY,UZB,EUR,Europe,YEAR,2023,,,,,,,,,2.38,2.38440657,,,,2025-12-05T13:23:08Z,2023,2023-01-01,2023-12-31
307051,GHED_GGHE-DGDP_SHA2011,COUNTRY,PNG,WPR,Western Pacific,YEAR,2006,,,,,,,,,1.63,1.62889814,,,,2025-12-05T13:23:08Z,2006,2006-01-01,2006-12-31
307231,GHED_GGHE-DGDP_SHA2011,COUNTRY,ZWE,AFR,Africa,YEAR,2011,,,,,,,,,2.12,2.11964583,,,,2025-12-05T13:23:08Z,2011,2011-01-01,2011-12-31
307536,GHED_GGHE-DGDP_SHA2011,COUNTRY,NIU,WPR,Western Pacific,YEAR,2020,,,,,,,,,6.26,6.26309204,,,,2025-12-05T13:23:08Z,2020,2020-01-01,2020-12-31
308427,GHED_GGHE-DGDP_SHA2011,COUNTRY,SVK,EUR,Europe,YEAR,2022,,,,,,,,,6.15,6.15263939,,,,2025-12-05T13:23:08Z,2022,2022-01-01,2022-12-31
312348,GHED_GGHE-DGDP_SHA2011,COUNTRY,BFA,AFR,Africa,YEAR,2005,,,,,,,,,1.22,1.22285259,,,,2025-12-05T13:23:08Z,2005,2005-01-01,2005-12-31
312378,GHED_GGHE-DGDP_SHA2011,COUNTRY,LIE,EUR,Europe,YEAR,2023,,,,,,,,,3.95,3.94563389,,,,2025-12-05T13:23:08Z,2023,2023-01-01,2023-12-31
314416,GHED_GGHE-DGDP_SHA2011,COUNTRY,TLS,SEAR,South-East Asia,YEAR,2010,,,,,,,,,3.29,3.28824806,,,,2025-12-05T13:23:08Z,2010,2010-01-01,2010-12-31
318029,GHED_GGHE-DGDP_SHA2011,COUNTRY,BLR,EUR,Europe,YEAR,2017,,,,,,,,,3.98,3.98054695,,,,2025-12-05T13:23:08Z,2017,2017-01-01,2017-12-31
318457,GHED_GGHE-DGDP_SHA2011,COUNTRY,DJI,EMR,Eastern Mediterranean,YEAR,2015,,,,,,,,,1.71,1.70769882,,,,2025-12-05T13:23:08Z,2015,2015-01-01,2015-12-31
319225,GHED_GGHE-DGDP_SHA2011,COUNTRY,YEM,EMR,Eastern Mediterranean,YEAR,2021,,,,,,,,,0.71,0.70893025,,,,2025-12-05T13:23:08Z,2021,2021-01-01,2021-12-31
322221,GHED_GGHE-DGDP_SHA2011,COUNTRY,CUB,AMR,Americas,YEAR,2013,,,,,,,,,9.14,9.1383667,,,,2025-12-05T13:23:08Z,2013,2013-01-01,2013-12-31
322624,GHED_GGHE-DGDP_SHA2011,COUNTRY,BGD,SEAR,South-East Asia,YEAR,2022,,,,,,,,,0.34,0.34193528,,,,2025-12-05T13:23:08Z,2022,2022-01-01,2022-12-31
323768,GHED_GGHE-DGDP_SHA2011,COUNTRY,CIV,AFR,Africa,YEAR,2010,,,,,,,,,0.84,0.83997321,,,,2025-12-05T13:23:08Z,2010,2010-01-01,2010-12-31
327679,GHED_GGHE-DGDP_SHA2011,COUNTRY,GTM,AMR,Americas,YEAR,2020,,,,,,,,,2.47,2.47224283,,,,2025-12-05T13:23:08Z,2020,2020-01-01,2020-12-31
328172,GHED_GGHE-DGDP_SHA2011,COUNTRY,LKA,SEAR,South-East Asia,YEAR,2022,,,,,,,,,1.53,1.52578461,,,,2025-12-05T13:23:08Z,2022,2022-01-01,2022-12-31
330147,GHED_GGHE-DGDP_SHA2011,COUNTRY,GTM,AMR,Americas,YEAR,2016,,,,,,,,,2.29,2.28762269,,,,2025-12-05T13:23:08Z,2016,2016-01-01,2016-12-31
331614,GHED_GGHE-DGDP_SHA2011,COUNTRY,HND,AMR,Americas,YEAR,2001,,,,,,,,,2.49,2.49121737,,,,2025-12-05T13:23:08Z,2001,2001-01-01,2001-12-31
332900,GHED_GGHE-DGDP_SHA2011,COUNTRY,CPV,AFR,Africa,YEAR,2002,,,,,,,,,2.71,2.71163344,,,,2025-12-05T13:23:08Z,2002,2002-01-01,2002-12-31
333546,GHED_GGHE-DGDP_SHA2011,COUNTRY,UKR,EUR,Europe,YEAR,2004,,,,,,,,,3.40,3.40481019,,,,2025-12-05T13:23:08Z,2004,2004-01-01,2004-12-31
334090,GHED_GGHE-DGDP_SHA2011,COUNTRY,BEL,EUR,Europe,YEAR,2018,,,,,,,,,8.33,8.32855988,,,,2025-12-05T13:23:08Z,2018,2018-01-01,2018-12-31
343149,GHED_GGHE-DGDP_SHA2011,COUNTRY,QAT,EMR,Eastern Mediterranean,YEAR,2002,,,,,,,,,1.55,1.547966,,,,2025-12-05T13:23:08Z,2002,2002-01-01,2002-12-31
346889,GHED_GGHE-DGDP_SHA2011,COUNTRY,AGO,AFR,Africa,YEAR,2018,,,,,,,,,0.98,0.97981894,,,,2025-12-05T13:23:08Z,2018,2018-01-01,2018-12-31
350350,GHED_GGHE-DGDP_SHA2011,COUNTRY,PAK,EMR,Eastern Mediterranean,YEAR,2003,,,,,,,,,0.51,0.5118525,,,,2025-12-05T13:23:08Z,2003,2003-01-01,2003-12-31
350911,GHED_GGHE-DGDP_SHA2011,COUNTRY,JOR,EMR,Eastern Mediterranean,YEAR,2012,,,,,,,,,5.04,5.03539467,,,,2025-12-05T13:23:08Z,2012,2012-01-01,2012-12-31
351733,GHED_GGHE-DGDP_SHA2011,COUNTRY,MEX,AMR,Americas,YEAR,2006,,,,,,,,,2.32,2.31543756,,,,2025-12-05T13:23:08Z,2006,2006-01-01,2006-12-31
359224,GHED_GGHE-DGDP_SHA2011,COUNTRY,PHL,WPR,Western Pacific,YEAR,2010,,,,,,,,,1.32,1.31791425,,,,2025-12-05T13:23:08Z,2010,2010-01-01,2010-12-31
360733,GHED_GGHE-DGDP_SHA2011,COUNTRY,GBR,EUR,Europe,YEAR,2010,,,,,,,,,8.03,8.03008556,,,,2025-12-05T13:23:08Z,2010,2010-01-01,2010-12-31
362813,GHED_GGHE-DGDP_SHA2011,COUNTRY,RWA,AFR,Africa,YEAR,2016,,,,,,,,,1.57,1.5660044,,,,2025-12-05T13:23:08Z,2016,2016-01-01,2016-12-31
364457,GHED_GGHE-DGDP_SHA2011,COUNTRY,CAN,AMR,Americas,YEAR,2015,,,,,,,,,7.63,7.63076639,,,,2025-12-05T13:23:08Z,2015,2015-01-01,2015-12-31
365476,GHED_GGHE-DGDP_SHA2011,COUNTRY,MMR,SEAR,South-East Asia,YEAR,2013,,,,,,,,,0.59,0.58719838,,,,2025-12-05T13:23:08Z,2013,2013-01-01,2013-12-31
369237,GHED_GGHE-DGDP_SHA2011,COUNTRY,TON,WPR,Western Pacific,YEAR,2004,,,,,,,,,2.46,2.45591736,,,,2025-12-05T13:23:08Z,2004,2004-01-01,2004-12-31
371508,GHED_GGHE-DGDP_SHA2011,COUNTRY,LVA,EUR,Europe,YEAR,2016,,,,,,,,,3.55,3.54719949,,,,2025-12-05T13:23:08Z,2016,2016-01-01,2016-12-31
374580,GHED_GGHE-DGDP_SHA2011,COUNTRY,ISL,EUR,Europe,YEAR,2019,,,,,,,,,7.17,7.16506433,,,,2025-12-05T13:23:08Z,2019,2019-01-01,2019-12-31
381003,GHED_GGHE-DGDP_SHA2011,COUNTRY,BFA,AFR,Africa,YEAR,2008,,,,,,,,,1.36,1.36111355,,,,2025-12-05T13:23:08Z,2008,2008-01-01,2008-12-31
381359,GHED_GGHE-DGDP_SHA2011,COUNTRY,GBR,EUR,Europe,YEAR,2008,,,,,,,,,7.34,7.3422575,,,,2025-12-05T13:23:08Z,2008,2008-01-01,2008-12-31
381997,GHED_GGHE-DGDP_SHA2011,COUNTRY,ROU,EUR,Europe,YEAR,2017,,,,,,,,,4.08,4.0776796300000004,,,,2025-12-05T13:23:08Z,2017,2017-01-01,2017-12-31
388583,GHED_GGHE-DGDP_SHA2011,COUNTRY,FJI,WPR,Western Pacific,YEAR,2011,,,,,,,,,1.89,1.88993454,,,,2025-12-05T13:23:08Z,2011,2011-01-01,2011-12-31
389475,GHED_GGHE-DGDP_SHA2011,COUNTRY,BLZ,AMR,Americas,YEAR,2015,,,,,,,,,3.17,3.17137766,,,,2025-12-05T13:23:08Z,2015,2015-01-01,2015-12-31
394764,GHED_GGHE-DGDP_SHA2011,COUNTRY,KAZ,EUR,Europe,YEAR,2007,,,,,,,,,1.80,1.79586542,,,,2025-12-05T13:23:08Z,2007,2007-01-01,2007-12-31
398456,GHED_GGHE-DGDP_SHA2011,COUNTRY,TGO,AFR,Africa,YEAR,2023,,,,,,,,,0.68,0.6805678,,,,2025-12-05T13:23:08Z,2023,2023-01-01,2023-12-31
398471,GHED_GGHE-DGDP_SHA2011,COUNTRY,SVK,EUR,Europe,YEAR,2020,,,,,,,,,5.67,5.66738129,,,,2025-12-05T13:23:08Z,2020,2020-01-01,2020-12-31
406490,GHED_GGHE-DGDP_SHA2011,COUNTRY,NOR,EUR,Europe,YEAR,2003,,,,,,,,,7.65,7.64598131,,,,2025-12-05T13:23:08Z,2003,2003-01-01,2003-12-31
407552,GHED_GGHE-DGDP_SHA2011,COUNTRY,BRN,WPR,Western Pacific,YEAR,2023,,,,,,,,,2.06,2.06224728,,,,2025-12-05T13:23:08Z,2023,2023-01-01,2023-12-31
408189,GHED_GGHE-DGDP_SHA2011,COUNTRY,SLB,WPR,Western Pacific,YEAR,2005,,,,,,,,,6.40,6.40079355,,,,2025-12-05T13:23:08Z,2005,2005-01-01,2005-12-31
408498,GHED_GGHE-DGDP_SHA2011,COUNTRY,GMB,AFR,Africa,YEAR,2008,,,,,,,,,0.73,0.7288478,,,,2025-12-05T13:23:08Z,2008,2008-01-01,2008-12-31
414082,GHED_GGHE-DGDP_SHA2011,COUNTRY,NAM,AFR,Africa,YEAR,2019,,,,,,,,,5.27,5.26885462,,,,2025-12-05T13:23:08Z,2019,2019-01-01,2019-12-31
415079,GHED_GGHE-DGDP_SHA2011,COUNTRY,HTI,AMR,Americas,YEAR,2020,,,,,,,,,0.49,0.48513991,,,,2025-12-05T13:23:08Z,2020,2020-01-01,2020-12-31
415989,GHED_GGHE-DGDP_SHA2011,COUNTRY,IRN,EMR,Eastern Mediterranean,YEAR,2003,,,,,,,,,1.95,1.95293641,,,,2025-12-05T13:23:08Z,2003,2003-01-01,2003-12-31
419100,GHED_GGHE-DGDP_SHA2011,COUNTRY,PAK,EMR,Eastern Mediterranean,YEAR,2005,,,,,,,,,0.52,0.51540869,,,,2025-12-05T13:23:08Z,2005,2005-01-01,2005-12-31
419832,GHED_GGHE-DGDP_SHA2011,COUNTRY,NPL,SEAR,South-East Asia,YEAR,2001,,,,,,,,,0.58,0.58420616,,,,2025-12-05T13:23:08Z,2001,2001-01-01,2001-12-31
420427,GHED_GGHE-DGDP_SHA2011,COUNTRY,AGO,AFR,Africa,YEAR,2007,,,,,,,,,1.54,1.53876388,,,,2025-12-05T13:23:08Z,2007,2007-01-01,2007-12-31
425531,GHED_GGHE-DGDP_SHA2011,COUNTRY,NAM,AFR,Africa,YEAR,2018,,,,,,,,,5.16,5.16180658,,,,2025-12-05T13:23:08Z,2018,2018-01-01,2018-12-31
425533,GHED_GGHE-DGDP_SHA2011,COUNTRY,CHN,WPR,Western Pacific,YEAR,2018,,,,,,,,,2.86,2.85993624,,,,2025-12-05T13:23:08Z,2018,2018-01-01,2018-12-31
426920,GHED_GGHE-DGDP_SHA2011,COUNTRY,MRT,AFR,Africa,YEAR,2022,,,,,,,,,1.71,1.70580709,,,,2025-12-05T13:23:08Z,2022,2022-01-01,2022-12-31
427689,GHED_GGHE-DGDP_SHA2011,COUNTRY,ROU,EUR,Europe,YEAR,2013,,,,,,,,,4.12,4.12454033,,,,2025-12-05T13:23:08Z,2013,2013-01-01,2013-12-31
427706,GHED_GGHE-DGDP_SHA2011,COUNTRY,URY,AMR,Americas,YEAR,2011,,,,,,,,,4.87,4.86718798,,,,2025-12-05T13:23:08Z,2011,2011-01-01,2011-12-31
429066,GHED_GGHE-DGDP_SHA2011,COUNTRY,HUN,EUR,Europe,YEAR,2022,,,,,,,,,4.83,4.8313055,,,,2025-12-05T13:23:08Z,2022,2022-01-01,2022-12-31
432367,GHED_GGHE-DGDP_SHA2011,COUNTRY,MDV,SEAR,South-East Asia,YEAR,2022,,,,,,,,,5.57,5.57443285,,,,2025-12-05T13:23:08Z,2022,2022-01-01,2022-12-31
432653,GHED_GGHE-DGDP_SHA2011,COUNTRY,STP,AFR,Africa,YEAR,2013,,,,,,,,,3.00,2.99635077,,,,2025-12-05T13:23:08Z,2013,2013-01-01,2013-12-31
433307,GHED_GGHE-DGDP_SHA2011,COUNTRY,NPL,SEAR,South-East Asia,YEAR,2005,,,,,,,,,0.75,0.75322849,,,,2025-12-05T13:23:08Z,2005,2005-01-01,2005-12-31
434140,GHED_GGHE-DGDP_SHA2011,COUNTRY,BIH,EUR,Europe,YEAR,2014,,,,,,,,,6.66,6.66444492,,,,2025-12-05T13:23:08Z,2014,2014-01-01,2014-12-31
435337,GHED_GGHE-DGDP_SHA2011,WORLDBANKINCOMEGROUP,WB_UMI,,,YEAR,2001,,,,,,,,,2.93,2.93487562,,,,2025-12-05T13:23:08Z,2001,2001-01-01,2001-12-31
437694,GHED_GGHE-DGDP_SHA2011,COUNTRY,POL,EUR,Europe,YEAR,2011,,,,,,,,,4.44,4.43579817,,,,2025-12-05T13:23:08Z,2011,2011-01-01,2011-12-31
441681,GHED_GGHE-DGDP_SHA2011,COUNTRY,LTU,EUR,Europe,YEAR,2007,,,,,,,,,3.79,3.79175305,,,,2025-12-05T13:23:08Z,2007,2007-01-01,2007-12-31
442726,GHED_GGHE-DGDP_SHA2011,COUNTRY,LBY,EMR,Eastern Mediterranean,YEAR,2012,,,,,,,,,2.92,2.91900086,,,,2025-12-05T13:23:08Z,2012,2012-01-01,2012-12-31
444969,GHED_GGHE-DGDP_SHA2011,COUNTRY,BRA,AMR,Americas,YEAR,2011,,,,,,,,,3.47,3.46567941,,,,2025-12-05T13:23:08Z,2011,2011-01-01,2011-12-31
445112,GHED_GGHE-DGDP_SHA2011,COUNTRY,NGA,AFR,Africa,YEAR,2002,,,,,,,,,0.53,0.53133184,,,,2025-12-05T13:23:08Z,2002,2002-01-01,2002-12-31
446476,GHED_GGHE-DGDP_SHA2011,COUNTRY,BEN,AFR,Africa,YEAR,2016,,,,,,,,,0.71,0.71389222,,,,2025-12-05T13:23:08Z,2016,2016-01-01,2016-12-31
452846,GHED_GGHE-DGDP_SHA2011,COUNTRY,TGO,AFR,Africa,YEAR,2021,,,,,,,,,0.56,0.55793744,,,,2025-12-05T13:23:08Z,2021,2021-01-01,2021-12-31
454853,GHED_GGHE-DGDP_SHA2011,COUNTRY,COG,AFR,Africa,YEAR,2015,,,,,,,,,1.12,1.11883152,,,,2025-12-05T13:23:08Z,2015,2015-01-01,2015-12-31
455962,GHED_GGHE-DGDP_SHA2011,COUNTRY,BFA,AFR,Africa,YEAR,2002,,,,,,,,,1.06,1.05799043,,,,2025-12-05T13:23:08Z,2002,2002-01-01,2002-12-31
459033,GHED_GGHE-DGDP_SHA2011,COUNTRY,GTM,AMR,Americas,YEAR,2023,,,,,,,,,2.44,2.43609333,,,,2025-12-05T13:23:08Z,2023,2023-01-01,2023-12-31
459349,GHED_GGHE-DGDP_SHA2011,COUNTRY,LIE,EUR,Europe,YEAR,2021,,,,,,,,,3.69,3.69411302,,,,2025-12-05T13:23:08Z,2021,2021-01-01,2021-12-31
461080,GHED_GGHE-DGDP_SHA2011,COUNTRY,GMB,AFR,Africa,YEAR,2021,,,,,,,,,1.29,1.28643787,,,,2025-12-05T13:23:08Z,2021,2021-01-01,2021-12-31
463440,GHED_GGHE-DGDP_SHA2011,COUNTRY,TKM,EUR,Europe,YEAR,2018,,,,,,,,,0.99,0.98964322,,,,2025-12-05T13:23:08Z,2018,2018-01-01,2018-12-31
467081,GHED_GGHE-DGDP_SHA2011,REGION,AFR,,,YEAR,2022,,,,,,,,,1.82,1.8178593,,,,2026-01-12T13:50:53Z,2022,2022-01-01,2022-12-31
467775,GHED_GGHE-DGDP_SHA2011,COUNTRY,BRA,AMR,Americas,YEAR,2000,,,,,,,,,3.47,3.47014546,,,,2025-12-05T13:23:08Z,2000,2000-01-01,2000-12-31
467971,GHED_GGHE-DGDP_SHA2011,REGION,AFR,,,YEAR,2001,,,,,,,,,1.51,1.51040408,,,,2025-12-05T13:23:08Z,2001,2001-01-01,2001-12-31
469812,GHED_GGHE-DGDP_SHA2011,COUNTRY,CUB,AMR,Americas,YEAR,2001,,,,,,,,,5.67,5.6706562,,,,2025-12-05T13:23:08Z,2001,2001-01-01,2001-12-31
471386,GHED_GGHE-DGDP_SHA2011,COUNTRY,GRC,EUR,Europe,YEAR,2009,,,,,,,,,6.51,6.5149498,,,,2025-12-05T13:23:08Z,2009,2009-01-01,2009-12-31
471796,GHED_GGHE-DGDP_SHA2011,COUNTRY,YEM,EMR,Eastern Mediterranean,YEAR,2011,,,,,,,,,1.09,1.09211838,,,,2025-12-05T13:23:08Z,2011,2011-01-01,2011-12-31
472770,GHED_GGHE-DGDP_SHA2011,COUNTRY,NAM,AFR,Africa,YEAR,2006,,,,,,,,,5.04,5.04455662,,,,2025-12-05T13:23:08Z,2006,2006-01-01,2006-12-31
474521,GHED_GGHE-DGDP_SHA2011,COUNTRY,TJK,EUR,Europe,YEAR,2002,,,,,,,,,0.81,0.80717486,,,,2025-12-05T13:23:08Z,2002,2002-01-01,2002-12-31
474550,GHED_GGHE-DGDP_SHA2011,COUNTRY,BGD,SEAR,South-East Asia,YEAR,2016,,,,,,,,,0.48,0.4755646,,,,2025-12-05T13:23:08Z,2016,2016-01-01,2016-12-31
475990,GHED_GGHE-DGDP_SHA2011,COUNTRY,CUB,AMR,Americas,YEAR,2010,,,,,,,,,9.70,9.70249748,,,,2025-12-05T13:23:08Z,2010,2010-01-01,2010-12-31
477029,GHED_GGHE-DGDP_SHA2011,COUNTRY,ARG,AMR,Americas,YEAR,2004,,,,,,,,,3.44,3.43900657,,,,2025-12-05T13:23:08Z,2004,2004-01-01,2004-12-31
478332,GHED_GGHE-DGDP_SHA2011,COUNTRY,LCA,AMR,Americas,YEAR,2001,,,,,,,,,1.79,1.7875514,,,,2025-12-05T13:23:08Z,2001,2001-01-01,2001-12-31
482120,GHED_GGHE-DGDP_SHA2011,COUNTRY,RUS,EUR,Europe,YEAR,2001,,,,,,,,,3.04,3.04301357,,,,2025-12-05T13:23:08Z,2001,2001-01-01,2001-12-31
483733,GHED_GGHE-DGDP_SHA2011,COUNTRY,HUN,EUR,Europe,YEAR,2023,,,,,,,,,4.67,4.67247677,,,,2025-12-05T13:23:08Z,2023,2023-01-01,2023-12-31
490689,GHED_GGHE-DGDP_SHA2011,WORLDBANKINCOMEGROUP,WB_UMI,,,YEAR,2019,,,,,,,,,3.81,3.8101791,,,,2025-12-05T13:23:08Z,2019,2019-01-01,2019-12-31
493088,GHED_GGHE-DGDP_SHA2011,COUNTRY,PSE,EMR,Eastern Mediterranean,YEAR,2006,,,,,,,,,3.27,3.27039266,,,,2025-12-05T13:23:08Z,2006,2006-01-01,2006-12-31
494324,GHED_GGHE-DGDP_SHA2011,COUNTRY,BEL,EUR,Europe,YEAR,2007,,,,,,,,,6.77,6.77384472,,,,2025-12-05T13:23:08Z,2007,2007-01-01,2007-12-31
494569,GHED_GGHE-DGDP_SHA2011,COUNTRY,GIN,AFR,Africa,YEAR,2009,,,,,,,,,0.26,0.26025116,,,,2025-12-05T13:23:08Z,2009,2009-01-01,2009-12-31
498290,GHED_GGHE-DGDP_SHA2011,COUNTRY,CAF,AFR,Africa,YEAR,2010,,,,,,,,,0.58,0.57671779,,,,2025-12-05T13:23:08Z,2010,2010-01-01,2010-12-31
498527,GHED_GGHE-DGDP_SHA2011,COUNTRY,COD,AFR,Africa,YEAR,2017,,,,,,,,,0.40,0.39801776,,,,2025-12-05T13:23:08Z,2017,2017-01-01,2017-12-31
500393,GHED_GGHE-DGDP_SHA2011,COUNTRY,AFG,EMR,Eastern Mediterranean,YEAR,2020,,,,,,,,,1.19,1.18621242,,,,2025-12-05T13:23:08Z,2020,2020-01-01,2020-12-31
503047,GHED_GGHE-DGDP_SHA2011,COUNTRY,GIN,AFR,Africa,YEAR,2006,,,,,,,,,0.25,0.24835719,,,,2025-12-05T13:23:08Z,2006,2006-01-01,2006-12-31
503122,GHED_GGHE-DGDP_SHA2011,COUNTRY,DZA,AFR,Africa,YEAR,2023,,,,,,,,,2.31,2.30922818,,,,2025-12-05T13:23:08Z,2023,2023-01-01,2023-12-31
504876,GHED_GGHE-DGDP_SHA2011,COUNTRY,LUX,EUR,Europe,YEAR,2011,,,,,,,,,4.96,4.96489,,,,2025-12-05T13:23:08Z,2011,2011-01-01,2011-12-31
505277,GHED_GGHE-DGDP_SHA2011,COUNTRY,DJI,EMR,Eastern Mediterranean,YEAR,2003,,,,,,,,,1.50,1.50298142,,,,2025-12-05T13:23:08Z,2003,2003-01-01,2003-12-31
505333,GHED_GGHE-DGDP_SHA2011,COUNTRY,ZWE,AFR,Africa,YEAR,2023,,,,,,,,,0.95,0.94662845,,,,2025-12-05T13:23:08Z,2023,2023-01-01,2023-12-31
505948,GHED_GGHE-DGDP_SHA2011,COUNTRY,JAM,AMR,Americas,YEAR,2019,,,,,,,,,3.98,3.97861576,,,,2025-12-05T13:23:08Z,2019,2019-01-01,2019-12-31
509640,GHED_GGHE-DGDP_SHA2011,COUNTRY,BGD,SEAR,South-East Asia,YEAR,2018,,,,,,,,,0.49,0.48568422,,,,2025-12-05T13:23:08Z,2018,2018-01-01,2018-12-31
512568,GHED_GGHE-DGDP_SHA2011,COUNTRY,NLD,EUR,Europe,YEAR,2001,,,,,,,,,5.59,5.58929539,,,,2025-12-05T13:23:08Z,2001,2001-01-01,2001-12-31
513872,GHED_GGHE-DGDP_SHA2011,COUNTRY,GEO,EUR,Europe,YEAR,2021,,,,,,,,,4.44,4.43811321,,,,2025-12-05T13:23:08Z,2021,2021-01-01,2021-12-31
514221,GHED_GGHE-DGDP_SHA2011,WORLDBANKINCOMEGROUP,WB_LI,,,YEAR,2004,,,,,,,,,1.28,1.2809315,,,,2025-12-05T13:23:08Z,2004,2004-01-01,2004-12-31
514992,GHED_GGHE-DGDP_SHA2011,COUNTRY,NZL,WPR,Western Pacific,YEAR,2004,,,,,,,,,6.09,6.08670425,,,,2025-12-05T13:23:08Z,2004,2004-01-01,2004-12-31
521443,GHED_GGHE-DGDP_SHA2011,COUNTRY,EST,EUR,Europe,YEAR,2009,,,,,,,,,5.23,5.22541809,,,,2025-12-05T13:23:08Z,2009,2009-01-01,2009-12-31
522070,GHED_GGHE-DGDP_SHA2011,COUNTRY,BLZ,AMR,Americas,YEAR,2017,,,,,,,,,3.22,3.2159059,,,,2025-12-05T13:23:08Z,2017,2017-01-01,2017-12-31
522275,GHED_GGHE-DGDP_SHA2011,COUNTRY,BRN,WPR,Western Pacific,YEAR,2011,,,,,,,,,1.71,1.70617342,,,,2025-12-05T13:23:08Z,2011,2011-01-01,2011-12-31
523192,GHED_GGHE-DGDP_SHA2011,COUNTRY,AND,EUR,Europe,YEAR,2012,,,,,,,,,4.67,4.67067814,,,,2025-12-05T13:23:08Z,2012,2012-01-01,2012-12-31
524034,GHED_GGHE-DGDP_SHA2011,COUNTRY,IRN,EMR,Eastern Mediterranean,YEAR,2019,,,,,,,,,2.75,2.74998093,,,,2025-12-05T13:23:08Z,2019,2019-01-01,2019-12-31
524505,GHED_GGHE-DGDP_SHA2011,COUNTRY,LIE,EUR,Europe,YEAR,2014,,,,,,,,,3.70,3.69935989,,,,2026-01-12T13:50:53Z,2014,2014-01-01,2014-12-31
527277,GHED_GGHE-DGDP_SHA2011,COUNTRY,WSM,WPR,Western Pacific,YEAR,2009,,,,,,,,,3.98,3.98351336,,,,2025-12-05T13:23:08Z,2009,2009-01-01,2009-12-31
527787,GHED_GGHE-DGDP_SHA2011,COUNTRY,TLS,SEAR,South-East Asia,YEAR,2008,,,,,,,,,3.40,3.39832354,,,,2025-12-05T13:23:08Z,2008,2008-01-01,2008-12-31
529083,GHED_GGHE-DGDP_SHA2011,COUNTRY,PNG,WPR,Western Pacific,YEAR,2018,,,,,,,,,1.62,1.61519086,,,,2025-12-05T13:23:08Z,2018,2018-01-01,2018-12-31
530987,GHED_GGHE-DGDP_SHA2011,COUNTRY,FIN,EUR,Europe,YEAR,2023,,,,,,,,,8.50,8.49943733,,,,2025-12-05T13:23:08Z,2023,2023-01-01,2023-12-31
532781,GHED_GGHE-DGDP_SHA2011,COUNTRY,JPN,WPR,Western Pacific,YEAR,2007,,,,,,,,,6.32,6.32067204,,,,2025-12-05T13:23:08Z,2007,2007-01-01,2007-12-31
533682,GHED_GGHE-DGDP_SHA2011,COUNTRY,COM,AFR,Africa,YEAR,2007,,,,,,,,,0.57,0.56597984,,,,2025-12-05T13:23:08Z,2007,2007-01-01,2007-12-31
536487,GHED_GGHE-DGDP_SHA2011,COUNTRY,SLE,AFR,Africa,YEAR,2005,,,,,,,,,0.59,0.59220541,,,,2025-12-05T13:23:08Z,2005,2005-01-01,2005-12-31
536612,GHED_GGHE-DGDP_SHA2011,COUNTRY,ISR,EUR,Europe,YEAR,2020,,,,,,,,,5.26,5.25961494,,,,2025-12-05T13:23:08Z,2020,2020-01-01,2020-12-31
542477,GHED_GGHE-DGDP_SHA2011,COUNTRY,ISL,EUR,Europe,YEAR,2014,,,,,,,,,6.69,6.68532133,,,,2025-12-05T13:23:08Z,2014,2014-01-01,2014-12-31
542711,GHED_GGHE-DGDP_SHA2011,COUNTRY,EST,EUR,Europe,YEAR,2022,,,,,,,,,5.19,5.18720722,,,,2025-12-05T13:23:08Z,2022,2022-01-01,2022-12-31
546702,GHED_GGHE-DGDP_SHA2011,COUNTRY,LCA,AMR,Americas,YEAR,2022,,,,,,,,,2.26,2.25815845,,,,2025-12-05T13:23:08Z,2022,2022-01-01,2022-12-31
550631,GHED_GGHE-DGDP_SHA2011,COUNTRY,ERI,AFR,Africa,YEAR,2015,,,,,,,,,0.74,0.73755044,,,,2025-12-05T13:23:08Z,2015,2015-01-01,2015-12-31
553670,GHED_GGHE-DGDP_SHA2011,COUNTRY,MDA,EUR,Europe,YEAR,2007,,,,,,,,,5.63,5.62990999,,,,2025-12-05T13:23:08Z,2007,2007-01-01,2007-12-31
554415,GHED_GGHE-DGDP_SHA2011,COUNTRY,MDV,SEAR,South-East Asia,YEAR,2017,,,,,,,,,6.52,6.51826191,,,,2025-12-05T13:23:08Z,2017,2017-01-01,2017-12-31
555952,GHED_GGHE-DGDP_SHA2011,COUNTRY,ISL,EUR,Europe,YEAR,2022,,,,,,,,,7.69,7.69027185,,,,2025-12-05T13:23:08Z,2022,2022-01-01,2022-12-31
559282,GHED_GGHE-DGDP_SHA2011,COUNTRY,FRA,EUR,Europe,YEAR,2012,,,,,,,,,7.89,7.8918004,,,,2025-12-05T13:23:08Z,2012,2012-01-01,2012-12-31
561404,GHED_GGHE-DGDP_SHA2011,COUNTRY,IRQ,EMR,Eastern Mediterranean,YEAR,2021,,,,,,,,,2.54,2.53705359,,,,2025-12-05T13:23:08Z,2021,2021-01-01,2021-12-31
563402,GHED_GGHE-DGDP_SHA2011,COUNTRY,LKA,SEAR,South-East Asia,YEAR,2018,,,,,,,,,1.66,1.66403663,,,,2025-12-05T13:23:08Z,2018,2018-01-01,2018-12-31
565583,GHED_GGHE-DGDP_SHA2011,COUNTRY,URY,AMR,Americas,YEAR,2008,,,,,,,,,4.56,4.55632162,,,,2025-12-05T13:23:08Z,2008,2008-01-01,2008-12-31
566164,GHED_GGHE-DGDP_SHA2011,COUNTRY,WSM,WPR,Western Pacific,YEAR,2023,,,,,,,,,4.69,4.69490862,,,,2025-12-05T13:23:08Z,2023,2023-01-01,2023-12-31
569233,GHED_GGHE-DGDP_SHA2011,COUNTRY,KHM,WPR,Western Pacific,YEAR,2000,,,,,,,,,1.28,1.27856123,,,,2025-12-05T13:23:08Z,2000,2000-01-01,2000-12-31
569931,GHED_GGHE-DGDP_SHA2011,COUNTRY,FRA,EUR,Europe,YEAR,2002,,,,,,,,,7.36,7.36042738,,,,2025-12-05T13:23:08Z,2002,2002-01-01,2002-12-31
570767,GHED_GGHE-DGDP_SHA2011,COUNTRY,MCO,EUR,Europe,YEAR,2015,,,,,,,,,3.49,3.48859453,,,,2025-12-05T13:23:08Z,2015,2015-01-01,2015-12-31
578027,GHED_GGHE-DGDP_SHA2011,COUNTRY,SWE,EUR,Europe,YEAR,2012,,,,,,,,,9.13,9.1259203,,,,2025-12-05T13:23:08Z,2012,2012-01-01,2012-12-31
580571,GHED_GGHE-DGDP_SHA2011,COUNTRY,LBY,EMR,Eastern Mediterranean,YEAR,2018,,,,,,,,,3.48,3.48153329,,,,2025-12-05T13:23:08Z,2018,2018-01-01,2018-12-31
581504,GHED_GGHE-DGDP_SHA2011,COUNTRY,MOZ,AFR,Africa,YEAR,2021,,,,,,,,,2.28,2.28472924,,,,2025-12-05T13:23:08Z,2021,2021-01-01,2021-12-31
582126,GHED_GGHE-DGDP_SHA2011,COUNTRY,QAT,EMR,Eastern Mediterranean,YEAR,2012,,,,,,,,,1.38,1.38358474,,,,2025-12-05T13:23:08Z,2012,2012-01-01,2012-12-31
582286,GHED_GGHE-DGDP_SHA2011,COUNTRY,GUY,AMR,Americas,YEAR,2019,,,,,,,,,2.90,2.90384364,,,,2025-12-05T13:23:08Z,2019,2019-01-01,2019-12-31
583211,GHED_GGHE-DGDP_SHA2011,COUNTRY,COK,WPR,Western Pacific,YEAR,2005,,,,,,,,,2.94,2.94181728,,,,2025-12-05T13:23:08Z,2005,2005-01-01,2005-12-31
590752,GHED_GGHE-DGDP_SHA2011,COUNTRY,BFA,AFR,Africa,YEAR,2019,,,,,,,,,2.24,2.23602796,,,,2025-12-05T13:23:08Z,2019,2019-01-01,2019-12-31
594961,GHED_GGHE-DGDP_SHA2011,COUNTRY,KEN,AFR,Africa,YEAR,2011,,,,,,,,,1.61,1.60566163,,,,2025-12-05T13:23:08Z,2011,2011-01-01,2011-12-31
595248,GHED_GGHE-DGDP_SHA2011,COUNTRY,EGY,EMR,Eastern Mediterranean,YEAR,2008,,,,,,,,,1.54,1.53611362,,,,2025-12-05T13:23:08Z,2008,2008-01-01,2008-12-31
596612,GHED_GGHE-DGDP_SHA2011,REGION,EMR,,,YEAR,2013,,,,,,,,,2.09,2.0943449,,,,2025-12-05T13:23:08Z,2013,2013-01-01,2013-12-31
598575,GHED_GGHE-DGDP_SHA2011,GLOBAL,GLOBAL,,,YEAR,2020,,,,,,,,,4.03,4.02572708,,,,2025-12-05T13:23:08Z,2020,2020-01-01,2020-12-31
599302,GHED_GGHE-DGDP_SHA2011,COUNTRY,BRB,AMR,Americas,YEAR,2000,,,,,,,,,2.55,2.5543673,,,,2025-12-05T13:23:08Z,2000,2000-01-01,2000-12-31
599771,GHED_GGHE-DGDP_SHA2011,COUNTRY,BGR,EUR,Europe,YEAR,2010,,,,,,,,,3.92,3.91909194,,,,2025-12-05T13:23:08Z,2010,2010-01-01,2010-12-31
602398,GHED_GGHE-DGDP_SHA2011,COUNTRY,GMB,AFR,Africa,YEAR,2014,,,,,,,,,1.09,1.09228694,,,,2025-12-05T13:23:08Z,2014,2014-01-01,2014-12-31
603085,GHED_GGHE-DGDP_SHA2011,COUNTRY,GMB,AFR,Africa,YEAR,2005,,,,,,,,,0.82,0.81679177,,,,2025-12-05T13:23:08Z,2005,2005-01-01,2005-12-31
605798,GHED_GGHE-DGDP_SHA2011,COUNTRY,MLT,EUR,Europe,YEAR,2009,,,,,,,,,5.12,5.12119102,,,,2025-12-05T13:23:08Z,2009,2009-01-01,2009-12-31
607903,GHED_GGHE-DGDP_SHA2011,COUNTRY,LBN,EMR,Eastern Mediterranean,YEAR,2020,,,,,,,,,3.32,3.32454515,,,,2025-12-05T13:23:08Z,2020,2020-01-01,2020-12-31
611177,GHED_GGHE-DGDP_SHA2011,COUNTRY,TON,WPR,Western Pacific,YEAR,2013,,,,,,,,,2.78,2.77536654,,,,2025-12-05T13:23:08Z,2013,2013-01-01,2013-12-31
612412,GHED_GGHE-DGDP_SHA2011,COUNTRY,GEO,EUR,Europe,YEAR,2009,,,,,,,,,2.05,2.04964566,,,,2025-12-05T13:23:08Z,2009,2009-01-01,2009-12-31
614533,GHED_GGHE-DGDP_SHA2011,COUNTRY,MLT,EUR,Europe,YEAR,2021,,,,,,,,,6.42,6.41883278,,,,2025-12-05T13:23:08Z,2021,2021-01-01,2021-12-31
614540,GHED_GGHE-DGDP_SHA2011,COUNTRY,GTM,AMR,Americas,YEAR,2019,,,,,,,,,2.37,2.37253165,,,,2025-12-05T13:23:08Z,2019,2019-01-01,2019-12-31
615024,GHED_GGHE-DGDP_SHA2011,COUNTRY,MYS,WPR,Western Pacific,YEAR,2022,,,,,,,,,1.97,1.97318363,,,,2025-12-05T13:23:08Z,2022,2022-01-01,2022-12-31
616997,GHED_GGHE-DGDP_SHA2011,COUNTRY,GHA,AFR,Africa,YEAR,2005,,,,,,,,,1.76,1.756845,,,,2025-12-05T13:23:08Z,2005,2005-01-01,2005-12-31
618605,GHED_GGHE-DGDP_SHA2011,COUNTRY,SLE,AFR,Africa,YEAR,2021,,,,,,,,,1.15,1.14799988,,,,2025-12-05T13:23:08Z,2021,2021-01-01,2021-12-31
621168,GHED_GGHE-DGDP_SHA2011,COUNTRY,ATG,AMR,Americas,YEAR,2014,,,,,,,,,3.15,3.14859223,,,,2025-12-05T13:23:08Z,2014,2014-01-01,2014-12-31
622574,GHED_GGHE-DGDP_SHA2011,COUNTRY,MUS,AFR,Africa,YEAR,2009,,,,,,,,,1.58,1.57988811,,,,2025-12-05T13:23:08Z,2009,2009-01-01,2009-12-31
624391,GHED_GGHE-DGDP_SHA2011,COUNTRY,FJI,WPR,Western Pacific,YEAR,2003,,,,,,,,,2.22,2.22326541,,,,2025-12-05T13:23:08Z,2003,2003-01-01,2003-12-31
624489,GHED_GGHE-DGDP_SHA2011,COUNTRY,VUT,WPR,Western Pacific,YEAR,2008,,,,,,,,,2.27,2.27352452,,,,2025-12-05T13:23:08Z,2008,2008-01-01,2008-12-31
627632,GHED_GGHE-DGDP_SHA2011,COUNTRY,TUR,EUR,Europe,YEAR,2006,,,,,,,,,3.54,3.54304099,,,,2025-12-05T13:23:08Z,2006,2006-01-01,2006-12-31
632055,GHED_GGHE-DGDP_SHA2011,COUNTRY,UKR,EUR,Europe,YEAR,2015,,,,,,,,,3.69,3.68844223,,,,2025-12-05T13:23:08Z,2015,2015-01-01,2015-12-31
632613,GHED_GGHE-DGDP_SHA2011,COUNTRY,KOR,WPR,Western Pacific,YEAR,2000,,,,,,,,,1.88,1.88174403,,,,2025-12-05T13:23:08Z,2000,2000-01-01,2000-12-31
636105,GHED_GGHE-DGDP_SHA2011,COUNTRY,NLD,EUR,Europe,YEAR,2002,,,,,,,,,6.02,6.01927614,,,,2025-12-05T13:23:08Z,2002,2002-01-01,2002-12-31
640112,GHED_GGHE-DGDP_SHA2011,COUNTRY,YEM,EMR,Eastern Mediterranean,YEAR,2015,,,,,,,,,0.43,0.4330447,,,,2025-12-05T13:23:08Z,2015,2015-01-01,2015-12-31
642478,GHED_GGHE-DGDP_SHA2011,COUNTRY,BFA,AFR,Africa,YEAR,2023,,,,,,,,,2.45,2.45250058,,,,2025-12-05T13:23:08Z,2023,2023-01-01,2023-12-31
644196,GHED_GGHE-DGDP_SHA2011,COUNTRY,UKR,EUR,Europe,YEAR,2019,,,,,,,,,3.18,3.17738771,,,,2025-12-05T13:23:08Z,2019,2019-01-01,2019-12-31
644311,GHED_GGHE-DGDP_SHA2011,COUNTRY,SMR,EUR,Europe,YEAR,2009,,,,,,,,,5.00,5,,,,2025-12-05T13:23:08Z,2009,2009-01-01,2009-12-31
646356,GHED_GGHE-DGDP_SHA2011,COUNTRY,BRB,AMR,Americas,YEAR,2002,,,,,,,,,2.90,2.89702082,,,,2025-12-05T13:23:08Z,2002,2002-01-01,2002-12-31
648633,GHED_GGHE-DGDP_SHA2011,REGION,EUR,,,YEAR,2016,,,,,,,,,4.95,4.95179563,,,,2025-12-05T13:23:08Z,2016,2016-01-01,2016-12-31
649723,GHED_GGHE-DGDP_SHA2011,COUNTRY,MDG,AFR,Africa,YEAR,2019,,,,,,,,,0.68,0.68268955,,,,2025-12-05T13:23:08Z,2019,2019-01-01,2019-12-31
654728,GHED_GGHE-DGDP_SHA2011,COUNTRY,PRT,EUR,Europe,YEAR,2011,,,,,,,,,6.27,6.26895714,,,,2025-12-05T13:23:08Z,2011,2011-01-01,2011-12-31
654814,GHED_GGHE-DGDP_SHA2011,COUNTRY,PER,AMR,Americas,YEAR,2007,,,,,,,,,2.15,2.15428376,,,,2025-12-05T13:23:08Z,2007,2007-01-01,2007-12-31
660609,GHED_GGHE-DGDP_SHA2011,COUNTRY,BIH,EUR,Europe,YEAR,2019,,,,,,,,,6.13,6.13385725,,,,2025-12-05T13:23:08Z,2019,2019-01-01,2019-12-31
662386,GHED_GGHE-DGDP_SHA2011,COUNTRY,CRI,AMR,Americas,YEAR,2013,,,,,,,,,5.45,5.45445585,,,,2025-12-05T13:23:08Z,2013,2013-01-01,2013-12-31
664155,GHED_GGHE-DGDP_SHA2011,COUNTRY,DZA,AFR,Africa,YEAR,2002,,,,,,,,,2.59,2.59086323,,,,2025-12-05T13:23:08Z,2002,2002-01-01,2002-12-31
664678,GHED_GGHE-DGDP_SHA2011,COUNTRY,PRY,AMR,Americas,YEAR,2018,,,,,,,,,3.03,3.02979112,,,,2025-12-05T13:23:08Z,2018,2018-01-01,2018-12-31
667539,GHED_GGHE-DGDP_SHA2011,COUNTRY,BGD,SEAR,South-East Asia,YEAR,2000,,,,,,,,,0.51,0.50841981,,,,2025-12-05T13:23:08Z,2000,2000-01-01,2000-12-31
668316,GHED_GGHE-DGDP_SHA2011,COUNTRY,ERI,AFR,Africa,YEAR,2003,,,,,,,,,1.67,1.66898465,,,,2025-12-05T13:23:08Z,2003,2003-01-01,2003-12-31
672654,GHED_GGHE-DGDP_SHA2011,COUNTRY,LBN,EMR,Eastern Mediterranean,YEAR,2004,,,,,,,,,2.97,2.96955347,,,,2025-12-05T13:23:08Z,2004,2004-01-01,2004-12-31
679930,GHED_GGHE-DGDP_SHA2011,COUNTRY,PRY,AMR,Americas,YEAR,2019,,,,,,,,,3.32,3.31885815,,,,2025-12-05T13:23:08Z,2019,2019-01-01,2019-12-31
682915,GHED_GGHE-DGDP_SHA2011,COUNTRY,BGD,SEAR,South-East Asia,YEAR,2013,,,,,,,,,0.44,0.4372614,,,,2025-12-05T13:23:08Z,2013,2013-01-01,2013-12-31
689943,GHED_GGHE-DGDP_SHA2011,COUNTRY,SLE,AFR,Africa,YEAR,2002,,,,,,,,,0.69,0.68559587,,,,2025-12-05T13:23:08Z,2002,2002-01-01,2002-12-31
691341,GHED_GGHE-DGDP_SHA2011,GLOBAL,GLOBAL,,,YEAR,2019,,,,,,,,,3.52,3.51660261,,,,2025-12-05T13:23:08Z,2019,2019-01-01,2019-12-31
695580,GHED_GGHE-DGDP_SHA2011,COUNTRY,HTI,AMR,Americas,YEAR,2023,,,,,,,,,0.30,0.29809323,,,,2025-12-05T13:23:08Z,2023,2023-01-01,2023-12-31
696184,GHED_GGHE-DGDP_SHA2011,COUNTRY,MDV,SEAR,South-East Asia,YEAR,2021,,,,,,,,,5.88,5.88344622,,,,2025-12-05T13:23:08Z,2021,2021-01-01,2021-12-31
699556,GHED_GGHE-DGDP_SHA2011,COUNTRY,BGR,EUR,Europe,YEAR,2016,,,,,,,,,4.11,4.11281013,,,,2025-12-05T13:23:08Z,2016,2016-01-01,2016-12-31
701414,GHED_GGHE-DGDP_SHA2011,COUNTRY,BOL,AMR,Americas,YEAR,2010,,,,,,,,,3.06,3.05729318,,,,2025-12-05T13:23:08Z,2010,2010-01-01,2010-12-31
702444,GHED_GGHE-DGDP_SHA2011,COUNTRY,BWA,AFR,Africa,YEAR,2019,,,,,,,,,4.37,4.37294102,,,,2025-12-05T13:23:08Z,2019,2019-01-01,2019-12-31
704986,GHED_GGHE-DGDP_SHA2011,COUNTRY,TGO,AFR,Africa,YEAR,2001,,,,,,,,,0.33,0.32503283,,,,2025-12-05T13:23:08Z,2001,2001-01-01,2001-12-31
705944,GHED_GGHE-DGDP_SHA2011,COUNTRY,SYC,AFR,Africa,YEAR,2018,,,,,,,,,3.16,3.1646049,,,,2025-12-05T13:23:08Z,2018,2018-01-01,2018-12-31
708889,GHED_GGHE-DGDP_SHA2011,COUNTRY,LBN,EMR,Eastern Mediterranean,YEAR,2006,,,,,,,,,3.55,3.55163956,,,,2025-12-05T13:23:08Z,2006,2006-01-01,2006-12-31
711215,GHED_GGHE-DGDP_SHA2011,COUNTRY,HRV,EUR,Europe,YEAR,2021,,,,,,,,,6.80,6.79773712,,,,2025-12-05T13:23:08Z,2021,2021-01-01,2021-12-31
713786,GHED_GGHE-DGDP_SHA2011,COUNTRY,FJI,WPR,Western Pacific,YEAR,2001,,,,,,,,,2.09,2.08654332,,,,2025-12-05T13:23:08Z,2001,2001-01-01,2001-12-31
716792,GHED_GGHE-DGDP_SHA2011,COUNTRY,PER,AMR,Americas,YEAR,2017,,,,,,,,,3.02,3.01707554,,,,2025-12-05T13:23:08Z,2017,2017-01-01,2017-12-31
716813,GHED_GGHE-DGDP_SHA2011,COUNTRY,SVK,EUR,Europe,YEAR,2010,,,,,,,,,5.45,5.44594288,,,,2025-12-05T13:23:08Z,2010,2010-01-01,2010-12-31
717459,GHED_GGHE-DGDP_SHA2011,COUNTRY,CMR,AFR,Africa,YEAR,2012,,,,,,,,,0.64,0.64008772,,,,2025-12-05T13:23:08Z,2012,2012-01-01,2012-12-31
719238,GHED_GGHE-DGDP_SHA2011,COUNTRY,BLZ,AMR,Americas,YEAR,2001,,,,,,,,,1.76,1.76350856,,,,2025-12-05T13:23:08Z,2001,2001-01-01,2001-12-31
721004,GHED_GGHE-DGDP_SHA2011,COUNTRY,CPV,AFR,Africa,YEAR,2022,,,,,,,,,4.17,4.16780281,,,,2025-12-05T13:23:08Z,2022,2022-01-01,2022-12-31
722378,GHED_GGHE-DGDP_SHA2011,COUNTRY,KHM,WPR,Western Pacific,YEAR,2015,,,,,,,,,1.00,1.00400126,,,,2025-12-05T13:23:08Z,2015,2015-01-01,2015-12-31
723415,GHED_GGHE-DGDP_SHA2011,COUNTRY,CUB,AMR,Americas,YEAR,2003,,,,,,,,,5.65,5.64911461,,,,2025-12-05T13:23:08Z,2003,2003-01-01,2003-12-31
725292,GHED_GGHE-DGDP_SHA2011,COUNTRY,ISL,EUR,Europe,YEAR,2008,,,,,,,,,6.86,6.85962439,,,,2025-12-05T13:23:08Z,2008,2008-01-01,2008-12-31
726917,GHED_GGHE-DGDP_SHA2011,COUNTRY,STP,AFR,Africa,YEAR,2018,,,,,,,,,2.62,2.62429023,,,,2025-12-05T13:23:08Z,2018,2018-01-01,2018-12-31
728854,GHED_GGHE-DGDP_SHA2011,COUNTRY,ESP,EUR,Europe,YEAR,2016,,,,,,,,,6.35,6.35498238,,,,2025-12-05T13:23:08Z,2016,2016-01-01,2016-12-31
730504,GHED_GGHE-DGDP_SHA2011,COUNTRY,ALB,EUR,Europe,YEAR,2010,,,,,,,,,2.35,2.35073113,,,,2025-12-05T13:23:08Z,2010,2010-01-01,2010-12-31
732550,GHED_GGHE-DGDP_SHA2011,COUNTRY,DMA,AMR,Americas,YEAR,2021,,,,,,,,,4.03,4.03373861,,,,2025-12-05T13:23:08Z,2021,2021-01-01,2021-12-31
733864,GHED_GGHE-DGDP_SHA2011,COUNTRY,ERI,AFR,Africa,YEAR,2017,,,,,,,,,1.01,1.00827622,,,,2025-12-05T13:23:08Z,2017,2017-01-01,2017-12-31
739289,GHED_GGHE-DGDP_SHA2011,COUNTRY,ARM,EUR,Europe,YEAR,2016,,,,,,,,,1.64,1.63735199,,,,2025-12-05T13:23:08Z,2016,2016-01-01,2016-12-31
740857,GHED_GGHE-DGDP_SHA2011,COUNTRY,COK,WPR,Western Pacific,YEAR,2023,,,,,,,,,3.69,3.68594861,,,,2025-12-05T13:23:08Z,2023,2023-01-01,2023-12-31
741060,GHED_GGHE-DGDP_SHA2011,COUNTRY,KOR,WPR,Western Pacific,YEAR,2020,,,,,,,,,4.67,4.67086744,,,,2025-12-05T13:23:08Z,2020,2020-01-01,2020-12-31
741588,GHED_GGHE-DGDP_SHA2011,COUNTRY,TUV,WPR,Western Pacific,YEAR,2008,,,,,,,,,9.33,9.33237934,,,,2025-12-05T13:23:08Z,2008,2008-01-01,2008-12-31
742759,GHED_GGHE-DGDP_SHA2011,COUNTRY,RUS,EUR,Europe,YEAR,2013,,,,,,,,,3.17,3.16959071,,,,2025-12-05T13:23:08Z,2013,2013-01-01,2013-12-31
746949,GHED_GGHE-DGDP_SHA2011,COUNTRY,ITA,EUR,Europe,YEAR,2001,,,,,,,,,5.75,5.75421619,,,,2025-12-05T13:23:08Z,2001,2001-01-01,2001-12-31
747046,GHED_GGHE-DGDP_SHA2011,COUNTRY,TUR,EUR,Europe,YEAR,2018,,,,,,,,,3.19,3.18893552,,,,2025-12-05T13:23:08Z,2018,2018-01-01,2018-12-31
756494,GHED_GGHE-DGDP_SHA2011,COUNTRY,HND,AMR,Americas,YEAR,2021,,,,,,,,,3.48,3.47907257,,,,2025-12-05T13:23:08Z,2021,2021-01-01,2021-12-31
760386,GHED_GGHE-DGDP_SHA2011,REGION,AMR,,,YEAR,2019,,,,,,,,,4.03,4.02540092,,,,2025-12-05T13:23:08Z,2019,2019-01-01,2019-12-31
760481,GHED_GGHE-DGDP_SHA2011,COUNTRY,DEU,EUR,Europe,YEAR,2010,,,,,,,,,8.24,8.23746395,,,,2025-12-05T13:23:08Z,2010,2010-01-01,2010-12-31
764039,GHED_GGHE-DGDP_SHA2011,COUNTRY,LBY,EMR,Eastern Mediterranean,YEAR,2022,,,,,,,,,3.15,3.14845943,,,,2025-12-05T13:23:08Z,2022,2022-01-01,2022-12-31
764407,GHED_GGHE-DGDP_SHA2011,COUNTRY,ISL,EUR,Europe,YEAR,2010,,,,,,,,,6.68,6.67772865,,,,2025-12-05T13:23:08Z,2010,2010-01-01,2010-12-31
766422,GHED_GGHE-DGDP_SHA2011,COUNTRY,BEL,EUR,Europe,YEAR,2013,,,,,,,,,8.00,7.99912691,,,,2025-12-05T13:23:08Z,2013,2013-01-01,2013-12-31
772381,GHED_GGHE-DGDP_SHA2011,COUNTRY,MRT,AFR,Africa,YEAR,2016,,,,,,,,,1.20,1.19934916,,,,2025-12-05T13:23:08Z,2016,2016-01-01,2016-12-31
773146,GHED_GGHE-DGDP_SHA2011,COUNTRY,MOZ,AFR,Africa,YEAR,2019,,,,,,,,,1.83,1.8260498,,,,2025-12-05T13:23:08Z,2019,2019-01-01,2019-12-31
775244,GHED_GGHE-DGDP_SHA2011,COUNTRY,CYP,EUR,Europe,YEAR,2023,,,,,,,,,6.23,6.23445129,,,,2025-12-05T13:23:08Z,2023,2023-01-01,2023-12-31
777817,GHED_GGHE-DGDP_SHA2011,COUNTRY,ARM,EUR,Europe,YEAR,2017,,,,,,,,,1.37,1.37250984,,,,2025-12-05T13:23:08Z,2017,2017-01-01,2017-12-31
783295,GHED_GGHE-DGDP_SHA2011,REGION,EMR,,,YEAR,2014,,,,,,,,,2.27,2.26597594,,,,2025-12-05T13:23:08Z,2014,2014-01-01,2014-12-31
784891,GHED_GGHE-DGDP_SHA2011,REGION,SEAR,,,YEAR,2017,,,,,,,,,2.30,2.29982048,,,,2025-12-05T13:23:08Z,2017,2017-01-01,2017-12-31
788306,GHED_GGHE-DGDP_SHA2011,COUNTRY,KEN,AFR,Africa,YEAR,2005,,,,,,,,,1.12,1.11996722,,,,2025-12-05T13:23:08Z,2005,2005-01-01,2005-12-31
788308,GHED_GGHE-DGDP_SHA2011,REGION,EUR,,,YEAR,2017,,,,,,,,,4.85,4.85055321,,,,2025-12-05T13:23:08Z,2017,2017-01-01,2017-12-31
789224,GHED_GGHE-DGDP_SHA2011,WORLDBANKINCOMEGROUP,WB_UMI,,,YEAR,2015,,,,,,,,,3.64,3.6384156,,,,2025-12-05T13:23:08Z,2015,2015-01-01,2015-12-31
790046,GHED_GGHE-DGDP_SHA2011,COUNTRY,MNE,EUR,Europe,YEAR,2015,,,,,,,,,5.40,5.39562225,,,,2025-12-05T13:23:08Z,2015,2015-01-01,2015-12-31
793700,GHED_GGHE-DGDP_SHA2011,COUNTRY,NPL,SEAR,South-East Asia,YEAR,2016,,,,,,,,,1.01,1.00771654,,,,2025-12-05T13:23:08Z,2016,2016-01-01,2016-12-31
797978,GHED_GGHE-DGDP_SHA2011,COUNTRY,CHL,AMR,Americas,YEAR,2005,,,,,,,,,2.61,2.605937,,,,2025-12-05T13:23:08Z,2005,2005-01-01,2005-12-31
799828,GHED_GGHE-DGDP_SHA2011,COUNTRY,MAR,EMR,Eastern Mediterranean,YEAR,2003,,,,,,,,,1.00,0.99790573,,,,2025-12-05T13:23:08Z,2003,2003-01-01,2003-12-31
801694,GHED_GGHE-DGDP_SHA2011,COUNTRY,AND,EUR,Europe,YEAR,2005,,,,,,,,,3.58,3.58344364,,,,2025-12-05T13:23:08Z,2005,2005-01-01,2005-12-31
802876,GHED_GGHE-DGDP_SHA2011,COUNTRY,NAM,AFR,Africa,YEAR,2012,,,,,,,,,4.81,4.80753613,,,,2025-12-05T13:23:08Z,2012,2012-01-01,2012-12-31
804889,GHED_GGHE-DGDP_SHA2011,COUNTRY,COD,AFR,Africa,YEAR,2000,,,,,,,,,0.06,0.06221032,,,,2025-12-05T13:23:08Z,2000,2000-01-01,2000-12-31
806288,GHED_GGHE-DGDP_SHA2011,COUNTRY,SLB,WPR,Western Pacific,YEAR,2013,,,,,,,,,2.77,2.77344251,,,,2025-12-05T13:23:08Z,2013,2013-01-01,2013-12-31
806775,GHED_GGHE-DGDP_SHA2011,COUNTRY,MDG,AFR,Africa,YEAR,2006,,,,,,,,,1.89,1.89314044,,,,2025-12-05T13:23:08Z,2006,2006-01-01,2006-12-31
812856,GHED_GGHE-DGDP_SHA2011,COUNTRY,GHA,AFR,Africa,YEAR,2013,,,,,,,,,1.86,1.85814357,,,,2025-12-05T13:23:08Z,2013,2013-01-01,2013-12-31
813108,GHED_GGHE-DGDP_SHA2011,COUNTRY,ITA,EUR,Europe,YEAR,2005,,,,,,,,,6.44,6.43857861,,,,2025-12-05T13:23:08Z,2005,2005-01-01,2005-12-31
813316,GHED_GGHE-DGDP_SHA2011,COUNTRY,ARE,EMR,Eastern Mediterranean,YEAR,2022,,,,,,,,,3.00,3.0025692,,,,2025-12-05T13:23:08Z,2022,2022-01-01,2022-12-31
815215,GHED_GGHE-DGDP_SHA2011,COUNTRY,ECU,AMR,Americas,YEAR,2003,,,,,,,,,1.75,1.74713385,,,,2025-12-05T13:23:08Z,2003,2003-01-01,2003-12-31
815522,GHED_GGHE-DGDP_SHA2011,COUNTRY,PRT,EUR,Europe,YEAR,2000,,,,,,,,,6.00,5.99815702,,,,2025-12-05T13:23:08Z,2000,2000-01-01,2000-12-31
816642,GHED_GGHE-DGDP_SHA2011,COUNTRY,HND,AMR,Americas,YEAR,2005,,,,,,,,,2.92,2.91977549,,,,2025-12-05T13:23:08Z,2005,2005-01-01,2005-12-31
820099,GHED_GGHE-DGDP_SHA2011,COUNTRY,BRA,AMR,Americas,YEAR,2013,,,,,,,,,3.55,3.55113959,,,,2025-12-05T13:23:08Z,2013,2013-01-01,2013-12-31
820118,GHED_GGHE-DGDP_SHA2011,REGION,AMR,,,YEAR,2015,,,,,,,,,3.92,3.91826845,,,,2025-12-05T13:23:08Z,2015,2015-01-01,2015-12-31
820949,GHED_GGHE-DGDP_SHA2011,COUNTRY,SEN,AFR,Africa,YEAR,2020,,,,,,,,,1.72,1.72161877,,,,2025-12-05T13:23:08Z,2020,2020-01-01,2020-12-31
822570,GHED_GGHE-DGDP_SHA2011,COUNTRY,BDI,AFR,Africa,YEAR,2022,,,,,,,,,1.59,1.58512878,,,,2025-12-05T13:23:08Z,2022,2022-01-01,2022-12-31
825988,GHED_GGHE-DGDP_SHA2011,COUNTRY,JPN,WPR,Western Pacific,YEAR,2003,,,,,,,,,5.99,5.98652935,,,,2025-12-05T13:23:08Z,2003,2003-01-01,2003-12-31
826633,GHED_GGHE-DGDP_SHA2011,COUNTRY,BDI,AFR,Africa,YEAR,2016,,,,,,,,,2.24,2.23587942,,,,2025-12-05T13:23:08Z,2016,2016-01-01,2016-12-31
829361,GHED_GGHE-DGDP_SHA2011,COUNTRY,CHN,WPR,Western Pacific,YEAR,2003,,,,,,,,,1.24,1.23556411,,,,2025-12-05T13:23:08Z,2003,2003-01-01,2003-12-31
829679,GHED_GGHE-DGDP_SHA2011,COUNTRY,AZE,EUR,Europe,YEAR,2016,,,,,,,,,1.17,1.16546094,,,,2025-12-05T13:23:08Z,2016,2016-01-01,2016-12-31
829985,GHED_GGHE-DGDP_SHA2011,COUNTRY,CHL,AMR,Americas,YEAR,2000,,,,,,,,,2.51,2.50570464,,,,2025-12-05T13:23:08Z,2000,2000-01-01,2000-12-31
830035,GHED_GGHE-DGDP_SHA2011,COUNTRY,KEN,AFR,Africa,YEAR,2018,,,,,,,,,1.77,1.7670722,,,,2025-12-05T13:23:08Z,2018,2018-01-01,2018-12-31
830847,GHED_GGHE-DGDP_SHA2011,COUNTRY,CHN,WPR,Western Pacific,YEAR,2016,,,,,,,,,2.84,2.83731437,,,,2025-12-05T13:23:08Z,2016,2016-01-01,2016-12-31
835400,GHED_GGHE-DGDP_SHA2011,COUNTRY,LSO,AFR,Africa,YEAR,2014,,,,,,,,,5.81,5.8080492,,,,2025-12-05T13:23:08Z,2014,2014-01-01,2014-12-31
836014,GHED_GGHE-DGDP_SHA2011,COUNTRY,NOR,EUR,Europe,YEAR,2008,,,,,,,,,6.66,6.6593442,,,,2025-12-05T13:23:08Z,2008,2008-01-01,2008-12-31
839312,GHED_GGHE-DGDP_SHA2011,COUNTRY,MAR,EMR,Eastern Mediterranean,YEAR,2007,,,,,,,,,1.42,1.41620255,,,,2025-12-05T13:23:08Z,2007,2007-01-01,2007-12-31
839544,GHED_GGHE-DGDP_SHA2011,COUNTRY,UZB,EUR,Europe,YEAR,2022,,,,,,,,,2.23,2.23423076,,,,2025-12-05T13:23:08Z,2022,2022-01-01,2022-12-31
841717,GHED_GGHE-DGDP_SHA2011,COUNTRY,LVA,EUR,Europe,YEAR,2009,,,,,,,,,3.74,3.73898005,,,,2025-12-05T13:23:08Z,2009,2009-01-01,2009-12-31
844393,GHED_GGHE-DGDP_SHA2011,COUNTRY,YEM,EMR,Eastern Mediterranean,YEAR,2003,,,,,,,,,2.40,2.40408325,,,,2025-12-05T13:23:08Z,2003,2003-01-01,2003-12-31
844681,GHED_GGHE-DGDP_SHA2011,COUNTRY,GNQ,AFR,Africa,YEAR,2020,,,,,,,,,1.03,1.0338515,,,,2025-12-05T13:23:08Z,2020,2020-01-01,2020-12-31
847949,GHED_GGHE-DGDP_SHA2011,COUNTRY,MDA,EUR,Europe,YEAR,2006,,,,,,,,,5.19,5.19462681,,,,2025-12-05T13:23:08Z,2006,2006-01-01,2006-12-31
849091,GHED_GGHE-DGDP_SHA2011,COUNTRY,ARG,AMR,Americas,YEAR,2000,,,,,,,,,4.50,4.49895144,,,,2025-12-05T13:23:08Z,2000,2000-01-01,2000-12-31
851547,GHED_GGHE-DGDP_SHA2011,COUNTRY,URY,AMR,Americas,YEAR,2019,,,,,,,,,6.15,6.1543541,,,,2025-12-05T13:23:08Z,2019,2019-01-01,2019-12-31
852008,GHED_GGHE-DGDP_SHA2011,COUNTRY,BDI,AFR,Africa,YEAR,2011,,,,,,,,,3.47,3.47107577,,,,2025-12-05T13:23:08Z,2011,2011-01-01,2011-12-31
856386,GHED_GGHE-DGDP_SHA2011,COUNTRY,SGP,WPR,Western Pacific,YEAR,2010,,,,,,,,,1.15,1.14910603,,,,2025-12-05T13:23:08Z,2010,2010-01-01,2010-12-31
857268,GHED_GGHE-DGDP_SHA2011,COUNTRY,PER,AMR,Americas,YEAR,2023,,,,,,,,,3.58,3.58431911,,,,2025-12-05T13:23:08Z,2023,2023-01-01,2023-12-31
859743,GHED_GGHE-DGDP_SHA2011,COUNTRY,COM,AFR,Africa,YEAR,2004,,,,,,,,,0.79,0.79133189,,,,2025-12-05T13:23:08Z,2004,2004-01-01,2004-12-31
860052,GHED_GGHE-DGDP_SHA2011,COUNTRY,CUB,AMR,Americas,YEAR,2006,,,,,,,,,7.08,7.08049011,,,,2025-12-05T13:23:08Z,2006,2006-01-01,2006-12-31
861142,GHED_GGHE-DGDP_SHA2011,COUNTRY,UGA,AFR,Africa,YEAR,2015,,,,,,,,,0.76,0.75713688,,,,2025-12-05T13:23:08Z,2015,2015-01-01,2015-12-31
863069,GHED_GGHE-DGDP_SHA2011,COUNTRY,URY,AMR,Americas,YEAR,2005,,,,,,,,,3.49,3.48937511,,,,2025-12-05T13:23:08Z,2005,2005-01-01,2005-12-31
864213,GHED_GGHE-DGDP_SHA2011,COUNTRY,NGA,AFR,Africa,YEAR,2003,,,,,,,,,0.93,0.92982918,,,,2025-12-05T13:23:08Z,2003,2003-01-01,2003-12-31
869660,GHED_GGHE-DGDP_SHA2011,COUNTRY,VCT,AMR,Americas,YEAR,2002,,,,,,,,,2.80,2.79881167,,,,2025-12-05T13:23:08Z,2002,2002-01-01,2002-12-31
871690,GHED_GGHE-DGDP_SHA2011,COUNTRY,WSM,WPR,Western Pacific,YEAR,2010,,,,,,,,,3.89,3.8858633,,,,2025-12-05T13:23:08Z,2010,2010-01-01,2010-12-31
875025,GHED_GGHE-DGDP_SHA2011,COUNTRY,QAT,EMR,Eastern Mediterranean,YEAR,2023,,,,,,,,,2.10,2.09512258,,,,2025-12-05T13:23:08Z,2023,2023-01-01,2023-12-31
875378,GHED_GGHE-DGDP_SHA2011,COUNTRY,EST,EUR,Europe,YEAR,2020,,,,,,,,,5.75,5.75498247,,,,2025-12-05T13:23:08Z,2020,2020-01-01,2020-12-31
875487,GHED_GGHE-DGDP_SHA2011,COUNTRY,GMB,AFR,Africa,YEAR,2004,,,,,,,,,0.78,0.78081375,,,,2025-12-05T13:23:08Z,2004,2004-01-01,2004-12-31
882321,GHED_GGHE-DGDP_SHA2011,COUNTRY,SAU,EMR,Eastern Mediterranean,YEAR,2022,,,,,,,,,4.10,4.09908247,,,,2025-12-05T13:23:08Z,2022,2022-01-01,2022-12-31
883142,GHED_GGHE-DGDP_SHA2011,COUNTRY,AND,EUR,Europe,YEAR,2010,,,,,,,,,5.69,5.68869781,,,,2025-12-05T13:23:08Z,2010,2010-01-01,2010-12-31
884515,GHED_GGHE-DGDP_SHA2011,COUNTRY,IRL,EUR,Europe,YEAR,2006,,,,,,,,,5.85,5.84971762,,,,2025-12-05T13:23:08Z,2006,2006-01-01,2006-12-31
884786,GHED_GGHE-DGDP_SHA2011,COUNTRY,GIN,AFR,Africa,YEAR,2021,,,,,,,,,0.68,0.68109477,,,,2025-12-05T13:23:08Z,2021,2021-01-01,2021-12-31
885216,GHED_GGHE-DGDP_SHA2011,COUNTRY,MAR,EMR,Eastern Mediterranean,YEAR,2018,,,,,,,,,1.99,1.9875257,,,,2025-12-05T13:23:08Z,2018,2018-01-01,2018-12-31
886923,GHED_GGHE-DGDP_SHA2011,COUNTRY,DJI,EMR,Eastern Mediterranean,YEAR,2005,,,,,,,,,1.40,1.39653015,,,,2025-12-05T13:23:08Z,2005,2005-01-01,2005-12-31
888424,GHED_GGHE-DGDP_SHA2011,COUNTRY,KIR,WPR,Western Pacific,YEAR,2006,,,,,,,,,9.42,9.41590595,,,,2025-12-05T13:23:08Z,2006,2006-01-01,2006-12-31
888597,GHED_GGHE-DGDP_SHA2011,REGION,EMR,,,YEAR,2010,,,,,,,,,2.14,2.13793717,,,,2025-12-05T13:23:08Z,2010,2010-01-01,2010-12-31
890511,GHED_GGHE-DGDP_SHA2011,COUNTRY,DJI,EMR,Eastern Mediterranean,YEAR,2001,,,,,,,,,1.25,1.25085211,,,,2025-12-05T13:23:08Z,2001,2001-01-01,2001-12-31
892646,GHED_GGHE-DGDP_SHA2011,COUNTRY,SOM,EMR,Eastern Mediterranean,YEAR,2016,,,,,,,,,0.11,0.10706647,,,,2025-12-05T13:23:08Z,2016,2016-01-01,2016-12-31
892782,GHED_GGHE-DGDP_SHA2011,COUNTRY,CRI,AMR,Americas,YEAR,2006,,,,,,,,,4.58,4.58488178,,,,2025-12-05T13:23:08Z,2006,2006-01-01,2006-12-31
892853,GHED_GGHE-DGDP_SHA2011,COUNTRY,DZA,AFR,Africa,YEAR,2009,,,,,,,,,3.47,3.4677248,,,,2025-12-05T13:23:08Z,2009,2009-01-01,2009-12-31
894446,GHED_GGHE-DGDP_SHA2011,COUNTRY,DEU,EUR,Europe,YEAR,2023,,,,,,,,,9.29,9.29177761,,,,2025-12-05T13:23:08Z,2023,2023-01-01,2023-12-31
894783,GHED_GGHE-DGDP_SHA2011,COUNTRY,DMA,AMR,Americas,YEAR,2015,,,,,,,,,3.25,3.25268769,,,,2025-12-05T13:23:08Z,2015,2015-01-01,2015-12-31
895081,GHED_GGHE-DGDP_SHA2011,COUNTRY,NAM,AFR,Africa,YEAR,2005,,,,,,,,,5.25,5.24643993,,,,2025-12-05T13:23:08Z,2005,2005-01-01,2005-12-31
899351,GHED_GGHE-DGDP_SHA2011,COUNTRY,CYP,EUR,Europe,YEAR,2011,,,,,,,,,3.05,3.04867911,,,,2025-12-05T13:23:08Z,2011,2011-01-01,2011-12-31
900311,GHED_GGHE-DGDP_SHA2011,COUNTRY,TLS,SEAR,South-East Asia,YEAR,2007,,,,,,,,,0.97,0.96646351,,,,2025-12-05T13:23:08Z,2007,2007-01-01,2007-12-31
902109,GHED_GGHE-DGDP_SHA2011,COUNTRY,SWE,EUR,Europe,YEAR,2002,,,,,,,,,6.74,6.73689175,,,,2025-12-05T13:23:08Z,2002,2002-01-01,2002-12-31
905813,GHED_GGHE-DGDP_SHA2011,COUNTRY,MNG,WPR,Western Pacific,YEAR,2022,,,,,,,,,3.12,3.11989594,,,,2025-12-05T13:23:08Z,2022,2022-01-01,2022-12-31
907161,GHED_GGHE-DGDP_SHA2011,COUNTRY,PNG,WPR,Western Pacific,YEAR,2019,,,,,,,,,1.36,1.3562634,,,,2025-12-05T13:23:08Z,2019,2019-01-01,2019-12-31
908606,GHED_GGHE-DGDP_SHA2011,COUNTRY,DNK,EUR,Europe,YEAR,2019,,,,,,,,,8.53,8.52554512,,,,2025-12-05T13:23:08Z,2019,2019-01-01,2019-12-31
909351,GHED_GGHE-DGDP_SHA2011,COUNTRY,JAM,AMR,Americas,YEAR,2001,,,,,,,,,2.40,2.40047431,,,,2025-12-05T13:23:08Z,2001,2001-01-01,2001-12-31
914989,GHED_GGHE-DGDP_SHA2011,COUNTRY,LUX,EUR,Europe,YEAR,2003,,,,,,,,,5.84,5.83644247,,,,2025-12-05T13:23:08Z,2003,2003-01-01,2003-12-31
916952,GHED_GGHE-DGDP_SHA2011,COUNTRY,STP,AFR,Africa,YEAR,2006,,,,,,,,,0.55,0.54927838,,,,2025-12-05T13:23:08Z,2006,2006-01-01,2006-12-31
917644,GHED_GGHE-DGDP_SHA2011,COUNTRY,LKA,SEAR,South-East Asia,YEAR,2014,,,,,,,,,1.55,1.55114651,,,,2025-12-05T13:23:08Z,2014,2014-01-01,2014-12-31
919639,GHED_GGHE-DGDP_SHA2011,COUNTRY,SMR,EUR,Europe,YEAR,2021,,,,,,,,,6.62,6.62202978,,,,2025-12-05T13:23:08Z,2021,2021-01-01,2021-12-31
920572,GHED_GGHE-DGDP_SHA2011,COUNTRY,FRA,EUR,Europe,YEAR,2009,,,,,,,,,7.98,7.98040915,,,,2025-12-05T13:23:08Z,2009,2009-01-01,2009-12-31
921562,GHED_GGHE-DGDP_SHA2011,COUNTRY,BGR,EUR,Europe,YEAR,2001,,,,,,,,,3.85,3.84590173,,,,2025-12-05T13:23:08Z,2001,2001-01-01,2001-12-31
922855,GHED_GGHE-DGDP_SHA2011,COUNTRY,ISR,EUR,Europe,YEAR,2010,,,,,,,,,4.30,4.30216122,,,,2025-12-05T13:23:08Z,2010,2010-01-01,2010-12-31
923593,GHED_GGHE-DGDP_SHA2011,COUNTRY,TJK,EUR,Europe,YEAR,2005,,,,,,,,,0.99,0.98875159,,,,2025-12-05T13:23:08Z,2005,2005-01-01,2005-12-31
924382,GHED_GGHE-DGDP_SHA2011,COUNTRY,JPN,WPR,Western Pacific,YEAR,2000,,,,,,,,,5.66,5.65793514,,,,2025-12-05T13:23:08Z,2000,2000-01-01,2000-12-31
924530,GHED_GGHE-DGDP_SHA2011,COUNTRY,GHA,AFR,Africa,YEAR,2014,,,,,,,,,1.41,1.40883136,,,,2025-12-05T13:23:08Z,2014,2014-01-01,2014-12-31
934451,GHED_GGHE-DGDP_SHA2011,COUNTRY,MOZ,AFR,Africa,YEAR,2015,,,,,,,,,1.79,1.78662503,,,,2025-12-05T13:23:08Z,2015,2015-01-01,2015-12-31
937142,GHED_GGHE-DGDP_SHA2011,COUNTRY,HUN,EUR,Europe,YEAR,2017,,,,,,,,,4.61,4.60974598,,,,2025-12-05T13:23:08Z,2017,2017-01-01,2017-12-31
941458,GHED_GGHE-DGDP_SHA2011,COUNTRY,ATG,AMR,Americas,YEAR,2004,,,,,,,,,2.66,2.6607554,,,,2025-12-05T13:23:08Z,2004,2004-01-01,2004-12-31
941519,GHED_GGHE-DGDP_SHA2011,COUNTRY,CIV,AFR,Africa,YEAR,2015,,,,,,,,,0.80,0.80445331,,,,2025-12-05T13:23:08Z,2015,2015-01-01,2015-12-31
943379,GHED_GGHE-DGDP_SHA2011,COUNTRY,MNE,EUR,Europe,YEAR,2023,,,,,,,,,6.69,6.69406366,,,,2025-12-05T13:23:08Z,2023,2023-01-01,2023-12-31
945519,GHED_GGHE-DGDP_SHA2011,COUNTRY,POL,EUR,Europe,YEAR,2023,,,,,,,,,5.50,5.50431299,,,,2025-12-05T13:23:08Z,2023,2023-01-01,2023-12-31
947262,GHED_GGHE-DGDP_SHA2011,COUNTRY,UKR,EUR,Europe,YEAR,2003,,,,,,,,,3.65,3.64921927,,,,2025-12-05T13:23:08Z,2003,2003-01-01,2003-12-31
947594,GHED_GGHE-DGDP_SHA2011,COUNTRY,USA,AMR,Americas,YEAR,2014,,,,,,,,,8.20,8.19843483,,,,2025-12-05T13:23:08Z,2014,2014-01-01,2014-12-31
949681,GHED_GGHE-DGDP_SHA2011,COUNTRY,PSE,EMR,Eastern Mediterranean,YEAR,2023,,,,,,,,,4.45,4.44729948,,,,2025-12-05T13:23:08Z,2023,2023-01-01,2023-12-31
950156,GHED_GGHE-DGDP_SHA2011,COUNTRY,GNB,AFR,Africa,YEAR,2002,,,,,,,,,0.35,0.35467029,,,,2025-12-05T13:23:08Z,2002,2002-01-01,2002-12-31
950991,GHED_GGHE-DGDP_SHA2011,COUNTRY,KEN,AFR,Africa,YEAR,2022,,,,,,,,,2.00,2.00364423,,,,2025-12-05T13:23:08Z,2022,2022-01-01,2022-12-31
953506,GHED_GGHE-DGDP_SHA2011,COUNTRY,ATG,AMR,Americas,YEAR,2019,,,,,,,,,2.50,2.49952674,,,,2025-12-05T13:23:08Z,2019,2019-01-01,2019-12-31
954645,GHED_GGHE-DGDP_SHA2011,COUNTRY,BWA,AFR,Africa,YEAR,2013,,,,,,,,,4.15,4.15482092,,,,2025-12-05T13:23:08Z,2013,2013-01-01,2013-12-31
956543,GHED_GGHE-DGDP_SHA2011,COUNTRY,GNB,AFR,Africa,YEAR,2023,,,,,,,,,0.94,0.9383629,,,,2025-12-05T13:23:08Z,2023,2023-01-01,2023-12-31
958503,GHED_GGHE-DGDP_SHA2011,COUNTRY,ISL,EUR,Europe,YEAR,2013,,,,,,,,,6.61,6.61044264,,,,2025-12-05T13:23:08Z,2013,2013-01-01,2013-12-31
959370,GHED_GGHE-DGDP_SHA2011,COUNTRY,BHR,EMR,Eastern Mediterranean,YEAR,2010,,,,,,,,,2.56,2.55753851,,,,2025-12-05T13:23:08Z,2010,2010-01-01,2010-12-31
959424,GHED_GGHE-DGDP_SHA2011,COUNTRY,MLT,EUR,Europe,YEAR,2002,,,,,,,,,5.44,5.44444466,,,,2025-12-05T13:23:08Z,2002,2002-01-01,2002-12-31
960706,GHED_GGHE-DGDP_SHA2011,COUNTRY,MEX,AMR,Americas,YEAR,2004,,,,,,,,,2.47,2.46993542,,,,2025-12-05T13:23:08Z,2004,2004-01-01,2004-12-31
963727,GHED_GGHE-DGDP_SHA2011,COUNTRY,NRU,WPR,Western Pacific,YEAR,2018,,,,,,,,,9.78,9.77889729,,,,2025-12-05T13:23:08Z,2018,2018-01-01,2018-12-31
966004,GHED_GGHE-DGDP_SHA2011,COUNTRY,SUR,AMR,Americas,YEAR,2020,,,,,,,,,4.03,4.03236008,,,,2025-12-05T13:23:08Z,2020,2020-01-01,2020-12-31
967277,GHED_GGHE-DGDP_SHA2011,COUNTRY,GEO,EUR,Europe,YEAR,2018,,,,,,,,,2.76,2.75906873,,,,2025-12-05T13:23:08Z,2018,2018-01-01,2018-12-31
968121,GHED_GGHE-DGDP_SHA2011,COUNTRY,LIE,EUR,Europe,YEAR,2019,,,,,,,,,3.76,3.76001668,,,,2025-12-05T13:23:08Z,2019,2019-01-01,2019-12-31
968649,GHED_GGHE-DGDP_SHA2011,COUNTRY,ARE,EMR,Eastern Mediterranean,YEAR,2013,,,,,,,,,2.52,2.52060986,,,,2025-12-05T13:23:08Z,2013,2013-01-01,2013-12-31
974545,GHED_GGHE-DGDP_SHA2011,REGION,AMR,,,YEAR,2002,,,,,,,,,2.93,2.93160285,,,,2025-12-05T13:23:08Z,2002,2002-01-01,2002-12-31
974557,GHED_GGHE-DGDP_SHA2011,COUNTRY,AZE,EUR,Europe,YEAR,2012,,,,,,,,,1.12,1.11568439,,,,2025-12-05T13:23:08Z,2012,2012-01-01,2012-12-31
975116,GHED_GGHE-DGDP_SHA2011,WORLDBANKINCOMEGROUP,WB_UMI,,,YEAR,2010,,,,,,,,,3.30,3.29842527,,,,2025-12-05T13:23:08Z,2010,2010-01-01,2010-12-31
976292,GHED_GGHE-DGDP_SHA2011,COUNTRY,STP,AFR,Africa,YEAR,2014,,,,,,,,,2.80,2.79643965,,,,2025-12-05T13:23:08Z,2014,2014-01-01,2014-12-31
980567,GHED_GGHE-DGDP_SHA2011,COUNTRY,LVA,EUR,Europe,YEAR,2008,,,,,,,,,3.54,3.53879547,,,,2025-12-05T13:23:08Z,2008,2008-01-01,2008-12-31
980736,GHED_GGHE-DGDP_SHA2011,COUNTRY,MKD,EUR,Europe,YEAR,2015,,,,,,,,,4.12,4.11930132,,,,2025-12-05T13:23:08Z,2015,2015-01-01,2015-12-31
981825,GHED_GGHE-DGDP_SHA2011,COUNTRY,PRY,AMR,Americas,YEAR,2003,,,,,,,,,1.63,1.63003397,,,,2025-12-05T13:23:08Z,2003,2003-01-01,2003-12-31
985372,GHED_GGHE-DGDP_SHA2011,COUNTRY,FSM,WPR,Western Pacific,YEAR,2002,,,,,,,,,1.71,1.71163332,,,,2025-12-05T13:23:08Z,2002,2002-01-01,2002-12-31
987307,GHED_GGHE-DGDP_SHA2011,WORLDBANKINCOMEGROUP,WB_LMI,,,YEAR,2021,,,,,,,,,2.34,2.33569142,,,,2025-12-05T13:23:08Z,2021,2021-01-01,2021-12-31
988977,GHED_GGHE-DGDP_SHA2011,COUNTRY,TJK,EUR,Europe,YEAR,2007,,,,,,,,,1.08,1.07746482,,,,2025-12-05T13:23:08Z,2007,2007-01-01,2007-12-31
991185,GHED_GGHE-DGDP_SHA2011,COUNTRY,GHA,AFR,Africa,YEAR,2020,,,,,,,,,2.53,2.52818918,,,,2025-12-05T13:23:08Z,2020,2020-01-01,2020-12-31
991402,GHED_GGHE-DGDP_SHA2011,COUNTRY,HUN,EUR,Europe,YEAR,2005,,,,,,,,,5.61,5.60735846,,,,2025-12-05T13:23:08Z,2005,2005-01-01,2005-12-31
997422,GHED_GGHE-DGDP_SHA2011,COUNTRY,AFG,EMR,Eastern Mediterranean,YEAR,2015,,,,,,,,,0.52,0.52267277,,,,2025-12-05T13:23:08Z,2015,2015-01-01,2015-12-31
1000227,GHED_GGHE-DGDP_SHA2011,COUNTRY,ISL,EUR,Europe,YEAR,2021,,,,,,,,,8.14,8.14422035,,,,2025-12-05T13:23:08Z,2021,2021-01-01,2021-12-31
1004617,GHED_GGHE-DGDP_SHA2011,COUNTRY,SWZ,AFR,Africa,YEAR,2019,,,,,,,,,4.41,4.40824461,,,,2025-12-05T13:23:08Z,2019,2019-01-01,2019-12-31
1004890,GHED_GGHE-DGDP_SHA2011,COUNTRY,MOZ,AFR,Africa,YEAR,2003,,,,,,,,,1.18,1.1753726,,,,2025-12-05T13:23:08Z,2003,2003-01-01,2003-12-31
1005557,GHED_GGHE-DGDP_SHA2011,COUNTRY,NER,AFR,Africa,YEAR,2009,,,,,,,,,1.54,1.5377779,,,,2025-12-05T13:23:08Z,2009,2009-01-01,2009-12-31
1007539,GHED_GGHE-DGDP_SHA2011,COUNTRY,NOR,EUR,Europe,YEAR,2015,,,,,,,,,8.61,8.61125374,,,,2025-12-05T13:23:08Z,2015,2015-01-01,2015-12-31
1009941,GHED_GGHE-DGDP_SHA2011,COUNTRY,MNG,WPR,Western Pacific,YEAR,2003,,,,,,,,,2.98,2.98218632,,,,2025-12-05T13:23:08Z,2003,2003-01-01,2003-12-31
1010964,GHED_GGHE-DGDP_SHA2011,COUNTRY,USA,AMR,Americas,YEAR,2005,,,,,,,,,6.63,6.63018513,,,,2025-12-05T13:23:08Z,2005,2005-01-01,2005-12-31
1013106,GHED_GGHE-DGDP_SHA2011,COUNTRY,KIR,WPR,Western Pacific,YEAR,2007,,,,,,,,,8.82,8.82424259,,,,2025-12-05T13:23:08Z,2007,2007-01-01,2007-12-31
1013970,GHED_GGHE-DGDP_SHA2011,COUNTRY,BHS,AMR,Americas,YEAR,2013,,,,,,,,,2.59,2.59359813,,,,2025-12-05T13:23:08Z,2013,2013-01-01,2013-12-31
1015070,GHED_GGHE-DGDP_SHA2011,COUNTRY,LCA,AMR,Americas,YEAR,2021,,,,,,,,,2.75,2.75269866,,,,2025-12-05T13:23:08Z,2021,2021-01-01,2021-12-31
1015512,GHED_GGHE-DGDP_SHA2011,COUNTRY,SEN,AFR,Africa,YEAR,2023,,,,,,,,,1.19,1.1920532,,,,2026-01-12T13:50:53Z,2023,2023-01-01,2023-12-31
1016173,GHED_GGHE-DGDP_SHA2011,COUNTRY,PRY,AMR,Americas,YEAR,2014,,,,,,,,,3.16,3.16169024,,,,2025-12-05T13:23:08Z,2014,2014-01-01,2014-12-31
1017581,GHED_GGHE-DGDP_SHA2011,COUNTRY,CHE,EUR,Europe,YEAR,2022,,,,,,,,,4.05,4.04552841,,,,2025-12-05T13:23:08Z,2022,2022-01-01,2022-12-31
1019052,GHED_GGHE-DGDP_SHA2011,COUNTRY,PAN,AMR,Americas,YEAR,2013,,,,,,,,,4.08,4.07795286,,,,2025-12-05T13:23:08Z,2013,2013-01-01,2013-12-31
1021052,GHED_GGHE-DGDP_SHA2011,COUNTRY,LUX,EUR,Europe,YEAR,2001,,,,,,,,,5.36,5.36152744,,,,2025-12-05T13:23:08Z,2001,2001-01-01,2001-12-31
1022500,GHED_GGHE-DGDP_SHA2011,COUNTRY,GMB,AFR,Africa,YEAR,2006,,,,,,,,,0.88,0.88458723,,,,2025-12-05T13:23:08Z,2006,2006-01-01,2006-12-31
1022932,GHED_GGHE-DGDP_SHA2011,COUNTRY,WSM,WPR,Western Pacific,YEAR,2013,,,,,,,,,4.03,4.02978992,,,,2025-12-05T13:23:08Z,2013,2013-01-01,2013-12-31
1023990,GHED_GGHE-DGDP_SHA2011,COUNTRY,MLI,AFR,Africa,YEAR,2005,,,,,,,,,1.40,1.39720833,,,,2025-12-05T13:23:08Z,2005,2005-01-01,2005-12-31
1028559,GHED_GGHE-DGDP_SHA2011,COUNTRY,DZA,AFR,Africa,YEAR,2021,,,,,,,,,2.87,2.87333918,,,,2025-12-05T13:23:08Z,2021,2021-01-01,2021-12-31
1031853,GHED_GGHE-DGDP_SHA2011,COUNTRY,GIN,AFR,Africa,YEAR,2013,,,,,,,,,0.49,0.48858824,,,,2025-12-05T13:23:08Z,2013,2013-01-01,2013-12-31
1035644,GHED_GGHE-DGDP_SHA2011,COUNTRY,GMB,AFR,Africa,YEAR,2001,,,,,,,,,0.61,0.61059773,,,,2025-12-05T13:23:08Z,2001,2001-01-01,2001-12-31
1037491,GHED_GGHE-DGDP_SHA2011,COUNTRY,PLW,WPR,Western Pacific,YEAR,2013,,,,,,,,,5.48,5.48087215,,,,2025-12-05T13:23:08Z,2013,2013-01-01,2013-12-31
1038517,GHED_GGHE-DGDP_SHA2011,COUNTRY,JOR,EMR,Eastern Mediterranean,YEAR,2004,,,,,,,,,3.44,3.43877316,,,,2025-12-05T13:23:08Z,2004,2004-01-01,2004-12-31
1043536,GHED_GGHE-DGDP_SHA2011,COUNTRY,PLW,WPR,Western Pacific,YEAR,2016,,,,,,,,,5.23,5.23204374,,,,2025-12-05T13:23:08Z,2016,2016-01-01,2016-12-31
1045480,GHED_GGHE-DGDP_SHA2011,COUNTRY,VNM,WPR,Western Pacific,YEAR,2020,,,,,,,,,1.79,1.79064679,,,,2025-12-05T13:23:08Z,2020,2020-01-01,2020-12-31
1047418,GHED_GGHE-DGDP_SHA2011,COUNTRY,KGZ,EUR,Europe,YEAR,2022,,,,,,,,,2.64,2.64341927,,,,2025-12-05T13:23:08Z,2022,2022-01-01,2022-12-31
1050773,GHED_GGHE-DGDP_SHA2011,COUNTRY,WSM,WPR,Western Pacific,YEAR,2000,,,,,,,,,3.58,3.58244371,,,,2025-12-05T13:23:08Z,2000,2000-01-01,2000-12-31
1056692,GHED_GGHE-DGDP_SHA2011,COUNTRY,CIV,AFR,Africa,YEAR,2009,,,,,,,,,0.84,0.83744568,,,,2025-12-05T13:23:08Z,2009,2009-01-01,2009-12-31
1056738,GHED_GGHE-DGDP_SHA2011,REGION,WPR,,,YEAR,2018,,,,,,,,,4.17,4.16527896,,,,2025-12-05T13:23:08Z,2018,2018-01-01,2018-12-31
1062002,GHED_GGHE-DGDP_SHA2011,COUNTRY,GHA,AFR,Africa,YEAR,2023,,,,,,,,,1.86,1.86317766,,,,2026-01-12T13:50:53Z,2023,2023-01-01,2023-12-31
1063996,GHED_GGHE-DGDP_SHA2011,COUNTRY,PNG,WPR,Western Pacific,YEAR,2004,,,,,,,,,1.70,1.70005941,,,,2025-12-05T13:23:08Z,2004,2004-01-01,2004-12-31
1070183,GHED_GGHE-DGDP_SHA2011,COUNTRY,NAM,AFR,Africa,YEAR,2002,,,,,,,,,5.92,5.92470026,,,,2025-12-05T13:23:08Z,2002,2002-01-01,2002-12-31
1075915,GHED_GGHE-DGDP_SHA2011,COUNTRY,GRD,AMR,Americas,YEAR,2020,,,,,,,,,2.29,2.28805852,,,,2025-12-05T13:23:08Z,2020,2020-01-01,2020-12-31
1082002,GHED_GGHE-DGDP_SHA2011,REGION,EUR,,,YEAR,2002,,,,,,,,,4.42,4.41793065,,,,2025-12-05T13:23:08Z,2002,2002-01-01,2002-12-31
1083805,GHED_GGHE-DGDP_SHA2011,COUNTRY,FIN,EUR,Europe,YEAR,2001,,,,,,,,,5.53,5.52700138,,,,2025-12-05T13:23:08Z,2001,2001-01-01,2001-12-31
1085458,GHED_GGHE-DGDP_SHA2011,COUNTRY,FSM,WPR,Western Pacific,YEAR,2019,,,,,,,,,1.75,1.74894965,,,,2025-12-05T13:23:08Z,2019,2019-01-01,2019-12-31
1087175,GHED_GGHE-DGDP_SHA2011,COUNTRY,MUS,AFR,Africa,YEAR,2013,,,,,,,,,1.93,1.93168211,,,,2025-12-05T13:23:08Z,2013,2013-01-01,2013-12-31
1087334,GHED_GGHE-DGDP_SHA2011,COUNTRY,SGP,WPR,Western Pacific,YEAR,2018,,,,,,,,,2.04,2.04126763,,,,2025-12-05T13:23:08Z,2018,2018-01-01,2018-12-31
1092542,GHED_GGHE-DGDP_SHA2011,COUNTRY,PSE,EMR,Eastern Mediterranean,YEAR,2005,,,,,,,,,3.96,3.96260071,,,,2025-12-05T13:23:08Z,2005,2005-01-01,2005-12-31
1095194,GHED_GGHE-DGDP_SHA2011,COUNTRY,GTM,AMR,Americas,YEAR,2014,,,,,,,,,2.24,2.23796296,,,,2025-12-05T13:23:08Z,2014,2014-01-01,2014-12-31
1095285,GHED_GGHE-DGDP_SHA2011,REGION,AFR,,,YEAR,2017,,,,,,,,,1.81,1.80974036,,,,2025-12-05T13:23:08Z,2017,2017-01-01,2017-12-31
1096506,GHED_GGHE-DGDP_SHA2011,COUNTRY,LBR,AFR,Africa,YEAR,2008,,,,,,,,,0.92,0.91902161,,,,2025-12-05T13:23:08Z,2008,2008-01-01,2008-12-31
1097810,GHED_GGHE-DGDP_SHA2011,WORLDBANKINCOMEGROUP,WB_HI,,,YEAR,2000,,,,,,,,,4.37,4.3727494,,,,2025-12-05T13:23:08Z,2000,2000-01-01,2000-12-31
1099436,GHED_GGHE-DGDP_SHA2011,COUNTRY,ARG,AMR,Americas,YEAR,2022,,,,,,,,,5.96,5.95705795,,,,2025-12-05T13:23:08Z,2022,2022-01-01,2022-12-31
1102482,GHED_GGHE-DGDP_SHA2011,COUNTRY,AZE,EUR,Europe,YEAR,2005,,,,,,,,,0.89,0.89067221,,,,2025-12-05T13:23:08Z,2005,2005-01-01,2005-12-31
1102955,GHED_GGHE-DGDP_SHA2011,COUNTRY,KHM,WPR,Western Pacific,YEAR,2002,,,,,,,,,1.33,1.3330735,,,,2025-12-05T13:23:08Z,2002,2002-01-01,2002-12-31
1108308,GHED_GGHE-DGDP_SHA2011,COUNTRY,ZAF,AFR,Africa,YEAR,2007,,,,,,,,,3.30,3.30013156,,,,2025-12-05T13:23:08Z,2007,2007-01-01,2007-12-31
1110538,GHED_GGHE-DGDP_SHA2011,COUNTRY,BGD,SEAR,South-East Asia,YEAR,2019,,,,,,,,,0.36,0.36105901,,,,2025-12-05T13:23:08Z,2019,2019-01-01,2019-12-31
1110639,GHED_GGHE-DGDP_SHA2011,COUNTRY,HUN,EUR,Europe,YEAR,2021,,,,,,,,,5.30,5.29752254,,,,2025-12-05T13:23:08Z,2021,2021-01-01,2021-12-31
1113333,GHED_GGHE-DGDP_SHA2011,COUNTRY,NRU,WPR,Western Pacific,YEAR,2001,,,,,,,,,12.96,12.96107578,,,,2025-12-05T13:23:08Z,2001,2001-01-01,2001-12-31
1115171,GHED_GGHE-DGDP_SHA2011,COUNTRY,PSE,EMR,Eastern Mediterranean,YEAR,2002,,,,,,,,,3.14,3.1405654,,,,2025-12-05T13:23:08Z,2002,2002-01-01,2002-12-31
1117221,GHED_GGHE-DGDP_SHA2011,COUNTRY,NIU,WPR,Western Pacific,YEAR,2019,,,,,,,,,5.28,5.27538633,,,,2025-12-05T13:23:08Z,2019,2019-01-01,2019-12-31
1118949,GHED_GGHE-DGDP_SHA2011,COUNTRY,BLR,EUR,Europe,YEAR,2005,,,,,,,,,4.52,4.52236795,,,,2025-12-05T13:23:08Z,2005,2005-01-01,2005-12-31
1127199,GHED_GGHE-DGDP_SHA2011,COUNTRY,ECU,AMR,Americas,YEAR,2002,,,,,,,,,1.49,1.49090707,,,,2025-12-05T13:23:08Z,2002,2002-01-01,2002-12-31
1127241,GHED_GGHE-DGDP_SHA2011,COUNTRY,VNM,WPR,Western Pacific,YEAR,2023,,,,,,,,,2.02,2.02070236,,,,2025-12-05T13:23:08Z,2023,2023-01-01,2023-12-31
1130092,GHED_GGHE-DGDP_SHA2011,COUNTRY,STP,AFR,Africa,YEAR,2022,,,,,,,,,2.31,2.31201935,,,,2025-12-05T13:23:08Z,2022,2022-01-01,2022-12-31
1134567,GHED_GGHE-DGDP_SHA2011,COUNTRY,TJK,EUR,Europe,YEAR,2021,,,,,,,,,1.94,1.94076729,,,,2025-12-05T13:23:08Z,2021,2021-01-01,2021-12-31
1138941,GHED_GGHE-DGDP_SHA2011,COUNTRY,GIN,AFR,Africa,YEAR,2020,,,,,,,,,0.78,0.77726084,,,,2025-12-05T13:23:08Z,2020,2020-01-01,2020-12-31
1139937,GHED_GGHE-DGDP_SHA2011,COUNTRY,SGP,WPR,Western Pacific,YEAR,2004,,,,,,,,,1.02,1.02267361,,,,2025-12-05T13:23:08Z,2004,2004-01-01,2004-12-31
1140818,GHED_GGHE-DGDP_SHA2011,COUNTRY,SRB,EUR,Europe,YEAR,2021,,,,,,,,,6.04,6.04116869,,,,2025-12-05T13:23:08Z,2021,2021-01-01,2021-12-31
1142019,GHED_GGHE-DGDP_SHA2011,COUNTRY,MWI,AFR,Africa,YEAR,2003,,,,,,,,,1.18,1.17513871,,,,2025-12-05T13:23:08Z,2003,2003-01-01,2003-12-31
1143683,GHED_GGHE-DGDP_SHA2011,COUNTRY,KEN,AFR,Africa,YEAR,2023,,,,,,,,,1.95,1.95431077,,,,2025-12-05T13:23:08Z,2023,2023-01-01,2023-12-31
1144569,GHED_GGHE-DGDP_SHA2011,COUNTRY,MDV,SEAR,South-East Asia,YEAR,2018,,,,,,,,,5.64,5.63719177,,,,2025-12-05T13:23:08Z,2018,2018-01-01,2018-12-31
1146247,GHED_GGHE-DGDP_SHA2011,COUNTRY,TLS,SEAR,South-East Asia,YEAR,2006,,,,,,,,,2.40,2.39656949,,,,2025-12-05T13:23:08Z,2006,2006-01-01,2006-12-31
1150864,GHED_GGHE-DGDP_SHA2011,COUNTRY,UGA,AFR,Africa,YEAR,2021,,,,,,,,,1.15,1.14727044,,,,2025-12-05T13:23:08Z,2021,2021-01-01,2021-12-31
1157927,GHED_GGHE-DGDP_SHA2011,COUNTRY,ALB,EUR,Europe,YEAR,2003,,,,,,,,,2.64,2.63895035,,,,2025-12-05T13:23:08Z,2003,2003-01-01,2003-12-31
1158065,GHED_GGHE-DGDP_SHA2011,COUNTRY,ECU,AMR,Americas,YEAR,2013,,,,,,,,,3.86,3.86072373,,,,2025-12-05T13:23:08Z,2013,2013-01-01,2013-12-31
1159820,GHED_GGHE-DGDP_SHA2011,COUNTRY,GTM,AMR,Americas,YEAR,2002,,,,,,,,,1.94,1.9446981,,,,2025-12-05T13:23:08Z,2002,2002-01-01,2002-12-31
1161499,GHED_GGHE-DGDP_SHA2011,COUNTRY,NIU,WPR,Western Pacific,YEAR,2000,,,,,,,,,7.80,7.80319262,,,,2025-12-05T13:23:08Z,2000,2000-01-01,2000-12-31
1163008,GHED_GGHE-DGDP_SHA2011,COUNTRY,ETH,AFR,Africa,YEAR,2005,,,,,,,,,1.73,1.72818744,,,,2025-12-05T13:23:08Z,2005,2005-01-01,2005-12-31
1164413,GHED_GGHE-DGDP_SHA2011,COUNTRY,COD,AFR,Africa,YEAR,2012,,,,,,,,,0.52,0.51978379,,,,2025-12-05T13:23:08Z,2012,2012-01-01,2012-12-31
1164560,GHED_GGHE-DGDP_SHA2011,REGION,EUR,,,YEAR,2013,,,,,,,,,4.97,4.9736949600000004,,,,2026-01-12T13:50:53Z,2013,2013-01-01,2013-12-31
1165202,GHED_GGHE-DGDP_SHA2011,COUNTRY,SDN,EMR,Eastern Mediterranean,YEAR,2014,,,,,,,,,1.43,1.43453598,,,,2025-12-05T13:23:08Z,2014,2014-01-01,2014-12-31
1166575,GHED_GGHE-DGDP_SHA2011,COUNTRY,HRV,EUR,Europe,YEAR,2006,,,,,,,,,5.84,5.84456825,,,,2025-12-05T13:23:08Z,2006,2006-01-01,2006-12-31
1184047,GHED_GGHE-DGDP_SHA2011,COUNTRY,UGA,AFR,Africa,YEAR,2007,,,,,,,,,1.03,1.03115988,,,,2025-12-05T13:23:08Z,2007,2007-01-01,2007-12-31
1188545,GHED_GGHE-DGDP_SHA2011,COUNTRY,OMN,EMR,Eastern Mediterranean,YEAR,2015,,,,,,,,,3.68,3.6793406,,,,2025-12-05T13:23:08Z,2015,2015-01-01,2015-12-31
1189742,GHED_GGHE-DGDP_SHA2011,COUNTRY,KNA,AMR,Americas,YEAR,2001,,,,,,,,,1.92,1.91941488,,,,2025-12-05T13:23:08Z,2001,2001-01-01,2001-12-31
1190571,GHED_GGHE-DGDP_SHA2011,COUNTRY,POL,EUR,Europe,YEAR,2014,,,,,,,,,4.47,4.46929932,,,,2025-12-05T13:23:08Z,2014,2014-01-01,2014-12-31
1191897,GHED_GGHE-DGDP_SHA2011,COUNTRY,MWI,AFR,Africa,YEAR,2007,,,,,,,,,0.73,0.73458099,,,,2025-12-05T13:23:08Z,2007,2007-01-01,2007-12-31
1192542,GHED_GGHE-DGDP_SHA2011,COUNTRY,BEL,EUR,Europe,YEAR,2012,,,,,,,,,7.99,7.99403429,,,,2025-12-05T13:23:08Z,2012,2012-01-01,2012-12-31
1194757,GHED_GGHE-DGDP_SHA2011,COUNTRY,KAZ,EUR,Europe,YEAR,2011,,,,,,,,,1.84,1.84243834,,,,2025-12-05T13:23:08Z,2011,2011-01-01,2011-12-31
1194791,GHED_GGHE-DGDP_SHA2011,COUNTRY,TCD,AFR,Africa,YEAR,2013,,,,,,,,,0.84,0.83544219,,,,2025-12-05T13:23:08Z,2013,2013-01-01,2013-12-31
1197005,GHED_GGHE-DGDP_SHA2011,COUNTRY,MYS,WPR,Western Pacific,YEAR,2005,,,,,,,,,1.36,1.36280441,,,,2025-12-05T13:23:08Z,2005,2005-01-01,2005-12-31
1197689,GHED_GGHE-DGDP_SHA2011,COUNTRY,NLD,EUR,Europe,YEAR,2004,,,,,,,,,6.21,6.21099997,,,,2025-12-05T13:23:08Z,2004,2004-01-01,2004-12-31
1199123,GHED_GGHE-DGDP_SHA2011,WORLDBANKINCOMEGROUP,WB_LI,,,YEAR,2002,,,,,,,,,1.16,1.15936632,,,,2025-12-05T13:23:08Z,2002,2002-01-01,2002-12-31
1204690,GHED_GGHE-DGDP_SHA2011,COUNTRY,LBR,AFR,Africa,YEAR,2005,,,,,,,,,0.55,0.54538667,,,,2025-12-05T13:23:08Z,2005,2005-01-01,2005-12-31
1205302,GHED_GGHE-DGDP_SHA2011,COUNTRY,NRU,WPR,Western Pacific,YEAR,2016,,,,,,,,,9.87,9.87076759,,,,2025-12-05T13:23:08Z,2016,2016-01-01,2016-12-31
1207473,GHED_GGHE-DGDP_SHA2011,COUNTRY,THA,SEAR,South-East Asia,YEAR,2019,,,,,,,,,2.72,2.71524906,,,,2025-12-05T13:23:08Z,2019,2019-01-01,2019-12-31
1209249,GHED_GGHE-DGDP_SHA2011,COUNTRY,DNK,EUR,Europe,YEAR,2021,,,,,,,,,9.00,9.00487709,,,,2025-12-05T13:23:08Z,2021,2021-01-01,2021-12-31
1211047,GHED_GGHE-DGDP_SHA2011,COUNTRY,AUS,WPR,Western Pacific,YEAR,2002,,,,,,,,,5.66,5.66308641,,,,2025-12-05T13:23:08Z,2002,2002-01-01,2002-12-31
1211551,GHED_GGHE-DGDP_SHA2011,COUNTRY,BRB,AMR,Americas,YEAR,2013,,,,,,,,,3.33,3.33373475,,,,2025-12-05T13:23:08Z,2013,2013-01-01,2013-12-31
1212768,GHED_GGHE-DGDP_SHA2011,COUNTRY,ROU,EUR,Europe,YEAR,2006,,,,,,,,,4.02,4.02086115,,,,2025-12-05T13:23:08Z,2006,2006-01-01,2006-12-31
1213330,GHED_GGHE-DGDP_SHA2011,COUNTRY,VCT,AMR,Americas,YEAR,2018,,,,,,,,,2.80,2.79988337,,,,2025-12-05T13:23:08Z,2018,2018-01-01,2018-12-31
1215419,GHED_GGHE-DGDP_SHA2011,COUNTRY,KWT,EMR,Eastern Mediterranean,YEAR,2012,,,,,,,,,1.95,1.9472518,,,,2025-12-05T13:23:08Z,2012,2012-01-01,2012-12-31
1217071,GHED_GGHE-DGDP_SHA2011,COUNTRY,MKD,EUR,Europe,YEAR,2000,,,,,,,,,4.71,4.71220732,,,,2025-12-05T13:23:08Z,2000,2000-01-01,2000-12-31
1219499,GHED_GGHE-DGDP_SHA2011,COUNTRY,TCD,AFR,Africa,YEAR,2020,,,,,,,,,0.55,0.55167967,,,,2025-12-05T13:23:08Z,2020,2020-01-01,2020-12-31
1224260,GHED_GGHE-DGDP_SHA2011,COUNTRY,ATG,AMR,Americas,YEAR,2016,,,,,,,,,2.76,2.75887132,,,,2025-12-05T13:23:08Z,2016,2016-01-01,2016-12-31
1227992,GHED_GGHE-DGDP_SHA2011,COUNTRY,GAB,AFR,Africa,YEAR,2008,,,,,,,,,1.06,1.06247222,,,,2025-12-05T13:23:08Z,2008,2008-01-01,2008-12-31
1228390,GHED_GGHE-DGDP_SHA2011,COUNTRY,MWI,AFR,Africa,YEAR,2021,,,,,,,,,1.36,1.36146903,,,,2025-12-05T13:23:08Z,2021,2021-01-01,2021-12-31
1228683,GHED_GGHE-DGDP_SHA2011,COUNTRY,SYC,AFR,Africa,YEAR,2014,,,,,,,,,3.18,3.18385339,,,,2025-12-05T13:23:08Z,2014,2014-01-01,2014-12-31
1229454,GHED_GGHE-DGDP_SHA2011,COUNTRY,MDG,AFR,Africa,YEAR,2010,,,,,,,,,1.87,1.86784148,,,,2025-12-05T13:23:08Z,2010,2010-01-01,2010-12-31
1229821,GHED_GGHE-DGDP_SHA2011,COUNTRY,ECU,AMR,Americas,YEAR,2008,,,,,,,,,2.19,2.18953037,,,,2025-12-05T13:23:08Z,2008,2008-01-01,2008-12-31
1231911,GHED_GGHE-DGDP_SHA2011,COUNTRY,TUV,WPR,Western Pacific,YEAR,2016,,,,,,,,,15.31,15.31349277,,,,2025-12-05T13:23:08Z,2016,2016-01-01,2016-12-31
1238227,GHED_GGHE-DGDP_SHA2011,COUNTRY,UZB,EUR,Europe,YEAR,2005,,,,,,,,,1.82,1.81541967,,,,2025-12-05T13:23:08Z,2005,2005-01-01,2005-12-31
1239152,GHED_GGHE-DGDP_SHA2011,COUNTRY,BHS,AMR,Americas,YEAR,2008,,,,,,,,,2.08,2.08452892,,,,2025-12-05T13:23:08Z,2008,2008-01-01,2008-12-31
1239637,GHED_GGHE-DGDP_SHA2011,COUNTRY,SWE,EUR,Europe,YEAR,2000,,,,,,,,,6.27,6.26558542,,,,2025-12-05T13:23:08Z,2000,2000-01-01,2000-12-31
1240682,GHED_GGHE-DGDP_SHA2011,COUNTRY,GNQ,AFR,Africa,YEAR,2009,,,,,,,,,0.77,0.76920271,,,,2025-12-05T13:23:08Z,2009,2009-01-01,2009-12-31
1241535,GHED_GGHE-DGDP_SHA2011,COUNTRY,MHL,WPR,Western Pacific,YEAR,2011,,,,,,,,,5.19,5.19275141,,,,2025-12-05T13:23:08Z,2011,2011-01-01,2011-12-31
1241815,GHED_GGHE-DGDP_SHA2011,COUNTRY,DMA,AMR,Americas,YEAR,2000,,,,,,,,,3.36,3.36023808,,,,2025-12-05T13:23:08Z,2000,2000-01-01,2000-12-31
1243570,GHED_GGHE-DGDP_SHA2011,COUNTRY,ALB,EUR,Europe,YEAR,2018,,,,,,,,,2.84,2.84073949,,,,2025-12-05T13:23:08Z,2018,2018-01-01,2018-12-31
1244003,GHED_GGHE-DGDP_SHA2011,COUNTRY,VUT,WPR,Western Pacific,YEAR,2000,,,,,,,,,2.47,2.46942925,,,,2025-12-05T13:23:08Z,2000,2000-01-01,2000-12-31
1244405,GHED_GGHE-DGDP_SHA2011,COUNTRY,GEO,EUR,Europe,YEAR,2001,,,,,,,,,1.14,1.13540304,,,,2025-12-05T13:23:08Z,2001,2001-01-01,2001-12-31
1245513,GHED_GGHE-DGDP_SHA2011,COUNTRY,BEL,EUR,Europe,YEAR,2009,,,,,,,,,7.84,7.84423971,,,,2025-12-05T13:23:08Z,2009,2009-01-01,2009-12-31
1248779,GHED_GGHE-DGDP_SHA2011,COUNTRY,BFA,AFR,Africa,YEAR,2015,,,,,,,,,1.46,1.45618761,,,,2025-12-05T13:23:08Z,2015,2015-01-01,2015-12-31
1249185,GHED_GGHE-DGDP_SHA2011,COUNTRY,BOL,AMR,Americas,YEAR,2009,,,,,,,,,3.16,3.15830708,,,,2025-12-05T13:23:08Z,2009,2009-01-01,2009-12-31
1253902,GHED_GGHE-DGDP_SHA2011,COUNTRY,NZL,WPR,Western Pacific,YEAR,2011,,,,,,,,,7.17,7.16868782,,,,2025-12-05T13:23:08Z,2011,2011-01-01,2011-12-31
1257813,GHED_GGHE-DGDP_SHA2011,WORLDBANKINCOMEGROUP,WB_LMI,,,YEAR,2002,,,,,,,,,1.95,1.95480566,,,,2025-12-05T13:23:08Z,2002,2002-01-01,2002-12-31
1258658,GHED_GGHE-DGDP_SHA2011,COUNTRY,ALB,EUR,Europe,YEAR,2022,,,,,,,,,3.73,3.72758842,,,,2025-12-05T13:23:08Z,2022,2022-01-01,2022-12-31
1259971,GHED_GGHE-DGDP_SHA2011,COUNTRY,ZAF,AFR,Africa,YEAR,2014,,,,,,,,,4.37,4.3735652,,,,2025-12-05T13:23:08Z,2014,2014-01-01,2014-12-31
1260739,GHED_GGHE-DGDP_SHA2011,COUNTRY,THA,SEAR,South-East Asia,YEAR,2020,,,,,,,,,3.07,3.06593847,,,,2025-12-05T13:23:08Z,2020,2020-01-01,2020-12-31
1261725,GHED_GGHE-DGDP_SHA2011,COUNTRY,CUB,AMR,Americas,YEAR,2022,,,,,,,,,10.47,10.47128963,,,,2025-12-05T13:23:08Z,2022,2022-01-01,2022-12-31
1263772,GHED_GGHE-DGDP_SHA2011,COUNTRY,LVA,EUR,Europe,YEAR,2014,,,,,,,,,3.38,3.37962747,,,,2025-12-05T13:23:08Z,2014,2014-01-01,2014-12-31
1263920,GHED_GGHE-DGDP_SHA2011,COUNTRY,SWE,EUR,Europe,YEAR,2023,,,,,,,,,9.60,9.60061646,,,,2025-12-05T13:23:08Z,2023,2023-01-01,2023-12-31
1270442,GHED_GGHE-DGDP_SHA2011,COUNTRY,BFA,AFR,Africa,YEAR,2006,,,,,,,,,1.43,1.43097806,,,,2025-12-05T13:23:08Z,2006,2006-01-01,2006-12-31
1272813,GHED_GGHE-DGDP_SHA2011,REGION,EUR,,,YEAR,2020,,,,,,,,,5.75,5.75121888,,,,2025-12-05T13:23:08Z,2020,2020-01-01,2020-12-31
1276508,GHED_GGHE-DGDP_SHA2011,COUNTRY,TKM,EUR,Europe,YEAR,2013,,,,,,,,,1.13,1.1326803,,,,2025-12-05T13:23:08Z,2013,2013-01-01,2013-12-31
1277956,GHED_GGHE-DGDP_SHA2011,COUNTRY,KIR,WPR,Western Pacific,YEAR,2021,,,,,,,,,8.87,8.8684206,,,,2025-12-05T13:23:08Z,2021,2021-01-01,2021-12-31
1278463,GHED_GGHE-DGDP_SHA2011,COUNTRY,SAU,EMR,Eastern Mediterranean,YEAR,2012,,,,,,,,,2.72,2.72299576,,,,2025-12-05T13:23:08Z,2012,2012-01-01,2012-12-31
1282497,GHED_GGHE-DGDP_SHA2011,COUNTRY,COD,AFR,Africa,YEAR,2006,,,,,,,,,0.21,0.21125633,,,,2025-12-05T13:23:08Z,2006,2006-01-01,2006-12-31
1285026,GHED_GGHE-DGDP_SHA2011,COUNTRY,LAO,WPR,Western Pacific,YEAR,2018,,,,,,,,,0.87,0.86922747,,,,2025-12-05T13:23:08Z,2018,2018-01-01,2018-12-31
1285223,GHED_GGHE-DGDP_SHA2011,COUNTRY,ECU,AMR,Americas,YEAR,2009,,,,,,,,,2.56,2.55810642,,,,2025-12-05T13:23:08Z,2009,2009-01-01,2009-12-31
1287613,GHED_GGHE-DGDP_SHA2011,COUNTRY,SVK,EUR,Europe,YEAR,2007,,,,,,,,,4.93,4.93091011,,,,2025-12-05T13:23:08Z,2007,2007-01-01,2007-12-31
1290289,GHED_GGHE-DGDP_SHA2011,COUNTRY,GRC,EUR,Europe,YEAR,2015,,,,,,,,,4.77,4.7674284,,,,2025-12-05T13:23:08Z,2015,2015-01-01,2015-12-31
1291389,GHED_GGHE-DGDP_SHA2011,COUNTRY,NRU,WPR,Western Pacific,YEAR,2022,,,,,,,,,15.94,15.94075489,,,,2025-12-05T13:23:08Z,2022,2022-01-01,2022-12-31
1291924,GHED_GGHE-DGDP_SHA2011,COUNTRY,RWA,AFR,Africa,YEAR,2006,,,,,,,,,1.48,1.48205781,,,,2025-12-05T13:23:08Z,2006,2006-01-01,2006-12-31
1293081,GHED_GGHE-DGDP_SHA2011,COUNTRY,SYR,EMR,Eastern Mediterranean,YEAR,2016,,,,,,,,,1.83,1.83358467,,,,2025-12-05T13:23:08Z,2016,2016-01-01,2016-12-31
1295129,GHED_GGHE-DGDP_SHA2011,COUNTRY,KHM,WPR,Western Pacific,YEAR,2022,,,,,,,,,1.18,1.17839336,,,,2025-12-05T13:23:08Z,2022,2022-01-01,2022-12-31
1296268,GHED_GGHE-DGDP_SHA2011,COUNTRY,IRN,EMR,Eastern Mediterranean,YEAR,2004,,,,,,,,,1.87,1.86830163,,,,2025-12-05T13:23:08Z,2004,2004-01-01,2004-12-31
1298620,GHED_GGHE-DGDP_SHA2011,COUNTRY,TUR,EUR,Europe,YEAR,2005,,,,,,,,,3.32,3.31541967,,,,2025-12-05T13:23:08Z,2005,2005-01-01,2005-12-31
1298748,GHED_GGHE-DGDP_SHA2011,COUNTRY,GEO,EUR,Europe,YEAR,2016,,,,,,,,,2.87,2.87254119,,,,2025-12-05T13:23:08Z,2016,2016-01-01,2016-12-31
1299225,GHED_GGHE-DGDP_SHA2011,COUNTRY,BRB,AMR,Americas,YEAR,2015,,,,,,,,,2.85,2.84907889,,,,2025-12-05T13:23:08Z,2015,2015-01-01,2015-12-31
1303168,GHED_GGHE-DGDP_SHA2011,COUNTRY,LSO,AFR,Africa,YEAR,2000,,,,,,,,,2.91,2.90852237,,,,2025-12-05T13:23:08Z,2000,2000-01-01,2000-12-31
1305168,GHED_GGHE-DGDP_SHA2011,COUNTRY,MEX,AMR,Americas,YEAR,2003,,,,,,,,,2.30,2.29952097,,,,2025-12-05T13:23:08Z,2003,2003-01-01,2003-12-31
1311147,GHED_GGHE-DGDP_SHA2011,COUNTRY,COD,AFR,Africa,YEAR,2018,,,,,,,,,0.49,0.48873118,,,,2025-12-05T13:23:08Z,2018,2018-01-01,2018-12-31
1312101,GHED_GGHE-DGDP_SHA2011,COUNTRY,KIR,WPR,Western Pacific,YEAR,2004,,,,,,,,,11.81,11.80788708,,,,2025-12-05T13:23:08Z,2004,2004-01-01,2004-12-31
1312160,GHED_GGHE-DGDP_SHA2011,COUNTRY,SLE,AFR,Africa,YEAR,2012,,,,,,,,,0.64,0.6394307,,,,2025-12-05T13:23:08Z,2012,2012-01-01,2012-12-31
1319625,GHED_GGHE-DGDP_SHA2011,COUNTRY,MMR,SEAR,South-East Asia,YEAR,2002,,,,,,,,,0.36,0.36103669,,,,2025-12-05T13:23:08Z,2002,2002-01-01,2002-12-31
1320563,GHED_GGHE-DGDP_SHA2011,COUNTRY,YEM,EMR,Eastern Mediterranean,YEAR,2005,,,,,,,,,1.66,1.65503561,,,,2025-12-05T13:23:08Z,2005,2005-01-01,2005-12-31
1325516,GHED_GGHE-DGDP_SHA2011,COUNTRY,LVA,EUR,Europe,YEAR,2004,,,,,,,,,3.64,3.63743186,,,,2025-12-05T13:23:08Z,2004,2004-01-01,2004-12-31
1328705,GHED_GGHE-DGDP_SHA2011,COUNTRY,KHM,WPR,Western Pacific,YEAR,2011,,,,,,,,,1.02,1.02417195,,,,2025-12-05T13:23:08Z,2011,2011-01-01,2011-12-31
1331928,GHED_GGHE-DGDP_SHA2011,COUNTRY,STP,AFR,Africa,YEAR,2023,,,,,,,,,2.13,2.13394833,,,,2025-12-05T13:23:08Z,2023,2023-01-01,2023-12-31
1332471,GHED_GGHE-DGDP_SHA2011,COUNTRY,PAK,EMR,Eastern Mediterranean,YEAR,2014,,,,,,,,,0.60,0.60478491,,,,2025-12-05T13:23:08Z,2014,2014-01-01,2014-12-31
1336038,GHED_GGHE-DGDP_SHA2011,COUNTRY,PHL,WPR,Western Pacific,YEAR,2007,,,,,,,,,1.18,1.1753726,,,,2025-12-05T13:23:08Z,2007,2007-01-01,2007-12-31
1338105,GHED_GGHE-DGDP_SHA2011,COUNTRY,KGZ,EUR,Europe,YEAR,2009,,,,,,,,,3.48,3.48071551,,,,2025-12-05T13:23:08Z,2009,2009-01-01,2009-12-31
1340079,GHED_GGHE-DGDP_SHA2011,COUNTRY,SDN,EMR,Eastern Mediterranean,YEAR,2020,,,,,,,,,1.04,1.04006422,,,,2025-12-05T13:23:08Z,2020,2020-01-01,2020-12-31
1341693,GHED_GGHE-DGDP_SHA2011,COUNTRY,MEX,AMR,Americas,YEAR,2001,,,,,,,,,2.00,2.00498009,,,,2025-12-05T13:23:08Z,2001,2001-01-01,2001-12-31
1342269,GHED_GGHE-DGDP_SHA2011,COUNTRY,NZL,WPR,Western Pacific,YEAR,2017,,,,,,,,,6.41,6.40669823,,,,2025-12-05T13:23:08Z,2017,2017-01-01,2017-12-31
1344061,GHED_GGHE-DGDP_SHA2011,COUNTRY,ERI,AFR,Africa,YEAR,2000,,,,,,,,,2.05,2.05245161,,,,2025-12-05T13:23:08Z,2000,2000-01-01,2000-12-31
1345264,GHED_GGHE-DGDP_SHA2011,REGION,AFR,,,YEAR,2006,,,,,,,,,1.45,1.44638208,,,,2025-12-05T13:23:08Z,2006,2006-01-01,2006-12-31
1346390,GHED_GGHE-DGDP_SHA2011,COUNTRY,AUS,WPR,Western Pacific,YEAR,2021,,,,,,,,,7.94,7.93791485,,,,2025-12-05T13:23:08Z,2021,2021-01-01,2021-12-31
1347582,GHED_GGHE-DGDP_SHA2011,COUNTRY,NIU,WPR,Western Pacific,YEAR,2004,,,,,,,,,11.81,11.80575085,,,,2025-12-05T13:23:08Z,2004,2004-01-01,2004-12-31
1351621,GHED_GGHE-DGDP_SHA2011,COUNTRY,JOR,EMR,Eastern Mediterranean,YEAR,2023,,,,,,,,,3.45,3.44745827,,,,2025-12-05T13:23:08Z,2023,2023-01-01,2023-12-31
1354390,GHED_GGHE-DGDP_SHA2011,COUNTRY,DZA,AFR,Africa,YEAR,2007,,,,,,,,,2.53,2.52639246,,,,2025-12-05T13:23:08Z,2007,2007-01-01,2007-12-31
1358041,GHED_GGHE-DGDP_SHA2011,COUNTRY,COG,AFR,Africa,YEAR,2010,,,,,,,,,0.83,0.8283878,,,,2025-12-05T13:23:08Z,2010,2010-01-01,2010-12-31
1358404,GHED_GGHE-DGDP_SHA2011,COUNTRY,ARM,EUR,Europe,YEAR,2006,,,,,,,,,1.59,1.58640754,,,,2025-12-05T13:23:08Z,2006,2006-01-01,2006-12-31
1359243,GHED_GGHE-DGDP_SHA2011,COUNTRY,TCD,AFR,Africa,YEAR,2022,,,,,,,,,0.93,0.92589098,,,,2025-12-05T13:23:08Z,2022,2022-01-01,2022-12-31
1360563,GHED_GGHE-DGDP_SHA2011,COUNTRY,IND,SEAR,South-East Asia,YEAR,2018,,,,,,,,,0.98,0.98024821,,,,2025-12-05T13:23:08Z,2018,2018-01-01,2018-12-31
1364242,GHED_GGHE-DGDP_SHA2011,COUNTRY,USA,AMR,Americas,YEAR,2020,,,,,,,,,10.54,10.54044342,,,,2025-12-05T13:23:08Z,2020,2020-01-01,2020-12-31
1367722,GHED_GGHE-DGDP_SHA2011,COUNTRY,MNG,WPR,Western Pacific,YEAR,2018,,,,,,,,,2.10,2.09529591,,,,2025-12-05T13:23:08Z,2018,2018-01-01,2018-12-31
1369781,GHED_GGHE-DGDP_SHA2011,COUNTRY,NLD,EUR,Europe,YEAR,2021,,,,,,,,,7.70,7.69962406,,,,2025-12-05T13:23:08Z,2021,2021-01-01,2021-12-31
1371984,GHED_GGHE-DGDP_SHA2011,COUNTRY,GNQ,AFR,Africa,YEAR,2017,,,,,,,,,0.79,0.78999829,,,,2025-12-05T13:23:08Z,2017,2017-01-01,2017-12-31
1373192,GHED_GGHE-DGDP_SHA2011,COUNTRY,LVA,EUR,Europe,YEAR,2021,,,,,,,,,6.52,6.52429104,,,,2025-12-05T13:23:08Z,2021,2021-01-01,2021-12-31
1374639,GHED_GGHE-DGDP_SHA2011,WORLDBANKINCOMEGROUP,WB_HI,,,YEAR,2007,,,,,,,,,4.66,4.66113774,,,,2025-12-05T13:23:08Z,2007,2007-01-01,2007-12-31
1375550,GHED_GGHE-DGDP_SHA2011,COUNTRY,TTO,AMR,Americas,YEAR,2021,,,,,,,,,3.36,3.36165905,,,,2025-12-05T13:23:08Z,2021,2021-01-01,2021-12-31
1381491,GHED_GGHE-DGDP_SHA2011,COUNTRY,OMN,EMR,Eastern Mediterranean,YEAR,2019,,,,,,,,,3.33,3.33252549,,,,2025-12-05T13:23:08Z,2019,2019-01-01,2019-12-31
1382408,GHED_GGHE-DGDP_SHA2011,COUNTRY,VUT,WPR,Western Pacific,YEAR,2006,,,,,,,,,2.15,2.14560485,,,,2025-12-05T13:23:08Z,2006,2006-01-01,2006-12-31
1383744,GHED_GGHE-DGDP_SHA2011,COUNTRY,LAO,WPR,Western Pacific,YEAR,2000,,,,,,,,,1.23,1.23305964,,,,2025-12-05T13:23:08Z,2000,2000-01-01,2000-12-31
1385123,GHED_GGHE-DGDP_SHA2011,COUNTRY,VEN,AMR,Americas,YEAR,2022,,,,,,,,,2.07,2.06510615,,,,2025-12-05T13:23:08Z,2022,2022-01-01,2022-12-31
1385184,GHED_GGHE-DGDP_SHA2011,COUNTRY,BLR,EUR,Europe,YEAR,2023,,,,,,,,,4.73,4.7274251,,,,2025-12-05T13:23:08Z,2023,2023-01-01,2023-12-31
1386989,GHED_GGHE-DGDP_SHA2011,COUNTRY,BGD,SEAR,South-East Asia,YEAR,2020,,,,,,,,,0.36,0.35576752,,,,2025-12-05T13:23:08Z,2020,2020-01-01,2020-12-31
1392734,GHED_GGHE-DGDP_SHA2011,COUNTRY,CAN,AMR,Americas,YEAR,2003,,,,,,,,,6.59,6.5905304,,,,2025-12-05T13:23:08Z,2003,2003-01-01,2003-12-31
1393119,GHED_GGHE-DGDP_SHA2011,COUNTRY,MUS,AFR,Africa,YEAR,2002,,,,,,,,,1.69,1.68696284,,,,2025-12-05T13:23:08Z,2002,2002-01-01,2002-12-31
1395510,GHED_GGHE-DGDP_SHA2011,COUNTRY,NLD,EUR,Europe,YEAR,2012,,,,,,,,,7.16,7.15750694,,,,2025-12-05T13:23:08Z,2012,2012-01-01,2012-12-31
1403014,GHED_GGHE-DGDP_SHA2011,COUNTRY,PAK,EMR,Eastern Mediterranean,YEAR,2010,,,,,,,,,0.53,0.52930099,,,,2025-12-05T13:23:08Z,2010,2010-01-01,2010-12-31
1403458,GHED_GGHE-DGDP_SHA2011,COUNTRY,MDV,SEAR,South-East Asia,YEAR,2005,,,,,,,,,2.97,2.96756434,,,,2025-12-05T13:23:08Z,2005,2005-01-01,2005-12-31
1403916,GHED_GGHE-DGDP_SHA2011,COUNTRY,MRT,AFR,Africa,YEAR,2004,,,,,,,,,0.71,0.70654863,,,,2025-12-05T13:23:08Z,2004,2004-01-01,2004-12-31
1404179,GHED_GGHE-DGDP_SHA2011,COUNTRY,BWA,AFR,Africa,YEAR,2020,,,,,,,,,4.49,4.48994827,,,,2025-12-05T13:23:08Z,2020,2020-01-01,2020-12-31
1407339,GHED_GGHE-DGDP_SHA2011,COUNTRY,HUN,EUR,Europe,YEAR,2013,,,,,,,,,4.79,4.79123878,,,,2025-12-05T13:23:08Z,2013,2013-01-01,2013-12-31
1409563,GHED_GGHE-DGDP_SHA2011,COUNTRY,SVK,EUR,Europe,YEAR,2004,,,,,,,,,5.04,5.03513718,,,,2025-12-05T13:23:08Z,2004,2004-01-01,2004-12-31
1414471,GHED_GGHE-DGDP_SHA2011,COUNTRY,PAK,EMR,Eastern Mediterranean,YEAR,2021,,,,,,,,,1.11,1.1115458,,,,2025-12-05T13:23:08Z,2021,2021-01-01,2021-12-31
1415675,GHED_GGHE-DGDP_SHA2011,COUNTRY,PER,AMR,Americas,YEAR,2022,,,,,,,,,3.91,3.91114283,,,,2025-12-05T13:23:08Z,2022,2022-01-01,2022-12-31
1423520,GHED_GGHE-DGDP_SHA2011,COUNTRY,POL,EUR,Europe,YEAR,2007,,,,,,,,,4.09,4.08632708,,,,2025-12-05T13:23:08Z,2007,2007-01-01,2007-12-31
1424288,GHED_GGHE-DGDP_SHA2011,COUNTRY,BLZ,AMR,Americas,YEAR,2013,,,,,,,,,2.92,2.92492223,,,,2025-12-05T13:23:08Z,2013,2013-01-01,2013-12-31
1425298,GHED_GGHE-DGDP_SHA2011,COUNTRY,SGP,WPR,Western Pacific,YEAR,2006,,,,,,,,,1.00,0.99547803,,,,2025-12-05T13:23:08Z,2006,2006-01-01,2006-12-31
1426153,GHED_GGHE-DGDP_SHA2011,REGION,SEAR,,,YEAR,2006,,,,,,,,,1.58,1.57566544,,,,2025-12-05T13:23:08Z,2006,2006-01-01,2006-12-31
1426250,GHED_GGHE-DGDP_SHA2011,COUNTRY,UKR,EUR,Europe,YEAR,2002,,,,,,,,,3.07,3.07087588,,,,2025-12-05T13:23:08Z,2002,2002-01-01,2002-12-31
1432803,GHED_GGHE-DGDP_SHA2011,COUNTRY,SRB,EUR,Europe,YEAR,2012,,,,,,,,,5.56,5.56388712,,,,2025-12-05T13:23:08Z,2012,2012-01-01,2012-12-31
1435182,GHED_GGHE-DGDP_SHA2011,COUNTRY,SAU,EMR,Eastern Mediterranean,YEAR,2014,,,,,,,,,3.68,3.68119621,,,,2025-12-05T13:23:08Z,2014,2014-01-01,2014-12-31
1436058,GHED_GGHE-DGDP_SHA2011,REGION,AFR,,,YEAR,2008,,,,,,,,,1.49,1.48795287,,,,2025-12-05T13:23:08Z,2008,2008-01-01,2008-12-31
1436490,GHED_GGHE-DGDP_SHA2011,COUNTRY,CHL,AMR,Americas,YEAR,2021,,,,,,,,,5.22,5.21842861,,,,2025-12-05T13:23:08Z,2021,2021-01-01,2021-12-31
1445053,GHED_GGHE-DGDP_SHA2011,COUNTRY,GAB,AFR,Africa,YEAR,2017,,,,,,,,,1.76,1.75976336,,,,2025-12-05T13:23:08Z,2017,2017-01-01,2017-12-31
1446227,GHED_GGHE-DGDP_SHA2011,COUNTRY,TLS,SEAR,South-East Asia,YEAR,2022,,,,,,,,,5.36,5.357265,,,,2025-12-05T13:23:08Z,2022,2022-01-01,2022-12-31
1446656,GHED_GGHE-DGDP_SHA2011,COUNTRY,ECU,AMR,Americas,YEAR,2005,,,,,,,,,1.73,1.7340647,,,,2025-12-05T13:23:08Z,2005,2005-01-01,2005-12-31
1449952,GHED_GGHE-DGDP_SHA2011,COUNTRY,PNG,WPR,Western Pacific,YEAR,2014,,,,,,,,,2.02,2.02066565,,,,2025-12-05T13:23:08Z,2014,2014-01-01,2014-12-31
1457343,GHED_GGHE-DGDP_SHA2011,COUNTRY,GTM,AMR,Americas,YEAR,2001,,,,,,,,,1.98,1.98154283,,,,2025-12-05T13:23:08Z,2001,2001-01-01,2001-12-31
1457983,GHED_GGHE-DGDP_SHA2011,COUNTRY,AND,EUR,Europe,YEAR,2000,,,,,,,,,3.88,3.88115096,,,,2025-12-05T13:23:08Z,2000,2000-01-01,2000-12-31
1458504,GHED_GGHE-DGDP_SHA2011,COUNTRY,LKA,SEAR,South-East Asia,YEAR,2008,,,,,,,,,1.67,1.66602755,,,,2025-12-05T13:23:08Z,2008,2008-01-01,2008-12-31
1465075,GHED_GGHE-DGDP_SHA2011,COUNTRY,FJI,WPR,Western Pacific,YEAR,2018,,,,,,,,,2.47,2.4660871,,,,2025-12-05T13:23:08Z,2018,2018-01-01,2018-12-31
1469138,GHED_GGHE-DGDP_SHA2011,COUNTRY,SLV,AMR,Americas,YEAR,2014,,,,,,,,,4.69,4.68769121,,,,2025-12-05T13:23:08Z,2014,2014-01-01,2014-12-31
1474953,GHED_GGHE-DGDP_SHA2011,COUNTRY,AFG,EMR,Eastern Mediterranean,YEAR,2012,,,,,,,,,0.34,0.34288675,,,,2025-12-05T13:23:08Z,2012,2012-01-01,2012-12-31
1475029,GHED_GGHE-DGDP_SHA2011,COUNTRY,NIC,AMR,Americas,YEAR,2011,,,,,,,,,3.53,3.53044653,,,,2025-12-05T13:23:08Z,2011,2011-01-01,2011-12-31
1475857,GHED_GGHE-DGDP_SHA2011,COUNTRY,ARM,EUR,Europe,YEAR,2022,,,,,,,,,1.72,1.71535587,,,,2025-12-05T13:23:08Z,2022,2022-01-01,2022-12-31
1477359,GHED_GGHE-DGDP_SHA2011,COUNTRY,WSM,WPR,Western Pacific,YEAR,2018,,,,,,,,,3.70,3.69644928,,,,2025-12-05T13:23:08Z,2018,2018-01-01,2018-12-31
1479935,GHED_GGHE-DGDP_SHA2011,COUNTRY,IRQ,EMR,Eastern Mediterranean,YEAR,2018,,,,,,,,,2.00,2.001724,,,,2025-12-05T13:23:08Z,2018,2018-01-01,2018-12-31
1481035,GHED_GGHE-DGDP_SHA2011,COUNTRY,TZA,AFR,Africa,YEAR,2010,,,,,,,,,1.45,1.4499774,,,,2025-12-05T13:23:08Z,2010,2010-01-01,2010-12-31
1481116,GHED_GGHE-DGDP_SHA2011,COUNTRY,MHL,WPR,Western Pacific,YEAR,2009,,,,,,,,,6.20,6.20014572,,,,2025-12-05T13:23:08Z,2009,2009-01-01,2009-12-31
1482468,GHED_GGHE-DGDP_SHA2011,COUNTRY,LBR,AFR,Africa,YEAR,2007,,,,,,,,,0.73,0.73447984,,,,2025-12-05T13:23:08Z,2007,2007-01-01,2007-12-31
1486494,GHED_GGHE-DGDP_SHA2011,COUNTRY,SLV,AMR,Americas,YEAR,2017,,,,,,,,,4.58,4.58291912,,,,2025-12-05T13:23:08Z,2017,2017-01-01,2017-12-31
1487037,GHED_GGHE-DGDP_SHA2011,COUNTRY,QAT,EMR,Eastern Mediterranean,YEAR,2015,,,,,,,,,3.20,3.19502282,,,,2025-12-05T13:23:08Z,2015,2015-01-01,2015-12-31
1490496,GHED_GGHE-DGDP_SHA2011,COUNTRY,SYR,EMR,Eastern Mediterranean,YEAR,2003,,,,,,,,,2.45,2.4527986,,,,2025-12-05T13:23:08Z,2003,2003-01-01,2003-12-31
1490589,GHED_GGHE-DGDP_SHA2011,COUNTRY,ISL,EUR,Europe,YEAR,2007,,,,,,,,,6.85,6.85141087,,,,2025-12-05T13:23:08Z,2007,2007-01-01,2007-12-31
1491179,GHED_GGHE-DGDP_SHA2011,COUNTRY,THA,SEAR,South-East Asia,YEAR,2003,,,,,,,,,2.05,2.04556918,,,,2025-12-05T13:23:08Z,2003,2003-01-01,2003-12-31
1492083,GHED_GGHE-DGDP_SHA2011,COUNTRY,FSM,WPR,Western Pacific,YEAR,2010,,,,,,,,,1.21,1.21490371,,,,2025-12-05T13:23:08Z,2010,2010-01-01,2010-12-31
1492869,GHED_GGHE-DGDP_SHA2011,COUNTRY,NOR,EUR,Europe,YEAR,2021,,,,,,,,,8.43,8.43056965,,,,2025-12-05T13:23:08Z,2021,2021-01-01,2021-12-31
1493581,GHED_GGHE-DGDP_SHA2011,COUNTRY,SYC,AFR,Africa,YEAR,2013,,,,,,,,,3.21,3.20524502,,,,2025-12-05T13:23:08Z,2013,2013-01-01,2013-12-31
1495969,GHED_GGHE-DGDP_SHA2011,COUNTRY,COK,WPR,Western Pacific,YEAR,2018,,,,,,,,,2.38,2.38140249,,,,2025-12-05T13:23:08Z,2018,2018-01-01,2018-12-31
1497293,GHED_GGHE-DGDP_SHA2011,COUNTRY,FJI,WPR,Western Pacific,YEAR,2022,,,,,,,,,3.20,3.196064,,,,2025-12-05T13:23:08Z,2022,2022-01-01,2022-12-31
1497343,GHED_GGHE-DGDP_SHA2011,COUNTRY,ESP,EUR,Europe,YEAR,2014,,,,,,,,,6.35,6.34630156,,,,2025-12-05T13:23:08Z,2014,2014-01-01,2014-12-31
1497378,GHED_GGHE-DGDP_SHA2011,COUNTRY,KWT,EMR,Eastern Mediterranean,YEAR,2005,,,,,,,,,1.53,1.53435338,,,,2025-12-05T13:23:08Z,2005,2005-01-01,2005-12-31
1497949,GHED_GGHE-DGDP_SHA2011,COUNTRY,ESP,EUR,Europe,YEAR,2023,,,,,,,,,6.75,6.74802351,,,,2025-12-05T13:23:08Z,2023,2023-01-01,2023-12-31
1499109,GHED_GGHE-DGDP_SHA2011,COUNTRY,MMR,SEAR,South-East Asia,YEAR,2009,,,,,,,,,0.19,0.18821332,,,,2025-12-05T13:23:08Z,2009,2009-01-01,2009-12-31
1499120,GHED_GGHE-DGDP_SHA2011,COUNTRY,VUT,WPR,Western Pacific,YEAR,2019,,,,,,,,,1.90,1.90414143,,,,2025-12-05T13:23:08Z,2019,2019-01-01,2019-12-31
1500375,GHED_GGHE-DGDP_SHA2011,COUNTRY,CUB,AMR,Americas,YEAR,2014,,,,,,,,,10.96,10.95755768,,,,2025-12-05T13:23:08Z,2014,2014-01-01,2014-12-31
1501308,GHED_GGHE-DGDP_SHA2011,COUNTRY,MDA,EUR,Europe,YEAR,2016,,,,,,,,,3.72,3.7185328,,,,2025-12-05T13:23:08Z,2016,2016-01-01,2016-12-31
1501504,GHED_GGHE-DGDP_SHA2011,COUNTRY,BHR,EMR,Eastern Mediterranean,YEAR,2018,,,,,,,,,2.32,2.31990647,,,,2025-12-05T13:23:08Z,2018,2018-01-01,2018-12-31
1507919,GHED_GGHE-DGDP_SHA2011,COUNTRY,LBY,EMR,Eastern Mediterranean,YEAR,2019,,,,,,,,,3.96,3.95533991,,,,2025-12-05T13:23:08Z,2019,2019-01-01,2019-12-31
1511305,GHED_GGHE-DGDP_SHA2011,COUNTRY,ITA,EUR,Europe,YEAR,2017,,,,,,,,,6.37,6.37222385,,,,2025-12-05T13:23:08Z,2017,2017-01-01,2017-12-31
1519105,GHED_GGHE-DGDP_SHA2011,COUNTRY,BRB,AMR,Americas,YEAR,2016,,,,,,,,,2.85,2.85200191,,,,2025-12-05T13:23:08Z,2016,2016-01-01,2016-12-31
1520373,GHED_GGHE-DGDP_SHA2011,COUNTRY,FIN,EUR,Europe,YEAR,2015,,,,,,,,,7.62,7.6206398,,,,2025-12-05T13:23:08Z,2015,2015-01-01,2015-12-31
1520930,GHED_GGHE-DGDP_SHA2011,COUNTRY,KWT,EMR,Eastern Mediterranean,YEAR,2017,,,,,,,,,3.99,3.98828077,,,,2025-12-05T13:23:08Z,2017,2017-01-01,2017-12-31
1522042,GHED_GGHE-DGDP_SHA2011,COUNTRY,EST,EUR,Europe,YEAR,2023,,,,,,,,,5.66,5.66041517,,,,2025-12-05T13:23:08Z,2023,2023-01-01,2023-12-31
1523682,GHED_GGHE-DGDP_SHA2011,COUNTRY,AUT,EUR,Europe,YEAR,2011,,,,,,,,,7.34,7.34409189,,,,2025-12-05T13:23:08Z,2011,2011-01-01,2011-12-31
1523771,GHED_GGHE-DGDP_SHA2011,WORLDBANKINCOMEGROUP,WB_HI,,,YEAR,2005,,,,,,,,,4.58,4.57609121,,,,2025-12-05T13:23:08Z,2005,2005-01-01,2005-12-31
1528005,GHED_GGHE-DGDP_SHA2011,COUNTRY,NOR,EUR,Europe,YEAR,2022,,,,,,,,,6.78,6.77605867,,,,2025-12-05T13:23:08Z,2022,2022-01-01,2022-12-31
1529424,GHED_GGHE-DGDP_SHA2011,COUNTRY,COK,WPR,Western Pacific,YEAR,2012,,,,,,,,,2.82,2.82279992,,,,2025-12-05T13:23:08Z,2012,2012-01-01,2012-12-31
1530497,GHED_GGHE-DGDP_SHA2011,COUNTRY,COK,WPR,Western Pacific,YEAR,2008,,,,,,,,,2.87,2.87410927,,,,2025-12-05T13:23:08Z,2008,2008-01-01,2008-12-31
1531439,GHED_GGHE-DGDP_SHA2011,COUNTRY,MCO,EUR,Europe,YEAR,2021,,,,,,,,,3.30,3.297261,,,,2025-12-05T13:23:08Z,2021,2021-01-01,2021-12-31
1532774,GHED_GGHE-DGDP_SHA2011,COUNTRY,TKM,EUR,Europe,YEAR,2011,,,,,,,,,0.84,0.83719772,,,,2025-12-05T13:23:08Z,2011,2011-01-01,2011-12-31
1532810,GHED_GGHE-DGDP_SHA2011,COUNTRY,ROU,EUR,Europe,YEAR,2008,,,,,,,,,4.07,4.07320023,,,,2025-12-05T13:23:08Z,2008,2008-01-01,2008-12-31
1533118,GHED_GGHE-DGDP_SHA2011,COUNTRY,STP,AFR,Africa,YEAR,2008,,,,,,,,,1.22,1.22298861,,,,2025-12-05T13:23:08Z,2008,2008-01-01,2008-12-31
1536329,GHED_GGHE-DGDP_SHA2011,COUNTRY,URY,AMR,Americas,YEAR,2001,,,,,,,,,4.38,4.38128328,,,,2025-12-05T13:23:08Z,2001,2001-01-01,2001-12-31
1538726,GHED_GGHE-DGDP_SHA2011,REGION,EMR,,,YEAR,2018,,,,,,,,,2.25,2.24563713,,,,2025-12-05T13:23:08Z,2018,2018-01-01,2018-12-31
1539931,GHED_GGHE-DGDP_SHA2011,COUNTRY,PAN,AMR,Americas,YEAR,2021,,,,,,,,,5.08,5.07548141,,,,2025-12-05T13:23:08Z,2021,2021-01-01,2021-12-31
1543614,GHED_GGHE-DGDP_SHA2011,COUNTRY,LBY,EMR,Eastern Mediterranean,YEAR,2021,,,,,,,,,4.47,4.47216082,,,,2025-12-05T13:23:08Z,2021,2021-01-01,2021-12-31
1552364,GHED_GGHE-DGDP_SHA2011,COUNTRY,BRA,AMR,Americas,YEAR,2007,,,,,,,,,3.48,3.48462701,,,,2025-12-05T13:23:08Z,2007,2007-01-01,2007-12-31
1555196,GHED_GGHE-DGDP_SHA2011,COUNTRY,TGO,AFR,Africa,YEAR,2016,,,,,,,,,0.98,0.97535449,,,,2025-12-05T13:23:08Z,2016,2016-01-01,2016-12-31
1555206,GHED_GGHE-DGDP_SHA2011,GLOBAL,GLOBAL,,,YEAR,2002,,,,,,,,,3.02,3.01636263,,,,2025-12-05T13:23:08Z,2002,2002-01-01,2002-12-31
1555328,GHED_GGHE-DGDP_SHA2011,COUNTRY,OMN,EMR,Eastern Mediterranean,YEAR,2005,,,,,,,,,1.86,1.86491668,,,,2025-12-05T13:23:08Z,2005,2005-01-01,2005-12-31
1565686,GHED_GGHE-DGDP_SHA2011,COUNTRY,GBR,EUR,Europe,YEAR,2021,,,,,,,,,10.12,10.11974335,,,,2025-12-05T13:23:08Z,2021,2021-01-01,2021-12-31
1566842,GHED_GGHE-DGDP_SHA2011,WORLDBANKINCOMEGROUP,WB_HI,,,YEAR,2018,,,,,,,,,5.18,5.17741309,,,,2025-12-05T13:23:08Z,2018,2018-01-01,2018-12-31
1568571,GHED_GGHE-DGDP_SHA2011,COUNTRY,NIU,WPR,Western Pacific,YEAR,2013,,,,,,,,,6.98,6.98258352,,,,2025-12-05T13:23:08Z,2013,2013-01-01,2013-12-31
1569670,GHED_GGHE-DGDP_SHA2011,COUNTRY,HUN,EUR,Europe,YEAR,2015,,,,,,,,,4.64,4.6434226,,,,2025-12-05T13:23:08Z,2015,2015-01-01,2015-12-31
1572860,GHED_GGHE-DGDP_SHA2011,COUNTRY,NER,AFR,Africa,YEAR,2010,,,,,,,,,1.31,1.31193817,,,,2025-12-05T13:23:08Z,2010,2010-01-01,2010-12-31
1573212,GHED_GGHE-DGDP_SHA2011,WORLDBANKINCOMEGROUP,WB_LI,,,YEAR,2017,,,,,,,,,1.19,1.18658936,,,,2025-12-05T13:23:08Z,2017,2017-01-01,2017-12-31
1574245,GHED_GGHE-DGDP_SHA2011,REGION,WPR,,,YEAR,2011,,,,,,,,,3.94,3.94043818,,,,2025-12-05T13:23:08Z,2011,2011-01-01,2011-12-31
1576165,GHED_GGHE-DGDP_SHA2011,WORLDBANKINCOMEGROUP,WB_LI,,,YEAR,2001,,,,,,,,,1.18,1.17701052,,,,2025-12-05T13:23:08Z,2001,2001-01-01,2001-12-31
1577393,GHED_GGHE-DGDP_SHA2011,COUNTRY,SWZ,AFR,Africa,YEAR,2004,,,,,,,,,3.02,3.02394485,,,,2025-12-05T13:23:08Z,2004,2004-01-01,2004-12-31
1578784,GHED_GGHE-DGDP_SHA2011,COUNTRY,FIN,EUR,Europe,YEAR,2019,,,,,,,,,7.40,7.39612961,,,,2025-12-05T13:23:08Z,2019,2019-01-01,2019-12-31
1579750,GHED_GGHE-DGDP_SHA2011,COUNTRY,ZAF,AFR,Africa,YEAR,2013,,,,,,,,,4.15,4.14510202,,,,2025-12-05T13:23:08Z,2013,2013-01-01,2013-12-31
1580448,GHED_GGHE-DGDP_SHA2011,COUNTRY,CPV,AFR,Africa,YEAR,2016,,,,,,,,,2.77,2.76934814,,,,2025-12-05T13:23:08Z,2016,2016-01-01,2016-12-31
1583219,GHED_GGHE-DGDP_SHA2011,WORLDBANKINCOMEGROUP,WB_HI,,,YEAR,2019,,,,,,,,,5.30,5.2997801,,,,2025-12-05T13:23:08Z,2019,2019-01-01,2019-12-31
1590321,GHED_GGHE-DGDP_SHA2011,COUNTRY,BRN,WPR,Western Pacific,YEAR,2002,,,,,,,,,2.12,2.11855745,,,,2025-12-05T13:23:08Z,2002,2002-01-01,2002-12-31
1591047,GHED_GGHE-DGDP_SHA2011,COUNTRY,BDI,AFR,Africa,YEAR,2023,,,,,,,,,1.34,1.34036565,,,,2025-12-05T13:23:08Z,2023,2023-01-01,2023-12-31
1594587,GHED_GGHE-DGDP_SHA2011,COUNTRY,YEM,EMR,Eastern Mediterranean,YEAR,2014,,,,,,,,,0.78,0.78348452,,,,2025-12-05T13:23:08Z,2014,2014-01-01,2014-12-31
1598484,GHED_GGHE-DGDP_SHA2011,COUNTRY,BLZ,AMR,Americas,YEAR,2008,,,,,,,,,2.91,2.91308498,,,,2025-12-05T13:23:08Z,2008,2008-01-01,2008-12-31
1598638,GHED_GGHE-DGDP_SHA2011,COUNTRY,MEX,AMR,Americas,YEAR,2013,,,,,,,,,3.00,2.9978776,,,,2025-12-05T13:23:08Z,2013,2013-01-01,2013-12-31
1602442,GHED_GGHE-DGDP_SHA2011,COUNTRY,DMA,AMR,Americas,YEAR,2007,,,,,,,,,2.52,2.52050734,,,,2025-12-05T13:23:08Z,2007,2007-01-01,2007-12-31
1602683,GHED_GGHE-DGDP_SHA2011,COUNTRY,TTO,AMR,Americas,YEAR,2017,,,,,,,,,3.43,3.43325257,,,,2025-12-05T13:23:08Z,2017,2017-01-01,2017-12-31
1604594,GHED_GGHE-DGDP_SHA2011,COUNTRY,SLB,WPR,Western Pacific,YEAR,2004,,,,,,,,,4.89,4.88922024,,,,2025-12-05T13:23:08Z,2004,2004-01-01,2004-12-31
1604783,GHED_GGHE-DGDP_SHA2011,COUNTRY,SWZ,AFR,Africa,YEAR,2002,,,,,,,,,2.42,2.4225831,,,,2025-12-05T13:23:08Z,2002,2002-01-01,2002-12-31
1605846,GHED_GGHE-DGDP_SHA2011,COUNTRY,MCO,EUR,Europe,YEAR,2009,,,,,,,,,3.94,3.93795872,,,,2025-12-05T13:23:08Z,2009,2009-01-01,2009-12-31
1607359,GHED_GGHE-DGDP_SHA2011,COUNTRY,ZWE,AFR,Africa,YEAR,2017,,,,,,,,,1.55,1.550982,,,,2025-12-05T13:23:08Z,2017,2017-01-01,2017-12-31
1608145,GHED_GGHE-DGDP_SHA2011,COUNTRY,LTU,EUR,Europe,YEAR,2008,,,,,,,,,4.45,4.44847679,,,,2025-12-05T13:23:08Z,2008,2008-01-01,2008-12-31
1608829,GHED_GGHE-DGDP_SHA2011,COUNTRY,GEO,EUR,Europe,YEAR,2010,,,,,,,,,1.91,1.90527785,,,,2025-12-05T13:23:08Z,2010,2010-01-01,2010-12-31
1609947,GHED_GGHE-DGDP_SHA2011,COUNTRY,TON,WPR,Western Pacific,YEAR,2002,,,,,,,,,2.59,2.59221506,,,,2025-12-05T13:23:08Z,2002,2002-01-01,2002-12-31
1617699,GHED_GGHE-DGDP_SHA2011,COUNTRY,DNK,EUR,Europe,YEAR,2013,,,,,,,,,8.70,8.69767475,,,,2025-12-05T13:23:08Z,2013,2013-01-01,2013-12-31
1618406,GHED_GGHE-DGDP_SHA2011,COUNTRY,VCT,AMR,Americas,YEAR,2000,,,,,,,,,2.78,2.78348827,,,,2025-12-05T13:23:08Z,2000,2000-01-01,2000-12-31
1621710,GHED_GGHE-DGDP_SHA2011,COUNTRY,SDN,EMR,Eastern Mediterranean,YEAR,2000,,,,,,,,,1.22,1.21998167,,,,2025-12-05T13:23:08Z,2000,2000-01-01,2000-12-31
1625635,GHED_GGHE-DGDP_SHA2011,COUNTRY,IDN,WPR,Western Pacific,YEAR,2019,,,,,,,,,1.40,1.39791656,,,,2025-12-05T13:23:08Z,2019,2019-01-01,2019-12-31
1627037,GHED_GGHE-DGDP_SHA2011,COUNTRY,PNG,WPR,Western Pacific,YEAR,2020,,,,,,,,,1.58,1.58207059,,,,2025-12-05T13:23:08Z,2020,2020-01-01,2020-12-31
1627880,GHED_GGHE-DGDP_SHA2011,COUNTRY,MHL,WPR,Western Pacific,YEAR,2016,,,,,,,,,6.47,6.47250175,,,,2025-12-05T13:23:08Z,2016,2016-01-01,2016-12-31
1628737,GHED_GGHE-DGDP_SHA2011,COUNTRY,UKR,EUR,Europe,YEAR,2018,,,,,,,,,3.50,3.50151348,,,,2025-12-05T13:23:08Z,2018,2018-01-01,2018-12-31
1632582,GHED_GGHE-DGDP_SHA2011,COUNTRY,BGD,SEAR,South-East Asia,YEAR,2010,,,,,,,,,0.47,0.47062662,,,,2025-12-05T13:23:08Z,2010,2010-01-01,2010-12-31
1637299,GHED_GGHE-DGDP_SHA2011,COUNTRY,VNM,WPR,Western Pacific,YEAR,2016,,,,,,,,,2.13,2.1333859,,,,2025-12-05T13:23:08Z,2016,2016-01-01,2016-12-31
1639014,GHED_GGHE-DGDP_SHA2011,COUNTRY,BRA,AMR,Americas,YEAR,2009,,,,,,,,,3.71,3.70742011,,,,2025-12-05T13:23:08Z,2009,2009-01-01,2009-12-31
1645823,GHED_GGHE-DGDP_SHA2011,COUNTRY,TGO,AFR,Africa,YEAR,2011,,,,,,,,,1.03,1.03214419,,,,2025-12-05T13:23:08Z,2011,2011-01-01,2011-12-31
1647368,GHED_GGHE-DGDP_SHA2011,COUNTRY,NIC,AMR,Americas,YEAR,2004,,,,,,,,,2.27,2.27378821,,,,2025-12-05T13:23:08Z,2004,2004-01-01,2004-12-31
1652913,GHED_GGHE-DGDP_SHA2011,COUNTRY,NPL,SEAR,South-East Asia,YEAR,2018,,,,,,,,,1.07,1.06721246,,,,2025-12-05T13:23:08Z,2018,2018-01-01,2018-12-31
1657068,GHED_GGHE-DGDP_SHA2011,COUNTRY,NER,AFR,Africa,YEAR,2021,,,,,,,,,2.12,2.12211633,,,,2025-12-05T13:23:08Z,2021,2021-01-01,2021-12-31
1658266,GHED_GGHE-DGDP_SHA2011,COUNTRY,CRI,AMR,Americas,YEAR,2018,,,,,,,,,5.27,5.27453423,,,,2025-12-05T13:23:08Z,2018,2018-01-01,2018-12-31
1658714,GHED_GGHE-DGDP_SHA2011,COUNTRY,BGR,EUR,Europe,YEAR,2009,,,,,,,,,3.55,3.54883742,,,,2025-12-05T13:23:08Z,2009,2009-01-01,2009-12-31
1663243,GHED_GGHE-DGDP_SHA2011,COUNTRY,MAR,EMR,Eastern Mediterranean,YEAR,2019,,,,,,,,,2.02,2.02342105,,,,2025-12-05T13:23:08Z,2019,2019-01-01,2019-12-31
1665344,GHED_GGHE-DGDP_SHA2011,COUNTRY,LBR,AFR,Africa,YEAR,2010,,,,,,,,,1.27,1.2732017,,,,2025-12-05T13:23:08Z,2010,2010-01-01,2010-12-31
1665633,GHED_GGHE-DGDP_SHA2011,COUNTRY,SMR,EUR,Europe,YEAR,2005,,,,,,,,,3.82,3.81809044,,,,2025-12-05T13:23:08Z,2005,2005-01-01,2005-12-31
1667703,GHED_GGHE-DGDP_SHA2011,COUNTRY,ISL,EUR,Europe,YEAR,2005,,,,,,,,,7.25,7.24719429,,,,2025-12-05T13:23:08Z,2005,2005-01-01,2005-12-31
1670774,GHED_GGHE-DGDP_SHA2011,COUNTRY,CZE,EUR,Europe,YEAR,2000,,,,,,,,,5.03,5.02878523,,,,2025-12-05T13:23:08Z,2000,2000-01-01,2000-12-31
1673460,GHED_GGHE-DGDP_SHA2011,COUNTRY,ARG,AMR,Americas,YEAR,2006,,,,,,,,,4.04,4.04397869,,,,2025-12-05T13:23:08Z,2006,2006-01-01,2006-12-31
1678981,GHED_GGHE-DGDP_SHA2011,COUNTRY,SYR,EMR,Eastern Mediterranean,YEAR,2014,,,,,,,,,1.98,1.98435199,,,,2025-12-05T13:23:08Z,2014,2014-01-01,2014-12-31
1679040,GHED_GGHE-DGDP_SHA2011,COUNTRY,HND,AMR,Americas,YEAR,2023,,,,,,,,,2.46,2.46127725,,,,2025-12-05T13:23:08Z,2023,2023-01-01,2023-12-31
1679617,GHED_GGHE-DGDP_SHA2011,COUNTRY,KIR,WPR,Western Pacific,YEAR,2002,,,,,,,,,10.99,10.99297142,,,,2025-12-05T13:23:08Z,2002,2002-01-01,2002-12-31
1680258,GHED_GGHE-DGDP_SHA2011,COUNTRY,SUR,AMR,Americas,YEAR,2004,,,,,,,,,2.43,2.43031907,,,,2025-12-05T13:23:08Z,2004,2004-01-01,2004-12-31
1682163,GHED_GGHE-DGDP_SHA2011,COUNTRY,PSE,EMR,Eastern Mediterranean,YEAR,2009,,,,,,,,,3.66,3.65880156,,,,2025-12-05T13:23:08Z,2009,2009-01-01,2009-12-31
1682289,GHED_GGHE-DGDP_SHA2011,COUNTRY,JAM,AMR,Americas,YEAR,2003,,,,,,,,,2.05,2.04667425,,,,2025-12-05T13:23:08Z,2003,2003-01-01,2003-12-31
1683238,GHED_GGHE-DGDP_SHA2011,COUNTRY,MAR,EMR,Eastern Mediterranean,YEAR,2011,,,,,,,,,1.81,1.80912101,,,,2025-12-05T13:23:08Z,2011,2011-01-01,2011-12-31
1686538,GHED_GGHE-DGDP_SHA2011,COUNTRY,SLB,WPR,Western Pacific,YEAR,2000,,,,,,,,,4.44,4.44415522,,,,2025-12-05T13:23:08Z,2000,2000-01-01,2000-12-31
1686902,GHED_GGHE-DGDP_SHA2011,COUNTRY,AZE,EUR,Europe,YEAR,2003,,,,,,,,,0.77,0.7737512,,,,2025-12-05T13:23:08Z,2003,2003-01-01,2003-12-31
1687411,GHED_GGHE-DGDP_SHA2011,WORLDBANKINCOMEGROUP,WB_LI,,,YEAR,2011,,,,,,,,,1.09,1.09269883,,,,2025-12-05T13:23:08Z,2011,2011-01-01,2011-12-31
1687457,GHED_GGHE-DGDP_SHA2011,COUNTRY,SGP,WPR,Western Pacific,YEAR,2001,,,,,,,,,0.88,0.88201147,,,,2025-12-05T13:23:08Z,2001,2001-01-01,2001-12-31
1691407,GHED_GGHE-DGDP_SHA2011,COUNTRY,IRQ,EMR,Eastern Mediterranean,YEAR,2005,,,,,,,,,2.02,2.02030635,,,,2025-12-05T13:23:08Z,2005,2005-01-01,2005-12-31
1691705,GHED_GGHE-DGDP_SHA2011,COUNTRY,DNK,EUR,Europe,YEAR,2007,,,,,,,,,7.79,7.78667593,,,,2025-12-05T13:23:08Z,2007,2007-01-01,2007-12-31
1693087,GHED_GGHE-DGDP_SHA2011,COUNTRY,MCO,EUR,Europe,YEAR,2000,,,,,,,,,2.96,2.95726943,,,,2025-12-05T13:23:08Z,2000,2000-01-01,2000-12-31
1694269,GHED_GGHE-DGDP_SHA2011,COUNTRY,SLE,AFR,Africa,YEAR,2017,,,,,,,,,0.54,0.54366273,,,,2025-12-05T13:23:08Z,2017,2017-01-01,2017-12-31
1698202,GHED_GGHE-DGDP_SHA2011,COUNTRY,SLV,AMR,Americas,YEAR,2002,,,,,,,,,4.00,4.00326157,,,,2025-12-05T13:23:08Z,2002,2002-01-01,2002-12-31
1701560,GHED_GGHE-DGDP_SHA2011,COUNTRY,QAT,EMR,Eastern Mediterranean,YEAR,2005,,,,,,,,,1.92,1.92000175,,,,2025-12-05T13:23:08Z,2005,2005-01-01,2005-12-31
1702181,GHED_GGHE-DGDP_SHA2011,COUNTRY,SDN,EMR,Eastern Mediterranean,YEAR,2019,,,,,,,,,1.04,1.03735721,,,,2025-12-05T13:23:08Z,2019,2019-01-01,2019-12-31
1705014,GHED_GGHE-DGDP_SHA2011,COUNTRY,TGO,AFR,Africa,YEAR,2010,,,,,,,,,1.12,1.12349021,,,,2025-12-05T13:23:08Z,2010,2010-01-01,2010-12-31
1710118,GHED_GGHE-DGDP_SHA2011,COUNTRY,SAU,EMR,Eastern Mediterranean,YEAR,2020,,,,,,,,,5.20,5.20342541,,,,2025-12-05T13:23:08Z,2020,2020-01-01,2020-12-31
1710322,GHED_GGHE-DGDP_SHA2011,REGION,WPR,,,YEAR,2004,,,,,,,,,3.65,3.65072783,,,,2025-12-05T13:23:08Z,2004,2004-01-01,2004-12-31
1710664,GHED_GGHE-DGDP_SHA2011,COUNTRY,ITA,EUR,Europe,YEAR,2018,,,,,,,,,6.35,6.34945059,,,,2025-12-05T13:23:08Z,2018,2018-01-01,2018-12-31
1711554,GHED_GGHE-DGDP_SHA2011,COUNTRY,NGA,AFR,Africa,YEAR,2018,,,,,,,,,0.50,0.49754828,,,,2025-12-05T13:23:08Z,2018,2018-01-01,2018-12-31
1711768,GHED_GGHE-DGDP_SHA2011,COUNTRY,LIE,EUR,Europe,YEAR,2016,,,,,,,,,3.80,3.79975724,,,,2025-12-05T13:23:08Z,2016,2016-01-01,2016-12-31
1719347,GHED_GGHE-DGDP_SHA2011,COUNTRY,GEO,EUR,Europe,YEAR,2014,,,,,,,,,2.14,2.14047027,,,,2025-12-05T13:23:08Z,2014,2014-01-01,2014-12-31
1720854,GHED_GGHE-DGDP_SHA2011,COUNTRY,FSM,WPR,Western Pacific,YEAR,2021,,,,,,,,,1.15,1.15334094,,,,2025-12-05T13:23:08Z,2021,2021-01-01,2021-12-31
1721824,GHED_GGHE-DGDP_SHA2011,COUNTRY,TUV,WPR,Western Pacific,YEAR,2001,,,,,,,,,17.00,17.00361061,,,,2025-12-05T13:23:08Z,2001,2001-01-01,2001-12-31
1723713,GHED_GGHE-DGDP_SHA2011,COUNTRY,MHL,WPR,Western Pacific,YEAR,2002,,,,,,,,,7.59,7.5911026,,,,2025-12-05T13:23:08Z,2002,2002-01-01,2002-12-31
1726482,GHED_GGHE-DGDP_SHA2011,COUNTRY,KAZ,EUR,Europe,YEAR,2010,,,,,,,,,1.84,1.84399545,,,,2025-12-05T13:23:08Z,2010,2010-01-01,2010-12-31
1728076,GHED_GGHE-DGDP_SHA2011,COUNTRY,CHL,AMR,Americas,YEAR,2016,,,,,,,,,4.25,4.24912882,,,,2025-12-05T13:23:08Z,2016,2016-01-01,2016-12-31
1728298,GHED_GGHE-DGDP_SHA2011,COUNTRY,KIR,WPR,Western Pacific,YEAR,2015,,,,,,,,,6.09,6.08627462,,,,2025-12-05T13:23:08Z,2015,2015-01-01,2015-12-31
1729670,GHED_GGHE-DGDP_SHA2011,COUNTRY,MDV,SEAR,South-East Asia,YEAR,2000,,,,,,,,,2.56,2.56440163,,,,2025-12-05T13:23:08Z,2000,2000-01-01,2000-12-31
1731275,GHED_GGHE-DGDP_SHA2011,COUNTRY,KAZ,EUR,Europe,YEAR,2016,,,,,,,,,2.04,2.04025173,,,,2025-12-05T13:23:08Z,2016,2016-01-01,2016-12-31
1736414,GHED_GGHE-DGDP_SHA2011,COUNTRY,EGY,EMR,Eastern Mediterranean,YEAR,2020,,,,,,,,,1.33,1.32617092,,,,2025-12-05T13:23:08Z,2020,2020-01-01,2020-12-31
1739901,GHED_GGHE-DGDP_SHA2011,COUNTRY,VNM,WPR,Western Pacific,YEAR,2010,,,,,,,,,2.04,2.04132986,,,,2025-12-05T13:23:08Z,2010,2010-01-01,2010-12-31
1741465,GHED_GGHE-DGDP_SHA2011,COUNTRY,NPL,SEAR,South-East Asia,YEAR,2022,,,,,,,,,2.09,2.08633423,,,,2025-12-05T13:23:08Z,2022,2022-01-01,2022-12-31
1744609,GHED_GGHE-DGDP_SHA2011,COUNTRY,IRL,EUR,Europe,YEAR,2018,,,,,,,,,4.97,4.96560764,,,,2025-12-05T13:23:08Z,2018,2018-01-01,2018-12-31
1744726,GHED_GGHE-DGDP_SHA2011,COUNTRY,ISR,EUR,Europe,YEAR,2018,,,,,,,,,4.68,4.67882729,,,,2025-12-05T13:23:08Z,2018,2018-01-01,2018-12-31
1748558,GHED_GGHE-DGDP_SHA2011,COUNTRY,NRU,WPR,Western Pacific,YEAR,2013,,,,,,,,,5.35,5.35097265,,,,2025-12-05T13:23:08Z,2013,2013-01-01,2013-12-31
1748594,GHED_GGHE-DGDP_SHA2011,COUNTRY,COL,AMR,Americas,YEAR,2011,,,,,,,,,4.98,4.98383522,,,,2025-12-05T13:23:08Z,2011,2011-01-01,2011-12-31
1750506,GHED_GGHE-DGDP_SHA2011,COUNTRY,NER,AFR,Africa,YEAR,2005,,,,,,,,,1.92,1.92018211,,,,2025-12-05T13:23:08Z,2005,2005-01-01,2005-12-31
1752906,GHED_GGHE-DGDP_SHA2011,COUNTRY,USA,AMR,Americas,YEAR,2001,,,,,,,,,5.97,5.96832943,,,,2025-12-05T13:23:08Z,2001,2001-01-01,2001-12-31
1753087,GHED_GGHE-DGDP_SHA2011,COUNTRY,PRT,EUR,Europe,YEAR,2023,,,,,,,,,6.16,6.16079521,,,,2025-12-05T13:23:08Z,2023,2023-01-01,2023-12-31
1753250,GHED_GGHE-DGDP_SHA2011,COUNTRY,VUT,WPR,Western Pacific,YEAR,2021,,,,,,,,,1.23,1.23241973,,,,2025-12-05T13:23:08Z,2021,2021-01-01,2021-12-31
1761874,GHED_GGHE-DGDP_SHA2011,COUNTRY,TUV,WPR,Western Pacific,YEAR,2022,,,,,,,,,16.46,16.46469879,,,,2025-12-05T13:23:08Z,2022,2022-01-01,2022-12-31
1764174,GHED_GGHE-DGDP_SHA2011,COUNTRY,LAO,WPR,Western Pacific,YEAR,2010,,,,,,,,,0.60,0.60363603,,,,2025-12-05T13:23:08Z,2010,2010-01-01,2010-12-31
1764692,GHED_GGHE-DGDP_SHA2011,COUNTRY,MAR,EMR,Eastern Mediterranean,YEAR,2010,,,,,,,,,1.74,1.74102044,,,,2025-12-05T13:23:08Z,2010,2010-01-01,2010-12-31
1765525,GHED_GGHE-DGDP_SHA2011,COUNTRY,COM,AFR,Africa,YEAR,2006,,,,,,,,,0.65,0.6453765,,,,2025-12-05T13:23:08Z,2006,2006-01-01,2006-12-31
1765891,GHED_GGHE-DGDP_SHA2011,COUNTRY,AND,EUR,Europe,YEAR,2003,,,,,,,,,3.55,3.54889631,,,,2025-12-05T13:23:08Z,2003,2003-01-01,2003-12-31
1771714,GHED_GGHE-DGDP_SHA2011,COUNTRY,RWA,AFR,Africa,YEAR,2009,,,,,,,,,1.88,1.88107121,,,,2025-12-05T13:23:08Z,2009,2009-01-01,2009-12-31
1776013,GHED_GGHE-DGDP_SHA2011,COUNTRY,KHM,WPR,Western Pacific,YEAR,2010,,,,,,,,,1.11,1.10954452,,,,2025-12-05T13:23:08Z,2010,2010-01-01,2010-12-31
1780145,GHED_GGHE-DGDP_SHA2011,REGION,SEAR,,,YEAR,2014,,,,,,,,,2.08,2.08385771,,,,2025-12-05T13:23:08Z,2014,2014-01-01,2014-12-31
1782770,GHED_GGHE-DGDP_SHA2011,COUNTRY,SMR,EUR,Europe,YEAR,2022,,,,,,,,,6.40,6.39732409,,,,2025-12-05T13:23:08Z,2022,2022-01-01,2022-12-31
1784355,GHED_GGHE-DGDP_SHA2011,COUNTRY,HRV,EUR,Europe,YEAR,2009,,,,,,,,,6.65,6.65384912,,,,2025-12-05T13:23:08Z,2009,2009-01-01,2009-12-31
1786001,GHED_GGHE-DGDP_SHA2011,COUNTRY,ESP,EUR,Europe,YEAR,2006,,,,,,,,,5.64,5.63825321,,,,2025-12-05T13:23:08Z,2006,2006-01-01,2006-12-31
1794078,GHED_GGHE-DGDP_SHA2011,REGION,AFR,,,YEAR,2014,,,,,,,,,1.72,1.72263743,,,,2025-12-05T13:23:08Z,2014,2014-01-01,2014-12-31
1794819,GHED_GGHE-DGDP_SHA2011,COUNTRY,CZE,EUR,Europe,YEAR,2013,,,,,,,,,6.29,6.29084349,,,,2025-12-05T13:23:08Z,2013,2013-01-01,2013-12-31
1795430,GHED_GGHE-DGDP_SHA2011,COUNTRY,SYC,AFR,Africa,YEAR,2012,,,,,,,,,4.02,4.02018118,,,,2025-12-05T13:23:08Z,2012,2012-01-01,2012-12-31
1808021,GHED_GGHE-DGDP_SHA2011,COUNTRY,URY,AMR,Americas,YEAR,2016,,,,,,,,,6.01,6.00605679,,,,2025-12-05T13:23:08Z,2016,2016-01-01,2016-12-31
1808466,GHED_GGHE-DGDP_SHA2011,COUNTRY,FIN,EUR,Europe,YEAR,2008,,,,,,,,,6.58,6.57707214,,,,2025-12-05T13:23:08Z,2008,2008-01-01,2008-12-31
1809182,GHED_GGHE-DGDP_SHA2011,COUNTRY,ZAF,AFR,Africa,YEAR,2008,,,,,,,,,3.38,3.38493657,,,,2025-12-05T13:23:08Z,2008,2008-01-01,2008-12-31
1810752,GHED_GGHE-DGDP_SHA2011,COUNTRY,MDV,SEAR,South-East Asia,YEAR,2015,,,,,,,,,6.24,6.23556709,,,,2025-12-05T13:23:08Z,2015,2015-01-01,2015-12-31
1815550,GHED_GGHE-DGDP_SHA2011,COUNTRY,PAK,EMR,Eastern Mediterranean,YEAR,2013,,,,,,,,,0.63,0.63381839,,,,2025-12-05T13:23:08Z,2013,2013-01-01,2013-12-31
1817916,GHED_GGHE-DGDP_SHA2011,COUNTRY,SYR,EMR,Eastern Mediterranean,YEAR,2023,,,,,,,,,0.40,0.40483445,,,,2025-12-05T13:23:08Z,2023,2023-01-01,2023-12-31
1818650,GHED_GGHE-DGDP_SHA2011,COUNTRY,FSM,WPR,Western Pacific,YEAR,2011,,,,,,,,,1.89,1.89427388,,,,2025-12-05T13:23:08Z,2011,2011-01-01,2011-12-31
1821344,GHED_GGHE-DGDP_SHA2011,COUNTRY,AGO,AFR,Africa,YEAR,2016,,,,,,,,,1.06,1.05520773,,,,2025-12-05T13:23:08Z,2016,2016-01-01,2016-12-31
1822663,GHED_GGHE-DGDP_SHA2011,COUNTRY,CIV,AFR,Africa,YEAR,2003,,,,,,,,,0.52,0.5154925,,,,2025-12-05T13:23:08Z,2003,2003-01-01,2003-12-31
1826824,GHED_GGHE-DGDP_SHA2011,COUNTRY,NER,AFR,Africa,YEAR,2008,,,,,,,,,1.55,1.55048525,,,,2025-12-05T13:23:08Z,2008,2008-01-01,2008-12-31
1834945,GHED_GGHE-DGDP_SHA2011,COUNTRY,NIU,WPR,Western Pacific,YEAR,2012,,,,,,,,,7.57,7.56757927,,,,2025-12-05T13:23:08Z,2012,2012-01-01,2012-12-31
1837541,GHED_GGHE-DGDP_SHA2011,COUNTRY,BDI,AFR,Africa,YEAR,2001,,,,,,,,,1.69,1.69244206,,,,2025-12-05T13:23:08Z,2001,2001-01-01,2001-12-31
1840574,GHED_GGHE-DGDP_SHA2011,COUNTRY,CMR,AFR,Africa,YEAR,2006,,,,,,,,,0.65,0.64810383,,,,2025-12-05T13:23:08Z,2006,2006-01-01,2006-12-31
1840868,GHED_GGHE-DGDP_SHA2011,COUNTRY,MRT,AFR,Africa,YEAR,2021,,,,,,,,,1.50,1.49700129,,,,2025-12-05T13:23:08Z,2021,2021-01-01,2021-12-31
1841822,GHED_GGHE-DGDP_SHA2011,COUNTRY,URY,AMR,Americas,YEAR,2014,,,,,,,,,5.48,5.4761152299999996,,,,2025-12-05T13:23:08Z,2014,2014-01-01,2014-12-31
1843137,GHED_GGHE-DGDP_SHA2011,COUNTRY,SGP,WPR,Western Pacific,YEAR,2021,,,,,,,,,3.13,3.13151574,,,,2025-12-05T13:23:08Z,2021,2021-01-01,2021-12-31
1846141,GHED_GGHE-DGDP_SHA2011,COUNTRY,MMR,SEAR,South-East Asia,YEAR,2006,,,,,,,,,0.27,0.27068752,,,,2025-12-05T13:23:08Z,2006,2006-01-01,2006-12-31
1847105,GHED_GGHE-DGDP_SHA2011,COUNTRY,BGD,SEAR,South-East Asia,YEAR,2001,,,,,,,,,0.38,0.38396508,,,,2025-12-05T13:23:08Z,2001,2001-01-01,2001-12-31
1847353,GHED_GGHE-DGDP_SHA2011,COUNTRY,BHR,EMR,Eastern Mediterranean,YEAR,2009,,,,,,,,,2.75,2.74579287,,,,2025-12-05T13:23:08Z,2009,2009-01-01,2009-12-31
1847471,GHED_GGHE-DGDP_SHA2011,COUNTRY,BRA,AMR,Americas,YEAR,2001,,,,,,,,,3.51,3.51298475,,,,2025-12-05T13:23:08Z,2001,2001-01-01,2001-12-31
1854521,GHED_GGHE-DGDP_SHA2011,COUNTRY,LCA,AMR,Americas,YEAR,2017,,,,,,,,,2.04,2.03747821,,,,2025-12-05T13:23:08Z,2017,2017-01-01,2017-12-31
1855318,GHED_GGHE-DGDP_SHA2011,COUNTRY,HTI,AMR,Americas,YEAR,2010,,,,,,,,,0.81,0.81272614,,,,2025-12-05T13:23:08Z,2010,2010-01-01,2010-12-31
1859418,GHED_GGHE-DGDP_SHA2011,REGION,EMR,,,YEAR,2022,,,,,,,,,2.18,2.18167301,,,,2025-12-05T13:23:08Z,2022,2022-01-01,2022-12-31
1859512,GHED_GGHE-DGDP_SHA2011,COUNTRY,SLB,WPR,Western Pacific,YEAR,2015,,,,,,,,,3.07,3.06908107,,,,2025-12-05T13:23:08Z,2015,2015-01-01,2015-12-31
1859707,GHED_GGHE-DGDP_SHA2011,COUNTRY,PLW,WPR,Western Pacific,YEAR,2015,,,,,,,,,4.94,4.94348574,,,,2025-12-05T13:23:08Z,2015,2015-01-01,2015-12-31
1862139,GHED_GGHE-DGDP_SHA2011,COUNTRY,SLE,AFR,Africa,YEAR,2016,,,,,,,,,0.66,0.66393304,,,,2025-12-05T13:23:08Z,2016,2016-01-01,2016-12-31
1871449,GHED_GGHE-DGDP_SHA2011,COUNTRY,MNG,WPR,Western Pacific,YEAR,2000,,,,,,,,,4.61,4.61119699,,,,2025-12-05T13:23:08Z,2000,2000-01-01,2000-12-31
1876657,GHED_GGHE-DGDP_SHA2011,COUNTRY,ATG,AMR,Americas,YEAR,2006,,,,,,,,,2.18,2.17760348,,,,2025-12-05T13:23:08Z,2006,2006-01-01,2006-12-31
1879663,GHED_GGHE-DGDP_SHA2011,COUNTRY,RUS,EUR,Europe,YEAR,2008,,,,,,,,,3.07,3.07102203,,,,2025-12-05T13:23:08Z,2008,2008-01-01,2008-12-31
1880596,GHED_GGHE-DGDP_SHA2011,COUNTRY,ROU,EUR,Europe,YEAR,2002,,,,,,,,,3.68,3.6797502,,,,2025-12-05T13:23:08Z,2002,2002-01-01,2002-12-31
1884075,GHED_GGHE-DGDP_SHA2011,COUNTRY,TCD,AFR,Africa,YEAR,2006,,,,,,,,,0.76,0.76379508,,,,2025-12-05T13:23:08Z,2006,2006-01-01,2006-12-31
1884655,GHED_GGHE-DGDP_SHA2011,COUNTRY,AFG,EMR,Eastern Mediterranean,YEAR,2010,,,,,,,,,0.47,0.46915731,,,,2025-12-05T13:23:08Z,2010,2010-01-01,2010-12-31
1888128,GHED_GGHE-DGDP_SHA2011,COUNTRY,CMR,AFR,Africa,YEAR,2015,,,,,,,,,0.36,0.36383638,,,,2025-12-05T13:23:08Z,2015,2015-01-01,2015-12-31
1893203,GHED_GGHE-DGDP_SHA2011,COUNTRY,CIV,AFR,Africa,YEAR,2004,,,,,,,,,0.56,0.5599317,,,,2025-12-05T13:23:08Z,2004,2004-01-01,2004-12-31
1894341,GHED_GGHE-DGDP_SHA2011,COUNTRY,GBR,EUR,Europe,YEAR,2020,,,,,,,,,10.18,10.17949867,,,,2025-12-05T13:23:08Z,2020,2020-01-01,2020-12-31
1896520,GHED_GGHE-DGDP_SHA2011,COUNTRY,SVK,EUR,Europe,YEAR,2000,,,,,,,,,4.64,4.64339685,,,,2025-12-05T13:23:08Z,2000,2000-01-01,2000-12-31
1899129,GHED_GGHE-DGDP_SHA2011,COUNTRY,BGD,SEAR,South-East Asia,YEAR,2021,,,,,,,,,0.39,0.38806468,,,,2025-12-05T13:23:08Z,2021,2021-01-01,2021-12-31
1900963,GHED_GGHE-DGDP_SHA2011,COUNTRY,SLV,AMR,Americas,YEAR,2019,,,,,,,,,4.71,4.71487188,,,,2025-12-05T13:23:08Z,2019,2019-01-01,2019-12-31
1904465,GHED_GGHE-DGDP_SHA2011,COUNTRY,ITA,EUR,Europe,YEAR,2014,,,,,,,,,6.64,6.63854408,,,,2025-12-05T13:23:08Z,2014,2014-01-01,2014-12-31
1905779,GHED_GGHE-DGDP_SHA2011,COUNTRY,SEN,AFR,Africa,YEAR,2011,,,,,,,,,1.31,1.30861914,,,,2025-12-05T13:23:08Z,2011,2011-01-01,2011-12-31
1907492,GHED_GGHE-DGDP_SHA2011,COUNTRY,EGY,EMR,Eastern Mediterranean,YEAR,2005,,,,,,,,,1.59,1.5893116,,,,2025-12-05T13:23:08Z,2005,2005-01-01,2005-12-31
1908138,GHED_GGHE-DGDP_SHA2011,COUNTRY,BDI,AFR,Africa,YEAR,2019,,,,,,,,,2.28,2.27763605,,,,2025-12-05T13:23:08Z,2019,2019-01-01,2019-12-31
1910353,GHED_GGHE-DGDP_SHA2011,COUNTRY,KGZ,EUR,Europe,YEAR,2008,,,,,,,,,2.90,2.89586782,,,,2025-12-05T13:23:08Z,2008,2008-01-01,2008-12-31
1911485,GHED_GGHE-DGDP_SHA2011,COUNTRY,AFG,EMR,Eastern Mediterranean,YEAR,2003,,,,,,,,,0.65,0.65096337,,,,2025-12-05T13:23:08Z,2003,2003-01-01,2003-12-31
1914416,GHED_GGHE-DGDP_SHA2011,COUNTRY,TON,WPR,Western Pacific,YEAR,2006,,,,,,,,,2.85,2.85051656,,,,2025-12-05T13:23:08Z,2006,2006-01-01,2006-12-31
1916293,GHED_GGHE-DGDP_SHA2011,COUNTRY,URY,AMR,Americas,YEAR,2012,,,,,,,,,5.16,5.15904379,,,,2025-12-05T13:23:08Z,2012,2012-01-01,2012-12-31
1918253,GHED_GGHE-DGDP_SHA2011,COUNTRY,IRL,EUR,Europe,YEAR,2013,,,,,,,,,7.13,7.12790918,,,,2025-12-05T13:23:08Z,2013,2013-01-01,2013-12-31
1918632,GHED_GGHE-DGDP_SHA2011,COUNTRY,PHL,WPR,Western Pacific,YEAR,2005,,,,,,,,,1.24,1.23873734,,,,2025-12-05T13:23:08Z,2005,2005-01-01,2005-12-31
1920557,GHED_GGHE-DGDP_SHA2011,COUNTRY,COM,AFR,Africa,YEAR,2010,,,,,,,,,0.38,0.37668347,,,,2025-12-05T13:23:08Z,2010,2010-01-01,2010-12-31
1924606,GHED_GGHE-DGDP_SHA2011,COUNTRY,VCT,AMR,Americas,YEAR,2021,,,,,,,,,3.57,3.56595063,,,,2025-12-05T13:23:08Z,2021,2021-01-01,2021-12-31
1926041,GHED_GGHE-DGDP_SHA2011,COUNTRY,TCD,AFR,Africa,YEAR,2019,,,,,,,,,0.51,0.51349735,,,,2025-12-05T13:23:08Z,2019,2019-01-01,2019-12-31
1928839,GHED_GGHE-DGDP_SHA2011,COUNTRY,MNE,EUR,Europe,YEAR,2012,,,,,,,,,5.30,5.30493546,,,,2025-12-05T13:23:08Z,2012,2012-01-01,2012-12-31
1931290,GHED_GGHE-DGDP_SHA2011,WORLDBANKINCOMEGROUP,WB_LMI,,,YEAR,2014,,,,,,,,,2.09,2.09366399,,,,2025-12-05T13:23:08Z,2014,2014-01-01,2014-12-31
1931829,GHED_GGHE-DGDP_SHA2011,COUNTRY,BHS,AMR,Americas,YEAR,2006,,,,,,,,,1.66,1.65727472,,,,2025-12-05T13:23:08Z,2006,2006-01-01,2006-12-31
1933810,GHED_GGHE-DGDP_SHA2011,WORLDBANKINCOMEGROUP,WB_UMI,,,YEAR,2011,,,,,,,,,3.28,3.2762823,,,,2025-12-05T13:23:08Z,2011,2011-01-01,2011-12-31
1934321,GHED_GGHE-DGDP_SHA2011,COUNTRY,BRA,AMR,Americas,YEAR,2020,,,,,,,,,4.17,4.17190552,,,,2025-12-05T13:23:08Z,2020,2020-01-01,2020-12-31
1936458,GHED_GGHE-DGDP_SHA2011,COUNTRY,NIU,WPR,Western Pacific,YEAR,2002,,,,,,,,,10.96,10.95721722,,,,2025-12-05T13:23:08Z,2002,2002-01-01,2002-12-31
1937022,GHED_GGHE-DGDP_SHA2011,COUNTRY,GNQ,AFR,Africa,YEAR,2023,,,,,,,,,1.13,1.12861156,,,,2025-12-05T13:23:08Z,2023,2023-01-01,2023-12-31
1937617,GHED_GGHE-DGDP_SHA2011,COUNTRY,IRQ,EMR,Eastern Mediterranean,YEAR,2020,,,,,,,,,2.58,2.5794127,,,,2025-12-05T13:23:08Z,2020,2020-01-01,2020-12-31
1944996,GHED_GGHE-DGDP_SHA2011,COUNTRY,GAB,AFR,Africa,YEAR,2022,,,,,,,,,1.89,1.88504732,,,,2025-12-05T13:23:08Z,2022,2022-01-01,2022-12-31
1946057,GHED_GGHE-DGDP_SHA2011,COUNTRY,LVA,EUR,Europe,YEAR,2005,,,,,,,,,3.39,3.38735056,,,,2025-12-05T13:23:08Z,2005,2005-01-01,2005-12-31
1948629,GHED_GGHE-DGDP_SHA2011,COUNTRY,TCD,AFR,Africa,YEAR,2001,,,,,,,,,1.42,1.42270386,,,,2025-12-05T13:23:08Z,2001,2001-01-01,2001-12-31
1951826,GHED_GGHE-DGDP_SHA2011,COUNTRY,TCD,AFR,Africa,YEAR,2012,,,,,,,,,0.66,0.65627456,,,,2025-12-05T13:23:08Z,2012,2012-01-01,2012-12-31
1955316,GHED_GGHE-DGDP_SHA2011,COUNTRY,ARE,EMR,Eastern Mediterranean,YEAR,2006,,,,,,,,,1.33,1.33256018,,,,2025-12-05T13:23:08Z,2006,2006-01-01,2006-12-31
1956635,GHED_GGHE-DGDP_SHA2011,COUNTRY,MUS,AFR,Africa,YEAR,2019,,,,,,,,,2.50,2.50442028,,,,2025-12-05T13:23:08Z,2019,2019-01-01,2019-12-31
1956795,GHED_GGHE-DGDP_SHA2011,COUNTRY,ARE,EMR,Eastern Mediterranean,YEAR,2001,,,,,,,,,1.91,1.91321862,,,,2025-12-05T13:23:08Z,2001,2001-01-01,2001-12-31
1957001,GHED_GGHE-DGDP_SHA2011,COUNTRY,PAK,EMR,Eastern Mediterranean,YEAR,2004,,,,,,,,,0.55,0.54709041,,,,2025-12-05T13:23:08Z,2004,2004-01-01,2004-12-31
1962220,GHED_GGHE-DGDP_SHA2011,COUNTRY,SVK,EUR,Europe,YEAR,2006,,,,,,,,,4.77,4.77396774,,,,2025-12-05T13:23:08Z,2006,2006-01-01,2006-12-31
1965285,GHED_GGHE-DGDP_SHA2011,COUNTRY,CPV,AFR,Africa,YEAR,2005,,,,,,,,,2.31,2.30860901,,,,2025-12-05T13:23:08Z,2005,2005-01-01,2005-12-31
1965348,GHED_GGHE-DGDP_SHA2011,COUNTRY,BTN,SEAR,South-East Asia,YEAR,2005,,,,,,,,,2.45,2.44967246,,,,2025-12-05T13:23:08Z,2005,2005-01-01,2005-12-31
1966448,GHED_GGHE-DGDP_SHA2011,COUNTRY,MLT,EUR,Europe,YEAR,2011,,,,,,,,,5.36,5.36059618,,,,2025-12-05T13:23:08Z,2011,2011-01-01,2011-12-31
1970641,GHED_GGHE-DGDP_SHA2011,COUNTRY,GMB,AFR,Africa,YEAR,2010,,,,,,,,,0.92,0.91823167000000006,,,,2025-12-05T13:23:08Z,2010,2010-01-01,2010-12-31
1970711,GHED_GGHE-DGDP_SHA2011,COUNTRY,ALB,EUR,Europe,YEAR,2017,,,,,,,,,2.74,2.74185801,,,,2025-12-05T13:23:08Z,2017,2017-01-01,2017-12-31
1974307,GHED_GGHE-DGDP_SHA2011,COUNTRY,KOR,WPR,Western Pacific,YEAR,2018,,,,,,,,,4.04,4.03568125,,,,2025-12-05T13:23:08Z,2018,2018-01-01,2018-12-31
1975037,GHED_GGHE-DGDP_SHA2011,COUNTRY,LBR,AFR,Africa,YEAR,2017,,,,,,,,,1.39,1.38745701,,,,2025-12-05T13:23:08Z,2017,2017-01-01,2017-12-31
1976520,GHED_GGHE-DGDP_SHA2011,WORLDBANKINCOMEGROUP,WB_LMI,,,YEAR,2000,,,,,,,,,1.82,1.81783449,,,,2025-12-05T13:23:08Z,2000,2000-01-01,2000-12-31
1976858,GHED_GGHE-DGDP_SHA2011,COUNTRY,CZE,EUR,Europe,YEAR,2010,,,,,,,,,6.35,6.34771013,,,,2025-12-05T13:23:08Z,2010,2010-01-01,2010-12-31
1979707,GHED_GGHE-DGDP_SHA2011,COUNTRY,PHL,WPR,Western Pacific,YEAR,2020,,,,,,,,,2.33,2.33325934,,,,2025-12-05T13:23:08Z,2020,2020-01-01,2020-12-31
1981899,GHED_GGHE-DGDP_SHA2011,COUNTRY,MYS,WPR,Western Pacific,YEAR,2014,,,,,,,,,2.03,2.03088164,,,,2025-12-05T13:23:08Z,2014,2014-01-01,2014-12-31
1983523,GHED_GGHE-DGDP_SHA2011,COUNTRY,CIV,AFR,Africa,YEAR,2017,,,,,,,,,0.93,0.93267012,,,,2025-12-05T13:23:08Z,2017,2017-01-01,2017-12-31
1987758,GHED_GGHE-DGDP_SHA2011,COUNTRY,SVN,EUR,Europe,YEAR,2013,,,,,,,,,6.22,6.21515274,,,,2025-12-05T13:23:08Z,2013,2013-01-01,2013-12-31
1987839,GHED_GGHE-DGDP_SHA2011,COUNTRY,AGO,AFR,Africa,YEAR,2002,,,,,,,,,1.16,1.15548134,,,,2025-12-05T13:23:08Z,2002,2002-01-01,2002-12-31
1988284,GHED_GGHE-DGDP_SHA2011,COUNTRY,KHM,WPR,Western Pacific,YEAR,2019,,,,,,,,,1.23,1.22948682,,,,2025-12-05T13:23:08Z,2019,2019-01-01,2019-12-31
1992186,GHED_GGHE-DGDP_SHA2011,COUNTRY,PSE,EMR,Eastern Mediterranean,YEAR,2017,,,,,,,,,3.19,3.19112968,,,,2025-12-05T13:23:08Z,2017,2017-01-01,2017-12-31
1994164,GHED_GGHE-DGDP_SHA2011,COUNTRY,ZAF,AFR,Africa,YEAR,2023,,,,,,,,,5.49,5.48956871,,,,2025-12-05T13:23:08Z,2023,2023-01-01,2023-12-31
1995940,GHED_GGHE-DGDP_SHA2011,COUNTRY,HND,AMR,Americas,YEAR,2006,,,,,,,,,3.27,3.27406335,,,,2025-12-05T13:23:08Z,2006,2006-01-01,2006-12-31
2006771,GHED_GGHE-DGDP_SHA2011,COUNTRY,ARE,EMR,Eastern Mediterranean,YEAR,2008,,,,,,,,,1.87,1.8716644,,,,2025-12-05T13:23:08Z,2008,2008-01-01,2008-12-31
2007466,GHED_GGHE-DGDP_SHA2011,COUNTRY,GEO,EUR,Europe,YEAR,2015,,,,,,,,,2.59,2.59349322,,,,2025-12-05T13:23:08Z,2015,2015-01-01,2015-12-31
2009486,GHED_GGHE-DGDP_SHA2011,COUNTRY,LBR,AFR,Africa,YEAR,2002,,,,,,,,,0.56,0.56401348,,,,2025-12-05T13:23:08Z,2002,2002-01-01,2002-12-31
2009605,GHED_GGHE-DGDP_SHA2011,COUNTRY,CMR,AFR,Africa,YEAR,2003,,,,,,,,,0.86,0.8576715,,,,2025-12-05T13:23:08Z,2003,2003-01-01,2003-12-31
2011915,GHED_GGHE-DGDP_SHA2011,COUNTRY,TON,WPR,Western Pacific,YEAR,2016,,,,,,,,,2.99,2.98697019,,,,2025-12-05T13:23:08Z,2016,2016-01-01,2016-12-31
2013530,GHED_GGHE-DGDP_SHA2011,COUNTRY,PAN,AMR,Americas,YEAR,2012,,,,,,,,,3.90,3.90454745,,,,2025-12-05T13:23:08Z,2012,2012-01-01,2012-12-31
2015852,GHED_GGHE-DGDP_SHA2011,COUNTRY,BEN,AFR,Africa,YEAR,2004,,,,,,,,,1.15,1.15381396,,,,2025-12-05T13:23:08Z,2004,2004-01-01,2004-12-31
2017994,GHED_GGHE-DGDP_SHA2011,COUNTRY,NOR,EUR,Europe,YEAR,2000,,,,,,,,,6.29,6.29176235,,,,2025-12-05T13:23:08Z,2000,2000-01-01,2000-12-31
2018852,GHED_GGHE-DGDP_SHA2011,COUNTRY,TCD,AFR,Africa,YEAR,2017,,,,,,,,,0.53,0.52580875,,,,2025-12-05T13:23:08Z,2017,2017-01-01,2017-12-31
2023321,GHED_GGHE-DGDP_SHA2011,COUNTRY,BGD,SEAR,South-East Asia,YEAR,2008,,,,,,,,,0.44,0.44322866,,,,2025-12-05T13:23:08Z,2008,2008-01-01,2008-12-31
2023640,GHED_GGHE-DGDP_SHA2011,WORLDBANKINCOMEGROUP,WB_HI,,,YEAR,2017,,,,,,,,,5.15,5.15009898,,,,2025-12-05T13:23:08Z,2017,2017-01-01,2017-12-31
2024150,GHED_GGHE-DGDP_SHA2011,COUNTRY,ERI,AFR,Africa,YEAR,2021,,,,,,,,,0.89,0.88709611,,,,2025-12-05T13:23:08Z,2021,2021-01-01,2021-12-31
2026061,GHED_GGHE-DGDP_SHA2011,COUNTRY,HUN,EUR,Europe,YEAR,2006,,,,,,,,,5.48,5.4774394,,,,2025-12-05T13:23:08Z,2006,2006-01-01,2006-12-31
2026375,GHED_GGHE-DGDP_SHA2011,COUNTRY,GNB,AFR,Africa,YEAR,2003,,,,,,,,,0.43,0.42981493,,,,2025-12-05T13:23:08Z,2003,2003-01-01,2003-12-31
2029853,GHED_GGHE-DGDP_SHA2011,COUNTRY,MDG,AFR,Africa,YEAR,2020,,,,,,,,,0.69,0.68988532,,,,2025-12-05T13:23:08Z,2020,2020-01-01,2020-12-31
2031053,GHED_GGHE-DGDP_SHA2011,COUNTRY,YEM,EMR,Eastern Mediterranean,YEAR,2013,,,,,,,,,0.98,0.9796077,,,,2025-12-05T13:23:08Z,2013,2013-01-01,2013-12-31
2034931,GHED_GGHE-DGDP_SHA2011,COUNTRY,PRY,AMR,Americas,YEAR,2022,,,,,,,,,4.08,4.08453465,,,,2025-12-05T13:23:08Z,2022,2022-01-01,2022-12-31
2037676,GHED_GGHE-DGDP_SHA2011,COUNTRY,ERI,AFR,Africa,YEAR,2008,,,,,,,,,1.65,1.64659166,,,,2025-12-05T13:23:08Z,2008,2008-01-01,2008-12-31
2038738,GHED_GGHE-DGDP_SHA2011,COUNTRY,SYC,AFR,Africa,YEAR,2017,,,,,,,,,3.27,3.2699151,,,,2025-12-05T13:23:08Z,2017,2017-01-01,2017-12-31
2039966,GHED_GGHE-DGDP_SHA2011,COUNTRY,VNM,WPR,Western Pacific,YEAR,2006,,,,,,,,,1.80,1.80019891,,,,2025-12-05T13:23:08Z,2006,2006-01-01,2006-12-31
2040522,GHED_GGHE-DGDP_SHA2011,COUNTRY,PAK,EMR,Eastern Mediterranean,YEAR,2017,,,,,,,,,0.91,0.91277653,,,,2025-12-05T13:23:08Z,2017,2017-01-01,2017-12-31
2043107,GHED_GGHE-DGDP_SHA2011,COUNTRY,ATG,AMR,Americas,YEAR,2003,,,,,,,,,3.02,3.01983333,,,,2025-12-05T13:23:08Z,2003,2003-01-01,2003-12-31
2044924,GHED_GGHE-DGDP_SHA2011,COUNTRY,GHA,AFR,Africa,YEAR,2003,,,,,,,,,0.94,0.94345516,,,,2025-12-05T13:23:08Z,2003,2003-01-01,2003-12-31
2046828,GHED_GGHE-DGDP_SHA2011,COUNTRY,ARG,AMR,Americas,YEAR,2007,,,,,,,,,4.25,4.24544716,,,,2025-12-05T13:23:08Z,2007,2007-01-01,2007-12-31
2047444,GHED_GGHE-DGDP_SHA2011,REGION,WPR,,,YEAR,2013,,,,,,,,,3.65,3.64655956,,,,2025-12-05T13:23:08Z,2013,2013-01-01,2013-12-31
2049542,GHED_GGHE-DGDP_SHA2011,COUNTRY,BFA,AFR,Africa,YEAR,2013,,,,,,,,,1.61,1.61236513,,,,2025-12-05T13:23:08Z,2013,2013-01-01,2013-12-31
2050529,GHED_GGHE-DGDP_SHA2011,COUNTRY,TUR,EUR,Europe,YEAR,2009,,,,,,,,,4.42,4.42291498,,,,2025-12-05T13:23:08Z,2009,2009-01-01,2009-12-31
2052172,GHED_GGHE-DGDP_SHA2011,WORLDBANKINCOMEGROUP,WB_LI,,,YEAR,2014,,,,,,,,,1.14,1.14463533,,,,2025-12-05T13:23:08Z,2014,2014-01-01,2014-12-31
2052585,GHED_GGHE-DGDP_SHA2011,COUNTRY,SVK,EUR,Europe,YEAR,2005,,,,,,,,,4.97,4.97108793,,,,2025-12-05T13:23:08Z,2005,2005-01-01,2005-12-31
2056221,GHED_GGHE-DGDP_SHA2011,COUNTRY,MLI,AFR,Africa,YEAR,2002,,,,,,,,,1.11,1.10984015,,,,2025-12-05T13:23:08Z,2002,2002-01-01,2002-12-31
2057656,GHED_GGHE-DGDP_SHA2011,COUNTRY,DMA,AMR,Americas,YEAR,2012,,,,,,,,,3.48,3.48056149,,,,2025-12-05T13:23:08Z,2012,2012-01-01,2012-12-31
2059511,GHED_GGHE-DGDP_SHA2011,COUNTRY,AUS,WPR,Western Pacific,YEAR,2018,,,,,,,,,7.19,7.19087696,,,,2025-12-05T13:23:08Z,2018,2018-01-01,2018-12-31
2060241,GHED_GGHE-DGDP_SHA2011,COUNTRY,TTO,AMR,Americas,YEAR,2014,,,,,,,,,2.45,2.4501431,,,,2025-12-05T13:23:08Z,2014,2014-01-01,2014-12-31
2062566,GHED_GGHE-DGDP_SHA2011,COUNTRY,NRU,WPR,Western Pacific,YEAR,2003,,,,,,,,,7.47,7.4719758,,,,2025-12-05T13:23:08Z,2003,2003-01-01,2003-12-31
2063959,GHED_GGHE-DGDP_SHA2011,COUNTRY,KHM,WPR,Western Pacific,YEAR,2005,,,,,,,,,1.09,1.08696556,,,,2025-12-05T13:23:08Z,2005,2005-01-01,2005-12-31
2064102,GHED_GGHE-DGDP_SHA2011,COUNTRY,MMR,SEAR,South-East Asia,YEAR,2016,,,,,,,,,0.67,0.66600835,,,,2025-12-05T13:23:08Z,2016,2016-01-01,2016-12-31
2070914,GHED_GGHE-DGDP_SHA2011,COUNTRY,CHL,AMR,Americas,YEAR,2002,,,,,,,,,2.71,2.7061429,,,,2025-12-05T13:23:08Z,2002,2002-01-01,2002-12-31
2071135,GHED_GGHE-DGDP_SHA2011,COUNTRY,COG,AFR,Africa,YEAR,2017,,,,,,,,,0.91,0.90735477,,,,2025-12-05T13:23:08Z,2017,2017-01-01,2017-12-31
2073343,GHED_GGHE-DGDP_SHA2011,COUNTRY,KNA,AMR,Americas,YEAR,2018,,,,,,,,,2.25,2.25112653,,,,2025-12-05T13:23:08Z,2018,2018-01-01,2018-12-31
2076305,GHED_GGHE-DGDP_SHA2011,COUNTRY,LSO,AFR,Africa,YEAR,2004,,,,,,,,,2.99,2.99280524,,,,2025-12-05T13:23:08Z,2004,2004-01-01,2004-12-31
2077076,GHED_GGHE-DGDP_SHA2011,COUNTRY,ISR,EUR,Europe,YEAR,2012,,,,,,,,,4.35,4.34608603,,,,2025-12-05T13:23:08Z,2012,2012-01-01,2012-12-31
2078854,GHED_GGHE-DGDP_SHA2011,COUNTRY,BLR,EUR,Europe,YEAR,2009,,,,,,,,,3.48,3.48038435,,,,2025-12-05T13:23:08Z,2009,2009-01-01,2009-12-31
2081161,GHED_GGHE-DGDP_SHA2011,COUNTRY,GRD,AMR,Americas,YEAR,2021,,,,,,,,,2.17,2.16806746,,,,2025-12-05T13:23:08Z,2021,2021-01-01,2021-12-31
2087954,GHED_GGHE-DGDP_SHA2011,COUNTRY,BRN,WPR,Western Pacific,YEAR,2009,,,,,,,,,2.17,2.1657393,,,,2025-12-05T13:23:08Z,2009,2009-01-01,2009-12-31
2089147,GHED_GGHE-DGDP_SHA2011,COUNTRY,BLZ,AMR,Americas,YEAR,2019,,,,,,,,,3.31,3.31428432,,,,2025-12-05T13:23:08Z,2019,2019-01-01,2019-12-31
2090184,GHED_GGHE-DGDP_SHA2011,COUNTRY,CAN,AMR,Americas,YEAR,2002,,,,,,,,,6.42,6.41558075,,,,2025-12-05T13:23:08Z,2002,2002-01-01,2002-12-31
2091619,GHED_GGHE-DGDP_SHA2011,COUNTRY,BIH,EUR,Europe,YEAR,2023,,,,,,,,,6.00,6.00363779,,,,2025-12-05T13:23:08Z,2023,2023-01-01,2023-12-31
2091711,GHED_GGHE-DGDP_SHA2011,COUNTRY,MAR,EMR,Eastern Mediterranean,YEAR,2012,,,,,,,,,1.85,1.85334969,,,,2025-12-05T13:23:08Z,2012,2012-01-01,2012-12-31
2093162,GHED_GGHE-DGDP_SHA2011,COUNTRY,MAR,EMR,Eastern Mediterranean,YEAR,2021,,,,,,,,,2.26,2.2556777,,,,2025-12-05T13:23:08Z,2021,2021-01-01,2021-12-31
2093847,GHED_GGHE-DGDP_SHA2011,COUNTRY,NER,AFR,Africa,YEAR,2015,,,,,,,,,1.11,1.11163116,,,,2025-12-05T13:23:08Z,2015,2015-01-01,2015-12-31
2098541,GHED_GGHE-DGDP_SHA2011,COUNTRY,FRA,EUR,Europe,YEAR,2017,,,,,,,,,8.62,8.6154108,,,,2025-12-05T13:23:08Z,2017,2017-01-01,2017-12-31
2103111,GHED_GGHE-DGDP_SHA2011,COUNTRY,HTI,AMR,Americas,YEAR,2015,,,,,,,,,0.56,0.56089777,,,,2025-12-05T13:23:08Z,2015,2015-01-01,2015-12-31
2105311,GHED_GGHE-DGDP_SHA2011,COUNTRY,USA,AMR,Americas,YEAR,2015,,,,,,,,,8.43,8.43071175,,,,2025-12-05T13:23:08Z,2015,2015-01-01,2015-12-31
2106174,GHED_GGHE-DGDP_SHA2011,WORLDBANKINCOMEGROUP,WB_HI,,,YEAR,2008,,,,,,,,,4.77,4.77420773,,,,2025-12-05T13:23:08Z,2008,2008-01-01,2008-12-31
2107381,GHED_GGHE-DGDP_SHA2011,COUNTRY,GRD,AMR,Americas,YEAR,2000,,,,,,,,,1.86,1.86039817,,,,2025-12-05T13:23:08Z,2000,2000-01-01,2000-12-31
2113873,GHED_GGHE-DGDP_SHA2011,COUNTRY,GBR,EUR,Europe,YEAR,2014,,,,,,,,,7.94,7.93892813,,,,2025-12-05T13:23:08Z,2014,2014-01-01,2014-12-31
2114744,GHED_GGHE-DGDP_SHA2011,COUNTRY,BRB,AMR,Americas,YEAR,2014,,,,,,,,,2.87,2.87362003,,,,2025-12-05T13:23:08Z,2014,2014-01-01,2014-12-31
2119333,GHED_GGHE-DGDP_SHA2011,COUNTRY,JPN,WPR,Western Pacific,YEAR,2008,,,,,,,,,6.57,6.56596708,,,,2025-12-05T13:23:08Z,2008,2008-01-01,2008-12-31
2124474,GHED_GGHE-DGDP_SHA2011,COUNTRY,EST,EUR,Europe,YEAR,2015,,,,,,,,,4.85,4.85387135,,,,2025-12-05T13:23:08Z,2015,2015-01-01,2015-12-31
2125545,GHED_GGHE-DGDP_SHA2011,COUNTRY,KWT,EMR,Eastern Mediterranean,YEAR,2003,,,,,,,,,2.12,2.12259054,,,,2025-12-05T13:23:08Z,2003,2003-01-01,2003-12-31
2136929,GHED_GGHE-DGDP_SHA2011,COUNTRY,BEL,EUR,Europe,YEAR,2014,,,,,,,,,8.03,8.03469563,,,,2025-12-05T13:23:08Z,2014,2014-01-01,2014-12-31
2138517,GHED_GGHE-DGDP_SHA2011,COUNTRY,MNE,EUR,Europe,YEAR,2016,,,,,,,,,5.19,5.18993425,,,,2025-12-05T13:23:08Z,2016,2016-01-01,2016-12-31
2142732,GHED_GGHE-DGDP_SHA2011,COUNTRY,IDN,WPR,Western Pacific,YEAR,2002,,,,,,,,,0.67,0.67425066,,,,2025-12-05T13:23:08Z,2002,2002-01-01,2002-12-31
2145505,GHED_GGHE-DGDP_SHA2011,COUNTRY,VUT,WPR,Western Pacific,YEAR,2015,,,,,,,,,2.02,2.01937246,,,,2025-12-05T13:23:08Z,2015,2015-01-01,2015-12-31
2146073,GHED_GGHE-DGDP_SHA2011,COUNTRY,WSM,WPR,Western Pacific,YEAR,2001,,,,,,,,,3.12,3.11965823,,,,2025-12-05T13:23:08Z,2001,2001-01-01,2001-12-31
2146570,GHED_GGHE-DGDP_SHA2011,REGION,EUR,,,YEAR,2008,,,,,,,,,4.66,4.65834989,,,,2025-12-05T13:23:08Z,2008,2008-01-01,2008-12-31
2149878,GHED_GGHE-DGDP_SHA2011,COUNTRY,MUS,AFR,Africa,YEAR,2014,,,,,,,,,2.43,2.42503381,,,,2025-12-05T13:23:08Z,2014,2014-01-01,2014-12-31
2150133,GHED_GGHE-DGDP_SHA2011,COUNTRY,VNM,WPR,Western Pacific,YEAR,2002,,,,,,,,,1.70,1.7021997,,,,2025-12-05T13:23:08Z,2002,2002-01-01,2002-12-31
2150182,GHED_GGHE-DGDP_SHA2011,COUNTRY,IDN,WPR,Western Pacific,YEAR,2010,,,,,,,,,0.66,0.66109079,,,,2025-12-05T13:23:08Z,2010,2010-01-01,2010-12-31
2156198,GHED_GGHE-DGDP_SHA2011,COUNTRY,TLS,SEAR,South-East Asia,YEAR,2018,,,,,,,,,3.95,3.95292592,,,,2025-12-05T13:23:08Z,2018,2018-01-01,2018-12-31
2159261,GHED_GGHE-DGDP_SHA2011,COUNTRY,UKR,EUR,Europe,YEAR,2016,,,,,,,,,3.65,3.64566922,,,,2025-12-05T13:23:08Z,2016,2016-01-01,2016-12-31
2163832,GHED_GGHE-DGDP_SHA2011,COUNTRY,TUV,WPR,Western Pacific,YEAR,2021,,,,,,,,,9.90,9.89659023,,,,2025-12-05T13:23:08Z,2021,2021-01-01,2021-12-31
2163886,GHED_GGHE-DGDP_SHA2011,COUNTRY,ZAF,AFR,Africa,YEAR,2018,,,,,,,,,4.61,4.61023474,,,,2025-12-05T13:23:08Z,2018,2018-01-01,2018-12-31
2164141,GHED_GGHE-DGDP_SHA2011,COUNTRY,PNG,WPR,Western Pacific,YEAR,2008,,,,,,,,,1.51,1.51408112,,,,2025-12-05T13:23:08Z,2008,2008-01-01,2008-12-31
2165041,GHED_GGHE-DGDP_SHA2011,COUNTRY,IND,SEAR,South-East Asia,YEAR,2011,,,,,,,,,0.94,0.93731916,,,,2025-12-05T13:23:08Z,2011,2011-01-01,2011-12-31
2165624,GHED_GGHE-DGDP_SHA2011,COUNTRY,DOM,AMR,Americas,YEAR,2017,,,,,,,,,2.61,2.60838318,,,,2025-12-05T13:23:08Z,2017,2017-01-01,2017-12-31
2171489,GHED_GGHE-DGDP_SHA2011,COUNTRY,TKM,EUR,Europe,YEAR,2015,,,,,,,,,1.20,1.20134497,,,,2025-12-05T13:23:08Z,2015,2015-01-01,2015-12-31
2172401,GHED_GGHE-DGDP_SHA2011,COUNTRY,NRU,WPR,Western Pacific,YEAR,2023,,,,,,,,,15.23,15.23276997,,,,2025-12-05T13:23:08Z,2023,2023-01-01,2023-12-31
2172552,GHED_GGHE-DGDP_SHA2011,COUNTRY,IRL,EUR,Europe,YEAR,2022,,,,,,,,,4.61,4.60636616,,,,2025-12-05T13:23:08Z,2022,2022-01-01,2022-12-31
2173658,GHED_GGHE-DGDP_SHA2011,COUNTRY,PRT,EUR,Europe,YEAR,2003,,,,,,,,,6.44,6.44214296,,,,2025-12-05T13:23:08Z,2003,2003-01-01,2003-12-31
2179357,GHED_GGHE-DGDP_SHA2011,COUNTRY,IND,SEAR,South-East Asia,YEAR,2022,,,,,,,,,1.37,1.37196231,,,,2025-12-05T13:23:08Z,2022,2022-01-01,2022-12-31
2181110,GHED_GGHE-DGDP_SHA2011,COUNTRY,EST,EUR,Europe,YEAR,2001,,,,,,,,,3.73,3.7286675,,,,2025-12-05T13:23:08Z,2001,2001-01-01,2001-12-31
2181676,GHED_GGHE-DGDP_SHA2011,COUNTRY,CPV,AFR,Africa,YEAR,2004,,,,,,,,,2.53,2.5304296,,,,2025-12-05T13:23:08Z,2004,2004-01-01,2004-12-31
2182296,GHED_GGHE-DGDP_SHA2011,COUNTRY,OMN,EMR,Eastern Mediterranean,YEAR,2020,,,,,,,,,4.56,4.56241417,,,,2025-12-05T13:23:08Z,2020,2020-01-01,2020-12-31
2182759,GHED_GGHE-DGDP_SHA2011,COUNTRY,ECU,AMR,Americas,YEAR,2004,,,,,,,,,1.80,1.8013922,,,,2025-12-05T13:23:08Z,2004,2004-01-01,2004-12-31
2183822,GHED_GGHE-DGDP_SHA2011,COUNTRY,HRV,EUR,Europe,YEAR,2005,,,,,,,,,5.81,5.8138175,,,,2025-12-05T13:23:08Z,2005,2005-01-01,2005-12-31
2183862,GHED_GGHE-DGDP_SHA2011,COUNTRY,ZAF,AFR,Africa,YEAR,2001,,,,,,,,,2.40,2.40290713,,,,2025-12-05T13:23:08Z,2001,2001-01-01,2001-12-31
2185641,GHED_GGHE-DGDP_SHA2011,COUNTRY,SOM,EMR,Eastern Mediterranean,YEAR,2013,,,,,,,,,0.14,0.13704211,,,,2025-12-05T13:23:08Z,2013,2013-01-01,2013-12-31
2186050,GHED_GGHE-DGDP_SHA2011,COUNTRY,NGA,AFR,Africa,YEAR,2016,,,,,,,,,0.47,0.47496933,,,,2025-12-05T13:23:08Z,2016,2016-01-01,2016-12-31
2187389,GHED_GGHE-DGDP_SHA2011,COUNTRY,CHL,AMR,Americas,YEAR,2012,,,,,,,,,3.36,3.36484623,,,,2025-12-05T13:23:08Z,2012,2012-01-01,2012-12-31
2189320,GHED_GGHE-DGDP_SHA2011,COUNTRY,DEU,EUR,Europe,YEAR,2001,,,,,,,,,7.68,7.67568636,,,,2025-12-05T13:23:08Z,2001,2001-01-01,2001-12-31
2191118,GHED_GGHE-DGDP_SHA2011,COUNTRY,BGD,SEAR,South-East Asia,YEAR,2009,,,,,,,,,0.44,0.43522108,,,,2025-12-05T13:23:08Z,2009,2009-01-01,2009-12-31
2191261,GHED_GGHE-DGDP_SHA2011,COUNTRY,LTU,EUR,Europe,YEAR,2017,,,,,,,,,4.22,4.21894503,,,,2025-12-05T13:23:08Z,2017,2017-01-01,2017-12-31
2191902,GHED_GGHE-DGDP_SHA2011,COUNTRY,SEN,AFR,Africa,YEAR,2008,,,,,,,,,1.39,1.3871423,,,,2025-12-05T13:23:08Z,2008,2008-01-01,2008-12-31
2194125,GHED_GGHE-DGDP_SHA2011,COUNTRY,ARM,EUR,Europe,YEAR,2000,,,,,,,,,0.95,0.95468217,,,,2025-12-05T13:23:08Z,2000,2000-01-01,2000-12-31
2195928,GHED_GGHE-DGDP_SHA2011,COUNTRY,PAN,AMR,Americas,YEAR,2008,,,,,,,,,4.56,4.55932522,,,,2025-12-05T13:23:08Z,2008,2008-01-01,2008-12-31
2196297,GHED_GGHE-DGDP_SHA2011,COUNTRY,LBY,EMR,Eastern Mediterranean,YEAR,2002,,,,,,,,,3.17,3.17035413,,,,2025-12-05T13:23:08Z,2002,2002-01-01,2002-12-31
2199661,GHED_GGHE-DGDP_SHA2011,COUNTRY,MAR,EMR,Eastern Mediterranean,YEAR,2017,,,,,,,,,1.98,1.98112547,,,,2025-12-05T13:23:08Z,2017,2017-01-01,2017-12-31
2200712,GHED_GGHE-DGDP_SHA2011,WORLDBANKINCOMEGROUP,WB_UMI,,,YEAR,2012,,,,,,,,,3.33,3.33262351,,,,2025-12-05T13:23:08Z,2012,2012-01-01,2012-12-31
2202958,GHED_GGHE-DGDP_SHA2011,COUNTRY,DMA,AMR,Americas,YEAR,2010,,,,,,,,,2.96,2.95949578,,,,2025-12-05T13:23:08Z,2010,2010-01-01,2010-12-31
2206331,GHED_GGHE-DGDP_SHA2011,COUNTRY,LBY,EMR,Eastern Mediterranean,YEAR,2005,,,,,,,,,1.63,1.62736928,,,,2025-12-05T13:23:08Z,2005,2005-01-01,2005-12-31
2206642,GHED_GGHE-DGDP_SHA2011,COUNTRY,ALB,EUR,Europe,YEAR,2005,,,,,,,,,2.66,2.65562892,,,,2025-12-05T13:23:08Z,2005,2005-01-01,2005-12-31
2208059,GHED_GGHE-DGDP_SHA2011,COUNTRY,ALB,EUR,Europe,YEAR,2020,,,,,,,,,2.97,2.97455955,,,,2025-12-05T13:23:08Z,2020,2020-01-01,2020-12-31
2215734,GHED_GGHE-DGDP_SHA2011,COUNTRY,QAT,EMR,Eastern Mediterranean,YEAR,2011,,,,,,,,,1.18,1.17667866,,,,2025-12-05T13:23:08Z,2011,2011-01-01,2011-12-31
2217458,GHED_GGHE-DGDP_SHA2011,COUNTRY,SYC,AFR,Africa,YEAR,2000,,,,,,,,,3.79,3.78593802,,,,2025-12-05T13:23:08Z,2000,2000-01-01,2000-12-31
2217761,GHED_GGHE-DGDP_SHA2011,COUNTRY,FSM,WPR,Western Pacific,YEAR,2015,,,,,,,,,1.89,1.89359462,,,,2025-12-05T13:23:08Z,2015,2015-01-01,2015-12-31
2220195,GHED_GGHE-DGDP_SHA2011,COUNTRY,SVK,EUR,Europe,YEAR,2012,,,,,,,,,5.35,5.3540163,,,,2025-12-05T13:23:08Z,2012,2012-01-01,2012-12-31
2223415,GHED_GGHE-DGDP_SHA2011,COUNTRY,PSE,EMR,Eastern Mediterranean,YEAR,2000,,,,,,,,,2.72,2.72239161,,,,2025-12-05T13:23:08Z,2000,2000-01-01,2000-12-31
2227825,GHED_GGHE-DGDP_SHA2011,COUNTRY,SRB,EUR,Europe,YEAR,2002,,,,,,,,,5.23,5.23220444,,,,2025-12-05T13:23:08Z,2002,2002-01-01,2002-12-31
2228647,GHED_GGHE-DGDP_SHA2011,COUNTRY,SRB,EUR,Europe,YEAR,2003,,,,,,,,,5.10,5.10396385,,,,2025-12-05T13:23:08Z,2003,2003-01-01,2003-12-31
2229619,GHED_GGHE-DGDP_SHA2011,COUNTRY,HTI,AMR,Americas,YEAR,2013,,,,,,,,,0.48,0.47550055,,,,2025-12-05T13:23:08Z,2013,2013-01-01,2013-12-31
2231383,GHED_GGHE-DGDP_SHA2011,COUNTRY,BHR,EMR,Eastern Mediterranean,YEAR,2020,,,,,,,,,2.87,2.86910701,,,,2025-12-05T13:23:08Z,2020,2020-01-01,2020-12-31
2236840,GHED_GGHE-DGDP_SHA2011,COUNTRY,GUY,AMR,Americas,YEAR,2013,,,,,,,,,1.89,1.88811839,,,,2025-12-05T13:23:08Z,2013,2013-01-01,2013-12-31
2244342,GHED_GGHE-DGDP_SHA2011,COUNTRY,HRV,EUR,Europe,YEAR,2002,,,,,,,,,4.85,4.85369205,,,,2025-12-05T13:23:08Z,2002,2002-01-01,2002-12-31
2244369,GHED_GGHE-DGDP_SHA2011,COUNTRY,COL,AMR,Americas,YEAR,2008,,,,,,,,,4.75,4.74562693,,,,2025-12-05T13:23:08Z,2008,2008-01-01,2008-12-31
2244436,GHED_GGHE-DGDP_SHA2011,COUNTRY,SYC,AFR,Africa,YEAR,2002,,,,,,,,,3.64,3.63683939,,,,2025-12-05T13:23:08Z,2002,2002-01-01,2002-12-31
2247247,GHED_GGHE-DGDP_SHA2011,COUNTRY,ATG,AMR,Americas,YEAR,2011,,,,,,,,,2.74,2.73921561,,,,2025-12-05T13:23:08Z,2011,2011-01-01,2011-12-31
2247892,GHED_GGHE-DGDP_SHA2011,COUNTRY,CAF,AFR,Africa,YEAR,2017,,,,,,,,,0.73,0.72881997,,,,2025-12-05T13:23:08Z,2017,2017-01-01,2017-12-31
2248011,GHED_GGHE-DGDP_SHA2011,COUNTRY,ECU,AMR,Americas,YEAR,2000,,,,,,,,,1.00,1.00422108,,,,2025-12-05T13:23:08Z,2000,2000-01-01,2000-12-31
2248335,GHED_GGHE-DGDP_SHA2011,COUNTRY,SWE,EUR,Europe,YEAR,2006,,,,,,,,,6.61,6.60596895,,,,2025-12-05T13:23:08Z,2006,2006-01-01,2006-12-31
2251710,GHED_GGHE-DGDP_SHA2011,COUNTRY,IND,SEAR,South-East Asia,YEAR,2005,,,,,,,,,0.78,0.77590197,,,,2025-12-05T13:23:08Z,2005,2005-01-01,2005-12-31
2251891,GHED_GGHE-DGDP_SHA2011,COUNTRY,TON,WPR,Western Pacific,YEAR,2001,,,,,,,,,2.45,2.44649458,,,,2025-12-05T13:23:08Z,2001,2001-01-01,2001-12-31
2252262,GHED_GGHE-DGDP_SHA2011,COUNTRY,SVK,EUR,Europe,YEAR,2014,,,,,,,,,5.45,5.44664001,,,,2025-12-05T13:23:08Z,2014,2014-01-01,2014-12-31
2253387,GHED_GGHE-DGDP_SHA2011,COUNTRY,COM,AFR,Africa,YEAR,2017,,,,,,,,,0.68,0.67584765,,,,2025-12-05T13:23:08Z,2017,2017-01-01,2017-12-31
2254588,GHED_GGHE-DGDP_SHA2011,COUNTRY,OMN,EMR,Eastern Mediterranean,YEAR,2014,,,,,,,,,2.82,2.82171035,,,,2025-12-05T13:23:08Z,2014,2014-01-01,2014-12-31
2255439,GHED_GGHE-DGDP_SHA2011,COUNTRY,MEX,AMR,Americas,YEAR,2002,,,,,,,,,2.06,2.0620842,,,,2025-12-05T13:23:08Z,2002,2002-01-01,2002-12-31
2255540,GHED_GGHE-DGDP_SHA2011,COUNTRY,SEN,AFR,Africa,YEAR,2016,,,,,,,,,1.07,1.06801915,,,,2025-12-05T13:23:08Z,2016,2016-01-01,2016-12-31
2256264,GHED_GGHE-DGDP_SHA2011,COUNTRY,MLI,AFR,Africa,YEAR,2011,,,,,,,,,0.60,0.6047653,,,,2025-12-05T13:23:08Z,2011,2011-01-01,2011-12-31
2260202,GHED_GGHE-DGDP_SHA2011,COUNTRY,OMN,EMR,Eastern Mediterranean,YEAR,2004,,,,,,,,,2.13,2.12697983,,,,2025-12-05T13:23:08Z,2004,2004-01-01,2004-12-31
2268216,GHED_GGHE-DGDP_SHA2011,COUNTRY,UZB,EUR,Europe,YEAR,2004,,,,,,,,,1.80,1.80486059,,,,2025-12-05T13:23:08Z,2004,2004-01-01,2004-12-31
2269223,GHED_GGHE-DGDP_SHA2011,COUNTRY,OMN,EMR,Eastern Mediterranean,YEAR,2018,,,,,,,,,2.78,2.77846813,,,,2025-12-05T13:23:08Z,2018,2018-01-01,2018-12-31
2271441,GHED_GGHE-DGDP_SHA2011,COUNTRY,MLI,AFR,Africa,YEAR,2006,,,,,,,,,1.22,1.22405839,,,,2025-12-05T13:23:08Z,2006,2006-01-01,2006-12-31
3476521,GHED_GGHE-DGDP_SHA2011,COUNTRY,SSD,AFR,Africa,YEAR,2023,,,,,,,,,0.50,0.50114346,,,,2025-12-05T13:23:08Z,2023,2023-01-01,2023-12-31
3476955,GHED_GGHE-DGDP_SHA2011,COUNTRY,KAZ,EUR,Europe,YEAR,2008,,,,,,,,,2.28,2.2773366,,,,2025-12-05T13:23:08Z,2008,2008-01-01,2008-12-31
3479879,GHED_GGHE-DGDP_SHA2011,COUNTRY,ARG,AMR,Americas,YEAR,2017,,,,,,,,,6.68,6.68290806,,,,2025-12-05T13:23:08Z,2017,2017-01-01,2017-12-31
3484720,GHED_GGHE-DGDP_SHA2011,COUNTRY,CHL,AMR,Americas,YEAR,2006,,,,,,,,,2.51,2.51085305,,,,2025-12-05T13:23:08Z,2006,2006-01-01,2006-12-31
3485654,GHED_GGHE-DGDP_SHA2011,COUNTRY,LBY,EMR,Eastern Mediterranean,YEAR,2011,,,,,,,,,2.54,2.54379559,,,,2025-12-05T13:23:08Z,2011,2011-01-01,2011-12-31
3490747,GHED_GGHE-DGDP_SHA2011,COUNTRY,PAN,AMR,Americas,YEAR,2011,,,,,,,,,4.24,4.23569298,,,,2025-12-05T13:23:08Z,2011,2011-01-01,2011-12-31
3493289,GHED_GGHE-DGDP_SHA2011,COUNTRY,MLI,AFR,Africa,YEAR,2023,,,,,,,,,1.35,1.34937346,,,,2026-01-12T13:50:53Z,2023,2023-01-01,2023-12-31
3495555,GHED_GGHE-DGDP_SHA2011,COUNTRY,MRT,AFR,Africa,YEAR,2018,,,,,,,,,0.91,0.91096455,,,,2025-12-05T13:23:08Z,2018,2018-01-01,2018-12-31
3495858,GHED_GGHE-DGDP_SHA2011,COUNTRY,ARG,AMR,Americas,YEAR,2020,,,,,,,,,6.99,6.99057627,,,,2025-12-05T13:23:08Z,2020,2020-01-01,2020-12-31
3496400,GHED_GGHE-DGDP_SHA2011,WORLDBANKINCOMEGROUP,WB_UMI,,,YEAR,2016,,,,,,,,,3.83,3.82664554,,,,2025-12-05T13:23:08Z,2016,2016-01-01,2016-12-31
3498929,GHED_GGHE-DGDP_SHA2011,COUNTRY,TGO,AFR,Africa,YEAR,2003,,,,,,,,,0.38,0.37685171,,,,2025-12-05T13:23:08Z,2003,2003-01-01,2003-12-31
3500519,GHED_GGHE-DGDP_SHA2011,COUNTRY,SWZ,AFR,Africa,YEAR,2023,,,,,,,,,3.20,3.20377994,,,,2025-12-05T13:23:08Z,2023,2023-01-01,2023-12-31
3502271,GHED_GGHE-DGDP_SHA2011,COUNTRY,TUR,EUR,Europe,YEAR,2007,,,,,,,,,3.60,3.6026225099999998,,,,2025-12-05T13:23:08Z,2007,2007-01-01,2007-12-31
3502730,GHED_GGHE-DGDP_SHA2011,COUNTRY,ESP,EUR,Europe,YEAR,2000,,,,,,,,,4.85,4.85389185,,,,2025-12-05T13:23:08Z,2000,2000-01-01,2000-12-31
3505106,GHED_GGHE-DGDP_SHA2011,COUNTRY,NER,AFR,Africa,YEAR,2007,,,,,,,,,1.50,1.50168717,,,,2025-12-05T13:23:08Z,2007,2007-01-01,2007-12-31
3511716,GHED_GGHE-DGDP_SHA2011,COUNTRY,RUS,EUR,Europe,YEAR,2021,,,,,,,,,4.89,4.89008141,,,,2025-12-05T13:23:08Z,2021,2021-01-01,2021-12-31
3512483,GHED_GGHE-DGDP_SHA2011,COUNTRY,KAZ,EUR,Europe,YEAR,2000,,,,,,,,,2.12,2.11957979,,,,2025-12-05T13:23:08Z,2000,2000-01-01,2000-12-31
3519823,GHED_GGHE-DGDP_SHA2011,COUNTRY,PRY,AMR,Americas,YEAR,2008,,,,,,,,,1.62,1.62055254,,,,2025-12-05T13:23:08Z,2008,2008-01-01,2008-12-31
3521825,GHED_GGHE-DGDP_SHA2011,COUNTRY,CRI,AMR,Americas,YEAR,2009,,,,,,,,,5.58,5.57623196,,,,2025-12-05T13:23:08Z,2009,2009-01-01,2009-12-31
3521946,GHED_GGHE-DGDP_SHA2011,COUNTRY,GIN,AFR,Africa,YEAR,2004,,,,,,,,,0.24,0.24164158,,,,2025-12-05T13:23:08Z,2004,2004-01-01,2004-12-31
3525098,GHED_GGHE-DGDP_SHA2011,COUNTRY,USA,AMR,Americas,YEAR,2004,,,,,,,,,6.61,6.60953903,,,,2025-12-05T13:23:08Z,2004,2004-01-01,2004-12-31
3527562,GHED_GGHE-DGDP_SHA2011,COUNTRY,MCO,EUR,Europe,YEAR,2020,,,,,,,,,3.77,3.77197242,,,,2025-12-05T13:23:08Z,2020,2020-01-01,2020-12-31
3537580,GHED_GGHE-DGDP_SHA2011,COUNTRY,ISR,EUR,Europe,YEAR,2000,,,,,,,,,4.16,4.16107655,,,,2025-12-05T13:23:08Z,2000,2000-01-01,2000-12-31
3541728,GHED_GGHE-DGDP_SHA2011,COUNTRY,TUN,EMR,Eastern Mediterranean,YEAR,2009,,,,,,,,,2.98,2.97510505,,,,2025-12-05T13:23:08Z,2009,2009-01-01,2009-12-31
3542451,GHED_GGHE-DGDP_SHA2011,COUNTRY,TKM,EUR,Europe,YEAR,2012,,,,,,,,,0.89,0.89324039,,,,2025-12-05T13:23:08Z,2012,2012-01-01,2012-12-31
3542486,GHED_GGHE-DGDP_SHA2011,COUNTRY,MCO,EUR,Europe,YEAR,2012,,,,,,,,,3.87,3.86657739,,,,2025-12-05T13:23:08Z,2012,2012-01-01,2012-12-31
3543054,GHED_GGHE-DGDP_SHA2011,COUNTRY,CHN,WPR,Western Pacific,YEAR,2005,,,,,,,,,1.35,1.34709895,,,,2025-12-05T13:23:08Z,2005,2005-01-01,2005-12-31
3543292,GHED_GGHE-DGDP_SHA2011,COUNTRY,EGY,EMR,Eastern Mediterranean,YEAR,2003,,,,,,,,,1.67,1.66768789,,,,2025-12-05T13:23:08Z,2003,2003-01-01,2003-12-31
3543816,GHED_GGHE-DGDP_SHA2011,COUNTRY,BGD,SEAR,South-East Asia,YEAR,2012,,,,,,,,,0.47,0.46968287,,,,2025-12-05T13:23:08Z,2012,2012-01-01,2012-12-31
3544967,GHED_GGHE-DGDP_SHA2011,COUNTRY,UZB,EUR,Europe,YEAR,2002,,,,,,,,,1.93,1.93376124,,,,2025-12-05T13:23:08Z,2002,2002-01-01,2002-12-31
3544988,GHED_GGHE-DGDP_SHA2011,COUNTRY,SWE,EUR,Europe,YEAR,2014,,,,,,,,,9.30,9.30155087,,,,2025-12-05T13:23:08Z,2014,2014-01-01,2014-12-31
3546287,GHED_GGHE-DGDP_SHA2011,COUNTRY,SGP,WPR,Western Pacific,YEAR,2019,,,,,,,,,2.28,2.2847712,,,,2025-12-05T13:23:08Z,2019,2019-01-01,2019-12-31
3548375,GHED_GGHE-DGDP_SHA2011,COUNTRY,DEU,EUR,Europe,YEAR,2006,,,,,,,,,7.53,7.53175783,,,,2025-12-05T13:23:08Z,2006,2006-01-01,2006-12-31
3548469,GHED_GGHE-DGDP_SHA2011,COUNTRY,NIU,WPR,Western Pacific,YEAR,2018,,,,,,,,,5.33,5.32802629,,,,2025-12-05T13:23:08Z,2018,2018-01-01,2018-12-31
3549707,GHED_GGHE-DGDP_SHA2011,COUNTRY,SGP,WPR,Western Pacific,YEAR,2005,,,,,,,,,1.00,1.00069571,,,,2025-12-05T13:23:08Z,2005,2005-01-01,2005-12-31
3551033,GHED_GGHE-DGDP_SHA2011,COUNTRY,HTI,AMR,Americas,YEAR,2019,,,,,,,,,0.41,0.40745705,,,,2025-12-05T13:23:08Z,2019,2019-01-01,2019-12-31
3551379,GHED_GGHE-DGDP_SHA2011,COUNTRY,MAR,EMR,Eastern Mediterranean,YEAR,2014,,,,,,,,,2.10,2.09785223,,,,2025-12-05T13:23:08Z,2014,2014-01-01,2014-12-31
3554903,GHED_GGHE-DGDP_SHA2011,COUNTRY,VCT,AMR,Americas,YEAR,2011,,,,,,,,,2.40,2.39791298,,,,2025-12-05T13:23:08Z,2011,2011-01-01,2011-12-31
3555182,GHED_GGHE-DGDP_SHA2011,COUNTRY,PER,AMR,Americas,YEAR,2004,,,,,,,,,2.30,2.30358434,,,,2025-12-05T13:23:08Z,2004,2004-01-01,2004-12-31
3560758,GHED_GGHE-DGDP_SHA2011,COUNTRY,LAO,WPR,Western Pacific,YEAR,2023,,,,,,,,,0.53,0.52790278,,,,2025-12-05T13:23:08Z,2023,2023-01-01,2023-12-31
3563114,GHED_GGHE-DGDP_SHA2011,COUNTRY,MOZ,AFR,Africa,YEAR,2010,,,,,,,,,1.24,1.24370587,,,,2025-12-05T13:23:08Z,2010,2010-01-01,2010-12-31
3564987,GHED_GGHE-DGDP_SHA2011,COUNTRY,TGO,AFR,Africa,YEAR,2006,,,,,,,,,0.56,0.56445849,,,,2025-12-05T13:23:08Z,2006,2006-01-01,2006-12-31
3567738,GHED_GGHE-DGDP_SHA2011,COUNTRY,POL,EUR,Europe,YEAR,2005,,,,,,,,,3.97,3.96801353,,,,2025-12-05T13:23:08Z,2005,2005-01-01,2005-12-31
3570540,GHED_GGHE-DGDP_SHA2011,COUNTRY,KGZ,EUR,Europe,YEAR,2012,,,,,,,,,4.22,4.22100592,,,,2025-12-05T13:23:08Z,2012,2012-01-01,2012-12-31
3576372,GHED_GGHE-DGDP_SHA2011,COUNTRY,TZA,AFR,Africa,YEAR,2017,,,,,,,,,1.56,1.55679071,,,,2025-12-05T13:23:08Z,2017,2017-01-01,2017-12-31
3580861,GHED_GGHE-DGDP_SHA2011,COUNTRY,IDN,WPR,Western Pacific,YEAR,2021,,,,,,,,,2.20,2.20201159,,,,2025-12-05T13:23:08Z,2021,2021-01-01,2021-12-31
3582782,GHED_GGHE-DGDP_SHA2011,COUNTRY,GBR,EUR,Europe,YEAR,2004,,,,,,,,,6.67,6.67070103,,,,2025-12-05T13:23:08Z,2004,2004-01-01,2004-12-31
3584106,GHED_GGHE-DGDP_SHA2011,COUNTRY,LBY,EMR,Eastern Mediterranean,YEAR,2007,,,,,,,,,1.61,1.60953808,,,,2025-12-05T13:23:08Z,2007,2007-01-01,2007-12-31
3585345,GHED_GGHE-DGDP_SHA2011,COUNTRY,PNG,WPR,Western Pacific,YEAR,2007,,,,,,,,,1.63,1.63440716,,,,2025-12-05T13:23:08Z,2007,2007-01-01,2007-12-31
3586587,GHED_GGHE-DGDP_SHA2011,COUNTRY,SAU,EMR,Eastern Mediterranean,YEAR,2007,,,,,,,,,2.51,2.5073967,,,,2025-12-05T13:23:08Z,2007,2007-01-01,2007-12-31
3588672,GHED_GGHE-DGDP_SHA2011,COUNTRY,KGZ,EUR,Europe,YEAR,2014,,,,,,,,,2.75,2.74904537,,,,2025-12-05T13:23:08Z,2014,2014-01-01,2014-12-31
3589572,GHED_GGHE-DGDP_SHA2011,COUNTRY,JPN,WPR,Western Pacific,YEAR,2001,,,,,,,,,5.86,5.86137772,,,,2025-12-05T13:23:08Z,2001,2001-01-01,2001-12-31
3593362,GHED_GGHE-DGDP_SHA2011,COUNTRY,UKR,EUR,Europe,YEAR,2001,,,,,,,,,2.80,2.80008173,,,,2025-12-05T13:23:08Z,2001,2001-01-01,2001-12-31
3596089,GHED_GGHE-DGDP_SHA2011,COUNTRY,GMB,AFR,Africa,YEAR,2016,,,,,,,,,1.29,1.2897681,,,,2025-12-05T13:23:08Z,2016,2016-01-01,2016-12-31
3597196,GHED_GGHE-DGDP_SHA2011,COUNTRY,TTO,AMR,Americas,YEAR,2008,,,,,,,,,1.75,1.74781442,,,,2025-12-05T13:23:08Z,2008,2008-01-01,2008-12-31
3598877,GHED_GGHE-DGDP_SHA2011,COUNTRY,STP,AFR,Africa,YEAR,2020,,,,,,,,,2.97,2.96807909,,,,2025-12-05T13:23:08Z,2020,2020-01-01,2020-12-31
3599406,GHED_GGHE-DGDP_SHA2011,COUNTRY,RUS,EUR,Europe,YEAR,2018,,,,,,,,,3.18,3.18402362,,,,2025-12-05T13:23:08Z,2018,2018-01-01,2018-12-31
3599921,GHED_GGHE-DGDP_SHA2011,COUNTRY,SUR,AMR,Americas,YEAR,2014,,,,,,,,,1.88,1.87637579,,,,2025-12-05T13:23:08Z,2014,2014-01-01,2014-12-31
3600080,GHED_GGHE-DGDP_SHA2011,COUNTRY,UGA,AFR,Africa,YEAR,2017,,,,,,,,,0.64,0.63865817,,,,2025-12-05T13:23:08Z,2017,2017-01-01,2017-12-31
3600376,GHED_GGHE-DGDP_SHA2011,COUNTRY,SEN,AFR,Africa,YEAR,2003,,,,,,,,,1.54,1.54446924,,,,2025-12-05T13:23:08Z,2003,2003-01-01,2003-12-31
3604052,GHED_GGHE-DGDP_SHA2011,COUNTRY,FJI,WPR,Western Pacific,YEAR,2015,,,,,,,,,2.10,2.09847856,,,,2025-12-05T13:23:08Z,2015,2015-01-01,2015-12-31
3604244,GHED_GGHE-DGDP_SHA2011,COUNTRY,BRN,WPR,Western Pacific,YEAR,2001,,,,,,,,,2.12,2.11852527,,,,2025-12-05T13:23:08Z,2001,2001-01-01,2001-12-31
3605340,GHED_GGHE-DGDP_SHA2011,COUNTRY,IRQ,EMR,Eastern Mediterranean,YEAR,2016,,,,,,,,,2.54,2.53573442,,,,2025-12-05T13:23:08Z,2016,2016-01-01,2016-12-31
3606292,GHED_GGHE-DGDP_SHA2011,COUNTRY,CAF,AFR,Africa,YEAR,2012,,,,,,,,,0.62,0.62262207,,,,2025-12-05T13:23:08Z,2012,2012-01-01,2012-12-31
3610241,GHED_GGHE-DGDP_SHA2011,COUNTRY,MEX,AMR,Americas,YEAR,2015,,,,,,,,,2.89,2.88534904,,,,2025-12-05T13:23:08Z,2015,2015-01-01,2015-12-31
3610878,GHED_GGHE-DGDP_SHA2011,COUNTRY,SGP,WPR,Western Pacific,YEAR,2002,,,,,,,,,1.05,1.05214119,,,,2025-12-05T13:23:08Z,2002,2002-01-01,2002-12-31
3614578,GHED_GGHE-DGDP_SHA2011,REGION,EMR,,,YEAR,2005,,,,,,,,,1.96,1.96325656,,,,2025-12-05T13:23:08Z,2005,2005-01-01,2005-12-31
3615410,GHED_GGHE-DGDP_SHA2011,COUNTRY,MKD,EUR,Europe,YEAR,2017,,,,,,,,,3.76,3.75674939,,,,2025-12-05T13:23:08Z,2017,2017-01-01,2017-12-31
3615915,GHED_GGHE-DGDP_SHA2011,COUNTRY,ARM,EUR,Europe,YEAR,2001,,,,,,,,,1.34,1.33908558,,,,2025-12-05T13:23:08Z,2001,2001-01-01,2001-12-31
3617174,GHED_GGHE-DGDP_SHA2011,COUNTRY,GMB,AFR,Africa,YEAR,2015,,,,,,,,,1.00,0.99829203,,,,2025-12-05T13:23:08Z,2015,2015-01-01,2015-12-31
3620437,GHED_GGHE-DGDP_SHA2011,COUNTRY,FJI,WPR,Western Pacific,YEAR,2017,,,,,,,,,2.11,2.11070943,,,,2025-12-05T13:23:08Z,2017,2017-01-01,2017-12-31
3622430,GHED_GGHE-DGDP_SHA2011,COUNTRY,SSD,AFR,Africa,YEAR,2022,,,,,,,,,0.63,0.62561053,,,,2025-12-05T13:23:08Z,2022,2022-01-01,2022-12-31
3623854,GHED_GGHE-DGDP_SHA2011,COUNTRY,LCA,AMR,Americas,YEAR,2002,,,,,,,,,1.83,1.82975125,,,,2025-12-05T13:23:08Z,2002,2002-01-01,2002-12-31
3623938,GHED_GGHE-DGDP_SHA2011,COUNTRY,BRA,AMR,Americas,YEAR,2022,,,,,,,,,4.26,4.25969172,,,,2025-12-05T13:23:08Z,2022,2022-01-01,2022-12-31
3626385,GHED_GGHE-DGDP_SHA2011,COUNTRY,QAT,EMR,Eastern Mediterranean,YEAR,2020,,,,,,,,,3.31,3.30993986,,,,2025-12-05T13:23:08Z,2020,2020-01-01,2020-12-31
3627686,GHED_GGHE-DGDP_SHA2011,COUNTRY,DZA,AFR,Africa,YEAR,2022,,,,,,,,,1.72,1.71663105,,,,2025-12-05T13:23:08Z,2022,2022-01-01,2022-12-31
3627717,GHED_GGHE-DGDP_SHA2011,COUNTRY,ZWE,AFR,Africa,YEAR,2014,,,,,,,,,2.73,2.73156238,,,,2025-12-05T13:23:08Z,2014,2014-01-01,2014-12-31
3629660,GHED_GGHE-DGDP_SHA2011,COUNTRY,BEN,AFR,Africa,YEAR,2014,,,,,,,,,0.58,0.57532531,,,,2025-12-05T13:23:08Z,2014,2014-01-01,2014-12-31
3632977,GHED_GGHE-DGDP_SHA2011,COUNTRY,SLB,WPR,Western Pacific,YEAR,2006,,,,,,,,,5.25,5.25133944,,,,2025-12-05T13:23:08Z,2006,2006-01-01,2006-12-31
3635260,GHED_GGHE-DGDP_SHA2011,COUNTRY,MEX,AMR,Americas,YEAR,2022,,,,,,,,,2.96,2.96263528,,,,2025-12-05T13:23:08Z,2022,2022-01-01,2022-12-31
3643041,GHED_GGHE-DGDP_SHA2011,COUNTRY,SYR,EMR,Eastern Mediterranean,YEAR,2017,,,,,,,,,1.91,1.91341209,,,,2025-12-05T13:23:08Z,2017,2017-01-01,2017-12-31
3643402,GHED_GGHE-DGDP_SHA2011,COUNTRY,USA,AMR,Americas,YEAR,2000,,,,,,,,,5.54,5.54275799,,,,2025-12-05T13:23:08Z,2000,2000-01-01,2000-12-31
3643595,GHED_GGHE-DGDP_SHA2011,COUNTRY,KAZ,EUR,Europe,YEAR,2012,,,,,,,,,2.07,2.06988907,,,,2025-12-05T13:23:08Z,2012,2012-01-01,2012-12-31
3647354,GHED_GGHE-DGDP_SHA2011,COUNTRY,MDG,AFR,Africa,YEAR,2018,,,,,,,,,1.50,1.49675477,,,,2025-12-05T13:23:08Z,2018,2018-01-01,2018-12-31
3647453,GHED_GGHE-DGDP_SHA2011,COUNTRY,HTI,AMR,Americas,YEAR,2018,,,,,,,,,0.53,0.52653241,,,,2025-12-05T13:23:08Z,2018,2018-01-01,2018-12-31
3650984,GHED_GGHE-DGDP_SHA2011,COUNTRY,LTU,EUR,Europe,YEAR,2013,,,,,,,,,4.04,4.03710175,,,,2025-12-05T13:23:08Z,2013,2013-01-01,2013-12-31
3651119,GHED_GGHE-DGDP_SHA2011,COUNTRY,ARE,EMR,Eastern Mediterranean,YEAR,2015,,,,,,,,,2.47,2.46962833,,,,2025-12-05T13:23:08Z,2015,2015-01-01,2015-12-31
3652982,GHED_GGHE-DGDP_SHA2011,COUNTRY,BWA,AFR,Africa,YEAR,2005,,,,,,,,,2.87,2.86616707,,,,2025-12-05T13:23:08Z,2005,2005-01-01,2005-12-31
3653237,GHED_GGHE-DGDP_SHA2011,COUNTRY,PAK,EMR,Eastern Mediterranean,YEAR,2002,,,,,,,,,0.90,0.90022832,,,,2025-12-05T13:23:08Z,2002,2002-01-01,2002-12-31
3655756,GHED_GGHE-DGDP_SHA2011,REGION,EUR,,,YEAR,2022,,,,,,,,,5.37,5.3658764,,,,2025-12-05T13:23:08Z,2022,2022-01-01,2022-12-31
3658556,GHED_GGHE-DGDP_SHA2011,COUNTRY,NIC,AMR,Americas,YEAR,2015,,,,,,,,,4.47,4.46586037,,,,2025-12-05T13:23:08Z,2015,2015-01-01,2015-12-31
3658797,GHED_GGHE-DGDP_SHA2011,COUNTRY,AUS,WPR,Western Pacific,YEAR,2009,,,,,,,,,6.24,6.23710108,,,,2025-12-05T13:23:08Z,2009,2009-01-01,2009-12-31
3661589,GHED_GGHE-DGDP_SHA2011,COUNTRY,ROU,EUR,Europe,YEAR,2018,,,,,,,,,4.39,4.39458323,,,,2025-12-05T13:23:08Z,2018,2018-01-01,2018-12-31
3663740,GHED_GGHE-DGDP_SHA2011,COUNTRY,BIH,EUR,Europe,YEAR,2017,,,,,,,,,6.18,6.18360281,,,,2025-12-05T13:23:08Z,2017,2017-01-01,2017-12-31
3667152,GHED_GGHE-DGDP_SHA2011,COUNTRY,ECU,AMR,Americas,YEAR,2007,,,,,,,,,2.18,2.17900252,,,,2025-12-05T13:23:08Z,2007,2007-01-01,2007-12-31
3670336,GHED_GGHE-DGDP_SHA2011,COUNTRY,SWZ,AFR,Africa,YEAR,2014,,,,,,,,,2.74,2.73972297,,,,2025-12-05T13:23:08Z,2014,2014-01-01,2014-12-31
3671134,GHED_GGHE-DGDP_SHA2011,COUNTRY,SWE,EUR,Europe,YEAR,2019,,,,,,,,,9.28,9.28074455,,,,2025-12-05T13:23:08Z,2019,2019-01-01,2019-12-31
3672261,GHED_GGHE-DGDP_SHA2011,COUNTRY,GIN,AFR,Africa,YEAR,2016,,,,,,,,,0.66,0.66374409,,,,2025-12-05T13:23:08Z,2016,2016-01-01,2016-12-31
3674260,GHED_GGHE-DGDP_SHA2011,COUNTRY,UGA,AFR,Africa,YEAR,2019,,,,,,,,,0.57,0.57344079,,,,2025-12-05T13:23:08Z,2019,2019-01-01,2019-12-31
3675021,GHED_GGHE-DGDP_SHA2011,COUNTRY,QAT,EMR,Eastern Mediterranean,YEAR,2013,,,,,,,,,1.75,1.74754512,,,,2025-12-05T13:23:08Z,2013,2013-01-01,2013-12-31
3677382,GHED_GGHE-DGDP_SHA2011,COUNTRY,CRI,AMR,Americas,YEAR,2023,,,,,,,,,4.61,4.61124086,,,,2025-12-05T13:23:08Z,2023,2023-01-01,2023-12-31
3677402,GHED_GGHE-DGDP_SHA2011,COUNTRY,DJI,EMR,Eastern Mediterranean,YEAR,2019,,,,,,,,,1.29,1.28569102,,,,2025-12-05T13:23:08Z,2019,2019-01-01,2019-12-31
3677517,GHED_GGHE-DGDP_SHA2011,COUNTRY,ZMB,AFR,Africa,YEAR,2015,,,,,,,,,2.09,2.0905416,,,,2025-12-05T13:23:08Z,2015,2015-01-01,2015-12-31
3681149,GHED_GGHE-DGDP_SHA2011,COUNTRY,BGD,SEAR,South-East Asia,YEAR,2004,,,,,,,,,0.48,0.48091501,,,,2025-12-05T13:23:08Z,2004,2004-01-01,2004-12-31
3684282,GHED_GGHE-DGDP_SHA2011,COUNTRY,ZMB,AFR,Africa,YEAR,2021,,,,,,,,,2.82,2.82306838,,,,2025-12-05T13:23:08Z,2021,2021-01-01,2021-12-31
3687666,GHED_GGHE-DGDP_SHA2011,COUNTRY,LVA,EUR,Europe,YEAR,2019,,,,,,,,,4.11,4.10785341,,,,2025-12-05T13:23:08Z,2019,2019-01-01,2019-12-31
3689985,GHED_GGHE-DGDP_SHA2011,COUNTRY,IRN,EMR,Eastern Mediterranean,YEAR,2011,,,,,,,,,2.03,2.0313952,,,,2025-12-05T13:23:08Z,2011,2011-01-01,2011-12-31
3692512,GHED_GGHE-DGDP_SHA2011,COUNTRY,CAN,AMR,Americas,YEAR,2012,,,,,,,,,7.44,7.43784714,,,,2025-12-05T13:23:08Z,2012,2012-01-01,2012-12-31
3695087,GHED_GGHE-DGDP_SHA2011,COUNTRY,MUS,AFR,Africa,YEAR,2021,,,,,,,,,3.36,3.35773063,,,,2025-12-05T13:23:08Z,2021,2021-01-01,2021-12-31
3699946,GHED_GGHE-DGDP_SHA2011,COUNTRY,WSM,WPR,Western Pacific,YEAR,2011,,,,,,,,,3.67,3.66722965,,,,2025-12-05T13:23:08Z,2011,2011-01-01,2011-12-31
3701571,GHED_GGHE-DGDP_SHA2011,COUNTRY,BWA,AFR,Africa,YEAR,2012,,,,,,,,,4.10,4.09601831,,,,2025-12-05T13:23:08Z,2012,2012-01-01,2012-12-31
3702457,GHED_GGHE-DGDP_SHA2011,COUNTRY,LVA,EUR,Europe,YEAR,2023,,,,,,,,,4.33,4.32704115,,,,2025-12-05T13:23:08Z,2023,2023-01-01,2023-12-31
3704276,GHED_GGHE-DGDP_SHA2011,COUNTRY,SSD,AFR,Africa,YEAR,2020,,,,,,,,,0.71,0.70622033,,,,2025-12-05T13:23:08Z,2020,2020-01-01,2020-12-31
3704391,GHED_GGHE-DGDP_SHA2011,COUNTRY,FSM,WPR,Western Pacific,YEAR,2012,,,,,,,,,1.41,1.40971768,,,,2025-12-05T13:23:08Z,2012,2012-01-01,2012-12-31
3704460,GHED_GGHE-DGDP_SHA2011,COUNTRY,MKD,EUR,Europe,YEAR,2009,,,,,,,,,4.09,4.0919199,,,,2025-12-05T13:23:08Z,2009,2009-01-01,2009-12-31
3707217,GHED_GGHE-DGDP_SHA2011,COUNTRY,PSE,EMR,Eastern Mediterranean,YEAR,2011,,,,,,,,,3.29,3.28588367,,,,2025-12-05T13:23:08Z,2011,2011-01-01,2011-12-31
3711214,GHED_GGHE-DGDP_SHA2011,COUNTRY,THA,SEAR,South-East Asia,YEAR,2011,,,,,,,,,2.73,2.72706866,,,,2025-12-05T13:23:08Z,2011,2011-01-01,2011-12-31
3712862,GHED_GGHE-DGDP_SHA2011,COUNTRY,BHS,AMR,Americas,YEAR,2015,,,,,,,,,2.33,2.32609415,,,,2025-12-05T13:23:08Z,2015,2015-01-01,2015-12-31
3714676,GHED_GGHE-DGDP_SHA2011,COUNTRY,KOR,WPR,Western Pacific,YEAR,2008,,,,,,,,,2.80,2.80182195,,,,2025-12-05T13:23:08Z,2008,2008-01-01,2008-12-31
3716436,GHED_GGHE-DGDP_SHA2011,WORLDBANKINCOMEGROUP,WB_HI,,,YEAR,2015,,,,,,,,,5.12,5.12307782,,,,2026-01-12T13:50:53Z,2015,2015-01-01,2015-12-31
3718939,GHED_GGHE-DGDP_SHA2011,COUNTRY,COL,AMR,Americas,YEAR,2002,,,,,,,,,4.37,4.36780405,,,,2025-12-05T13:23:08Z,2002,2002-01-01,2002-12-31
3719534,GHED_GGHE-DGDP_SHA2011,COUNTRY,CPV,AFR,Africa,YEAR,2017,,,,,,,,,2.55,2.55316591,,,,2025-12-05T13:23:08Z,2017,2017-01-01,2017-12-31
3720399,GHED_GGHE-DGDP_SHA2011,COUNTRY,NOR,EUR,Europe,YEAR,2017,,,,,,,,,8.71,8.70770454,,,,2025-12-05T13:23:08Z,2017,2017-01-01,2017-12-31
3722889,GHED_GGHE-DGDP_SHA2011,COUNTRY,CHL,AMR,Americas,YEAR,2018,,,,,,,,,4.69,4.68868828,,,,2025-12-05T13:23:08Z,2018,2018-01-01,2018-12-31
3724106,GHED_GGHE-DGDP_SHA2011,COUNTRY,BFA,AFR,Africa,YEAR,2010,,,,,,,,,1.31,1.30630887,,,,2025-12-05T13:23:08Z,2010,2010-01-01,2010-12-31
3728079,GHED_GGHE-DGDP_SHA2011,COUNTRY,MKD,EUR,Europe,YEAR,2023,,,,,,,,,4.28,4.27594757,,,,2025-12-05T13:23:08Z,2023,2023-01-01,2023-12-31
3729022,GHED_GGHE-DGDP_SHA2011,COUNTRY,LBN,EMR,Eastern Mediterranean,YEAR,2023,,,,,,,,,2.11,2.11316371,,,,2025-12-05T13:23:08Z,2023,2023-01-01,2023-12-31
3729614,GHED_GGHE-DGDP_SHA2011,COUNTRY,ROU,EUR,Europe,YEAR,2004,,,,,,,,,4.04,4.04278946,,,,2025-12-05T13:23:08Z,2004,2004-01-01,2004-12-31
3736726,GHED_GGHE-DGDP_SHA2011,COUNTRY,IND,SEAR,South-East Asia,YEAR,2017,,,,,,,,,0.97,0.96734685,,,,2025-12-05T13:23:08Z,2017,2017-01-01,2017-12-31
3738699,GHED_GGHE-DGDP_SHA2011,COUNTRY,AFG,EMR,Eastern Mediterranean,YEAR,2022,,,,,,,,,0.18,0.18147056,,,,2025-12-05T13:23:08Z,2022,2022-01-01,2022-12-31
3739454,GHED_GGHE-DGDP_SHA2011,COUNTRY,CAF,AFR,Africa,YEAR,2000,,,,,,,,,1.72,1.7200942,,,,2025-12-05T13:23:08Z,2000,2000-01-01,2000-12-31
3742926,GHED_GGHE-DGDP_SHA2011,COUNTRY,UGA,AFR,Africa,YEAR,2020,,,,,,,,,1.19,1.19107807,,,,2025-12-05T13:23:08Z,2020,2020-01-01,2020-12-31
3743270,GHED_GGHE-DGDP_SHA2011,COUNTRY,COK,WPR,Western Pacific,YEAR,2004,,,,,,,,,2.75,2.75111485,,,,2025-12-05T13:23:08Z,2004,2004-01-01,2004-12-31
3744215,GHED_GGHE-DGDP_SHA2011,COUNTRY,KWT,EMR,Eastern Mediterranean,YEAR,2019,,,,,,,,,4.57,4.56783867,,,,2025-12-05T13:23:08Z,2019,2019-01-01,2019-12-31
3744227,GHED_GGHE-DGDP_SHA2011,COUNTRY,CMR,AFR,Africa,YEAR,2001,,,,,,,,,0.78,0.7802825,,,,2025-12-05T13:23:08Z,2001,2001-01-01,2001-12-31
3745788,GHED_GGHE-DGDP_SHA2011,COUNTRY,AFG,EMR,Eastern Mediterranean,YEAR,2017,,,,,,,,,0.64,0.64313394,,,,2025-12-05T13:23:08Z,2017,2017-01-01,2017-12-31
3746008,GHED_GGHE-DGDP_SHA2011,COUNTRY,DZA,AFR,Africa,YEAR,2000,,,,,,,,,2.31,2.31351972,,,,2025-12-05T13:23:08Z,2000,2000-01-01,2000-12-31
3746722,GHED_GGHE-DGDP_SHA2011,COUNTRY,NGA,AFR,Africa,YEAR,2017,,,,,,,,,0.53,0.53266305,,,,2025-12-05T13:23:08Z,2017,2017-01-01,2017-12-31
3748894,GHED_GGHE-DGDP_SHA2011,COUNTRY,CHE,EUR,Europe,YEAR,2020,,,,,,,,,4.28,4.2842145,,,,2025-12-05T13:23:08Z,2020,2020-01-01,2020-12-31
3749364,GHED_GGHE-DGDP_SHA2011,COUNTRY,BGR,EUR,Europe,YEAR,2014,,,,,,,,,4.47,4.47450733,,,,2025-12-05T13:23:08Z,2014,2014-01-01,2014-12-31
3749913,GHED_GGHE-DGDP_SHA2011,COUNTRY,JAM,AMR,Americas,YEAR,2020,,,,,,,,,4.52,4.52264309,,,,2025-12-05T13:23:08Z,2020,2020-01-01,2020-12-31
3751978,GHED_GGHE-DGDP_SHA2011,REGION,EUR,,,YEAR,2019,,,,,,,,,4.97,4.96962987,,,,2025-12-05T13:23:08Z,2019,2019-01-01,2019-12-31
3752279,GHED_GGHE-DGDP_SHA2011,COUNTRY,SLV,AMR,Americas,YEAR,2010,,,,,,,,,4.37,4.37232924,,,,2025-12-05T13:23:08Z,2010,2010-01-01,2010-12-31
3755554,GHED_GGHE-DGDP_SHA2011,COUNTRY,JOR,EMR,Eastern Mediterranean,YEAR,2019,,,,,,,,,3.04,3.03746152,,,,2025-12-05T13:23:08Z,2019,2019-01-01,2019-12-31
3757780,GHED_GGHE-DGDP_SHA2011,COUNTRY,GUY,AMR,Americas,YEAR,2012,,,,,,,,,1.80,1.79707813,,,,2025-12-05T13:23:08Z,2012,2012-01-01,2012-12-31
3759471,GHED_GGHE-DGDP_SHA2011,COUNTRY,CHE,EUR,Europe,YEAR,2012,,,,,,,,,3.55,3.55156374,,,,2025-12-05T13:23:08Z,2012,2012-01-01,2012-12-31
3763372,GHED_GGHE-DGDP_SHA2011,WORLDBANKINCOMEGROUP,WB_LMI,,,YEAR,2023,,,,,,,,,2.30,2.29744978,,,,2026-01-12T13:50:53Z,2023,2023-01-01,2023-12-31
3765294,GHED_GGHE-DGDP_SHA2011,COUNTRY,CRI,AMR,Americas,YEAR,2008,,,,,,,,,5.07,5.06513548,,,,2025-12-05T13:23:08Z,2008,2008-01-01,2008-12-31
3770286,GHED_GGHE-DGDP_SHA2011,COUNTRY,PER,AMR,Americas,YEAR,2019,,,,,,,,,3.24,3.24168658,,,,2025-12-05T13:23:08Z,2019,2019-01-01,2019-12-31
3773037,GHED_GGHE-DGDP_SHA2011,COUNTRY,LTU,EUR,Europe,YEAR,2002,,,,,,,,,4.47,4.46694374,,,,2025-12-05T13:23:08Z,2002,2002-01-01,2002-12-31
3773311,GHED_GGHE-DGDP_SHA2011,COUNTRY,CHL,AMR,Americas,YEAR,2015,,,,,,,,,4.01,4.01006603,,,,2025-12-05T13:23:08Z,2015,2015-01-01,2015-12-31
3774634,GHED_GGHE-DGDP_SHA2011,COUNTRY,ROU,EUR,Europe,YEAR,2021,,,,,,,,,4.88,4.88112116,,,,2025-12-05T13:23:08Z,2021,2021-01-01,2021-12-31
3774949,GHED_GGHE-DGDP_SHA2011,COUNTRY,CAN,AMR,Americas,YEAR,2008,,,,,,,,,6.70,6.70112658,,,,2025-12-05T13:23:08Z,2008,2008-01-01,2008-12-31
3775082,GHED_GGHE-DGDP_SHA2011,COUNTRY,KWT,EMR,Eastern Mediterranean,YEAR,2001,,,,,,,,,2.51,2.51429915,,,,2025-12-05T13:23:08Z,2001,2001-01-01,2001-12-31
3777239,GHED_GGHE-DGDP_SHA2011,COUNTRY,SVN,EUR,Europe,YEAR,2023,,,,,,,,,6.80,6.80327797,,,,2025-12-05T13:23:08Z,2023,2023-01-01,2023-12-31
3777833,GHED_GGHE-DGDP_SHA2011,COUNTRY,GNB,AFR,Africa,YEAR,2006,,,,,,,,,0.50,0.49984464,,,,2025-12-05T13:23:08Z,2006,2006-01-01,2006-12-31
3777834,GHED_GGHE-DGDP_SHA2011,COUNTRY,MRT,AFR,Africa,YEAR,2012,,,,,,,,,0.90,0.89773965,,,,2025-12-05T13:23:08Z,2012,2012-01-01,2012-12-31
3780395,GHED_GGHE-DGDP_SHA2011,COUNTRY,MMR,SEAR,South-East Asia,YEAR,2014,,,,,,,,,1.00,1.00353265,,,,2025-12-05T13:23:08Z,2014,2014-01-01,2014-12-31
3780540,GHED_GGHE-DGDP_SHA2011,COUNTRY,TGO,AFR,Africa,YEAR,2022,,,,,,,,,0.67,0.66535133,,,,2025-12-05T13:23:08Z,2022,2022-01-01,2022-12-31
3781319,GHED_GGHE-DGDP_SHA2011,COUNTRY,BDI,AFR,Africa,YEAR,2005,,,,,,,,,2.06,2.06248069,,,,2025-12-05T13:23:08Z,2005,2005-01-01,2005-12-31
3783208,GHED_GGHE-DGDP_SHA2011,COUNTRY,NAM,AFR,Africa,YEAR,2021,,,,,,,,,6.52,6.51885366,,,,2025-12-05T13:23:08Z,2021,2021-01-01,2021-12-31
3783798,GHED_GGHE-DGDP_SHA2011,COUNTRY,AGO,AFR,Africa,YEAR,2022,,,,,,,,,1.31,1.30711842,,,,2025-12-05T13:23:08Z,2022,2022-01-01,2022-12-31
3794358,GHED_GGHE-DGDP_SHA2011,COUNTRY,KNA,AMR,Americas,YEAR,2005,,,,,,,,,2.22,2.22139931,,,,2025-12-05T13:23:08Z,2005,2005-01-01,2005-12-31
3797439,GHED_GGHE-DGDP_SHA2011,COUNTRY,BFA,AFR,Africa,YEAR,2012,,,,,,,,,1.06,1.06450117,,,,2025-12-05T13:23:08Z,2012,2012-01-01,2012-12-31
3801366,GHED_GGHE-DGDP_SHA2011,COUNTRY,AFG,EMR,Eastern Mediterranean,YEAR,2016,,,,,,,,,0.60,0.60012972,,,,2025-12-05T13:23:08Z,2016,2016-01-01,2016-12-31
3803994,GHED_GGHE-DGDP_SHA2011,COUNTRY,ATG,AMR,Americas,YEAR,2015,,,,,,,,,2.94,2.93535352,,,,2025-12-05T13:23:08Z,2015,2015-01-01,2015-12-31
3806891,GHED_GGHE-DGDP_SHA2011,COUNTRY,MDV,SEAR,South-East Asia,YEAR,2014,,,,,,,,,4.90,4.904356,,,,2025-12-05T13:23:08Z,2014,2014-01-01,2014-12-31
3810987,GHED_GGHE-DGDP_SHA2011,COUNTRY,HUN,EUR,Europe,YEAR,2020,,,,,,,,,5.10,5.09558201,,,,2025-12-05T13:23:08Z,2020,2020-01-01,2020-12-31
3814041,GHED_GGHE-DGDP_SHA2011,COUNTRY,BLZ,AMR,Americas,YEAR,2006,,,,,,,,,1.97,1.97383273,,,,2025-12-05T13:23:08Z,2006,2006-01-01,2006-12-31
3814925,GHED_GGHE-DGDP_SHA2011,COUNTRY,CUB,AMR,Americas,YEAR,2016,,,,,,,,,10.95,10.94796658,,,,2025-12-05T13:23:08Z,2016,2016-01-01,2016-12-31
3816092,GHED_GGHE-DGDP_SHA2011,COUNTRY,JAM,AMR,Americas,YEAR,2022,,,,,,,,,5.93,5.92761612,,,,2025-12-05T13:23:08Z,2022,2022-01-01,2022-12-31
3816426,GHED_GGHE-DGDP_SHA2011,COUNTRY,URY,AMR,Americas,YEAR,2000,,,,,,,,,3.81,3.81055403,,,,2025-12-05T13:23:08Z,2000,2000-01-01,2000-12-31
3816438,GHED_GGHE-DGDP_SHA2011,COUNTRY,GRD,AMR,Americas,YEAR,2004,,,,,,,,,2.59,2.59474087,,,,2025-12-05T13:23:08Z,2004,2004-01-01,2004-12-31
3823999,GHED_GGHE-DGDP_SHA2011,COUNTRY,PER,AMR,Americas,YEAR,2001,,,,,,,,,2.48,2.47586274,,,,2025-12-05T13:23:08Z,2001,2001-01-01,2001-12-31
3825821,GHED_GGHE-DGDP_SHA2011,REGION,EMR,,,YEAR,2001,,,,,,,,,2.17,2.17010521,,,,2025-12-05T13:23:08Z,2001,2001-01-01,2001-12-31
3826584,GHED_GGHE-DGDP_SHA2011,COUNTRY,MNE,EUR,Europe,YEAR,2020,,,,,,,,,7.13,7.13466835,,,,2025-12-05T13:23:08Z,2020,2020-01-01,2020-12-31
3830122,GHED_GGHE-DGDP_SHA2011,COUNTRY,LBY,EMR,Eastern Mediterranean,YEAR,2006,,,,,,,,,1.50,1.50322449,,,,2025-12-05T13:23:08Z,2006,2006-01-01,2006-12-31
3833195,GHED_GGHE-DGDP_SHA2011,COUNTRY,PAN,AMR,Americas,YEAR,2015,,,,,,,,,4.22,4.21543312,,,,2025-12-05T13:23:08Z,2015,2015-01-01,2015-12-31
3836690,GHED_GGHE-DGDP_SHA2011,COUNTRY,DNK,EUR,Europe,YEAR,2018,,,,,,,,,8.49,8.49359703,,,,2025-12-05T13:23:08Z,2018,2018-01-01,2018-12-31
3837306,GHED_GGHE-DGDP_SHA2011,COUNTRY,COD,AFR,Africa,YEAR,2007,,,,,,,,,0.22,0.21943448,,,,2025-12-05T13:23:08Z,2007,2007-01-01,2007-12-31
3840412,GHED_GGHE-DGDP_SHA2011,COUNTRY,WSM,WPR,Western Pacific,YEAR,2021,,,,,,,,,5.08,5.08007908,,,,2025-12-05T13:23:08Z,2021,2021-01-01,2021-12-31
3840532,GHED_GGHE-DGDP_SHA2011,COUNTRY,MOZ,AFR,Africa,YEAR,2012,,,,,,,,,1.24,1.23552883,,,,2025-12-05T13:23:08Z,2012,2012-01-01,2012-12-31
3845842,GHED_GGHE-DGDP_SHA2011,COUNTRY,POL,EUR,Europe,YEAR,2015,,,,,,,,,4.41,4.41299105,,,,2025-12-05T13:23:08Z,2015,2015-01-01,2015-12-31
3849241,GHED_GGHE-DGDP_SHA2011,COUNTRY,NIU,WPR,Western Pacific,YEAR,2016,,,,,,,,,5.41,5.41005325,,,,2025-12-05T13:23:08Z,2016,2016-01-01,2016-12-31
3850974,GHED_GGHE-DGDP_SHA2011,COUNTRY,SMR,EUR,Europe,YEAR,2006,,,,,,,,,3.88,3.87701797,,,,2025-12-05T13:23:08Z,2006,2006-01-01,2006-12-31
3851788,GHED_GGHE-DGDP_SHA2011,COUNTRY,VCT,AMR,Americas,YEAR,2010,,,,,,,,,2.55,2.54869199,,,,2025-12-05T13:23:08Z,2010,2010-01-01,2010-12-31
3852863,GHED_GGHE-DGDP_SHA2011,COUNTRY,GBR,EUR,Europe,YEAR,2022,,,,,,,,,9.11,9.10831928,,,,2025-12-05T13:23:08Z,2022,2022-01-01,2022-12-31
3856199,GHED_GGHE-DGDP_SHA2011,COUNTRY,FSM,WPR,Western Pacific,YEAR,2023,,,,,,,,,1.83,1.83325839,,,,2025-12-05T13:23:08Z,2023,2023-01-01,2023-12-31
3858229,GHED_GGHE-DGDP_SHA2011,COUNTRY,GRD,AMR,Americas,YEAR,2005,,,,,,,,,2.42,2.42088819,,,,2025-12-05T13:23:08Z,2005,2005-01-01,2005-12-31
3859498,GHED_GGHE-DGDP_SHA2011,COUNTRY,USA,AMR,Americas,YEAR,2012,,,,,,,,,7.87,7.87408161,,,,2025-12-05T13:23:08Z,2012,2012-01-01,2012-12-31
3860574,GHED_GGHE-DGDP_SHA2011,COUNTRY,LAO,WPR,Western Pacific,YEAR,2012,,,,,,,,,0.44,0.43670169,,,,2025-12-05T13:23:08Z,2012,2012-01-01,2012-12-31
3866102,GHED_GGHE-DGDP_SHA2011,WORLDBANKINCOMEGROUP,WB_LMI,,,YEAR,2012,,,,,,,,,2.05,2.04873941,,,,2025-12-05T13:23:08Z,2012,2012-01-01,2012-12-31
3867029,GHED_GGHE-DGDP_SHA2011,COUNTRY,NPL,SEAR,South-East Asia,YEAR,2014,,,,,,,,,0.87,0.87364674,,,,2025-12-05T13:23:08Z,2014,2014-01-01,2014-12-31
3868279,GHED_GGHE-DGDP_SHA2011,COUNTRY,ATG,AMR,Americas,YEAR,2007,,,,,,,,,2.01,2.01404786,,,,2025-12-05T13:23:08Z,2007,2007-01-01,2007-12-31
3868935,GHED_GGHE-DGDP_SHA2011,COUNTRY,MCO,EUR,Europe,YEAR,2011,,,,,,,,,3.76,3.76148415,,,,2025-12-05T13:23:08Z,2011,2011-01-01,2011-12-31
3873025,GHED_GGHE-DGDP_SHA2011,COUNTRY,DEU,EUR,Europe,YEAR,2021,,,,,,,,,10.12,10.12237358,,,,2025-12-05T13:23:08Z,2021,2021-01-01,2021-12-31
3874347,GHED_GGHE-DGDP_SHA2011,COUNTRY,IND,SEAR,South-East Asia,YEAR,2009,,,,,,,,,0.91,0.90823442,,,,2025-12-05T13:23:08Z,2009,2009-01-01,2009-12-31
3876067,GHED_GGHE-DGDP_SHA2011,WORLDBANKINCOMEGROUP,WB_HI,,,YEAR,2022,,,,,,,,,5.75,5.75055846,,,,2025-12-05T13:23:08Z,2022,2022-01-01,2022-12-31
3876132,GHED_GGHE-DGDP_SHA2011,COUNTRY,PRY,AMR,Americas,YEAR,2012,,,,,,,,,3.03,3.03290367,,,,2025-12-05T13:23:08Z,2012,2012-01-01,2012-12-31
3877515,GHED_GGHE-DGDP_SHA2011,COUNTRY,BIH,EUR,Europe,YEAR,2011,,,,,,,,,6.21,6.20625067,,,,2025-12-05T13:23:08Z,2011,2011-01-01,2011-12-31
3880358,GHED_GGHE-DGDP_SHA2011,COUNTRY,AND,EUR,Europe,YEAR,2006,,,,,,,,,2.96,2.96214485,,,,2025-12-05T13:23:08Z,2006,2006-01-01,2006-12-31
3880629,GHED_GGHE-DGDP_SHA2011,COUNTRY,USA,AMR,Americas,YEAR,2002,,,,,,,,,6.33,6.32602119,,,,2025-12-05T13:23:08Z,2002,2002-01-01,2002-12-31
3882507,GHED_GGHE-DGDP_SHA2011,COUNTRY,TKM,EUR,Europe,YEAR,2016,,,,,,,,,1.04,1.038046,,,,2025-12-05T13:23:08Z,2016,2016-01-01,2016-12-31
3886781,GHED_GGHE-DGDP_SHA2011,COUNTRY,FIN,EUR,Europe,YEAR,2003,,,,,,,,,6.14,6.13868189,,,,2025-12-05T13:23:08Z,2003,2003-01-01,2003-12-31
3892903,GHED_GGHE-DGDP_SHA2011,COUNTRY,IRQ,EMR,Eastern Mediterranean,YEAR,2003,,,,,,,,,1.36,1.35636795,,,,2025-12-05T13:23:08Z,2003,2003-01-01,2003-12-31
3896128,GHED_GGHE-DGDP_SHA2011,COUNTRY,DZA,AFR,Africa,YEAR,2011,,,,,,,,,3.41,3.40776706,,,,2025-12-05T13:23:08Z,2011,2011-01-01,2011-12-31
3897567,GHED_GGHE-DGDP_SHA2011,COUNTRY,SEN,AFR,Africa,YEAR,2022,,,,,,,,,1.09,1.08714914,,,,2026-01-12T13:50:53Z,2022,2022-01-01,2022-12-31
3898099,GHED_GGHE-DGDP_SHA2011,COUNTRY,CUB,AMR,Americas,YEAR,2000,,,,,,,,,5.51,5.50884342,,,,2025-12-05T13:23:08Z,2000,2000-01-01,2000-12-31
3898110,GHED_GGHE-DGDP_SHA2011,COUNTRY,BEN,AFR,Africa,YEAR,2001,,,,,,,,,1.20,1.20063126,,,,2025-12-05T13:23:08Z,2001,2001-01-01,2001-12-31
3898937,GHED_GGHE-DGDP_SHA2011,COUNTRY,PRT,EUR,Europe,YEAR,2014,,,,,,,,,5.76,5.76389647,,,,2025-12-05T13:23:08Z,2014,2014-01-01,2014-12-31
3905101,GHED_GGHE-DGDP_SHA2011,COUNTRY,LTU,EUR,Europe,YEAR,2015,,,,,,,,,4.28,4.2784977,,,,2025-12-05T13:23:08Z,2015,2015-01-01,2015-12-31
3905498,GHED_GGHE-DGDP_SHA2011,COUNTRY,BHR,EMR,Eastern Mediterranean,YEAR,2015,,,,,,,,,3.09,3.08921409,,,,2025-12-05T13:23:08Z,2015,2015-01-01,2015-12-31
3908566,GHED_GGHE-DGDP_SHA2011,COUNTRY,BWA,AFR,Africa,YEAR,2017,,,,,,,,,5.02,5.01613283,,,,2025-12-05T13:23:08Z,2017,2017-01-01,2017-12-31
3911488,GHED_GGHE-DGDP_SHA2011,COUNTRY,MMR,SEAR,South-East Asia,YEAR,2022,,,,,,,,,0.50,0.49640557,,,,2025-12-05T13:23:08Z,2022,2022-01-01,2022-12-31
3911716,GHED_GGHE-DGDP_SHA2011,COUNTRY,MEX,AMR,Americas,YEAR,2011,,,,,,,,,2.80,2.79909682,,,,2025-12-05T13:23:08Z,2011,2011-01-01,2011-12-31
3912861,GHED_GGHE-DGDP_SHA2011,COUNTRY,GNQ,AFR,Africa,YEAR,2019,,,,,,,,,0.81,0.8050639,,,,2025-12-05T13:23:08Z,2019,2019-01-01,2019-12-31
3916700,GHED_GGHE-DGDP_SHA2011,COUNTRY,NLD,EUR,Europe,YEAR,2014,,,,,,,,,7.09,7.09314537,,,,2025-12-05T13:23:08Z,2014,2014-01-01,2014-12-31
3918282,GHED_GGHE-DGDP_SHA2011,COUNTRY,KHM,WPR,Western Pacific,YEAR,2014,,,,,,,,,1.02,1.0150677,,,,2025-12-05T13:23:08Z,2014,2014-01-01,2014-12-31
3921654,GHED_GGHE-DGDP_SHA2011,COUNTRY,GIN,AFR,Africa,YEAR,2011,,,,,,,,,0.51,0.51036745,,,,2025-12-05T13:23:08Z,2011,2011-01-01,2011-12-31
3921871,GHED_GGHE-DGDP_SHA2011,COUNTRY,SEN,AFR,Africa,YEAR,2013,,,,,,,,,1.17,1.17077053,,,,2025-12-05T13:23:08Z,2013,2013-01-01,2013-12-31
3922695,GHED_GGHE-DGDP_SHA2011,COUNTRY,TGO,AFR,Africa,YEAR,2015,,,,,,,,,0.92,0.92438984,,,,2025-12-05T13:23:08Z,2015,2015-01-01,2015-12-31
3925520,GHED_GGHE-DGDP_SHA2011,COUNTRY,TON,WPR,Western Pacific,YEAR,2021,,,,,,,,,3.28,3.28024626,,,,2025-12-05T13:23:08Z,2021,2021-01-01,2021-12-31
3931249,GHED_GGHE-DGDP_SHA2011,COUNTRY,NRU,WPR,Western Pacific,YEAR,2021,,,,,,,,,9.41,9.41186619,,,,2025-12-05T13:23:08Z,2021,2021-01-01,2021-12-31
3931914,GHED_GGHE-DGDP_SHA2011,COUNTRY,SOM,EMR,Eastern Mediterranean,YEAR,2022,,,,,,,,,0.31,0.31191349,,,,2025-12-05T13:23:08Z,2022,2022-01-01,2022-12-31
3932917,GHED_GGHE-DGDP_SHA2011,COUNTRY,SLE,AFR,Africa,YEAR,2004,,,,,,,,,0.61,0.60742605,,,,2025-12-05T13:23:08Z,2004,2004-01-01,2004-12-31
3933319,GHED_GGHE-DGDP_SHA2011,COUNTRY,NLD,EUR,Europe,YEAR,2023,,,,,,,,,6.72,6.72162485,,,,2025-12-05T13:23:08Z,2023,2023-01-01,2023-12-31
3950446,GHED_GGHE-DGDP_SHA2011,COUNTRY,CUB,AMR,Americas,YEAR,2009,,,,,,,,,11.28,11.28293419,,,,2025-12-05T13:23:08Z,2009,2009-01-01,2009-12-31
3953174,GHED_GGHE-DGDP_SHA2011,COUNTRY,ETH,AFR,Africa,YEAR,2011,,,,,,,,,0.38,0.3811754,,,,2025-12-05T13:23:08Z,2011,2011-01-01,2011-12-31
3957111,GHED_GGHE-DGDP_SHA2011,COUNTRY,HRV,EUR,Europe,YEAR,2014,,,,,,,,,5.52,5.51811647,,,,2025-12-05T13:23:08Z,2014,2014-01-01,2014-12-31
3959363,GHED_GGHE-DGDP_SHA2011,COUNTRY,MLT,EUR,Europe,YEAR,2007,,,,,,,,,5.47,5.46883106,,,,2025-12-05T13:23:08Z,2007,2007-01-01,2007-12-31
3960178,GHED_GGHE-DGDP_SHA2011,COUNTRY,SLV,AMR,Americas,YEAR,2011,,,,,,,,,4.80,4.79892349,,,,2025-12-05T13:23:08Z,2011,2011-01-01,2011-12-31
3962202,GHED_GGHE-DGDP_SHA2011,COUNTRY,AND,EUR,Europe,YEAR,2011,,,,,,,,,5.61,5.60742188,,,,2025-12-05T13:23:08Z,2011,2011-01-01,2011-12-31
3964390,GHED_GGHE-DGDP_SHA2011,COUNTRY,TKM,EUR,Europe,YEAR,2006,,,,,,,,,0.90,0.90367627,,,,2025-12-05T13:23:08Z,2006,2006-01-01,2006-12-31
3971012,GHED_GGHE-DGDP_SHA2011,COUNTRY,TUR,EUR,Europe,YEAR,2012,,,,,,,,,3.52,3.51873088,,,,2025-12-05T13:23:08Z,2012,2012-01-01,2012-12-31
3972201,GHED_GGHE-DGDP_SHA2011,COUNTRY,BGR,EUR,Europe,YEAR,2015,,,,,,,,,4.13,4.13284254,,,,2025-12-05T13:23:08Z,2015,2015-01-01,2015-12-31
3972344,GHED_GGHE-DGDP_SHA2011,COUNTRY,NIC,AMR,Americas,YEAR,2016,,,,,,,,,4.65,4.65122414,,,,2025-12-05T13:23:08Z,2016,2016-01-01,2016-12-31
3974392,GHED_GGHE-DGDP_SHA2011,COUNTRY,BRN,WPR,Western Pacific,YEAR,2008,,,,,,,,,1.69,1.68647766,,,,2025-12-05T13:23:08Z,2008,2008-01-01,2008-12-31
3975400,GHED_GGHE-DGDP_SHA2011,COUNTRY,KGZ,EUR,Europe,YEAR,2018,,,,,,,,,2.42,2.42471886,,,,2025-12-05T13:23:08Z,2018,2018-01-01,2018-12-31
3977818,GHED_GGHE-DGDP_SHA2011,WORLDBANKINCOMEGROUP,WB_UMI,,,YEAR,2007,,,,,,,,,3.02,3.02413204,,,,2025-12-05T13:23:08Z,2007,2007-01-01,2007-12-31
3980648,GHED_GGHE-DGDP_SHA2011,COUNTRY,VCT,AMR,Americas,YEAR,2004,,,,,,,,,2.47,2.47157788,,,,2025-12-05T13:23:08Z,2004,2004-01-01,2004-12-31
3984907,GHED_GGHE-DGDP_SHA2011,COUNTRY,MDA,EUR,Europe,YEAR,2002,,,,,,,,,3.55,3.54672813,,,,2025-12-05T13:23:08Z,2002,2002-01-01,2002-12-31
3985148,GHED_GGHE-DGDP_SHA2011,REGION,EMR,,,YEAR,2012,,,,,,,,,2.08,2.07822272,,,,2025-12-05T13:23:08Z,2012,2012-01-01,2012-12-31
3988250,GHED_GGHE-DGDP_SHA2011,COUNTRY,DNK,EUR,Europe,YEAR,2003,,,,,,,,,7.46,7.4598999,,,,2025-12-05T13:23:08Z,2003,2003-01-01,2003-12-31
3993663,GHED_GGHE-DGDP_SHA2011,COUNTRY,SOM,EMR,Eastern Mediterranean,YEAR,2017,,,,,,,,,0.14,0.13631769,,,,2025-12-05T13:23:08Z,2017,2017-01-01,2017-12-31
3995271,GHED_GGHE-DGDP_SHA2011,COUNTRY,LTU,EUR,Europe,YEAR,2012,,,,,,,,,4.20,4.20211172,,,,2025-12-05T13:23:08Z,2012,2012-01-01,2012-12-31
3996135,GHED_GGHE-DGDP_SHA2011,COUNTRY,BEL,EUR,Europe,YEAR,2016,,,,,,,,,8.32,8.31613922,,,,2025-12-05T13:23:08Z,2016,2016-01-01,2016-12-31
4005854,GHED_GGHE-DGDP_SHA2011,COUNTRY,TON,WPR,Western Pacific,YEAR,2009,,,,,,,,,3.04,3.04270864,,,,2025-12-05T13:23:08Z,2009,2009-01-01,2009-12-31
4006900,GHED_GGHE-DGDP_SHA2011,COUNTRY,MLT,EUR,Europe,YEAR,2014,,,,,,,,,5.47,5.47425842,,,,2025-12-05T13:23:08Z,2014,2014-01-01,2014-12-31
4007524,GHED_GGHE-DGDP_SHA2011,COUNTRY,GRC,EUR,Europe,YEAR,2004,,,,,,,,,4.87,4.86593294,,,,2025-12-05T13:23:08Z,2004,2004-01-01,2004-12-31
4009225,GHED_GGHE-DGDP_SHA2011,COUNTRY,ERI,AFR,Africa,YEAR,2006,,,,,,,,,0.82,0.81826532,,,,2025-12-05T13:23:08Z,2006,2006-01-01,2006-12-31
4010087,GHED_GGHE-DGDP_SHA2011,COUNTRY,MNG,WPR,Western Pacific,YEAR,2017,,,,,,,,,2.26,2.2598424,,,,2025-12-05T13:23:08Z,2017,2017-01-01,2017-12-31
4012984,GHED_GGHE-DGDP_SHA2011,COUNTRY,KGZ,EUR,Europe,YEAR,2015,,,,,,,,,2.71,2.71162796,,,,2025-12-05T13:23:08Z,2015,2015-01-01,2015-12-31
4014595,GHED_GGHE-DGDP_SHA2011,COUNTRY,NZL,WPR,Western Pacific,YEAR,2005,,,,,,,,,6.37,6.36606169,,,,2025-12-05T13:23:08Z,2005,2005-01-01,2005-12-31
4016502,GHED_GGHE-DGDP_SHA2011,COUNTRY,NLD,EUR,Europe,YEAR,2010,,,,,,,,,6.91,6.90660667,,,,2025-12-05T13:23:08Z,2010,2010-01-01,2010-12-31
4024502,GHED_GGHE-DGDP_SHA2011,COUNTRY,DJI,EMR,Eastern Mediterranean,YEAR,2009,,,,,,,,,1.90,1.90362072,,,,2025-12-05T13:23:08Z,2009,2009-01-01,2009-12-31
4025514,GHED_GGHE-DGDP_SHA2011,COUNTRY,TGO,AFR,Africa,YEAR,2012,,,,,,,,,1.17,1.16667867,,,,2025-12-05T13:23:08Z,2012,2012-01-01,2012-12-31
4030158,GHED_GGHE-DGDP_SHA2011,COUNTRY,ZAF,AFR,Africa,YEAR,2000,,,,,,,,,2.68,2.68480206,,,,2025-12-05T13:23:08Z,2000,2000-01-01,2000-12-31
4030319,GHED_GGHE-DGDP_SHA2011,REGION,AFR,,,YEAR,2010,,,,,,,,,1.60,1.60242558,,,,2025-12-05T13:23:08Z,2010,2010-01-01,2010-12-31
4033873,GHED_GGHE-DGDP_SHA2011,COUNTRY,BGD,SEAR,South-East Asia,YEAR,2005,,,,,,,,,0.45,0.45040676,,,,2025-12-05T13:23:08Z,2005,2005-01-01,2005-12-31
4038291,GHED_GGHE-DGDP_SHA2011,COUNTRY,PAK,EMR,Eastern Mediterranean,YEAR,2012,,,,,,,,,0.62,0.61600071,,,,2025-12-05T13:23:08Z,2012,2012-01-01,2012-12-31
4039327,GHED_GGHE-DGDP_SHA2011,COUNTRY,ITA,EUR,Europe,YEAR,2010,,,,,,,,,6.97,6.96612167,,,,2025-12-05T13:23:08Z,2010,2010-01-01,2010-12-31
4040225,GHED_GGHE-DGDP_SHA2011,COUNTRY,GNQ,AFR,Africa,YEAR,2008,,,,,,,,,0.48,0.48362917,,,,2025-12-05T13:23:08Z,2008,2008-01-01,2008-12-31
4042987,GHED_GGHE-DGDP_SHA2011,COUNTRY,SLV,AMR,Americas,YEAR,2009,,,,,,,,,4.11,4.10507488,,,,2025-12-05T13:23:08Z,2009,2009-01-01,2009-12-31
4043047,GHED_GGHE-DGDP_SHA2011,COUNTRY,MOZ,AFR,Africa,YEAR,2016,,,,,,,,,1.72,1.7231313,,,,2025-12-05T13:23:08Z,2016,2016-01-01,2016-12-31
4043582,GHED_GGHE-DGDP_SHA2011,COUNTRY,JPN,WPR,Western Pacific,YEAR,2015,,,,,,,,,9.04,9.03866768,,,,2025-12-05T13:23:08Z,2015,2015-01-01,2015-12-31
4045170,GHED_GGHE-DGDP_SHA2011,COUNTRY,AUS,WPR,Western Pacific,YEAR,2005,,,,,,,,,5.72,5.72175741,,,,2025-12-05T13:23:08Z,2005,2005-01-01,2005-12-31
4051874,GHED_GGHE-DGDP_SHA2011,COUNTRY,LKA,SEAR,South-East Asia,YEAR,2021,,,,,,,,,2.26,2.2609117,,,,2025-12-05T13:23:08Z,2021,2021-01-01,2021-12-31
4052742,GHED_GGHE-DGDP_SHA2011,COUNTRY,JPN,WPR,Western Pacific,YEAR,2002,,,,,,,,,5.94,5.93724489,,,,2025-12-05T13:23:08Z,2002,2002-01-01,2002-12-31
4052782,GHED_GGHE-DGDP_SHA2011,COUNTRY,HTI,AMR,Americas,YEAR,2012,,,,,,,,,0.46,0.45754522,,,,2025-12-05T13:23:08Z,2012,2012-01-01,2012-12-31
4053741,GHED_GGHE-DGDP_SHA2011,COUNTRY,KEN,AFR,Africa,YEAR,2019,,,,,,,,,2.01,2.00870633,,,,2025-12-05T13:23:08Z,2019,2019-01-01,2019-12-31
4054802,GHED_GGHE-DGDP_SHA2011,COUNTRY,BGR,EUR,Europe,YEAR,2012,,,,,,,,,3.83,3.82989573,,,,2025-12-05T13:23:08Z,2012,2012-01-01,2012-12-31
4058149,GHED_GGHE-DGDP_SHA2011,COUNTRY,ERI,AFR,Africa,YEAR,2010,,,,,,,,,1.01,1.00715244,,,,2025-12-05T13:23:08Z,2010,2010-01-01,2010-12-31
4062817,GHED_GGHE-DGDP_SHA2011,COUNTRY,LBY,EMR,Eastern Mediterranean,YEAR,2008,,,,,,,,,1.52,1.51853251,,,,2025-12-05T13:23:08Z,2008,2008-01-01,2008-12-31
4063543,GHED_GGHE-DGDP_SHA2011,COUNTRY,NLD,EUR,Europe,YEAR,2019,,,,,,,,,6.56,6.55726242,,,,2025-12-05T13:23:08Z,2019,2019-01-01,2019-12-31
4065464,GHED_GGHE-DGDP_SHA2011,COUNTRY,BIH,EUR,Europe,YEAR,2016,,,,,,,,,6.48,6.47960949,,,,2025-12-05T13:23:08Z,2016,2016-01-01,2016-12-31
4069237,GHED_GGHE-DGDP_SHA2011,COUNTRY,AFG,EMR,Eastern Mediterranean,YEAR,2007,,,,,,,,,0.56,0.55994755,,,,2025-12-05T13:23:08Z,2007,2007-01-01,2007-12-31
4070140,GHED_GGHE-DGDP_SHA2011,COUNTRY,CZE,EUR,Europe,YEAR,2007,,,,,,,,,5.02,5.01941013,,,,2025-12-05T13:23:08Z,2007,2007-01-01,2007-12-31
4070506,GHED_GGHE-DGDP_SHA2011,COUNTRY,TJK,EUR,Europe,YEAR,2004,,,,,,,,,0.89,0.89477104,,,,2025-12-05T13:23:08Z,2004,2004-01-01,2004-12-31
4078335,GHED_GGHE-DGDP_SHA2011,COUNTRY,NGA,AFR,Africa,YEAR,2004,,,,,,,,,1.20,1.202034,,,,2025-12-05T13:23:08Z,2004,2004-01-01,2004-12-31
4082225,GHED_GGHE-DGDP_SHA2011,COUNTRY,ESP,EUR,Europe,YEAR,2019,,,,,,,,,6.40,6.39903307,,,,2025-12-05T13:23:08Z,2019,2019-01-01,2019-12-31
4082783,GHED_GGHE-DGDP_SHA2011,COUNTRY,AGO,AFR,Africa,YEAR,2015,,,,,,,,,1.09,1.08924341,,,,2025-12-05T13:23:08Z,2015,2015-01-01,2015-12-31
4086330,GHED_GGHE-DGDP_SHA2011,COUNTRY,COL,AMR,Americas,YEAR,2013,,,,,,,,,4.90,4.90206432,,,,2025-12-05T13:23:08Z,2013,2013-01-01,2013-12-31
4086387,GHED_GGHE-DGDP_SHA2011,COUNTRY,QAT,EMR,Eastern Mediterranean,YEAR,2004,,,,,,,,,2.39,2.38695359,,,,2025-12-05T13:23:08Z,2004,2004-01-01,2004-12-31
4089894,GHED_GGHE-DGDP_SHA2011,COUNTRY,BEN,AFR,Africa,YEAR,2006,,,,,,,,,1.06,1.06306994,,,,2025-12-05T13:23:08Z,2006,2006-01-01,2006-12-31
4094190,GHED_GGHE-DGDP_SHA2011,COUNTRY,CMR,AFR,Africa,YEAR,2016,,,,,,,,,0.37,0.36593068,,,,2025-12-05T13:23:08Z,2016,2016-01-01,2016-12-31
4095254,GHED_GGHE-DGDP_SHA2011,COUNTRY,POL,EUR,Europe,YEAR,2012,,,,,,,,,4.35,4.34928942,,,,2025-12-05T13:23:08Z,2012,2012-01-01,2012-12-31
4096948,GHED_GGHE-DGDP_SHA2011,COUNTRY,AFG,EMR,Eastern Mediterranean,YEAR,2018,,,,,,,,,0.55,0.55239552,,,,2025-12-05T13:23:08Z,2018,2018-01-01,2018-12-31
4097126,GHED_GGHE-DGDP_SHA2011,COUNTRY,GHA,AFR,Africa,YEAR,2006,,,,,,,,,1.65,1.65231752,,,,2025-12-05T13:23:08Z,2006,2006-01-01,2006-12-31
4099412,GHED_GGHE-DGDP_SHA2011,COUNTRY,AND,EUR,Europe,YEAR,2023,,,,,,,,,5.45,5.45127535,,,,2025-12-05T13:23:08Z,2023,2023-01-01,2023-12-31
4105112,GHED_GGHE-DGDP_SHA2011,COUNTRY,NER,AFR,Africa,YEAR,2012,,,,,,,,,1.04,1.03993595,,,,2025-12-05T13:23:08Z,2012,2012-01-01,2012-12-31
4106386,GHED_GGHE-DGDP_SHA2011,COUNTRY,ERI,AFR,Africa,YEAR,2022,,,,,,,,,0.90,0.90046018,,,,2025-12-05T13:23:08Z,2022,2022-01-01,2022-12-31
4108043,GHED_GGHE-DGDP_SHA2011,COUNTRY,GUY,AMR,Americas,YEAR,2010,,,,,,,,,1.82,1.81934333,,,,2025-12-05T13:23:08Z,2010,2010-01-01,2010-12-31
4109132,GHED_GGHE-DGDP_SHA2011,COUNTRY,UZB,EUR,Europe,YEAR,2008,,,,,,,,,1.92,1.91604054,,,,2025-12-05T13:23:08Z,2008,2008-01-01,2008-12-31
4114282,GHED_GGHE-DGDP_SHA2011,COUNTRY,FIN,EUR,Europe,YEAR,2012,,,,,,,,,7.68,7.67503309,,,,2025-12-05T13:23:08Z,2012,2012-01-01,2012-12-31
4122107,GHED_GGHE-DGDP_SHA2011,COUNTRY,KAZ,EUR,Europe,YEAR,2003,,,,,,,,,2.04,2.04266071,,,,2025-12-05T13:23:08Z,2003,2003-01-01,2003-12-31
4124193,GHED_GGHE-DGDP_SHA2011,COUNTRY,BEL,EUR,Europe,YEAR,2017,,,,,,,,,8.32,8.3176775,,,,2025-12-05T13:23:08Z,2017,2017-01-01,2017-12-31
4125591,GHED_GGHE-DGDP_SHA2011,COUNTRY,MMR,SEAR,South-East Asia,YEAR,2003,,,,,,,,,0.24,0.24453028,,,,2025-12-05T13:23:08Z,2003,2003-01-01,2003-12-31
4128700,GHED_GGHE-DGDP_SHA2011,COUNTRY,OMN,EMR,Eastern Mediterranean,YEAR,2023,,,,,,,,,2.98,2.97877407,,,,2025-12-05T13:23:08Z,2023,2023-01-01,2023-12-31
4144214,GHED_GGHE-DGDP_SHA2011,COUNTRY,OMN,EMR,Eastern Mediterranean,YEAR,2001,,,,,,,,,2.22,2.21537399,,,,2025-12-05T13:23:08Z,2001,2001-01-01,2001-12-31
4144490,GHED_GGHE-DGDP_SHA2011,COUNTRY,MAR,EMR,Eastern Mediterranean,YEAR,2005,,,,,,,,,1.10,1.10253143,,,,2025-12-05T13:23:08Z,2005,2005-01-01,2005-12-31
4153797,GHED_GGHE-DGDP_SHA2011,COUNTRY,FIN,EUR,Europe,YEAR,2007,,,,,,,,,6.36,6.35588789,,,,2025-12-05T13:23:08Z,2007,2007-01-01,2007-12-31
4153889,GHED_GGHE-DGDP_SHA2011,COUNTRY,KGZ,EUR,Europe,YEAR,2020,,,,,,,,,2.22,2.21847796,,,,2025-12-05T13:23:08Z,2020,2020-01-01,2020-12-31
4157348,GHED_GGHE-DGDP_SHA2011,COUNTRY,PSE,EMR,Eastern Mediterranean,YEAR,2022,,,,,,,,,3.92,3.91599488,,,,2025-12-05T13:23:08Z,2022,2022-01-01,2022-12-31
4161065,GHED_GGHE-DGDP_SHA2011,COUNTRY,NER,AFR,Africa,YEAR,2017,,,,,,,,,1.89,1.88514483,,,,2025-12-05T13:23:08Z,2017,2017-01-01,2017-12-31
4163585,GHED_GGHE-DGDP_SHA2011,COUNTRY,TUN,EMR,Eastern Mediterranean,YEAR,2002,,,,,,,,,2.65,2.65054178,,,,2025-12-05T13:23:08Z,2002,2002-01-01,2002-12-31
4166602,GHED_GGHE-DGDP_SHA2011,COUNTRY,MYS,WPR,Western Pacific,YEAR,2001,,,,,,,,,1.35,1.35141993,,,,2025-12-05T13:23:08Z,2001,2001-01-01,2001-12-31
4168052,GHED_GGHE-DGDP_SHA2011,COUNTRY,KIR,WPR,Western Pacific,YEAR,2001,,,,,,,,,11.50,11.49674606,,,,2025-12-05T13:23:08Z,2001,2001-01-01,2001-12-31
4174297,GHED_GGHE-DGDP_SHA2011,COUNTRY,BDI,AFR,Africa,YEAR,2009,,,,,,,,,2.08,2.08079624,,,,2025-12-05T13:23:08Z,2009,2009-01-01,2009-12-31
4175809,GHED_GGHE-DGDP_SHA2011,COUNTRY,DNK,EUR,Europe,YEAR,2015,,,,,,,,,8.74,8.74188137,,,,2025-12-05T13:23:08Z,2015,2015-01-01,2015-12-31
4176031,GHED_GGHE-DGDP_SHA2011,COUNTRY,ARE,EMR,Eastern Mediterranean,YEAR,2004,,,,,,,,,1.41,1.40612853,,,,2025-12-05T13:23:08Z,2004,2004-01-01,2004-12-31
4176103,GHED_GGHE-DGDP_SHA2011,COUNTRY,ZAF,AFR,Africa,YEAR,2005,,,,,,,,,2.75,2.74503064,,,,2025-12-05T13:23:08Z,2005,2005-01-01,2005-12-31
4177699,GHED_GGHE-DGDP_SHA2011,COUNTRY,VCT,AMR,Americas,YEAR,2012,,,,,,,,,2.77,2.77147985,,,,2025-12-05T13:23:08Z,2012,2012-01-01,2012-12-31
4179017,GHED_GGHE-DGDP_SHA2011,COUNTRY,GBR,EUR,Europe,YEAR,2009,,,,,,,,,8.14,8.14155865,,,,2025-12-05T13:23:08Z,2009,2009-01-01,2009-12-31
4180317,GHED_GGHE-DGDP_SHA2011,COUNTRY,LBR,AFR,Africa,YEAR,2015,,,,,,,,,1.20,1.20420825,,,,2025-12-05T13:23:08Z,2015,2015-01-01,2015-12-31
4180534,GHED_GGHE-DGDP_SHA2011,COUNTRY,KOR,WPR,Western Pacific,YEAR,2013,,,,,,,,,3.32,3.3175869,,,,2025-12-05T13:23:08Z,2013,2013-01-01,2013-12-31
4182431,GHED_GGHE-DGDP_SHA2011,COUNTRY,AUT,EUR,Europe,YEAR,2009,,,,,,,,,7.51,7.50799561,,,,2025-12-05T13:23:08Z,2009,2009-01-01,2009-12-31
4186312,GHED_GGHE-DGDP_SHA2011,COUNTRY,MLI,AFR,Africa,YEAR,2020,,,,,,,,,1.40,1.40269554,,,,2025-12-05T13:23:08Z,2020,2020-01-01,2020-12-31
4187063,GHED_GGHE-DGDP_SHA2011,COUNTRY,MDG,AFR,Africa,YEAR,2011,,,,,,,,,1.68,1.67813444,,,,2025-12-05T13:23:08Z,2011,2011-01-01,2011-12-31
4196590,GHED_GGHE-DGDP_SHA2011,COUNTRY,TJK,EUR,Europe,YEAR,2014,,,,,,,,,2.08,2.07762313,,,,2025-12-05T13:23:08Z,2014,2014-01-01,2014-12-31
4197657,GHED_GGHE-DGDP_SHA2011,COUNTRY,TZA,AFR,Africa,YEAR,2015,,,,,,,,,1.26,1.25726104,,,,2025-12-05T13:23:08Z,2015,2015-01-01,2015-12-31
4199064,GHED_GGHE-DGDP_SHA2011,COUNTRY,SUR,AMR,Americas,YEAR,2006,,,,,,,,,2.72,2.71723485,,,,2025-12-05T13:23:08Z,2006,2006-01-01,2006-12-31
4206702,GHED_GGHE-DGDP_SHA2011,COUNTRY,UZB,EUR,Europe,YEAR,2011,,,,,,,,,2.09,2.08887649,,,,2025-12-05T13:23:08Z,2011,2011-01-01,2011-12-31
4207109,GHED_GGHE-DGDP_SHA2011,COUNTRY,KAZ,EUR,Europe,YEAR,2001,,,,,,,,,1.97,1.96616435,,,,2025-12-05T13:23:08Z,2001,2001-01-01,2001-12-31
4209065,GHED_GGHE-DGDP_SHA2011,COUNTRY,USA,AMR,Americas,YEAR,2013,,,,,,,,,7.90,7.89930439,,,,2025-12-05T13:23:08Z,2013,2013-01-01,2013-12-31
4210909,GHED_GGHE-DGDP_SHA2011,COUNTRY,IRQ,EMR,Eastern Mediterranean,YEAR,2022,,,,,,,,,1.98,1.98248768,,,,2025-12-05T13:23:08Z,2022,2022-01-01,2022-12-31
4212611,GHED_GGHE-DGDP_SHA2011,COUNTRY,MOZ,AFR,Africa,YEAR,2023,,,,,,,,,2.25,2.249192,,,,2025-12-05T13:23:08Z,2023,2023-01-01,2023-12-31
4213698,GHED_GGHE-DGDP_SHA2011,COUNTRY,EST,EUR,Europe,YEAR,2007,,,,,,,,,3.88,3.87619781,,,,2025-12-05T13:23:08Z,2007,2007-01-01,2007-12-31
4215121,GHED_GGHE-DGDP_SHA2011,COUNTRY,KNA,AMR,Americas,YEAR,2021,,,,,,,,,3.55,3.54911423,,,,2025-12-05T13:23:08Z,2021,2021-01-01,2021-12-31
4216337,GHED_GGHE-DGDP_SHA2011,COUNTRY,BDI,AFR,Africa,YEAR,2020,,,,,,,,,2.16,2.1569612,,,,2025-12-05T13:23:08Z,2020,2020-01-01,2020-12-31
4218040,GHED_GGHE-DGDP_SHA2011,COUNTRY,TUN,EMR,Eastern Mediterranean,YEAR,2013,,,,,,,,,3.85,3.8491714,,,,2025-12-05T13:23:08Z,2013,2013-01-01,2013-12-31
4220547,GHED_GGHE-DGDP_SHA2011,COUNTRY,NOR,EUR,Europe,YEAR,2018,,,,,,,,,8.54,8.53639317,,,,2025-12-05T13:23:08Z,2018,2018-01-01,2018-12-31
4225604,GHED_GGHE-DGDP_SHA2011,COUNTRY,NRU,WPR,Western Pacific,YEAR,2005,,,,,,,,,9.72,9.72499847,,,,2025-12-05T13:23:08Z,2005,2005-01-01,2005-12-31
4228616,GHED_GGHE-DGDP_SHA2011,COUNTRY,MWI,AFR,Africa,YEAR,2015,,,,,,,,,1.90,1.89914215,,,,2025-12-05T13:23:08Z,2015,2015-01-01,2015-12-31
4229617,GHED_GGHE-DGDP_SHA2011,COUNTRY,KIR,WPR,Western Pacific,YEAR,2014,,,,,,,,,7.38,7.37837839,,,,2025-12-05T13:23:08Z,2014,2014-01-01,2014-12-31
4230353,GHED_GGHE-DGDP_SHA2011,COUNTRY,COG,AFR,Africa,YEAR,2003,,,,,,,,,0.50,0.50115985,,,,2025-12-05T13:23:08Z,2003,2003-01-01,2003-12-31
4231940,GHED_GGHE-DGDP_SHA2011,COUNTRY,YEM,EMR,Eastern Mediterranean,YEAR,2010,,,,,,,,,1.16,1.16217077,,,,2025-12-05T13:23:08Z,2010,2010-01-01,2010-12-31
4239603,GHED_GGHE-DGDP_SHA2011,COUNTRY,BIH,EUR,Europe,YEAR,2010,,,,,,,,,6.13,6.13426924,,,,2025-12-05T13:23:08Z,2010,2010-01-01,2010-12-31
4247916,GHED_GGHE-DGDP_SHA2011,COUNTRY,TUV,WPR,Western Pacific,YEAR,2006,,,,,,,,,9.89,9.88550949,,,,2025-12-05T13:23:08Z,2006,2006-01-01,2006-12-31
4249794,GHED_GGHE-DGDP_SHA2011,COUNTRY,KWT,EMR,Eastern Mediterranean,YEAR,2007,,,,,,,,,1.47,1.47248399,,,,2025-12-05T13:23:08Z,2007,2007-01-01,2007-12-31
4255706,GHED_GGHE-DGDP_SHA2011,COUNTRY,SAU,EMR,Eastern Mediterranean,YEAR,2000,,,,,,,,,3.03,3.03455424,,,,2025-12-05T13:23:08Z,2000,2000-01-01,2000-12-31
4260172,GHED_GGHE-DGDP_SHA2011,COUNTRY,TTO,AMR,Americas,YEAR,2003,,,,,,,,,1.90,1.90437138,,,,2025-12-05T13:23:08Z,2003,2003-01-01,2003-12-31
4262738,GHED_GGHE-DGDP_SHA2011,COUNTRY,JPN,WPR,Western Pacific,YEAR,2005,,,,,,,,,6.22,6.2159934,,,,2025-12-05T13:23:08Z,2005,2005-01-01,2005-12-31
4265955,GHED_GGHE-DGDP_SHA2011,COUNTRY,SVN,EUR,Europe,YEAR,2009,,,,,,,,,6.22,6.22358179,,,,2025-12-05T13:23:08Z,2009,2009-01-01,2009-12-31
4269503,GHED_GGHE-DGDP_SHA2011,COUNTRY,LKA,SEAR,South-East Asia,YEAR,2004,,,,,,,,,2.13,2.12875676,,,,2025-12-05T13:23:08Z,2004,2004-01-01,2004-12-31
4269913,GHED_GGHE-DGDP_SHA2011,COUNTRY,ERI,AFR,Africa,YEAR,2016,,,,,,,,,0.73,0.7340641,,,,2025-12-05T13:23:08Z,2016,2016-01-01,2016-12-31
4271414,GHED_GGHE-DGDP_SHA2011,COUNTRY,TZA,AFR,Africa,YEAR,2013,,,,,,,,,1.19,1.18517053,,,,2025-12-05T13:23:08Z,2013,2013-01-01,2013-12-31
4273729,GHED_GGHE-DGDP_SHA2011,COUNTRY,BLR,EUR,Europe,YEAR,2014,,,,,,,,,3.37,3.37288022,,,,2025-12-05T13:23:08Z,2014,2014-01-01,2014-12-31
4274512,GHED_GGHE-DGDP_SHA2011,COUNTRY,TUR,EUR,Europe,YEAR,2019,,,,,,,,,3.39,3.38672566,,,,2025-12-05T13:23:08Z,2019,2019-01-01,2019-12-31
4274659,GHED_GGHE-DGDP_SHA2011,COUNTRY,PNG,WPR,Western Pacific,YEAR,2023,,,,,,,,,2.10,2.10291815,,,,2025-12-05T13:23:08Z,2023,2023-01-01,2023-12-31
4281815,GHED_GGHE-DGDP_SHA2011,COUNTRY,ITA,EUR,Europe,YEAR,2013,,,,,,,,,6.61,6.60825253,,,,2025-12-05T13:23:08Z,2013,2013-01-01,2013-12-31
4282453,GHED_GGHE-DGDP_SHA2011,COUNTRY,AND,EUR,Europe,YEAR,2001,,,,,,,,,3.82,3.82370234,,,,2025-12-05T13:23:08Z,2001,2001-01-01,2001-12-31
4284210,GHED_GGHE-DGDP_SHA2011,COUNTRY,COL,AMR,Americas,YEAR,2016,,,,,,,,,5.30,5.29663372,,,,2025-12-05T13:23:08Z,2016,2016-01-01,2016-12-31
4284230,GHED_GGHE-DGDP_SHA2011,COUNTRY,TUV,WPR,Western Pacific,YEAR,2014,,,,,,,,,12.08,12.08134651,,,,2025-12-05T13:23:08Z,2014,2014-01-01,2014-12-31
4286075,GHED_GGHE-DGDP_SHA2011,COUNTRY,LBN,EMR,Eastern Mediterranean,YEAR,2011,,,,,,,,,3.57,3.57470489,,,,2025-12-05T13:23:08Z,2011,2011-01-01,2011-12-31
4286287,GHED_GGHE-DGDP_SHA2011,COUNTRY,GTM,AMR,Americas,YEAR,2011,,,,,,,,,1.99,1.99347126,,,,2025-12-05T13:23:08Z,2011,2011-01-01,2011-12-31
4289317,GHED_GGHE-DGDP_SHA2011,COUNTRY,FIN,EUR,Europe,YEAR,2000,,,,,,,,,5.37,5.37329912,,,,2025-12-05T13:23:08Z,2000,2000-01-01,2000-12-31
4291628,GHED_GGHE-DGDP_SHA2011,COUNTRY,BHS,AMR,Americas,YEAR,2004,,,,,,,,,1.61,1.611678,,,,2025-12-05T13:23:08Z,2004,2004-01-01,2004-12-31
4297220,GHED_GGHE-DGDP_SHA2011,COUNTRY,LCA,AMR,Americas,YEAR,2004,,,,,,,,,1.57,1.56948078,,,,2025-12-05T13:23:08Z,2004,2004-01-01,2004-12-31
4298288,GHED_GGHE-DGDP_SHA2011,COUNTRY,MRT,AFR,Africa,YEAR,2009,,,,,,,,,0.88,0.87885523,,,,2025-12-05T13:23:08Z,2009,2009-01-01,2009-12-31
4299003,GHED_GGHE-DGDP_SHA2011,COUNTRY,USA,AMR,Americas,YEAR,2007,,,,,,,,,6.91,6.91318035,,,,2025-12-05T13:23:08Z,2007,2007-01-01,2007-12-31
4302900,GHED_GGHE-DGDP_SHA2011,COUNTRY,COL,AMR,Americas,YEAR,2021,,,,,,,,,6.65,6.64501476,,,,2025-12-05T13:23:08Z,2021,2021-01-01,2021-12-31
4303225,GHED_GGHE-DGDP_SHA2011,COUNTRY,SSD,AFR,Africa,YEAR,2018,,,,,,,,,1.19,1.18756998,,,,2025-12-05T13:23:08Z,2018,2018-01-01,2018-12-31
4303711,GHED_GGHE-DGDP_SHA2011,COUNTRY,KAZ,EUR,Europe,YEAR,2013,,,,,,,,,1.85,1.84699571,,,,2025-12-05T13:23:08Z,2013,2013-01-01,2013-12-31
4306362,GHED_GGHE-DGDP_SHA2011,WORLDBANKINCOMEGROUP,WB_LMI,,,YEAR,2008,,,,,,,,,1.99,1.99376509,,,,2025-12-05T13:23:08Z,2008,2008-01-01,2008-12-31
4306439,GHED_GGHE-DGDP_SHA2011,COUNTRY,CRI,AMR,Americas,YEAR,2015,,,,,,,,,5.52,5.51982594,,,,2025-12-05T13:23:08Z,2015,2015-01-01,2015-12-31
4306991,GHED_GGHE-DGDP_SHA2011,COUNTRY,SRB,EUR,Europe,YEAR,2001,,,,,,,,,4.14,4.13802195,,,,2025-12-05T13:23:08Z,2001,2001-01-01,2001-12-31
4307919,GHED_GGHE-DGDP_SHA2011,COUNTRY,KIR,WPR,Western Pacific,YEAR,2022,,,,,,,,,8.51,8.51073647,,,,2025-12-05T13:23:08Z,2022,2022-01-01,2022-12-31
4310596,GHED_GGHE-DGDP_SHA2011,COUNTRY,TUN,EMR,Eastern Mediterranean,YEAR,2023,,,,,,,,,4.32,4.3189435,,,,2025-12-05T13:23:08Z,2023,2023-01-01,2023-12-31
4314902,GHED_GGHE-DGDP_SHA2011,COUNTRY,HRV,EUR,Europe,YEAR,2004,,,,,,,,,5.19,5.19365215,,,,2025-12-05T13:23:08Z,2004,2004-01-01,2004-12-31
4316963,GHED_GGHE-DGDP_SHA2011,REGION,AMR,,,YEAR,2011,,,,,,,,,3.55,3.54731364,,,,2025-12-05T13:23:08Z,2011,2011-01-01,2011-12-31
4317862,GHED_GGHE-DGDP_SHA2011,COUNTRY,COM,AFR,Africa,YEAR,2019,,,,,,,,,0.83,0.83244753,,,,2025-12-05T13:23:08Z,2019,2019-01-01,2019-12-31
4321098,GHED_GGHE-DGDP_SHA2011,COUNTRY,IRL,EUR,Europe,YEAR,2019,,,,,,,,,4.89,4.8862195,,,,2025-12-05T13:23:08Z,2019,2019-01-01,2019-12-31
4321767,GHED_GGHE-DGDP_SHA2011,COUNTRY,MEX,AMR,Americas,YEAR,2016,,,,,,,,,2.76,2.76140785,,,,2025-12-05T13:23:08Z,2016,2016-01-01,2016-12-31
4322859,GHED_GGHE-DGDP_SHA2011,REGION,AMR,,,YEAR,2013,,,,,,,,,3.64,3.63925356,,,,2025-12-05T13:23:08Z,2013,2013-01-01,2013-12-31
4323378,GHED_GGHE-DGDP_SHA2011,REGION,SEAR,,,YEAR,2009,,,,,,,,,2.01,2.01401798,,,,2025-12-05T13:23:08Z,2009,2009-01-01,2009-12-31
4323737,GHED_GGHE-DGDP_SHA2011,COUNTRY,ITA,EUR,Europe,YEAR,2012,,,,,,,,,6.63,6.63017321,,,,2025-12-05T13:23:08Z,2012,2012-01-01,2012-12-31
4326725,GHED_GGHE-DGDP_SHA2011,COUNTRY,MDG,AFR,Africa,YEAR,2022,,,,,,,,,0.90,0.89582229,,,,2025-12-05T13:23:08Z,2022,2022-01-01,2022-12-31
4328818,GHED_GGHE-DGDP_SHA2011,COUNTRY,MCO,EUR,Europe,YEAR,2006,,,,,,,,,3.47,3.47215104,,,,2025-12-05T13:23:08Z,2006,2006-01-01,2006-12-31
4329062,GHED_GGHE-DGDP_SHA2011,COUNTRY,COM,AFR,Africa,YEAR,2002,,,,,,,,,0.96,0.95670593,,,,2025-12-05T13:23:08Z,2002,2002-01-01,2002-12-31
4330984,GHED_GGHE-DGDP_SHA2011,COUNTRY,ATG,AMR,Americas,YEAR,2020,,,,,,,,,3.58,3.58067584,,,,2025-12-05T13:23:08Z,2020,2020-01-01,2020-12-31
4331539,GHED_GGHE-DGDP_SHA2011,COUNTRY,ECU,AMR,Americas,YEAR,2022,,,,,,,,,4.72,4.71747446,,,,2025-12-05T13:23:08Z,2022,2022-01-01,2022-12-31
4333316,GHED_GGHE-DGDP_SHA2011,COUNTRY,MDA,EUR,Europe,YEAR,2018,,,,,,,,,3.79,3.79154086,,,,2025-12-05T13:23:08Z,2018,2018-01-01,2018-12-31
4334472,GHED_GGHE-DGDP_SHA2011,COUNTRY,GNQ,AFR,Africa,YEAR,2001,,,,,,,,,0.39,0.39180481,,,,2025-12-05T13:23:08Z,2001,2001-01-01,2001-12-31
4334478,GHED_GGHE-DGDP_SHA2011,COUNTRY,LSO,AFR,Africa,YEAR,2023,,,,,,,,,5.84,5.84427834,,,,2025-12-05T13:23:08Z,2023,2023-01-01,2023-12-31
4337070,GHED_GGHE-DGDP_SHA2011,COUNTRY,ALB,EUR,Europe,YEAR,2012,,,,,,,,,2.43,2.42631125,,,,2025-12-05T13:23:08Z,2012,2012-01-01,2012-12-31
4342869,GHED_GGHE-DGDP_SHA2011,COUNTRY,PRT,EUR,Europe,YEAR,2004,,,,,,,,,6.73,6.72644234,,,,2025-12-05T13:23:08Z,2004,2004-01-01,2004-12-31
4343576,GHED_GGHE-DGDP_SHA2011,COUNTRY,ECU,AMR,Americas,YEAR,2021,,,,,,,,,5.31,5.314744,,,,2025-12-05T13:23:08Z,2021,2021-01-01,2021-12-31
4345305,GHED_GGHE-DGDP_SHA2011,COUNTRY,RWA,AFR,Africa,YEAR,2007,,,,,,,,,1.75,1.74627984,,,,2025-12-05T13:23:08Z,2007,2007-01-01,2007-12-31
4345619,GHED_GGHE-DGDP_SHA2011,COUNTRY,PAN,AMR,Americas,YEAR,2006,,,,,,,,,4.06,4.06343699,,,,2025-12-05T13:23:08Z,2006,2006-01-01,2006-12-31
4346649,GHED_GGHE-DGDP_SHA2011,COUNTRY,LBN,EMR,Eastern Mediterranean,YEAR,2016,,,,,,,,,3.72,3.72473431,,,,2025-12-05T13:23:08Z,2016,2016-01-01,2016-12-31
4351231,GHED_GGHE-DGDP_SHA2011,COUNTRY,MWI,AFR,Africa,YEAR,2014,,,,,,,,,1.57,1.56810546,,,,2025-12-05T13:23:08Z,2014,2014-01-01,2014-12-31
4351890,GHED_GGHE-DGDP_SHA2011,COUNTRY,FSM,WPR,Western Pacific,YEAR,2000,,,,,,,,,1.75,1.74815881,,,,2025-12-05T13:23:08Z,2000,2000-01-01,2000-12-31
4354820,GHED_GGHE-DGDP_SHA2011,COUNTRY,PER,AMR,Americas,YEAR,2000,,,,,,,,,2.34,2.34087849,,,,2025-12-05T13:23:08Z,2000,2000-01-01,2000-12-31
4355041,GHED_GGHE-DGDP_SHA2011,COUNTRY,DMA,AMR,Americas,YEAR,2016,,,,,,,,,3.33,3.33051729,,,,2025-12-05T13:23:08Z,2016,2016-01-01,2016-12-31
4355062,GHED_GGHE-DGDP_SHA2011,COUNTRY,SVN,EUR,Europe,YEAR,2020,,,,,,,,,6.89,6.88721657,,,,2025-12-05T13:23:08Z,2020,2020-01-01,2020-12-31
4355336,GHED_GGHE-DGDP_SHA2011,COUNTRY,DZA,AFR,Africa,YEAR,2018,,,,,,,,,3.84,3.84471345,,,,2025-12-05T13:23:08Z,2018,2018-01-01,2018-12-31
4356305,GHED_GGHE-DGDP_SHA2011,COUNTRY,JAM,AMR,Americas,YEAR,2010,,,,,,,,,3.05,3.04630113,,,,2025-12-05T13:23:08Z,2010,2010-01-01,2010-12-31
4357449,GHED_GGHE-DGDP_SHA2011,COUNTRY,SVN,EUR,Europe,YEAR,2001,,,,,,,,,5.61,5.61317778,,,,2025-12-05T13:23:08Z,2001,2001-01-01,2001-12-31
4357789,GHED_GGHE-DGDP_SHA2011,COUNTRY,ETH,AFR,Africa,YEAR,2006,,,,,,,,,1.12,1.12012815,,,,2025-12-05T13:23:08Z,2006,2006-01-01,2006-12-31
4360492,GHED_GGHE-DGDP_SHA2011,COUNTRY,DJI,EMR,Eastern Mediterranean,YEAR,2022,,,,,,,,,1.07,1.06819105,,,,2025-12-05T13:23:08Z,2022,2022-01-01,2022-12-31
4366175,GHED_GGHE-DGDP_SHA2011,COUNTRY,BIH,EUR,Europe,YEAR,2001,,,,,,,,,4.32,4.31801033,,,,2025-12-05T13:23:08Z,2001,2001-01-01,2001-12-31
4369663,GHED_GGHE-DGDP_SHA2011,COUNTRY,CIV,AFR,Africa,YEAR,2006,,,,,,,,,0.56,0.5577988,,,,2025-12-05T13:23:08Z,2006,2006-01-01,2006-12-31
4370725,GHED_GGHE-DGDP_SHA2011,COUNTRY,NPL,SEAR,South-East Asia,YEAR,2000,,,,,,,,,0.49,0.4859271,,,,2025-12-05T13:23:08Z,2000,2000-01-01,2000-12-31
4370986,GHED_GGHE-DGDP_SHA2011,COUNTRY,LVA,EUR,Europe,YEAR,2013,,,,,,,,,3.36,3.36321855,,,,2025-12-05T13:23:08Z,2013,2013-01-01,2013-12-31
4371648,GHED_GGHE-DGDP_SHA2011,COUNTRY,SGP,WPR,Western Pacific,YEAR,2012,,,,,,,,,1.31,1.30787134,,,,2025-12-05T13:23:08Z,2012,2012-01-01,2012-12-31
4372494,GHED_GGHE-DGDP_SHA2011,COUNTRY,SLB,WPR,Western Pacific,YEAR,2012,,,,,,,,,2.95,2.94720888,,,,2025-12-05T13:23:08Z,2012,2012-01-01,2012-12-31
4374164,GHED_GGHE-DGDP_SHA2011,COUNTRY,KEN,AFR,Africa,YEAR,2021,,,,,,,,,2.23,2.22920752,,,,2025-12-05T13:23:08Z,2021,2021-01-01,2021-12-31
4375692,GHED_GGHE-DGDP_SHA2011,COUNTRY,COK,WPR,Western Pacific,YEAR,2014,,,,,,,,,3.03,3.03131819,,,,2025-12-05T13:23:08Z,2014,2014-01-01,2014-12-31
4381256,GHED_GGHE-DGDP_SHA2011,COUNTRY,BOL,AMR,Americas,YEAR,2020,,,,,,,,,5.80,5.80238628,,,,2025-12-05T13:23:08Z,2020,2020-01-01,2020-12-31
4381417,GHED_GGHE-DGDP_SHA2011,COUNTRY,BLZ,AMR,Americas,YEAR,2018,,,,,,,,,3.28,3.27672195,,,,2025-12-05T13:23:08Z,2018,2018-01-01,2018-12-31
4384403,GHED_GGHE-DGDP_SHA2011,COUNTRY,GAB,AFR,Africa,YEAR,2021,,,,,,,,,1.65,1.65491903,,,,2025-12-05T13:23:08Z,2021,2021-01-01,2021-12-31
4386022,GHED_GGHE-DGDP_SHA2011,COUNTRY,ZAF,AFR,Africa,YEAR,2021,,,,,,,,,5.49,5.49496222,,,,2025-12-05T13:23:08Z,2021,2021-01-01,2021-12-31
4386154,GHED_GGHE-DGDP_SHA2011,COUNTRY,HND,AMR,Americas,YEAR,2018,,,,,,,,,2.85,2.84892344,,,,2025-12-05T13:23:08Z,2018,2018-01-01,2018-12-31
4388446,GHED_GGHE-DGDP_SHA2011,COUNTRY,TJK,EUR,Europe,YEAR,2006,,,,,,,,,0.94,0.93615186,,,,2025-12-05T13:23:08Z,2006,2006-01-01,2006-12-31
4391262,GHED_GGHE-DGDP_SHA2011,COUNTRY,MWI,AFR,Africa,YEAR,2010,,,,,,,,,1.13,1.13196635,,,,2025-12-05T13:23:08Z,2010,2010-01-01,2010-12-31
4391992,GHED_GGHE-DGDP_SHA2011,GLOBAL,GLOBAL,,,YEAR,2011,,,,,,,,,3.30,3.29739583,,,,2025-12-05T13:23:08Z,2011,2011-01-01,2011-12-31
4392522,GHED_GGHE-DGDP_SHA2011,COUNTRY,SYC,AFR,Africa,YEAR,2008,,,,,,,,,2.40,2.40282655,,,,2025-12-05T13:23:08Z,2008,2008-01-01,2008-12-31
4394346,GHED_GGHE-DGDP_SHA2011,COUNTRY,JAM,AMR,Americas,YEAR,2014,,,,,,,,,3.06,3.06121469,,,,2025-12-05T13:23:08Z,2014,2014-01-01,2014-12-31
4399047,GHED_GGHE-DGDP_SHA2011,COUNTRY,SGP,WPR,Western Pacific,YEAR,2009,,,,,,,,,1.19,1.18541074,,,,2025-12-05T13:23:08Z,2009,2009-01-01,2009-12-31
4401691,GHED_GGHE-DGDP_SHA2011,COUNTRY,MWI,AFR,Africa,YEAR,2002,,,,,,,,,0.97,0.97493625,,,,2025-12-05T13:23:08Z,2002,2002-01-01,2002-12-31
4403751,GHED_GGHE-DGDP_SHA2011,COUNTRY,SDN,EMR,Eastern Mediterranean,YEAR,2022,,,,,,,,,0.83,0.82583225,,,,2025-12-05T13:23:08Z,2022,2022-01-01,2022-12-31
4404706,GHED_GGHE-DGDP_SHA2011,COUNTRY,KNA,AMR,Americas,YEAR,2009,,,,,,,,,1.97,1.9731133,,,,2025-12-05T13:23:08Z,2009,2009-01-01,2009-12-31
4405050,GHED_GGHE-DGDP_SHA2011,COUNTRY,GMB,AFR,Africa,YEAR,2019,,,,,,,,,1.29,1.28750503,,,,2025-12-05T13:23:08Z,2019,2019-01-01,2019-12-31
4405976,GHED_GGHE-DGDP_SHA2011,COUNTRY,ARM,EUR,Europe,YEAR,2013,,,,,,,,,1.38,1.37565804,,,,2025-12-05T13:23:08Z,2013,2013-01-01,2013-12-31
4408908,GHED_GGHE-DGDP_SHA2011,COUNTRY,GHA,AFR,Africa,YEAR,2015,,,,,,,,,1.59,1.5937829,,,,2025-12-05T13:23:08Z,2015,2015-01-01,2015-12-31
4411416,GHED_GGHE-DGDP_SHA2011,COUNTRY,NOR,EUR,Europe,YEAR,2001,,,,,,,,,6.63,6.6320591,,,,2025-12-05T13:23:08Z,2001,2001-01-01,2001-12-31
4411616,GHED_GGHE-DGDP_SHA2011,COUNTRY,BIH,EUR,Europe,YEAR,2005,,,,,,,,,4.81,4.81401253,,,,2025-12-05T13:23:08Z,2005,2005-01-01,2005-12-31
4412172,GHED_GGHE-DGDP_SHA2011,COUNTRY,SLE,AFR,Africa,YEAR,2015,,,,,,,,,0.81,0.81068116,,,,2025-12-05T13:23:08Z,2015,2015-01-01,2015-12-31
4412209,GHED_GGHE-DGDP_SHA2011,COUNTRY,SVN,EUR,Europe,YEAR,2015,,,,,,,,,6.12,6.12037754,,,,2025-12-05T13:23:08Z,2015,2015-01-01,2015-12-31
4412550,GHED_GGHE-DGDP_SHA2011,COUNTRY,SGP,WPR,Western Pacific,YEAR,2011,,,,,,,,,1.17,1.17214501,,,,2025-12-05T13:23:08Z,2011,2011-01-01,2011-12-31
4412626,GHED_GGHE-DGDP_SHA2011,COUNTRY,LIE,EUR,Europe,YEAR,2015,,,,,,,,,3.78,3.77818871,,,,2026-01-12T13:50:53Z,2015,2015-01-01,2015-12-31
4413719,GHED_GGHE-DGDP_SHA2011,COUNTRY,HUN,EUR,Europe,YEAR,2011,,,,,,,,,4.96,4.96192122,,,,2025-12-05T13:23:08Z,2011,2011-01-01,2011-12-31
4415794,GHED_GGHE-DGDP_SHA2011,COUNTRY,NGA,AFR,Africa,YEAR,2023,,,,,,,,,0.55,0.54596561,,,,2026-01-12T13:50:53Z,2023,2023-01-01,2023-12-31
4420147,GHED_GGHE-DGDP_SHA2011,COUNTRY,CPV,AFR,Africa,YEAR,2018,,,,,,,,,3.10,3.10238695,,,,2025-12-05T13:23:08Z,2018,2018-01-01,2018-12-31
4420613,GHED_GGHE-DGDP_SHA2011,COUNTRY,BTN,SEAR,South-East Asia,YEAR,2011,,,,,,,,,2.22,2.21770048,,,,2025-12-05T13:23:08Z,2011,2011-01-01,2011-12-31
4420783,GHED_GGHE-DGDP_SHA2011,COUNTRY,MMR,SEAR,South-East Asia,YEAR,2000,,,,,,,,,0.26,0.26421133,,,,2025-12-05T13:23:08Z,2000,2000-01-01,2000-12-31
4421804,GHED_GGHE-DGDP_SHA2011,COUNTRY,SYC,AFR,Africa,YEAR,2021,,,,,,,,,3.72,3.72146273,,,,2025-12-05T13:23:08Z,2021,2021-01-01,2021-12-31
4422666,GHED_GGHE-DGDP_SHA2011,COUNTRY,LUX,EUR,Europe,YEAR,2019,,,,,,,,,4.69,4.69412756,,,,2025-12-05T13:23:08Z,2019,2019-01-01,2019-12-31
4423314,GHED_GGHE-DGDP_SHA2011,COUNTRY,DOM,AMR,Americas,YEAR,2015,,,,,,,,,2.37,2.37458324,,,,2025-12-05T13:23:08Z,2015,2015-01-01,2015-12-31
4424645,GHED_GGHE-DGDP_SHA2011,COUNTRY,TTO,AMR,Americas,YEAR,2018,,,,,,,,,3.22,3.22142673,,,,2025-12-05T13:23:08Z,2018,2018-01-01,2018-12-31
4428288,GHED_GGHE-DGDP_SHA2011,COUNTRY,CIV,AFR,Africa,YEAR,2002,,,,,,,,,0.54,0.54329485,,,,2025-12-05T13:23:08Z,2002,2002-01-01,2002-12-31
4428649,GHED_GGHE-DGDP_SHA2011,COUNTRY,AUS,WPR,Western Pacific,YEAR,2023,,,,,,,,,7.66,7.65963793,,,,2025-12-05T13:23:08Z,2023,2023-01-01,2023-12-31
4429036,GHED_GGHE-DGDP_SHA2011,COUNTRY,BLZ,AMR,Americas,YEAR,2016,,,,,,,,,3.35,3.35043669,,,,2025-12-05T13:23:08Z,2016,2016-01-01,2016-12-31
4435040,GHED_GGHE-DGDP_SHA2011,WORLDBANKINCOMEGROUP,WB_LI,,,YEAR,2009,,,,,,,,,1.13,1.12990627,,,,2025-12-05T13:23:08Z,2009,2009-01-01,2009-12-31
4438266,GHED_GGHE-DGDP_SHA2011,GLOBAL,GLOBAL,,,YEAR,2005,,,,,,,,,3.01,3.01478017,,,,2025-12-05T13:23:08Z,2005,2005-01-01,2005-12-31
4438308,GHED_GGHE-DGDP_SHA2011,COUNTRY,KHM,WPR,Western Pacific,YEAR,2006,,,,,,,,,0.84,0.83623242,,,,2025-12-05T13:23:08Z,2006,2006-01-01,2006-12-31
4444479,GHED_GGHE-DGDP_SHA2011,COUNTRY,TUR,EUR,Europe,YEAR,2004,,,,,,,,,3.52,3.52044296,,,,2025-12-05T13:23:08Z,2004,2004-01-01,2004-12-31
4444960,GHED_GGHE-DGDP_SHA2011,COUNTRY,CUB,AMR,Americas,YEAR,2011,,,,,,,,,10.07,10.06710052,,,,2025-12-05T13:23:08Z,2011,2011-01-01,2011-12-31
4445695,GHED_GGHE-DGDP_SHA2011,COUNTRY,LBN,EMR,Eastern Mediterranean,YEAR,2002,,,,,,,,,3.05,3.04984355,,,,2025-12-05T13:23:08Z,2002,2002-01-01,2002-12-31
4447741,GHED_GGHE-DGDP_SHA2011,COUNTRY,SLV,AMR,Americas,YEAR,2022,,,,,,,,,6.12,6.12128019,,,,2025-12-05T13:23:08Z,2022,2022-01-01,2022-12-31
4449881,GHED_GGHE-DGDP_SHA2011,COUNTRY,MEX,AMR,Americas,YEAR,2008,,,,,,,,,2.50,2.50039554,,,,2025-12-05T13:23:08Z,2008,2008-01-01,2008-12-31
4450208,GHED_GGHE-DGDP_SHA2011,COUNTRY,COG,AFR,Africa,YEAR,2011,,,,,,,,,0.65,0.65133953,,,,2025-12-05T13:23:08Z,2011,2011-01-01,2011-12-31
4458230,GHED_GGHE-DGDP_SHA2011,COUNTRY,NPL,SEAR,South-East Asia,YEAR,2006,,,,,,,,,0.85,0.84708959,,,,2025-12-05T13:23:08Z,2006,2006-01-01,2006-12-31
4459220,GHED_GGHE-DGDP_SHA2011,COUNTRY,BHS,AMR,Americas,YEAR,2000,,,,,,,,,1.51,1.50591624,,,,2025-12-05T13:23:08Z,2000,2000-01-01,2000-12-31
4461358,GHED_GGHE-DGDP_SHA2011,COUNTRY,BHS,AMR,Americas,YEAR,2019,,,,,,,,,2.87,2.87397003,,,,2025-12-05T13:23:08Z,2019,2019-01-01,2019-12-31
4464448,GHED_GGHE-DGDP_SHA2011,COUNTRY,MHL,WPR,Western Pacific,YEAR,2019,,,,,,,,,6.67,6.66548347,,,,2025-12-05T13:23:08Z,2019,2019-01-01,2019-12-31
4464614,GHED_GGHE-DGDP_SHA2011,COUNTRY,CRI,AMR,Americas,YEAR,2021,,,,,,,,,5.35,5.35382223,,,,2025-12-05T13:23:08Z,2021,2021-01-01,2021-12-31
4465843,GHED_GGHE-DGDP_SHA2011,COUNTRY,KOR,WPR,Western Pacific,YEAR,2016,,,,,,,,,3.65,3.65121055,,,,2025-12-05T13:23:08Z,2016,2016-01-01,2016-12-31
4466114,GHED_GGHE-DGDP_SHA2011,COUNTRY,TZA,AFR,Africa,YEAR,2008,,,,,,,,,2.26,2.25783944,,,,2025-12-05T13:23:08Z,2008,2008-01-01,2008-12-31
4466265,GHED_GGHE-DGDP_SHA2011,COUNTRY,THA,SEAR,South-East Asia,YEAR,2018,,,,,,,,,2.74,2.74278641,,,,2025-12-05T13:23:08Z,2018,2018-01-01,2018-12-31
4467519,GHED_GGHE-DGDP_SHA2011,COUNTRY,MDA,EUR,Europe,YEAR,2004,,,,,,,,,5.31,5.30847454,,,,2025-12-05T13:23:08Z,2004,2004-01-01,2004-12-31
4468290,GHED_GGHE-DGDP_SHA2011,COUNTRY,SDN,EMR,Eastern Mediterranean,YEAR,2002,,,,,,,,,1.13,1.128654,,,,2025-12-05T13:23:08Z,2002,2002-01-01,2002-12-31
4468294,GHED_GGHE-DGDP_SHA2011,COUNTRY,NLD,EUR,Europe,YEAR,2006,,,,,,,,,5.96,5.96329165,,,,2025-12-05T13:23:08Z,2006,2006-01-01,2006-12-31
4469535,GHED_GGHE-DGDP_SHA2011,COUNTRY,UKR,EUR,Europe,YEAR,2013,,,,,,,,,3.34,3.3410418,,,,2025-12-05T13:23:08Z,2013,2013-01-01,2013-12-31
4472164,GHED_GGHE-DGDP_SHA2011,COUNTRY,MYS,WPR,Western Pacific,YEAR,2017,,,,,,,,,1.92,1.92218649,,,,2025-12-05T13:23:08Z,2017,2017-01-01,2017-12-31
4475117,GHED_GGHE-DGDP_SHA2011,COUNTRY,JAM,AMR,Americas,YEAR,2005,,,,,,,,,2.23,2.23363185,,,,2025-12-05T13:23:08Z,2005,2005-01-01,2005-12-31
4476280,GHED_GGHE-DGDP_SHA2011,COUNTRY,CAN,AMR,Americas,YEAR,2016,,,,,,,,,7.73,7.72722769,,,,2025-12-05T13:23:08Z,2016,2016-01-01,2016-12-31
4479290,GHED_GGHE-DGDP_SHA2011,COUNTRY,ITA,EUR,Europe,YEAR,2003,,,,,,,,,5.88,5.8810792,,,,2025-12-05T13:23:08Z,2003,2003-01-01,2003-12-31
4482772,GHED_GGHE-DGDP_SHA2011,COUNTRY,TZA,AFR,Africa,YEAR,2005,,,,,,,,,2.31,2.31116962,,,,2025-12-05T13:23:08Z,2005,2005-01-01,2005-12-31
4485341,GHED_GGHE-DGDP_SHA2011,COUNTRY,CHN,WPR,Western Pacific,YEAR,2022,,,,,,,,,3.39,3.39281297,,,,2025-12-05T13:23:08Z,2022,2022-01-01,2022-12-31
4486069,GHED_GGHE-DGDP_SHA2011,COUNTRY,FJI,WPR,Western Pacific,YEAR,2004,,,,,,,,,2.22,2.21771884,,,,2025-12-05T13:23:08Z,2004,2004-01-01,2004-12-31
4487458,GHED_GGHE-DGDP_SHA2011,COUNTRY,VCT,AMR,Americas,YEAR,2005,,,,,,,,,2.41,2.40620852,,,,2025-12-05T13:23:08Z,2005,2005-01-01,2005-12-31
4493164,GHED_GGHE-DGDP_SHA2011,COUNTRY,SLB,WPR,Western Pacific,YEAR,2020,,,,,,,,,3.62,3.62380624,,,,2025-12-05T13:23:08Z,2020,2020-01-01,2020-12-31
4493240,GHED_GGHE-DGDP_SHA2011,COUNTRY,SLV,AMR,Americas,YEAR,2016,,,,,,,,,4.85,4.84736443,,,,2025-12-05T13:23:08Z,2016,2016-01-01,2016-12-31
4498142,GHED_GGHE-DGDP_SHA2011,COUNTRY,LUX,EUR,Europe,YEAR,2010,,,,,,,,,5.72,5.72467899,,,,2025-12-05T13:23:08Z,2010,2010-01-01,2010-12-31
4498627,GHED_GGHE-DGDP_SHA2011,COUNTRY,BHR,EMR,Eastern Mediterranean,YEAR,2023,,,,,,,,,2.37,2.36801171,,,,2025-12-05T13:23:08Z,2023,2023-01-01,2023-12-31
4502898,GHED_GGHE-DGDP_SHA2011,COUNTRY,QAT,EMR,Eastern Mediterranean,YEAR,2021,,,,,,,,,2.46,2.45963025,,,,2025-12-05T13:23:08Z,2021,2021-01-01,2021-12-31
4504546,GHED_GGHE-DGDP_SHA2011,COUNTRY,CIV,AFR,Africa,YEAR,2001,,,,,,,,,0.51,0.50978333,,,,2025-12-05T13:23:08Z,2001,2001-01-01,2001-12-31
4504684,GHED_GGHE-DGDP_SHA2011,COUNTRY,CHL,AMR,Americas,YEAR,2019,,,,,,,,,4.77,4.77255917,,,,2025-12-05T13:23:08Z,2019,2019-01-01,2019-12-31
4505075,GHED_GGHE-DGDP_SHA2011,COUNTRY,CHL,AMR,Americas,YEAR,2008,,,,,,,,,2.93,2.93340087,,,,2025-12-05T13:23:08Z,2008,2008-01-01,2008-12-31
4506118,GHED_GGHE-DGDP_SHA2011,COUNTRY,BDI,AFR,Africa,YEAR,2015,,,,,,,,,2.42,2.4195447,,,,2025-12-05T13:23:08Z,2015,2015-01-01,2015-12-31
4509277,GHED_GGHE-DGDP_SHA2011,COUNTRY,CHN,WPR,Western Pacific,YEAR,2020,,,,,,,,,3.01,3.01223373,,,,2025-12-05T13:23:08Z,2020,2020-01-01,2020-12-31
4511521,GHED_GGHE-DGDP_SHA2011,COUNTRY,TUV,WPR,Western Pacific,YEAR,2011,,,,,,,,,11.89,11.89357758,,,,2025-12-05T13:23:08Z,2011,2011-01-01,2011-12-31
4511943,GHED_GGHE-DGDP_SHA2011,COUNTRY,DNK,EUR,Europe,YEAR,2000,,,,,,,,,6.74,6.74005842,,,,2025-12-05T13:23:08Z,2000,2000-01-01,2000-12-31
4512056,GHED_GGHE-DGDP_SHA2011,COUNTRY,MLI,AFR,Africa,YEAR,2004,,,,,,,,,1.59,1.58851421,,,,2025-12-05T13:23:08Z,2004,2004-01-01,2004-12-31
4512428,GHED_GGHE-DGDP_SHA2011,COUNTRY,SYR,EMR,Eastern Mediterranean,YEAR,2008,,,,,,,,,1.57,1.56797349,,,,2025-12-05T13:23:08Z,2008,2008-01-01,2008-12-31
4515485,GHED_GGHE-DGDP_SHA2011,COUNTRY,UGA,AFR,Africa,YEAR,2001,,,,,,,,,1.35,1.35010099,,,,2025-12-05T13:23:08Z,2001,2001-01-01,2001-12-31
4516485,GHED_GGHE-DGDP_SHA2011,COUNTRY,GHA,AFR,Africa,YEAR,2002,,,,,,,,,0.65,0.65024012,,,,2025-12-05T13:23:08Z,2002,2002-01-01,2002-12-31
4517837,GHED_GGHE-DGDP_SHA2011,COUNTRY,EGY,EMR,Eastern Mediterranean,YEAR,2006,,,,,,,,,1.74,1.74427283,,,,2025-12-05T13:23:08Z,2006,2006-01-01,2006-12-31
4521035,GHED_GGHE-DGDP_SHA2011,COUNTRY,KHM,WPR,Western Pacific,YEAR,2003,,,,,,,,,1.37,1.37088227,,,,2025-12-05T13:23:08Z,2003,2003-01-01,2003-12-31
4522207,GHED_GGHE-DGDP_SHA2011,COUNTRY,MKD,EUR,Europe,YEAR,2005,,,,,,,,,4.38,4.3757925,,,,2025-12-05T13:23:08Z,2005,2005-01-01,2005-12-31
4524125,GHED_GGHE-DGDP_SHA2011,COUNTRY,TKM,EUR,Europe,YEAR,2019,,,,,,,,,1.01,1.00793219,,,,2025-12-05T13:23:08Z,2019,2019-01-01,2019-12-31
4527906,GHED_GGHE-DGDP_SHA2011,COUNTRY,LVA,EUR,Europe,YEAR,2002,,,,,,,,,2.95,2.95235634,,,,2025-12-05T13:23:08Z,2002,2002-01-01,2002-12-31
4529433,GHED_GGHE-DGDP_SHA2011,COUNTRY,ISL,EUR,Europe,YEAR,2012,,,,,,,,,6.59,6.58818579,,,,2025-12-05T13:23:08Z,2012,2012-01-01,2012-12-31
4532255,GHED_GGHE-DGDP_SHA2011,COUNTRY,CPV,AFR,Africa,YEAR,2021,,,,,,,,,4.59,4.58503008,,,,2025-12-05T13:23:08Z,2021,2021-01-01,2021-12-31
4532509,GHED_GGHE-DGDP_SHA2011,COUNTRY,BTN,SEAR,South-East Asia,YEAR,2015,,,,,,,,,2.55,2.55167842,,,,2025-12-05T13:23:08Z,2015,2015-01-01,2015-12-31
4534588,GHED_GGHE-DGDP_SHA2011,COUNTRY,GMB,AFR,Africa,YEAR,2017,,,,,,,,,1.06,1.06097889,,,,2025-12-05T13:23:08Z,2017,2017-01-01,2017-12-31
4535916,GHED_GGHE-DGDP_SHA2011,COUNTRY,DOM,AMR,Americas,YEAR,2008,,,,,,,,,2.12,2.12220812,,,,2025-12-05T13:23:08Z,2008,2008-01-01,2008-12-31
4536731,GHED_GGHE-DGDP_SHA2011,COUNTRY,NIU,WPR,Western Pacific,YEAR,2011,,,,,,,,,16.09,16.08845711,,,,2025-12-05T13:23:08Z,2011,2011-01-01,2011-12-31
4542988,GHED_GGHE-DGDP_SHA2011,COUNTRY,CYP,EUR,Europe,YEAR,2007,,,,,,,,,2.31,2.31242609,,,,2025-12-05T13:23:08Z,2007,2007-01-01,2007-12-31
4560569,GHED_GGHE-DGDP_SHA2011,COUNTRY,MAR,EMR,Eastern Mediterranean,YEAR,2001,,,,,,,,,1.00,1.00273478,,,,2025-12-05T13:23:08Z,2001,2001-01-01,2001-12-31
4566263,GHED_GGHE-DGDP_SHA2011,COUNTRY,LBN,EMR,Eastern Mediterranean,YEAR,2015,,,,,,,,,3.38,3.37505221,,,,2025-12-05T13:23:08Z,2015,2015-01-01,2015-12-31
4567691,GHED_GGHE-DGDP_SHA2011,COUNTRY,KOR,WPR,Western Pacific,YEAR,2011,,,,,,,,,3.22,3.2194593,,,,2025-12-05T13:23:08Z,2011,2011-01-01,2011-12-31
4569324,GHED_GGHE-DGDP_SHA2011,COUNTRY,MYS,WPR,Western Pacific,YEAR,2020,,,,,,,,,2.18,2.17598939,,,,2025-12-05T13:23:08Z,2020,2020-01-01,2020-12-31
4570534,GHED_GGHE-DGDP_SHA2011,COUNTRY,BDI,AFR,Africa,YEAR,2021,,,,,,,,,2.22,2.22447824,,,,2025-12-05T13:23:08Z,2021,2021-01-01,2021-12-31
4570819,GHED_GGHE-DGDP_SHA2011,COUNTRY,MCO,EUR,Europe,YEAR,2007,,,,,,,,,3.06,3.05636287,,,,2025-12-05T13:23:08Z,2007,2007-01-01,2007-12-31
4570931,GHED_GGHE-DGDP_SHA2011,COUNTRY,SWE,EUR,Europe,YEAR,2003,,,,,,,,,6.90,6.8950696,,,,2025-12-05T13:23:08Z,2003,2003-01-01,2003-12-31
4571727,GHED_GGHE-DGDP_SHA2011,COUNTRY,GEO,EUR,Europe,YEAR,2002,,,,,,,,,1.12,1.12198305,,,,2025-12-05T13:23:08Z,2002,2002-01-01,2002-12-31
4572157,GHED_GGHE-DGDP_SHA2011,COUNTRY,VNM,WPR,Western Pacific,YEAR,2001,,,,,,,,,1.57,1.57415044,,,,2025-12-05T13:23:08Z,2001,2001-01-01,2001-12-31
4572636,GHED_GGHE-DGDP_SHA2011,COUNTRY,MDG,AFR,Africa,YEAR,2008,,,,,,,,,1.41,1.41035628,,,,2025-12-05T13:23:08Z,2008,2008-01-01,2008-12-31
4576304,GHED_GGHE-DGDP_SHA2011,COUNTRY,NLD,EUR,Europe,YEAR,2005,,,,,,,,,6.19,6.18760395,,,,2025-12-05T13:23:08Z,2005,2005-01-01,2005-12-31
4583950,GHED_GGHE-DGDP_SHA2011,COUNTRY,NER,AFR,Africa,YEAR,2014,,,,,,,,,1.28,1.27712584,,,,2025-12-05T13:23:08Z,2014,2014-01-01,2014-12-31
4586758,GHED_GGHE-DGDP_SHA2011,REGION,AMR,,,YEAR,2014,,,,,,,,,3.74,3.74410074,,,,2025-12-05T13:23:08Z,2014,2014-01-01,2014-12-31
4588825,GHED_GGHE-DGDP_SHA2011,COUNTRY,KIR,WPR,Western Pacific,YEAR,2000,,,,,,,,,7.52,7.5157365799999996,,,,2025-12-05T13:23:08Z,2000,2000-01-01,2000-12-31
4591593,GHED_GGHE-DGDP_SHA2011,COUNTRY,MRT,AFR,Africa,YEAR,2023,,,,,,,,,1.48,1.48361778,,,,2025-12-05T13:23:08Z,2023,2023-01-01,2023-12-31
4596238,GHED_GGHE-DGDP_SHA2011,COUNTRY,GIN,AFR,Africa,YEAR,2003,,,,,,,,,0.42,0.42212996,,,,2025-12-05T13:23:08Z,2003,2003-01-01,2003-12-31
4598006,GHED_GGHE-DGDP_SHA2011,COUNTRY,SMR,EUR,Europe,YEAR,2013,,,,,,,,,7.34,7.33665133,,,,2025-12-05T13:23:08Z,2013,2013-01-01,2013-12-31
4598072,GHED_GGHE-DGDP_SHA2011,COUNTRY,MYS,WPR,Western Pacific,YEAR,2015,,,,,,,,,2.03,2.03347373,,,,2025-12-05T13:23:08Z,2015,2015-01-01,2015-12-31
4599237,GHED_GGHE-DGDP_SHA2011,COUNTRY,BRN,WPR,Western Pacific,YEAR,2003,,,,,,,,,2.16,2.15882659,,,,2025-12-05T13:23:08Z,2003,2003-01-01,2003-12-31
4599843,GHED_GGHE-DGDP_SHA2011,COUNTRY,VUT,WPR,Western Pacific,YEAR,2016,,,,,,,,,1.29,1.28941309,,,,2025-12-05T13:23:08Z,2016,2016-01-01,2016-12-31
4602162,GHED_GGHE-DGDP_SHA2011,COUNTRY,IRN,EMR,Eastern Mediterranean,YEAR,2009,,,,,,,,,2.24,2.24113083,,,,2025-12-05T13:23:08Z,2009,2009-01-01,2009-12-31
4603753,GHED_GGHE-DGDP_SHA2011,COUNTRY,AFG,EMR,Eastern Mediterranean,YEAR,2023,,,,,,,,,0.25,0.24774949,,,,2025-12-05T13:23:08Z,2023,2023-01-01,2023-12-31
4605458,GHED_GGHE-DGDP_SHA2011,COUNTRY,BOL,AMR,Americas,YEAR,2004,,,,,,,,,2.54,2.53551769,,,,2025-12-05T13:23:08Z,2004,2004-01-01,2004-12-31
4609105,GHED_GGHE-DGDP_SHA2011,COUNTRY,CHE,EUR,Europe,YEAR,2007,,,,,,,,,2.89,2.89200497,,,,2025-12-05T13:23:08Z,2007,2007-01-01,2007-12-31
4610041,GHED_GGHE-DGDP_SHA2011,COUNTRY,MDV,SEAR,South-East Asia,YEAR,2013,,,,,,,,,4.30,4.29976511,,,,2025-12-05T13:23:08Z,2013,2013-01-01,2013-12-31
4612212,GHED_GGHE-DGDP_SHA2011,COUNTRY,JOR,EMR,Eastern Mediterranean,YEAR,2002,,,,,,,,,4.40,4.39886856,,,,2025-12-05T13:23:08Z,2002,2002-01-01,2002-12-31
4618732,GHED_GGHE-DGDP_SHA2011,REGION,SEAR,,,YEAR,2018,,,,,,,,,2.18,2.18266016,,,,2025-12-05T13:23:08Z,2018,2018-01-01,2018-12-31
4619459,GHED_GGHE-DGDP_SHA2011,COUNTRY,AGO,AFR,Africa,YEAR,2019,,,,,,,,,1.00,1.00303984,,,,2025-12-05T13:23:08Z,2019,2019-01-01,2019-12-31
4626121,GHED_GGHE-DGDP_SHA2011,COUNTRY,BLR,EUR,Europe,YEAR,2003,,,,,,,,,4.39,4.38554096,,,,2025-12-05T13:23:08Z,2003,2003-01-01,2003-12-31
4631318,GHED_GGHE-DGDP_SHA2011,COUNTRY,SDN,EMR,Eastern Mediterranean,YEAR,2018,,,,,,,,,1.04,1.03874981,,,,2025-12-05T13:23:08Z,2018,2018-01-01,2018-12-31
4636660,GHED_GGHE-DGDP_SHA2011,COUNTRY,IDN,WPR,Western Pacific,YEAR,2012,,,,,,,,,0.77,0.76724905,,,,2025-12-05T13:23:08Z,2012,2012-01-01,2012-12-31
4641685,GHED_GGHE-DGDP_SHA2011,COUNTRY,PAN,AMR,Americas,YEAR,2022,,,,,,,,,4.76,4.75854683,,,,2025-12-05T13:23:08Z,2022,2022-01-01,2022-12-31
4641971,GHED_GGHE-DGDP_SHA2011,COUNTRY,GUY,AMR,Americas,YEAR,2000,,,,,,,,,1.79,1.78830874,,,,2025-12-05T13:23:08Z,2000,2000-01-01,2000-12-31
4643137,GHED_GGHE-DGDP_SHA2011,COUNTRY,HND,AMR,Americas,YEAR,2010,,,,,,,,,3.70,3.69605827,,,,2025-12-05T13:23:08Z,2010,2010-01-01,2010-12-31
4645441,GHED_GGHE-DGDP_SHA2011,COUNTRY,BHS,AMR,Americas,YEAR,2011,,,,,,,,,2.37,2.37497997,,,,2025-12-05T13:23:08Z,2011,2011-01-01,2011-12-31
4648059,GHED_GGHE-DGDP_SHA2011,COUNTRY,AUT,EUR,Europe,YEAR,2016,,,,,,,,,7.55,7.54772329,,,,2025-12-05T13:23:08Z,2016,2016-01-01,2016-12-31
4650646,GHED_GGHE-DGDP_SHA2011,COUNTRY,AUT,EUR,Europe,YEAR,2019,,,,,,,,,7.89,7.88670015,,,,2025-12-05T13:23:08Z,2019,2019-01-01,2019-12-31
4652715,GHED_GGHE-DGDP_SHA2011,COUNTRY,ISR,EUR,Europe,YEAR,2022,,,,,,,,,4.42,4.42022657,,,,2025-12-05T13:23:08Z,2022,2022-01-01,2022-12-31
4653280,GHED_GGHE-DGDP_SHA2011,COUNTRY,KOR,WPR,Western Pacific,YEAR,2021,,,,,,,,,5.08,5.0772314099999996,,,,2025-12-05T13:23:08Z,2021,2021-01-01,2021-12-31
4653479,GHED_GGHE-DGDP_SHA2011,COUNTRY,CAN,AMR,Americas,YEAR,2000,,,,,,,,,6.01,6.00886488,,,,2025-12-05T13:23:08Z,2000,2000-01-01,2000-12-31
4653502,GHED_GGHE-DGDP_SHA2011,COUNTRY,PAK,EMR,Eastern Mediterranean,YEAR,2007,,,,,,,,,0.45,0.45476291,,,,2025-12-05T13:23:08Z,2007,2007-01-01,2007-12-31
4659553,GHED_GGHE-DGDP_SHA2011,COUNTRY,TUR,EUR,Europe,YEAR,2017,,,,,,,,,3.25,3.24810481,,,,2025-12-05T13:23:08Z,2017,2017-01-01,2017-12-31
4659677,GHED_GGHE-DGDP_SHA2011,COUNTRY,LCA,AMR,Americas,YEAR,2000,,,,,,,,,1.67,1.67430913,,,,2025-12-05T13:23:08Z,2000,2000-01-01,2000-12-31
4660797,GHED_GGHE-DGDP_SHA2011,COUNTRY,ARG,AMR,Americas,YEAR,2011,,,,,,,,,5.72,5.71961212,,,,2025-12-05T13:23:08Z,2011,2011-01-01,2011-12-31
4668009,GHED_GGHE-DGDP_SHA2011,COUNTRY,NPL,SEAR,South-East Asia,YEAR,2007,,,,,,,,,0.68,0.67827111,,,,2025-12-05T13:23:08Z,2007,2007-01-01,2007-12-31
4671060,GHED_GGHE-DGDP_SHA2011,COUNTRY,COD,AFR,Africa,YEAR,2013,,,,,,,,,0.47,0.46684277,,,,2025-12-05T13:23:08Z,2013,2013-01-01,2013-12-31
4677989,GHED_GGHE-DGDP_SHA2011,COUNTRY,COL,AMR,Americas,YEAR,2020,,,,,,,,,6.19,6.18919849,,,,2025-12-05T13:23:08Z,2020,2020-01-01,2020-12-31
4680697,GHED_GGHE-DGDP_SHA2011,COUNTRY,MWI,AFR,Africa,YEAR,2005,,,,,,,,,1.05,1.05274868,,,,2025-12-05T13:23:08Z,2005,2005-01-01,2005-12-31
4687791,GHED_GGHE-DGDP_SHA2011,REGION,AFR,,,YEAR,2005,,,,,,,,,1.54,1.54061154,,,,2025-12-05T13:23:08Z,2005,2005-01-01,2005-12-31
4692720,GHED_GGHE-DGDP_SHA2011,COUNTRY,GEO,EUR,Europe,YEAR,2019,,,,,,,,,2.69,2.69142175,,,,2025-12-05T13:23:08Z,2019,2019-01-01,2019-12-31
4697657,GHED_GGHE-DGDP_SHA2011,COUNTRY,IND,SEAR,South-East Asia,YEAR,2016,,,,,,,,,0.94,0.94049966,,,,2025-12-05T13:23:08Z,2016,2016-01-01,2016-12-31
4698998,GHED_GGHE-DGDP_SHA2011,COUNTRY,MDA,EUR,Europe,YEAR,2021,,,,,,,,,5.06,5.05644417,,,,2025-12-05T13:23:08Z,2021,2021-01-01,2021-12-31
4701167,GHED_GGHE-DGDP_SHA2011,COUNTRY,ISR,EUR,Europe,YEAR,2019,,,,,,,,,4.67,4.67124081,,,,2025-12-05T13:23:08Z,2019,2019-01-01,2019-12-31
4703393,GHED_GGHE-DGDP_SHA2011,COUNTRY,PHL,WPR,Western Pacific,YEAR,2009,,,,,,,,,1.28,1.27640796,,,,2025-12-05T13:23:08Z,2009,2009-01-01,2009-12-31
4703844,GHED_GGHE-DGDP_SHA2011,COUNTRY,ARE,EMR,Eastern Mediterranean,YEAR,2018,,,,,,,,,2.11,2.1139648,,,,2025-12-05T13:23:08Z,2018,2018-01-01,2018-12-31
4704436,GHED_GGHE-DGDP_SHA2011,COUNTRY,THA,SEAR,South-East Asia,YEAR,2015,,,,,,,,,2.75,2.74870157,,,,2025-12-05T13:23:08Z,2015,2015-01-01,2015-12-31
4706412,GHED_GGHE-DGDP_SHA2011,COUNTRY,ROU,EUR,Europe,YEAR,2001,,,,,,,,,3.49,3.48990417,,,,2025-12-05T13:23:08Z,2001,2001-01-01,2001-12-31
4707400,GHED_GGHE-DGDP_SHA2011,COUNTRY,SVK,EUR,Europe,YEAR,2016,,,,,,,,,5.65,5.6462183,,,,2025-12-05T13:23:08Z,2016,2016-01-01,2016-12-31
4707504,GHED_GGHE-DGDP_SHA2011,COUNTRY,ROU,EUR,Europe,YEAR,2011,,,,,,,,,3.36,3.35521555,,,,2025-12-05T13:23:08Z,2011,2011-01-01,2011-12-31
4715353,GHED_GGHE-DGDP_SHA2011,COUNTRY,HND,AMR,Americas,YEAR,2004,,,,,,,,,2.45,2.45127177,,,,2025-12-05T13:23:08Z,2004,2004-01-01,2004-12-31
4716072,GHED_GGHE-DGDP_SHA2011,COUNTRY,MNG,WPR,Western Pacific,YEAR,2002,,,,,,,,,3.87,3.87113953,,,,2025-12-05T13:23:08Z,2002,2002-01-01,2002-12-31
4719109,GHED_GGHE-DGDP_SHA2011,COUNTRY,TTO,AMR,Americas,YEAR,2004,,,,,,,,,1.86,1.85756683,,,,2025-12-05T13:23:08Z,2004,2004-01-01,2004-12-31
4719605,GHED_GGHE-DGDP_SHA2011,COUNTRY,SMR,EUR,Europe,YEAR,2016,,,,,,,,,7.38,7.38052702,,,,2025-12-05T13:23:08Z,2016,2016-01-01,2016-12-31
4720681,GHED_GGHE-DGDP_SHA2011,COUNTRY,LCA,AMR,Americas,YEAR,2006,,,,,,,,,1.56,1.56014967,,,,2025-12-05T13:23:08Z,2006,2006-01-01,2006-12-31
4720827,GHED_GGHE-DGDP_SHA2011,COUNTRY,MDV,SEAR,South-East Asia,YEAR,2007,,,,,,,,,3.91,3.91466451,,,,2025-12-05T13:23:08Z,2007,2007-01-01,2007-12-31
4729732,GHED_GGHE-DGDP_SHA2011,COUNTRY,CAF,AFR,Africa,YEAR,2013,,,,,,,,,0.98,0.98418158,,,,2025-12-05T13:23:08Z,2013,2013-01-01,2013-12-31
4729866,GHED_GGHE-DGDP_SHA2011,WORLDBANKINCOMEGROUP,WB_LI,,,YEAR,2006,,,,,,,,,1.14,1.14345868,,,,2025-12-05T13:23:08Z,2006,2006-01-01,2006-12-31
4730247,GHED_GGHE-DGDP_SHA2011,COUNTRY,VUT,WPR,Western Pacific,YEAR,2005,,,,,,,,,2.14,2.14146662,,,,2025-12-05T13:23:08Z,2005,2005-01-01,2005-12-31
4733846,GHED_GGHE-DGDP_SHA2011,COUNTRY,ESP,EUR,Europe,YEAR,2001,,,,,,,,,4.81,4.80818558,,,,2025-12-05T13:23:08Z,2001,2001-01-01,2001-12-31
4735093,GHED_GGHE-DGDP_SHA2011,COUNTRY,SLE,AFR,Africa,YEAR,2010,,,,,,,,,0.81,0.81356823,,,,2025-12-05T13:23:08Z,2010,2010-01-01,2010-12-31
4737241,GHED_GGHE-DGDP_SHA2011,COUNTRY,IDN,WPR,Western Pacific,YEAR,2006,,,,,,,,,0.83,0.83084059,,,,2025-12-05T13:23:08Z,2006,2006-01-01,2006-12-31
4738594,GHED_GGHE-DGDP_SHA2011,COUNTRY,THA,SEAR,South-East Asia,YEAR,2004,,,,,,,,,2.01,2.0125565500000002,,,,2025-12-05T13:23:08Z,2004,2004-01-01,2004-12-31
4741882,GHED_GGHE-DGDP_SHA2011,COUNTRY,BHR,EMR,Eastern Mediterranean,YEAR,2001,,,,,,,,,2.40,2.39680648,,,,2025-12-05T13:23:08Z,2001,2001-01-01,2001-12-31
4746514,GHED_GGHE-DGDP_SHA2011,COUNTRY,CPV,AFR,Africa,YEAR,2008,,,,,,,,,2.24,2.23800421,,,,2025-12-05T13:23:08Z,2008,2008-01-01,2008-12-31
4748589,GHED_GGHE-DGDP_SHA2011,COUNTRY,TTO,AMR,Americas,YEAR,2019,,,,,,,,,3.18,3.17576575,,,,2025-12-05T13:23:08Z,2019,2019-01-01,2019-12-31
4749692,GHED_GGHE-DGDP_SHA2011,COUNTRY,GEO,EUR,Europe,YEAR,2005,,,,,,,,,1.21,1.20532346,,,,2025-12-05T13:23:08Z,2005,2005-01-01,2005-12-31
4753006,GHED_GGHE-DGDP_SHA2011,COUNTRY,TUV,WPR,Western Pacific,YEAR,2015,,,,,,,,,10.14,10.14206505,,,,2025-12-05T13:23:08Z,2015,2015-01-01,2015-12-31
4757235,GHED_GGHE-DGDP_SHA2011,COUNTRY,ECU,AMR,Americas,YEAR,2020,,,,,,,,,5.28,5.27935171,,,,2025-12-05T13:23:08Z,2020,2020-01-01,2020-12-31
4757361,GHED_GGHE-DGDP_SHA2011,COUNTRY,ARE,EMR,Eastern Mediterranean,YEAR,2012,,,,,,,,,2.42,2.42006803,,,,2025-12-05T13:23:08Z,2012,2012-01-01,2012-12-31
4761647,GHED_GGHE-DGDP_SHA2011,COUNTRY,IRQ,EMR,Eastern Mediterranean,YEAR,2011,,,,,,,,,2.08,2.08112431,,,,2025-12-05T13:23:08Z,2011,2011-01-01,2011-12-31
4761807,GHED_GGHE-DGDP_SHA2011,COUNTRY,THA,SEAR,South-East Asia,YEAR,2017,,,,,,,,,2.78,2.7754643,,,,2025-12-05T13:23:08Z,2017,2017-01-01,2017-12-31
4762789,GHED_GGHE-DGDP_SHA2011,COUNTRY,TCD,AFR,Africa,YEAR,2002,,,,,,,,,1.62,1.61589229,,,,2025-12-05T13:23:08Z,2002,2002-01-01,2002-12-31
4762958,GHED_GGHE-DGDP_SHA2011,COUNTRY,AFG,EMR,Eastern Mediterranean,YEAR,2005,,,,,,,,,0.53,0.5291841,,,,2025-12-05T13:23:08Z,2005,2005-01-01,2005-12-31
4767201,GHED_GGHE-DGDP_SHA2011,COUNTRY,BTN,SEAR,South-East Asia,YEAR,2004,,,,,,,,,2.82,2.81644845,,,,2025-12-05T13:23:08Z,2004,2004-01-01,2004-12-31
4769242,GHED_GGHE-DGDP_SHA2011,COUNTRY,ALB,EUR,Europe,YEAR,2011,,,,,,,,,2.37,2.36980104,,,,2025-12-05T13:23:08Z,2011,2011-01-01,2011-12-31
4769688,GHED_GGHE-DGDP_SHA2011,COUNTRY,FSM,WPR,Western Pacific,YEAR,2009,,,,,,,,,1.00,0.99749589,,,,2025-12-05T13:23:08Z,2009,2009-01-01,2009-12-31
4770105,GHED_GGHE-DGDP_SHA2011,COUNTRY,MUS,AFR,Africa,YEAR,2022,,,,,,,,,2.52,2.52426147,,,,2025-12-05T13:23:08Z,2022,2022-01-01,2022-12-31
4771379,GHED_GGHE-DGDP_SHA2011,COUNTRY,SYR,EMR,Eastern Mediterranean,YEAR,2002,,,,,,,,,2.25,2.24590731,,,,2025-12-05T13:23:08Z,2002,2002-01-01,2002-12-31
4776380,GHED_GGHE-DGDP_SHA2011,COUNTRY,DMA,AMR,Americas,YEAR,2002,,,,,,,,,2.44,2.43640971,,,,2025-12-05T13:23:08Z,2002,2002-01-01,2002-12-31
4777738,GHED_GGHE-DGDP_SHA2011,COUNTRY,LUX,EUR,Europe,YEAR,2007,,,,,,,,,5.26,5.25702858,,,,2025-12-05T13:23:08Z,2007,2007-01-01,2007-12-31
4781921,GHED_GGHE-DGDP_SHA2011,COUNTRY,NIC,AMR,Americas,YEAR,2003,,,,,,,,,2.56,2.55710077,,,,2025-12-05T13:23:08Z,2003,2003-01-01,2003-12-31
4785386,GHED_GGHE-DGDP_SHA2011,COUNTRY,NAM,AFR,Africa,YEAR,2004,,,,,,,,,5.70,5.69722843,,,,2025-12-05T13:23:08Z,2004,2004-01-01,2004-12-31
4785704,GHED_GGHE-DGDP_SHA2011,COUNTRY,THA,SEAR,South-East Asia,YEAR,2022,,,,,,,,,3.89,3.8927443,,,,2025-12-05T13:23:08Z,2022,2022-01-01,2022-12-31
4787476,GHED_GGHE-DGDP_SHA2011,COUNTRY,CAF,AFR,Africa,YEAR,2009,,,,,,,,,0.73,0.73201287,,,,2025-12-05T13:23:08Z,2009,2009-01-01,2009-12-31
4801655,GHED_GGHE-DGDP_SHA2011,COUNTRY,BIH,EUR,Europe,YEAR,2007,,,,,,,,,5.12,5.12106037,,,,2025-12-05T13:23:08Z,2007,2007-01-01,2007-12-31
4803817,GHED_GGHE-DGDP_SHA2011,COUNTRY,KNA,AMR,Americas,YEAR,2007,,,,,,,,,2.08,2.08316684,,,,2025-12-05T13:23:08Z,2007,2007-01-01,2007-12-31
4804628,GHED_GGHE-DGDP_SHA2011,COUNTRY,BRA,AMR,Americas,YEAR,2005,,,,,,,,,3.35,3.34525418,,,,2025-12-05T13:23:08Z,2005,2005-01-01,2005-12-31
4806529,GHED_GGHE-DGDP_SHA2011,COUNTRY,BEN,AFR,Africa,YEAR,2017,,,,,,,,,0.71,0.70637327,,,,2025-12-05T13:23:08Z,2017,2017-01-01,2017-12-31
4816147,GHED_GGHE-DGDP_SHA2011,COUNTRY,KOR,WPR,Western Pacific,YEAR,2012,,,,,,,,,3.24,3.23771381,,,,2025-12-05T13:23:08Z,2012,2012-01-01,2012-12-31
4820410,GHED_GGHE-DGDP_SHA2011,COUNTRY,ERI,AFR,Africa,YEAR,2023,,,,,,,,,0.85,0.84941107,,,,2025-12-05T13:23:08Z,2023,2023-01-01,2023-12-31
4824903,GHED_GGHE-DGDP_SHA2011,COUNTRY,GHA,AFR,Africa,YEAR,2016,,,,,,,,,1.30,1.3003906,,,,2025-12-05T13:23:08Z,2016,2016-01-01,2016-12-31
4832656,GHED_GGHE-DGDP_SHA2011,COUNTRY,SGP,WPR,Western Pacific,YEAR,2003,,,,,,,,,1.34,1.3372829,,,,2025-12-05T13:23:08Z,2003,2003-01-01,2003-12-31
4832691,GHED_GGHE-DGDP_SHA2011,COUNTRY,GIN,AFR,Africa,YEAR,2014,,,,,,,,,0.61,0.61152339,,,,2025-12-05T13:23:08Z,2014,2014-01-01,2014-12-31
4834902,GHED_GGHE-DGDP_SHA2011,COUNTRY,FIN,EUR,Europe,YEAR,2018,,,,,,,,,7.15,7.1532836,,,,2025-12-05T13:23:08Z,2018,2018-01-01,2018-12-31
4835492,GHED_GGHE-DGDP_SHA2011,COUNTRY,HTI,AMR,Americas,YEAR,2017,,,,,,,,,0.47,0.46510881,,,,2025-12-05T13:23:08Z,2017,2017-01-01,2017-12-31
4836577,GHED_GGHE-DGDP_SHA2011,REGION,SEAR,,,YEAR,2004,,,,,,,,,1.45,1.44954516,,,,2025-12-05T13:23:08Z,2004,2004-01-01,2004-12-31
4837070,GHED_GGHE-DGDP_SHA2011,COUNTRY,GMB,AFR,Africa,YEAR,2012,,,,,,,,,1.21,1.20622373,,,,2025-12-05T13:23:08Z,2012,2012-01-01,2012-12-31
4837825,GHED_GGHE-DGDP_SHA2011,COUNTRY,SEN,AFR,Africa,YEAR,2018,,,,,,,,,1.12,1.11893904,,,,2025-12-05T13:23:08Z,2018,2018-01-01,2018-12-31
4841082,GHED_GGHE-DGDP_SHA2011,COUNTRY,AUS,WPR,Western Pacific,YEAR,2013,,,,,,,,,5.92,5.92386961,,,,2025-12-05T13:23:08Z,2013,2013-01-01,2013-12-31
4842992,GHED_GGHE-DGDP_SHA2011,COUNTRY,SOM,EMR,Eastern Mediterranean,YEAR,2023,,,,,,,,,0.53,0.5303756,,,,2025-12-05T13:23:08Z,2023,2023-01-01,2023-12-31
4843175,GHED_GGHE-DGDP_SHA2011,COUNTRY,SDN,EMR,Eastern Mediterranean,YEAR,2010,,,,,,,,,1.65,1.64626622,,,,2025-12-05T13:23:08Z,2010,2010-01-01,2010-12-31
4843954,GHED_GGHE-DGDP_SHA2011,COUNTRY,RWA,AFR,Africa,YEAR,2001,,,,,,,,,0.70,0.698044,,,,2025-12-05T13:23:08Z,2001,2001-01-01,2001-12-31
4852683,GHED_GGHE-DGDP_SHA2011,COUNTRY,PRT,EUR,Europe,YEAR,2019,,,,,,,,,5.78,5.77892017,,,,2025-12-05T13:23:08Z,2019,2019-01-01,2019-12-31
4862541,GHED_GGHE-DGDP_SHA2011,COUNTRY,AFG,EMR,Eastern Mediterranean,YEAR,2004,,,,,,,,,0.54,0.54292566,,,,2025-12-05T13:23:08Z,2004,2004-01-01,2004-12-31
4864510,GHED_GGHE-DGDP_SHA2011,COUNTRY,KEN,AFR,Africa,YEAR,2009,,,,,,,,,1.46,1.4598949,,,,2025-12-05T13:23:08Z,2009,2009-01-01,2009-12-31
4874367,GHED_GGHE-DGDP_SHA2011,COUNTRY,DZA,AFR,Africa,YEAR,2006,,,,,,,,,2.18,2.18395877,,,,2025-12-05T13:23:08Z,2006,2006-01-01,2006-12-31
4876048,GHED_GGHE-DGDP_SHA2011,COUNTRY,DNK,EUR,Europe,YEAR,2006,,,,,,,,,7.68,7.67629194,,,,2025-12-05T13:23:08Z,2006,2006-01-01,2006-12-31
4886165,GHED_GGHE-DGDP_SHA2011,COUNTRY,AZE,EUR,Europe,YEAR,2020,,,,,,,,,2.33,2.32817769,,,,2025-12-05T13:23:08Z,2020,2020-01-01,2020-12-31
4887373,GHED_GGHE-DGDP_SHA2011,COUNTRY,KNA,AMR,Americas,YEAR,2013,,,,,,,,,1.92,1.92399502,,,,2025-12-05T13:23:08Z,2013,2013-01-01,2013-12-31
4887449,GHED_GGHE-DGDP_SHA2011,COUNTRY,ZMB,AFR,Africa,YEAR,2005,,,,,,,,,1.24,1.24335968,,,,2025-12-05T13:23:08Z,2005,2005-01-01,2005-12-31
4888607,GHED_GGHE-DGDP_SHA2011,COUNTRY,DZA,AFR,Africa,YEAR,2010,,,,,,,,,3.22,3.22398353,,,,2025-12-05T13:23:08Z,2010,2010-01-01,2010-12-31
4889458,GHED_GGHE-DGDP_SHA2011,COUNTRY,AND,EUR,Europe,YEAR,2013,,,,,,,,,4.77,4.76766396,,,,2025-12-05T13:23:08Z,2013,2013-01-01,2013-12-31
4890886,GHED_GGHE-DGDP_SHA2011,COUNTRY,MOZ,AFR,Africa,YEAR,2006,,,,,,,,,1.14,1.14244211,,,,2025-12-05T13:23:08Z,2006,2006-01-01,2006-12-31
4892983,GHED_GGHE-DGDP_SHA2011,COUNTRY,SVN,EUR,Europe,YEAR,2005,,,,,,,,,5.82,5.81633949,,,,2025-12-05T13:23:08Z,2005,2005-01-01,2005-12-31
4903111,GHED_GGHE-DGDP_SHA2011,COUNTRY,DOM,AMR,Americas,YEAR,2011,,,,,,,,,2.73,2.72904515,,,,2025-12-05T13:23:08Z,2011,2011-01-01,2011-12-31
4905076,GHED_GGHE-DGDP_SHA2011,COUNTRY,SDN,EMR,Eastern Mediterranean,YEAR,2006,,,,,,,,,1.78,1.77735722,,,,2025-12-05T13:23:08Z,2006,2006-01-01,2006-12-31
4906899,GHED_GGHE-DGDP_SHA2011,COUNTRY,GIN,AFR,Africa,YEAR,2000,,,,,,,,,0.30,0.301292,,,,2025-12-05T13:23:08Z,2000,2000-01-01,2000-12-31
4907095,GHED_GGHE-DGDP_SHA2011,COUNTRY,IRL,EUR,Europe,YEAR,2005,,,,,,,,,6.03,6.02741861,,,,2025-12-05T13:23:08Z,2005,2005-01-01,2005-12-31
4908964,GHED_GGHE-DGDP_SHA2011,COUNTRY,GEO,EUR,Europe,YEAR,2000,,,,,,,,,0.82,0.82085949,,,,2025-12-05T13:23:08Z,2000,2000-01-01,2000-12-31
4919321,GHED_GGHE-DGDP_SHA2011,COUNTRY,RWA,AFR,Africa,YEAR,2010,,,,,,,,,2.04,2.03921556,,,,2025-12-05T13:23:08Z,2010,2010-01-01,2010-12-31
4923385,GHED_GGHE-DGDP_SHA2011,COUNTRY,MOZ,AFR,Africa,YEAR,2022,,,,,,,,,2.29,2.28882098,,,,2025-12-05T13:23:08Z,2022,2022-01-01,2022-12-31
4924275,GHED_GGHE-DGDP_SHA2011,COUNTRY,GIN,AFR,Africa,YEAR,2019,,,,,,,,,0.92,0.92095226,,,,2025-12-05T13:23:08Z,2019,2019-01-01,2019-12-31
4926347,GHED_GGHE-DGDP_SHA2011,COUNTRY,AUT,EUR,Europe,YEAR,2000,,,,,,,,,6.87,6.86705208,,,,2025-12-05T13:23:08Z,2000,2000-01-01,2000-12-31
4926535,GHED_GGHE-DGDP_SHA2011,COUNTRY,DEU,EUR,Europe,YEAR,2009,,,,,,,,,8.34,8.33827019,,,,2025-12-05T13:23:08Z,2009,2009-01-01,2009-12-31
4928176,GHED_GGHE-DGDP_SHA2011,COUNTRY,NER,AFR,Africa,YEAR,2016,,,,,,,,,1.10,1.10086405,,,,2025-12-05T13:23:08Z,2016,2016-01-01,2016-12-31
4933041,GHED_GGHE-DGDP_SHA2011,COUNTRY,LUX,EUR,Europe,YEAR,2020,,,,,,,,,5.04,5.03816795,,,,2025-12-05T13:23:08Z,2020,2020-01-01,2020-12-31
4934056,GHED_GGHE-DGDP_SHA2011,COUNTRY,KOR,WPR,Western Pacific,YEAR,2001,,,,,,,,,2.26,2.25876665,,,,2025-12-05T13:23:08Z,2001,2001-01-01,2001-12-31
4934684,GHED_GGHE-DGDP_SHA2011,COUNTRY,NER,AFR,Africa,YEAR,2004,,,,,,,,,1.18,1.18101633,,,,2025-12-05T13:23:08Z,2004,2004-01-01,2004-12-31
4937521,GHED_GGHE-DGDP_SHA2011,COUNTRY,KOR,WPR,Western Pacific,YEAR,2015,,,,,,,,,3.51,3.50807333,,,,2025-12-05T13:23:08Z,2015,2015-01-01,2015-12-31
4940601,GHED_GGHE-DGDP_SHA2011,WORLDBANKINCOMEGROUP,WB_LMI,,,YEAR,2019,,,,,,,,,2.17,2.17189208,,,,2025-12-05T13:23:08Z,2019,2019-01-01,2019-12-31
4942501,GHED_GGHE-DGDP_SHA2011,COUNTRY,NOR,EUR,Europe,YEAR,2005,,,,,,,,,6.89,6.8924112300000004,,,,2025-12-05T13:23:08Z,2005,2005-01-01,2005-12-31
4955732,GHED_GGHE-DGDP_SHA2011,COUNTRY,DJI,EMR,Eastern Mediterranean,YEAR,2023,,,,,,,,,1.05,1.05232239,,,,2025-12-05T13:23:08Z,2023,2023-01-01,2023-12-31
4958618,GHED_GGHE-DGDP_SHA2011,WORLDBANKINCOMEGROUP,WB_LMI,,,YEAR,2001,,,,,,,,,1.97,1.9724568,,,,2025-12-05T13:23:08Z,2001,2001-01-01,2001-12-31
4960108,GHED_GGHE-DGDP_SHA2011,COUNTRY,LBN,EMR,Eastern Mediterranean,YEAR,2012,,,,,,,,,3.05,3.04691243,,,,2025-12-05T13:23:08Z,2012,2012-01-01,2012-12-31
4960523,GHED_GGHE-DGDP_SHA2011,COUNTRY,UZB,EUR,Europe,YEAR,2020,,,,,,,,,2.81,2.80912924,,,,2025-12-05T13:23:08Z,2020,2020-01-01,2020-12-31
4960647,GHED_GGHE-DGDP_SHA2011,COUNTRY,LBY,EMR,Eastern Mediterranean,YEAR,2016,,,,,,,,,4.16,4.16492653,,,,2025-12-05T13:23:08Z,2016,2016-01-01,2016-12-31
4962947,GHED_GGHE-DGDP_SHA2011,COUNTRY,GMB,AFR,Africa,YEAR,2007,,,,,,,,,0.71,0.70619458,,,,2025-12-05T13:23:08Z,2007,2007-01-01,2007-12-31
4963019,GHED_GGHE-DGDP_SHA2011,COUNTRY,BTN,SEAR,South-East Asia,YEAR,2018,,,,,,,,,2.44,2.44134831,,,,2025-12-05T13:23:08Z,2018,2018-01-01,2018-12-31
4969715,GHED_GGHE-DGDP_SHA2011,COUNTRY,CPV,AFR,Africa,YEAR,2012,,,,,,,,,2.80,2.79963088,,,,2025-12-05T13:23:08Z,2012,2012-01-01,2012-12-31
4973182,GHED_GGHE-DGDP_SHA2011,COUNTRY,IRQ,EMR,Eastern Mediterranean,YEAR,2014,,,,,,,,,1.04,1.03747606,,,,2025-12-05T13:23:08Z,2014,2014-01-01,2014-12-31
4975395,GHED_GGHE-DGDP_SHA2011,COUNTRY,CAF,AFR,Africa,YEAR,2021,,,,,,,,,1.26,1.26395118,,,,2025-12-05T13:23:08Z,2021,2021-01-01,2021-12-31
4975930,GHED_GGHE-DGDP_SHA2011,COUNTRY,MLI,AFR,Africa,YEAR,2018,,,,,,,,,1.15,1.15118647,,,,2025-12-05T13:23:08Z,2018,2018-01-01,2018-12-31
4982697,GHED_GGHE-DGDP_SHA2011,COUNTRY,MLI,AFR,Africa,YEAR,2010,,,,,,,,,0.67,0.66893148,,,,2025-12-05T13:23:08Z,2010,2010-01-01,2010-12-31
4989106,GHED_GGHE-DGDP_SHA2011,COUNTRY,MKD,EUR,Europe,YEAR,2004,,,,,,,,,4.72,4.71959162,,,,2025-12-05T13:23:08Z,2004,2004-01-01,2004-12-31
4996011,GHED_GGHE-DGDP_SHA2011,COUNTRY,JPN,WPR,Western Pacific,YEAR,2013,,,,,,,,,8.99,8.99433517,,,,2025-12-05T13:23:08Z,2013,2013-01-01,2013-12-31
4998499,GHED_GGHE-DGDP_SHA2011,COUNTRY,NPL,SEAR,South-East Asia,YEAR,2011,,,,,,,,,0.80,0.79661524,,,,2025-12-05T13:23:08Z,2011,2011-01-01,2011-12-31
4999150,GHED_GGHE-DGDP_SHA2011,COUNTRY,AUT,EUR,Europe,YEAR,2004,,,,,,,,,7.06,7.05908728,,,,2025-12-05T13:23:08Z,2004,2004-01-01,2004-12-31
5003155,GHED_GGHE-DGDP_SHA2011,COUNTRY,AZE,EUR,Europe,YEAR,2007,,,,,,,,,0.91,0.90984386,,,,2025-12-05T13:23:08Z,2007,2007-01-01,2007-12-31
5004328,GHED_GGHE-DGDP_SHA2011,COUNTRY,PRT,EUR,Europe,YEAR,2007,,,,,,,,,5.80,5.80185938,,,,2025-12-05T13:23:08Z,2007,2007-01-01,2007-12-31
5005359,GHED_GGHE-DGDP_SHA2011,COUNTRY,FIN,EUR,Europe,YEAR,2010,,,,,,,,,7.18,7.18030024,,,,2025-12-05T13:23:08Z,2010,2010-01-01,2010-12-31
5008011,GHED_GGHE-DGDP_SHA2011,COUNTRY,SUR,AMR,Americas,YEAR,2003,,,,,,,,,2.14,2.13772202,,,,2025-12-05T13:23:08Z,2003,2003-01-01,2003-12-31
5008323,GHED_GGHE-DGDP_SHA2011,COUNTRY,LTU,EUR,Europe,YEAR,2009,,,,,,,,,5.28,5.27926397,,,,2025-12-05T13:23:08Z,2009,2009-01-01,2009-12-31
5008563,GHED_GGHE-DGDP_SHA2011,COUNTRY,ZAF,AFR,Africa,YEAR,2002,,,,,,,,,2.31,2.30570102,,,,2025-12-05T13:23:08Z,2002,2002-01-01,2002-12-31
5014379,GHED_GGHE-DGDP_SHA2011,COUNTRY,IDN,WPR,Western Pacific,YEAR,2015,,,,,,,,,1.16,1.15799773,,,,2025-12-05T13:23:08Z,2015,2015-01-01,2015-12-31
5016175,GHED_GGHE-DGDP_SHA2011,GLOBAL,GLOBAL,,,YEAR,2007,,,,,,,,,3.06,3.06164545,,,,2025-12-05T13:23:08Z,2007,2007-01-01,2007-12-31
5018305,GHED_GGHE-DGDP_SHA2011,COUNTRY,HTI,AMR,Americas,YEAR,2006,,,,,,,,,0.29,0.28958338,,,,2025-12-05T13:23:08Z,2006,2006-01-01,2006-12-31
5020290,GHED_GGHE-DGDP_SHA2011,COUNTRY,MOZ,AFR,Africa,YEAR,2008,,,,,,,,,1.21,1.20704949,,,,2025-12-05T13:23:08Z,2008,2008-01-01,2008-12-31
5020369,GHED_GGHE-DGDP_SHA2011,COUNTRY,LTU,EUR,Europe,YEAR,2000,,,,,,,,,4.16,4.16024494,,,,2025-12-05T13:23:08Z,2000,2000-01-01,2000-12-31
5022564,GHED_GGHE-DGDP_SHA2011,COUNTRY,BEL,EUR,Europe,YEAR,2005,,,,,,,,,6.90,6.8955164,,,,2025-12-05T13:23:08Z,2005,2005-01-01,2005-12-31
5025210,GHED_GGHE-DGDP_SHA2011,COUNTRY,LBN,EMR,Eastern Mediterranean,YEAR,2000,,,,,,,,,3.23,3.22929931,,,,2025-12-05T13:23:08Z,2000,2000-01-01,2000-12-31
5028523,GHED_GGHE-DGDP_SHA2011,COUNTRY,LKA,SEAR,South-East Asia,YEAR,2011,,,,,,,,,1.52,1.52385986,,,,2025-12-05T13:23:08Z,2011,2011-01-01,2011-12-31
5028910,GHED_GGHE-DGDP_SHA2011,COUNTRY,YEM,EMR,Eastern Mediterranean,YEAR,2023,,,,,,,,,0.82,0.81872302,,,,2025-12-05T13:23:08Z,2023,2023-01-01,2023-12-31
5031506,GHED_GGHE-DGDP_SHA2011,COUNTRY,QAT,EMR,Eastern Mediterranean,YEAR,2010,,,,,,,,,1.33,1.32764482,,,,2025-12-05T13:23:08Z,2010,2010-01-01,2010-12-31
5031676,GHED_GGHE-DGDP_SHA2011,WORLDBANKINCOMEGROUP,WB_LI,,,YEAR,2021,,,,,,,,,1.24,1.23713291,,,,2025-12-05T13:23:08Z,2021,2021-01-01,2021-12-31
5031954,GHED_GGHE-DGDP_SHA2011,COUNTRY,PHL,WPR,Western Pacific,YEAR,2019,,,,,,,,,1.69,1.69175851,,,,2025-12-05T13:23:08Z,2019,2019-01-01,2019-12-31
5037197,GHED_GGHE-DGDP_SHA2011,COUNTRY,OMN,EMR,Eastern Mediterranean,YEAR,2006,,,,,,,,,1.63,1.62979662,,,,2025-12-05T13:23:08Z,2006,2006-01-01,2006-12-31
5041093,GHED_GGHE-DGDP_SHA2011,COUNTRY,MEX,AMR,Americas,YEAR,2000,,,,,,,,,1.92,1.91919184,,,,2025-12-05T13:23:08Z,2000,2000-01-01,2000-12-31
5041563,GHED_GGHE-DGDP_SHA2011,COUNTRY,GUY,AMR,Americas,YEAR,2015,,,,,,,,,2.36,2.35677791,,,,2025-12-05T13:23:08Z,2015,2015-01-01,2015-12-31
5041684,GHED_GGHE-DGDP_SHA2011,COUNTRY,MDA,EUR,Europe,YEAR,2009,,,,,,,,,5.83,5.83283806,,,,2025-12-05T13:23:08Z,2009,2009-01-01,2009-12-31
5041788,GHED_GGHE-DGDP_SHA2011,COUNTRY,ZWE,AFR,Africa,YEAR,2016,,,,,,,,,1.37,1.37225389,,,,2025-12-05T13:23:08Z,2016,2016-01-01,2016-12-31
5048389,GHED_GGHE-DGDP_SHA2011,COUNTRY,JPN,WPR,Western Pacific,YEAR,2016,,,,,,,,,8.96,8.95745564,,,,2025-12-05T13:23:08Z,2016,2016-01-01,2016-12-31
5049704,GHED_GGHE-DGDP_SHA2011,COUNTRY,NGA,AFR,Africa,YEAR,2012,,,,,,,,,0.54,0.54436672,,,,2025-12-05T13:23:08Z,2012,2012-01-01,2012-12-31
5056179,GHED_GGHE-DGDP_SHA2011,COUNTRY,NAM,AFR,Africa,YEAR,2007,,,,,,,,,5.39,5.38635349,,,,2025-12-05T13:23:08Z,2007,2007-01-01,2007-12-31
5057451,GHED_GGHE-DGDP_SHA2011,COUNTRY,KAZ,EUR,Europe,YEAR,2021,,,,,,,,,2.60,2.60474586,,,,2025-12-05T13:23:08Z,2021,2021-01-01,2021-12-31
5057561,GHED_GGHE-DGDP_SHA2011,GLOBAL,GLOBAL,,,YEAR,2022,,,,,,,,,3.75,3.75344926,,,,2026-01-12T13:50:53Z,2022,2022-01-01,2022-12-31
5060718,GHED_GGHE-DGDP_SHA2011,COUNTRY,CPV,AFR,Africa,YEAR,2023,,,,,,,,,3.43,3.42531776,,,,2025-12-05T13:23:08Z,2023,2023-01-01,2023-12-31
5062790,GHED_GGHE-DGDP_SHA2011,COUNTRY,ARG,AMR,Americas,YEAR,2016,,,,,,,,,6.58,6.5777607,,,,2025-12-05T13:23:08Z,2016,2016-01-01,2016-12-31
5066499,GHED_GGHE-DGDP_SHA2011,COUNTRY,TZA,AFR,Africa,YEAR,2001,,,,,,,,,1.09,1.08908296,,,,2025-12-05T13:23:08Z,2001,2001-01-01,2001-12-31
5066808,GHED_GGHE-DGDP_SHA2011,COUNTRY,LSO,AFR,Africa,YEAR,2012,,,,,,,,,5.63,5.62558651,,,,2025-12-05T13:23:08Z,2012,2012-01-01,2012-12-31
5070884,GHED_GGHE-DGDP_SHA2011,COUNTRY,ARE,EMR,Eastern Mediterranean,YEAR,2023,,,,,,,,,3.32,3.31956935,,,,2025-12-05T13:23:08Z,2023,2023-01-01,2023-12-31
5077543,GHED_GGHE-DGDP_SHA2011,COUNTRY,QAT,EMR,Eastern Mediterranean,YEAR,2008,,,,,,,,,1.22,1.22314608,,,,2025-12-05T13:23:08Z,2008,2008-01-01,2008-12-31
5082809,GHED_GGHE-DGDP_SHA2011,COUNTRY,GHA,AFR,Africa,YEAR,2007,,,,,,,,,1.64,1.63629603,,,,2025-12-05T13:23:08Z,2007,2007-01-01,2007-12-31
5083528,GHED_GGHE-DGDP_SHA2011,COUNTRY,LCA,AMR,Americas,YEAR,2023,,,,,,,,,2.38,2.38351178,,,,2025-12-05T13:23:08Z,2023,2023-01-01,2023-12-31
5083772,GHED_GGHE-DGDP_SHA2011,COUNTRY,GRD,AMR,Americas,YEAR,2008,,,,,,,,,1.96,1.96291316,,,,2025-12-05T13:23:08Z,2008,2008-01-01,2008-12-31
5085751,GHED_GGHE-DGDP_SHA2011,COUNTRY,URY,AMR,Americas,YEAR,2017,,,,,,,,,6.04,6.0405345,,,,2025-12-05T13:23:08Z,2017,2017-01-01,2017-12-31
5086569,GHED_GGHE-DGDP_SHA2011,COUNTRY,MDA,EUR,Europe,YEAR,2001,,,,,,,,,2.87,2.86584091,,,,2025-12-05T13:23:08Z,2001,2001-01-01,2001-12-31
5088610,GHED_GGHE-DGDP_SHA2011,COUNTRY,KIR,WPR,Western Pacific,YEAR,2013,,,,,,,,,7.14,7.14354086,,,,2025-12-05T13:23:08Z,2013,2013-01-01,2013-12-31
5089914,GHED_GGHE-DGDP_SHA2011,COUNTRY,NAM,AFR,Africa,YEAR,2023,,,,,,,,,5.55,5.54813719,,,,2025-12-05T13:23:08Z,2023,2023-01-01,2023-12-31
5092432,GHED_GGHE-DGDP_SHA2011,COUNTRY,HRV,EUR,Europe,YEAR,2023,,,,,,,,,6.00,6.00462341,,,,2025-12-05T13:23:08Z,2023,2023-01-01,2023-12-31
5094142,GHED_GGHE-DGDP_SHA2011,COUNTRY,TZA,AFR,Africa,YEAR,2009,,,,,,,,,1.48,1.48484647,,,,2025-12-05T13:23:08Z,2009,2009-01-01,2009-12-31
5095704,GHED_GGHE-DGDP_SHA2011,WORLDBANKINCOMEGROUP,WB_UMI,,,YEAR,2022,,,,,,,,,4.02,4.01802867,,,,2025-12-05T13:23:08Z,2022,2022-01-01,2022-12-31
5097841,GHED_GGHE-DGDP_SHA2011,COUNTRY,SLB,WPR,Western Pacific,YEAR,2023,,,,,,,,,3.37,3.3744123,,,,2025-12-05T13:23:08Z,2023,2023-01-01,2023-12-31
5098592,GHED_GGHE-DGDP_SHA2011,COUNTRY,NGA,AFR,Africa,YEAR,2001,,,,,,,,,0.86,0.8576929,,,,2025-12-05T13:23:08Z,2001,2001-01-01,2001-12-31
5099039,GHED_GGHE-DGDP_SHA2011,COUNTRY,COG,AFR,Africa,YEAR,2013,,,,,,,,,0.94,0.93664998,,,,2025-12-05T13:23:08Z,2013,2013-01-01,2013-12-31
5100415,GHED_GGHE-DGDP_SHA2011,COUNTRY,BEL,EUR,Europe,YEAR,2006,,,,,,,,,6.81,6.80566692,,,,2025-12-05T13:23:08Z,2006,2006-01-01,2006-12-31
5100740,GHED_GGHE-DGDP_SHA2011,WORLDBANKINCOMEGROUP,WB_LI,,,YEAR,2015,,,,,,,,,1.09,1.08611667,,,,2025-12-05T13:23:08Z,2015,2015-01-01,2015-12-31
5103634,GHED_GGHE-DGDP_SHA2011,COUNTRY,IRL,EUR,Europe,YEAR,2017,,,,,,,,,5.02,5.019907,,,,2025-12-05T13:23:08Z,2017,2017-01-01,2017-12-31
5106446,GHED_GGHE-DGDP_SHA2011,COUNTRY,TCD,AFR,Africa,YEAR,2021,,,,,,,,,0.74,0.73647583,,,,2025-12-05T13:23:08Z,2021,2021-01-01,2021-12-31
5109627,GHED_GGHE-DGDP_SHA2011,COUNTRY,UZB,EUR,Europe,YEAR,2018,,,,,,,,,1.74,1.73769212,,,,2025-12-05T13:23:08Z,2018,2018-01-01,2018-12-31
5112060,GHED_GGHE-DGDP_SHA2011,COUNTRY,DJI,EMR,Eastern Mediterranean,YEAR,2021,,,,,,,,,0.77,0.76665086,,,,2025-12-05T13:23:08Z,2021,2021-01-01,2021-12-31
5112801,GHED_GGHE-DGDP_SHA2011,COUNTRY,PLW,WPR,Western Pacific,YEAR,2001,,,,,,,,,3.96,3.96126223,,,,2025-12-05T13:23:08Z,2001,2001-01-01,2001-12-31
5115122,GHED_GGHE-DGDP_SHA2011,COUNTRY,GRC,EUR,Europe,YEAR,2018,,,,,,,,,4.18,4.17521954,,,,2025-12-05T13:23:08Z,2018,2018-01-01,2018-12-31
5117315,GHED_GGHE-DGDP_SHA2011,COUNTRY,ROU,EUR,Europe,YEAR,2010,,,,,,,,,4.50,4.50492287,,,,2025-12-05T13:23:08Z,2010,2010-01-01,2010-12-31
5118075,GHED_GGHE-DGDP_SHA2011,COUNTRY,TUV,WPR,Western Pacific,YEAR,2010,,,,,,,,,13.19,13.19273663,,,,2025-12-05T13:23:08Z,2010,2010-01-01,2010-12-31
5118166,GHED_GGHE-DGDP_SHA2011,COUNTRY,MLT,EUR,Europe,YEAR,2008,,,,,,,,,5.07,5.0669446,,,,2025-12-05T13:23:08Z,2008,2008-01-01,2008-12-31
5122369,GHED_GGHE-DGDP_SHA2011,COUNTRY,GHA,AFR,Africa,YEAR,2004,,,,,,,,,0.95,0.9509024,,,,2025-12-05T13:23:08Z,2004,2004-01-01,2004-12-31
5124960,GHED_GGHE-DGDP_SHA2011,COUNTRY,BHS,AMR,Americas,YEAR,2010,,,,,,,,,2.37,2.36928177,,,,2025-12-05T13:23:08Z,2010,2010-01-01,2010-12-31
5125491,GHED_GGHE-DGDP_SHA2011,COUNTRY,MAR,EMR,Eastern Mediterranean,YEAR,2020,,,,,,,,,2.47,2.46551728,,,,2025-12-05T13:23:08Z,2020,2020-01-01,2020-12-31
5126080,GHED_GGHE-DGDP_SHA2011,COUNTRY,LIE,EUR,Europe,YEAR,2018,,,,,,,,,3.53,3.53447771,,,,2025-12-05T13:23:08Z,2018,2018-01-01,2018-12-31
5127700,GHED_GGHE-DGDP_SHA2011,COUNTRY,FRA,EUR,Europe,YEAR,2001,,,,,,,,,7.10,7.0991745,,,,2025-12-05T13:23:08Z,2001,2001-01-01,2001-12-31
5129942,GHED_GGHE-DGDP_SHA2011,COUNTRY,DEU,EUR,Europe,YEAR,2016,,,,,,,,,8.53,8.53130817,,,,2025-12-05T13:23:08Z,2016,2016-01-01,2016-12-31
5130946,GHED_GGHE-DGDP_SHA2011,COUNTRY,GNB,AFR,Africa,YEAR,2009,,,,,,,,,0.52,0.52002388,,,,2025-12-05T13:23:08Z,2009,2009-01-01,2009-12-31
5134426,GHED_GGHE-DGDP_SHA2011,COUNTRY,LCA,AMR,Americas,YEAR,2010,,,,,,,,,1.82,1.81502438,,,,2025-12-05T13:23:08Z,2010,2010-01-01,2010-12-31
5134873,GHED_GGHE-DGDP_SHA2011,COUNTRY,ERI,AFR,Africa,YEAR,2007,,,,,,,,,1.21,1.21488249,,,,2025-12-05T13:23:08Z,2007,2007-01-01,2007-12-31
5134951,GHED_GGHE-DGDP_SHA2011,COUNTRY,MDG,AFR,Africa,YEAR,2009,,,,,,,,,1.31,1.30581379,,,,2025-12-05T13:23:08Z,2009,2009-01-01,2009-12-31
5137831,GHED_GGHE-DGDP_SHA2011,COUNTRY,FRA,EUR,Europe,YEAR,2013,,,,,,,,,7.99,7.99064016,,,,2025-12-05T13:23:08Z,2013,2013-01-01,2013-12-31
5140814,GHED_GGHE-DGDP_SHA2011,COUNTRY,SAU,EMR,Eastern Mediterranean,YEAR,2015,,,,,,,,,4.01,4.01395369,,,,2025-12-05T13:23:08Z,2015,2015-01-01,2015-12-31
5142621,GHED_GGHE-DGDP_SHA2011,COUNTRY,VNM,WPR,Western Pacific,YEAR,2005,,,,,,,,,1.79,1.78806961,,,,2025-12-05T13:23:08Z,2005,2005-01-01,2005-12-31
5144772,GHED_GGHE-DGDP_SHA2011,COUNTRY,PER,AMR,Americas,YEAR,2003,,,,,,,,,2.34,2.33577538,,,,2025-12-05T13:23:08Z,2003,2003-01-01,2003-12-31
5146031,GHED_GGHE-DGDP_SHA2011,COUNTRY,AND,EUR,Europe,YEAR,2007,,,,,,,,,2.96,2.95692062,,,,2025-12-05T13:23:08Z,2007,2007-01-01,2007-12-31
5147532,GHED_GGHE-DGDP_SHA2011,COUNTRY,MLT,EUR,Europe,YEAR,2022,,,,,,,,,6.09,6.09191847,,,,2025-12-05T13:23:08Z,2022,2022-01-01,2022-12-31
5148022,GHED_GGHE-DGDP_SHA2011,COUNTRY,LCA,AMR,Americas,YEAR,2009,,,,,,,,,1.82,1.8166678,,,,2025-12-05T13:23:08Z,2009,2009-01-01,2009-12-31
5148322,GHED_GGHE-DGDP_SHA2011,COUNTRY,PRY,AMR,Americas,YEAR,2015,,,,,,,,,3.16,3.1565783,,,,2025-12-05T13:23:08Z,2015,2015-01-01,2015-12-31
5148844,GHED_GGHE-DGDP_SHA2011,COUNTRY,RWA,AFR,Africa,YEAR,2019,,,,,,,,,1.77,1.76991165,,,,2025-12-05T13:23:08Z,2019,2019-01-01,2019-12-31
5149340,GHED_GGHE-DGDP_SHA2011,COUNTRY,CRI,AMR,Americas,YEAR,2004,,,,,,,,,4.38,4.37697315,,,,2025-12-05T13:23:08Z,2004,2004-01-01,2004-12-31
5150899,GHED_GGHE-DGDP_SHA2011,COUNTRY,CHN,WPR,Western Pacific,YEAR,2017,,,,,,,,,2.82,2.81638408,,,,2025-12-05T13:23:08Z,2017,2017-01-01,2017-12-31
5151716,GHED_GGHE-DGDP_SHA2011,COUNTRY,EST,EUR,Europe,YEAR,2012,,,,,,,,,4.54,4.53774357,,,,2025-12-05T13:23:08Z,2012,2012-01-01,2012-12-31
5153545,GHED_GGHE-DGDP_SHA2011,COUNTRY,EGY,EMR,Eastern Mediterranean,YEAR,2007,,,,,,,,,1.57,1.56855941,,,,2025-12-05T13:23:08Z,2007,2007-01-01,2007-12-31
5154981,GHED_GGHE-DGDP_SHA2011,COUNTRY,SEN,AFR,Africa,YEAR,2009,,,,,,,,,1.41,1.40655613,,,,2025-12-05T13:23:08Z,2009,2009-01-01,2009-12-31
5155575,GHED_GGHE-DGDP_SHA2011,COUNTRY,BGR,EUR,Europe,YEAR,2019,,,,,,,,,4.21,4.2107811,,,,2025-12-05T13:23:08Z,2019,2019-01-01,2019-12-31
5155580,GHED_GGHE-DGDP_SHA2011,COUNTRY,MYS,WPR,Western Pacific,YEAR,2016,,,,,,,,,1.89,1.88870478,,,,2025-12-05T13:23:08Z,2016,2016-01-01,2016-12-31
5157303,GHED_GGHE-DGDP_SHA2011,COUNTRY,VNM,WPR,Western Pacific,YEAR,2000,,,,,,,,,1.69,1.68673158,,,,2025-12-05T13:23:08Z,2000,2000-01-01,2000-12-31
5160223,GHED_GGHE-DGDP_SHA2011,GLOBAL,GLOBAL,,,YEAR,2015,,,,,,,,,3.40,3.40394255,,,,2026-01-12T13:50:53Z,2015,2015-01-01,2015-12-31
5160296,GHED_GGHE-DGDP_SHA2011,COUNTRY,HND,AMR,Americas,YEAR,2012,,,,,,,,,3.38,3.3830452,,,,2025-12-05T13:23:08Z,2012,2012-01-01,2012-12-31
5163944,GHED_GGHE-DGDP_SHA2011,COUNTRY,LKA,SEAR,South-East Asia,YEAR,2010,,,,,,,,,1.51,1.51292467,,,,2025-12-05T13:23:08Z,2010,2010-01-01,2010-12-31
5165000,GHED_GGHE-DGDP_SHA2011,COUNTRY,IRN,EMR,Eastern Mediterranean,YEAR,2023,,,,,,,,,2.82,2.81532979,,,,2025-12-05T13:23:08Z,2023,2023-01-01,2023-12-31
5167807,GHED_GGHE-DGDP_SHA2011,COUNTRY,MOZ,AFR,Africa,YEAR,2020,,,,,,,,,2.39,2.3917768,,,,2025-12-05T13:23:08Z,2020,2020-01-01,2020-12-31
5169836,GHED_GGHE-DGDP_SHA2011,COUNTRY,CZE,EUR,Europe,YEAR,2003,,,,,,,,,5.69,5.68778181,,,,2025-12-05T13:23:08Z,2003,2003-01-01,2003-12-31
5174207,GHED_GGHE-DGDP_SHA2011,COUNTRY,LVA,EUR,Europe,YEAR,2011,,,,,,,,,3.76,3.75751281,,,,2025-12-05T13:23:08Z,2011,2011-01-01,2011-12-31
5174827,GHED_GGHE-DGDP_SHA2011,COUNTRY,OMN,EMR,Eastern Mediterranean,YEAR,2000,,,,,,,,,2.19,2.19491506,,,,2025-12-05T13:23:08Z,2000,2000-01-01,2000-12-31
5178268,GHED_GGHE-DGDP_SHA2011,COUNTRY,FIN,EUR,Europe,YEAR,2013,,,,,,,,,7.82,7.82302523,,,,2025-12-05T13:23:08Z,2013,2013-01-01,2013-12-31
5178301,GHED_GGHE-DGDP_SHA2011,COUNTRY,NZL,WPR,Western Pacific,YEAR,2014,,,,,,,,,6.92,6.9177103,,,,2025-12-05T13:23:08Z,2014,2014-01-01,2014-12-31
5178384,GHED_GGHE-DGDP_SHA2011,COUNTRY,LAO,WPR,Western Pacific,YEAR,2004,,,,,,,,,0.79,0.79425544,,,,2025-12-05T13:23:08Z,2004,2004-01-01,2004-12-31
5178928,GHED_GGHE-DGDP_SHA2011,COUNTRY,AUS,WPR,Western Pacific,YEAR,2019,,,,,,,,,7.54,7.53765869,,,,2025-12-05T13:23:08Z,2019,2019-01-01,2019-12-31
5180076,GHED_GGHE-DGDP_SHA2011,COUNTRY,THA,SEAR,South-East Asia,YEAR,2013,,,,,,,,,2.62,2.62275028,,,,2025-12-05T13:23:08Z,2013,2013-01-01,2013-12-31
5182258,GHED_GGHE-DGDP_SHA2011,COUNTRY,JOR,EMR,Eastern Mediterranean,YEAR,2001,,,,,,,,,4.37,4.36767626,,,,2025-12-05T13:23:08Z,2001,2001-01-01,2001-12-31
5186719,GHED_GGHE-DGDP_SHA2011,COUNTRY,NPL,SEAR,South-East Asia,YEAR,2008,,,,,,,,,0.71,0.71121174,,,,2025-12-05T13:23:08Z,2008,2008-01-01,2008-12-31
5187199,GHED_GGHE-DGDP_SHA2011,COUNTRY,URY,AMR,Americas,YEAR,2009,,,,,,,,,4.70,4.6968317,,,,2025-12-05T13:23:08Z,2009,2009-01-01,2009-12-31
5187929,GHED_GGHE-DGDP_SHA2011,GLOBAL,GLOBAL,,,YEAR,2008,,,,,,,,,3.13,3.12910783,,,,2025-12-05T13:23:08Z,2008,2008-01-01,2008-12-31
5192929,GHED_GGHE-DGDP_SHA2011,COUNTRY,BHR,EMR,Eastern Mediterranean,YEAR,2005,,,,,,,,,2.18,2.18422818,,,,2025-12-05T13:23:08Z,2005,2005-01-01,2005-12-31
5195875,GHED_GGHE-DGDP_SHA2011,COUNTRY,CHE,EUR,Europe,YEAR,2009,,,,,,,,,3.26,3.26037979,,,,2025-12-05T13:23:08Z,2009,2009-01-01,2009-12-31
5198344,GHED_GGHE-DGDP_SHA2011,COUNTRY,GIN,AFR,Africa,YEAR,2010,,,,,,,,,0.36,0.36297843,,,,2025-12-05T13:23:08Z,2010,2010-01-01,2010-12-31
5198908,GHED_GGHE-DGDP_SHA2011,COUNTRY,BWA,AFR,Africa,YEAR,2023,,,,,,,,,4.72,4.72067308,,,,2025-12-05T13:23:08Z,2023,2023-01-01,2023-12-31
5198953,GHED_GGHE-DGDP_SHA2011,COUNTRY,ISL,EUR,Europe,YEAR,2020,,,,,,,,,8.05,8.051507,,,,2025-12-05T13:23:08Z,2020,2020-01-01,2020-12-31
5199234,GHED_GGHE-DGDP_SHA2011,COUNTRY,TUV,WPR,Western Pacific,YEAR,2017,,,,,,,,,19.17,19.172657010000002,,,,2025-12-05T13:23:08Z,2017,2017-01-01,2017-12-31
5201151,GHED_GGHE-DGDP_SHA2011,COUNTRY,LKA,SEAR,South-East Asia,YEAR,2007,,,,,,,,,1.85,1.85378098,,,,2025-12-05T13:23:08Z,2007,2007-01-01,2007-12-31
5207021,GHED_GGHE-DGDP_SHA2011,COUNTRY,MHL,WPR,Western Pacific,YEAR,2015,,,,,,,,,6.02,6.02202177,,,,2025-12-05T13:23:08Z,2015,2015-01-01,2015-12-31
5210619,GHED_GGHE-DGDP_SHA2011,COUNTRY,PNG,WPR,Western Pacific,YEAR,2021,,,,,,,,,1.17,1.16997361,,,,2025-12-05T13:23:08Z,2021,2021-01-01,2021-12-31
5211535,GHED_GGHE-DGDP_SHA2011,COUNTRY,CPV,AFR,Africa,YEAR,2011,,,,,,,,,2.61,2.61180115,,,,2025-12-05T13:23:08Z,2011,2011-01-01,2011-12-31
5218928,GHED_GGHE-DGDP_SHA2011,COUNTRY,TKM,EUR,Europe,YEAR,2021,,,,,,,,,0.94,0.94310212,,,,2025-12-05T13:23:08Z,2021,2021-01-01,2021-12-31
5223032,GHED_GGHE-DGDP_SHA2011,COUNTRY,MYS,WPR,Western Pacific,YEAR,2013,,,,,,,,,1.89,1.89357972,,,,2025-12-05T13:23:08Z,2013,2013-01-01,2013-12-31
5226787,GHED_GGHE-DGDP_SHA2011,COUNTRY,KAZ,EUR,Europe,YEAR,2006,,,,,,,,,2.32,2.3206408,,,,2025-12-05T13:23:08Z,2006,2006-01-01,2006-12-31
5227073,GHED_GGHE-DGDP_SHA2011,COUNTRY,UGA,AFR,Africa,YEAR,2000,,,,,,,,,1.27,1.26869214,,,,2025-12-05T13:23:08Z,2000,2000-01-01,2000-12-31
5227500,GHED_GGHE-DGDP_SHA2011,REGION,EUR,,,YEAR,2004,,,,,,,,,4.57,4.57079587,,,,2025-12-05T13:23:08Z,2004,2004-01-01,2004-12-31
5227928,GHED_GGHE-DGDP_SHA2011,COUNTRY,BFA,AFR,Africa,YEAR,2017,,,,,,,,,2.69,2.6879499,,,,2025-12-05T13:23:08Z,2017,2017-01-01,2017-12-31
5229602,GHED_GGHE-DGDP_SHA2011,COUNTRY,PRY,AMR,Americas,YEAR,2001,,,,,,,,,1.95,1.94766605,,,,2025-12-05T13:23:08Z,2001,2001-01-01,2001-12-31
5230915,GHED_GGHE-DGDP_SHA2011,COUNTRY,NER,AFR,Africa,YEAR,2019,,,,,,,,,2.02,2.02236509,,,,2025-12-05T13:23:08Z,2019,2019-01-01,2019-12-31
5232857,GHED_GGHE-DGDP_SHA2011,COUNTRY,ESP,EUR,Europe,YEAR,2021,,,,,,,,,7.51,7.5110774,,,,2025-12-05T13:23:08Z,2021,2021-01-01,2021-12-31
5233964,GHED_GGHE-DGDP_SHA2011,COUNTRY,GNQ,AFR,Africa,YEAR,2002,,,,,,,,,0.36,0.36000615,,,,2025-12-05T13:23:08Z,2002,2002-01-01,2002-12-31
5240729,GHED_GGHE-DGDP_SHA2011,COUNTRY,THA,SEAR,South-East Asia,YEAR,2006,,,,,,,,,2.23,2.2303164,,,,2025-12-05T13:23:08Z,2006,2006-01-01,2006-12-31
5241467,GHED_GGHE-DGDP_SHA2011,COUNTRY,BRA,AMR,Americas,YEAR,2023,,,,,,,,,4.29,4.29392195,,,,2025-12-05T13:23:08Z,2023,2023-01-01,2023-12-31
5247299,GHED_GGHE-DGDP_SHA2011,COUNTRY,TON,WPR,Western Pacific,YEAR,2019,,,,,,,,,3.00,2.99766731,,,,2025-12-05T13:23:08Z,2019,2019-01-01,2019-12-31
5247677,GHED_GGHE-DGDP_SHA2011,COUNTRY,CMR,AFR,Africa,YEAR,2000,,,,,,,,,0.65,0.64510846,,,,2025-12-05T13:23:08Z,2000,2000-01-01,2000-12-31
5248072,GHED_GGHE-DGDP_SHA2011,COUNTRY,RWA,AFR,Africa,YEAR,2003,,,,,,,,,2.30,2.30380893,,,,2025-12-05T13:23:08Z,2003,2003-01-01,2003-12-31
5248710,GHED_GGHE-DGDP_SHA2011,COUNTRY,GNB,AFR,Africa,YEAR,2016,,,,,,,,,0.48,0.48464295,,,,2025-12-05T13:23:08Z,2016,2016-01-01,2016-12-31
5250201,GHED_GGHE-DGDP_SHA2011,COUNTRY,ZMB,AFR,Africa,YEAR,2019,,,,,,,,,2.26,2.25830793,,,,2025-12-05T13:23:08Z,2019,2019-01-01,2019-12-31
5252057,GHED_GGHE-DGDP_SHA2011,COUNTRY,RUS,EUR,Europe,YEAR,2000,,,,,,,,,2.98,2.9796474,,,,2025-12-05T13:23:08Z,2000,2000-01-01,2000-12-31
5252632,GHED_GGHE-DGDP_SHA2011,COUNTRY,YEM,EMR,Eastern Mediterranean,YEAR,2009,,,,,,,,,1.31,1.30869162,,,,2025-12-05T13:23:08Z,2009,2009-01-01,2009-12-31
5253357,GHED_GGHE-DGDP_SHA2011,COUNTRY,CMR,AFR,Africa,YEAR,2007,,,,,,,,,0.57,0.56892991,,,,2025-12-05T13:23:08Z,2007,2007-01-01,2007-12-31
5256634,GHED_GGHE-DGDP_SHA2011,COUNTRY,EGY,EMR,Eastern Mediterranean,YEAR,2004,,,,,,,,,1.58,1.57912993,,,,2025-12-05T13:23:08Z,2004,2004-01-01,2004-12-31
5258209,GHED_GGHE-DGDP_SHA2011,COUNTRY,MDA,EUR,Europe,YEAR,2020,,,,,,,,,4.54,4.54034805,,,,2025-12-05T13:23:08Z,2020,2020-01-01,2020-12-31
5260147,GHED_GGHE-DGDP_SHA2011,COUNTRY,CYP,EUR,Europe,YEAR,2002,,,,,,,,,2.49,2.49221182,,,,2025-12-05T13:23:08Z,2002,2002-01-01,2002-12-31
5262355,GHED_GGHE-DGDP_SHA2011,COUNTRY,DJI,EMR,Eastern Mediterranean,YEAR,2020,,,,,,,,,1.07,1.07290661,,,,2025-12-05T13:23:08Z,2020,2020-01-01,2020-12-31
5268790,GHED_GGHE-DGDP_SHA2011,COUNTRY,MRT,AFR,Africa,YEAR,2020,,,,,,,,,1.00,1.00379241,,,,2025-12-05T13:23:08Z,2020,2020-01-01,2020-12-31
5269377,GHED_GGHE-DGDP_SHA2011,COUNTRY,GRD,AMR,Americas,YEAR,2011,,,,,,,,,2.42,2.41611266,,,,2025-12-05T13:23:08Z,2011,2011-01-01,2011-12-31
5272027,GHED_GGHE-DGDP_SHA2011,COUNTRY,DMA,AMR,Americas,YEAR,2017,,,,,,,,,3.77,3.76958227,,,,2025-12-05T13:23:08Z,2017,2017-01-01,2017-12-31
5275167,GHED_GGHE-DGDP_SHA2011,COUNTRY,KWT,EMR,Eastern Mediterranean,YEAR,2010,,,,,,,,,2.26,2.25556993,,,,2025-12-05T13:23:08Z,2010,2010-01-01,2010-12-31
5278463,GHED_GGHE-DGDP_SHA2011,COUNTRY,TLS,SEAR,South-East Asia,YEAR,2020,,,,,,,,,4.02,4.01566982,,,,2025-12-05T13:23:08Z,2020,2020-01-01,2020-12-31
5278709,GHED_GGHE-DGDP_SHA2011,COUNTRY,TCD,AFR,Africa,YEAR,2008,,,,,,,,,0.62,0.61977834,,,,2025-12-05T13:23:08Z,2008,2008-01-01,2008-12-31
5279934,GHED_GGHE-DGDP_SHA2011,COUNTRY,COM,AFR,Africa,YEAR,2014,,,,,,,,,0.55,0.55491424,,,,2025-12-05T13:23:08Z,2014,2014-01-01,2014-12-31
5281100,GHED_GGHE-DGDP_SHA2011,COUNTRY,MAR,EMR,Eastern Mediterranean,YEAR,2004,,,,,,,,,1.01,1.01085818,,,,2025-12-05T13:23:08Z,2004,2004-01-01,2004-12-31
5289869,GHED_GGHE-DGDP_SHA2011,COUNTRY,SLB,WPR,Western Pacific,YEAR,2009,,,,,,,,,3.10,3.10495329,,,,2025-12-05T13:23:08Z,2009,2009-01-01,2009-12-31
5297524,GHED_GGHE-DGDP_SHA2011,COUNTRY,MHL,WPR,Western Pacific,YEAR,2000,,,,,,,,,8.19,8.19225311,,,,2025-12-05T13:23:08Z,2000,2000-01-01,2000-12-31
5300104,GHED_GGHE-DGDP_SHA2011,COUNTRY,BGR,EUR,Europe,YEAR,2004,,,,,,,,,4.10,4.09508371,,,,2025-12-05T13:23:08Z,2004,2004-01-01,2004-12-31
5305390,GHED_GGHE-DGDP_SHA2011,COUNTRY,FIN,EUR,Europe,YEAR,2017,,,,,,,,,7.17,7.17050409,,,,2025-12-05T13:23:08Z,2017,2017-01-01,2017-12-31
5306710,GHED_GGHE-DGDP_SHA2011,COUNTRY,MMR,SEAR,South-East Asia,YEAR,2019,,,,,,,,,0.61,0.60877246,,,,2025-12-05T13:23:08Z,2019,2019-01-01,2019-12-31
5306996,GHED_GGHE-DGDP_SHA2011,COUNTRY,JAM,AMR,Americas,YEAR,2008,,,,,,,,,2.95,2.95135403,,,,2025-12-05T13:23:08Z,2008,2008-01-01,2008-12-31
5307018,GHED_GGHE-DGDP_SHA2011,COUNTRY,GRD,AMR,Americas,YEAR,2002,,,,,,,,,2.71,2.71163964,,,,2025-12-05T13:23:08Z,2002,2002-01-01,2002-12-31
5308080,GHED_GGHE-DGDP_SHA2011,COUNTRY,NAM,AFR,Africa,YEAR,2001,,,,,,,,,5.73,5.73190451,,,,2025-12-05T13:23:08Z,2001,2001-01-01,2001-12-31
5309391,GHED_GGHE-DGDP_SHA2011,COUNTRY,SAU,EMR,Eastern Mediterranean,YEAR,2003,,,,,,,,,2.88,2.87984729,,,,2025-12-05T13:23:08Z,2003,2003-01-01,2003-12-31
5313442,GHED_GGHE-DGDP_SHA2011,COUNTRY,ARG,AMR,Americas,YEAR,2018,,,,,,,,,6.11,6.11101341,,,,2025-12-05T13:23:08Z,2018,2018-01-01,2018-12-31
5316740,GHED_GGHE-DGDP_SHA2011,COUNTRY,FSM,WPR,Western Pacific,YEAR,2008,,,,,,,,,1.60,1.59784043,,,,2025-12-05T13:23:08Z,2008,2008-01-01,2008-12-31
5317232,GHED_GGHE-DGDP_SHA2011,COUNTRY,AGO,AFR,Africa,YEAR,2010,,,,,,,,,1.47,1.46826649,,,,2025-12-05T13:23:08Z,2010,2010-01-01,2010-12-31
5317308,GHED_GGHE-DGDP_SHA2011,COUNTRY,COG,AFR,Africa,YEAR,2014,,,,,,,,,0.95,0.94694966,,,,2025-12-05T13:23:08Z,2014,2014-01-01,2014-12-31
5329694,GHED_GGHE-DGDP_SHA2011,COUNTRY,GMB,AFR,Africa,YEAR,2009,,,,,,,,,0.91,0.9055742,,,,2025-12-05T13:23:08Z,2009,2009-01-01,2009-12-31
5329998,GHED_GGHE-DGDP_SHA2011,COUNTRY,BOL,AMR,Americas,YEAR,2001,,,,,,,,,2.61,2.61401916,,,,2025-12-05T13:23:08Z,2001,2001-01-01,2001-12-31
5330358,GHED_GGHE-DGDP_SHA2011,COUNTRY,DMA,AMR,Americas,YEAR,2019,,,,,,,,,3.33,3.33201027,,,,2025-12-05T13:23:08Z,2019,2019-01-01,2019-12-31
5330907,GHED_GGHE-DGDP_SHA2011,COUNTRY,ETH,AFR,Africa,YEAR,2000,,,,,,,,,1.80,1.79949319,,,,2025-12-05T13:23:08Z,2000,2000-01-01,2000-12-31
5331086,GHED_GGHE-DGDP_SHA2011,COUNTRY,PRT,EUR,Europe,YEAR,2018,,,,,,,,,5.76,5.76187086,,,,2025-12-05T13:23:08Z,2018,2018-01-01,2018-12-31
5332999,GHED_GGHE-DGDP_SHA2011,COUNTRY,ZMB,AFR,Africa,YEAR,2004,,,,,,,,,1.32,1.31544065,,,,2025-12-05T13:23:08Z,2004,2004-01-01,2004-12-31
5333765,GHED_GGHE-DGDP_SHA2011,COUNTRY,VNM,WPR,Western Pacific,YEAR,2014,,,,,,,,,2.08,2.07598686,,,,2025-12-05T13:23:08Z,2014,2014-01-01,2014-12-31
5334219,GHED_GGHE-DGDP_SHA2011,WORLDBANKINCOMEGROUP,WB_LMI,,,YEAR,2011,,,,,,,,,2.04,2.03911653,,,,2025-12-05T13:23:08Z,2011,2011-01-01,2011-12-31
5339860,GHED_GGHE-DGDP_SHA2011,COUNTRY,AFG,EMR,Eastern Mediterranean,YEAR,2021,,,,,,,,,0.71,0.71036398,,,,2025-12-05T13:23:08Z,2021,2021-01-01,2021-12-31
5346630,GHED_GGHE-DGDP_SHA2011,COUNTRY,KEN,AFR,Africa,YEAR,2014,,,,,,,,,1.84,1.83768213,,,,2025-12-05T13:23:08Z,2014,2014-01-01,2014-12-31
5346731,GHED_GGHE-DGDP_SHA2011,COUNTRY,IRL,EUR,Europe,YEAR,2002,,,,,,,,,5.27,5.27079201,,,,2025-12-05T13:23:08Z,2002,2002-01-01,2002-12-31
5346996,GHED_GGHE-DGDP_SHA2011,COUNTRY,CZE,EUR,Europe,YEAR,2022,,,,,,,,,7.18,7.18070936,,,,2025-12-05T13:23:08Z,2022,2022-01-01,2022-12-31
5348978,GHED_GGHE-DGDP_SHA2011,COUNTRY,HUN,EUR,Europe,YEAR,2014,,,,,,,,,4.70,4.69849157,,,,2025-12-05T13:23:08Z,2014,2014-01-01,2014-12-31
5349190,GHED_GGHE-DGDP_SHA2011,COUNTRY,MDA,EUR,Europe,YEAR,2015,,,,,,,,,3.87,3.87085724,,,,2025-12-05T13:23:08Z,2015,2015-01-01,2015-12-31
5349220,GHED_GGHE-DGDP_SHA2011,COUNTRY,GBR,EUR,Europe,YEAR,2016,,,,,,,,,7.91,7.90904903,,,,2025-12-05T13:23:08Z,2016,2016-01-01,2016-12-31
5351746,GHED_GGHE-DGDP_SHA2011,COUNTRY,COD,AFR,Africa,YEAR,2014,,,,,,,,,0.52,0.51571059,,,,2025-12-05T13:23:08Z,2014,2014-01-01,2014-12-31
5351858,GHED_GGHE-DGDP_SHA2011,COUNTRY,CZE,EUR,Europe,YEAR,2006,,,,,,,,,5.27,5.27117157,,,,2025-12-05T13:23:08Z,2006,2006-01-01,2006-12-31
5352690,GHED_GGHE-DGDP_SHA2011,COUNTRY,MWI,AFR,Africa,YEAR,2018,,,,,,,,,1.69,1.68875861,,,,2025-12-05T13:23:08Z,2018,2018-01-01,2018-12-31
5353574,GHED_GGHE-DGDP_SHA2011,COUNTRY,GRC,EUR,Europe,YEAR,2003,,,,,,,,,5.20,5.1977067,,,,2025-12-05T13:23:08Z,2003,2003-01-01,2003-12-31
5355016,GHED_GGHE-DGDP_SHA2011,COUNTRY,GHA,AFR,Africa,YEAR,2001,,,,,,,,,0.84,0.84126645,,,,2025-12-05T13:23:08Z,2001,2001-01-01,2001-12-31
5355344,GHED_GGHE-DGDP_SHA2011,COUNTRY,DMA,AMR,Americas,YEAR,2013,,,,,,,,,3.28,3.28141499,,,,2025-12-05T13:23:08Z,2013,2013-01-01,2013-12-31
5355677,GHED_GGHE-DGDP_SHA2011,COUNTRY,BHS,AMR,Americas,YEAR,2005,,,,,,,,,1.59,1.58765554,,,,2025-12-05T13:23:08Z,2005,2005-01-01,2005-12-31
5356187,GHED_GGHE-DGDP_SHA2011,COUNTRY,SYC,AFR,Africa,YEAR,2001,,,,,,,,,3.76,3.75857329,,,,2025-12-05T13:23:08Z,2001,2001-01-01,2001-12-31
5359348,GHED_GGHE-DGDP_SHA2011,COUNTRY,FJI,WPR,Western Pacific,YEAR,2023,,,,,,,,,2.70,2.70261335,,,,2025-12-05T13:23:08Z,2023,2023-01-01,2023-12-31
5361483,GHED_GGHE-DGDP_SHA2011,COUNTRY,BWA,AFR,Africa,YEAR,2011,,,,,,,,,3.60,3.60456705,,,,2025-12-05T13:23:08Z,2011,2011-01-01,2011-12-31
5364108,GHED_GGHE-DGDP_SHA2011,COUNTRY,MLI,AFR,Africa,YEAR,2008,,,,,,,,,0.71,0.71373433,,,,2025-12-05T13:23:08Z,2008,2008-01-01,2008-12-31
5365792,GHED_GGHE-DGDP_SHA2011,COUNTRY,NOR,EUR,Europe,YEAR,2006,,,,,,,,,6.57,6.56923485,,,,2025-12-05T13:23:08Z,2006,2006-01-01,2006-12-31
5366677,GHED_GGHE-DGDP_SHA2011,COUNTRY,KNA,AMR,Americas,YEAR,2004,,,,,,,,,2.16,2.16082859,,,,2025-12-05T13:23:08Z,2004,2004-01-01,2004-12-31
5367743,GHED_GGHE-DGDP_SHA2011,COUNTRY,FSM,WPR,Western Pacific,YEAR,2017,,,,,,,,,1.53,1.53164423,,,,2025-12-05T13:23:08Z,2017,2017-01-01,2017-12-31
5368410,GHED_GGHE-DGDP_SHA2011,WORLDBANKINCOMEGROUP,WB_LMI,,,YEAR,2010,,,,,,,,,2.00,1.99727333,,,,2025-12-05T13:23:08Z,2010,2010-01-01,2010-12-31
5371829,GHED_GGHE-DGDP_SHA2011,COUNTRY,LUX,EUR,Europe,YEAR,2016,,,,,,,,,4.28,4.28179646,,,,2025-12-05T13:23:08Z,2016,2016-01-01,2016-12-31
5372369,GHED_GGHE-DGDP_SHA2011,COUNTRY,IRL,EUR,Europe,YEAR,2001,,,,,,,,,5.01,5.014184,,,,2025-12-05T13:23:08Z,2001,2001-01-01,2001-12-31
5372852,GHED_GGHE-DGDP_SHA2011,COUNTRY,CZE,EUR,Europe,YEAR,2008,,,,,,,,,5.13,5.13391018,,,,2025-12-05T13:23:08Z,2008,2008-01-01,2008-12-31
5376475,GHED_GGHE-DGDP_SHA2011,COUNTRY,KGZ,EUR,Europe,YEAR,2016,,,,,,,,,2.50,2.49723411,,,,2025-12-05T13:23:08Z,2016,2016-01-01,2016-12-31
5376714,GHED_GGHE-DGDP_SHA2011,COUNTRY,GMB,AFR,Africa,YEAR,2000,,,,,,,,,0.60,0.6015296,,,,2025-12-05T13:23:08Z,2000,2000-01-01,2000-12-31
5380195,GHED_GGHE-DGDP_SHA2011,COUNTRY,SAU,EMR,Eastern Mediterranean,YEAR,2021,,,,,,,,,4.57,4.5653944,,,,2025-12-05T13:23:08Z,2021,2021-01-01,2021-12-31
5380513,GHED_GGHE-DGDP_SHA2011,COUNTRY,GTM,AMR,Americas,YEAR,2003,,,,,,,,,2.04,2.04141212,,,,2025-12-05T13:23:08Z,2003,2003-01-01,2003-12-31
5382519,GHED_GGHE-DGDP_SHA2011,COUNTRY,SDN,EMR,Eastern Mediterranean,YEAR,2004,,,,,,,,,1.57,1.57302713,,,,2025-12-05T13:23:08Z,2004,2004-01-01,2004-12-31
5382986,GHED_GGHE-DGDP_SHA2011,COUNTRY,NIC,AMR,Americas,YEAR,2017,,,,,,,,,4.86,4.85718918,,,,2025-12-05T13:23:08Z,2017,2017-01-01,2017-12-31
5384225,GHED_GGHE-DGDP_SHA2011,COUNTRY,IDN,WPR,Western Pacific,YEAR,2018,,,,,,,,,1.40,1.395854,,,,2025-12-05T13:23:08Z,2018,2018-01-01,2018-12-31
5386379,GHED_GGHE-DGDP_SHA2011,COUNTRY,ZMB,AFR,Africa,YEAR,2018,,,,,,,,,2.09,2.08801126,,,,2025-12-05T13:23:08Z,2018,2018-01-01,2018-12-31
5387089,GHED_GGHE-DGDP_SHA2011,COUNTRY,MKD,EUR,Europe,YEAR,2011,,,,,,,,,4.06,4.05699444,,,,2025-12-05T13:23:08Z,2011,2011-01-01,2011-12-31
5390451,GHED_GGHE-DGDP_SHA2011,COUNTRY,TUV,WPR,Western Pacific,YEAR,2004,,,,,,,,,8.86,8.85552597,,,,2025-12-05T13:23:08Z,2004,2004-01-01,2004-12-31
5391329,GHED_GGHE-DGDP_SHA2011,COUNTRY,COL,AMR,Americas,YEAR,2023,,,,,,,,,5.74,5.73787117,,,,2025-12-05T13:23:08Z,2023,2023-01-01,2023-12-31
5391745,GHED_GGHE-DGDP_SHA2011,COUNTRY,IND,SEAR,South-East Asia,YEAR,2015,,,,,,,,,0.92,0.92193186,,,,2025-12-05T13:23:08Z,2015,2015-01-01,2015-12-31
5392205,GHED_GGHE-DGDP_SHA2011,COUNTRY,MWI,AFR,Africa,YEAR,2019,,,,,,,,,1.53,1.53329957,,,,2025-12-05T13:23:08Z,2019,2019-01-01,2019-12-31
5392967,GHED_GGHE-DGDP_SHA2011,COUNTRY,UGA,AFR,Africa,YEAR,2003,,,,,,,,,1.47,1.47303784,,,,2025-12-05T13:23:08Z,2003,2003-01-01,2003-12-31
5395377,GHED_GGHE-DGDP_SHA2011,COUNTRY,COK,WPR,Western Pacific,YEAR,2001,,,,,,,,,2.91,2.90957308,,,,2025-12-05T13:23:08Z,2001,2001-01-01,2001-12-31
5399950,GHED_GGHE-DGDP_SHA2011,COUNTRY,SEN,AFR,Africa,YEAR,2001,,,,,,,,,1.42,1.415766,,,,2025-12-05T13:23:08Z,2001,2001-01-01,2001-12-31
5403134,GHED_GGHE-DGDP_SHA2011,COUNTRY,ARG,AMR,Americas,YEAR,2003,,,,,,,,,3.76,3.76298237,,,,2025-12-05T13:23:08Z,2003,2003-01-01,2003-12-31
5405087,GHED_GGHE-DGDP_SHA2011,COUNTRY,JPN,WPR,Western Pacific,YEAR,2021,,,,,,,,,10.42,10.42161942,,,,2025-12-05T13:23:08Z,2021,2021-01-01,2021-12-31
5408160,GHED_GGHE-DGDP_SHA2011,COUNTRY,MYS,WPR,Western Pacific,YEAR,2010,,,,,,,,,1.68,1.67910564,,,,2025-12-05T13:23:08Z,2010,2010-01-01,2010-12-31
5409553,GHED_GGHE-DGDP_SHA2011,COUNTRY,MLT,EUR,Europe,YEAR,2000,,,,,,,,,4.76,4.75728178,,,,2025-12-05T13:23:08Z,2000,2000-01-01,2000-12-31
5411869,GHED_GGHE-DGDP_SHA2011,COUNTRY,NIU,WPR,Western Pacific,YEAR,2022,,,,,,,,,7.13,7.12521172,,,,2025-12-05T13:23:08Z,2022,2022-01-01,2022-12-31
5413535,GHED_GGHE-DGDP_SHA2011,COUNTRY,AZE,EUR,Europe,YEAR,2013,,,,,,,,,1.07,1.06625199,,,,2025-12-05T13:23:08Z,2013,2013-01-01,2013-12-31
5416676,GHED_GGHE-DGDP_SHA2011,COUNTRY,CYP,EUR,Europe,YEAR,2010,,,,,,,,,2.97,2.97370887,,,,2025-12-05T13:23:08Z,2010,2010-01-01,2010-12-31
5419631,GHED_GGHE-DGDP_SHA2011,COUNTRY,JOR,EMR,Eastern Mediterranean,YEAR,2020,,,,,,,,,3.42,3.41537142,,,,2025-12-05T13:23:08Z,2020,2020-01-01,2020-12-31
5420555,GHED_GGHE-DGDP_SHA2011,COUNTRY,BGR,EUR,Europe,YEAR,2008,,,,,,,,,3.48,3.48064542,,,,2025-12-05T13:23:08Z,2008,2008-01-01,2008-12-31
5422240,GHED_GGHE-DGDP_SHA2011,COUNTRY,GEO,EUR,Europe,YEAR,2008,,,,,,,,,1.53,1.53485286,,,,2025-12-05T13:23:08Z,2008,2008-01-01,2008-12-31
5425810,GHED_GGHE-DGDP_SHA2011,COUNTRY,ROU,EUR,Europe,YEAR,2020,,,,,,,,,4.97,4.97246981,,,,2025-12-05T13:23:08Z,2020,2020-01-01,2020-12-31
5426882,GHED_GGHE-DGDP_SHA2011,COUNTRY,ZWE,AFR,Africa,YEAR,2021,,,,,,,,,0.88,0.87981081,,,,2025-12-05T13:23:08Z,2021,2021-01-01,2021-12-31
5432440,GHED_GGHE-DGDP_SHA2011,COUNTRY,MDG,AFR,Africa,YEAR,2005,,,,,,,,,1.93,1.93450081,,,,2025-12-05T13:23:08Z,2005,2005-01-01,2005-12-31
5433827,GHED_GGHE-DGDP_SHA2011,COUNTRY,LKA,SEAR,South-East Asia,YEAR,2020,,,,,,,,,2.16,2.15588403,,,,2025-12-05T13:23:08Z,2020,2020-01-01,2020-12-31
5436741,GHED_GGHE-DGDP_SHA2011,COUNTRY,ARE,EMR,Eastern Mediterranean,YEAR,2000,,,,,,,,,1.65,1.64852011,,,,2025-12-05T13:23:08Z,2000,2000-01-01,2000-12-31
5437480,GHED_GGHE-DGDP_SHA2011,COUNTRY,COG,AFR,Africa,YEAR,2009,,,,,,,,,0.62,0.61770952,,,,2025-12-05T13:23:08Z,2009,2009-01-01,2009-12-31
5437535,GHED_GGHE-DGDP_SHA2011,COUNTRY,SYC,AFR,Africa,YEAR,2006,,,,,,,,,3.44,3.44340944,,,,2025-12-05T13:23:08Z,2006,2006-01-01,2006-12-31
5437707,GHED_GGHE-DGDP_SHA2011,COUNTRY,MLI,AFR,Africa,YEAR,2021,,,,,,,,,1.36,1.35538208,,,,2025-12-05T13:23:08Z,2021,2021-01-01,2021-12-31
5440309,GHED_GGHE-DGDP_SHA2011,COUNTRY,PAK,EMR,Eastern Mediterranean,YEAR,2023,,,,,,,,,0.90,0.90008724,,,,2025-12-05T13:23:08Z,2023,2023-01-01,2023-12-31
5440974,GHED_GGHE-DGDP_SHA2011,COUNTRY,KIR,WPR,Western Pacific,YEAR,2023,,,,,,,,,8.59,8.58790588,,,,2025-12-05T13:23:08Z,2023,2023-01-01,2023-12-31
5441672,GHED_GGHE-DGDP_SHA2011,COUNTRY,BRN,WPR,Western Pacific,YEAR,2004,,,,,,,,,2.12,2.12041497,,,,2025-12-05T13:23:08Z,2004,2004-01-01,2004-12-31
5446243,GHED_GGHE-DGDP_SHA2011,COUNTRY,COK,WPR,Western Pacific,YEAR,2019,,,,,,,,,2.88,2.88481951,,,,2025-12-05T13:23:08Z,2019,2019-01-01,2019-12-31
5449629,GHED_GGHE-DGDP_SHA2011,COUNTRY,AZE,EUR,Europe,YEAR,2006,,,,,,,,,0.87,0.8678329,,,,2025-12-05T13:23:08Z,2006,2006-01-01,2006-12-31
5453353,GHED_GGHE-DGDP_SHA2011,COUNTRY,BRB,AMR,Americas,YEAR,2012,,,,,,,,,3.79,3.79151535,,,,2025-12-05T13:23:08Z,2012,2012-01-01,2012-12-31
5462357,GHED_GGHE-DGDP_SHA2011,COUNTRY,HND,AMR,Americas,YEAR,2008,,,,,,,,,3.32,3.31875777,,,,2025-12-05T13:23:08Z,2008,2008-01-01,2008-12-31
5471342,GHED_GGHE-DGDP_SHA2011,COUNTRY,DJI,EMR,Eastern Mediterranean,YEAR,2002,,,,,,,,,1.29,1.28561246,,,,2025-12-05T13:23:08Z,2002,2002-01-01,2002-12-31
5472516,GHED_GGHE-DGDP_SHA2011,COUNTRY,NIC,AMR,Americas,YEAR,2001,,,,,,,,,2.46,2.45915222,,,,2025-12-05T13:23:08Z,2001,2001-01-01,2001-12-31
5472682,GHED_GGHE-DGDP_SHA2011,COUNTRY,RUS,EUR,Europe,YEAR,2003,,,,,,,,,3.00,3.00005722,,,,2025-12-05T13:23:08Z,2003,2003-01-01,2003-12-31
5473584,GHED_GGHE-DGDP_SHA2011,COUNTRY,TON,WPR,Western Pacific,YEAR,2007,,,,,,,,,3.18,3.18001747,,,,2025-12-05T13:23:08Z,2007,2007-01-01,2007-12-31
5473816,GHED_GGHE-DGDP_SHA2011,COUNTRY,ATG,AMR,Americas,YEAR,2002,,,,,,,,,2.80,2.80217075,,,,2025-12-05T13:23:08Z,2002,2002-01-01,2002-12-31
5474566,GHED_GGHE-DGDP_SHA2011,COUNTRY,MLT,EUR,Europe,YEAR,2023,,,,,,,,,5.84,5.83802271,,,,2025-12-05T13:23:08Z,2023,2023-01-01,2023-12-31
5475586,GHED_GGHE-DGDP_SHA2011,COUNTRY,BLR,EUR,Europe,YEAR,2000,,,,,,,,,4.15,4.15422821,,,,2025-12-05T13:23:08Z,2000,2000-01-01,2000-12-31
5475594,GHED_GGHE-DGDP_SHA2011,COUNTRY,EST,EUR,Europe,YEAR,2017,,,,,,,,,4.75,4.75225782,,,,2025-12-05T13:23:08Z,2017,2017-01-01,2017-12-31
5475796,GHED_GGHE-DGDP_SHA2011,COUNTRY,BRB,AMR,Americas,YEAR,2018,,,,,,,,,2.65,2.65220022,,,,2025-12-05T13:23:08Z,2018,2018-01-01,2018-12-31
5476734,GHED_GGHE-DGDP_SHA2011,COUNTRY,BLZ,AMR,Americas,YEAR,2022,,,,,,,,,2.61,2.61415029,,,,2025-12-05T13:23:08Z,2022,2022-01-01,2022-12-31
5478015,GHED_GGHE-DGDP_SHA2011,COUNTRY,AZE,EUR,Europe,YEAR,2001,,,,,,,,,0.81,0.80511665,,,,2025-12-05T13:23:08Z,2001,2001-01-01,2001-12-31
5478673,GHED_GGHE-DGDP_SHA2011,COUNTRY,IRN,EMR,Eastern Mediterranean,YEAR,2000,,,,,,,,,1.78,1.78084624,,,,2025-12-05T13:23:08Z,2000,2000-01-01,2000-12-31
5481353,GHED_GGHE-DGDP_SHA2011,COUNTRY,MLI,AFR,Africa,YEAR,2000,,,,,,,,,1.29,1.29321861,,,,2025-12-05T13:23:08Z,2000,2000-01-01,2000-12-31
5481388,GHED_GGHE-DGDP_SHA2011,COUNTRY,JPN,WPR,Western Pacific,YEAR,2023,,,,,,,,,9.11,9.11008263,,,,2025-12-05T13:23:08Z,2023,2023-01-01,2023-12-31
5484544,GHED_GGHE-DGDP_SHA2011,COUNTRY,MDV,SEAR,South-East Asia,YEAR,2009,,,,,,,,,5.82,5.82381439,,,,2025-12-05T13:23:08Z,2009,2009-01-01,2009-12-31
5490495,GHED_GGHE-DGDP_SHA2011,COUNTRY,YEM,EMR,Eastern Mediterranean,YEAR,2001,,,,,,,,,2.48,2.47797203,,,,2025-12-05T13:23:08Z,2001,2001-01-01,2001-12-31
5490642,GHED_GGHE-DGDP_SHA2011,COUNTRY,MNE,EUR,Europe,YEAR,2018,,,,,,,,,4.97,4.96868992,,,,2025-12-05T13:23:08Z,2018,2018-01-01,2018-12-31
5494605,GHED_GGHE-DGDP_SHA2011,COUNTRY,SWE,EUR,Europe,YEAR,2018,,,,,,,,,9.37,9.37008476,,,,2025-12-05T13:23:08Z,2018,2018-01-01,2018-12-31
5495026,GHED_GGHE-DGDP_SHA2011,COUNTRY,SWE,EUR,Europe,YEAR,2005,,,,,,,,,6.70,6.6967392,,,,2025-12-05T13:23:08Z,2005,2005-01-01,2005-12-31
5495920,GHED_GGHE-DGDP_SHA2011,COUNTRY,PSE,EMR,Eastern Mediterranean,YEAR,2014,,,,,,,,,3.15,3.15190101,,,,2025-12-05T13:23:08Z,2014,2014-01-01,2014-12-31
5496097,GHED_GGHE-DGDP_SHA2011,COUNTRY,IRN,EMR,Eastern Mediterranean,YEAR,2018,,,,,,,,,3.17,3.1700592,,,,2025-12-05T13:23:08Z,2018,2018-01-01,2018-12-31
5497000,GHED_GGHE-DGDP_SHA2011,COUNTRY,AZE,EUR,Europe,YEAR,2011,,,,,,,,,0.95,0.94998968,,,,2025-12-05T13:23:08Z,2011,2011-01-01,2011-12-31
5497732,GHED_GGHE-DGDP_SHA2011,COUNTRY,SRB,EUR,Europe,YEAR,2006,,,,,,,,,5.18,5.1782732,,,,2025-12-05T13:23:08Z,2006,2006-01-01,2006-12-31
5498725,GHED_GGHE-DGDP_SHA2011,COUNTRY,SLE,AFR,Africa,YEAR,2001,,,,,,,,,0.65,0.65394258,,,,2025-12-05T13:23:08Z,2001,2001-01-01,2001-12-31
5501508,GHED_GGHE-DGDP_SHA2011,COUNTRY,JAM,AMR,Americas,YEAR,2018,,,,,,,,,3.89,3.88880324,,,,2025-12-05T13:23:08Z,2018,2018-01-01,2018-12-31
5507094,GHED_GGHE-DGDP_SHA2011,COUNTRY,CRI,AMR,Americas,YEAR,2020,,,,,,,,,5.62,5.61917973,,,,2025-12-05T13:23:08Z,2020,2020-01-01,2020-12-31
5507221,GHED_GGHE-DGDP_SHA2011,COUNTRY,ATG,AMR,Americas,YEAR,2017,,,,,,,,,2.62,2.61894512,,,,2025-12-05T13:23:08Z,2017,2017-01-01,2017-12-31
5507516,GHED_GGHE-DGDP_SHA2011,COUNTRY,MHL,WPR,Western Pacific,YEAR,2005,,,,,,,,,5.53,5.52737188,,,,2025-12-05T13:23:08Z,2005,2005-01-01,2005-12-31
5507569,GHED_GGHE-DGDP_SHA2011,COUNTRY,COK,WPR,Western Pacific,YEAR,2022,,,,,,,,,5.32,5.31951904,,,,2025-12-05T13:23:08Z,2022,2022-01-01,2022-12-31
5508609,GHED_GGHE-DGDP_SHA2011,COUNTRY,CYP,EUR,Europe,YEAR,2019,,,,,,,,,3.79,3.79063916,,,,2025-12-05T13:23:08Z,2019,2019-01-01,2019-12-31
5508779,GHED_GGHE-DGDP_SHA2011,COUNTRY,MKD,EUR,Europe,YEAR,2012,,,,,,,,,4.13,4.13496399,,,,2025-12-05T13:23:08Z,2012,2012-01-01,2012-12-31
5510348,GHED_GGHE-DGDP_SHA2011,REGION,EMR,,,YEAR,2023,,,,,,,,,2.50,2.50327298,,,,2025-12-05T13:23:08Z,2023,2023-01-01,2023-12-31
5512359,GHED_GGHE-DGDP_SHA2011,COUNTRY,TTO,AMR,Americas,YEAR,2001,,,,,,,,,1.74,1.74266553,,,,2025-12-05T13:23:08Z,2001,2001-01-01,2001-12-31
5513898,GHED_GGHE-DGDP_SHA2011,COUNTRY,COM,AFR,Africa,YEAR,2012,,,,,,,,,0.80,0.79534382,,,,2025-12-05T13:23:08Z,2012,2012-01-01,2012-12-31
5516514,GHED_GGHE-DGDP_SHA2011,COUNTRY,JAM,AMR,Americas,YEAR,2011,,,,,,,,,3.10,3.09656906,,,,2025-12-05T13:23:08Z,2011,2011-01-01,2011-12-31
5516704,GHED_GGHE-DGDP_SHA2011,COUNTRY,CAF,AFR,Africa,YEAR,2003,,,,,,,,,1.54,1.54274023,,,,2025-12-05T13:23:08Z,2003,2003-01-01,2003-12-31
5517945,GHED_GGHE-DGDP_SHA2011,COUNTRY,RWA,AFR,Africa,YEAR,2014,,,,,,,,,2.19,2.19319296,,,,2025-12-05T13:23:08Z,2014,2014-01-01,2014-12-31
5522560,GHED_GGHE-DGDP_SHA2011,COUNTRY,GRD,AMR,Americas,YEAR,2019,,,,,,,,,2.04,2.04134059,,,,2025-12-05T13:23:08Z,2019,2019-01-01,2019-12-31
5525295,GHED_GGHE-DGDP_SHA2011,COUNTRY,GNB,AFR,Africa,YEAR,2012,,,,,,,,,0.50,0.50444686,,,,2025-12-05T13:23:08Z,2012,2012-01-01,2012-12-31
5527816,GHED_GGHE-DGDP_SHA2011,COUNTRY,YEM,EMR,Eastern Mediterranean,YEAR,2000,,,,,,,,,2.37,2.37196207,,,,2025-12-05T13:23:08Z,2000,2000-01-01,2000-12-31
5529642,GHED_GGHE-DGDP_SHA2011,COUNTRY,COG,AFR,Africa,YEAR,2007,,,,,,,,,0.59,0.58651859,,,,2025-12-05T13:23:08Z,2007,2007-01-01,2007-12-31
5530099,GHED_GGHE-DGDP_SHA2011,COUNTRY,GRC,EUR,Europe,YEAR,2007,,,,,,,,,5.40,5.39813805,,,,2025-12-05T13:23:08Z,2007,2007-01-01,2007-12-31
5530673,GHED_GGHE-DGDP_SHA2011,COUNTRY,ITA,EUR,Europe,YEAR,2020,,,,,,,,,7.25,7.25222397,,,,2025-12-05T13:23:08Z,2020,2020-01-01,2020-12-31
5535022,GHED_GGHE-DGDP_SHA2011,COUNTRY,AGO,AFR,Africa,YEAR,2017,,,,,,,,,1.13,1.12824702,,,,2025-12-05T13:23:08Z,2017,2017-01-01,2017-12-31
5535829,GHED_GGHE-DGDP_SHA2011,WORLDBANKINCOMEGROUP,WB_LI,,,YEAR,2019,,,,,,,,,1.11,1.10936242,,,,2025-12-05T13:23:08Z,2019,2019-01-01,2019-12-31
5537181,GHED_GGHE-DGDP_SHA2011,COUNTRY,AUT,EUR,Europe,YEAR,2022,,,,,,,,,8.66,8.65631485,,,,2025-12-05T13:23:08Z,2022,2022-01-01,2022-12-31
5538115,GHED_GGHE-DGDP_SHA2011,COUNTRY,POL,EUR,Europe,YEAR,2000,,,,,,,,,3.59,3.59174061,,,,2025-12-05T13:23:08Z,2000,2000-01-01,2000-12-31
5543639,GHED_GGHE-DGDP_SHA2011,COUNTRY,LBY,EMR,Eastern Mediterranean,YEAR,2017,,,,,,,,,3.10,3.09533191,,,,2025-12-05T13:23:08Z,2017,2017-01-01,2017-12-31
5544476,GHED_GGHE-DGDP_SHA2011,WORLDBANKINCOMEGROUP,WB_LMI,,,YEAR,2007,,,,,,,,,1.92,1.92467549,,,,2025-12-05T13:23:08Z,2007,2007-01-01,2007-12-31
5545169,GHED_GGHE-DGDP_SHA2011,COUNTRY,CRI,AMR,Americas,YEAR,2001,,,,,,,,,4.24,4.24420071,,,,2025-12-05T13:23:08Z,2001,2001-01-01,2001-12-31
5545514,GHED_GGHE-DGDP_SHA2011,COUNTRY,CUB,AMR,Americas,YEAR,2008,,,,,,,,,10.29,10.29249096,,,,2025-12-05T13:23:08Z,2008,2008-01-01,2008-12-31
5549207,GHED_GGHE-DGDP_SHA2011,COUNTRY,TJK,EUR,Europe,YEAR,2019,,,,,,,,,1.90,1.89777529,,,,2025-12-05T13:23:08Z,2019,2019-01-01,2019-12-31
5551721,GHED_GGHE-DGDP_SHA2011,COUNTRY,RWA,AFR,Africa,YEAR,2017,,,,,,,,,1.56,1.56328964,,,,2025-12-05T13:23:08Z,2017,2017-01-01,2017-12-31
5554705,GHED_GGHE-DGDP_SHA2011,COUNTRY,STP,AFR,Africa,YEAR,2021,,,,,,,,,3.37,3.36913323,,,,2025-12-05T13:23:08Z,2021,2021-01-01,2021-12-31
5558245,GHED_GGHE-DGDP_SHA2011,COUNTRY,KHM,WPR,Western Pacific,YEAR,2001,,,,,,,,,1.14,1.13873184,,,,2025-12-05T13:23:08Z,2001,2001-01-01,2001-12-31
5559785,GHED_GGHE-DGDP_SHA2011,COUNTRY,PNG,WPR,Western Pacific,YEAR,2015,,,,,,,,,1.38,1.37782788,,,,2025-12-05T13:23:08Z,2015,2015-01-01,2015-12-31
5559955,GHED_GGHE-DGDP_SHA2011,COUNTRY,KEN,AFR,Africa,YEAR,2015,,,,,,,,,1.92,1.92388499,,,,2025-12-05T13:23:08Z,2015,2015-01-01,2015-12-31
5561682,GHED_GGHE-DGDP_SHA2011,COUNTRY,BRB,AMR,Americas,YEAR,2021,,,,,,,,,4.04,4.04128695,,,,2025-12-05T13:23:08Z,2021,2021-01-01,2021-12-31
5562608,GHED_GGHE-DGDP_SHA2011,COUNTRY,NZL,WPR,Western Pacific,YEAR,2022,,,,,,,,,8.66,8.65659904,,,,2025-12-05T13:23:08Z,2022,2022-01-01,2022-12-31
5563601,GHED_GGHE-DGDP_SHA2011,COUNTRY,HUN,EUR,Europe,YEAR,2000,,,,,,,,,4.66,4.66075277,,,,2025-12-05T13:23:08Z,2000,2000-01-01,2000-12-31
5565235,GHED_GGHE-DGDP_SHA2011,WORLDBANKINCOMEGROUP,WB_HI,,,YEAR,2004,,,,,,,,,4.58,4.5802224,,,,2025-12-05T13:23:08Z,2004,2004-01-01,2004-12-31
5566817,GHED_GGHE-DGDP_SHA2011,COUNTRY,MEX,AMR,Americas,YEAR,2020,,,,,,,,,3.20,3.20069051,,,,2025-12-05T13:23:08Z,2020,2020-01-01,2020-12-31
5568084,GHED_GGHE-DGDP_SHA2011,COUNTRY,KNA,AMR,Americas,YEAR,2017,,,,,,,,,2.19,2.19368339,,,,2025-12-05T13:23:08Z,2017,2017-01-01,2017-12-31
5568770,GHED_GGHE-DGDP_SHA2011,COUNTRY,ESP,EUR,Europe,YEAR,2008,,,,,,,,,6.13,6.12689114,,,,2025-12-05T13:23:08Z,2008,2008-01-01,2008-12-31
5569379,GHED_GGHE-DGDP_SHA2011,WORLDBANKINCOMEGROUP,WB_LI,,,YEAR,2007,,,,,,,,,1.17,1.167371,,,,2025-12-05T13:23:08Z,2007,2007-01-01,2007-12-31
5571145,GHED_GGHE-DGDP_SHA2011,COUNTRY,VNM,WPR,Western Pacific,YEAR,2022,,,,,,,,,1.97,1.97061062,,,,2025-12-05T13:23:08Z,2022,2022-01-01,2022-12-31
5573778,GHED_GGHE-DGDP_SHA2011,COUNTRY,BLZ,AMR,Americas,YEAR,2005,,,,,,,,,1.78,1.78223765,,,,2025-12-05T13:23:08Z,2005,2005-01-01,2005-12-31
5574048,GHED_GGHE-DGDP_SHA2011,COUNTRY,BHR,EMR,Eastern Mediterranean,YEAR,2012,,,,,,,,,2.58,2.58166146,,,,2025-12-05T13:23:08Z,2012,2012-01-01,2012-12-31
5576079,GHED_GGHE-DGDP_SHA2011,COUNTRY,SYR,EMR,Eastern Mediterranean,YEAR,2013,,,,,,,,,1.82,1.81969619,,,,2025-12-05T13:23:08Z,2013,2013-01-01,2013-12-31
5581501,GHED_GGHE-DGDP_SHA2011,COUNTRY,GEO,EUR,Europe,YEAR,2022,,,,,,,,,3.06,3.06025243,,,,2025-12-05T13:23:08Z,2022,2022-01-01,2022-12-31
5581540,GHED_GGHE-DGDP_SHA2011,COUNTRY,PAN,AMR,Americas,YEAR,2019,,,,,,,,,4.62,4.61607218,,,,2025-12-05T13:23:08Z,2019,2019-01-01,2019-12-31
5586064,GHED_GGHE-DGDP_SHA2011,COUNTRY,ESP,EUR,Europe,YEAR,2012,,,,,,,,,6.57,6.57172394,,,,2025-12-05T13:23:08Z,2012,2012-01-01,2012-12-31
5589196,GHED_GGHE-DGDP_SHA2011,COUNTRY,TUR,EUR,Europe,YEAR,2008,,,,,,,,,3.79,3.79284501,,,,2025-12-05T13:23:08Z,2008,2008-01-01,2008-12-31
5595631,GHED_GGHE-DGDP_SHA2011,COUNTRY,GBR,EUR,Europe,YEAR,2002,,,,,,,,,6.04,6.0388236,,,,2025-12-05T13:23:08Z,2002,2002-01-01,2002-12-31
5604732,GHED_GGHE-DGDP_SHA2011,COUNTRY,SAU,EMR,Eastern Mediterranean,YEAR,2019,,,,,,,,,4.03,4.03419542,,,,2025-12-05T13:23:08Z,2019,2019-01-01,2019-12-31
5606186,GHED_GGHE-DGDP_SHA2011,COUNTRY,NIC,AMR,Americas,YEAR,2014,,,,,,,,,4.16,4.15811014,,,,2025-12-05T13:23:08Z,2014,2014-01-01,2014-12-31
5609571,GHED_GGHE-DGDP_SHA2011,COUNTRY,FRA,EUR,Europe,YEAR,2003,,,,,,,,,7.36,7.36141872,,,,2025-12-05T13:23:08Z,2003,2003-01-01,2003-12-31
5613249,GHED_GGHE-DGDP_SHA2011,COUNTRY,NZL,WPR,Western Pacific,YEAR,2018,,,,,,,,,6.23,6.23302364,,,,2025-12-05T13:23:08Z,2018,2018-01-01,2018-12-31
5617161,GHED_GGHE-DGDP_SHA2011,COUNTRY,TGO,AFR,Africa,YEAR,2013,,,,,,,,,0.96,0.96069103,,,,2025-12-05T13:23:08Z,2013,2013-01-01,2013-12-31
5618794,GHED_GGHE-DGDP_SHA2011,WORLDBANKINCOMEGROUP,WB_LMI,,,YEAR,2018,,,,,,,,,2.08,2.07679326,,,,2025-12-05T13:23:08Z,2018,2018-01-01,2018-12-31
5621489,GHED_GGHE-DGDP_SHA2011,COUNTRY,SMR,EUR,Europe,YEAR,2018,,,,,,,,,7.36,7.35798597,,,,2025-12-05T13:23:08Z,2018,2018-01-01,2018-12-31
5622703,GHED_GGHE-DGDP_SHA2011,GLOBAL,GLOBAL,,,YEAR,2023,,,,,,,,,3.75,3.74763785,,,,2026-01-12T13:50:53Z,2023,2023-01-01,2023-12-31
5622844,GHED_GGHE-DGDP_SHA2011,COUNTRY,HUN,EUR,Europe,YEAR,2003,,,,,,,,,5.69,5.6894331,,,,2025-12-05T13:23:08Z,2003,2003-01-01,2003-12-31
5627503,GHED_GGHE-DGDP_SHA2011,COUNTRY,IND,SEAR,South-East Asia,YEAR,2006,,,,,,,,,0.75,0.75237411,,,,2025-12-05T13:23:08Z,2006,2006-01-01,2006-12-31
5634518,GHED_GGHE-DGDP_SHA2011,COUNTRY,ETH,AFR,Africa,YEAR,2003,,,,,,,,,2.28,2.27634907,,,,2025-12-05T13:23:08Z,2003,2003-01-01,2003-12-31
5635577,GHED_GGHE-DGDP_SHA2011,COUNTRY,COL,AMR,Americas,YEAR,2003,,,,,,,,,4.47,4.46871901,,,,2025-12-05T13:23:08Z,2003,2003-01-01,2003-12-31
5635591,GHED_GGHE-DGDP_SHA2011,COUNTRY,IND,SEAR,South-East Asia,YEAR,2000,,,,,,,,,0.85,0.84906155,,,,2025-12-05T13:23:08Z,2000,2000-01-01,2000-12-31
5637713,GHED_GGHE-DGDP_SHA2011,COUNTRY,FJI,WPR,Western Pacific,YEAR,2007,,,,,,,,,2.47,2.46818185,,,,2025-12-05T13:23:08Z,2007,2007-01-01,2007-12-31
5637877,GHED_GGHE-DGDP_SHA2011,COUNTRY,TUN,EMR,Eastern Mediterranean,YEAR,2019,,,,,,,,,3.57,3.56713367,,,,2025-12-05T13:23:08Z,2019,2019-01-01,2019-12-31
5638839,GHED_GGHE-DGDP_SHA2011,COUNTRY,LSO,AFR,Africa,YEAR,2020,,,,,,,,,4.87,4.87197256,,,,2025-12-05T13:23:08Z,2020,2020-01-01,2020-12-31
5639913,GHED_GGHE-DGDP_SHA2011,COUNTRY,YEM,EMR,Eastern Mediterranean,YEAR,2018,,,,,,,,,0.77,0.76913458,,,,2025-12-05T13:23:08Z,2018,2018-01-01,2018-12-31
5639989,GHED_GGHE-DGDP_SHA2011,COUNTRY,NPL,SEAR,South-East Asia,YEAR,2021,,,,,,,,,1.77,1.76734555,,,,2025-12-05T13:23:08Z,2021,2021-01-01,2021-12-31
5640793,GHED_GGHE-DGDP_SHA2011,COUNTRY,NRU,WPR,Western Pacific,YEAR,2009,,,,,,,,,6.32,6.32094669,,,,2025-12-05T13:23:08Z,2009,2009-01-01,2009-12-31
5644616,GHED_GGHE-DGDP_SHA2011,COUNTRY,BFA,AFR,Africa,YEAR,2018,,,,,,,,,2.13,2.12523532,,,,2025-12-05T13:23:08Z,2018,2018-01-01,2018-12-31
5646771,GHED_GGHE-DGDP_SHA2011,COUNTRY,MDA,EUR,Europe,YEAR,2011,,,,,,,,,4.25,4.24517536,,,,2025-12-05T13:23:08Z,2011,2011-01-01,2011-12-31
5647636,GHED_GGHE-DGDP_SHA2011,COUNTRY,TJK,EUR,Europe,YEAR,2003,,,,,,,,,0.77,0.76923078,,,,2025-12-05T13:23:08Z,2003,2003-01-01,2003-12-31
5648633,GHED_GGHE-DGDP_SHA2011,COUNTRY,LIE,EUR,Europe,YEAR,2017,,,,,,,,,3.59,3.58753037,,,,2025-12-05T13:23:08Z,2017,2017-01-01,2017-12-31
5649404,GHED_GGHE-DGDP_SHA2011,COUNTRY,BRN,WPR,Western Pacific,YEAR,2006,,,,,,,,,1.63,1.62710452,,,,2025-12-05T13:23:08Z,2006,2006-01-01,2006-12-31
5650949,GHED_GGHE-DGDP_SHA2011,COUNTRY,KWT,EMR,Eastern Mediterranean,YEAR,2021,,,,,,,,,4.78,4.77891159,,,,2025-12-05T13:23:08Z,2021,2021-01-01,2021-12-31
5652005,GHED_GGHE-DGDP_SHA2011,COUNTRY,NLD,EUR,Europe,YEAR,2003,,,,,,,,,6.32,6.31752491,,,,2025-12-05T13:23:08Z,2003,2003-01-01,2003-12-31
5652016,GHED_GGHE-DGDP_SHA2011,COUNTRY,TUR,EUR,Europe,YEAR,2001,,,,,,,,,3.29,3.28714538,,,,2025-12-05T13:23:08Z,2001,2001-01-01,2001-12-31
5655494,GHED_GGHE-DGDP_SHA2011,COUNTRY,NOR,EUR,Europe,YEAR,2016,,,,,,,,,8.99,8.99088097,,,,2025-12-05T13:23:08Z,2016,2016-01-01,2016-12-31
5660321,GHED_GGHE-DGDP_SHA2011,COUNTRY,PAK,EMR,Eastern Mediterranean,YEAR,2019,,,,,,,,,0.94,0.94332874,,,,2025-12-05T13:23:08Z,2019,2019-01-01,2019-12-31
5660959,GHED_GGHE-DGDP_SHA2011,COUNTRY,SAU,EMR,Eastern Mediterranean,YEAR,2002,,,,,,,,,3.07,3.07290077,,,,2025-12-05T13:23:08Z,2002,2002-01-01,2002-12-31
5661062,GHED_GGHE-DGDP_SHA2011,REGION,AMR,,,YEAR,2020,,,,,,,,,4.67,4.67473459,,,,2025-12-05T13:23:08Z,2020,2020-01-01,2020-12-31
5663838,GHED_GGHE-DGDP_SHA2011,COUNTRY,BIH,EUR,Europe,YEAR,2008,,,,,,,,,5.28,5.28242588,,,,2025-12-05T13:23:08Z,2008,2008-01-01,2008-12-31
5670437,GHED_GGHE-DGDP_SHA2011,COUNTRY,GAB,AFR,Africa,YEAR,2000,,,,,,,,,1.06,1.06383789,,,,2025-12-05T13:23:08Z,2000,2000-01-01,2000-12-31
5674360,GHED_GGHE-DGDP_SHA2011,COUNTRY,RUS,EUR,Europe,YEAR,2010,,,,,,,,,3.05,3.0512259,,,,2025-12-05T13:23:08Z,2010,2010-01-01,2010-12-31
5676000,GHED_GGHE-DGDP_SHA2011,COUNTRY,SWZ,AFR,Africa,YEAR,2012,,,,,,,,,3.41,3.41336322,,,,2025-12-05T13:23:08Z,2012,2012-01-01,2012-12-31
5676895,GHED_GGHE-DGDP_SHA2011,WORLDBANKINCOMEGROUP,WB_HI,,,YEAR,2023,,,,,,,,,5.64,5.63703984,,,,2025-12-05T13:23:08Z,2023,2023-01-01,2023-12-31
5677589,GHED_GGHE-DGDP_SHA2011,COUNTRY,BRN,WPR,Western Pacific,YEAR,2017,,,,,,,,,2.15,2.14737701,,,,2025-12-05T13:23:08Z,2017,2017-01-01,2017-12-31
5681255,GHED_GGHE-DGDP_SHA2011,COUNTRY,LKA,SEAR,South-East Asia,YEAR,2006,,,,,,,,,1.96,1.96220529,,,,2025-12-05T13:23:08Z,2006,2006-01-01,2006-12-31
5684418,GHED_GGHE-DGDP_SHA2011,COUNTRY,GRC,EUR,Europe,YEAR,2011,,,,,,,,,6.04,6.03533649,,,,2025-12-05T13:23:08Z,2011,2011-01-01,2011-12-31
5684996,GHED_GGHE-DGDP_SHA2011,COUNTRY,LUX,EUR,Europe,YEAR,2018,,,,,,,,,4.48,4.47836113,,,,2025-12-05T13:23:08Z,2018,2018-01-01,2018-12-31
5685270,GHED_GGHE-DGDP_SHA2011,COUNTRY,GUY,AMR,Americas,YEAR,2022,,,,,,,,,1.74,1.73739421,,,,2025-12-05T13:23:08Z,2022,2022-01-01,2022-12-31
5691829,GHED_GGHE-DGDP_SHA2011,COUNTRY,LSO,AFR,Africa,YEAR,2003,,,,,,,,,3.14,3.14434719,,,,2025-12-05T13:23:08Z,2003,2003-01-01,2003-12-31
5693038,GHED_GGHE-DGDP_SHA2011,COUNTRY,BGD,SEAR,South-East Asia,YEAR,2014,,,,,,,,,0.42,0.4220427,,,,2025-12-05T13:23:08Z,2014,2014-01-01,2014-12-31
5695509,GHED_GGHE-DGDP_SHA2011,COUNTRY,NRU,WPR,Western Pacific,YEAR,2015,,,,,,,,,8.44,8.4357338,,,,2025-12-05T13:23:08Z,2015,2015-01-01,2015-12-31
5698277,GHED_GGHE-DGDP_SHA2011,COUNTRY,URY,AMR,Americas,YEAR,2013,,,,,,,,,5.37,5.37133551,,,,2025-12-05T13:23:08Z,2013,2013-01-01,2013-12-31
5700096,GHED_GGHE-DGDP_SHA2011,COUNTRY,GRD,AMR,Americas,YEAR,2018,,,,,,,,,1.87,1.86524379,,,,2025-12-05T13:23:08Z,2018,2018-01-01,2018-12-31
5701448,GHED_GGHE-DGDP_SHA2011,COUNTRY,LBR,AFR,Africa,YEAR,2011,,,,,,,,,1.52,1.51829398,,,,2025-12-05T13:23:08Z,2011,2011-01-01,2011-12-31
5702150,GHED_GGHE-DGDP_SHA2011,COUNTRY,NIC,AMR,Americas,YEAR,2009,,,,,,,,,3.81,3.81332731,,,,2025-12-05T13:23:08Z,2009,2009-01-01,2009-12-31
5705216,GHED_GGHE-DGDP_SHA2011,GLOBAL,GLOBAL,,,YEAR,2004,,,,,,,,,3.00,3.00171011,,,,2025-12-05T13:23:08Z,2004,2004-01-01,2004-12-31
5706956,GHED_GGHE-DGDP_SHA2011,COUNTRY,DZA,AFR,Africa,YEAR,2014,,,,,,,,,4.22,4.21865416,,,,2025-12-05T13:23:08Z,2014,2014-01-01,2014-12-31
5707882,GHED_GGHE-DGDP_SHA2011,COUNTRY,KHM,WPR,Western Pacific,YEAR,2018,,,,,,,,,1.21,1.20929301,,,,2025-12-05T13:23:08Z,2018,2018-01-01,2018-12-31
5711783,GHED_GGHE-DGDP_SHA2011,COUNTRY,BGR,EUR,Europe,YEAR,2003,,,,,,,,,4.37,4.37132454,,,,2025-12-05T13:23:08Z,2003,2003-01-01,2003-12-31
5713037,GHED_GGHE-DGDP_SHA2011,COUNTRY,TTO,AMR,Americas,YEAR,2007,,,,,,,,,1.92,1.91819596,,,,2025-12-05T13:23:08Z,2007,2007-01-01,2007-12-31
5718284,GHED_GGHE-DGDP_SHA2011,COUNTRY,MLT,EUR,Europe,YEAR,2012,,,,,,,,,5.41,5.41480064,,,,2025-12-05T13:23:08Z,2012,2012-01-01,2012-12-31
5721847,GHED_GGHE-DGDP_SHA2011,COUNTRY,MNG,WPR,Western Pacific,YEAR,2020,,,,,,,,,2.57,2.56925178,,,,2025-12-05T13:23:08Z,2020,2020-01-01,2020-12-31
5725752,GHED_GGHE-DGDP_SHA2011,COUNTRY,BTN,SEAR,South-East Asia,YEAR,2003,,,,,,,,,2.65,2.65240765,,,,2025-12-05T13:23:08Z,2003,2003-01-01,2003-12-31
5726169,GHED_GGHE-DGDP_SHA2011,COUNTRY,BFA,AFR,Africa,YEAR,2020,,,,,,,,,2.85,2.84514332,,,,2025-12-05T13:23:08Z,2020,2020-01-01,2020-12-31
5729100,GHED_GGHE-DGDP_SHA2011,COUNTRY,MUS,AFR,Africa,YEAR,2001,,,,,,,,,1.57,1.57129419,,,,2025-12-05T13:23:08Z,2001,2001-01-01,2001-12-31
5732122,GHED_GGHE-DGDP_SHA2011,COUNTRY,JAM,AMR,Americas,YEAR,2013,,,,,,,,,2.97,2.97220016,,,,2025-12-05T13:23:08Z,2013,2013-01-01,2013-12-31
5732783,GHED_GGHE-DGDP_SHA2011,COUNTRY,AFG,EMR,Eastern Mediterranean,YEAR,2013,,,,,,,,,0.44,0.44335932,,,,2025-12-05T13:23:08Z,2013,2013-01-01,2013-12-31
5734337,GHED_GGHE-DGDP_SHA2011,COUNTRY,TJK,EUR,Europe,YEAR,2017,,,,,,,,,1.99,1.98792565,,,,2025-12-05T13:23:08Z,2017,2017-01-01,2017-12-31
5734782,GHED_GGHE-DGDP_SHA2011,COUNTRY,GNQ,AFR,Africa,YEAR,2006,,,,,,,,,0.46,0.45787242,,,,2025-12-05T13:23:08Z,2006,2006-01-01,2006-12-31
5741714,GHED_GGHE-DGDP_SHA2011,COUNTRY,VUT,WPR,Western Pacific,YEAR,2002,,,,,,,,,2.62,2.62352204,,,,2025-12-05T13:23:08Z,2002,2002-01-01,2002-12-31
5746163,GHED_GGHE-DGDP_SHA2011,COUNTRY,NIU,WPR,Western Pacific,YEAR,2015,,,,,,,,,5.72,5.72227478,,,,2025-12-05T13:23:08Z,2015,2015-01-01,2015-12-31
5746268,GHED_GGHE-DGDP_SHA2011,COUNTRY,JOR,EMR,Eastern Mediterranean,YEAR,2017,,,,,,,,,3.19,3.18527389,,,,2025-12-05T13:23:08Z,2017,2017-01-01,2017-12-31
5749080,GHED_GGHE-DGDP_SHA2011,COUNTRY,HUN,EUR,Europe,YEAR,2008,,,,,,,,,4.81,4.80511093,,,,2025-12-05T13:23:08Z,2008,2008-01-01,2008-12-31
5749503,GHED_GGHE-DGDP_SHA2011,COUNTRY,BRA,AMR,Americas,YEAR,2021,,,,,,,,,4.31,4.30673981,,,,2025-12-05T13:23:08Z,2021,2021-01-01,2021-12-31
5750449,GHED_GGHE-DGDP_SHA2011,COUNTRY,AND,EUR,Europe,YEAR,2019,,,,,,,,,5.22,5.22278023,,,,2025-12-05T13:23:08Z,2019,2019-01-01,2019-12-31
5753325,GHED_GGHE-DGDP_SHA2011,COUNTRY,SWZ,AFR,Africa,YEAR,2013,,,,,,,,,3.32,3.32492328,,,,2025-12-05T13:23:08Z,2013,2013-01-01,2013-12-31
5754387,GHED_GGHE-DGDP_SHA2011,COUNTRY,UKR,EUR,Europe,YEAR,2021,,,,,,,,,4.28,4.27551651,,,,2025-12-05T13:23:08Z,2021,2021-01-01,2021-12-31
5755270,GHED_GGHE-DGDP_SHA2011,COUNTRY,BOL,AMR,Americas,YEAR,2019,,,,,,,,,4.90,4.89661789,,,,2025-12-05T13:23:08Z,2019,2019-01-01,2019-12-31
5755987,GHED_GGHE-DGDP_SHA2011,COUNTRY,PRY,AMR,Americas,YEAR,2005,,,,,,,,,1.59,1.58578682,,,,2025-12-05T13:23:08Z,2005,2005-01-01,2005-12-31
5756208,GHED_GGHE-DGDP_SHA2011,COUNTRY,IDN,WPR,Western Pacific,YEAR,2014,,,,,,,,,0.99,0.99270725,,,,2025-12-05T13:23:08Z,2014,2014-01-01,2014-12-31
5757073,GHED_GGHE-DGDP_SHA2011,COUNTRY,LTU,EUR,Europe,YEAR,2022,,,,,,,,,4.73,4.7339468,,,,2025-12-05T13:23:08Z,2022,2022-01-01,2022-12-31
5759428,GHED_GGHE-DGDP_SHA2011,COUNTRY,EST,EUR,Europe,YEAR,2002,,,,,,,,,3.58,3.57680702,,,,2025-12-05T13:23:08Z,2002,2002-01-01,2002-12-31
5761897,GHED_GGHE-DGDP_SHA2011,COUNTRY,ISR,EUR,Europe,YEAR,2005,,,,,,,,,4.12,4.12496138,,,,2025-12-05T13:23:08Z,2005,2005-01-01,2005-12-31
5762788,GHED_GGHE-DGDP_SHA2011,COUNTRY,FIN,EUR,Europe,YEAR,2016,,,,,,,,,7.36,7.3601203,,,,2025-12-05T13:23:08Z,2016,2016-01-01,2016-12-31
5763607,GHED_GGHE-DGDP_SHA2011,COUNTRY,DMA,AMR,Americas,YEAR,2009,,,,,,,,,2.67,2.67258692,,,,2025-12-05T13:23:08Z,2009,2009-01-01,2009-12-31
5765375,GHED_GGHE-DGDP_SHA2011,COUNTRY,CHL,AMR,Americas,YEAR,2022,,,,,,,,,5.09,5.09029913,,,,2025-12-05T13:23:08Z,2022,2022-01-01,2022-12-31
5766253,GHED_GGHE-DGDP_SHA2011,COUNTRY,MMR,SEAR,South-East Asia,YEAR,2008,,,,,,,,,0.17,0.17198935,,,,2025-12-05T13:23:08Z,2008,2008-01-01,2008-12-31
5766793,GHED_GGHE-DGDP_SHA2011,COUNTRY,ISL,EUR,Europe,YEAR,2001,,,,,,,,,7.06,7.05830956,,,,2025-12-05T13:23:08Z,2001,2001-01-01,2001-12-31
5768595,GHED_GGHE-DGDP_SHA2011,COUNTRY,NIC,AMR,Americas,YEAR,2000,,,,,,,,,2.57,2.56718063,,,,2025-12-05T13:23:08Z,2000,2000-01-01,2000-12-31
5769883,GHED_GGHE-DGDP_SHA2011,COUNTRY,POL,EUR,Europe,YEAR,2010,,,,,,,,,4.59,4.59161377,,,,2025-12-05T13:23:08Z,2010,2010-01-01,2010-12-31
5772217,GHED_GGHE-DGDP_SHA2011,COUNTRY,MCO,EUR,Europe,YEAR,2018,,,,,,,,,3.51,3.51253462,,,,2025-12-05T13:23:08Z,2018,2018-01-01,2018-12-31
5773331,GHED_GGHE-DGDP_SHA2011,COUNTRY,SUR,AMR,Americas,YEAR,2001,,,,,,,,,1.86,1.85921216,,,,2025-12-05T13:23:08Z,2001,2001-01-01,2001-12-31
5773916,GHED_GGHE-DGDP_SHA2011,COUNTRY,COL,AMR,Americas,YEAR,2018,,,,,,,,,5.39,5.38843489,,,,2025-12-05T13:23:08Z,2018,2018-01-01,2018-12-31
5774030,GHED_GGHE-DGDP_SHA2011,COUNTRY,LKA,SEAR,South-East Asia,YEAR,2013,,,,,,,,,1.68,1.6775682,,,,2025-12-05T13:23:08Z,2013,2013-01-01,2013-12-31
5774148,GHED_GGHE-DGDP_SHA2011,COUNTRY,BLR,EUR,Europe,YEAR,2004,,,,,,,,,4.40,4.39936543,,,,2025-12-05T13:23:08Z,2004,2004-01-01,2004-12-31
5775138,GHED_GGHE-DGDP_SHA2011,COUNTRY,LUX,EUR,Europe,YEAR,2000,,,,,,,,,4.93,4.93300676,,,,2025-12-05T13:23:08Z,2000,2000-01-01,2000-12-31
5775735,GHED_GGHE-DGDP_SHA2011,COUNTRY,CHL,AMR,Americas,YEAR,2009,,,,,,,,,3.40,3.39756632,,,,2025-12-05T13:23:08Z,2009,2009-01-01,2009-12-31
5780469,GHED_GGHE-DGDP_SHA2011,WORLDBANKINCOMEGROUP,WB_UMI,,,YEAR,2008,,,,,,,,,3.11,3.1072922100000002,,,,2025-12-05T13:23:08Z,2008,2008-01-01,2008-12-31
5781643,GHED_GGHE-DGDP_SHA2011,COUNTRY,AUS,WPR,Western Pacific,YEAR,2016,,,,,,,,,7.20,7.20443821,,,,2025-12-05T13:23:08Z,2016,2016-01-01,2016-12-31
5783209,GHED_GGHE-DGDP_SHA2011,COUNTRY,BHS,AMR,Americas,YEAR,2009,,,,,,,,,2.35,2.34723687,,,,2025-12-05T13:23:08Z,2009,2009-01-01,2009-12-31
5784803,GHED_GGHE-DGDP_SHA2011,COUNTRY,BWA,AFR,Africa,YEAR,2015,,,,,,,,,4.14,4.13518047,,,,2025-12-05T13:23:08Z,2015,2015-01-01,2015-12-31
5786626,GHED_GGHE-DGDP_SHA2011,COUNTRY,BEL,EUR,Europe,YEAR,2021,,,,,,,,,8.49,8.49062634,,,,2025-12-05T13:23:08Z,2021,2021-01-01,2021-12-31
5794245,GHED_GGHE-DGDP_SHA2011,COUNTRY,CZE,EUR,Europe,YEAR,2020,,,,,,,,,7.89,7.89175224,,,,2025-12-05T13:23:08Z,2020,2020-01-01,2020-12-31
5794336,GHED_GGHE-DGDP_SHA2011,REGION,EMR,,,YEAR,2008,,,,,,,,,1.96,1.95815415,,,,2025-12-05T13:23:08Z,2008,2008-01-01,2008-12-31
5799526,GHED_GGHE-DGDP_SHA2011,COUNTRY,GBR,EUR,Europe,YEAR,2011,,,,,,,,,8.01,8.01413918,,,,2025-12-05T13:23:08Z,2011,2011-01-01,2011-12-31
5800942,GHED_GGHE-DGDP_SHA2011,COUNTRY,HND,AMR,Americas,YEAR,2000,,,,,,,,,3.02,3.02285886,,,,2025-12-05T13:23:08Z,2000,2000-01-01,2000-12-31
5802183,GHED_GGHE-DGDP_SHA2011,COUNTRY,TJK,EUR,Europe,YEAR,2020,,,,,,,,,2.15,2.1510756,,,,2025-12-05T13:23:08Z,2020,2020-01-01,2020-12-31
5804739,GHED_GGHE-DGDP_SHA2011,COUNTRY,CAN,AMR,Americas,YEAR,2020,,,,,,,,,9.62,9.61535835,,,,2025-12-05T13:23:08Z,2020,2020-01-01,2020-12-31
5808940,GHED_GGHE-DGDP_SHA2011,COUNTRY,ZWE,AFR,Africa,YEAR,2010,,,,,,,,,2.75,2.75333452,,,,2025-12-05T13:23:08Z,2010,2010-01-01,2010-12-31
5809826,GHED_GGHE-DGDP_SHA2011,COUNTRY,USA,AMR,Americas,YEAR,2008,,,,,,,,,7.22,7.22217178,,,,2025-12-05T13:23:08Z,2008,2008-01-01,2008-12-31
5810695,GHED_GGHE-DGDP_SHA2011,COUNTRY,SGP,WPR,Western Pacific,YEAR,2000,,,,,,,,,1.21,1.21474111,,,,2025-12-05T13:23:08Z,2000,2000-01-01,2000-12-31
5811144,GHED_GGHE-DGDP_SHA2011,COUNTRY,GNQ,AFR,Africa,YEAR,2007,,,,,,,,,0.48,0.48071325,,,,2025-12-05T13:23:08Z,2007,2007-01-01,2007-12-31
5812689,GHED_GGHE-DGDP_SHA2011,COUNTRY,DEU,EUR,Europe,YEAR,2018,,,,,,,,,8.71,8.7105999,,,,2025-12-05T13:23:08Z,2018,2018-01-01,2018-12-31
5815103,GHED_GGHE-DGDP_SHA2011,COUNTRY,KIR,WPR,Western Pacific,YEAR,2012,,,,,,,,,7.03,7.0250001,,,,2025-12-05T13:23:08Z,2012,2012-01-01,2012-12-31
5815675,GHED_GGHE-DGDP_SHA2011,COUNTRY,GUY,AMR,Americas,YEAR,2002,,,,,,,,,1.74,1.73537362,,,,2025-12-05T13:23:08Z,2002,2002-01-01,2002-12-31
5816053,GHED_GGHE-DGDP_SHA2011,COUNTRY,SLE,AFR,Africa,YEAR,2014,,,,,,,,,1.03,1.02695739,,,,2025-12-05T13:23:08Z,2014,2014-01-01,2014-12-31
5817814,GHED_GGHE-DGDP_SHA2011,COUNTRY,COK,WPR,Western Pacific,YEAR,2011,,,,,,,,,3.16,3.15653372,,,,2025-12-05T13:23:08Z,2011,2011-01-01,2011-12-31
5824394,GHED_GGHE-DGDP_SHA2011,COUNTRY,WSM,WPR,Western Pacific,YEAR,2005,,,,,,,,,3.18,3.17797899,,,,2025-12-05T13:23:08Z,2005,2005-01-01,2005-12-31
5825677,GHED_GGHE-DGDP_SHA2011,COUNTRY,ROU,EUR,Europe,YEAR,2016,,,,,,,,,3.97,3.97179151,,,,2025-12-05T13:23:08Z,2016,2016-01-01,2016-12-31
5827473,GHED_GGHE-DGDP_SHA2011,COUNTRY,BHS,AMR,Americas,YEAR,2016,,,,,,,,,2.72,2.71795917,,,,2025-12-05T13:23:08Z,2016,2016-01-01,2016-12-31
5827871,GHED_GGHE-DGDP_SHA2011,COUNTRY,ISL,EUR,Europe,YEAR,2023,,,,,,,,,7.28,7.27967358,,,,2025-12-05T13:23:08Z,2023,2023-01-01,2023-12-31
5829088,GHED_GGHE-DGDP_SHA2011,COUNTRY,FSM,WPR,Western Pacific,YEAR,2013,,,,,,,,,1.56,1.55522645,,,,2025-12-05T13:23:08Z,2013,2013-01-01,2013-12-31
5829112,GHED_GGHE-DGDP_SHA2011,COUNTRY,BHS,AMR,Americas,YEAR,2002,,,,,,,,,1.51,1.50943291,,,,2025-12-05T13:23:08Z,2002,2002-01-01,2002-12-31
5832871,GHED_GGHE-DGDP_SHA2011,COUNTRY,SWZ,AFR,Africa,YEAR,2016,,,,,,,,,2.85,2.84598303,,,,2025-12-05T13:23:08Z,2016,2016-01-01,2016-12-31
5834322,GHED_GGHE-DGDP_SHA2011,COUNTRY,SDN,EMR,Eastern Mediterranean,YEAR,2021,,,,,,,,,0.77,0.77320933,,,,2025-12-05T13:23:08Z,2021,2021-01-01,2021-12-31
5837303,GHED_GGHE-DGDP_SHA2011,COUNTRY,JOR,EMR,Eastern Mediterranean,YEAR,2018,,,,,,,,,3.00,3.00017619,,,,2025-12-05T13:23:08Z,2018,2018-01-01,2018-12-31
5837613,GHED_GGHE-DGDP_SHA2011,COUNTRY,ARE,EMR,Eastern Mediterranean,YEAR,2007,,,,,,,,,1.51,1.50558293,,,,2025-12-05T13:23:08Z,2007,2007-01-01,2007-12-31
5840773,GHED_GGHE-DGDP_SHA2011,REGION,EUR,,,YEAR,2018,,,,,,,,,4.88,4.8805944,,,,2025-12-05T13:23:08Z,2018,2018-01-01,2018-12-31
5840785,GHED_GGHE-DGDP_SHA2011,COUNTRY,SVN,EUR,Europe,YEAR,2008,,,,,,,,,5.70,5.69555473,,,,2025-12-05T13:23:08Z,2008,2008-01-01,2008-12-31
5841647,GHED_GGHE-DGDP_SHA2011,COUNTRY,TCD,AFR,Africa,YEAR,2004,,,,,,,,,1.48,1.47851741,,,,2025-12-05T13:23:08Z,2004,2004-01-01,2004-12-31
5842568,GHED_GGHE-DGDP_SHA2011,COUNTRY,STP,AFR,Africa,YEAR,2010,,,,,,,,,2.12,2.11927414,,,,2025-12-05T13:23:08Z,2010,2010-01-01,2010-12-31
5842771,GHED_GGHE-DGDP_SHA2011,COUNTRY,MDG,AFR,Africa,YEAR,2013,,,,,,,,,1.30,1.30425918,,,,2025-12-05T13:23:08Z,2013,2013-01-01,2013-12-31
5851578,GHED_GGHE-DGDP_SHA2011,COUNTRY,LBN,EMR,Eastern Mediterranean,YEAR,2001,,,,,,,,,3.45,3.45263052,,,,2025-12-05T13:23:08Z,2001,2001-01-01,2001-12-31
5857581,GHED_GGHE-DGDP_SHA2011,REGION,EMR,,,YEAR,2021,,,,,,,,,2.43,2.43161683,,,,2025-12-05T13:23:08Z,2021,2021-01-01,2021-12-31
5859462,GHED_GGHE-DGDP_SHA2011,COUNTRY,IRN,EMR,Eastern Mediterranean,YEAR,2014,,,,,,,,,3.28,3.27688289,,,,2025-12-05T13:23:08Z,2014,2014-01-01,2014-12-31
5860093,GHED_GGHE-DGDP_SHA2011,COUNTRY,GAB,AFR,Africa,YEAR,2009,,,,,,,,,1.54,1.54066849,,,,2025-12-05T13:23:08Z,2009,2009-01-01,2009-12-31
5861875,GHED_GGHE-DGDP_SHA2011,COUNTRY,RUS,EUR,Europe,YEAR,2016,,,,,,,,,3.01,3.0124886,,,,2025-12-05T13:23:08Z,2016,2016-01-01,2016-12-31
5862745,GHED_GGHE-DGDP_SHA2011,COUNTRY,MWI,AFR,Africa,YEAR,2022,,,,,,,,,0.88,0.87697619,,,,2025-12-05T13:23:08Z,2022,2022-01-01,2022-12-31
5863807,GHED_GGHE-DGDP_SHA2011,COUNTRY,KWT,EMR,Eastern Mediterranean,YEAR,2009,,,,,,,,,2.21,2.2079618,,,,2025-12-05T13:23:08Z,2009,2009-01-01,2009-12-31
5866154,GHED_GGHE-DGDP_SHA2011,COUNTRY,DOM,AMR,Americas,YEAR,2010,,,,,,,,,2.52,2.51915145,,,,2025-12-05T13:23:08Z,2010,2010-01-01,2010-12-31
5866322,GHED_GGHE-DGDP_SHA2011,COUNTRY,CMR,AFR,Africa,YEAR,2004,,,,,,,,,0.71,0.70553547,,,,2025-12-05T13:23:08Z,2004,2004-01-01,2004-12-31
5867970,GHED_GGHE-DGDP_SHA2011,COUNTRY,NER,AFR,Africa,YEAR,2003,,,,,,,,,1.07,1.07094669,,,,2025-12-05T13:23:08Z,2003,2003-01-01,2003-12-31
5868716,GHED_GGHE-DGDP_SHA2011,COUNTRY,GNB,AFR,Africa,YEAR,2010,,,,,,,,,0.47,0.46807465,,,,2025-12-05T13:23:08Z,2010,2010-01-01,2010-12-31
5871069,GHED_GGHE-DGDP_SHA2011,COUNTRY,AND,EUR,Europe,YEAR,2016,,,,,,,,,5.01,5.00518513,,,,2025-12-05T13:23:08Z,2016,2016-01-01,2016-12-31
5871100,GHED_GGHE-DGDP_SHA2011,COUNTRY,GHA,AFR,Africa,YEAR,2011,,,,,,,,,2.35,2.35423017,,,,2025-12-05T13:23:08Z,2011,2011-01-01,2011-12-31
5871123,GHED_GGHE-DGDP_SHA2011,COUNTRY,HRV,EUR,Europe,YEAR,2018,,,,,,,,,5.54,5.53542042,,,,2025-12-05T13:23:08Z,2018,2018-01-01,2018-12-31
5871308,GHED_GGHE-DGDP_SHA2011,COUNTRY,CYP,EUR,Europe,YEAR,2003,,,,,,,,,2.48,2.47707176,,,,2025-12-05T13:23:08Z,2003,2003-01-01,2003-12-31
5874917,GHED_GGHE-DGDP_SHA2011,COUNTRY,BDI,AFR,Africa,YEAR,2000,,,,,,,,,1.47,1.46507239,,,,2025-12-05T13:23:08Z,2000,2000-01-01,2000-12-31
5875773,GHED_GGHE-DGDP_SHA2011,COUNTRY,AGO,AFR,Africa,YEAR,2021,,,,,,,,,1.52,1.51676536,,,,2025-12-05T13:23:08Z,2021,2021-01-01,2021-12-31
5876063,GHED_GGHE-DGDP_SHA2011,COUNTRY,MUS,AFR,Africa,YEAR,2008,,,,,,,,,1.39,1.38968194,,,,2025-12-05T13:23:08Z,2008,2008-01-01,2008-12-31
5878548,GHED_GGHE-DGDP_SHA2011,COUNTRY,JOR,EMR,Eastern Mediterranean,YEAR,2014,,,,,,,,,4.65,4.64796257,,,,2025-12-05T13:23:08Z,2014,2014-01-01,2014-12-31
5878737,GHED_GGHE-DGDP_SHA2011,COUNTRY,LBR,AFR,Africa,YEAR,2000,,,,,,,,,0.65,0.64587975,,,,2025-12-05T13:23:08Z,2000,2000-01-01,2000-12-31
5880358,GHED_GGHE-DGDP_SHA2011,COUNTRY,SYC,AFR,Africa,YEAR,2015,,,,,,,,,3.12,3.1209166,,,,2025-12-05T13:23:08Z,2015,2015-01-01,2015-12-31
5881125,GHED_GGHE-DGDP_SHA2011,COUNTRY,EST,EUR,Europe,YEAR,2021,,,,,,,,,5.69,5.68571281,,,,2025-12-05T13:23:08Z,2021,2021-01-01,2021-12-31
5883161,GHED_GGHE-DGDP_SHA2011,COUNTRY,THA,SEAR,South-East Asia,YEAR,2014,,,,,,,,,2.79,2.78856063,,,,2025-12-05T13:23:08Z,2014,2014-01-01,2014-12-31
5883469,GHED_GGHE-DGDP_SHA2011,COUNTRY,MLI,AFR,Africa,YEAR,2009,,,,,,,,,0.67,0.66568589,,,,2025-12-05T13:23:08Z,2009,2009-01-01,2009-12-31
5888097,GHED_GGHE-DGDP_SHA2011,COUNTRY,ARM,EUR,Europe,YEAR,2015,,,,,,,,,1.61,1.61020839,,,,2025-12-05T13:23:08Z,2015,2015-01-01,2015-12-31
5888111,GHED_GGHE-DGDP_SHA2011,COUNTRY,GAB,AFR,Africa,YEAR,2014,,,,,,,,,1.52,1.51668847,,,,2025-12-05T13:23:08Z,2014,2014-01-01,2014-12-31
5888339,GHED_GGHE-DGDP_SHA2011,COUNTRY,COD,AFR,Africa,YEAR,2001,,,,,,,,,0.11,0.10641284,,,,2025-12-05T13:23:08Z,2001,2001-01-01,2001-12-31
5888389,GHED_GGHE-DGDP_SHA2011,COUNTRY,CHL,AMR,Americas,YEAR,2003,,,,,,,,,2.77,2.77314019,,,,2025-12-05T13:23:08Z,2003,2003-01-01,2003-12-31
5890337,GHED_GGHE-DGDP_SHA2011,COUNTRY,LTU,EUR,Europe,YEAR,2004,,,,,,,,,3.43,3.43413758,,,,2025-12-05T13:23:08Z,2004,2004-01-01,2004-12-31
5893289,GHED_GGHE-DGDP_SHA2011,COUNTRY,PAK,EMR,Eastern Mediterranean,YEAR,2011,,,,,,,,,0.46,0.45581207,,,,2025-12-05T13:23:08Z,2011,2011-01-01,2011-12-31
5895833,GHED_GGHE-DGDP_SHA2011,COUNTRY,SEN,AFR,Africa,YEAR,2005,,,,,,,,,1.60,1.59510648,,,,2025-12-05T13:23:08Z,2005,2005-01-01,2005-12-31
5896203,GHED_GGHE-DGDP_SHA2011,COUNTRY,KIR,WPR,Western Pacific,YEAR,2016,,,,,,,,,7.70,7.69784164,,,,2025-12-05T13:23:08Z,2016,2016-01-01,2016-12-31
5896528,GHED_GGHE-DGDP_SHA2011,COUNTRY,DZA,AFR,Africa,YEAR,2005,,,,,,,,,2.16,2.16108608,,,,2025-12-05T13:23:08Z,2005,2005-01-01,2005-12-31
5897262,GHED_GGHE-DGDP_SHA2011,COUNTRY,HTI,AMR,Americas,YEAR,2014,,,,,,,,,0.47,0.4683435,,,,2025-12-05T13:23:08Z,2014,2014-01-01,2014-12-31
5897648,GHED_GGHE-DGDP_SHA2011,COUNTRY,CHL,AMR,Americas,YEAR,2010,,,,,,,,,3.21,3.21233106,,,,2025-12-05T13:23:08Z,2010,2010-01-01,2010-12-31
5897800,GHED_GGHE-DGDP_SHA2011,COUNTRY,CYP,EUR,Europe,YEAR,2016,,,,,,,,,2.80,2.79585361,,,,2025-12-05T13:23:08Z,2016,2016-01-01,2016-12-31
5898011,GHED_GGHE-DGDP_SHA2011,COUNTRY,PRY,AMR,Americas,YEAR,2000,,,,,,,,,2.32,2.32489133,,,,2025-12-05T13:23:08Z,2000,2000-01-01,2000-12-31
5899072,GHED_GGHE-DGDP_SHA2011,COUNTRY,BRB,AMR,Americas,YEAR,2010,,,,,,,,,3.19,3.18992829,,,,2025-12-05T13:23:08Z,2010,2010-01-01,2010-12-31
5903907,GHED_GGHE-DGDP_SHA2011,COUNTRY,SRB,EUR,Europe,YEAR,2022,,,,,,,,,5.77,5.77386618,,,,2025-12-05T13:23:08Z,2022,2022-01-01,2022-12-31
5904042,GHED_GGHE-DGDP_SHA2011,COUNTRY,NRU,WPR,Western Pacific,YEAR,2011,,,,,,,,,5.67,5.67363787,,,,2025-12-05T13:23:08Z,2011,2011-01-01,2011-12-31
5905584,GHED_GGHE-DGDP_SHA2011,COUNTRY,IRL,EUR,Europe,YEAR,2012,,,,,,,,,7.57,7.56647778,,,,2025-12-05T13:23:08Z,2012,2012-01-01,2012-12-31
5907705,GHED_GGHE-DGDP_SHA2011,REGION,AFR,,,YEAR,2018,,,,,,,,,1.70,1.69804066,,,,2025-12-05T13:23:08Z,2018,2018-01-01,2018-12-31
5907706,GHED_GGHE-DGDP_SHA2011,COUNTRY,FRA,EUR,Europe,YEAR,2010,,,,,,,,,7.82,7.81747055,,,,2025-12-05T13:23:08Z,2010,2010-01-01,2010-12-31
5911301,GHED_GGHE-DGDP_SHA2011,COUNTRY,HUN,EUR,Europe,YEAR,2012,,,,,,,,,4.82,4.81794548,,,,2025-12-05T13:23:08Z,2012,2012-01-01,2012-12-31
5911949,GHED_GGHE-DGDP_SHA2011,COUNTRY,BIH,EUR,Europe,YEAR,2009,,,,,,,,,6.13,6.13346386,,,,2025-12-05T13:23:08Z,2009,2009-01-01,2009-12-31
5914767,GHED_GGHE-DGDP_SHA2011,COUNTRY,KEN,AFR,Africa,YEAR,2000,,,,,,,,,1.00,0.99913371,,,,2025-12-05T13:23:08Z,2000,2000-01-01,2000-12-31
5916739,GHED_GGHE-DGDP_SHA2011,COUNTRY,BIH,EUR,Europe,YEAR,2004,,,,,,,,,5.16,5.16201019,,,,2025-12-05T13:23:08Z,2004,2004-01-01,2004-12-31
5922096,GHED_GGHE-DGDP_SHA2011,COUNTRY,BRB,AMR,Americas,YEAR,2003,,,,,,,,,3.47,3.47478461,,,,2025-12-05T13:23:08Z,2003,2003-01-01,2003-12-31
5922222,GHED_GGHE-DGDP_SHA2011,COUNTRY,LVA,EUR,Europe,YEAR,2020,,,,,,,,,4.76,4.76178408,,,,2025-12-05T13:23:08Z,2020,2020-01-01,2020-12-31
5925209,GHED_GGHE-DGDP_SHA2011,COUNTRY,SSD,AFR,Africa,YEAR,2017,,,,,,,,,1.87,1.86679733,,,,2025-12-05T13:23:08Z,2017,2017-01-01,2017-12-31
5925710,GHED_GGHE-DGDP_SHA2011,COUNTRY,AND,EUR,Europe,YEAR,2015,,,,,,,,,4.97,4.97208548,,,,2025-12-05T13:23:08Z,2015,2015-01-01,2015-12-31
5928145,GHED_GGHE-DGDP_SHA2011,COUNTRY,DMA,AMR,Americas,YEAR,2011,,,,,,,,,3.15,3.15106702,,,,2025-12-05T13:23:08Z,2011,2011-01-01,2011-12-31
5929350,GHED_GGHE-DGDP_SHA2011,COUNTRY,SDN,EMR,Eastern Mediterranean,YEAR,2008,,,,,,,,,1.73,1.73194993,,,,2025-12-05T13:23:08Z,2008,2008-01-01,2008-12-31
5931418,GHED_GGHE-DGDP_SHA2011,COUNTRY,CPV,AFR,Africa,YEAR,2006,,,,,,,,,2.53,2.53359437,,,,2025-12-05T13:23:08Z,2006,2006-01-01,2006-12-31
5933208,GHED_GGHE-DGDP_SHA2011,COUNTRY,IDN,WPR,Western Pacific,YEAR,2016,,,,,,,,,1.38,1.37558317,,,,2025-12-05T13:23:08Z,2016,2016-01-01,2016-12-31
5936739,GHED_GGHE-DGDP_SHA2011,COUNTRY,ECU,AMR,Americas,YEAR,2011,,,,,,,,,3.16,3.15536475,,,,2025-12-05T13:23:08Z,2011,2011-01-01,2011-12-31
5938931,GHED_GGHE-DGDP_SHA2011,COUNTRY,LAO,WPR,Western Pacific,YEAR,2014,,,,,,,,,0.68,0.68373317,,,,2025-12-05T13:23:08Z,2014,2014-01-01,2014-12-31
5939484,GHED_GGHE-DGDP_SHA2011,COUNTRY,CRI,AMR,Americas,YEAR,2003,,,,,,,,,4.63,4.62578392,,,,2025-12-05T13:23:08Z,2003,2003-01-01,2003-12-31
5946398,GHED_GGHE-DGDP_SHA2011,COUNTRY,MKD,EUR,Europe,YEAR,2016,,,,,,,,,4.06,4.0607338,,,,2025-12-05T13:23:08Z,2016,2016-01-01,2016-12-31
5947202,GHED_GGHE-DGDP_SHA2011,COUNTRY,YEM,EMR,Eastern Mediterranean,YEAR,2020,,,,,,,,,0.86,0.85958266,,,,2025-12-05T13:23:08Z,2020,2020-01-01,2020-12-31
5948438,GHED_GGHE-DGDP_SHA2011,COUNTRY,ISR,EUR,Europe,YEAR,2007,,,,,,,,,4.04,4.04315805,,,,2025-12-05T13:23:08Z,2007,2007-01-01,2007-12-31
5949216,GHED_GGHE-DGDP_SHA2011,COUNTRY,PLW,WPR,Western Pacific,YEAR,2017,,,,,,,,,5.66,5.65769434,,,,2025-12-05T13:23:08Z,2017,2017-01-01,2017-12-31
5953687,GHED_GGHE-DGDP_SHA2011,REGION,WPR,,,YEAR,2003,,,,,,,,,3.81,3.81092956,,,,2025-12-05T13:23:08Z,2003,2003-01-01,2003-12-31
5954296,GHED_GGHE-DGDP_SHA2011,COUNTRY,CAN,AMR,Americas,YEAR,2023,,,,,,,,,7.87,7.86552382,,,,2025-12-05T13:23:08Z,2023,2023-01-01,2023-12-31
5957239,GHED_GGHE-DGDP_SHA2011,COUNTRY,ESP,EUR,Europe,YEAR,2010,,,,,,,,,6.76,6.76060534,,,,2025-12-05T13:23:08Z,2010,2010-01-01,2010-12-31
5960299,GHED_GGHE-DGDP_SHA2011,COUNTRY,GUY,AMR,Americas,YEAR,2016,,,,,,,,,2.53,2.5319159,,,,2025-12-05T13:23:08Z,2016,2016-01-01,2016-12-31
5961989,GHED_GGHE-DGDP_SHA2011,COUNTRY,SYR,EMR,Eastern Mediterranean,YEAR,2018,,,,,,,,,1.88,1.88352227,,,,2025-12-05T13:23:08Z,2018,2018-01-01,2018-12-31
5962595,GHED_GGHE-DGDP_SHA2011,COUNTRY,NGA,AFR,Africa,YEAR,2021,,,,,,,,,0.54,0.54102808,,,,2025-12-05T13:23:08Z,2021,2021-01-01,2021-12-31
5964250,GHED_GGHE-DGDP_SHA2011,COUNTRY,KAZ,EUR,Europe,YEAR,2005,,,,,,,,,2.54,2.53736401,,,,2025-12-05T13:23:08Z,2005,2005-01-01,2005-12-31
5968563,GHED_GGHE-DGDP_SHA2011,COUNTRY,MYS,WPR,Western Pacific,YEAR,2021,,,,,,,,,2.46,2.45898366,,,,2025-12-05T13:23:08Z,2021,2021-01-01,2021-12-31
5969535,GHED_GGHE-DGDP_SHA2011,COUNTRY,LAO,WPR,Western Pacific,YEAR,2009,,,,,,,,,1.15,1.14663947,,,,2025-12-05T13:23:08Z,2009,2009-01-01,2009-12-31
5971128,GHED_GGHE-DGDP_SHA2011,COUNTRY,ATG,AMR,Americas,YEAR,2010,,,,,,,,,2.77,2.77452183,,,,2025-12-05T13:23:08Z,2010,2010-01-01,2010-12-31
5973536,GHED_GGHE-DGDP_SHA2011,COUNTRY,CAN,AMR,Americas,YEAR,2006,,,,,,,,,6.49,6.48794031,,,,2025-12-05T13:23:08Z,2006,2006-01-01,2006-12-31
5979180,GHED_GGHE-DGDP_SHA2011,COUNTRY,DMA,AMR,Americas,YEAR,2022,,,,,,,,,4.51,4.50941896,,,,2025-12-05T13:23:08Z,2022,2022-01-01,2022-12-31
5980361,GHED_GGHE-DGDP_SHA2011,COUNTRY,CAN,AMR,Americas,YEAR,2007,,,,,,,,,6.57,6.57450104,,,,2025-12-05T13:23:08Z,2007,2007-01-01,2007-12-31
5980934,GHED_GGHE-DGDP_SHA2011,COUNTRY,BFA,AFR,Africa,YEAR,2003,,,,,,,,,0.98,0.9801873,,,,2025-12-05T13:23:08Z,2003,2003-01-01,2003-12-31
5981528,GHED_GGHE-DGDP_SHA2011,COUNTRY,COL,AMR,Americas,YEAR,2005,,,,,,,,,4.36,4.35741234,,,,2025-12-05T13:23:08Z,2005,2005-01-01,2005-12-31
5982196,GHED_GGHE-DGDP_SHA2011,COUNTRY,GRC,EUR,Europe,YEAR,2000,,,,,,,,,4.63,4.62980747,,,,2025-12-05T13:23:08Z,2000,2000-01-01,2000-12-31
5983004,GHED_GGHE-DGDP_SHA2011,COUNTRY,AUT,EUR,Europe,YEAR,2017,,,,,,,,,7.72,7.71547127,,,,2025-12-05T13:23:08Z,2017,2017-01-01,2017-12-31
5984298,GHED_GGHE-DGDP_SHA2011,COUNTRY,MLI,AFR,Africa,YEAR,2022,,,,,,,,,1.37,1.36568475,,,,2025-12-05T13:23:08Z,2022,2022-01-01,2022-12-31
5985232,GHED_GGHE-DGDP_SHA2011,COUNTRY,AUS,WPR,Western Pacific,YEAR,2014,,,,,,,,,6.89,6.89110136,,,,2025-12-05T13:23:08Z,2014,2014-01-01,2014-12-31
5985928,GHED_GGHE-DGDP_SHA2011,COUNTRY,MNE,EUR,Europe,YEAR,2013,,,,,,,,,4.90,4.89767981,,,,2025-12-05T13:23:08Z,2013,2013-01-01,2013-12-31
5986012,GHED_GGHE-DGDP_SHA2011,COUNTRY,TON,WPR,Western Pacific,YEAR,2014,,,,,,,,,2.88,2.8828485,,,,2025-12-05T13:23:08Z,2014,2014-01-01,2014-12-31
5986870,GHED_GGHE-DGDP_SHA2011,COUNTRY,GRD,AMR,Americas,YEAR,2007,,,,,,,,,2.01,2.00870275,,,,2025-12-05T13:23:08Z,2007,2007-01-01,2007-12-31
5990085,GHED_GGHE-DGDP_SHA2011,COUNTRY,BDI,AFR,Africa,YEAR,2014,,,,,,,,,2.79,2.78679872,,,,2025-12-05T13:23:08Z,2014,2014-01-01,2014-12-31
5990690,GHED_GGHE-DGDP_SHA2011,GLOBAL,GLOBAL,,,YEAR,2001,,,,,,,,,3.15,3.15123021,,,,2025-12-05T13:23:08Z,2001,2001-01-01,2001-12-31
5993616,GHED_GGHE-DGDP_SHA2011,COUNTRY,SAU,EMR,Eastern Mediterranean,YEAR,2016,,,,,,,,,4.34,4.34350872,,,,2025-12-05T13:23:08Z,2016,2016-01-01,2016-12-31
5995408,GHED_GGHE-DGDP_SHA2011,COUNTRY,DOM,AMR,Americas,YEAR,2020,,,,,,,,,3.26,3.25516009,,,,2025-12-05T13:23:08Z,2020,2020-01-01,2020-12-31
5996291,GHED_GGHE-DGDP_SHA2011,COUNTRY,MLT,EUR,Europe,YEAR,2004,,,,,,,,,5.59,5.59103823,,,,2025-12-05T13:23:08Z,2004,2004-01-01,2004-12-31
5998023,GHED_GGHE-DGDP_SHA2011,COUNTRY,STP,AFR,Africa,YEAR,2007,,,,,,,,,1.66,1.6642518,,,,2025-12-05T13:23:08Z,2007,2007-01-01,2007-12-31
5999503,GHED_GGHE-DGDP_SHA2011,COUNTRY,KNA,AMR,Americas,YEAR,2020,,,,,,,,,3.05,3.04861951,,,,2025-12-05T13:23:08Z,2020,2020-01-01,2020-12-31
6002270,GHED_GGHE-DGDP_SHA2011,COUNTRY,BHR,EMR,Eastern Mediterranean,YEAR,2022,,,,,,,,,2.38,2.37968802,,,,2025-12-05T13:23:08Z,2022,2022-01-01,2022-12-31
6003239,GHED_GGHE-DGDP_SHA2011,COUNTRY,FRA,EUR,Europe,YEAR,2000,,,,,,,,,6.99,6.99467659,,,,2025-12-05T13:23:08Z,2000,2000-01-01,2000-12-31
6004287,GHED_GGHE-DGDP_SHA2011,COUNTRY,SVK,EUR,Europe,YEAR,2017,,,,,,,,,5.32,5.32285929,,,,2025-12-05T13:23:08Z,2017,2017-01-01,2017-12-31
6004517,GHED_GGHE-DGDP_SHA2011,COUNTRY,GRD,AMR,Americas,YEAR,2022,,,,,,,,,2.00,1.9978193,,,,2025-12-05T13:23:08Z,2022,2022-01-01,2022-12-31
6005122,GHED_GGHE-DGDP_SHA2011,COUNTRY,SVK,EUR,Europe,YEAR,2019,,,,,,,,,5.45,5.44698572,,,,2025-12-05T13:23:08Z,2019,2019-01-01,2019-12-31
6007348,GHED_GGHE-DGDP_SHA2011,COUNTRY,NER,AFR,Africa,YEAR,2011,,,,,,,,,1.27,1.27229619,,,,2025-12-05T13:23:08Z,2011,2011-01-01,2011-12-31
6008466,GHED_GGHE-DGDP_SHA2011,COUNTRY,SWE,EUR,Europe,YEAR,2008,,,,,,,,,6.77,6.77395391,,,,2025-12-05T13:23:08Z,2008,2008-01-01,2008-12-31
6010520,GHED_GGHE-DGDP_SHA2011,COUNTRY,GAB,AFR,Africa,YEAR,2004,,,,,,,,,1.36,1.35957062,,,,2025-12-05T13:23:08Z,2004,2004-01-01,2004-12-31
6010543,GHED_GGHE-DGDP_SHA2011,COUNTRY,BHS,AMR,Americas,YEAR,2012,,,,,,,,,2.31,2.31367421,,,,2025-12-05T13:23:08Z,2012,2012-01-01,2012-12-31
6011700,GHED_GGHE-DGDP_SHA2011,COUNTRY,CMR,AFR,Africa,YEAR,2018,,,,,,,,,0.35,0.35133773,,,,2025-12-05T13:23:08Z,2018,2018-01-01,2018-12-31
6014825,GHED_GGHE-DGDP_SHA2011,COUNTRY,TZA,AFR,Africa,YEAR,2019,,,,,,,,,1.63,1.6312809,,,,2025-12-05T13:23:08Z,2019,2019-01-01,2019-12-31
6015063,GHED_GGHE-DGDP_SHA2011,REGION,SEAR,,,YEAR,2007,,,,,,,,,1.53,1.5273567,,,,2025-12-05T13:23:08Z,2007,2007-01-01,2007-12-31
6016817,GHED_GGHE-DGDP_SHA2011,COUNTRY,CUB,AMR,Americas,YEAR,2002,,,,,,,,,5.73,5.72780991,,,,2025-12-05T13:23:08Z,2002,2002-01-01,2002-12-31
6018320,GHED_GGHE-DGDP_SHA2011,COUNTRY,SLV,AMR,Americas,YEAR,2021,,,,,,,,,6.42,6.41989136,,,,2025-12-05T13:23:08Z,2021,2021-01-01,2021-12-31
6018741,GHED_GGHE-DGDP_SHA2011,WORLDBANKINCOMEGROUP,WB_LI,,,YEAR,2016,,,,,,,,,1.16,1.16154972,,,,2025-12-05T13:23:08Z,2016,2016-01-01,2016-12-31
6022681,GHED_GGHE-DGDP_SHA2011,COUNTRY,BRN,WPR,Western Pacific,YEAR,2022,,,,,,,,,1.63,1.6302222,,,,2025-12-05T13:23:08Z,2022,2022-01-01,2022-12-31
6026731,GHED_GGHE-DGDP_SHA2011,COUNTRY,KGZ,EUR,Europe,YEAR,2010,,,,,,,,,3.42,3.41518092,,,,2025-12-05T13:23:08Z,2010,2010-01-01,2010-12-31
6029266,GHED_GGHE-DGDP_SHA2011,COUNTRY,BLZ,AMR,Americas,YEAR,2023,,,,,,,,,2.70,2.69897199,,,,2025-12-05T13:23:08Z,2023,2023-01-01,2023-12-31
6030794,GHED_GGHE-DGDP_SHA2011,COUNTRY,MKD,EUR,Europe,YEAR,2022,,,,,,,,,4.22,4.22148132,,,,2025-12-05T13:23:08Z,2022,2022-01-01,2022-12-31
6032943,GHED_GGHE-DGDP_SHA2011,COUNTRY,JAM,AMR,Americas,YEAR,2015,,,,,,,,,3.56,3.55884409,,,,2025-12-05T13:23:08Z,2015,2015-01-01,2015-12-31
6038103,GHED_GGHE-DGDP_SHA2011,COUNTRY,DOM,AMR,Americas,YEAR,2003,,,,,,,,,1.16,1.15990651,,,,2025-12-05T13:23:08Z,2003,2003-01-01,2003-12-31
6039393,GHED_GGHE-DGDP_SHA2011,REGION,EUR,,,YEAR,2005,,,,,,,,,4.64,4.63530251,,,,2025-12-05T13:23:08Z,2005,2005-01-01,2005-12-31
6040158,GHED_GGHE-DGDP_SHA2011,COUNTRY,UKR,EUR,Europe,YEAR,2007,,,,,,,,,3.56,3.56262231,,,,2025-12-05T13:23:08Z,2007,2007-01-01,2007-12-31
6040201,GHED_GGHE-DGDP_SHA2011,COUNTRY,HND,AMR,Americas,YEAR,2020,,,,,,,,,3.51,3.50717759,,,,2025-12-05T13:23:08Z,2020,2020-01-01,2020-12-31
6042911,GHED_GGHE-DGDP_SHA2011,COUNTRY,DMA,AMR,Americas,YEAR,2004,,,,,,,,,2.57,2.57289863,,,,2025-12-05T13:23:08Z,2004,2004-01-01,2004-12-31
6045935,GHED_GGHE-DGDP_SHA2011,COUNTRY,COD,AFR,Africa,YEAR,2015,,,,,,,,,0.63,0.62508768,,,,2025-12-05T13:23:08Z,2015,2015-01-01,2015-12-31
6046482,GHED_GGHE-DGDP_SHA2011,COUNTRY,MNG,WPR,Western Pacific,YEAR,2016,,,,,,,,,2.56,2.56394386,,,,2025-12-05T13:23:08Z,2016,2016-01-01,2016-12-31
6048694,GHED_GGHE-DGDP_SHA2011,COUNTRY,GNB,AFR,Africa,YEAR,2018,,,,,,,,,0.51,0.50527376,,,,2025-12-05T13:23:08Z,2018,2018-01-01,2018-12-31
6050467,GHED_GGHE-DGDP_SHA2011,REGION,WPR,,,YEAR,2009,,,,,,,,,4.02,4.0211389,,,,2025-12-05T13:23:08Z,2009,2009-01-01,2009-12-31
6051231,GHED_GGHE-DGDP_SHA2011,COUNTRY,MKD,EUR,Europe,YEAR,2020,,,,,,,,,4.67,4.66986942,,,,2025-12-05T13:23:08Z,2020,2020-01-01,2020-12-31
6053269,GHED_GGHE-DGDP_SHA2011,COUNTRY,MWI,AFR,Africa,YEAR,2013,,,,,,,,,1.48,1.48205006,,,,2025-12-05T13:23:08Z,2013,2013-01-01,2013-12-31
6053741,GHED_GGHE-DGDP_SHA2011,COUNTRY,WSM,WPR,Western Pacific,YEAR,2020,,,,,,,,,4.44,4.44346046,,,,2025-12-05T13:23:08Z,2020,2020-01-01,2020-12-31
6056248,GHED_GGHE-DGDP_SHA2011,COUNTRY,ETH,AFR,Africa,YEAR,2010,,,,,,,,,0.94,0.94396317,,,,2025-12-05T13:23:08Z,2010,2010-01-01,2010-12-31
6058015,GHED_GGHE-DGDP_SHA2011,COUNTRY,GNQ,AFR,Africa,YEAR,2003,,,,,,,,,0.40,0.39797717,,,,2025-12-05T13:23:08Z,2003,2003-01-01,2003-12-31
6058089,GHED_GGHE-DGDP_SHA2011,COUNTRY,HUN,EUR,Europe,YEAR,2010,,,,,,,,,4.97,4.97306871,,,,2025-12-05T13:23:08Z,2010,2010-01-01,2010-12-31
6059672,GHED_GGHE-DGDP_SHA2011,COUNTRY,VUT,WPR,Western Pacific,YEAR,2012,,,,,,,,,2.30,2.29943132,,,,2025-12-05T13:23:08Z,2012,2012-01-01,2012-12-31
6062263,GHED_GGHE-DGDP_SHA2011,COUNTRY,COM,AFR,Africa,YEAR,2018,,,,,,,,,0.77,0.76553828,,,,2025-12-05T13:23:08Z,2018,2018-01-01,2018-12-31
6062370,GHED_GGHE-DGDP_SHA2011,COUNTRY,CHL,AMR,Americas,YEAR,2017,,,,,,,,,4.58,4.58157396,,,,2025-12-05T13:23:08Z,2017,2017-01-01,2017-12-31
6064120,GHED_GGHE-DGDP_SHA2011,COUNTRY,NAM,AFR,Africa,YEAR,2008,,,,,,,,,4.89,4.89047384,,,,2025-12-05T13:23:08Z,2008,2008-01-01,2008-12-31
6072145,GHED_GGHE-DGDP_SHA2011,COUNTRY,KHM,WPR,Western Pacific,YEAR,2021,,,,,,,,,3.00,3.00353575,,,,2025-12-05T13:23:08Z,2021,2021-01-01,2021-12-31
6072771,GHED_GGHE-DGDP_SHA2011,COUNTRY,VNM,WPR,Western Pacific,YEAR,2011,,,,,,,,,1.93,1.93289721,,,,2025-12-05T13:23:08Z,2011,2011-01-01,2011-12-31
6073456,GHED_GGHE-DGDP_SHA2011,COUNTRY,IRN,EMR,Eastern Mediterranean,YEAR,2010,,,,,,,,,2.04,2.03566408,,,,2025-12-05T13:23:08Z,2010,2010-01-01,2010-12-31
6075029,GHED_GGHE-DGDP_SHA2011,COUNTRY,HTI,AMR,Americas,YEAR,2008,,,,,,,,,0.83,0.83237052,,,,2025-12-05T13:23:08Z,2008,2008-01-01,2008-12-31
6075859,GHED_GGHE-DGDP_SHA2011,COUNTRY,BEL,EUR,Europe,YEAR,2011,,,,,,,,,7.83,7.83494329,,,,2025-12-05T13:23:08Z,2011,2011-01-01,2011-12-31
6077070,GHED_GGHE-DGDP_SHA2011,COUNTRY,MDV,SEAR,South-East Asia,YEAR,2020,,,,,,,,,9.15,9.15049744,,,,2025-12-05T13:23:08Z,2020,2020-01-01,2020-12-31
6077939,GHED_GGHE-DGDP_SHA2011,COUNTRY,FJI,WPR,Western Pacific,YEAR,2005,,,,,,,,,2.42,2.41684818,,,,2025-12-05T13:23:08Z,2005,2005-01-01,2005-12-31
6079669,GHED_GGHE-DGDP_SHA2011,COUNTRY,MNG,WPR,Western Pacific,YEAR,2013,,,,,,,,,2.28,2.28476501,,,,2025-12-05T13:23:08Z,2013,2013-01-01,2013-12-31
6080249,GHED_GGHE-DGDP_SHA2011,COUNTRY,BLR,EUR,Europe,YEAR,2001,,,,,,,,,4.26,4.25791645,,,,2025-12-05T13:23:08Z,2001,2001-01-01,2001-12-31
6084333,GHED_GGHE-DGDP_SHA2011,COUNTRY,CAN,AMR,Americas,YEAR,2019,,,,,,,,,7.68,7.68264532,,,,2025-12-05T13:23:08Z,2019,2019-01-01,2019-12-31
6085597,GHED_GGHE-DGDP_SHA2011,COUNTRY,TTO,AMR,Americas,YEAR,2010,,,,,,,,,2.45,2.44673586,,,,2025-12-05T13:23:08Z,2010,2010-01-01,2010-12-31
6088894,GHED_GGHE-DGDP_SHA2011,COUNTRY,SWE,EUR,Europe,YEAR,2009,,,,,,,,,7.23,7.22804117,,,,2025-12-05T13:23:08Z,2009,2009-01-01,2009-12-31
6089797,GHED_GGHE-DGDP_SHA2011,REGION,WPR,,,YEAR,2014,,,,,,,,,3.81,3.80638737,,,,2025-12-05T13:23:08Z,2014,2014-01-01,2014-12-31
6090447,GHED_GGHE-DGDP_SHA2011,COUNTRY,TTO,AMR,Americas,YEAR,2002,,,,,,,,,1.97,1.96599579,,,,2025-12-05T13:23:08Z,2002,2002-01-01,2002-12-31
6095663,GHED_GGHE-DGDP_SHA2011,COUNTRY,GUY,AMR,Americas,YEAR,2007,,,,,,,,,1.68,1.6837045,,,,2025-12-05T13:23:08Z,2007,2007-01-01,2007-12-31
6099230,GHED_GGHE-DGDP_SHA2011,COUNTRY,CAF,AFR,Africa,YEAR,2011,,,,,,,,,0.42,0.41518956,,,,2025-12-05T13:23:08Z,2011,2011-01-01,2011-12-31
6099254,GHED_GGHE-DGDP_SHA2011,COUNTRY,BIH,EUR,Europe,YEAR,2022,,,,,,,,,5.73,5.73453379,,,,2025-12-05T13:23:08Z,2022,2022-01-01,2022-12-31
6100801,GHED_GGHE-DGDP_SHA2011,COUNTRY,GMB,AFR,Africa,YEAR,2018,,,,,,,,,1.05,1.04798186,,,,2025-12-05T13:23:08Z,2018,2018-01-01,2018-12-31
6103050,GHED_GGHE-DGDP_SHA2011,COUNTRY,ZMB,AFR,Africa,YEAR,2002,,,,,,,,,1.90,1.89818621,,,,2025-12-05T13:23:08Z,2002,2002-01-01,2002-12-31
6104685,GHED_GGHE-DGDP_SHA2011,COUNTRY,TZA,AFR,Africa,YEAR,2000,,,,,,,,,0.75,0.74586421,,,,2025-12-05T13:23:08Z,2000,2000-01-01,2000-12-31
6107036,GHED_GGHE-DGDP_SHA2011,COUNTRY,LBN,EMR,Eastern Mediterranean,YEAR,2022,,,,,,,,,1.51,1.51495135,,,,2025-12-05T13:23:08Z,2022,2022-01-01,2022-12-31
6108504,GHED_GGHE-DGDP_SHA2011,COUNTRY,BGR,EUR,Europe,YEAR,2006,,,,,,,,,3.63,3.63341045,,,,2025-12-05T13:23:08Z,2006,2006-01-01,2006-12-31
6109536,GHED_GGHE-DGDP_SHA2011,COUNTRY,TTO,AMR,Americas,YEAR,2015,,,,,,,,,2.91,2.90972495,,,,2025-12-05T13:23:08Z,2015,2015-01-01,2015-12-31
6110368,GHED_GGHE-DGDP_SHA2011,COUNTRY,PRT,EUR,Europe,YEAR,2015,,,,,,,,,5.76,5.75569677,,,,2025-12-05T13:23:08Z,2015,2015-01-01,2015-12-31
6113579,GHED_GGHE-DGDP_SHA2011,COUNTRY,ZAF,AFR,Africa,YEAR,2004,,,,,,,,,2.73,2.73156238,,,,2025-12-05T13:23:08Z,2004,2004-01-01,2004-12-31
6115387,GHED_GGHE-DGDP_SHA2011,COUNTRY,SRB,EUR,Europe,YEAR,2020,,,,,,,,,5.06,5.06347847,,,,2025-12-05T13:23:08Z,2020,2020-01-01,2020-12-31
6118966,GHED_GGHE-DGDP_SHA2011,COUNTRY,ETH,AFR,Africa,YEAR,2015,,,,,,,,,0.97,0.96540898,,,,2025-12-05T13:23:08Z,2015,2015-01-01,2015-12-31
6119559,GHED_GGHE-DGDP_SHA2011,COUNTRY,COL,AMR,Americas,YEAR,2006,,,,,,,,,4.57,4.56696033,,,,2025-12-05T13:23:08Z,2006,2006-01-01,2006-12-31
6119851,GHED_GGHE-DGDP_SHA2011,COUNTRY,DZA,AFR,Africa,YEAR,2016,,,,,,,,,3.94,3.94321752,,,,2025-12-05T13:23:08Z,2016,2016-01-01,2016-12-31
6121876,GHED_GGHE-DGDP_SHA2011,COUNTRY,BWA,AFR,Africa,YEAR,2001,,,,,,,,,3.51,3.50531387,,,,2025-12-05T13:23:08Z,2001,2001-01-01,2001-12-31
6125012,GHED_GGHE-DGDP_SHA2011,COUNTRY,MDG,AFR,Africa,YEAR,2023,,,,,,,,,0.99,0.98797482,,,,2025-12-05T13:23:08Z,2023,2023-01-01,2023-12-31
6129823,GHED_GGHE-DGDP_SHA2011,COUNTRY,GEO,EUR,Europe,YEAR,2012,,,,,,,,,1.53,1.52704597,,,,2025-12-05T13:23:08Z,2012,2012-01-01,2012-12-31
6135931,GHED_GGHE-DGDP_SHA2011,COUNTRY,PNG,WPR,Western Pacific,YEAR,2003,,,,,,,,,1.43,1.42519522,,,,2025-12-05T13:23:08Z,2003,2003-01-01,2003-12-31
6137354,GHED_GGHE-DGDP_SHA2011,COUNTRY,SUR,AMR,Americas,YEAR,2013,,,,,,,,,1.89,1.88953507,,,,2025-12-05T13:23:08Z,2013,2013-01-01,2013-12-31
6139956,GHED_GGHE-DGDP_SHA2011,COUNTRY,PER,AMR,Americas,YEAR,2005,,,,,,,,,2.57,2.56580496,,,,2025-12-05T13:23:08Z,2005,2005-01-01,2005-12-31
6141696,GHED_GGHE-DGDP_SHA2011,COUNTRY,KWT,EMR,Eastern Mediterranean,YEAR,2023,,,,,,,,,4.39,4.39482975,,,,2025-12-05T13:23:08Z,2023,2023-01-01,2023-12-31
6141706,GHED_GGHE-DGDP_SHA2011,COUNTRY,LBR,AFR,Africa,YEAR,2009,,,,,,,,,1.20,1.1980319,,,,2025-12-05T13:23:08Z,2009,2009-01-01,2009-12-31
6143233,GHED_GGHE-DGDP_SHA2011,COUNTRY,ARE,EMR,Eastern Mediterranean,YEAR,2002,,,,,,,,,1.66,1.66402185,,,,2025-12-05T13:23:08Z,2002,2002-01-01,2002-12-31
6146992,GHED_GGHE-DGDP_SHA2011,COUNTRY,PAN,AMR,Americas,YEAR,2000,,,,,,,,,4.51,4.50806475,,,,2025-12-05T13:23:08Z,2000,2000-01-01,2000-12-31
6157028,GHED_GGHE-DGDP_SHA2011,COUNTRY,KIR,WPR,Western Pacific,YEAR,2019,,,,,,,,,9.23,9.23076916,,,,2025-12-05T13:23:08Z,2019,2019-01-01,2019-12-31
6160786,GHED_GGHE-DGDP_SHA2011,COUNTRY,HND,AMR,Americas,YEAR,2002,,,,,,,,,2.54,2.5401225099999998,,,,2025-12-05T13:23:08Z,2002,2002-01-01,2002-12-31
6161730,GHED_GGHE-DGDP_SHA2011,COUNTRY,COK,WPR,Western Pacific,YEAR,2016,,,,,,,,,2.82,2.82157469,,,,2025-12-05T13:23:08Z,2016,2016-01-01,2016-12-31
6167263,GHED_GGHE-DGDP_SHA2011,COUNTRY,LBN,EMR,Eastern Mediterranean,YEAR,2019,,,,,,,,,4.28,4.28126144,,,,2025-12-05T13:23:08Z,2019,2019-01-01,2019-12-31
6170561,GHED_GGHE-DGDP_SHA2011,COUNTRY,UZB,EUR,Europe,YEAR,2017,,,,,,,,,1.79,1.7881006,,,,2025-12-05T13:23:08Z,2017,2017-01-01,2017-12-31
6172180,GHED_GGHE-DGDP_SHA2011,COUNTRY,GRC,EUR,Europe,YEAR,2017,,,,,,,,,4.30,4.29561758,,,,2025-12-05T13:23:08Z,2017,2017-01-01,2017-12-31
6172514,GHED_GGHE-DGDP_SHA2011,COUNTRY,ISL,EUR,Europe,YEAR,2006,,,,,,,,,6.98,6.98110867,,,,2025-12-05T13:23:08Z,2006,2006-01-01,2006-12-31
6179791,GHED_GGHE-DGDP_SHA2011,COUNTRY,SLB,WPR,Western Pacific,YEAR,2022,,,,,,,,,3.32,3.32158995,,,,2025-12-05T13:23:08Z,2022,2022-01-01,2022-12-31
6180284,GHED_GGHE-DGDP_SHA2011,COUNTRY,LAO,WPR,Western Pacific,YEAR,2017,,,,,,,,,0.89,0.88887793,,,,2025-12-05T13:23:08Z,2017,2017-01-01,2017-12-31
6183050,GHED_GGHE-DGDP_SHA2011,COUNTRY,MDG,AFR,Africa,YEAR,2012,,,,,,,,,1.49,1.48979211,,,,2025-12-05T13:23:08Z,2012,2012-01-01,2012-12-31
6183704,GHED_GGHE-DGDP_SHA2011,COUNTRY,NAM,AFR,Africa,YEAR,2010,,,,,,,,,4.88,4.88263464,,,,2025-12-05T13:23:08Z,2010,2010-01-01,2010-12-31
6185252,GHED_GGHE-DGDP_SHA2011,COUNTRY,ZWE,AFR,Africa,YEAR,2013,,,,,,,,,2.02,2.01809144,,,,2025-12-05T13:23:08Z,2013,2013-01-01,2013-12-31
6188299,GHED_GGHE-DGDP_SHA2011,COUNTRY,BRB,AMR,Americas,YEAR,2004,,,,,,,,,3.98,3.98423481,,,,2025-12-05T13:23:08Z,2004,2004-01-01,2004-12-31
6190446,GHED_GGHE-DGDP_SHA2011,COUNTRY,KOR,WPR,Western Pacific,YEAR,2004,,,,,,,,,2.25,2.25043464,,,,2025-12-05T13:23:08Z,2004,2004-01-01,2004-12-31
6192790,GHED_GGHE-DGDP_SHA2011,COUNTRY,NER,AFR,Africa,YEAR,2006,,,,,,,,,2.06,2.05841017,,,,2025-12-05T13:23:08Z,2006,2006-01-01,2006-12-31
6195718,GHED_GGHE-DGDP_SHA2011,COUNTRY,DEU,EUR,Europe,YEAR,2003,,,,,,,,,7.95,7.94904518,,,,2025-12-05T13:23:08Z,2003,2003-01-01,2003-12-31
6195921,GHED_GGHE-DGDP_SHA2011,COUNTRY,MLT,EUR,Europe,YEAR,2019,,,,,,,,,5.56,5.55893612,,,,2025-12-05T13:23:08Z,2019,2019-01-01,2019-12-31
6199077,GHED_GGHE-DGDP_SHA2011,COUNTRY,LCA,AMR,Americas,YEAR,2020,,,,,,,,,3.03,3.02728176,,,,2025-12-05T13:23:08Z,2020,2020-01-01,2020-12-31
6199730,GHED_GGHE-DGDP_SHA2011,COUNTRY,JOR,EMR,Eastern Mediterranean,YEAR,2003,,,,,,,,,4.09,4.0944252,,,,2025-12-05T13:23:08Z,2003,2003-01-01,2003-12-31
6199812,GHED_GGHE-DGDP_SHA2011,COUNTRY,BGR,EUR,Europe,YEAR,2002,,,,,,,,,4.20,4.20194769,,,,2025-12-05T13:23:08Z,2002,2002-01-01,2002-12-31
6201942,GHED_GGHE-DGDP_SHA2011,COUNTRY,COG,AFR,Africa,YEAR,2023,,,,,,,,,1.12,1.12095106,,,,2025-12-05T13:23:08Z,2023,2023-01-01,2023-12-31
6203219,GHED_GGHE-DGDP_SHA2011,COUNTRY,COG,AFR,Africa,YEAR,2001,,,,,,,,,0.97,0.96511757,,,,2025-12-05T13:23:08Z,2001,2001-01-01,2001-12-31
6203691,GHED_GGHE-DGDP_SHA2011,COUNTRY,BLZ,AMR,Americas,YEAR,2020,,,,,,,,,3.80,3.79881597,,,,2025-12-05T13:23:08Z,2020,2020-01-01,2020-12-31
6204368,GHED_GGHE-DGDP_SHA2011,COUNTRY,TKM,EUR,Europe,YEAR,2023,,,,,,,,,0.94,0.94220257,,,,2025-12-05T13:23:08Z,2023,2023-01-01,2023-12-31
6204385,GHED_GGHE-DGDP_SHA2011,COUNTRY,COM,AFR,Africa,YEAR,2021,,,,,,,,,0.95,0.94517165,,,,2025-12-05T13:23:08Z,2021,2021-01-01,2021-12-31
6205206,GHED_GGHE-DGDP_SHA2011,COUNTRY,CUB,AMR,Americas,YEAR,2007,,,,,,,,,9.88,9.8824482,,,,2025-12-05T13:23:08Z,2007,2007-01-01,2007-12-31
6205784,GHED_GGHE-DGDP_SHA2011,COUNTRY,FJI,WPR,Western Pacific,YEAR,2002,,,,,,,,,2.20,2.20177889,,,,2025-12-05T13:23:08Z,2002,2002-01-01,2002-12-31
6206638,GHED_GGHE-DGDP_SHA2011,COUNTRY,MLI,AFR,Africa,YEAR,2012,,,,,,,,,0.41,0.41352206,,,,2025-12-05T13:23:08Z,2012,2012-01-01,2012-12-31
6207537,GHED_GGHE-DGDP_SHA2011,COUNTRY,BGR,EUR,Europe,YEAR,2017,,,,,,,,,4.12,4.11801386,,,,2025-12-05T13:23:08Z,2017,2017-01-01,2017-12-31
6208286,GHED_GGHE-DGDP_SHA2011,COUNTRY,IND,SEAR,South-East Asia,YEAR,2021,,,,,,,,,1.35,1.35207272,,,,2025-12-05T13:23:08Z,2021,2021-01-01,2021-12-31
6212508,GHED_GGHE-DGDP_SHA2011,COUNTRY,NIC,AMR,Americas,YEAR,2022,,,,,,,,,5.17,5.17145538,,,,2025-12-05T13:23:08Z,2022,2022-01-01,2022-12-31
6212770,GHED_GGHE-DGDP_SHA2011,COUNTRY,CMR,AFR,Africa,YEAR,2014,,,,,,,,,0.59,0.58977377,,,,2025-12-05T13:23:08Z,2014,2014-01-01,2014-12-31
6213263,GHED_GGHE-DGDP_SHA2011,COUNTRY,AND,EUR,Europe,YEAR,2022,,,,,,,,,5.54,5.53698158,,,,2025-12-05T13:23:08Z,2022,2022-01-01,2022-12-31
6214710,GHED_GGHE-DGDP_SHA2011,WORLDBANKINCOMEGROUP,WB_UMI,,,YEAR,2005,,,,,,,,,2.86,2.85601445,,,,2025-12-05T13:23:08Z,2005,2005-01-01,2005-12-31
6214951,GHED_GGHE-DGDP_SHA2011,COUNTRY,PHL,WPR,Western Pacific,YEAR,2008,,,,,,,,,1.16,1.16428423,,,,2025-12-05T13:23:08Z,2008,2008-01-01,2008-12-31
6216118,GHED_GGHE-DGDP_SHA2011,COUNTRY,SLV,AMR,Americas,YEAR,2001,,,,,,,,,3.83,3.83341885,,,,2025-12-05T13:23:08Z,2001,2001-01-01,2001-12-31
6218655,GHED_GGHE-DGDP_SHA2011,COUNTRY,IRL,EUR,Europe,YEAR,2004,,,,,,,,,5.70,5.69755459,,,,2025-12-05T13:23:08Z,2004,2004-01-01,2004-12-31
6221594,GHED_GGHE-DGDP_SHA2011,COUNTRY,SVN,EUR,Europe,YEAR,2010,,,,,,,,,6.25,6.25191069,,,,2025-12-05T13:23:08Z,2010,2010-01-01,2010-12-31
6229828,GHED_GGHE-DGDP_SHA2011,COUNTRY,HND,AMR,Americas,YEAR,2007,,,,,,,,,3.33,3.33394694,,,,2025-12-05T13:23:08Z,2007,2007-01-01,2007-12-31
6230823,GHED_GGHE-DGDP_SHA2011,COUNTRY,ATG,AMR,Americas,YEAR,2022,,,,,,,,,2.85,2.85039449,,,,2025-12-05T13:23:08Z,2022,2022-01-01,2022-12-31
6231174,GHED_GGHE-DGDP_SHA2011,COUNTRY,MHL,WPR,Western Pacific,YEAR,2010,,,,,,,,,4.82,4.82439613,,,,2025-12-05T13:23:08Z,2010,2010-01-01,2010-12-31
6234400,GHED_GGHE-DGDP_SHA2011,REGION,WPR,,,YEAR,2000,,,,,,,,,4.41,4.40802816,,,,2025-12-05T13:23:08Z,2000,2000-01-01,2000-12-31
6238997,GHED_GGHE-DGDP_SHA2011,COUNTRY,MHL,WPR,Western Pacific,YEAR,2008,,,,,,,,,6.01,6.00590944,,,,2025-12-05T13:23:08Z,2008,2008-01-01,2008-12-31
6242193,GHED_GGHE-DGDP_SHA2011,COUNTRY,JOR,EMR,Eastern Mediterranean,YEAR,2007,,,,,,,,,4.49,4.48511505,,,,2025-12-05T13:23:08Z,2007,2007-01-01,2007-12-31
6242479,GHED_GGHE-DGDP_SHA2011,COUNTRY,LVA,EUR,Europe,YEAR,2012,,,,,,,,,3.39,3.39200068,,,,2025-12-05T13:23:08Z,2012,2012-01-01,2012-12-31
6242851,GHED_GGHE-DGDP_SHA2011,COUNTRY,BHS,AMR,Americas,YEAR,2021,,,,,,,,,3.52,3.51553249,,,,2025-12-05T13:23:08Z,2021,2021-01-01,2021-12-31
6248006,GHED_GGHE-DGDP_SHA2011,COUNTRY,LBR,AFR,Africa,YEAR,2020,,,,,,,,,1.32,1.32303464,,,,2025-12-05T13:23:08Z,2020,2020-01-01,2020-12-31
6252757,GHED_GGHE-DGDP_SHA2011,COUNTRY,CMR,AFR,Africa,YEAR,2008,,,,,,,,,0.55,0.55071974,,,,2025-12-05T13:23:08Z,2008,2008-01-01,2008-12-31
6252898,GHED_GGHE-DGDP_SHA2011,COUNTRY,FSM,WPR,Western Pacific,YEAR,2004,,,,,,,,,1.14,1.14448988,,,,2025-12-05T13:23:08Z,2004,2004-01-01,2004-12-31
6253920,GHED_GGHE-DGDP_SHA2011,COUNTRY,BEN,AFR,Africa,YEAR,2002,,,,,,,,,0.94,0.93714452,,,,2025-12-05T13:23:08Z,2002,2002-01-01,2002-12-31
6254171,GHED_GGHE-DGDP_SHA2011,COUNTRY,IRL,EUR,Europe,YEAR,2008,,,,,,,,,7.24,7.23859835,,,,2025-12-05T13:23:08Z,2008,2008-01-01,2008-12-31
6260377,GHED_GGHE-DGDP_SHA2011,REGION,WPR,,,YEAR,2005,,,,,,,,,3.72,3.72330361,,,,2025-12-05T13:23:08Z,2005,2005-01-01,2005-12-31
6260901,GHED_GGHE-DGDP_SHA2011,COUNTRY,MMR,SEAR,South-East Asia,YEAR,2018,,,,,,,,,0.67,0.67250752,,,,2025-12-05T13:23:08Z,2018,2018-01-01,2018-12-31
6262280,GHED_GGHE-DGDP_SHA2011,REGION,AMR,,,YEAR,2004,,,,,,,,,2.91,2.90666273,,,,2025-12-05T13:23:08Z,2004,2004-01-01,2004-12-31
6266134,GHED_GGHE-DGDP_SHA2011,COUNTRY,CHN,WPR,Western Pacific,YEAR,2023,,,,,,,,,3.39,3.39381886,,,,2025-12-05T13:23:08Z,2023,2023-01-01,2023-12-31
6271045,GHED_GGHE-DGDP_SHA2011,COUNTRY,MUS,AFR,Africa,YEAR,2000,,,,,,,,,1.53,1.52947044,,,,2025-12-05T13:23:08Z,2000,2000-01-01,2000-12-31
6272535,GHED_GGHE-DGDP_SHA2011,COUNTRY,DNK,EUR,Europe,YEAR,2008,,,,,,,,,7.95,7.95498371,,,,2025-12-05T13:23:08Z,2008,2008-01-01,2008-12-31
6272815,GHED_GGHE-DGDP_SHA2011,COUNTRY,FSM,WPR,Western Pacific,YEAR,2005,,,,,,,,,1.11,1.11182237,,,,2025-12-05T13:23:08Z,2005,2005-01-01,2005-12-31
6277049,GHED_GGHE-DGDP_SHA2011,COUNTRY,HTI,AMR,Americas,YEAR,2001,,,,,,,,,0.73,0.72717297,,,,2025-12-05T13:23:08Z,2001,2001-01-01,2001-12-31
6278083,GHED_GGHE-DGDP_SHA2011,COUNTRY,GBR,EUR,Europe,YEAR,2007,,,,,,,,,7.05,7.04716635,,,,2025-12-05T13:23:08Z,2007,2007-01-01,2007-12-31
6280718,GHED_GGHE-DGDP_SHA2011,COUNTRY,MNG,WPR,Western Pacific,YEAR,2005,,,,,,,,,2.38,2.38196063,,,,2025-12-05T13:23:08Z,2005,2005-01-01,2005-12-31
6281961,GHED_GGHE-DGDP_SHA2011,COUNTRY,NLD,EUR,Europe,YEAR,2007,,,,,,,,,5.93,5.92894697,,,,2025-12-05T13:23:08Z,2007,2007-01-01,2007-12-31
6283349,GHED_GGHE-DGDP_SHA2011,COUNTRY,PAN,AMR,Americas,YEAR,2016,,,,,,,,,4.33,4.33149529,,,,2025-12-05T13:23:08Z,2016,2016-01-01,2016-12-31
6284171,GHED_GGHE-DGDP_SHA2011,COUNTRY,GMB,AFR,Africa,YEAR,2011,,,,,,,,,1.04,1.04374862,,,,2025-12-05T13:23:08Z,2011,2011-01-01,2011-12-31
6284865,GHED_GGHE-DGDP_SHA2011,COUNTRY,SLE,AFR,Africa,YEAR,2000,,,,,,,,,0.56,0.56016588,,,,2025-12-05T13:23:08Z,2000,2000-01-01,2000-12-31
6288029,GHED_GGHE-DGDP_SHA2011,COUNTRY,ETH,AFR,Africa,YEAR,2012,,,,,,,,,1.07,1.06663179,,,,2025-12-05T13:23:08Z,2012,2012-01-01,2012-12-31
6289453,GHED_GGHE-DGDP_SHA2011,COUNTRY,ZMB,AFR,Africa,YEAR,2007,,,,,,,,,1.49,1.48783338,,,,2025-12-05T13:23:08Z,2007,2007-01-01,2007-12-31
6291362,GHED_GGHE-DGDP_SHA2011,COUNTRY,SLV,AMR,Americas,YEAR,2018,,,,,,,,,4.54,4.54387665,,,,2025-12-05T13:23:08Z,2018,2018-01-01,2018-12-31
6292694,GHED_GGHE-DGDP_SHA2011,COUNTRY,CAF,AFR,Africa,YEAR,2015,,,,,,,,,0.46,0.45585203,,,,2025-12-05T13:23:08Z,2015,2015-01-01,2015-12-31
6296295,GHED_GGHE-DGDP_SHA2011,COUNTRY,SAU,EMR,Eastern Mediterranean,YEAR,2005,,,,,,,,,2.48,2.47836709,,,,2025-12-05T13:23:08Z,2005,2005-01-01,2005-12-31
6299307,GHED_GGHE-DGDP_SHA2011,COUNTRY,SAU,EMR,Eastern Mediterranean,YEAR,2008,,,,,,,,,1.89,1.88940501,,,,2025-12-05T13:23:08Z,2008,2008-01-01,2008-12-31
6300233,GHED_GGHE-DGDP_SHA2011,COUNTRY,PSE,EMR,Eastern Mediterranean,YEAR,2012,,,,,,,,,2.96,2.95999742,,,,2025-12-05T13:23:08Z,2012,2012-01-01,2012-12-31
6300954,GHED_GGHE-DGDP_SHA2011,COUNTRY,MHL,WPR,Western Pacific,YEAR,2013,,,,,,,,,6.13,6.12644053,,,,2025-12-05T13:23:08Z,2013,2013-01-01,2013-12-31
6301901,GHED_GGHE-DGDP_SHA2011,COUNTRY,AFG,EMR,Eastern Mediterranean,YEAR,2008,,,,,,,,,0.63,0.62779975,,,,2025-12-05T13:23:08Z,2008,2008-01-01,2008-12-31
6303140,GHED_GGHE-DGDP_SHA2011,COUNTRY,IRN,EMR,Eastern Mediterranean,YEAR,2008,,,,,,,,,1.87,1.86860132,,,,2025-12-05T13:23:08Z,2008,2008-01-01,2008-12-31
6303230,GHED_GGHE-DGDP_SHA2011,COUNTRY,MHL,WPR,Western Pacific,YEAR,2007,,,,,,,,,6.44,6.43916655,,,,2025-12-05T13:23:08Z,2007,2007-01-01,2007-12-31
6307835,GHED_GGHE-DGDP_SHA2011,COUNTRY,ARE,EMR,Eastern Mediterranean,YEAR,2020,,,,,,,,,3.55,3.55229998,,,,2025-12-05T13:23:08Z,2020,2020-01-01,2020-12-31
6309151,GHED_GGHE-DGDP_SHA2011,COUNTRY,COM,AFR,Africa,YEAR,2005,,,,,,,,,0.69,0.69428998,,,,2025-12-05T13:23:08Z,2005,2005-01-01,2005-12-31
6312144,GHED_GGHE-DGDP_SHA2011,COUNTRY,BGR,EUR,Europe,YEAR,2000,,,,,,,,,3.47,3.4715004,,,,2025-12-05T13:23:08Z,2000,2000-01-01,2000-12-31
6314431,GHED_GGHE-DGDP_SHA2011,COUNTRY,PLW,WPR,Western Pacific,YEAR,2002,,,,,,,,,3.58,3.58202147,,,,2025-12-05T13:23:08Z,2002,2002-01-01,2002-12-31
6316302,GHED_GGHE-DGDP_SHA2011,COUNTRY,ERI,AFR,Africa,YEAR,2004,,,,,,,,,1.56,1.55933774,,,,2025-12-05T13:23:08Z,2004,2004-01-01,2004-12-31
6316675,GHED_GGHE-DGDP_SHA2011,COUNTRY,MWI,AFR,Africa,YEAR,2008,,,,,,,,,1.37,1.3674773,,,,2025-12-05T13:23:08Z,2008,2008-01-01,2008-12-31
6316792,GHED_GGHE-DGDP_SHA2011,COUNTRY,NRU,WPR,Western Pacific,YEAR,2019,,,,,,,,,10.35,10.3461647,,,,2025-12-05T13:23:08Z,2019,2019-01-01,2019-12-31
6326232,GHED_GGHE-DGDP_SHA2011,COUNTRY,NOR,EUR,Europe,YEAR,2011,,,,,,,,,7.37,7.37413645,,,,2025-12-05T13:23:08Z,2011,2011-01-01,2011-12-31
6327349,GHED_GGHE-DGDP_SHA2011,COUNTRY,EGY,EMR,Eastern Mediterranean,YEAR,2023,,,,,,,,,1.58,1.57523489,,,,2025-12-05T13:23:08Z,2023,2023-01-01,2023-12-31
6328137,GHED_GGHE-DGDP_SHA2011,COUNTRY,SVN,EUR,Europe,YEAR,2018,,,,,,,,,6.05,6.04779768,,,,2025-12-05T13:23:08Z,2018,2018-01-01,2018-12-31
6328844,GHED_GGHE-DGDP_SHA2011,COUNTRY,GBR,EUR,Europe,YEAR,2023,,,,,,,,,8.99,8.98766613,,,,2025-12-05T13:23:08Z,2023,2023-01-01,2023-12-31
6330144,GHED_GGHE-DGDP_SHA2011,COUNTRY,BWA,AFR,Africa,YEAR,2014,,,,,,,,,3.99,3.99039125,,,,2025-12-05T13:23:08Z,2014,2014-01-01,2014-12-31
6333016,GHED_GGHE-DGDP_SHA2011,COUNTRY,MYS,WPR,Western Pacific,YEAR,2006,,,,,,,,,1.67,1.67488027,,,,2025-12-05T13:23:08Z,2006,2006-01-01,2006-12-31
6333075,GHED_GGHE-DGDP_SHA2011,COUNTRY,LUX,EUR,Europe,YEAR,2002,,,,,,,,,5.68,5.67507315,,,,2025-12-05T13:23:08Z,2002,2002-01-01,2002-12-31
6333141,GHED_GGHE-DGDP_SHA2011,COUNTRY,ALB,EUR,Europe,YEAR,2007,,,,,,,,,2.72,2.71601963,,,,2025-12-05T13:23:08Z,2007,2007-01-01,2007-12-31
6334804,GHED_GGHE-DGDP_SHA2011,COUNTRY,SRB,EUR,Europe,YEAR,2015,,,,,,,,,4.88,4.88180637,,,,2025-12-05T13:23:08Z,2015,2015-01-01,2015-12-31
6337136,GHED_GGHE-DGDP_SHA2011,COUNTRY,EST,EUR,Europe,YEAR,2006,,,,,,,,,3.70,3.69660807,,,,2025-12-05T13:23:08Z,2006,2006-01-01,2006-12-31
6344079,GHED_GGHE-DGDP_SHA2011,COUNTRY,FIN,EUR,Europe,YEAR,2005,,,,,,,,,6.45,6.44950962,,,,2025-12-05T13:23:08Z,2005,2005-01-01,2005-12-31
6345801,GHED_GGHE-DGDP_SHA2011,COUNTRY,JOR,EMR,Eastern Mediterranean,YEAR,2005,,,,,,,,,4.39,4.39218235,,,,2025-12-05T13:23:08Z,2005,2005-01-01,2005-12-31
6347697,GHED_GGHE-DGDP_SHA2011,COUNTRY,SYR,EMR,Eastern Mediterranean,YEAR,2015,,,,,,,,,1.76,1.76000929,,,,2025-12-05T13:23:08Z,2015,2015-01-01,2015-12-31
6352422,GHED_GGHE-DGDP_SHA2011,COUNTRY,SUR,AMR,Americas,YEAR,2000,,,,,,,,,2.84,2.84068179,,,,2025-12-05T13:23:08Z,2000,2000-01-01,2000-12-31
6358450,GHED_GGHE-DGDP_SHA2011,COUNTRY,AZE,EUR,Europe,YEAR,2009,,,,,,,,,1.13,1.13348269,,,,2025-12-05T13:23:08Z,2009,2009-01-01,2009-12-31
6359466,GHED_GGHE-DGDP_SHA2011,COUNTRY,ARE,EMR,Eastern Mediterranean,YEAR,2016,,,,,,,,,2.97,2.97157669,,,,2025-12-05T13:23:08Z,2016,2016-01-01,2016-12-31
6361303,GHED_GGHE-DGDP_SHA2011,COUNTRY,PRY,AMR,Americas,YEAR,2009,,,,,,,,,2.12,2.12176824,,,,2025-12-05T13:23:08Z,2009,2009-01-01,2009-12-31
6362023,GHED_GGHE-DGDP_SHA2011,WORLDBANKINCOMEGROUP,WB_UMI,,,YEAR,2014,,,,,,,,,3.50,3.49805704,,,,2025-12-05T13:23:08Z,2014,2014-01-01,2014-12-31
6362597,GHED_GGHE-DGDP_SHA2011,COUNTRY,ARE,EMR,Eastern Mediterranean,YEAR,2011,,,,,,,,,2.58,2.58301282,,,,2025-12-05T13:23:08Z,2011,2011-01-01,2011-12-31
6363763,GHED_GGHE-DGDP_SHA2011,COUNTRY,USA,AMR,Americas,YEAR,2017,,,,,,,,,8.53,8.53016281,,,,2025-12-05T13:23:08Z,2017,2017-01-01,2017-12-31
6363786,GHED_GGHE-DGDP_SHA2011,COUNTRY,PRT,EUR,Europe,YEAR,2009,,,,,,,,,6.46,6.46387529,,,,2025-12-05T13:23:08Z,2009,2009-01-01,2009-12-31
6364671,GHED_GGHE-DGDP_SHA2011,COUNTRY,GRD,AMR,Americas,YEAR,2017,,,,,,,,,1.89,1.88796365,,,,2025-12-05T13:23:08Z,2017,2017-01-01,2017-12-31
6366559,GHED_GGHE-DGDP_SHA2011,COUNTRY,MEX,AMR,Americas,YEAR,2007,,,,,,,,,2.41,2.41293502,,,,2025-12-05T13:23:08Z,2007,2007-01-01,2007-12-31
6369905,GHED_GGHE-DGDP_SHA2011,COUNTRY,HRV,EUR,Europe,YEAR,2003,,,,,,,,,5.12,5.12203264,,,,2025-12-05T13:23:08Z,2003,2003-01-01,2003-12-31
6370457,GHED_GGHE-DGDP_SHA2011,COUNTRY,EGY,EMR,Eastern Mediterranean,YEAR,2018,,,,,,,,,1.35,1.35182929,,,,2025-12-05T13:23:08Z,2018,2018-01-01,2018-12-31
6377985,GHED_GGHE-DGDP_SHA2011,COUNTRY,ISR,EUR,Europe,YEAR,2004,,,,,,,,,4.20,4.19897032,,,,2025-12-05T13:23:08Z,2004,2004-01-01,2004-12-31
6380897,GHED_GGHE-DGDP_SHA2011,COUNTRY,ZAF,AFR,Africa,YEAR,2020,,,,,,,,,5.85,5.84510279,,,,2025-12-05T13:23:08Z,2020,2020-01-01,2020-12-31
6381633,GHED_GGHE-DGDP_SHA2011,COUNTRY,AND,EUR,Europe,YEAR,2020,,,,,,,,,6.38,6.37670708,,,,2025-12-05T13:23:08Z,2020,2020-01-01,2020-12-31
6386496,GHED_GGHE-DGDP_SHA2011,REGION,SEAR,,,YEAR,2013,,,,,,,,,2.00,1.99984287,,,,2025-12-05T13:23:08Z,2013,2013-01-01,2013-12-31
6386729,GHED_GGHE-DGDP_SHA2011,COUNTRY,JOR,EMR,Eastern Mediterranean,YEAR,2011,,,,,,,,,5.50,5.49565887,,,,2025-12-05T13:23:08Z,2011,2011-01-01,2011-12-31
6389633,GHED_GGHE-DGDP_SHA2011,COUNTRY,VCT,AMR,Americas,YEAR,2019,,,,,,,,,2.87,2.87263203,,,,2025-12-05T13:23:08Z,2019,2019-01-01,2019-12-31
6392353,GHED_GGHE-DGDP_SHA2011,COUNTRY,SYC,AFR,Africa,YEAR,2016,,,,,,,,,3.26,3.25931096,,,,2025-12-05T13:23:08Z,2016,2016-01-01,2016-12-31
6393700,GHED_GGHE-DGDP_SHA2011,COUNTRY,OMN,EMR,Eastern Mediterranean,YEAR,2008,,,,,,,,,1.38,1.38406205,,,,2025-12-05T13:23:08Z,2008,2008-01-01,2008-12-31
6394368,GHED_GGHE-DGDP_SHA2011,COUNTRY,CRI,AMR,Americas,YEAR,2016,,,,,,,,,5.37,5.36528826,,,,2025-12-05T13:23:08Z,2016,2016-01-01,2016-12-31
6394678,GHED_GGHE-DGDP_SHA2011,COUNTRY,GTM,AMR,Americas,YEAR,2021,,,,,,,,,2.66,2.66252208,,,,2025-12-05T13:23:08Z,2021,2021-01-01,2021-12-31
6398232,GHED_GGHE-DGDP_SHA2011,COUNTRY,ISR,EUR,Europe,YEAR,2009,,,,,,,,,4.21,4.20548964,,,,2025-12-05T13:23:08Z,2009,2009-01-01,2009-12-31
6399953,GHED_GGHE-DGDP_SHA2011,COUNTRY,ARG,AMR,Americas,YEAR,2013,,,,,,,,,6.30,6.2950058,,,,2025-12-05T13:23:08Z,2013,2013-01-01,2013-12-31
6400006,GHED_GGHE-DGDP_SHA2011,COUNTRY,MDA,EUR,Europe,YEAR,2014,,,,,,,,,4.31,4.30888414,,,,2025-12-05T13:23:08Z,2014,2014-01-01,2014-12-31
6405522,GHED_GGHE-DGDP_SHA2011,COUNTRY,CAN,AMR,Americas,YEAR,2017,,,,,,,,,7.61,7.60926294,,,,2025-12-05T13:23:08Z,2017,2017-01-01,2017-12-31
6406476,GHED_GGHE-DGDP_SHA2011,COUNTRY,LBN,EMR,Eastern Mediterranean,YEAR,2003,,,,,,,,,2.94,2.93956637,,,,2025-12-05T13:23:08Z,2003,2003-01-01,2003-12-31
6408115,GHED_GGHE-DGDP_SHA2011,COUNTRY,BRN,WPR,Western Pacific,YEAR,2007,,,,,,,,,1.69,1.69323945,,,,2025-12-05T13:23:08Z,2007,2007-01-01,2007-12-31
6408422,GHED_GGHE-DGDP_SHA2011,COUNTRY,NOR,EUR,Europe,YEAR,2014,,,,,,,,,7.92,7.91735411,,,,2025-12-05T13:23:08Z,2014,2014-01-01,2014-12-31
6408813,GHED_GGHE-DGDP_SHA2011,COUNTRY,HND,AMR,Americas,YEAR,2015,,,,,,,,,2.95,2.94796515,,,,2025-12-05T13:23:08Z,2015,2015-01-01,2015-12-31
6417388,GHED_GGHE-DGDP_SHA2011,COUNTRY,ARE,EMR,Eastern Mediterranean,YEAR,2010,,,,,,,,,2.65,2.65301466,,,,2025-12-05T13:23:08Z,2010,2010-01-01,2010-12-31
6421103,GHED_GGHE-DGDP_SHA2011,COUNTRY,ZMB,AFR,Africa,YEAR,2010,,,,,,,,,1.56,1.55979979,,,,2025-12-05T13:23:08Z,2010,2010-01-01,2010-12-31
6424959,GHED_GGHE-DGDP_SHA2011,COUNTRY,SWE,EUR,Europe,YEAR,2004,,,,,,,,,6.71,6.71323681,,,,2025-12-05T13:23:08Z,2004,2004-01-01,2004-12-31
6430619,GHED_GGHE-DGDP_SHA2011,COUNTRY,NIU,WPR,Western Pacific,YEAR,2005,,,,,,,,,8.12,8.11686611,,,,2025-12-05T13:23:08Z,2005,2005-01-01,2005-12-31
6432652,GHED_GGHE-DGDP_SHA2011,COUNTRY,RWA,AFR,Africa,YEAR,2008,,,,,,,,,1.81,1.81383979,,,,2025-12-05T13:23:08Z,2008,2008-01-01,2008-12-31
6437264,GHED_GGHE-DGDP_SHA2011,REGION,WPR,,,YEAR,2019,,,,,,,,,4.39,4.39340591,,,,2025-12-05T13:23:08Z,2019,2019-01-01,2019-12-31
6437762,GHED_GGHE-DGDP_SHA2011,COUNTRY,THA,SEAR,South-East Asia,YEAR,2021,,,,,,,,,3.63,3.62646127,,,,2025-12-05T13:23:08Z,2021,2021-01-01,2021-12-31
6439740,GHED_GGHE-DGDP_SHA2011,COUNTRY,ESP,EUR,Europe,YEAR,2015,,,,,,,,,6.45,6.45323324,,,,2025-12-05T13:23:08Z,2015,2015-01-01,2015-12-31
6440593,GHED_GGHE-DGDP_SHA2011,COUNTRY,IND,SEAR,South-East Asia,YEAR,2004,,,,,,,,,0.72,0.72411484,,,,2025-12-05T13:23:08Z,2004,2004-01-01,2004-12-31
6443857,GHED_GGHE-DGDP_SHA2011,COUNTRY,CAF,AFR,Africa,YEAR,2014,,,,,,,,,0.71,0.71106249,,,,2025-12-05T13:23:08Z,2014,2014-01-01,2014-12-31
6446692,GHED_GGHE-DGDP_SHA2011,COUNTRY,BTN,SEAR,South-East Asia,YEAR,2013,,,,,,,,,2.31,2.3066659,,,,2025-12-05T13:23:08Z,2013,2013-01-01,2013-12-31
6450223,GHED_GGHE-DGDP_SHA2011,COUNTRY,LVA,EUR,Europe,YEAR,2022,,,,,,,,,5.25,5.2459259,,,,2025-12-05T13:23:08Z,2022,2022-01-01,2022-12-31
6450434,GHED_GGHE-DGDP_SHA2011,COUNTRY,TTO,AMR,Americas,YEAR,2009,,,,,,,,,2.61,2.61162758,,,,2025-12-05T13:23:08Z,2009,2009-01-01,2009-12-31
6451690,GHED_GGHE-DGDP_SHA2011,REGION,AMR,,,YEAR,2018,,,,,,,,,3.96,3.95988851,,,,2025-12-05T13:23:08Z,2018,2018-01-01,2018-12-31
6452468,GHED_GGHE-DGDP_SHA2011,COUNTRY,LTU,EUR,Europe,YEAR,2001,,,,,,,,,4.21,4.21362257,,,,2025-12-05T13:23:08Z,2001,2001-01-01,2001-12-31
6455293,GHED_GGHE-DGDP_SHA2011,WORLDBANKINCOMEGROUP,WB_LI,,,YEAR,2023,,,,,,,,,1.06,1.06287796,,,,2026-01-12T13:50:53Z,2023,2023-01-01,2023-12-31
6465266,GHED_GGHE-DGDP_SHA2011,WORLDBANKINCOMEGROUP,WB_LMI,,,YEAR,2013,,,,,,,,,2.10,2.09630446,,,,2025-12-05T13:23:08Z,2013,2013-01-01,2013-12-31
6467777,GHED_GGHE-DGDP_SHA2011,COUNTRY,HRV,EUR,Europe,YEAR,2007,,,,,,,,,6.39,6.38684225,,,,2025-12-05T13:23:08Z,2007,2007-01-01,2007-12-31
6469464,GHED_GGHE-DGDP_SHA2011,COUNTRY,TKM,EUR,Europe,YEAR,2008,,,,,,,,,0.55,0.55347836,,,,2025-12-05T13:23:08Z,2008,2008-01-01,2008-12-31
6475807,GHED_GGHE-DGDP_SHA2011,COUNTRY,SWZ,AFR,Africa,YEAR,2001,,,,,,,,,2.38,2.38431859,,,,2025-12-05T13:23:08Z,2001,2001-01-01,2001-12-31
6481442,GHED_GGHE-DGDP_SHA2011,WORLDBANKINCOMEGROUP,WB_HI,,,YEAR,2006,,,,,,,,,5.06,5.05792224,,,,2025-12-05T13:23:08Z,2006,2006-01-01,2006-12-31
6482111,GHED_GGHE-DGDP_SHA2011,COUNTRY,TUN,EMR,Eastern Mediterranean,YEAR,2008,,,,,,,,,2.80,2.80299711,,,,2025-12-05T13:23:08Z,2008,2008-01-01,2008-12-31
6484831,GHED_GGHE-DGDP_SHA2011,COUNTRY,LTU,EUR,Europe,YEAR,2020,,,,,,,,,5.09,5.09458399,,,,2025-12-05T13:23:08Z,2020,2020-01-01,2020-12-31
6485532,GHED_GGHE-DGDP_SHA2011,COUNTRY,OMN,EMR,Eastern Mediterranean,YEAR,2021,,,,,,,,,3.85,3.84838724,,,,2025-12-05T13:23:08Z,2021,2021-01-01,2021-12-31
6486003,GHED_GGHE-DGDP_SHA2011,COUNTRY,CAN,AMR,Americas,YEAR,2009,,,,,,,,,7.52,7.52285767,,,,2025-12-05T13:23:08Z,2009,2009-01-01,2009-12-31
6488254,GHED_GGHE-DGDP_SHA2011,COUNTRY,LBY,EMR,Eastern Mediterranean,YEAR,2023,,,,,,,,,6.26,6.25568771,,,,2025-12-05T13:23:08Z,2023,2023-01-01,2023-12-31
6489299,GHED_GGHE-DGDP_SHA2011,COUNTRY,NIC,AMR,Americas,YEAR,2010,,,,,,,,,3.55,3.55465937,,,,2025-12-05T13:23:08Z,2010,2010-01-01,2010-12-31
6489411,GHED_GGHE-DGDP_SHA2011,COUNTRY,LVA,EUR,Europe,YEAR,2017,,,,,,,,,3.54,3.53695512,,,,2025-12-05T13:23:08Z,2017,2017-01-01,2017-12-31
6489884,GHED_GGHE-DGDP_SHA2011,COUNTRY,DZA,AFR,Africa,YEAR,2020,,,,,,,,,3.31,3.31185937,,,,2025-12-05T13:23:08Z,2020,2020-01-01,2020-12-31
6490308,GHED_GGHE-DGDP_SHA2011,REGION,WPR,,,YEAR,2012,,,,,,,,,3.62,3.62247665,,,,2025-12-05T13:23:08Z,2012,2012-01-01,2012-12-31
6490683,GHED_GGHE-DGDP_SHA2011,COUNTRY,ARG,AMR,Americas,YEAR,2014,,,,,,,,,6.41,6.40571356,,,,2025-12-05T13:23:08Z,2014,2014-01-01,2014-12-31
6491389,GHED_GGHE-DGDP_SHA2011,COUNTRY,MKD,EUR,Europe,YEAR,2013,,,,,,,,,4.41,4.41111708,,,,2025-12-05T13:23:08Z,2013,2013-01-01,2013-12-31
6491981,GHED_GGHE-DGDP_SHA2011,COUNTRY,LTU,EUR,Europe,YEAR,2005,,,,,,,,,3.43,3.42760634,,,,2025-12-05T13:23:08Z,2005,2005-01-01,2005-12-31
6492623,GHED_GGHE-DGDP_SHA2011,COUNTRY,IRN,EMR,Eastern Mediterranean,YEAR,2007,,,,,,,,,1.96,1.95606387,,,,2025-12-05T13:23:08Z,2007,2007-01-01,2007-12-31
6495355,GHED_GGHE-DGDP_SHA2011,COUNTRY,BHS,AMR,Americas,YEAR,2003,,,,,,,,,1.63,1.62846565,,,,2025-12-05T13:23:08Z,2003,2003-01-01,2003-12-31
6499513,GHED_GGHE-DGDP_SHA2011,COUNTRY,GNB,AFR,Africa,YEAR,2015,,,,,,,,,0.54,0.53779858,,,,2025-12-05T13:23:08Z,2015,2015-01-01,2015-12-31
6502643,GHED_GGHE-DGDP_SHA2011,WORLDBANKINCOMEGROUP,WB_LI,,,YEAR,2022,,,,,,,,,1.14,1.13814003,,,,2025-12-05T13:23:08Z,2022,2022-01-01,2022-12-31
6502745,GHED_GGHE-DGDP_SHA2011,COUNTRY,CAF,AFR,Africa,YEAR,2023,,,,,,,,,1.53,1.53037214,,,,2025-12-05T13:23:08Z,2023,2023-01-01,2023-12-31
6506071,GHED_GGHE-DGDP_SHA2011,COUNTRY,BEN,AFR,Africa,YEAR,2010,,,,,,,,,0.75,0.7522946,,,,2025-12-05T13:23:08Z,2010,2010-01-01,2010-12-31
6515679,GHED_GGHE-DGDP_SHA2011,COUNTRY,TON,WPR,Western Pacific,YEAR,2017,,,,,,,,,2.91,2.90944481,,,,2025-12-05T13:23:08Z,2017,2017-01-01,2017-12-31
6516117,GHED_GGHE-DGDP_SHA2011,COUNTRY,NIU,WPR,Western Pacific,YEAR,2014,,,,,,,,,6.93,6.93417549,,,,2025-12-05T13:23:08Z,2014,2014-01-01,2014-12-31
6520019,GHED_GGHE-DGDP_SHA2011,COUNTRY,CUB,AMR,Americas,YEAR,2020,,,,,,,,,11.37,11.3656826,,,,2025-12-05T13:23:08Z,2020,2020-01-01,2020-12-31
6522381,GHED_GGHE-DGDP_SHA2011,COUNTRY,ROU,EUR,Europe,YEAR,2015,,,,,,,,,3.85,3.85264945,,,,2025-12-05T13:23:08Z,2015,2015-01-01,2015-12-31
6525198,GHED_GGHE-DGDP_SHA2011,COUNTRY,AUT,EUR,Europe,YEAR,2015,,,,,,,,,7.57,7.5736208,,,,2025-12-05T13:23:08Z,2015,2015-01-01,2015-12-31
6526421,GHED_GGHE-DGDP_SHA2011,COUNTRY,GEO,EUR,Europe,YEAR,2013,,,,,,,,,1.82,1.82236254,,,,2025-12-05T13:23:08Z,2013,2013-01-01,2013-12-31
6527374,GHED_GGHE-DGDP_SHA2011,COUNTRY,SEN,AFR,Africa,YEAR,2006,,,,,,,,,1.76,1.7594533,,,,2025-12-05T13:23:08Z,2006,2006-01-01,2006-12-31
6531116,GHED_GGHE-DGDP_SHA2011,COUNTRY,ATG,AMR,Americas,YEAR,2005,,,,,,,,,2.48,2.48221588,,,,2025-12-05T13:23:08Z,2005,2005-01-01,2005-12-31
6535285,GHED_GGHE-DGDP_SHA2011,COUNTRY,MNG,WPR,Western Pacific,YEAR,2010,,,,,,,,,2.44,2.44484329,,,,2025-12-05T13:23:08Z,2010,2010-01-01,2010-12-31
6538312,GHED_GGHE-DGDP_SHA2011,COUNTRY,KGZ,EUR,Europe,YEAR,2013,,,,,,,,,3.95,3.94686103,,,,2025-12-05T13:23:08Z,2013,2013-01-01,2013-12-31
6538679,GHED_GGHE-DGDP_SHA2011,REGION,EUR,,,YEAR,2015,,,,,,,,,4.93,4.92756425,,,,2026-01-12T13:50:53Z,2015,2015-01-01,2015-12-31
6538814,GHED_GGHE-DGDP_SHA2011,COUNTRY,PRY,AMR,Americas,YEAR,2006,,,,,,,,,1.76,1.76220965,,,,2025-12-05T13:23:08Z,2006,2006-01-01,2006-12-31
6542424,GHED_GGHE-DGDP_SHA2011,COUNTRY,MNG,WPR,Western Pacific,YEAR,2015,,,,,,,,,2.41,2.4089644,,,,2025-12-05T13:23:08Z,2015,2015-01-01,2015-12-31
6542841,GHED_GGHE-DGDP_SHA2011,COUNTRY,CAF,AFR,Africa,YEAR,2019,,,,,,,,,0.82,0.81889474,,,,2025-12-05T13:23:08Z,2019,2019-01-01,2019-12-31
6543725,GHED_GGHE-DGDP_SHA2011,WORLDBANKINCOMEGROUP,WB_HI,,,YEAR,2001,,,,,,,,,4.90,4.90477418,,,,2025-12-05T13:23:08Z,2001,2001-01-01,2001-12-31
6544929,GHED_GGHE-DGDP_SHA2011,COUNTRY,USA,AMR,Americas,YEAR,2009,,,,,,,,,7.87,7.87214708,,,,2025-12-05T13:23:08Z,2009,2009-01-01,2009-12-31
6548135,GHED_GGHE-DGDP_SHA2011,COUNTRY,AND,EUR,Europe,YEAR,2002,,,,,,,,,3.98,3.97611761,,,,2025-12-05T13:23:08Z,2002,2002-01-01,2002-12-31
6548983,GHED_GGHE-DGDP_SHA2011,COUNTRY,POL,EUR,Europe,YEAR,2021,,,,,,,,,4.59,4.58968067,,,,2025-12-05T13:23:08Z,2021,2021-01-01,2021-12-31
6550586,GHED_GGHE-DGDP_SHA2011,COUNTRY,LIE,EUR,Europe,YEAR,2020,,,,,,,,,4.16,4.1560874,,,,2025-12-05T13:23:08Z,2020,2020-01-01,2020-12-31
6552471,GHED_GGHE-DGDP_SHA2011,COUNTRY,PRT,EUR,Europe,YEAR,2017,,,,,,,,,5.70,5.70213747,,,,2025-12-05T13:23:08Z,2017,2017-01-01,2017-12-31
6556171,GHED_GGHE-DGDP_SHA2011,COUNTRY,RWA,AFR,Africa,YEAR,2018,,,,,,,,,1.64,1.64325416,,,,2025-12-05T13:23:08Z,2018,2018-01-01,2018-12-31
6556189,GHED_GGHE-DGDP_SHA2011,COUNTRY,ROU,EUR,Europe,YEAR,2023,,,,,,,,,4.33,4.3310914,,,,2025-12-05T13:23:08Z,2023,2023-01-01,2023-12-31
6557630,GHED_GGHE-DGDP_SHA2011,COUNTRY,CMR,AFR,Africa,YEAR,2011,,,,,,,,,0.57,0.5729565,,,,2025-12-05T13:23:08Z,2011,2011-01-01,2011-12-31
6557825,GHED_GGHE-DGDP_SHA2011,COUNTRY,NRU,WPR,Western Pacific,YEAR,2002,,,,,,,,,9.82,9.82158947,,,,2025-12-05T13:23:08Z,2002,2002-01-01,2002-12-31
6558549,GHED_GGHE-DGDP_SHA2011,COUNTRY,POL,EUR,Europe,YEAR,2013,,,,,,,,,4.53,4.53399515,,,,2025-12-05T13:23:08Z,2013,2013-01-01,2013-12-31
6560193,GHED_GGHE-DGDP_SHA2011,COUNTRY,VNM,WPR,Western Pacific,YEAR,2019,,,,,,,,,2.02,2.02046871,,,,2025-12-05T13:23:08Z,2019,2019-01-01,2019-12-31
6561294,GHED_GGHE-DGDP_SHA2011,COUNTRY,NPL,SEAR,South-East Asia,YEAR,2020,,,,,,,,,1.57,1.5651871,,,,2025-12-05T13:23:08Z,2020,2020-01-01,2020-12-31
6562998,GHED_GGHE-DGDP_SHA2011,COUNTRY,YEM,EMR,Eastern Mediterranean,YEAR,2016,,,,,,,,,0.54,0.54064083,,,,2025-12-05T13:23:08Z,2016,2016-01-01,2016-12-31
6564956,GHED_GGHE-DGDP_SHA2011,COUNTRY,SVN,EUR,Europe,YEAR,2000,,,,,,,,,5.61,5.60744858,,,,2025-12-05T13:23:08Z,2000,2000-01-01,2000-12-31
6567794,GHED_GGHE-DGDP_SHA2011,COUNTRY,ESP,EUR,Europe,YEAR,2002,,,,,,,,,4.83,4.82988739,,,,2025-12-05T13:23:08Z,2002,2002-01-01,2002-12-31
6569278,GHED_GGHE-DGDP_SHA2011,COUNTRY,MEX,AMR,Americas,YEAR,2009,,,,,,,,,2.73,2.72910881,,,,2025-12-05T13:23:08Z,2009,2009-01-01,2009-12-31
6569808,GHED_GGHE-DGDP_SHA2011,COUNTRY,KAZ,EUR,Europe,YEAR,2004,,,,,,,,,2.33,2.32648873,,,,2025-12-05T13:23:08Z,2004,2004-01-01,2004-12-31
6573370,GHED_GGHE-DGDP_SHA2011,COUNTRY,SMR,EUR,Europe,YEAR,2017,,,,,,,,,7.24,7.23664856,,,,2025-12-05T13:23:08Z,2017,2017-01-01,2017-12-31
6576350,GHED_GGHE-DGDP_SHA2011,COUNTRY,SUR,AMR,Americas,YEAR,2008,,,,,,,,,2.10,2.09781647,,,,2025-12-05T13:23:08Z,2008,2008-01-01,2008-12-31
6577938,GHED_GGHE-DGDP_SHA2011,WORLDBANKINCOMEGROUP,WB_LMI,,,YEAR,2016,,,,,,,,,2.04,2.03527468,,,,2025-12-05T13:23:08Z,2016,2016-01-01,2016-12-31
6582590,GHED_GGHE-DGDP_SHA2011,COUNTRY,ETH,AFR,Africa,YEAR,2002,,,,,,,,,2.08,2.08121943,,,,2025-12-05T13:23:08Z,2002,2002-01-01,2002-12-31
6582653,GHED_GGHE-DGDP_SHA2011,COUNTRY,URY,AMR,Americas,YEAR,2004,,,,,,,,,4.32,4.32407045,,,,2025-12-05T13:23:08Z,2004,2004-01-01,2004-12-31
6584235,GHED_GGHE-DGDP_SHA2011,COUNTRY,BOL,AMR,Americas,YEAR,2000,,,,,,,,,2.43,2.43201661,,,,2025-12-05T13:23:08Z,2000,2000-01-01,2000-12-31
6585241,GHED_GGHE-DGDP_SHA2011,COUNTRY,MYS,WPR,Western Pacific,YEAR,2009,,,,,,,,,1.81,1.81166101,,,,2025-12-05T13:23:08Z,2009,2009-01-01,2009-12-31
6587467,GHED_GGHE-DGDP_SHA2011,COUNTRY,GHA,AFR,Africa,YEAR,2012,,,,,,,,,1.98,1.97869766,,,,2025-12-05T13:23:08Z,2012,2012-01-01,2012-12-31
6588856,GHED_GGHE-DGDP_SHA2011,COUNTRY,TTO,AMR,Americas,YEAR,2020,,,,,,,,,3.45,3.44541454,,,,2025-12-05T13:23:08Z,2020,2020-01-01,2020-12-31
6594623,GHED_GGHE-DGDP_SHA2011,COUNTRY,GAB,AFR,Africa,YEAR,2019,,,,,,,,,1.67,1.66963005,,,,2025-12-05T13:23:08Z,2019,2019-01-01,2019-12-31
6596588,GHED_GGHE-DGDP_SHA2011,GLOBAL,GLOBAL,,,YEAR,2012,,,,,,,,,3.27,3.27462192,,,,2025-12-05T13:23:08Z,2012,2012-01-01,2012-12-31
6596833,GHED_GGHE-DGDP_SHA2011,COUNTRY,URY,AMR,Americas,YEAR,2015,,,,,,,,,5.65,5.64815187,,,,2025-12-05T13:23:08Z,2015,2015-01-01,2015-12-31
6597056,GHED_GGHE-DGDP_SHA2011,COUNTRY,CYP,EUR,Europe,YEAR,2015,,,,,,,,,2.86,2.85704303,,,,2025-12-05T13:23:08Z,2015,2015-01-01,2015-12-31
6597979,GHED_GGHE-DGDP_SHA2011,COUNTRY,IDN,WPR,Western Pacific,YEAR,2009,,,,,,,,,0.92,0.92164314,,,,2025-12-05T13:23:08Z,2009,2009-01-01,2009-12-31
6598953,GHED_GGHE-DGDP_SHA2011,COUNTRY,DNK,EUR,Europe,YEAR,2001,,,,,,,,,7.04,7.04253101,,,,2025-12-05T13:23:08Z,2001,2001-01-01,2001-12-31
6599059,GHED_GGHE-DGDP_SHA2011,COUNTRY,LCA,AMR,Americas,YEAR,2007,,,,,,,,,1.56,1.55791318,,,,2025-12-05T13:23:08Z,2007,2007-01-01,2007-12-31
6599868,GHED_GGHE-DGDP_SHA2011,COUNTRY,ERI,AFR,Africa,YEAR,2014,,,,,,,,,0.51,0.51250237,,,,2025-12-05T13:23:08Z,2014,2014-01-01,2014-12-31
6600127,GHED_GGHE-DGDP_SHA2011,COUNTRY,DEU,EUR,Europe,YEAR,2022,,,,,,,,,10.02,10.01671791,,,,2025-12-05T13:23:08Z,2022,2022-01-01,2022-12-31
6600495,GHED_GGHE-DGDP_SHA2011,COUNTRY,TTO,AMR,Americas,YEAR,2022,,,,,,,,,3.02,3.02066517,,,,2025-12-05T13:23:08Z,2022,2022-01-01,2022-12-31
6605479,GHED_GGHE-DGDP_SHA2011,COUNTRY,SLE,AFR,Africa,YEAR,2013,,,,,,,,,0.59,0.58837235,,,,2025-12-05T13:23:08Z,2013,2013-01-01,2013-12-31
6606278,GHED_GGHE-DGDP_SHA2011,COUNTRY,KAZ,EUR,Europe,YEAR,2019,,,,,,,,,1.72,1.72108889,,,,2025-12-05T13:23:08Z,2019,2019-01-01,2019-12-31
6611009,GHED_GGHE-DGDP_SHA2011,COUNTRY,FSM,WPR,Western Pacific,YEAR,2018,,,,,,,,,1.41,1.40767145,,,,2025-12-05T13:23:08Z,2018,2018-01-01,2018-12-31
6611105,GHED_GGHE-DGDP_SHA2011,GLOBAL,GLOBAL,,,YEAR,2021,,,,,,,,,3.96,3.96020315,,,,2025-12-05T13:23:08Z,2021,2021-01-01,2021-12-31
6613441,GHED_GGHE-DGDP_SHA2011,COUNTRY,KEN,AFR,Africa,YEAR,2016,,,,,,,,,2.04,2.03529072,,,,2025-12-05T13:23:08Z,2016,2016-01-01,2016-12-31
6614609,GHED_GGHE-DGDP_SHA2011,COUNTRY,AUT,EUR,Europe,YEAR,2006,,,,,,,,,7.01,7.01176453,,,,2025-12-05T13:23:08Z,2006,2006-01-01,2006-12-31
6616139,GHED_GGHE-DGDP_SHA2011,COUNTRY,NLD,EUR,Europe,YEAR,2018,,,,,,,,,6.47,6.47488213,,,,2025-12-05T13:23:08Z,2018,2018-01-01,2018-12-31
6617032,GHED_GGHE-DGDP_SHA2011,COUNTRY,BHS,AMR,Americas,YEAR,2014,,,,,,,,,2.54,2.53589177,,,,2025-12-05T13:23:08Z,2014,2014-01-01,2014-12-31
6623176,GHED_GGHE-DGDP_SHA2011,COUNTRY,IRN,EMR,Eastern Mediterranean,YEAR,2006,,,,,,,,,2.15,2.15025973,,,,2025-12-05T13:23:08Z,2006,2006-01-01,2006-12-31
6625837,GHED_GGHE-DGDP_SHA2011,COUNTRY,UGA,AFR,Africa,YEAR,2002,,,,,,,,,1.47,1.46629059,,,,2025-12-05T13:23:08Z,2002,2002-01-01,2002-12-31
6631702,GHED_GGHE-DGDP_SHA2011,COUNTRY,ATG,AMR,Americas,YEAR,2008,,,,,,,,,1.88,1.87520587,,,,2025-12-05T13:23:08Z,2008,2008-01-01,2008-12-31
6632388,GHED_GGHE-DGDP_SHA2011,COUNTRY,HTI,AMR,Americas,YEAR,2005,,,,,,,,,0.58,0.58343035,,,,2025-12-05T13:23:08Z,2005,2005-01-01,2005-12-31
6647993,GHED_GGHE-DGDP_SHA2011,COUNTRY,TCD,AFR,Africa,YEAR,2014,,,,,,,,,0.94,0.94091558,,,,2025-12-05T13:23:08Z,2014,2014-01-01,2014-12-31
6649474,GHED_GGHE-DGDP_SHA2011,COUNTRY,LUX,EUR,Europe,YEAR,2004,,,,,,,,,6.15,6.15188742,,,,2025-12-05T13:23:08Z,2004,2004-01-01,2004-12-31
6651815,GHED_GGHE-DGDP_SHA2011,REGION,WPR,,,YEAR,2020,,,,,,,,,4.61,4.6101994,,,,2025-12-05T13:23:08Z,2020,2020-01-01,2020-12-31
6654336,GHED_GGHE-DGDP_SHA2011,COUNTRY,KAZ,EUR,Europe,YEAR,2018,,,,,,,,,1.76,1.76464748,,,,2025-12-05T13:23:08Z,2018,2018-01-01,2018-12-31
6655714,GHED_GGHE-DGDP_SHA2011,COUNTRY,VNM,WPR,Western Pacific,YEAR,2007,,,,,,,,,1.77,1.76966417,,,,2025-12-05T13:23:08Z,2007,2007-01-01,2007-12-31
6658868,GHED_GGHE-DGDP_SHA2011,COUNTRY,VCT,AMR,Americas,YEAR,2013,,,,,,,,,2.67,2.6729424,,,,2025-12-05T13:23:08Z,2013,2013-01-01,2013-12-31
6659852,GHED_GGHE-DGDP_SHA2011,COUNTRY,AFG,EMR,Eastern Mediterranean,YEAR,2011,,,,,,,,,0.48,0.47999981,,,,2025-12-05T13:23:08Z,2011,2011-01-01,2011-12-31
6665532,GHED_GGHE-DGDP_SHA2011,COUNTRY,MYS,WPR,Western Pacific,YEAR,2019,,,,,,,,,2.01,2.00959897,,,,2025-12-05T13:23:08Z,2019,2019-01-01,2019-12-31
6666065,GHED_GGHE-DGDP_SHA2011,COUNTRY,SGP,WPR,Western Pacific,YEAR,2016,,,,,,,,,2.08,2.07529497,,,,2025-12-05T13:23:08Z,2016,2016-01-01,2016-12-31
6667417,GHED_GGHE-DGDP_SHA2011,COUNTRY,JPN,WPR,Western Pacific,YEAR,2019,,,,,,,,,9.21,9.2108326,,,,2025-12-05T13:23:08Z,2019,2019-01-01,2019-12-31
6667926,GHED_GGHE-DGDP_SHA2011,COUNTRY,NRU,WPR,Western Pacific,YEAR,2017,,,,,,,,,8.43,8.42948341,,,,2025-12-05T13:23:08Z,2017,2017-01-01,2017-12-31
6673460,GHED_GGHE-DGDP_SHA2011,COUNTRY,MEX,AMR,Americas,YEAR,2012,,,,,,,,,2.88,2.87779689,,,,2025-12-05T13:23:08Z,2012,2012-01-01,2012-12-31
6674012,GHED_GGHE-DGDP_SHA2011,COUNTRY,GAB,AFR,Africa,YEAR,2007,,,,,,,,,1.23,1.23346996,,,,2025-12-05T13:23:08Z,2007,2007-01-01,2007-12-31
6674905,GHED_GGHE-DGDP_SHA2011,COUNTRY,MOZ,AFR,Africa,YEAR,2004,,,,,,,,,1.12,1.12229657,,,,2025-12-05T13:23:08Z,2004,2004-01-01,2004-12-31
6675417,GHED_GGHE-DGDP_SHA2011,COUNTRY,NIC,AMR,Americas,YEAR,2018,,,,,,,,,5.18,5.17776585,,,,2025-12-05T13:23:08Z,2018,2018-01-01,2018-12-31
6677666,GHED_GGHE-DGDP_SHA2011,COUNTRY,CMR,AFR,Africa,YEAR,2021,,,,,,,,,0.49,0.48882192,,,,2025-12-05T13:23:08Z,2021,2021-01-01,2021-12-31
6685812,GHED_GGHE-DGDP_SHA2011,COUNTRY,CZE,EUR,Europe,YEAR,2019,,,,,,,,,6.33,6.33127356,,,,2025-12-05T13:23:08Z,2019,2019-01-01,2019-12-31
6687621,GHED_GGHE-DGDP_SHA2011,COUNTRY,MHL,WPR,Western Pacific,YEAR,2001,,,,,,,,,6.40,6.39676857,,,,2025-12-05T13:23:08Z,2001,2001-01-01,2001-12-31
6693662,GHED_GGHE-DGDP_SHA2011,COUNTRY,ZMB,AFR,Africa,YEAR,2006,,,,,,,,,1.33,1.32859325,,,,2025-12-05T13:23:08Z,2006,2006-01-01,2006-12-31
6694259,GHED_GGHE-DGDP_SHA2011,COUNTRY,IRQ,EMR,Eastern Mediterranean,YEAR,2015,,,,,,,,,0.73,0.73074299,,,,2025-12-05T13:23:08Z,2015,2015-01-01,2015-12-31
6694889,GHED_GGHE-DGDP_SHA2011,COUNTRY,TUR,EUR,Europe,YEAR,2022,,,,,,,,,2.78,2.78341818,,,,2025-12-05T13:23:08Z,2022,2022-01-01,2022-12-31
6695187,GHED_GGHE-DGDP_SHA2011,COUNTRY,TUN,EMR,Eastern Mediterranean,YEAR,2001,,,,,,,,,2.54,2.53689337,,,,2025-12-05T13:23:08Z,2001,2001-01-01,2001-12-31
6697299,GHED_GGHE-DGDP_SHA2011,COUNTRY,TLS,SEAR,South-East Asia,YEAR,2005,,,,,,,,,2.12,2.12407804,,,,2025-12-05T13:23:08Z,2005,2005-01-01,2005-12-31
6701372,GHED_GGHE-DGDP_SHA2011,COUNTRY,ZAF,AFR,Africa,YEAR,2022,,,,,,,,,5.38,5.38311863,,,,2025-12-05T13:23:08Z,2022,2022-01-01,2022-12-31
6701473,GHED_GGHE-DGDP_SHA2011,COUNTRY,GRC,EUR,Europe,YEAR,2014,,,,,,,,,4.52,4.51781511,,,,2025-12-05T13:23:08Z,2014,2014-01-01,2014-12-31
6702458,GHED_GGHE-DGDP_SHA2011,COUNTRY,NRU,WPR,Western Pacific,YEAR,2000,,,,,,,,,16.67,16.6683979,,,,2025-12-05T13:23:08Z,2000,2000-01-01,2000-12-31
6707388,GHED_GGHE-DGDP_SHA2011,COUNTRY,JOR,EMR,Eastern Mediterranean,YEAR,2013,,,,,,,,,4.41,4.41074276,,,,2025-12-05T13:23:08Z,2013,2013-01-01,2013-12-31
6708988,GHED_GGHE-DGDP_SHA2011,COUNTRY,AND,EUR,Europe,YEAR,2021,,,,,,,,,6.17,6.16799164,,,,2025-12-05T13:23:08Z,2021,2021-01-01,2021-12-31
6709130,GHED_GGHE-DGDP_SHA2011,COUNTRY,LBY,EMR,Eastern Mediterranean,YEAR,2004,,,,,,,,,2.23,2.22574258,,,,2025-12-05T13:23:08Z,2004,2004-01-01,2004-12-31
6710106,GHED_GGHE-DGDP_SHA2011,COUNTRY,HRV,EUR,Europe,YEAR,2011,,,,,,,,,6.25,6.25037861,,,,2025-12-05T13:23:08Z,2011,2011-01-01,2011-12-31
6710517,GHED_GGHE-DGDP_SHA2011,COUNTRY,HTI,AMR,Americas,YEAR,2002,,,,,,,,,0.49,0.48891512,,,,2025-12-05T13:23:08Z,2002,2002-01-01,2002-12-31
6711520,GHED_GGHE-DGDP_SHA2011,COUNTRY,AFG,EMR,Eastern Mediterranean,YEAR,2019,,,,,,,,,0.50,0.49705607,,,,2025-12-05T13:23:08Z,2019,2019-01-01,2019-12-31
6712160,GHED_GGHE-DGDP_SHA2011,COUNTRY,AND,EUR,Europe,YEAR,2009,,,,,,,,,4.13,4.13392305,,,,2025-12-05T13:23:08Z,2009,2009-01-01,2009-12-31
6712768,GHED_GGHE-DGDP_SHA2011,COUNTRY,YEM,EMR,Eastern Mediterranean,YEAR,2004,,,,,,,,,1.95,1.95299447,,,,2025-12-05T13:23:08Z,2004,2004-01-01,2004-12-31
6713531,GHED_GGHE-DGDP_SHA2011,COUNTRY,MUS,AFR,Africa,YEAR,2004,,,,,,,,,1.80,1.80295277,,,,2025-12-05T13:23:08Z,2004,2004-01-01,2004-12-31
6714618,GHED_GGHE-DGDP_SHA2011,COUNTRY,ARG,AMR,Americas,YEAR,2023,,,,,,,,,6.18,6.18493843,,,,2025-12-05T13:23:08Z,2023,2023-01-01,2023-12-31
6716083,GHED_GGHE-DGDP_SHA2011,COUNTRY,LBR,AFR,Africa,YEAR,2006,,,,,,,,,0.47,0.47191602,,,,2025-12-05T13:23:08Z,2006,2006-01-01,2006-12-31
6717429,GHED_GGHE-DGDP_SHA2011,COUNTRY,SLV,AMR,Americas,YEAR,2020,,,,,,,,,5.80,5.7965498,,,,2025-12-05T13:23:08Z,2020,2020-01-01,2020-12-31
6725632,GHED_GGHE-DGDP_SHA2011,COUNTRY,MOZ,AFR,Africa,YEAR,2002,,,,,,,,,1.18,1.17593813,,,,2025-12-05T13:23:08Z,2002,2002-01-01,2002-12-31
6726634,GHED_GGHE-DGDP_SHA2011,COUNTRY,MNG,WPR,Western Pacific,YEAR,2021,,,,,,,,,4.21,4.2121501,,,,2025-12-05T13:23:08Z,2021,2021-01-01,2021-12-31
6727758,GHED_GGHE-DGDP_SHA2011,COUNTRY,LUX,EUR,Europe,YEAR,2008,,,,,,,,,5.46,5.46154928,,,,2025-12-05T13:23:08Z,2008,2008-01-01,2008-12-31
6730063,GHED_GGHE-DGDP_SHA2011,COUNTRY,BLR,EUR,Europe,YEAR,2011,,,,,,,,,3.09,3.08841538,,,,2025-12-05T13:23:08Z,2011,2011-01-01,2011-12-31
6731039,GHED_GGHE-DGDP_SHA2011,COUNTRY,STP,AFR,Africa,YEAR,2011,,,,,,,,,2.30,2.29882646,,,,2025-12-05T13:23:08Z,2011,2011-01-01,2011-12-31
6734197,GHED_GGHE-DGDP_SHA2011,COUNTRY,SAU,EMR,Eastern Mediterranean,YEAR,2006,,,,,,,,,2.64,2.64138937,,,,2025-12-05T13:23:08Z,2006,2006-01-01,2006-12-31
6736631,GHED_GGHE-DGDP_SHA2011,COUNTRY,SYR,EMR,Eastern Mediterranean,YEAR,2005,,,,,,,,,2.07,2.06910229,,,,2025-12-05T13:23:08Z,2005,2005-01-01,2005-12-31
6736912,GHED_GGHE-DGDP_SHA2011,COUNTRY,TCD,AFR,Africa,YEAR,2010,,,,,,,,,0.65,0.64793539,,,,2025-12-05T13:23:08Z,2010,2010-01-01,2010-12-31
6739241,GHED_GGHE-DGDP_SHA2011,COUNTRY,SWE,EUR,Europe,YEAR,2015,,,,,,,,,9.16,9.16075993,,,,2025-12-05T13:23:08Z,2015,2015-01-01,2015-12-31
6741173,GHED_GGHE-DGDP_SHA2011,COUNTRY,ETH,AFR,Africa,YEAR,2009,,,,,,,,,0.91,0.90700704,,,,2025-12-05T13:23:08Z,2009,2009-01-01,2009-12-31
6741896,GHED_GGHE-DGDP_SHA2011,COUNTRY,BRB,AMR,Americas,YEAR,2009,,,,,,,,,3.44,3.4388876,,,,2025-12-05T13:23:08Z,2009,2009-01-01,2009-12-31
6744195,GHED_GGHE-DGDP_SHA2011,COUNTRY,DZA,AFR,Africa,YEAR,2003,,,,,,,,,2.55,2.55061412,,,,2025-12-05T13:23:08Z,2003,2003-01-01,2003-12-31
6744869,GHED_GGHE-DGDP_SHA2011,COUNTRY,PER,AMR,Americas,YEAR,2009,,,,,,,,,2.50,2.49783754,,,,2025-12-05T13:23:08Z,2009,2009-01-01,2009-12-31
6745460,GHED_GGHE-DGDP_SHA2011,COUNTRY,GNB,AFR,Africa,YEAR,2000,,,,,,,,,0.59,0.5933851,,,,2025-12-05T13:23:08Z,2000,2000-01-01,2000-12-31
6745478,GHED_GGHE-DGDP_SHA2011,COUNTRY,FRA,EUR,Europe,YEAR,2008,,,,,,,,,7.43,7.42526388,,,,2025-12-05T13:23:08Z,2008,2008-01-01,2008-12-31
6745744,GHED_GGHE-DGDP_SHA2011,COUNTRY,LCA,AMR,Americas,YEAR,2019,,,,,,,,,2.08,2.07973409,,,,2025-12-05T13:23:08Z,2019,2019-01-01,2019-12-31
6749109,GHED_GGHE-DGDP_SHA2011,COUNTRY,MDV,SEAR,South-East Asia,YEAR,2019,,,,,,,,,5.88,5.87739515,,,,2025-12-05T13:23:08Z,2019,2019-01-01,2019-12-31
6750622,GHED_GGHE-DGDP_SHA2011,COUNTRY,EST,EUR,Europe,YEAR,2003,,,,,,,,,3.88,3.8824501,,,,2025-12-05T13:23:08Z,2003,2003-01-01,2003-12-31
6751797,GHED_GGHE-DGDP_SHA2011,COUNTRY,ESP,EUR,Europe,YEAR,2011,,,,,,,,,6.71,6.70592642,,,,2025-12-05T13:23:08Z,2011,2011-01-01,2011-12-31
6752205,GHED_GGHE-DGDP_SHA2011,COUNTRY,QAT,EMR,Eastern Mediterranean,YEAR,2003,,,,,,,,,2.63,2.62767673,,,,2025-12-05T13:23:08Z,2003,2003-01-01,2003-12-31
6752443,GHED_GGHE-DGDP_SHA2011,COUNTRY,LAO,WPR,Western Pacific,YEAR,2011,,,,,,,,,0.37,0.36693901,,,,2025-12-05T13:23:08Z,2011,2011-01-01,2011-12-31
6755283,GHED_GGHE-DGDP_SHA2011,COUNTRY,NAM,AFR,Africa,YEAR,2009,,,,,,,,,4.31,4.3123884200000004,,,,2025-12-05T13:23:08Z,2009,2009-01-01,2009-12-31
6757586,GHED_GGHE-DGDP_SHA2011,COUNTRY,KEN,AFR,Africa,YEAR,2004,,,,,,,,,1.08,1.07972252,,,,2025-12-05T13:23:08Z,2004,2004-01-01,2004-12-31
6760464,GHED_GGHE-DGDP_SHA2011,COUNTRY,ITA,EUR,Europe,YEAR,2009,,,,,,,,,6.98,6.97926426,,,,2025-12-05T13:23:08Z,2009,2009-01-01,2009-12-31
6760867,GHED_GGHE-DGDP_SHA2011,COUNTRY,AUT,EUR,Europe,YEAR,2010,,,,,,,,,7.45,7.45021629,,,,2025-12-05T13:23:08Z,2010,2010-01-01,2010-12-31
6762858,GHED_GGHE-DGDP_SHA2011,COUNTRY,VUT,WPR,Western Pacific,YEAR,2010,,,,,,,,,1.94,1.94011939,,,,2025-12-05T13:23:08Z,2010,2010-01-01,2010-12-31
6763007,GHED_GGHE-DGDP_SHA2011,COUNTRY,UGA,AFR,Africa,YEAR,2005,,,,,,,,,1.03,1.03255773,,,,2025-12-05T13:23:08Z,2005,2005-01-01,2005-12-31
6768225,GHED_GGHE-DGDP_SHA2011,COUNTRY,HND,AMR,Americas,YEAR,2014,,,,,,,,,3.19,3.19305706,,,,2025-12-05T13:23:08Z,2014,2014-01-01,2014-12-31
6770769,GHED_GGHE-DGDP_SHA2011,COUNTRY,BTN,SEAR,South-East Asia,YEAR,2022,,,,,,,,,2.14,2.13837457,,,,2025-12-05T13:23:08Z,2022,2022-01-01,2022-12-31
6775004,GHED_GGHE-DGDP_SHA2011,COUNTRY,MAR,EMR,Eastern Mediterranean,YEAR,2013,,,,,,,,,1.83,1.82751834,,,,2025-12-05T13:23:08Z,2013,2013-01-01,2013-12-31
6775832,GHED_GGHE-DGDP_SHA2011,COUNTRY,JPN,WPR,Western Pacific,YEAR,2020,,,,,,,,,9.78,9.777771,,,,2025-12-05T13:23:08Z,2020,2020-01-01,2020-12-31
6776502,GHED_GGHE-DGDP_SHA2011,COUNTRY,URY,AMR,Americas,YEAR,2018,,,,,,,,,6.15,6.15175676,,,,2025-12-05T13:23:08Z,2018,2018-01-01,2018-12-31
6779536,GHED_GGHE-DGDP_SHA2011,COUNTRY,ISR,EUR,Europe,YEAR,2016,,,,,,,,,4.49,4.49493361,,,,2025-12-05T13:23:08Z,2016,2016-01-01,2016-12-31
6783168,GHED_GGHE-DGDP_SHA2011,COUNTRY,VNM,WPR,Western Pacific,YEAR,2015,,,,,,,,,2.05,2.05326915,,,,2025-12-05T13:23:08Z,2015,2015-01-01,2015-12-31
6787316,GHED_GGHE-DGDP_SHA2011,COUNTRY,EGY,EMR,Eastern Mediterranean,YEAR,2013,,,,,,,,,1.37,1.36696446,,,,2025-12-05T13:23:08Z,2013,2013-01-01,2013-12-31
6788229,GHED_GGHE-DGDP_SHA2011,COUNTRY,DZA,AFR,Africa,YEAR,2019,,,,,,,,,3.28,3.27598047,,,,2025-12-05T13:23:08Z,2019,2019-01-01,2019-12-31
6789649,GHED_GGHE-DGDP_SHA2011,COUNTRY,QAT,EMR,Eastern Mediterranean,YEAR,2019,,,,,,,,,2.72,2.72214365,,,,2025-12-05T13:23:08Z,2019,2019-01-01,2019-12-31
6790835,GHED_GGHE-DGDP_SHA2011,COUNTRY,CIV,AFR,Africa,YEAR,2008,,,,,,,,,0.68,0.67955697,,,,2025-12-05T13:23:08Z,2008,2008-01-01,2008-12-31
6792558,GHED_GGHE-DGDP_SHA2011,COUNTRY,SAU,EMR,Eastern Mediterranean,YEAR,2013,,,,,,,,,3.08,3.07811379,,,,2025-12-05T13:23:08Z,2013,2013-01-01,2013-12-31
6793012,GHED_GGHE-DGDP_SHA2011,COUNTRY,DMA,AMR,Americas,YEAR,2018,,,,,,,,,4.11,4.10668468,,,,2025-12-05T13:23:08Z,2018,2018-01-01,2018-12-31
6795621,GHED_GGHE-DGDP_SHA2011,COUNTRY,VCT,AMR,Americas,YEAR,2023,,,,,,,,,3.07,3.06539917,,,,2025-12-05T13:23:08Z,2023,2023-01-01,2023-12-31
6800021,GHED_GGHE-DGDP_SHA2011,COUNTRY,AZE,EUR,Europe,YEAR,2014,,,,,,,,,1.13,1.13015568,,,,2025-12-05T13:23:08Z,2014,2014-01-01,2014-12-31
6801889,GHED_GGHE-DGDP_SHA2011,REGION,WPR,,,YEAR,2010,,,,,,,,,3.82,3.81681967,,,,2025-12-05T13:23:08Z,2010,2010-01-01,2010-12-31
6802406,GHED_GGHE-DGDP_SHA2011,COUNTRY,SLE,AFR,Africa,YEAR,2023,,,,,,,,,0.79,0.78892416,,,,2025-12-05T13:23:08Z,2023,2023-01-01,2023-12-31
6802513,GHED_GGHE-DGDP_SHA2011,COUNTRY,GUY,AMR,Americas,YEAR,2005,,,,,,,,,1.78,1.78057182,,,,2025-12-05T13:23:08Z,2005,2005-01-01,2005-12-31
6802610,GHED_GGHE-DGDP_SHA2011,COUNTRY,PRY,AMR,Americas,YEAR,2023,,,,,,,,,4.63,4.63161516,,,,2025-12-05T13:23:08Z,2023,2023-01-01,2023-12-31
6805598,GHED_GGHE-DGDP_SHA2011,COUNTRY,NIU,WPR,Western Pacific,YEAR,2001,,,,,,,,,38.00,37.99892426,,,,2025-12-05T13:23:08Z,2001,2001-01-01,2001-12-31
6808375,GHED_GGHE-DGDP_SHA2011,COUNTRY,BEN,AFR,Africa,YEAR,2000,,,,,,,,,1.13,1.13417935,,,,2025-12-05T13:23:08Z,2000,2000-01-01,2000-12-31
6810130,GHED_GGHE-DGDP_SHA2011,COUNTRY,GHA,AFR,Africa,YEAR,2022,,,,,,,,,2.04,2.03708911,,,,2025-12-05T13:23:08Z,2022,2022-01-01,2022-12-31
6810282,GHED_GGHE-DGDP_SHA2011,COUNTRY,COM,AFR,Africa,YEAR,2022,,,,,,,,,0.87,0.8734315,,,,2025-12-05T13:23:08Z,2022,2022-01-01,2022-12-31
6811073,GHED_GGHE-DGDP_SHA2011,COUNTRY,TUN,EMR,Eastern Mediterranean,YEAR,2004,,,,,,,,,2.66,2.65803766,,,,2025-12-05T13:23:08Z,2004,2004-01-01,2004-12-31
6811858,GHED_GGHE-DGDP_SHA2011,COUNTRY,STP,AFR,Africa,YEAR,2019,,,,,,,,,2.23,2.23238039,,,,2025-12-05T13:23:08Z,2019,2019-01-01,2019-12-31
6819743,GHED_GGHE-DGDP_SHA2011,COUNTRY,BGR,EUR,Europe,YEAR,2020,,,,,,,,,5.05,5.05085564,,,,2025-12-05T13:23:08Z,2020,2020-01-01,2020-12-31
6823077,GHED_GGHE-DGDP_SHA2011,COUNTRY,SWE,EUR,Europe,YEAR,2022,,,,,,,,,9.32,9.32068729,,,,2025-12-05T13:23:08Z,2022,2022-01-01,2022-12-31
6823902,GHED_GGHE-DGDP_SHA2011,COUNTRY,BEN,AFR,Africa,YEAR,2009,,,,,,,,,0.87,0.86784607,,,,2025-12-05T13:23:08Z,2009,2009-01-01,2009-12-31
6825206,GHED_GGHE-DGDP_SHA2011,COUNTRY,COL,AMR,Americas,YEAR,2001,,,,,,,,,4.46,4.4598279,,,,2025-12-05T13:23:08Z,2001,2001-01-01,2001-12-31
6828549,GHED_GGHE-DGDP_SHA2011,GLOBAL,GLOBAL,,,YEAR,2013,,,,,,,,,3.29,3.29256742,,,,2026-01-12T13:50:53Z,2013,2013-01-01,2013-12-31
6832297,GHED_GGHE-DGDP_SHA2011,COUNTRY,MRT,AFR,Africa,YEAR,2002,,,,,,,,,0.87,0.87326568,,,,2025-12-05T13:23:08Z,2002,2002-01-01,2002-12-31
6834004,GHED_GGHE-DGDP_SHA2011,COUNTRY,MNG,WPR,Western Pacific,YEAR,2007,,,,,,,,,2.88,2.88185477,,,,2025-12-05T13:23:08Z,2007,2007-01-01,2007-12-31
6838365,GHED_GGHE-DGDP_SHA2011,COUNTRY,ZMB,AFR,Africa,YEAR,2022,,,,,,,,,2.51,2.50694346,,,,2025-12-05T13:23:08Z,2022,2022-01-01,2022-12-31
6839217,GHED_GGHE-DGDP_SHA2011,COUNTRY,NIU,WPR,Western Pacific,YEAR,2007,,,,,,,,,12.68,12.6842308,,,,2025-12-05T13:23:08Z,2007,2007-01-01,2007-12-31
6846101,GHED_GGHE-DGDP_SHA2011,COUNTRY,CRI,AMR,Americas,YEAR,2000,,,,,,,,,4.26,4.262187,,,,2025-12-05T13:23:08Z,2000,2000-01-01,2000-12-31
6847935,GHED_GGHE-DGDP_SHA2011,COUNTRY,CHL,AMR,Americas,YEAR,2023,,,,,,,,,5.25,5.25075579,,,,2025-12-05T13:23:08Z,2023,2023-01-01,2023-12-31
6855658,GHED_GGHE-DGDP_SHA2011,COUNTRY,SUR,AMR,Americas,YEAR,2019,,,,,,,,,6.09,6.09356403,,,,2025-12-05T13:23:08Z,2019,2019-01-01,2019-12-31
6855870,GHED_GGHE-DGDP_SHA2011,COUNTRY,SMR,EUR,Europe,YEAR,2008,,,,,,,,,4.35,4.34516525,,,,2025-12-05T13:23:08Z,2008,2008-01-01,2008-12-31
6857919,GHED_GGHE-DGDP_SHA2011,COUNTRY,TJK,EUR,Europe,YEAR,2015,,,,,,,,,2.04,2.04495692,,,,2025-12-05T13:23:08Z,2015,2015-01-01,2015-12-31
6859724,GHED_GGHE-DGDP_SHA2011,COUNTRY,CZE,EUR,Europe,YEAR,2001,,,,,,,,,5.10,5.10241747,,,,2025-12-05T13:23:08Z,2001,2001-01-01,2001-12-31
6863650,GHED_GGHE-DGDP_SHA2011,COUNTRY,THA,SEAR,South-East Asia,YEAR,2002,,,,,,,,,2.08,2.07636881,,,,2025-12-05T13:23:08Z,2002,2002-01-01,2002-12-31
6865069,GHED_GGHE-DGDP_SHA2011,COUNTRY,NLD,EUR,Europe,YEAR,2013,,,,,,,,,7.25,7.24735451,,,,2025-12-05T13:23:08Z,2013,2013-01-01,2013-12-31
6865931,GHED_GGHE-DGDP_SHA2011,COUNTRY,NZL,WPR,Western Pacific,YEAR,2020,,,,,,,,,6.87,6.86849403,,,,2025-12-05T13:23:08Z,2020,2020-01-01,2020-12-31
6866626,GHED_GGHE-DGDP_SHA2011,COUNTRY,NPL,SEAR,South-East Asia,YEAR,2023,,,,,,,,,1.93,1.92793751,,,,2025-12-05T13:23:08Z,2023,2023-01-01,2023-12-31
6868003,GHED_GGHE-DGDP_SHA2011,COUNTRY,MDV,SEAR,South-East Asia,YEAR,2016,,,,,,,,,7.37,7.37399292,,,,2025-12-05T13:23:08Z,2016,2016-01-01,2016-12-31
6868343,GHED_GGHE-DGDP_SHA2011,COUNTRY,NOR,EUR,Europe,YEAR,2007,,,,,,,,,6.71,6.71009827,,,,2025-12-05T13:23:08Z,2007,2007-01-01,2007-12-31
6872755,GHED_GGHE-DGDP_SHA2011,COUNTRY,ISL,EUR,Europe,YEAR,2000,,,,,,,,,7.19,7.18854856,,,,2025-12-05T13:23:08Z,2000,2000-01-01,2000-12-31
6874798,GHED_GGHE-DGDP_SHA2011,COUNTRY,NZL,WPR,Western Pacific,YEAR,2015,,,,,,,,,6.58,6.57789135,,,,2025-12-05T13:23:08Z,2015,2015-01-01,2015-12-31
6876912,GHED_GGHE-DGDP_SHA2011,COUNTRY,AGO,AFR,Africa,YEAR,2009,,,,,,,,,2.24,2.23769045,,,,2025-12-05T13:23:08Z,2009,2009-01-01,2009-12-31
6877597,GHED_GGHE-DGDP_SHA2011,COUNTRY,SGP,WPR,Western Pacific,YEAR,2017,,,,,,,,,2.11,2.10866928,,,,2025-12-05T13:23:08Z,2017,2017-01-01,2017-12-31
6879084,GHED_GGHE-DGDP_SHA2011,COUNTRY,BRB,AMR,Americas,YEAR,2017,,,,,,,,,2.70,2.7041471,,,,2025-12-05T13:23:08Z,2017,2017-01-01,2017-12-31
6882164,GHED_GGHE-DGDP_SHA2011,REGION,EMR,,,YEAR,2002,,,,,,,,,2.14,2.13549006,,,,2025-12-05T13:23:08Z,2002,2002-01-01,2002-12-31
6882888,GHED_GGHE-DGDP_SHA2011,REGION,WPR,,,YEAR,2022,,,,,,,,,4.97,4.9705226,,,,2025-12-05T13:23:08Z,2022,2022-01-01,2022-12-31
6884573,GHED_GGHE-DGDP_SHA2011,COUNTRY,LVA,EUR,Europe,YEAR,2010,,,,,,,,,3.75,3.74602699,,,,2025-12-05T13:23:08Z,2010,2010-01-01,2010-12-31
6884947,GHED_GGHE-DGDP_SHA2011,COUNTRY,LBY,EMR,Eastern Mediterranean,YEAR,2009,,,,,,,,,2.46,2.46476388,,,,2025-12-05T13:23:08Z,2009,2009-01-01,2009-12-31
6886792,GHED_GGHE-DGDP_SHA2011,COUNTRY,ZAF,AFR,Africa,YEAR,2009,,,,,,,,,3.80,3.80475187,,,,2025-12-05T13:23:08Z,2009,2009-01-01,2009-12-31
6888173,GHED_GGHE-DGDP_SHA2011,COUNTRY,PAK,EMR,Eastern Mediterranean,YEAR,2008,,,,,,,,,0.40,0.40099064,,,,2025-12-05T13:23:08Z,2008,2008-01-01,2008-12-31
6890684,GHED_GGHE-DGDP_SHA2011,COUNTRY,CPV,AFR,Africa,YEAR,2019,,,,,,,,,3.24,3.24034405,,,,2025-12-05T13:23:08Z,2019,2019-01-01,2019-12-31
6893048,GHED_GGHE-DGDP_SHA2011,COUNTRY,NER,AFR,Africa,YEAR,2020,,,,,,,,,2.31,2.31365919,,,,2025-12-05T13:23:08Z,2020,2020-01-01,2020-12-31
6894103,GHED_GGHE-DGDP_SHA2011,COUNTRY,TGO,AFR,Africa,YEAR,2002,,,,,,,,,0.34,0.34117612,,,,2025-12-05T13:23:08Z,2002,2002-01-01,2002-12-31
6894329,GHED_GGHE-DGDP_SHA2011,COUNTRY,KGZ,EUR,Europe,YEAR,2006,,,,,,,,,4.21,4.21177483,,,,2025-12-05T13:23:08Z,2006,2006-01-01,2006-12-31
6894401,GHED_GGHE-DGDP_SHA2011,COUNTRY,KGZ,EUR,Europe,YEAR,2011,,,,,,,,,3.69,3.69314909,,,,2025-12-05T13:23:08Z,2011,2011-01-01,2011-12-31
6894514,GHED_GGHE-DGDP_SHA2011,COUNTRY,NPL,SEAR,South-East Asia,YEAR,2019,,,,,,,,,1.10,1.10283434,,,,2025-12-05T13:23:08Z,2019,2019-01-01,2019-12-31
6895353,GHED_GGHE-DGDP_SHA2011,COUNTRY,AFG,EMR,Eastern Mediterranean,YEAR,2002,,,,,,,,,0.08,0.08418062,,,,2025-12-05T13:23:08Z,2002,2002-01-01,2002-12-31
6895401,GHED_GGHE-DGDP_SHA2011,COUNTRY,VUT,WPR,Western Pacific,YEAR,2020,,,,,,,,,2.57,2.57221556,,,,2025-12-05T13:23:08Z,2020,2020-01-01,2020-12-31
6899375,GHED_GGHE-DGDP_SHA2011,COUNTRY,IRN,EMR,Eastern Mediterranean,YEAR,2016,,,,,,,,,4.13,4.12576914,,,,2025-12-05T13:23:08Z,2016,2016-01-01,2016-12-31
6901958,GHED_GGHE-DGDP_SHA2011,COUNTRY,SYC,AFR,Africa,YEAR,2005,,,,,,,,,3.62,3.62017798,,,,2025-12-05T13:23:08Z,2005,2005-01-01,2005-12-31
6907019,GHED_GGHE-DGDP_SHA2011,COUNTRY,KHM,WPR,Western Pacific,YEAR,2017,,,,,,,,,1.13,1.1320188,,,,2025-12-05T13:23:08Z,2017,2017-01-01,2017-12-31
6908068,GHED_GGHE-DGDP_SHA2011,COUNTRY,ROU,EUR,Europe,YEAR,2019,,,,,,,,,4.57,4.56736565,,,,2025-12-05T13:23:08Z,2019,2019-01-01,2019-12-31
6908195,GHED_GGHE-DGDP_SHA2011,COUNTRY,SLB,WPR,Western Pacific,YEAR,2016,,,,,,,,,3.15,3.15399909,,,,2025-12-05T13:23:08Z,2016,2016-01-01,2016-12-31
6911071,GHED_GGHE-DGDP_SHA2011,COUNTRY,COK,WPR,Western Pacific,YEAR,2020,,,,,,,,,5.51,5.50527954,,,,2025-12-05T13:23:08Z,2020,2020-01-01,2020-12-31
6914285,GHED_GGHE-DGDP_SHA2011,COUNTRY,DNK,EUR,Europe,YEAR,2009,,,,,,,,,8.98,8.97689438,,,,2025-12-05T13:23:08Z,2009,2009-01-01,2009-12-31
6919694,GHED_GGHE-DGDP_SHA2011,COUNTRY,FJI,WPR,Western Pacific,YEAR,2021,,,,,,,,,3.66,3.65724373,,,,2025-12-05T13:23:08Z,2021,2021-01-01,2021-12-31
6919912,GHED_GGHE-DGDP_SHA2011,COUNTRY,TON,WPR,Western Pacific,YEAR,2015,,,,,,,,,2.76,2.76189899,,,,2025-12-05T13:23:08Z,2015,2015-01-01,2015-12-31
6920835,GHED_GGHE-DGDP_SHA2011,COUNTRY,TTO,AMR,Americas,YEAR,2011,,,,,,,,,2.35,2.35490894,,,,2025-12-05T13:23:08Z,2011,2011-01-01,2011-12-31
6923586,GHED_GGHE-DGDP_SHA2011,COUNTRY,ZMB,AFR,Africa,YEAR,2003,,,,,,,,,1.45,1.45376873,,,,2025-12-05T13:23:08Z,2003,2003-01-01,2003-12-31
6925220,GHED_GGHE-DGDP_SHA2011,COUNTRY,RUS,EUR,Europe,YEAR,2015,,,,,,,,,3.11,3.10976052,,,,2025-12-05T13:23:08Z,2015,2015-01-01,2015-12-31
6925393,GHED_GGHE-DGDP_SHA2011,COUNTRY,EGY,EMR,Eastern Mediterranean,YEAR,2010,,,,,,,,,1.37,1.36768734,,,,2025-12-05T13:23:08Z,2010,2010-01-01,2010-12-31
6927041,GHED_GGHE-DGDP_SHA2011,COUNTRY,TLS,SEAR,South-East Asia,YEAR,2019,,,,,,,,,2.88,2.87948847,,,,2025-12-05T13:23:08Z,2019,2019-01-01,2019-12-31
6928735,GHED_GGHE-DGDP_SHA2011,COUNTRY,THA,SEAR,South-East Asia,YEAR,2009,,,,,,,,,2.65,2.64681911,,,,2025-12-05T13:23:08Z,2009,2009-01-01,2009-12-31
6938249,GHED_GGHE-DGDP_SHA2011,COUNTRY,SRB,EUR,Europe,YEAR,2017,,,,,,,,,4.54,4.5406208,,,,2025-12-05T13:23:08Z,2017,2017-01-01,2017-12-31
6938759,GHED_GGHE-DGDP_SHA2011,COUNTRY,LBR,AFR,Africa,YEAR,2003,,,,,,,,,0.42,0.4171488,,,,2025-12-05T13:23:08Z,2003,2003-01-01,2003-12-31
6939207,GHED_GGHE-DGDP_SHA2011,COUNTRY,ALB,EUR,Europe,YEAR,2016,,,,,,,,,2.85,2.84762025,,,,2025-12-05T13:23:08Z,2016,2016-01-01,2016-12-31
6940208,GHED_GGHE-DGDP_SHA2011,COUNTRY,NIC,AMR,Americas,YEAR,2012,,,,,,,,,3.75,3.74920559,,,,2025-12-05T13:23:08Z,2012,2012-01-01,2012-12-31
6945689,GHED_GGHE-DGDP_SHA2011,COUNTRY,KHM,WPR,Western Pacific,YEAR,2012,,,,,,,,,1.08,1.08205044,,,,2025-12-05T13:23:08Z,2012,2012-01-01,2012-12-31
6950270,GHED_GGHE-DGDP_SHA2011,COUNTRY,CMR,AFR,Africa,YEAR,2002,,,,,,,,,0.89,0.89175522,,,,2025-12-05T13:23:08Z,2002,2002-01-01,2002-12-31
6951027,GHED_GGHE-DGDP_SHA2011,COUNTRY,JAM,AMR,Americas,YEAR,2002,,,,,,,,,2.76,2.76125169,,,,2025-12-05T13:23:08Z,2002,2002-01-01,2002-12-31
6956738,GHED_GGHE-DGDP_SHA2011,COUNTRY,NAM,AFR,Africa,YEAR,2013,,,,,,,,,5.21,5.20561123,,,,2025-12-05T13:23:08Z,2013,2013-01-01,2013-12-31
6956906,GHED_GGHE-DGDP_SHA2011,COUNTRY,FJI,WPR,Western Pacific,YEAR,2006,,,,,,,,,2.48,2.47551131,,,,2025-12-05T13:23:08Z,2006,2006-01-01,2006-12-31
6963821,GHED_GGHE-DGDP_SHA2011,COUNTRY,MCO,EUR,Europe,YEAR,2003,,,,,,,,,3.59,3.5898664,,,,2025-12-05T13:23:08Z,2003,2003-01-01,2003-12-31
6966211,GHED_GGHE-DGDP_SHA2011,COUNTRY,ATG,AMR,Americas,YEAR,2021,,,,,,,,,3.06,3.06314707,,,,2025-12-05T13:23:08Z,2021,2021-01-01,2021-12-31
6967051,GHED_GGHE-DGDP_SHA2011,COUNTRY,BIH,EUR,Europe,YEAR,2003,,,,,,,,,5.48,5.47854805,,,,2025-12-05T13:23:08Z,2003,2003-01-01,2003-12-31
6967144,GHED_GGHE-DGDP_SHA2011,COUNTRY,IRL,EUR,Europe,YEAR,2020,,,,,,,,,5.41,5.41204929,,,,2025-12-05T13:23:08Z,2020,2020-01-01,2020-12-31
6968679,GHED_GGHE-DGDP_SHA2011,COUNTRY,ERI,AFR,Africa,YEAR,2005,,,,,,,,,0.85,0.85298669,,,,2025-12-05T13:23:08Z,2005,2005-01-01,2005-12-31
6971180,GHED_GGHE-DGDP_SHA2011,COUNTRY,HUN,EUR,Europe,YEAR,2016,,,,,,,,,4.72,4.71779013,,,,2025-12-05T13:23:08Z,2016,2016-01-01,2016-12-31
6972200,GHED_GGHE-DGDP_SHA2011,REGION,EUR,,,YEAR,2021,,,,,,,,,5.78,5.77935361,,,,2025-12-05T13:23:08Z,2021,2021-01-01,2021-12-31
6972243,GHED_GGHE-DGDP_SHA2011,COUNTRY,KNA,AMR,Americas,YEAR,2023,,,,,,,,,3.11,3.11200881,,,,2025-12-05T13:23:08Z,2023,2023-01-01,2023-12-31
6972750,GHED_GGHE-DGDP_SHA2011,COUNTRY,SWZ,AFR,Africa,YEAR,2021,,,,,,,,,3.65,3.65004921,,,,2025-12-05T13:23:08Z,2021,2021-01-01,2021-12-31
6974615,GHED_GGHE-DGDP_SHA2011,COUNTRY,TKM,EUR,Europe,YEAR,2022,,,,,,,,,0.80,0.79879308,,,,2025-12-05T13:23:08Z,2022,2022-01-01,2022-12-31
6974873,GHED_GGHE-DGDP_SHA2011,COUNTRY,PAK,EMR,Eastern Mediterranean,YEAR,2009,,,,,,,,,0.51,0.51264632,,,,2025-12-05T13:23:08Z,2009,2009-01-01,2009-12-31
6978790,GHED_GGHE-DGDP_SHA2011,COUNTRY,CHE,EUR,Europe,YEAR,2006,,,,,,,,,2.93,2.9323988,,,,2025-12-05T13:23:08Z,2006,2006-01-01,2006-12-31
6979388,GHED_GGHE-DGDP_SHA2011,COUNTRY,NER,AFR,Africa,YEAR,2013,,,,,,,,,1.34,1.34044802,,,,2025-12-05T13:23:08Z,2013,2013-01-01,2013-12-31
6982699,GHED_GGHE-DGDP_SHA2011,COUNTRY,TJK,EUR,Europe,YEAR,2009,,,,,,,,,1.08,1.08422637,,,,2025-12-05T13:23:08Z,2009,2009-01-01,2009-12-31
6982963,GHED_GGHE-DGDP_SHA2011,REGION,AMR,,,YEAR,2008,,,,,,,,,3.23,3.22614823,,,,2025-12-05T13:23:08Z,2008,2008-01-01,2008-12-31
6983682,GHED_GGHE-DGDP_SHA2011,COUNTRY,IDN,WPR,Western Pacific,YEAR,2011,,,,,,,,,0.70,0.70190871,,,,2025-12-05T13:23:08Z,2011,2011-01-01,2011-12-31
6984995,GHED_GGHE-DGDP_SHA2011,COUNTRY,TKM,EUR,Europe,YEAR,2009,,,,,,,,,0.68,0.68261433,,,,2025-12-05T13:23:08Z,2009,2009-01-01,2009-12-31
6990501,GHED_GGHE-DGDP_SHA2011,COUNTRY,TGO,AFR,Africa,YEAR,2004,,,,,,,,,0.44,0.44411397,,,,2025-12-05T13:23:08Z,2004,2004-01-01,2004-12-31
6992699,GHED_GGHE-DGDP_SHA2011,COUNTRY,LBY,EMR,Eastern Mediterranean,YEAR,2003,,,,,,,,,2.63,2.63191676,,,,2025-12-05T13:23:08Z,2003,2003-01-01,2003-12-31
6992714,GHED_GGHE-DGDP_SHA2011,COUNTRY,MOZ,AFR,Africa,YEAR,2009,,,,,,,,,1.28,1.2755909,,,,2025-12-05T13:23:08Z,2009,2009-01-01,2009-12-31
6992747,GHED_GGHE-DGDP_SHA2011,COUNTRY,RUS,EUR,Europe,YEAR,2006,,,,,,,,,2.94,2.94237709,,,,2025-12-05T13:23:08Z,2006,2006-01-01,2006-12-31
6995388,GHED_GGHE-DGDP_SHA2011,COUNTRY,TON,WPR,Western Pacific,YEAR,2011,,,,,,,,,2.74,2.74445701,,,,2025-12-05T13:23:08Z,2011,2011-01-01,2011-12-31
6998849,GHED_GGHE-DGDP_SHA2011,COUNTRY,DOM,AMR,Americas,YEAR,2001,,,,,,,,,1.70,1.70341122,,,,2025-12-05T13:23:08Z,2001,2001-01-01,2001-12-31
7010985,GHED_GGHE-DGDP_SHA2011,COUNTRY,GRC,EUR,Europe,YEAR,2020,,,,,,,,,5.06,5.06405878,,,,2025-12-05T13:23:08Z,2020,2020-01-01,2020-12-31
7014111,GHED_GGHE-DGDP_SHA2011,COUNTRY,PSE,EMR,Eastern Mediterranean,YEAR,2015,,,,,,,,,3.12,3.11889291,,,,2025-12-05T13:23:08Z,2015,2015-01-01,2015-12-31
7015894,GHED_GGHE-DGDP_SHA2011,COUNTRY,OMN,EMR,Eastern Mediterranean,YEAR,2002,,,,,,,,,2.32,2.31827164,,,,2025-12-05T13:23:08Z,2002,2002-01-01,2002-12-31
7018285,GHED_GGHE-DGDP_SHA2011,COUNTRY,FJI,WPR,Western Pacific,YEAR,2014,,,,,,,,,2.07,2.0661068,,,,2025-12-05T13:23:08Z,2014,2014-01-01,2014-12-31
7020436,GHED_GGHE-DGDP_SHA2011,COUNTRY,LTU,EUR,Europe,YEAR,2019,,,,,,,,,4.52,4.52023697,,,,2025-12-05T13:23:08Z,2019,2019-01-01,2019-12-31
7023431,GHED_GGHE-DGDP_SHA2011,COUNTRY,NAM,AFR,Africa,YEAR,2016,,,,,,,,,5.76,5.7642850899999996,,,,2025-12-05T13:23:08Z,2016,2016-01-01,2016-12-31
7024212,GHED_GGHE-DGDP_SHA2011,COUNTRY,MWI,AFR,Africa,YEAR,2016,,,,,,,,,1.91,1.91101837,,,,2025-12-05T13:23:08Z,2016,2016-01-01,2016-12-31
7025185,GHED_GGHE-DGDP_SHA2011,WORLDBANKINCOMEGROUP,WB_HI,,,YEAR,2014,,,,,,,,,5.06,5.06182336,,,,2026-01-12T13:50:53Z,2014,2014-01-01,2014-12-31
7026476,GHED_GGHE-DGDP_SHA2011,COUNTRY,PER,AMR,Americas,YEAR,2012,,,,,,,,,2.48,2.48199081,,,,2025-12-05T13:23:08Z,2012,2012-01-01,2012-12-31
7026846,GHED_GGHE-DGDP_SHA2011,COUNTRY,JAM,AMR,Americas,YEAR,2000,,,,,,,,,3.19,3.18738079,,,,2025-12-05T13:23:08Z,2000,2000-01-01,2000-12-31
7028655,GHED_GGHE-DGDP_SHA2011,COUNTRY,PER,AMR,Americas,YEAR,2013,,,,,,,,,2.64,2.64289999,,,,2025-12-05T13:23:08Z,2013,2013-01-01,2013-12-31
7028932,GHED_GGHE-DGDP_SHA2011,COUNTRY,BHS,AMR,Americas,YEAR,2020,,,,,,,,,4.37,4.3736619900000004,,,,2025-12-05T13:23:08Z,2020,2020-01-01,2020-12-31
7030692,GHED_GGHE-DGDP_SHA2011,COUNTRY,CAF,AFR,Africa,YEAR,2008,,,,,,,,,0.85,0.84676838,,,,2025-12-05T13:23:08Z,2008,2008-01-01,2008-12-31
7031249,GHED_GGHE-DGDP_SHA2011,REGION,AFR,,,YEAR,2019,,,,,,,,,1.75,1.74703294,,,,2025-12-05T13:23:08Z,2019,2019-01-01,2019-12-31
7032155,GHED_GGHE-DGDP_SHA2011,COUNTRY,DJI,EMR,Eastern Mediterranean,YEAR,2016,,,,,,,,,1.33,1.32919765,,,,2025-12-05T13:23:08Z,2016,2016-01-01,2016-12-31
7035300,GHED_GGHE-DGDP_SHA2011,COUNTRY,MRT,AFR,Africa,YEAR,2001,,,,,,,,,0.55,0.54510015,,,,2025-12-05T13:23:08Z,2001,2001-01-01,2001-12-31
7036282,GHED_GGHE-DGDP_SHA2011,COUNTRY,MLT,EUR,Europe,YEAR,2017,,,,,,,,,5.23,5.22904444,,,,2025-12-05T13:23:08Z,2017,2017-01-01,2017-12-31
7039835,GHED_GGHE-DGDP_SHA2011,COUNTRY,PER,AMR,Americas,YEAR,2015,,,,,,,,,3.00,3.00291657,,,,2025-12-05T13:23:08Z,2015,2015-01-01,2015-12-31
7040579,GHED_GGHE-DGDP_SHA2011,COUNTRY,FRA,EUR,Europe,YEAR,2004,,,,,,,,,7.42,7.4183507,,,,2025-12-05T13:23:08Z,2004,2004-01-01,2004-12-31
7040996,GHED_GGHE-DGDP_SHA2011,COUNTRY,AZE,EUR,Europe,YEAR,2018,,,,,,,,,0.89,0.88865483,,,,2025-12-05T13:23:08Z,2018,2018-01-01,2018-12-31
7044924,GHED_GGHE-DGDP_SHA2011,COUNTRY,MOZ,AFR,Africa,YEAR,2001,,,,,,,,,1.31,1.311831,,,,2025-12-05T13:23:08Z,2001,2001-01-01,2001-12-31
7047470,GHED_GGHE-DGDP_SHA2011,COUNTRY,BEL,EUR,Europe,YEAR,2020,,,,,,,,,8.73,8.72537518,,,,2025-12-05T13:23:08Z,2020,2020-01-01,2020-12-31
7048369,GHED_GGHE-DGDP_SHA2011,COUNTRY,SOM,EMR,Eastern Mediterranean,YEAR,2018,,,,,,,,,0.14,0.13900605,,,,2025-12-05T13:23:08Z,2018,2018-01-01,2018-12-31
7051748,GHED_GGHE-DGDP_SHA2011,COUNTRY,ECU,AMR,Americas,YEAR,2014,,,,,,,,,4.16,4.15685654,,,,2025-12-05T13:23:08Z,2014,2014-01-01,2014-12-31
7054259,GHED_GGHE-DGDP_SHA2011,COUNTRY,SLE,AFR,Africa,YEAR,2007,,,,,,,,,0.44,0.4417356,,,,2025-12-05T13:23:08Z,2007,2007-01-01,2007-12-31
7054511,GHED_GGHE-DGDP_SHA2011,COUNTRY,LBN,EMR,Eastern Mediterranean,YEAR,2014,,,,,,,,,3.57,3.57181931,,,,2025-12-05T13:23:08Z,2014,2014-01-01,2014-12-31
7058359,GHED_GGHE-DGDP_SHA2011,COUNTRY,MOZ,AFR,Africa,YEAR,2018,,,,,,,,,1.79,1.7863487,,,,2025-12-05T13:23:08Z,2018,2018-01-01,2018-12-31
7059431,GHED_GGHE-DGDP_SHA2011,COUNTRY,EGY,EMR,Eastern Mediterranean,YEAR,2011,,,,,,,,,1.47,1.47460115,,,,2025-12-05T13:23:08Z,2011,2011-01-01,2011-12-31
7063159,GHED_GGHE-DGDP_SHA2011,COUNTRY,LUX,EUR,Europe,YEAR,2013,,,,,,,,,4.39,4.39057875,,,,2025-12-05T13:23:08Z,2013,2013-01-01,2013-12-31
7067534,GHED_GGHE-DGDP_SHA2011,COUNTRY,TUV,WPR,Western Pacific,YEAR,2023,,,,,,,,,19.72,19.72272301,,,,2025-12-05T13:23:08Z,2023,2023-01-01,2023-12-31
7071325,GHED_GGHE-DGDP_SHA2011,COUNTRY,MDG,AFR,Africa,YEAR,2002,,,,,,,,,1.75,1.74709666,,,,2025-12-05T13:23:08Z,2002,2002-01-01,2002-12-31
7072379,GHED_GGHE-DGDP_SHA2011,COUNTRY,PSE,EMR,Eastern Mediterranean,YEAR,2018,,,,,,,,,2.85,2.84986925,,,,2025-12-05T13:23:08Z,2018,2018-01-01,2018-12-31
7072948,GHED_GGHE-DGDP_SHA2011,COUNTRY,OMN,EMR,Eastern Mediterranean,YEAR,2016,,,,,,,,,3.75,3.75263762,,,,2025-12-05T13:23:08Z,2016,2016-01-01,2016-12-31
7072997,GHED_GGHE-DGDP_SHA2011,COUNTRY,LCA,AMR,Americas,YEAR,2018,,,,,,,,,1.98,1.98067319,,,,2025-12-05T13:23:08Z,2018,2018-01-01,2018-12-31
7076197,GHED_GGHE-DGDP_SHA2011,COUNTRY,SDN,EMR,Eastern Mediterranean,YEAR,2023,,,,,,,,,0.59,0.59154689,,,,2025-12-05T13:23:08Z,2023,2023-01-01,2023-12-31
7076961,GHED_GGHE-DGDP_SHA2011,COUNTRY,PAN,AMR,Americas,YEAR,2004,,,,,,,,,4.48,4.48108578,,,,2025-12-05T13:23:08Z,2004,2004-01-01,2004-12-31
7077443,GHED_GGHE-DGDP_SHA2011,COUNTRY,LVA,EUR,Europe,YEAR,2003,,,,,,,,,2.86,2.85846782,,,,2025-12-05T13:23:08Z,2003,2003-01-01,2003-12-31
7080559,GHED_GGHE-DGDP_SHA2011,COUNTRY,BOL,AMR,Americas,YEAR,2008,,,,,,,,,2.70,2.70188808,,,,2025-12-05T13:23:08Z,2008,2008-01-01,2008-12-31
7081324,GHED_GGHE-DGDP_SHA2011,COUNTRY,SRB,EUR,Europe,YEAR,2000,,,,,,,,,3.80,3.79907131,,,,2025-12-05T13:23:08Z,2000,2000-01-01,2000-12-31
7081353,GHED_GGHE-DGDP_SHA2011,COUNTRY,MOZ,AFR,Africa,YEAR,2000,,,,,,,,,1.09,1.08604574,,,,2025-12-05T13:23:08Z,2000,2000-01-01,2000-12-31
7082664,GHED_GGHE-DGDP_SHA2011,COUNTRY,BTN,SEAR,South-East Asia,YEAR,2008,,,,,,,,,2.18,2.17638206,,,,2025-12-05T13:23:08Z,2008,2008-01-01,2008-12-31
7083895,GHED_GGHE-DGDP_SHA2011,COUNTRY,KHM,WPR,Western Pacific,YEAR,2016,,,,,,,,,1.04,1.04308498,,,,2025-12-05T13:23:08Z,2016,2016-01-01,2016-12-31
7084249,GHED_GGHE-DGDP_SHA2011,COUNTRY,NZL,WPR,Western Pacific,YEAR,2007,,,,,,,,,6.60,6.60462475,,,,2025-12-05T13:23:08Z,2007,2007-01-01,2007-12-31
7085042,GHED_GGHE-DGDP_SHA2011,COUNTRY,TKM,EUR,Europe,YEAR,2002,,,,,,,,,1.42,1.42210734,,,,2025-12-05T13:23:08Z,2002,2002-01-01,2002-12-31
7088622,GHED_GGHE-DGDP_SHA2011,COUNTRY,KIR,WPR,Western Pacific,YEAR,2005,,,,,,,,,10.95,10.94691277,,,,2025-12-05T13:23:08Z,2005,2005-01-01,2005-12-31
7088752,GHED_GGHE-DGDP_SHA2011,REGION,EUR,,,YEAR,2001,,,,,,,,,4.25,4.25189868,,,,2025-12-05T13:23:08Z,2001,2001-01-01,2001-12-31
7088873,GHED_GGHE-DGDP_SHA2011,COUNTRY,ZAF,AFR,Africa,YEAR,2017,,,,,,,,,4.57,4.56554031,,,,2025-12-05T13:23:08Z,2017,2017-01-01,2017-12-31
7090008,GHED_GGHE-DGDP_SHA2011,COUNTRY,PHL,WPR,Western Pacific,YEAR,2003,,,,,,,,,1.11,1.11422062,,,,2025-12-05T13:23:08Z,2003,2003-01-01,2003-12-31
7091521,GHED_GGHE-DGDP_SHA2011,REGION,AFR,,,YEAR,2013,,,,,,,,,1.67,1.67333745,,,,2025-12-05T13:23:08Z,2013,2013-01-01,2013-12-31
7092228,GHED_GGHE-DGDP_SHA2011,REGION,EMR,,,YEAR,2015,,,,,,,,,2.38,2.38286412,,,,2025-12-05T13:23:08Z,2015,2015-01-01,2015-12-31
7094249,GHED_GGHE-DGDP_SHA2011,COUNTRY,GNQ,AFR,Africa,YEAR,2016,,,,,,,,,0.87,0.86530524,,,,2025-12-05T13:23:08Z,2016,2016-01-01,2016-12-31
7094789,GHED_GGHE-DGDP_SHA2011,COUNTRY,QAT,EMR,Eastern Mediterranean,YEAR,2016,,,,,,,,,3.05,3.04590583,,,,2025-12-05T13:23:08Z,2016,2016-01-01,2016-12-31
7095662,GHED_GGHE-DGDP_SHA2011,COUNTRY,YEM,EMR,Eastern Mediterranean,YEAR,2019,,,,,,,,,0.91,0.91137344,,,,2025-12-05T13:23:08Z,2019,2019-01-01,2019-12-31
7098124,GHED_GGHE-DGDP_SHA2011,COUNTRY,GAB,AFR,Africa,YEAR,2023,,,,,,,,,2.06,2.05877304,,,,2025-12-05T13:23:08Z,2023,2023-01-01,2023-12-31
7099309,GHED_GGHE-DGDP_SHA2011,COUNTRY,PAK,EMR,Eastern Mediterranean,YEAR,2015,,,,,,,,,0.69,0.686643,,,,2025-12-05T13:23:08Z,2015,2015-01-01,2015-12-31
7100049,GHED_GGHE-DGDP_SHA2011,COUNTRY,HUN,EUR,Europe,YEAR,2001,,,,,,,,,4.56,4.56258917,,,,2025-12-05T13:23:08Z,2001,2001-01-01,2001-12-31
7105812,GHED_GGHE-DGDP_SHA2011,COUNTRY,BTN,SEAR,South-East Asia,YEAR,2010,,,,,,,,,2.35,2.3471601,,,,2025-12-05T13:23:08Z,2010,2010-01-01,2010-12-31
7107280,GHED_GGHE-DGDP_SHA2011,COUNTRY,DOM,AMR,Americas,YEAR,2021,,,,,,,,,3.36,3.36349916,,,,2025-12-05T13:23:08Z,2021,2021-01-01,2021-12-31
7113558,GHED_GGHE-DGDP_SHA2011,COUNTRY,BRA,AMR,Americas,YEAR,2012,,,,,,,,,3.35,3.35463309,,,,2025-12-05T13:23:08Z,2012,2012-01-01,2012-12-31
7114940,GHED_GGHE-DGDP_SHA2011,COUNTRY,KWT,EMR,Eastern Mediterranean,YEAR,2008,,,,,,,,,1.50,1.50249875,,,,2025-12-05T13:23:08Z,2008,2008-01-01,2008-12-31
7119237,GHED_GGHE-DGDP_SHA2011,COUNTRY,SWE,EUR,Europe,YEAR,2017,,,,,,,,,9.26,9.2550211,,,,2025-12-05T13:23:08Z,2017,2017-01-01,2017-12-31
7123523,GHED_GGHE-DGDP_SHA2011,COUNTRY,SMR,EUR,Europe,YEAR,2007,,,,,,,,,4.08,4.07534981,,,,2025-12-05T13:23:08Z,2007,2007-01-01,2007-12-31
7127770,GHED_GGHE-DGDP_SHA2011,COUNTRY,RWA,AFR,Africa,YEAR,2022,,,,,,,,,2.43,2.43239522,,,,2025-12-05T13:23:08Z,2022,2022-01-01,2022-12-31
7128020,GHED_GGHE-DGDP_SHA2011,REGION,AMR,,,YEAR,2006,,,,,,,,,2.96,2.95937659,,,,2025-12-05T13:23:08Z,2006,2006-01-01,2006-12-31
7130459,GHED_GGHE-DGDP_SHA2011,WORLDBANKINCOMEGROUP,WB_LI,,,YEAR,2010,,,,,,,,,1.11,1.11006471,,,,2025-12-05T13:23:08Z,2010,2010-01-01,2010-12-31
7132199,GHED_GGHE-DGDP_SHA2011,COUNTRY,CHN,WPR,Western Pacific,YEAR,2021,,,,,,,,,2.84,2.8417747,,,,2025-12-05T13:23:08Z,2021,2021-01-01,2021-12-31
7134611,GHED_GGHE-DGDP_SHA2011,COUNTRY,BHR,EMR,Eastern Mediterranean,YEAR,2006,,,,,,,,,2.07,2.06908512,,,,2025-12-05T13:23:08Z,2006,2006-01-01,2006-12-31
7135792,GHED_GGHE-DGDP_SHA2011,COUNTRY,TUR,EUR,Europe,YEAR,2000,,,,,,,,,2.84,2.83683038,,,,2025-12-05T13:23:08Z,2000,2000-01-01,2000-12-31
7137112,GHED_GGHE-DGDP_SHA2011,WORLDBANKINCOMEGROUP,WB_HI,,,YEAR,2010,,,,,,,,,5.08,5.08498723,,,,2025-12-05T13:23:08Z,2010,2010-01-01,2010-12-31
7140728,GHED_GGHE-DGDP_SHA2011,COUNTRY,BRN,WPR,Western Pacific,YEAR,2018,,,,,,,,,2.30,2.29566693,,,,2025-12-05T13:23:08Z,2018,2018-01-01,2018-12-31
7140765,GHED_GGHE-DGDP_SHA2011,COUNTRY,BOL,AMR,Americas,YEAR,2015,,,,,,,,,4.31,4.30645275,,,,2025-12-05T13:23:08Z,2015,2015-01-01,2015-12-31
7146932,GHED_GGHE-DGDP_SHA2011,COUNTRY,DZA,AFR,Africa,YEAR,2015,,,,,,,,,4.34,4.33925533,,,,2025-12-05T13:23:08Z,2015,2015-01-01,2015-12-31
7148933,GHED_GGHE-DGDP_SHA2011,COUNTRY,ARM,EUR,Europe,YEAR,2011,,,,,,,,,1.67,1.6728667,,,,2025-12-05T13:23:08Z,2011,2011-01-01,2011-12-31
7152191,GHED_GGHE-DGDP_SHA2011,COUNTRY,CHE,EUR,Europe,YEAR,2004,,,,,,,,,3.16,3.15826011,,,,2025-12-05T13:23:08Z,2004,2004-01-01,2004-12-31
7155271,GHED_GGHE-DGDP_SHA2011,COUNTRY,COG,AFR,Africa,YEAR,2000,,,,,,,,,0.51,0.51469523,,,,2025-12-05T13:23:08Z,2000,2000-01-01,2000-12-31
7157257,GHED_GGHE-DGDP_SHA2011,COUNTRY,ZAF,AFR,Africa,YEAR,2006,,,,,,,,,3.23,3.23011708,,,,2025-12-05T13:23:08Z,2006,2006-01-01,2006-12-31
7157511,GHED_GGHE-DGDP_SHA2011,COUNTRY,DJI,EMR,Eastern Mediterranean,YEAR,2013,,,,,,,,,1.81,1.8059175,,,,2025-12-05T13:23:08Z,2013,2013-01-01,2013-12-31
7159378,GHED_GGHE-DGDP_SHA2011,COUNTRY,ARM,EUR,Europe,YEAR,2014,,,,,,,,,1.51,1.50548005,,,,2025-12-05T13:23:08Z,2014,2014-01-01,2014-12-31
7161794,GHED_GGHE-DGDP_SHA2011,COUNTRY,GTM,AMR,Americas,YEAR,2010,,,,,,,,,2.06,2.06138587,,,,2025-12-05T13:23:08Z,2010,2010-01-01,2010-12-31
7162049,GHED_GGHE-DGDP_SHA2011,COUNTRY,MUS,AFR,Africa,YEAR,2005,,,,,,,,,1.70,1.69515753,,,,2025-12-05T13:23:08Z,2005,2005-01-01,2005-12-31
7168851,GHED_GGHE-DGDP_SHA2011,COUNTRY,KNA,AMR,Americas,YEAR,2000,,,,,,,,,2.01,2.01197886,,,,2025-12-05T13:23:08Z,2000,2000-01-01,2000-12-31
7177738,GHED_GGHE-DGDP_SHA2011,COUNTRY,RUS,EUR,Europe,YEAR,2012,,,,,,,,,3.14,3.14483786,,,,2025-12-05T13:23:08Z,2012,2012-01-01,2012-12-31
7178901,GHED_GGHE-DGDP_SHA2011,COUNTRY,MDV,SEAR,South-East Asia,YEAR,2010,,,,,,,,,4.50,4.49513102,,,,2025-12-05T13:23:08Z,2010,2010-01-01,2010-12-31
7179113,GHED_GGHE-DGDP_SHA2011,COUNTRY,ESP,EUR,Europe,YEAR,2007,,,,,,,,,5.71,5.71479321,,,,2025-12-05T13:23:08Z,2007,2007-01-01,2007-12-31
7179955,GHED_GGHE-DGDP_SHA2011,COUNTRY,GRC,EUR,Europe,YEAR,2008,,,,,,,,,5.85,5.84622145,,,,2025-12-05T13:23:08Z,2008,2008-01-01,2008-12-31
7181253,GHED_GGHE-DGDP_SHA2011,COUNTRY,LVA,EUR,Europe,YEAR,2018,,,,,,,,,3.83,3.82692361,,,,2025-12-05T13:23:08Z,2018,2018-01-01,2018-12-31
7184945,GHED_GGHE-DGDP_SHA2011,COUNTRY,NGA,AFR,Africa,YEAR,2005,,,,,,,,,1.14,1.14133215,,,,2025-12-05T13:23:08Z,2005,2005-01-01,2005-12-31
7186241,GHED_GGHE-DGDP_SHA2011,COUNTRY,LTU,EUR,Europe,YEAR,2021,,,,,,,,,5.21,5.21177673,,,,2025-12-05T13:23:08Z,2021,2021-01-01,2021-12-31
7187063,GHED_GGHE-DGDP_SHA2011,COUNTRY,GNB,AFR,Africa,YEAR,2020,,,,,,,,,1.20,1.20048702,,,,2025-12-05T13:23:08Z,2020,2020-01-01,2020-12-31
7187442,GHED_GGHE-DGDP_SHA2011,COUNTRY,DJI,EMR,Eastern Mediterranean,YEAR,2006,,,,,,,,,1.72,1.72493029,,,,2025-12-05T13:23:08Z,2006,2006-01-01,2006-12-31
7192109,GHED_GGHE-DGDP_SHA2011,COUNTRY,COD,AFR,Africa,YEAR,2009,,,,,,,,,0.31,0.30943882,,,,2025-12-05T13:23:08Z,2009,2009-01-01,2009-12-31
7192549,GHED_GGHE-DGDP_SHA2011,COUNTRY,TZA,AFR,Africa,YEAR,2002,,,,,,,,,1.33,1.33213437,,,,2025-12-05T13:23:08Z,2002,2002-01-01,2002-12-31
7196584,GHED_GGHE-DGDP_SHA2011,COUNTRY,LVA,EUR,Europe,YEAR,2007,,,,,,,,,3.54,3.54180741,,,,2025-12-05T13:23:08Z,2007,2007-01-01,2007-12-31
7197474,GHED_GGHE-DGDP_SHA2011,COUNTRY,MEX,AMR,Americas,YEAR,2019,,,,,,,,,2.61,2.60652828,,,,2025-12-05T13:23:08Z,2019,2019-01-01,2019-12-31
7202740,GHED_GGHE-DGDP_SHA2011,COUNTRY,RWA,AFR,Africa,YEAR,2021,,,,,,,,,2.64,2.63611889,,,,2025-12-05T13:23:08Z,2021,2021-01-01,2021-12-31
7205083,GHED_GGHE-DGDP_SHA2011,COUNTRY,PAK,EMR,Eastern Mediterranean,YEAR,2006,,,,,,,,,0.46,0.4643316,,,,2025-12-05T13:23:08Z,2006,2006-01-01,2006-12-31
7209801,GHED_GGHE-DGDP_SHA2011,COUNTRY,PRY,AMR,Americas,YEAR,2004,,,,,,,,,1.60,1.59777284,,,,2025-12-05T13:23:08Z,2004,2004-01-01,2004-12-31
7210022,GHED_GGHE-DGDP_SHA2011,COUNTRY,CYP,EUR,Europe,YEAR,2017,,,,,,,,,2.75,2.74640369,,,,2025-12-05T13:23:08Z,2017,2017-01-01,2017-12-31
7216607,GHED_GGHE-DGDP_SHA2011,COUNTRY,ATG,AMR,Americas,YEAR,2018,,,,,,,,,2.82,2.81542587,,,,2025-12-05T13:23:08Z,2018,2018-01-01,2018-12-31
7217839,GHED_GGHE-DGDP_SHA2011,COUNTRY,GNB,AFR,Africa,YEAR,2011,,,,,,,,,0.44,0.43690556,,,,2025-12-05T13:23:08Z,2011,2011-01-01,2011-12-31
7221563,GHED_GGHE-DGDP_SHA2011,COUNTRY,MMR,SEAR,South-East Asia,YEAR,2001,,,,,,,,,0.24,0.24364877,,,,2025-12-05T13:23:08Z,2001,2001-01-01,2001-12-31
7224012,GHED_GGHE-DGDP_SHA2011,COUNTRY,UKR,EUR,Europe,YEAR,2017,,,,,,,,,3.52,3.51985121,,,,2025-12-05T13:23:08Z,2017,2017-01-01,2017-12-31
7227780,GHED_GGHE-DGDP_SHA2011,COUNTRY,UZB,EUR,Europe,YEAR,2001,,,,,,,,,2.03,2.03427196,,,,2025-12-05T13:23:08Z,2001,2001-01-01,2001-12-31
7230801,GHED_GGHE-DGDP_SHA2011,COUNTRY,ARG,AMR,Americas,YEAR,2010,,,,,,,,,5.57,5.56987906,,,,2025-12-05T13:23:08Z,2010,2010-01-01,2010-12-31
7235813,GHED_GGHE-DGDP_SHA2011,COUNTRY,AUT,EUR,Europe,YEAR,2002,,,,,,,,,6.96,6.95735025,,,,2025-12-05T13:23:08Z,2002,2002-01-01,2002-12-31
7236470,GHED_GGHE-DGDP_SHA2011,COUNTRY,PHL,WPR,Western Pacific,YEAR,2015,,,,,,,,,1.47,1.46860588,,,,2025-12-05T13:23:08Z,2015,2015-01-01,2015-12-31
7239792,GHED_GGHE-DGDP_SHA2011,COUNTRY,BLZ,AMR,Americas,YEAR,2010,,,,,,,,,2.98,2.97982311,,,,2025-12-05T13:23:08Z,2010,2010-01-01,2010-12-31
7241111,GHED_GGHE-DGDP_SHA2011,COUNTRY,RWA,AFR,Africa,YEAR,2004,,,,,,,,,1.93,1.92855704,,,,2025-12-05T13:23:08Z,2004,2004-01-01,2004-12-31
7244525,GHED_GGHE-DGDP_SHA2011,COUNTRY,AZE,EUR,Europe,YEAR,2008,,,,,,,,,0.87,0.86519617,,,,2025-12-05T13:23:08Z,2008,2008-01-01,2008-12-31
7245946,GHED_GGHE-DGDP_SHA2011,COUNTRY,NRU,WPR,Western Pacific,YEAR,2010,,,,,,,,,7.59,7.59175539,,,,2025-12-05T13:23:08Z,2010,2010-01-01,2010-12-31
7247780,GHED_GGHE-DGDP_SHA2011,COUNTRY,TJK,EUR,Europe,YEAR,2016,,,,,,,,,1.99,1.98977911,,,,2025-12-05T13:23:08Z,2016,2016-01-01,2016-12-31
7247934,GHED_GGHE-DGDP_SHA2011,COUNTRY,MHL,WPR,Western Pacific,YEAR,2003,,,,,,,,,8.42,8.42232609,,,,2025-12-05T13:23:08Z,2003,2003-01-01,2003-12-31
7248046,GHED_GGHE-DGDP_SHA2011,COUNTRY,SWZ,AFR,Africa,YEAR,2010,,,,,,,,,4.23,4.22809029,,,,2025-12-05T13:23:08Z,2010,2010-01-01,2010-12-31
7248267,GHED_GGHE-DGDP_SHA2011,REGION,AFR,,,YEAR,2007,,,,,,,,,1.52,1.52466028,,,,2025-12-05T13:23:08Z,2007,2007-01-01,2007-12-31
7248527,GHED_GGHE-DGDP_SHA2011,REGION,EUR,,,YEAR,2023,,,,,,,,,5.30,5.30263166,,,,2025-12-05T13:23:08Z,2023,2023-01-01,2023-12-31
7248750,GHED_GGHE-DGDP_SHA2011,COUNTRY,VCT,AMR,Americas,YEAR,2015,,,,,,,,,2.53,2.52658701,,,,2025-12-05T13:23:08Z,2015,2015-01-01,2015-12-31
7250958,GHED_GGHE-DGDP_SHA2011,COUNTRY,BEN,AFR,Africa,YEAR,2012,,,,,,,,,0.75,0.74686456,,,,2025-12-05T13:23:08Z,2012,2012-01-01,2012-12-31
7251855,GHED_GGHE-DGDP_SHA2011,COUNTRY,GBR,EUR,Europe,YEAR,2001,,,,,,,,,5.64,5.64282608,,,,2025-12-05T13:23:08Z,2001,2001-01-01,2001-12-31
7251939,GHED_GGHE-DGDP_SHA2011,COUNTRY,KWT,EMR,Eastern Mediterranean,YEAR,2014,,,,,,,,,2.47,2.466609,,,,2025-12-05T13:23:08Z,2014,2014-01-01,2014-12-31
7256794,GHED_GGHE-DGDP_SHA2011,COUNTRY,GAB,AFR,Africa,YEAR,2011,,,,,,,,,1.59,1.58558345,,,,2025-12-05T13:23:08Z,2011,2011-01-01,2011-12-31
7257840,GHED_GGHE-DGDP_SHA2011,COUNTRY,MNG,WPR,Western Pacific,YEAR,2023,,,,,,,,,2.73,2.72985005,,,,2025-12-05T13:23:08Z,2023,2023-01-01,2023-12-31
7258152,GHED_GGHE-DGDP_SHA2011,COUNTRY,DJI,EMR,Eastern Mediterranean,YEAR,2014,,,,,,,,,1.76,1.76028001,,,,2025-12-05T13:23:08Z,2014,2014-01-01,2014-12-31
7258567,GHED_GGHE-DGDP_SHA2011,COUNTRY,NLD,EUR,Europe,YEAR,2020,,,,,,,,,7.55,7.54755592,,,,2025-12-05T13:23:08Z,2020,2020-01-01,2020-12-31
7259150,GHED_GGHE-DGDP_SHA2011,COUNTRY,NER,AFR,Africa,YEAR,2018,,,,,,,,,1.77,1.76657593,,,,2025-12-05T13:23:08Z,2018,2018-01-01,2018-12-31
7259557,GHED_GGHE-DGDP_SHA2011,COUNTRY,CHL,AMR,Americas,YEAR,2007,,,,,,,,,2.63,2.62537217,,,,2025-12-05T13:23:08Z,2007,2007-01-01,2007-12-31
7259640,GHED_GGHE-DGDP_SHA2011,COUNTRY,GUY,AMR,Americas,YEAR,2020,,,,,,,,,3.97,3.97433281,,,,2025-12-05T13:23:08Z,2020,2020-01-01,2020-12-31
7262238,GHED_GGHE-DGDP_SHA2011,COUNTRY,ALB,EUR,Europe,YEAR,2023,,,,,,,,,3.50,3.49766994,,,,2025-12-05T13:23:08Z,2023,2023-01-01,2023-12-31
7265641,GHED_GGHE-DGDP_SHA2011,COUNTRY,DEU,EUR,Europe,YEAR,2014,,,,,,,,,8.33,8.33346176,,,,2025-12-05T13:23:08Z,2014,2014-01-01,2014-12-31
7267454,GHED_GGHE-DGDP_SHA2011,REGION,EMR,,,YEAR,2000,,,,,,,,,2.01,2.00875013,,,,2025-12-05T13:23:08Z,2000,2000-01-01,2000-12-31
7269384,GHED_GGHE-DGDP_SHA2011,COUNTRY,KEN,AFR,Africa,YEAR,2008,,,,,,,,,1.36,1.35639918,,,,2025-12-05T13:23:08Z,2008,2008-01-01,2008-12-31
7270588,GHED_GGHE-DGDP_SHA2011,COUNTRY,IRN,EMR,Eastern Mediterranean,YEAR,2002,,,,,,,,,1.83,1.82648432,,,,2025-12-05T13:23:08Z,2002,2002-01-01,2002-12-31
7273523,GHED_GGHE-DGDP_SHA2011,COUNTRY,SDN,EMR,Eastern Mediterranean,YEAR,2003,,,,,,,,,1.26,1.26332223,,,,2025-12-05T13:23:08Z,2003,2003-01-01,2003-12-31
7276233,GHED_GGHE-DGDP_SHA2011,COUNTRY,THA,SEAR,South-East Asia,YEAR,2007,,,,,,,,,2.41,2.41405702,,,,2025-12-05T13:23:08Z,2007,2007-01-01,2007-12-31
7276768,GHED_GGHE-DGDP_SHA2011,COUNTRY,DJI,EMR,Eastern Mediterranean,YEAR,2018,,,,,,,,,1.34,1.33991563,,,,2025-12-05T13:23:08Z,2018,2018-01-01,2018-12-31
7277886,GHED_GGHE-DGDP_SHA2011,COUNTRY,BFA,AFR,Africa,YEAR,2000,,,,,,,,,0.96,0.96129316,,,,2025-12-05T13:23:08Z,2000,2000-01-01,2000-12-31
7279461,GHED_GGHE-DGDP_SHA2011,COUNTRY,UZB,EUR,Europe,YEAR,2013,,,,,,,,,2.40,2.40117002,,,,2025-12-05T13:23:08Z,2013,2013-01-01,2013-12-31
7281980,GHED_GGHE-DGDP_SHA2011,COUNTRY,PRY,AMR,Americas,YEAR,2020,,,,,,,,,4.13,4.13318157,,,,2025-12-05T13:23:08Z,2020,2020-01-01,2020-12-31
7284973,GHED_GGHE-DGDP_SHA2011,GLOBAL,GLOBAL,,,YEAR,2000,,,,,,,,,2.96,2.96049977,,,,2025-12-05T13:23:08Z,2000,2000-01-01,2000-12-31
7286213,GHED_GGHE-DGDP_SHA2011,COUNTRY,JAM,AMR,Americas,YEAR,2004,,,,,,,,,2.47,2.47339988,,,,2025-12-05T13:23:08Z,2004,2004-01-01,2004-12-31
7288651,GHED_GGHE-DGDP_SHA2011,COUNTRY,GTM,AMR,Americas,YEAR,2009,,,,,,,,,2.26,2.25974083,,,,2025-12-05T13:23:08Z,2009,2009-01-01,2009-12-31
7291828,GHED_GGHE-DGDP_SHA2011,COUNTRY,BRA,AMR,Americas,YEAR,2019,,,,,,,,,3.92,3.91702151,,,,2025-12-05T13:23:08Z,2019,2019-01-01,2019-12-31
7292290,GHED_GGHE-DGDP_SHA2011,COUNTRY,ITA,EUR,Europe,YEAR,2007,,,,,,,,,6.28,6.27780056,,,,2025-12-05T13:23:08Z,2007,2007-01-01,2007-12-31
7293468,GHED_GGHE-DGDP_SHA2011,COUNTRY,HRV,EUR,Europe,YEAR,2012,,,,,,,,,6.31,6.30977678,,,,2025-12-05T13:23:08Z,2012,2012-01-01,2012-12-31
7293955,GHED_GGHE-DGDP_SHA2011,COUNTRY,EST,EUR,Europe,YEAR,2011,,,,,,,,,4.49,4.48738861,,,,2025-12-05T13:23:08Z,2011,2011-01-01,2011-12-31
7296769,GHED_GGHE-DGDP_SHA2011,COUNTRY,POL,EUR,Europe,YEAR,2019,,,,,,,,,4.56,4.56083679,,,,2025-12-05T13:23:08Z,2019,2019-01-01,2019-12-31
7298052,GHED_GGHE-DGDP_SHA2011,COUNTRY,TUN,EMR,Eastern Mediterranean,YEAR,2005,,,,,,,,,2.62,2.61502051,,,,2025-12-05T13:23:08Z,2005,2005-01-01,2005-12-31
7301782,GHED_GGHE-DGDP_SHA2011,COUNTRY,TKM,EUR,Europe,YEAR,2007,,,,,,,,,0.81,0.81136948,,,,2025-12-05T13:23:08Z,2007,2007-01-01,2007-12-31
7305346,GHED_GGHE-DGDP_SHA2011,COUNTRY,CAF,AFR,Africa,YEAR,2002,,,,,,,,,1.43,1.434237,,,,2025-12-05T13:23:08Z,2002,2002-01-01,2002-12-31
7306845,GHED_GGHE-DGDP_SHA2011,COUNTRY,BLR,EUR,Europe,YEAR,2006,,,,,,,,,3.99,3.9855392,,,,2025-12-05T13:23:08Z,2006,2006-01-01,2006-12-31
7309365,GHED_GGHE-DGDP_SHA2011,COUNTRY,DJI,EMR,Eastern Mediterranean,YEAR,2007,,,,,,,,,1.73,1.73417449,,,,2025-12-05T13:23:08Z,2007,2007-01-01,2007-12-31
7309638,GHED_GGHE-DGDP_SHA2011,COUNTRY,PNG,WPR,Western Pacific,YEAR,2017,,,,,,,,,1.68,1.68148077,,,,2025-12-05T13:23:08Z,2017,2017-01-01,2017-12-31
7310251,GHED_GGHE-DGDP_SHA2011,COUNTRY,BOL,AMR,Americas,YEAR,2016,,,,,,,,,4.43,4.4294467,,,,2025-12-05T13:23:08Z,2016,2016-01-01,2016-12-31
7312920,GHED_GGHE-DGDP_SHA2011,COUNTRY,LBR,AFR,Africa,YEAR,2018,,,,,,,,,1.69,1.68725502,,,,2025-12-05T13:23:08Z,2018,2018-01-01,2018-12-31
7315791,GHED_GGHE-DGDP_SHA2011,COUNTRY,JOR,EMR,Eastern Mediterranean,YEAR,2022,,,,,,,,,3.42,3.41554523,,,,2025-12-05T13:23:08Z,2022,2022-01-01,2022-12-31
7318712,GHED_GGHE-DGDP_SHA2011,COUNTRY,HTI,AMR,Americas,YEAR,2009,,,,,,,,,0.78,0.78221947,,,,2025-12-05T13:23:08Z,2009,2009-01-01,2009-12-31
7321809,GHED_GGHE-DGDP_SHA2011,COUNTRY,PAN,AMR,Americas,YEAR,2003,,,,,,,,,4.16,4.16139507,,,,2025-12-05T13:23:08Z,2003,2003-01-01,2003-12-31
7324389,GHED_GGHE-DGDP_SHA2011,COUNTRY,CIV,AFR,Africa,YEAR,2007,,,,,,,,,0.68,0.67966127,,,,2025-12-05T13:23:08Z,2007,2007-01-01,2007-12-31
7325697,GHED_GGHE-DGDP_SHA2011,COUNTRY,LUX,EUR,Europe,YEAR,2009,,,,,,,,,6.03,6.02683735,,,,2025-12-05T13:23:08Z,2009,2009-01-01,2009-12-31
7327846,GHED_GGHE-DGDP_SHA2011,COUNTRY,GRD,AMR,Americas,YEAR,2010,,,,,,,,,2.06,2.05670786,,,,2025-12-05T13:23:08Z,2010,2010-01-01,2010-12-31
7328187,GHED_GGHE-DGDP_SHA2011,COUNTRY,KOR,WPR,Western Pacific,YEAR,2009,,,,,,,,,3.13,3.12681341,,,,2025-12-05T13:23:08Z,2009,2009-01-01,2009-12-31
7328300,GHED_GGHE-DGDP_SHA2011,COUNTRY,CMR,AFR,Africa,YEAR,2005,,,,,,,,,0.65,0.65208685,,,,2025-12-05T13:23:08Z,2005,2005-01-01,2005-12-31
7333377,GHED_GGHE-DGDP_SHA2011,COUNTRY,VUT,WPR,Western Pacific,YEAR,2013,,,,,,,,,2.25,2.24571776,,,,2025-12-05T13:23:08Z,2013,2013-01-01,2013-12-31
7333498,GHED_GGHE-DGDP_SHA2011,COUNTRY,RUS,EUR,Europe,YEAR,2014,,,,,,,,,3.20,3.20183682,,,,2025-12-05T13:23:08Z,2014,2014-01-01,2014-12-31
7334432,GHED_GGHE-DGDP_SHA2011,COUNTRY,LBR,AFR,Africa,YEAR,2019,,,,,,,,,1.36,1.3562839,,,,2025-12-05T13:23:08Z,2019,2019-01-01,2019-12-31
7334883,GHED_GGHE-DGDP_SHA2011,COUNTRY,MRT,AFR,Africa,YEAR,2013,,,,,,,,,1.08,1.08287692,,,,2025-12-05T13:23:08Z,2013,2013-01-01,2013-12-31
7335373,GHED_GGHE-DGDP_SHA2011,COUNTRY,MRT,AFR,Africa,YEAR,2014,,,,,,,,,1.25,1.25234473,,,,2025-12-05T13:23:08Z,2014,2014-01-01,2014-12-31
7339879,GHED_GGHE-DGDP_SHA2011,COUNTRY,CAN,AMR,Americas,YEAR,2022,,,,,,,,,7.87,7.86726427,,,,2025-12-05T13:23:08Z,2022,2022-01-01,2022-12-31
7345043,GHED_GGHE-DGDP_SHA2011,COUNTRY,SVN,EUR,Europe,YEAR,2004,,,,,,,,,5.76,5.75883818,,,,2025-12-05T13:23:08Z,2004,2004-01-01,2004-12-31
7350977,GHED_GGHE-DGDP_SHA2011,COUNTRY,ERI,AFR,Africa,YEAR,2012,,,,,,,,,0.79,0.79066068,,,,2025-12-05T13:23:08Z,2012,2012-01-01,2012-12-31
7351100,GHED_GGHE-DGDP_SHA2011,COUNTRY,BOL,AMR,Americas,YEAR,2014,,,,,,,,,3.69,3.69240737,,,,2025-12-05T13:23:08Z,2014,2014-01-01,2014-12-31
7353008,GHED_GGHE-DGDP_SHA2011,COUNTRY,COL,AMR,Americas,YEAR,2014,,,,,,,,,5.06,5.05892658,,,,2025-12-05T13:23:08Z,2014,2014-01-01,2014-12-31
7353488,GHED_GGHE-DGDP_SHA2011,COUNTRY,GTM,AMR,Americas,YEAR,2015,,,,,,,,,2.28,2.27820134,,,,2025-12-05T13:23:08Z,2015,2015-01-01,2015-12-31
7354374,GHED_GGHE-DGDP_SHA2011,WORLDBANKINCOMEGROUP,WB_HI,,,YEAR,2011,,,,,,,,,5.11,5.1098848,,,,2025-12-05T13:23:08Z,2011,2011-01-01,2011-12-31
7356177,GHED_GGHE-DGDP_SHA2011,COUNTRY,PHL,WPR,Western Pacific,YEAR,2017,,,,,,,,,1.48,1.48271859,,,,2025-12-05T13:23:08Z,2017,2017-01-01,2017-12-31
7359708,GHED_GGHE-DGDP_SHA2011,COUNTRY,JPN,WPR,Western Pacific,YEAR,2004,,,,,,,,,6.05,6.04880905,,,,2025-12-05T13:23:08Z,2004,2004-01-01,2004-12-31
7360360,GHED_GGHE-DGDP_SHA2011,COUNTRY,ZMB,AFR,Africa,YEAR,2000,,,,,,,,,1.47,1.47394264,,,,2025-12-05T13:23:08Z,2000,2000-01-01,2000-12-31
7361862,GHED_GGHE-DGDP_SHA2011,COUNTRY,MRT,AFR,Africa,YEAR,2017,,,,,,,,,1.23,1.23123157,,,,2025-12-05T13:23:08Z,2017,2017-01-01,2017-12-31
7362414,GHED_GGHE-DGDP_SHA2011,COUNTRY,LAO,WPR,Western Pacific,YEAR,2019,,,,,,,,,0.96,0.96142328,,,,2025-12-05T13:23:08Z,2019,2019-01-01,2019-12-31
7366733,GHED_GGHE-DGDP_SHA2011,COUNTRY,AUS,WPR,Western Pacific,YEAR,2017,,,,,,,,,7.23,7.23039198,,,,2025-12-05T13:23:08Z,2017,2017-01-01,2017-12-31
7366772,GHED_GGHE-DGDP_SHA2011,COUNTRY,JOR,EMR,Eastern Mediterranean,YEAR,2000,,,,,,,,,4.20,4.20303917,,,,2025-12-05T13:23:08Z,2000,2000-01-01,2000-12-31
7368949,GHED_GGHE-DGDP_SHA2011,COUNTRY,LAO,WPR,Western Pacific,YEAR,2020,,,,,,,,,0.79,0.79207379,,,,2025-12-05T13:23:08Z,2020,2020-01-01,2020-12-31
7371273,GHED_GGHE-DGDP_SHA2011,COUNTRY,VNM,WPR,Western Pacific,YEAR,2004,,,,,,,,,1.69,1.68924272,,,,2025-12-05T13:23:08Z,2004,2004-01-01,2004-12-31
7375088,GHED_GGHE-DGDP_SHA2011,COUNTRY,TON,WPR,Western Pacific,YEAR,2012,,,,,,,,,2.79,2.7870214,,,,2025-12-05T13:23:08Z,2012,2012-01-01,2012-12-31
7378320,GHED_GGHE-DGDP_SHA2011,COUNTRY,RUS,EUR,Europe,YEAR,2017,,,,,,,,,3.06,3.05932951,,,,2025-12-05T13:23:08Z,2017,2017-01-01,2017-12-31
7380197,GHED_GGHE-DGDP_SHA2011,COUNTRY,UGA,AFR,Africa,YEAR,2011,,,,,,,,,0.91,0.90863341,,,,2025-12-05T13:23:08Z,2011,2011-01-01,2011-12-31
7383311,GHED_GGHE-DGDP_SHA2011,COUNTRY,KOR,WPR,Western Pacific,YEAR,2023,,,,,,,,,5.02,5.0180707,,,,2025-12-05T13:23:08Z,2023,2023-01-01,2023-12-31
7383519,GHED_GGHE-DGDP_SHA2011,COUNTRY,ETH,AFR,Africa,YEAR,2016,,,,,,,,,0.90,0.90002954,,,,2025-12-05T13:23:08Z,2016,2016-01-01,2016-12-31
7384176,GHED_GGHE-DGDP_SHA2011,COUNTRY,IND,SEAR,South-East Asia,YEAR,2012,,,,,,,,,0.93,0.93186861,,,,2025-12-05T13:23:08Z,2012,2012-01-01,2012-12-31
7385026,GHED_GGHE-DGDP_SHA2011,COUNTRY,AUS,WPR,Western Pacific,YEAR,2006,,,,,,,,,5.71,5.71296024,,,,2025-12-05T13:23:08Z,2006,2006-01-01,2006-12-31
7385478,GHED_GGHE-DGDP_SHA2011,COUNTRY,VEN,AMR,Americas,YEAR,2023,,,,,,,,,1.20,1.19817746,,,,2025-12-05T13:23:08Z,2023,2023-01-01,2023-12-31
7386075,GHED_GGHE-DGDP_SHA2011,COUNTRY,LBN,EMR,Eastern Mediterranean,YEAR,2009,,,,,,,,,2.68,2.67676353,,,,2025-12-05T13:23:08Z,2009,2009-01-01,2009-12-31
7386180,GHED_GGHE-DGDP_SHA2011,COUNTRY,MAR,EMR,Eastern Mediterranean,YEAR,2023,,,,,,,,,3.43,3.42813945,,,,2025-12-05T13:23:08Z,2023,2023-01-01,2023-12-31
7387288,GHED_GGHE-DGDP_SHA2011,COUNTRY,LKA,SEAR,South-East Asia,YEAR,2015,,,,,,,,,1.62,1.61882555,,,,2025-12-05T13:23:08Z,2015,2015-01-01,2015-12-31
7393562,GHED_GGHE-DGDP_SHA2011,COUNTRY,ARM,EUR,Europe,YEAR,2004,,,,,,,,,1.29,1.29411483,,,,2025-12-05T13:23:08Z,2004,2004-01-01,2004-12-31
7394314,GHED_GGHE-DGDP_SHA2011,COUNTRY,HND,AMR,Americas,YEAR,2022,,,,,,,,,3.20,3.20130515,,,,2025-12-05T13:23:08Z,2022,2022-01-01,2022-12-31
7394637,GHED_GGHE-DGDP_SHA2011,COUNTRY,BRN,WPR,Western Pacific,YEAR,2020,,,,,,,,,2.31,2.30922484,,,,2025-12-05T13:23:08Z,2020,2020-01-01,2020-12-31
7395042,GHED_GGHE-DGDP_SHA2011,COUNTRY,PLW,WPR,Western Pacific,YEAR,2000,,,,,,,,,4.59,4.58880663,,,,2025-12-05T13:23:08Z,2000,2000-01-01,2000-12-31
7399932,GHED_GGHE-DGDP_SHA2011,COUNTRY,JPN,WPR,Western Pacific,YEAR,2012,,,,,,,,,8.96,8.9568243,,,,2025-12-05T13:23:08Z,2012,2012-01-01,2012-12-31
7402811,GHED_GGHE-DGDP_SHA2011,COUNTRY,UGA,AFR,Africa,YEAR,2006,,,,,,,,,0.98,0.98067528,,,,2025-12-05T13:23:08Z,2006,2006-01-01,2006-12-31
7404126,GHED_GGHE-DGDP_SHA2011,COUNTRY,DZA,AFR,Africa,YEAR,2004,,,,,,,,,2.35,2.3477478,,,,2025-12-05T13:23:08Z,2004,2004-01-01,2004-12-31
7405160,GHED_GGHE-DGDP_SHA2011,COUNTRY,GHA,AFR,Africa,YEAR,2010,,,,,,,,,2.26,2.26015067,,,,2025-12-05T13:23:08Z,2010,2010-01-01,2010-12-31
7407171,GHED_GGHE-DGDP_SHA2011,COUNTRY,AZE,EUR,Europe,YEAR,2000,,,,,,,,,0.87,0.86689276,,,,2025-12-05T13:23:08Z,2000,2000-01-01,2000-12-31
7407680,GHED_GGHE-DGDP_SHA2011,COUNTRY,ITA,EUR,Europe,YEAR,2000,,,,,,,,,5.48,5.48200989,,,,2025-12-05T13:23:08Z,2000,2000-01-01,2000-12-31
7407745,GHED_GGHE-DGDP_SHA2011,COUNTRY,KIR,WPR,Western Pacific,YEAR,2009,,,,,,,,,8.12,8.11666679,,,,2025-12-05T13:23:08Z,2009,2009-01-01,2009-12-31
7412856,GHED_GGHE-DGDP_SHA2011,COUNTRY,BRA,AMR,Americas,YEAR,2017,,,,,,,,,3.95,3.95315194,,,,2025-12-05T13:23:08Z,2017,2017-01-01,2017-12-31
7413487,GHED_GGHE-DGDP_SHA2011,COUNTRY,NAM,AFR,Africa,YEAR,2000,,,,,,,,,5.62,5.6193819,,,,2025-12-05T13:23:08Z,2000,2000-01-01,2000-12-31
7414351,GHED_GGHE-DGDP_SHA2011,COUNTRY,BHS,AMR,Americas,YEAR,2023,,,,,,,,,3.19,3.18650889,,,,2025-12-05T13:23:08Z,2023,2023-01-01,2023-12-31
7416325,GHED_GGHE-DGDP_SHA2011,COUNTRY,LAO,WPR,Western Pacific,YEAR,2021,,,,,,,,,0.72,0.71924585,,,,2025-12-05T13:23:08Z,2021,2021-01-01,2021-12-31
7418434,GHED_GGHE-DGDP_SHA2011,COUNTRY,DNK,EUR,Europe,YEAR,2011,,,,,,,,,8.73,8.72731876,,,,2025-12-05T13:23:08Z,2011,2011-01-01,2011-12-31
7421198,GHED_GGHE-DGDP_SHA2011,COUNTRY,UZB,EUR,Europe,YEAR,2010,,,,,,,,,2.12,2.12282252,,,,2025-12-05T13:23:08Z,2010,2010-01-01,2010-12-31
7422237,GHED_GGHE-DGDP_SHA2011,COUNTRY,EST,EUR,Europe,YEAR,2005,,,,,,,,,3.90,3.90250659,,,,2025-12-05T13:23:08Z,2005,2005-01-01,2005-12-31
7423995,GHED_GGHE-DGDP_SHA2011,COUNTRY,BEN,AFR,Africa,YEAR,2005,,,,,,,,,1.05,1.04785359,,,,2025-12-05T13:23:08Z,2005,2005-01-01,2005-12-31
7424541,GHED_GGHE-DGDP_SHA2011,WORLDBANKINCOMEGROUP,WB_LI,,,YEAR,2005,,,,,,,,,1.19,1.19168609,,,,2025-12-05T13:23:08Z,2005,2005-01-01,2005-12-31
7425350,GHED_GGHE-DGDP_SHA2011,COUNTRY,MYS,WPR,Western Pacific,YEAR,2000,,,,,,,,,1.17,1.17325473,,,,2025-12-05T13:23:08Z,2000,2000-01-01,2000-12-31
7427514,GHED_GGHE-DGDP_SHA2011,COUNTRY,PLW,WPR,Western Pacific,YEAR,2003,,,,,,,,,3.95,3.94900894,,,,2025-12-05T13:23:08Z,2003,2003-01-01,2003-12-31
7427692,GHED_GGHE-DGDP_SHA2011,COUNTRY,CHN,WPR,Western Pacific,YEAR,2004,,,,,,,,,1.28,1.27916729,,,,2025-12-05T13:23:08Z,2004,2004-01-01,2004-12-31
7428101,GHED_GGHE-DGDP_SHA2011,COUNTRY,MEX,AMR,Americas,YEAR,2023,,,,,,,,,2.68,2.67641234,,,,2025-12-05T13:23:08Z,2023,2023-01-01,2023-12-31
7430079,GHED_GGHE-DGDP_SHA2011,COUNTRY,HRV,EUR,Europe,YEAR,2008,,,,,,,,,6.40,6.40165615,,,,2025-12-05T13:23:08Z,2008,2008-01-01,2008-12-31
7431770,GHED_GGHE-DGDP_SHA2011,COUNTRY,LCA,AMR,Americas,YEAR,2005,,,,,,,,,1.60,1.60310745,,,,2025-12-05T13:23:08Z,2005,2005-01-01,2005-12-31
7435852,GHED_GGHE-DGDP_SHA2011,COUNTRY,CRI,AMR,Americas,YEAR,2011,,,,,,,,,5.70,5.70106649,,,,2025-12-05T13:23:08Z,2011,2011-01-01,2011-12-31
7436601,GHED_GGHE-DGDP_SHA2011,COUNTRY,ERI,AFR,Africa,YEAR,2013,,,,,,,,,0.78,0.776559,,,,2025-12-05T13:23:08Z,2013,2013-01-01,2013-12-31
7436634,GHED_GGHE-DGDP_SHA2011,WORLDBANKINCOMEGROUP,WB_LMI,,,YEAR,2006,,,,,,,,,1.91,1.9140639,,,,2025-12-05T13:23:08Z,2006,2006-01-01,2006-12-31
7439421,GHED_GGHE-DGDP_SHA2011,COUNTRY,SMR,EUR,Europe,YEAR,2011,,,,,,,,,7.16,7.16314268,,,,2025-12-05T13:23:08Z,2011,2011-01-01,2011-12-31
7440339,GHED_GGHE-DGDP_SHA2011,COUNTRY,MLI,AFR,Africa,YEAR,2017,,,,,,,,,1.18,1.17751467,,,,2025-12-05T13:23:08Z,2017,2017-01-01,2017-12-31
7442008,GHED_GGHE-DGDP_SHA2011,COUNTRY,LBN,EMR,Eastern Mediterranean,YEAR,2018,,,,,,,,,3.77,3.77159619,,,,2025-12-05T13:23:08Z,2018,2018-01-01,2018-12-31
7442471,GHED_GGHE-DGDP_SHA2011,COUNTRY,OMN,EMR,Eastern Mediterranean,YEAR,2007,,,,,,,,,1.72,1.71506763,,,,2025-12-05T13:23:08Z,2007,2007-01-01,2007-12-31
7443248,GHED_GGHE-DGDP_SHA2011,WORLDBANKINCOMEGROUP,WB_UMI,,,YEAR,2013,,,,,,,,,3.37,3.3728175,,,,2025-12-05T13:23:08Z,2013,2013-01-01,2013-12-31
7446876,GHED_GGHE-DGDP_SHA2011,COUNTRY,BRN,WPR,Western Pacific,YEAR,2005,,,,,,,,,1.87,1.86898351,,,,2025-12-05T13:23:08Z,2005,2005-01-01,2005-12-31
7447008,GHED_GGHE-DGDP_SHA2011,COUNTRY,KNA,AMR,Americas,YEAR,2019,,,,,,,,,2.56,2.55811405,,,,2025-12-05T13:23:08Z,2019,2019-01-01,2019-12-31
7449935,GHED_GGHE-DGDP_SHA2011,COUNTRY,PLW,WPR,Western Pacific,YEAR,2008,,,,,,,,,3.04,3.04033828,,,,2025-12-05T13:23:08Z,2008,2008-01-01,2008-12-31
7450793,GHED_GGHE-DGDP_SHA2011,COUNTRY,CUB,AMR,Americas,YEAR,2005,,,,,,,,,7.43,7.43015385,,,,2025-12-05T13:23:08Z,2005,2005-01-01,2005-12-31
7453684,GHED_GGHE-DGDP_SHA2011,COUNTRY,SDN,EMR,Eastern Mediterranean,YEAR,2012,,,,,,,,,1.49,1.49337018,,,,2025-12-05T13:23:08Z,2012,2012-01-01,2012-12-31
7453689,GHED_GGHE-DGDP_SHA2011,COUNTRY,SWE,EUR,Europe,YEAR,2011,,,,,,,,,8.88,8.87553692,,,,2025-12-05T13:23:08Z,2011,2011-01-01,2011-12-31
7454005,GHED_GGHE-DGDP_SHA2011,COUNTRY,AZE,EUR,Europe,YEAR,2021,,,,,,,,,1.48,1.48136711,,,,2025-12-05T13:23:08Z,2021,2021-01-01,2021-12-31
7454474,GHED_GGHE-DGDP_SHA2011,COUNTRY,AUT,EUR,Europe,YEAR,2014,,,,,,,,,7.60,7.59864187,,,,2025-12-05T13:23:08Z,2014,2014-01-01,2014-12-31
7462110,GHED_GGHE-DGDP_SHA2011,COUNTRY,ZWE,AFR,Africa,YEAR,2020,,,,,,,,,0.65,0.6526891,,,,2025-12-05T13:23:08Z,2020,2020-01-01,2020-12-31
7463453,GHED_GGHE-DGDP_SHA2011,COUNTRY,GHA,AFR,Africa,YEAR,2021,,,,,,,,,2.10,2.09936643,,,,2025-12-05T13:23:08Z,2021,2021-01-01,2021-12-31
7470137,GHED_GGHE-DGDP_SHA2011,COUNTRY,ALB,EUR,Europe,YEAR,2013,,,,,,,,,2.55,2.54741931,,,,2025-12-05T13:23:08Z,2013,2013-01-01,2013-12-31
7473885,GHED_GGHE-DGDP_SHA2011,COUNTRY,MLT,EUR,Europe,YEAR,2003,,,,,,,,,5.54,5.54482079,,,,2025-12-05T13:23:08Z,2003,2003-01-01,2003-12-31
7473950,GHED_GGHE-DGDP_SHA2011,COUNTRY,USA,AMR,Americas,YEAR,2023,,,,,,,,,9.01,9.00711727,,,,2025-12-05T13:23:08Z,2023,2023-01-01,2023-12-31
7475166,GHED_GGHE-DGDP_SHA2011,COUNTRY,GIN,AFR,Africa,YEAR,2015,,,,,,,,,0.43,0.42931107,,,,2025-12-05T13:23:08Z,2015,2015-01-01,2015-12-31
7476102,GHED_GGHE-DGDP_SHA2011,COUNTRY,COG,AFR,Africa,YEAR,2002,,,,,,,,,0.43,0.43198308,,,,2025-12-05T13:23:08Z,2002,2002-01-01,2002-12-31
7481180,GHED_GGHE-DGDP_SHA2011,REGION,SEAR,,,YEAR,2016,,,,,,,,,2.31,2.30505171,,,,2025-12-05T13:23:08Z,2016,2016-01-01,2016-12-31
7484233,GHED_GGHE-DGDP_SHA2011,REGION,AMR,,,YEAR,2007,,,,,,,,,3.12,3.11748696,,,,2025-12-05T13:23:08Z,2007,2007-01-01,2007-12-31
7485343,GHED_GGHE-DGDP_SHA2011,COUNTRY,ESP,EUR,Europe,YEAR,2003,,,,,,,,,5.37,5.37498569,,,,2025-12-05T13:23:08Z,2003,2003-01-01,2003-12-31
7486849,GHED_GGHE-DGDP_SHA2011,COUNTRY,RUS,EUR,Europe,YEAR,2009,,,,,,,,,3.50,3.50300717,,,,2025-12-05T13:23:08Z,2009,2009-01-01,2009-12-31
7489645,GHED_GGHE-DGDP_SHA2011,COUNTRY,AUS,WPR,Western Pacific,YEAR,2003,,,,,,,,,5.62,5.61926126,,,,2025-12-05T13:23:08Z,2003,2003-01-01,2003-12-31
7492300,GHED_GGHE-DGDP_SHA2011,COUNTRY,HUN,EUR,Europe,YEAR,2018,,,,,,,,,4.54,4.53718567,,,,2025-12-05T13:23:08Z,2018,2018-01-01,2018-12-31
7493242,GHED_GGHE-DGDP_SHA2011,COUNTRY,ESP,EUR,Europe,YEAR,2020,,,,,,,,,7.78,7.7817421,,,,2025-12-05T13:23:08Z,2020,2020-01-01,2020-12-31
7494442,GHED_GGHE-DGDP_SHA2011,COUNTRY,MMR,SEAR,South-East Asia,YEAR,2023,,,,,,,,,0.50,0.49524543,,,,2025-12-05T13:23:08Z,2023,2023-01-01,2023-12-31
7494857,GHED_GGHE-DGDP_SHA2011,COUNTRY,AGO,AFR,Africa,YEAR,2001,,,,,,,,,1.81,1.80684185,,,,2025-12-05T13:23:08Z,2001,2001-01-01,2001-12-31
7496944,GHED_GGHE-DGDP_SHA2011,COUNTRY,SRB,EUR,Europe,YEAR,2007,,,,,,,,,5.50,5.50259209,,,,2025-12-05T13:23:08Z,2007,2007-01-01,2007-12-31
7496976,GHED_GGHE-DGDP_SHA2011,COUNTRY,COL,AMR,Americas,YEAR,2012,,,,,,,,,4.71,4.7128706,,,,2025-12-05T13:23:08Z,2012,2012-01-01,2012-12-31
7498449,GHED_GGHE-DGDP_SHA2011,COUNTRY,SGP,WPR,Western Pacific,YEAR,2014,,,,,,,,,1.74,1.74364483,,,,2025-12-05T13:23:08Z,2014,2014-01-01,2014-12-31
7500133,GHED_GGHE-DGDP_SHA2011,COUNTRY,GNB,AFR,Africa,YEAR,2021,,,,,,,,,1.14,1.13860166,,,,2025-12-05T13:23:08Z,2021,2021-01-01,2021-12-31
7500429,GHED_GGHE-DGDP_SHA2011,COUNTRY,ISR,EUR,Europe,YEAR,2015,,,,,,,,,4.45,4.45243502,,,,2025-12-05T13:23:08Z,2015,2015-01-01,2015-12-31
7501226,GHED_GGHE-DGDP_SHA2011,COUNTRY,SAU,EMR,Eastern Mediterranean,YEAR,2009,,,,,,,,,2.79,2.78823733,,,,2025-12-05T13:23:08Z,2009,2009-01-01,2009-12-31
7501611,GHED_GGHE-DGDP_SHA2011,COUNTRY,PAN,AMR,Americas,YEAR,2009,,,,,,,,,4.65,4.64928007,,,,2025-12-05T13:23:08Z,2009,2009-01-01,2009-12-31
7508676,GHED_GGHE-DGDP_SHA2011,COUNTRY,TUN,EMR,Eastern Mediterranean,YEAR,2010,,,,,,,,,3.13,3.12751889,,,,2025-12-05T13:23:08Z,2010,2010-01-01,2010-12-31
7511712,GHED_GGHE-DGDP_SHA2011,COUNTRY,BLZ,AMR,Americas,YEAR,2014,,,,,,,,,3.03,3.03495717,,,,2025-12-05T13:23:08Z,2014,2014-01-01,2014-12-31
7511761,GHED_GGHE-DGDP_SHA2011,COUNTRY,MAR,EMR,Eastern Mediterranean,YEAR,2022,,,,,,,,,2.91,2.90570426,,,,2025-12-05T13:23:08Z,2022,2022-01-01,2022-12-31
7513282,GHED_GGHE-DGDP_SHA2011,COUNTRY,KGZ,EUR,Europe,YEAR,2005,,,,,,,,,3.80,3.79884839,,,,2025-12-05T13:23:08Z,2005,2005-01-01,2005-12-31
7515803,GHED_GGHE-DGDP_SHA2011,COUNTRY,ARE,EMR,Eastern Mediterranean,YEAR,2017,,,,,,,,,2.20,2.19714189,,,,2025-12-05T13:23:08Z,2017,2017-01-01,2017-12-31
7518613,GHED_GGHE-DGDP_SHA2011,COUNTRY,PHL,WPR,Western Pacific,YEAR,2018,,,,,,,,,1.54,1.53632784,,,,2025-12-05T13:23:08Z,2018,2018-01-01,2018-12-31
7519217,GHED_GGHE-DGDP_SHA2011,WORLDBANKINCOMEGROUP,WB_UMI,,,YEAR,2003,,,,,,,,,2.94,2.93556602,,,,2025-12-05T13:23:08Z,2003,2003-01-01,2003-12-31
7523541,GHED_GGHE-DGDP_SHA2011,COUNTRY,COG,AFR,Africa,YEAR,2019,,,,,,,,,1.03,1.02925241,,,,2025-12-05T13:23:08Z,2019,2019-01-01,2019-12-31
7523713,GHED_GGHE-DGDP_SHA2011,COUNTRY,AGO,AFR,Africa,YEAR,2008,,,,,,,,,1.92,1.91652381,,,,2025-12-05T13:23:08Z,2008,2008-01-01,2008-12-31
7524524,GHED_GGHE-DGDP_SHA2011,COUNTRY,BTN,SEAR,South-East Asia,YEAR,2012,,,,,,,,,2.27,2.26811028,,,,2025-12-05T13:23:08Z,2012,2012-01-01,2012-12-31
7524904,GHED_GGHE-DGDP_SHA2011,COUNTRY,CYP,EUR,Europe,YEAR,2005,,,,,,,,,2.25,2.25430155,,,,2025-12-05T13:23:08Z,2005,2005-01-01,2005-12-31
7530762,GHED_GGHE-DGDP_SHA2011,COUNTRY,TUV,WPR,Western Pacific,YEAR,2020,,,,,,,,,14.97,14.97134399,,,,2025-12-05T13:23:08Z,2020,2020-01-01,2020-12-31
7532024,GHED_GGHE-DGDP_SHA2011,COUNTRY,MLT,EUR,Europe,YEAR,2010,,,,,,,,,5.10,5.10055399,,,,2025-12-05T13:23:08Z,2010,2010-01-01,2010-12-31
7532403,GHED_GGHE-DGDP_SHA2011,COUNTRY,YEM,EMR,Eastern Mediterranean,YEAR,2002,,,,,,,,,2.33,2.33098793,,,,2025-12-05T13:23:08Z,2002,2002-01-01,2002-12-31
7533646,GHED_GGHE-DGDP_SHA2011,COUNTRY,ISL,EUR,Europe,YEAR,2002,,,,,,,,,7.65,7.65274143,,,,2025-12-05T13:23:08Z,2002,2002-01-01,2002-12-31
7537976,GHED_GGHE-DGDP_SHA2011,COUNTRY,AUS,WPR,Western Pacific,YEAR,2022,,,,,,,,,7.35,7.34881544,,,,2025-12-05T13:23:08Z,2022,2022-01-01,2022-12-31
7537998,GHED_GGHE-DGDP_SHA2011,COUNTRY,MMR,SEAR,South-East Asia,YEAR,2005,,,,,,,,,0.17,0.17095795,,,,2025-12-05T13:23:08Z,2005,2005-01-01,2005-12-31
7539746,GHED_GGHE-DGDP_SHA2011,COUNTRY,GNQ,AFR,Africa,YEAR,2015,,,,,,,,,0.74,0.7432819,,,,2025-12-05T13:23:08Z,2015,2015-01-01,2015-12-31
7541249,GHED_GGHE-DGDP_SHA2011,COUNTRY,SVK,EUR,Europe,YEAR,2023,,,,,,,,,5.80,5.80455589,,,,2025-12-05T13:23:08Z,2023,2023-01-01,2023-12-31
7543573,GHED_GGHE-DGDP_SHA2011,COUNTRY,NGA,AFR,Africa,YEAR,2011,,,,,,,,,0.48,0.47937736,,,,2025-12-05T13:23:08Z,2011,2011-01-01,2011-12-31
7546526,GHED_GGHE-DGDP_SHA2011,COUNTRY,MUS,AFR,Africa,YEAR,2011,,,,,,,,,1.75,1.74817169,,,,2025-12-05T13:23:08Z,2011,2011-01-01,2011-12-31
7551865,GHED_GGHE-DGDP_SHA2011,COUNTRY,ARG,AMR,Americas,YEAR,2021,,,,,,,,,6.35,6.34810066,,,,2025-12-05T13:23:08Z,2021,2021-01-01,2021-12-31
7554546,GHED_GGHE-DGDP_SHA2011,COUNTRY,DJI,EMR,Eastern Mediterranean,YEAR,2000,,,,,,,,,1.41,1.4098289,,,,2025-12-05T13:23:08Z,2000,2000-01-01,2000-12-31
7554646,GHED_GGHE-DGDP_SHA2011,COUNTRY,POL,EUR,Europe,YEAR,2004,,,,,,,,,3.94,3.94105005,,,,2025-12-05T13:23:08Z,2004,2004-01-01,2004-12-31
7556024,GHED_GGHE-DGDP_SHA2011,COUNTRY,POL,EUR,Europe,YEAR,2003,,,,,,,,,4.07,4.06905413,,,,2025-12-05T13:23:08Z,2003,2003-01-01,2003-12-31
7556291,GHED_GGHE-DGDP_SHA2011,COUNTRY,FRA,EUR,Europe,YEAR,2007,,,,,,,,,7.35,7.34726858,,,,2025-12-05T13:23:08Z,2007,2007-01-01,2007-12-31
7558187,GHED_GGHE-DGDP_SHA2011,COUNTRY,DEU,EUR,Europe,YEAR,2011,,,,,,,,,7.97,7.97318602,,,,2025-12-05T13:23:08Z,2011,2011-01-01,2011-12-31
7560957,GHED_GGHE-DGDP_SHA2011,COUNTRY,HRV,EUR,Europe,YEAR,2001,,,,,,,,,5.89,5.89368153,,,,2025-12-05T13:23:08Z,2001,2001-01-01,2001-12-31
7564261,GHED_GGHE-DGDP_SHA2011,COUNTRY,NAM,AFR,Africa,YEAR,2015,,,,,,,,,5.39,5.39398766,,,,2025-12-05T13:23:08Z,2015,2015-01-01,2015-12-31
7567278,GHED_GGHE-DGDP_SHA2011,COUNTRY,BRB,AMR,Americas,YEAR,2023,,,,,,,,,2.25,2.25056767,,,,2025-12-05T13:23:08Z,2023,2023-01-01,2023-12-31
7568901,GHED_GGHE-DGDP_SHA2011,REGION,AFR,,,YEAR,2003,,,,,,,,,1.64,1.63996302,,,,2025-12-05T13:23:08Z,2003,2003-01-01,2003-12-31
7570111,GHED_GGHE-DGDP_SHA2011,COUNTRY,TKM,EUR,Europe,YEAR,2000,,,,,,,,,1.88,1.88017917,,,,2025-12-05T13:23:08Z,2000,2000-01-01,2000-12-31
7572735,GHED_GGHE-DGDP_SHA2011,COUNTRY,SSD,AFR,Africa,YEAR,2019,,,,,,,,,0.99,0.99254191,,,,2025-12-05T13:23:08Z,2019,2019-01-01,2019-12-31
7573722,GHED_GGHE-DGDP_SHA2011,COUNTRY,CAN,AMR,Americas,YEAR,2010,,,,,,,,,7.48,7.48326397,,,,2025-12-05T13:23:08Z,2010,2010-01-01,2010-12-31
7573859,GHED_GGHE-DGDP_SHA2011,COUNTRY,COK,WPR,Western Pacific,YEAR,2015,,,,,,,,,2.50,2.50347328,,,,2025-12-05T13:23:08Z,2015,2015-01-01,2015-12-31
7578793,GHED_GGHE-DGDP_SHA2011,COUNTRY,HND,AMR,Americas,YEAR,2003,,,,,,,,,2.61,2.61311603,,,,2025-12-05T13:23:08Z,2003,2003-01-01,2003-12-31
7579654,GHED_GGHE-DGDP_SHA2011,COUNTRY,KWT,EMR,Eastern Mediterranean,YEAR,2011,,,,,,,,,1.97,1.97078466,,,,2025-12-05T13:23:08Z,2011,2011-01-01,2011-12-31
7580092,GHED_GGHE-DGDP_SHA2011,COUNTRY,UGA,AFR,Africa,YEAR,2010,,,,,,,,,1.10,1.09722447,,,,2025-12-05T13:23:08Z,2010,2010-01-01,2010-12-31
7581265,GHED_GGHE-DGDP_SHA2011,COUNTRY,MAR,EMR,Eastern Mediterranean,YEAR,2002,,,,,,,,,1.08,1.08123076,,,,2025-12-05T13:23:08Z,2002,2002-01-01,2002-12-31
7581695,GHED_GGHE-DGDP_SHA2011,COUNTRY,GUY,AMR,Americas,YEAR,2003,,,,,,,,,1.73,1.72908437,,,,2025-12-05T13:23:08Z,2003,2003-01-01,2003-12-31
7583398,GHED_GGHE-DGDP_SHA2011,COUNTRY,CHE,EUR,Europe,YEAR,2018,,,,,,,,,3.75,3.75385094,,,,2025-12-05T13:23:08Z,2018,2018-01-01,2018-12-31
7584190,GHED_GGHE-DGDP_SHA2011,COUNTRY,SMR,EUR,Europe,YEAR,2020,,,,,,,,,7.61,7.61165524,,,,2025-12-05T13:23:08Z,2020,2020-01-01,2020-12-31
7590181,GHED_GGHE-DGDP_SHA2011,COUNTRY,COL,AMR,Americas,YEAR,2010,,,,,,,,,5.11,5.10725737,,,,2025-12-05T13:23:08Z,2010,2010-01-01,2010-12-31
7590276,GHED_GGHE-DGDP_SHA2011,COUNTRY,VCT,AMR,Americas,YEAR,2008,,,,,,,,,2.31,2.31205726,,,,2025-12-05T13:23:08Z,2008,2008-01-01,2008-12-31
7591414,GHED_GGHE-DGDP_SHA2011,COUNTRY,TUR,EUR,Europe,YEAR,2010,,,,,,,,,3.92,3.91593647,,,,2025-12-05T13:23:08Z,2010,2010-01-01,2010-12-31
7591547,GHED_GGHE-DGDP_SHA2011,COUNTRY,PLW,WPR,Western Pacific,YEAR,2023,,,,,,,,,6.61,6.6059494,,,,2025-12-05T13:23:08Z,2023,2023-01-01,2023-12-31
7595161,GHED_GGHE-DGDP_SHA2011,COUNTRY,CHN,WPR,Western Pacific,YEAR,2015,,,,,,,,,2.92,2.92099118,,,,2025-12-05T13:23:08Z,2015,2015-01-01,2015-12-31
7602041,GHED_GGHE-DGDP_SHA2011,COUNTRY,USA,AMR,Americas,YEAR,2018,,,,,,,,,8.52,8.5214138,,,,2025-12-05T13:23:08Z,2018,2018-01-01,2018-12-31
7603519,GHED_GGHE-DGDP_SHA2011,COUNTRY,BHR,EMR,Eastern Mediterranean,YEAR,2004,,,,,,,,,2.26,2.25912499,,,,2025-12-05T13:23:08Z,2004,2004-01-01,2004-12-31
7604191,GHED_GGHE-DGDP_SHA2011,COUNTRY,POL,EUR,Europe,YEAR,2020,,,,,,,,,4.62,4.62092304,,,,2025-12-05T13:23:08Z,2020,2020-01-01,2020-12-31
7607350,GHED_GGHE-DGDP_SHA2011,COUNTRY,MHL,WPR,Western Pacific,YEAR,2022,,,,,,,,,5.85,5.84753323,,,,2025-12-05T13:23:08Z,2022,2022-01-01,2022-12-31
7608182,GHED_GGHE-DGDP_SHA2011,COUNTRY,SVN,EUR,Europe,YEAR,2002,,,,,,,,,5.88,5.87859297,,,,2025-12-05T13:23:08Z,2002,2002-01-01,2002-12-31
7608407,GHED_GGHE-DGDP_SHA2011,COUNTRY,OMN,EMR,Eastern Mediterranean,YEAR,2022,,,,,,,,,2.62,2.62405968,,,,2025-12-05T13:23:08Z,2022,2022-01-01,2022-12-31
7610345,GHED_GGHE-DGDP_SHA2011,COUNTRY,PAK,EMR,Eastern Mediterranean,YEAR,2001,,,,,,,,,0.82,0.8166225,,,,2025-12-05T13:23:08Z,2001,2001-01-01,2001-12-31
7614188,GHED_GGHE-DGDP_SHA2011,COUNTRY,DNK,EUR,Europe,YEAR,2020,,,,,,,,,9.02,9.01822376,,,,2025-12-05T13:23:08Z,2020,2020-01-01,2020-12-31
7614785,GHED_GGHE-DGDP_SHA2011,COUNTRY,JPN,WPR,Western Pacific,YEAR,2009,,,,,,,,,7.28,7.282969,,,,2025-12-05T13:23:08Z,2009,2009-01-01,2009-12-31
7614878,GHED_GGHE-DGDP_SHA2011,COUNTRY,ISR,EUR,Europe,YEAR,2001,,,,,,,,,4.39,4.38720655,,,,2025-12-05T13:23:08Z,2001,2001-01-01,2001-12-31
7615181,GHED_GGHE-DGDP_SHA2011,COUNTRY,JAM,AMR,Americas,YEAR,2012,,,,,,,,,2.78,2.78247046,,,,2025-12-05T13:23:08Z,2012,2012-01-01,2012-12-31
7615934,GHED_GGHE-DGDP_SHA2011,COUNTRY,WSM,WPR,Western Pacific,YEAR,2008,,,,,,,,,3.47,3.46781611,,,,2025-12-05T13:23:08Z,2008,2008-01-01,2008-12-31
7617555,GHED_GGHE-DGDP_SHA2011,COUNTRY,EGY,EMR,Eastern Mediterranean,YEAR,2022,,,,,,,,,1.69,1.68629062,,,,2025-12-05T13:23:08Z,2022,2022-01-01,2022-12-31
7619939,GHED_GGHE-DGDP_SHA2011,COUNTRY,MDG,AFR,Africa,YEAR,2003,,,,,,,,,2.17,2.17278719,,,,2025-12-05T13:23:08Z,2003,2003-01-01,2003-12-31
7621874,GHED_GGHE-DGDP_SHA2011,COUNTRY,MDA,EUR,Europe,YEAR,2000,,,,,,,,,2.90,2.90143156,,,,2025-12-05T13:23:08Z,2000,2000-01-01,2000-12-31
7623318,GHED_GGHE-DGDP_SHA2011,COUNTRY,NAM,AFR,Africa,YEAR,2017,,,,,,,,,5.34,5.34107399,,,,2025-12-05T13:23:08Z,2017,2017-01-01,2017-12-31
7627654,GHED_GGHE-DGDP_SHA2011,COUNTRY,URY,AMR,Americas,YEAR,2006,,,,,,,,,3.68,3.67667699,,,,2025-12-05T13:23:08Z,2006,2006-01-01,2006-12-31
7628606,GHED_GGHE-DGDP_SHA2011,COUNTRY,SVN,EUR,Europe,YEAR,2007,,,,,,,,,5.30,5.29656601,,,,2025-12-05T13:23:08Z,2007,2007-01-01,2007-12-31
7630946,GHED_GGHE-DGDP_SHA2011,COUNTRY,MKD,EUR,Europe,YEAR,2001,,,,,,,,,4.56,4.55789852,,,,2025-12-05T13:23:08Z,2001,2001-01-01,2001-12-31
7631014,GHED_GGHE-DGDP_SHA2011,COUNTRY,PER,AMR,Americas,YEAR,2016,,,,,,,,,3.04,3.04029965,,,,2025-12-05T13:23:08Z,2016,2016-01-01,2016-12-31
7633465,GHED_GGHE-DGDP_SHA2011,COUNTRY,SWE,EUR,Europe,YEAR,2020,,,,,,,,,9.83,9.83181,,,,2025-12-05T13:23:08Z,2020,2020-01-01,2020-12-31
7634191,GHED_GGHE-DGDP_SHA2011,COUNTRY,AZE,EUR,Europe,YEAR,2010,,,,,,,,,1.01,1.01347423,,,,2025-12-05T13:23:08Z,2010,2010-01-01,2010-12-31
7634336,GHED_GGHE-DGDP_SHA2011,COUNTRY,CZE,EUR,Europe,YEAR,2021,,,,,,,,,7.92,7.91902399,,,,2025-12-05T13:23:08Z,2021,2021-01-01,2021-12-31
7643843,GHED_GGHE-DGDP_SHA2011,COUNTRY,VUT,WPR,Western Pacific,YEAR,2017,,,,,,,,,1.47,1.47122371,,,,2025-12-05T13:23:08Z,2017,2017-01-01,2017-12-31
7644029,GHED_GGHE-DGDP_SHA2011,COUNTRY,DOM,AMR,Americas,YEAR,2022,,,,,,,,,2.82,2.81554079,,,,2025-12-05T13:23:08Z,2022,2022-01-01,2022-12-31
7644587,GHED_GGHE-DGDP_SHA2011,COUNTRY,CHL,AMR,Americas,YEAR,2013,,,,,,,,,3.56,3.56203961,,,,2025-12-05T13:23:08Z,2013,2013-01-01,2013-12-31
7646236,GHED_GGHE-DGDP_SHA2011,COUNTRY,ESP,EUR,Europe,YEAR,2018,,,,,,,,,6.28,6.27582741,,,,2025-12-05T13:23:08Z,2018,2018-01-01,2018-12-31
7648329,GHED_GGHE-DGDP_SHA2011,COUNTRY,NAM,AFR,Africa,YEAR,2014,,,,,,,,,5.00,5.00115061,,,,2025-12-05T13:23:08Z,2014,2014-01-01,2014-12-31
7652841,GHED_GGHE-DGDP_SHA2011,COUNTRY,KGZ,EUR,Europe,YEAR,2000,,,,,,,,,2.13,2.13439822,,,,2025-12-05T13:23:08Z,2000,2000-01-01,2000-12-31
7656679,GHED_GGHE-DGDP_SHA2011,COUNTRY,SYC,AFR,Africa,YEAR,2011,,,,,,,,,3.01,3.01365519,,,,2025-12-05T13:23:08Z,2011,2011-01-01,2011-12-31
7658144,GHED_GGHE-DGDP_SHA2011,COUNTRY,ESP,EUR,Europe,YEAR,2009,,,,,,,,,6.81,6.81394386,,,,2025-12-05T13:23:08Z,2009,2009-01-01,2009-12-31
7658324,GHED_GGHE-DGDP_SHA2011,COUNTRY,KIR,WPR,Western Pacific,YEAR,2010,,,,,,,,,7.95,7.9499998099999996,,,,2025-12-05T13:23:08Z,2010,2010-01-01,2010-12-31
7663014,GHED_GGHE-DGDP_SHA2011,COUNTRY,COK,WPR,Western Pacific,YEAR,2010,,,,,,,,,3.24,3.23664665,,,,2025-12-05T13:23:08Z,2010,2010-01-01,2010-12-31
7664725,GHED_GGHE-DGDP_SHA2011,COUNTRY,ETH,AFR,Africa,YEAR,2008,,,,,,,,,0.51,0.51424927,,,,2025-12-05T13:23:08Z,2008,2008-01-01,2008-12-31
7667574,GHED_GGHE-DGDP_SHA2011,WORLDBANKINCOMEGROUP,WB_LI,,,YEAR,2018,,,,,,,,,1.11,1.11045727,,,,2025-12-05T13:23:08Z,2018,2018-01-01,2018-12-31
7672231,GHED_GGHE-DGDP_SHA2011,COUNTRY,BRA,AMR,Americas,YEAR,2008,,,,,,,,,3.50,3.50441861,,,,2025-12-05T13:23:08Z,2008,2008-01-01,2008-12-31
7673942,GHED_GGHE-DGDP_SHA2011,COUNTRY,MRT,AFR,Africa,YEAR,2015,,,,,,,,,1.42,1.41883922,,,,2025-12-05T13:23:08Z,2015,2015-01-01,2015-12-31
7675006,GHED_GGHE-DGDP_SHA2011,COUNTRY,SUR,AMR,Americas,YEAR,2018,,,,,,,,,4.48,4.47947168,,,,2025-12-05T13:23:08Z,2018,2018-01-01,2018-12-31
7676991,GHED_GGHE-DGDP_SHA2011,COUNTRY,BRA,AMR,Americas,YEAR,2016,,,,,,,,,3.95,3.94799495,,,,2025-12-05T13:23:08Z,2016,2016-01-01,2016-12-31
7678440,GHED_GGHE-DGDP_SHA2011,COUNTRY,MYS,WPR,Western Pacific,YEAR,2011,,,,,,,,,1.76,1.76482272,,,,2025-12-05T13:23:08Z,2011,2011-01-01,2011-12-31
7680423,GHED_GGHE-DGDP_SHA2011,COUNTRY,KOR,WPR,Western Pacific,YEAR,2006,,,,,,,,,2.63,2.63494611,,,,2025-12-05T13:23:08Z,2006,2006-01-01,2006-12-31
7680796,GHED_GGHE-DGDP_SHA2011,COUNTRY,BIH,EUR,Europe,YEAR,2021,,,,,,,,,6.53,6.52639914,,,,2025-12-05T13:23:08Z,2021,2021-01-01,2021-12-31
7684302,GHED_GGHE-DGDP_SHA2011,COUNTRY,MMR,SEAR,South-East Asia,YEAR,2010,,,,,,,,,0.19,0.19366041,,,,2025-12-05T13:23:08Z,2010,2010-01-01,2010-12-31
7687763,GHED_GGHE-DGDP_SHA2011,COUNTRY,TUV,WPR,Western Pacific,YEAR,2013,,,,,,,,,9.89,9.88884354,,,,2025-12-05T13:23:08Z,2013,2013-01-01,2013-12-31
7690219,GHED_GGHE-DGDP_SHA2011,WORLDBANKINCOMEGROUP,WB_HI,,,YEAR,2009,,,,,,,,,5.18,5.17639522,,,,2025-12-05T13:23:08Z,2009,2009-01-01,2009-12-31
7691409,GHED_GGHE-DGDP_SHA2011,COUNTRY,BDI,AFR,Africa,YEAR,2002,,,,,,,,,1.54,1.5355022,,,,2025-12-05T13:23:08Z,2002,2002-01-01,2002-12-31
7691715,GHED_GGHE-DGDP_SHA2011,COUNTRY,TUR,EUR,Europe,YEAR,2020,,,,,,,,,3.64,3.63981962,,,,2025-12-05T13:23:08Z,2020,2020-01-01,2020-12-31
7695456,GHED_GGHE-DGDP_SHA2011,COUNTRY,PSE,EMR,Eastern Mediterranean,YEAR,2013,,,,,,,,,3.23,3.22583795,,,,2025-12-05T13:23:08Z,2013,2013-01-01,2013-12-31
7697988,GHED_GGHE-DGDP_SHA2011,COUNTRY,MHL,WPR,Western Pacific,YEAR,2004,,,,,,,,,5.78,5.78210926,,,,2025-12-05T13:23:08Z,2004,2004-01-01,2004-12-31
7698470,GHED_GGHE-DGDP_SHA2011,COUNTRY,ATG,AMR,Americas,YEAR,2001,,,,,,,,,2.93,2.92959142,,,,2025-12-05T13:23:08Z,2001,2001-01-01,2001-12-31
7699820,GHED_GGHE-DGDP_SHA2011,COUNTRY,SRB,EUR,Europe,YEAR,2010,,,,,,,,,5.58,5.58281469,,,,2025-12-05T13:23:08Z,2010,2010-01-01,2010-12-31
7707097,GHED_GGHE-DGDP_SHA2011,COUNTRY,VCT,AMR,Americas,YEAR,2003,,,,,,,,,2.63,2.63181949,,,,2025-12-05T13:23:08Z,2003,2003-01-01,2003-12-31
7709512,GHED_GGHE-DGDP_SHA2011,COUNTRY,MDA,EUR,Europe,YEAR,2005,,,,,,,,,5.04,5.03950357,,,,2025-12-05T13:23:08Z,2005,2005-01-01,2005-12-31
7712628,GHED_GGHE-DGDP_SHA2011,COUNTRY,KGZ,EUR,Europe,YEAR,2007,,,,,,,,,3.09,3.08531475,,,,2025-12-05T13:23:08Z,2007,2007-01-01,2007-12-31
7714260,GHED_GGHE-DGDP_SHA2011,COUNTRY,BLZ,AMR,Americas,YEAR,2009,,,,,,,,,2.89,2.89427853,,,,2025-12-05T13:23:08Z,2009,2009-01-01,2009-12-31
7718381,GHED_GGHE-DGDP_SHA2011,COUNTRY,TCD,AFR,Africa,YEAR,2016,,,,,,,,,0.64,0.64428413,,,,2025-12-05T13:23:08Z,2016,2016-01-01,2016-12-31
7718945,GHED_GGHE-DGDP_SHA2011,COUNTRY,ARG,AMR,Americas,YEAR,2002,,,,,,,,,3.88,3.87838697,,,,2025-12-05T13:23:08Z,2002,2002-01-01,2002-12-31
7721917,GHED_GGHE-DGDP_SHA2011,COUNTRY,EGY,EMR,Eastern Mediterranean,YEAR,2015,,,,,,,,,1.58,1.58139753,,,,2025-12-05T13:23:08Z,2015,2015-01-01,2015-12-31
7722813,GHED_GGHE-DGDP_SHA2011,COUNTRY,CHN,WPR,Western Pacific,YEAR,2000,,,,,,,,,0.98,0.97868848,,,,2025-12-05T13:23:08Z,2000,2000-01-01,2000-12-31
7723709,GHED_GGHE-DGDP_SHA2011,COUNTRY,AGO,AFR,Africa,YEAR,2004,,,,,,,,,1.47,1.4713583,,,,2025-12-05T13:23:08Z,2004,2004-01-01,2004-12-31
7725493,GHED_GGHE-DGDP_SHA2011,COUNTRY,DJI,EMR,Eastern Mediterranean,YEAR,2011,,,,,,,,,2.14,2.14218068,,,,2025-12-05T13:23:08Z,2011,2011-01-01,2011-12-31
7726840,GHED_GGHE-DGDP_SHA2011,COUNTRY,TGO,AFR,Africa,YEAR,2007,,,,,,,,,0.59,0.59498978,,,,2025-12-05T13:23:08Z,2007,2007-01-01,2007-12-31
7729648,GHED_GGHE-DGDP_SHA2011,COUNTRY,BEL,EUR,Europe,YEAR,2003,,,,,,,,,6.79,6.78976488,,,,2025-12-05T13:23:08Z,2003,2003-01-01,2003-12-31
7731579,GHED_GGHE-DGDP_SHA2011,COUNTRY,NZL,WPR,Western Pacific,YEAR,2003,,,,,,,,,5.83,5.82985544,,,,2025-12-05T13:23:08Z,2003,2003-01-01,2003-12-31
7733295,GHED_GGHE-DGDP_SHA2011,COUNTRY,COK,WPR,Western Pacific,YEAR,2017,,,,,,,,,2.11,2.10630798,,,,2025-12-05T13:23:08Z,2017,2017-01-01,2017-12-31
7734526,GHED_GGHE-DGDP_SHA2011,COUNTRY,BLR,EUR,Europe,YEAR,2010,,,,,,,,,3.85,3.84921932,,,,2025-12-05T13:23:08Z,2010,2010-01-01,2010-12-31
7735625,GHED_GGHE-DGDP_SHA2011,COUNTRY,PHL,WPR,Western Pacific,YEAR,2023,,,,,,,,,2.16,2.16258121,,,,2025-12-05T13:23:08Z,2023,2023-01-01,2023-12-31
7737210,GHED_GGHE-DGDP_SHA2011,COUNTRY,BHR,EMR,Eastern Mediterranean,YEAR,2003,,,,,,,,,2.46,2.45939231,,,,2025-12-05T13:23:08Z,2003,2003-01-01,2003-12-31
7738982,GHED_GGHE-DGDP_SHA2011,COUNTRY,NPL,SEAR,South-East Asia,YEAR,2010,,,,,,,,,0.79,0.79064077,,,,2025-12-05T13:23:08Z,2010,2010-01-01,2010-12-31
7740107,GHED_GGHE-DGDP_SHA2011,COUNTRY,COM,AFR,Africa,YEAR,2020,,,,,,,,,1.29,1.29287672,,,,2025-12-05T13:23:08Z,2020,2020-01-01,2020-12-31
7741646,GHED_GGHE-DGDP_SHA2011,COUNTRY,ARM,EUR,Europe,YEAR,2023,,,,,,,,,1.46,1.46441019,,,,2025-12-05T13:23:08Z,2023,2023-01-01,2023-12-31
7741776,GHED_GGHE-DGDP_SHA2011,COUNTRY,HUN,EUR,Europe,YEAR,2004,,,,,,,,,5.41,5.40700102,,,,2025-12-05T13:23:08Z,2004,2004-01-01,2004-12-31
7743243,GHED_GGHE-DGDP_SHA2011,COUNTRY,MWI,AFR,Africa,YEAR,2000,,,,,,,,,1.02,1.01542294,,,,2025-12-05T13:23:08Z,2000,2000-01-01,2000-12-31
7747287,GHED_GGHE-DGDP_SHA2011,COUNTRY,CRI,AMR,Americas,YEAR,2002,,,,,,,,,4.59,4.5927887,,,,2025-12-05T13:23:08Z,2002,2002-01-01,2002-12-31
7748964,GHED_GGHE-DGDP_SHA2011,COUNTRY,COD,AFR,Africa,YEAR,2003,,,,,,,,,0.23,0.22955258,,,,2025-12-05T13:23:08Z,2003,2003-01-01,2003-12-31
7749376,GHED_GGHE-DGDP_SHA2011,COUNTRY,LCA,AMR,Americas,YEAR,2013,,,,,,,,,2.08,2.07502913,,,,2025-12-05T13:23:08Z,2013,2013-01-01,2013-12-31
7749731,GHED_GGHE-DGDP_SHA2011,COUNTRY,WSM,WPR,Western Pacific,YEAR,2019,,,,,,,,,4.32,4.32336426,,,,2025-12-05T13:23:08Z,2019,2019-01-01,2019-12-31
7751372,GHED_GGHE-DGDP_SHA2011,COUNTRY,CMR,AFR,Africa,YEAR,2017,,,,,,,,,0.14,0.14120807,,,,2025-12-05T13:23:08Z,2017,2017-01-01,2017-12-31
7753462,GHED_GGHE-DGDP_SHA2011,COUNTRY,HTI,AMR,Americas,YEAR,2004,,,,,,,,,0.59,0.58639508,,,,2025-12-05T13:23:08Z,2004,2004-01-01,2004-12-31
7754427,GHED_GGHE-DGDP_SHA2011,COUNTRY,URY,AMR,Americas,YEAR,2022,,,,,,,,,6.28,6.28247643,,,,2025-12-05T13:23:08Z,2022,2022-01-01,2022-12-31
7755508,GHED_GGHE-DGDP_SHA2011,COUNTRY,EGY,EMR,Eastern Mediterranean,YEAR,2000,,,,,,,,,1.73,1.73206902,,,,2025-12-05T13:23:08Z,2000,2000-01-01,2000-12-31
7757809,GHED_GGHE-DGDP_SHA2011,COUNTRY,GMB,AFR,Africa,YEAR,2002,,,,,,,,,0.54,0.54214686,,,,2025-12-05T13:23:08Z,2002,2002-01-01,2002-12-31
7757871,GHED_GGHE-DGDP_SHA2011,COUNTRY,DNK,EUR,Europe,YEAR,2016,,,,,,,,,8.66,8.65580463,,,,2025-12-05T13:23:08Z,2016,2016-01-01,2016-12-31
7759525,GHED_GGHE-DGDP_SHA2011,COUNTRY,CAN,AMR,Americas,YEAR,2018,,,,,,,,,7.60,7.604599,,,,2025-12-05T13:23:08Z,2018,2018-01-01,2018-12-31
7760635,GHED_GGHE-DGDP_SHA2011,COUNTRY,NLD,EUR,Europe,YEAR,2015,,,,,,,,,6.73,6.72993183,,,,2025-12-05T13:23:08Z,2015,2015-01-01,2015-12-31
7761596,GHED_GGHE-DGDP_SHA2011,COUNTRY,KWT,EMR,Eastern Mediterranean,YEAR,2013,,,,,,,,,2.09,2.08904266,,,,2025-12-05T13:23:08Z,2013,2013-01-01,2013-12-31
7765257,GHED_GGHE-DGDP_SHA2011,COUNTRY,NIC,AMR,Americas,YEAR,2005,,,,,,,,,2.51,2.5080986,,,,2025-12-05T13:23:08Z,2005,2005-01-01,2005-12-31
7767132,GHED_GGHE-DGDP_SHA2011,COUNTRY,AUT,EUR,Europe,YEAR,2008,,,,,,,,,7.24,7.23871469,,,,2025-12-05T13:23:08Z,2008,2008-01-01,2008-12-31
7768101,GHED_GGHE-DGDP_SHA2011,COUNTRY,TZA,AFR,Africa,YEAR,2020,,,,,,,,,0.86,0.86159378,,,,2025-12-05T13:23:08Z,2020,2020-01-01,2020-12-31
7770282,GHED_GGHE-DGDP_SHA2011,COUNTRY,LAO,WPR,Western Pacific,YEAR,2007,,,,,,,,,0.59,0.58968216,,,,2025-12-05T13:23:08Z,2007,2007-01-01,2007-12-31
7773622,GHED_GGHE-DGDP_SHA2011,COUNTRY,TKM,EUR,Europe,YEAR,2017,,,,,,,,,1.28,1.27922606,,,,2025-12-05T13:23:08Z,2017,2017-01-01,2017-12-31
7780320,GHED_GGHE-DGDP_SHA2011,COUNTRY,GUY,AMR,Americas,YEAR,2018,,,,,,,,,2.95,2.95149112,,,,2025-12-05T13:23:08Z,2018,2018-01-01,2018-12-31
7780877,GHED_GGHE-DGDP_SHA2011,COUNTRY,BWA,AFR,Africa,YEAR,2018,,,,,,,,,4.14,4.14253378,,,,2025-12-05T13:23:08Z,2018,2018-01-01,2018-12-31
7784535,GHED_GGHE-DGDP_SHA2011,COUNTRY,BWA,AFR,Africa,YEAR,2008,,,,,,,,,3.67,3.66806316,,,,2025-12-05T13:23:08Z,2008,2008-01-01,2008-12-31
7785067,GHED_GGHE-DGDP_SHA2011,COUNTRY,GTM,AMR,Americas,YEAR,2013,,,,,,,,,2.21,2.21485376,,,,2025-12-05T13:23:08Z,2013,2013-01-01,2013-12-31
7785608,GHED_GGHE-DGDP_SHA2011,COUNTRY,CYP,EUR,Europe,YEAR,2014,,,,,,,,,2.95,2.94708562,,,,2025-12-05T13:23:08Z,2014,2014-01-01,2014-12-31
7786603,GHED_GGHE-DGDP_SHA2011,COUNTRY,LVA,EUR,Europe,YEAR,2015,,,,,,,,,3.43,3.43240261,,,,2025-12-05T13:23:08Z,2015,2015-01-01,2015-12-31
7786788,GHED_GGHE-DGDP_SHA2011,COUNTRY,PER,AMR,Americas,YEAR,2018,,,,,,,,,3.15,3.15358686,,,,2025-12-05T13:23:08Z,2018,2018-01-01,2018-12-31
7787585,GHED_GGHE-DGDP_SHA2011,COUNTRY,ARM,EUR,Europe,YEAR,2007,,,,,,,,,1.61,1.61389112,,,,2025-12-05T13:23:08Z,2007,2007-01-01,2007-12-31
7788621,GHED_GGHE-DGDP_SHA2011,COUNTRY,BIH,EUR,Europe,YEAR,2002,,,,,,,,,4.42,4.4219141,,,,2025-12-05T13:23:08Z,2002,2002-01-01,2002-12-31
7789117,GHED_GGHE-DGDP_SHA2011,REGION,SEAR,,,YEAR,2003,,,,,,,,,1.37,1.36765861,,,,2025-12-05T13:23:08Z,2003,2003-01-01,2003-12-31
7789395,GHED_GGHE-DGDP_SHA2011,COUNTRY,TUV,WPR,Western Pacific,YEAR,2019,,,,,,,,,17.17,17.16871262,,,,2025-12-05T13:23:08Z,2019,2019-01-01,2019-12-31
7789493,GHED_GGHE-DGDP_SHA2011,COUNTRY,NGA,AFR,Africa,YEAR,2006,,,,,,,,,0.90,0.90186709,,,,2025-12-05T13:23:08Z,2006,2006-01-01,2006-12-31
7791675,GHED_GGHE-DGDP_SHA2011,COUNTRY,NLD,EUR,Europe,YEAR,2017,,,,,,,,,6.39,6.39186192,,,,2025-12-05T13:23:08Z,2017,2017-01-01,2017-12-31
7793431,GHED_GGHE-DGDP_SHA2011,COUNTRY,ISR,EUR,Europe,YEAR,2014,,,,,,,,,4.44,4.43815184,,,,2025-12-05T13:23:08Z,2014,2014-01-01,2014-12-31
7796862,GHED_GGHE-DGDP_SHA2011,COUNTRY,TZA,AFR,Africa,YEAR,2012,,,,,,,,,1.18,1.17573333,,,,2025-12-05T13:23:08Z,2012,2012-01-01,2012-12-31
7801529,GHED_GGHE-DGDP_SHA2011,COUNTRY,DNK,EUR,Europe,YEAR,2005,,,,,,,,,7.59,7.59320974,,,,2025-12-05T13:23:08Z,2005,2005-01-01,2005-12-31
7802422,GHED_GGHE-DGDP_SHA2011,COUNTRY,JPN,WPR,Western Pacific,YEAR,2014,,,,,,,,,9.03,9.02501678,,,,2025-12-05T13:23:08Z,2014,2014-01-01,2014-12-31
7802761,GHED_GGHE-DGDP_SHA2011,COUNTRY,COD,AFR,Africa,YEAR,2019,,,,,,,,,0.55,0.55490303,,,,2025-12-05T13:23:08Z,2019,2019-01-01,2019-12-31
7803746,GHED_GGHE-DGDP_SHA2011,COUNTRY,AZE,EUR,Europe,YEAR,2002,,,,,,,,,0.74,0.73890811,,,,2025-12-05T13:23:08Z,2002,2002-01-01,2002-12-31
7811652,GHED_GGHE-DGDP_SHA2011,COUNTRY,ECU,AMR,Americas,YEAR,2015,,,,,,,,,4.50,4.49897623,,,,2025-12-05T13:23:08Z,2015,2015-01-01,2015-12-31
7815456,GHED_GGHE-DGDP_SHA2011,COUNTRY,MRT,AFR,Africa,YEAR,2006,,,,,,,,,0.68,0.67619681,,,,2025-12-05T13:23:08Z,2006,2006-01-01,2006-12-31
7818542,GHED_GGHE-DGDP_SHA2011,COUNTRY,PLW,WPR,Western Pacific,YEAR,2020,,,,,,,,,6.88,6.88389778,,,,2025-12-05T13:23:08Z,2020,2020-01-01,2020-12-31
7818690,GHED_GGHE-DGDP_SHA2011,COUNTRY,GBR,EUR,Europe,YEAR,2012,,,,,,,,,8.01,8.01443958,,,,2025-12-05T13:23:08Z,2012,2012-01-01,2012-12-31
7820031,GHED_GGHE-DGDP_SHA2011,COUNTRY,SVK,EUR,Europe,YEAR,2021,,,,,,,,,6.08,6.08261681,,,,2025-12-05T13:23:08Z,2021,2021-01-01,2021-12-31
7821384,GHED_GGHE-DGDP_SHA2011,COUNTRY,CHL,AMR,Americas,YEAR,2020,,,,,,,,,5.48,5.48000908,,,,2025-12-05T13:23:08Z,2020,2020-01-01,2020-12-31
7825682,GHED_GGHE-DGDP_SHA2011,COUNTRY,NIC,AMR,Americas,YEAR,2013,,,,,,,,,3.87,3.86888838,,,,2025-12-05T13:23:08Z,2013,2013-01-01,2013-12-31
7827695,GHED_GGHE-DGDP_SHA2011,COUNTRY,USA,AMR,Americas,YEAR,2006,,,,,,,,,6.81,6.81126356,,,,2025-12-05T13:23:08Z,2006,2006-01-01,2006-12-31
7829429,GHED_GGHE-DGDP_SHA2011,COUNTRY,EST,EUR,Europe,YEAR,2016,,,,,,,,,4.89,4.88813353,,,,2025-12-05T13:23:08Z,2016,2016-01-01,2016-12-31
7836957,GHED_GGHE-DGDP_SHA2011,COUNTRY,BEL,EUR,Europe,YEAR,2019,,,,,,,,,8.08,8.08414745,,,,2025-12-05T13:23:08Z,2019,2019-01-01,2019-12-31
7838231,GHED_GGHE-DGDP_SHA2011,COUNTRY,ITA,EUR,Europe,YEAR,2023,,,,,,,,,6.14,6.14251709,,,,2025-12-05T13:23:08Z,2023,2023-01-01,2023-12-31
7841135,GHED_GGHE-DGDP_SHA2011,COUNTRY,TUN,EMR,Eastern Mediterranean,YEAR,2017,,,,,,,,,3.32,3.32102466,,,,2025-12-05T13:23:08Z,2017,2017-01-01,2017-12-31
7841544,GHED_GGHE-DGDP_SHA2011,COUNTRY,POL,EUR,Europe,YEAR,2016,,,,,,,,,4.49,4.49414158,,,,2025-12-05T13:23:08Z,2016,2016-01-01,2016-12-31
7842075,GHED_GGHE-DGDP_SHA2011,REGION,AMR,,,YEAR,2022,,,,,,,,,4.24,4.23947547,,,,2025-12-05T13:23:08Z,2022,2022-01-01,2022-12-31
7845348,GHED_GGHE-DGDP_SHA2011,COUNTRY,PLW,WPR,Western Pacific,YEAR,2010,,,,,,,,,4.15,4.15492439,,,,2025-12-05T13:23:08Z,2010,2010-01-01,2010-12-31
7846821,GHED_GGHE-DGDP_SHA2011,COUNTRY,HRV,EUR,Europe,YEAR,2013,,,,,,,,,5.45,5.44869661,,,,2025-12-05T13:23:08Z,2013,2013-01-01,2013-12-31
7848201,GHED_GGHE-DGDP_SHA2011,REGION,SEAR,,,YEAR,2015,,,,,,,,,2.33,2.32611235,,,,2025-12-05T13:23:08Z,2015,2015-01-01,2015-12-31
7852450,GHED_GGHE-DGDP_SHA2011,COUNTRY,CHN,WPR,Western Pacific,YEAR,2002,,,,,,,,,1.10,1.09706461,,,,2025-12-05T13:23:08Z,2002,2002-01-01,2002-12-31
7853928,GHED_GGHE-DGDP_SHA2011,COUNTRY,CIV,AFR,Africa,YEAR,2012,,,,,,,,,0.75,0.74607307,,,,2025-12-05T13:23:08Z,2012,2012-01-01,2012-12-31
7853943,GHED_GGHE-DGDP_SHA2011,COUNTRY,BDI,AFR,Africa,YEAR,2004,,,,,,,,,2.37,2.3681941,,,,2025-12-05T13:23:08Z,2004,2004-01-01,2004-12-31
7856190,GHED_GGHE-DGDP_SHA2011,COUNTRY,RWA,AFR,Africa,YEAR,2020,,,,,,,,,2.14,2.13853812,,,,2025-12-05T13:23:08Z,2020,2020-01-01,2020-12-31
7857478,GHED_GGHE-DGDP_SHA2011,WORLDBANKINCOMEGROUP,WB_LMI,,,YEAR,2022,,,,,,,,,2.25,2.25346584,,,,2026-01-12T13:50:53Z,2022,2022-01-01,2022-12-31
7860686,GHED_GGHE-DGDP_SHA2011,COUNTRY,ISL,EUR,Europe,YEAR,2018,,,,,,,,,6.96,6.9620142,,,,2025-12-05T13:23:08Z,2018,2018-01-01,2018-12-31
7867607,GHED_GGHE-DGDP_SHA2011,COUNTRY,MDA,EUR,Europe,YEAR,2013,,,,,,,,,4.05,4.05499315,,,,2025-12-05T13:23:08Z,2013,2013-01-01,2013-12-31
7869528,GHED_GGHE-DGDP_SHA2011,COUNTRY,MLI,AFR,Africa,YEAR,2019,,,,,,,,,1.12,1.1192745,,,,2025-12-05T13:23:08Z,2019,2019-01-01,2019-12-31
7870122,GHED_GGHE-DGDP_SHA2011,COUNTRY,LBY,EMR,Eastern Mediterranean,YEAR,2020,,,,,,,,,5.59,5.58700848,,,,2025-12-05T13:23:08Z,2020,2020-01-01,2020-12-31
7871183,GHED_GGHE-DGDP_SHA2011,COUNTRY,COK,WPR,Western Pacific,YEAR,2000,,,,,,,,,2.74,2.73939753,,,,2025-12-05T13:23:08Z,2000,2000-01-01,2000-12-31
7873220,GHED_GGHE-DGDP_SHA2011,COUNTRY,KHM,WPR,Western Pacific,YEAR,2008,,,,,,,,,0.87,0.87098134,,,,2025-12-05T13:23:08Z,2008,2008-01-01,2008-12-31
7873929,GHED_GGHE-DGDP_SHA2011,COUNTRY,ARE,EMR,Eastern Mediterranean,YEAR,2003,,,,,,,,,1.62,1.62154937,,,,2025-12-05T13:23:08Z,2003,2003-01-01,2003-12-31
7874149,GHED_GGHE-DGDP_SHA2011,COUNTRY,GBR,EUR,Europe,YEAR,2019,,,,,,,,,7.96,7.95685244,,,,2025-12-05T13:23:08Z,2019,2019-01-01,2019-12-31
7876960,GHED_GGHE-DGDP_SHA2011,REGION,AFR,,,YEAR,2011,,,,,,,,,1.62,1.62411581,,,,2025-12-05T13:23:08Z,2011,2011-01-01,2011-12-31
7879652,GHED_GGHE-DGDP_SHA2011,COUNTRY,FJI,WPR,Western Pacific,YEAR,2020,,,,,,,,,3.00,3.00008559,,,,2025-12-05T13:23:08Z,2020,2020-01-01,2020-12-31
7879824,GHED_GGHE-DGDP_SHA2011,COUNTRY,MOZ,AFR,Africa,YEAR,2007,,,,,,,,,1.17,1.17217517,,,,2025-12-05T13:23:08Z,2007,2007-01-01,2007-12-31
7880176,GHED_GGHE-DGDP_SHA2011,COUNTRY,BRB,AMR,Americas,YEAR,2007,,,,,,,,,2.92,2.92400503,,,,2025-12-05T13:23:08Z,2007,2007-01-01,2007-12-31
7884404,GHED_GGHE-DGDP_SHA2011,COUNTRY,PRT,EUR,Europe,YEAR,2006,,,,,,,,,5.93,5.93430281,,,,2025-12-05T13:23:08Z,2006,2006-01-01,2006-12-31
7884658,GHED_GGHE-DGDP_SHA2011,COUNTRY,MRT,AFR,Africa,YEAR,2005,,,,,,,,,0.82,0.81955862,,,,2025-12-05T13:23:08Z,2005,2005-01-01,2005-12-31
7887875,GHED_GGHE-DGDP_SHA2011,COUNTRY,IRQ,EMR,Eastern Mediterranean,YEAR,2010,,,,,,,,,2.38,2.38097811,,,,2025-12-05T13:23:08Z,2010,2010-01-01,2010-12-31
7891153,GHED_GGHE-DGDP_SHA2011,COUNTRY,JOR,EMR,Eastern Mediterranean,YEAR,2016,,,,,,,,,3.19,3.1935668,,,,2025-12-05T13:23:08Z,2016,2016-01-01,2016-12-31
7891368,GHED_GGHE-DGDP_SHA2011,COUNTRY,BDI,AFR,Africa,YEAR,2003,,,,,,,,,1.36,1.35508084,,,,2025-12-05T13:23:08Z,2003,2003-01-01,2003-12-31
7895079,GHED_GGHE-DGDP_SHA2011,COUNTRY,TUN,EMR,Eastern Mediterranean,YEAR,2000,,,,,,,,,2.53,2.53482223,,,,2025-12-05T13:23:08Z,2000,2000-01-01,2000-12-31
7895604,GHED_GGHE-DGDP_SHA2011,COUNTRY,CRI,AMR,Americas,YEAR,2007,,,,,,,,,4.63,4.63239908,,,,2025-12-05T13:23:08Z,2007,2007-01-01,2007-12-31
7898442,GHED_GGHE-DGDP_SHA2011,COUNTRY,PAN,AMR,Americas,YEAR,2001,,,,,,,,,4.39,4.38846159,,,,2025-12-05T13:23:08Z,2001,2001-01-01,2001-12-31
7903770,GHED_GGHE-DGDP_SHA2011,COUNTRY,MNG,WPR,Western Pacific,YEAR,2008,,,,,,,,,3.22,3.21819425,,,,2025-12-05T13:23:08Z,2008,2008-01-01,2008-12-31
7904895,GHED_GGHE-DGDP_SHA2011,COUNTRY,LTU,EUR,Europe,YEAR,2011,,,,,,,,,4.60,4.59981918,,,,2025-12-05T13:23:08Z,2011,2011-01-01,2011-12-31
7906787,GHED_GGHE-DGDP_SHA2011,COUNTRY,SRB,EUR,Europe,YEAR,2011,,,,,,,,,5.35,5.3538456,,,,2025-12-05T13:23:08Z,2011,2011-01-01,2011-12-31
7907325,GHED_GGHE-DGDP_SHA2011,COUNTRY,EGY,EMR,Eastern Mediterranean,YEAR,2016,,,,,,,,,1.57,1.56636381,,,,2025-12-05T13:23:08Z,2016,2016-01-01,2016-12-31
7907441,GHED_GGHE-DGDP_SHA2011,COUNTRY,SYC,AFR,Africa,YEAR,2009,,,,,,,,,2.39,2.3870523,,,,2025-12-05T13:23:08Z,2009,2009-01-01,2009-12-31
7908226,GHED_GGHE-DGDP_SHA2011,COUNTRY,IRN,EMR,Eastern Mediterranean,YEAR,2012,,,,,,,,,2.05,2.05416632,,,,2025-12-05T13:23:08Z,2012,2012-01-01,2012-12-31
7910528,GHED_GGHE-DGDP_SHA2011,COUNTRY,AUT,EUR,Europe,YEAR,2001,,,,,,,,,6.86,6.86088991,,,,2025-12-05T13:23:08Z,2001,2001-01-01,2001-12-31
7915469,GHED_GGHE-DGDP_SHA2011,COUNTRY,SRB,EUR,Europe,YEAR,2004,,,,,,,,,5.18,5.18188715,,,,2025-12-05T13:23:08Z,2004,2004-01-01,2004-12-31
7917056,GHED_GGHE-DGDP_SHA2011,COUNTRY,SVN,EUR,Europe,YEAR,2022,,,,,,,,,7.07,7.07110405,,,,2025-12-05T13:23:08Z,2022,2022-01-01,2022-12-31
7918090,GHED_GGHE-DGDP_SHA2011,COUNTRY,LKA,SEAR,South-East Asia,YEAR,2005,,,,,,,,,2.04,2.04192138,,,,2025-12-05T13:23:08Z,2005,2005-01-01,2005-12-31
7919745,GHED_GGHE-DGDP_SHA2011,COUNTRY,CRI,AMR,Americas,YEAR,2019,,,,,,,,,5.24,5.23799706,,,,2025-12-05T13:23:08Z,2019,2019-01-01,2019-12-31
7923110,GHED_GGHE-DGDP_SHA2011,COUNTRY,ZAF,AFR,Africa,YEAR,2015,,,,,,,,,4.60,4.59632444,,,,2025-12-05T13:23:08Z,2015,2015-01-01,2015-12-31
7925021,GHED_GGHE-DGDP_SHA2011,COUNTRY,RUS,EUR,Europe,YEAR,2022,,,,,,,,,4.87,4.86750841,,,,2025-12-05T13:23:08Z,2022,2022-01-01,2022-12-31
7929782,GHED_GGHE-DGDP_SHA2011,COUNTRY,ESP,EUR,Europe,YEAR,2004,,,,,,,,,5.45,5.45236444,,,,2025-12-05T13:23:08Z,2004,2004-01-01,2004-12-31
7930043,GHED_GGHE-DGDP_SHA2011,COUNTRY,MDG,AFR,Africa,YEAR,2017,,,,,,,,,2.25,2.24615121,,,,2025-12-05T13:23:08Z,2017,2017-01-01,2017-12-31
7930280,GHED_GGHE-DGDP_SHA2011,REGION,AFR,,,YEAR,2016,,,,,,,,,1.75,1.75211898,,,,2025-12-05T13:23:08Z,2016,2016-01-01,2016-12-31
7931014,GHED_GGHE-DGDP_SHA2011,COUNTRY,SVK,EUR,Europe,YEAR,2009,,,,,,,,,5.70,5.69731617,,,,2025-12-05T13:23:08Z,2009,2009-01-01,2009-12-31
7934385,GHED_GGHE-DGDP_SHA2011,COUNTRY,ECU,AMR,Americas,YEAR,2019,,,,,,,,,4.91,4.91185951,,,,2025-12-05T13:23:08Z,2019,2019-01-01,2019-12-31
7934728,GHED_GGHE-DGDP_SHA2011,COUNTRY,BGR,EUR,Europe,YEAR,2018,,,,,,,,,4.23,4.23101759,,,,2025-12-05T13:23:08Z,2018,2018-01-01,2018-12-31
7935848,GHED_GGHE-DGDP_SHA2011,COUNTRY,NLD,EUR,Europe,YEAR,2011,,,,,,,,,6.94,6.93690538,,,,2025-12-05T13:23:08Z,2011,2011-01-01,2011-12-31
7937935,GHED_GGHE-DGDP_SHA2011,COUNTRY,SEN,AFR,Africa,YEAR,2019,,,,,,,,,1.06,1.05768847,,,,2025-12-05T13:23:08Z,2019,2019-01-01,2019-12-31
7938626,GHED_GGHE-DGDP_SHA2011,COUNTRY,SYR,EMR,Eastern Mediterranean,YEAR,2021,,,,,,,,,1.09,1.09464335,,,,2025-12-05T13:23:08Z,2021,2021-01-01,2021-12-31
7944320,GHED_GGHE-DGDP_SHA2011,COUNTRY,LSO,AFR,Africa,YEAR,2016,,,,,,,,,5.59,5.59334755,,,,2025-12-05T13:23:08Z,2016,2016-01-01,2016-12-31
7948926,GHED_GGHE-DGDP_SHA2011,COUNTRY,LBY,EMR,Eastern Mediterranean,YEAR,2013,,,,,,,,,3.65,3.6518445,,,,2025-12-05T13:23:08Z,2013,2013-01-01,2013-12-31
7949507,GHED_GGHE-DGDP_SHA2011,COUNTRY,BFA,AFR,Africa,YEAR,2022,,,,,,,,,2.63,2.62870407,,,,2025-12-05T13:23:08Z,2022,2022-01-01,2022-12-31
7951131,GHED_GGHE-DGDP_SHA2011,COUNTRY,SLV,AMR,Americas,YEAR,2007,,,,,,,,,4.10,4.1049161,,,,2025-12-05T13:23:08Z,2007,2007-01-01,2007-12-31
7951496,GHED_GGHE-DGDP_SHA2011,COUNTRY,CYP,EUR,Europe,YEAR,2000,,,,,,,,,2.18,2.18027377,,,,2025-12-05T13:23:08Z,2000,2000-01-01,2000-12-31
7953526,GHED_GGHE-DGDP_SHA2011,COUNTRY,FIN,EUR,Europe,YEAR,2002,,,,,,,,,5.86,5.86146975,,,,2025-12-05T13:23:08Z,2002,2002-01-01,2002-12-31
7955429,GHED_GGHE-DGDP_SHA2011,COUNTRY,LBY,EMR,Eastern Mediterranean,YEAR,2001,,,,,,,,,2.14,2.13841844,,,,2025-12-05T13:23:08Z,2001,2001-01-01,2001-12-31
7956899,GHED_GGHE-DGDP_SHA2011,COUNTRY,PHL,WPR,Western Pacific,YEAR,2006,,,,,,,,,1.21,1.21229136,,,,2025-12-05T13:23:08Z,2006,2006-01-01,2006-12-31
7962416,GHED_GGHE-DGDP_SHA2011,COUNTRY,UKR,EUR,Europe,YEAR,2000,,,,,,,,,2.51,2.51132536,,,,2025-12-05T13:23:08Z,2000,2000-01-01,2000-12-31
7963506,GHED_GGHE-DGDP_SHA2011,COUNTRY,MDG,AFR,Africa,YEAR,2021,,,,,,,,,0.75,0.74739987,,,,2025-12-05T13:23:08Z,2021,2021-01-01,2021-12-31
7968257,GHED_GGHE-DGDP_SHA2011,COUNTRY,MLT,EUR,Europe,YEAR,2018,,,,,,,,,5.15,5.1497612,,,,2025-12-05T13:23:08Z,2018,2018-01-01,2018-12-31
7968827,GHED_GGHE-DGDP_SHA2011,COUNTRY,PHL,WPR,Western Pacific,YEAR,2022,,,,,,,,,2.32,2.3236084,,,,2025-12-05T13:23:08Z,2022,2022-01-01,2022-12-31
7969291,GHED_GGHE-DGDP_SHA2011,COUNTRY,SWZ,AFR,Africa,YEAR,2022,,,,,,,,,3.24,3.24393272,,,,2025-12-05T13:23:08Z,2022,2022-01-01,2022-12-31
7977255,GHED_GGHE-DGDP_SHA2011,COUNTRY,SRB,EUR,Europe,YEAR,2005,,,,,,,,,5.30,5.29795027,,,,2025-12-05T13:23:08Z,2005,2005-01-01,2005-12-31
7980447,GHED_GGHE-DGDP_SHA2011,COUNTRY,MNE,EUR,Europe,YEAR,2021,,,,,,,,,6.46,6.45562506,,,,2025-12-05T13:23:08Z,2021,2021-01-01,2021-12-31
7981442,GHED_GGHE-DGDP_SHA2011,COUNTRY,BIH,EUR,Europe,YEAR,2020,,,,,,,,,6.75,6.75351286,,,,2025-12-05T13:23:08Z,2020,2020-01-01,2020-12-31
7988486,GHED_GGHE-DGDP_SHA2011,COUNTRY,GAB,AFR,Africa,YEAR,2002,,,,,,,,,1.20,1.19960451,,,,2025-12-05T13:23:08Z,2002,2002-01-01,2002-12-31
7991394,GHED_GGHE-DGDP_SHA2011,COUNTRY,FRA,EUR,Europe,YEAR,2014,,,,,,,,,8.08,8.07977486,,,,2025-12-05T13:23:08Z,2014,2014-01-01,2014-12-31
7993874,GHED_GGHE-DGDP_SHA2011,COUNTRY,CHE,EUR,Europe,YEAR,2011,,,,,,,,,3.40,3.39824772,,,,2025-12-05T13:23:08Z,2011,2011-01-01,2011-12-31
7997160,GHED_GGHE-DGDP_SHA2011,COUNTRY,GAB,AFR,Africa,YEAR,2020,,,,,,,,,1.90,1.89678836,,,,2025-12-05T13:23:08Z,2020,2020-01-01,2020-12-31
7999483,GHED_GGHE-DGDP_SHA2011,COUNTRY,MNG,WPR,Western Pacific,YEAR,2012,,,,,,,,,2.35,2.34510446,,,,2025-12-05T13:23:08Z,2012,2012-01-01,2012-12-31
8003362,GHED_GGHE-DGDP_SHA2011,COUNTRY,EGY,EMR,Eastern Mediterranean,YEAR,2001,,,,,,,,,1.85,1.84800243,,,,2025-12-05T13:23:08Z,2001,2001-01-01,2001-12-31
8005034,GHED_GGHE-DGDP_SHA2011,COUNTRY,GAB,AFR,Africa,YEAR,2006,,,,,,,,,1.22,1.2173816,,,,2025-12-05T13:23:08Z,2006,2006-01-01,2006-12-31
8005492,GHED_GGHE-DGDP_SHA2011,COUNTRY,JAM,AMR,Americas,YEAR,2007,,,,,,,,,2.66,2.66426182,,,,2025-12-05T13:23:08Z,2007,2007-01-01,2007-12-31
8005862,GHED_GGHE-DGDP_SHA2011,COUNTRY,NOR,EUR,Europe,YEAR,2010,,,,,,,,,7.50,7.50110054,,,,2025-12-05T13:23:08Z,2010,2010-01-01,2010-12-31
8008585,GHED_GGHE-DGDP_SHA2011,COUNTRY,TUN,EMR,Eastern Mediterranean,YEAR,2018,,,,,,,,,3.09,3.09321761,,,,2025-12-05T13:23:08Z,2018,2018-01-01,2018-12-31
8010538,GHED_GGHE-DGDP_SHA2011,COUNTRY,BEN,AFR,Africa,YEAR,2023,,,,,,,,,0.49,0.4894892,,,,2025-12-05T13:23:08Z,2023,2023-01-01,2023-12-31
8016484,GHED_GGHE-DGDP_SHA2011,COUNTRY,LAO,WPR,Western Pacific,YEAR,2002,,,,,,,,,1.02,1.01875496,,,,2025-12-05T13:23:08Z,2002,2002-01-01,2002-12-31
8017468,GHED_GGHE-DGDP_SHA2011,COUNTRY,HND,AMR,Americas,YEAR,2016,,,,,,,,,3.09,3.09310865,,,,2025-12-05T13:23:08Z,2016,2016-01-01,2016-12-31
8018897,GHED_GGHE-DGDP_SHA2011,COUNTRY,KOR,WPR,Western Pacific,YEAR,2005,,,,,,,,,2.38,2.38401437,,,,2025-12-05T13:23:08Z,2005,2005-01-01,2005-12-31
8020487,GHED_GGHE-DGDP_SHA2011,COUNTRY,BFA,AFR,Africa,YEAR,2014,,,,,,,,,1.63,1.62685239,,,,2025-12-05T13:23:08Z,2014,2014-01-01,2014-12-31
8020971,GHED_GGHE-DGDP_SHA2011,COUNTRY,BHR,EMR,Eastern Mediterranean,YEAR,2014,,,,,,,,,2.75,2.75321245,,,,2025-12-05T13:23:08Z,2014,2014-01-01,2014-12-31
8023934,GHED_GGHE-DGDP_SHA2011,COUNTRY,LBY,EMR,Eastern Mediterranean,YEAR,2015,,,,,,,,,4.02,4.02187729,,,,2025-12-05T13:23:08Z,2015,2015-01-01,2015-12-31
8025037,GHED_GGHE-DGDP_SHA2011,COUNTRY,LKA,SEAR,South-East Asia,YEAR,2019,,,,,,,,,1.73,1.73423195,,,,2025-12-05T13:23:08Z,2019,2019-01-01,2019-12-31
8025357,GHED_GGHE-DGDP_SHA2011,COUNTRY,QAT,EMR,Eastern Mediterranean,YEAR,2017,,,,,,,,,2.71,2.71251249,,,,2025-12-05T13:23:08Z,2017,2017-01-01,2017-12-31
8032314,GHED_GGHE-DGDP_SHA2011,COUNTRY,BWA,AFR,Africa,YEAR,2009,,,,,,,,,3.41,3.41018438,,,,2025-12-05T13:23:08Z,2009,2009-01-01,2009-12-31
8033357,GHED_GGHE-DGDP_SHA2011,COUNTRY,JAM,AMR,Americas,YEAR,2017,,,,,,,,,4.07,4.06524467,,,,2025-12-05T13:23:08Z,2017,2017-01-01,2017-12-31
8034393,GHED_GGHE-DGDP_SHA2011,COUNTRY,DJI,EMR,Eastern Mediterranean,YEAR,2004,,,,,,,,,1.44,1.43785477,,,,2025-12-05T13:23:08Z,2004,2004-01-01,2004-12-31
8040049,GHED_GGHE-DGDP_SHA2011,COUNTRY,UZB,EUR,Europe,YEAR,2000,,,,,,,,,2.01,2.00684047,,,,2025-12-05T13:23:08Z,2000,2000-01-01,2000-12-31
8040830,GHED_GGHE-DGDP_SHA2011,COUNTRY,RWA,AFR,Africa,YEAR,2012,,,,,,,,,2.05,2.05491209,,,,2025-12-05T13:23:08Z,2012,2012-01-01,2012-12-31
8050157,GHED_GGHE-DGDP_SHA2011,COUNTRY,NIC,AMR,Americas,YEAR,2021,,,,,,,,,6.05,6.05456924,,,,2025-12-05T13:23:08Z,2021,2021-01-01,2021-12-31
8052031,GHED_GGHE-DGDP_SHA2011,COUNTRY,ZWE,AFR,Africa,YEAR,2012,,,,,,,,,2.00,1.99879277,,,,2025-12-05T13:23:08Z,2012,2012-01-01,2012-12-31
8054576,GHED_GGHE-DGDP_SHA2011,COUNTRY,EST,EUR,Europe,YEAR,2010,,,,,,,,,4.84,4.84003878,,,,2025-12-05T13:23:08Z,2010,2010-01-01,2010-12-31
8055677,GHED_GGHE-DGDP_SHA2011,COUNTRY,MEX,AMR,Americas,YEAR,2017,,,,,,,,,2.68,2.68433452,,,,2025-12-05T13:23:08Z,2017,2017-01-01,2017-12-31
8057444,GHED_GGHE-DGDP_SHA2011,COUNTRY,CRI,AMR,Americas,YEAR,2014,,,,,,,,,5.44,5.44291878,,,,2025-12-05T13:23:08Z,2014,2014-01-01,2014-12-31
8058127,GHED_GGHE-DGDP_SHA2011,COUNTRY,KNA,AMR,Americas,YEAR,2014,,,,,,,,,1.95,1.94636261,,,,2025-12-05T13:23:08Z,2014,2014-01-01,2014-12-31
8059508,GHED_GGHE-DGDP_SHA2011,COUNTRY,DMA,AMR,Americas,YEAR,2003,,,,,,,,,2.70,2.70172191,,,,2025-12-05T13:23:08Z,2003,2003-01-01,2003-12-31
8060541,GHED_GGHE-DGDP_SHA2011,COUNTRY,BTN,SEAR,South-East Asia,YEAR,2021,,,,,,,,,2.32,2.31712747,,,,2025-12-05T13:23:08Z,2021,2021-01-01,2021-12-31
8066912,GHED_GGHE-DGDP_SHA2011,COUNTRY,BOL,AMR,Americas,YEAR,2007,,,,,,,,,2.78,2.7755425,,,,2025-12-05T13:23:08Z,2007,2007-01-01,2007-12-31
8067210,GHED_GGHE-DGDP_SHA2011,COUNTRY,SLE,AFR,Africa,YEAR,2011,,,,,,,,,0.71,0.70601135,,,,2025-12-05T13:23:08Z,2011,2011-01-01,2011-12-31
8071823,GHED_GGHE-DGDP_SHA2011,COUNTRY,AZE,EUR,Europe,YEAR,2017,,,,,,,,,1.00,1.00444698,,,,2025-12-05T13:23:08Z,2017,2017-01-01,2017-12-31
8072391,GHED_GGHE-DGDP_SHA2011,WORLDBANKINCOMEGROUP,WB_HI,,,YEAR,2012,,,,,,,,,4.99,4.98918756,,,,2025-12-05T13:23:08Z,2012,2012-01-01,2012-12-31
8072518,GHED_GGHE-DGDP_SHA2011,REGION,WPR,,,YEAR,2008,,,,,,,,,4.04,4.03625601,,,,2025-12-05T13:23:08Z,2008,2008-01-01,2008-12-31
8073374,GHED_GGHE-DGDP_SHA2011,COUNTRY,HTI,AMR,Americas,YEAR,2016,,,,,,,,,0.53,0.52977306,,,,2025-12-05T13:23:08Z,2016,2016-01-01,2016-12-31
8074415,GHED_GGHE-DGDP_SHA2011,COUNTRY,GNB,AFR,Africa,YEAR,2022,,,,,,,,,1.04,1.03818488,,,,2025-12-05T13:23:08Z,2022,2022-01-01,2022-12-31
8075517,GHED_GGHE-DGDP_SHA2011,REGION,SEAR,,,YEAR,2008,,,,,,,,,2.04,2.04265123,,,,2025-12-05T13:23:08Z,2008,2008-01-01,2008-12-31
8076739,GHED_GGHE-DGDP_SHA2011,COUNTRY,BRA,AMR,Americas,YEAR,2015,,,,,,,,,3.85,3.85396719,,,,2025-12-05T13:23:08Z,2015,2015-01-01,2015-12-31
8080155,GHED_GGHE-DGDP_SHA2011,COUNTRY,CHL,AMR,Americas,YEAR,2001,,,,,,,,,2.58,2.58087945,,,,2025-12-05T13:23:08Z,2001,2001-01-01,2001-12-31
8084632,GHED_GGHE-DGDP_SHA2011,COUNTRY,GIN,AFR,Africa,YEAR,2005,,,,,,,,,0.26,0.26129073,,,,2025-12-05T13:23:08Z,2005,2005-01-01,2005-12-31
8089738,GHED_GGHE-DGDP_SHA2011,COUNTRY,BLZ,AMR,Americas,YEAR,2002,,,,,,,,,1.83,1.82957494,,,,2025-12-05T13:23:08Z,2002,2002-01-01,2002-12-31
8091182,GHED_GGHE-DGDP_SHA2011,COUNTRY,VUT,WPR,Western Pacific,YEAR,2007,,,,,,,,,2.22,2.22314644,,,,2025-12-05T13:23:08Z,2007,2007-01-01,2007-12-31
8091347,GHED_GGHE-DGDP_SHA2011,COUNTRY,LUX,EUR,Europe,YEAR,2023,,,,,,,,,5.01,5.01267815,,,,2025-12-05T13:23:08Z,2023,2023-01-01,2023-12-31
8091601,GHED_GGHE-DGDP_SHA2011,COUNTRY,MDA,EUR,Europe,YEAR,2003,,,,,,,,,3.21,3.2140553,,,,2025-12-05T13:23:08Z,2003,2003-01-01,2003-12-31
8093501,GHED_GGHE-DGDP_SHA2011,COUNTRY,PNG,WPR,Western Pacific,YEAR,2012,,,,,,,,,1.82,1.82221472,,,,2025-12-05T13:23:08Z,2012,2012-01-01,2012-12-31
8094451,GHED_GGHE-DGDP_SHA2011,COUNTRY,THA,SEAR,South-East Asia,YEAR,2023,,,,,,,,,3.53,3.5342176,,,,2025-12-05T13:23:08Z,2023,2023-01-01,2023-12-31
8097361,GHED_GGHE-DGDP_SHA2011,COUNTRY,IRQ,EMR,Eastern Mediterranean,YEAR,2007,,,,,,,,,2.04,2.03766322,,,,2025-12-05T13:23:08Z,2007,2007-01-01,2007-12-31
8098797,GHED_GGHE-DGDP_SHA2011,COUNTRY,POL,EUR,Europe,YEAR,2017,,,,,,,,,4.50,4.4990406,,,,2025-12-05T13:23:08Z,2017,2017-01-01,2017-12-31
8101767,GHED_GGHE-DGDP_SHA2011,COUNTRY,AGO,AFR,Africa,YEAR,2012,,,,,,,,,1.39,1.39434171,,,,2025-12-05T13:23:08Z,2012,2012-01-01,2012-12-31
8104994,GHED_GGHE-DGDP_SHA2011,COUNTRY,ARE,EMR,Eastern Mediterranean,YEAR,2019,,,,,,,,,2.25,2.2531426,,,,2025-12-05T13:23:08Z,2019,2019-01-01,2019-12-31
8113865,GHED_GGHE-DGDP_SHA2011,COUNTRY,GEO,EUR,Europe,YEAR,2023,,,,,,,,,2.31,2.30926275,,,,2025-12-05T13:23:08Z,2023,2023-01-01,2023-12-31
8115820,GHED_GGHE-DGDP_SHA2011,COUNTRY,LSO,AFR,Africa,YEAR,2001,,,,,,,,,3.61,3.60629058,,,,2025-12-05T13:23:08Z,2001,2001-01-01,2001-12-31
8117755,GHED_GGHE-DGDP_SHA2011,COUNTRY,LAO,WPR,Western Pacific,YEAR,2003,,,,,,,,,1.10,1.09625208,,,,2025-12-05T13:23:08Z,2003,2003-01-01,2003-12-31
8118325,GHED_GGHE-DGDP_SHA2011,COUNTRY,CHN,WPR,Western Pacific,YEAR,2001,,,,,,,,,0.96,0.96197265,,,,2025-12-05T13:23:08Z,2001,2001-01-01,2001-12-31
8124920,GHED_GGHE-DGDP_SHA2011,COUNTRY,KAZ,EUR,Europe,YEAR,2020,,,,,,,,,2.52,2.52114773,,,,2025-12-05T13:23:08Z,2020,2020-01-01,2020-12-31
8125209,GHED_GGHE-DGDP_SHA2011,COUNTRY,ATG,AMR,Americas,YEAR,2012,,,,,,,,,2.71,2.71204996,,,,2025-12-05T13:23:08Z,2012,2012-01-01,2012-12-31
8127474,GHED_GGHE-DGDP_SHA2011,COUNTRY,MCO,EUR,Europe,YEAR,2008,,,,,,,,,3.29,3.28902793,,,,2025-12-05T13:23:08Z,2008,2008-01-01,2008-12-31
8128746,GHED_GGHE-DGDP_SHA2011,COUNTRY,ROU,EUR,Europe,YEAR,2014,,,,,,,,,3.97,3.96595645,,,,2025-12-05T13:23:08Z,2014,2014-01-01,2014-12-31
8132256,GHED_GGHE-DGDP_SHA2011,COUNTRY,COG,AFR,Africa,YEAR,2005,,,,,,,,,0.43,0.43213499,,,,2025-12-05T13:23:08Z,2005,2005-01-01,2005-12-31
8132587,GHED_GGHE-DGDP_SHA2011,COUNTRY,AGO,AFR,Africa,YEAR,2011,,,,,,,,,1.53,1.52542961,,,,2025-12-05T13:23:08Z,2011,2011-01-01,2011-12-31
8134393,GHED_GGHE-DGDP_SHA2011,COUNTRY,COL,AMR,Americas,YEAR,2004,,,,,,,,,4.26,4.26406574,,,,2025-12-05T13:23:08Z,2004,2004-01-01,2004-12-31
8134782,GHED_GGHE-DGDP_SHA2011,COUNTRY,HUN,EUR,Europe,YEAR,2007,,,,,,,,,4.89,4.88565254,,,,2025-12-05T13:23:08Z,2007,2007-01-01,2007-12-31
8135429,GHED_GGHE-DGDP_SHA2011,REGION,WPR,,,YEAR,2002,,,,,,,,,4.00,3.9973297,,,,2025-12-05T13:23:08Z,2002,2002-01-01,2002-12-31
8138176,GHED_GGHE-DGDP_SHA2011,COUNTRY,CAF,AFR,Africa,YEAR,2004,,,,,,,,,1.47,1.4743973,,,,2025-12-05T13:23:08Z,2004,2004-01-01,2004-12-31
8138988,GHED_GGHE-DGDP_SHA2011,COUNTRY,CYP,EUR,Europe,YEAR,2006,,,,,,,,,2.34,2.34010673,,,,2025-12-05T13:23:08Z,2006,2006-01-01,2006-12-31
8141437,GHED_GGHE-DGDP_SHA2011,GLOBAL,GLOBAL,,,YEAR,2009,,,,,,,,,3.36,3.36397573,,,,2025-12-05T13:23:08Z,2009,2009-01-01,2009-12-31
8145546,GHED_GGHE-DGDP_SHA2011,COUNTRY,TUV,WPR,Western Pacific,YEAR,2000,,,,,,,,,22.25,22.25426292,,,,2025-12-05T13:23:08Z,2000,2000-01-01,2000-12-31
8150056,GHED_GGHE-DGDP_SHA2011,COUNTRY,GMB,AFR,Africa,YEAR,2020,,,,,,,,,1.95,1.9513855,,,,2025-12-05T13:23:08Z,2020,2020-01-01,2020-12-31
8151141,GHED_GGHE-DGDP_SHA2011,COUNTRY,YEM,EMR,Eastern Mediterranean,YEAR,2022,,,,,,,,,0.92,0.91847837,,,,2025-12-05T13:23:08Z,2022,2022-01-01,2022-12-31
8154617,GHED_GGHE-DGDP_SHA2011,COUNTRY,USA,AMR,Americas,YEAR,2011,,,,,,,,,7.93,7.93057156,,,,2025-12-05T13:23:08Z,2011,2011-01-01,2011-12-31
8154680,GHED_GGHE-DGDP_SHA2011,COUNTRY,SRB,EUR,Europe,YEAR,2019,,,,,,,,,4.84,4.83578539,,,,2025-12-05T13:23:08Z,2019,2019-01-01,2019-12-31
8158765,GHED_GGHE-DGDP_SHA2011,COUNTRY,COG,AFR,Africa,YEAR,2018,,,,,,,,,0.62,0.62025368,,,,2025-12-05T13:23:08Z,2018,2018-01-01,2018-12-31
8159211,GHED_GGHE-DGDP_SHA2011,COUNTRY,BGR,EUR,Europe,YEAR,2022,,,,,,,,,4.78,4.77777004,,,,2025-12-05T13:23:08Z,2022,2022-01-01,2022-12-31
8160136,GHED_GGHE-DGDP_SHA2011,COUNTRY,TTO,AMR,Americas,YEAR,2005,,,,,,,,,2.15,2.14629865,,,,2025-12-05T13:23:08Z,2005,2005-01-01,2005-12-31
8160398,GHED_GGHE-DGDP_SHA2011,COUNTRY,DOM,AMR,Americas,YEAR,2013,,,,,,,,,2.78,2.78379869,,,,2025-12-05T13:23:08Z,2013,2013-01-01,2013-12-31
8161778,GHED_GGHE-DGDP_SHA2011,COUNTRY,AZE,EUR,Europe,YEAR,2023,,,,,,,,,1.39,1.39353979,,,,2025-12-05T13:23:08Z,2023,2023-01-01,2023-12-31
8162012,GHED_GGHE-DGDP_SHA2011,COUNTRY,SLB,WPR,Western Pacific,YEAR,2001,,,,,,,,,6.03,6.02517366,,,,2025-12-05T13:23:08Z,2001,2001-01-01,2001-12-31
8163652,GHED_GGHE-DGDP_SHA2011,COUNTRY,SUR,AMR,Americas,YEAR,2009,,,,,,,,,2.29,2.28777623,,,,2025-12-05T13:23:08Z,2009,2009-01-01,2009-12-31
8163965,GHED_GGHE-DGDP_SHA2011,COUNTRY,BEN,AFR,Africa,YEAR,2015,,,,,,,,,0.59,0.59082586,,,,2025-12-05T13:23:08Z,2015,2015-01-01,2015-12-31
8165834,GHED_GGHE-DGDP_SHA2011,COUNTRY,ALB,EUR,Europe,YEAR,2000,,,,,,,,,2.73,2.73330545,,,,2025-12-05T13:23:08Z,2000,2000-01-01,2000-12-31
8166352,GHED_GGHE-DGDP_SHA2011,COUNTRY,BTN,SEAR,South-East Asia,YEAR,2002,,,,,,,,,3.10,3.09706593,,,,2025-12-05T13:23:08Z,2002,2002-01-01,2002-12-31
8171799,GHED_GGHE-DGDP_SHA2011,COUNTRY,TKM,EUR,Europe,YEAR,2020,,,,,,,,,1.02,1.0236249,,,,2025-12-05T13:23:08Z,2020,2020-01-01,2020-12-31
8172995,GHED_GGHE-DGDP_SHA2011,COUNTRY,VCT,AMR,Americas,YEAR,2020,,,,,,,,,3.28,3.2781105,,,,2025-12-05T13:23:08Z,2020,2020-01-01,2020-12-31
8174959,GHED_GGHE-DGDP_SHA2011,COUNTRY,BOL,AMR,Americas,YEAR,2018,,,,,,,,,4.80,4.79799795,,,,2025-12-05T13:23:08Z,2018,2018-01-01,2018-12-31
8176056,GHED_GGHE-DGDP_SHA2011,COUNTRY,SLB,WPR,Western Pacific,YEAR,2014,,,,,,,,,2.96,2.9565556,,,,2025-12-05T13:23:08Z,2014,2014-01-01,2014-12-31
8179312,GHED_GGHE-DGDP_SHA2011,COUNTRY,SDN,EMR,Eastern Mediterranean,YEAR,2001,,,,,,,,,1.12,1.1215229,,,,2025-12-05T13:23:08Z,2001,2001-01-01,2001-12-31
8179891,GHED_GGHE-DGDP_SHA2011,COUNTRY,ERI,AFR,Africa,YEAR,2002,,,,,,,,,2.12,2.11955547,,,,2025-12-05T13:23:08Z,2002,2002-01-01,2002-12-31
8180635,GHED_GGHE-DGDP_SHA2011,WORLDBANKINCOMEGROUP,WB_LMI,,,YEAR,2015,,,,,,,,,2.06,2.05996131,,,,2025-12-05T13:23:08Z,2015,2015-01-01,2015-12-31
8182578,GHED_GGHE-DGDP_SHA2011,COUNTRY,AND,EUR,Europe,YEAR,2004,,,,,,,,,3.27,3.27483177,,,,2025-12-05T13:23:08Z,2004,2004-01-01,2004-12-31
8186162,GHED_GGHE-DGDP_SHA2011,COUNTRY,MDV,SEAR,South-East Asia,YEAR,2006,,,,,,,,,2.96,2.95987701,,,,2025-12-05T13:23:08Z,2006,2006-01-01,2006-12-31
8188869,GHED_GGHE-DGDP_SHA2011,COUNTRY,LCA,AMR,Americas,YEAR,2016,,,,,,,,,1.96,1.95973325,,,,2025-12-05T13:23:08Z,2016,2016-01-01,2016-12-31
8191136,GHED_GGHE-DGDP_SHA2011,COUNTRY,BRA,AMR,Americas,YEAR,2006,,,,,,,,,3.54,3.54130626,,,,2025-12-05T13:23:08Z,2006,2006-01-01,2006-12-31
8199245,GHED_GGHE-DGDP_SHA2011,COUNTRY,GTM,AMR,Americas,YEAR,2017,,,,,,,,,2.20,2.1993053,,,,2025-12-05T13:23:08Z,2017,2017-01-01,2017-12-31
8199922,GHED_GGHE-DGDP_SHA2011,WORLDBANKINCOMEGROUP,WB_UMI,,,YEAR,2004,,,,,,,,,2.85,2.85053088,,,,2025-12-05T13:23:08Z,2004,2004-01-01,2004-12-31
8200459,GHED_GGHE-DGDP_SHA2011,COUNTRY,ISL,EUR,Europe,YEAR,2017,,,,,,,,,6.83,6.82592249,,,,2025-12-05T13:23:08Z,2017,2017-01-01,2017-12-31
8205276,GHED_GGHE-DGDP_SHA2011,COUNTRY,DOM,AMR,Americas,YEAR,2018,,,,,,,,,2.58,2.57885528,,,,2025-12-05T13:23:08Z,2018,2018-01-01,2018-12-31
8206813,GHED_GGHE-DGDP_SHA2011,COUNTRY,FRA,EUR,Europe,YEAR,2021,,,,,,,,,9.25,9.25056267,,,,2025-12-05T13:23:08Z,2021,2021-01-01,2021-12-31
8209431,GHED_GGHE-DGDP_SHA2011,COUNTRY,COM,AFR,Africa,YEAR,2016,,,,,,,,,0.57,0.57399994,,,,2025-12-05T13:23:08Z,2016,2016-01-01,2016-12-31
8211960,GHED_GGHE-DGDP_SHA2011,COUNTRY,ARM,EUR,Europe,YEAR,2020,,,,,,,,,2.36,2.35673714,,,,2025-12-05T13:23:08Z,2020,2020-01-01,2020-12-31
8212081,GHED_GGHE-DGDP_SHA2011,COUNTRY,HUN,EUR,Europe,YEAR,2009,,,,,,,,,4.92,4.91961193,,,,2025-12-05T13:23:08Z,2009,2009-01-01,2009-12-31
8213668,GHED_GGHE-DGDP_SHA2011,COUNTRY,HTI,AMR,Americas,YEAR,2022,,,,,,,,,0.34,0.34204665,,,,2025-12-05T13:23:08Z,2022,2022-01-01,2022-12-31
8214485,GHED_GGHE-DGDP_SHA2011,COUNTRY,MUS,AFR,Africa,YEAR,2015,,,,,,,,,2.31,2.31317115,,,,2025-12-05T13:23:08Z,2015,2015-01-01,2015-12-31
8215185,GHED_GGHE-DGDP_SHA2011,WORLDBANKINCOMEGROUP,WB_UMI,,,YEAR,2021,,,,,,,,,4.22,4.22162237,,,,2025-12-05T13:23:08Z,2021,2021-01-01,2021-12-31
8217960,GHED_GGHE-DGDP_SHA2011,COUNTRY,MNE,EUR,Europe,YEAR,2022,,,,,,,,,7.25,7.24657822,,,,2025-12-05T13:23:08Z,2022,2022-01-01,2022-12-31
8220104,GHED_GGHE-DGDP_SHA2011,COUNTRY,PRT,EUR,Europe,YEAR,2012,,,,,,,,,5.91,5.90736532,,,,2025-12-05T13:23:08Z,2012,2012-01-01,2012-12-31
8220609,GHED_GGHE-DGDP_SHA2011,COUNTRY,IDN,WPR,Western Pacific,YEAR,2023,,,,,,,,,1.45,1.44882917,,,,2025-12-05T13:23:08Z,2023,2023-01-01,2023-12-31
8220654,GHED_GGHE-DGDP_SHA2011,COUNTRY,NIC,AMR,Americas,YEAR,2002,,,,,,,,,2.46,2.46180677,,,,2025-12-05T13:23:08Z,2002,2002-01-01,2002-12-31
8222876,GHED_GGHE-DGDP_SHA2011,COUNTRY,GNQ,AFR,Africa,YEAR,2010,,,,,,,,,0.65,0.64514917,,,,2025-12-05T13:23:08Z,2010,2010-01-01,2010-12-31
8222916,GHED_GGHE-DGDP_SHA2011,COUNTRY,NGA,AFR,Africa,YEAR,2022,,,,,,,,,0.56,0.56285441,,,,2026-01-12T13:50:53Z,2022,2022-01-01,2022-12-31
8229606,GHED_GGHE-DGDP_SHA2011,COUNTRY,IRL,EUR,Europe,YEAR,2010,,,,,,,,,8.01,8.01437855,,,,2025-12-05T13:23:08Z,2010,2010-01-01,2010-12-31
8229752,GHED_GGHE-DGDP_SHA2011,COUNTRY,SMR,EUR,Europe,YEAR,2023,,,,,,,,,5.74,5.74314785,,,,2025-12-05T13:23:08Z,2023,2023-01-01,2023-12-31
8232575,GHED_GGHE-DGDP_SHA2011,COUNTRY,CIV,AFR,Africa,YEAR,2023,,,,,,,,,1.40,1.40123832,,,,2026-01-12T13:50:53Z,2023,2023-01-01,2023-12-31
8232819,GHED_GGHE-DGDP_SHA2011,COUNTRY,NOR,EUR,Europe,YEAR,2004,,,,,,,,,7.30,7.3021822,,,,2025-12-05T13:23:08Z,2004,2004-01-01,2004-12-31
8238908,GHED_GGHE-DGDP_SHA2011,REGION,AMR,,,YEAR,2021,,,,,,,,,4.65,4.64944607,,,,2025-12-05T13:23:08Z,2021,2021-01-01,2021-12-31
8241407,GHED_GGHE-DGDP_SHA2011,COUNTRY,BGD,SEAR,South-East Asia,YEAR,2017,,,,,,,,,0.50,0.50250494,,,,2025-12-05T13:23:08Z,2017,2017-01-01,2017-12-31
8246586,GHED_GGHE-DGDP_SHA2011,COUNTRY,TUN,EMR,Eastern Mediterranean,YEAR,2014,,,,,,,,,3.75,3.7496531,,,,2025-12-05T13:23:08Z,2014,2014-01-01,2014-12-31
8250772,GHED_GGHE-DGDP_SHA2011,COUNTRY,PHL,WPR,Western Pacific,YEAR,2014,,,,,,,,,1.26,1.26327145,,,,2025-12-05T13:23:08Z,2014,2014-01-01,2014-12-31
8250940,GHED_GGHE-DGDP_SHA2011,COUNTRY,QAT,EMR,Eastern Mediterranean,YEAR,2000,,,,,,,,,1.17,1.1739918,,,,2025-12-05T13:23:08Z,2000,2000-01-01,2000-12-31
8254470,GHED_GGHE-DGDP_SHA2011,COUNTRY,CPV,AFR,Africa,YEAR,2003,,,,,,,,,2.66,2.66076279,,,,2025-12-05T13:23:08Z,2003,2003-01-01,2003-12-31
8254963,GHED_GGHE-DGDP_SHA2011,WORLDBANKINCOMEGROUP,WB_LI,,,YEAR,2008,,,,,,,,,1.07,1.06889724,,,,2025-12-05T13:23:08Z,2008,2008-01-01,2008-12-31
8256918,GHED_GGHE-DGDP_SHA2011,COUNTRY,NPL,SEAR,South-East Asia,YEAR,2003,,,,,,,,,0.66,0.66023707,,,,2025-12-05T13:23:08Z,2003,2003-01-01,2003-12-31
8257594,GHED_GGHE-DGDP_SHA2011,COUNTRY,DOM,AMR,Americas,YEAR,2012,,,,,,,,,2.77,2.76918435,,,,2025-12-05T13:23:08Z,2012,2012-01-01,2012-12-31
8258289,GHED_GGHE-DGDP_SHA2011,COUNTRY,NIU,WPR,Western Pacific,YEAR,2003,,,,,,,,,8.42,8.41703606,,,,2025-12-05T13:23:08Z,2003,2003-01-01,2003-12-31
8260525,GHED_GGHE-DGDP_SHA2011,COUNTRY,TTO,AMR,Americas,YEAR,2023,,,,,,,,,3.64,3.64105821,,,,2025-12-05T13:23:08Z,2023,2023-01-01,2023-12-31
8266675,GHED_GGHE-DGDP_SHA2011,COUNTRY,GRC,EUR,Europe,YEAR,2019,,,,,,,,,3.96,3.95904088,,,,2025-12-05T13:23:08Z,2019,2019-01-01,2019-12-31
8267761,GHED_GGHE-DGDP_SHA2011,COUNTRY,KWT,EMR,Eastern Mediterranean,YEAR,2016,,,,,,,,,4.04,4.03627825,,,,2025-12-05T13:23:08Z,2016,2016-01-01,2016-12-31
8275871,GHED_GGHE-DGDP_SHA2011,COUNTRY,SYR,EMR,Eastern Mediterranean,YEAR,2012,,,,,,,,,1.38,1.37997222,,,,2025-12-05T13:23:08Z,2012,2012-01-01,2012-12-31
8276529,GHED_GGHE-DGDP_SHA2011,COUNTRY,SAU,EMR,Eastern Mediterranean,YEAR,2001,,,,,,,,,3.24,3.23656511,,,,2025-12-05T13:23:08Z,2001,2001-01-01,2001-12-31
8278127,GHED_GGHE-DGDP_SHA2011,COUNTRY,BDI,AFR,Africa,YEAR,2010,,,,,,,,,1.99,1.9852922,,,,2025-12-05T13:23:08Z,2010,2010-01-01,2010-12-31
8283789,GHED_GGHE-DGDP_SHA2011,COUNTRY,ISL,EUR,Europe,YEAR,2003,,,,,,,,,7.91,7.9075551,,,,2025-12-05T13:23:08Z,2003,2003-01-01,2003-12-31
8284334,GHED_GGHE-DGDP_SHA2011,COUNTRY,TUN,EMR,Eastern Mediterranean,YEAR,2007,,,,,,,,,2.76,2.76273274,,,,2025-12-05T13:23:08Z,2007,2007-01-01,2007-12-31
8284388,GHED_GGHE-DGDP_SHA2011,COUNTRY,RUS,EUR,Europe,YEAR,2005,,,,,,,,,2.92,2.91765976,,,,2025-12-05T13:23:08Z,2005,2005-01-01,2005-12-31
8284899,GHED_GGHE-DGDP_SHA2011,COUNTRY,PER,AMR,Americas,YEAR,2021,,,,,,,,,4.46,4.46130276,,,,2025-12-05T13:23:08Z,2021,2021-01-01,2021-12-31
8285454,GHED_GGHE-DGDP_SHA2011,COUNTRY,BRN,WPR,Western Pacific,YEAR,2019,,,,,,,,,2.11,2.10503411,,,,2025-12-05T13:23:08Z,2019,2019-01-01,2019-12-31
8285815,GHED_GGHE-DGDP_SHA2011,COUNTRY,SVK,EUR,Europe,YEAR,2011,,,,,,,,,5.27,5.2743578,,,,2025-12-05T13:23:08Z,2011,2011-01-01,2011-12-31
8287110,GHED_GGHE-DGDP_SHA2011,COUNTRY,MCO,EUR,Europe,YEAR,2010,,,,,,,,,4.04,4.037848,,,,2025-12-05T13:23:08Z,2010,2010-01-01,2010-12-31
8288911,GHED_GGHE-DGDP_SHA2011,COUNTRY,PLW,WPR,Western Pacific,YEAR,2011,,,,,,,,,4.29,4.29253674,,,,2025-12-05T13:23:08Z,2011,2011-01-01,2011-12-31
8289255,GHED_GGHE-DGDP_SHA2011,COUNTRY,TUR,EUR,Europe,YEAR,2021,,,,,,,,,3.59,3.59388018,,,,2025-12-05T13:23:08Z,2021,2021-01-01,2021-12-31
8291879,GHED_GGHE-DGDP_SHA2011,COUNTRY,LSO,AFR,Africa,YEAR,2010,,,,,,,,,3.98,3.9816153,,,,2025-12-05T13:23:08Z,2010,2010-01-01,2010-12-31
8293411,GHED_GGHE-DGDP_SHA2011,COUNTRY,CPV,AFR,Africa,YEAR,2015,,,,,,,,,2.90,2.89664817,,,,2025-12-05T13:23:08Z,2015,2015-01-01,2015-12-31
8295421,GHED_GGHE-DGDP_SHA2011,COUNTRY,PSE,EMR,Eastern Mediterranean,YEAR,2007,,,,,,,,,3.43,3.43123531,,,,2025-12-05T13:23:08Z,2007,2007-01-01,2007-12-31
8296785,GHED_GGHE-DGDP_SHA2011,COUNTRY,PAN,AMR,Americas,YEAR,2018,,,,,,,,,4.41,4.40903568,,,,2025-12-05T13:23:08Z,2018,2018-01-01,2018-12-31
8298569,GHED_GGHE-DGDP_SHA2011,COUNTRY,BEL,EUR,Europe,YEAR,2010,,,,,,,,,7.77,7.7745738,,,,2025-12-05T13:23:08Z,2010,2010-01-01,2010-12-31
8299698,GHED_GGHE-DGDP_SHA2011,COUNTRY,SAU,EMR,Eastern Mediterranean,YEAR,2010,,,,,,,,,2.26,2.2592144,,,,2025-12-05T13:23:08Z,2010,2010-01-01,2010-12-31
8300419,GHED_GGHE-DGDP_SHA2011,COUNTRY,IRL,EUR,Europe,YEAR,2003,,,,,,,,,5.52,5.51941919,,,,2025-12-05T13:23:08Z,2003,2003-01-01,2003-12-31
8306857,GHED_GGHE-DGDP_SHA2011,COUNTRY,ATG,AMR,Americas,YEAR,2013,,,,,,,,,2.75,2.75379777,,,,2025-12-05T13:23:08Z,2013,2013-01-01,2013-12-31
8313914,GHED_GGHE-DGDP_SHA2011,WORLDBANKINCOMEGROUP,WB_LMI,,,YEAR,2009,,,,,,,,,2.05,2.05289472,,,,2025-12-05T13:23:08Z,2009,2009-01-01,2009-12-31
8314567,GHED_GGHE-DGDP_SHA2011,COUNTRY,STP,AFR,Africa,YEAR,2005,,,,,,,,,5.03,5.03137016,,,,2025-12-05T13:23:08Z,2005,2005-01-01,2005-12-31
8317334,GHED_GGHE-DGDP_SHA2011,COUNTRY,SUR,AMR,Americas,YEAR,2005,,,,,,,,,2.36,2.36262965,,,,2025-12-05T13:23:08Z,2005,2005-01-01,2005-12-31
8324386,GHED_GGHE-DGDP_SHA2011,COUNTRY,IDN,WPR,Western Pacific,YEAR,2022,,,,,,,,,1.39,1.39438057,,,,2025-12-05T13:23:08Z,2022,2022-01-01,2022-12-31
8324979,GHED_GGHE-DGDP_SHA2011,COUNTRY,CYP,EUR,Europe,YEAR,2013,,,,,,,,,3.16,3.15601254,,,,2025-12-05T13:23:08Z,2013,2013-01-01,2013-12-31
8325503,GHED_GGHE-DGDP_SHA2011,COUNTRY,BWA,AFR,Africa,YEAR,2000,,,,,,,,,3.25,3.2540555,,,,2025-12-05T13:23:08Z,2000,2000-01-01,2000-12-31
8328982,GHED_GGHE-DGDP_SHA2011,COUNTRY,ARM,EUR,Europe,YEAR,2018,,,,,,,,,1.23,1.23468125,,,,2025-12-05T13:23:08Z,2018,2018-01-01,2018-12-31
8331221,GHED_GGHE-DGDP_SHA2011,COUNTRY,LAO,WPR,Western Pacific,YEAR,2016,,,,,,,,,0.76,0.76494843,,,,2025-12-05T13:23:08Z,2016,2016-01-01,2016-12-31
8331411,GHED_GGHE-DGDP_SHA2011,COUNTRY,PER,AMR,Americas,YEAR,2010,,,,,,,,,2.44,2.44220233,,,,2025-12-05T13:23:08Z,2010,2010-01-01,2010-12-31
8331505,GHED_GGHE-DGDP_SHA2011,COUNTRY,GNB,AFR,Africa,YEAR,2013,,,,,,,,,0.55,0.55160207000000006,,,,2025-12-05T13:23:08Z,2013,2013-01-01,2013-12-31
8332849,GHED_GGHE-DGDP_SHA2011,COUNTRY,ALB,EUR,Europe,YEAR,2021,,,,,,,,,2.92,2.91998744,,,,2025-12-05T13:23:08Z,2021,2021-01-01,2021-12-31
8333586,GHED_GGHE-DGDP_SHA2011,COUNTRY,IRN,EMR,Eastern Mediterranean,YEAR,2001,,,,,,,,,1.97,1.97451782,,,,2025-12-05T13:23:08Z,2001,2001-01-01,2001-12-31
8334144,GHED_GGHE-DGDP_SHA2011,COUNTRY,SUR,AMR,Americas,YEAR,2002,,,,,,,,,2.46,2.45871258,,,,2025-12-05T13:23:08Z,2002,2002-01-01,2002-12-31
8335908,GHED_GGHE-DGDP_SHA2011,COUNTRY,BDI,AFR,Africa,YEAR,2012,,,,,,,,,2.67,2.66949105,,,,2025-12-05T13:23:08Z,2012,2012-01-01,2012-12-31
8338313,GHED_GGHE-DGDP_SHA2011,COUNTRY,IRL,EUR,Europe,YEAR,2014,,,,,,,,,6.58,6.58024883,,,,2025-12-05T13:23:08Z,2014,2014-01-01,2014-12-31
8338671,GHED_GGHE-DGDP_SHA2011,COUNTRY,IND,SEAR,South-East Asia,YEAR,2023,,,,,,,,,1.30,1.30319667,,,,2025-12-05T13:23:08Z,2023,2023-01-01,2023-12-31
8339539,GHED_GGHE-DGDP_SHA2011,COUNTRY,MHL,WPR,Western Pacific,YEAR,2012,,,,,,,,,5.31,5.31435204,,,,2025-12-05T13:23:08Z,2012,2012-01-01,2012-12-31
8340858,GHED_GGHE-DGDP_SHA2011,COUNTRY,SLV,AMR,Americas,YEAR,2012,,,,,,,,,4.45,4.45448637,,,,2025-12-05T13:23:08Z,2012,2012-01-01,2012-12-31
8344313,GHED_GGHE-DGDP_SHA2011,COUNTRY,GIN,AFR,Africa,YEAR,2002,,,,,,,,,0.64,0.64011806,,,,2025-12-05T13:23:08Z,2002,2002-01-01,2002-12-31
8345945,GHED_GGHE-DGDP_SHA2011,COUNTRY,LSO,AFR,Africa,YEAR,2005,,,,,,,,,2.26,2.25555015,,,,2025-12-05T13:23:08Z,2005,2005-01-01,2005-12-31
8347787,GHED_GGHE-DGDP_SHA2011,COUNTRY,CAF,AFR,Africa,YEAR,2005,,,,,,,,,1.04,1.03554976,,,,2025-12-05T13:23:08Z,2005,2005-01-01,2005-12-31
8355175,GHED_GGHE-DGDP_SHA2011,COUNTRY,SYR,EMR,Eastern Mediterranean,YEAR,2007,,,,,,,,,1.76,1.76196051,,,,2025-12-05T13:23:08Z,2007,2007-01-01,2007-12-31
8367792,GHED_GGHE-DGDP_SHA2011,COUNTRY,ZAF,AFR,Africa,YEAR,2010,,,,,,,,,4.00,4.00033045,,,,2025-12-05T13:23:08Z,2010,2010-01-01,2010-12-31
8368106,GHED_GGHE-DGDP_SHA2011,COUNTRY,DZA,AFR,Africa,YEAR,2013,,,,,,,,,3.92,3.91591859,,,,2025-12-05T13:23:08Z,2013,2013-01-01,2013-12-31
8368269,GHED_GGHE-DGDP_SHA2011,COUNTRY,KHM,WPR,Western Pacific,YEAR,2023,,,,,,,,,1.24,1.24129963,,,,2025-12-05T13:23:08Z,2023,2023-01-01,2023-12-31
8370965,GHED_GGHE-DGDP_SHA2011,COUNTRY,DOM,AMR,Americas,YEAR,2000,,,,,,,,,1.71,1.71051323,,,,2025-12-05T13:23:08Z,2000,2000-01-01,2000-12-31
8371380,GHED_GGHE-DGDP_SHA2011,COUNTRY,NPL,SEAR,South-East Asia,YEAR,2013,,,,,,,,,0.76,0.75677603,,,,2025-12-05T13:23:08Z,2013,2013-01-01,2013-12-31
8376422,GHED_GGHE-DGDP_SHA2011,COUNTRY,COM,AFR,Africa,YEAR,2023,,,,,,,,,0.85,0.84639359,,,,2025-12-05T13:23:08Z,2023,2023-01-01,2023-12-31
8376731,GHED_GGHE-DGDP_SHA2011,COUNTRY,PSE,EMR,Eastern Mediterranean,YEAR,2016,,,,,,,,,2.66,2.66232371,,,,2025-12-05T13:23:08Z,2016,2016-01-01,2016-12-31
8382538,GHED_GGHE-DGDP_SHA2011,COUNTRY,KWT,EMR,Eastern Mediterranean,YEAR,2022,,,,,,,,,3.70,3.70099521,,,,2025-12-05T13:23:08Z,2022,2022-01-01,2022-12-31
8383228,GHED_GGHE-DGDP_SHA2011,COUNTRY,GNQ,AFR,Africa,YEAR,2022,,,,,,,,,0.87,0.86760986,,,,2025-12-05T13:23:08Z,2022,2022-01-01,2022-12-31
8384305,GHED_GGHE-DGDP_SHA2011,COUNTRY,STP,AFR,Africa,YEAR,2016,,,,,,,,,3.06,3.06470799,,,,2025-12-05T13:23:08Z,2016,2016-01-01,2016-12-31
8387129,GHED_GGHE-DGDP_SHA2011,COUNTRY,UZB,EUR,Europe,YEAR,2015,,,,,,,,,2.36,2.35756874,,,,2025-12-05T13:23:08Z,2015,2015-01-01,2015-12-31
8388275,GHED_GGHE-DGDP_SHA2011,COUNTRY,MLT,EUR,Europe,YEAR,2015,,,,,,,,,5.29,5.29361916,,,,2025-12-05T13:23:08Z,2015,2015-01-01,2015-12-31
8390170,GHED_GGHE-DGDP_SHA2011,COUNTRY,MDA,EUR,Europe,YEAR,2012,,,,,,,,,4.44,4.43541145,,,,2025-12-05T13:23:08Z,2012,2012-01-01,2012-12-31
8390192,GHED_GGHE-DGDP_SHA2011,COUNTRY,ARM,EUR,Europe,YEAR,2010,,,,,,,,,1.69,1.68628836,,,,2025-12-05T13:23:08Z,2010,2010-01-01,2010-12-31
8390276,GHED_GGHE-DGDP_SHA2011,COUNTRY,MEX,AMR,Americas,YEAR,2005,,,,,,,,,2.36,2.35726452,,,,2025-12-05T13:23:08Z,2005,2005-01-01,2005-12-31
8391139,GHED_GGHE-DGDP_SHA2011,COUNTRY,LTU,EUR,Europe,YEAR,2023,,,,,,,,,4.76,4.75854826,,,,2025-12-05T13:23:08Z,2023,2023-01-01,2023-12-31
8393493,GHED_GGHE-DGDP_SHA2011,COUNTRY,HTI,AMR,Americas,YEAR,2021,,,,,,,,,0.41,0.40921035,,,,2025-12-05T13:23:08Z,2021,2021-01-01,2021-12-31
8395649,GHED_GGHE-DGDP_SHA2011,COUNTRY,MUS,AFR,Africa,YEAR,2010,,,,,,,,,1.99,1.99484634,,,,2025-12-05T13:23:08Z,2010,2010-01-01,2010-12-31
8403694,GHED_GGHE-DGDP_SHA2011,COUNTRY,BIH,EUR,Europe,YEAR,2000,,,,,,,,,4.07,4.0737733800000004,,,,2025-12-05T13:23:08Z,2000,2000-01-01,2000-12-31
8403775,GHED_GGHE-DGDP_SHA2011,COUNTRY,GMB,AFR,Africa,YEAR,2013,,,,,,,,,1.08,1.08376527,,,,2025-12-05T13:23:08Z,2013,2013-01-01,2013-12-31
8403866,GHED_GGHE-DGDP_SHA2011,COUNTRY,GHA,AFR,Africa,YEAR,2009,,,,,,,,,2.05,2.04712129,,,,2025-12-05T13:23:08Z,2009,2009-01-01,2009-12-31
8404327,GHED_GGHE-DGDP_SHA2011,WORLDBANKINCOMEGROUP,WB_LMI,,,YEAR,2003,,,,,,,,,1.93,1.92759557,,,,2025-12-05T13:23:08Z,2003,2003-01-01,2003-12-31
8406519,GHED_GGHE-DGDP_SHA2011,COUNTRY,BRB,AMR,Americas,YEAR,2022,,,,,,,,,2.65,2.6457088,,,,2025-12-05T13:23:08Z,2022,2022-01-01,2022-12-31
8408949,GHED_GGHE-DGDP_SHA2011,COUNTRY,IRN,EMR,Eastern Mediterranean,YEAR,2021,,,,,,,,,2.28,2.27706981,,,,2025-12-05T13:23:08Z,2021,2021-01-01,2021-12-31
8410352,GHED_GGHE-DGDP_SHA2011,COUNTRY,CIV,AFR,Africa,YEAR,2011,,,,,,,,,0.58,0.57983553,,,,2025-12-05T13:23:08Z,2011,2011-01-01,2011-12-31
8416826,GHED_GGHE-DGDP_SHA2011,COUNTRY,BHR,EMR,Eastern Mediterranean,YEAR,2019,,,,,,,,,2.21,2.20524931,,,,2025-12-05T13:23:08Z,2019,2019-01-01,2019-12-31
8420106,GHED_GGHE-DGDP_SHA2011,COUNTRY,MNG,WPR,Western Pacific,YEAR,2009,,,,,,,,,3.10,3.10174918,,,,2025-12-05T13:23:08Z,2009,2009-01-01,2009-12-31
8421512,GHED_GGHE-DGDP_SHA2011,COUNTRY,BOL,AMR,Americas,YEAR,2013,,,,,,,,,3.26,3.26242685,,,,2025-12-05T13:23:08Z,2013,2013-01-01,2013-12-31
8422055,GHED_GGHE-DGDP_SHA2011,COUNTRY,SLV,AMR,Americas,YEAR,2000,,,,,,,,,3.94,3.94314837,,,,2025-12-05T13:23:08Z,2000,2000-01-01,2000-12-31
8424674,GHED_GGHE-DGDP_SHA2011,COUNTRY,LBR,AFR,Africa,YEAR,2013,,,,,,,,,0.32,0.31744617,,,,2025-12-05T13:23:08Z,2013,2013-01-01,2013-12-31
8426194,GHED_GGHE-DGDP_SHA2011,COUNTRY,FRA,EUR,Europe,YEAR,2023,,,,,,,,,7.80,7.80043125,,,,2025-12-05T13:23:08Z,2023,2023-01-01,2023-12-31
8426220,GHED_GGHE-DGDP_SHA2011,COUNTRY,CHE,EUR,Europe,YEAR,2000,,,,,,,,,2.61,2.60934997,,,,2025-12-05T13:23:08Z,2000,2000-01-01,2000-12-31
8429173,GHED_GGHE-DGDP_SHA2011,COUNTRY,NER,AFR,Africa,YEAR,2001,,,,,,,,,1.15,1.14577425,,,,2025-12-05T13:23:08Z,2001,2001-01-01,2001-12-31
8431512,GHED_GGHE-DGDP_SHA2011,COUNTRY,SOM,EMR,Eastern Mediterranean,YEAR,2015,,,,,,,,,0.10,0.09905031,,,,2025-12-05T13:23:08Z,2015,2015-01-01,2015-12-31
8432809,GHED_GGHE-DGDP_SHA2011,COUNTRY,LKA,SEAR,South-East Asia,YEAR,2001,,,,,,,,,2.13,2.13245368,,,,2025-12-05T13:23:08Z,2001,2001-01-01,2001-12-31
8435443,GHED_GGHE-DGDP_SHA2011,COUNTRY,CHE,EUR,Europe,YEAR,2021,,,,,,,,,4.27,4.26561546,,,,2025-12-05T13:23:08Z,2021,2021-01-01,2021-12-31
8438327,GHED_GGHE-DGDP_SHA2011,COUNTRY,TUN,EMR,Eastern Mediterranean,YEAR,2012,,,,,,,,,3.58,3.58298373,,,,2025-12-05T13:23:08Z,2012,2012-01-01,2012-12-31
8440285,GHED_GGHE-DGDP_SHA2011,COUNTRY,TUV,WPR,Western Pacific,YEAR,2009,,,,,,,,,10.03,10.03053665,,,,2025-12-05T13:23:08Z,2009,2009-01-01,2009-12-31
8441137,GHED_GGHE-DGDP_SHA2011,COUNTRY,NGA,AFR,Africa,YEAR,2009,,,,,,,,,0.57,0.57001245,,,,2025-12-05T13:23:08Z,2009,2009-01-01,2009-12-31
8441826,GHED_GGHE-DGDP_SHA2011,COUNTRY,PLW,WPR,Western Pacific,YEAR,2012,,,,,,,,,4.82,4.82126188,,,,2025-12-05T13:23:08Z,2012,2012-01-01,2012-12-31
8443026,GHED_GGHE-DGDP_SHA2011,COUNTRY,TGO,AFR,Africa,YEAR,2009,,,,,,,,,0.68,0.68256968,,,,2025-12-05T13:23:08Z,2009,2009-01-01,2009-12-31
8443843,GHED_GGHE-DGDP_SHA2011,COUNTRY,LCA,AMR,Americas,YEAR,2008,,,,,,,,,1.61,1.60530984,,,,2025-12-05T13:23:08Z,2008,2008-01-01,2008-12-31
8444354,GHED_GGHE-DGDP_SHA2011,COUNTRY,KOR,WPR,Western Pacific,YEAR,2017,,,,,,,,,3.79,3.78743124,,,,2025-12-05T13:23:08Z,2017,2017-01-01,2017-12-31
8447725,GHED_GGHE-DGDP_SHA2011,COUNTRY,UZB,EUR,Europe,YEAR,2021,,,,,,,,,2.72,2.71542764,,,,2025-12-05T13:23:08Z,2021,2021-01-01,2021-12-31
8448510,GHED_GGHE-DGDP_SHA2011,COUNTRY,BHR,EMR,Eastern Mediterranean,YEAR,2002,,,,,,,,,2.51,2.5144496,,,,2025-12-05T13:23:08Z,2002,2002-01-01,2002-12-31
8451630,GHED_GGHE-DGDP_SHA2011,COUNTRY,ZMB,AFR,Africa,YEAR,2008,,,,,,,,,1.59,1.58524466,,,,2025-12-05T13:23:08Z,2008,2008-01-01,2008-12-31
8452210,GHED_GGHE-DGDP_SHA2011,COUNTRY,SVK,EUR,Europe,YEAR,2018,,,,,,,,,5.26,5.25731754,,,,2025-12-05T13:23:08Z,2018,2018-01-01,2018-12-31
8452917,GHED_GGHE-DGDP_SHA2011,COUNTRY,LSO,AFR,Africa,YEAR,2022,,,,,,,,,6.55,6.55054998,,,,2025-12-05T13:23:08Z,2022,2022-01-01,2022-12-31
8460313,GHED_GGHE-DGDP_SHA2011,COUNTRY,BFA,AFR,Africa,YEAR,2009,,,,,,,,,1.64,1.64177847,,,,2025-12-05T13:23:08Z,2009,2009-01-01,2009-12-31
8465175,GHED_GGHE-DGDP_SHA2011,COUNTRY,GAB,AFR,Africa,YEAR,2005,,,,,,,,,1.05,1.05433261,,,,2025-12-05T13:23:08Z,2005,2005-01-01,2005-12-31
8465779,GHED_GGHE-DGDP_SHA2011,COUNTRY,COK,WPR,Western Pacific,YEAR,2007,,,,,,,,,2.90,2.89689398,,,,2025-12-05T13:23:08Z,2007,2007-01-01,2007-12-31
8466860,GHED_GGHE-DGDP_SHA2011,COUNTRY,BRA,AMR,Americas,YEAR,2002,,,,,,,,,3.69,3.6863513,,,,2025-12-05T13:23:08Z,2002,2002-01-01,2002-12-31
8468369,GHED_GGHE-DGDP_SHA2011,COUNTRY,PAN,AMR,Americas,YEAR,2017,,,,,,,,,4.41,4.41374683,,,,2025-12-05T13:23:08Z,2017,2017-01-01,2017-12-31
8475118,GHED_GGHE-DGDP_SHA2011,COUNTRY,FSM,WPR,Western Pacific,YEAR,2006,,,,,,,,,1.07,1.07155871,,,,2025-12-05T13:23:08Z,2006,2006-01-01,2006-12-31
8477823,GHED_GGHE-DGDP_SHA2011,COUNTRY,FJI,WPR,Western Pacific,YEAR,2013,,,,,,,,,1.87,1.87162006,,,,2025-12-05T13:23:08Z,2013,2013-01-01,2013-12-31
8482859,GHED_GGHE-DGDP_SHA2011,COUNTRY,MHL,WPR,Western Pacific,YEAR,2023,,,,,,,,,10.06,10.06006145,,,,2025-12-05T13:23:08Z,2023,2023-01-01,2023-12-31
8485599,GHED_GGHE-DGDP_SHA2011,COUNTRY,BLZ,AMR,Americas,YEAR,2000,,,,,,,,,1.35,1.35279799,,,,2025-12-05T13:23:08Z,2000,2000-01-01,2000-12-31
8488497,GHED_GGHE-DGDP_SHA2011,COUNTRY,MKD,EUR,Europe,YEAR,2018,,,,,,,,,3.76,3.75730491,,,,2025-12-05T13:23:08Z,2018,2018-01-01,2018-12-31
8492331,GHED_GGHE-DGDP_SHA2011,COUNTRY,ARG,AMR,Americas,YEAR,2015,,,,,,,,,6.80,6.80309105,,,,2025-12-05T13:23:08Z,2015,2015-01-01,2015-12-31
8496044,GHED_GGHE-DGDP_SHA2011,COUNTRY,IRN,EMR,Eastern Mediterranean,YEAR,2017,,,,,,,,,4.19,4.1947484,,,,2025-12-05T13:23:08Z,2017,2017-01-01,2017-12-31
8497065,GHED_GGHE-DGDP_SHA2011,COUNTRY,ZWE,AFR,Africa,YEAR,2022,,,,,,,,,1.02,1.01829815,,,,2025-12-05T13:23:08Z,2022,2022-01-01,2022-12-31
8499687,GHED_GGHE-DGDP_SHA2011,COUNTRY,LTU,EUR,Europe,YEAR,2016,,,,,,,,,4.37,4.37240982,,,,2025-12-05T13:23:08Z,2016,2016-01-01,2016-12-31
8501273,GHED_GGHE-DGDP_SHA2011,COUNTRY,CZE,EUR,Europe,YEAR,2002,,,,,,,,,5.41,5.41353321,,,,2025-12-05T13:23:08Z,2002,2002-01-01,2002-12-31
8504739,GHED_GGHE-DGDP_SHA2011,COUNTRY,TJK,EUR,Europe,YEAR,2018,,,,,,,,,1.90,1.89692557,,,,2025-12-05T13:23:08Z,2018,2018-01-01,2018-12-31
8505893,GHED_GGHE-DGDP_SHA2011,COUNTRY,SVN,EUR,Europe,YEAR,2017,,,,,,,,,5.93,5.9297328,,,,2025-12-05T13:23:08Z,2017,2017-01-01,2017-12-31
8511614,GHED_GGHE-DGDP_SHA2011,COUNTRY,TTO,AMR,Americas,YEAR,2006,,,,,,,,,1.86,1.86406863,,,,2025-12-05T13:23:08Z,2006,2006-01-01,2006-12-31
8511666,GHED_GGHE-DGDP_SHA2011,REGION,EMR,,,YEAR,2007,,,,,,,,,1.98,1.98492651,,,,2025-12-05T13:23:08Z,2007,2007-01-01,2007-12-31
8513746,GHED_GGHE-DGDP_SHA2011,COUNTRY,CHN,WPR,Western Pacific,YEAR,2011,,,,,,,,,2.29,2.29242587,,,,2025-12-05T13:23:08Z,2011,2011-01-01,2011-12-31
8513876,GHED_GGHE-DGDP_SHA2011,COUNTRY,DEU,EUR,Europe,YEAR,2005,,,,,,,,,7.68,7.68023539,,,,2025-12-05T13:23:08Z,2005,2005-01-01,2005-12-31
8516266,GHED_GGHE-DGDP_SHA2011,COUNTRY,IDN,WPR,Western Pacific,YEAR,2005,,,,,,,,,0.73,0.73213077,,,,2025-12-05T13:23:08Z,2005,2005-01-01,2005-12-31
8520358,GHED_GGHE-DGDP_SHA2011,COUNTRY,CHE,EUR,Europe,YEAR,2016,,,,,,,,,3.76,3.763062,,,,2025-12-05T13:23:08Z,2016,2016-01-01,2016-12-31
8522073,GHED_GGHE-DGDP_SHA2011,COUNTRY,PAN,AMR,Americas,YEAR,2014,,,,,,,,,4.24,4.23567915,,,,2025-12-05T13:23:08Z,2014,2014-01-01,2014-12-31
8523539,GHED_GGHE-DGDP_SHA2011,COUNTRY,IDN,WPR,Western Pacific,YEAR,2004,,,,,,,,,0.75,0.74926209,,,,2025-12-05T13:23:08Z,2004,2004-01-01,2004-12-31
8524851,GHED_GGHE-DGDP_SHA2011,COUNTRY,SYC,AFR,Africa,YEAR,2019,,,,,,,,,3.04,3.04219794,,,,2025-12-05T13:23:08Z,2019,2019-01-01,2019-12-31
8525897,GHED_GGHE-DGDP_SHA2011,COUNTRY,YEM,EMR,Eastern Mediterranean,YEAR,2006,,,,,,,,,1.63,1.62575805,,,,2025-12-05T13:23:08Z,2006,2006-01-01,2006-12-31
8527536,GHED_GGHE-DGDP_SHA2011,COUNTRY,AFG,EMR,Eastern Mediterranean,YEAR,2006,,,,,,,,,0.50,0.49784002,,,,2025-12-05T13:23:08Z,2006,2006-01-01,2006-12-31
8527866,GHED_GGHE-DGDP_SHA2011,COUNTRY,WSM,WPR,Western Pacific,YEAR,2022,,,,,,,,,4.85,4.84845781,,,,2025-12-05T13:23:08Z,2022,2022-01-01,2022-12-31
8527918,GHED_GGHE-DGDP_SHA2011,COUNTRY,LSO,AFR,Africa,YEAR,2018,,,,,,,,,5.60,5.5954361,,,,2025-12-05T13:23:08Z,2018,2018-01-01,2018-12-31
8528569,GHED_GGHE-DGDP_SHA2011,COUNTRY,GRD,AMR,Americas,YEAR,2015,,,,,,,,,1.93,1.93493712,,,,2025-12-05T13:23:08Z,2015,2015-01-01,2015-12-31
8531030,GHED_GGHE-DGDP_SHA2011,COUNTRY,COM,AFR,Africa,YEAR,2011,,,,,,,,,0.96,0.9567222,,,,2025-12-05T13:23:08Z,2011,2011-01-01,2011-12-31
8531099,GHED_GGHE-DGDP_SHA2011,COUNTRY,TUR,EUR,Europe,YEAR,2023,,,,,,,,,3.25,3.24591351,,,,2025-12-05T13:23:08Z,2023,2023-01-01,2023-12-31
8531376,GHED_GGHE-DGDP_SHA2011,REGION,AFR,,,YEAR,2012,,,,,,,,,1.66,1.66323047,,,,2025-12-05T13:23:08Z,2012,2012-01-01,2012-12-31
8531657,GHED_GGHE-DGDP_SHA2011,COUNTRY,AZE,EUR,Europe,YEAR,2004,,,,,,,,,0.86,0.86166471,,,,2025-12-05T13:23:08Z,2004,2004-01-01,2004-12-31
8534725,GHED_GGHE-DGDP_SHA2011,COUNTRY,COL,AMR,Americas,YEAR,2022,,,,,,,,,5.35,5.34694386,,,,2025-12-05T13:23:08Z,2022,2022-01-01,2022-12-31
8536705,GHED_GGHE-DGDP_SHA2011,COUNTRY,CHN,WPR,Western Pacific,YEAR,2009,,,,,,,,,2.11,2.1124301,,,,2025-12-05T13:23:08Z,2009,2009-01-01,2009-12-31
8538894,GHED_GGHE-DGDP_SHA2011,COUNTRY,MUS,AFR,Africa,YEAR,2012,,,,,,,,,1.88,1.87548065,,,,2025-12-05T13:23:08Z,2012,2012-01-01,2012-12-31
8541582,GHED_GGHE-DGDP_SHA2011,COUNTRY,STP,AFR,Africa,YEAR,2017,,,,,,,,,3.44,3.43653798,,,,2025-12-05T13:23:08Z,2017,2017-01-01,2017-12-31
8546415,GHED_GGHE-DGDP_SHA2011,COUNTRY,KHM,WPR,Western Pacific,YEAR,2007,,,,,,,,,0.83,0.82912254,,,,2025-12-05T13:23:08Z,2007,2007-01-01,2007-12-31
8550613,GHED_GGHE-DGDP_SHA2011,COUNTRY,TGO,AFR,Africa,YEAR,2019,,,,,,,,,0.89,0.89146012,,,,2025-12-05T13:23:08Z,2019,2019-01-01,2019-12-31
8550825,GHED_GGHE-DGDP_SHA2011,COUNTRY,EGY,EMR,Eastern Mediterranean,YEAR,2012,,,,,,,,,1.28,1.28014243,,,,2025-12-05T13:23:08Z,2012,2012-01-01,2012-12-31
8553311,GHED_GGHE-DGDP_SHA2011,COUNTRY,SOM,EMR,Eastern Mediterranean,YEAR,2019,,,,,,,,,0.15,0.15007043,,,,2025-12-05T13:23:08Z,2019,2019-01-01,2019-12-31
8553432,GHED_GGHE-DGDP_SHA2011,WORLDBANKINCOMEGROUP,WB_LI,,,YEAR,2020,,,,,,,,,1.31,1.30632788,,,,2025-12-05T13:23:08Z,2020,2020-01-01,2020-12-31
8555334,GHED_GGHE-DGDP_SHA2011,COUNTRY,CUB,AMR,Americas,YEAR,2015,,,,,,,,,11.57,11.57499027,,,,2025-12-05T13:23:08Z,2015,2015-01-01,2015-12-31
8556822,GHED_GGHE-DGDP_SHA2011,COUNTRY,VUT,WPR,Western Pacific,YEAR,2014,,,,,,,,,0.59,0.58717012,,,,2025-12-05T13:23:08Z,2014,2014-01-01,2014-12-31
8559724,GHED_GGHE-DGDP_SHA2011,COUNTRY,NIU,WPR,Western Pacific,YEAR,2009,,,,,,,,,17.68,17.67843819,,,,2025-12-05T13:23:08Z,2009,2009-01-01,2009-12-31
8561210,GHED_GGHE-DGDP_SHA2011,COUNTRY,EGY,EMR,Eastern Mediterranean,YEAR,2021,,,,,,,,,1.74,1.73679698,,,,2025-12-05T13:23:08Z,2021,2021-01-01,2021-12-31
8561479,GHED_GGHE-DGDP_SHA2011,COUNTRY,ARM,EUR,Europe,YEAR,2021,,,,,,,,,2.19,2.18868065,,,,2025-12-05T13:23:08Z,2021,2021-01-01,2021-12-31
8563130,GHED_GGHE-DGDP_SHA2011,COUNTRY,QAT,EMR,Eastern Mediterranean,YEAR,2007,,,,,,,,,1.55,1.54760242,,,,2025-12-05T13:23:08Z,2007,2007-01-01,2007-12-31
8563193,GHED_GGHE-DGDP_SHA2011,COUNTRY,SAU,EMR,Eastern Mediterranean,YEAR,2023,,,,,,,,,4.42,4.42276096,,,,2025-12-05T13:23:08Z,2023,2023-01-01,2023-12-31
8571001,GHED_GGHE-DGDP_SHA2011,COUNTRY,UGA,AFR,Africa,YEAR,2022,,,,,,,,,0.98,0.98358905,,,,2025-12-05T13:23:08Z,2022,2022-01-01,2022-12-31
8571847,GHED_GGHE-DGDP_SHA2011,COUNTRY,YEM,EMR,Eastern Mediterranean,YEAR,2012,,,,,,,,,1.24,1.24131441,,,,2025-12-05T13:23:08Z,2012,2012-01-01,2012-12-31
8571898,GHED_GGHE-DGDP_SHA2011,COUNTRY,ESP,EUR,Europe,YEAR,2013,,,,,,,,,6.41,6.40668583,,,,2025-12-05T13:23:08Z,2013,2013-01-01,2013-12-31
8573894,GHED_GGHE-DGDP_SHA2011,COUNTRY,TKM,EUR,Europe,YEAR,2004,,,,,,,,,1.42,1.41623425,,,,2025-12-05T13:23:08Z,2004,2004-01-01,2004-12-31
8578441,GHED_GGHE-DGDP_SHA2011,COUNTRY,SWZ,AFR,Africa,YEAR,2011,,,,,,,,,3.61,3.61155891,,,,2025-12-05T13:23:08Z,2011,2011-01-01,2011-12-31
8581816,GHED_GGHE-DGDP_SHA2011,COUNTRY,VCT,AMR,Americas,YEAR,2016,,,,,,,,,2.59,2.58707666,,,,2025-12-05T13:23:08Z,2016,2016-01-01,2016-12-31
8582348,GHED_GGHE-DGDP_SHA2011,COUNTRY,SVN,EUR,Europe,YEAR,2016,,,,,,,,,6.20,6.19861412,,,,2025-12-05T13:23:08Z,2016,2016-01-01,2016-12-31
8583952,GHED_GGHE-DGDP_SHA2011,COUNTRY,ESP,EUR,Europe,YEAR,2022,,,,,,,,,7.06,7.06012344,,,,2025-12-05T13:23:08Z,2022,2022-01-01,2022-12-31
8588805,GHED_GGHE-DGDP_SHA2011,COUNTRY,DEU,EUR,Europe,YEAR,2007,,,,,,,,,7.43,7.43098545,,,,2025-12-05T13:23:08Z,2007,2007-01-01,2007-12-31
8593047,GHED_GGHE-DGDP_SHA2011,COUNTRY,COM,AFR,Africa,YEAR,2001,,,,,,,,,0.53,0.5343321,,,,2025-12-05T13:23:08Z,2001,2001-01-01,2001-12-31
8596607,GHED_GGHE-DGDP_SHA2011,COUNTRY,MLT,EUR,Europe,YEAR,2020,,,,,,,,,6.57,6.57189322,,,,2025-12-05T13:23:08Z,2020,2020-01-01,2020-12-31
8601412,GHED_GGHE-DGDP_SHA2011,GLOBAL,GLOBAL,,,YEAR,2014,,,,,,,,,3.36,3.36095157,,,,2026-01-12T13:50:53Z,2014,2014-01-01,2014-12-31
8602391,GHED_GGHE-DGDP_SHA2011,COUNTRY,TON,WPR,Western Pacific,YEAR,2005,,,,,,,,,2.61,2.61161542,,,,2025-12-05T13:23:08Z,2005,2005-01-01,2005-12-31
8602680,GHED_GGHE-DGDP_SHA2011,COUNTRY,IRQ,EMR,Eastern Mediterranean,YEAR,2012,,,,,,,,,1.01,1.00896454,,,,2025-12-05T13:23:08Z,2012,2012-01-01,2012-12-31
8602760,GHED_GGHE-DGDP_SHA2011,COUNTRY,USA,AMR,Americas,YEAR,2016,,,,,,,,,8.56,8.55800343,,,,2025-12-05T13:23:08Z,2016,2016-01-01,2016-12-31
8602849,GHED_GGHE-DGDP_SHA2011,COUNTRY,ZMB,AFR,Africa,YEAR,2013,,,,,,,,,1.31,1.30987322,,,,2025-12-05T13:23:08Z,2013,2013-01-01,2013-12-31
8603852,GHED_GGHE-DGDP_SHA2011,COUNTRY,MDV,SEAR,South-East Asia,YEAR,2001,,,,,,,,,2.68,2.67766237,,,,2025-12-05T13:23:08Z,2001,2001-01-01,2001-12-31
8604828,GHED_GGHE-DGDP_SHA2011,COUNTRY,BHR,EMR,Eastern Mediterranean,YEAR,2016,,,,,,,,,2.84,2.8373127,,,,2025-12-05T13:23:08Z,2016,2016-01-01,2016-12-31
8608033,GHED_GGHE-DGDP_SHA2011,COUNTRY,NLD,EUR,Europe,YEAR,2016,,,,,,,,,6.53,6.5336895,,,,2025-12-05T13:23:08Z,2016,2016-01-01,2016-12-31
8610089,GHED_GGHE-DGDP_SHA2011,COUNTRY,GRC,EUR,Europe,YEAR,2016,,,,,,,,,4.43,4.43071413,,,,2025-12-05T13:23:08Z,2016,2016-01-01,2016-12-31
8610996,GHED_GGHE-DGDP_SHA2011,COUNTRY,PNG,WPR,Western Pacific,YEAR,2001,,,,,,,,,1.67,1.66755974,,,,2025-12-05T13:23:08Z,2001,2001-01-01,2001-12-31
8612380,GHED_GGHE-DGDP_SHA2011,COUNTRY,STP,AFR,Africa,YEAR,2015,,,,,,,,,2.05,2.0531044,,,,2025-12-05T13:23:08Z,2015,2015-01-01,2015-12-31
8612681,GHED_GGHE-DGDP_SHA2011,COUNTRY,USA,AMR,Americas,YEAR,2019,,,,,,,,,8.60,8.59688473,,,,2025-12-05T13:23:08Z,2019,2019-01-01,2019-12-31
8615427,GHED_GGHE-DGDP_SHA2011,COUNTRY,LSO,AFR,Africa,YEAR,2019,,,,,,,,,6.75,6.75437784,,,,2025-12-05T13:23:08Z,2019,2019-01-01,2019-12-31
8616365,GHED_GGHE-DGDP_SHA2011,COUNTRY,GIN,AFR,Africa,YEAR,2018,,,,,,,,,0.62,0.61740124,,,,2025-12-05T13:23:08Z,2018,2018-01-01,2018-12-31
8622656,GHED_GGHE-DGDP_SHA2011,COUNTRY,ARG,AMR,Americas,YEAR,2019,,,,,,,,,6.22,6.2193737,,,,2025-12-05T13:23:08Z,2019,2019-01-01,2019-12-31
8630766,GHED_GGHE-DGDP_SHA2011,COUNTRY,KEN,AFR,Africa,YEAR,2017,,,,,,,,,1.71,1.71156442,,,,2025-12-05T13:23:08Z,2017,2017-01-01,2017-12-31
8632913,GHED_GGHE-DGDP_SHA2011,COUNTRY,MAR,EMR,Eastern Mediterranean,YEAR,2015,,,,,,,,,1.98,1.98215687,,,,2025-12-05T13:23:08Z,2015,2015-01-01,2015-12-31
8634474,GHED_GGHE-DGDP_SHA2011,COUNTRY,ZMB,AFR,Africa,YEAR,2014,,,,,,,,,1.89,1.89382219,,,,2025-12-05T13:23:08Z,2014,2014-01-01,2014-12-31
8635711,GHED_GGHE-DGDP_SHA2011,COUNTRY,LSO,AFR,Africa,YEAR,2017,,,,,,,,,6.04,6.03923559,,,,2025-12-05T13:23:08Z,2017,2017-01-01,2017-12-31
8636320,GHED_GGHE-DGDP_SHA2011,COUNTRY,TUN,EMR,Eastern Mediterranean,YEAR,2021,,,,,,,,,4.11,4.1127286,,,,2025-12-05T13:23:08Z,2021,2021-01-01,2021-12-31
8636368,GHED_GGHE-DGDP_SHA2011,COUNTRY,CMR,AFR,Africa,YEAR,2009,,,,,,,,,0.45,0.44800821,,,,2025-12-05T13:23:08Z,2009,2009-01-01,2009-12-31
8637248,GHED_GGHE-DGDP_SHA2011,COUNTRY,SYC,AFR,Africa,YEAR,2022,,,,,,,,,3.00,2.99964738,,,,2025-12-05T13:23:08Z,2022,2022-01-01,2022-12-31
8638343,GHED_GGHE-DGDP_SHA2011,COUNTRY,KAZ,EUR,Europe,YEAR,2014,,,,,,,,,2.13,2.13331318,,,,2025-12-05T13:23:08Z,2014,2014-01-01,2014-12-31
8638674,GHED_GGHE-DGDP_SHA2011,COUNTRY,FRA,EUR,Europe,YEAR,2018,,,,,,,,,8.50,8.49900723,,,,2025-12-05T13:23:08Z,2018,2018-01-01,2018-12-31
8639364,GHED_GGHE-DGDP_SHA2011,COUNTRY,GHA,AFR,Africa,YEAR,2018,,,,,,,,,1.37,1.37083328,,,,2025-12-05T13:23:08Z,2018,2018-01-01,2018-12-31
8641138,GHED_GGHE-DGDP_SHA2011,COUNTRY,DEU,EUR,Europe,YEAR,2004,,,,,,,,,7.60,7.59995461,,,,2025-12-05T13:23:08Z,2004,2004-01-01,2004-12-31
8641562,GHED_GGHE-DGDP_SHA2011,COUNTRY,GRD,AMR,Americas,YEAR,2012,,,,,,,,,2.39,2.38694572,,,,2025-12-05T13:23:08Z,2012,2012-01-01,2012-12-31
8642853,GHED_GGHE-DGDP_SHA2011,COUNTRY,PAN,AMR,Americas,YEAR,2007,,,,,,,,,4.85,4.85426235,,,,2025-12-05T13:23:08Z,2007,2007-01-01,2007-12-31
8643933,GHED_GGHE-DGDP_SHA2011,COUNTRY,BHS,AMR,Americas,YEAR,2017,,,,,,,,,3.58,3.57633185,,,,2025-12-05T13:23:08Z,2017,2017-01-01,2017-12-31
8644108,GHED_GGHE-DGDP_SHA2011,COUNTRY,BEN,AFR,Africa,YEAR,2013,,,,,,,,,0.76,0.76463026,,,,2025-12-05T13:23:08Z,2013,2013-01-01,2013-12-31
8655952,GHED_GGHE-DGDP_SHA2011,COUNTRY,SMR,EUR,Europe,YEAR,2002,,,,,,,,,4.03,4.03321981,,,,2025-12-05T13:23:08Z,2002,2002-01-01,2002-12-31
8657231,GHED_GGHE-DGDP_SHA2011,COUNTRY,LAO,WPR,Western Pacific,YEAR,2001,,,,,,,,,1.33,1.3295666,,,,2025-12-05T13:23:08Z,2001,2001-01-01,2001-12-31
8658329,GHED_GGHE-DGDP_SHA2011,COUNTRY,NGA,AFR,Africa,YEAR,2015,,,,,,,,,0.59,0.58907843,,,,2025-12-05T13:23:08Z,2015,2015-01-01,2015-12-31
8658516,GHED_GGHE-DGDP_SHA2011,COUNTRY,DMA,AMR,Americas,YEAR,2006,,,,,,,,,2.70,2.69501734,,,,2025-12-05T13:23:08Z,2006,2006-01-01,2006-12-31
8659105,GHED_GGHE-DGDP_SHA2011,COUNTRY,DEU,EUR,Europe,YEAR,2015,,,,,,,,,8.45,8.45390797,,,,2025-12-05T13:23:08Z,2015,2015-01-01,2015-12-31
8662146,GHED_GGHE-DGDP_SHA2011,COUNTRY,AUT,EUR,Europe,YEAR,2005,,,,,,,,,7.05,7.05110073,,,,2025-12-05T13:23:08Z,2005,2005-01-01,2005-12-31
8662528,GHED_GGHE-DGDP_SHA2011,COUNTRY,MMR,SEAR,South-East Asia,YEAR,2017,,,,,,,,,0.69,0.6941902,,,,2025-12-05T13:23:08Z,2017,2017-01-01,2017-12-31
8664217,GHED_GGHE-DGDP_SHA2011,COUNTRY,MDA,EUR,Europe,YEAR,2019,,,,,,,,,3.88,3.87679625,,,,2025-12-05T13:23:08Z,2019,2019-01-01,2019-12-31
8664841,GHED_GGHE-DGDP_SHA2011,COUNTRY,TUV,WPR,Western Pacific,YEAR,2012,,,,,,,,,11.84,11.837835310000001,,,,2025-12-05T13:23:08Z,2012,2012-01-01,2012-12-31
8669033,GHED_GGHE-DGDP_SHA2011,COUNTRY,DOM,AMR,Americas,YEAR,2002,,,,,,,,,1.68,1.67955506,,,,2025-12-05T13:23:08Z,2002,2002-01-01,2002-12-31
8673826,GHED_GGHE-DGDP_SHA2011,COUNTRY,CYP,EUR,Europe,YEAR,2012,,,,,,,,,3.00,3.00121903,,,,2025-12-05T13:23:08Z,2012,2012-01-01,2012-12-31
8674786,GHED_GGHE-DGDP_SHA2011,COUNTRY,COG,AFR,Africa,YEAR,2008,,,,,,,,,1.10,1.09928632,,,,2025-12-05T13:23:08Z,2008,2008-01-01,2008-12-31
8675176,GHED_GGHE-DGDP_SHA2011,COUNTRY,AND,EUR,Europe,YEAR,2014,,,,,,,,,4.81,4.8130722,,,,2025-12-05T13:23:08Z,2014,2014-01-01,2014-12-31
8677003,GHED_GGHE-DGDP_SHA2011,COUNTRY,FJI,WPR,Western Pacific,YEAR,2019,,,,,,,,,2.64,2.64242482,,,,2025-12-05T13:23:08Z,2019,2019-01-01,2019-12-31
8677048,GHED_GGHE-DGDP_SHA2011,COUNTRY,DMA,AMR,Americas,YEAR,2014,,,,,,,,,3.21,3.21116447,,,,2025-12-05T13:23:08Z,2014,2014-01-01,2014-12-31
8677164,GHED_GGHE-DGDP_SHA2011,COUNTRY,JOR,EMR,Eastern Mediterranean,YEAR,2009,,,,,,,,,6.19,6.18757915,,,,2025-12-05T13:23:08Z,2009,2009-01-01,2009-12-31
8678059,GHED_GGHE-DGDP_SHA2011,COUNTRY,ISR,EUR,Europe,YEAR,2021,,,,,,,,,5.60,5.60308933,,,,2025-12-05T13:23:08Z,2021,2021-01-01,2021-12-31
8678088,GHED_GGHE-DGDP_SHA2011,COUNTRY,SWZ,AFR,Africa,YEAR,2017,,,,,,,,,3.54,3.54254961,,,,2025-12-05T13:23:08Z,2017,2017-01-01,2017-12-31
8684273,GHED_GGHE-DGDP_SHA2011,COUNTRY,KAZ,EUR,Europe,YEAR,2015,,,,,,,,,1.92,1.91990697,,,,2025-12-05T13:23:08Z,2015,2015-01-01,2015-12-31
8684792,GHED_GGHE-DGDP_SHA2011,COUNTRY,TUN,EMR,Eastern Mediterranean,YEAR,2011,,,,,,,,,3.45,3.45419288,,,,2025-12-05T13:23:08Z,2011,2011-01-01,2011-12-31
8685351,GHED_GGHE-DGDP_SHA2011,COUNTRY,TUN,EMR,Eastern Mediterranean,YEAR,2003,,,,,,,,,2.68,2.67794108,,,,2025-12-05T13:23:08Z,2003,2003-01-01,2003-12-31
8685981,GHED_GGHE-DGDP_SHA2011,COUNTRY,TCD,AFR,Africa,YEAR,2015,,,,,,,,,0.72,0.72352397,,,,2025-12-05T13:23:08Z,2015,2015-01-01,2015-12-31
8689400,GHED_GGHE-DGDP_SHA2011,COUNTRY,COG,AFR,Africa,YEAR,2006,,,,,,,,,0.55,0.55492193,,,,2025-12-05T13:23:08Z,2006,2006-01-01,2006-12-31
8692176,GHED_GGHE-DGDP_SHA2011,COUNTRY,MKD,EUR,Europe,YEAR,2003,,,,,,,,,4.95,4.95398092,,,,2025-12-05T13:23:08Z,2003,2003-01-01,2003-12-31
8693273,GHED_GGHE-DGDP_SHA2011,COUNTRY,ISL,EUR,Europe,YEAR,2011,,,,,,,,,6.61,6.61492586,,,,2025-12-05T13:23:08Z,2011,2011-01-01,2011-12-31
8695950,GHED_GGHE-DGDP_SHA2011,COUNTRY,ARM,EUR,Europe,YEAR,2002,,,,,,,,,1.17,1.17184055,,,,2025-12-05T13:23:08Z,2002,2002-01-01,2002-12-31
8696134,GHED_GGHE-DGDP_SHA2011,COUNTRY,CHE,EUR,Europe,YEAR,2014,,,,,,,,,3.59,3.59058547,,,,2025-12-05T13:23:08Z,2014,2014-01-01,2014-12-31
8698047,GHED_GGHE-DGDP_SHA2011,COUNTRY,BFA,AFR,Africa,YEAR,2007,,,,,,,,,1.43,1.43212855,,,,2025-12-05T13:23:08Z,2007,2007-01-01,2007-12-31
8704103,GHED_GGHE-DGDP_SHA2011,COUNTRY,GEO,EUR,Europe,YEAR,2011,,,,,,,,,1.37,1.36786854,,,,2025-12-05T13:23:08Z,2011,2011-01-01,2011-12-31
8706256,GHED_GGHE-DGDP_SHA2011,COUNTRY,PSE,EMR,Eastern Mediterranean,YEAR,2004,,,,,,,,,3.61,3.60594678,,,,2025-12-05T13:23:08Z,2004,2004-01-01,2004-12-31
8707108,GHED_GGHE-DGDP_SHA2011,COUNTRY,MKD,EUR,Europe,YEAR,2019,,,,,,,,,4.26,4.25745583,,,,2025-12-05T13:23:08Z,2019,2019-01-01,2019-12-31
8707258,GHED_GGHE-DGDP_SHA2011,COUNTRY,MAR,EMR,Eastern Mediterranean,YEAR,2000,,,,,,,,,0.94,0.93646741,,,,2025-12-05T13:23:08Z,2000,2000-01-01,2000-12-31
8709426,GHED_GGHE-DGDP_SHA2011,COUNTRY,NZL,WPR,Western Pacific,YEAR,2002,,,,,,,,,5.92,5.92010593,,,,2025-12-05T13:23:08Z,2002,2002-01-01,2002-12-31
8711381,GHED_GGHE-DGDP_SHA2011,COUNTRY,EST,EUR,Europe,YEAR,2019,,,,,,,,,4.94,4.94378757,,,,2025-12-05T13:23:08Z,2019,2019-01-01,2019-12-31
8715570,GHED_GGHE-DGDP_SHA2011,COUNTRY,DEU,EUR,Europe,YEAR,2000,,,,,,,,,7.66,7.65972042,,,,2025-12-05T13:23:08Z,2000,2000-01-01,2000-12-31
8717549,GHED_GGHE-DGDP_SHA2011,COUNTRY,PAK,EMR,Eastern Mediterranean,YEAR,2016,,,,,,,,,0.70,0.70141035,,,,2025-12-05T13:23:08Z,2016,2016-01-01,2016-12-31
8722303,GHED_GGHE-DGDP_SHA2011,COUNTRY,GNB,AFR,Africa,YEAR,2005,,,,,,,,,0.51,0.50890976,,,,2025-12-05T13:23:08Z,2005,2005-01-01,2005-12-31
8727785,GHED_GGHE-DGDP_SHA2011,COUNTRY,TUV,WPR,Western Pacific,YEAR,2002,,,,,,,,,10.99,10.99277782,,,,2025-12-05T13:23:08Z,2002,2002-01-01,2002-12-31
8728069,GHED_GGHE-DGDP_SHA2011,COUNTRY,ARG,AMR,Americas,YEAR,2005,,,,,,,,,3.93,3.93187881,,,,2025-12-05T13:23:08Z,2005,2005-01-01,2005-12-31
8729583,GHED_GGHE-DGDP_SHA2011,REGION,SEAR,,,YEAR,2023,,,,,,,,,2.95,2.9456186,,,,2025-12-05T13:23:08Z,2023,2023-01-01,2023-12-31
8729801,GHED_GGHE-DGDP_SHA2011,COUNTRY,SGP,WPR,Western Pacific,YEAR,2008,,,,,,,,,1.19,1.19189203,,,,2025-12-05T13:23:08Z,2008,2008-01-01,2008-12-31
8731423,GHED_GGHE-DGDP_SHA2011,COUNTRY,PAN,AMR,Americas,YEAR,2020,,,,,,,,,5.54,5.54313087,,,,2025-12-05T13:23:08Z,2020,2020-01-01,2020-12-31
8732445,GHED_GGHE-DGDP_SHA2011,COUNTRY,CIV,AFR,Africa,YEAR,2018,,,,,,,,,0.90,0.89862597,,,,2025-12-05T13:23:08Z,2018,2018-01-01,2018-12-31
8732904,GHED_GGHE-DGDP_SHA2011,COUNTRY,FIN,EUR,Europe,YEAR,2011,,,,,,,,,7.31,7.31418705,,,,2025-12-05T13:23:08Z,2011,2011-01-01,2011-12-31
8742998,GHED_GGHE-DGDP_SHA2011,COUNTRY,CMR,AFR,Africa,YEAR,2010,,,,,,,,,0.41,0.4063552,,,,2025-12-05T13:23:08Z,2010,2010-01-01,2010-12-31
8743909,GHED_GGHE-DGDP_SHA2011,COUNTRY,BWA,AFR,Africa,YEAR,2010,,,,,,,,,3.61,3.60705996,,,,2025-12-05T13:23:08Z,2010,2010-01-01,2010-12-31
8744065,GHED_GGHE-DGDP_SHA2011,COUNTRY,NIC,AMR,Americas,YEAR,2006,,,,,,,,,2.86,2.86238265,,,,2025-12-05T13:23:08Z,2006,2006-01-01,2006-12-31
8748000,GHED_GGHE-DGDP_SHA2011,COUNTRY,BLR,EUR,Europe,YEAR,2002,,,,,,,,,4.08,4.07934141,,,,2025-12-05T13:23:08Z,2002,2002-01-01,2002-12-31
8748843,GHED_GGHE-DGDP_SHA2011,COUNTRY,KHM,WPR,Western Pacific,YEAR,2009,,,,,,,,,1.01,1.01281023,,,,2025-12-05T13:23:08Z,2009,2009-01-01,2009-12-31
8752075,GHED_GGHE-DGDP_SHA2011,COUNTRY,BGR,EUR,Europe,YEAR,2011,,,,,,,,,3.85,3.84521842,,,,2025-12-05T13:23:08Z,2011,2011-01-01,2011-12-31
8752240,GHED_GGHE-DGDP_SHA2011,COUNTRY,POL,EUR,Europe,YEAR,2001,,,,,,,,,3.97,3.96737576,,,,2025-12-05T13:23:08Z,2001,2001-01-01,2001-12-31
8756571,GHED_GGHE-DGDP_SHA2011,COUNTRY,TLS,SEAR,South-East Asia,YEAR,2012,,,,,,,,,4.15,4.14897776,,,,2025-12-05T13:23:08Z,2012,2012-01-01,2012-12-31
8763941,GHED_GGHE-DGDP_SHA2011,COUNTRY,BRB,AMR,Americas,YEAR,2019,,,,,,,,,2.55,2.54682422,,,,2025-12-05T13:23:08Z,2019,2019-01-01,2019-12-31
8764297,GHED_GGHE-DGDP_SHA2011,COUNTRY,VUT,WPR,Western Pacific,YEAR,2011,,,,,,,,,2.36,2.36122203,,,,2025-12-05T13:23:08Z,2011,2011-01-01,2011-12-31
8765445,GHED_GGHE-DGDP_SHA2011,COUNTRY,TUV,WPR,Western Pacific,YEAR,2005,,,,,,,,,9.65,9.6455574,,,,2025-12-05T13:23:08Z,2005,2005-01-01,2005-12-31
8767214,GHED_GGHE-DGDP_SHA2011,COUNTRY,TKM,EUR,Europe,YEAR,2005,,,,,,,,,1.18,1.18179929,,,,2025-12-05T13:23:08Z,2005,2005-01-01,2005-12-31
8778722,GHED_GGHE-DGDP_SHA2011,COUNTRY,KGZ,EUR,Europe,YEAR,2017,,,,,,,,,2.35,2.34767461,,,,2025-12-05T13:23:08Z,2017,2017-01-01,2017-12-31
8779010,GHED_GGHE-DGDP_SHA2011,COUNTRY,TUN,EMR,Eastern Mediterranean,YEAR,2022,,,,,,,,,3.96,3.9555614,,,,2025-12-05T13:23:08Z,2022,2022-01-01,2022-12-31
8779408,GHED_GGHE-DGDP_SHA2011,COUNTRY,PNG,WPR,Western Pacific,YEAR,2000,,,,,,,,,1.70,1.70150447,,,,2025-12-05T13:23:08Z,2000,2000-01-01,2000-12-31
8782652,GHED_GGHE-DGDP_SHA2011,COUNTRY,MDV,SEAR,South-East Asia,YEAR,2004,,,,,,,,,2.31,2.31102347,,,,2025-12-05T13:23:08Z,2004,2004-01-01,2004-12-31
8784140,GHED_GGHE-DGDP_SHA2011,COUNTRY,OMN,EMR,Eastern Mediterranean,YEAR,2011,,,,,,,,,1.83,1.82965529,,,,2025-12-05T13:23:08Z,2011,2011-01-01,2011-12-31
8786015,GHED_GGHE-DGDP_SHA2011,COUNTRY,PAK,EMR,Eastern Mediterranean,YEAR,2020,,,,,,,,,1.04,1.03975642,,,,2025-12-05T13:23:08Z,2020,2020-01-01,2020-12-31
8789733,GHED_GGHE-DGDP_SHA2011,COUNTRY,ECU,AMR,Americas,YEAR,2023,,,,,,,,,4.68,4.6845336,,,,2025-12-05T13:23:08Z,2023,2023-01-01,2023-12-31
8791588,GHED_GGHE-DGDP_SHA2011,COUNTRY,GTM,AMR,Americas,YEAR,2000,,,,,,,,,1.91,1.91270578,,,,2025-12-05T13:23:08Z,2000,2000-01-01,2000-12-31
8791909,GHED_GGHE-DGDP_SHA2011,COUNTRY,CZE,EUR,Europe,YEAR,2023,,,,,,,,,7.11,7.10716867,,,,2025-12-05T13:23:08Z,2023,2023-01-01,2023-12-31
8793734,GHED_GGHE-DGDP_SHA2011,COUNTRY,SDN,EMR,Eastern Mediterranean,YEAR,2013,,,,,,,,,1.15,1.15195048,,,,2025-12-05T13:23:08Z,2013,2013-01-01,2013-12-31
8795159,GHED_GGHE-DGDP_SHA2011,COUNTRY,VNM,WPR,Western Pacific,YEAR,2012,,,,,,,,,2.23,2.2328434,,,,2025-12-05T13:23:08Z,2012,2012-01-01,2012-12-31
8798822,GHED_GGHE-DGDP_SHA2011,COUNTRY,COG,AFR,Africa,YEAR,2016,,,,,,,,,1.12,1.11958003,,,,2025-12-05T13:23:08Z,2016,2016-01-01,2016-12-31
8800171,GHED_GGHE-DGDP_SHA2011,COUNTRY,UKR,EUR,Europe,YEAR,2009,,,,,,,,,3.85,3.85025716,,,,2025-12-05T13:23:08Z,2009,2009-01-01,2009-12-31
8801296,GHED_GGHE-DGDP_SHA2011,COUNTRY,GMB,AFR,Africa,YEAR,2023,,,,,,,,,1.30,1.29954684,,,,2025-12-05T13:23:08Z,2023,2023-01-01,2023-12-31
8805367,GHED_GGHE-DGDP_SHA2011,COUNTRY,TCD,AFR,Africa,YEAR,2023,,,,,,,,,1.26,1.26169586,,,,2025-12-05T13:23:08Z,2023,2023-01-01,2023-12-31
8805686,GHED_GGHE-DGDP_SHA2011,COUNTRY,FIN,EUR,Europe,YEAR,2009,,,,,,,,,7.24,7.24022865,,,,2025-12-05T13:23:08Z,2009,2009-01-01,2009-12-31
8806828,GHED_GGHE-DGDP_SHA2011,COUNTRY,GIN,AFR,Africa,YEAR,2008,,,,,,,,,0.27,0.26959306,,,,2025-12-05T13:23:08Z,2008,2008-01-01,2008-12-31
8806959,GHED_GGHE-DGDP_SHA2011,COUNTRY,CZE,EUR,Europe,YEAR,2012,,,,,,,,,6.38,6.37927723,,,,2025-12-05T13:23:08Z,2012,2012-01-01,2012-12-31
8807204,GHED_GGHE-DGDP_SHA2011,COUNTRY,IND,SEAR,South-East Asia,YEAR,2014,,,,,,,,,0.86,0.85653549,,,,2025-12-05T13:23:08Z,2014,2014-01-01,2014-12-31
8811880,GHED_GGHE-DGDP_SHA2011,COUNTRY,BFA,AFR,Africa,YEAR,2016,,,,,,,,,2.39,2.38693118,,,,2025-12-05T13:23:08Z,2016,2016-01-01,2016-12-31
8820075,GHED_GGHE-DGDP_SHA2011,COUNTRY,DMA,AMR,Americas,YEAR,2020,,,,,,,,,3.80,3.79538107,,,,2025-12-05T13:23:08Z,2020,2020-01-01,2020-12-31
8820551,GHED_GGHE-DGDP_SHA2011,COUNTRY,SWE,EUR,Europe,YEAR,2016,,,,,,,,,9.21,9.21271133,,,,2025-12-05T13:23:08Z,2016,2016-01-01,2016-12-31
8827660,GHED_GGHE-DGDP_SHA2011,COUNTRY,PHL,WPR,Western Pacific,YEAR,2013,,,,,,,,,1.12,1.1204468,,,,2025-12-05T13:23:08Z,2013,2013-01-01,2013-12-31
8832630,GHED_GGHE-DGDP_SHA2011,COUNTRY,UGA,AFR,Africa,YEAR,2016,,,,,,,,,0.79,0.78636652,,,,2025-12-05T13:23:08Z,2016,2016-01-01,2016-12-31
8835531,GHED_GGHE-DGDP_SHA2011,COUNTRY,NGA,AFR,Africa,YEAR,2020,,,,,,,,,0.51,0.50597858,,,,2025-12-05T13:23:08Z,2020,2020-01-01,2020-12-31
8837188,GHED_GGHE-DGDP_SHA2011,COUNTRY,IDN,WPR,Western Pacific,YEAR,2020,,,,,,,,,1.89,1.88725579,,,,2025-12-05T13:23:08Z,2020,2020-01-01,2020-12-31
8838173,GHED_GGHE-DGDP_SHA2011,COUNTRY,GRD,AMR,Americas,YEAR,2003,,,,,,,,,2.16,2.16133189,,,,2025-12-05T13:23:08Z,2003,2003-01-01,2003-12-31
8841088,GHED_GGHE-DGDP_SHA2011,COUNTRY,MMR,SEAR,South-East Asia,YEAR,2011,,,,,,,,,0.23,0.23329397,,,,2025-12-05T13:23:08Z,2011,2011-01-01,2011-12-31
8842924,GHED_GGHE-DGDP_SHA2011,COUNTRY,MEX,AMR,Americas,YEAR,2010,,,,,,,,,2.76,2.75687551,,,,2025-12-05T13:23:08Z,2010,2010-01-01,2010-12-31
8843935,GHED_GGHE-DGDP_SHA2011,COUNTRY,MLT,EUR,Europe,YEAR,2006,,,,,,,,,6.06,6.05880404,,,,2025-12-05T13:23:08Z,2006,2006-01-01,2006-12-31
8846081,GHED_GGHE-DGDP_SHA2011,COUNTRY,OMN,EMR,Eastern Mediterranean,YEAR,2009,,,,,,,,,2.01,2.00759625,,,,2025-12-05T13:23:08Z,2009,2009-01-01,2009-12-31
8847427,GHED_GGHE-DGDP_SHA2011,COUNTRY,CAF,AFR,Africa,YEAR,2016,,,,,,,,,0.60,0.59953427,,,,2025-12-05T13:23:08Z,2016,2016-01-01,2016-12-31
8848216,GHED_GGHE-DGDP_SHA2011,COUNTRY,SGP,WPR,Western Pacific,YEAR,2022,,,,,,,,,2.60,2.60371685,,,,2025-12-05T13:23:08Z,2022,2022-01-01,2022-12-31
8853443,GHED_GGHE-DGDP_SHA2011,COUNTRY,VNM,WPR,Western Pacific,YEAR,2009,,,,,,,,,1.71,1.71152484,,,,2025-12-05T13:23:08Z,2009,2009-01-01,2009-12-31
8859310,GHED_GGHE-DGDP_SHA2011,COUNTRY,GRC,EUR,Europe,YEAR,2002,,,,,,,,,5.12,5.12075806,,,,2025-12-05T13:23:08Z,2002,2002-01-01,2002-12-31
8860953,GHED_GGHE-DGDP_SHA2011,COUNTRY,MUS,AFR,Africa,YEAR,2016,,,,,,,,,2.45,2.44510746,,,,2025-12-05T13:23:08Z,2016,2016-01-01,2016-12-31
8862588,GHED_GGHE-DGDP_SHA2011,COUNTRY,CYP,EUR,Europe,YEAR,2020,,,,,,,,,6.21,6.21329498,,,,2025-12-05T13:23:08Z,2020,2020-01-01,2020-12-31
8866175,GHED_GGHE-DGDP_SHA2011,COUNTRY,CIV,AFR,Africa,YEAR,2020,,,,,,,,,1.33,1.33183074,,,,2025-12-05T13:23:08Z,2020,2020-01-01,2020-12-31
8869151,GHED_GGHE-DGDP_SHA2011,COUNTRY,NER,AFR,Africa,YEAR,2023,,,,,,,,,0.97,0.97196257,,,,2025-12-05T13:23:08Z,2023,2023-01-01,2023-12-31
8869180,GHED_GGHE-DGDP_SHA2011,COUNTRY,LBN,EMR,Eastern Mediterranean,YEAR,2007,,,,,,,,,3.51,3.51309872,,,,2025-12-05T13:23:08Z,2007,2007-01-01,2007-12-31
8873429,GHED_GGHE-DGDP_SHA2011,COUNTRY,PRT,EUR,Europe,YEAR,2008,,,,,,,,,5.99,5.98957777,,,,2025-12-05T13:23:08Z,2008,2008-01-01,2008-12-31
8876055,GHED_GGHE-DGDP_SHA2011,COUNTRY,SWZ,AFR,Africa,YEAR,2020,,,,,,,,,3.54,3.53693056,,,,2025-12-05T13:23:08Z,2020,2020-01-01,2020-12-31
8879886,GHED_GGHE-DGDP_SHA2011,COUNTRY,BTN,SEAR,South-East Asia,YEAR,2017,,,,,,,,,2.32,2.31912565,,,,2025-12-05T13:23:08Z,2017,2017-01-01,2017-12-31
8884925,GHED_GGHE-DGDP_SHA2011,COUNTRY,KEN,AFR,Africa,YEAR,2002,,,,,,,,,1.11,1.10948944,,,,2025-12-05T13:23:08Z,2002,2002-01-01,2002-12-31
8887046,GHED_GGHE-DGDP_SHA2011,COUNTRY,NLD,EUR,Europe,YEAR,2008,,,,,,,,,6.23,6.22847557,,,,2025-12-05T13:23:08Z,2008,2008-01-01,2008-12-31
8889407,GHED_GGHE-DGDP_SHA2011,COUNTRY,ARE,EMR,Eastern Mediterranean,YEAR,2009,,,,,,,,,2.98,2.98415613,,,,2025-12-05T13:23:08Z,2009,2009-01-01,2009-12-31
8891714,GHED_GGHE-DGDP_SHA2011,COUNTRY,MOZ,AFR,Africa,YEAR,2014,,,,,,,,,1.72,1.71540534,,,,2025-12-05T13:23:08Z,2014,2014-01-01,2014-12-31
8895809,GHED_GGHE-DGDP_SHA2011,COUNTRY,NAM,AFR,Africa,YEAR,2022,,,,,,,,,5.81,5.80618477,,,,2025-12-05T13:23:08Z,2022,2022-01-01,2022-12-31
8897367,GHED_GGHE-DGDP_SHA2011,COUNTRY,TLS,SEAR,South-East Asia,YEAR,2003,,,,,,,,,1.30,1.30327332,,,,2025-12-05T13:23:08Z,2003,2003-01-01,2003-12-31
8900642,GHED_GGHE-DGDP_SHA2011,COUNTRY,SDN,EMR,Eastern Mediterranean,YEAR,2007,,,,,,,,,2.05,2.0494504,,,,2025-12-05T13:23:08Z,2007,2007-01-01,2007-12-31
8901732,GHED_GGHE-DGDP_SHA2011,COUNTRY,TKM,EUR,Europe,YEAR,2014,,,,,,,,,1.15,1.14786649,,,,2025-12-05T13:23:08Z,2014,2014-01-01,2014-12-31
8906421,GHED_GGHE-DGDP_SHA2011,COUNTRY,PRT,EUR,Europe,YEAR,2021,,,,,,,,,7.00,7.00375891,,,,2025-12-05T13:23:08Z,2021,2021-01-01,2021-12-31
8908077,GHED_GGHE-DGDP_SHA2011,COUNTRY,SUR,AMR,Americas,YEAR,2007,,,,,,,,,2.58,2.58420277,,,,2025-12-05T13:23:08Z,2007,2007-01-01,2007-12-31
8911081,GHED_GGHE-DGDP_SHA2011,COUNTRY,JOR,EMR,Eastern Mediterranean,YEAR,2006,,,,,,,,,3.94,3.93785167,,,,2025-12-05T13:23:08Z,2006,2006-01-01,2006-12-31
8911841,GHED_GGHE-DGDP_SHA2011,COUNTRY,NGA,AFR,Africa,YEAR,2008,,,,,,,,,0.66,0.66059941,,,,2025-12-05T13:23:08Z,2008,2008-01-01,2008-12-31
8912683,GHED_GGHE-DGDP_SHA2011,COUNTRY,VUT,WPR,Western Pacific,YEAR,2004,,,,,,,,,2.32,2.32455468,,,,2025-12-05T13:23:08Z,2004,2004-01-01,2004-12-31
8916145,GHED_GGHE-DGDP_SHA2011,COUNTRY,MAR,EMR,Eastern Mediterranean,YEAR,2006,,,,,,,,,1.30,1.30186176,,,,2025-12-05T13:23:08Z,2006,2006-01-01,2006-12-31
8916451,GHED_GGHE-DGDP_SHA2011,COUNTRY,BOL,AMR,Americas,YEAR,2011,,,,,,,,,3.02,3.02061009,,,,2025-12-05T13:23:08Z,2011,2011-01-01,2011-12-31
8918073,GHED_GGHE-DGDP_SHA2011,WORLDBANKINCOMEGROUP,WB_UMI,,,YEAR,2020,,,,,,,,,4.29,4.28751113,,,,2025-12-05T13:23:08Z,2020,2020-01-01,2020-12-31
8921557,GHED_GGHE-DGDP_SHA2011,COUNTRY,SEN,AFR,Africa,YEAR,2015,,,,,,,,,1.08,1.07820702,,,,2025-12-05T13:23:08Z,2015,2015-01-01,2015-12-31
8922262,GHED_GGHE-DGDP_SHA2011,COUNTRY,PLW,WPR,Western Pacific,YEAR,2014,,,,,,,,,5.57,5.56669378,,,,2025-12-05T13:23:08Z,2014,2014-01-01,2014-12-31
8925157,GHED_GGHE-DGDP_SHA2011,COUNTRY,GRC,EUR,Europe,YEAR,2010,,,,,,,,,6.63,6.62841225,,,,2025-12-05T13:23:08Z,2010,2010-01-01,2010-12-31
8925982,GHED_GGHE-DGDP_SHA2011,COUNTRY,ZAF,AFR,Africa,YEAR,2012,,,,,,,,,4.14,4.1403532,,,,2025-12-05T13:23:08Z,2012,2012-01-01,2012-12-31
8930289,GHED_GGHE-DGDP_SHA2011,COUNTRY,UKR,EUR,Europe,YEAR,2005,,,,,,,,,3.73,3.72637868,,,,2025-12-05T13:23:08Z,2005,2005-01-01,2005-12-31
8933689,GHED_GGHE-DGDP_SHA2011,COUNTRY,AFG,EMR,Eastern Mediterranean,YEAR,2014,,,,,,,,,0.47,0.47265697,,,,2025-12-05T13:23:08Z,2014,2014-01-01,2014-12-31
8933730,GHED_GGHE-DGDP_SHA2011,COUNTRY,BRA,AMR,Americas,YEAR,2014,,,,,,,,,3.70,3.69886327,,,,2025-12-05T13:23:08Z,2014,2014-01-01,2014-12-31
8934159,GHED_GGHE-DGDP_SHA2011,COUNTRY,TTO,AMR,Americas,YEAR,2012,,,,,,,,,2.26,2.25893903,,,,2025-12-05T13:23:08Z,2012,2012-01-01,2012-12-31
8937376,GHED_GGHE-DGDP_SHA2011,COUNTRY,GAB,AFR,Africa,YEAR,2015,,,,,,,,,1.57,1.56549394,,,,2025-12-05T13:23:08Z,2015,2015-01-01,2015-12-31
8939428,GHED_GGHE-DGDP_SHA2011,COUNTRY,GUY,AMR,Americas,YEAR,2014,,,,,,,,,2.18,2.17510056,,,,2025-12-05T13:23:08Z,2014,2014-01-01,2014-12-31
8940373,GHED_GGHE-DGDP_SHA2011,COUNTRY,FIN,EUR,Europe,YEAR,2014,,,,,,,,,7.82,7.8208828,,,,2025-12-05T13:23:08Z,2014,2014-01-01,2014-12-31
8941538,GHED_GGHE-DGDP_SHA2011,COUNTRY,MUS,AFR,Africa,YEAR,2007,,,,,,,,,1.47,1.47311974,,,,2025-12-05T13:23:08Z,2007,2007-01-01,2007-12-31
8941857,GHED_GGHE-DGDP_SHA2011,COUNTRY,ETH,AFR,Africa,YEAR,2007,,,,,,,,,1.33,1.33306754,,,,2025-12-05T13:23:08Z,2007,2007-01-01,2007-12-31
8943700,GHED_GGHE-DGDP_SHA2011,COUNTRY,ITA,EUR,Europe,YEAR,2016,,,,,,,,,6.45,6.44775581,,,,2025-12-05T13:23:08Z,2016,2016-01-01,2016-12-31
8949786,GHED_GGHE-DGDP_SHA2011,COUNTRY,IRQ,EMR,Eastern Mediterranean,YEAR,2004,,,,,,,,,2.73,2.72581053,,,,2025-12-05T13:23:08Z,2004,2004-01-01,2004-12-31
8953316,GHED_GGHE-DGDP_SHA2011,COUNTRY,MKD,EUR,Europe,YEAR,2010,,,,,,,,,4.07,4.06657267,,,,2025-12-05T13:23:08Z,2010,2010-01-01,2010-12-31
8954071,GHED_GGHE-DGDP_SHA2011,COUNTRY,DMA,AMR,Americas,YEAR,2008,,,,,,,,,2.61,2.61492229,,,,2025-12-05T13:23:08Z,2008,2008-01-01,2008-12-31
8957681,GHED_GGHE-DGDP_SHA2011,COUNTRY,SYC,AFR,Africa,YEAR,2004,,,,,,,,,3.81,3.81282496,,,,2025-12-05T13:23:08Z,2004,2004-01-01,2004-12-31
8959117,GHED_GGHE-DGDP_SHA2011,COUNTRY,IDN,WPR,Western Pacific,YEAR,2000,,,,,,,,,0.55,0.54974306,,,,2025-12-05T13:23:08Z,2000,2000-01-01,2000-12-31
8960069,GHED_GGHE-DGDP_SHA2011,COUNTRY,GTM,AMR,Americas,YEAR,2012,,,,,,,,,2.03,2.02626443,,,,2025-12-05T13:23:08Z,2012,2012-01-01,2012-12-31
8960248,GHED_GGHE-DGDP_SHA2011,COUNTRY,PAK,EMR,Eastern Mediterranean,YEAR,2018,,,,,,,,,0.94,0.93618691,,,,2025-12-05T13:23:08Z,2018,2018-01-01,2018-12-31
8962455,GHED_GGHE-DGDP_SHA2011,COUNTRY,CAF,AFR,Africa,YEAR,2007,,,,,,,,,1.27,1.27105796,,,,2025-12-05T13:23:08Z,2007,2007-01-01,2007-12-31
8963761,GHED_GGHE-DGDP_SHA2011,COUNTRY,GRC,EUR,Europe,YEAR,2022,,,,,,,,,4.57,4.56988621,,,,2025-12-05T13:23:08Z,2022,2022-01-01,2022-12-31
8963766,GHED_GGHE-DGDP_SHA2011,COUNTRY,LKA,SEAR,South-East Asia,YEAR,2000,,,,,,,,,2.20,2.20320439,,,,2025-12-05T13:23:08Z,2000,2000-01-01,2000-12-31
8964091,GHED_GGHE-DGDP_SHA2011,COUNTRY,TLS,SEAR,South-East Asia,YEAR,2014,,,,,,,,,4.12,4.12430954,,,,2025-12-05T13:23:08Z,2014,2014-01-01,2014-12-31
8965665,GHED_GGHE-DGDP_SHA2011,COUNTRY,KEN,AFR,Africa,YEAR,2010,,,,,,,,,1.56,1.56062746,,,,2025-12-05T13:23:08Z,2010,2010-01-01,2010-12-31
8971455,GHED_GGHE-DGDP_SHA2011,COUNTRY,BLR,EUR,Europe,YEAR,2019,,,,,,,,,4.13,4.12526941,,,,2025-12-05T13:23:08Z,2019,2019-01-01,2019-12-31
8972587,GHED_GGHE-DGDP_SHA2011,REGION,EUR,,,YEAR,2012,,,,,,,,,5.03,5.02571631,,,,2025-12-05T13:23:08Z,2012,2012-01-01,2012-12-31
8972595,GHED_GGHE-DGDP_SHA2011,COUNTRY,LSO,AFR,Africa,YEAR,2006,,,,,,,,,3.05,3.04879928,,,,2025-12-05T13:23:08Z,2006,2006-01-01,2006-12-31
8974593,GHED_GGHE-DGDP_SHA2011,COUNTRY,JOR,EMR,Eastern Mediterranean,YEAR,2015,,,,,,,,,3.99,3.99459696,,,,2025-12-05T13:23:08Z,2015,2015-01-01,2015-12-31
8975752,GHED_GGHE-DGDP_SHA2011,COUNTRY,MRT,AFR,Africa,YEAR,2008,,,,,,,,,0.89,0.8877672,,,,2025-12-05T13:23:08Z,2008,2008-01-01,2008-12-31
8978819,GHED_GGHE-DGDP_SHA2011,COUNTRY,SVN,EUR,Europe,YEAR,2011,,,,,,,,,6.22,6.21524811,,,,2025-12-05T13:23:08Z,2011,2011-01-01,2011-12-31
8981448,GHED_GGHE-DGDP_SHA2011,COUNTRY,GUY,AMR,Americas,YEAR,2023,,,,,,,,,1.73,1.73029017,,,,2025-12-05T13:23:08Z,2023,2023-01-01,2023-12-31
8982667,GHED_GGHE-DGDP_SHA2011,COUNTRY,DOM,AMR,Americas,YEAR,2006,,,,,,,,,1.40,1.40171933,,,,2025-12-05T13:23:08Z,2006,2006-01-01,2006-12-31
8984453,GHED_GGHE-DGDP_SHA2011,COUNTRY,ITA,EUR,Europe,YEAR,2004,,,,,,,,,6.20,6.20417976,,,,2025-12-05T13:23:08Z,2004,2004-01-01,2004-12-31
8984777,GHED_GGHE-DGDP_SHA2011,COUNTRY,SLB,WPR,Western Pacific,YEAR,2002,,,,,,,,,5.74,5.73763466,,,,2025-12-05T13:23:08Z,2002,2002-01-01,2002-12-31
8987248,GHED_GGHE-DGDP_SHA2011,COUNTRY,LBR,AFR,Africa,YEAR,2016,,,,,,,,,1.39,1.39315951,,,,2025-12-05T13:23:08Z,2016,2016-01-01,2016-12-31
8987743,GHED_GGHE-DGDP_SHA2011,COUNTRY,SOM,EMR,Eastern Mediterranean,YEAR,2014,,,,,,,,,0.11,0.10548612,,,,2025-12-05T13:23:08Z,2014,2014-01-01,2014-12-31
8988198,GHED_GGHE-DGDP_SHA2011,COUNTRY,KNA,AMR,Americas,YEAR,2006,,,,,,,,,2.23,2.23068857,,,,2025-12-05T13:23:08Z,2006,2006-01-01,2006-12-31
8990102,GHED_GGHE-DGDP_SHA2011,COUNTRY,MHL,WPR,Western Pacific,YEAR,2021,,,,,,,,,5.21,5.20669413,,,,2025-12-05T13:23:08Z,2021,2021-01-01,2021-12-31
8992088,GHED_GGHE-DGDP_SHA2011,COUNTRY,ETH,AFR,Africa,YEAR,2019,,,,,,,,,0.73,0.73088509,,,,2025-12-05T13:23:08Z,2019,2019-01-01,2019-12-31
8993899,GHED_GGHE-DGDP_SHA2011,COUNTRY,FSM,WPR,Western Pacific,YEAR,2016,,,,,,,,,2.01,2.00609899,,,,2025-12-05T13:23:08Z,2016,2016-01-01,2016-12-31
8994427,GHED_GGHE-DGDP_SHA2011,COUNTRY,MUS,AFR,Africa,YEAR,2017,,,,,,,,,2.47,2.47479272,,,,2025-12-05T13:23:08Z,2017,2017-01-01,2017-12-31
8996064,GHED_GGHE-DGDP_SHA2011,COUNTRY,MDG,AFR,Africa,YEAR,2014,,,,,,,,,1.75,1.74814212,,,,2025-12-05T13:23:08Z,2014,2014-01-01,2014-12-31
8996433,GHED_GGHE-DGDP_SHA2011,COUNTRY,BGD,SEAR,South-East Asia,YEAR,2006,,,,,,,,,0.48,0.47882023,,,,2025-12-05T13:23:08Z,2006,2006-01-01,2006-12-31
8997175,GHED_GGHE-DGDP_SHA2011,COUNTRY,PHL,WPR,Western Pacific,YEAR,2004,,,,,,,,,1.09,1.08843267,,,,2025-12-05T13:23:08Z,2004,2004-01-01,2004-12-31
8998504,GHED_GGHE-DGDP_SHA2011,COUNTRY,LSO,AFR,Africa,YEAR,2011,,,,,,,,,4.93,4.93363905,,,,2025-12-05T13:23:08Z,2011,2011-01-01,2011-12-31
8998858,GHED_GGHE-DGDP_SHA2011,COUNTRY,PER,AMR,Americas,YEAR,2020,,,,,,,,,4.35,4.34886456,,,,2025-12-05T13:23:08Z,2020,2020-01-01,2020-12-31
9003548,GHED_GGHE-DGDP_SHA2011,COUNTRY,MHL,WPR,Western Pacific,YEAR,2020,,,,,,,,,5.25,5.25280666,,,,2025-12-05T13:23:08Z,2020,2020-01-01,2020-12-31
9005853,GHED_GGHE-DGDP_SHA2011,COUNTRY,GNQ,AFR,Africa,YEAR,2012,,,,,,,,,0.70,0.70269078,,,,2025-12-05T13:23:08Z,2012,2012-01-01,2012-12-31
9006734,GHED_GGHE-DGDP_SHA2011,COUNTRY,NPL,SEAR,South-East Asia,YEAR,2012,,,,,,,,,0.79,0.78674734,,,,2025-12-05T13:23:08Z,2012,2012-01-01,2012-12-31
9009974,GHED_GGHE-DGDP_SHA2011,COUNTRY,MHL,WPR,Western Pacific,YEAR,2006,,,,,,,,,6.53,6.53017855,,,,2025-12-05T13:23:08Z,2006,2006-01-01,2006-12-31
9010629,GHED_GGHE-DGDP_SHA2011,COUNTRY,DEU,EUR,Europe,YEAR,2020,,,,,,,,,9.87,9.87329006,,,,2025-12-05T13:23:08Z,2020,2020-01-01,2020-12-31
9011182,GHED_GGHE-DGDP_SHA2011,COUNTRY,UZB,EUR,Europe,YEAR,2009,,,,,,,,,2.00,1.9971329,,,,2025-12-05T13:23:08Z,2009,2009-01-01,2009-12-31
9012285,GHED_GGHE-DGDP_SHA2011,COUNTRY,AGO,AFR,Africa,YEAR,2013,,,,,,,,,1.51,1.5071826,,,,2025-12-05T13:23:08Z,2013,2013-01-01,2013-12-31
9014489,GHED_GGHE-DGDP_SHA2011,COUNTRY,PRT,EUR,Europe,YEAR,2001,,,,,,,,,6.05,6.05405951,,,,2025-12-05T13:23:08Z,2001,2001-01-01,2001-12-31
9016277,GHED_GGHE-DGDP_SHA2011,COUNTRY,FJI,WPR,Western Pacific,YEAR,2000,,,,,,,,,2.63,2.63133216,,,,2025-12-05T13:23:08Z,2000,2000-01-01,2000-12-31
9018071,GHED_GGHE-DGDP_SHA2011,WORLDBANKINCOMEGROUP,WB_UMI,,,YEAR,2000,,,,,,,,,3.06,3.05637343,,,,2025-12-05T13:23:08Z,2000,2000-01-01,2000-12-31
9018974,GHED_GGHE-DGDP_SHA2011,COUNTRY,TJK,EUR,Europe,YEAR,2023,,,,,,,,,1.90,1.90488744,,,,2025-12-05T13:23:08Z,2023,2023-01-01,2023-12-31
9023444,GHED_GGHE-DGDP_SHA2011,COUNTRY,VEN,AMR,Americas,YEAR,2019,,,,,,,,,0.81,0.81175309,,,,2025-12-05T13:23:08Z,2019,2019-01-01,2019-12-31
9024018,GHED_GGHE-DGDP_SHA2011,COUNTRY,LIE,EUR,Europe,YEAR,2013,,,,,,,,,3.83,3.83092952,,,,2026-01-12T13:50:53Z,2013,2013-01-01,2013-12-31
9027055,GHED_GGHE-DGDP_SHA2011,COUNTRY,UKR,EUR,Europe,YEAR,2011,,,,,,,,,3.42,3.42423868,,,,2025-12-05T13:23:08Z,2011,2011-01-01,2011-12-31
9029700,GHED_GGHE-DGDP_SHA2011,COUNTRY,KNA,AMR,Americas,YEAR,2015,,,,,,,,,1.94,1.94096529,,,,2025-12-05T13:23:08Z,2015,2015-01-01,2015-12-31
9031543,GHED_GGHE-DGDP_SHA2011,COUNTRY,COM,AFR,Africa,YEAR,2000,,,,,,,,,0.89,0.89172548,,,,2025-12-05T13:23:08Z,2000,2000-01-01,2000-12-31
9031737,GHED_GGHE-DGDP_SHA2011,COUNTRY,SYC,AFR,Africa,YEAR,2003,,,,,,,,,4.15,4.14589357,,,,2025-12-05T13:23:08Z,2003,2003-01-01,2003-12-31
9031941,GHED_GGHE-DGDP_SHA2011,COUNTRY,BGD,SEAR,South-East Asia,YEAR,2023,,,,,,,,,0.31,0.31430635,,,,2025-12-05T13:23:08Z,2023,2023-01-01,2023-12-31
9041500,GHED_GGHE-DGDP_SHA2011,COUNTRY,CYP,EUR,Europe,YEAR,2009,,,,,,,,,2.75,2.74965072,,,,2025-12-05T13:23:08Z,2009,2009-01-01,2009-12-31
9044036,GHED_GGHE-DGDP_SHA2011,COUNTRY,LVA,EUR,Europe,YEAR,2001,,,,,,,,,2.87,2.87069702,,,,2025-12-05T13:23:08Z,2001,2001-01-01,2001-12-31
9045131,GHED_GGHE-DGDP_SHA2011,COUNTRY,SEN,AFR,Africa,YEAR,2002,,,,,,,,,1.34,1.33993769,,,,2025-12-05T13:23:08Z,2002,2002-01-01,2002-12-31
9046740,GHED_GGHE-DGDP_SHA2011,COUNTRY,BDI,AFR,Africa,YEAR,2006,,,,,,,,,2.36,2.36401343,,,,2025-12-05T13:23:08Z,2006,2006-01-01,2006-12-31
9051756,GHED_GGHE-DGDP_SHA2011,COUNTRY,THA,SEAR,South-East Asia,YEAR,2010,,,,,,,,,2.50,2.50096011,,,,2025-12-05T13:23:08Z,2010,2010-01-01,2010-12-31
9052179,GHED_GGHE-DGDP_SHA2011,COUNTRY,KNA,AMR,Americas,YEAR,2010,,,,,,,,,1.96,1.96334112,,,,2025-12-05T13:23:08Z,2010,2010-01-01,2010-12-31
9053163,GHED_GGHE-DGDP_SHA2011,WORLDBANKINCOMEGROUP,WB_LI,,,YEAR,2012,,,,,,,,,1.09,1.08826207,,,,2025-12-05T13:23:08Z,2012,2012-01-01,2012-12-31
9054925,GHED_GGHE-DGDP_SHA2011,COUNTRY,SLE,AFR,Africa,YEAR,2022,,,,,,,,,0.87,0.8699919,,,,2025-12-05T13:23:08Z,2022,2022-01-01,2022-12-31
9058890,GHED_GGHE-DGDP_SHA2011,COUNTRY,COM,AFR,Africa,YEAR,2008,,,,,,,,,0.43,0.43337327,,,,2025-12-05T13:23:08Z,2008,2008-01-01,2008-12-31
9063072,GHED_GGHE-DGDP_SHA2011,COUNTRY,NRU,WPR,Western Pacific,YEAR,2006,,,,,,,,,10.87,10.87369251,,,,2025-12-05T13:23:08Z,2006,2006-01-01,2006-12-31
9064033,GHED_GGHE-DGDP_SHA2011,COUNTRY,CUB,AMR,Americas,YEAR,2018,,,,,,,,,9.78,9.77753925,,,,2025-12-05T13:23:08Z,2018,2018-01-01,2018-12-31
9067774,GHED_GGHE-DGDP_SHA2011,COUNTRY,SYR,EMR,Eastern Mediterranean,YEAR,2001,,,,,,,,,1.95,1.945274,,,,2025-12-05T13:23:08Z,2001,2001-01-01,2001-12-31
9070118,GHED_GGHE-DGDP_SHA2011,COUNTRY,BTN,SEAR,South-East Asia,YEAR,2023,,,,,,,,,2.94,2.9429884,,,,2025-12-05T13:23:08Z,2023,2023-01-01,2023-12-31
9078297,GHED_GGHE-DGDP_SHA2011,COUNTRY,SUR,AMR,Americas,YEAR,2017,,,,,,,,,3.10,3.09932327,,,,2025-12-05T13:23:08Z,2017,2017-01-01,2017-12-31
9078502,GHED_GGHE-DGDP_SHA2011,COUNTRY,LTU,EUR,Europe,YEAR,2018,,,,,,,,,4.27,4.26898956,,,,2025-12-05T13:23:08Z,2018,2018-01-01,2018-12-31
9079202,GHED_GGHE-DGDP_SHA2011,COUNTRY,BEL,EUR,Europe,YEAR,2002,,,,,,,,,6.13,6.13245678,,,,2025-12-05T13:23:08Z,2002,2002-01-01,2002-12-31
9079238,GHED_GGHE-DGDP_SHA2011,COUNTRY,KAZ,EUR,Europe,YEAR,2017,,,,,,,,,1.89,1.89267063,,,,2025-12-05T13:23:08Z,2017,2017-01-01,2017-12-31
9081393,GHED_GGHE-DGDP_SHA2011,COUNTRY,CHE,EUR,Europe,YEAR,2023,,,,,,,,,3.87,3.8676703,,,,2025-12-05T13:23:08Z,2023,2023-01-01,2023-12-31
9082875,GHED_GGHE-DGDP_SHA2011,COUNTRY,NPL,SEAR,South-East Asia,YEAR,2015,,,,,,,,,0.91,0.90927744,,,,2025-12-05T13:23:08Z,2015,2015-01-01,2015-12-31
9083867,GHED_GGHE-DGDP_SHA2011,COUNTRY,BTN,SEAR,South-East Asia,YEAR,2006,,,,,,,,,2.28,2.28304935,,,,2025-12-05T13:23:08Z,2006,2006-01-01,2006-12-31
9085960,GHED_GGHE-DGDP_SHA2011,COUNTRY,AZE,EUR,Europe,YEAR,2022,,,,,,,,,0.95,0.95312107,,,,2025-12-05T13:23:08Z,2022,2022-01-01,2022-12-31
9086458,GHED_GGHE-DGDP_SHA2011,COUNTRY,KGZ,EUR,Europe,YEAR,2004,,,,,,,,,2.34,2.33701825,,,,2025-12-05T13:23:08Z,2004,2004-01-01,2004-12-31
9086603,GHED_GGHE-DGDP_SHA2011,REGION,SEAR,,,YEAR,2022,,,,,,,,,2.53,2.53169319,,,,2025-12-05T13:23:08Z,2022,2022-01-01,2022-12-31
9086693,GHED_GGHE-DGDP_SHA2011,COUNTRY,NGA,AFR,Africa,YEAR,2000,,,,,,,,,0.59,0.58559412,,,,2025-12-05T13:23:08Z,2000,2000-01-01,2000-12-31
9088663,GHED_GGHE-DGDP_SHA2011,COUNTRY,BTN,SEAR,South-East Asia,YEAR,2014,,,,,,,,,2.23,2.23058915,,,,2025-12-05T13:23:08Z,2014,2014-01-01,2014-12-31
9091452,GHED_GGHE-DGDP_SHA2011,COUNTRY,CZE,EUR,Europe,YEAR,2015,,,,,,,,,6.15,6.15198898,,,,2025-12-05T13:23:08Z,2015,2015-01-01,2015-12-31
9092709,GHED_GGHE-DGDP_SHA2011,COUNTRY,GRC,EUR,Europe,YEAR,2013,,,,,,,,,5.23,5.23182106,,,,2025-12-05T13:23:08Z,2013,2013-01-01,2013-12-31
9092905,GHED_GGHE-DGDP_SHA2011,COUNTRY,UZB,EUR,Europe,YEAR,2012,,,,,,,,,2.34,2.33609509,,,,2025-12-05T13:23:08Z,2012,2012-01-01,2012-12-31
9095533,GHED_GGHE-DGDP_SHA2011,COUNTRY,ARG,AMR,Americas,YEAR,2001,,,,,,,,,4.48,4.4767065,,,,2025-12-05T13:23:08Z,2001,2001-01-01,2001-12-31
9100633,GHED_GGHE-DGDP_SHA2011,COUNTRY,UGA,AFR,Africa,YEAR,2014,,,,,,,,,0.95,0.95077145,,,,2025-12-05T13:23:08Z,2014,2014-01-01,2014-12-31
9101199,GHED_GGHE-DGDP_SHA2011,REGION,SEAR,,,YEAR,2019,,,,,,,,,2.09,2.08861429,,,,2025-12-05T13:23:08Z,2019,2019-01-01,2019-12-31
9101220,GHED_GGHE-DGDP_SHA2011,COUNTRY,DNK,EUR,Europe,YEAR,2012,,,,,,,,,8.89,8.88669872,,,,2025-12-05T13:23:08Z,2012,2012-01-01,2012-12-31
9101820,GHED_GGHE-DGDP_SHA2011,COUNTRY,MDA,EUR,Europe,YEAR,2008,,,,,,,,,5.28,5.27913141,,,,2025-12-05T13:23:08Z,2008,2008-01-01,2008-12-31
9105475,GHED_GGHE-DGDP_SHA2011,COUNTRY,SMR,EUR,Europe,YEAR,2014,,,,,,,,,7.31,7.30673313,,,,2025-12-05T13:23:08Z,2014,2014-01-01,2014-12-31
9106723,GHED_GGHE-DGDP_SHA2011,WORLDBANKINCOMEGROUP,WB_LI,,,YEAR,2013,,,,,,,,,1.04,1.03904331,,,,2025-12-05T13:23:08Z,2013,2013-01-01,2013-12-31
9106764,GHED_GGHE-DGDP_SHA2011,COUNTRY,GUY,AMR,Americas,YEAR,2009,,,,,,,,,1.88,1.88041246,,,,2025-12-05T13:23:08Z,2009,2009-01-01,2009-12-31
9106847,GHED_GGHE-DGDP_SHA2011,COUNTRY,URY,AMR,Americas,YEAR,2020,,,,,,,,,6.51,6.50547266,,,,2025-12-05T13:23:08Z,2020,2020-01-01,2020-12-31
9113305,GHED_GGHE-DGDP_SHA2011,COUNTRY,PRY,AMR,Americas,YEAR,2016,,,,,,,,,3.15,3.14797997,,,,2025-12-05T13:23:08Z,2016,2016-01-01,2016-12-31
9118773,GHED_GGHE-DGDP_SHA2011,COUNTRY,GRD,AMR,Americas,YEAR,2013,,,,,,,,,2.28,2.27822328,,,,2025-12-05T13:23:08Z,2013,2013-01-01,2013-12-31
9121224,GHED_GGHE-DGDP_SHA2011,COUNTRY,SLB,WPR,Western Pacific,YEAR,2018,,,,,,,,,2.96,2.96293306,,,,2025-12-05T13:23:08Z,2018,2018-01-01,2018-12-31
9122156,GHED_GGHE-DGDP_SHA2011,COUNTRY,ROU,EUR,Europe,YEAR,2009,,,,,,,,,4.15,4.15188551,,,,2025-12-05T13:23:08Z,2009,2009-01-01,2009-12-31
9125717,GHED_GGHE-DGDP_SHA2011,COUNTRY,SEN,AFR,Africa,YEAR,2010,,,,,,,,,1.16,1.16160142,,,,2025-12-05T13:23:08Z,2010,2010-01-01,2010-12-31
9127753,GHED_GGHE-DGDP_SHA2011,COUNTRY,TLS,SEAR,South-East Asia,YEAR,2016,,,,,,,,,3.45,3.44634151,,,,2025-12-05T13:23:08Z,2016,2016-01-01,2016-12-31
9127869,GHED_GGHE-DGDP_SHA2011,COUNTRY,PAK,EMR,Eastern Mediterranean,YEAR,2022,,,,,,,,,1.11,1.10770965,,,,2025-12-05T13:23:08Z,2022,2022-01-01,2022-12-31
9128278,GHED_GGHE-DGDP_SHA2011,COUNTRY,NOR,EUR,Europe,YEAR,2013,,,,,,,,,7.55,7.5452013000000004,,,,2025-12-05T13:23:08Z,2013,2013-01-01,2013-12-31
9129698,GHED_GGHE-DGDP_SHA2011,COUNTRY,ITA,EUR,Europe,YEAR,2002,,,,,,,,,5.87,5.87404585,,,,2025-12-05T13:23:08Z,2002,2002-01-01,2002-12-31
9132870,GHED_GGHE-DGDP_SHA2011,COUNTRY,TLS,SEAR,South-East Asia,YEAR,2009,,,,,,,,,3.25,3.24565578,,,,2025-12-05T13:23:08Z,2009,2009-01-01,2009-12-31
9135105,GHED_GGHE-DGDP_SHA2011,COUNTRY,NIU,WPR,Western Pacific,YEAR,2008,,,,,,,,,15.31,15.30867672,,,,2025-12-05T13:23:08Z,2008,2008-01-01,2008-12-31
9137729,GHED_GGHE-DGDP_SHA2011,COUNTRY,PHL,WPR,Western Pacific,YEAR,2016,,,,,,,,,1.47,1.47373402,,,,2025-12-05T13:23:08Z,2016,2016-01-01,2016-12-31
9138120,GHED_GGHE-DGDP_SHA2011,COUNTRY,NIU,WPR,Western Pacific,YEAR,2010,,,,,,,,,10.52,10.51618958,,,,2025-12-05T13:23:08Z,2010,2010-01-01,2010-12-31
9138356,GHED_GGHE-DGDP_SHA2011,COUNTRY,BEN,AFR,Africa,YEAR,2011,,,,,,,,,0.65,0.65150005,,,,2025-12-05T13:23:08Z,2011,2011-01-01,2011-12-31
9147947,GHED_GGHE-DGDP_SHA2011,COUNTRY,USA,AMR,Americas,YEAR,2022,,,,,,,,,9.12,9.11976719,,,,2025-12-05T13:23:08Z,2022,2022-01-01,2022-12-31
9149856,GHED_GGHE-DGDP_SHA2011,COUNTRY,IRL,EUR,Europe,YEAR,2011,,,,,,,,,7.57,7.56952333,,,,2025-12-05T13:23:08Z,2011,2011-01-01,2011-12-31
9150279,GHED_GGHE-DGDP_SHA2011,COUNTRY,KWT,EMR,Eastern Mediterranean,YEAR,2015,,,,,,,,,3.58,3.57679915,,,,2025-12-05T13:23:08Z,2015,2015-01-01,2015-12-31
9153796,GHED_GGHE-DGDP_SHA2011,COUNTRY,SEN,AFR,Africa,YEAR,2014,,,,,,,,,1.08,1.080037,,,,2025-12-05T13:23:08Z,2014,2014-01-01,2014-12-31
9153884,GHED_GGHE-DGDP_SHA2011,WORLDBANKINCOMEGROUP,WB_UMI,,,YEAR,2002,,,,,,,,,2.93,2.93455562,,,,2025-12-05T13:23:08Z,2002,2002-01-01,2002-12-31
9154414,GHED_GGHE-DGDP_SHA2011,COUNTRY,TTO,AMR,Americas,YEAR,2013,,,,,,,,,2.47,2.47376657,,,,2025-12-05T13:23:08Z,2013,2013-01-01,2013-12-31
9157946,GHED_GGHE-DGDP_SHA2011,COUNTRY,ARE,EMR,Eastern Mediterranean,YEAR,2014,,,,,,,,,2.51,2.50834441,,,,2025-12-05T13:23:08Z,2014,2014-01-01,2014-12-31
9158165,GHED_GGHE-DGDP_SHA2011,COUNTRY,COM,AFR,Africa,YEAR,2013,,,,,,,,,0.66,0.65978307,,,,2025-12-05T13:23:08Z,2013,2013-01-01,2013-12-31
9159084,GHED_GGHE-DGDP_SHA2011,COUNTRY,NER,AFR,Africa,YEAR,2002,,,,,,,,,1.21,1.20736778,,,,2025-12-05T13:23:08Z,2002,2002-01-01,2002-12-31
9159411,GHED_GGHE-DGDP_SHA2011,COUNTRY,ALB,EUR,Europe,YEAR,2019,,,,,,,,,2.89,2.89433575,,,,2025-12-05T13:23:08Z,2019,2019-01-01,2019-12-31
9160648,GHED_GGHE-DGDP_SHA2011,COUNTRY,NGA,AFR,Africa,YEAR,2010,,,,,,,,,0.45,0.44847032,,,,2025-12-05T13:23:08Z,2010,2010-01-01,2010-12-31
9161953,GHED_GGHE-DGDP_SHA2011,COUNTRY,EGY,EMR,Eastern Mediterranean,YEAR,2014,,,,,,,,,1.41,1.41039252,,,,2025-12-05T13:23:08Z,2014,2014-01-01,2014-12-31
9166237,GHED_GGHE-DGDP_SHA2011,COUNTRY,NGA,AFR,Africa,YEAR,2007,,,,,,,,,0.78,0.7786122,,,,2025-12-05T13:23:08Z,2007,2007-01-01,2007-12-31
9168403,GHED_GGHE-DGDP_SHA2011,COUNTRY,MAR,EMR,Eastern Mediterranean,YEAR,2016,,,,,,,,,2.01,2.00518847,,,,2025-12-05T13:23:08Z,2016,2016-01-01,2016-12-31
9180359,GHED_GGHE-DGDP_SHA2011,COUNTRY,BIH,EUR,Europe,YEAR,2018,,,,,,,,,6.12,6.1210475,,,,2025-12-05T13:23:08Z,2018,2018-01-01,2018-12-31
9182873,GHED_GGHE-DGDP_SHA2011,WORLDBANKINCOMEGROUP,WB_HI,,,YEAR,2020,,,,,,,,,6.16,6.16450766,,,,2025-12-05T13:23:08Z,2020,2020-01-01,2020-12-31
9183839,GHED_GGHE-DGDP_SHA2011,COUNTRY,CHE,EUR,Europe,YEAR,2017,,,,,,,,,3.82,3.8158226,,,,2025-12-05T13:23:08Z,2017,2017-01-01,2017-12-31
9186117,GHED_GGHE-DGDP_SHA2011,COUNTRY,SMR,EUR,Europe,YEAR,2001,,,,,,,,,4.26,4.26485729,,,,2025-12-05T13:23:08Z,2001,2001-01-01,2001-12-31
9189164,GHED_GGHE-DGDP_SHA2011,COUNTRY,PAN,AMR,Americas,YEAR,2005,,,,,,,,,3.68,3.68315434,,,,2025-12-05T13:23:08Z,2005,2005-01-01,2005-12-31
9190204,GHED_GGHE-DGDP_SHA2011,COUNTRY,AGO,AFR,Africa,YEAR,2023,,,,,,,,,1.13,1.1340301,,,,2025-12-05T13:23:08Z,2023,2023-01-01,2023-12-31
9191154,GHED_GGHE-DGDP_SHA2011,COUNTRY,PSE,EMR,Eastern Mediterranean,YEAR,2019,,,,,,,,,3.66,3.66190886,,,,2025-12-05T13:23:08Z,2019,2019-01-01,2019-12-31
9192917,GHED_GGHE-DGDP_SHA2011,COUNTRY,BEL,EUR,Europe,YEAR,2015,,,,,,,,,8.27,8.26822186,,,,2025-12-05T13:23:08Z,2015,2015-01-01,2015-12-31
9193674,GHED_GGHE-DGDP_SHA2011,COUNTRY,MCO,EUR,Europe,YEAR,2023,,,,,,,,,2.67,2.67197466,,,,2025-12-05T13:23:08Z,2023,2023-01-01,2023-12-31
9195755,GHED_GGHE-DGDP_SHA2011,REGION,EMR,,,YEAR,2017,,,,,,,,,2.33,2.33310156,,,,2025-12-05T13:23:08Z,2017,2017-01-01,2017-12-31
9202427,GHED_GGHE-DGDP_SHA2011,COUNTRY,SVN,EUR,Europe,YEAR,2021,,,,,,,,,6.98,6.97821045,,,,2025-12-05T13:23:08Z,2021,2021-01-01,2021-12-31
9204210,GHED_GGHE-DGDP_SHA2011,COUNTRY,STP,AFR,Africa,YEAR,2002,,,,,,,,,3.78,3.77630806,,,,2025-12-05T13:23:08Z,2002,2002-01-01,2002-12-31
9205927,GHED_GGHE-DGDP_SHA2011,REGION,EUR,,,YEAR,2006,,,,,,,,,4.55,4.55117379,,,,2025-12-05T13:23:08Z,2006,2006-01-01,2006-12-31
9208220,GHED_GGHE-DGDP_SHA2011,COUNTRY,MWI,AFR,Africa,YEAR,2001,,,,,,,,,0.84,0.83659285,,,,2025-12-05T13:23:08Z,2001,2001-01-01,2001-12-31
9210108,GHED_GGHE-DGDP_SHA2011,COUNTRY,SAU,EMR,Eastern Mediterranean,YEAR,2011,,,,,,,,,2.47,2.46959376,,,,2025-12-05T13:23:08Z,2011,2011-01-01,2011-12-31
9210993,GHED_GGHE-DGDP_SHA2011,COUNTRY,BGD,SEAR,South-East Asia,YEAR,2007,,,,,,,,,0.49,0.48857561,,,,2025-12-05T13:23:08Z,2007,2007-01-01,2007-12-31
9213268,GHED_GGHE-DGDP_SHA2011,COUNTRY,CHL,AMR,Americas,YEAR,2014,,,,,,,,,3.74,3.74321032,,,,2025-12-05T13:23:08Z,2014,2014-01-01,2014-12-31
9213349,GHED_GGHE-DGDP_SHA2011,COUNTRY,BRB,AMR,Americas,YEAR,2008,,,,,,,,,3.17,3.17477036,,,,2025-12-05T13:23:08Z,2008,2008-01-01,2008-12-31
9214674,GHED_GGHE-DGDP_SHA2011,COUNTRY,COD,AFR,Africa,YEAR,2004,,,,,,,,,0.20,0.2026829,,,,2025-12-05T13:23:08Z,2004,2004-01-01,2004-12-31
9214860,GHED_GGHE-DGDP_SHA2011,COUNTRY,BLR,EUR,Europe,YEAR,2008,,,,,,,,,3.48,3.48282266,,,,2025-12-05T13:23:08Z,2008,2008-01-01,2008-12-31
9216759,GHED_GGHE-DGDP_SHA2011,COUNTRY,DOM,AMR,Americas,YEAR,2016,,,,,,,,,2.67,2.6700182,,,,2025-12-05T13:23:08Z,2016,2016-01-01,2016-12-31
9221981,GHED_GGHE-DGDP_SHA2011,COUNTRY,MDA,EUR,Europe,YEAR,2022,,,,,,,,,4.52,4.5151453,,,,2025-12-05T13:23:08Z,2022,2022-01-01,2022-12-31
9222129,GHED_GGHE-DGDP_SHA2011,COUNTRY,PRY,AMR,Americas,YEAR,2011,,,,,,,,,2.46,2.46140838,,,,2025-12-05T13:23:08Z,2011,2011-01-01,2011-12-31
9223421,GHED_GGHE-DGDP_SHA2011,COUNTRY,WSM,WPR,Western Pacific,YEAR,2015,,,,,,,,,4.20,4.20412493,,,,2025-12-05T13:23:08Z,2015,2015-01-01,2015-12-31
9223563,GHED_GGHE-DGDP_SHA2011,COUNTRY,KEN,AFR,Africa,YEAR,2003,,,,,,,,,1.12,1.12453854,,,,2025-12-05T13:23:08Z,2003,2003-01-01,2003-12-31
9227245,GHED_GGHE-DGDP_SHA2011,COUNTRY,PSE,EMR,Eastern Mediterranean,YEAR,2021,,,,,,,,,4.27,4.26700115,,,,2025-12-05T13:23:08Z,2021,2021-01-01,2021-12-31
9233348,GHED_GGHE-DGDP_SHA2011,COUNTRY,LUX,EUR,Europe,YEAR,2014,,,,,,,,,4.41,4.40729094,,,,2025-12-05T13:23:08Z,2014,2014-01-01,2014-12-31
9235077,GHED_GGHE-DGDP_SHA2011,COUNTRY,STP,AFR,Africa,YEAR,2000,,,,,,,,,3.51,3.51259375,,,,2025-12-05T13:23:08Z,2000,2000-01-01,2000-12-31
9238868,GHED_GGHE-DGDP_SHA2011,COUNTRY,SMR,EUR,Europe,YEAR,2010,,,,,,,,,5.36,5.35588455,,,,2025-12-05T13:23:08Z,2010,2010-01-01,2010-12-31
9240417,GHED_GGHE-DGDP_SHA2011,COUNTRY,MNG,WPR,Western Pacific,YEAR,2019,,,,,,,,,2.12,2.11976218,,,,2025-12-05T13:23:08Z,2019,2019-01-01,2019-12-31
9240893,GHED_GGHE-DGDP_SHA2011,COUNTRY,KHM,WPR,Western Pacific,YEAR,2020,,,,,,,,,1.40,1.40071249,,,,2025-12-05T13:23:08Z,2020,2020-01-01,2020-12-31
9242320,GHED_GGHE-DGDP_SHA2011,COUNTRY,BEL,EUR,Europe,YEAR,2000,,,,,,,,,5.96,5.96185923,,,,2025-12-05T13:23:08Z,2000,2000-01-01,2000-12-31
9246641,GHED_GGHE-DGDP_SHA2011,COUNTRY,GEO,EUR,Europe,YEAR,2003,,,,,,,,,1.15,1.14707553,,,,2025-12-05T13:23:08Z,2003,2003-01-01,2003-12-31
9249359,GHED_GGHE-DGDP_SHA2011,COUNTRY,DZA,AFR,Africa,YEAR,2017,,,,,,,,,3.84,3.84453487,,,,2025-12-05T13:23:08Z,2017,2017-01-01,2017-12-31
9252863,GHED_GGHE-DGDP_SHA2011,COUNTRY,TGO,AFR,Africa,YEAR,2017,,,,,,,,,1.05,1.04958856,,,,2025-12-05T13:23:08Z,2017,2017-01-01,2017-12-31
9252945,GHED_GGHE-DGDP_SHA2011,COUNTRY,PNG,WPR,Western Pacific,YEAR,2005,,,,,,,,,1.61,1.61288869,,,,2025-12-05T13:23:08Z,2005,2005-01-01,2005-12-31
9253237,GHED_GGHE-DGDP_SHA2011,COUNTRY,SRB,EUR,Europe,YEAR,2014,,,,,,,,,5.16,5.1614337,,,,2025-12-05T13:23:08Z,2014,2014-01-01,2014-12-31
9254427,GHED_GGHE-DGDP_SHA2011,COUNTRY,PNG,WPR,Western Pacific,YEAR,2011,,,,,,,,,1.50,1.49705744,,,,2025-12-05T13:23:08Z,2011,2011-01-01,2011-12-31
9254699,GHED_GGHE-DGDP_SHA2011,COUNTRY,MWI,AFR,Africa,YEAR,2004,,,,,,,,,0.86,0.85772187,,,,2025-12-05T13:23:08Z,2004,2004-01-01,2004-12-31
9255314,GHED_GGHE-DGDP_SHA2011,COUNTRY,COD,AFR,Africa,YEAR,2005,,,,,,,,,0.21,0.20690806,,,,2025-12-05T13:23:08Z,2005,2005-01-01,2005-12-31
9258908,GHED_GGHE-DGDP_SHA2011,COUNTRY,GRC,EUR,Europe,YEAR,2012,,,,,,,,,5.75,5.7518816,,,,2025-12-05T13:23:08Z,2012,2012-01-01,2012-12-31
9259625,GHED_GGHE-DGDP_SHA2011,COUNTRY,FRA,EUR,Europe,YEAR,2022,,,,,,,,,8.91,8.90620232,,,,2025-12-05T13:23:08Z,2022,2022-01-01,2022-12-31
9260176,GHED_GGHE-DGDP_SHA2011,COUNTRY,KWT,EMR,Eastern Mediterranean,YEAR,2018,,,,,,,,,4.56,4.56324148,,,,2025-12-05T13:23:08Z,2018,2018-01-01,2018-12-31
9263446,GHED_GGHE-DGDP_SHA2011,COUNTRY,BLZ,AMR,Americas,YEAR,2004,,,,,,,,,1.71,1.7102828,,,,2025-12-05T13:23:08Z,2004,2004-01-01,2004-12-31
9265111,GHED_GGHE-DGDP_SHA2011,COUNTRY,UGA,AFR,Africa,YEAR,2023,,,,,,,,,0.92,0.92339057,,,,2025-12-05T13:23:08Z,2023,2023-01-01,2023-12-31
9266619,GHED_GGHE-DGDP_SHA2011,COUNTRY,VEN,AMR,Americas,YEAR,2018,,,,,,,,,1.25,1.24563158,,,,2025-12-05T13:23:08Z,2018,2018-01-01,2018-12-31
9266655,GHED_GGHE-DGDP_SHA2011,COUNTRY,MRT,AFR,Africa,YEAR,2010,,,,,,,,,0.73,0.73150158,,,,2025-12-05T13:23:08Z,2010,2010-01-01,2010-12-31
9268870,GHED_GGHE-DGDP_SHA2011,COUNTRY,PNG,WPR,Western Pacific,YEAR,2010,,,,,,,,,1.30,1.30032146,,,,2025-12-05T13:23:08Z,2010,2010-01-01,2010-12-31
9272691,GHED_GGHE-DGDP_SHA2011,COUNTRY,CUB,AMR,Americas,YEAR,2012,,,,,,,,,8.06,8.06292343,,,,2025-12-05T13:23:08Z,2012,2012-01-01,2012-12-31
9272822,GHED_GGHE-DGDP_SHA2011,COUNTRY,KEN,AFR,Africa,YEAR,2012,,,,,,,,,1.63,1.62624443,,,,2025-12-05T13:23:08Z,2012,2012-01-01,2012-12-31
9273562,GHED_GGHE-DGDP_SHA2011,COUNTRY,MCO,EUR,Europe,YEAR,2001,,,,,,,,,3.01,3.0067246,,,,2025-12-05T13:23:08Z,2001,2001-01-01,2001-12-31
9273720,GHED_GGHE-DGDP_SHA2011,COUNTRY,STP,AFR,Africa,YEAR,2001,,,,,,,,,3.71,3.70773029,,,,2025-12-05T13:23:08Z,2001,2001-01-01,2001-12-31
9274977,GHED_GGHE-DGDP_SHA2011,COUNTRY,FRA,EUR,Europe,YEAR,2015,,,,,,,,,8.23,8.23389816,,,,2025-12-05T13:23:08Z,2015,2015-01-01,2015-12-31
9276065,GHED_GGHE-DGDP_SHA2011,COUNTRY,RUS,EUR,Europe,YEAR,2023,,,,,,,,,4.93,4.93410778,,,,2025-12-05T13:23:08Z,2023,2023-01-01,2023-12-31
9279644,GHED_GGHE-DGDP_SHA2011,COUNTRY,SMR,EUR,Europe,YEAR,2004,,,,,,,,,3.75,3.74707913,,,,2025-12-05T13:23:08Z,2004,2004-01-01,2004-12-31
9280412,GHED_GGHE-DGDP_SHA2011,COUNTRY,TCD,AFR,Africa,YEAR,2007,,,,,,,,,0.82,0.81764281,,,,2025-12-05T13:23:08Z,2007,2007-01-01,2007-12-31
9283696,GHED_GGHE-DGDP_SHA2011,COUNTRY,VCT,AMR,Americas,YEAR,2009,,,,,,,,,2.50,2.5003233,,,,2025-12-05T13:23:08Z,2009,2009-01-01,2009-12-31
9292151,GHED_GGHE-DGDP_SHA2011,COUNTRY,SWE,EUR,Europe,YEAR,2010,,,,,,,,,6.85,6.85484648,,,,2025-12-05T13:23:08Z,2010,2010-01-01,2010-12-31
9293293,GHED_GGHE-DGDP_SHA2011,COUNTRY,KWT,EMR,Eastern Mediterranean,YEAR,2020,,,,,,,,,5.41,5.41016102,,,,2025-12-05T13:23:08Z,2020,2020-01-01,2020-12-31
9295595,GHED_GGHE-DGDP_SHA2011,COUNTRY,URY,AMR,Americas,YEAR,2023,,,,,,,,,6.53,6.52589464,,,,2025-12-05T13:23:08Z,2023,2023-01-01,2023-12-31
9295621,GHED_GGHE-DGDP_SHA2011,COUNTRY,BEN,AFR,Africa,YEAR,2018,,,,,,,,,0.67,0.66673458,,,,2025-12-05T13:23:08Z,2018,2018-01-01,2018-12-31
9304535,GHED_GGHE-DGDP_SHA2011,COUNTRY,SLE,AFR,Africa,YEAR,2019,,,,,,,,,0.78,0.77659142,,,,2025-12-05T13:23:08Z,2019,2019-01-01,2019-12-31
9307922,GHED_GGHE-DGDP_SHA2011,COUNTRY,QAT,EMR,Eastern Mediterranean,YEAR,2018,,,,,,,,,2.51,2.50761104,,,,2025-12-05T13:23:08Z,2018,2018-01-01,2018-12-31
9309999,GHED_GGHE-DGDP_SHA2011,COUNTRY,MRT,AFR,Africa,YEAR,2011,,,,,,,,,0.75,0.74974972,,,,2025-12-05T13:23:08Z,2011,2011-01-01,2011-12-31
9311307,GHED_GGHE-DGDP_SHA2011,COUNTRY,GNB,AFR,Africa,YEAR,2019,,,,,,,,,0.46,0.45877996,,,,2025-12-05T13:23:08Z,2019,2019-01-01,2019-12-31
9312269,GHED_GGHE-DGDP_SHA2011,COUNTRY,CZE,EUR,Europe,YEAR,2005,,,,,,,,,5.40,5.3993310900000004,,,,2025-12-05T13:23:08Z,2005,2005-01-01,2005-12-31
9318487,GHED_GGHE-DGDP_SHA2011,COUNTRY,PAN,AMR,Americas,YEAR,2023,,,,,,,,,4.27,4.26657534,,,,2025-12-05T13:23:08Z,2023,2023-01-01,2023-12-31
9324776,GHED_GGHE-DGDP_SHA2011,COUNTRY,SLE,AFR,Africa,YEAR,2018,,,,,,,,,0.49,0.49137551,,,,2025-12-05T13:23:08Z,2018,2018-01-01,2018-12-31
9330226,GHED_GGHE-DGDP_SHA2011,COUNTRY,WSM,WPR,Western Pacific,YEAR,2016,,,,,,,,,3.81,3.81041527,,,,2025-12-05T13:23:08Z,2016,2016-01-01,2016-12-31
9332137,GHED_GGHE-DGDP_SHA2011,COUNTRY,SWZ,AFR,Africa,YEAR,2000,,,,,,,,,2.41,2.41081047,,,,2025-12-05T13:23:08Z,2000,2000-01-01,2000-12-31
9334837,GHED_GGHE-DGDP_SHA2011,COUNTRY,AGO,AFR,Africa,YEAR,2006,,,,,,,,,1.29,1.28968012,,,,2025-12-05T13:23:08Z,2006,2006-01-01,2006-12-31
9339727,GHED_GGHE-DGDP_SHA2011,COUNTRY,BLR,EUR,Europe,YEAR,2021,,,,,,,,,4.87,4.87342072,,,,2025-12-05T13:23:08Z,2021,2021-01-01,2021-12-31
9342021,GHED_GGHE-DGDP_SHA2011,COUNTRY,CHE,EUR,Europe,YEAR,2015,,,,,,,,,3.67,3.6722703,,,,2025-12-05T13:23:08Z,2015,2015-01-01,2015-12-31
9345062,GHED_GGHE-DGDP_SHA2011,COUNTRY,SVN,EUR,Europe,YEAR,2012,,,,,,,,,6.23,6.22969151,,,,2025-12-05T13:23:08Z,2012,2012-01-01,2012-12-31
9345653,GHED_GGHE-DGDP_SHA2011,REGION,EUR,,,YEAR,2014,,,,,,,,,4.94,4.94329388,,,,2026-01-12T13:50:53Z,2014,2014-01-01,2014-12-31
9348904,GHED_GGHE-DGDP_SHA2011,COUNTRY,SAU,EMR,Eastern Mediterranean,YEAR,2017,,,,,,,,,4.33,4.33328104,,,,2025-12-05T13:23:08Z,2017,2017-01-01,2017-12-31
9356351,GHED_GGHE-DGDP_SHA2011,COUNTRY,SDN,EMR,Eastern Mediterranean,YEAR,2005,,,,,,,,,1.60,1.59963596,,,,2025-12-05T13:23:08Z,2005,2005-01-01,2005-12-31
9356558,GHED_GGHE-DGDP_SHA2011,COUNTRY,LKA,SEAR,South-East Asia,YEAR,2002,,,,,,,,,2.16,2.15791655,,,,2025-12-05T13:23:08Z,2002,2002-01-01,2002-12-31
9358480,GHED_GGHE-DGDP_SHA2011,COUNTRY,GNQ,AFR,Africa,YEAR,2014,,,,,,,,,0.65,0.65114552,,,,2025-12-05T13:23:08Z,2014,2014-01-01,2014-12-31
9363455,GHED_GGHE-DGDP_SHA2011,COUNTRY,GBR,EUR,Europe,YEAR,2005,,,,,,,,,6.81,6.81143427,,,,2025-12-05T13:23:08Z,2005,2005-01-01,2005-12-31
9364045,GHED_GGHE-DGDP_SHA2011,COUNTRY,LBR,AFR,Africa,YEAR,2004,,,,,,,,,0.52,0.51704127,,,,2025-12-05T13:23:08Z,2004,2004-01-01,2004-12-31
9364046,GHED_GGHE-DGDP_SHA2011,COUNTRY,WSM,WPR,Western Pacific,YEAR,2003,,,,,,,,,2.82,2.81717443,,,,2025-12-05T13:23:08Z,2003,2003-01-01,2003-12-31
9366432,GHED_GGHE-DGDP_SHA2011,COUNTRY,URY,AMR,Americas,YEAR,2003,,,,,,,,,5.01,5.01494408,,,,2025-12-05T13:23:08Z,2003,2003-01-01,2003-12-31
9377600,GHED_GGHE-DGDP_SHA2011,COUNTRY,FSM,WPR,Western Pacific,YEAR,2022,,,,,,,,,1.55,1.55440867,,,,2025-12-05T13:23:08Z,2022,2022-01-01,2022-12-31
9377714,GHED_GGHE-DGDP_SHA2011,COUNTRY,PSE,EMR,Eastern Mediterranean,YEAR,2001,,,,,,,,,2.56,2.56014633,,,,2025-12-05T13:23:08Z,2001,2001-01-01,2001-12-31
9377897,GHED_GGHE-DGDP_SHA2011,COUNTRY,COD,AFR,Africa,YEAR,2022,,,,,,,,,0.72,0.72449565,,,,2025-12-05T13:23:08Z,2022,2022-01-01,2022-12-31
9378895,GHED_GGHE-DGDP_SHA2011,COUNTRY,BHR,EMR,Eastern Mediterranean,YEAR,2013,,,,,,,,,2.70,2.70170784,,,,2025-12-05T13:23:08Z,2013,2013-01-01,2013-12-31
9379529,GHED_GGHE-DGDP_SHA2011,COUNTRY,GBR,EUR,Europe,YEAR,2017,,,,,,,,,7.73,7.73283911,,,,2025-12-05T13:23:08Z,2017,2017-01-01,2017-12-31
9380714,GHED_GGHE-DGDP_SHA2011,COUNTRY,COK,WPR,Western Pacific,YEAR,2009,,,,,,,,,3.17,3.17298222,,,,2025-12-05T13:23:08Z,2009,2009-01-01,2009-12-31
9380806,GHED_GGHE-DGDP_SHA2011,COUNTRY,JPN,WPR,Western Pacific,YEAR,2022,,,,,,,,,10.60,10.60008049,,,,2025-12-05T13:23:08Z,2022,2022-01-01,2022-12-31
9382052,GHED_GGHE-DGDP_SHA2011,COUNTRY,BHR,EMR,Eastern Mediterranean,YEAR,2008,,,,,,,,,2.00,2.00388288,,,,2025-12-05T13:23:08Z,2008,2008-01-01,2008-12-31
9384532,GHED_GGHE-DGDP_SHA2011,COUNTRY,TJK,EUR,Europe,YEAR,2022,,,,,,,,,1.79,1.78677893,,,,2025-12-05T13:23:08Z,2022,2022-01-01,2022-12-31
9390637,GHED_GGHE-DGDP_SHA2011,COUNTRY,MHL,WPR,Western Pacific,YEAR,2018,,,,,,,,,6.51,6.50871277,,,,2025-12-05T13:23:08Z,2018,2018-01-01,2018-12-31
9393723,GHED_GGHE-DGDP_SHA2011,COUNTRY,NZL,WPR,Western Pacific,YEAR,2001,,,,,,,,,5.55,5.54619789,,,,2025-12-05T13:23:08Z,2001,2001-01-01,2001-12-31
9395875,GHED_GGHE-DGDP_SHA2011,COUNTRY,THA,SEAR,South-East Asia,YEAR,2005,,,,,,,,,2.01,2.013062,,,,2025-12-05T13:23:08Z,2005,2005-01-01,2005-12-31
9395878,GHED_GGHE-DGDP_SHA2011,COUNTRY,ETH,AFR,Africa,YEAR,2017,,,,,,,,,0.86,0.8612687,,,,2025-12-05T13:23:08Z,2017,2017-01-01,2017-12-31
9396297,GHED_GGHE-DGDP_SHA2011,COUNTRY,NAM,AFR,Africa,YEAR,2003,,,,,,,,,6.06,6.06180239,,,,2025-12-05T13:23:08Z,2003,2003-01-01,2003-12-31
9402905,GHED_GGHE-DGDP_SHA2011,COUNTRY,LBN,EMR,Eastern Mediterranean,YEAR,2008,,,,,,,,,3.08,3.07543588,,,,2025-12-05T13:23:08Z,2008,2008-01-01,2008-12-31
9404392,GHED_GGHE-DGDP_SHA2011,COUNTRY,PHL,WPR,Western Pacific,YEAR,2002,,,,,,,,,0.98,0.97705829,,,,2025-12-05T13:23:08Z,2002,2002-01-01,2002-12-31
9405554,GHED_GGHE-DGDP_SHA2011,COUNTRY,SYR,EMR,Eastern Mediterranean,YEAR,2019,,,,,,,,,1.97,1.97450435,,,,2025-12-05T13:23:08Z,2019,2019-01-01,2019-12-31
9408110,GHED_GGHE-DGDP_SHA2011,COUNTRY,WSM,WPR,Western Pacific,YEAR,2017,,,,,,,,,3.92,3.92468739,,,,2025-12-05T13:23:08Z,2017,2017-01-01,2017-12-31
9408334,GHED_GGHE-DGDP_SHA2011,COUNTRY,SWZ,AFR,Africa,YEAR,2006,,,,,,,,,3.46,3.45948696,,,,2025-12-05T13:23:08Z,2006,2006-01-01,2006-12-31
9410061,GHED_GGHE-DGDP_SHA2011,COUNTRY,COD,AFR,Africa,YEAR,2023,,,,,,,,,0.69,0.68990564,,,,2025-12-05T13:23:08Z,2023,2023-01-01,2023-12-31
9411398,GHED_GGHE-DGDP_SHA2011,COUNTRY,MDV,SEAR,South-East Asia,YEAR,2002,,,,,,,,,2.55,2.54975939,,,,2025-12-05T13:23:08Z,2002,2002-01-01,2002-12-31
9412178,GHED_GGHE-DGDP_SHA2011,COUNTRY,COL,AMR,Americas,YEAR,2009,,,,,,,,,5.27,5.26797438,,,,2025-12-05T13:23:08Z,2009,2009-01-01,2009-12-31
9414274,GHED_GGHE-DGDP_SHA2011,COUNTRY,KGZ,EUR,Europe,YEAR,2023,,,,,,,,,2.40,2.40183544,,,,2025-12-05T13:23:08Z,2023,2023-01-01,2023-12-31
9414401,GHED_GGHE-DGDP_SHA2011,COUNTRY,CUB,AMR,Americas,YEAR,2019,,,,,,,,,9.87,9.86760807,,,,2025-12-05T13:23:08Z,2019,2019-01-01,2019-12-31
9415741,GHED_GGHE-DGDP_SHA2011,COUNTRY,BLR,EUR,Europe,YEAR,2022,,,,,,,,,4.44,4.44357491,,,,2025-12-05T13:23:08Z,2022,2022-01-01,2022-12-31
9419357,GHED_GGHE-DGDP_SHA2011,COUNTRY,BLZ,AMR,Americas,YEAR,2012,,,,,,,,,2.87,2.86571932,,,,2025-12-05T13:23:08Z,2012,2012-01-01,2012-12-31
9419895,GHED_GGHE-DGDP_SHA2011,COUNTRY,SVK,EUR,Europe,YEAR,2003,,,,,,,,,4.77,4.77106667,,,,2025-12-05T13:23:08Z,2003,2003-01-01,2003-12-31
9420423,GHED_GGHE-DGDP_SHA2011,COUNTRY,PNG,WPR,Western Pacific,YEAR,2022,,,,,,,,,1.53,1.52998793,,,,2025-12-05T13:23:08Z,2022,2022-01-01,2022-12-31
9420825,GHED_GGHE-DGDP_SHA2011,GLOBAL,GLOBAL,,,YEAR,2018,,,,,,,,,3.42,3.42375321,,,,2025-12-05T13:23:08Z,2018,2018-01-01,2018-12-31
9422914,GHED_GGHE-DGDP_SHA2011,COUNTRY,IRQ,EMR,Eastern Mediterranean,YEAR,2023,,,,,,,,,2.55,2.54604125,,,,2025-12-05T13:23:08Z,2023,2023-01-01,2023-12-31
9429424,GHED_GGHE-DGDP_SHA2011,COUNTRY,JPN,WPR,Western Pacific,YEAR,2017,,,,,,,,,8.97,8.97414494,,,,2025-12-05T13:23:08Z,2017,2017-01-01,2017-12-31
9430208,GHED_GGHE-DGDP_SHA2011,COUNTRY,UZB,EUR,Europe,YEAR,2006,,,,,,,,,1.93,1.9279021,,,,2025-12-05T13:23:08Z,2006,2006-01-01,2006-12-31
9431368,GHED_GGHE-DGDP_SHA2011,COUNTRY,BEN,AFR,Africa,YEAR,2022,,,,,,,,,0.51,0.50720674,,,,2025-12-05T13:23:08Z,2022,2022-01-01,2022-12-31
9435222,GHED_GGHE-DGDP_SHA2011,COUNTRY,IRQ,EMR,Eastern Mediterranean,YEAR,2013,,,,,,,,,1.15,1.1463443,,,,2025-12-05T13:23:08Z,2013,2013-01-01,2013-12-31
9437193,GHED_GGHE-DGDP_SHA2011,COUNTRY,JPN,WPR,Western Pacific,YEAR,2010,,,,,,,,,7.43,7.42507124,,,,2025-12-05T13:23:08Z,2010,2010-01-01,2010-12-31
9439401,GHED_GGHE-DGDP_SHA2011,COUNTRY,BDI,AFR,Africa,YEAR,2007,,,,,,,,,2.46,2.46383238,,,,2025-12-05T13:23:08Z,2007,2007-01-01,2007-12-31
9440888,GHED_GGHE-DGDP_SHA2011,COUNTRY,BEN,AFR,Africa,YEAR,2003,,,,,,,,,1.05,1.05233788,,,,2025-12-05T13:23:08Z,2003,2003-01-01,2003-12-31
9441935,GHED_GGHE-DGDP_SHA2011,COUNTRY,COM,AFR,Africa,YEAR,2015,,,,,,,,,0.47,0.46612623,,,,2025-12-05T13:23:08Z,2015,2015-01-01,2015-12-31
9442416,GHED_GGHE-DGDP_SHA2011,COUNTRY,LSO,AFR,Africa,YEAR,2008,,,,,,,,,4.37,4.36957979,,,,2025-12-05T13:23:08Z,2008,2008-01-01,2008-12-31
9443644,GHED_GGHE-DGDP_SHA2011,COUNTRY,GBR,EUR,Europe,YEAR,2013,,,,,,,,,7.94,7.93981838,,,,2025-12-05T13:23:08Z,2013,2013-01-01,2013-12-31
9446500,GHED_GGHE-DGDP_SHA2011,COUNTRY,TGO,AFR,Africa,YEAR,2008,,,,,,,,,0.60,0.60018307,,,,2025-12-05T13:23:08Z,2008,2008-01-01,2008-12-31
9448308,GHED_GGHE-DGDP_SHA2011,COUNTRY,IND,SEAR,South-East Asia,YEAR,2010,,,,,,,,,0.87,0.87431055,,,,2025-12-05T13:23:08Z,2010,2010-01-01,2010-12-31
9449051,GHED_GGHE-DGDP_SHA2011,COUNTRY,SUR,AMR,Americas,YEAR,2022,,,,,,,,,4.15,4.15005636,,,,2025-12-05T13:23:08Z,2022,2022-01-01,2022-12-31
9449819,GHED_GGHE-DGDP_SHA2011,COUNTRY,URY,AMR,Americas,YEAR,2002,,,,,,,,,4.62,4.62101603,,,,2025-12-05T13:23:08Z,2002,2002-01-01,2002-12-31
9451126,GHED_GGHE-DGDP_SHA2011,COUNTRY,IDN,WPR,Western Pacific,YEAR,2008,,,,,,,,,0.90,0.89791358,,,,2025-12-05T13:23:08Z,2008,2008-01-01,2008-12-31
9452034,GHED_GGHE-DGDP_SHA2011,COUNTRY,LUX,EUR,Europe,YEAR,2012,,,,,,,,,4.43,4.4276371,,,,2025-12-05T13:23:08Z,2012,2012-01-01,2012-12-31
9456887,GHED_GGHE-DGDP_SHA2011,COUNTRY,AUS,WPR,Western Pacific,YEAR,2020,,,,,,,,,7.85,7.85286617,,,,2025-12-05T13:23:08Z,2020,2020-01-01,2020-12-31
9461272,GHED_GGHE-DGDP_SHA2011,COUNTRY,SLE,AFR,Africa,YEAR,2009,,,,,,,,,0.63,0.63343221,,,,2025-12-05T13:23:08Z,2009,2009-01-01,2009-12-31
9463913,GHED_GGHE-DGDP_SHA2011,COUNTRY,HTI,AMR,Americas,YEAR,2007,,,,,,,,,0.79,0.79249322,,,,2025-12-05T13:23:08Z,2007,2007-01-01,2007-12-31
9465644,GHED_GGHE-DGDP_SHA2011,COUNTRY,AGO,AFR,Africa,YEAR,2005,,,,,,,,,1.14,1.14204562,,,,2025-12-05T13:23:08Z,2005,2005-01-01,2005-12-31
9468294,GHED_GGHE-DGDP_SHA2011,COUNTRY,GAB,AFR,Africa,YEAR,2013,,,,,,,,,1.82,1.82302928,,,,2025-12-05T13:23:08Z,2013,2013-01-01,2013-12-31
9468490,GHED_GGHE-DGDP_SHA2011,COUNTRY,TUR,EUR,Europe,YEAR,2003,,,,,,,,,3.57,3.57052255,,,,2025-12-05T13:23:08Z,2003,2003-01-01,2003-12-31
9468588,GHED_GGHE-DGDP_SHA2011,COUNTRY,TJK,EUR,Europe,YEAR,2011,,,,,,,,,1.31,1.30533111,,,,2025-12-05T13:23:08Z,2011,2011-01-01,2011-12-31
9469752,GHED_GGHE-DGDP_SHA2011,COUNTRY,VCT,AMR,Americas,YEAR,2014,,,,,,,,,2.53,2.53159404,,,,2025-12-05T13:23:08Z,2014,2014-01-01,2014-12-31
9470208,GHED_GGHE-DGDP_SHA2011,COUNTRY,MAR,EMR,Eastern Mediterranean,YEAR,2008,,,,,,,,,1.50,1.50152016,,,,2025-12-05T13:23:08Z,2008,2008-01-01,2008-12-31
9470918,GHED_GGHE-DGDP_SHA2011,COUNTRY,LVA,EUR,Europe,YEAR,2006,,,,,,,,,3.71,3.70522499,,,,2025-12-05T13:23:08Z,2006,2006-01-01,2006-12-31
9472937,GHED_GGHE-DGDP_SHA2011,COUNTRY,GNQ,AFR,Africa,YEAR,2021,,,,,,,,,1.14,1.14400554,,,,2025-12-05T13:23:08Z,2021,2021-01-01,2021-12-31
9473657,GHED_GGHE-DGDP_SHA2011,COUNTRY,KAZ,EUR,Europe,YEAR,2022,,,,,,,,,2.30,2.30231667,,,,2025-12-05T13:23:08Z,2022,2022-01-01,2022-12-31
9473723,GHED_GGHE-DGDP_SHA2011,COUNTRY,CZE,EUR,Europe,YEAR,2014,,,,,,,,,6.33,6.33035374,,,,2025-12-05T13:23:08Z,2014,2014-01-01,2014-12-31
9477266,GHED_GGHE-DGDP_SHA2011,COUNTRY,LTU,EUR,Europe,YEAR,2003,,,,,,,,,4.59,4.59060907,,,,2025-12-05T13:23:08Z,2003,2003-01-01,2003-12-31
9477848,GHED_GGHE-DGDP_SHA2011,COUNTRY,HRV,EUR,Europe,YEAR,2020,,,,,,,,,6.28,6.28337812,,,,2025-12-05T13:23:08Z,2020,2020-01-01,2020-12-31
9478972,GHED_GGHE-DGDP_SHA2011,COUNTRY,SLB,WPR,Western Pacific,YEAR,2003,,,,,,,,,5.24,5.23841286,,,,2025-12-05T13:23:08Z,2003,2003-01-01,2003-12-31
9479429,GHED_GGHE-DGDP_SHA2011,COUNTRY,ALB,EUR,Europe,YEAR,2006,,,,,,,,,2.61,2.60609818,,,,2025-12-05T13:23:08Z,2006,2006-01-01,2006-12-31
9485667,GHED_GGHE-DGDP_SHA2011,COUNTRY,MDV,SEAR,South-East Asia,YEAR,2012,,,,,,,,,4.21,4.20904255,,,,2025-12-05T13:23:08Z,2012,2012-01-01,2012-12-31
9487646,GHED_GGHE-DGDP_SHA2011,COUNTRY,KAZ,EUR,Europe,YEAR,2009,,,,,,,,,2.67,2.66703558,,,,2025-12-05T13:23:08Z,2009,2009-01-01,2009-12-31
9491546,GHED_GGHE-DGDP_SHA2011,COUNTRY,TJK,EUR,Europe,YEAR,2010,,,,,,,,,1.18,1.18032789,,,,2025-12-05T13:23:08Z,2010,2010-01-01,2010-12-31
9491666,GHED_GGHE-DGDP_SHA2011,COUNTRY,TJK,EUR,Europe,YEAR,2001,,,,,,,,,0.88,0.8757962,,,,2025-12-05T13:23:08Z,2001,2001-01-01,2001-12-31
9493102,GHED_GGHE-DGDP_SHA2011,COUNTRY,MDG,AFR,Africa,YEAR,2016,,,,,,,,,2.37,2.37194586,,,,2025-12-05T13:23:08Z,2016,2016-01-01,2016-12-31
9495205,GHED_GGHE-DGDP_SHA2011,COUNTRY,FJI,WPR,Western Pacific,YEAR,2008,,,,,,,,,2.21,2.21144366,,,,2025-12-05T13:23:08Z,2008,2008-01-01,2008-12-31
9497354,GHED_GGHE-DGDP_SHA2011,COUNTRY,TON,WPR,Western Pacific,YEAR,2018,,,,,,,,,3.20,3.19946599,,,,2025-12-05T13:23:08Z,2018,2018-01-01,2018-12-31
9497427,GHED_GGHE-DGDP_SHA2011,COUNTRY,GBR,EUR,Europe,YEAR,2003,,,,,,,,,6.31,6.30874586,,,,2025-12-05T13:23:08Z,2003,2003-01-01,2003-12-31
9497488,GHED_GGHE-DGDP_SHA2011,COUNTRY,EST,EUR,Europe,YEAR,2018,,,,,,,,,4.83,4.82979679,,,,2025-12-05T13:23:08Z,2018,2018-01-01,2018-12-31
9497781,GHED_GGHE-DGDP_SHA2011,COUNTRY,PRY,AMR,Americas,YEAR,2013,,,,,,,,,2.65,2.6527679,,,,2025-12-05T13:23:08Z,2013,2013-01-01,2013-12-31
9501880,GHED_GGHE-DGDP_SHA2011,COUNTRY,LBR,AFR,Africa,YEAR,2001,,,,,,,,,0.53,0.5318647,,,,2025-12-05T13:23:08Z,2001,2001-01-01,2001-12-31
9503695,GHED_GGHE-DGDP_SHA2011,COUNTRY,UZB,EUR,Europe,YEAR,2003,,,,,,,,,1.90,1.89574766,,,,2025-12-05T13:23:08Z,2003,2003-01-01,2003-12-31
9508757,GHED_GGHE-DGDP_SHA2011,COUNTRY,PER,AMR,Americas,YEAR,2008,,,,,,,,,2.18,2.17900085,,,,2025-12-05T13:23:08Z,2008,2008-01-01,2008-12-31
9511435,GHED_GGHE-DGDP_SHA2011,COUNTRY,BLR,EUR,Europe,YEAR,2020,,,,,,,,,4.54,4.54088545,,,,2025-12-05T13:23:08Z,2020,2020-01-01,2020-12-31
9513746,GHED_GGHE-DGDP_SHA2011,COUNTRY,NIC,AMR,Americas,YEAR,2007,,,,,,,,,3.15,3.15306878,,,,2025-12-05T13:23:08Z,2007,2007-01-01,2007-12-31
9514522,GHED_GGHE-DGDP_SHA2011,COUNTRY,QAT,EMR,Eastern Mediterranean,YEAR,2001,,,,,,,,,1.46,1.4624722000000001,,,,2025-12-05T13:23:08Z,2001,2001-01-01,2001-12-31
9518530,GHED_GGHE-DGDP_SHA2011,COUNTRY,MCO,EUR,Europe,YEAR,2019,,,,,,,,,3.34,3.3414309,,,,2025-12-05T13:23:08Z,2019,2019-01-01,2019-12-31
9522883,GHED_GGHE-DGDP_SHA2011,COUNTRY,LCA,AMR,Americas,YEAR,2015,,,,,,,,,1.99,1.99191558,,,,2025-12-05T13:23:08Z,2015,2015-01-01,2015-12-31
9530337,GHED_GGHE-DGDP_SHA2011,COUNTRY,MMR,SEAR,South-East Asia,YEAR,2012,,,,,,,,,0.42,0.41945723,,,,2025-12-05T13:23:08Z,2012,2012-01-01,2012-12-31
9531521,GHED_GGHE-DGDP_SHA2011,COUNTRY,BDI,AFR,Africa,YEAR,2018,,,,,,,,,2.06,2.0575192,,,,2025-12-05T13:23:08Z,2018,2018-01-01,2018-12-31
9531879,GHED_GGHE-DGDP_SHA2011,COUNTRY,PSE,EMR,Eastern Mediterranean,YEAR,2003,,,,,,,,,3.08,3.0772078,,,,2025-12-05T13:23:08Z,2003,2003-01-01,2003-12-31
9539612,GHED_GGHE-DGDP_SHA2011,WORLDBANKINCOMEGROUP,WB_LI,,,YEAR,2003,,,,,,,,,1.28,1.27808331,,,,2025-12-05T13:23:08Z,2003,2003-01-01,2003-12-31
9542202,GHED_GGHE-DGDP_SHA2011,COUNTRY,GAB,AFR,Africa,YEAR,2003,,,,,,,,,1.44,1.4352864,,,,2025-12-05T13:23:08Z,2003,2003-01-01,2003-12-31
9545275,GHED_GGHE-DGDP_SHA2011,REGION,SEAR,,,YEAR,2021,,,,,,,,,2.40,2.40399084,,,,2025-12-05T13:23:08Z,2021,2021-01-01,2021-12-31
9545326,GHED_GGHE-DGDP_SHA2011,COUNTRY,SVK,EUR,Europe,YEAR,2015,,,,,,,,,5.31,5.30798721,,,,2025-12-05T13:23:08Z,2015,2015-01-01,2015-12-31
9548108,GHED_GGHE-DGDP_SHA2011,COUNTRY,MDA,EUR,Europe,YEAR,2017,,,,,,,,,3.61,3.60770988,,,,2025-12-05T13:23:08Z,2017,2017-01-01,2017-12-31
9549262,GHED_GGHE-DGDP_SHA2011,COUNTRY,DMA,AMR,Americas,YEAR,2023,,,,,,,,,3.36,3.36183167,,,,2025-12-05T13:23:08Z,2023,2023-01-01,2023-12-31
9549813,GHED_GGHE-DGDP_SHA2011,COUNTRY,TON,WPR,Western Pacific,YEAR,2008,,,,,,,,,2.90,2.89580131,,,,2025-12-05T13:23:08Z,2008,2008-01-01,2008-12-31
9550293,GHED_GGHE-DGDP_SHA2011,COUNTRY,NPL,SEAR,South-East Asia,YEAR,2002,,,,,,,,,0.79,0.79272741,,,,2025-12-05T13:23:08Z,2002,2002-01-01,2002-12-31
9550306,GHED_GGHE-DGDP_SHA2011,COUNTRY,TZA,AFR,Africa,YEAR,2016,,,,,,,,,1.61,1.61013722,,,,2025-12-05T13:23:08Z,2016,2016-01-01,2016-12-31
9555396,GHED_GGHE-DGDP_SHA2011,COUNTRY,IRN,EMR,Eastern Mediterranean,YEAR,2022,,,,,,,,,2.63,2.62992668,,,,2025-12-05T13:23:08Z,2022,2022-01-01,2022-12-31
9555407,GHED_GGHE-DGDP_SHA2011,COUNTRY,ROU,EUR,Europe,YEAR,2003,,,,,,,,,4.46,4.46193647,,,,2025-12-05T13:23:08Z,2003,2003-01-01,2003-12-31
9556669,GHED_GGHE-DGDP_SHA2011,COUNTRY,TJK,EUR,Europe,YEAR,2013,,,,,,,,,1.90,1.90030849,,,,2025-12-05T13:23:08Z,2013,2013-01-01,2013-12-31
9558085,GHED_GGHE-DGDP_SHA2011,COUNTRY,TUR,EUR,Europe,YEAR,2011,,,,,,,,,3.68,3.68182659,,,,2025-12-05T13:23:08Z,2011,2011-01-01,2011-12-31
9560086,GHED_GGHE-DGDP_SHA2011,COUNTRY,CIV,AFR,Africa,YEAR,2016,,,,,,,,,0.85,0.85302079,,,,2025-12-05T13:23:08Z,2016,2016-01-01,2016-12-31
9560383,GHED_GGHE-DGDP_SHA2011,COUNTRY,GNB,AFR,Africa,YEAR,2004,,,,,,,,,0.58,0.57971573,,,,2025-12-05T13:23:08Z,2004,2004-01-01,2004-12-31
9562991,GHED_GGHE-DGDP_SHA2011,COUNTRY,VNM,WPR,Western Pacific,YEAR,2021,,,,,,,,,1.96,1.96029603,,,,2025-12-05T13:23:08Z,2021,2021-01-01,2021-12-31
9565580,GHED_GGHE-DGDP_SHA2011,REGION,EMR,,,YEAR,2020,,,,,,,,,2.78,2.78033669,,,,2025-12-05T13:23:08Z,2020,2020-01-01,2020-12-31
9567662,GHED_GGHE-DGDP_SHA2011,WORLDBANKINCOMEGROUP,WB_HI,,,YEAR,2021,,,,,,,,,6.11,6.10876601,,,,2025-12-05T13:23:08Z,2021,2021-01-01,2021-12-31
9568788,GHED_GGHE-DGDP_SHA2011,COUNTRY,LSO,AFR,Africa,YEAR,2013,,,,,,,,,6.12,6.12028074,,,,2025-12-05T13:23:08Z,2013,2013-01-01,2013-12-31
9568884,GHED_GGHE-DGDP_SHA2011,COUNTRY,HRV,EUR,Europe,YEAR,2010,,,,,,,,,6.63,6.63025713,,,,2025-12-05T13:23:08Z,2010,2010-01-01,2010-12-31
9570357,GHED_GGHE-DGDP_SHA2011,COUNTRY,GAB,AFR,Africa,YEAR,2018,,,,,,,,,1.61,1.61284041,,,,2025-12-05T13:23:08Z,2018,2018-01-01,2018-12-31
9570828,GHED_GGHE-DGDP_SHA2011,REGION,AFR,,,YEAR,2015,,,,,,,,,1.71,1.70690603,,,,2025-12-05T13:23:08Z,2015,2015-01-01,2015-12-31
9571717,GHED_GGHE-DGDP_SHA2011,COUNTRY,BFA,AFR,Africa,YEAR,2011,,,,,,,,,1.35,1.34620178,,,,2025-12-05T13:23:08Z,2011,2011-01-01,2011-12-31
9571884,GHED_GGHE-DGDP_SHA2011,COUNTRY,ARM,EUR,Europe,YEAR,2008,,,,,,,,,1.49,1.48813355,,,,2025-12-05T13:23:08Z,2008,2008-01-01,2008-12-31
9572224,GHED_GGHE-DGDP_SHA2011,COUNTRY,KGZ,EUR,Europe,YEAR,2002,,,,,,,,,2.22,2.21980453,,,,2025-12-05T13:23:08Z,2002,2002-01-01,2002-12-31
9572912,GHED_GGHE-DGDP_SHA2011,COUNTRY,GRC,EUR,Europe,YEAR,2021,,,,,,,,,5.38,5.38438177,,,,2025-12-05T13:23:08Z,2021,2021-01-01,2021-12-31
9575347,GHED_GGHE-DGDP_SHA2011,COUNTRY,DEU,EUR,Europe,YEAR,2019,,,,,,,,,8.90,8.89676571,,,,2025-12-05T13:23:08Z,2019,2019-01-01,2019-12-31
9578026,GHED_GGHE-DGDP_SHA2011,COUNTRY,COK,WPR,Western Pacific,YEAR,2002,,,,,,,,,3.07,3.06755757,,,,2025-12-05T13:23:08Z,2002,2002-01-01,2002-12-31
9578286,GHED_GGHE-DGDP_SHA2011,COUNTRY,MNE,EUR,Europe,YEAR,2011,,,,,,,,,4.86,4.85758018,,,,2025-12-05T13:23:08Z,2011,2011-01-01,2011-12-31
9578837,GHED_GGHE-DGDP_SHA2011,COUNTRY,BRN,WPR,Western Pacific,YEAR,2010,,,,,,,,,2.09,2.09004593,,,,2025-12-05T13:23:08Z,2010,2010-01-01,2010-12-31
9582587,GHED_GGHE-DGDP_SHA2011,COUNTRY,NRU,WPR,Western Pacific,YEAR,2014,,,,,,,,,6.17,6.16783905,,,,2025-12-05T13:23:08Z,2014,2014-01-01,2014-12-31
9585369,GHED_GGHE-DGDP_SHA2011,COUNTRY,ITA,EUR,Europe,YEAR,2022,,,,,,,,,6.52,6.52353668,,,,2025-12-05T13:23:08Z,2022,2022-01-01,2022-12-31
9587705,GHED_GGHE-DGDP_SHA2011,WORLDBANKINCOMEGROUP,WB_LMI,,,YEAR,2017,,,,,,,,,2.10,2.10428525,,,,2025-12-05T13:23:08Z,2017,2017-01-01,2017-12-31
9589311,GHED_GGHE-DGDP_SHA2011,COUNTRY,LUX,EUR,Europe,YEAR,2017,,,,,,,,,4.35,4.35383892,,,,2025-12-05T13:23:08Z,2017,2017-01-01,2017-12-31
9589903,GHED_GGHE-DGDP_SHA2011,COUNTRY,SEN,AFR,Africa,YEAR,2007,,,,,,,,,1.32,1.31880546,,,,2025-12-05T13:23:08Z,2007,2007-01-01,2007-12-31
9590561,GHED_GGHE-DGDP_SHA2011,COUNTRY,MYS,WPR,Western Pacific,YEAR,2003,,,,,,,,,1.52,1.51884329,,,,2025-12-05T13:23:08Z,2003,2003-01-01,2003-12-31
9590640,GHED_GGHE-DGDP_SHA2011,COUNTRY,ALB,EUR,Europe,YEAR,2004,,,,,,,,,2.79,2.7876544,,,,2025-12-05T13:23:08Z,2004,2004-01-01,2004-12-31
9590921,GHED_GGHE-DGDP_SHA2011,COUNTRY,LKA,SEAR,South-East Asia,YEAR,2012,,,,,,,,,1.40,1.39617562,,,,2025-12-05T13:23:08Z,2012,2012-01-01,2012-12-31
9593785,GHED_GGHE-DGDP_SHA2011,COUNTRY,WSM,WPR,Western Pacific,YEAR,2004,,,,,,,,,3.02,3.02092052,,,,2025-12-05T13:23:08Z,2004,2004-01-01,2004-12-31
9596766,GHED_GGHE-DGDP_SHA2011,COUNTRY,RUS,EUR,Europe,YEAR,2020,,,,,,,,,5.92,5.91601133,,,,2025-12-05T13:23:08Z,2020,2020-01-01,2020-12-31
9597838,GHED_GGHE-DGDP_SHA2011,COUNTRY,UKR,EUR,Europe,YEAR,2020,,,,,,,,,3.73,3.72709227,,,,2025-12-05T13:23:08Z,2020,2020-01-01,2020-12-31
9598765,GHED_GGHE-DGDP_SHA2011,COUNTRY,THA,SEAR,South-East Asia,YEAR,2008,,,,,,,,,2.61,2.60726309,,,,2025-12-05T13:23:08Z,2008,2008-01-01,2008-12-31
9600522,GHED_GGHE-DGDP_SHA2011,COUNTRY,NGA,AFR,Africa,YEAR,2019,,,,,,,,,0.47,0.46980387,,,,2025-12-05T13:23:08Z,2019,2019-01-01,2019-12-31
9601373,GHED_GGHE-DGDP_SHA2011,COUNTRY,RUS,EUR,Europe,YEAR,2019,,,,,,,,,3.45,3.45416045,,,,2025-12-05T13:23:08Z,2019,2019-01-01,2019-12-31
9602916,GHED_GGHE-DGDP_SHA2011,COUNTRY,KIR,WPR,Western Pacific,YEAR,2003,,,,,,,,,9.63,9.63364887,,,,2025-12-05T13:23:08Z,2003,2003-01-01,2003-12-31
9603244,GHED_GGHE-DGDP_SHA2011,COUNTRY,PER,AMR,Americas,YEAR,2002,,,,,,,,,2.52,2.52270985,,,,2025-12-05T13:23:08Z,2002,2002-01-01,2002-12-31
9604297,GHED_GGHE-DGDP_SHA2011,COUNTRY,PRT,EUR,Europe,YEAR,2016,,,,,,,,,5.79,5.78788328,,,,2025-12-05T13:23:08Z,2016,2016-01-01,2016-12-31
9612622,GHED_GGHE-DGDP_SHA2011,COUNTRY,LKA,SEAR,South-East Asia,YEAR,2009,,,,,,,,,1.65,1.64707983,,,,2025-12-05T13:23:08Z,2009,2009-01-01,2009-12-31
9614228,GHED_GGHE-DGDP_SHA2011,COUNTRY,CYP,EUR,Europe,YEAR,2021,,,,,,,,,6.98,6.97802401,,,,2025-12-05T13:23:08Z,2021,2021-01-01,2021-12-31
9614684,GHED_GGHE-DGDP_SHA2011,COUNTRY,BRA,AMR,Americas,YEAR,2010,,,,,,,,,3.58,3.57701325,,,,2025-12-05T13:23:08Z,2010,2010-01-01,2010-12-31
9616458,GHED_GGHE-DGDP_SHA2011,COUNTRY,ZMB,AFR,Africa,YEAR,2023,,,,,,,,,2.43,2.43413329,,,,2025-12-05T13:23:08Z,2023,2023-01-01,2023-12-31
9619306,GHED_GGHE-DGDP_SHA2011,COUNTRY,GRC,EUR,Europe,YEAR,2005,,,,,,,,,5.33,5.32978392,,,,2025-12-05T13:23:08Z,2005,2005-01-01,2005-12-31
9639217,GHED_GGHE-DGDP_SHA2011,COUNTRY,SLB,WPR,Western Pacific,YEAR,2008,,,,,,,,,3.16,3.15582204,,,,2025-12-05T13:23:08Z,2008,2008-01-01,2008-12-31
9639512,GHED_GGHE-DGDP_SHA2011,COUNTRY,LCA,AMR,Americas,YEAR,2003,,,,,,,,,1.64,1.64275706,,,,2025-12-05T13:23:08Z,2003,2003-01-01,2003-12-31
9639836,GHED_GGHE-DGDP_SHA2011,COUNTRY,SLV,AMR,Americas,YEAR,2015,,,,,,,,,4.81,4.80888462,,,,2025-12-05T13:23:08Z,2015,2015-01-01,2015-12-31
9639976,GHED_GGHE-DGDP_SHA2011,COUNTRY,CHL,AMR,Americas,YEAR,2011,,,,,,,,,3.21,3.2064569,,,,2025-12-05T13:23:08Z,2011,2011-01-01,2011-12-31
9642739,GHED_GGHE-DGDP_SHA2011,COUNTRY,TON,WPR,Western Pacific,YEAR,2010,,,,,,,,,2.86,2.85781646,,,,2025-12-05T13:23:08Z,2010,2010-01-01,2010-12-31
9650555,GHED_GGHE-DGDP_SHA2011,COUNTRY,AND,EUR,Europe,YEAR,2017,,,,,,,,,5.09,5.08694077,,,,2025-12-05T13:23:08Z,2017,2017-01-01,2017-12-31
9653658,GHED_GGHE-DGDP_SHA2011,COUNTRY,ZMB,AFR,Africa,YEAR,2017,,,,,,,,,2.51,2.51039147,,,,2025-12-05T13:23:08Z,2017,2017-01-01,2017-12-31
9654277,GHED_GGHE-DGDP_SHA2011,COUNTRY,BLZ,AMR,Americas,YEAR,2007,,,,,,,,,2.38,2.37503958,,,,2025-12-05T13:23:08Z,2007,2007-01-01,2007-12-31
9656446,GHED_GGHE-DGDP_SHA2011,COUNTRY,UZB,EUR,Europe,YEAR,2019,,,,,,,,,2.01,2.01079655,,,,2025-12-05T13:23:08Z,2019,2019-01-01,2019-12-31
9658115,GHED_GGHE-DGDP_SHA2011,COUNTRY,CAN,AMR,Americas,YEAR,2013,,,,,,,,,7.40,7.40494967,,,,2025-12-05T13:23:08Z,2013,2013-01-01,2013-12-31
9658793,GHED_GGHE-DGDP_SHA2011,COUNTRY,SEN,AFR,Africa,YEAR,2021,,,,,,,,,1.20,1.20091772,,,,2025-12-05T13:23:08Z,2021,2021-01-01,2021-12-31
9661674,GHED_GGHE-DGDP_SHA2011,WORLDBANKINCOMEGROUP,WB_UMI,,,YEAR,2023,,,,,,,,,4.15,4.14796324,,,,2025-12-05T13:23:08Z,2023,2023-01-01,2023-12-31
9663043,GHED_GGHE-DGDP_SHA2011,COUNTRY,AGO,AFR,Africa,YEAR,2014,,,,,,,,,1.17,1.16797769,,,,2025-12-05T13:23:08Z,2014,2014-01-01,2014-12-31
9665343,GHED_GGHE-DGDP_SHA2011,COUNTRY,BRB,AMR,Americas,YEAR,2011,,,,,,,,,2.94,2.93728137,,,,2025-12-05T13:23:08Z,2011,2011-01-01,2011-12-31
9665873,GHED_GGHE-DGDP_SHA2011,COUNTRY,PRY,AMR,Americas,YEAR,2007,,,,,,,,,1.74,1.73575354,,,,2025-12-05T13:23:08Z,2007,2007-01-01,2007-12-31
9666191,GHED_GGHE-DGDP_SHA2011,COUNTRY,EGY,EMR,Eastern Mediterranean,YEAR,2019,,,,,,,,,1.30,1.29722774,,,,2025-12-05T13:23:08Z,2019,2019-01-01,2019-12-31
9668377,GHED_GGHE-DGDP_SHA2011,COUNTRY,SWZ,AFR,Africa,YEAR,2018,,,,,,,,,3.40,3.39840841,,,,2025-12-05T13:23:08Z,2018,2018-01-01,2018-12-31
9669440,GHED_GGHE-DGDP_SHA2011,COUNTRY,GTM,AMR,Americas,YEAR,2008,,,,,,,,,2.05,2.05419135,,,,2025-12-05T13:23:08Z,2008,2008-01-01,2008-12-31
9674850,GHED_GGHE-DGDP_SHA2011,COUNTRY,KNA,AMR,Americas,YEAR,2008,,,,,,,,,1.80,1.79803109,,,,2025-12-05T13:23:08Z,2008,2008-01-01,2008-12-31
9675576,GHED_GGHE-DGDP_SHA2011,COUNTRY,BOL,AMR,Americas,YEAR,2005,,,,,,,,,2.75,2.7536962,,,,2025-12-05T13:23:08Z,2005,2005-01-01,2005-12-31
9676689,GHED_GGHE-DGDP_SHA2011,COUNTRY,POL,EUR,Europe,YEAR,2002,,,,,,,,,4.23,4.23111773,,,,2025-12-05T13:23:08Z,2002,2002-01-01,2002-12-31
9683174,GHED_GGHE-DGDP_SHA2011,COUNTRY,GTM,AMR,Americas,YEAR,2005,,,,,,,,,1.88,1.88113928,,,,2025-12-05T13:23:08Z,2005,2005-01-01,2005-12-31
9684941,GHED_GGHE-DGDP_SHA2011,COUNTRY,IRL,EUR,Europe,YEAR,2016,,,,,,,,,5.29,5.29494858,,,,2025-12-05T13:23:08Z,2016,2016-01-01,2016-12-31
9685284,GHED_GGHE-DGDP_SHA2011,COUNTRY,TKM,EUR,Europe,YEAR,2003,,,,,,,,,1.58,1.58412921,,,,2025-12-05T13:23:08Z,2003,2003-01-01,2003-12-31
9686397,GHED_GGHE-DGDP_SHA2011,COUNTRY,CHN,WPR,Western Pacific,YEAR,2010,,,,,,,,,2.16,2.15837073,,,,2025-12-05T13:23:08Z,2010,2010-01-01,2010-12-31
9686726,GHED_GGHE-DGDP_SHA2011,COUNTRY,CHE,EUR,Europe,YEAR,2001,,,,,,,,,2.83,2.8348732,,,,2025-12-05T13:23:08Z,2001,2001-01-01,2001-12-31
9687058,GHED_GGHE-DGDP_SHA2011,COUNTRY,BTN,SEAR,South-East Asia,YEAR,2020,,,,,,,,,3.19,3.18623781,,,,2025-12-05T13:23:08Z,2020,2020-01-01,2020-12-31
9696200,GHED_GGHE-DGDP_SHA2011,COUNTRY,NLD,EUR,Europe,YEAR,2000,,,,,,,,,5.31,5.30837631,,,,2025-12-05T13:23:08Z,2000,2000-01-01,2000-12-31
9700727,GHED_GGHE-DGDP_SHA2011,REGION,AFR,,,YEAR,2023,,,,,,,,,1.77,1.77260505,,,,2026-01-12T13:50:53Z,2023,2023-01-01,2023-12-31
9700943,GHED_GGHE-DGDP_SHA2011,COUNTRY,MNE,EUR,Europe,YEAR,2014,,,,,,,,,4.86,4.85656452,,,,2025-12-05T13:23:08Z,2014,2014-01-01,2014-12-31
9701126,GHED_GGHE-DGDP_SHA2011,COUNTRY,LBR,AFR,Africa,YEAR,2022,,,,,,,,,1.29,1.29002357,,,,2025-12-05T13:23:08Z,2022,2022-01-01,2022-12-31
9701371,GHED_GGHE-DGDP_SHA2011,COUNTRY,TLS,SEAR,South-East Asia,YEAR,2011,,,,,,,,,3.57,3.56822348,,,,2025-12-05T13:23:08Z,2011,2011-01-01,2011-12-31
9701781,GHED_GGHE-DGDP_SHA2011,COUNTRY,MMR,SEAR,South-East Asia,YEAR,2004,,,,,,,,,0.25,0.25379223,,,,2025-12-05T13:23:08Z,2004,2004-01-01,2004-12-31
9703159,GHED_GGHE-DGDP_SHA2011,COUNTRY,SGP,WPR,Western Pacific,YEAR,2015,,,,,,,,,1.97,1.96816146,,,,2025-12-05T13:23:08Z,2015,2015-01-01,2015-12-31
9704293,GHED_GGHE-DGDP_SHA2011,COUNTRY,AUT,EUR,Europe,YEAR,2003,,,,,,,,,7.02,7.01927948,,,,2025-12-05T13:23:08Z,2003,2003-01-01,2003-12-31
9705029,GHED_GGHE-DGDP_SHA2011,COUNTRY,DNK,EUR,Europe,YEAR,2004,,,,,,,,,7.51,7.50731468,,,,2025-12-05T13:23:08Z,2004,2004-01-01,2004-12-31
9707983,GHED_GGHE-DGDP_SHA2011,COUNTRY,IND,SEAR,South-East Asia,YEAR,2003,,,,,,,,,0.76,0.76340038,,,,2025-12-05T13:23:08Z,2003,2003-01-01,2003-12-31
9708393,GHED_GGHE-DGDP_SHA2011,COUNTRY,ZAF,AFR,Africa,YEAR,2019,,,,,,,,,4.80,4.80006361,,,,2025-12-05T13:23:08Z,2019,2019-01-01,2019-12-31
9711508,GHED_GGHE-DGDP_SHA2011,COUNTRY,STP,AFR,Africa,YEAR,2004,,,,,,,,,5.19,5.18779802,,,,2025-12-05T13:23:08Z,2004,2004-01-01,2004-12-31
9719224,GHED_GGHE-DGDP_SHA2011,COUNTRY,ITA,EUR,Europe,YEAR,2015,,,,,,,,,6.55,6.54743338,,,,2025-12-05T13:23:08Z,2015,2015-01-01,2015-12-31
9719390,GHED_GGHE-DGDP_SHA2011,COUNTRY,COL,AMR,Americas,YEAR,2000,,,,,,,,,4.20,4.20017815,,,,2025-12-05T13:23:08Z,2000,2000-01-01,2000-12-31
9724324,GHED_GGHE-DGDP_SHA2011,COUNTRY,CZE,EUR,Europe,YEAR,2009,,,,,,,,,6.02,6.02147913,,,,2025-12-05T13:23:08Z,2009,2009-01-01,2009-12-31
9730934,GHED_GGHE-DGDP_SHA2011,COUNTRY,SSD,AFR,Africa,YEAR,2021,,,,,,,,,0.93,0.92913347,,,,2025-12-05T13:23:08Z,2021,2021-01-01,2021-12-31
9731441,GHED_GGHE-DGDP_SHA2011,COUNTRY,ZMB,AFR,Africa,YEAR,2009,,,,,,,,,1.67,1.66772234,,,,2025-12-05T13:23:08Z,2009,2009-01-01,2009-12-31
9733960,GHED_GGHE-DGDP_SHA2011,COUNTRY,NAM,AFR,Africa,YEAR,2011,,,,,,,,,5.12,5.12084961,,,,2025-12-05T13:23:08Z,2011,2011-01-01,2011-12-31
9734712,GHED_GGHE-DGDP_SHA2011,COUNTRY,ITA,EUR,Europe,YEAR,2021,,,,,,,,,6.92,6.91720438,,,,2025-12-05T13:23:08Z,2021,2021-01-01,2021-12-31
9735869,GHED_GGHE-DGDP_SHA2011,COUNTRY,MCO,EUR,Europe,YEAR,2002,,,,,,,,,3.05,3.05441046,,,,2025-12-05T13:23:08Z,2002,2002-01-01,2002-12-31
9737380,GHED_GGHE-DGDP_SHA2011,COUNTRY,KEN,AFR,Africa,YEAR,2001,,,,,,,,,1.06,1.05907285,,,,2025-12-05T13:23:08Z,2001,2001-01-01,2001-12-31
9737487,GHED_GGHE-DGDP_SHA2011,COUNTRY,ECU,AMR,Americas,YEAR,2017,,,,,,,,,4.64,4.63966084,,,,2025-12-05T13:23:08Z,2017,2017-01-01,2017-12-31
9738160,GHED_GGHE-DGDP_SHA2011,COUNTRY,TCD,AFR,Africa,YEAR,2000,,,,,,,,,1.60,1.59994829,,,,2025-12-05T13:23:08Z,2000,2000-01-01,2000-12-31
9740576,GHED_GGHE-DGDP_SHA2011,COUNTRY,UKR,EUR,Europe,YEAR,2012,,,,,,,,,3.74,3.74169087,,,,2025-12-05T13:23:08Z,2012,2012-01-01,2012-12-31
9743554,GHED_GGHE-DGDP_SHA2011,COUNTRY,EST,EUR,Europe,YEAR,2014,,,,,,,,,4.67,4.66695023,,,,2025-12-05T13:23:08Z,2014,2014-01-01,2014-12-31
9750403,GHED_GGHE-DGDP_SHA2011,COUNTRY,UKR,EUR,Europe,YEAR,2008,,,,,,,,,3.19,3.1923337,,,,2025-12-05T13:23:08Z,2008,2008-01-01,2008-12-31
9752218,GHED_GGHE-DGDP_SHA2011,COUNTRY,SUR,AMR,Americas,YEAR,2010,,,,,,,,,1.99,1.9906764,,,,2025-12-05T13:23:08Z,2010,2010-01-01,2010-12-31
9753897,GHED_GGHE-DGDP_SHA2011,COUNTRY,PRT,EUR,Europe,YEAR,2013,,,,,,,,,5.85,5.8519187,,,,2025-12-05T13:23:08Z,2013,2013-01-01,2013-12-31
9754448,GHED_GGHE-DGDP_SHA2011,COUNTRY,EST,EUR,Europe,YEAR,2000,,,,,,,,,3.92,3.92115879,,,,2025-12-05T13:23:08Z,2000,2000-01-01,2000-12-31
9755545,GHED_GGHE-DGDP_SHA2011,COUNTRY,CUB,AMR,Americas,YEAR,2023,,,,,,,,,7.83,7.82557917,,,,2025-12-05T13:23:08Z,2023,2023-01-01,2023-12-31
9756344,GHED_GGHE-DGDP_SHA2011,COUNTRY,MRT,AFR,Africa,YEAR,2007,,,,,,,,,0.76,0.76387841,,,,2025-12-05T13:23:08Z,2007,2007-01-01,2007-12-31
9756841,GHED_GGHE-DGDP_SHA2011,COUNTRY,CMR,AFR,Africa,YEAR,2020,,,,,,,,,0.61,0.60675448,,,,2025-12-05T13:23:08Z,2020,2020-01-01,2020-12-31
9756862,GHED_GGHE-DGDP_SHA2011,COUNTRY,GRD,AMR,Americas,YEAR,2016,,,,,,,,,1.77,1.76571214,,,,2025-12-05T13:23:08Z,2016,2016-01-01,2016-12-31
9760425,GHED_GGHE-DGDP_SHA2011,COUNTRY,PSE,EMR,Eastern Mediterranean,YEAR,2010,,,,,,,,,3.29,3.29111481,,,,2025-12-05T13:23:08Z,2010,2010-01-01,2010-12-31
9763577,GHED_GGHE-DGDP_SHA2011,COUNTRY,CHN,WPR,Western Pacific,YEAR,2019,,,,,,,,,2.95,2.94739079,,,,2025-12-05T13:23:08Z,2019,2019-01-01,2019-12-31
9764379,GHED_GGHE-DGDP_SHA2011,COUNTRY,NAM,AFR,Africa,YEAR,2020,,,,,,,,,6.51,6.51412964,,,,2025-12-05T13:23:08Z,2020,2020-01-01,2020-12-31
9764393,GHED_GGHE-DGDP_SHA2011,COUNTRY,NIU,WPR,Western Pacific,YEAR,2006,,,,,,,,,42.50,42.50036621,,,,2025-12-05T13:23:08Z,2006,2006-01-01,2006-12-31
9764936,GHED_GGHE-DGDP_SHA2011,COUNTRY,TJK,EUR,Europe,YEAR,2012,,,,,,,,,1.61,1.60808611,,,,2025-12-05T13:23:08Z,2012,2012-01-01,2012-12-31
9769413,GHED_GGHE-DGDP_SHA2011,COUNTRY,ATG,AMR,Americas,YEAR,2023,,,,,,,,,2.31,2.30815935,,,,2025-12-05T13:23:08Z,2023,2023-01-01,2023-12-31
9771621,GHED_GGHE-DGDP_SHA2011,COUNTRY,GNB,AFR,Africa,YEAR,2008,,,,,,,,,0.55,0.54897773,,,,2025-12-05T13:23:08Z,2008,2008-01-01,2008-12-31
9771813,GHED_GGHE-DGDP_SHA2011,COUNTRY,LBY,EMR,Eastern Mediterranean,YEAR,2010,,,,,,,,,2.29,2.29442048,,,,2025-12-05T13:23:08Z,2010,2010-01-01,2010-12-31
9773727,GHED_GGHE-DGDP_SHA2011,COUNTRY,TUR,EUR,Europe,YEAR,2015,,,,,,,,,3.22,3.21666884,,,,2025-12-05T13:23:08Z,2015,2015-01-01,2015-12-31
9775811,GHED_GGHE-DGDP_SHA2011,REGION,SEAR,,,YEAR,2005,,,,,,,,,1.53,1.52742149,,,,2025-12-05T13:23:08Z,2005,2005-01-01,2005-12-31
9776342,GHED_GGHE-DGDP_SHA2011,COUNTRY,AZE,EUR,Europe,YEAR,2015,,,,,,,,,1.31,1.30528009,,,,2025-12-05T13:23:08Z,2015,2015-01-01,2015-12-31
9777235,GHED_GGHE-DGDP_SHA2011,COUNTRY,KOR,WPR,Western Pacific,YEAR,2022,,,,,,,,,5.52,5.52341843,,,,2025-12-05T13:23:08Z,2022,2022-01-01,2022-12-31
9779377,GHED_GGHE-DGDP_SHA2011,COUNTRY,DOM,AMR,Americas,YEAR,2019,,,,,,,,,2.66,2.66453695,,,,2025-12-05T13:23:08Z,2019,2019-01-01,2019-12-31
9782130,GHED_GGHE-DGDP_SHA2011,COUNTRY,MCO,EUR,Europe,YEAR,2016,,,,,,,,,3.57,3.57075405,,,,2025-12-05T13:23:08Z,2016,2016-01-01,2016-12-31
9783476,GHED_GGHE-DGDP_SHA2011,COUNTRY,GNB,AFR,Africa,YEAR,2001,,,,,,,,,0.48,0.48134443,,,,2025-12-05T13:23:08Z,2001,2001-01-01,2001-12-31
9789106,GHED_GGHE-DGDP_SHA2011,REGION,SEAR,,,YEAR,2010,,,,,,,,,1.83,1.83040692,,,,2025-12-05T13:23:08Z,2010,2010-01-01,2010-12-31
9790980,GHED_GGHE-DGDP_SHA2011,COUNTRY,KEN,AFR,Africa,YEAR,2006,,,,,,,,,1.18,1.17933488,,,,2025-12-05T13:23:08Z,2006,2006-01-01,2006-12-31
9794345,GHED_GGHE-DGDP_SHA2011,COUNTRY,PAN,AMR,Americas,YEAR,2002,,,,,,,,,4.42,4.42303896,,,,2025-12-05T13:23:08Z,2002,2002-01-01,2002-12-31
9802117,GHED_GGHE-DGDP_SHA2011,COUNTRY,SVN,EUR,Europe,YEAR,2014,,,,,,,,,6.05,6.05442333,,,,2025-12-05T13:23:08Z,2014,2014-01-01,2014-12-31
9803939,GHED_GGHE-DGDP_SHA2011,COUNTRY,SGP,WPR,Western Pacific,YEAR,2023,,,,,,,,,2.63,2.62583375,,,,2025-12-05T13:23:08Z,2023,2023-01-01,2023-12-31
9805789,GHED_GGHE-DGDP_SHA2011,COUNTRY,CRI,AMR,Americas,YEAR,2012,,,,,,,,,5.50,5.503479,,,,2025-12-05T13:23:08Z,2012,2012-01-01,2012-12-31
9806954,GHED_GGHE-DGDP_SHA2011,COUNTRY,ERI,AFR,Africa,YEAR,2009,,,,,,,,,1.07,1.06634021,,,,2025-12-05T13:23:08Z,2009,2009-01-01,2009-12-31
9807406,GHED_GGHE-DGDP_SHA2011,REGION,AMR,,,YEAR,2012,,,,,,,,,3.54,3.53526164,,,,2025-12-05T13:23:08Z,2012,2012-01-01,2012-12-31
9811172,GHED_GGHE-DGDP_SHA2011,COUNTRY,GBR,EUR,Europe,YEAR,2000,,,,,,,,,5.42,5.41897774,,,,2025-12-05T13:23:08Z,2000,2000-01-01,2000-12-31
9812097,GHED_GGHE-DGDP_SHA2011,COUNTRY,AUS,WPR,Western Pacific,YEAR,2015,,,,,,,,,7.22,7.2235322,,,,2025-12-05T13:23:08Z,2015,2015-01-01,2015-12-31
9813911,GHED_GGHE-DGDP_SHA2011,COUNTRY,TZA,AFR,Africa,YEAR,2023,,,,,,,,,0.97,0.96664101,,,,2025-12-05T13:23:08Z,2023,2023-01-01,2023-12-31
9816213,GHED_GGHE-DGDP_SHA2011,COUNTRY,PLW,WPR,Western Pacific,YEAR,2007,,,,,,,,,3.40,3.40086675,,,,2025-12-05T13:23:08Z,2007,2007-01-01,2007-12-31
9820195,GHED_GGHE-DGDP_SHA2011,COUNTRY,BWA,AFR,Africa,YEAR,2007,,,,,,,,,3.13,3.12948751,,,,2025-12-05T13:23:08Z,2007,2007-01-01,2007-12-31
9820900,GHED_GGHE-DGDP_SHA2011,COUNTRY,FJI,WPR,Western Pacific,YEAR,2010,,,,,,,,,2.18,2.18311381,,,,2025-12-05T13:23:08Z,2010,2010-01-01,2010-12-31
9823233,GHED_GGHE-DGDP_SHA2011,COUNTRY,MWI,AFR,Africa,YEAR,2017,,,,,,,,,1.72,1.71919668,,,,2025-12-05T13:23:08Z,2017,2017-01-01,2017-12-31
9827952,GHED_GGHE-DGDP_SHA2011,COUNTRY,BGR,EUR,Europe,YEAR,2013,,,,,,,,,4.04,4.03953886,,,,2025-12-05T13:23:08Z,2013,2013-01-01,2013-12-31
9832415,GHED_GGHE-DGDP_SHA2011,COUNTRY,IRL,EUR,Europe,YEAR,2021,,,,,,,,,4.94,4.93912601,,,,2025-12-05T13:23:08Z,2021,2021-01-01,2021-12-31
9834881,GHED_GGHE-DGDP_SHA2011,COUNTRY,BRN,WPR,Western Pacific,YEAR,2015,,,,,,,,,2.27,2.26836538,,,,2025-12-05T13:23:08Z,2015,2015-01-01,2015-12-31
9836925,GHED_GGHE-DGDP_SHA2011,COUNTRY,TLS,SEAR,South-East Asia,YEAR,2015,,,,,,,,,4.42,4.41761017,,,,2025-12-05T13:23:08Z,2015,2015-01-01,2015-12-31
9837066,GHED_GGHE-DGDP_SHA2011,COUNTRY,UKR,EUR,Europe,YEAR,2014,,,,,,,,,3.46,3.45616627,,,,2025-12-05T13:23:08Z,2014,2014-01-01,2014-12-31
9839619,GHED_GGHE-DGDP_SHA2011,COUNTRY,FIN,EUR,Europe,YEAR,2021,,,,,,,,,8.06,8.06121445,,,,2025-12-05T13:23:08Z,2021,2021-01-01,2021-12-31
9841497,GHED_GGHE-DGDP_SHA2011,REGION,AFR,,,YEAR,2004,,,,,,,,,1.62,1.61640199,,,,2025-12-05T13:23:08Z,2004,2004-01-01,2004-12-31
9841606,GHED_GGHE-DGDP_SHA2011,COUNTRY,URY,AMR,Americas,YEAR,2010,,,,,,,,,4.73,4.72670984,,,,2025-12-05T13:23:08Z,2010,2010-01-01,2010-12-31
9844193,GHED_GGHE-DGDP_SHA2011,COUNTRY,BRN,WPR,Western Pacific,YEAR,2021,,,,,,,,,2.00,1.99766231,,,,2025-12-05T13:23:08Z,2021,2021-01-01,2021-12-31
9844480,GHED_GGHE-DGDP_SHA2011,COUNTRY,AUS,WPR,Western Pacific,YEAR,2004,,,,,,,,,5.79,5.79416561,,,,2025-12-05T13:23:08Z,2004,2004-01-01,2004-12-31
9844592,GHED_GGHE-DGDP_SHA2011,COUNTRY,BRN,WPR,Western Pacific,YEAR,2013,,,,,,,,,1.72,1.71973145,,,,2025-12-05T13:23:08Z,2013,2013-01-01,2013-12-31
9844828,GHED_GGHE-DGDP_SHA2011,COUNTRY,SLB,WPR,Western Pacific,YEAR,2011,,,,,,,,,2.87,2.87079024,,,,2025-12-05T13:23:08Z,2011,2011-01-01,2011-12-31
9848769,GHED_GGHE-DGDP_SHA2011,COUNTRY,FRA,EUR,Europe,YEAR,2005,,,,,,,,,7.43,7.42688227,,,,2025-12-05T13:23:08Z,2005,2005-01-01,2005-12-31
9850193,GHED_GGHE-DGDP_SHA2011,COUNTRY,NOR,EUR,Europe,YEAR,2009,,,,,,,,,7.63,7.62671995,,,,2025-12-05T13:23:08Z,2009,2009-01-01,2009-12-31
9852495,GHED_GGHE-DGDP_SHA2011,COUNTRY,MNE,EUR,Europe,YEAR,2019,,,,,,,,,5.07,5.06746101,,,,2025-12-05T13:23:08Z,2019,2019-01-01,2019-12-31
9854922,GHED_GGHE-DGDP_SHA2011,COUNTRY,GMB,AFR,Africa,YEAR,2003,,,,,,,,,0.59,0.5868997,,,,2025-12-05T13:23:08Z,2003,2003-01-01,2003-12-31
9857169,GHED_GGHE-DGDP_SHA2011,COUNTRY,LKA,SEAR,South-East Asia,YEAR,2023,,,,,,,,,1.24,1.23655903,,,,2025-12-05T13:23:08Z,2023,2023-01-01,2023-12-31
9859577,GHED_GGHE-DGDP_SHA2011,COUNTRY,BWA,AFR,Africa,YEAR,2003,,,,,,,,,3.60,3.60058308,,,,2025-12-05T13:23:08Z,2003,2003-01-01,2003-12-31
9862101,GHED_GGHE-DGDP_SHA2011,COUNTRY,CYP,EUR,Europe,YEAR,2018,,,,,,,,,2.85,2.85127211,,,,2025-12-05T13:23:08Z,2018,2018-01-01,2018-12-31
9862134,GHED_GGHE-DGDP_SHA2011,COUNTRY,MHL,WPR,Western Pacific,YEAR,2014,,,,,,,,,5.04,5.03771496,,,,2025-12-05T13:23:08Z,2014,2014-01-01,2014-12-31
9867204,GHED_GGHE-DGDP_SHA2011,COUNTRY,GIN,AFR,Africa,YEAR,2022,,,,,,,,,0.73,0.72876471,,,,2025-12-05T13:23:08Z,2022,2022-01-01,2022-12-31
9870978,GHED_GGHE-DGDP_SHA2011,COUNTRY,DNK,EUR,Europe,YEAR,2022,,,,,,,,,8.00,7.99897861,,,,2025-12-05T13:23:08Z,2022,2022-01-01,2022-12-31
9871094,GHED_GGHE-DGDP_SHA2011,COUNTRY,ARM,EUR,Europe,YEAR,2005,,,,,,,,,1.48,1.47841108,,,,2025-12-05T13:23:08Z,2005,2005-01-01,2005-12-31
9872142,GHED_GGHE-DGDP_SHA2011,REGION,EUR,,,YEAR,2009,,,,,,,,,5.08,5.08417437,,,,2025-12-05T13:23:08Z,2009,2009-01-01,2009-12-31
9874321,GHED_GGHE-DGDP_SHA2011,COUNTRY,GBR,EUR,Europe,YEAR,2006,,,,,,,,,7.04,7.03568316,,,,2025-12-05T13:23:08Z,2006,2006-01-01,2006-12-31
9876583,GHED_GGHE-DGDP_SHA2011,COUNTRY,IDN,WPR,Western Pacific,YEAR,2007,,,,,,,,,1.02,1.01869452,,,,2025-12-05T13:23:08Z,2007,2007-01-01,2007-12-31
9877377,GHED_GGHE-DGDP_SHA2011,COUNTRY,IND,SEAR,South-East Asia,YEAR,2002,,,,,,,,,0.78,0.78371018,,,,2025-12-05T13:23:08Z,2002,2002-01-01,2002-12-31
9879609,GHED_GGHE-DGDP_SHA2011,COUNTRY,GRC,EUR,Europe,YEAR,2006,,,,,,,,,5.17,5.17268229,,,,2025-12-05T13:23:08Z,2006,2006-01-01,2006-12-31
9882118,GHED_GGHE-DGDP_SHA2011,COUNTRY,MYS,WPR,Western Pacific,YEAR,2008,,,,,,,,,1.60,1.59730816,,,,2025-12-05T13:23:08Z,2008,2008-01-01,2008-12-31
9882861,GHED_GGHE-DGDP_SHA2011,COUNTRY,NRU,WPR,Western Pacific,YEAR,2020,,,,,,,,,9.88,9.88010979,,,,2025-12-05T13:23:08Z,2020,2020-01-01,2020-12-31
9884388,GHED_GGHE-DGDP_SHA2011,COUNTRY,VUT,WPR,Western Pacific,YEAR,2009,,,,,,,,,2.00,2.00294042,,,,2025-12-05T13:23:08Z,2009,2009-01-01,2009-12-31
9886740,GHED_GGHE-DGDP_SHA2011,COUNTRY,SDN,EMR,Eastern Mediterranean,YEAR,2016,,,,,,,,,1.29,1.28979421,,,,2025-12-05T13:23:08Z,2016,2016-01-01,2016-12-31
9887580,GHED_GGHE-DGDP_SHA2011,COUNTRY,RWA,AFR,Africa,YEAR,2005,,,,,,,,,1.61,1.61428237,,,,2025-12-05T13:23:08Z,2005,2005-01-01,2005-12-31
9888148,GHED_GGHE-DGDP_SHA2011,COUNTRY,DOM,AMR,Americas,YEAR,2023,,,,,,,,,2.95,2.94757152,,,,2025-12-05T13:23:08Z,2023,2023-01-01,2023-12-31
9894676,GHED_GGHE-DGDP_SHA2011,COUNTRY,KNA,AMR,Americas,YEAR,2022,,,,,,,,,2.90,2.90488815,,,,2025-12-05T13:23:08Z,2022,2022-01-01,2022-12-31
9894961,GHED_GGHE-DGDP_SHA2011,COUNTRY,CHL,AMR,Americas,YEAR,2004,,,,,,,,,2.73,2.72724271,,,,2025-12-05T13:23:08Z,2004,2004-01-01,2004-12-31
9899974,GHED_GGHE-DGDP_SHA2011,COUNTRY,GIN,AFR,Africa,YEAR,2007,,,,,,,,,0.24,0.24066733,,,,2025-12-05T13:23:08Z,2007,2007-01-01,2007-12-31
9915863,GHED_GGHE-DGDP_SHA2011,COUNTRY,AZE,EUR,Europe,YEAR,2019,,,,,,,,,1.07,1.06925082,,,,2025-12-05T13:23:08Z,2019,2019-01-01,2019-12-31
9918621,GHED_GGHE-DGDP_SHA2011,COUNTRY,LUX,EUR,Europe,YEAR,2022,,,,,,,,,4.88,4.88470221,,,,2025-12-05T13:23:08Z,2022,2022-01-01,2022-12-31
9920258,GHED_GGHE-DGDP_SHA2011,COUNTRY,LSO,AFR,Africa,YEAR,2002,,,,,,,,,3.18,3.18394804,,,,2025-12-05T13:23:08Z,2002,2002-01-01,2002-12-31
9924127,GHED_GGHE-DGDP_SHA2011,COUNTRY,BHR,EMR,Eastern Mediterranean,YEAR,2021,,,,,,,,,2.76,2.75866771,,,,2025-12-05T13:23:08Z,2021,2021-01-01,2021-12-31
9930221,GHED_GGHE-DGDP_SHA2011,COUNTRY,CZE,EUR,Europe,YEAR,2017,,,,,,,,,6.12,6.12094069,,,,2025-12-05T13:23:08Z,2017,2017-01-01,2017-12-31
9932353,GHED_GGHE-DGDP_SHA2011,COUNTRY,LBR,AFR,Africa,YEAR,2021,,,,,,,,,1.11,1.11087501,,,,2025-12-05T13:23:08Z,2021,2021-01-01,2021-12-31
9936535,GHED_GGHE-DGDP_SHA2011,COUNTRY,STP,AFR,Africa,YEAR,2009,,,,,,,,,1.59,1.5904156,,,,2025-12-05T13:23:08Z,2009,2009-01-01,2009-12-31
9938628,GHED_GGHE-DGDP_SHA2011,COUNTRY,ZAF,AFR,Africa,YEAR,2003,,,,,,,,,2.79,2.79076648,,,,2025-12-05T13:23:08Z,2003,2003-01-01,2003-12-31
9939565,GHED_GGHE-DGDP_SHA2011,COUNTRY,ARG,AMR,Americas,YEAR,2008,,,,,,,,,4.48,4.47786331,,,,2025-12-05T13:23:08Z,2008,2008-01-01,2008-12-31
9940995,GHED_GGHE-DGDP_SHA2011,COUNTRY,ISR,EUR,Europe,YEAR,2023,,,,,,,,,4.63,4.63090897,,,,2025-12-05T13:23:08Z,2023,2023-01-01,2023-12-31
9941856,GHED_GGHE-DGDP_SHA2011,COUNTRY,CIV,AFR,Africa,YEAR,2019,,,,,,,,,0.96,0.96328849,,,,2025-12-05T13:23:08Z,2019,2019-01-01,2019-12-31
9945612,GHED_GGHE-DGDP_SHA2011,COUNTRY,SWE,EUR,Europe,YEAR,2001,,,,,,,,,6.46,6.45880175,,,,2025-12-05T13:23:08Z,2001,2001-01-01,2001-12-31
9946727,GHED_GGHE-DGDP_SHA2011,COUNTRY,FSM,WPR,Western Pacific,YEAR,2003,,,,,,,,,2.12,2.12475729,,,,2025-12-05T13:23:08Z,2003,2003-01-01,2003-12-31
9947226,GHED_GGHE-DGDP_SHA2011,COUNTRY,CMR,AFR,Africa,YEAR,2019,,,,,,,,,0.41,0.40687224,,,,2025-12-05T13:23:08Z,2019,2019-01-01,2019-12-31
9948974,GHED_GGHE-DGDP_SHA2011,COUNTRY,PRT,EUR,Europe,YEAR,2005,,,,,,,,,6.84,6.84422255,,,,2025-12-05T13:23:08Z,2005,2005-01-01,2005-12-31
9953324,GHED_GGHE-DGDP_SHA2011,COUNTRY,SWZ,AFR,Africa,YEAR,2007,,,,,,,,,3.75,3.7541039,,,,2025-12-05T13:23:08Z,2007,2007-01-01,2007-12-31
9955907,GHED_GGHE-DGDP_SHA2011,COUNTRY,GEO,EUR,Europe,YEAR,2007,,,,,,,,,1.09,1.09324026,,,,2025-12-05T13:23:08Z,2007,2007-01-01,2007-12-31
9960882,GHED_GGHE-DGDP_SHA2011,COUNTRY,SRB,EUR,Europe,YEAR,2018,,,,,,,,,4.86,4.85909271,,,,2025-12-05T13:23:08Z,2018,2018-01-01,2018-12-31
9961585,GHED_GGHE-DGDP_SHA2011,COUNTRY,TGO,AFR,Africa,YEAR,2005,,,,,,,,,0.50,0.50362611,,,,2025-12-05T13:23:08Z,2005,2005-01-01,2005-12-31
9963311,GHED_GGHE-DGDP_SHA2011,COUNTRY,ROU,EUR,Europe,YEAR,2005,,,,,,,,,4.41,4.40981054,,,,2025-12-05T13:23:08Z,2005,2005-01-01,2005-12-31
9967489,GHED_GGHE-DGDP_SHA2011,COUNTRY,JPN,WPR,Western Pacific,YEAR,2011,,,,,,,,,8.78,8.78255081,,,,2025-12-05T13:23:08Z,2011,2011-01-01,2011-12-31
9967797,GHED_GGHE-DGDP_SHA2011,COUNTRY,FSM,WPR,Western Pacific,YEAR,2007,,,,,,,,,1.03,1.02541602,,,,2025-12-05T13:23:08Z,2007,2007-01-01,2007-12-31
9970183,GHED_GGHE-DGDP_SHA2011,COUNTRY,MUS,AFR,Africa,YEAR,2020,,,,,,,,,2.93,2.93306947,,,,2025-12-05T13:23:08Z,2020,2020-01-01,2020-12-31
9970405,GHED_GGHE-DGDP_SHA2011,COUNTRY,TUV,WPR,Western Pacific,YEAR,2018,,,,,,,,,15.52,15.51837921,,,,2025-12-05T13:23:08Z,2018,2018-01-01,2018-12-31
9975550,GHED_GGHE-DGDP_SHA2011,COUNTRY,TUV,WPR,Western Pacific,YEAR,2007,,,,,,,,,9.45,9.44745445,,,,2025-12-05T13:23:08Z,2007,2007-01-01,2007-12-31
9976689,GHED_GGHE-DGDP_SHA2011,COUNTRY,VUT,WPR,Western Pacific,YEAR,2003,,,,,,,,,2.49,2.48979235,,,,2025-12-05T13:23:08Z,2003,2003-01-01,2003-12-31
9978321,GHED_GGHE-DGDP_SHA2011,COUNTRY,DOM,AMR,Americas,YEAR,2009,,,,,,,,,2.33,2.33195949,,,,2025-12-05T13:23:08Z,2009,2009-01-01,2009-12-31
9981499,GHED_GGHE-DGDP_SHA2011,REGION,EUR,,,YEAR,2010,,,,,,,,,5.04,5.04380898,,,,2025-12-05T13:23:08Z,2010,2010-01-01,2010-12-31
9984764,GHED_GGHE-DGDP_SHA2011,COUNTRY,TJK,EUR,Europe,YEAR,2008,,,,,,,,,1.37,1.36975408,,,,2025-12-05T13:23:08Z,2008,2008-01-01,2008-12-31
9986963,GHED_GGHE-DGDP_SHA2011,COUNTRY,COD,AFR,Africa,YEAR,2021,,,,,,,,,0.65,0.64831114,,,,2025-12-05T13:23:08Z,2021,2021-01-01,2021-12-31
9988277,GHED_GGHE-DGDP_SHA2011,COUNTRY,BWA,AFR,Africa,YEAR,2021,,,,,,,,,4.83,4.82830048,,,,2025-12-05T13:23:08Z,2021,2021-01-01,2021-12-31
9993008,GHED_GGHE-DGDP_SHA2011,COUNTRY,SGP,WPR,Western Pacific,YEAR,2007,,,,,,,,,0.95,0.95031685,,,,2025-12-05T13:23:08Z,2007,2007-01-01,2007-12-31
9995161,GHED_GGHE-DGDP_SHA2011,COUNTRY,CRI,AMR,Americas,YEAR,2010,,,,,,,,,5.81,5.80644417,,,,2025-12-05T13:23:08Z,2010,2010-01-01,2010-12-31
9999655,GHED_GGHE-DGDP_SHA2011,COUNTRY,SYC,AFR,Africa,YEAR,2010,,,,,,,,,3.11,3.1060183,,,,2025-12-05T13:23:08Z,2010,2010-01-01,2010-12-31
10003018,GHED_GGHE-DGDP_SHA2011,COUNTRY,MDG,AFR,Africa,YEAR,2015,,,,,,,,,1.99,1.99010992,,,,2025-12-05T13:23:08Z,2015,2015-01-01,2015-12-31
10003522,GHED_GGHE-DGDP_SHA2011,COUNTRY,BTN,SEAR,South-East Asia,YEAR,2009,,,,,,,,,2.43,2.43460202,,,,2025-12-05T13:23:08Z,2009,2009-01-01,2009-12-31
10006138,GHED_GGHE-DGDP_SHA2011,COUNTRY,VUT,WPR,Western Pacific,YEAR,2001,,,,,,,,,2.52,2.51605392,,,,2025-12-05T13:23:08Z,2001,2001-01-01,2001-12-31
10012359,GHED_GGHE-DGDP_SHA2011,COUNTRY,MWI,AFR,Africa,YEAR,2023,,,,,,,,,0.84,0.83762544,,,,2025-12-05T13:23:08Z,2023,2023-01-01,2023-12-31
10012402,GHED_GGHE-DGDP_SHA2011,COUNTRY,DEU,EUR,Europe,YEAR,2002,,,,,,,,,7.84,7.83683252,,,,2025-12-05T13:23:08Z,2002,2002-01-01,2002-12-31
10014031,GHED_GGHE-DGDP_SHA2011,COUNTRY,ARE,EMR,Eastern Mediterranean,YEAR,2005,,,,,,,,,1.32,1.3188324,,,,2025-12-05T13:23:08Z,2005,2005-01-01,2005-12-31
10017426,GHED_GGHE-DGDP_SHA2011,COUNTRY,IRQ,EMR,Eastern Mediterranean,YEAR,2009,,,,,,,,,2.89,2.89204693,,,,2025-12-05T13:23:08Z,2009,2009-01-01,2009-12-31
10018320,GHED_GGHE-DGDP_SHA2011,COUNTRY,BDI,AFR,Africa,YEAR,2013,,,,,,,,,1.54,1.54086971,,,,2025-12-05T13:23:08Z,2013,2013-01-01,2013-12-31
10021369,GHED_GGHE-DGDP_SHA2011,COUNTRY,TZA,AFR,Africa,YEAR,2021,,,,,,,,,0.94,0.94497848,,,,2025-12-05T13:23:08Z,2021,2021-01-01,2021-12-31
10024292,GHED_GGHE-DGDP_SHA2011,COUNTRY,GRD,AMR,Americas,YEAR,2014,,,,,,,,,2.09,2.09314442,,,,2025-12-05T13:23:08Z,2014,2014-01-01,2014-12-31
10025530,GHED_GGHE-DGDP_SHA2011,REGION,WPR,,,YEAR,2007,,,,,,,,,4.10,4.09816309,,,,2025-12-05T13:23:08Z,2007,2007-01-01,2007-12-31
10025598,GHED_GGHE-DGDP_SHA2011,COUNTRY,TZA,AFR,Africa,YEAR,2022,,,,,,,,,0.98,0.98185784,,,,2025-12-05T13:23:08Z,2022,2022-01-01,2022-12-31
10027046,GHED_GGHE-DGDP_SHA2011,COUNTRY,TUR,EUR,Europe,YEAR,2002,,,,,,,,,3.54,3.54229712,,,,2025-12-05T13:23:08Z,2002,2002-01-01,2002-12-31
10027430,GHED_GGHE-DGDP_SHA2011,COUNTRY,BGR,EUR,Europe,YEAR,2023,,,,,,,,,4.97,4.97369862,,,,2025-12-05T13:23:08Z,2023,2023-01-01,2023-12-31
10028041,GHED_GGHE-DGDP_SHA2011,COUNTRY,SOM,EMR,Eastern Mediterranean,YEAR,2020,,,,,,,,,0.23,0.2304647,,,,2025-12-05T13:23:08Z,2020,2020-01-01,2020-12-31
10030399,GHED_GGHE-DGDP_SHA2011,COUNTRY,JPN,WPR,Western Pacific,YEAR,2018,,,,,,,,,9.00,8.99690151,,,,2025-12-05T13:23:08Z,2018,2018-01-01,2018-12-31
10034429,GHED_GGHE-DGDP_SHA2011,COUNTRY,KOR,WPR,Western Pacific,YEAR,2010,,,,,,,,,3.20,3.20370984,,,,2025-12-05T13:23:08Z,2010,2010-01-01,2010-12-31
10037540,GHED_GGHE-DGDP_SHA2011,COUNTRY,OMN,EMR,Eastern Mediterranean,YEAR,2012,,,,,,,,,1.88,1.88399208,,,,2025-12-05T13:23:08Z,2012,2012-01-01,2012-12-31
10041498,GHED_GGHE-DGDP_SHA2011,COUNTRY,AUT,EUR,Europe,YEAR,2021,,,,,,,,,9.46,9.46212482,,,,2025-12-05T13:23:08Z,2021,2021-01-01,2021-12-31
10042880,GHED_GGHE-DGDP_SHA2011,COUNTRY,MNG,WPR,Western Pacific,YEAR,2014,,,,,,,,,2.41,2.40595388,,,,2025-12-05T13:23:08Z,2014,2014-01-01,2014-12-31
10043182,GHED_GGHE-DGDP_SHA2011,REGION,AMR,,,YEAR,2009,,,,,,,,,3.58,3.57694303,,,,2025-12-05T13:23:08Z,2009,2009-01-01,2009-12-31
10045598,GHED_GGHE-DGDP_SHA2011,COUNTRY,ROU,EUR,Europe,YEAR,2000,,,,,,,,,3.34,3.33585477,,,,2025-12-05T13:23:08Z,2000,2000-01-01,2000-12-31
10046834,GHED_GGHE-DGDP_SHA2011,COUNTRY,CRI,AMR,Americas,YEAR,2005,,,,,,,,,4.26,4.26226091,,,,2025-12-05T13:23:08Z,2005,2005-01-01,2005-12-31
10051129,GHED_GGHE-DGDP_SHA2011,COUNTRY,CAN,AMR,Americas,YEAR,2004,,,,,,,,,6.62,6.62396574,,,,2025-12-05T13:23:08Z,2004,2004-01-01,2004-12-31
10056707,GHED_GGHE-DGDP_SHA2011,COUNTRY,ROU,EUR,Europe,YEAR,2022,,,,,,,,,4.50,4.50321484,,,,2025-12-05T13:23:08Z,2022,2022-01-01,2022-12-31
10058379,GHED_GGHE-DGDP_SHA2011,REGION,EUR,,,YEAR,2000,,,,,,,,,4.14,4.14453975,,,,2025-12-05T13:23:08Z,2000,2000-01-01,2000-12-31
10058652,GHED_GGHE-DGDP_SHA2011,COUNTRY,LSO,AFR,Africa,YEAR,2009,,,,,,,,,4.87,4.86539936,,,,2025-12-05T13:23:08Z,2009,2009-01-01,2009-12-31
10060358,GHED_GGHE-DGDP_SHA2011,COUNTRY,BWA,AFR,Africa,YEAR,2022,,,,,,,,,4.31,4.30745316,,,,2025-12-05T13:23:08Z,2022,2022-01-01,2022-12-31
10060575,GHED_GGHE-DGDP_SHA2011,COUNTRY,NZL,WPR,Western Pacific,YEAR,2009,,,,,,,,,7.10,7.1025281,,,,2025-12-05T13:23:08Z,2009,2009-01-01,2009-12-31
10065050,GHED_GGHE-DGDP_SHA2011,COUNTRY,IRQ,EMR,Eastern Mediterranean,YEAR,2019,,,,,,,,,2.08,2.07680917,,,,2025-12-05T13:23:08Z,2019,2019-01-01,2019-12-31
10066586,GHED_GGHE-DGDP_SHA2011,COUNTRY,LAO,WPR,Western Pacific,YEAR,2013,,,,,,,,,0.71,0.71266264,,,,2025-12-05T13:23:08Z,2013,2013-01-01,2013-12-31
10068622,GHED_GGHE-DGDP_SHA2011,COUNTRY,COG,AFR,Africa,YEAR,2012,,,,,,,,,0.82,0.81893653,,,,2025-12-05T13:23:08Z,2012,2012-01-01,2012-12-31
10069775,GHED_GGHE-DGDP_SHA2011,COUNTRY,DNK,EUR,Europe,YEAR,2010,,,,,,,,,8.93,8.92905712,,,,2025-12-05T13:23:08Z,2010,2010-01-01,2010-12-31
10070525,GHED_GGHE-DGDP_SHA2011,COUNTRY,GNB,AFR,Africa,YEAR,2007,,,,,,,,,0.60,0.59780544,,,,2025-12-05T13:23:08Z,2007,2007-01-01,2007-12-31
10071133,GHED_GGHE-DGDP_SHA2011,COUNTRY,BOL,AMR,Americas,YEAR,2022,,,,,,,,,4.62,4.61549664,,,,2025-12-05T13:23:08Z,2022,2022-01-01,2022-12-31
10074400,GHED_GGHE-DGDP_SHA2011,COUNTRY,FJI,WPR,Western Pacific,YEAR,2016,,,,,,,,,2.10,2.09586525,,,,2025-12-05T13:23:08Z,2016,2016-01-01,2016-12-31
10084474,GHED_GGHE-DGDP_SHA2011,REGION,AFR,,,YEAR,2009,,,,,,,,,1.55,1.5516584,,,,2025-12-05T13:23:08Z,2009,2009-01-01,2009-12-31
10088289,GHED_GGHE-DGDP_SHA2011,COUNTRY,MDV,SEAR,South-East Asia,YEAR,2023,,,,,,,,,7.30,7.29846859,,,,2025-12-05T13:23:08Z,2023,2023-01-01,2023-12-31
10088792,GHED_GGHE-DGDP_SHA2011,COUNTRY,PNG,WPR,Western Pacific,YEAR,2016,,,,,,,,,1.68,1.67796266,,,,2025-12-05T13:23:08Z,2016,2016-01-01,2016-12-31
10089010,GHED_GGHE-DGDP_SHA2011,COUNTRY,GTM,AMR,Americas,YEAR,2004,,,,,,,,,2.02,2.02383399,,,,2025-12-05T13:23:08Z,2004,2004-01-01,2004-12-31
10090515,GHED_GGHE-DGDP_SHA2011,REGION,AMR,,,YEAR,2016,,,,,,,,,3.99,3.99129946,,,,2025-12-05T13:23:08Z,2016,2016-01-01,2016-12-31
10090543,GHED_GGHE-DGDP_SHA2011,COUNTRY,DNK,EUR,Europe,YEAR,2014,,,,,,,,,8.71,8.70941639,,,,2025-12-05T13:23:08Z,2014,2014-01-01,2014-12-31
10091947,GHED_GGHE-DGDP_SHA2011,COUNTRY,HND,AMR,Americas,YEAR,2013,,,,,,,,,3.49,3.4937377,,,,2025-12-05T13:23:08Z,2013,2013-01-01,2013-12-31
10092411,GHED_GGHE-DGDP_SHA2011,COUNTRY,UGA,AFR,Africa,YEAR,2013,,,,,,,,,0.97,0.97432142,,,,2025-12-05T13:23:08Z,2013,2013-01-01,2013-12-31
10095236,GHED_GGHE-DGDP_SHA2011,COUNTRY,MKD,EUR,Europe,YEAR,2021,,,,,,,,,4.59,4.58688641,,,,2025-12-05T13:23:08Z,2021,2021-01-01,2021-12-31
10095241,GHED_GGHE-DGDP_SHA2011,COUNTRY,CHE,EUR,Europe,YEAR,2005,,,,,,,,,3.12,3.12288141,,,,2025-12-05T13:23:08Z,2005,2005-01-01,2005-12-31
10098141,GHED_GGHE-DGDP_SHA2011,COUNTRY,LAO,WPR,Western Pacific,YEAR,2008,,,,,,,,,0.51,0.51332533,,,,2025-12-05T13:23:08Z,2008,2008-01-01,2008-12-31
10099035,GHED_GGHE-DGDP_SHA2011,COUNTRY,SLV,AMR,Americas,YEAR,2013,,,,,,,,,4.76,4.76325369,,,,2025-12-05T13:23:08Z,2013,2013-01-01,2013-12-31
10099836,GHED_GGHE-DGDP_SHA2011,COUNTRY,TTO,AMR,Americas,YEAR,2016,,,,,,,,,3.24,3.24490404,,,,2025-12-05T13:23:08Z,2016,2016-01-01,2016-12-31
10106672,GHED_GGHE-DGDP_SHA2011,COUNTRY,EST,EUR,Europe,YEAR,2013,,,,,,,,,4.61,4.61415815,,,,2025-12-05T13:23:08Z,2013,2013-01-01,2013-12-31
10107872,GHED_GGHE-DGDP_SHA2011,COUNTRY,DEU,EUR,Europe,YEAR,2012,,,,,,,,,8.03,8.03190994,,,,2025-12-05T13:23:08Z,2012,2012-01-01,2012-12-31
10109072,GHED_GGHE-DGDP_SHA2011,COUNTRY,KAZ,EUR,Europe,YEAR,2023,,,,,,,,,2.48,2.47987461,,,,2025-12-05T13:23:08Z,2023,2023-01-01,2023-12-31
10112430,GHED_GGHE-DGDP_SHA2011,COUNTRY,BRN,WPR,Western Pacific,YEAR,2000,,,,,,,,,2.14,2.14453936,,,,2025-12-05T13:23:08Z,2000,2000-01-01,2000-12-31
10112795,GHED_GGHE-DGDP_SHA2011,COUNTRY,LBN,EMR,Eastern Mediterranean,YEAR,2021,,,,,,,,,1.18,1.18353021,,,,2025-12-05T13:23:08Z,2021,2021-01-01,2021-12-31
10116226,GHED_GGHE-DGDP_SHA2011,COUNTRY,DOM,AMR,Americas,YEAR,2004,,,,,,,,,1.15,1.14767253,,,,2025-12-05T13:23:08Z,2004,2004-01-01,2004-12-31
10118498,GHED_GGHE-DGDP_SHA2011,COUNTRY,SWE,EUR,Europe,YEAR,2007,,,,,,,,,6.57,6.56826925,,,,2025-12-05T13:23:08Z,2007,2007-01-01,2007-12-31
10121175,GHED_GGHE-DGDP_SHA2011,REGION,AFR,,,YEAR,2021,,,,,,,,,1.97,1.96529779,,,,2025-12-05T13:23:08Z,2021,2021-01-01,2021-12-31
10122410,GHED_GGHE-DGDP_SHA2011,COUNTRY,GUY,AMR,Americas,YEAR,2001,,,,,,,,,1.63,1.63222313,,,,2025-12-05T13:23:08Z,2001,2001-01-01,2001-12-31
10122462,GHED_GGHE-DGDP_SHA2011,COUNTRY,VUT,WPR,Western Pacific,YEAR,2022,,,,,,,,,1.62,1.62112224,,,,2025-12-05T13:23:08Z,2022,2022-01-01,2022-12-31
10124377,GHED_GGHE-DGDP_SHA2011,WORLDBANKINCOMEGROUP,WB_LMI,,,YEAR,2020,,,,,,,,,2.41,2.40965972,,,,2025-12-05T13:23:08Z,2020,2020-01-01,2020-12-31
10124554,GHED_GGHE-DGDP_SHA2011,COUNTRY,SWZ,AFR,Africa,YEAR,2015,,,,,,,,,2.95,2.94745016,,,,2025-12-05T13:23:08Z,2015,2015-01-01,2015-12-31
10125629,GHED_GGHE-DGDP_SHA2011,COUNTRY,TON,WPR,Western Pacific,YEAR,2020,,,,,,,,,2.99,2.98630214,,,,2025-12-05T13:23:08Z,2020,2020-01-01,2020-12-31
10129659,GHED_GGHE-DGDP_SHA2011,COUNTRY,BEL,EUR,Europe,YEAR,2004,,,,,,,,,6.99,6.99315739,,,,2025-12-05T13:23:08Z,2004,2004-01-01,2004-12-31
10130853,GHED_GGHE-DGDP_SHA2011,COUNTRY,BTN,SEAR,South-East Asia,YEAR,2000,,,,,,,,,3.30,3.29712725,,,,2025-12-05T13:23:08Z,2000,2000-01-01,2000-12-31
10132623,GHED_GGHE-DGDP_SHA2011,WORLDBANKINCOMEGROUP,WB_HI,,,YEAR,2003,,,,,,,,,4.62,4.61734777,,,,2025-12-05T13:23:08Z,2003,2003-01-01,2003-12-31
10133588,GHED_GGHE-DGDP_SHA2011,COUNTRY,AUT,EUR,Europe,YEAR,2018,,,,,,,,,7.76,7.75579357,,,,2025-12-05T13:23:08Z,2018,2018-01-01,2018-12-31
10134701,GHED_GGHE-DGDP_SHA2011,COUNTRY,TKM,EUR,Europe,YEAR,2010,,,,,,,,,0.77,0.77174926,,,,2025-12-05T13:23:08Z,2010,2010-01-01,2010-12-31
10137226,GHED_GGHE-DGDP_SHA2011,COUNTRY,BFA,AFR,Africa,YEAR,2021,,,,,,,,,2.73,2.73058271,,,,2025-12-05T13:23:08Z,2021,2021-01-01,2021-12-31
10141775,GHED_GGHE-DGDP_SHA2011,WORLDBANKINCOMEGROUP,WB_HI,,,YEAR,2016,,,,,,,,,5.22,5.22106009,,,,2025-12-05T13:23:08Z,2016,2016-01-01,2016-12-31
10141786,GHED_GGHE-DGDP_SHA2011,COUNTRY,IRQ,EMR,Eastern Mediterranean,YEAR,2008,,,,,,,,,2.37,2.37276387,,,,2025-12-05T13:23:08Z,2008,2008-01-01,2008-12-31
10142358,GHED_GGHE-DGDP_SHA2011,COUNTRY,MDV,SEAR,South-East Asia,YEAR,2011,,,,,,,,,3.68,3.67702603,,,,2025-12-05T13:23:08Z,2011,2011-01-01,2011-12-31
10142558,GHED_GGHE-DGDP_SHA2011,COUNTRY,SRB,EUR,Europe,YEAR,2008,,,,,,,,,5.65,5.64826584,,,,2025-12-05T13:23:08Z,2008,2008-01-01,2008-12-31
10143513,GHED_GGHE-DGDP_SHA2011,COUNTRY,JAM,AMR,Americas,YEAR,2009,,,,,,,,,2.95,2.94776607,,,,2025-12-05T13:23:08Z,2009,2009-01-01,2009-12-31
10145217,GHED_GGHE-DGDP_SHA2011,COUNTRY,FJI,WPR,Western Pacific,YEAR,2012,,,,,,,,,1.91,1.91403711,,,,2025-12-05T13:23:08Z,2012,2012-01-01,2012-12-31
10151135,GHED_GGHE-DGDP_SHA2011,COUNTRY,EGY,EMR,Eastern Mediterranean,YEAR,2009,,,,,,,,,1.53,1.53461063,,,,2025-12-05T13:23:08Z,2009,2009-01-01,2009-12-31
10151569,GHED_GGHE-DGDP_SHA2011,COUNTRY,BEN,AFR,Africa,YEAR,2020,,,,,,,,,0.51,0.51122105,,,,2025-12-05T13:23:08Z,2020,2020-01-01,2020-12-31
10151740,GHED_GGHE-DGDP_SHA2011,COUNTRY,BIH,EUR,Europe,YEAR,2015,,,,,,,,,6.40,6.39630365,,,,2025-12-05T13:23:08Z,2015,2015-01-01,2015-12-31
10151898,GHED_GGHE-DGDP_SHA2011,COUNTRY,SGP,WPR,Western Pacific,YEAR,2013,,,,,,,,,1.54,1.53696907,,,,2025-12-05T13:23:08Z,2013,2013-01-01,2013-12-31
10154606,GHED_GGHE-DGDP_SHA2011,COUNTRY,LCA,AMR,Americas,YEAR,2012,,,,,,,,,2.04,2.03916478,,,,2025-12-05T13:23:08Z,2012,2012-01-01,2012-12-31
10158948,GHED_GGHE-DGDP_SHA2011,COUNTRY,TON,WPR,Western Pacific,YEAR,2003,,,,,,,,,2.42,2.4231987,,,,2025-12-05T13:23:08Z,2003,2003-01-01,2003-12-31
10161223,GHED_GGHE-DGDP_SHA2011,COUNTRY,KHM,WPR,Western Pacific,YEAR,2004,,,,,,,,,1.25,1.24548018,,,,2025-12-05T13:23:08Z,2004,2004-01-01,2004-12-31
10163853,GHED_GGHE-DGDP_SHA2011,WORLDBANKINCOMEGROUP,WB_UMI,,,YEAR,2018,,,,,,,,,3.70,3.7014435,,,,2025-12-05T13:23:08Z,2018,2018-01-01,2018-12-31
10168932,GHED_GGHE-DGDP_SHA2011,COUNTRY,MCO,EUR,Europe,YEAR,2017,,,,,,,,,3.61,3.61485219,,,,2025-12-05T13:23:08Z,2017,2017-01-01,2017-12-31
10173999,GHED_GGHE-DGDP_SHA2011,COUNTRY,BOL,AMR,Americas,YEAR,2023,,,,,,,,,4.66,4.65502548,,,,2025-12-05T13:23:08Z,2023,2023-01-01,2023-12-31
10181902,GHED_GGHE-DGDP_SHA2011,COUNTRY,MCO,EUR,Europe,YEAR,2022,,,,,,,,,2.94,2.93881845,,,,2025-12-05T13:23:08Z,2022,2022-01-01,2022-12-31
10182303,GHED_GGHE-DGDP_SHA2011,COUNTRY,DJI,EMR,Eastern Mediterranean,YEAR,2008,,,,,,,,,1.83,1.83015931,,,,2025-12-05T13:23:08Z,2008,2008-01-01,2008-12-31
10183346,GHED_GGHE-DGDP_SHA2011,COUNTRY,AUT,EUR,Europe,YEAR,2023,,,,,,,,,8.53,8.532197,,,,2025-12-05T13:23:08Z,2023,2023-01-01,2023-12-31
10185569,GHED_GGHE-DGDP_SHA2011,COUNTRY,BTN,SEAR,South-East Asia,YEAR,2007,,,,,,,,,2.48,2.47752094,,,,2025-12-05T13:23:08Z,2007,2007-01-01,2007-12-31
10185928,GHED_GGHE-DGDP_SHA2011,COUNTRY,MCO,EUR,Europe,YEAR,2005,,,,,,,,,3.65,3.65047526,,,,2025-12-05T13:23:08Z,2005,2005-01-01,2005-12-31
10187029,GHED_GGHE-DGDP_SHA2011,COUNTRY,NGA,AFR,Africa,YEAR,2013,,,,,,,,,0.49,0.48927844,,,,2025-12-05T13:23:08Z,2013,2013-01-01,2013-12-31
10190588,GHED_GGHE-DGDP_SHA2011,COUNTRY,SAU,EMR,Eastern Mediterranean,YEAR,2018,,,,,,,,,3.75,3.75438356,,,,2025-12-05T13:23:08Z,2018,2018-01-01,2018-12-31
10193278,GHED_GGHE-DGDP_SHA2011,COUNTRY,GAB,AFR,Africa,YEAR,2010,,,,,,,,,1.57,1.57325745,,,,2025-12-05T13:23:08Z,2010,2010-01-01,2010-12-31
10200122,GHED_GGHE-DGDP_SHA2011,COUNTRY,AGO,AFR,Africa,YEAR,2000,,,,,,,,,0.98,0.98097837,,,,2025-12-05T13:23:08Z,2000,2000-01-01,2000-12-31
10201284,GHED_GGHE-DGDP_SHA2011,COUNTRY,NIU,WPR,Western Pacific,YEAR,2023,,,,,,,,,7.30,7.3004837,,,,2025-12-05T13:23:08Z,2023,2023-01-01,2023-12-31
10201486,GHED_GGHE-DGDP_SHA2011,COUNTRY,EST,EUR,Europe,YEAR,2004,,,,,,,,,3.92,3.92235065,,,,2025-12-05T13:23:08Z,2004,2004-01-01,2004-12-31
10202716,GHED_GGHE-DGDP_SHA2011,COUNTRY,IND,SEAR,South-East Asia,YEAR,2007,,,,,,,,,0.75,0.74839747,,,,2025-12-05T13:23:08Z,2007,2007-01-01,2007-12-31
10209263,GHED_GGHE-DGDP_SHA2011,COUNTRY,KGZ,EUR,Europe,YEAR,2019,,,,,,,,,2.19,2.18779993,,,,2025-12-05T13:23:08Z,2019,2019-01-01,2019-12-31
10209282,GHED_GGHE-DGDP_SHA2011,COUNTRY,MDG,AFR,Africa,YEAR,2004,,,,,,,,,2.17,2.17331147,,,,2025-12-05T13:23:08Z,2004,2004-01-01,2004-12-31
10210057,GHED_GGHE-DGDP_SHA2011,COUNTRY,MDV,SEAR,South-East Asia,YEAR,2008,,,,,,,,,6.40,6.397439,,,,2025-12-05T13:23:08Z,2008,2008-01-01,2008-12-31
10211483,GHED_GGHE-DGDP_SHA2011,COUNTRY,ETH,AFR,Africa,YEAR,2020,,,,,,,,,0.98,0.98278511,,,,2025-12-05T13:23:08Z,2020,2020-01-01,2020-12-31
10215792,GHED_GGHE-DGDP_SHA2011,COUNTRY,LTU,EUR,Europe,YEAR,2014,,,,,,,,,4.14,4.14252853,,,,2025-12-05T13:23:08Z,2014,2014-01-01,2014-12-31
10217013,GHED_GGHE-DGDP_SHA2011,COUNTRY,COM,AFR,Africa,YEAR,2009,,,,,,,,,0.38,0.37907231,,,,2025-12-05T13:23:08Z,2009,2009-01-01,2009-12-31
10217438,GHED_GGHE-DGDP_SHA2011,COUNTRY,MLT,EUR,Europe,YEAR,2016,,,,,,,,,5.48,5.48300409,,,,2025-12-05T13:23:08Z,2016,2016-01-01,2016-12-31
10217738,GHED_GGHE-DGDP_SHA2011,COUNTRY,IRN,EMR,Eastern Mediterranean,YEAR,2013,,,,,,,,,2.17,2.17463541,,,,2025-12-05T13:23:08Z,2013,2013-01-01,2013-12-31
10218446,GHED_GGHE-DGDP_SHA2011,COUNTRY,NZL,WPR,Western Pacific,YEAR,2006,,,,,,,,,6.67,6.67049885,,,,2025-12-05T13:23:08Z,2006,2006-01-01,2006-12-31
10222728,GHED_GGHE-DGDP_SHA2011,COUNTRY,SMR,EUR,Europe,YEAR,2019,,,,,,,,,7.23,7.23374033,,,,2025-12-05T13:23:08Z,2019,2019-01-01,2019-12-31
10224715,GHED_GGHE-DGDP_SHA2011,COUNTRY,CMR,AFR,Africa,YEAR,2013,,,,,,,,,0.48,0.4803811,,,,2025-12-05T13:23:08Z,2013,2013-01-01,2013-12-31
10227619,GHED_GGHE-DGDP_SHA2011,COUNTRY,NRU,WPR,Western Pacific,YEAR,2007,,,,,,,,,16.82,16.81926155,,,,2025-12-05T13:23:08Z,2007,2007-01-01,2007-12-31
10228509,GHED_GGHE-DGDP_SHA2011,COUNTRY,ERI,AFR,Africa,YEAR,2001,,,,,,,,,1.79,1.79195142,,,,2025-12-05T13:23:08Z,2001,2001-01-01,2001-12-31
10229641,GHED_GGHE-DGDP_SHA2011,COUNTRY,KIR,WPR,Western Pacific,YEAR,2020,,,,,,,,,9.50,9.50155735,,,,2025-12-05T13:23:08Z,2020,2020-01-01,2020-12-31
10232744,GHED_GGHE-DGDP_SHA2011,COUNTRY,VNM,WPR,Western Pacific,YEAR,2003,,,,,,,,,1.59,1.58931124,,,,2025-12-05T13:23:08Z,2003,2003-01-01,2003-12-31
10240103,GHED_GGHE-DGDP_SHA2011,COUNTRY,TUR,EUR,Europe,YEAR,2014,,,,,,,,,3.36,3.35657501,,,,2025-12-05T13:23:08Z,2014,2014-01-01,2014-12-31
10243684,GHED_GGHE-DGDP_SHA2011,COUNTRY,MKD,EUR,Europe,YEAR,2007,,,,,,,,,4.04,4.04007626,,,,2025-12-05T13:23:08Z,2007,2007-01-01,2007-12-31
10249361,GHED_GGHE-DGDP_SHA2011,COUNTRY,CZE,EUR,Europe,YEAR,2004,,,,,,,,,5.55,5.54793978,,,,2025-12-05T13:23:08Z,2004,2004-01-01,2004-12-31
