Id,IndicatorCode,SpatialDimension,SpatialDimensionValueCode,ParentLocationCode,ParentLocation,TimeDimension,TimeDim,DisaggregatingDimension1,DisaggregatingDimension1ValueCode,DisaggregatingDimension2,DisaggregatingDimension2ValueCode,DisaggregatingDimension3,DisaggregatingDimension3ValueCode,DataSourceDimension,DataSourceDimensionValueCode,Value,NumericValue,Low,High,Comments,Date,TimeDimensionValue,TimeDimensionBegin,TimeDimensionEnd
2276421,GHED_GGHE-DGGE_SHA2011,COUNTRY,HRV,EUR,Europe,YEAR,2015,,,,,,,,,11.64,11.63655186,,,,2025-12-05T13:23:08Z,2015,2015-01-01,2015-12-31
2278071,GHED_GGHE-DGGE_SHA2011,COUNTRY,BDI,AFR,Africa,YEAR,2010,,,,,,,,,4.86,4.86066389,,,,2025-12-05T13:23:08Z,2010,2010-01-01,2010-12-31
2281323,GHED_GGHE-DGGE_SHA2011,COUNTRY,LBN,EMR,Eastern Mediterranean,YEAR,2010,,,,,,,,,10.29,10.28593254,,,,2025-12-05T13:23:08Z,2010,2010-01-01,2010-12-31
2286820,GHED_GGHE-DGGE_SHA2011,COUNTRY,DEU,EUR,Europe,YEAR,2002,,,,,,,,,16.24,16.24415779,,,,2025-12-05T13:23:08Z,2002,2002-01-01,2002-12-31
2288715,GHED_GGHE-DGGE_SHA2011,COUNTRY,BRN,WPR,Western Pacific,YEAR,2014,,,,,,,,,5.20,5.20392704,,,,2025-12-05T13:23:08Z,2014,2014-01-01,2014-12-31
2288917,GHED_GGHE-DGGE_SHA2011,COUNTRY,COL,AMR,Americas,YEAR,2017,,,,,,,,,18.60,18.60467529,,,,2025-12-05T13:23:08Z,2017,2017-01-01,2017-12-31
2291529,GHED_GGHE-DGGE_SHA2011,COUNTRY,GBR,EUR,Europe,YEAR,2006,,,,,,,,,18.32,18.31504631,,,,2025-12-05T13:23:08Z,2006,2006-01-01,2006-12-31
2295647,GHED_GGHE-DGGE_SHA2011,COUNTRY,LBN,EMR,Eastern Mediterranean,YEAR,2012,,,,,,,,,10.08,10.07938385,,,,2025-12-05T13:23:08Z,2012,2012-01-01,2012-12-31
2295679,GHED_GGHE-DGGE_SHA2011,COUNTRY,DOM,AMR,Americas,YEAR,2016,,,,,,,,,15.70,15.69811821,,,,2025-12-05T13:23:08Z,2016,2016-01-01,2016-12-31
2296490,GHED_GGHE-DGGE_SHA2011,COUNTRY,MHL,WPR,Western Pacific,YEAR,2003,,,,,,,,,15.99,15.99021339,,,,2025-12-05T13:23:08Z,2003,2003-01-01,2003-12-31
2297361,GHED_GGHE-DGGE_SHA2011,COUNTRY,SWZ,AFR,Africa,YEAR,2010,,,,,,,,,13.76,13.75653362,,,,2025-12-05T13:23:08Z,2010,2010-01-01,2010-12-31
2297997,GHED_GGHE-DGGE_SHA2011,COUNTRY,BEL,EUR,Europe,YEAR,2013,,,,,,,,,14.31,14.30918312,,,,2025-12-05T13:23:08Z,2013,2013-01-01,2013-12-31
2301475,GHED_GGHE-DGGE_SHA2011,COUNTRY,LBY,EMR,Eastern Mediterranean,YEAR,2014,,,,,,,,,5.71,5.71347761,,,,2025-12-05T13:23:08Z,2014,2014-01-01,2014-12-31
2307141,GHED_GGHE-DGGE_SHA2011,COUNTRY,YEM,EMR,Eastern Mediterranean,YEAR,2011,,,,,,,,,3.66,3.65991807,,,,2025-12-05T13:23:08Z,2011,2011-01-01,2011-12-31
2308938,GHED_GGHE-DGGE_SHA2011,COUNTRY,PLW,WPR,Western Pacific,YEAR,2004,,,,,,,,,8.50,8.50177288,,,,2025-12-05T13:23:08Z,2004,2004-01-01,2004-12-31
2311107,GHED_GGHE-DGGE_SHA2011,COUNTRY,BIH,EUR,Europe,YEAR,2012,,,,,,,,,13.88,13.88334846,,,,2025-12-05T13:23:08Z,2012,2012-01-01,2012-12-31
2319711,GHED_GGHE-DGGE_SHA2011,COUNTRY,DJI,EMR,Eastern Mediterranean,YEAR,2005,,,,,,,,,5.33,5.32781839,,,,2025-12-05T13:23:08Z,2005,2005-01-01,2005-12-31
2322165,GHED_GGHE-DGGE_SHA2011,COUNTRY,TKM,EUR,Europe,YEAR,2016,,,,,,,,,8.71,8.7136755,,,,2025-12-05T13:23:08Z,2016,2016-01-01,2016-12-31
2331184,GHED_GGHE-DGGE_SHA2011,COUNTRY,BLZ,AMR,Americas,YEAR,2002,,,,,,,,,7.51,7.51454115,,,,2025-12-05T13:23:08Z,2002,2002-01-01,2002-12-31
2333933,GHED_GGHE-DGGE_SHA2011,COUNTRY,FRA,EUR,Europe,YEAR,2020,,,,,,,,,15.00,15.00467205,,,,2025-12-05T13:23:08Z,2020,2020-01-01,2020-12-31
2334701,GHED_GGHE-DGGE_SHA2011,COUNTRY,TUN,EMR,Eastern Mediterranean,YEAR,2003,,,,,,,,,11.41,11.40784454,,,,2025-12-05T13:23:08Z,2003,2003-01-01,2003-12-31
2336612,GHED_GGHE-DGGE_SHA2011,COUNTRY,PAK,EMR,Eastern Mediterranean,YEAR,2009,,,,,,,,,2.96,2.96314049,,,,2025-12-05T13:23:08Z,2009,2009-01-01,2009-12-31
2338889,GHED_GGHE-DGGE_SHA2011,COUNTRY,LUX,EUR,Europe,YEAR,2006,,,,,,,,,14.12,14.11738968,,,,2025-12-05T13:23:08Z,2006,2006-01-01,2006-12-31
2342365,GHED_GGHE-DGGE_SHA2011,COUNTRY,TUR,EUR,Europe,YEAR,2007,,,,,,,,,10.95,10.95228481,,,,2025-12-05T13:23:08Z,2007,2007-01-01,2007-12-31
2347576,GHED_GGHE-DGGE_SHA2011,COUNTRY,USA,AMR,Americas,YEAR,2008,,,,,,,,,18.20,18.201231,,,,2025-12-05T13:23:08Z,2008,2008-01-01,2008-12-31
2355191,GHED_GGHE-DGGE_SHA2011,COUNTRY,TUV,WPR,Western Pacific,YEAR,2015,,,,,,,,,8.72,8.71861744,,,,2025-12-05T13:23:08Z,2015,2015-01-01,2015-12-31
2356406,GHED_GGHE-DGGE_SHA2011,COUNTRY,ESP,EUR,Europe,YEAR,2020,,,,,,,,,15.15,15.14615154,,,,2025-12-05T13:23:08Z,2020,2020-01-01,2020-12-31
2357726,GHED_GGHE-DGGE_SHA2011,REGION,AMR,,,YEAR,2009,,,,,,,,,12.62,12.62143671,,,,2025-12-05T13:23:08Z,2009,2009-01-01,2009-12-31
2361964,GHED_GGHE-DGGE_SHA2011,COUNTRY,LBN,EMR,Eastern Mediterranean,YEAR,2013,,,,,,,,,10.79,10.79288769,,,,2025-12-05T13:23:08Z,2013,2013-01-01,2013-12-31
2362814,GHED_GGHE-DGGE_SHA2011,COUNTRY,GBR,EUR,Europe,YEAR,2005,,,,,,,,,17.72,17.72014999,,,,2025-12-05T13:23:08Z,2005,2005-01-01,2005-12-31
2366130,GHED_GGHE-DGGE_SHA2011,COUNTRY,POL,EUR,Europe,YEAR,2008,,,,,,,,,10.27,10.27323627,,,,2025-12-05T13:23:08Z,2008,2008-01-01,2008-12-31
2368269,GHED_GGHE-DGGE_SHA2011,COUNTRY,SEN,AFR,Africa,YEAR,2003,,,,,,,,,9.05,9.04788303,,,,2025-12-05T13:23:08Z,2003,2003-01-01,2003-12-31
2369830,GHED_GGHE-DGGE_SHA2011,COUNTRY,KEN,AFR,Africa,YEAR,2007,,,,,,,,,7.04,7.03938627,,,,2025-12-05T13:23:08Z,2007,2007-01-01,2007-12-31
2370485,GHED_GGHE-DGGE_SHA2011,COUNTRY,KHM,WPR,Western Pacific,YEAR,2018,,,,,,,,,7.52,7.52334309,,,,2025-12-05T13:23:08Z,2018,2018-01-01,2018-12-31
2370931,GHED_GGHE-DGGE_SHA2011,COUNTRY,NAM,AFR,Africa,YEAR,2014,,,,,,,,,11.97,11.96669388,,,,2025-12-05T13:23:08Z,2014,2014-01-01,2014-12-31
2372456,GHED_GGHE-DGGE_SHA2011,COUNTRY,FJI,WPR,Western Pacific,YEAR,2015,,,,,,,,,7.04,7.04417515,,,,2025-12-05T13:23:08Z,2015,2015-01-01,2015-12-31
2374598,GHED_GGHE-DGGE_SHA2011,COUNTRY,RWA,AFR,Africa,YEAR,2002,,,,,,,,,3.71,3.70572662,,,,2025-12-05T13:23:08Z,2002,2002-01-01,2002-12-31
2377525,GHED_GGHE-DGGE_SHA2011,COUNTRY,AND,EUR,Europe,YEAR,2006,,,,,,,,,23.29,23.28826904,,,,2025-12-05T13:23:08Z,2006,2006-01-01,2006-12-31
2378829,GHED_GGHE-DGGE_SHA2011,COUNTRY,SDN,EMR,Eastern Mediterranean,YEAR,2023,,,,,,,,,7.15,7.14617443,,,,2025-12-05T13:23:08Z,2023,2023-01-01,2023-12-31
2380766,GHED_GGHE-DGGE_SHA2011,COUNTRY,ARM,EUR,Europe,YEAR,2004,,,,,,,,,6.28,6.27547503,,,,2025-12-05T13:23:08Z,2004,2004-01-01,2004-12-31
2381268,GHED_GGHE-DGGE_SHA2011,COUNTRY,UGA,AFR,Africa,YEAR,2016,,,,,,,,,5.18,5.17819309,,,,2025-12-05T13:23:08Z,2016,2016-01-01,2016-12-31
2382725,GHED_GGHE-DGGE_SHA2011,COUNTRY,IRL,EUR,Europe,YEAR,2001,,,,,,,,,15.59,15.58507347,,,,2025-12-05T13:23:08Z,2001,2001-01-01,2001-12-31
2391438,GHED_GGHE-DGGE_SHA2011,COUNTRY,PNG,WPR,Western Pacific,YEAR,2015,,,,,,,,,6.03,6.0310936,,,,2025-12-05T13:23:08Z,2015,2015-01-01,2015-12-31
2392144,GHED_GGHE-DGGE_SHA2011,COUNTRY,MKD,EUR,Europe,YEAR,2003,,,,,,,,,13.76,13.76112652,,,,2025-12-05T13:23:08Z,2003,2003-01-01,2003-12-31
2395595,GHED_GGHE-DGGE_SHA2011,COUNTRY,JPN,WPR,Western Pacific,YEAR,2013,,,,,,,,,22.22,22.21854019,,,,2025-12-05T13:23:08Z,2013,2013-01-01,2013-12-31
2398067,GHED_GGHE-DGGE_SHA2011,COUNTRY,NLD,EUR,Europe,YEAR,2017,,,,,,,,,14.95,14.94865417,,,,2025-12-05T13:23:08Z,2017,2017-01-01,2017-12-31
2398969,GHED_GGHE-DGGE_SHA2011,COUNTRY,TUV,WPR,Western Pacific,YEAR,2017,,,,,,,,,17.96,17.95534515,,,,2025-12-05T13:23:08Z,2017,2017-01-01,2017-12-31
2401825,GHED_GGHE-DGGE_SHA2011,COUNTRY,SGP,WPR,Western Pacific,YEAR,2003,,,,,,,,,8.33,8.32677841,,,,2025-12-05T13:23:08Z,2003,2003-01-01,2003-12-31
2401886,GHED_GGHE-DGGE_SHA2011,COUNTRY,URY,AMR,Americas,YEAR,2023,,,,,,,,,21.38,21.37979126,,,,2025-12-05T13:23:08Z,2023,2023-01-01,2023-12-31
2402473,GHED_GGHE-DGGE_SHA2011,COUNTRY,CMR,AFR,Africa,YEAR,2009,,,,,,,,,3.05,3.04738736,,,,2025-12-05T13:23:08Z,2009,2009-01-01,2009-12-31
2403223,GHED_GGHE-DGGE_SHA2011,COUNTRY,SMR,EUR,Europe,YEAR,2011,,,,,,,,,28.20,28.19811058,,,,2025-12-05T13:23:08Z,2011,2011-01-01,2011-12-31
2404241,GHED_GGHE-DGGE_SHA2011,COUNTRY,NAM,AFR,Africa,YEAR,2017,,,,,,,,,14.02,14.02117729,,,,2025-12-05T13:23:08Z,2017,2017-01-01,2017-12-31
2404352,GHED_GGHE-DGGE_SHA2011,COUNTRY,NIC,AMR,Americas,YEAR,2009,,,,,,,,,16.77,16.76971817,,,,2025-12-05T13:23:08Z,2009,2009-01-01,2009-12-31
2405122,GHED_GGHE-DGGE_SHA2011,COUNTRY,KWT,EMR,Eastern Mediterranean,YEAR,2012,,,,,,,,,5.12,5.11891651,,,,2025-12-05T13:23:08Z,2012,2012-01-01,2012-12-31
2411605,GHED_GGHE-DGGE_SHA2011,COUNTRY,NAM,AFR,Africa,YEAR,2016,,,,,,,,,13.80,13.80270672,,,,2025-12-05T13:23:08Z,2016,2016-01-01,2016-12-31
2413913,GHED_GGHE-DGGE_SHA2011,COUNTRY,MDA,EUR,Europe,YEAR,2008,,,,,,,,,12.72,12.7215929,,,,2025-12-05T13:23:08Z,2008,2008-01-01,2008-12-31
2414111,GHED_GGHE-DGGE_SHA2011,COUNTRY,URY,AMR,Americas,YEAR,2000,,,,,,,,,14.34,14.3447504,,,,2025-12-05T13:23:08Z,2000,2000-01-01,2000-12-31
2414848,GHED_GGHE-DGGE_SHA2011,COUNTRY,IRQ,EMR,Eastern Mediterranean,YEAR,2014,,,,,,,,,2.37,2.36959839,,,,2025-12-05T13:23:08Z,2014,2014-01-01,2014-12-31
2415175,GHED_GGHE-DGGE_SHA2011,COUNTRY,BHS,AMR,Americas,YEAR,2005,,,,,,,,,12.86,12.86341,,,,2025-12-05T13:23:08Z,2005,2005-01-01,2005-12-31
2416384,GHED_GGHE-DGGE_SHA2011,COUNTRY,RWA,AFR,Africa,YEAR,2018,,,,,,,,,6.23,6.23024607,,,,2025-12-05T13:23:08Z,2018,2018-01-01,2018-12-31
2417115,GHED_GGHE-DGGE_SHA2011,COUNTRY,SLB,WPR,Western Pacific,YEAR,2004,,,,,,,,,33.37,33.37229538,,,,2025-12-05T13:23:08Z,2004,2004-01-01,2004-12-31
2418572,GHED_GGHE-DGGE_SHA2011,COUNTRY,VCT,AMR,Americas,YEAR,2014,,,,,,,,,8.33,8.32666492,,,,2025-12-05T13:23:08Z,2014,2014-01-01,2014-12-31
2420818,GHED_GGHE-DGGE_SHA2011,COUNTRY,MLT,EUR,Europe,YEAR,2000,,,,,,,,,11.78,11.78238678,,,,2025-12-05T13:23:08Z,2000,2000-01-01,2000-12-31
2421153,GHED_GGHE-DGGE_SHA2011,COUNTRY,GRC,EUR,Europe,YEAR,2014,,,,,,,,,8.77,8.77235889,,,,2025-12-05T13:23:08Z,2014,2014-01-01,2014-12-31
2425316,GHED_GGHE-DGGE_SHA2011,COUNTRY,ZMB,AFR,Africa,YEAR,2003,,,,,,,,,5.32,5.32276154,,,,2025-12-05T13:23:08Z,2003,2003-01-01,2003-12-31
2425722,GHED_GGHE-DGGE_SHA2011,COUNTRY,NPL,SEAR,South-East Asia,YEAR,2017,,,,,,,,,4.51,4.50787783,,,,2025-12-05T13:23:08Z,2017,2017-01-01,2017-12-31
2425890,GHED_GGHE-DGGE_SHA2011,COUNTRY,GHA,AFR,Africa,YEAR,2002,,,,,,,,,6.10,6.10194254,,,,2025-12-05T13:23:08Z,2002,2002-01-01,2002-12-31
2427644,GHED_GGHE-DGGE_SHA2011,COUNTRY,CHE,EUR,Europe,YEAR,2009,,,,,,,,,9.97,9.97373199,,,,2025-12-05T13:23:08Z,2009,2009-01-01,2009-12-31
2435610,GHED_GGHE-DGGE_SHA2011,COUNTRY,BOL,AMR,Americas,YEAR,2004,,,,,,,,,7.84,7.83916283,,,,2025-12-05T13:23:08Z,2004,2004-01-01,2004-12-31
2439356,GHED_GGHE-DGGE_SHA2011,COUNTRY,CMR,AFR,Africa,YEAR,2022,,,,,,,,,3.91,3.91280055,,,,2025-12-05T13:23:08Z,2022,2022-01-01,2022-12-31
2446266,GHED_GGHE-DGGE_SHA2011,COUNTRY,PSE,EMR,Eastern Mediterranean,YEAR,2015,,,,,,,,,9.93,9.92882061,,,,2025-12-05T13:23:08Z,2015,2015-01-01,2015-12-31
2448680,GHED_GGHE-DGGE_SHA2011,COUNTRY,LCA,AMR,Americas,YEAR,2023,,,,,,,,,9.79,9.78612041,,,,2025-12-05T13:23:08Z,2023,2023-01-01,2023-12-31
2449741,GHED_GGHE-DGGE_SHA2011,COUNTRY,LUX,EUR,Europe,YEAR,2014,,,,,,,,,10.85,10.8537426,,,,2025-12-05T13:23:08Z,2014,2014-01-01,2014-12-31
2450843,GHED_GGHE-DGGE_SHA2011,COUNTRY,ARG,AMR,Americas,YEAR,2000,,,,,,,,,17.82,17.81966209,,,,2025-12-05T13:23:08Z,2000,2000-01-01,2000-12-31
2451002,GHED_GGHE-DGGE_SHA2011,COUNTRY,BRN,WPR,Western Pacific,YEAR,2020,,,,,,,,,6.95,6.94822884,,,,2025-12-05T13:23:08Z,2020,2020-01-01,2020-12-31
2453881,GHED_GGHE-DGGE_SHA2011,COUNTRY,ATG,AMR,Americas,YEAR,2020,,,,,,,,,13.78,13.78379345,,,,2025-12-05T13:23:08Z,2020,2020-01-01,2020-12-31
2456183,GHED_GGHE-DGGE_SHA2011,COUNTRY,HTI,AMR,Americas,YEAR,2001,,,,,,,,,11.91,11.90920353,,,,2025-12-05T13:23:08Z,2001,2001-01-01,2001-12-31
2456344,GHED_GGHE-DGGE_SHA2011,COUNTRY,URY,AMR,Americas,YEAR,2019,,,,,,,,,20.11,20.10689545,,,,2025-12-05T13:23:08Z,2019,2019-01-01,2019-12-31
2463536,GHED_GGHE-DGGE_SHA2011,COUNTRY,DOM,AMR,Americas,YEAR,2003,,,,,,,,,6.73,6.73424339,,,,2025-12-05T13:23:08Z,2003,2003-01-01,2003-12-31
2463923,GHED_GGHE-DGGE_SHA2011,COUNTRY,ATG,AMR,Americas,YEAR,2021,,,,,,,,,13.09,13.09404564,,,,2025-12-05T13:23:08Z,2021,2021-01-01,2021-12-31
2465095,GHED_GGHE-DGGE_SHA2011,COUNTRY,HUN,EUR,Europe,YEAR,2019,,,,,,,,,9.31,9.30963039,,,,2025-12-05T13:23:08Z,2019,2019-01-01,2019-12-31
2468002,GHED_GGHE-DGGE_SHA2011,COUNTRY,GEO,EUR,Europe,YEAR,2000,,,,,,,,,4.85,4.85252142,,,,2025-12-05T13:23:08Z,2000,2000-01-01,2000-12-31
2469177,GHED_GGHE-DGGE_SHA2011,COUNTRY,GNB,AFR,Africa,YEAR,2008,,,,,,,,,2.52,2.52350521,,,,2025-12-05T13:23:08Z,2008,2008-01-01,2008-12-31
2470613,GHED_GGHE-DGGE_SHA2011,COUNTRY,DMA,AMR,Americas,YEAR,2003,,,,,,,,,8.67,8.66607666,,,,2025-12-05T13:23:08Z,2003,2003-01-01,2003-12-31
2471931,GHED_GGHE-DGGE_SHA2011,COUNTRY,MHL,WPR,Western Pacific,YEAR,2018,,,,,,,,,10.77,10.76629162,,,,2025-12-05T13:23:08Z,2018,2018-01-01,2018-12-31
2477914,GHED_GGHE-DGGE_SHA2011,COUNTRY,UKR,EUR,Europe,YEAR,2001,,,,,,,,,7.63,7.63454914,,,,2025-12-05T13:23:08Z,2001,2001-01-01,2001-12-31
2477926,GHED_GGHE-DGGE_SHA2011,COUNTRY,SEN,AFR,Africa,YEAR,2004,,,,,,,,,8.97,8.96697044,,,,2025-12-05T13:23:08Z,2004,2004-01-01,2004-12-31
2478885,GHED_GGHE-DGGE_SHA2011,COUNTRY,MWI,AFR,Africa,YEAR,2006,,,,,,,,,5.29,5.29271793,,,,2025-12-05T13:23:08Z,2006,2006-01-01,2006-12-31
2480022,GHED_GGHE-DGGE_SHA2011,COUNTRY,COG,AFR,Africa,YEAR,2018,,,,,,,,,3.49,3.48719907,,,,2025-12-05T13:23:08Z,2018,2018-01-01,2018-12-31
2481784,GHED_GGHE-DGGE_SHA2011,COUNTRY,PLW,WPR,Western Pacific,YEAR,2008,,,,,,,,,6.88,6.87531042,,,,2025-12-05T13:23:08Z,2008,2008-01-01,2008-12-31
2482223,GHED_GGHE-DGGE_SHA2011,COUNTRY,GUY,AMR,Americas,YEAR,2018,,,,,,,,,10.71,10.71157551,,,,2025-12-05T13:23:08Z,2018,2018-01-01,2018-12-31
2483066,GHED_GGHE-DGGE_SHA2011,COUNTRY,RUS,EUR,Europe,YEAR,2004,,,,,,,,,9.44,9.44207001,,,,2025-12-05T13:23:08Z,2004,2004-01-01,2004-12-31
2483483,GHED_GGHE-DGGE_SHA2011,COUNTRY,GHA,AFR,Africa,YEAR,2010,,,,,,,,,11.92,11.91557407,,,,2025-12-05T13:23:08Z,2010,2010-01-01,2010-12-31
2484867,GHED_GGHE-DGGE_SHA2011,COUNTRY,MNG,WPR,Western Pacific,YEAR,2009,,,,,,,,,8.75,8.74871159,,,,2025-12-05T13:23:08Z,2009,2009-01-01,2009-12-31
2485905,GHED_GGHE-DGGE_SHA2011,COUNTRY,HTI,AMR,Americas,YEAR,2020,,,,,,,,,4.84,4.84190845,,,,2025-12-05T13:23:08Z,2020,2020-01-01,2020-12-31
2487074,GHED_GGHE-DGGE_SHA2011,COUNTRY,ISR,EUR,Europe,YEAR,2021,,,,,,,,,13.78,13.78275585,,,,2025-12-05T13:23:08Z,2021,2021-01-01,2021-12-31
2488110,GHED_GGHE-DGGE_SHA2011,COUNTRY,SVN,EUR,Europe,YEAR,2013,,,,,,,,,10.77,10.76674747,,,,2025-12-05T13:23:08Z,2013,2013-01-01,2013-12-31
2489742,GHED_GGHE-DGGE_SHA2011,COUNTRY,SEN,AFR,Africa,YEAR,2005,,,,,,,,,8.54,8.54413509,,,,2025-12-05T13:23:08Z,2005,2005-01-01,2005-12-31
2492078,GHED_GGHE-DGGE_SHA2011,COUNTRY,ERI,AFR,Africa,YEAR,2007,,,,,,,,,2.37,2.37287188,,,,2025-12-05T13:23:08Z,2007,2007-01-01,2007-12-31
2493153,GHED_GGHE-DGGE_SHA2011,COUNTRY,JOR,EMR,Eastern Mediterranean,YEAR,2021,,,,,,,,,10.35,10.3472929,,,,2025-12-05T13:23:08Z,2021,2021-01-01,2021-12-31
2494891,GHED_GGHE-DGGE_SHA2011,COUNTRY,KWT,EMR,Eastern Mediterranean,YEAR,2008,,,,,,,,,3.69,3.69263697,,,,2025-12-05T13:23:08Z,2008,2008-01-01,2008-12-31
2495257,GHED_GGHE-DGGE_SHA2011,COUNTRY,NER,AFR,Africa,YEAR,2007,,,,,,,,,8.63,8.63178158,,,,2025-12-05T13:23:08Z,2007,2007-01-01,2007-12-31
2498170,GHED_GGHE-DGGE_SHA2011,COUNTRY,LTU,EUR,Europe,YEAR,2003,,,,,,,,,13.68,13.67591095,,,,2025-12-05T13:23:08Z,2003,2003-01-01,2003-12-31
2498559,GHED_GGHE-DGGE_SHA2011,WORLDBANKINCOMEGROUP,WB_UMI,,,YEAR,2003,,,,,,,,,10.04,10.03536609,,,,2025-12-05T13:23:08Z,2003,2003-01-01,2003-12-31
2499549,GHED_GGHE-DGGE_SHA2011,COUNTRY,TCD,AFR,Africa,YEAR,2008,,,,,,,,,4.23,4.2314992,,,,2025-12-05T13:23:08Z,2008,2008-01-01,2008-12-31
2503565,GHED_GGHE-DGGE_SHA2011,COUNTRY,NIU,WPR,Western Pacific,YEAR,2002,,,,,,,,,9.89,9.88888931,,,,2025-12-05T13:23:08Z,2002,2002-01-01,2002-12-31
2504594,GHED_GGHE-DGGE_SHA2011,COUNTRY,EST,EUR,Europe,YEAR,2005,,,,,,,,,11.58,11.57533646,,,,2025-12-05T13:23:08Z,2005,2005-01-01,2005-12-31
2507350,GHED_GGHE-DGGE_SHA2011,REGION,AFR,,,YEAR,2005,,,,,,,,,7.14,7.14464718,,,,2025-12-05T13:23:08Z,2005,2005-01-01,2005-12-31
2507861,GHED_GGHE-DGGE_SHA2011,COUNTRY,NPL,SEAR,South-East Asia,YEAR,2020,,,,,,,,,5.67,5.6691947,,,,2025-12-05T13:23:08Z,2020,2020-01-01,2020-12-31
2508330,GHED_GGHE-DGGE_SHA2011,COUNTRY,NGA,AFR,Africa,YEAR,2003,,,,,,,,,4.01,4.00685167,,,,2025-12-05T13:23:08Z,2003,2003-01-01,2003-12-31
2509696,GHED_GGHE-DGGE_SHA2011,COUNTRY,SYC,AFR,Africa,YEAR,2008,,,,,,,,,8.90,8.90184402,,,,2025-12-05T13:23:08Z,2008,2008-01-01,2008-12-31
2511244,GHED_GGHE-DGGE_SHA2011,COUNTRY,CAN,AMR,Americas,YEAR,2003,,,,,,,,,16.36,16.36354446,,,,2025-12-05T13:23:08Z,2003,2003-01-01,2003-12-31
2517578,GHED_GGHE-DGGE_SHA2011,COUNTRY,SVN,EUR,Europe,YEAR,2006,,,,,,,,,12.35,12.34893513,,,,2025-12-05T13:23:08Z,2006,2006-01-01,2006-12-31
2518876,GHED_GGHE-DGGE_SHA2011,REGION,WPR,,,YEAR,2015,,,,,,,,,9.38,9.37559555,,,,2025-12-05T13:23:08Z,2015,2015-01-01,2015-12-31
2520192,GHED_GGHE-DGGE_SHA2011,COUNTRY,KAZ,EUR,Europe,YEAR,2010,,,,,,,,,8.21,8.20522785,,,,2025-12-05T13:23:08Z,2010,2010-01-01,2010-12-31
2520214,GHED_GGHE-DGGE_SHA2011,COUNTRY,NOR,EUR,Europe,YEAR,2020,,,,,,,,,17.05,17.04553032,,,,2025-12-05T13:23:08Z,2020,2020-01-01,2020-12-31
2520963,GHED_GGHE-DGGE_SHA2011,COUNTRY,PSE,EMR,Eastern Mediterranean,YEAR,2000,,,,,,,,,5.84,5.84337044,,,,2025-12-05T13:23:08Z,2000,2000-01-01,2000-12-31
2527381,GHED_GGHE-DGGE_SHA2011,COUNTRY,ISL,EUR,Europe,YEAR,2021,,,,,,,,,16.46,16.46465302,,,,2025-12-05T13:23:08Z,2021,2021-01-01,2021-12-31
2529137,GHED_GGHE-DGGE_SHA2011,COUNTRY,DZA,AFR,Africa,YEAR,2020,,,,,,,,,8.83,8.83030605,,,,2025-12-05T13:23:08Z,2020,2020-01-01,2020-12-31
2529679,GHED_GGHE-DGGE_SHA2011,COUNTRY,CZE,EUR,Europe,YEAR,2014,,,,,,,,,14.96,14.96242809,,,,2025-12-05T13:23:08Z,2014,2014-01-01,2014-12-31
2530962,GHED_GGHE-DGGE_SHA2011,COUNTRY,COD,AFR,Africa,YEAR,2017,,,,,,,,,3.84,3.84188485,,,,2025-12-05T13:23:08Z,2017,2017-01-01,2017-12-31
2531196,GHED_GGHE-DGGE_SHA2011,COUNTRY,TON,WPR,Western Pacific,YEAR,2017,,,,,,,,,7.32,7.32402325,,,,2025-12-05T13:23:08Z,2017,2017-01-01,2017-12-31
2531480,GHED_GGHE-DGGE_SHA2011,COUNTRY,BHS,AMR,Americas,YEAR,2000,,,,,,,,,13.35,13.34992313,,,,2025-12-05T13:23:08Z,2000,2000-01-01,2000-12-31
2534612,GHED_GGHE-DGGE_SHA2011,COUNTRY,THA,SEAR,South-East Asia,YEAR,2008,,,,,,,,,13.50,13.49731636,,,,2025-12-05T13:23:08Z,2008,2008-01-01,2008-12-31
2535880,GHED_GGHE-DGGE_SHA2011,COUNTRY,MMR,SEAR,South-East Asia,YEAR,2019,,,,,,,,,2.96,2.96386218,,,,2025-12-05T13:23:08Z,2019,2019-01-01,2019-12-31
2537088,GHED_GGHE-DGGE_SHA2011,COUNTRY,MMR,SEAR,South-East Asia,YEAR,2014,,,,,,,,,4.06,4.05640554,,,,2025-12-05T13:23:08Z,2014,2014-01-01,2014-12-31
2537621,GHED_GGHE-DGGE_SHA2011,COUNTRY,AUS,WPR,Western Pacific,YEAR,2018,,,,,,,,,18.53,18.52639008,,,,2025-12-05T13:23:08Z,2018,2018-01-01,2018-12-31
2538236,GHED_GGHE-DGGE_SHA2011,COUNTRY,ERI,AFR,Africa,YEAR,2014,,,,,,,,,2.37,2.37287188,,,,2025-12-05T13:23:08Z,2014,2014-01-01,2014-12-31
2541671,GHED_GGHE-DGGE_SHA2011,COUNTRY,FSM,WPR,Western Pacific,YEAR,2011,,,,,,,,,2.87,2.87407064,,,,2025-12-05T13:23:08Z,2011,2011-01-01,2011-12-31
2544789,GHED_GGHE-DGGE_SHA2011,COUNTRY,SRB,EUR,Europe,YEAR,2000,,,,,,,,,13.57,13.56817055,,,,2025-12-05T13:23:08Z,2000,2000-01-01,2000-12-31
2545584,GHED_GGHE-DGGE_SHA2011,COUNTRY,MMR,SEAR,South-East Asia,YEAR,2012,,,,,,,,,2.10,2.10250854,,,,2025-12-05T13:23:08Z,2012,2012-01-01,2012-12-31
2547344,GHED_GGHE-DGGE_SHA2011,COUNTRY,TZA,AFR,Africa,YEAR,2001,,,,,,,,,8.80,8.79931068,,,,2025-12-05T13:23:08Z,2001,2001-01-01,2001-12-31
2549486,GHED_GGHE-DGGE_SHA2011,COUNTRY,LBN,EMR,Eastern Mediterranean,YEAR,2000,,,,,,,,,7.54,7.53721476,,,,2025-12-05T13:23:08Z,2000,2000-01-01,2000-12-31
2553020,GHED_GGHE-DGGE_SHA2011,COUNTRY,SWZ,AFR,Africa,YEAR,2011,,,,,,,,,14.28,14.27736378,,,,2025-12-05T13:23:08Z,2011,2011-01-01,2011-12-31
2556432,GHED_GGHE-DGGE_SHA2011,COUNTRY,PRY,AMR,Americas,YEAR,2006,,,,,,,,,11.87,11.86864185,,,,2025-12-05T13:23:08Z,2006,2006-01-01,2006-12-31
2557248,GHED_GGHE-DGGE_SHA2011,COUNTRY,PRY,AMR,Americas,YEAR,2011,,,,,,,,,15.80,15.79585648,,,,2025-12-05T13:23:08Z,2011,2011-01-01,2011-12-31
2561397,GHED_GGHE-DGGE_SHA2011,COUNTRY,GMB,AFR,Africa,YEAR,2009,,,,,,,,,6.31,6.30897522,,,,2025-12-05T13:23:08Z,2009,2009-01-01,2009-12-31
2564852,GHED_GGHE-DGGE_SHA2011,COUNTRY,BEN,AFR,Africa,YEAR,2022,,,,,,,,,2.55,2.5534043300000002,,,,2025-12-05T13:23:08Z,2022,2022-01-01,2022-12-31
2565553,GHED_GGHE-DGGE_SHA2011,COUNTRY,SLV,AMR,Americas,YEAR,2020,,,,,,,,,17.72,17.72463989,,,,2025-12-05T13:23:08Z,2020,2020-01-01,2020-12-31
2566909,GHED_GGHE-DGGE_SHA2011,COUNTRY,TCD,AFR,Africa,YEAR,2004,,,,,,,,,15.03,15.0313797,,,,2025-12-05T13:23:08Z,2004,2004-01-01,2004-12-31
2567036,GHED_GGHE-DGGE_SHA2011,COUNTRY,LBN,EMR,Eastern Mediterranean,YEAR,2006,,,,,,,,,9.83,9.82933903,,,,2025-12-05T13:23:08Z,2006,2006-01-01,2006-12-31
2568020,GHED_GGHE-DGGE_SHA2011,COUNTRY,BGR,EUR,Europe,YEAR,2021,,,,,,,,,13.31,13.31113911,,,,2025-12-05T13:23:08Z,2021,2021-01-01,2021-12-31
2568753,GHED_GGHE-DGGE_SHA2011,COUNTRY,ARM,EUR,Europe,YEAR,2005,,,,,,,,,7.44,7.44000816,,,,2025-12-05T13:23:08Z,2005,2005-01-01,2005-12-31
2569120,GHED_GGHE-DGGE_SHA2011,COUNTRY,MMR,SEAR,South-East Asia,YEAR,2006,,,,,,,,,1.73,1.73496282,,,,2025-12-05T13:23:08Z,2006,2006-01-01,2006-12-31
2569273,GHED_GGHE-DGGE_SHA2011,COUNTRY,JAM,AMR,Americas,YEAR,2003,,,,,,,,,6.14,6.13759899,,,,2025-12-05T13:23:08Z,2003,2003-01-01,2003-12-31
2572087,GHED_GGHE-DGGE_SHA2011,REGION,AFR,,,YEAR,2000,,,,,,,,,7.03,7.02683333,,,,2025-12-05T13:23:08Z,2000,2000-01-01,2000-12-31
2572274,GHED_GGHE-DGGE_SHA2011,COUNTRY,OMN,EMR,Eastern Mediterranean,YEAR,2023,,,,,,,,,10.84,10.84466648,,,,2025-12-05T13:23:08Z,2023,2023-01-01,2023-12-31
2572415,GHED_GGHE-DGGE_SHA2011,COUNTRY,YEM,EMR,Eastern Mediterranean,YEAR,2021,,,,,,,,,8.62,8.62390709,,,,2025-12-05T13:23:08Z,2021,2021-01-01,2021-12-31
2573437,GHED_GGHE-DGGE_SHA2011,COUNTRY,NGA,AFR,Africa,YEAR,2011,,,,,,,,,2.77,2.77141333,,,,2025-12-05T13:23:08Z,2011,2011-01-01,2011-12-31
2578304,GHED_GGHE-DGGE_SHA2011,COUNTRY,WSM,WPR,Western Pacific,YEAR,2000,,,,,,,,,11.80,11.796875,,,,2025-12-05T13:23:08Z,2000,2000-01-01,2000-12-31
2580927,GHED_GGHE-DGGE_SHA2011,COUNTRY,NIC,AMR,Americas,YEAR,2005,,,,,,,,,11.79,11.79316902,,,,2025-12-05T13:23:08Z,2005,2005-01-01,2005-12-31
2582018,GHED_GGHE-DGGE_SHA2011,COUNTRY,ROU,EUR,Europe,YEAR,2019,,,,,,,,,12.67,12.66528702,,,,2025-12-05T13:23:08Z,2019,2019-01-01,2019-12-31
2582739,GHED_GGHE-DGGE_SHA2011,COUNTRY,GEO,EUR,Europe,YEAR,2021,,,,,,,,,14.23,14.22989559,,,,2025-12-05T13:23:08Z,2021,2021-01-01,2021-12-31
2583600,GHED_GGHE-DGGE_SHA2011,COUNTRY,EGY,EMR,Eastern Mediterranean,YEAR,2007,,,,,,,,,5.02,5.01764584,,,,2025-12-05T13:23:08Z,2007,2007-01-01,2007-12-31
2584256,GHED_GGHE-DGGE_SHA2011,COUNTRY,PAK,EMR,Eastern Mediterranean,YEAR,2005,,,,,,,,,3.98,3.97874761,,,,2025-12-05T13:23:08Z,2005,2005-01-01,2005-12-31
2589093,GHED_GGHE-DGGE_SHA2011,COUNTRY,TUR,EUR,Europe,YEAR,2002,,,,,,,,,8.64,8.63695431,,,,2025-12-05T13:23:08Z,2002,2002-01-01,2002-12-31
2590328,GHED_GGHE-DGGE_SHA2011,GLOBAL,GLOBAL,,,YEAR,2008,,,,,,,,,9.46,9.45829867,,,,2025-12-05T13:23:08Z,2008,2008-01-01,2008-12-31
2591999,GHED_GGHE-DGGE_SHA2011,COUNTRY,AUS,WPR,Western Pacific,YEAR,2008,,,,,,,,,15.61,15.61295509,,,,2025-12-05T13:23:08Z,2008,2008-01-01,2008-12-31
2592274,GHED_GGHE-DGGE_SHA2011,COUNTRY,UGA,AFR,Africa,YEAR,2002,,,,,,,,,8.75,8.74810505,,,,2025-12-05T13:23:08Z,2002,2002-01-01,2002-12-31
2594253,GHED_GGHE-DGGE_SHA2011,COUNTRY,KHM,WPR,Western Pacific,YEAR,2019,,,,,,,,,6.99,6.99103546,,,,2025-12-05T13:23:08Z,2019,2019-01-01,2019-12-31
2595208,GHED_GGHE-DGGE_SHA2011,COUNTRY,TUR,EUR,Europe,YEAR,2016,,,,,,,,,9.94,9.94375896,,,,2025-12-05T13:23:08Z,2016,2016-01-01,2016-12-31
2596158,GHED_GGHE-DGGE_SHA2011,COUNTRY,GHA,AFR,Africa,YEAR,2015,,,,,,,,,8.56,8.55785751,,,,2025-12-05T13:23:08Z,2015,2015-01-01,2015-12-31
2596497,GHED_GGHE-DGGE_SHA2011,REGION,AMR,,,YEAR,2010,,,,,,,,,12.82,12.81557223,,,,2025-12-05T13:23:08Z,2010,2010-01-01,2010-12-31
2600568,GHED_GGHE-DGGE_SHA2011,COUNTRY,CZE,EUR,Europe,YEAR,2007,,,,,,,,,12.40,12.40300465,,,,2025-12-05T13:23:08Z,2007,2007-01-01,2007-12-31
2600672,GHED_GGHE-DGGE_SHA2011,COUNTRY,QAT,EMR,Eastern Mediterranean,YEAR,2022,,,,,,,,,7.38,7.38405895,,,,2025-12-05T13:23:08Z,2022,2022-01-01,2022-12-31
2600897,GHED_GGHE-DGGE_SHA2011,COUNTRY,ZWE,AFR,Africa,YEAR,2015,,,,,,,,,6.21,6.20545101,,,,2025-12-05T13:23:08Z,2015,2015-01-01,2015-12-31
2601290,GHED_GGHE-DGGE_SHA2011,COUNTRY,POL,EUR,Europe,YEAR,2009,,,,,,,,,10.50,10.49800205,,,,2025-12-05T13:23:08Z,2009,2009-01-01,2009-12-31
2601380,GHED_GGHE-DGGE_SHA2011,COUNTRY,SEN,AFR,Africa,YEAR,2018,,,,,,,,,4.96,4.96151876,,,,2025-12-05T13:23:08Z,2018,2018-01-01,2018-12-31
2602639,GHED_GGHE-DGGE_SHA2011,COUNTRY,TTO,AMR,Americas,YEAR,2006,,,,,,,,,5.90,5.90168571,,,,2025-12-05T13:23:08Z,2006,2006-01-01,2006-12-31
2608786,GHED_GGHE-DGGE_SHA2011,COUNTRY,KHM,WPR,Western Pacific,YEAR,2009,,,,,,,,,5.97,5.96768332,,,,2025-12-05T13:23:08Z,2009,2009-01-01,2009-12-31
2611725,GHED_GGHE-DGGE_SHA2011,COUNTRY,NOR,EUR,Europe,YEAR,2002,,,,,,,,,15.81,15.81267834,,,,2025-12-05T13:23:08Z,2002,2002-01-01,2002-12-31
2612044,GHED_GGHE-DGGE_SHA2011,COUNTRY,SWE,EUR,Europe,YEAR,2004,,,,,,,,,12.74,12.74405289,,,,2025-12-05T13:23:08Z,2004,2004-01-01,2004-12-31
2612121,GHED_GGHE-DGGE_SHA2011,COUNTRY,SLE,AFR,Africa,YEAR,2004,,,,,,,,,5.45,5.45097542,,,,2025-12-05T13:23:08Z,2004,2004-01-01,2004-12-31
2612718,GHED_GGHE-DGGE_SHA2011,COUNTRY,HRV,EUR,Europe,YEAR,2013,,,,,,,,,11.38,11.37504864,,,,2025-12-05T13:23:08Z,2013,2013-01-01,2013-12-31
2613160,GHED_GGHE-DGGE_SHA2011,COUNTRY,TON,WPR,Western Pacific,YEAR,2000,,,,,,,,,11.41,11.41306496,,,,2025-12-05T13:23:08Z,2000,2000-01-01,2000-12-31
2615138,GHED_GGHE-DGGE_SHA2011,COUNTRY,KNA,AMR,Americas,YEAR,2018,,,,,,,,,6.67,6.6684742,,,,2025-12-05T13:23:08Z,2018,2018-01-01,2018-12-31
2616727,GHED_GGHE-DGGE_SHA2011,COUNTRY,AGO,AFR,Africa,YEAR,2021,,,,,,,,,8.78,8.77736568,,,,2025-12-05T13:23:08Z,2021,2021-01-01,2021-12-31
2620292,GHED_GGHE-DGGE_SHA2011,COUNTRY,IRQ,EMR,Eastern Mediterranean,YEAR,2022,,,,,,,,,5.84,5.84152603,,,,2025-12-05T13:23:08Z,2022,2022-01-01,2022-12-31
2620326,GHED_GGHE-DGGE_SHA2011,COUNTRY,ARM,EUR,Europe,YEAR,2013,,,,,,,,,5.78,5.78087997,,,,2025-12-05T13:23:08Z,2013,2013-01-01,2013-12-31
2621032,GHED_GGHE-DGGE_SHA2011,COUNTRY,KAZ,EUR,Europe,YEAR,2009,,,,,,,,,11.36,11.36352253,,,,2025-12-05T13:23:08Z,2009,2009-01-01,2009-12-31
2621313,GHED_GGHE-DGGE_SHA2011,COUNTRY,MKD,EUR,Europe,YEAR,2019,,,,,,,,,13.56,13.55631161,,,,2025-12-05T13:23:08Z,2019,2019-01-01,2019-12-31
2624417,GHED_GGHE-DGGE_SHA2011,COUNTRY,BFA,AFR,Africa,YEAR,2007,,,,,,,,,6.27,6.27068281,,,,2025-12-05T13:23:08Z,2007,2007-01-01,2007-12-31
2625474,GHED_GGHE-DGGE_SHA2011,COUNTRY,AGO,AFR,Africa,YEAR,2016,,,,,,,,,5.43,5.43269682,,,,2025-12-05T13:23:08Z,2016,2016-01-01,2016-12-31
2633050,GHED_GGHE-DGGE_SHA2011,COUNTRY,CYP,EUR,Europe,YEAR,2019,,,,,,,,,9.42,9.41559982,,,,2025-12-05T13:23:08Z,2019,2019-01-01,2019-12-31
2635323,GHED_GGHE-DGGE_SHA2011,COUNTRY,ZMB,AFR,Africa,YEAR,2017,,,,,,,,,10.05,10.05217934,,,,2025-12-05T13:23:08Z,2017,2017-01-01,2017-12-31
2635968,GHED_GGHE-DGGE_SHA2011,COUNTRY,NOR,EUR,Europe,YEAR,2011,,,,,,,,,16.79,16.79300117,,,,2025-12-05T13:23:08Z,2011,2011-01-01,2011-12-31
2637565,GHED_GGHE-DGGE_SHA2011,COUNTRY,HUN,EUR,Europe,YEAR,2006,,,,,,,,,10.66,10.65500927,,,,2025-12-05T13:23:08Z,2006,2006-01-01,2006-12-31
2639105,GHED_GGHE-DGGE_SHA2011,COUNTRY,AUT,EUR,Europe,YEAR,2004,,,,,,,,,13.00,12.99621677,,,,2025-12-05T13:23:08Z,2004,2004-01-01,2004-12-31
2640549,GHED_GGHE-DGGE_SHA2011,COUNTRY,TLS,SEAR,South-East Asia,YEAR,2013,,,,,,,,,4.62,4.62444115,,,,2025-12-05T13:23:08Z,2013,2013-01-01,2013-12-31
2643207,GHED_GGHE-DGGE_SHA2011,COUNTRY,GRD,AMR,Americas,YEAR,2012,,,,,,,,,9.11,9.10919189,,,,2025-12-05T13:23:08Z,2012,2012-01-01,2012-12-31
2645171,GHED_GGHE-DGGE_SHA2011,COUNTRY,SDN,EMR,Eastern Mediterranean,YEAR,2013,,,,,,,,,7.52,7.5176096,,,,2025-12-05T13:23:08Z,2013,2013-01-01,2013-12-31
2646964,GHED_GGHE-DGGE_SHA2011,COUNTRY,COK,WPR,Western Pacific,YEAR,2021,,,,,,,,,8.23,8.22637939,,,,2025-12-05T13:23:08Z,2021,2021-01-01,2021-12-31
2649163,GHED_GGHE-DGGE_SHA2011,COUNTRY,GEO,EUR,Europe,YEAR,2007,,,,,,,,,3.95,3.95363283,,,,2025-12-05T13:23:08Z,2007,2007-01-01,2007-12-31
2650287,GHED_GGHE-DGGE_SHA2011,COUNTRY,MKD,EUR,Europe,YEAR,2023,,,,,,,,,12.05,12.04928493,,,,2025-12-05T13:23:08Z,2023,2023-01-01,2023-12-31
2651287,GHED_GGHE-DGGE_SHA2011,COUNTRY,COD,AFR,Africa,YEAR,2008,,,,,,,,,2.50,2.49895263,,,,2025-12-05T13:23:08Z,2008,2008-01-01,2008-12-31
2654506,GHED_GGHE-DGGE_SHA2011,COUNTRY,TLS,SEAR,South-East Asia,YEAR,2003,,,,,,,,,1.62,1.62494636,,,,2025-12-05T13:23:08Z,2003,2003-01-01,2003-12-31
2656821,GHED_GGHE-DGGE_SHA2011,COUNTRY,LAO,WPR,Western Pacific,YEAR,2013,,,,,,,,,2.94,2.94007111,,,,2025-12-05T13:23:08Z,2013,2013-01-01,2013-12-31
2657290,GHED_GGHE-DGGE_SHA2011,COUNTRY,BWA,AFR,Africa,YEAR,2008,,,,,,,,,7.64,7.64480686,,,,2025-12-05T13:23:08Z,2008,2008-01-01,2008-12-31
2664868,GHED_GGHE-DGGE_SHA2011,COUNTRY,CMR,AFR,Africa,YEAR,2005,,,,,,,,,5.25,5.24748802,,,,2025-12-05T13:23:08Z,2005,2005-01-01,2005-12-31
2666664,GHED_GGHE-DGGE_SHA2011,COUNTRY,PHL,WPR,Western Pacific,YEAR,2013,,,,,,,,,6.47,6.46710253,,,,2025-12-05T13:23:08Z,2013,2013-01-01,2013-12-31
2668636,GHED_GGHE-DGGE_SHA2011,COUNTRY,BFA,AFR,Africa,YEAR,2006,,,,,,,,,6.54,6.54068851,,,,2025-12-05T13:23:08Z,2006,2006-01-01,2006-12-31
2669893,GHED_GGHE-DGGE_SHA2011,COUNTRY,SVK,EUR,Europe,YEAR,2018,,,,,,,,,13.26,13.25930309,,,,2025-12-05T13:23:08Z,2018,2018-01-01,2018-12-31
2671208,GHED_GGHE-DGGE_SHA2011,REGION,AMR,,,YEAR,2015,,,,,,,,,13.57,13.56558518,,,,2025-12-05T13:23:08Z,2015,2015-01-01,2015-12-31
2671349,GHED_GGHE-DGGE_SHA2011,COUNTRY,SVK,EUR,Europe,YEAR,2008,,,,,,,,,14.25,14.2542305,,,,2025-12-05T13:23:08Z,2008,2008-01-01,2008-12-31
2674890,GHED_GGHE-DGGE_SHA2011,COUNTRY,COL,AMR,Americas,YEAR,2000,,,,,,,,,14.88,14.88161659,,,,2025-12-05T13:23:08Z,2000,2000-01-01,2000-12-31
2678022,GHED_GGHE-DGGE_SHA2011,COUNTRY,TTO,AMR,Americas,YEAR,2023,,,,,,,,,11.07,11.06523609,,,,2025-12-05T13:23:08Z,2023,2023-01-01,2023-12-31
2678512,GHED_GGHE-DGGE_SHA2011,COUNTRY,SGP,WPR,Western Pacific,YEAR,2010,,,,,,,,,10.94,10.94287872,,,,2025-12-05T13:23:08Z,2010,2010-01-01,2010-12-31
2679144,GHED_GGHE-DGGE_SHA2011,COUNTRY,SWE,EUR,Europe,YEAR,2011,,,,,,,,,17.69,17.68548012,,,,2025-12-05T13:23:08Z,2011,2011-01-01,2011-12-31
2681007,GHED_GGHE-DGGE_SHA2011,COUNTRY,BEN,AFR,Africa,YEAR,2006,,,,,,,,,8.17,8.17379951,,,,2025-12-05T13:23:08Z,2006,2006-01-01,2006-12-31
2685853,GHED_GGHE-DGGE_SHA2011,COUNTRY,BOL,AMR,Americas,YEAR,2016,,,,,,,,,11.08,11.07505703,,,,2025-12-05T13:23:08Z,2016,2016-01-01,2016-12-31
2686355,GHED_GGHE-DGGE_SHA2011,COUNTRY,BEL,EUR,Europe,YEAR,2023,,,,,,,,,14.93,14.93056774,,,,2025-12-05T13:23:08Z,2023,2023-01-01,2023-12-31
2689872,GHED_GGHE-DGGE_SHA2011,GLOBAL,GLOBAL,,,YEAR,2015,,,,,,,,,10.03,10.03148635,,,,2026-01-12T13:50:53Z,2015,2015-01-01,2015-12-31
2690471,GHED_GGHE-DGGE_SHA2011,COUNTRY,FRA,EUR,Europe,YEAR,2009,,,,,,,,,13.96,13.95933628,,,,2025-12-05T13:23:08Z,2009,2009-01-01,2009-12-31
2690963,GHED_GGHE-DGGE_SHA2011,WORLDBANKINCOMEGROUP,WB_HI,,,YEAR,2014,,,,,,,,,13.13,13.12751805,,,,2026-01-12T13:50:53Z,2014,2014-01-01,2014-12-31
2694016,GHED_GGHE-DGGE_SHA2011,WORLDBANKINCOMEGROUP,WB_HI,,,YEAR,2000,,,,,,,,,11.59,11.59210313,,,,2025-12-05T13:23:08Z,2000,2000-01-01,2000-12-31
2695079,GHED_GGHE-DGGE_SHA2011,COUNTRY,SVK,EUR,Europe,YEAR,2006,,,,,,,,,12.50,12.50330448,,,,2025-12-05T13:23:08Z,2006,2006-01-01,2006-12-31
2695956,GHED_GGHE-DGGE_SHA2011,COUNTRY,KHM,WPR,Western Pacific,YEAR,2002,,,,,,,,,8.30,8.29783154,,,,2025-12-05T13:23:08Z,2002,2002-01-01,2002-12-31
2695958,GHED_GGHE-DGGE_SHA2011,COUNTRY,STP,AFR,Africa,YEAR,2004,,,,,,,,,8.56,8.56359005,,,,2025-12-05T13:23:08Z,2004,2004-01-01,2004-12-31
2695966,GHED_GGHE-DGGE_SHA2011,COUNTRY,UKR,EUR,Europe,YEAR,2018,,,,,,,,,8.35,8.35254765,,,,2025-12-05T13:23:08Z,2018,2018-01-01,2018-12-31
2696923,GHED_GGHE-DGGE_SHA2011,COUNTRY,QAT,EMR,Eastern Mediterranean,YEAR,2018,,,,,,,,,8.68,8.67802334,,,,2025-12-05T13:23:08Z,2018,2018-01-01,2018-12-31
2699138,GHED_GGHE-DGGE_SHA2011,COUNTRY,PAN,AMR,Americas,YEAR,2013,,,,,,,,,17.40,17.40051651,,,,2025-12-05T13:23:08Z,2013,2013-01-01,2013-12-31
2700605,GHED_GGHE-DGGE_SHA2011,COUNTRY,BDI,AFR,Africa,YEAR,2009,,,,,,,,,5.48,5.4775238,,,,2025-12-05T13:23:08Z,2009,2009-01-01,2009-12-31
2701660,GHED_GGHE-DGGE_SHA2011,COUNTRY,ISL,EUR,Europe,YEAR,2000,,,,,,,,,16.04,16.03666496,,,,2025-12-05T13:23:08Z,2000,2000-01-01,2000-12-31
2703074,GHED_GGHE-DGGE_SHA2011,COUNTRY,SLV,AMR,Americas,YEAR,2012,,,,,,,,,16.27,16.2677002,,,,2025-12-05T13:23:08Z,2012,2012-01-01,2012-12-31
2703218,GHED_GGHE-DGGE_SHA2011,COUNTRY,HRV,EUR,Europe,YEAR,2017,,,,,,,,,12.41,12.4073143,,,,2025-12-05T13:23:08Z,2017,2017-01-01,2017-12-31
2703316,GHED_GGHE-DGGE_SHA2011,COUNTRY,SYR,EMR,Eastern Mediterranean,YEAR,2016,,,,,,,,,8.32,8.31573296,,,,2025-12-05T13:23:08Z,2016,2016-01-01,2016-12-31
2703999,GHED_GGHE-DGGE_SHA2011,COUNTRY,STP,AFR,Africa,YEAR,2000,,,,,,,,,32.57,32.57132339,,,,2025-12-05T13:23:08Z,2000,2000-01-01,2000-12-31
2704862,GHED_GGHE-DGGE_SHA2011,COUNTRY,URY,AMR,Americas,YEAR,2002,,,,,,,,,16.74,16.74390793,,,,2025-12-05T13:23:08Z,2002,2002-01-01,2002-12-31
2706933,GHED_GGHE-DGGE_SHA2011,COUNTRY,KNA,AMR,Americas,YEAR,2005,,,,,,,,,6.41,6.40821648,,,,2025-12-05T13:23:08Z,2005,2005-01-01,2005-12-31
2708985,GHED_GGHE-DGGE_SHA2011,COUNTRY,LSO,AFR,Africa,YEAR,2011,,,,,,,,,8.20,8.19887447,,,,2025-12-05T13:23:08Z,2011,2011-01-01,2011-12-31
2711604,GHED_GGHE-DGGE_SHA2011,COUNTRY,MAR,EMR,Eastern Mediterranean,YEAR,2002,,,,,,,,,4.19,4.18854809,,,,2025-12-05T13:23:08Z,2002,2002-01-01,2002-12-31
2712072,GHED_GGHE-DGGE_SHA2011,COUNTRY,NAM,AFR,Africa,YEAR,2006,,,,,,,,,18.43,18.42737389,,,,2025-12-05T13:23:08Z,2006,2006-01-01,2006-12-31
2713933,GHED_GGHE-DGGE_SHA2011,REGION,EMR,,,YEAR,2019,,,,,,,,,8.43,8.42521308,,,,2025-12-05T13:23:08Z,2019,2019-01-01,2019-12-31
2714002,GHED_GGHE-DGGE_SHA2011,COUNTRY,TTO,AMR,Americas,YEAR,2008,,,,,,,,,6.55,6.55431318,,,,2025-12-05T13:23:08Z,2008,2008-01-01,2008-12-31
2715217,GHED_GGHE-DGGE_SHA2011,COUNTRY,DMA,AMR,Americas,YEAR,2015,,,,,,,,,9.73,9.73140144,,,,2025-12-05T13:23:08Z,2015,2015-01-01,2015-12-31
2716233,GHED_GGHE-DGGE_SHA2011,COUNTRY,ZMB,AFR,Africa,YEAR,2020,,,,,,,,,10.56,10.56005478,,,,2025-12-05T13:23:08Z,2020,2020-01-01,2020-12-31
2720646,GHED_GGHE-DGGE_SHA2011,COUNTRY,FRA,EUR,Europe,YEAR,2001,,,,,,,,,13.65,13.6540575,,,,2025-12-05T13:23:08Z,2001,2001-01-01,2001-12-31
2727404,GHED_GGHE-DGGE_SHA2011,COUNTRY,CRI,AMR,Americas,YEAR,2004,,,,,,,,,25.74,25.73747253,,,,2025-12-05T13:23:08Z,2004,2004-01-01,2004-12-31
2727595,GHED_GGHE-DGGE_SHA2011,COUNTRY,AUT,EUR,Europe,YEAR,2021,,,,,,,,,16.89,16.88867569,,,,2025-12-05T13:23:08Z,2021,2021-01-01,2021-12-31
2728503,GHED_GGHE-DGGE_SHA2011,COUNTRY,FIN,EUR,Europe,YEAR,2009,,,,,,,,,13.38,13.38490295,,,,2025-12-05T13:23:08Z,2009,2009-01-01,2009-12-31
2729629,GHED_GGHE-DGGE_SHA2011,COUNTRY,DMA,AMR,Americas,YEAR,2010,,,,,,,,,7.44,7.44341135,,,,2025-12-05T13:23:08Z,2010,2010-01-01,2010-12-31
2732931,GHED_GGHE-DGGE_SHA2011,COUNTRY,MDV,SEAR,South-East Asia,YEAR,2012,,,,,,,,,14.14,14.14015198,,,,2025-12-05T13:23:08Z,2012,2012-01-01,2012-12-31
2733310,GHED_GGHE-DGGE_SHA2011,COUNTRY,BOL,AMR,Americas,YEAR,2010,,,,,,,,,9.71,9.7059021,,,,2025-12-05T13:23:08Z,2010,2010-01-01,2010-12-31
2733635,GHED_GGHE-DGGE_SHA2011,COUNTRY,AFG,EMR,Eastern Mediterranean,YEAR,2022,,,,,,,,,1.13,1.12605727,,,,2025-12-05T13:23:08Z,2022,2022-01-01,2022-12-31
2736560,GHED_GGHE-DGGE_SHA2011,COUNTRY,SDN,EMR,Eastern Mediterranean,YEAR,2003,,,,,,,,,10.07,10.07152081,,,,2025-12-05T13:23:08Z,2003,2003-01-01,2003-12-31
2740268,GHED_GGHE-DGGE_SHA2011,COUNTRY,BGR,EUR,Europe,YEAR,2006,,,,,,,,,10.79,10.79413986,,,,2025-12-05T13:23:08Z,2006,2006-01-01,2006-12-31
2746680,GHED_GGHE-DGGE_SHA2011,COUNTRY,BOL,AMR,Americas,YEAR,2000,,,,,,,,,8.30,8.29598331,,,,2025-12-05T13:23:08Z,2000,2000-01-01,2000-12-31
2747246,GHED_GGHE-DGGE_SHA2011,COUNTRY,SYR,EMR,Eastern Mediterranean,YEAR,2013,,,,,,,,,5.93,5.93319607,,,,2025-12-05T13:23:08Z,2013,2013-01-01,2013-12-31
2747437,GHED_GGHE-DGGE_SHA2011,COUNTRY,MRT,AFR,Africa,YEAR,2015,,,,,,,,,5.53,5.53021097,,,,2025-12-05T13:23:08Z,2015,2015-01-01,2015-12-31
2749647,GHED_GGHE-DGGE_SHA2011,COUNTRY,PRT,EUR,Europe,YEAR,2019,,,,,,,,,13.60,13.60357857,,,,2025-12-05T13:23:08Z,2019,2019-01-01,2019-12-31
2754456,GHED_GGHE-DGGE_SHA2011,COUNTRY,CHL,AMR,Americas,YEAR,2003,,,,,,,,,12.48,12.48133278,,,,2025-12-05T13:23:08Z,2003,2003-01-01,2003-12-31
2759069,GHED_GGHE-DGGE_SHA2011,COUNTRY,ARG,AMR,Americas,YEAR,2006,,,,,,,,,15.19,15.19339085,,,,2025-12-05T13:23:08Z,2006,2006-01-01,2006-12-31
2764017,GHED_GGHE-DGGE_SHA2011,COUNTRY,ISR,EUR,Europe,YEAR,2007,,,,,,,,,9.88,9.88249969,,,,2025-12-05T13:23:08Z,2007,2007-01-01,2007-12-31
2767587,GHED_GGHE-DGGE_SHA2011,COUNTRY,UGA,AFR,Africa,YEAR,2015,,,,,,,,,5.08,5.08453417,,,,2025-12-05T13:23:08Z,2015,2015-01-01,2015-12-31
2768499,GHED_GGHE-DGGE_SHA2011,COUNTRY,BRA,AMR,Americas,YEAR,2020,,,,,,,,,9.03,9.03431797,,,,2025-12-05T13:23:08Z,2020,2020-01-01,2020-12-31
2768885,GHED_GGHE-DGGE_SHA2011,COUNTRY,HTI,AMR,Americas,YEAR,2015,,,,,,,,,4.40,4.40003729,,,,2025-12-05T13:23:08Z,2015,2015-01-01,2015-12-31
2768994,GHED_GGHE-DGGE_SHA2011,COUNTRY,ALB,EUR,Europe,YEAR,2018,,,,,,,,,9.89,9.88601398,,,,2025-12-05T13:23:08Z,2018,2018-01-01,2018-12-31
2769855,GHED_GGHE-DGGE_SHA2011,COUNTRY,MOZ,AFR,Africa,YEAR,2003,,,,,,,,,6.32,6.31664944,,,,2025-12-05T13:23:08Z,2003,2003-01-01,2003-12-31
2772376,GHED_GGHE-DGGE_SHA2011,COUNTRY,IND,SEAR,South-East Asia,YEAR,2011,,,,,,,,,3.38,3.38130069,,,,2025-12-05T13:23:08Z,2011,2011-01-01,2011-12-31
2775350,GHED_GGHE-DGGE_SHA2011,COUNTRY,CAN,AMR,Americas,YEAR,2023,,,,,,,,,18.68,18.68492126,,,,2025-12-05T13:23:08Z,2023,2023-01-01,2023-12-31
2777476,GHED_GGHE-DGGE_SHA2011,COUNTRY,ISR,EUR,Europe,YEAR,2008,,,,,,,,,9.94,9.93712139,,,,2025-12-05T13:23:08Z,2008,2008-01-01,2008-12-31
2778979,GHED_GGHE-DGGE_SHA2011,COUNTRY,IRN,EMR,Eastern Mediterranean,YEAR,2018,,,,,,,,,20.79,20.78560066,,,,2025-12-05T13:23:08Z,2018,2018-01-01,2018-12-31
2779326,GHED_GGHE-DGGE_SHA2011,COUNTRY,DZA,AFR,Africa,YEAR,2002,,,,,,,,,7.97,7.97343826,,,,2025-12-05T13:23:08Z,2002,2002-01-01,2002-12-31
2779445,GHED_GGHE-DGGE_SHA2011,COUNTRY,ALB,EUR,Europe,YEAR,2007,,,,,,,,,9.38,9.37710953,,,,2025-12-05T13:23:08Z,2007,2007-01-01,2007-12-31
2780901,GHED_GGHE-DGGE_SHA2011,COUNTRY,BLZ,AMR,Americas,YEAR,2005,,,,,,,,,8.33,8.33217239,,,,2025-12-05T13:23:08Z,2005,2005-01-01,2005-12-31
2783811,GHED_GGHE-DGGE_SHA2011,COUNTRY,GIN,AFR,Africa,YEAR,2016,,,,,,,,,4.13,4.12965584,,,,2025-12-05T13:23:08Z,2016,2016-01-01,2016-12-31
2785524,GHED_GGHE-DGGE_SHA2011,COUNTRY,IDN,WPR,Western Pacific,YEAR,2002,,,,,,,,,3.98,3.98283839,,,,2025-12-05T13:23:08Z,2002,2002-01-01,2002-12-31
2785999,GHED_GGHE-DGGE_SHA2011,COUNTRY,SLV,AMR,Americas,YEAR,2011,,,,,,,,,18.99,18.98602867,,,,2025-12-05T13:23:08Z,2011,2011-01-01,2011-12-31
2788797,GHED_GGHE-DGGE_SHA2011,COUNTRY,USA,AMR,Americas,YEAR,2019,,,,,,,,,22.48,22.48074913,,,,2025-12-05T13:23:08Z,2019,2019-01-01,2019-12-31
2789119,GHED_GGHE-DGGE_SHA2011,COUNTRY,KHM,WPR,Western Pacific,YEAR,2020,,,,,,,,,6.90,6.89796734,,,,2025-12-05T13:23:08Z,2020,2020-01-01,2020-12-31
2792235,GHED_GGHE-DGGE_SHA2011,COUNTRY,ARM,EUR,Europe,YEAR,2023,,,,,,,,,5.46,5.45642519,,,,2025-12-05T13:23:08Z,2023,2023-01-01,2023-12-31
2793213,GHED_GGHE-DGGE_SHA2011,COUNTRY,SUR,AMR,Americas,YEAR,2021,,,,,,,,,10.21,10.20583725,,,,2025-12-05T13:23:08Z,2021,2021-01-01,2021-12-31
2793242,GHED_GGHE-DGGE_SHA2011,COUNTRY,ECU,AMR,Americas,YEAR,2012,,,,,,,,,8.17,8.17220497,,,,2025-12-05T13:23:08Z,2012,2012-01-01,2012-12-31
2793718,GHED_GGHE-DGGE_SHA2011,COUNTRY,BLR,EUR,Europe,YEAR,2019,,,,,,,,,11.04,11.04388905,,,,2025-12-05T13:23:08Z,2019,2019-01-01,2019-12-31
2796237,GHED_GGHE-DGGE_SHA2011,COUNTRY,PER,AMR,Americas,YEAR,2001,,,,,,,,,11.83,11.82719135,,,,2025-12-05T13:23:08Z,2001,2001-01-01,2001-12-31
2800950,GHED_GGHE-DGGE_SHA2011,COUNTRY,NRU,WPR,Western Pacific,YEAR,2010,,,,,,,,,10.25,10.2488699,,,,2025-12-05T13:23:08Z,2010,2010-01-01,2010-12-31
2801774,GHED_GGHE-DGGE_SHA2011,COUNTRY,FIN,EUR,Europe,YEAR,2000,,,,,,,,,11.21,11.21017551,,,,2025-12-05T13:23:08Z,2000,2000-01-01,2000-12-31
2802575,GHED_GGHE-DGGE_SHA2011,COUNTRY,GHA,AFR,Africa,YEAR,2023,,,,,,,,,10.05,10.05148506,,,,2026-01-12T13:50:53Z,2023,2023-01-01,2023-12-31
2804227,GHED_GGHE-DGGE_SHA2011,COUNTRY,KGZ,EUR,Europe,YEAR,2009,,,,,,,,,10.70,10.6962328,,,,2025-12-05T13:23:08Z,2009,2009-01-01,2009-12-31
2805300,GHED_GGHE-DGGE_SHA2011,COUNTRY,MDV,SEAR,South-East Asia,YEAR,2017,,,,,,,,,21.47,21.47161484,,,,2025-12-05T13:23:08Z,2017,2017-01-01,2017-12-31
2806633,GHED_GGHE-DGGE_SHA2011,COUNTRY,SWZ,AFR,Africa,YEAR,2022,,,,,,,,,10.64,10.63537788,,,,2025-12-05T13:23:08Z,2022,2022-01-01,2022-12-31
2815756,GHED_GGHE-DGGE_SHA2011,COUNTRY,BRB,AMR,Americas,YEAR,2016,,,,,,,,,9.28,9.28489876,,,,2025-12-05T13:23:08Z,2016,2016-01-01,2016-12-31
2815812,GHED_GGHE-DGGE_SHA2011,COUNTRY,KOR,WPR,Western Pacific,YEAR,2006,,,,,,,,,9.60,9.59643841,,,,2025-12-05T13:23:08Z,2006,2006-01-01,2006-12-31
2816103,GHED_GGHE-DGGE_SHA2011,COUNTRY,AUT,EUR,Europe,YEAR,2010,,,,,,,,,13.96,13.96296597,,,,2025-12-05T13:23:08Z,2010,2010-01-01,2010-12-31
2817505,GHED_GGHE-DGGE_SHA2011,COUNTRY,PLW,WPR,Western Pacific,YEAR,2010,,,,,,,,,8.69,8.68756962,,,,2025-12-05T13:23:08Z,2010,2010-01-01,2010-12-31
2817984,GHED_GGHE-DGGE_SHA2011,COUNTRY,BEL,EUR,Europe,YEAR,2006,,,,,,,,,13.95,13.94907475,,,,2025-12-05T13:23:08Z,2006,2006-01-01,2006-12-31
2818264,GHED_GGHE-DGGE_SHA2011,COUNTRY,GMB,AFR,Africa,YEAR,2023,,,,,,,,,5.46,5.45872927,,,,2025-12-05T13:23:08Z,2023,2023-01-01,2023-12-31
2818649,GHED_GGHE-DGGE_SHA2011,COUNTRY,NRU,WPR,Western Pacific,YEAR,2007,,,,,,,,,25.45,25.44540215,,,,2025-12-05T13:23:08Z,2007,2007-01-01,2007-12-31
2819449,GHED_GGHE-DGGE_SHA2011,COUNTRY,SEN,AFR,Africa,YEAR,2006,,,,,,,,,8.27,8.2667284,,,,2025-12-05T13:23:08Z,2006,2006-01-01,2006-12-31
2824109,GHED_GGHE-DGGE_SHA2011,COUNTRY,CYP,EUR,Europe,YEAR,2014,,,,,,,,,5.65,5.65165424,,,,2025-12-05T13:23:08Z,2014,2014-01-01,2014-12-31
2824962,GHED_GGHE-DGGE_SHA2011,COUNTRY,MLI,AFR,Africa,YEAR,2023,,,,,,,,,5.43,5.43135643,,,,2026-01-12T13:50:53Z,2023,2023-01-01,2023-12-31
2832598,GHED_GGHE-DGGE_SHA2011,COUNTRY,URY,AMR,Americas,YEAR,2020,,,,,,,,,19.82,19.82462311,,,,2025-12-05T13:23:08Z,2020,2020-01-01,2020-12-31
2833699,GHED_GGHE-DGGE_SHA2011,COUNTRY,FJI,WPR,Western Pacific,YEAR,2003,,,,,,,,,8.61,8.61062717,,,,2025-12-05T13:23:08Z,2003,2003-01-01,2003-12-31
2838673,GHED_GGHE-DGGE_SHA2011,COUNTRY,GEO,EUR,Europe,YEAR,2001,,,,,,,,,6.75,6.75043344,,,,2025-12-05T13:23:08Z,2001,2001-01-01,2001-12-31
2840952,GHED_GGHE-DGGE_SHA2011,COUNTRY,SDN,EMR,Eastern Mediterranean,YEAR,2006,,,,,,,,,9.44,9.4422226,,,,2025-12-05T13:23:08Z,2006,2006-01-01,2006-12-31
2847044,GHED_GGHE-DGGE_SHA2011,COUNTRY,JOR,EMR,Eastern Mediterranean,YEAR,2018,,,,,,,,,9.98,9.97671986,,,,2025-12-05T13:23:08Z,2018,2018-01-01,2018-12-31
2851975,GHED_GGHE-DGGE_SHA2011,COUNTRY,LIE,EUR,Europe,YEAR,2017,,,,,,,,,15.02,15.01721859,,,,2025-12-05T13:23:08Z,2017,2017-01-01,2017-12-31
2858331,GHED_GGHE-DGGE_SHA2011,COUNTRY,FIN,EUR,Europe,YEAR,2012,,,,,,,,,13.78,13.77991772,,,,2025-12-05T13:23:08Z,2012,2012-01-01,2012-12-31
2861827,GHED_GGHE-DGGE_SHA2011,COUNTRY,EST,EUR,Europe,YEAR,2008,,,,,,,,,11.39,11.39427567,,,,2025-12-05T13:23:08Z,2008,2008-01-01,2008-12-31
2863476,GHED_GGHE-DGGE_SHA2011,COUNTRY,DJI,EMR,Eastern Mediterranean,YEAR,2007,,,,,,,,,6.53,6.52659225,,,,2025-12-05T13:23:08Z,2007,2007-01-01,2007-12-31
2864965,GHED_GGHE-DGGE_SHA2011,COUNTRY,ISL,EUR,Europe,YEAR,2005,,,,,,,,,16.11,16.10535622,,,,2025-12-05T13:23:08Z,2005,2005-01-01,2005-12-31
2866820,GHED_GGHE-DGGE_SHA2011,COUNTRY,NOR,EUR,Europe,YEAR,2007,,,,,,,,,16.14,16.14440536,,,,2025-12-05T13:23:08Z,2007,2007-01-01,2007-12-31
2867643,GHED_GGHE-DGGE_SHA2011,COUNTRY,SRB,EUR,Europe,YEAR,2004,,,,,,,,,13.71,13.70559883,,,,2025-12-05T13:23:08Z,2004,2004-01-01,2004-12-31
2873423,GHED_GGHE-DGGE_SHA2011,COUNTRY,MDA,EUR,Europe,YEAR,2014,,,,,,,,,12.76,12.75728226,,,,2025-12-05T13:23:08Z,2014,2014-01-01,2014-12-31
2873934,GHED_GGHE-DGGE_SHA2011,COUNTRY,ESP,EUR,Europe,YEAR,2013,,,,,,,,,13.88,13.88056183,,,,2025-12-05T13:23:08Z,2013,2013-01-01,2013-12-31
2875702,GHED_GGHE-DGGE_SHA2011,COUNTRY,TGO,AFR,Africa,YEAR,2007,,,,,,,,,4.34,4.34495354,,,,2025-12-05T13:23:08Z,2007,2007-01-01,2007-12-31
2882085,GHED_GGHE-DGGE_SHA2011,COUNTRY,PNG,WPR,Western Pacific,YEAR,2022,,,,,,,,,6.99,6.98782349,,,,2025-12-05T13:23:08Z,2022,2022-01-01,2022-12-31
2883731,GHED_GGHE-DGGE_SHA2011,COUNTRY,ARG,AMR,Americas,YEAR,2015,,,,,,,,,16.45,16.445961,,,,2025-12-05T13:23:08Z,2015,2015-01-01,2015-12-31
2884086,GHED_GGHE-DGGE_SHA2011,COUNTRY,SGP,WPR,Western Pacific,YEAR,2015,,,,,,,,,13.54,13.53679276,,,,2025-12-05T13:23:08Z,2015,2015-01-01,2015-12-31
2885076,GHED_GGHE-DGGE_SHA2011,COUNTRY,GNQ,AFR,Africa,YEAR,2004,,,,,,,,,3.27,3.27431989,,,,2025-12-05T13:23:08Z,2004,2004-01-01,2004-12-31
2885859,GHED_GGHE-DGGE_SHA2011,COUNTRY,ARE,EMR,Eastern Mediterranean,YEAR,2016,,,,,,,,,9.07,9.06668758,,,,2025-12-05T13:23:08Z,2016,2016-01-01,2016-12-31
2886523,GHED_GGHE-DGGE_SHA2011,COUNTRY,BTN,SEAR,South-East Asia,YEAR,2009,,,,,,,,,6.19,6.19368172,,,,2025-12-05T13:23:08Z,2009,2009-01-01,2009-12-31
2886589,GHED_GGHE-DGGE_SHA2011,COUNTRY,ARG,AMR,Americas,YEAR,2018,,,,,,,,,15.69,15.68969917,,,,2025-12-05T13:23:08Z,2018,2018-01-01,2018-12-31
2888639,GHED_GGHE-DGGE_SHA2011,COUNTRY,CRI,AMR,Americas,YEAR,2012,,,,,,,,,31.73,31.73282051,,,,2025-12-05T13:23:08Z,2012,2012-01-01,2012-12-31
2891861,GHED_GGHE-DGGE_SHA2011,COUNTRY,NPL,SEAR,South-East Asia,YEAR,2023,,,,,,,,,7.66,7.66042948,,,,2025-12-05T13:23:08Z,2023,2023-01-01,2023-12-31
2891869,GHED_GGHE-DGGE_SHA2011,COUNTRY,ETH,AFR,Africa,YEAR,2002,,,,,,,,,8.37,8.36867619,,,,2025-12-05T13:23:08Z,2002,2002-01-01,2002-12-31
2899524,GHED_GGHE-DGGE_SHA2011,COUNTRY,SLB,WPR,Western Pacific,YEAR,2005,,,,,,,,,37.62,37.61906815,,,,2025-12-05T13:23:08Z,2005,2005-01-01,2005-12-31
2900486,GHED_GGHE-DGGE_SHA2011,COUNTRY,AND,EUR,Europe,YEAR,2015,,,,,,,,,15.75,15.75210571,,,,2025-12-05T13:23:08Z,2015,2015-01-01,2015-12-31
2901894,GHED_GGHE-DGGE_SHA2011,COUNTRY,SUR,AMR,Americas,YEAR,2001,,,,,,,,,8.52,8.51552677,,,,2025-12-05T13:23:08Z,2001,2001-01-01,2001-12-31
2902235,GHED_GGHE-DGGE_SHA2011,COUNTRY,AZE,EUR,Europe,YEAR,2023,,,,,,,,,4.26,4.2580843,,,,2025-12-05T13:23:08Z,2023,2023-01-01,2023-12-31
2904108,GHED_GGHE-DGGE_SHA2011,COUNTRY,LUX,EUR,Europe,YEAR,2009,,,,,,,,,14.12,14.11613178,,,,2025-12-05T13:23:08Z,2009,2009-01-01,2009-12-31
2906428,GHED_GGHE-DGGE_SHA2011,COUNTRY,DJI,EMR,Eastern Mediterranean,YEAR,2018,,,,,,,,,5.17,5.1697979,,,,2025-12-05T13:23:08Z,2018,2018-01-01,2018-12-31
2907510,GHED_GGHE-DGGE_SHA2011,COUNTRY,GHA,AFR,Africa,YEAR,2013,,,,,,,,,8.62,8.61669731,,,,2025-12-05T13:23:08Z,2013,2013-01-01,2013-12-31
2909519,GHED_GGHE-DGGE_SHA2011,COUNTRY,MEX,AMR,Americas,YEAR,2015,,,,,,,,,10.86,10.86458778,,,,2025-12-05T13:23:08Z,2015,2015-01-01,2015-12-31
2912218,GHED_GGHE-DGGE_SHA2011,COUNTRY,BIH,EUR,Europe,YEAR,2002,,,,,,,,,9.32,9.32255745,,,,2025-12-05T13:23:08Z,2002,2002-01-01,2002-12-31
2913844,GHED_GGHE-DGGE_SHA2011,COUNTRY,MWI,AFR,Africa,YEAR,2019,,,,,,,,,7.94,7.93860054,,,,2025-12-05T13:23:08Z,2019,2019-01-01,2019-12-31
2915803,GHED_GGHE-DGGE_SHA2011,COUNTRY,EGY,EMR,Eastern Mediterranean,YEAR,2002,,,,,,,,,6.14,6.14118385,,,,2025-12-05T13:23:08Z,2002,2002-01-01,2002-12-31
2916893,GHED_GGHE-DGGE_SHA2011,COUNTRY,MLT,EUR,Europe,YEAR,2003,,,,,,,,,12.25,12.25456047,,,,2025-12-05T13:23:08Z,2003,2003-01-01,2003-12-31
2917008,GHED_GGHE-DGGE_SHA2011,WORLDBANKINCOMEGROUP,WB_LMI,,,YEAR,2021,,,,,,,,,8.15,8.14670876,,,,2025-12-05T13:23:08Z,2021,2021-01-01,2021-12-31
2918891,GHED_GGHE-DGGE_SHA2011,COUNTRY,VNM,WPR,Western Pacific,YEAR,2002,,,,,,,,,8.62,8.61995983,,,,2025-12-05T13:23:08Z,2002,2002-01-01,2002-12-31
2922341,GHED_GGHE-DGGE_SHA2011,COUNTRY,SWE,EUR,Europe,YEAR,2009,,,,,,,,,13.70,13.69930458,,,,2025-12-05T13:23:08Z,2009,2009-01-01,2009-12-31
2922670,GHED_GGHE-DGGE_SHA2011,COUNTRY,HRV,EUR,Europe,YEAR,2009,,,,,,,,,13.52,13.51784134,,,,2025-12-05T13:23:08Z,2009,2009-01-01,2009-12-31
2926171,GHED_GGHE-DGGE_SHA2011,COUNTRY,BLZ,AMR,Americas,YEAR,2010,,,,,,,,,12.76,12.76388073,,,,2025-12-05T13:23:08Z,2010,2010-01-01,2010-12-31
2929358,GHED_GGHE-DGGE_SHA2011,COUNTRY,ATG,AMR,Americas,YEAR,2004,,,,,,,,,12.13,12.12656689,,,,2025-12-05T13:23:08Z,2004,2004-01-01,2004-12-31
2929935,GHED_GGHE-DGGE_SHA2011,COUNTRY,OMN,EMR,Eastern Mediterranean,YEAR,2007,,,,,,,,,5.58,5.58193493,,,,2025-12-05T13:23:08Z,2007,2007-01-01,2007-12-31
2930243,GHED_GGHE-DGGE_SHA2011,COUNTRY,BOL,AMR,Americas,YEAR,2015,,,,,,,,,9.67,9.67435074,,,,2025-12-05T13:23:08Z,2015,2015-01-01,2015-12-31
2932218,GHED_GGHE-DGGE_SHA2011,COUNTRY,NOR,EUR,Europe,YEAR,2017,,,,,,,,,17.40,17.39582634,,,,2025-12-05T13:23:08Z,2017,2017-01-01,2017-12-31
2932352,GHED_GGHE-DGGE_SHA2011,COUNTRY,TCD,AFR,Africa,YEAR,2022,,,,,,,,,7.26,7.26373339,,,,2025-12-05T13:23:08Z,2022,2022-01-01,2022-12-31
2932718,GHED_GGHE-DGGE_SHA2011,COUNTRY,NAM,AFR,Africa,YEAR,2023,,,,,,,,,14.99,14.992521289999999,,,,2025-12-05T13:23:08Z,2023,2023-01-01,2023-12-31
2936690,GHED_GGHE-DGGE_SHA2011,COUNTRY,FIN,EUR,Europe,YEAR,2018,,,,,,,,,13.58,13.58236599,,,,2025-12-05T13:23:08Z,2018,2018-01-01,2018-12-31
2943519,GHED_GGHE-DGGE_SHA2011,COUNTRY,GMB,AFR,Africa,YEAR,2004,,,,,,,,,6.31,6.30897522,,,,2025-12-05T13:23:08Z,2004,2004-01-01,2004-12-31
2944203,GHED_GGHE-DGGE_SHA2011,COUNTRY,DZA,AFR,Africa,YEAR,2005,,,,,,,,,7.76,7.76159906,,,,2025-12-05T13:23:08Z,2005,2005-01-01,2005-12-31
2944647,GHED_GGHE-DGGE_SHA2011,COUNTRY,PRT,EUR,Europe,YEAR,2001,,,,,,,,,13.72,13.71931458,,,,2025-12-05T13:23:08Z,2001,2001-01-01,2001-12-31
2946480,GHED_GGHE-DGGE_SHA2011,COUNTRY,MYS,WPR,Western Pacific,YEAR,2012,,,,,,,,,6.54,6.54217672,,,,2025-12-05T13:23:08Z,2012,2012-01-01,2012-12-31
2947383,GHED_GGHE-DGGE_SHA2011,COUNTRY,GAB,AFR,Africa,YEAR,2019,,,,,,,,,9.59,9.59155846,,,,2025-12-05T13:23:08Z,2019,2019-01-01,2019-12-31
2949246,GHED_GGHE-DGGE_SHA2011,COUNTRY,QAT,EMR,Eastern Mediterranean,YEAR,2016,,,,,,,,,7.59,7.58855581,,,,2025-12-05T13:23:08Z,2016,2016-01-01,2016-12-31
2950901,GHED_GGHE-DGGE_SHA2011,COUNTRY,ETH,AFR,Africa,YEAR,2017,,,,,,,,,4.79,4.78836012,,,,2025-12-05T13:23:08Z,2017,2017-01-01,2017-12-31
2954420,GHED_GGHE-DGGE_SHA2011,COUNTRY,SDN,EMR,Eastern Mediterranean,YEAR,2018,,,,,,,,,6.17,6.17103291,,,,2025-12-05T13:23:08Z,2018,2018-01-01,2018-12-31
2955808,GHED_GGHE-DGGE_SHA2011,COUNTRY,BLZ,AMR,Americas,YEAR,2015,,,,,,,,,11.35,11.34556484,,,,2025-12-05T13:23:08Z,2015,2015-01-01,2015-12-31
2959491,GHED_GGHE-DGGE_SHA2011,COUNTRY,NOR,EUR,Europe,YEAR,2003,,,,,,,,,15.86,15.86160946,,,,2025-12-05T13:23:08Z,2003,2003-01-01,2003-12-31
2959602,GHED_GGHE-DGGE_SHA2011,COUNTRY,GNB,AFR,Africa,YEAR,2015,,,,,,,,,2.50,2.50101542,,,,2025-12-05T13:23:08Z,2015,2015-01-01,2015-12-31
2962520,GHED_GGHE-DGGE_SHA2011,COUNTRY,TUR,EUR,Europe,YEAR,2023,,,,,,,,,9.78,9.78045368,,,,2025-12-05T13:23:08Z,2023,2023-01-01,2023-12-31
2969132,GHED_GGHE-DGGE_SHA2011,COUNTRY,CHE,EUR,Europe,YEAR,2017,,,,,,,,,11.32,11.32075405,,,,2025-12-05T13:23:08Z,2017,2017-01-01,2017-12-31
2973252,GHED_GGHE-DGGE_SHA2011,COUNTRY,FRA,EUR,Europe,YEAR,2010,,,,,,,,,13.75,13.74877739,,,,2025-12-05T13:23:08Z,2010,2010-01-01,2010-12-31
2973750,GHED_GGHE-DGGE_SHA2011,COUNTRY,LKA,SEAR,South-East Asia,YEAR,2015,,,,,,,,,8.40,8.40127754,,,,2025-12-05T13:23:08Z,2015,2015-01-01,2015-12-31
2978111,GHED_GGHE-DGGE_SHA2011,COUNTRY,PAN,AMR,Americas,YEAR,2016,,,,,,,,,20.34,20.34142113,,,,2025-12-05T13:23:08Z,2016,2016-01-01,2016-12-31
2979987,GHED_GGHE-DGGE_SHA2011,COUNTRY,MDG,AFR,Africa,YEAR,2004,,,,,,,,,10.01,10.01478481,,,,2025-12-05T13:23:08Z,2004,2004-01-01,2004-12-31
2980663,GHED_GGHE-DGGE_SHA2011,COUNTRY,ATG,AMR,Americas,YEAR,2003,,,,,,,,,12.45,12.44891071,,,,2025-12-05T13:23:08Z,2003,2003-01-01,2003-12-31
2982054,GHED_GGHE-DGGE_SHA2011,COUNTRY,CUB,AMR,Americas,YEAR,2016,,,,,,,,,17.30,17.30282402,,,,2025-12-05T13:23:08Z,2016,2016-01-01,2016-12-31
2984612,GHED_GGHE-DGGE_SHA2011,COUNTRY,CAF,AFR,Africa,YEAR,2010,,,,,,,,,3.34,3.34147334,,,,2025-12-05T13:23:08Z,2010,2010-01-01,2010-12-31
2985336,GHED_GGHE-DGGE_SHA2011,COUNTRY,CAF,AFR,Africa,YEAR,2009,,,,,,,,,4.58,4.57543802,,,,2025-12-05T13:23:08Z,2009,2009-01-01,2009-12-31
2988663,GHED_GGHE-DGGE_SHA2011,COUNTRY,MMR,SEAR,South-East Asia,YEAR,2011,,,,,,,,,1.49,1.49485052,,,,2025-12-05T13:23:08Z,2011,2011-01-01,2011-12-31
2989586,GHED_GGHE-DGGE_SHA2011,COUNTRY,DEU,EUR,Europe,YEAR,2023,,,,,,,,,19.21,19.20581627,,,,2025-12-05T13:23:08Z,2023,2023-01-01,2023-12-31
2998429,GHED_GGHE-DGGE_SHA2011,COUNTRY,CIV,AFR,Africa,YEAR,2017,,,,,,,,,5.15,5.15028763,,,,2025-12-05T13:23:08Z,2017,2017-01-01,2017-12-31
2998484,GHED_GGHE-DGGE_SHA2011,COUNTRY,JPN,WPR,Western Pacific,YEAR,2019,,,,,,,,,24.70,24.6980896,,,,2025-12-05T13:23:08Z,2019,2019-01-01,2019-12-31
2998647,GHED_GGHE-DGGE_SHA2011,COUNTRY,SLE,AFR,Africa,YEAR,2020,,,,,,,,,5.30,5.30239677,,,,2025-12-05T13:23:08Z,2020,2020-01-01,2020-12-31
2998713,GHED_GGHE-DGGE_SHA2011,COUNTRY,GNQ,AFR,Africa,YEAR,2000,,,,,,,,,2.31,2.30962849,,,,2025-12-05T13:23:08Z,2000,2000-01-01,2000-12-31
3002706,GHED_GGHE-DGGE_SHA2011,COUNTRY,THA,SEAR,South-East Asia,YEAR,2012,,,,,,,,,12.64,12.64099789,,,,2025-12-05T13:23:08Z,2012,2012-01-01,2012-12-31
3004202,GHED_GGHE-DGGE_SHA2011,COUNTRY,CAF,AFR,Africa,YEAR,2005,,,,,,,,,6.40,6.40039492,,,,2025-12-05T13:23:08Z,2005,2005-01-01,2005-12-31
3009307,GHED_GGHE-DGGE_SHA2011,COUNTRY,FSM,WPR,Western Pacific,YEAR,2000,,,,,,,,,2.59,2.59440136,,,,2025-12-05T13:23:08Z,2000,2000-01-01,2000-12-31
3010405,GHED_GGHE-DGGE_SHA2011,COUNTRY,TTO,AMR,Americas,YEAR,2014,,,,,,,,,7.47,7.47479582,,,,2025-12-05T13:23:08Z,2014,2014-01-01,2014-12-31
3013341,GHED_GGHE-DGGE_SHA2011,COUNTRY,ZAF,AFR,Africa,YEAR,2005,,,,,,,,,10.92,10.91880608,,,,2025-12-05T13:23:08Z,2005,2005-01-01,2005-12-31
3013569,GHED_GGHE-DGGE_SHA2011,COUNTRY,AGO,AFR,Africa,YEAR,2020,,,,,,,,,7.31,7.30502176,,,,2025-12-05T13:23:08Z,2020,2020-01-01,2020-12-31
3016300,GHED_GGHE-DGGE_SHA2011,COUNTRY,LKA,SEAR,South-East Asia,YEAR,2010,,,,,,,,,7.83,7.83482218,,,,2025-12-05T13:23:08Z,2010,2010-01-01,2010-12-31
3017821,GHED_GGHE-DGGE_SHA2011,COUNTRY,BEL,EUR,Europe,YEAR,2021,,,,,,,,,15.45,15.45464802,,,,2025-12-05T13:23:08Z,2021,2021-01-01,2021-12-31
3021235,GHED_GGHE-DGGE_SHA2011,COUNTRY,NOR,EUR,Europe,YEAR,2006,,,,,,,,,16.01,16.00895882,,,,2025-12-05T13:23:08Z,2006,2006-01-01,2006-12-31
3022295,GHED_GGHE-DGGE_SHA2011,COUNTRY,AFG,EMR,Eastern Mediterranean,YEAR,2020,,,,,,,,,4.25,4.24602795,,,,2025-12-05T13:23:08Z,2020,2020-01-01,2020-12-31
3022519,GHED_GGHE-DGGE_SHA2011,COUNTRY,SWZ,AFR,Africa,YEAR,2020,,,,,,,,,10.39,10.39384365,,,,2025-12-05T13:23:08Z,2020,2020-01-01,2020-12-31
3023108,GHED_GGHE-DGGE_SHA2011,COUNTRY,RWA,AFR,Africa,YEAR,2013,,,,,,,,,8.30,8.30411816,,,,2025-12-05T13:23:08Z,2013,2013-01-01,2013-12-31
3023850,GHED_GGHE-DGGE_SHA2011,REGION,AMR,,,YEAR,2008,,,,,,,,,12.16,12.1616473,,,,2025-12-05T13:23:08Z,2008,2008-01-01,2008-12-31
3026361,GHED_GGHE-DGGE_SHA2011,COUNTRY,TZA,AFR,Africa,YEAR,2012,,,,,,,,,6.01,6.00571394,,,,2025-12-05T13:23:08Z,2012,2012-01-01,2012-12-31
3028041,GHED_GGHE-DGGE_SHA2011,COUNTRY,TUN,EMR,Eastern Mediterranean,YEAR,2017,,,,,,,,,11.56,11.56142235,,,,2025-12-05T13:23:08Z,2017,2017-01-01,2017-12-31
3028514,GHED_GGHE-DGGE_SHA2011,COUNTRY,PRY,AMR,Americas,YEAR,2001,,,,,,,,,10.23,10.22955513,,,,2025-12-05T13:23:08Z,2001,2001-01-01,2001-12-31
3028706,GHED_GGHE-DGGE_SHA2011,COUNTRY,TUR,EUR,Europe,YEAR,2019,,,,,,,,,9.54,9.53611851,,,,2025-12-05T13:23:08Z,2019,2019-01-01,2019-12-31
3031611,GHED_GGHE-DGGE_SHA2011,COUNTRY,PRT,EUR,Europe,YEAR,2017,,,,,,,,,12.54,12.53606796,,,,2025-12-05T13:23:08Z,2017,2017-01-01,2017-12-31
3033688,GHED_GGHE-DGGE_SHA2011,COUNTRY,JPN,WPR,Western Pacific,YEAR,2016,,,,,,,,,23.18,23.17672729,,,,2025-12-05T13:23:08Z,2016,2016-01-01,2016-12-31
3035351,GHED_GGHE-DGGE_SHA2011,COUNTRY,BDI,AFR,Africa,YEAR,2003,,,,,,,,,3.72,3.71581554,,,,2025-12-05T13:23:08Z,2003,2003-01-01,2003-12-31
3036709,GHED_GGHE-DGGE_SHA2011,COUNTRY,KWT,EMR,Eastern Mediterranean,YEAR,2021,,,,,,,,,9.94,9.94189453,,,,2025-12-05T13:23:08Z,2021,2021-01-01,2021-12-31
3037101,GHED_GGHE-DGGE_SHA2011,COUNTRY,LVA,EUR,Europe,YEAR,2008,,,,,,,,,8.80,8.79956532,,,,2025-12-05T13:23:08Z,2008,2008-01-01,2008-12-31
3041454,GHED_GGHE-DGGE_SHA2011,COUNTRY,COL,AMR,Americas,YEAR,2023,,,,,,,,,16.19,16.18694687,,,,2025-12-05T13:23:08Z,2023,2023-01-01,2023-12-31
3043511,GHED_GGHE-DGGE_SHA2011,COUNTRY,KAZ,EUR,Europe,YEAR,2017,,,,,,,,,7.86,7.85734415,,,,2025-12-05T13:23:08Z,2017,2017-01-01,2017-12-31
3044466,GHED_GGHE-DGGE_SHA2011,COUNTRY,SWZ,AFR,Africa,YEAR,2012,,,,,,,,,12.65,12.65477371,,,,2025-12-05T13:23:08Z,2012,2012-01-01,2012-12-31
3046598,GHED_GGHE-DGGE_SHA2011,COUNTRY,SMR,EUR,Europe,YEAR,2009,,,,,,,,,20.11,20.10869598,,,,2025-12-05T13:23:08Z,2009,2009-01-01,2009-12-31
3046725,GHED_GGHE-DGGE_SHA2011,COUNTRY,MLI,AFR,Africa,YEAR,2021,,,,,,,,,5.04,5.03743124,,,,2025-12-05T13:23:08Z,2021,2021-01-01,2021-12-31
3049026,GHED_GGHE-DGGE_SHA2011,COUNTRY,SMR,EUR,Europe,YEAR,2022,,,,,,,,,29.51,29.50914192,,,,2025-12-05T13:23:08Z,2022,2022-01-01,2022-12-31
3054708,GHED_GGHE-DGGE_SHA2011,COUNTRY,BGR,EUR,Europe,YEAR,2017,,,,,,,,,11.84,11.83658028,,,,2025-12-05T13:23:08Z,2017,2017-01-01,2017-12-31
3061207,GHED_GGHE-DGGE_SHA2011,COUNTRY,GRC,EUR,Europe,YEAR,2009,,,,,,,,,11.88,11.88302231,,,,2025-12-05T13:23:08Z,2009,2009-01-01,2009-12-31
3064053,GHED_GGHE-DGGE_SHA2011,COUNTRY,NER,AFR,Africa,YEAR,2012,,,,,,,,,6.25,6.24912119,,,,2025-12-05T13:23:08Z,2012,2012-01-01,2012-12-31
3065890,GHED_GGHE-DGGE_SHA2011,COUNTRY,MYS,WPR,Western Pacific,YEAR,2006,,,,,,,,,6.55,6.5490737,,,,2025-12-05T13:23:08Z,2006,2006-01-01,2006-12-31
3067320,GHED_GGHE-DGGE_SHA2011,COUNTRY,GNB,AFR,Africa,YEAR,2018,,,,,,,,,2.59,2.59429789,,,,2025-12-05T13:23:08Z,2018,2018-01-01,2018-12-31
3068536,GHED_GGHE-DGGE_SHA2011,COUNTRY,SRB,EUR,Europe,YEAR,2019,,,,,,,,,12.03,12.03067684,,,,2025-12-05T13:23:08Z,2019,2019-01-01,2019-12-31
3068740,GHED_GGHE-DGGE_SHA2011,COUNTRY,OMN,EMR,Eastern Mediterranean,YEAR,2020,,,,,,,,,10.24,10.24410915,,,,2025-12-05T13:23:08Z,2020,2020-01-01,2020-12-31
3070631,GHED_GGHE-DGGE_SHA2011,COUNTRY,BLR,EUR,Europe,YEAR,2010,,,,,,,,,8.69,8.68532658,,,,2025-12-05T13:23:08Z,2010,2010-01-01,2010-12-31
3072327,GHED_GGHE-DGGE_SHA2011,COUNTRY,GBR,EUR,Europe,YEAR,2013,,,,,,,,,18.98,18.97663307,,,,2025-12-05T13:23:08Z,2013,2013-01-01,2013-12-31
3073894,GHED_GGHE-DGGE_SHA2011,COUNTRY,NER,AFR,Africa,YEAR,2020,,,,,,,,,10.34,10.34436893,,,,2025-12-05T13:23:08Z,2020,2020-01-01,2020-12-31
3074022,GHED_GGHE-DGGE_SHA2011,COUNTRY,POL,EUR,Europe,YEAR,2005,,,,,,,,,8.99,8.9949913,,,,2025-12-05T13:23:08Z,2005,2005-01-01,2005-12-31
3075554,GHED_GGHE-DGGE_SHA2011,COUNTRY,TTO,AMR,Americas,YEAR,2010,,,,,,,,,8.04,8.04406071,,,,2025-12-05T13:23:08Z,2010,2010-01-01,2010-12-31
3075781,GHED_GGHE-DGGE_SHA2011,COUNTRY,SLB,WPR,Western Pacific,YEAR,2019,,,,,,,,,9.15,9.15350819,,,,2025-12-05T13:23:08Z,2019,2019-01-01,2019-12-31
3076582,GHED_GGHE-DGGE_SHA2011,GLOBAL,GLOBAL,,,YEAR,2010,,,,,,,,,9.64,9.64412637,,,,2025-12-05T13:23:08Z,2010,2010-01-01,2010-12-31
3080558,GHED_GGHE-DGGE_SHA2011,COUNTRY,MNG,WPR,Western Pacific,YEAR,2008,,,,,,,,,8.55,8.55250454,,,,2025-12-05T13:23:08Z,2008,2008-01-01,2008-12-31
3081766,GHED_GGHE-DGGE_SHA2011,COUNTRY,GRC,EUR,Europe,YEAR,2001,,,,,,,,,10.98,10.97902489,,,,2025-12-05T13:23:08Z,2001,2001-01-01,2001-12-31
3083178,GHED_GGHE-DGGE_SHA2011,COUNTRY,TCD,AFR,Africa,YEAR,2017,,,,,,,,,4.68,4.67839575,,,,2025-12-05T13:23:08Z,2017,2017-01-01,2017-12-31
3083720,GHED_GGHE-DGGE_SHA2011,COUNTRY,HND,AMR,Americas,YEAR,2001,,,,,,,,,9.94,9.93868351,,,,2025-12-05T13:23:08Z,2001,2001-01-01,2001-12-31
3086002,GHED_GGHE-DGGE_SHA2011,COUNTRY,GRD,AMR,Americas,YEAR,2006,,,,,,,,,6.31,6.30969524,,,,2025-12-05T13:23:08Z,2006,2006-01-01,2006-12-31
3088002,GHED_GGHE-DGGE_SHA2011,COUNTRY,TLS,SEAR,South-East Asia,YEAR,2023,,,,,,,,,9.16,9.16237926,,,,2025-12-05T13:23:08Z,2023,2023-01-01,2023-12-31
3088504,GHED_GGHE-DGGE_SHA2011,COUNTRY,NIU,WPR,Western Pacific,YEAR,2016,,,,,,,,,4.97,4.97484207,,,,2025-12-05T13:23:08Z,2016,2016-01-01,2016-12-31
3091660,GHED_GGHE-DGGE_SHA2011,COUNTRY,SVK,EUR,Europe,YEAR,2010,,,,,,,,,13.27,13.26732349,,,,2025-12-05T13:23:08Z,2010,2010-01-01,2010-12-31
3092333,GHED_GGHE-DGGE_SHA2011,COUNTRY,CYP,EUR,Europe,YEAR,2001,,,,,,,,,6.02,6.01684713,,,,2025-12-05T13:23:08Z,2001,2001-01-01,2001-12-31
3092675,GHED_GGHE-DGGE_SHA2011,COUNTRY,JOR,EMR,Eastern Mediterranean,YEAR,2008,,,,,,,,,15.13,15.12543488,,,,2025-12-05T13:23:08Z,2008,2008-01-01,2008-12-31
3093311,GHED_GGHE-DGGE_SHA2011,COUNTRY,AZE,EUR,Europe,YEAR,2018,,,,,,,,,2.68,2.67803526,,,,2025-12-05T13:23:08Z,2018,2018-01-01,2018-12-31
3096579,GHED_GGHE-DGGE_SHA2011,COUNTRY,MEX,AMR,Americas,YEAR,2014,,,,,,,,,10.35,10.34577084,,,,2025-12-05T13:23:08Z,2014,2014-01-01,2014-12-31
3100521,GHED_GGHE-DGGE_SHA2011,COUNTRY,CPV,AFR,Africa,YEAR,2007,,,,,,,,,10.09,10.09019661,,,,2025-12-05T13:23:08Z,2007,2007-01-01,2007-12-31
3106977,GHED_GGHE-DGGE_SHA2011,COUNTRY,SYC,AFR,Africa,YEAR,2020,,,,,,,,,9.58,9.58416653,,,,2025-12-05T13:23:08Z,2020,2020-01-01,2020-12-31
3108911,GHED_GGHE-DGGE_SHA2011,COUNTRY,VEN,AMR,Americas,YEAR,2023,,,,,,,,,3.63,3.62696505,,,,2025-12-05T13:23:08Z,2023,2023-01-01,2023-12-31
3109429,GHED_GGHE-DGGE_SHA2011,COUNTRY,MAR,EMR,Eastern Mediterranean,YEAR,2001,,,,,,,,,4.23,4.23062134,,,,2025-12-05T13:23:08Z,2001,2001-01-01,2001-12-31
3113142,GHED_GGHE-DGGE_SHA2011,COUNTRY,ARM,EUR,Europe,YEAR,2022,,,,,,,,,6.50,6.50275373,,,,2025-12-05T13:23:08Z,2022,2022-01-01,2022-12-31
3115277,GHED_GGHE-DGGE_SHA2011,COUNTRY,CUB,AMR,Americas,YEAR,2013,,,,,,,,,14.14,14.14057541,,,,2025-12-05T13:23:08Z,2013,2013-01-01,2013-12-31
3115975,GHED_GGHE-DGGE_SHA2011,COUNTRY,NAM,AFR,Africa,YEAR,2020,,,,,,,,,15.71,15.70535183,,,,2025-12-05T13:23:08Z,2020,2020-01-01,2020-12-31
3118203,GHED_GGHE-DGGE_SHA2011,COUNTRY,ESP,EUR,Europe,YEAR,2005,,,,,,,,,14.40,14.40070343,,,,2025-12-05T13:23:08Z,2005,2005-01-01,2005-12-31
3122811,GHED_GGHE-DGGE_SHA2011,COUNTRY,TUV,WPR,Western Pacific,YEAR,2000,,,,,,,,,11.93,11.93384361,,,,2025-12-05T13:23:08Z,2000,2000-01-01,2000-12-31
3123844,GHED_GGHE-DGGE_SHA2011,COUNTRY,BOL,AMR,Americas,YEAR,2020,,,,,,,,,15.78,15.77755356,,,,2025-12-05T13:23:08Z,2020,2020-01-01,2020-12-31
3124895,GHED_GGHE-DGGE_SHA2011,COUNTRY,BTN,SEAR,South-East Asia,YEAR,2014,,,,,,,,,7.72,7.72409058,,,,2025-12-05T13:23:08Z,2014,2014-01-01,2014-12-31
3127264,GHED_GGHE-DGGE_SHA2011,COUNTRY,BRA,AMR,Americas,YEAR,2008,,,,,,,,,8.78,8.77957535,,,,2025-12-05T13:23:08Z,2008,2008-01-01,2008-12-31
3127555,GHED_GGHE-DGGE_SHA2011,COUNTRY,NIU,WPR,Western Pacific,YEAR,2007,,,,,,,,,11.84,11.8391304,,,,2025-12-05T13:23:08Z,2007,2007-01-01,2007-12-31
3127582,GHED_GGHE-DGGE_SHA2011,COUNTRY,URY,AMR,Americas,YEAR,2014,,,,,,,,,18.82,18.82110596,,,,2025-12-05T13:23:08Z,2014,2014-01-01,2014-12-31
3131630,GHED_GGHE-DGGE_SHA2011,COUNTRY,MNG,WPR,Western Pacific,YEAR,2017,,,,,,,,,7.02,7.02317142,,,,2025-12-05T13:23:08Z,2017,2017-01-01,2017-12-31
3131903,GHED_GGHE-DGGE_SHA2011,COUNTRY,USA,AMR,Americas,YEAR,2000,,,,,,,,,16.16,16.160938260000002,,,,2025-12-05T13:23:08Z,2000,2000-01-01,2000-12-31
3135784,GHED_GGHE-DGGE_SHA2011,COUNTRY,AZE,EUR,Europe,YEAR,2010,,,,,,,,,3.17,3.17126107,,,,2025-12-05T13:23:08Z,2010,2010-01-01,2010-12-31
3136937,GHED_GGHE-DGGE_SHA2011,COUNTRY,AND,EUR,Europe,YEAR,2022,,,,,,,,,15.87,15.87091827,,,,2025-12-05T13:23:08Z,2022,2022-01-01,2022-12-31
3138585,GHED_GGHE-DGGE_SHA2011,COUNTRY,SYR,EMR,Eastern Mediterranean,YEAR,2023,,,,,,,,,7.71,7.71054459,,,,2025-12-05T13:23:08Z,2023,2023-01-01,2023-12-31
3144226,GHED_GGHE-DGGE_SHA2011,COUNTRY,DEU,EUR,Europe,YEAR,2021,,,,,,,,,19.96,19.96162605,,,,2025-12-05T13:23:08Z,2021,2021-01-01,2021-12-31
3145961,GHED_GGHE-DGGE_SHA2011,COUNTRY,BDI,AFR,Africa,YEAR,2008,,,,,,,,,3.79,3.78774738,,,,2025-12-05T13:23:08Z,2008,2008-01-01,2008-12-31
3146223,GHED_GGHE-DGGE_SHA2011,COUNTRY,MDV,SEAR,South-East Asia,YEAR,2000,,,,,,,,,8.83,8.82846737,,,,2025-12-05T13:23:08Z,2000,2000-01-01,2000-12-31
3157219,GHED_GGHE-DGGE_SHA2011,COUNTRY,ARG,AMR,Americas,YEAR,2001,,,,,,,,,16.94,16.93632507,,,,2025-12-05T13:23:08Z,2001,2001-01-01,2001-12-31
3157480,GHED_GGHE-DGGE_SHA2011,COUNTRY,BGR,EUR,Europe,YEAR,2015,,,,,,,,,10.23,10.23375225,,,,2025-12-05T13:23:08Z,2015,2015-01-01,2015-12-31
3158160,GHED_GGHE-DGGE_SHA2011,COUNTRY,BHR,EMR,Eastern Mediterranean,YEAR,2018,,,,,,,,,7.23,7.23445129,,,,2025-12-05T13:23:08Z,2018,2018-01-01,2018-12-31
3163663,GHED_GGHE-DGGE_SHA2011,REGION,SEAR,,,YEAR,2007,,,,,,,,,6.23,6.22596293,,,,2025-12-05T13:23:08Z,2007,2007-01-01,2007-12-31
3163680,GHED_GGHE-DGGE_SHA2011,COUNTRY,JOR,EMR,Eastern Mediterranean,YEAR,2001,,,,,,,,,13.61,13.61480045,,,,2025-12-05T13:23:08Z,2001,2001-01-01,2001-12-31
3164241,GHED_GGHE-DGGE_SHA2011,COUNTRY,USA,AMR,Americas,YEAR,2017,,,,,,,,,22.58,22.58487129,,,,2025-12-05T13:23:08Z,2017,2017-01-01,2017-12-31
3167073,GHED_GGHE-DGGE_SHA2011,COUNTRY,CMR,AFR,Africa,YEAR,2019,,,,,,,,,2.18,2.17985916,,,,2025-12-05T13:23:08Z,2019,2019-01-01,2019-12-31
3169361,GHED_GGHE-DGGE_SHA2011,COUNTRY,WSM,WPR,Western Pacific,YEAR,2008,,,,,,,,,12.52,12.51867199,,,,2025-12-05T13:23:08Z,2008,2008-01-01,2008-12-31
3175959,GHED_GGHE-DGGE_SHA2011,COUNTRY,MCO,EUR,Europe,YEAR,2018,,,,,,,,,17.04,17.04435158,,,,2025-12-05T13:23:08Z,2018,2018-01-01,2018-12-31
3176256,GHED_GGHE-DGGE_SHA2011,COUNTRY,NAM,AFR,Africa,YEAR,2007,,,,,,,,,20.65,20.65299988,,,,2025-12-05T13:23:08Z,2007,2007-01-01,2007-12-31
3178376,GHED_GGHE-DGGE_SHA2011,REGION,AFR,,,YEAR,2017,,,,,,,,,7.02,7.02037364,,,,2025-12-05T13:23:08Z,2017,2017-01-01,2017-12-31
3178849,GHED_GGHE-DGGE_SHA2011,COUNTRY,EGY,EMR,Eastern Mediterranean,YEAR,2017,,,,,,,,,5.42,5.41994762,,,,2025-12-05T13:23:08Z,2017,2017-01-01,2017-12-31
3181467,GHED_GGHE-DGGE_SHA2011,COUNTRY,MMR,SEAR,South-East Asia,YEAR,2022,,,,,,,,,2.34,2.33792186,,,,2025-12-05T13:23:08Z,2022,2022-01-01,2022-12-31
3182160,GHED_GGHE-DGGE_SHA2011,COUNTRY,THA,SEAR,South-East Asia,YEAR,2010,,,,,,,,,11.56,11.56414127,,,,2025-12-05T13:23:08Z,2010,2010-01-01,2010-12-31
3185142,GHED_GGHE-DGGE_SHA2011,COUNTRY,TTO,AMR,Americas,YEAR,2000,,,,,,,,,6.79,6.78572941,,,,2025-12-05T13:23:08Z,2000,2000-01-01,2000-12-31
3185837,GHED_GGHE-DGGE_SHA2011,COUNTRY,GNQ,AFR,Africa,YEAR,2011,,,,,,,,,2.15,2.15473962,,,,2025-12-05T13:23:08Z,2011,2011-01-01,2011-12-31
3188174,GHED_GGHE-DGGE_SHA2011,COUNTRY,SVK,EUR,Europe,YEAR,2001,,,,,,,,,10.18,10.17947102,,,,2025-12-05T13:23:08Z,2001,2001-01-01,2001-12-31
3188787,GHED_GGHE-DGGE_SHA2011,COUNTRY,HND,AMR,Americas,YEAR,2019,,,,,,,,,11.17,11.1674366,,,,2025-12-05T13:23:08Z,2019,2019-01-01,2019-12-31
3189380,GHED_GGHE-DGGE_SHA2011,COUNTRY,FSM,WPR,Western Pacific,YEAR,2013,,,,,,,,,2.58,2.58381534,,,,2025-12-05T13:23:08Z,2013,2013-01-01,2013-12-31
3192113,GHED_GGHE-DGGE_SHA2011,COUNTRY,CHE,EUR,Europe,YEAR,2006,,,,,,,,,9.34,9.34170818,,,,2025-12-05T13:23:08Z,2006,2006-01-01,2006-12-31
3196519,GHED_GGHE-DGGE_SHA2011,COUNTRY,PRY,AMR,Americas,YEAR,2002,,,,,,,,,8.32,8.3170042,,,,2025-12-05T13:23:08Z,2002,2002-01-01,2002-12-31
3197646,GHED_GGHE-DGGE_SHA2011,COUNTRY,IRL,EUR,Europe,YEAR,2003,,,,,,,,,16.90,16.89721489,,,,2025-12-05T13:23:08Z,2003,2003-01-01,2003-12-31
3198283,GHED_GGHE-DGGE_SHA2011,COUNTRY,ZAF,AFR,Africa,YEAR,2010,,,,,,,,,14.12,14.11525917,,,,2025-12-05T13:23:08Z,2010,2010-01-01,2010-12-31
3200203,GHED_GGHE-DGGE_SHA2011,COUNTRY,TON,WPR,Western Pacific,YEAR,2016,,,,,,,,,8.03,8.03124809,,,,2025-12-05T13:23:08Z,2016,2016-01-01,2016-12-31
3204095,GHED_GGHE-DGGE_SHA2011,COUNTRY,MDA,EUR,Europe,YEAR,2005,,,,,,,,,13.58,13.57666016,,,,2025-12-05T13:23:08Z,2005,2005-01-01,2005-12-31
3205028,GHED_GGHE-DGGE_SHA2011,COUNTRY,BHS,AMR,Americas,YEAR,2015,,,,,,,,,12.84,12.83696079,,,,2025-12-05T13:23:08Z,2015,2015-01-01,2015-12-31
3207263,GHED_GGHE-DGGE_SHA2011,COUNTRY,SWE,EUR,Europe,YEAR,2022,,,,,,,,,19.05,19.05123329,,,,2025-12-05T13:23:08Z,2022,2022-01-01,2022-12-31
3209607,GHED_GGHE-DGGE_SHA2011,COUNTRY,POL,EUR,Europe,YEAR,2019,,,,,,,,,11.01,11.01052094,,,,2025-12-05T13:23:08Z,2019,2019-01-01,2019-12-31
3211529,GHED_GGHE-DGGE_SHA2011,COUNTRY,ITA,EUR,Europe,YEAR,2023,,,,,,,,,11.44,11.43561649,,,,2025-12-05T13:23:08Z,2023,2023-01-01,2023-12-31
3212982,GHED_GGHE-DGGE_SHA2011,COUNTRY,YEM,EMR,Eastern Mediterranean,YEAR,2023,,,,,,,,,6.96,6.96322203,,,,2025-12-05T13:23:08Z,2023,2023-01-01,2023-12-31
3213480,GHED_GGHE-DGGE_SHA2011,COUNTRY,NOR,EUR,Europe,YEAR,2004,,,,,,,,,16.12,16.11783028,,,,2025-12-05T13:23:08Z,2004,2004-01-01,2004-12-31
3214774,GHED_GGHE-DGGE_SHA2011,COUNTRY,KEN,AFR,Africa,YEAR,2011,,,,,,,,,7.98,7.98109102,,,,2025-12-05T13:23:08Z,2011,2011-01-01,2011-12-31
3217336,GHED_GGHE-DGGE_SHA2011,COUNTRY,AUS,WPR,Western Pacific,YEAR,2011,,,,,,,,,16.32,16.32250404,,,,2025-12-05T13:23:08Z,2011,2011-01-01,2011-12-31
3219008,GHED_GGHE-DGGE_SHA2011,COUNTRY,ATG,AMR,Americas,YEAR,2000,,,,,,,,,11.86,11.86253166,,,,2025-12-05T13:23:08Z,2000,2000-01-01,2000-12-31
3219677,GHED_GGHE-DGGE_SHA2011,COUNTRY,AND,EUR,Europe,YEAR,2012,,,,,,,,,15.37,15.37074852,,,,2025-12-05T13:23:08Z,2012,2012-01-01,2012-12-31
3226960,GHED_GGHE-DGGE_SHA2011,COUNTRY,HTI,AMR,Americas,YEAR,2017,,,,,,,,,4.54,4.54371977,,,,2025-12-05T13:23:08Z,2017,2017-01-01,2017-12-31
3229608,GHED_GGHE-DGGE_SHA2011,COUNTRY,BFA,AFR,Africa,YEAR,2012,,,,,,,,,4.70,4.69605875,,,,2025-12-05T13:23:08Z,2012,2012-01-01,2012-12-31
3230244,GHED_GGHE-DGGE_SHA2011,COUNTRY,SLE,AFR,Africa,YEAR,2018,,,,,,,,,3.60,3.59921885,,,,2025-12-05T13:23:08Z,2018,2018-01-01,2018-12-31
3232111,GHED_GGHE-DGGE_SHA2011,COUNTRY,FIN,EUR,Europe,YEAR,2003,,,,,,,,,12.44,12.44287109,,,,2025-12-05T13:23:08Z,2003,2003-01-01,2003-12-31
3235016,GHED_GGHE-DGGE_SHA2011,COUNTRY,AUT,EUR,Europe,YEAR,2020,,,,,,,,,15.20,15.19771099,,,,2025-12-05T13:23:08Z,2020,2020-01-01,2020-12-31
3237593,GHED_GGHE-DGGE_SHA2011,COUNTRY,BOL,AMR,Americas,YEAR,2013,,,,,,,,,9.21,9.20546436,,,,2025-12-05T13:23:08Z,2013,2013-01-01,2013-12-31
3239053,GHED_GGHE-DGGE_SHA2011,COUNTRY,ROU,EUR,Europe,YEAR,2013,,,,,,,,,11.52,11.520751,,,,2025-12-05T13:23:08Z,2013,2013-01-01,2013-12-31
3239093,GHED_GGHE-DGGE_SHA2011,COUNTRY,TZA,AFR,Africa,YEAR,2002,,,,,,,,,9.79,9.78842449,,,,2025-12-05T13:23:08Z,2002,2002-01-01,2002-12-31
3239555,GHED_GGHE-DGGE_SHA2011,COUNTRY,PHL,WPR,Western Pacific,YEAR,2001,,,,,,,,,5.50,5.5015583,,,,2025-12-05T13:23:08Z,2001,2001-01-01,2001-12-31
3241151,GHED_GGHE-DGGE_SHA2011,COUNTRY,TCD,AFR,Africa,YEAR,2023,,,,,,,,,7.26,7.26373339,,,,2025-12-05T13:23:08Z,2023,2023-01-01,2023-12-31
3245470,GHED_GGHE-DGGE_SHA2011,COUNTRY,PNG,WPR,Western Pacific,YEAR,2018,,,,,,,,,7.95,7.94931364,,,,2025-12-05T13:23:08Z,2018,2018-01-01,2018-12-31
3247405,GHED_GGHE-DGGE_SHA2011,COUNTRY,PAK,EMR,Eastern Mediterranean,YEAR,2012,,,,,,,,,3.17,3.17061043,,,,2025-12-05T13:23:08Z,2012,2012-01-01,2012-12-31
3248183,GHED_GGHE-DGGE_SHA2011,COUNTRY,NIC,AMR,Americas,YEAR,2022,,,,,,,,,18.10,18.09780312,,,,2025-12-05T13:23:08Z,2022,2022-01-01,2022-12-31
3248676,GHED_GGHE-DGGE_SHA2011,REGION,EUR,,,YEAR,2007,,,,,,,,,11.93,11.92631746,,,,2025-12-05T13:23:08Z,2007,2007-01-01,2007-12-31
3250330,GHED_GGHE-DGGE_SHA2011,COUNTRY,BLZ,AMR,Americas,YEAR,2003,,,,,,,,,7.14,7.13568306,,,,2025-12-05T13:23:08Z,2003,2003-01-01,2003-12-31
3252244,GHED_GGHE-DGGE_SHA2011,COUNTRY,PAN,AMR,Americas,YEAR,2017,,,,,,,,,20.80,20.79706573,,,,2025-12-05T13:23:08Z,2017,2017-01-01,2017-12-31
3255665,GHED_GGHE-DGGE_SHA2011,COUNTRY,MLI,AFR,Africa,YEAR,2019,,,,,,,,,4.84,4.83501434,,,,2025-12-05T13:23:08Z,2019,2019-01-01,2019-12-31
3257293,GHED_GGHE-DGGE_SHA2011,COUNTRY,CZE,EUR,Europe,YEAR,2009,,,,,,,,,13.54,13.54469585,,,,2025-12-05T13:23:08Z,2009,2009-01-01,2009-12-31
3258806,GHED_GGHE-DGGE_SHA2011,COUNTRY,BRN,WPR,Western Pacific,YEAR,2015,,,,,,,,,5.86,5.86489248,,,,2025-12-05T13:23:08Z,2015,2015-01-01,2015-12-31
3259061,GHED_GGHE-DGGE_SHA2011,COUNTRY,STP,AFR,Africa,YEAR,2007,,,,,,,,,4.28,4.27638435,,,,2025-12-05T13:23:08Z,2007,2007-01-01,2007-12-31
3260837,GHED_GGHE-DGGE_SHA2011,WORLDBANKINCOMEGROUP,WB_LMI,,,YEAR,2015,,,,,,,,,6.87,6.86959501,,,,2025-12-05T13:23:08Z,2015,2015-01-01,2015-12-31
3266180,GHED_GGHE-DGGE_SHA2011,COUNTRY,RUS,EUR,Europe,YEAR,2010,,,,,,,,,8.59,8.59383297,,,,2025-12-05T13:23:08Z,2010,2010-01-01,2010-12-31
3267030,GHED_GGHE-DGGE_SHA2011,COUNTRY,MRT,AFR,Africa,YEAR,2000,,,,,,,,,2.51,2.51425123,,,,2025-12-05T13:23:08Z,2000,2000-01-01,2000-12-31
3269600,GHED_GGHE-DGGE_SHA2011,COUNTRY,MDV,SEAR,South-East Asia,YEAR,2022,,,,,,,,,13.28,13.27708149,,,,2025-12-05T13:23:08Z,2022,2022-01-01,2022-12-31
3270279,GHED_GGHE-DGGE_SHA2011,COUNTRY,LVA,EUR,Europe,YEAR,2000,,,,,,,,,7.43,7.42889071,,,,2025-12-05T13:23:08Z,2000,2000-01-01,2000-12-31
3272960,GHED_GGHE-DGGE_SHA2011,COUNTRY,TJK,EUR,Europe,YEAR,2014,,,,,,,,,7.56,7.56245518,,,,2025-12-05T13:23:08Z,2014,2014-01-01,2014-12-31
3275214,GHED_GGHE-DGGE_SHA2011,COUNTRY,FJI,WPR,Western Pacific,YEAR,2016,,,,,,,,,6.67,6.66789913,,,,2025-12-05T13:23:08Z,2016,2016-01-01,2016-12-31
3276094,GHED_GGHE-DGGE_SHA2011,COUNTRY,IRL,EUR,Europe,YEAR,2012,,,,,,,,,17.93,17.92600822,,,,2025-12-05T13:23:08Z,2012,2012-01-01,2012-12-31
3280302,GHED_GGHE-DGGE_SHA2011,COUNTRY,SWE,EUR,Europe,YEAR,2012,,,,,,,,,17.77,17.76576233,,,,2025-12-05T13:23:08Z,2012,2012-01-01,2012-12-31
3282602,GHED_GGHE-DGGE_SHA2011,COUNTRY,DEU,EUR,Europe,YEAR,2017,,,,,,,,,19.38,19.37729454,,,,2025-12-05T13:23:08Z,2017,2017-01-01,2017-12-31
3283698,GHED_GGHE-DGGE_SHA2011,COUNTRY,TGO,AFR,Africa,YEAR,2002,,,,,,,,,4.05,4.05133438,,,,2025-12-05T13:23:08Z,2002,2002-01-01,2002-12-31
3285968,GHED_GGHE-DGGE_SHA2011,COUNTRY,GRC,EUR,Europe,YEAR,2018,,,,,,,,,8.59,8.59100723,,,,2025-12-05T13:23:08Z,2018,2018-01-01,2018-12-31
3291226,GHED_GGHE-DGGE_SHA2011,COUNTRY,DNK,EUR,Europe,YEAR,2000,,,,,,,,,12.75,12.74854279,,,,2025-12-05T13:23:08Z,2000,2000-01-01,2000-12-31
3292392,GHED_GGHE-DGGE_SHA2011,COUNTRY,BOL,AMR,Americas,YEAR,2012,,,,,,,,,8.31,8.31437492,,,,2025-12-05T13:23:08Z,2012,2012-01-01,2012-12-31
3293315,GHED_GGHE-DGGE_SHA2011,COUNTRY,PRT,EUR,Europe,YEAR,2013,,,,,,,,,11.71,11.71395683,,,,2025-12-05T13:23:08Z,2013,2013-01-01,2013-12-31
3293845,GHED_GGHE-DGGE_SHA2011,COUNTRY,AFG,EMR,Eastern Mediterranean,YEAR,2012,,,,,,,,,1.37,1.37000275,,,,2025-12-05T13:23:08Z,2012,2012-01-01,2012-12-31
3293894,GHED_GGHE-DGGE_SHA2011,COUNTRY,GRC,EUR,Europe,YEAR,2021,,,,,,,,,9.49,9.49316025,,,,2025-12-05T13:23:08Z,2021,2021-01-01,2021-12-31
3295385,GHED_GGHE-DGGE_SHA2011,COUNTRY,AGO,AFR,Africa,YEAR,2018,,,,,,,,,5.36,5.36431932,,,,2025-12-05T13:23:08Z,2018,2018-01-01,2018-12-31
3295507,GHED_GGHE-DGGE_SHA2011,COUNTRY,GAB,AFR,Africa,YEAR,2004,,,,,,,,,6.51,6.51321602,,,,2025-12-05T13:23:08Z,2004,2004-01-01,2004-12-31
3296144,GHED_GGHE-DGGE_SHA2011,COUNTRY,CZE,EUR,Europe,YEAR,2011,,,,,,,,,14.74,14.7419138,,,,2025-12-05T13:23:08Z,2011,2011-01-01,2011-12-31
3297890,GHED_GGHE-DGGE_SHA2011,WORLDBANKINCOMEGROUP,WB_LI,,,YEAR,2001,,,,,,,,,6.72,6.71738085,,,,2025-12-05T13:23:08Z,2001,2001-01-01,2001-12-31
3305636,GHED_GGHE-DGGE_SHA2011,COUNTRY,BHS,AMR,Americas,YEAR,2017,,,,,,,,,15.60,15.59642696,,,,2025-12-05T13:23:08Z,2017,2017-01-01,2017-12-31
3306041,GHED_GGHE-DGGE_SHA2011,COUNTRY,NER,AFR,Africa,YEAR,2006,,,,,,,,,13.54,13.54461861,,,,2025-12-05T13:23:08Z,2006,2006-01-01,2006-12-31
3306250,GHED_GGHE-DGGE_SHA2011,COUNTRY,HTI,AMR,Americas,YEAR,2021,,,,,,,,,4.39,4.3947258,,,,2025-12-05T13:23:08Z,2021,2021-01-01,2021-12-31
3308008,GHED_GGHE-DGGE_SHA2011,COUNTRY,CYP,EUR,Europe,YEAR,2023,,,,,,,,,14.86,14.85917091,,,,2025-12-05T13:23:08Z,2023,2023-01-01,2023-12-31
3310496,GHED_GGHE-DGGE_SHA2011,COUNTRY,MDA,EUR,Europe,YEAR,2002,,,,,,,,,11.54,11.53735256,,,,2025-12-05T13:23:08Z,2002,2002-01-01,2002-12-31
3311478,GHED_GGHE-DGGE_SHA2011,WORLDBANKINCOMEGROUP,WB_LI,,,YEAR,2005,,,,,,,,,6.39,6.38834338,,,,2025-12-05T13:23:08Z,2005,2005-01-01,2005-12-31
3312417,GHED_GGHE-DGGE_SHA2011,COUNTRY,TZA,AFR,Africa,YEAR,2022,,,,,,,,,5.14,5.13516998,,,,2025-12-05T13:23:08Z,2022,2022-01-01,2022-12-31
3314566,GHED_GGHE-DGGE_SHA2011,COUNTRY,GBR,EUR,Europe,YEAR,2019,,,,,,,,,20.53,20.52682686,,,,2025-12-05T13:23:08Z,2019,2019-01-01,2019-12-31
3317504,GHED_GGHE-DGGE_SHA2011,COUNTRY,NGA,AFR,Africa,YEAR,2018,,,,,,,,,3.88,3.8811214,,,,2025-12-05T13:23:08Z,2018,2018-01-01,2018-12-31
3318515,GHED_GGHE-DGGE_SHA2011,COUNTRY,GIN,AFR,Africa,YEAR,2001,,,,,,,,,2.49,2.4863112,,,,2025-12-05T13:23:08Z,2001,2001-01-01,2001-12-31
3319369,GHED_GGHE-DGGE_SHA2011,COUNTRY,MWI,AFR,Africa,YEAR,2010,,,,,,,,,5.77,5.77464294,,,,2025-12-05T13:23:08Z,2010,2010-01-01,2010-12-31
3321330,GHED_GGHE-DGGE_SHA2011,COUNTRY,LVA,EUR,Europe,YEAR,2002,,,,,,,,,8.16,8.16237354,,,,2025-12-05T13:23:08Z,2002,2002-01-01,2002-12-31
3323685,GHED_GGHE-DGGE_SHA2011,COUNTRY,IRL,EUR,Europe,YEAR,2020,,,,,,,,,20.30,20.29659081,,,,2025-12-05T13:23:08Z,2020,2020-01-01,2020-12-31
3325158,GHED_GGHE-DGGE_SHA2011,COUNTRY,MDA,EUR,Europe,YEAR,2011,,,,,,,,,13.04,13.03699017,,,,2025-12-05T13:23:08Z,2011,2011-01-01,2011-12-31
3327272,GHED_GGHE-DGGE_SHA2011,COUNTRY,TKM,EUR,Europe,YEAR,2017,,,,,,,,,8.71,8.71392441,,,,2025-12-05T13:23:08Z,2017,2017-01-01,2017-12-31
3329923,GHED_GGHE-DGGE_SHA2011,GLOBAL,GLOBAL,,,YEAR,2005,,,,,,,,,9.80,9.80421801,,,,2025-12-05T13:23:08Z,2005,2005-01-01,2005-12-31
3330339,GHED_GGHE-DGGE_SHA2011,COUNTRY,NPL,SEAR,South-East Asia,YEAR,2021,,,,,,,,,6.49,6.48608112,,,,2025-12-05T13:23:08Z,2021,2021-01-01,2021-12-31
3336690,GHED_GGHE-DGGE_SHA2011,COUNTRY,KIR,WPR,Western Pacific,YEAR,2005,,,,,,,,,11.41,11.40622425,,,,2025-12-05T13:23:08Z,2005,2005-01-01,2005-12-31
3338259,GHED_GGHE-DGGE_SHA2011,COUNTRY,PSE,EMR,Eastern Mediterranean,YEAR,2006,,,,,,,,,6.96,6.95828247,,,,2025-12-05T13:23:08Z,2006,2006-01-01,2006-12-31
3341274,GHED_GGHE-DGGE_SHA2011,COUNTRY,USA,AMR,Americas,YEAR,2021,,,,,,,,,21.25,21.24764442,,,,2025-12-05T13:23:08Z,2021,2021-01-01,2021-12-31
3343387,GHED_GGHE-DGGE_SHA2011,COUNTRY,BDI,AFR,Africa,YEAR,2013,,,,,,,,,4.43,4.43170166,,,,2025-12-05T13:23:08Z,2013,2013-01-01,2013-12-31
3348438,GHED_GGHE-DGGE_SHA2011,COUNTRY,BHS,AMR,Americas,YEAR,2019,,,,,,,,,14.14,14.13741302,,,,2025-12-05T13:23:08Z,2019,2019-01-01,2019-12-31
3353950,GHED_GGHE-DGGE_SHA2011,WORLDBANKINCOMEGROUP,WB_HI,,,YEAR,2020,,,,,,,,,13.65,13.65465855,,,,2025-12-05T13:23:08Z,2020,2020-01-01,2020-12-31
3357449,GHED_GGHE-DGGE_SHA2011,COUNTRY,TTO,AMR,Americas,YEAR,2001,,,,,,,,,7.02,7.02246428,,,,2025-12-05T13:23:08Z,2001,2001-01-01,2001-12-31
3364447,GHED_GGHE-DGGE_SHA2011,COUNTRY,LIE,EUR,Europe,YEAR,2014,,,,,,,,,15.12,15.12281895,,,,2026-01-12T13:50:53Z,2014,2014-01-01,2014-12-31
3372503,GHED_GGHE-DGGE_SHA2011,COUNTRY,LBR,AFR,Africa,YEAR,2021,,,,,,,,,3.73,3.73020124,,,,2025-12-05T13:23:08Z,2021,2021-01-01,2021-12-31
3373006,GHED_GGHE-DGGE_SHA2011,COUNTRY,FSM,WPR,Western Pacific,YEAR,2008,,,,,,,,,2.67,2.67331004,,,,2025-12-05T13:23:08Z,2008,2008-01-01,2008-12-31
3375248,GHED_GGHE-DGGE_SHA2011,COUNTRY,STP,AFR,Africa,YEAR,2022,,,,,,,,,8.34,8.34457493,,,,2025-12-05T13:23:08Z,2022,2022-01-01,2022-12-31
3376320,GHED_GGHE-DGGE_SHA2011,COUNTRY,DOM,AMR,Americas,YEAR,2005,,,,,,,,,8.99,8.9872961,,,,2025-12-05T13:23:08Z,2005,2005-01-01,2005-12-31
3382939,GHED_GGHE-DGGE_SHA2011,COUNTRY,BRA,AMR,Americas,YEAR,2002,,,,,,,,,8.28,8.28490639,,,,2025-12-05T13:23:08Z,2002,2002-01-01,2002-12-31
3383539,GHED_GGHE-DGGE_SHA2011,COUNTRY,GMB,AFR,Africa,YEAR,2010,,,,,,,,,6.31,6.30897522,,,,2025-12-05T13:23:08Z,2010,2010-01-01,2010-12-31
3383663,GHED_GGHE-DGGE_SHA2011,COUNTRY,CPV,AFR,Africa,YEAR,2020,,,,,,,,,13.45,13.44707775,,,,2025-12-05T13:23:08Z,2020,2020-01-01,2020-12-31
3387577,GHED_GGHE-DGGE_SHA2011,COUNTRY,SLB,WPR,Western Pacific,YEAR,2020,,,,,,,,,8.97,8.9738102,,,,2025-12-05T13:23:08Z,2020,2020-01-01,2020-12-31
3387670,GHED_GGHE-DGGE_SHA2011,COUNTRY,BLR,EUR,Europe,YEAR,2007,,,,,,,,,8.12,8.12453842,,,,2025-12-05T13:23:08Z,2007,2007-01-01,2007-12-31
3388886,GHED_GGHE-DGGE_SHA2011,COUNTRY,UKR,EUR,Europe,YEAR,2010,,,,,,,,,7.50,7.50049877,,,,2025-12-05T13:23:08Z,2010,2010-01-01,2010-12-31
3392518,GHED_GGHE-DGGE_SHA2011,REGION,EMR,,,YEAR,2013,,,,,,,,,7.18,7.18407585,,,,2025-12-05T13:23:08Z,2013,2013-01-01,2013-12-31
3393063,GHED_GGHE-DGGE_SHA2011,COUNTRY,DOM,AMR,Americas,YEAR,2017,,,,,,,,,15.11,15.10849476,,,,2025-12-05T13:23:08Z,2017,2017-01-01,2017-12-31
3397868,GHED_GGHE-DGGE_SHA2011,COUNTRY,SRB,EUR,Europe,YEAR,2021,,,,,,,,,13.61,13.6076746,,,,2025-12-05T13:23:08Z,2021,2021-01-01,2021-12-31
3399044,GHED_GGHE-DGGE_SHA2011,COUNTRY,MDV,SEAR,South-East Asia,YEAR,2013,,,,,,,,,15.93,15.93077755,,,,2025-12-05T13:23:08Z,2013,2013-01-01,2013-12-31
3400746,GHED_GGHE-DGGE_SHA2011,COUNTRY,BGR,EUR,Europe,YEAR,2003,,,,,,,,,11.33,11.33319283,,,,2025-12-05T13:23:08Z,2003,2003-01-01,2003-12-31
3404376,GHED_GGHE-DGGE_SHA2011,COUNTRY,BRA,AMR,Americas,YEAR,2017,,,,,,,,,8.92,8.92413235,,,,2025-12-05T13:23:08Z,2017,2017-01-01,2017-12-31
3404394,GHED_GGHE-DGGE_SHA2011,COUNTRY,SEN,AFR,Africa,YEAR,2022,,,,,,,,,3.34,3.34449053,,,,2026-01-12T13:50:53Z,2022,2022-01-01,2022-12-31
3404812,GHED_GGHE-DGGE_SHA2011,COUNTRY,SUR,AMR,Americas,YEAR,2000,,,,,,,,,11.65,11.64874554,,,,2025-12-05T13:23:08Z,2000,2000-01-01,2000-12-31
3408540,GHED_GGHE-DGGE_SHA2011,COUNTRY,SDN,EMR,Eastern Mediterranean,YEAR,2016,,,,,,,,,12.93,12.92873669,,,,2025-12-05T13:23:08Z,2016,2016-01-01,2016-12-31
3408949,GHED_GGHE-DGGE_SHA2011,COUNTRY,BTN,SEAR,South-East Asia,YEAR,2022,,,,,,,,,6.66,6.66407251,,,,2025-12-05T13:23:08Z,2022,2022-01-01,2022-12-31
3410608,GHED_GGHE-DGGE_SHA2011,COUNTRY,SAU,EMR,Eastern Mediterranean,YEAR,2007,,,,,,,,,8.51,8.51324272,,,,2025-12-05T13:23:08Z,2007,2007-01-01,2007-12-31
3411471,GHED_GGHE-DGGE_SHA2011,COUNTRY,BTN,SEAR,South-East Asia,YEAR,2023,,,,,,,,,10.20,10.20342922,,,,2025-12-05T13:23:08Z,2023,2023-01-01,2023-12-31
3420868,GHED_GGHE-DGGE_SHA2011,COUNTRY,GHA,AFR,Africa,YEAR,2000,,,,,,,,,6.10,6.10194254,,,,2025-12-05T13:23:08Z,2000,2000-01-01,2000-12-31
3421138,GHED_GGHE-DGGE_SHA2011,REGION,EUR,,,YEAR,2010,,,,,,,,,12.10,12.09792543,,,,2025-12-05T13:23:08Z,2010,2010-01-01,2010-12-31
3422965,GHED_GGHE-DGGE_SHA2011,COUNTRY,MNE,EUR,Europe,YEAR,2011,,,,,,,,,10.73,10.73071766,,,,2025-12-05T13:23:08Z,2011,2011-01-01,2011-12-31
3424264,GHED_GGHE-DGGE_SHA2011,COUNTRY,MUS,AFR,Africa,YEAR,2012,,,,,,,,,8.32,8.31904316,,,,2025-12-05T13:23:08Z,2012,2012-01-01,2012-12-31
3427681,GHED_GGHE-DGGE_SHA2011,COUNTRY,LVA,EUR,Europe,YEAR,2009,,,,,,,,,8.06,8.06122971,,,,2025-12-05T13:23:08Z,2009,2009-01-01,2009-12-31
3428594,GHED_GGHE-DGGE_SHA2011,COUNTRY,NAM,AFR,Africa,YEAR,2022,,,,,,,,,15.88,15.88220215,,,,2025-12-05T13:23:08Z,2022,2022-01-01,2022-12-31
3431906,GHED_GGHE-DGGE_SHA2011,COUNTRY,PLW,WPR,Western Pacific,YEAR,2011,,,,,,,,,9.85,9.84758472,,,,2025-12-05T13:23:08Z,2011,2011-01-01,2011-12-31
3434267,GHED_GGHE-DGGE_SHA2011,COUNTRY,MLT,EUR,Europe,YEAR,2014,,,,,,,,,13.83,13.83327675,,,,2025-12-05T13:23:08Z,2014,2014-01-01,2014-12-31
3434628,GHED_GGHE-DGGE_SHA2011,COUNTRY,GNQ,AFR,Africa,YEAR,2012,,,,,,,,,2.00,1.99630141,,,,2025-12-05T13:23:08Z,2012,2012-01-01,2012-12-31
3434824,GHED_GGHE-DGGE_SHA2011,COUNTRY,STP,AFR,Africa,YEAR,2019,,,,,,,,,9.78,9.77780437,,,,2025-12-05T13:23:08Z,2019,2019-01-01,2019-12-31
3436263,GHED_GGHE-DGGE_SHA2011,COUNTRY,KHM,WPR,Western Pacific,YEAR,2021,,,,,,,,,14.31,14.31049252,,,,2025-12-05T13:23:08Z,2021,2021-01-01,2021-12-31
3436610,GHED_GGHE-DGGE_SHA2011,COUNTRY,MEX,AMR,Americas,YEAR,2000,,,,,,,,,9.90,9.89962292,,,,2025-12-05T13:23:08Z,2000,2000-01-01,2000-12-31
3436616,GHED_GGHE-DGGE_SHA2011,COUNTRY,BLR,EUR,Europe,YEAR,2017,,,,,,,,,10.20,10.1955843,,,,2025-12-05T13:23:08Z,2017,2017-01-01,2017-12-31
3436656,GHED_GGHE-DGGE_SHA2011,COUNTRY,URY,AMR,Americas,YEAR,2021,,,,,,,,,21.67,21.67057037,,,,2025-12-05T13:23:08Z,2021,2021-01-01,2021-12-31
3444867,GHED_GGHE-DGGE_SHA2011,COUNTRY,GNQ,AFR,Africa,YEAR,2010,,,,,,,,,2.07,2.06918454,,,,2025-12-05T13:23:08Z,2010,2010-01-01,2010-12-31
3445392,GHED_GGHE-DGGE_SHA2011,COUNTRY,GAB,AFR,Africa,YEAR,2006,,,,,,,,,5.76,5.76007175,,,,2025-12-05T13:23:08Z,2006,2006-01-01,2006-12-31
3448359,GHED_GGHE-DGGE_SHA2011,COUNTRY,ATG,AMR,Americas,YEAR,2012,,,,,,,,,14.63,14.63236332,,,,2025-12-05T13:23:08Z,2012,2012-01-01,2012-12-31
3448946,GHED_GGHE-DGGE_SHA2011,COUNTRY,ERI,AFR,Africa,YEAR,2015,,,,,,,,,2.37,2.37287188,,,,2025-12-05T13:23:08Z,2015,2015-01-01,2015-12-31
3450602,GHED_GGHE-DGGE_SHA2011,COUNTRY,MKD,EUR,Europe,YEAR,2000,,,,,,,,,14.71,14.71431541,,,,2025-12-05T13:23:08Z,2000,2000-01-01,2000-12-31
3453026,GHED_GGHE-DGGE_SHA2011,COUNTRY,STP,AFR,Africa,YEAR,2011,,,,,,,,,4.31,4.30936193,,,,2025-12-05T13:23:08Z,2011,2011-01-01,2011-12-31
3454992,GHED_GGHE-DGGE_SHA2011,COUNTRY,EST,EUR,Europe,YEAR,2013,,,,,,,,,12.05,12.04530621,,,,2025-12-05T13:23:08Z,2013,2013-01-01,2013-12-31
3456361,GHED_GGHE-DGGE_SHA2011,COUNTRY,LIE,EUR,Europe,YEAR,2023,,,,,,,,,15.85,15.85300636,,,,2025-12-05T13:23:08Z,2023,2023-01-01,2023-12-31
3456959,GHED_GGHE-DGGE_SHA2011,COUNTRY,DZA,AFR,Africa,YEAR,2013,,,,,,,,,11.70,11.70106602,,,,2025-12-05T13:23:08Z,2013,2013-01-01,2013-12-31
3457159,GHED_GGHE-DGGE_SHA2011,COUNTRY,STP,AFR,Africa,YEAR,2013,,,,,,,,,8.44,8.44008923,,,,2025-12-05T13:23:08Z,2013,2013-01-01,2013-12-31
3457498,GHED_GGHE-DGGE_SHA2011,COUNTRY,DMA,AMR,Americas,YEAR,2020,,,,,,,,,5.41,5.40891504,,,,2025-12-05T13:23:08Z,2020,2020-01-01,2020-12-31
3458568,GHED_GGHE-DGGE_SHA2011,COUNTRY,NZL,WPR,Western Pacific,YEAR,2003,,,,,,,,,16.22,16.22460747,,,,2025-12-05T13:23:08Z,2003,2003-01-01,2003-12-31
3459832,GHED_GGHE-DGGE_SHA2011,COUNTRY,LKA,SEAR,South-East Asia,YEAR,2002,,,,,,,,,10.37,10.37383842,,,,2025-12-05T13:23:08Z,2002,2002-01-01,2002-12-31
3462979,GHED_GGHE-DGGE_SHA2011,COUNTRY,TGO,AFR,Africa,YEAR,2019,,,,,,,,,5.38,5.38174009,,,,2025-12-05T13:23:08Z,2019,2019-01-01,2019-12-31
3463301,GHED_GGHE-DGGE_SHA2011,COUNTRY,JPN,WPR,Western Pacific,YEAR,2010,,,,,,,,,18.93,18.93296623,,,,2025-12-05T13:23:08Z,2010,2010-01-01,2010-12-31
3466010,GHED_GGHE-DGGE_SHA2011,COUNTRY,ZWE,AFR,Africa,YEAR,2018,,,,,,,,,7.98,7.97632647,,,,2025-12-05T13:23:08Z,2018,2018-01-01,2018-12-31
3470050,GHED_GGHE-DGGE_SHA2011,REGION,EUR,,,YEAR,2013,,,,,,,,,12.11,12.11039514,,,,2026-01-12T13:50:53Z,2013,2013-01-01,2013-12-31
3470522,GHED_GGHE-DGGE_SHA2011,COUNTRY,GHA,AFR,Africa,YEAR,2004,,,,,,,,,6.92,6.91719627,,,,2025-12-05T13:23:08Z,2004,2004-01-01,2004-12-31
3471752,GHED_GGHE-DGGE_SHA2011,COUNTRY,CHN,WPR,Western Pacific,YEAR,2022,,,,,,,,,10.39,10.39417267,,,,2025-12-05T13:23:08Z,2022,2022-01-01,2022-12-31
123,GHED_GGHE-DGGE_SHA2011,WORLDBANKINCOMEGROUP,WB_LMI,,,YEAR,2001,,,,,,,,,7.54,7.53898732,,,,2025-12-05T13:23:08Z,2001,2001-01-01,2001-12-31
1406,GHED_GGHE-DGGE_SHA2011,COUNTRY,SWZ,AFR,Africa,YEAR,2006,,,,,,,,,12.62,12.62098312,,,,2025-12-05T13:23:08Z,2006,2006-01-01,2006-12-31
1863,GHED_GGHE-DGGE_SHA2011,COUNTRY,PLW,WPR,Western Pacific,YEAR,2020,,,,,,,,,11.81,11.80747986,,,,2025-12-05T13:23:08Z,2020,2020-01-01,2020-12-31
5283,GHED_GGHE-DGGE_SHA2011,COUNTRY,NRU,WPR,Western Pacific,YEAR,2022,,,,,,,,,11.83,11.82882881,,,,2025-12-05T13:23:08Z,2022,2022-01-01,2022-12-31
5715,GHED_GGHE-DGGE_SHA2011,COUNTRY,GMB,AFR,Africa,YEAR,2001,,,,,,,,,6.31,6.30897522,,,,2025-12-05T13:23:08Z,2001,2001-01-01,2001-12-31
7649,GHED_GGHE-DGGE_SHA2011,COUNTRY,BHR,EMR,Eastern Mediterranean,YEAR,2021,,,,,,,,,9.01,9.00746346,,,,2025-12-05T13:23:08Z,2021,2021-01-01,2021-12-31
8825,GHED_GGHE-DGGE_SHA2011,COUNTRY,JOR,EMR,Eastern Mediterranean,YEAR,2010,,,,,,,,,17.02,17.02058601,,,,2025-12-05T13:23:08Z,2010,2010-01-01,2010-12-31
11234,GHED_GGHE-DGGE_SHA2011,COUNTRY,COL,AMR,Americas,YEAR,2010,,,,,,,,,16.83,16.82773972,,,,2025-12-05T13:23:08Z,2010,2010-01-01,2010-12-31
12331,GHED_GGHE-DGGE_SHA2011,COUNTRY,CRI,AMR,Americas,YEAR,2009,,,,,,,,,33.47,33.47280121,,,,2025-12-05T13:23:08Z,2009,2009-01-01,2009-12-31
12661,GHED_GGHE-DGGE_SHA2011,COUNTRY,KGZ,EUR,Europe,YEAR,2010,,,,,,,,,9.20,9.20363903,,,,2025-12-05T13:23:08Z,2010,2010-01-01,2010-12-31
12911,GHED_GGHE-DGGE_SHA2011,COUNTRY,MKD,EUR,Europe,YEAR,2001,,,,,,,,,12.20,12.19929886,,,,2025-12-05T13:23:08Z,2001,2001-01-01,2001-12-31
12919,GHED_GGHE-DGGE_SHA2011,COUNTRY,GEO,EUR,Europe,YEAR,2016,,,,,,,,,10.33,10.32651424,,,,2025-12-05T13:23:08Z,2016,2016-01-01,2016-12-31
14469,GHED_GGHE-DGGE_SHA2011,COUNTRY,TUV,WPR,Western Pacific,YEAR,2002,,,,,,,,,11.25,11.25467587,,,,2025-12-05T13:23:08Z,2002,2002-01-01,2002-12-31
15053,GHED_GGHE-DGGE_SHA2011,COUNTRY,CYP,EUR,Europe,YEAR,2018,,,,,,,,,6.44,6.44311953,,,,2025-12-05T13:23:08Z,2018,2018-01-01,2018-12-31
17419,GHED_GGHE-DGGE_SHA2011,COUNTRY,HUN,EUR,Europe,YEAR,2010,,,,,,,,,10.17,10.1666851,,,,2025-12-05T13:23:08Z,2010,2010-01-01,2010-12-31
18042,GHED_GGHE-DGGE_SHA2011,COUNTRY,UGA,AFR,Africa,YEAR,2004,,,,,,,,,8.77,8.76736164,,,,2025-12-05T13:23:08Z,2004,2004-01-01,2004-12-31
18960,GHED_GGHE-DGGE_SHA2011,COUNTRY,MYS,WPR,Western Pacific,YEAR,2003,,,,,,,,,5.41,5.41107655,,,,2025-12-05T13:23:08Z,2003,2003-01-01,2003-12-31
20209,GHED_GGHE-DGGE_SHA2011,COUNTRY,COM,AFR,Africa,YEAR,2017,,,,,,,,,3.59,3.58549595,,,,2025-12-05T13:23:08Z,2017,2017-01-01,2017-12-31
22700,GHED_GGHE-DGGE_SHA2011,COUNTRY,SYR,EMR,Eastern Mediterranean,YEAR,2020,,,,,,,,,10.03,10.02773762,,,,2025-12-05T13:23:08Z,2020,2020-01-01,2020-12-31
30575,GHED_GGHE-DGGE_SHA2011,COUNTRY,NAM,AFR,Africa,YEAR,2000,,,,,,,,,18.66,18.65596581,,,,2025-12-05T13:23:08Z,2000,2000-01-01,2000-12-31
30982,GHED_GGHE-DGGE_SHA2011,COUNTRY,NIU,WPR,Western Pacific,YEAR,2019,,,,,,,,,4.85,4.85100794,,,,2025-12-05T13:23:08Z,2019,2019-01-01,2019-12-31
31158,GHED_GGHE-DGGE_SHA2011,COUNTRY,KEN,AFR,Africa,YEAR,2013,,,,,,,,,7.15,7.14972067,,,,2025-12-05T13:23:08Z,2013,2013-01-01,2013-12-31
39324,GHED_GGHE-DGGE_SHA2011,COUNTRY,SEN,AFR,Africa,YEAR,2010,,,,,,,,,5.35,5.35332537,,,,2025-12-05T13:23:08Z,2010,2010-01-01,2010-12-31
40782,GHED_GGHE-DGGE_SHA2011,COUNTRY,NAM,AFR,Africa,YEAR,2018,,,,,,,,,14.21,14.20824814,,,,2025-12-05T13:23:08Z,2018,2018-01-01,2018-12-31
42686,GHED_GGHE-DGGE_SHA2011,COUNTRY,PER,AMR,Americas,YEAR,2011,,,,,,,,,11.69,11.69203568,,,,2025-12-05T13:23:08Z,2011,2011-01-01,2011-12-31
42727,GHED_GGHE-DGGE_SHA2011,REGION,AFR,,,YEAR,2001,,,,,,,,,6.75,6.7462543,,,,2025-12-05T13:23:08Z,2001,2001-01-01,2001-12-31
44269,GHED_GGHE-DGGE_SHA2011,COUNTRY,NIC,AMR,Americas,YEAR,2001,,,,,,,,,12.79,12.79048729,,,,2025-12-05T13:23:08Z,2001,2001-01-01,2001-12-31
46850,GHED_GGHE-DGGE_SHA2011,COUNTRY,ISR,EUR,Europe,YEAR,2017,,,,,,,,,11.76,11.76447964,,,,2025-12-05T13:23:08Z,2017,2017-01-01,2017-12-31
50162,GHED_GGHE-DGGE_SHA2011,COUNTRY,NOR,EUR,Europe,YEAR,2012,,,,,,,,,17.18,17.17745781,,,,2025-12-05T13:23:08Z,2012,2012-01-01,2012-12-31
60549,GHED_GGHE-DGGE_SHA2011,COUNTRY,COD,AFR,Africa,YEAR,2019,,,,,,,,,4.13,4.12865877,,,,2025-12-05T13:23:08Z,2019,2019-01-01,2019-12-31
61485,GHED_GGHE-DGGE_SHA2011,COUNTRY,NIU,WPR,Western Pacific,YEAR,2012,,,,,,,,,4.82,4.82157469,,,,2025-12-05T13:23:08Z,2012,2012-01-01,2012-12-31
61575,GHED_GGHE-DGGE_SHA2011,WORLDBANKINCOMEGROUP,WB_HI,,,YEAR,2007,,,,,,,,,12.46,12.45534255,,,,2025-12-05T13:23:08Z,2007,2007-01-01,2007-12-31
65136,GHED_GGHE-DGGE_SHA2011,COUNTRY,HUN,EUR,Europe,YEAR,2012,,,,,,,,,9.78,9.78315544,,,,2025-12-05T13:23:08Z,2012,2012-01-01,2012-12-31
66288,GHED_GGHE-DGGE_SHA2011,COUNTRY,SLV,AMR,Americas,YEAR,2010,,,,,,,,,17.09,17.08551788,,,,2025-12-05T13:23:08Z,2010,2010-01-01,2010-12-31
68277,GHED_GGHE-DGGE_SHA2011,COUNTRY,COM,AFR,Africa,YEAR,2018,,,,,,,,,3.99,3.99391246,,,,2025-12-05T13:23:08Z,2018,2018-01-01,2018-12-31
69805,GHED_GGHE-DGGE_SHA2011,COUNTRY,TON,WPR,Western Pacific,YEAR,2019,,,,,,,,,7.51,7.5142417,,,,2025-12-05T13:23:08Z,2019,2019-01-01,2019-12-31
69930,GHED_GGHE-DGGE_SHA2011,COUNTRY,BDI,AFR,Africa,YEAR,2023,,,,,,,,,4.73,4.72897339,,,,2025-12-05T13:23:08Z,2023,2023-01-01,2023-12-31
74974,GHED_GGHE-DGGE_SHA2011,COUNTRY,GTM,AMR,Americas,YEAR,2011,,,,,,,,,13.76,13.75957489,,,,2025-12-05T13:23:08Z,2011,2011-01-01,2011-12-31
76706,GHED_GGHE-DGGE_SHA2011,COUNTRY,NLD,EUR,Europe,YEAR,2009,,,,,,,,,13.92,13.92409611,,,,2025-12-05T13:23:08Z,2009,2009-01-01,2009-12-31
77701,GHED_GGHE-DGGE_SHA2011,COUNTRY,FIN,EUR,Europe,YEAR,2013,,,,,,,,,13.70,13.6990118,,,,2025-12-05T13:23:08Z,2013,2013-01-01,2013-12-31
78117,GHED_GGHE-DGGE_SHA2011,COUNTRY,ZWE,AFR,Africa,YEAR,2016,,,,,,,,,5.49,5.48901558,,,,2025-12-05T13:23:08Z,2016,2016-01-01,2016-12-31
79986,GHED_GGHE-DGGE_SHA2011,COUNTRY,ZWE,AFR,Africa,YEAR,2019,,,,,,,,,3.27,3.26649117,,,,2025-12-05T13:23:08Z,2019,2019-01-01,2019-12-31
81151,GHED_GGHE-DGGE_SHA2011,COUNTRY,DZA,AFR,Africa,YEAR,2012,,,,,,,,,10.06,10.06144714,,,,2025-12-05T13:23:08Z,2012,2012-01-01,2012-12-31
81641,GHED_GGHE-DGGE_SHA2011,COUNTRY,LKA,SEAR,South-East Asia,YEAR,2012,,,,,,,,,8.06,8.06339073,,,,2025-12-05T13:23:08Z,2012,2012-01-01,2012-12-31
88554,GHED_GGHE-DGGE_SHA2011,COUNTRY,EST,EUR,Europe,YEAR,2009,,,,,,,,,11.34,11.33548832,,,,2025-12-05T13:23:08Z,2009,2009-01-01,2009-12-31
89381,GHED_GGHE-DGGE_SHA2011,WORLDBANKINCOMEGROUP,WB_LI,,,YEAR,2016,,,,,,,,,6.36,6.36135371,,,,2025-12-05T13:23:08Z,2016,2016-01-01,2016-12-31
92322,GHED_GGHE-DGGE_SHA2011,COUNTRY,YEM,EMR,Eastern Mediterranean,YEAR,2002,,,,,,,,,7.57,7.57236004,,,,2025-12-05T13:23:08Z,2002,2002-01-01,2002-12-31
95009,GHED_GGHE-DGGE_SHA2011,COUNTRY,HUN,EUR,Europe,YEAR,2013,,,,,,,,,9.57,9.56729698,,,,2025-12-05T13:23:08Z,2013,2013-01-01,2013-12-31
95729,GHED_GGHE-DGGE_SHA2011,COUNTRY,MOZ,AFR,Africa,YEAR,2008,,,,,,,,,5.67,5.66810656,,,,2025-12-05T13:23:08Z,2008,2008-01-01,2008-12-31
96426,GHED_GGHE-DGGE_SHA2011,COUNTRY,AGO,AFR,Africa,YEAR,2006,,,,,,,,,4.72,4.7187376,,,,2025-12-05T13:23:08Z,2006,2006-01-01,2006-12-31
97357,GHED_GGHE-DGGE_SHA2011,COUNTRY,MWI,AFR,Africa,YEAR,2005,,,,,,,,,6.04,6.03783035,,,,2025-12-05T13:23:08Z,2005,2005-01-01,2005-12-31
98490,GHED_GGHE-DGGE_SHA2011,COUNTRY,BGD,SEAR,South-East Asia,YEAR,2019,,,,,,,,,2.66,2.66421318,,,,2025-12-05T13:23:08Z,2019,2019-01-01,2019-12-31
99524,GHED_GGHE-DGGE_SHA2011,COUNTRY,LIE,EUR,Europe,YEAR,2016,,,,,,,,,15.65,15.64656925,,,,2025-12-05T13:23:08Z,2016,2016-01-01,2016-12-31
100994,GHED_GGHE-DGGE_SHA2011,COUNTRY,SGP,WPR,Western Pacific,YEAR,2021,,,,,,,,,19.15,19.15128708,,,,2025-12-05T13:23:08Z,2021,2021-01-01,2021-12-31
104319,GHED_GGHE-DGGE_SHA2011,COUNTRY,BDI,AFR,Africa,YEAR,2007,,,,,,,,,6.32,6.32315588,,,,2025-12-05T13:23:08Z,2007,2007-01-01,2007-12-31
109048,GHED_GGHE-DGGE_SHA2011,COUNTRY,TTO,AMR,Americas,YEAR,2002,,,,,,,,,8.05,8.04972553,,,,2025-12-05T13:23:08Z,2002,2002-01-01,2002-12-31
111759,GHED_GGHE-DGGE_SHA2011,COUNTRY,CRI,AMR,Americas,YEAR,2011,,,,,,,,,33.18,33.18463135,,,,2025-12-05T13:23:08Z,2011,2011-01-01,2011-12-31
112333,GHED_GGHE-DGGE_SHA2011,COUNTRY,MLT,EUR,Europe,YEAR,2017,,,,,,,,,15.99,15.98812962,,,,2025-12-05T13:23:08Z,2017,2017-01-01,2017-12-31
112515,GHED_GGHE-DGGE_SHA2011,COUNTRY,PAK,EMR,Eastern Mediterranean,YEAR,2006,,,,,,,,,3.21,3.20936227,,,,2025-12-05T13:23:08Z,2006,2006-01-01,2006-12-31
122020,GHED_GGHE-DGGE_SHA2011,COUNTRY,NOR,EUR,Europe,YEAR,2015,,,,,,,,,17.58,17.58081436,,,,2025-12-05T13:23:08Z,2015,2015-01-01,2015-12-31
122047,GHED_GGHE-DGGE_SHA2011,COUNTRY,MNE,EUR,Europe,YEAR,2019,,,,,,,,,11.52,11.52457523,,,,2025-12-05T13:23:08Z,2019,2019-01-01,2019-12-31
122050,GHED_GGHE-DGGE_SHA2011,COUNTRY,FIN,EUR,Europe,YEAR,2006,,,,,,,,,13.57,13.57497311,,,,2025-12-05T13:23:08Z,2006,2006-01-01,2006-12-31
130348,GHED_GGHE-DGGE_SHA2011,COUNTRY,CRI,AMR,Americas,YEAR,2008,,,,,,,,,33.37,33.36737442,,,,2025-12-05T13:23:08Z,2008,2008-01-01,2008-12-31
134673,GHED_GGHE-DGGE_SHA2011,COUNTRY,KEN,AFR,Africa,YEAR,2017,,,,,,,,,6.79,6.79240465,,,,2025-12-05T13:23:08Z,2017,2017-01-01,2017-12-31
140243,GHED_GGHE-DGGE_SHA2011,COUNTRY,GNQ,AFR,Africa,YEAR,2017,,,,,,,,,3.94,3.93629169,,,,2025-12-05T13:23:08Z,2017,2017-01-01,2017-12-31
140297,GHED_GGHE-DGGE_SHA2011,COUNTRY,PRT,EUR,Europe,YEAR,2008,,,,,,,,,13.17,13.16810226,,,,2025-12-05T13:23:08Z,2008,2008-01-01,2008-12-31
141883,GHED_GGHE-DGGE_SHA2011,COUNTRY,PER,AMR,Americas,YEAR,2002,,,,,,,,,12.84,12.83901119,,,,2025-12-05T13:23:08Z,2002,2002-01-01,2002-12-31
143377,GHED_GGHE-DGGE_SHA2011,COUNTRY,TUV,WPR,Western Pacific,YEAR,2021,,,,,,,,,8.73,8.72602558,,,,2025-12-05T13:23:08Z,2021,2021-01-01,2021-12-31
145492,GHED_GGHE-DGGE_SHA2011,COUNTRY,MUS,AFR,Africa,YEAR,2005,,,,,,,,,7.36,7.36270761,,,,2025-12-05T13:23:08Z,2005,2005-01-01,2005-12-31
149822,GHED_GGHE-DGGE_SHA2011,COUNTRY,MYS,WPR,Western Pacific,YEAR,2020,,,,,,,,,8.69,8.6899538,,,,2025-12-05T13:23:08Z,2020,2020-01-01,2020-12-31
150504,GHED_GGHE-DGGE_SHA2011,COUNTRY,CAN,AMR,Americas,YEAR,2018,,,,,,,,,18.70,18.70181847,,,,2025-12-05T13:23:08Z,2018,2018-01-01,2018-12-31
151430,GHED_GGHE-DGGE_SHA2011,COUNTRY,KIR,WPR,Western Pacific,YEAR,2021,,,,,,,,,10.56,10.56426334,,,,2025-12-05T13:23:08Z,2021,2021-01-01,2021-12-31
154548,GHED_GGHE-DGGE_SHA2011,COUNTRY,TKM,EUR,Europe,YEAR,2013,,,,,,,,,8.71,8.70965767,,,,2025-12-05T13:23:08Z,2013,2013-01-01,2013-12-31
157650,GHED_GGHE-DGGE_SHA2011,COUNTRY,NRU,WPR,Western Pacific,YEAR,2016,,,,,,,,,10.33,10.33345985,,,,2025-12-05T13:23:08Z,2016,2016-01-01,2016-12-31
160845,GHED_GGHE-DGGE_SHA2011,COUNTRY,BEL,EUR,Europe,YEAR,2018,,,,,,,,,15.88,15.87873363,,,,2025-12-05T13:23:08Z,2018,2018-01-01,2018-12-31
164653,GHED_GGHE-DGGE_SHA2011,COUNTRY,ROU,EUR,Europe,YEAR,2001,,,,,,,,,9.61,9.60567093,,,,2025-12-05T13:23:08Z,2001,2001-01-01,2001-12-31
168880,GHED_GGHE-DGGE_SHA2011,COUNTRY,MDV,SEAR,South-East Asia,YEAR,2020,,,,,,,,,18.17,18.17274666,,,,2025-12-05T13:23:08Z,2020,2020-01-01,2020-12-31
169556,GHED_GGHE-DGGE_SHA2011,COUNTRY,NAM,AFR,Africa,YEAR,2004,,,,,,,,,20.07,20.06664658,,,,2025-12-05T13:23:08Z,2004,2004-01-01,2004-12-31
171505,GHED_GGHE-DGGE_SHA2011,COUNTRY,AGO,AFR,Africa,YEAR,2012,,,,,,,,,4.20,4.20151329,,,,2025-12-05T13:23:08Z,2012,2012-01-01,2012-12-31
171765,GHED_GGHE-DGGE_SHA2011,COUNTRY,CHE,EUR,Europe,YEAR,2019,,,,,,,,,11.51,11.51255226,,,,2025-12-05T13:23:08Z,2019,2019-01-01,2019-12-31
173797,GHED_GGHE-DGGE_SHA2011,COUNTRY,PSE,EMR,Eastern Mediterranean,YEAR,2016,,,,,,,,,8.76,8.7594099,,,,2025-12-05T13:23:08Z,2016,2016-01-01,2016-12-31
180757,GHED_GGHE-DGGE_SHA2011,COUNTRY,NLD,EUR,Europe,YEAR,2003,,,,,,,,,13.81,13.80816555,,,,2025-12-05T13:23:08Z,2003,2003-01-01,2003-12-31
182599,GHED_GGHE-DGGE_SHA2011,WORLDBANKINCOMEGROUP,WB_LMI,,,YEAR,2008,,,,,,,,,7.09,7.09093989,,,,2025-12-05T13:23:08Z,2008,2008-01-01,2008-12-31
185283,GHED_GGHE-DGGE_SHA2011,COUNTRY,TUN,EMR,Eastern Mediterranean,YEAR,2019,,,,,,,,,12.08,12.07894421,,,,2025-12-05T13:23:08Z,2019,2019-01-01,2019-12-31
186298,GHED_GGHE-DGGE_SHA2011,COUNTRY,SVK,EUR,Europe,YEAR,2020,,,,,,,,,12.74,12.73576641,,,,2025-12-05T13:23:08Z,2020,2020-01-01,2020-12-31
187724,GHED_GGHE-DGGE_SHA2011,COUNTRY,IRQ,EMR,Eastern Mediterranean,YEAR,2009,,,,,,,,,4.73,4.73372602,,,,2025-12-05T13:23:08Z,2009,2009-01-01,2009-12-31
188556,GHED_GGHE-DGGE_SHA2011,COUNTRY,TZA,AFR,Africa,YEAR,2018,,,,,,,,,9.41,9.4147319799999991,,,,2025-12-05T13:23:08Z,2018,2018-01-01,2018-12-31
189017,GHED_GGHE-DGGE_SHA2011,COUNTRY,CAN,AMR,Americas,YEAR,2015,,,,,,,,,19.07,19.06813622,,,,2025-12-05T13:23:08Z,2015,2015-01-01,2015-12-31
190491,GHED_GGHE-DGGE_SHA2011,COUNTRY,SLV,AMR,Americas,YEAR,2018,,,,,,,,,16.46,16.46056175,,,,2025-12-05T13:23:08Z,2018,2018-01-01,2018-12-31
191277,GHED_GGHE-DGGE_SHA2011,COUNTRY,RWA,AFR,Africa,YEAR,2021,,,,,,,,,8.35,8.35194492,,,,2025-12-05T13:23:08Z,2021,2021-01-01,2021-12-31
194474,GHED_GGHE-DGGE_SHA2011,COUNTRY,ROU,EUR,Europe,YEAR,2011,,,,,,,,,8.85,8.84608936,,,,2025-12-05T13:23:08Z,2011,2011-01-01,2011-12-31
199139,GHED_GGHE-DGGE_SHA2011,GLOBAL,GLOBAL,,,YEAR,2004,,,,,,,,,9.85,9.85361534,,,,2025-12-05T13:23:08Z,2004,2004-01-01,2004-12-31
199202,GHED_GGHE-DGGE_SHA2011,COUNTRY,DMA,AMR,Americas,YEAR,2002,,,,,,,,,8.40,8.40141296,,,,2025-12-05T13:23:08Z,2002,2002-01-01,2002-12-31
200478,GHED_GGHE-DGGE_SHA2011,COUNTRY,GUY,AMR,Americas,YEAR,2001,,,,,,,,,6.80,6.79539347,,,,2025-12-05T13:23:08Z,2001,2001-01-01,2001-12-31
202419,GHED_GGHE-DGGE_SHA2011,COUNTRY,VUT,WPR,Western Pacific,YEAR,2005,,,,,,,,,11.71,11.70509243,,,,2025-12-05T13:23:08Z,2005,2005-01-01,2005-12-31
202757,GHED_GGHE-DGGE_SHA2011,COUNTRY,CHE,EUR,Europe,YEAR,2022,,,,,,,,,12.35,12.34594059,,,,2025-12-05T13:23:08Z,2022,2022-01-01,2022-12-31
208395,GHED_GGHE-DGGE_SHA2011,COUNTRY,BOL,AMR,Americas,YEAR,2003,,,,,,,,,8.61,8.61168194,,,,2025-12-05T13:23:08Z,2003,2003-01-01,2003-12-31
210582,GHED_GGHE-DGGE_SHA2011,COUNTRY,KAZ,EUR,Europe,YEAR,2023,,,,,,,,,10.70,10.70054817,,,,2025-12-05T13:23:08Z,2023,2023-01-01,2023-12-31
214165,GHED_GGHE-DGGE_SHA2011,COUNTRY,TUN,EMR,Eastern Mediterranean,YEAR,2018,,,,,,,,,10.78,10.78331375,,,,2025-12-05T13:23:08Z,2018,2018-01-01,2018-12-31
217051,GHED_GGHE-DGGE_SHA2011,COUNTRY,KIR,WPR,Western Pacific,YEAR,2009,,,,,,,,,10.90,10.90298462,,,,2025-12-05T13:23:08Z,2009,2009-01-01,2009-12-31
220779,GHED_GGHE-DGGE_SHA2011,COUNTRY,TUR,EUR,Europe,YEAR,2021,,,,,,,,,11.49,11.48819828,,,,2025-12-05T13:23:08Z,2021,2021-01-01,2021-12-31
220838,GHED_GGHE-DGGE_SHA2011,COUNTRY,ETH,AFR,Africa,YEAR,2004,,,,,,,,,5.73,5.72665405,,,,2025-12-05T13:23:08Z,2004,2004-01-01,2004-12-31
222430,GHED_GGHE-DGGE_SHA2011,COUNTRY,GNQ,AFR,Africa,YEAR,2013,,,,,,,,,2.11,2.11071348,,,,2025-12-05T13:23:08Z,2013,2013-01-01,2013-12-31
223769,GHED_GGHE-DGGE_SHA2011,COUNTRY,BEL,EUR,Europe,YEAR,2022,,,,,,,,,15.19,15.18703079,,,,2025-12-05T13:23:08Z,2022,2022-01-01,2022-12-31
225073,GHED_GGHE-DGGE_SHA2011,COUNTRY,OMN,EMR,Eastern Mediterranean,YEAR,2011,,,,,,,,,5.30,5.30402422,,,,2025-12-05T13:23:08Z,2011,2011-01-01,2011-12-31
228749,GHED_GGHE-DGGE_SHA2011,COUNTRY,BLR,EUR,Europe,YEAR,2003,,,,,,,,,10.07,10.07395458,,,,2025-12-05T13:23:08Z,2003,2003-01-01,2003-12-31
234975,GHED_GGHE-DGGE_SHA2011,COUNTRY,PAK,EMR,Eastern Mediterranean,YEAR,2007,,,,,,,,,2.82,2.82084775,,,,2025-12-05T13:23:08Z,2007,2007-01-01,2007-12-31
235041,GHED_GGHE-DGGE_SHA2011,COUNTRY,QAT,EMR,Eastern Mediterranean,YEAR,2005,,,,,,,,,6.62,6.62295008,,,,2025-12-05T13:23:08Z,2005,2005-01-01,2005-12-31
247689,GHED_GGHE-DGGE_SHA2011,COUNTRY,TUV,WPR,Western Pacific,YEAR,2014,,,,,,,,,12.67,12.67068005,,,,2025-12-05T13:23:08Z,2014,2014-01-01,2014-12-31
250459,GHED_GGHE-DGGE_SHA2011,COUNTRY,TLS,SEAR,South-East Asia,YEAR,2016,,,,,,,,,3.07,3.0717392,,,,2025-12-05T13:23:08Z,2016,2016-01-01,2016-12-31
251444,GHED_GGHE-DGGE_SHA2011,COUNTRY,KNA,AMR,Americas,YEAR,2016,,,,,,,,,8.37,8.37210655,,,,2025-12-05T13:23:08Z,2016,2016-01-01,2016-12-31
253566,GHED_GGHE-DGGE_SHA2011,COUNTRY,TKM,EUR,Europe,YEAR,2002,,,,,,,,,13.47,13.47213745,,,,2025-12-05T13:23:08Z,2002,2002-01-01,2002-12-31
254227,GHED_GGHE-DGGE_SHA2011,COUNTRY,LBY,EMR,Eastern Mediterranean,YEAR,2003,,,,,,,,,6.31,6.30859995,,,,2025-12-05T13:23:08Z,2003,2003-01-01,2003-12-31
255037,GHED_GGHE-DGGE_SHA2011,COUNTRY,SDN,EMR,Eastern Mediterranean,YEAR,2001,,,,,,,,,11.37,11.36873627,,,,2025-12-05T13:23:08Z,2001,2001-01-01,2001-12-31
257677,GHED_GGHE-DGGE_SHA2011,COUNTRY,SAU,EMR,Eastern Mediterranean,YEAR,2020,,,,,,,,,13.32,13.31901741,,,,2025-12-05T13:23:08Z,2020,2020-01-01,2020-12-31
268467,GHED_GGHE-DGGE_SHA2011,COUNTRY,UZB,EUR,Europe,YEAR,2001,,,,,,,,,6.64,6.64425468,,,,2025-12-05T13:23:08Z,2001,2001-01-01,2001-12-31
268726,GHED_GGHE-DGGE_SHA2011,COUNTRY,FIN,EUR,Europe,YEAR,2017,,,,,,,,,13.57,13.56778049,,,,2025-12-05T13:23:08Z,2017,2017-01-01,2017-12-31
279746,GHED_GGHE-DGGE_SHA2011,COUNTRY,COK,WPR,Western Pacific,YEAR,2017,,,,,,,,,7.26,7.26338148,,,,2025-12-05T13:23:08Z,2017,2017-01-01,2017-12-31
289087,GHED_GGHE-DGGE_SHA2011,COUNTRY,AFG,EMR,Eastern Mediterranean,YEAR,2010,,,,,,,,,2.26,2.2567358,,,,2025-12-05T13:23:08Z,2010,2010-01-01,2010-12-31
289089,GHED_GGHE-DGGE_SHA2011,COUNTRY,SLE,AFR,Africa,YEAR,2007,,,,,,,,,5.45,5.45097542,,,,2025-12-05T13:23:08Z,2007,2007-01-01,2007-12-31
289700,GHED_GGHE-DGGE_SHA2011,COUNTRY,FRA,EUR,Europe,YEAR,2019,,,,,,,,,15.05,15.05257702,,,,2025-12-05T13:23:08Z,2019,2019-01-01,2019-12-31
290336,GHED_GGHE-DGGE_SHA2011,COUNTRY,TZA,AFR,Africa,YEAR,2021,,,,,,,,,5.14,5.13516998,,,,2025-12-05T13:23:08Z,2021,2021-01-01,2021-12-31
291898,GHED_GGHE-DGGE_SHA2011,COUNTRY,KIR,WPR,Western Pacific,YEAR,2015,,,,,,,,,6.69,6.6896553,,,,2025-12-05T13:23:08Z,2015,2015-01-01,2015-12-31
295028,GHED_GGHE-DGGE_SHA2011,COUNTRY,MDG,AFR,Africa,YEAR,2007,,,,,,,,,11.84,11.83832264,,,,2025-12-05T13:23:08Z,2007,2007-01-01,2007-12-31
298837,GHED_GGHE-DGGE_SHA2011,COUNTRY,RUS,EUR,Europe,YEAR,2021,,,,,,,,,14.00,13.99600124,,,,2025-12-05T13:23:08Z,2021,2021-01-01,2021-12-31
307738,GHED_GGHE-DGGE_SHA2011,COUNTRY,SOM,EMR,Eastern Mediterranean,YEAR,2014,,,,,,,,,4.11,4.11156416,,,,2025-12-05T13:23:08Z,2014,2014-01-01,2014-12-31
313864,GHED_GGHE-DGGE_SHA2011,COUNTRY,PSE,EMR,Eastern Mediterranean,YEAR,2009,,,,,,,,,8.17,8.17275143,,,,2025-12-05T13:23:08Z,2009,2009-01-01,2009-12-31
314830,GHED_GGHE-DGGE_SHA2011,COUNTRY,CHN,WPR,Western Pacific,YEAR,2006,,,,,,,,,7.56,7.56382084,,,,2025-12-05T13:23:08Z,2006,2006-01-01,2006-12-31
318325,GHED_GGHE-DGGE_SHA2011,COUNTRY,KOR,WPR,Western Pacific,YEAR,2015,,,,,,,,,12.12,12.11640549,,,,2025-12-05T13:23:08Z,2015,2015-01-01,2015-12-31
318730,GHED_GGHE-DGGE_SHA2011,COUNTRY,SLV,AMR,Americas,YEAR,2021,,,,,,,,,20.65,20.65044975,,,,2025-12-05T13:23:08Z,2021,2021-01-01,2021-12-31
320785,GHED_GGHE-DGGE_SHA2011,COUNTRY,GNB,AFR,Africa,YEAR,2017,,,,,,,,,2.75,2.75228286,,,,2025-12-05T13:23:08Z,2017,2017-01-01,2017-12-31
324192,GHED_GGHE-DGGE_SHA2011,COUNTRY,PSE,EMR,Eastern Mediterranean,YEAR,2002,,,,,,,,,6.19,6.19423246,,,,2025-12-05T13:23:08Z,2002,2002-01-01,2002-12-31
329510,GHED_GGHE-DGGE_SHA2011,COUNTRY,PHL,WPR,Western Pacific,YEAR,2007,,,,,,,,,6.46,6.46384048,,,,2025-12-05T13:23:08Z,2007,2007-01-01,2007-12-31
330082,GHED_GGHE-DGGE_SHA2011,COUNTRY,DOM,AMR,Americas,YEAR,2020,,,,,,,,,14.68,14.6783371,,,,2025-12-05T13:23:08Z,2020,2020-01-01,2020-12-31
331291,GHED_GGHE-DGGE_SHA2011,COUNTRY,LTU,EUR,Europe,YEAR,2000,,,,,,,,,10.57,10.57103539,,,,2025-12-05T13:23:08Z,2000,2000-01-01,2000-12-31
331677,GHED_GGHE-DGGE_SHA2011,COUNTRY,TLS,SEAR,South-East Asia,YEAR,2017,,,,,,,,,5.15,5.14604425,,,,2025-12-05T13:23:08Z,2017,2017-01-01,2017-12-31
332784,GHED_GGHE-DGGE_SHA2011,COUNTRY,IND,SEAR,South-East Asia,YEAR,2002,,,,,,,,,2.77,2.77127647,,,,2025-12-05T13:23:08Z,2002,2002-01-01,2002-12-31
333163,GHED_GGHE-DGGE_SHA2011,GLOBAL,GLOBAL,,,YEAR,2022,,,,,,,,,10.89,10.89004748,,,,2026-01-12T13:50:53Z,2022,2022-01-01,2022-12-31
335990,GHED_GGHE-DGGE_SHA2011,COUNTRY,VCT,AMR,Americas,YEAR,2016,,,,,,,,,9.56,9.55696583,,,,2025-12-05T13:23:08Z,2016,2016-01-01,2016-12-31
337908,GHED_GGHE-DGGE_SHA2011,COUNTRY,GNB,AFR,Africa,YEAR,2005,,,,,,,,,2.52,2.52350521,,,,2025-12-05T13:23:08Z,2005,2005-01-01,2005-12-31
342136,GHED_GGHE-DGGE_SHA2011,COUNTRY,COL,AMR,Americas,YEAR,2016,,,,,,,,,17.66,17.65917969,,,,2025-12-05T13:23:08Z,2016,2016-01-01,2016-12-31
345570,GHED_GGHE-DGGE_SHA2011,COUNTRY,ESP,EUR,Europe,YEAR,2008,,,,,,,,,14.82,14.82287312,,,,2025-12-05T13:23:08Z,2008,2008-01-01,2008-12-31
347637,GHED_GGHE-DGGE_SHA2011,COUNTRY,BWA,AFR,Africa,YEAR,2012,,,,,,,,,10.68,10.68447876,,,,2025-12-05T13:23:08Z,2012,2012-01-01,2012-12-31
348618,GHED_GGHE-DGGE_SHA2011,COUNTRY,CRI,AMR,Americas,YEAR,2023,,,,,,,,,24.91,24.90729523,,,,2025-12-05T13:23:08Z,2023,2023-01-01,2023-12-31
349781,GHED_GGHE-DGGE_SHA2011,COUNTRY,NER,AFR,Africa,YEAR,2005,,,,,,,,,12.35,12.34742451,,,,2025-12-05T13:23:08Z,2005,2005-01-01,2005-12-31
351367,GHED_GGHE-DGGE_SHA2011,COUNTRY,CMR,AFR,Africa,YEAR,2011,,,,,,,,,3.21,3.21048117,,,,2025-12-05T13:23:08Z,2011,2011-01-01,2011-12-31
352612,GHED_GGHE-DGGE_SHA2011,COUNTRY,MUS,AFR,Africa,YEAR,2010,,,,,,,,,8.30,8.29588032,,,,2025-12-05T13:23:08Z,2010,2010-01-01,2010-12-31
355594,GHED_GGHE-DGGE_SHA2011,COUNTRY,JPN,WPR,Western Pacific,YEAR,2021,,,,,,,,,24.54,24.53560448,,,,2025-12-05T13:23:08Z,2021,2021-01-01,2021-12-31
358973,GHED_GGHE-DGGE_SHA2011,COUNTRY,BEL,EUR,Europe,YEAR,2000,,,,,,,,,12.07,12.06895447,,,,2025-12-05T13:23:08Z,2000,2000-01-01,2000-12-31
363586,GHED_GGHE-DGGE_SHA2011,COUNTRY,VNM,WPR,Western Pacific,YEAR,2022,,,,,,,,,10.83,10.8293848,,,,2025-12-05T13:23:08Z,2022,2022-01-01,2022-12-31
365861,GHED_GGHE-DGGE_SHA2011,COUNTRY,LBR,AFR,Africa,YEAR,2015,,,,,,,,,3.24,3.24339032,,,,2025-12-05T13:23:08Z,2015,2015-01-01,2015-12-31
366229,GHED_GGHE-DGGE_SHA2011,COUNTRY,ZMB,AFR,Africa,YEAR,2010,,,,,,,,,8.63,8.63391781,,,,2025-12-05T13:23:08Z,2010,2010-01-01,2010-12-31
366396,GHED_GGHE-DGGE_SHA2011,COUNTRY,AND,EUR,Europe,YEAR,2023,,,,,,,,,15.19,15.19499683,,,,2025-12-05T13:23:08Z,2023,2023-01-01,2023-12-31
366521,GHED_GGHE-DGGE_SHA2011,COUNTRY,KOR,WPR,Western Pacific,YEAR,2022,,,,,,,,,14.92,14.9190855,,,,2025-12-05T13:23:08Z,2022,2022-01-01,2022-12-31
366575,GHED_GGHE-DGGE_SHA2011,COUNTRY,GMB,AFR,Africa,YEAR,2015,,,,,,,,,5.10,5.0990448,,,,2025-12-05T13:23:08Z,2015,2015-01-01,2015-12-31
367602,GHED_GGHE-DGGE_SHA2011,COUNTRY,PRY,AMR,Americas,YEAR,2013,,,,,,,,,15.14,15.14324665,,,,2025-12-05T13:23:08Z,2013,2013-01-01,2013-12-31
369664,GHED_GGHE-DGGE_SHA2011,COUNTRY,MUS,AFR,Africa,YEAR,2007,,,,,,,,,6.84,6.8428731,,,,2025-12-05T13:23:08Z,2007,2007-01-01,2007-12-31
371187,GHED_GGHE-DGGE_SHA2011,COUNTRY,BLZ,AMR,Americas,YEAR,2019,,,,,,,,,12.08,12.07653427,,,,2025-12-05T13:23:08Z,2019,2019-01-01,2019-12-31
375552,GHED_GGHE-DGGE_SHA2011,COUNTRY,UGA,AFR,Africa,YEAR,2012,,,,,,,,,7.05,7.05044317,,,,2025-12-05T13:23:08Z,2012,2012-01-01,2012-12-31
377291,GHED_GGHE-DGGE_SHA2011,COUNTRY,BDI,AFR,Africa,YEAR,2006,,,,,,,,,6.48,6.48141956,,,,2025-12-05T13:23:08Z,2006,2006-01-01,2006-12-31
382198,GHED_GGHE-DGGE_SHA2011,REGION,SEAR,,,YEAR,2003,,,,,,,,,5.99,5.9895916,,,,2025-12-05T13:23:08Z,2003,2003-01-01,2003-12-31
390737,GHED_GGHE-DGGE_SHA2011,COUNTRY,LSO,AFR,Africa,YEAR,2017,,,,,,,,,11.97,11.97283363,,,,2025-12-05T13:23:08Z,2017,2017-01-01,2017-12-31
391097,GHED_GGHE-DGGE_SHA2011,COUNTRY,CPV,AFR,Africa,YEAR,2016,,,,,,,,,10.39,10.39242458,,,,2025-12-05T13:23:08Z,2016,2016-01-01,2016-12-31
394255,GHED_GGHE-DGGE_SHA2011,COUNTRY,IND,SEAR,South-East Asia,YEAR,2015,,,,,,,,,3.38,3.37624002,,,,2025-12-05T13:23:08Z,2015,2015-01-01,2015-12-31
397912,GHED_GGHE-DGGE_SHA2011,COUNTRY,CHL,AMR,Americas,YEAR,2002,,,,,,,,,11.66,11.66363049,,,,2025-12-05T13:23:08Z,2002,2002-01-01,2002-12-31
400351,GHED_GGHE-DGGE_SHA2011,COUNTRY,FRA,EUR,Europe,YEAR,2023,,,,,,,,,13.70,13.69694614,,,,2025-12-05T13:23:08Z,2023,2023-01-01,2023-12-31
402980,GHED_GGHE-DGGE_SHA2011,COUNTRY,MWI,AFR,Africa,YEAR,2017,,,,,,,,,8.19,8.18961334,,,,2025-12-05T13:23:08Z,2017,2017-01-01,2017-12-31
412586,GHED_GGHE-DGGE_SHA2011,WORLDBANKINCOMEGROUP,WB_HI,,,YEAR,2001,,,,,,,,,11.93,11.93468886,,,,2025-12-05T13:23:08Z,2001,2001-01-01,2001-12-31
418410,GHED_GGHE-DGGE_SHA2011,COUNTRY,LTU,EUR,Europe,YEAR,2001,,,,,,,,,11.37,11.36786652,,,,2025-12-05T13:23:08Z,2001,2001-01-01,2001-12-31
419320,GHED_GGHE-DGGE_SHA2011,COUNTRY,NLD,EUR,Europe,YEAR,2006,,,,,,,,,13.56,13.56465816,,,,2025-12-05T13:23:08Z,2006,2006-01-01,2006-12-31
420906,GHED_GGHE-DGGE_SHA2011,COUNTRY,KOR,WPR,Western Pacific,YEAR,2002,,,,,,,,,8.93,8.93058395,,,,2025-12-05T13:23:08Z,2002,2002-01-01,2002-12-31
422125,GHED_GGHE-DGGE_SHA2011,COUNTRY,SAU,EMR,Eastern Mediterranean,YEAR,2013,,,,,,,,,8.75,8.74786663,,,,2025-12-05T13:23:08Z,2013,2013-01-01,2013-12-31
423653,GHED_GGHE-DGGE_SHA2011,COUNTRY,PRT,EUR,Europe,YEAR,2005,,,,,,,,,14.63,14.63061142,,,,2025-12-05T13:23:08Z,2005,2005-01-01,2005-12-31
423833,GHED_GGHE-DGGE_SHA2011,COUNTRY,LCA,AMR,Americas,YEAR,2004,,,,,,,,,6.86,6.86468935,,,,2025-12-05T13:23:08Z,2004,2004-01-01,2004-12-31
424993,GHED_GGHE-DGGE_SHA2011,REGION,EUR,,,YEAR,2015,,,,,,,,,12.37,12.36804134,,,,2026-01-12T13:50:53Z,2015,2015-01-01,2015-12-31
432451,GHED_GGHE-DGGE_SHA2011,COUNTRY,PER,AMR,Americas,YEAR,2013,,,,,,,,,12.32,12.31632423,,,,2025-12-05T13:23:08Z,2013,2013-01-01,2013-12-31
432738,GHED_GGHE-DGGE_SHA2011,COUNTRY,GTM,AMR,Americas,YEAR,2019,,,,,,,,,17.65,17.65140152,,,,2025-12-05T13:23:08Z,2019,2019-01-01,2019-12-31
434746,GHED_GGHE-DGGE_SHA2011,COUNTRY,SVN,EUR,Europe,YEAR,2023,,,,,,,,,14.63,14.62918472,,,,2025-12-05T13:23:08Z,2023,2023-01-01,2023-12-31
437933,GHED_GGHE-DGGE_SHA2011,REGION,AFR,,,YEAR,2004,,,,,,,,,7.24,7.24241792,,,,2025-12-05T13:23:08Z,2004,2004-01-01,2004-12-31
443389,GHED_GGHE-DGGE_SHA2011,COUNTRY,TUN,EMR,Eastern Mediterranean,YEAR,2012,,,,,,,,,12.64,12.63853073,,,,2025-12-05T13:23:08Z,2012,2012-01-01,2012-12-31
443864,GHED_GGHE-DGGE_SHA2011,COUNTRY,MLI,AFR,Africa,YEAR,2014,,,,,,,,,4.45,4.45473289,,,,2025-12-05T13:23:08Z,2014,2014-01-01,2014-12-31
444269,GHED_GGHE-DGGE_SHA2011,COUNTRY,BTN,SEAR,South-East Asia,YEAR,2016,,,,,,,,,7.96,7.9599781,,,,2025-12-05T13:23:08Z,2016,2016-01-01,2016-12-31
444948,GHED_GGHE-DGGE_SHA2011,COUNTRY,LVA,EUR,Europe,YEAR,2019,,,,,,,,,10.36,10.35906219,,,,2025-12-05T13:23:08Z,2019,2019-01-01,2019-12-31
445963,GHED_GGHE-DGGE_SHA2011,COUNTRY,TJK,EUR,Europe,YEAR,2023,,,,,,,,,6.14,6.13850975,,,,2025-12-05T13:23:08Z,2023,2023-01-01,2023-12-31
450529,GHED_GGHE-DGGE_SHA2011,COUNTRY,SYC,AFR,Africa,YEAR,2018,,,,,,,,,9.58,9.58416653,,,,2025-12-05T13:23:08Z,2018,2018-01-01,2018-12-31
462416,GHED_GGHE-DGGE_SHA2011,COUNTRY,SVN,EUR,Europe,YEAR,2015,,,,,,,,,12.37,12.36574936,,,,2025-12-05T13:23:08Z,2015,2015-01-01,2015-12-31
465175,GHED_GGHE-DGGE_SHA2011,COUNTRY,NLD,EUR,Europe,YEAR,2004,,,,,,,,,13.90,13.90322971,,,,2025-12-05T13:23:08Z,2004,2004-01-01,2004-12-31
465460,GHED_GGHE-DGGE_SHA2011,COUNTRY,JOR,EMR,Eastern Mediterranean,YEAR,2016,,,,,,,,,11.24,11.23799038,,,,2025-12-05T13:23:08Z,2016,2016-01-01,2016-12-31
466299,GHED_GGHE-DGGE_SHA2011,COUNTRY,GNQ,AFR,Africa,YEAR,2020,,,,,,,,,6.40,6.39538145,,,,2025-12-05T13:23:08Z,2020,2020-01-01,2020-12-31
472497,GHED_GGHE-DGGE_SHA2011,COUNTRY,CAF,AFR,Africa,YEAR,2013,,,,,,,,,7.35,7.34515285,,,,2025-12-05T13:23:08Z,2013,2013-01-01,2013-12-31
477947,GHED_GGHE-DGGE_SHA2011,COUNTRY,COG,AFR,Africa,YEAR,2002,,,,,,,,,1.34,1.3442719,,,,2025-12-05T13:23:08Z,2002,2002-01-01,2002-12-31
481284,GHED_GGHE-DGGE_SHA2011,COUNTRY,JAM,AMR,Americas,YEAR,2023,,,,,,,,,15.86,15.85596371,,,,2025-12-05T13:23:08Z,2023,2023-01-01,2023-12-31
484468,GHED_GGHE-DGGE_SHA2011,COUNTRY,GMB,AFR,Africa,YEAR,2019,,,,,,,,,5.38,5.37906027,,,,2025-12-05T13:23:08Z,2019,2019-01-01,2019-12-31
486193,GHED_GGHE-DGGE_SHA2011,COUNTRY,MRT,AFR,Africa,YEAR,2011,,,,,,,,,4.40,4.40092897,,,,2025-12-05T13:23:08Z,2011,2011-01-01,2011-12-31
490153,GHED_GGHE-DGGE_SHA2011,COUNTRY,KEN,AFR,Africa,YEAR,2010,,,,,,,,,7.24,7.24412632,,,,2025-12-05T13:23:08Z,2010,2010-01-01,2010-12-31
492257,GHED_GGHE-DGGE_SHA2011,COUNTRY,ITA,EUR,Europe,YEAR,2013,,,,,,,,,12.98,12.98263645,,,,2025-12-05T13:23:08Z,2013,2013-01-01,2013-12-31
492480,GHED_GGHE-DGGE_SHA2011,COUNTRY,SYR,EMR,Eastern Mediterranean,YEAR,2010,,,,,,,,,5.12,5.12483168,,,,2025-12-05T13:23:08Z,2010,2010-01-01,2010-12-31
492634,GHED_GGHE-DGGE_SHA2011,COUNTRY,SGP,WPR,Western Pacific,YEAR,2007,,,,,,,,,10.35,10.34652805,,,,2025-12-05T13:23:08Z,2007,2007-01-01,2007-12-31
492788,GHED_GGHE-DGGE_SHA2011,COUNTRY,PER,AMR,Americas,YEAR,2021,,,,,,,,,18.98,18.98254204,,,,2025-12-05T13:23:08Z,2021,2021-01-01,2021-12-31
493785,GHED_GGHE-DGGE_SHA2011,COUNTRY,GRD,AMR,Americas,YEAR,2004,,,,,,,,,10.50,10.49572659,,,,2025-12-05T13:23:08Z,2004,2004-01-01,2004-12-31
503063,GHED_GGHE-DGGE_SHA2011,COUNTRY,PNG,WPR,Western Pacific,YEAR,2012,,,,,,,,,8.13,8.12861252,,,,2025-12-05T13:23:08Z,2012,2012-01-01,2012-12-31
505551,GHED_GGHE-DGGE_SHA2011,COUNTRY,HRV,EUR,Europe,YEAR,2002,,,,,,,,,9.87,9.86889458,,,,2025-12-05T13:23:08Z,2002,2002-01-01,2002-12-31
506448,GHED_GGHE-DGGE_SHA2011,COUNTRY,ISR,EUR,Europe,YEAR,2004,,,,,,,,,9.58,9.5808048200000009,,,,2025-12-05T13:23:08Z,2004,2004-01-01,2004-12-31
507469,GHED_GGHE-DGGE_SHA2011,COUNTRY,ETH,AFR,Africa,YEAR,2019,,,,,,,,,4.76,4.76060486,,,,2025-12-05T13:23:08Z,2019,2019-01-01,2019-12-31
511548,GHED_GGHE-DGGE_SHA2011,REGION,WPR,,,YEAR,2007,,,,,,,,,10.50,10.49567094,,,,2025-12-05T13:23:08Z,2007,2007-01-01,2007-12-31
514088,GHED_GGHE-DGGE_SHA2011,COUNTRY,SLV,AMR,Americas,YEAR,2003,,,,,,,,,17.19,17.18667603,,,,2025-12-05T13:23:08Z,2003,2003-01-01,2003-12-31
514643,GHED_GGHE-DGGE_SHA2011,COUNTRY,BLR,EUR,Europe,YEAR,2016,,,,,,,,,10.31,10.30651379,,,,2025-12-05T13:23:08Z,2016,2016-01-01,2016-12-31
515004,GHED_GGHE-DGGE_SHA2011,COUNTRY,GEO,EUR,Europe,YEAR,2020,,,,,,,,,10.73,10.73317242,,,,2025-12-05T13:23:08Z,2020,2020-01-01,2020-12-31
515712,GHED_GGHE-DGGE_SHA2011,COUNTRY,GEO,EUR,Europe,YEAR,2008,,,,,,,,,4.83,4.83068514,,,,2025-12-05T13:23:08Z,2008,2008-01-01,2008-12-31
516172,GHED_GGHE-DGGE_SHA2011,COUNTRY,STP,AFR,Africa,YEAR,2020,,,,,,,,,12.80,12.80399513,,,,2025-12-05T13:23:08Z,2020,2020-01-01,2020-12-31
516516,GHED_GGHE-DGGE_SHA2011,COUNTRY,BGR,EUR,Europe,YEAR,2010,,,,,,,,,10.85,10.84995937,,,,2025-12-05T13:23:08Z,2010,2010-01-01,2010-12-31
517841,GHED_GGHE-DGGE_SHA2011,COUNTRY,BRA,AMR,Americas,YEAR,2004,,,,,,,,,8.74,8.73705578,,,,2025-12-05T13:23:08Z,2004,2004-01-01,2004-12-31
523318,GHED_GGHE-DGGE_SHA2011,REGION,SEAR,,,YEAR,2021,,,,,,,,,7.91,7.91242843,,,,2025-12-05T13:23:08Z,2021,2021-01-01,2021-12-31
524076,GHED_GGHE-DGGE_SHA2011,WORLDBANKINCOMEGROUP,WB_HI,,,YEAR,2009,,,,,,,,,12.37,12.36650029,,,,2025-12-05T13:23:08Z,2009,2009-01-01,2009-12-31
525222,GHED_GGHE-DGGE_SHA2011,COUNTRY,KOR,WPR,Western Pacific,YEAR,2017,,,,,,,,,13.17,13.17136097,,,,2025-12-05T13:23:08Z,2017,2017-01-01,2017-12-31
525860,GHED_GGHE-DGGE_SHA2011,COUNTRY,BHS,AMR,Americas,YEAR,2007,,,,,,,,,13.50,13.49935532,,,,2025-12-05T13:23:08Z,2007,2007-01-01,2007-12-31
528104,GHED_GGHE-DGGE_SHA2011,GLOBAL,GLOBAL,,,YEAR,2017,,,,,,,,,10.40,10.4030157,,,,2025-12-05T13:23:08Z,2017,2017-01-01,2017-12-31
528963,GHED_GGHE-DGGE_SHA2011,COUNTRY,BTN,SEAR,South-East Asia,YEAR,2018,,,,,,,,,7.70,7.70324659,,,,2025-12-05T13:23:08Z,2018,2018-01-01,2018-12-31
531629,GHED_GGHE-DGGE_SHA2011,COUNTRY,BLZ,AMR,Americas,YEAR,2009,,,,,,,,,12.48,12.48273087,,,,2025-12-05T13:23:08Z,2009,2009-01-01,2009-12-31
536337,GHED_GGHE-DGGE_SHA2011,COUNTRY,MKD,EUR,Europe,YEAR,2013,,,,,,,,,13.93,13.9270525,,,,2025-12-05T13:23:08Z,2013,2013-01-01,2013-12-31
541956,GHED_GGHE-DGGE_SHA2011,COUNTRY,STP,AFR,Africa,YEAR,2014,,,,,,,,,7.78,7.77581406,,,,2025-12-05T13:23:08Z,2014,2014-01-01,2014-12-31
542647,GHED_GGHE-DGGE_SHA2011,COUNTRY,IND,SEAR,South-East Asia,YEAR,2000,,,,,,,,,3.05,3.05056,,,,2025-12-05T13:23:08Z,2000,2000-01-01,2000-12-31
545475,GHED_GGHE-DGGE_SHA2011,COUNTRY,BIH,EUR,Europe,YEAR,2001,,,,,,,,,8.60,8.60074425,,,,2025-12-05T13:23:08Z,2001,2001-01-01,2001-12-31
549298,GHED_GGHE-DGGE_SHA2011,REGION,AFR,,,YEAR,2011,,,,,,,,,6.57,6.56999971,,,,2025-12-05T13:23:08Z,2011,2011-01-01,2011-12-31
550291,GHED_GGHE-DGGE_SHA2011,COUNTRY,NLD,EUR,Europe,YEAR,2012,,,,,,,,,15.02,15.0233736,,,,2025-12-05T13:23:08Z,2012,2012-01-01,2012-12-31
553191,GHED_GGHE-DGGE_SHA2011,COUNTRY,AUT,EUR,Europe,YEAR,2001,,,,,,,,,13.24,13.24102306,,,,2025-12-05T13:23:08Z,2001,2001-01-01,2001-12-31
555044,GHED_GGHE-DGGE_SHA2011,COUNTRY,COD,AFR,Africa,YEAR,2012,,,,,,,,,3.88,3.87759209,,,,2025-12-05T13:23:08Z,2012,2012-01-01,2012-12-31
555393,GHED_GGHE-DGGE_SHA2011,COUNTRY,UKR,EUR,Europe,YEAR,2008,,,,,,,,,6.78,6.77591944,,,,2025-12-05T13:23:08Z,2008,2008-01-01,2008-12-31
560094,GHED_GGHE-DGGE_SHA2011,COUNTRY,VCT,AMR,Americas,YEAR,2003,,,,,,,,,10.12,10.12181568,,,,2025-12-05T13:23:08Z,2003,2003-01-01,2003-12-31
561518,GHED_GGHE-DGGE_SHA2011,COUNTRY,HND,AMR,Americas,YEAR,2018,,,,,,,,,10.89,10.8920126,,,,2025-12-05T13:23:08Z,2018,2018-01-01,2018-12-31
563686,GHED_GGHE-DGGE_SHA2011,COUNTRY,PNG,WPR,Western Pacific,YEAR,2013,,,,,,,,,7.19,7.1877017,,,,2025-12-05T13:23:08Z,2013,2013-01-01,2013-12-31
565909,GHED_GGHE-DGGE_SHA2011,COUNTRY,BEN,AFR,Africa,YEAR,2008,,,,,,,,,5.10,5.10336447,,,,2025-12-05T13:23:08Z,2008,2008-01-01,2008-12-31
566057,GHED_GGHE-DGGE_SHA2011,COUNTRY,CHL,AMR,Americas,YEAR,2022,,,,,,,,,19.05,19.04703331,,,,2025-12-05T13:23:08Z,2022,2022-01-01,2022-12-31
567425,GHED_GGHE-DGGE_SHA2011,COUNTRY,LIE,EUR,Europe,YEAR,2018,,,,,,,,,14.91,14.91119862,,,,2025-12-05T13:23:08Z,2018,2018-01-01,2018-12-31
568143,GHED_GGHE-DGGE_SHA2011,COUNTRY,BGR,EUR,Europe,YEAR,2013,,,,,,,,,10.70,10.69857979,,,,2025-12-05T13:23:08Z,2013,2013-01-01,2013-12-31
569416,GHED_GGHE-DGGE_SHA2011,COUNTRY,LTU,EUR,Europe,YEAR,2009,,,,,,,,,11.78,11.77774429,,,,2025-12-05T13:23:08Z,2009,2009-01-01,2009-12-31
579504,GHED_GGHE-DGGE_SHA2011,COUNTRY,BHS,AMR,Americas,YEAR,2018,,,,,,,,,14.35,14.34790039,,,,2025-12-05T13:23:08Z,2018,2018-01-01,2018-12-31
580919,GHED_GGHE-DGGE_SHA2011,COUNTRY,BRN,WPR,Western Pacific,YEAR,2012,,,,,,,,,5.44,5.44353485,,,,2025-12-05T13:23:08Z,2012,2012-01-01,2012-12-31
583389,GHED_GGHE-DGGE_SHA2011,COUNTRY,TZA,AFR,Africa,YEAR,2019,,,,,,,,,9.44,9.43801022,,,,2025-12-05T13:23:08Z,2019,2019-01-01,2019-12-31
583440,GHED_GGHE-DGGE_SHA2011,COUNTRY,TGO,AFR,Africa,YEAR,2001,,,,,,,,,2.99,2.99478221,,,,2025-12-05T13:23:08Z,2001,2001-01-01,2001-12-31
585412,GHED_GGHE-DGGE_SHA2011,COUNTRY,SAU,EMR,Eastern Mediterranean,YEAR,2002,,,,,,,,,8.57,8.5682354,,,,2025-12-05T13:23:08Z,2002,2002-01-01,2002-12-31
586018,GHED_GGHE-DGGE_SHA2011,COUNTRY,TKM,EUR,Europe,YEAR,2014,,,,,,,,,8.71,8.71374321,,,,2025-12-05T13:23:08Z,2014,2014-01-01,2014-12-31
588258,GHED_GGHE-DGGE_SHA2011,COUNTRY,CMR,AFR,Africa,YEAR,2016,,,,,,,,,1.81,1.81293964,,,,2025-12-05T13:23:08Z,2016,2016-01-01,2016-12-31
590863,GHED_GGHE-DGGE_SHA2011,COUNTRY,NIC,AMR,Americas,YEAR,2021,,,,,,,,,20.18,20.18052483,,,,2025-12-05T13:23:08Z,2021,2021-01-01,2021-12-31
592926,GHED_GGHE-DGGE_SHA2011,COUNTRY,MHL,WPR,Western Pacific,YEAR,2002,,,,,,,,,13.73,13.72637749,,,,2025-12-05T13:23:08Z,2002,2002-01-01,2002-12-31
594881,GHED_GGHE-DGGE_SHA2011,COUNTRY,COL,AMR,Americas,YEAR,2013,,,,,,,,,16.34,16.34110641,,,,2025-12-05T13:23:08Z,2013,2013-01-01,2013-12-31
595356,GHED_GGHE-DGGE_SHA2011,COUNTRY,AFG,EMR,Eastern Mediterranean,YEAR,2007,,,,,,,,,2.61,2.61078191,,,,2025-12-05T13:23:08Z,2007,2007-01-01,2007-12-31
595478,GHED_GGHE-DGGE_SHA2011,REGION,EUR,,,YEAR,2018,,,,,,,,,12.73,12.72877738,,,,2025-12-05T13:23:08Z,2018,2018-01-01,2018-12-31
596440,GHED_GGHE-DGGE_SHA2011,COUNTRY,LTU,EUR,Europe,YEAR,2007,,,,,,,,,10.75,10.75255203,,,,2025-12-05T13:23:08Z,2007,2007-01-01,2007-12-31
599723,GHED_GGHE-DGGE_SHA2011,COUNTRY,TTO,AMR,Americas,YEAR,2015,,,,,,,,,8.31,8.30910397,,,,2025-12-05T13:23:08Z,2015,2015-01-01,2015-12-31
600732,GHED_GGHE-DGGE_SHA2011,COUNTRY,COD,AFR,Africa,YEAR,2004,,,,,,,,,2.50,2.49895263,,,,2025-12-05T13:23:08Z,2004,2004-01-01,2004-12-31
601962,GHED_GGHE-DGGE_SHA2011,COUNTRY,CZE,EUR,Europe,YEAR,2000,,,,,,,,,12.39,12.38825798,,,,2025-12-05T13:23:08Z,2000,2000-01-01,2000-12-31
603456,GHED_GGHE-DGGE_SHA2011,COUNTRY,BOL,AMR,Americas,YEAR,2019,,,,,,,,,13.55,13.54663086,,,,2025-12-05T13:23:08Z,2019,2019-01-01,2019-12-31
603649,GHED_GGHE-DGGE_SHA2011,COUNTRY,NER,AFR,Africa,YEAR,2001,,,,,,,,,8.34,8.34352493,,,,2025-12-05T13:23:08Z,2001,2001-01-01,2001-12-31
605519,GHED_GGHE-DGGE_SHA2011,COUNTRY,MAR,EMR,Eastern Mediterranean,YEAR,2003,,,,,,,,,4.14,4.14071369,,,,2025-12-05T13:23:08Z,2003,2003-01-01,2003-12-31
607928,GHED_GGHE-DGGE_SHA2011,COUNTRY,SAU,EMR,Eastern Mediterranean,YEAR,2011,,,,,,,,,7.58,7.57989597,,,,2025-12-05T13:23:08Z,2011,2011-01-01,2011-12-31
608125,GHED_GGHE-DGGE_SHA2011,COUNTRY,CMR,AFR,Africa,YEAR,2015,,,,,,,,,1.81,1.81293964,,,,2025-12-05T13:23:08Z,2015,2015-01-01,2015-12-31
609591,GHED_GGHE-DGGE_SHA2011,COUNTRY,CZE,EUR,Europe,YEAR,2018,,,,,,,,,15.56,15.55631256,,,,2025-12-05T13:23:08Z,2018,2018-01-01,2018-12-31
609998,GHED_GGHE-DGGE_SHA2011,COUNTRY,BRA,AMR,Americas,YEAR,2022,,,,,,,,,9.80,9.80471611,,,,2025-12-05T13:23:08Z,2022,2022-01-01,2022-12-31
611084,GHED_GGHE-DGGE_SHA2011,COUNTRY,HND,AMR,Americas,YEAR,2010,,,,,,,,,13.97,13.96672344,,,,2025-12-05T13:23:08Z,2010,2010-01-01,2010-12-31
614351,GHED_GGHE-DGGE_SHA2011,COUNTRY,WSM,WPR,Western Pacific,YEAR,2004,,,,,,,,,11.04,11.03975582,,,,2025-12-05T13:23:08Z,2004,2004-01-01,2004-12-31
616237,GHED_GGHE-DGGE_SHA2011,COUNTRY,ISR,EUR,Europe,YEAR,2000,,,,,,,,,9.41,9.40964508,,,,2025-12-05T13:23:08Z,2000,2000-01-01,2000-12-31
620562,GHED_GGHE-DGGE_SHA2011,COUNTRY,KHM,WPR,Western Pacific,YEAR,2014,,,,,,,,,6.17,6.16770315,,,,2025-12-05T13:23:08Z,2014,2014-01-01,2014-12-31
620763,GHED_GGHE-DGGE_SHA2011,COUNTRY,SWE,EUR,Europe,YEAR,2007,,,,,,,,,13.28,13.28336716,,,,2025-12-05T13:23:08Z,2007,2007-01-01,2007-12-31
621226,GHED_GGHE-DGGE_SHA2011,COUNTRY,USA,AMR,Americas,YEAR,2022,,,,,,,,,23.77,23.77053261,,,,2025-12-05T13:23:08Z,2022,2022-01-01,2022-12-31
625186,GHED_GGHE-DGGE_SHA2011,COUNTRY,IDN,WPR,Western Pacific,YEAR,2019,,,,,,,,,8.55,8.54535389,,,,2025-12-05T13:23:08Z,2019,2019-01-01,2019-12-31
627638,GHED_GGHE-DGGE_SHA2011,COUNTRY,MMR,SEAR,South-East Asia,YEAR,2015,,,,,,,,,4.82,4.81628418,,,,2025-12-05T13:23:08Z,2015,2015-01-01,2015-12-31
628570,GHED_GGHE-DGGE_SHA2011,REGION,AMR,,,YEAR,2014,,,,,,,,,13.20,13.20295136,,,,2025-12-05T13:23:08Z,2014,2014-01-01,2014-12-31
629433,GHED_GGHE-DGGE_SHA2011,REGION,AMR,,,YEAR,2006,,,,,,,,,11.61,11.6124452,,,,2025-12-05T13:23:08Z,2006,2006-01-01,2006-12-31
629478,GHED_GGHE-DGGE_SHA2011,COUNTRY,HND,AMR,Americas,YEAR,2016,,,,,,,,,11.30,11.29591942,,,,2025-12-05T13:23:08Z,2016,2016-01-01,2016-12-31
629925,GHED_GGHE-DGGE_SHA2011,COUNTRY,MLT,EUR,Europe,YEAR,2001,,,,,,,,,11.58,11.58279419,,,,2025-12-05T13:23:08Z,2001,2001-01-01,2001-12-31
636192,GHED_GGHE-DGGE_SHA2011,COUNTRY,PER,AMR,Americas,YEAR,2022,,,,,,,,,16.66,16.66332245,,,,2025-12-05T13:23:08Z,2022,2022-01-01,2022-12-31
636724,GHED_GGHE-DGGE_SHA2011,COUNTRY,PAN,AMR,Americas,YEAR,2008,,,,,,,,,20.07,20.06934547,,,,2025-12-05T13:23:08Z,2008,2008-01-01,2008-12-31
638676,GHED_GGHE-DGGE_SHA2011,COUNTRY,FJI,WPR,Western Pacific,YEAR,2000,,,,,,,,,10.59,10.58804417,,,,2025-12-05T13:23:08Z,2000,2000-01-01,2000-12-31
640652,GHED_GGHE-DGGE_SHA2011,COUNTRY,MHL,WPR,Western Pacific,YEAR,2011,,,,,,,,,9.30,9.30367947,,,,2025-12-05T13:23:08Z,2011,2011-01-01,2011-12-31
641063,GHED_GGHE-DGGE_SHA2011,COUNTRY,TTO,AMR,Americas,YEAR,2020,,,,,,,,,9.56,9.56479168,,,,2025-12-05T13:23:08Z,2020,2020-01-01,2020-12-31
641342,GHED_GGHE-DGGE_SHA2011,COUNTRY,CHE,EUR,Europe,YEAR,2013,,,,,,,,,10.56,10.55523682,,,,2025-12-05T13:23:08Z,2013,2013-01-01,2013-12-31
651414,GHED_GGHE-DGGE_SHA2011,COUNTRY,KOR,WPR,Western Pacific,YEAR,2010,,,,,,,,,11.29,11.28867626,,,,2025-12-05T13:23:08Z,2010,2010-01-01,2010-12-31
651841,GHED_GGHE-DGGE_SHA2011,COUNTRY,NOR,EUR,Europe,YEAR,2016,,,,,,,,,17.55,17.5472908,,,,2025-12-05T13:23:08Z,2016,2016-01-01,2016-12-31
651874,GHED_GGHE-DGGE_SHA2011,COUNTRY,COM,AFR,Africa,YEAR,2013,,,,,,,,,4.45,4.449965,,,,2025-12-05T13:23:08Z,2013,2013-01-01,2013-12-31
661830,GHED_GGHE-DGGE_SHA2011,COUNTRY,CRI,AMR,Americas,YEAR,2021,,,,,,,,,25.77,25.77289963,,,,2025-12-05T13:23:08Z,2021,2021-01-01,2021-12-31
666084,GHED_GGHE-DGGE_SHA2011,COUNTRY,IDN,WPR,Western Pacific,YEAR,2009,,,,,,,,,5.41,5.41294384,,,,2025-12-05T13:23:08Z,2009,2009-01-01,2009-12-31
668760,GHED_GGHE-DGGE_SHA2011,COUNTRY,TZA,AFR,Africa,YEAR,2013,,,,,,,,,6.31,6.30686235,,,,2025-12-05T13:23:08Z,2013,2013-01-01,2013-12-31
670169,GHED_GGHE-DGGE_SHA2011,COUNTRY,BRB,AMR,Americas,YEAR,2002,,,,,,,,,9.33,9.33345699,,,,2025-12-05T13:23:08Z,2002,2002-01-01,2002-12-31
672394,GHED_GGHE-DGGE_SHA2011,COUNTRY,FSM,WPR,Western Pacific,YEAR,2017,,,,,,,,,2.36,2.36292124,,,,2025-12-05T13:23:08Z,2017,2017-01-01,2017-12-31
674785,GHED_GGHE-DGGE_SHA2011,COUNTRY,PNG,WPR,Western Pacific,YEAR,2005,,,,,,,,,7.83,7.8258791,,,,2025-12-05T13:23:08Z,2005,2005-01-01,2005-12-31
680024,GHED_GGHE-DGGE_SHA2011,COUNTRY,JAM,AMR,Americas,YEAR,2013,,,,,,,,,10.77,10.76929092,,,,2025-12-05T13:23:08Z,2013,2013-01-01,2013-12-31
681383,GHED_GGHE-DGGE_SHA2011,COUNTRY,BRN,WPR,Western Pacific,YEAR,2007,,,,,,,,,5.77,5.77389574,,,,2025-12-05T13:23:08Z,2007,2007-01-01,2007-12-31
681419,GHED_GGHE-DGGE_SHA2011,COUNTRY,FRA,EUR,Europe,YEAR,2002,,,,,,,,,13.86,13.85807896,,,,2025-12-05T13:23:08Z,2002,2002-01-01,2002-12-31
681786,GHED_GGHE-DGGE_SHA2011,COUNTRY,BOL,AMR,Americas,YEAR,2001,,,,,,,,,8.18,8.18012047,,,,2025-12-05T13:23:08Z,2001,2001-01-01,2001-12-31
683229,GHED_GGHE-DGGE_SHA2011,COUNTRY,ARM,EUR,Europe,YEAR,2015,,,,,,,,,6.12,6.11530304,,,,2025-12-05T13:23:08Z,2015,2015-01-01,2015-12-31
683318,GHED_GGHE-DGGE_SHA2011,COUNTRY,MLI,AFR,Africa,YEAR,2008,,,,,,,,,3.79,3.79411197,,,,2025-12-05T13:23:08Z,2008,2008-01-01,2008-12-31
691520,GHED_GGHE-DGGE_SHA2011,COUNTRY,CMR,AFR,Africa,YEAR,2017,,,,,,,,,0.73,0.73440903,,,,2025-12-05T13:23:08Z,2017,2017-01-01,2017-12-31
693866,GHED_GGHE-DGGE_SHA2011,COUNTRY,FJI,WPR,Western Pacific,YEAR,2022,,,,,,,,,10.33,10.32937622,,,,2025-12-05T13:23:08Z,2022,2022-01-01,2022-12-31
697202,GHED_GGHE-DGGE_SHA2011,COUNTRY,GEO,EUR,Europe,YEAR,2017,,,,,,,,,9.52,9.5190258,,,,2025-12-05T13:23:08Z,2017,2017-01-01,2017-12-31
700196,GHED_GGHE-DGGE_SHA2011,COUNTRY,NRU,WPR,Western Pacific,YEAR,2021,,,,,,,,,10.10,10.09949112,,,,2025-12-05T13:23:08Z,2021,2021-01-01,2021-12-31
702801,GHED_GGHE-DGGE_SHA2011,COUNTRY,DOM,AMR,Americas,YEAR,2022,,,,,,,,,15.20,15.2007637,,,,2025-12-05T13:23:08Z,2022,2022-01-01,2022-12-31
712071,GHED_GGHE-DGGE_SHA2011,COUNTRY,COL,AMR,Americas,YEAR,2005,,,,,,,,,16.83,16.83091927,,,,2025-12-05T13:23:08Z,2005,2005-01-01,2005-12-31
717239,GHED_GGHE-DGGE_SHA2011,COUNTRY,GIN,AFR,Africa,YEAR,2005,,,,,,,,,2.38,2.37759972,,,,2025-12-05T13:23:08Z,2005,2005-01-01,2005-12-31
721390,GHED_GGHE-DGGE_SHA2011,COUNTRY,MRT,AFR,Africa,YEAR,2001,,,,,,,,,2.42,2.42193055,,,,2025-12-05T13:23:08Z,2001,2001-01-01,2001-12-31
722272,GHED_GGHE-DGGE_SHA2011,COUNTRY,PRY,AMR,Americas,YEAR,2020,,,,,,,,,18.26,18.26264954,,,,2025-12-05T13:23:08Z,2020,2020-01-01,2020-12-31
722410,GHED_GGHE-DGGE_SHA2011,COUNTRY,AND,EUR,Europe,YEAR,2011,,,,,,,,,23.77,23.76626968,,,,2025-12-05T13:23:08Z,2011,2011-01-01,2011-12-31
724596,GHED_GGHE-DGGE_SHA2011,COUNTRY,GAB,AFR,Africa,YEAR,2010,,,,,,,,,6.81,6.81337643,,,,2025-12-05T13:23:08Z,2010,2010-01-01,2010-12-31
724760,GHED_GGHE-DGGE_SHA2011,COUNTRY,BRN,WPR,Western Pacific,YEAR,2021,,,,,,,,,6.82,6.82148027,,,,2025-12-05T13:23:08Z,2021,2021-01-01,2021-12-31
726073,GHED_GGHE-DGGE_SHA2011,COUNTRY,AGO,AFR,Africa,YEAR,2023,,,,,,,,,5.90,5.89575672,,,,2025-12-05T13:23:08Z,2023,2023-01-01,2023-12-31
726081,GHED_GGHE-DGGE_SHA2011,COUNTRY,AGO,AFR,Africa,YEAR,2015,,,,,,,,,4.56,4.56262541,,,,2025-12-05T13:23:08Z,2015,2015-01-01,2015-12-31
731268,GHED_GGHE-DGGE_SHA2011,COUNTRY,MDV,SEAR,South-East Asia,YEAR,2011,,,,,,,,,11.76,11.76247597,,,,2025-12-05T13:23:08Z,2011,2011-01-01,2011-12-31
734127,GHED_GGHE-DGGE_SHA2011,COUNTRY,IRN,EMR,Eastern Mediterranean,YEAR,2004,,,,,,,,,10.16,10.16240692,,,,2025-12-05T13:23:08Z,2004,2004-01-01,2004-12-31
736910,GHED_GGHE-DGGE_SHA2011,COUNTRY,GIN,AFR,Africa,YEAR,2021,,,,,,,,,4.51,4.51033497,,,,2025-12-05T13:23:08Z,2021,2021-01-01,2021-12-31
739775,GHED_GGHE-DGGE_SHA2011,COUNTRY,KIR,WPR,Western Pacific,YEAR,2000,,,,,,,,,11.41,11.40623569,,,,2025-12-05T13:23:08Z,2000,2000-01-01,2000-12-31
739888,GHED_GGHE-DGGE_SHA2011,COUNTRY,ETH,AFR,Africa,YEAR,2013,,,,,,,,,6.19,6.19330263,,,,2025-12-05T13:23:08Z,2013,2013-01-01,2013-12-31
740974,GHED_GGHE-DGGE_SHA2011,COUNTRY,PAK,EMR,Eastern Mediterranean,YEAR,2022,,,,,,,,,5.55,5.55116129,,,,2025-12-05T13:23:08Z,2022,2022-01-01,2022-12-31
741924,GHED_GGHE-DGGE_SHA2011,COUNTRY,BFA,AFR,Africa,YEAR,2004,,,,,,,,,8.39,8.39099884,,,,2025-12-05T13:23:08Z,2004,2004-01-01,2004-12-31
742641,GHED_GGHE-DGGE_SHA2011,COUNTRY,COK,WPR,Western Pacific,YEAR,2020,,,,,,,,,11.67,11.66571903,,,,2025-12-05T13:23:08Z,2020,2020-01-01,2020-12-31
744956,GHED_GGHE-DGGE_SHA2011,COUNTRY,ARG,AMR,Americas,YEAR,2011,,,,,,,,,16.39,16.38767624,,,,2025-12-05T13:23:08Z,2011,2011-01-01,2011-12-31
747457,GHED_GGHE-DGGE_SHA2011,COUNTRY,STP,AFR,Africa,YEAR,2018,,,,,,,,,9.39,9.38566875,,,,2025-12-05T13:23:08Z,2018,2018-01-01,2018-12-31
750348,GHED_GGHE-DGGE_SHA2011,COUNTRY,BRA,AMR,Americas,YEAR,2013,,,,,,,,,8.93,8.92691326,,,,2025-12-05T13:23:08Z,2013,2013-01-01,2013-12-31
751473,GHED_GGHE-DGGE_SHA2011,COUNTRY,ISL,EUR,Europe,YEAR,2007,,,,,,,,,15.31,15.31141949,,,,2025-12-05T13:23:08Z,2007,2007-01-01,2007-12-31
752154,GHED_GGHE-DGGE_SHA2011,COUNTRY,EGY,EMR,Eastern Mediterranean,YEAR,2003,,,,,,,,,5.44,5.44320345,,,,2025-12-05T13:23:08Z,2003,2003-01-01,2003-12-31
756341,GHED_GGHE-DGGE_SHA2011,COUNTRY,MWI,AFR,Africa,YEAR,2000,,,,,,,,,7.04,7.04260349,,,,2025-12-05T13:23:08Z,2000,2000-01-01,2000-12-31
760837,GHED_GGHE-DGGE_SHA2011,WORLDBANKINCOMEGROUP,WB_UMI,,,YEAR,2016,,,,,,,,,11.74,11.74448092,,,,2025-12-05T13:23:08Z,2016,2016-01-01,2016-12-31
762632,GHED_GGHE-DGGE_SHA2011,COUNTRY,CHL,AMR,Americas,YEAR,2011,,,,,,,,,14.01,14.01050568,,,,2025-12-05T13:23:08Z,2011,2011-01-01,2011-12-31
764404,GHED_GGHE-DGGE_SHA2011,COUNTRY,COK,WPR,Western Pacific,YEAR,2015,,,,,,,,,7.24,7.24445534,,,,2025-12-05T13:23:08Z,2015,2015-01-01,2015-12-31
764832,GHED_GGHE-DGGE_SHA2011,COUNTRY,WSM,WPR,Western Pacific,YEAR,2013,,,,,,,,,13.12,13.1184063,,,,2025-12-05T13:23:08Z,2013,2013-01-01,2013-12-31
769660,GHED_GGHE-DGGE_SHA2011,COUNTRY,GNQ,AFR,Africa,YEAR,2015,,,,,,,,,1.79,1.78799117,,,,2025-12-05T13:23:08Z,2015,2015-01-01,2015-12-31
773500,GHED_GGHE-DGGE_SHA2011,COUNTRY,MDV,SEAR,South-East Asia,YEAR,2023,,,,,,,,,15.57,15.56657696,,,,2025-12-05T13:23:08Z,2023,2023-01-01,2023-12-31
774859,GHED_GGHE-DGGE_SHA2011,REGION,SEAR,,,YEAR,2017,,,,,,,,,7.86,7.86039721,,,,2025-12-05T13:23:08Z,2017,2017-01-01,2017-12-31
774877,GHED_GGHE-DGGE_SHA2011,COUNTRY,DJI,EMR,Eastern Mediterranean,YEAR,2013,,,,,,,,,6.74,6.73504782,,,,2025-12-05T13:23:08Z,2013,2013-01-01,2013-12-31
778010,GHED_GGHE-DGGE_SHA2011,COUNTRY,SLE,AFR,Africa,YEAR,2015,,,,,,,,,6.21,6.20521784,,,,2025-12-05T13:23:08Z,2015,2015-01-01,2015-12-31
778498,GHED_GGHE-DGGE_SHA2011,COUNTRY,TUN,EMR,Eastern Mediterranean,YEAR,2016,,,,,,,,,12.52,12.51508331,,,,2025-12-05T13:23:08Z,2016,2016-01-01,2016-12-31
780245,GHED_GGHE-DGGE_SHA2011,COUNTRY,MYS,WPR,Western Pacific,YEAR,2014,,,,,,,,,7.82,7.82402515,,,,2025-12-05T13:23:08Z,2014,2014-01-01,2014-12-31
781521,GHED_GGHE-DGGE_SHA2011,COUNTRY,TLS,SEAR,South-East Asia,YEAR,2006,,,,,,,,,4.00,4.0001564,,,,2025-12-05T13:23:08Z,2006,2006-01-01,2006-12-31
795118,GHED_GGHE-DGGE_SHA2011,COUNTRY,COK,WPR,Western Pacific,YEAR,2022,,,,,,,,,10.75,10.75038052,,,,2025-12-05T13:23:08Z,2022,2022-01-01,2022-12-31
796204,GHED_GGHE-DGGE_SHA2011,COUNTRY,ROU,EUR,Europe,YEAR,2008,,,,,,,,,10.80,10.79983711,,,,2025-12-05T13:23:08Z,2008,2008-01-01,2008-12-31
796231,GHED_GGHE-DGGE_SHA2011,COUNTRY,SYR,EMR,Eastern Mediterranean,YEAR,2012,,,,,,,,,4.47,4.47145319,,,,2025-12-05T13:23:08Z,2012,2012-01-01,2012-12-31
796246,GHED_GGHE-DGGE_SHA2011,COUNTRY,TUV,WPR,Western Pacific,YEAR,2022,,,,,,,,,16.10,16.09881592,,,,2025-12-05T13:23:08Z,2022,2022-01-01,2022-12-31
803942,GHED_GGHE-DGGE_SHA2011,COUNTRY,ESP,EUR,Europe,YEAR,2019,,,,,,,,,15.23,15.22969532,,,,2025-12-05T13:23:08Z,2019,2019-01-01,2019-12-31
804517,GHED_GGHE-DGGE_SHA2011,COUNTRY,PHL,WPR,Western Pacific,YEAR,2009,,,,,,,,,6.64,6.64473581,,,,2025-12-05T13:23:08Z,2009,2009-01-01,2009-12-31
811737,GHED_GGHE-DGGE_SHA2011,COUNTRY,GNQ,AFR,Africa,YEAR,2019,,,,,,,,,4.79,4.79222822,,,,2025-12-05T13:23:08Z,2019,2019-01-01,2019-12-31
812840,GHED_GGHE-DGGE_SHA2011,COUNTRY,KHM,WPR,Western Pacific,YEAR,2011,,,,,,,,,6.21,6.21460676,,,,2025-12-05T13:23:08Z,2011,2011-01-01,2011-12-31
814738,GHED_GGHE-DGGE_SHA2011,COUNTRY,PRT,EUR,Europe,YEAR,2016,,,,,,,,,12.90,12.90046787,,,,2025-12-05T13:23:08Z,2016,2016-01-01,2016-12-31
816634,GHED_GGHE-DGGE_SHA2011,COUNTRY,TKM,EUR,Europe,YEAR,2012,,,,,,,,,8.71,8.70549202,,,,2025-12-05T13:23:08Z,2012,2012-01-01,2012-12-31
817992,GHED_GGHE-DGGE_SHA2011,COUNTRY,KEN,AFR,Africa,YEAR,2022,,,,,,,,,8.65,8.65115547,,,,2025-12-05T13:23:08Z,2022,2022-01-01,2022-12-31
819181,GHED_GGHE-DGGE_SHA2011,COUNTRY,BWA,AFR,Africa,YEAR,2018,,,,,,,,,11.54,11.54210281,,,,2025-12-05T13:23:08Z,2018,2018-01-01,2018-12-31
819984,GHED_GGHE-DGGE_SHA2011,REGION,SEAR,,,YEAR,2014,,,,,,,,,7.35,7.35212019,,,,2025-12-05T13:23:08Z,2014,2014-01-01,2014-12-31
824559,GHED_GGHE-DGGE_SHA2011,REGION,WPR,,,YEAR,2010,,,,,,,,,9.27,9.27077399,,,,2025-12-05T13:23:08Z,2010,2010-01-01,2010-12-31
829278,GHED_GGHE-DGGE_SHA2011,COUNTRY,MOZ,AFR,Africa,YEAR,2011,,,,,,,,,4.34,4.34422016,,,,2025-12-05T13:23:08Z,2011,2011-01-01,2011-12-31
834774,GHED_GGHE-DGGE_SHA2011,COUNTRY,BDI,AFR,Africa,YEAR,2004,,,,,,,,,5.80,5.80384302,,,,2025-12-05T13:23:08Z,2004,2004-01-01,2004-12-31
837935,GHED_GGHE-DGGE_SHA2011,COUNTRY,NIU,WPR,Western Pacific,YEAR,2011,,,,,,,,,9.11,9.11029625,,,,2025-12-05T13:23:08Z,2011,2011-01-01,2011-12-31
838976,GHED_GGHE-DGGE_SHA2011,COUNTRY,AGO,AFR,Africa,YEAR,2022,,,,,,,,,6.70,6.69963503,,,,2025-12-05T13:23:08Z,2022,2022-01-01,2022-12-31
839180,GHED_GGHE-DGGE_SHA2011,COUNTRY,SWE,EUR,Europe,YEAR,2001,,,,,,,,,12.28,12.27599049,,,,2025-12-05T13:23:08Z,2001,2001-01-01,2001-12-31
840053,GHED_GGHE-DGGE_SHA2011,COUNTRY,SUR,AMR,Americas,YEAR,2006,,,,,,,,,12.23,12.23231316,,,,2025-12-05T13:23:08Z,2006,2006-01-01,2006-12-31
842134,GHED_GGHE-DGGE_SHA2011,COUNTRY,NGA,AFR,Africa,YEAR,2012,,,,,,,,,3.67,3.66798377,,,,2025-12-05T13:23:08Z,2012,2012-01-01,2012-12-31
843245,GHED_GGHE-DGGE_SHA2011,COUNTRY,PHL,WPR,Western Pacific,YEAR,2003,,,,,,,,,5.46,5.4588623,,,,2025-12-05T13:23:08Z,2003,2003-01-01,2003-12-31
850714,GHED_GGHE-DGGE_SHA2011,COUNTRY,SVN,EUR,Europe,YEAR,2016,,,,,,,,,13.21,13.21404934,,,,2025-12-05T13:23:08Z,2016,2016-01-01,2016-12-31
851053,GHED_GGHE-DGGE_SHA2011,GLOBAL,GLOBAL,,,YEAR,2020,,,,,,,,,10.64,10.63701679,,,,2025-12-05T13:23:08Z,2020,2020-01-01,2020-12-31
851152,GHED_GGHE-DGGE_SHA2011,COUNTRY,BGD,SEAR,South-East Asia,YEAR,2022,,,,,,,,,2.62,2.623276,,,,2025-12-05T13:23:08Z,2022,2022-01-01,2022-12-31
854118,GHED_GGHE-DGGE_SHA2011,COUNTRY,ISR,EUR,Europe,YEAR,2012,,,,,,,,,10.80,10.80281639,,,,2025-12-05T13:23:08Z,2012,2012-01-01,2012-12-31
859074,GHED_GGHE-DGGE_SHA2011,REGION,EMR,,,YEAR,2006,,,,,,,,,6.87,6.8715585,,,,2025-12-05T13:23:08Z,2006,2006-01-01,2006-12-31
859863,GHED_GGHE-DGGE_SHA2011,COUNTRY,ARM,EUR,Europe,YEAR,2000,,,,,,,,,3.87,3.86989212,,,,2025-12-05T13:23:08Z,2000,2000-01-01,2000-12-31
860423,GHED_GGHE-DGGE_SHA2011,COUNTRY,SVN,EUR,Europe,YEAR,2018,,,,,,,,,13.73,13.72664261,,,,2025-12-05T13:23:08Z,2018,2018-01-01,2018-12-31
860458,GHED_GGHE-DGGE_SHA2011,COUNTRY,JAM,AMR,Americas,YEAR,2017,,,,,,,,,13.95,13.9547863,,,,2025-12-05T13:23:08Z,2017,2017-01-01,2017-12-31
864767,GHED_GGHE-DGGE_SHA2011,COUNTRY,DZA,AFR,Africa,YEAR,2003,,,,,,,,,9.44,9.43778801,,,,2025-12-05T13:23:08Z,2003,2003-01-01,2003-12-31
864847,GHED_GGHE-DGGE_SHA2011,COUNTRY,LBR,AFR,Africa,YEAR,2018,,,,,,,,,5.17,5.16622925,,,,2025-12-05T13:23:08Z,2018,2018-01-01,2018-12-31
870865,GHED_GGHE-DGGE_SHA2011,COUNTRY,NPL,SEAR,South-East Asia,YEAR,2004,,,,,,,,,5.48,5.48284864,,,,2025-12-05T13:23:08Z,2004,2004-01-01,2004-12-31
877989,GHED_GGHE-DGGE_SHA2011,COUNTRY,BIH,EUR,Europe,YEAR,2000,,,,,,,,,7.25,7.25399256,,,,2025-12-05T13:23:08Z,2000,2000-01-01,2000-12-31
878978,GHED_GGHE-DGGE_SHA2011,COUNTRY,ZMB,AFR,Africa,YEAR,2012,,,,,,,,,7.06,7.05769587,,,,2025-12-05T13:23:08Z,2012,2012-01-01,2012-12-31
879155,GHED_GGHE-DGGE_SHA2011,COUNTRY,CMR,AFR,Africa,YEAR,2007,,,,,,,,,4.23,4.22608185,,,,2025-12-05T13:23:08Z,2007,2007-01-01,2007-12-31
882027,GHED_GGHE-DGGE_SHA2011,COUNTRY,LKA,SEAR,South-East Asia,YEAR,2006,,,,,,,,,9.56,9.56101894,,,,2025-12-05T13:23:08Z,2006,2006-01-01,2006-12-31
883298,GHED_GGHE-DGGE_SHA2011,COUNTRY,KNA,AMR,Americas,YEAR,2019,,,,,,,,,6.86,6.86373711,,,,2025-12-05T13:23:08Z,2019,2019-01-01,2019-12-31
886104,GHED_GGHE-DGGE_SHA2011,COUNTRY,TON,WPR,Western Pacific,YEAR,2004,,,,,,,,,12.74,12.73838425,,,,2025-12-05T13:23:08Z,2004,2004-01-01,2004-12-31
892645,GHED_GGHE-DGGE_SHA2011,COUNTRY,SGP,WPR,Western Pacific,YEAR,2009,,,,,,,,,7.15,7.14675617,,,,2025-12-05T13:23:08Z,2009,2009-01-01,2009-12-31
896259,GHED_GGHE-DGGE_SHA2011,COUNTRY,CAN,AMR,Americas,YEAR,2006,,,,,,,,,16.78,16.78170395,,,,2025-12-05T13:23:08Z,2006,2006-01-01,2006-12-31
897756,GHED_GGHE-DGGE_SHA2011,COUNTRY,MOZ,AFR,Africa,YEAR,2007,,,,,,,,,5.60,5.60290384,,,,2025-12-05T13:23:08Z,2007,2007-01-01,2007-12-31
898954,GHED_GGHE-DGGE_SHA2011,COUNTRY,IDN,WPR,Western Pacific,YEAR,2012,,,,,,,,,4.07,4.07335424,,,,2025-12-05T13:23:08Z,2012,2012-01-01,2012-12-31
899327,GHED_GGHE-DGGE_SHA2011,COUNTRY,SUR,AMR,Americas,YEAR,2022,,,,,,,,,14.05,14.05054855,,,,2025-12-05T13:23:08Z,2022,2022-01-01,2022-12-31
900533,GHED_GGHE-DGGE_SHA2011,COUNTRY,IRN,EMR,Eastern Mediterranean,YEAR,2000,,,,,,,,,10.95,10.95240307,,,,2025-12-05T13:23:08Z,2000,2000-01-01,2000-12-31
902658,GHED_GGHE-DGGE_SHA2011,COUNTRY,DOM,AMR,Americas,YEAR,2009,,,,,,,,,14.43,14.43360138,,,,2025-12-05T13:23:08Z,2009,2009-01-01,2009-12-31
912749,GHED_GGHE-DGGE_SHA2011,COUNTRY,BIH,EUR,Europe,YEAR,2014,,,,,,,,,14.43,14.43189335,,,,2025-12-05T13:23:08Z,2014,2014-01-01,2014-12-31
916853,GHED_GGHE-DGGE_SHA2011,COUNTRY,WSM,WPR,Western Pacific,YEAR,2003,,,,,,,,,9.87,9.87378597,,,,2025-12-05T13:23:08Z,2003,2003-01-01,2003-12-31
919082,GHED_GGHE-DGGE_SHA2011,COUNTRY,WSM,WPR,Western Pacific,YEAR,2020,,,,,,,,,14.57,14.5670929,,,,2025-12-05T13:23:08Z,2020,2020-01-01,2020-12-31
921068,GHED_GGHE-DGGE_SHA2011,COUNTRY,SYC,AFR,Africa,YEAR,2011,,,,,,,,,8.28,8.27868843,,,,2025-12-05T13:23:08Z,2011,2011-01-01,2011-12-31
923126,GHED_GGHE-DGGE_SHA2011,COUNTRY,COG,AFR,Africa,YEAR,2015,,,,,,,,,2.71,2.70981026,,,,2025-12-05T13:23:08Z,2015,2015-01-01,2015-12-31
929345,GHED_GGHE-DGGE_SHA2011,COUNTRY,KEN,AFR,Africa,YEAR,2014,,,,,,,,,7.85,7.8450079,,,,2025-12-05T13:23:08Z,2014,2014-01-01,2014-12-31
929477,GHED_GGHE-DGGE_SHA2011,WORLDBANKINCOMEGROUP,WB_HI,,,YEAR,2011,,,,,,,,,12.72,12.71787601,,,,2025-12-05T13:23:08Z,2011,2011-01-01,2011-12-31
929984,GHED_GGHE-DGGE_SHA2011,COUNTRY,BEL,EUR,Europe,YEAR,2004,,,,,,,,,14.18,14.17946815,,,,2025-12-05T13:23:08Z,2004,2004-01-01,2004-12-31
931213,GHED_GGHE-DGGE_SHA2011,COUNTRY,MLI,AFR,Africa,YEAR,2004,,,,,,,,,7.30,7.30054569,,,,2025-12-05T13:23:08Z,2004,2004-01-01,2004-12-31
933036,GHED_GGHE-DGGE_SHA2011,COUNTRY,YEM,EMR,Eastern Mediterranean,YEAR,2003,,,,,,,,,6.81,6.80722618,,,,2025-12-05T13:23:08Z,2003,2003-01-01,2003-12-31
935204,GHED_GGHE-DGGE_SHA2011,COUNTRY,VUT,WPR,Western Pacific,YEAR,2018,,,,,,,,,6.44,6.4368844,,,,2025-12-05T13:23:08Z,2018,2018-01-01,2018-12-31
938004,GHED_GGHE-DGGE_SHA2011,COUNTRY,NER,AFR,Africa,YEAR,2015,,,,,,,,,4.59,4.58634472,,,,2025-12-05T13:23:08Z,2015,2015-01-01,2015-12-31
949129,GHED_GGHE-DGGE_SHA2011,COUNTRY,MDA,EUR,Europe,YEAR,2021,,,,,,,,,14.62,14.62191486,,,,2025-12-05T13:23:08Z,2021,2021-01-01,2021-12-31
949480,GHED_GGHE-DGGE_SHA2011,COUNTRY,COK,WPR,Western Pacific,YEAR,2000,,,,,,,,,9.63,9.6333189,,,,2025-12-05T13:23:08Z,2000,2000-01-01,2000-12-31
950632,GHED_GGHE-DGGE_SHA2011,COUNTRY,SOM,EMR,Eastern Mediterranean,YEAR,2023,,,,,,,,,7.90,7.90446997,,,,2025-12-05T13:23:08Z,2023,2023-01-01,2023-12-31
953911,GHED_GGHE-DGGE_SHA2011,COUNTRY,BRN,WPR,Western Pacific,YEAR,2010,,,,,,,,,5.78,5.77683496,,,,2025-12-05T13:23:08Z,2010,2010-01-01,2010-12-31
957374,GHED_GGHE-DGGE_SHA2011,COUNTRY,BHS,AMR,Americas,YEAR,2002,,,,,,,,,13.41,13.40527344,,,,2025-12-05T13:23:08Z,2002,2002-01-01,2002-12-31
960960,GHED_GGHE-DGGE_SHA2011,COUNTRY,MCO,EUR,Europe,YEAR,2003,,,,,,,,,18.34,18.3401413,,,,2025-12-05T13:23:08Z,2003,2003-01-01,2003-12-31
961665,GHED_GGHE-DGGE_SHA2011,COUNTRY,TCD,AFR,Africa,YEAR,2014,,,,,,,,,5.55,5.54861546,,,,2025-12-05T13:23:08Z,2014,2014-01-01,2014-12-31
962447,GHED_GGHE-DGGE_SHA2011,COUNTRY,UGA,AFR,Africa,YEAR,2007,,,,,,,,,7.79,7.79291201,,,,2025-12-05T13:23:08Z,2007,2007-01-01,2007-12-31
965518,GHED_GGHE-DGGE_SHA2011,COUNTRY,BRN,WPR,Western Pacific,YEAR,2002,,,,,,,,,5.11,5.1140027,,,,2025-12-05T13:23:08Z,2002,2002-01-01,2002-12-31
965539,GHED_GGHE-DGGE_SHA2011,COUNTRY,MLI,AFR,Africa,YEAR,2017,,,,,,,,,5.14,5.13726282,,,,2025-12-05T13:23:08Z,2017,2017-01-01,2017-12-31
965996,GHED_GGHE-DGGE_SHA2011,COUNTRY,MEX,AMR,Americas,YEAR,2005,,,,,,,,,11.14,11.14233589,,,,2025-12-05T13:23:08Z,2005,2005-01-01,2005-12-31
966202,GHED_GGHE-DGGE_SHA2011,COUNTRY,AGO,AFR,Africa,YEAR,2017,,,,,,,,,5.36,5.36431932,,,,2025-12-05T13:23:08Z,2017,2017-01-01,2017-12-31
966250,GHED_GGHE-DGGE_SHA2011,COUNTRY,CZE,EUR,Europe,YEAR,2001,,,,,,,,,11.84,11.83805084,,,,2025-12-05T13:23:08Z,2001,2001-01-01,2001-12-31
968886,GHED_GGHE-DGGE_SHA2011,COUNTRY,TON,WPR,Western Pacific,YEAR,2011,,,,,,,,,8.40,8.39936638,,,,2025-12-05T13:23:08Z,2011,2011-01-01,2011-12-31
969334,GHED_GGHE-DGGE_SHA2011,COUNTRY,BGR,EUR,Europe,YEAR,2016,,,,,,,,,11.83,11.82779217,,,,2025-12-05T13:23:08Z,2016,2016-01-01,2016-12-31
970253,GHED_GGHE-DGGE_SHA2011,COUNTRY,TON,WPR,Western Pacific,YEAR,2003,,,,,,,,,12.09,12.0887661,,,,2025-12-05T13:23:08Z,2003,2003-01-01,2003-12-31
970705,GHED_GGHE-DGGE_SHA2011,COUNTRY,GRD,AMR,Americas,YEAR,2022,,,,,,,,,6.28,6.28453064,,,,2025-12-05T13:23:08Z,2022,2022-01-01,2022-12-31
971436,GHED_GGHE-DGGE_SHA2011,COUNTRY,UZB,EUR,Europe,YEAR,2019,,,,,,,,,8.28,8.27828789,,,,2025-12-05T13:23:08Z,2019,2019-01-01,2019-12-31
971517,GHED_GGHE-DGGE_SHA2011,REGION,EMR,,,YEAR,2022,,,,,,,,,8.65,8.64997613,,,,2025-12-05T13:23:08Z,2022,2022-01-01,2022-12-31
976374,GHED_GGHE-DGGE_SHA2011,COUNTRY,SVK,EUR,Europe,YEAR,2012,,,,,,,,,13.37,13.37163925,,,,2025-12-05T13:23:08Z,2012,2012-01-01,2012-12-31
977133,GHED_GGHE-DGGE_SHA2011,COUNTRY,EST,EUR,Europe,YEAR,2023,,,,,,,,,12.96,12.95845318,,,,2025-12-05T13:23:08Z,2023,2023-01-01,2023-12-31
983180,GHED_GGHE-DGGE_SHA2011,COUNTRY,NOR,EUR,Europe,YEAR,2019,,,,,,,,,17.52,17.51844025,,,,2025-12-05T13:23:08Z,2019,2019-01-01,2019-12-31
987037,GHED_GGHE-DGGE_SHA2011,COUNTRY,ESP,EUR,Europe,YEAR,2009,,,,,,,,,14.79,14.7896204,,,,2025-12-05T13:23:08Z,2009,2009-01-01,2009-12-31
987646,GHED_GGHE-DGGE_SHA2011,COUNTRY,DNK,EUR,Europe,YEAR,2020,,,,,,,,,16.91,16.90719795,,,,2025-12-05T13:23:08Z,2020,2020-01-01,2020-12-31
992928,GHED_GGHE-DGGE_SHA2011,COUNTRY,BGD,SEAR,South-East Asia,YEAR,2020,,,,,,,,,2.67,2.67329168,,,,2025-12-05T13:23:08Z,2020,2020-01-01,2020-12-31
992968,GHED_GGHE-DGGE_SHA2011,COUNTRY,UZB,EUR,Europe,YEAR,2013,,,,,,,,,9.52,9.51825428,,,,2025-12-05T13:23:08Z,2013,2013-01-01,2013-12-31
997252,GHED_GGHE-DGGE_SHA2011,COUNTRY,NZL,WPR,Western Pacific,YEAR,2022,,,,,,,,,21.13,21.13257408,,,,2025-12-05T13:23:08Z,2022,2022-01-01,2022-12-31
1019193,GHED_GGHE-DGGE_SHA2011,COUNTRY,MWI,AFR,Africa,YEAR,2004,,,,,,,,,5.00,4.99515104,,,,2025-12-05T13:23:08Z,2004,2004-01-01,2004-12-31
1020941,GHED_GGHE-DGGE_SHA2011,COUNTRY,SEN,AFR,Africa,YEAR,2016,,,,,,,,,4.46,4.45693302,,,,2025-12-05T13:23:08Z,2016,2016-01-01,2016-12-31
1023268,GHED_GGHE-DGGE_SHA2011,COUNTRY,TKM,EUR,Europe,YEAR,2018,,,,,,,,,8.71,8.71407223,,,,2025-12-05T13:23:08Z,2018,2018-01-01,2018-12-31
1028780,GHED_GGHE-DGGE_SHA2011,COUNTRY,LCA,AMR,Americas,YEAR,2008,,,,,,,,,7.22,7.21546507,,,,2025-12-05T13:23:08Z,2008,2008-01-01,2008-12-31
1029589,GHED_GGHE-DGGE_SHA2011,COUNTRY,TJK,EUR,Europe,YEAR,2021,,,,,,,,,7.02,7.02093792,,,,2025-12-05T13:23:08Z,2021,2021-01-01,2021-12-31
1029881,GHED_GGHE-DGGE_SHA2011,COUNTRY,ZAF,AFR,Africa,YEAR,2003,,,,,,,,,12.34,12.33823776,,,,2025-12-05T13:23:08Z,2003,2003-01-01,2003-12-31
1030328,GHED_GGHE-DGGE_SHA2011,COUNTRY,CHN,WPR,Western Pacific,YEAR,2013,,,,,,,,,9.42,9.41684246,,,,2025-12-05T13:23:08Z,2013,2013-01-01,2013-12-31
1034402,GHED_GGHE-DGGE_SHA2011,COUNTRY,GHA,AFR,Africa,YEAR,2021,,,,,,,,,7.71,7.71420717,,,,2025-12-05T13:23:08Z,2021,2021-01-01,2021-12-31
1036930,GHED_GGHE-DGGE_SHA2011,COUNTRY,KIR,WPR,Western Pacific,YEAR,2007,,,,,,,,,11.38,11.375,,,,2025-12-05T13:23:08Z,2007,2007-01-01,2007-12-31
1038152,GHED_GGHE-DGGE_SHA2011,COUNTRY,SVN,EUR,Europe,YEAR,2007,,,,,,,,,12.18,12.17958164,,,,2025-12-05T13:23:08Z,2007,2007-01-01,2007-12-31
1038670,GHED_GGHE-DGGE_SHA2011,COUNTRY,EST,EUR,Europe,YEAR,2003,,,,,,,,,11.08,11.07697296,,,,2025-12-05T13:23:08Z,2003,2003-01-01,2003-12-31
1040726,GHED_GGHE-DGGE_SHA2011,COUNTRY,TUR,EUR,Europe,YEAR,2018,,,,,,,,,9.30,9.29888058,,,,2025-12-05T13:23:08Z,2018,2018-01-01,2018-12-31
1041485,GHED_GGHE-DGGE_SHA2011,COUNTRY,NPL,SEAR,South-East Asia,YEAR,2008,,,,,,,,,5.31,5.31127596,,,,2025-12-05T13:23:08Z,2008,2008-01-01,2008-12-31
1041951,GHED_GGHE-DGGE_SHA2011,COUNTRY,KNA,AMR,Americas,YEAR,2003,,,,,,,,,6.79,6.79344225,,,,2025-12-05T13:23:08Z,2003,2003-01-01,2003-12-31
1043380,GHED_GGHE-DGGE_SHA2011,COUNTRY,CHE,EUR,Europe,YEAR,2023,,,,,,,,,11.65,11.64929962,,,,2025-12-05T13:23:08Z,2023,2023-01-01,2023-12-31
1044780,GHED_GGHE-DGGE_SHA2011,COUNTRY,MLI,AFR,Africa,YEAR,2005,,,,,,,,,6.46,6.45820856,,,,2025-12-05T13:23:08Z,2005,2005-01-01,2005-12-31
1044852,GHED_GGHE-DGGE_SHA2011,COUNTRY,LVA,EUR,Europe,YEAR,2014,,,,,,,,,8.38,8.37547684,,,,2025-12-05T13:23:08Z,2014,2014-01-01,2014-12-31
1045840,GHED_GGHE-DGGE_SHA2011,COUNTRY,ALB,EUR,Europe,YEAR,2003,,,,,,,,,9.00,8.99717617,,,,2025-12-05T13:23:08Z,2003,2003-01-01,2003-12-31
1046126,GHED_GGHE-DGGE_SHA2011,COUNTRY,TON,WPR,Western Pacific,YEAR,2006,,,,,,,,,11.16,11.15502167,,,,2025-12-05T13:23:08Z,2006,2006-01-01,2006-12-31
1047211,GHED_GGHE-DGGE_SHA2011,COUNTRY,MDG,AFR,Africa,YEAR,2009,,,,,,,,,10.44,10.43949318,,,,2025-12-05T13:23:08Z,2009,2009-01-01,2009-12-31
1047364,GHED_GGHE-DGGE_SHA2011,COUNTRY,DOM,AMR,Americas,YEAR,2019,,,,,,,,,14.95,14.95226765,,,,2025-12-05T13:23:08Z,2019,2019-01-01,2019-12-31
1047614,GHED_GGHE-DGGE_SHA2011,COUNTRY,ARM,EUR,Europe,YEAR,2020,,,,,,,,,7.69,7.6896224,,,,2025-12-05T13:23:08Z,2020,2020-01-01,2020-12-31
1054012,GHED_GGHE-DGGE_SHA2011,COUNTRY,SVN,EUR,Europe,YEAR,2000,,,,,,,,,11.73,11.72850704,,,,2025-12-05T13:23:08Z,2000,2000-01-01,2000-12-31
1054315,GHED_GGHE-DGGE_SHA2011,COUNTRY,SUR,AMR,Americas,YEAR,2015,,,,,,,,,10.86,10.85628891,,,,2025-12-05T13:23:08Z,2015,2015-01-01,2015-12-31
1055127,GHED_GGHE-DGGE_SHA2011,COUNTRY,CZE,EUR,Europe,YEAR,2004,,,,,,,,,13.14,13.14472771,,,,2025-12-05T13:23:08Z,2004,2004-01-01,2004-12-31
1056482,GHED_GGHE-DGGE_SHA2011,COUNTRY,MDV,SEAR,South-East Asia,YEAR,2008,,,,,,,,,17.99,17.98668861,,,,2025-12-05T13:23:08Z,2008,2008-01-01,2008-12-31
1059619,GHED_GGHE-DGGE_SHA2011,COUNTRY,THA,SEAR,South-East Asia,YEAR,2005,,,,,,,,,10.50,10.5017271,,,,2025-12-05T13:23:08Z,2005,2005-01-01,2005-12-31
1060449,GHED_GGHE-DGGE_SHA2011,COUNTRY,KIR,WPR,Western Pacific,YEAR,2003,,,,,,,,,11.41,11.40624046,,,,2025-12-05T13:23:08Z,2003,2003-01-01,2003-12-31
1063482,GHED_GGHE-DGGE_SHA2011,COUNTRY,JAM,AMR,Americas,YEAR,2015,,,,,,,,,12.82,12.82021999,,,,2025-12-05T13:23:08Z,2015,2015-01-01,2015-12-31
1064686,GHED_GGHE-DGGE_SHA2011,COUNTRY,DNK,EUR,Europe,YEAR,2017,,,,,,,,,16.78,16.78060341,,,,2025-12-05T13:23:08Z,2017,2017-01-01,2017-12-31
1066071,GHED_GGHE-DGGE_SHA2011,COUNTRY,VCT,AMR,Americas,YEAR,2010,,,,,,,,,8.21,8.20729446,,,,2025-12-05T13:23:08Z,2010,2010-01-01,2010-12-31
1070071,GHED_GGHE-DGGE_SHA2011,COUNTRY,SAU,EMR,Eastern Mediterranean,YEAR,2000,,,,,,,,,9.16,9.1586647,,,,2025-12-05T13:23:08Z,2000,2000-01-01,2000-12-31
1070798,GHED_GGHE-DGGE_SHA2011,COUNTRY,SYR,EMR,Eastern Mediterranean,YEAR,2003,,,,,,,,,7.51,7.51466179,,,,2025-12-05T13:23:08Z,2003,2003-01-01,2003-12-31
1075198,GHED_GGHE-DGGE_SHA2011,COUNTRY,SMR,EUR,Europe,YEAR,2017,,,,,,,,,28.30,28.2982235,,,,2025-12-05T13:23:08Z,2017,2017-01-01,2017-12-31
1075306,GHED_GGHE-DGGE_SHA2011,REGION,EUR,,,YEAR,2001,,,,,,,,,11.09,11.08762476,,,,2025-12-05T13:23:08Z,2001,2001-01-01,2001-12-31
1081197,GHED_GGHE-DGGE_SHA2011,COUNTRY,HND,AMR,Americas,YEAR,2003,,,,,,,,,9.88,9.88268948,,,,2025-12-05T13:23:08Z,2003,2003-01-01,2003-12-31
1081306,GHED_GGHE-DGGE_SHA2011,COUNTRY,ALB,EUR,Europe,YEAR,2002,,,,,,,,,8.21,8.20897484,,,,2025-12-05T13:23:08Z,2002,2002-01-01,2002-12-31
1083579,GHED_GGHE-DGGE_SHA2011,COUNTRY,CRI,AMR,Americas,YEAR,2018,,,,,,,,,27.91,27.91470909,,,,2025-12-05T13:23:08Z,2018,2018-01-01,2018-12-31
1084910,GHED_GGHE-DGGE_SHA2011,COUNTRY,AZE,EUR,Europe,YEAR,2021,,,,,,,,,4.61,4.60517836,,,,2025-12-05T13:23:08Z,2021,2021-01-01,2021-12-31
1086142,GHED_GGHE-DGGE_SHA2011,COUNTRY,LBN,EMR,Eastern Mediterranean,YEAR,2019,,,,,,,,,13.68,13.68380451,,,,2025-12-05T13:23:08Z,2019,2019-01-01,2019-12-31
1091418,GHED_GGHE-DGGE_SHA2011,COUNTRY,ROU,EUR,Europe,YEAR,2014,,,,,,,,,11.17,11.16535473,,,,2025-12-05T13:23:08Z,2014,2014-01-01,2014-12-31
1096888,GHED_GGHE-DGGE_SHA2011,COUNTRY,GRD,AMR,Americas,YEAR,2019,,,,,,,,,9.43,9.43220234,,,,2025-12-05T13:23:08Z,2019,2019-01-01,2019-12-31
1101651,GHED_GGHE-DGGE_SHA2011,COUNTRY,BIH,EUR,Europe,YEAR,2017,,,,,,,,,15.47,15.4665451,,,,2025-12-05T13:23:08Z,2017,2017-01-01,2017-12-31
1102960,GHED_GGHE-DGGE_SHA2011,COUNTRY,ARE,EMR,Eastern Mediterranean,YEAR,2022,,,,,,,,,12.98,12.97939968,,,,2025-12-05T13:23:08Z,2022,2022-01-01,2022-12-31
1104251,GHED_GGHE-DGGE_SHA2011,COUNTRY,SLB,WPR,Western Pacific,YEAR,2009,,,,,,,,,12.50,12.50418663,,,,2025-12-05T13:23:08Z,2009,2009-01-01,2009-12-31
1106210,GHED_GGHE-DGGE_SHA2011,COUNTRY,MLT,EUR,Europe,YEAR,2008,,,,,,,,,12.03,12.02801418,,,,2025-12-05T13:23:08Z,2008,2008-01-01,2008-12-31
1109353,GHED_GGHE-DGGE_SHA2011,COUNTRY,FIN,EUR,Europe,YEAR,2004,,,,,,,,,12.77,12.7714138,,,,2025-12-05T13:23:08Z,2004,2004-01-01,2004-12-31
1110382,GHED_GGHE-DGGE_SHA2011,COUNTRY,ETH,AFR,Africa,YEAR,2021,,,,,,,,,7.10,7.09674501,,,,2025-12-05T13:23:08Z,2021,2021-01-01,2021-12-31
1110582,GHED_GGHE-DGGE_SHA2011,COUNTRY,VCT,AMR,Americas,YEAR,2022,,,,,,,,,8.70,8.70174885,,,,2025-12-05T13:23:08Z,2022,2022-01-01,2022-12-31
1112109,GHED_GGHE-DGGE_SHA2011,COUNTRY,ALB,EUR,Europe,YEAR,2000,,,,,,,,,8.17,8.17372704,,,,2025-12-05T13:23:08Z,2000,2000-01-01,2000-12-31
1113143,GHED_GGHE-DGGE_SHA2011,COUNTRY,BDI,AFR,Africa,YEAR,2011,,,,,,,,,8.23,8.22791386,,,,2025-12-05T13:23:08Z,2011,2011-01-01,2011-12-31
1118825,GHED_GGHE-DGGE_SHA2011,COUNTRY,CHN,WPR,Western Pacific,YEAR,2018,,,,,,,,,8.76,8.76146317,,,,2025-12-05T13:23:08Z,2018,2018-01-01,2018-12-31
1119294,GHED_GGHE-DGGE_SHA2011,COUNTRY,MDA,EUR,Europe,YEAR,2019,,,,,,,,,12.12,12.1204834,,,,2025-12-05T13:23:08Z,2019,2019-01-01,2019-12-31
1120539,GHED_GGHE-DGGE_SHA2011,WORLDBANKINCOMEGROUP,WB_LMI,,,YEAR,2019,,,,,,,,,7.51,7.50996588,,,,2025-12-05T13:23:08Z,2019,2019-01-01,2019-12-31
1121790,GHED_GGHE-DGGE_SHA2011,COUNTRY,NOR,EUR,Europe,YEAR,2023,,,,,,,,,17.37,17.36733437,,,,2025-12-05T13:23:08Z,2023,2023-01-01,2023-12-31
1122658,GHED_GGHE-DGGE_SHA2011,GLOBAL,GLOBAL,,,YEAR,2007,,,,,,,,,9.69,9.68806661,,,,2025-12-05T13:23:08Z,2007,2007-01-01,2007-12-31
1128777,GHED_GGHE-DGGE_SHA2011,COUNTRY,IRQ,EMR,Eastern Mediterranean,YEAR,2006,,,,,,,,,3.05,3.0470798,,,,2025-12-05T13:23:08Z,2006,2006-01-01,2006-12-31
1130764,GHED_GGHE-DGGE_SHA2011,COUNTRY,IRN,EMR,Eastern Mediterranean,YEAR,2008,,,,,,,,,9.48,9.47516823,,,,2025-12-05T13:23:08Z,2008,2008-01-01,2008-12-31
1131019,GHED_GGHE-DGGE_SHA2011,COUNTRY,LKA,SEAR,South-East Asia,YEAR,2013,,,,,,,,,10.10,10.10018063,,,,2025-12-05T13:23:08Z,2013,2013-01-01,2013-12-31
1136117,GHED_GGHE-DGGE_SHA2011,COUNTRY,RUS,EUR,Europe,YEAR,2011,,,,,,,,,9.03,9.03166866,,,,2025-12-05T13:23:08Z,2011,2011-01-01,2011-12-31
1136721,GHED_GGHE-DGGE_SHA2011,COUNTRY,ZAF,AFR,Africa,YEAR,2011,,,,,,,,,14.67,14.67442226,,,,2025-12-05T13:23:08Z,2011,2011-01-01,2011-12-31
1136812,GHED_GGHE-DGGE_SHA2011,COUNTRY,VEN,AMR,Americas,YEAR,2020,,,,,,,,,5.85,5.84996223,,,,2025-12-05T13:23:08Z,2020,2020-01-01,2020-12-31
1138028,GHED_GGHE-DGGE_SHA2011,COUNTRY,SRB,EUR,Europe,YEAR,2018,,,,,,,,,12.45,12.44849491,,,,2025-12-05T13:23:08Z,2018,2018-01-01,2018-12-31
1138168,GHED_GGHE-DGGE_SHA2011,COUNTRY,VNM,WPR,Western Pacific,YEAR,2004,,,,,,,,,8.69,8.6892519,,,,2025-12-05T13:23:08Z,2004,2004-01-01,2004-12-31
1143616,GHED_GGHE-DGGE_SHA2011,COUNTRY,NZL,WPR,Western Pacific,YEAR,2009,,,,,,,,,17.82,17.82390213,,,,2025-12-05T13:23:08Z,2009,2009-01-01,2009-12-31
1146888,GHED_GGHE-DGGE_SHA2011,COUNTRY,MUS,AFR,Africa,YEAR,2003,,,,,,,,,7.12,7.11917353,,,,2025-12-05T13:23:08Z,2003,2003-01-01,2003-12-31
1154620,GHED_GGHE-DGGE_SHA2011,WORLDBANKINCOMEGROUP,WB_LI,,,YEAR,2012,,,,,,,,,5.38,5.38436156,,,,2025-12-05T13:23:08Z,2012,2012-01-01,2012-12-31
1154862,GHED_GGHE-DGGE_SHA2011,COUNTRY,PSE,EMR,Eastern Mediterranean,YEAR,2023,,,,,,,,,14.43,14.43092155,,,,2025-12-05T13:23:08Z,2023,2023-01-01,2023-12-31
1161075,GHED_GGHE-DGGE_SHA2011,COUNTRY,PNG,WPR,Western Pacific,YEAR,2016,,,,,,,,,8.04,8.04091835,,,,2025-12-05T13:23:08Z,2016,2016-01-01,2016-12-31
1162081,GHED_GGHE-DGGE_SHA2011,COUNTRY,UGA,AFR,Africa,YEAR,2011,,,,,,,,,6.90,6.89700985,,,,2025-12-05T13:23:08Z,2011,2011-01-01,2011-12-31
1162141,GHED_GGHE-DGGE_SHA2011,COUNTRY,IND,SEAR,South-East Asia,YEAR,2023,,,,,,,,,4.59,4.58670855,,,,2025-12-05T13:23:08Z,2023,2023-01-01,2023-12-31
1166771,GHED_GGHE-DGGE_SHA2011,COUNTRY,LBR,AFR,Africa,YEAR,2008,,,,,,,,,4.25,4.25491762,,,,2025-12-05T13:23:08Z,2008,2008-01-01,2008-12-31
1170807,GHED_GGHE-DGGE_SHA2011,COUNTRY,CIV,AFR,Africa,YEAR,2013,,,,,,,,,4.59,4.58988285,,,,2025-12-05T13:23:08Z,2013,2013-01-01,2013-12-31
1172085,GHED_GGHE-DGGE_SHA2011,COUNTRY,ROU,EUR,Europe,YEAR,2018,,,,,,,,,12.80,12.80216503,,,,2025-12-05T13:23:08Z,2018,2018-01-01,2018-12-31
1173542,GHED_GGHE-DGGE_SHA2011,COUNTRY,TUV,WPR,Western Pacific,YEAR,2023,,,,,,,,,17.49,17.48996162,,,,2025-12-05T13:23:08Z,2023,2023-01-01,2023-12-31
1174553,GHED_GGHE-DGGE_SHA2011,WORLDBANKINCOMEGROUP,WB_LI,,,YEAR,2002,,,,,,,,,6.50,6.50490263,,,,2025-12-05T13:23:08Z,2002,2002-01-01,2002-12-31
1175406,GHED_GGHE-DGGE_SHA2011,COUNTRY,BHS,AMR,Americas,YEAR,2013,,,,,,,,,14.02,14.02134514,,,,2025-12-05T13:23:08Z,2013,2013-01-01,2013-12-31
1177631,GHED_GGHE-DGGE_SHA2011,COUNTRY,LBR,AFR,Africa,YEAR,2023,,,,,,,,,4.79,4.79117155,,,,2025-12-05T13:23:08Z,2023,2023-01-01,2023-12-31
1177741,GHED_GGHE-DGGE_SHA2011,COUNTRY,MNE,EUR,Europe,YEAR,2012,,,,,,,,,11.61,11.60591507,,,,2025-12-05T13:23:08Z,2012,2012-01-01,2012-12-31
1182209,GHED_GGHE-DGGE_SHA2011,WORLDBANKINCOMEGROUP,WB_UMI,,,YEAR,2008,,,,,,,,,10.01,10.01395268,,,,2025-12-05T13:23:08Z,2008,2008-01-01,2008-12-31
1187075,GHED_GGHE-DGGE_SHA2011,COUNTRY,SWE,EUR,Europe,YEAR,2015,,,,,,,,,18.20,18.20180321,,,,2025-12-05T13:23:08Z,2015,2015-01-01,2015-12-31
1192391,GHED_GGHE-DGGE_SHA2011,COUNTRY,SLE,AFR,Africa,YEAR,2023,,,,,,,,,4.47,4.46844816,,,,2025-12-05T13:23:08Z,2023,2023-01-01,2023-12-31
1193064,GHED_GGHE-DGGE_SHA2011,COUNTRY,DJI,EMR,Eastern Mediterranean,YEAR,2017,,,,,,,,,4.80,4.8029952,,,,2025-12-05T13:23:08Z,2017,2017-01-01,2017-12-31
1193220,GHED_GGHE-DGGE_SHA2011,COUNTRY,MCO,EUR,Europe,YEAR,2001,,,,,,,,,14.25,14.25266552,,,,2025-12-05T13:23:08Z,2001,2001-01-01,2001-12-31
1195021,GHED_GGHE-DGGE_SHA2011,COUNTRY,BRB,AMR,Americas,YEAR,2006,,,,,,,,,12.22,12.22062492,,,,2025-12-05T13:23:08Z,2006,2006-01-01,2006-12-31
1195345,GHED_GGHE-DGGE_SHA2011,COUNTRY,QAT,EMR,Eastern Mediterranean,YEAR,2002,,,,,,,,,4.90,4.90160227,,,,2025-12-05T13:23:08Z,2002,2002-01-01,2002-12-31
1195496,GHED_GGHE-DGGE_SHA2011,COUNTRY,HRV,EUR,Europe,YEAR,2014,,,,,,,,,11.33,11.33470726,,,,2025-12-05T13:23:08Z,2014,2014-01-01,2014-12-31
1195534,GHED_GGHE-DGGE_SHA2011,COUNTRY,NIC,AMR,Americas,YEAR,2006,,,,,,,,,13.41,13.40531254,,,,2025-12-05T13:23:08Z,2006,2006-01-01,2006-12-31
1197609,GHED_GGHE-DGGE_SHA2011,COUNTRY,SYR,EMR,Eastern Mediterranean,YEAR,2017,,,,,,,,,8.94,8.94476509,,,,2025-12-05T13:23:08Z,2017,2017-01-01,2017-12-31
1198903,GHED_GGHE-DGGE_SHA2011,COUNTRY,NRU,WPR,Western Pacific,YEAR,2011,,,,,,,,,12.48,12.48200321,,,,2025-12-05T13:23:08Z,2011,2011-01-01,2011-12-31
1199571,GHED_GGHE-DGGE_SHA2011,COUNTRY,MLT,EUR,Europe,YEAR,2019,,,,,,,,,15.94,15.9362421,,,,2025-12-05T13:23:08Z,2019,2019-01-01,2019-12-31
1200874,GHED_GGHE-DGGE_SHA2011,COUNTRY,EST,EUR,Europe,YEAR,2014,,,,,,,,,12.43,12.42745209,,,,2025-12-05T13:23:08Z,2014,2014-01-01,2014-12-31
1207093,GHED_GGHE-DGGE_SHA2011,COUNTRY,PSE,EMR,Eastern Mediterranean,YEAR,2017,,,,,,,,,10.61,10.61223793,,,,2025-12-05T13:23:08Z,2017,2017-01-01,2017-12-31
1207192,GHED_GGHE-DGGE_SHA2011,COUNTRY,ISR,EUR,Europe,YEAR,2014,,,,,,,,,11.40,11.4034071,,,,2025-12-05T13:23:08Z,2014,2014-01-01,2014-12-31
1210924,GHED_GGHE-DGGE_SHA2011,COUNTRY,STP,AFR,Africa,YEAR,2017,,,,,,,,,10.76,10.76263332,,,,2025-12-05T13:23:08Z,2017,2017-01-01,2017-12-31
1211595,GHED_GGHE-DGGE_SHA2011,COUNTRY,NER,AFR,Africa,YEAR,2014,,,,,,,,,5.40,5.40269423,,,,2025-12-05T13:23:08Z,2014,2014-01-01,2014-12-31
1214490,GHED_GGHE-DGGE_SHA2011,COUNTRY,HTI,AMR,Americas,YEAR,2006,,,,,,,,,2.99,2.994277,,,,2025-12-05T13:23:08Z,2006,2006-01-01,2006-12-31
1217089,GHED_GGHE-DGGE_SHA2011,COUNTRY,VNM,WPR,Western Pacific,YEAR,2012,,,,,,,,,9.52,9.5150404,,,,2025-12-05T13:23:08Z,2012,2012-01-01,2012-12-31
1219320,GHED_GGHE-DGGE_SHA2011,COUNTRY,TLS,SEAR,South-East Asia,YEAR,2019,,,,,,,,,4.19,4.19340992,,,,2025-12-05T13:23:08Z,2019,2019-01-01,2019-12-31
1219674,GHED_GGHE-DGGE_SHA2011,COUNTRY,DZA,AFR,Africa,YEAR,2001,,,,,,,,,9.27,9.26661205,,,,2025-12-05T13:23:08Z,2001,2001-01-01,2001-12-31
1221332,GHED_GGHE-DGGE_SHA2011,COUNTRY,NOR,EUR,Europe,YEAR,2009,,,,,,,,,16.48,16.47738075,,,,2025-12-05T13:23:08Z,2009,2009-01-01,2009-12-31
1222358,GHED_GGHE-DGGE_SHA2011,COUNTRY,UGA,AFR,Africa,YEAR,2022,,,,,,,,,4.86,4.86039877,,,,2025-12-05T13:23:08Z,2022,2022-01-01,2022-12-31
1232858,GHED_GGHE-DGGE_SHA2011,COUNTRY,BRA,AMR,Americas,YEAR,2006,,,,,,,,,8.32,8.32019424,,,,2025-12-05T13:23:08Z,2006,2006-01-01,2006-12-31
1233119,GHED_GGHE-DGGE_SHA2011,COUNTRY,LAO,WPR,Western Pacific,YEAR,2017,,,,,,,,,4.08,4.07695913,,,,2025-12-05T13:23:08Z,2017,2017-01-01,2017-12-31
1235043,GHED_GGHE-DGGE_SHA2011,COUNTRY,MNE,EUR,Europe,YEAR,2023,,,,,,,,,16.60,16.5957489,,,,2025-12-05T13:23:08Z,2023,2023-01-01,2023-12-31
1235904,GHED_GGHE-DGGE_SHA2011,COUNTRY,GNQ,AFR,Africa,YEAR,2021,,,,,,,,,9.00,8.99737644,,,,2025-12-05T13:23:08Z,2021,2021-01-01,2021-12-31
1239790,GHED_GGHE-DGGE_SHA2011,COUNTRY,KAZ,EUR,Europe,YEAR,2000,,,,,,,,,9.25,9.24614048,,,,2025-12-05T13:23:08Z,2000,2000-01-01,2000-12-31
1242637,GHED_GGHE-DGGE_SHA2011,COUNTRY,UKR,EUR,Europe,YEAR,2000,,,,,,,,,7.08,7.08121443,,,,2025-12-05T13:23:08Z,2000,2000-01-01,2000-12-31
1242653,GHED_GGHE-DGGE_SHA2011,COUNTRY,LBY,EMR,Eastern Mediterranean,YEAR,2019,,,,,,,,,8.36,8.36049366,,,,2025-12-05T13:23:08Z,2019,2019-01-01,2019-12-31
1243111,GHED_GGHE-DGGE_SHA2011,COUNTRY,COD,AFR,Africa,YEAR,2006,,,,,,,,,2.50,2.49895263,,,,2025-12-05T13:23:08Z,2006,2006-01-01,2006-12-31
1243659,GHED_GGHE-DGGE_SHA2011,COUNTRY,ECU,AMR,Americas,YEAR,2016,,,,,,,,,10.48,10.47951508,,,,2025-12-05T13:23:08Z,2016,2016-01-01,2016-12-31
1247055,GHED_GGHE-DGGE_SHA2011,COUNTRY,KGZ,EUR,Europe,YEAR,2014,,,,,,,,,7.14,7.13890553,,,,2025-12-05T13:23:08Z,2014,2014-01-01,2014-12-31
1247074,GHED_GGHE-DGGE_SHA2011,COUNTRY,MKD,EUR,Europe,YEAR,2022,,,,,,,,,12.05,12.04928493,,,,2025-12-05T13:23:08Z,2022,2022-01-01,2022-12-31
1248819,GHED_GGHE-DGGE_SHA2011,COUNTRY,JOR,EMR,Eastern Mediterranean,YEAR,2020,,,,,,,,,10.77,10.76589775,,,,2025-12-05T13:23:08Z,2020,2020-01-01,2020-12-31
1249440,GHED_GGHE-DGGE_SHA2011,COUNTRY,ARG,AMR,Americas,YEAR,2022,,,,,,,,,15.80,15.7950449,,,,2025-12-05T13:23:08Z,2022,2022-01-01,2022-12-31
1251588,GHED_GGHE-DGGE_SHA2011,COUNTRY,PSE,EMR,Eastern Mediterranean,YEAR,2021,,,,,,,,,13.84,13.84066105,,,,2025-12-05T13:23:08Z,2021,2021-01-01,2021-12-31
1258619,GHED_GGHE-DGGE_SHA2011,COUNTRY,SLV,AMR,Americas,YEAR,2007,,,,,,,,,17.98,17.98424721,,,,2025-12-05T13:23:08Z,2007,2007-01-01,2007-12-31
1259250,GHED_GGHE-DGGE_SHA2011,COUNTRY,MNE,EUR,Europe,YEAR,2022,,,,,,,,,17.12,17.12354469,,,,2025-12-05T13:23:08Z,2022,2022-01-01,2022-12-31
1259393,GHED_GGHE-DGGE_SHA2011,COUNTRY,GMB,AFR,Africa,YEAR,2020,,,,,,,,,7.70,7.69847441,,,,2025-12-05T13:23:08Z,2020,2020-01-01,2020-12-31
1259847,GHED_GGHE-DGGE_SHA2011,COUNTRY,SVK,EUR,Europe,YEAR,2002,,,,,,,,,10.55,10.55007839,,,,2025-12-05T13:23:08Z,2002,2002-01-01,2002-12-31
1261156,GHED_GGHE-DGGE_SHA2011,COUNTRY,BEL,EUR,Europe,YEAR,2007,,,,,,,,,13.95,13.94859219,,,,2025-12-05T13:23:08Z,2007,2007-01-01,2007-12-31
1261696,GHED_GGHE-DGGE_SHA2011,COUNTRY,AFG,EMR,Eastern Mediterranean,YEAR,2017,,,,,,,,,2.32,2.31911564,,,,2025-12-05T13:23:08Z,2017,2017-01-01,2017-12-31
1261950,GHED_GGHE-DGGE_SHA2011,REGION,AFR,,,YEAR,2020,,,,,,,,,7.26,7.25691175,,,,2025-12-05T13:23:08Z,2020,2020-01-01,2020-12-31
1265536,GHED_GGHE-DGGE_SHA2011,COUNTRY,QAT,EMR,Eastern Mediterranean,YEAR,2010,,,,,,,,,4.15,4.149333,,,,2025-12-05T13:23:08Z,2010,2010-01-01,2010-12-31
1266536,GHED_GGHE-DGGE_SHA2011,COUNTRY,NGA,AFR,Africa,YEAR,2021,,,,,,,,,4.31,4.3079586,,,,2025-12-05T13:23:08Z,2021,2021-01-01,2021-12-31
1268864,GHED_GGHE-DGGE_SHA2011,COUNTRY,VNM,WPR,Western Pacific,YEAR,2019,,,,,,,,,10.20,10.19859123,,,,2025-12-05T13:23:08Z,2019,2019-01-01,2019-12-31
1272900,GHED_GGHE-DGGE_SHA2011,COUNTRY,PAN,AMR,Americas,YEAR,2002,,,,,,,,,18.84,18.8447361,,,,2025-12-05T13:23:08Z,2002,2002-01-01,2002-12-31
1274784,GHED_GGHE-DGGE_SHA2011,COUNTRY,MRT,AFR,Africa,YEAR,2019,,,,,,,,,6.18,6.17791986,,,,2025-12-05T13:23:08Z,2019,2019-01-01,2019-12-31
1279667,GHED_GGHE-DGGE_SHA2011,COUNTRY,ARE,EMR,Eastern Mediterranean,YEAR,2007,,,,,,,,,8.53,8.52688599,,,,2025-12-05T13:23:08Z,2007,2007-01-01,2007-12-31
1282053,GHED_GGHE-DGGE_SHA2011,COUNTRY,MAR,EMR,Eastern Mediterranean,YEAR,2022,,,,,,,,,8.60,8.59881592,,,,2025-12-05T13:23:08Z,2022,2022-01-01,2022-12-31
1282177,GHED_GGHE-DGGE_SHA2011,COUNTRY,AZE,EUR,Europe,YEAR,2000,,,,,,,,,4.75,4.75029039,,,,2025-12-05T13:23:08Z,2000,2000-01-01,2000-12-31
1284965,GHED_GGHE-DGGE_SHA2011,COUNTRY,SYC,AFR,Africa,YEAR,2013,,,,,,,,,8.47,8.47202492,,,,2025-12-05T13:23:08Z,2013,2013-01-01,2013-12-31
1285423,GHED_GGHE-DGGE_SHA2011,COUNTRY,GRD,AMR,Americas,YEAR,2009,,,,,,,,,7.98,7.98257256,,,,2025-12-05T13:23:08Z,2009,2009-01-01,2009-12-31
1292535,GHED_GGHE-DGGE_SHA2011,COUNTRY,ETH,AFR,Africa,YEAR,2011,,,,,,,,,2.09,2.09114432,,,,2025-12-05T13:23:08Z,2011,2011-01-01,2011-12-31
1293629,GHED_GGHE-DGGE_SHA2011,COUNTRY,LSO,AFR,Africa,YEAR,2005,,,,,,,,,6.00,5.99692535,,,,2025-12-05T13:23:08Z,2005,2005-01-01,2005-12-31
1296014,GHED_GGHE-DGGE_SHA2011,COUNTRY,BGD,SEAR,South-East Asia,YEAR,2004,,,,,,,,,4.87,4.86526632,,,,2025-12-05T13:23:08Z,2004,2004-01-01,2004-12-31
1296511,GHED_GGHE-DGGE_SHA2011,COUNTRY,CHL,AMR,Americas,YEAR,2013,,,,,,,,,15.41,15.41127777,,,,2025-12-05T13:23:08Z,2013,2013-01-01,2013-12-31
1297117,GHED_GGHE-DGGE_SHA2011,REGION,WPR,,,YEAR,2006,,,,,,,,,11.65,11.65416034,,,,2025-12-05T13:23:08Z,2006,2006-01-01,2006-12-31
1301292,GHED_GGHE-DGGE_SHA2011,COUNTRY,GRD,AMR,Americas,YEAR,2002,,,,,,,,,7.58,7.5790844,,,,2025-12-05T13:23:08Z,2002,2002-01-01,2002-12-31
1301512,GHED_GGHE-DGGE_SHA2011,COUNTRY,RWA,AFR,Africa,YEAR,2016,,,,,,,,,6.23,6.23024607,,,,2025-12-05T13:23:08Z,2016,2016-01-01,2016-12-31
1302237,GHED_GGHE-DGGE_SHA2011,COUNTRY,QAT,EMR,Eastern Mediterranean,YEAR,2015,,,,,,,,,8.29,8.28593731,,,,2025-12-05T13:23:08Z,2015,2015-01-01,2015-12-31
1307112,GHED_GGHE-DGGE_SHA2011,COUNTRY,CMR,AFR,Africa,YEAR,2006,,,,,,,,,5.18,5.18314695,,,,2025-12-05T13:23:08Z,2006,2006-01-01,2006-12-31
1307331,GHED_GGHE-DGGE_SHA2011,COUNTRY,TZA,AFR,Africa,YEAR,2015,,,,,,,,,7.33,7.33062935,,,,2025-12-05T13:23:08Z,2015,2015-01-01,2015-12-31
1309727,GHED_GGHE-DGGE_SHA2011,COUNTRY,KWT,EMR,Eastern Mediterranean,YEAR,2003,,,,,,,,,5.64,5.63509512,,,,2025-12-05T13:23:08Z,2003,2003-01-01,2003-12-31
1310689,GHED_GGHE-DGGE_SHA2011,COUNTRY,PNG,WPR,Western Pacific,YEAR,2014,,,,,,,,,7.47,7.47008181,,,,2025-12-05T13:23:08Z,2014,2014-01-01,2014-12-31
1312210,GHED_GGHE-DGGE_SHA2011,COUNTRY,OMN,EMR,Eastern Mediterranean,YEAR,2015,,,,,,,,,8.26,8.26050186,,,,2025-12-05T13:23:08Z,2015,2015-01-01,2015-12-31
1312441,GHED_GGHE-DGGE_SHA2011,COUNTRY,MWI,AFR,Africa,YEAR,2008,,,,,,,,,6.62,6.62496853,,,,2025-12-05T13:23:08Z,2008,2008-01-01,2008-12-31
1315965,GHED_GGHE-DGGE_SHA2011,COUNTRY,ROU,EUR,Europe,YEAR,2009,,,,,,,,,10.45,10.44604111,,,,2025-12-05T13:23:08Z,2009,2009-01-01,2009-12-31
1316434,GHED_GGHE-DGGE_SHA2011,COUNTRY,BLR,EUR,Europe,YEAR,2014,,,,,,,,,8.68,8.68483829,,,,2025-12-05T13:23:08Z,2014,2014-01-01,2014-12-31
1318304,GHED_GGHE-DGGE_SHA2011,COUNTRY,BWA,AFR,Africa,YEAR,2023,,,,,,,,,14.61,14.61013889,,,,2025-12-05T13:23:08Z,2023,2023-01-01,2023-12-31
1319259,GHED_GGHE-DGGE_SHA2011,COUNTRY,AUT,EUR,Europe,YEAR,2014,,,,,,,,,14.50,14.50227928,,,,2025-12-05T13:23:08Z,2014,2014-01-01,2014-12-31
1319642,GHED_GGHE-DGGE_SHA2011,COUNTRY,JPN,WPR,Western Pacific,YEAR,2017,,,,,,,,,24.46,24.46199036,,,,2025-12-05T13:23:08Z,2017,2017-01-01,2017-12-31
1319966,GHED_GGHE-DGGE_SHA2011,COUNTRY,BRA,AMR,Americas,YEAR,2005,,,,,,,,,7.99,7.98956394,,,,2025-12-05T13:23:08Z,2005,2005-01-01,2005-12-31
1320738,GHED_GGHE-DGGE_SHA2011,COUNTRY,WSM,WPR,Western Pacific,YEAR,2019,,,,,,,,,13.61,13.61375618,,,,2025-12-05T13:23:08Z,2019,2019-01-01,2019-12-31
1323201,GHED_GGHE-DGGE_SHA2011,COUNTRY,MCO,EUR,Europe,YEAR,2022,,,,,,,,,12.04,12.035676,,,,2025-12-05T13:23:08Z,2022,2022-01-01,2022-12-31
1323746,GHED_GGHE-DGGE_SHA2011,COUNTRY,SYR,EMR,Eastern Mediterranean,YEAR,2009,,,,,,,,,5.95,5.95036459,,,,2025-12-05T13:23:08Z,2009,2009-01-01,2009-12-31
1325679,GHED_GGHE-DGGE_SHA2011,COUNTRY,BHR,EMR,Eastern Mediterranean,YEAR,2010,,,,,,,,,8.23,8.23034191,,,,2025-12-05T13:23:08Z,2010,2010-01-01,2010-12-31
1326487,GHED_GGHE-DGGE_SHA2011,COUNTRY,TUN,EMR,Eastern Mediterranean,YEAR,2022,,,,,,,,,10.84,10.83969498,,,,2025-12-05T13:23:08Z,2022,2022-01-01,2022-12-31
1326717,GHED_GGHE-DGGE_SHA2011,COUNTRY,SYR,EMR,Eastern Mediterranean,YEAR,2006,,,,,,,,,6.74,6.73750305,,,,2025-12-05T13:23:08Z,2006,2006-01-01,2006-12-31
1326737,GHED_GGHE-DGGE_SHA2011,COUNTRY,NAM,AFR,Africa,YEAR,2005,,,,,,,,,18.94,18.94181824,,,,2025-12-05T13:23:08Z,2005,2005-01-01,2005-12-31
1330004,GHED_GGHE-DGGE_SHA2011,COUNTRY,BGD,SEAR,South-East Asia,YEAR,2014,,,,,,,,,3.59,3.59245324,,,,2025-12-05T13:23:08Z,2014,2014-01-01,2014-12-31
1331074,GHED_GGHE-DGGE_SHA2011,COUNTRY,SLE,AFR,Africa,YEAR,2017,,,,,,,,,3.63,3.63211203,,,,2025-12-05T13:23:08Z,2017,2017-01-01,2017-12-31
1332633,GHED_GGHE-DGGE_SHA2011,COUNTRY,YEM,EMR,Eastern Mediterranean,YEAR,2015,,,,,,,,,2.23,2.22872186,,,,2025-12-05T13:23:08Z,2015,2015-01-01,2015-12-31
1332726,GHED_GGHE-DGGE_SHA2011,COUNTRY,COK,WPR,Western Pacific,YEAR,2023,,,,,,,,,10.28,10.27783012,,,,2025-12-05T13:23:08Z,2023,2023-01-01,2023-12-31
1333030,GHED_GGHE-DGGE_SHA2011,COUNTRY,KEN,AFR,Africa,YEAR,2001,,,,,,,,,7.09,7.08898258,,,,2025-12-05T13:23:08Z,2001,2001-01-01,2001-12-31
1338600,GHED_GGHE-DGGE_SHA2011,COUNTRY,COM,AFR,Africa,YEAR,2014,,,,,,,,,3.82,3.81965494,,,,2025-12-05T13:23:08Z,2014,2014-01-01,2014-12-31
1341792,GHED_GGHE-DGGE_SHA2011,WORLDBANKINCOMEGROUP,WB_HI,,,YEAR,2017,,,,,,,,,13.67,13.67162583,,,,2025-12-05T13:23:08Z,2017,2017-01-01,2017-12-31
1341892,GHED_GGHE-DGGE_SHA2011,COUNTRY,HTI,AMR,Americas,YEAR,2014,,,,,,,,,3.20,3.20148706,,,,2025-12-05T13:23:08Z,2014,2014-01-01,2014-12-31
1342138,GHED_GGHE-DGGE_SHA2011,COUNTRY,LBY,EMR,Eastern Mediterranean,YEAR,2023,,,,,,,,,9.57,9.57147312,,,,2025-12-05T13:23:08Z,2023,2023-01-01,2023-12-31
1342632,GHED_GGHE-DGGE_SHA2011,COUNTRY,LAO,WPR,Western Pacific,YEAR,2020,,,,,,,,,4.31,4.31482983,,,,2025-12-05T13:23:08Z,2020,2020-01-01,2020-12-31
1342910,GHED_GGHE-DGGE_SHA2011,COUNTRY,MAR,EMR,Eastern Mediterranean,YEAR,2018,,,,,,,,,7.16,7.15846205,,,,2025-12-05T13:23:08Z,2018,2018-01-01,2018-12-31
1344826,GHED_GGHE-DGGE_SHA2011,COUNTRY,FJI,WPR,Western Pacific,YEAR,2011,,,,,,,,,7.47,7.47411013,,,,2025-12-05T13:23:08Z,2011,2011-01-01,2011-12-31
1346739,GHED_GGHE-DGGE_SHA2011,REGION,WPR,,,YEAR,2022,,,,,,,,,10.83,10.82536675,,,,2025-12-05T13:23:08Z,2022,2022-01-01,2022-12-31
1346933,GHED_GGHE-DGGE_SHA2011,COUNTRY,COD,AFR,Africa,YEAR,2022,,,,,,,,,3.98,3.98434091,,,,2025-12-05T13:23:08Z,2022,2022-01-01,2022-12-31
1347684,GHED_GGHE-DGGE_SHA2011,COUNTRY,KHM,WPR,Western Pacific,YEAR,2015,,,,,,,,,6.94,6.94011354,,,,2025-12-05T13:23:08Z,2015,2015-01-01,2015-12-31
1347943,GHED_GGHE-DGGE_SHA2011,COUNTRY,KOR,WPR,Western Pacific,YEAR,2019,,,,,,,,,13.89,13.88666344,,,,2025-12-05T13:23:08Z,2019,2019-01-01,2019-12-31
1348179,GHED_GGHE-DGGE_SHA2011,COUNTRY,VUT,WPR,Western Pacific,YEAR,2001,,,,,,,,,11.27,11.26528454,,,,2025-12-05T13:23:08Z,2001,2001-01-01,2001-12-31
1351379,GHED_GGHE-DGGE_SHA2011,COUNTRY,RUS,EUR,Europe,YEAR,2014,,,,,,,,,9.16,9.16428947,,,,2025-12-05T13:23:08Z,2014,2014-01-01,2014-12-31
1351764,GHED_GGHE-DGGE_SHA2011,COUNTRY,KNA,AMR,Americas,YEAR,2012,,,,,,,,,7.24,7.23994255,,,,2025-12-05T13:23:08Z,2012,2012-01-01,2012-12-31
1352379,GHED_GGHE-DGGE_SHA2011,COUNTRY,ARE,EMR,Eastern Mediterranean,YEAR,2018,,,,,,,,,7.92,7.91993999,,,,2025-12-05T13:23:08Z,2018,2018-01-01,2018-12-31
1353750,GHED_GGHE-DGGE_SHA2011,COUNTRY,DNK,EUR,Europe,YEAR,2013,,,,,,,,,15.65,15.64888,,,,2025-12-05T13:23:08Z,2013,2013-01-01,2013-12-31
1354589,GHED_GGHE-DGGE_SHA2011,COUNTRY,THA,SEAR,South-East Asia,YEAR,2003,,,,,,,,,11.46,11.45679474,,,,2025-12-05T13:23:08Z,2003,2003-01-01,2003-12-31
1357331,GHED_GGHE-DGGE_SHA2011,COUNTRY,KNA,AMR,Americas,YEAR,2002,,,,,,,,,5.45,5.44581175,,,,2025-12-05T13:23:08Z,2002,2002-01-01,2002-12-31
1357496,GHED_GGHE-DGGE_SHA2011,COUNTRY,BFA,AFR,Africa,YEAR,2015,,,,,,,,,7.15,7.15264177,,,,2025-12-05T13:23:08Z,2015,2015-01-01,2015-12-31
1359841,GHED_GGHE-DGGE_SHA2011,COUNTRY,MLT,EUR,Europe,YEAR,2021,,,,,,,,,16.26,16.26477623,,,,2025-12-05T13:23:08Z,2021,2021-01-01,2021-12-31
1363897,GHED_GGHE-DGGE_SHA2011,COUNTRY,TLS,SEAR,South-East Asia,YEAR,2007,,,,,,,,,1.27,1.27376139,,,,2025-12-05T13:23:08Z,2007,2007-01-01,2007-12-31
1372451,GHED_GGHE-DGGE_SHA2011,COUNTRY,CAF,AFR,Africa,YEAR,2001,,,,,,,,,10.73,10.7257576,,,,2025-12-05T13:23:08Z,2001,2001-01-01,2001-12-31
1375556,GHED_GGHE-DGGE_SHA2011,COUNTRY,PAK,EMR,Eastern Mediterranean,YEAR,2002,,,,,,,,,6.27,6.26685572,,,,2025-12-05T13:23:08Z,2002,2002-01-01,2002-12-31
1376255,GHED_GGHE-DGGE_SHA2011,COUNTRY,AUT,EUR,Europe,YEAR,2013,,,,,,,,,14.29,14.29295731,,,,2025-12-05T13:23:08Z,2013,2013-01-01,2013-12-31
1377514,GHED_GGHE-DGGE_SHA2011,COUNTRY,MAR,EMR,Eastern Mediterranean,YEAR,2016,,,,,,,,,7.01,7.00853348,,,,2025-12-05T13:23:08Z,2016,2016-01-01,2016-12-31
1377539,GHED_GGHE-DGGE_SHA2011,COUNTRY,BHS,AMR,Americas,YEAR,2003,,,,,,,,,13.81,13.80926418,,,,2025-12-05T13:23:08Z,2003,2003-01-01,2003-12-31
1379798,GHED_GGHE-DGGE_SHA2011,COUNTRY,HRV,EUR,Europe,YEAR,2011,,,,,,,,,12.87,12.86777401,,,,2025-12-05T13:23:08Z,2011,2011-01-01,2011-12-31
1380354,GHED_GGHE-DGGE_SHA2011,COUNTRY,CIV,AFR,Africa,YEAR,2018,,,,,,,,,5.12,5.11727667,,,,2025-12-05T13:23:08Z,2018,2018-01-01,2018-12-31
1387141,GHED_GGHE-DGGE_SHA2011,COUNTRY,GUY,AMR,Americas,YEAR,2013,,,,,,,,,8.82,8.81889057,,,,2025-12-05T13:23:08Z,2013,2013-01-01,2013-12-31
1388868,GHED_GGHE-DGGE_SHA2011,COUNTRY,BRA,AMR,Americas,YEAR,2010,,,,,,,,,9.05,9.05208874,,,,2025-12-05T13:23:08Z,2010,2010-01-01,2010-12-31
1391342,GHED_GGHE-DGGE_SHA2011,COUNTRY,SEN,AFR,Africa,YEAR,2019,,,,,,,,,3.50,3.50027966,,,,2025-12-05T13:23:08Z,2019,2019-01-01,2019-12-31
1391574,GHED_GGHE-DGGE_SHA2011,COUNTRY,TUN,EMR,Eastern Mediterranean,YEAR,2010,,,,,,,,,13.03,13.03182125,,,,2025-12-05T13:23:08Z,2010,2010-01-01,2010-12-31
1398232,GHED_GGHE-DGGE_SHA2011,COUNTRY,NER,AFR,Africa,YEAR,2008,,,,,,,,,9.19,9.1883316,,,,2025-12-05T13:23:08Z,2008,2008-01-01,2008-12-31
1405075,GHED_GGHE-DGGE_SHA2011,COUNTRY,PER,AMR,Americas,YEAR,2016,,,,,,,,,14.63,14.63433075,,,,2025-12-05T13:23:08Z,2016,2016-01-01,2016-12-31
1406256,GHED_GGHE-DGGE_SHA2011,WORLDBANKINCOMEGROUP,WB_LI,,,YEAR,2017,,,,,,,,,5.81,5.80615195,,,,2025-12-05T13:23:08Z,2017,2017-01-01,2017-12-31
1411967,GHED_GGHE-DGGE_SHA2011,COUNTRY,LAO,WPR,Western Pacific,YEAR,2015,,,,,,,,,3.35,3.35080194,,,,2025-12-05T13:23:08Z,2015,2015-01-01,2015-12-31
1413218,GHED_GGHE-DGGE_SHA2011,COUNTRY,LCA,AMR,Americas,YEAR,2022,,,,,,,,,9.88,9.877491,,,,2025-12-05T13:23:08Z,2022,2022-01-01,2022-12-31
1415617,GHED_GGHE-DGGE_SHA2011,COUNTRY,KOR,WPR,Western Pacific,YEAR,2016,,,,,,,,,12.70,12.69531536,,,,2025-12-05T13:23:08Z,2016,2016-01-01,2016-12-31
1418539,GHED_GGHE-DGGE_SHA2011,COUNTRY,KIR,WPR,Western Pacific,YEAR,2002,,,,,,,,,11.41,11.40624046,,,,2025-12-05T13:23:08Z,2002,2002-01-01,2002-12-31
1424618,GHED_GGHE-DGGE_SHA2011,COUNTRY,DZA,AFR,Africa,YEAR,2021,,,,,,,,,8.83,8.82852936,,,,2025-12-05T13:23:08Z,2021,2021-01-01,2021-12-31
1425304,GHED_GGHE-DGGE_SHA2011,COUNTRY,GHA,AFR,Africa,YEAR,2007,,,,,,,,,9.74,9.73948956,,,,2025-12-05T13:23:08Z,2007,2007-01-01,2007-12-31
1431479,GHED_GGHE-DGGE_SHA2011,COUNTRY,USA,AMR,Americas,YEAR,2002,,,,,,,,,17.22,17.22017479,,,,2025-12-05T13:23:08Z,2002,2002-01-01,2002-12-31
1431841,GHED_GGHE-DGGE_SHA2011,COUNTRY,NPL,SEAR,South-East Asia,YEAR,2009,,,,,,,,,4.69,4.69078159,,,,2025-12-05T13:23:08Z,2009,2009-01-01,2009-12-31
1436317,GHED_GGHE-DGGE_SHA2011,COUNTRY,GNB,AFR,Africa,YEAR,2012,,,,,,,,,3.89,3.88817143,,,,2025-12-05T13:23:08Z,2012,2012-01-01,2012-12-31
1438252,GHED_GGHE-DGGE_SHA2011,COUNTRY,UZB,EUR,Europe,YEAR,2006,,,,,,,,,7.80,7.8006072,,,,2025-12-05T13:23:08Z,2006,2006-01-01,2006-12-31
1438458,GHED_GGHE-DGGE_SHA2011,COUNTRY,KGZ,EUR,Europe,YEAR,2004,,,,,,,,,8.21,8.21259594,,,,2025-12-05T13:23:08Z,2004,2004-01-01,2004-12-31
1440288,GHED_GGHE-DGGE_SHA2011,REGION,EUR,,,YEAR,2002,,,,,,,,,11.57,11.5743524,,,,2025-12-05T13:23:08Z,2002,2002-01-01,2002-12-31
1441823,GHED_GGHE-DGGE_SHA2011,COUNTRY,VUT,WPR,Western Pacific,YEAR,2003,,,,,,,,,13.21,13.21412563,,,,2025-12-05T13:23:08Z,2003,2003-01-01,2003-12-31
1442402,GHED_GGHE-DGGE_SHA2011,COUNTRY,GNB,AFR,Africa,YEAR,2014,,,,,,,,,2.60,2.59810638,,,,2025-12-05T13:23:08Z,2014,2014-01-01,2014-12-31
1442899,GHED_GGHE-DGGE_SHA2011,COUNTRY,UZB,EUR,Europe,YEAR,2010,,,,,,,,,8.04,8.03938007,,,,2025-12-05T13:23:08Z,2010,2010-01-01,2010-12-31
1443967,GHED_GGHE-DGGE_SHA2011,COUNTRY,STP,AFR,Africa,YEAR,2012,,,,,,,,,4.57,4.56686974,,,,2025-12-05T13:23:08Z,2012,2012-01-01,2012-12-31
1444384,GHED_GGHE-DGGE_SHA2011,COUNTRY,RUS,EUR,Europe,YEAR,2003,,,,,,,,,9.20,9.20299911,,,,2025-12-05T13:23:08Z,2003,2003-01-01,2003-12-31
1444749,GHED_GGHE-DGGE_SHA2011,COUNTRY,PAN,AMR,Americas,YEAR,2023,,,,,,,,,19.85,19.84910965,,,,2025-12-05T13:23:08Z,2023,2023-01-01,2023-12-31
1447518,GHED_GGHE-DGGE_SHA2011,COUNTRY,HTI,AMR,Americas,YEAR,2023,,,,,,,,,4.56,4.56377077,,,,2025-12-05T13:23:08Z,2023,2023-01-01,2023-12-31
1447846,GHED_GGHE-DGGE_SHA2011,COUNTRY,MOZ,AFR,Africa,YEAR,2015,,,,,,,,,5.55,5.55443764,,,,2025-12-05T13:23:08Z,2015,2015-01-01,2015-12-31
1448902,GHED_GGHE-DGGE_SHA2011,COUNTRY,MEX,AMR,Americas,YEAR,2019,,,,,,,,,10.32,10.31756687,,,,2025-12-05T13:23:08Z,2019,2019-01-01,2019-12-31
1451495,GHED_GGHE-DGGE_SHA2011,COUNTRY,SAU,EMR,Eastern Mediterranean,YEAR,2004,,,,,,,,,8.24,8.23897934,,,,2025-12-05T13:23:08Z,2004,2004-01-01,2004-12-31
1452416,GHED_GGHE-DGGE_SHA2011,COUNTRY,JAM,AMR,Americas,YEAR,2005,,,,,,,,,7.43,7.4342041,,,,2025-12-05T13:23:08Z,2005,2005-01-01,2005-12-31
1455297,GHED_GGHE-DGGE_SHA2011,COUNTRY,BTN,SEAR,South-East Asia,YEAR,2002,,,,,,,,,7.88,7.87970304,,,,2025-12-05T13:23:08Z,2002,2002-01-01,2002-12-31
1456442,GHED_GGHE-DGGE_SHA2011,COUNTRY,TJK,EUR,Europe,YEAR,2010,,,,,,,,,4.56,4.56338024,,,,2025-12-05T13:23:08Z,2010,2010-01-01,2010-12-31
1458815,GHED_GGHE-DGGE_SHA2011,COUNTRY,SLB,WPR,Western Pacific,YEAR,2008,,,,,,,,,11.71,11.70896435,,,,2025-12-05T13:23:08Z,2008,2008-01-01,2008-12-31
1459332,GHED_GGHE-DGGE_SHA2011,COUNTRY,AGO,AFR,Africa,YEAR,2002,,,,,,,,,4.19,4.19123077,,,,2025-12-05T13:23:08Z,2002,2002-01-01,2002-12-31
1462636,GHED_GGHE-DGGE_SHA2011,COUNTRY,EGY,EMR,Eastern Mediterranean,YEAR,2021,,,,,,,,,6.80,6.79944944,,,,2025-12-05T13:23:08Z,2021,2021-01-01,2021-12-31
1469082,GHED_GGHE-DGGE_SHA2011,COUNTRY,ERI,AFR,Africa,YEAR,2005,,,,,,,,,1.11,1.11400759,,,,2025-12-05T13:23:08Z,2005,2005-01-01,2005-12-31
1469360,GHED_GGHE-DGGE_SHA2011,COUNTRY,CHN,WPR,Western Pacific,YEAR,2003,,,,,,,,,6.88,6.87652969,,,,2025-12-05T13:23:08Z,2003,2003-01-01,2003-12-31
1469795,GHED_GGHE-DGGE_SHA2011,COUNTRY,SAU,EMR,Eastern Mediterranean,YEAR,2012,,,,,,,,,8.26,8.25906754,,,,2025-12-05T13:23:08Z,2012,2012-01-01,2012-12-31
1473095,GHED_GGHE-DGGE_SHA2011,WORLDBANKINCOMEGROUP,WB_LMI,,,YEAR,2003,,,,,,,,,7.57,7.56980547,,,,2025-12-05T13:23:08Z,2003,2003-01-01,2003-12-31
1474277,GHED_GGHE-DGGE_SHA2011,COUNTRY,KGZ,EUR,Europe,YEAR,2015,,,,,,,,,7.12,7.12018585,,,,2025-12-05T13:23:08Z,2015,2015-01-01,2015-12-31
1480057,GHED_GGHE-DGGE_SHA2011,COUNTRY,TGO,AFR,Africa,YEAR,2016,,,,,,,,,4.26,4.25863695,,,,2025-12-05T13:23:08Z,2016,2016-01-01,2016-12-31
1480536,GHED_GGHE-DGGE_SHA2011,COUNTRY,KAZ,EUR,Europe,YEAR,2005,,,,,,,,,11.53,11.53032875,,,,2025-12-05T13:23:08Z,2005,2005-01-01,2005-12-31
1480632,GHED_GGHE-DGGE_SHA2011,COUNTRY,ROU,EUR,Europe,YEAR,2006,,,,,,,,,11.28,11.28106403,,,,2025-12-05T13:23:08Z,2006,2006-01-01,2006-12-31
1485325,GHED_GGHE-DGGE_SHA2011,COUNTRY,VUT,WPR,Western Pacific,YEAR,2023,,,,,,,,,5.60,5.60082197,,,,2025-12-05T13:23:08Z,2023,2023-01-01,2023-12-31
1485463,GHED_GGHE-DGGE_SHA2011,COUNTRY,AGO,AFR,Africa,YEAR,2000,,,,,,,,,2.74,2.73858261,,,,2025-12-05T13:23:08Z,2000,2000-01-01,2000-12-31
1485778,GHED_GGHE-DGGE_SHA2011,COUNTRY,KOR,WPR,Western Pacific,YEAR,2007,,,,,,,,,10.12,10.11632919,,,,2025-12-05T13:23:08Z,2007,2007-01-01,2007-12-31
1485885,GHED_GGHE-DGGE_SHA2011,COUNTRY,LSO,AFR,Africa,YEAR,2013,,,,,,,,,10.49,10.48774624,,,,2025-12-05T13:23:08Z,2013,2013-01-01,2013-12-31
1487091,GHED_GGHE-DGGE_SHA2011,COUNTRY,CYP,EUR,Europe,YEAR,2013,,,,,,,,,6.81,6.81208611,,,,2025-12-05T13:23:08Z,2013,2013-01-01,2013-12-31
1489722,GHED_GGHE-DGGE_SHA2011,COUNTRY,CHN,WPR,Western Pacific,YEAR,2017,,,,,,,,,8.80,8.79734421,,,,2025-12-05T13:23:08Z,2017,2017-01-01,2017-12-31
1489773,GHED_GGHE-DGGE_SHA2011,COUNTRY,ARM,EUR,Europe,YEAR,2018,,,,,,,,,5.13,5.13385916,,,,2025-12-05T13:23:08Z,2018,2018-01-01,2018-12-31
1489823,GHED_GGHE-DGGE_SHA2011,COUNTRY,PAN,AMR,Americas,YEAR,2012,,,,,,,,,17.11,17.10668755,,,,2025-12-05T13:23:08Z,2012,2012-01-01,2012-12-31
1491495,GHED_GGHE-DGGE_SHA2011,COUNTRY,NAM,AFR,Africa,YEAR,2019,,,,,,,,,14.08,14.08221817,,,,2025-12-05T13:23:08Z,2019,2019-01-01,2019-12-31
1492819,GHED_GGHE-DGGE_SHA2011,COUNTRY,GUY,AMR,Americas,YEAR,2012,,,,,,,,,8.23,8.22607517,,,,2025-12-05T13:23:08Z,2012,2012-01-01,2012-12-31
1493357,GHED_GGHE-DGGE_SHA2011,COUNTRY,LBN,EMR,Eastern Mediterranean,YEAR,2001,,,,,,,,,8.87,8.86973667,,,,2025-12-05T13:23:08Z,2001,2001-01-01,2001-12-31
1494289,GHED_GGHE-DGGE_SHA2011,COUNTRY,LKA,SEAR,South-East Asia,YEAR,2001,,,,,,,,,9.52,9.51723194,,,,2025-12-05T13:23:08Z,2001,2001-01-01,2001-12-31
1494742,GHED_GGHE-DGGE_SHA2011,REGION,WPR,,,YEAR,2004,,,,,,,,,10.73,10.73318312,,,,2025-12-05T13:23:08Z,2004,2004-01-01,2004-12-31
1497255,GHED_GGHE-DGGE_SHA2011,COUNTRY,BGR,EUR,Europe,YEAR,2018,,,,,,,,,11.43,11.4341774,,,,2025-12-05T13:23:08Z,2018,2018-01-01,2018-12-31
1498194,GHED_GGHE-DGGE_SHA2011,COUNTRY,FIN,EUR,Europe,YEAR,2014,,,,,,,,,13.57,13.57202435,,,,2025-12-05T13:23:08Z,2014,2014-01-01,2014-12-31
1499434,GHED_GGHE-DGGE_SHA2011,WORLDBANKINCOMEGROUP,WB_LMI,,,YEAR,2005,,,,,,,,,7.93,7.93116214,,,,2025-12-05T13:23:08Z,2005,2005-01-01,2005-12-31
1502589,GHED_GGHE-DGGE_SHA2011,COUNTRY,KHM,WPR,Western Pacific,YEAR,2013,,,,,,,,,6.79,6.79168367,,,,2025-12-05T13:23:08Z,2013,2013-01-01,2013-12-31
1508148,GHED_GGHE-DGGE_SHA2011,COUNTRY,DJI,EMR,Eastern Mediterranean,YEAR,2008,,,,,,,,,6.35,6.34888077,,,,2025-12-05T13:23:08Z,2008,2008-01-01,2008-12-31
1508263,GHED_GGHE-DGGE_SHA2011,COUNTRY,SMR,EUR,Europe,YEAR,2021,,,,,,,,,17.85,17.85217285,,,,2025-12-05T13:23:08Z,2021,2021-01-01,2021-12-31
1508449,GHED_GGHE-DGGE_SHA2011,COUNTRY,BIH,EUR,Europe,YEAR,2006,,,,,,,,,10.96,10.95802307,,,,2025-12-05T13:23:08Z,2006,2006-01-01,2006-12-31
1512731,GHED_GGHE-DGGE_SHA2011,COUNTRY,AUS,WPR,Western Pacific,YEAR,2005,,,,,,,,,15.90,15.90276814,,,,2025-12-05T13:23:08Z,2005,2005-01-01,2005-12-31
1516214,GHED_GGHE-DGGE_SHA2011,COUNTRY,IRL,EUR,Europe,YEAR,2023,,,,,,,,,22.16,22.15746117,,,,2025-12-05T13:23:08Z,2023,2023-01-01,2023-12-31
1517878,GHED_GGHE-DGGE_SHA2011,COUNTRY,COK,WPR,Western Pacific,YEAR,2006,,,,,,,,,9.63,9.63110352,,,,2025-12-05T13:23:08Z,2006,2006-01-01,2006-12-31
1518321,GHED_GGHE-DGGE_SHA2011,COUNTRY,URY,AMR,Americas,YEAR,2013,,,,,,,,,18.63,18.63327599,,,,2025-12-05T13:23:08Z,2013,2013-01-01,2013-12-31
1518383,GHED_GGHE-DGGE_SHA2011,COUNTRY,OMN,EMR,Eastern Mediterranean,YEAR,2005,,,,,,,,,6.09,6.0894146,,,,2025-12-05T13:23:08Z,2005,2005-01-01,2005-12-31
1519871,GHED_GGHE-DGGE_SHA2011,REGION,EUR,,,YEAR,2022,,,,,,,,,13.66,13.66311132,,,,2025-12-05T13:23:08Z,2022,2022-01-01,2022-12-31
1522067,GHED_GGHE-DGGE_SHA2011,COUNTRY,MDA,EUR,Europe,YEAR,2022,,,,,,,,,12.35,12.34735298,,,,2025-12-05T13:23:08Z,2022,2022-01-01,2022-12-31
1522293,GHED_GGHE-DGGE_SHA2011,COUNTRY,SLE,AFR,Africa,YEAR,2016,,,,,,,,,4.45,4.44511318,,,,2025-12-05T13:23:08Z,2016,2016-01-01,2016-12-31
1523026,GHED_GGHE-DGGE_SHA2011,COUNTRY,SVN,EUR,Europe,YEAR,2021,,,,,,,,,13.99,13.98637009,,,,2025-12-05T13:23:08Z,2021,2021-01-01,2021-12-31
1525526,GHED_GGHE-DGGE_SHA2011,COUNTRY,IRL,EUR,Europe,YEAR,2007,,,,,,,,,17.36,17.35766411,,,,2025-12-05T13:23:08Z,2007,2007-01-01,2007-12-31
1533376,GHED_GGHE-DGGE_SHA2011,COUNTRY,GUY,AMR,Americas,YEAR,2005,,,,,,,,,6.28,6.27540493,,,,2025-12-05T13:23:08Z,2005,2005-01-01,2005-12-31
1537173,GHED_GGHE-DGGE_SHA2011,REGION,EUR,,,YEAR,2006,,,,,,,,,12.15,12.15212015,,,,2025-12-05T13:23:08Z,2006,2006-01-01,2006-12-31
1538495,GHED_GGHE-DGGE_SHA2011,COUNTRY,SYR,EMR,Eastern Mediterranean,YEAR,2014,,,,,,,,,7.40,7.40168428,,,,2025-12-05T13:23:08Z,2014,2014-01-01,2014-12-31
1540733,GHED_GGHE-DGGE_SHA2011,REGION,SEAR,,,YEAR,2010,,,,,,,,,6.10,6.09837399,,,,2025-12-05T13:23:08Z,2010,2010-01-01,2010-12-31
1541685,GHED_GGHE-DGGE_SHA2011,COUNTRY,MYS,WPR,Western Pacific,YEAR,2000,,,,,,,,,4.58,4.57726908,,,,2025-12-05T13:23:08Z,2000,2000-01-01,2000-12-31
1546555,GHED_GGHE-DGGE_SHA2011,COUNTRY,CAF,AFR,Africa,YEAR,2019,,,,,,,,,4.84,4.84231758,,,,2025-12-05T13:23:08Z,2019,2019-01-01,2019-12-31
1546958,GHED_GGHE-DGGE_SHA2011,COUNTRY,UGA,AFR,Africa,YEAR,2001,,,,,,,,,8.33,8.33076477,,,,2025-12-05T13:23:08Z,2001,2001-01-01,2001-12-31
1555336,GHED_GGHE-DGGE_SHA2011,COUNTRY,GBR,EUR,Europe,YEAR,2016,,,,,,,,,19.96,19.95613861,,,,2025-12-05T13:23:08Z,2016,2016-01-01,2016-12-31
1556981,GHED_GGHE-DGGE_SHA2011,COUNTRY,GRC,EUR,Europe,YEAR,2020,,,,,,,,,8.54,8.54084015,,,,2025-12-05T13:23:08Z,2020,2020-01-01,2020-12-31
1558409,GHED_GGHE-DGGE_SHA2011,COUNTRY,AND,EUR,Europe,YEAR,2014,,,,,,,,,21.67,21.67168999,,,,2025-12-05T13:23:08Z,2014,2014-01-01,2014-12-31
1558573,GHED_GGHE-DGGE_SHA2011,COUNTRY,TKM,EUR,Europe,YEAR,2021,,,,,,,,,8.68,8.68343639,,,,2025-12-05T13:23:08Z,2021,2021-01-01,2021-12-31
1558802,GHED_GGHE-DGGE_SHA2011,COUNTRY,SEN,AFR,Africa,YEAR,2015,,,,,,,,,4.70,4.69870329,,,,2025-12-05T13:23:08Z,2015,2015-01-01,2015-12-31
1561350,GHED_GGHE-DGGE_SHA2011,COUNTRY,NOR,EUR,Europe,YEAR,2018,,,,,,,,,17.60,17.59609985,,,,2025-12-05T13:23:08Z,2018,2018-01-01,2018-12-31
1562866,GHED_GGHE-DGGE_SHA2011,COUNTRY,DZA,AFR,Africa,YEAR,2015,,,,,,,,,10.60,10.60481071,,,,2025-12-05T13:23:08Z,2015,2015-01-01,2015-12-31
1564492,GHED_GGHE-DGGE_SHA2011,COUNTRY,TON,WPR,Western Pacific,YEAR,2008,,,,,,,,,12.08,12.08120918,,,,2025-12-05T13:23:08Z,2008,2008-01-01,2008-12-31
1564538,GHED_GGHE-DGGE_SHA2011,COUNTRY,PLW,WPR,Western Pacific,YEAR,2022,,,,,,,,,12.75,12.75415993,,,,2025-12-05T13:23:08Z,2022,2022-01-01,2022-12-31
1564618,GHED_GGHE-DGGE_SHA2011,COUNTRY,DMA,AMR,Americas,YEAR,2006,,,,,,,,,8.74,8.74014854,,,,2025-12-05T13:23:08Z,2006,2006-01-01,2006-12-31
1567386,GHED_GGHE-DGGE_SHA2011,COUNTRY,BFA,AFR,Africa,YEAR,2001,,,,,,,,,4.94,4.94217682,,,,2025-12-05T13:23:08Z,2001,2001-01-01,2001-12-31
1572907,GHED_GGHE-DGGE_SHA2011,COUNTRY,MUS,AFR,Africa,YEAR,2009,,,,,,,,,6.28,6.28173685,,,,2025-12-05T13:23:08Z,2009,2009-01-01,2009-12-31
1573145,GHED_GGHE-DGGE_SHA2011,COUNTRY,POL,EUR,Europe,YEAR,2014,,,,,,,,,10.47,10.47100353,,,,2025-12-05T13:23:08Z,2014,2014-01-01,2014-12-31
1575080,GHED_GGHE-DGGE_SHA2011,COUNTRY,NIC,AMR,Americas,YEAR,2019,,,,,,,,,18.93,18.92516899,,,,2025-12-05T13:23:08Z,2019,2019-01-01,2019-12-31
1577237,GHED_GGHE-DGGE_SHA2011,COUNTRY,SYR,EMR,Eastern Mediterranean,YEAR,2011,,,,,,,,,3.74,3.73561525,,,,2025-12-05T13:23:08Z,2011,2011-01-01,2011-12-31
1579834,GHED_GGHE-DGGE_SHA2011,COUNTRY,TZA,AFR,Africa,YEAR,2011,,,,,,,,,6.76,6.76211929,,,,2025-12-05T13:23:08Z,2011,2011-01-01,2011-12-31
1582464,GHED_GGHE-DGGE_SHA2011,COUNTRY,BGD,SEAR,South-East Asia,YEAR,2001,,,,,,,,,3.58,3.57855344,,,,2025-12-05T13:23:08Z,2001,2001-01-01,2001-12-31
1584225,GHED_GGHE-DGGE_SHA2011,COUNTRY,SUR,AMR,Americas,YEAR,2002,,,,,,,,,11.07,11.07381153,,,,2025-12-05T13:23:08Z,2002,2002-01-01,2002-12-31
1585480,GHED_GGHE-DGGE_SHA2011,COUNTRY,COK,WPR,Western Pacific,YEAR,2008,,,,,,,,,9.63,9.63228607,,,,2025-12-05T13:23:08Z,2008,2008-01-01,2008-12-31
1585747,GHED_GGHE-DGGE_SHA2011,COUNTRY,IND,SEAR,South-East Asia,YEAR,2018,,,,,,,,,3.68,3.67532182,,,,2025-12-05T13:23:08Z,2018,2018-01-01,2018-12-31
1588829,GHED_GGHE-DGGE_SHA2011,COUNTRY,CYP,EUR,Europe,YEAR,2007,,,,,,,,,5.77,5.76537752,,,,2025-12-05T13:23:08Z,2007,2007-01-01,2007-12-31
1589827,GHED_GGHE-DGGE_SHA2011,COUNTRY,ITA,EUR,Europe,YEAR,2005,,,,,,,,,13.68,13.6835537,,,,2025-12-05T13:23:08Z,2005,2005-01-01,2005-12-31
1590900,GHED_GGHE-DGGE_SHA2011,COUNTRY,SGP,WPR,Western Pacific,YEAR,2018,,,,,,,,,14.57,14.57274723,,,,2025-12-05T13:23:08Z,2018,2018-01-01,2018-12-31
1609271,GHED_GGHE-DGGE_SHA2011,COUNTRY,AUS,WPR,Western Pacific,YEAR,2004,,,,,,,,,15.95,15.94705105,,,,2025-12-05T13:23:08Z,2004,2004-01-01,2004-12-31
1610080,GHED_GGHE-DGGE_SHA2011,COUNTRY,GUY,AMR,Americas,YEAR,2023,,,,,,,,,7.31,7.31209755,,,,2025-12-05T13:23:08Z,2023,2023-01-01,2023-12-31
1610641,GHED_GGHE-DGGE_SHA2011,COUNTRY,LBN,EMR,Eastern Mediterranean,YEAR,2002,,,,,,,,,8.29,8.29187298,,,,2025-12-05T13:23:08Z,2002,2002-01-01,2002-12-31
1610927,GHED_GGHE-DGGE_SHA2011,COUNTRY,USA,AMR,Americas,YEAR,2013,,,,,,,,,20.36,20.36149597,,,,2025-12-05T13:23:08Z,2013,2013-01-01,2013-12-31
1613326,GHED_GGHE-DGGE_SHA2011,COUNTRY,TLS,SEAR,South-East Asia,YEAR,2011,,,,,,,,,2.68,2.67680979,,,,2025-12-05T13:23:08Z,2011,2011-01-01,2011-12-31
1614537,GHED_GGHE-DGGE_SHA2011,COUNTRY,TJK,EUR,Europe,YEAR,2015,,,,,,,,,6.41,6.40937662,,,,2025-12-05T13:23:08Z,2015,2015-01-01,2015-12-31
1615764,GHED_GGHE-DGGE_SHA2011,REGION,EMR,,,YEAR,2003,,,,,,,,,7.35,7.34622297,,,,2025-12-05T13:23:08Z,2003,2003-01-01,2003-12-31
1616777,GHED_GGHE-DGGE_SHA2011,COUNTRY,DOM,AMR,Americas,YEAR,2001,,,,,,,,,11.44,11.43885326,,,,2025-12-05T13:23:08Z,2001,2001-01-01,2001-12-31
1620354,GHED_GGHE-DGGE_SHA2011,COUNTRY,DNK,EUR,Europe,YEAR,2019,,,,,,,,,17.12,17.117033,,,,2025-12-05T13:23:08Z,2019,2019-01-01,2019-12-31
1623409,GHED_GGHE-DGGE_SHA2011,COUNTRY,NRU,WPR,Western Pacific,YEAR,2001,,,,,,,,,21.98,21.97912788,,,,2025-12-05T13:23:08Z,2001,2001-01-01,2001-12-31
1623581,GHED_GGHE-DGGE_SHA2011,COUNTRY,RWA,AFR,Africa,YEAR,2007,,,,,,,,,7.79,7.79290724,,,,2025-12-05T13:23:08Z,2007,2007-01-01,2007-12-31
1623929,GHED_GGHE-DGGE_SHA2011,COUNTRY,TTO,AMR,Americas,YEAR,2005,,,,,,,,,8.03,8.02571201,,,,2025-12-05T13:23:08Z,2005,2005-01-01,2005-12-31
1624755,GHED_GGHE-DGGE_SHA2011,COUNTRY,VNM,WPR,Western Pacific,YEAR,2003,,,,,,,,,7.16,7.16033077,,,,2025-12-05T13:23:08Z,2003,2003-01-01,2003-12-31
1628382,GHED_GGHE-DGGE_SHA2011,COUNTRY,TJK,EUR,Europe,YEAR,2006,,,,,,,,,4.33,4.3291769,,,,2025-12-05T13:23:08Z,2006,2006-01-01,2006-12-31
1632148,GHED_GGHE-DGGE_SHA2011,COUNTRY,SRB,EUR,Europe,YEAR,2017,,,,,,,,,11.79,11.78833294,,,,2025-12-05T13:23:08Z,2017,2017-01-01,2017-12-31
1632689,GHED_GGHE-DGGE_SHA2011,COUNTRY,SLV,AMR,Americas,YEAR,2023,,,,,,,,,18.51,18.50918007,,,,2025-12-05T13:23:08Z,2023,2023-01-01,2023-12-31
1633248,GHED_GGHE-DGGE_SHA2011,COUNTRY,PRY,AMR,Americas,YEAR,2016,,,,,,,,,17.79,17.78600121,,,,2025-12-05T13:23:08Z,2016,2016-01-01,2016-12-31
1634794,GHED_GGHE-DGGE_SHA2011,COUNTRY,CHN,WPR,Western Pacific,YEAR,2023,,,,,,,,,10.37,10.36797714,,,,2025-12-05T13:23:08Z,2023,2023-01-01,2023-12-31
1640241,GHED_GGHE-DGGE_SHA2011,COUNTRY,TLS,SEAR,South-East Asia,YEAR,2014,,,,,,,,,3.72,3.71855545,,,,2025-12-05T13:23:08Z,2014,2014-01-01,2014-12-31
1643509,GHED_GGHE-DGGE_SHA2011,COUNTRY,ETH,AFR,Africa,YEAR,2001,,,,,,,,,8.98,8.98233509,,,,2025-12-05T13:23:08Z,2001,2001-01-01,2001-12-31
1644886,GHED_GGHE-DGGE_SHA2011,COUNTRY,TKM,EUR,Europe,YEAR,2004,,,,,,,,,12.82,12.82281208,,,,2025-12-05T13:23:08Z,2004,2004-01-01,2004-12-31
1651075,GHED_GGHE-DGGE_SHA2011,COUNTRY,LKA,SEAR,South-East Asia,YEAR,2005,,,,,,,,,10.14,10.13588715,,,,2025-12-05T13:23:08Z,2005,2005-01-01,2005-12-31
1652448,GHED_GGHE-DGGE_SHA2011,COUNTRY,IRL,EUR,Europe,YEAR,2005,,,,,,,,,18.25,18.25286674,,,,2025-12-05T13:23:08Z,2005,2005-01-01,2005-12-31
1653431,GHED_GGHE-DGGE_SHA2011,COUNTRY,UKR,EUR,Europe,YEAR,2016,,,,,,,,,8.94,8.93867588,,,,2025-12-05T13:23:08Z,2016,2016-01-01,2016-12-31
1659751,GHED_GGHE-DGGE_SHA2011,COUNTRY,BFA,AFR,Africa,YEAR,2005,,,,,,,,,6.05,6.04864025,,,,2025-12-05T13:23:08Z,2005,2005-01-01,2005-12-31
1660290,GHED_GGHE-DGGE_SHA2011,COUNTRY,CAF,AFR,Africa,YEAR,2003,,,,,,,,,12.55,12.54862976,,,,2025-12-05T13:23:08Z,2003,2003-01-01,2003-12-31
1665767,GHED_GGHE-DGGE_SHA2011,COUNTRY,PAK,EMR,Eastern Mediterranean,YEAR,2021,,,,,,,,,6.02,6.02194023,,,,2025-12-05T13:23:08Z,2021,2021-01-01,2021-12-31
1667005,GHED_GGHE-DGGE_SHA2011,COUNTRY,SLB,WPR,Western Pacific,YEAR,2013,,,,,,,,,6.64,6.63844633,,,,2025-12-05T13:23:08Z,2013,2013-01-01,2013-12-31
1669233,GHED_GGHE-DGGE_SHA2011,COUNTRY,IND,SEAR,South-East Asia,YEAR,2017,,,,,,,,,3.66,3.66080451,,,,2025-12-05T13:23:08Z,2017,2017-01-01,2017-12-31
1670338,GHED_GGHE-DGGE_SHA2011,COUNTRY,PHL,WPR,Western Pacific,YEAR,2016,,,,,,,,,7.75,7.75196695,,,,2025-12-05T13:23:08Z,2016,2016-01-01,2016-12-31
1675569,GHED_GGHE-DGGE_SHA2011,COUNTRY,LKA,SEAR,South-East Asia,YEAR,2008,,,,,,,,,8.73,8.72877598,,,,2025-12-05T13:23:08Z,2008,2008-01-01,2008-12-31
1675756,GHED_GGHE-DGGE_SHA2011,COUNTRY,SWZ,AFR,Africa,YEAR,2015,,,,,,,,,8.59,8.58701706,,,,2025-12-05T13:23:08Z,2015,2015-01-01,2015-12-31
1675783,GHED_GGHE-DGGE_SHA2011,COUNTRY,AUT,EUR,Europe,YEAR,2017,,,,,,,,,15.49,15.48637295,,,,2025-12-05T13:23:08Z,2017,2017-01-01,2017-12-31
1675963,GHED_GGHE-DGGE_SHA2011,COUNTRY,LSO,AFR,Africa,YEAR,2002,,,,,,,,,7.72,7.72369576,,,,2025-12-05T13:23:08Z,2002,2002-01-01,2002-12-31
1676991,GHED_GGHE-DGGE_SHA2011,COUNTRY,YEM,EMR,Eastern Mediterranean,YEAR,2010,,,,,,,,,3.85,3.84780169,,,,2025-12-05T13:23:08Z,2010,2010-01-01,2010-12-31
1683031,GHED_GGHE-DGGE_SHA2011,COUNTRY,MRT,AFR,Africa,YEAR,2005,,,,,,,,,3.84,3.84421062,,,,2025-12-05T13:23:08Z,2005,2005-01-01,2005-12-31
1687883,GHED_GGHE-DGGE_SHA2011,COUNTRY,NOR,EUR,Europe,YEAR,2022,,,,,,,,,17.76,17.76253319,,,,2025-12-05T13:23:08Z,2022,2022-01-01,2022-12-31
1690766,GHED_GGHE-DGGE_SHA2011,COUNTRY,CPV,AFR,Africa,YEAR,2004,,,,,,,,,9.63,9.63142586,,,,2025-12-05T13:23:08Z,2004,2004-01-01,2004-12-31
1691780,GHED_GGHE-DGGE_SHA2011,COUNTRY,MYS,WPR,Western Pacific,YEAR,2015,,,,,,,,,8.23,8.22995281,,,,2025-12-05T13:23:08Z,2015,2015-01-01,2015-12-31
1692235,GHED_GGHE-DGGE_SHA2011,REGION,EUR,,,YEAR,2016,,,,,,,,,12.67,12.67209648,,,,2025-12-05T13:23:08Z,2016,2016-01-01,2016-12-31
1696367,GHED_GGHE-DGGE_SHA2011,GLOBAL,GLOBAL,,,YEAR,2013,,,,,,,,,9.70,9.69633534,,,,2026-01-12T13:50:53Z,2013,2013-01-01,2013-12-31
1698207,GHED_GGHE-DGGE_SHA2011,WORLDBANKINCOMEGROUP,WB_LI,,,YEAR,2022,,,,,,,,,5.35,5.3478425,,,,2025-12-05T13:23:08Z,2022,2022-01-01,2022-12-31
1702402,GHED_GGHE-DGGE_SHA2011,COUNTRY,MLI,AFR,Africa,YEAR,2015,,,,,,,,,4.39,4.39033413,,,,2025-12-05T13:23:08Z,2015,2015-01-01,2015-12-31
1703966,GHED_GGHE-DGGE_SHA2011,COUNTRY,SVK,EUR,Europe,YEAR,2014,,,,,,,,,12.98,12.97653103,,,,2025-12-05T13:23:08Z,2014,2014-01-01,2014-12-31
1706882,GHED_GGHE-DGGE_SHA2011,COUNTRY,NZL,WPR,Western Pacific,YEAR,2010,,,,,,,,,16.68,16.68107224,,,,2025-12-05T13:23:08Z,2010,2010-01-01,2010-12-31
1711416,GHED_GGHE-DGGE_SHA2011,COUNTRY,GAB,AFR,Africa,YEAR,2001,,,,,,,,,4.54,4.53776979,,,,2025-12-05T13:23:08Z,2001,2001-01-01,2001-12-31
1712649,GHED_GGHE-DGGE_SHA2011,COUNTRY,JOR,EMR,Eastern Mediterranean,YEAR,2009,,,,,,,,,17.92,17.915905,,,,2025-12-05T13:23:08Z,2009,2009-01-01,2009-12-31
1713343,GHED_GGHE-DGGE_SHA2011,COUNTRY,AND,EUR,Europe,YEAR,2007,,,,,,,,,21.89,21.89482689,,,,2025-12-05T13:23:08Z,2007,2007-01-01,2007-12-31
1713447,GHED_GGHE-DGGE_SHA2011,COUNTRY,UZB,EUR,Europe,YEAR,2008,,,,,,,,,7.23,7.23448753,,,,2025-12-05T13:23:08Z,2008,2008-01-01,2008-12-31
1715367,GHED_GGHE-DGGE_SHA2011,COUNTRY,IND,SEAR,South-East Asia,YEAR,2005,,,,,,,,,2.94,2.93604422,,,,2025-12-05T13:23:08Z,2005,2005-01-01,2005-12-31
1716542,GHED_GGHE-DGGE_SHA2011,COUNTRY,GIN,AFR,Africa,YEAR,2020,,,,,,,,,4.55,4.55165148,,,,2025-12-05T13:23:08Z,2020,2020-01-01,2020-12-31
1721764,GHED_GGHE-DGGE_SHA2011,COUNTRY,TCD,AFR,Africa,YEAR,2016,,,,,,,,,5.73,5.72502089,,,,2025-12-05T13:23:08Z,2016,2016-01-01,2016-12-31
1724184,GHED_GGHE-DGGE_SHA2011,COUNTRY,CHL,AMR,Americas,YEAR,2012,,,,,,,,,14.57,14.57309246,,,,2025-12-05T13:23:08Z,2012,2012-01-01,2012-12-31
1729258,GHED_GGHE-DGGE_SHA2011,COUNTRY,ARM,EUR,Europe,YEAR,2009,,,,,,,,,6.34,6.34490108,,,,2025-12-05T13:23:08Z,2009,2009-01-01,2009-12-31
1737695,GHED_GGHE-DGGE_SHA2011,REGION,WPR,,,YEAR,2019,,,,,,,,,10.19,10.18507682,,,,2025-12-05T13:23:08Z,2019,2019-01-01,2019-12-31
1737918,GHED_GGHE-DGGE_SHA2011,COUNTRY,AUT,EUR,Europe,YEAR,2007,,,,,,,,,14.06,14.05502892,,,,2025-12-05T13:23:08Z,2007,2007-01-01,2007-12-31
1738537,GHED_GGHE-DGGE_SHA2011,COUNTRY,SVN,EUR,Europe,YEAR,2014,,,,,,,,,11.98,11.97578907,,,,2025-12-05T13:23:08Z,2014,2014-01-01,2014-12-31
1739645,GHED_GGHE-DGGE_SHA2011,COUNTRY,TTO,AMR,Americas,YEAR,2013,,,,,,,,,7.89,7.89306974,,,,2025-12-05T13:23:08Z,2013,2013-01-01,2013-12-31
1741446,GHED_GGHE-DGGE_SHA2011,COUNTRY,GEO,EUR,Europe,YEAR,2012,,,,,,,,,5.51,5.50601006,,,,2025-12-05T13:23:08Z,2012,2012-01-01,2012-12-31
1742920,GHED_GGHE-DGGE_SHA2011,COUNTRY,BLZ,AMR,Americas,YEAR,2014,,,,,,,,,12.23,12.23422432,,,,2025-12-05T13:23:08Z,2014,2014-01-01,2014-12-31
1743842,GHED_GGHE-DGGE_SHA2011,COUNTRY,LKA,SEAR,South-East Asia,YEAR,2003,,,,,,,,,10.38,10.3829298,,,,2025-12-05T13:23:08Z,2003,2003-01-01,2003-12-31
1745036,GHED_GGHE-DGGE_SHA2011,COUNTRY,GTM,AMR,Americas,YEAR,2013,,,,,,,,,15.83,15.82706833,,,,2025-12-05T13:23:08Z,2013,2013-01-01,2013-12-31
1745108,GHED_GGHE-DGGE_SHA2011,COUNTRY,GTM,AMR,Americas,YEAR,2023,,,,,,,,,17.75,17.7543602,,,,2025-12-05T13:23:08Z,2023,2023-01-01,2023-12-31
1746870,GHED_GGHE-DGGE_SHA2011,COUNTRY,POL,EUR,Europe,YEAR,2011,,,,,,,,,10.05,10.05437851,,,,2025-12-05T13:23:08Z,2011,2011-01-01,2011-12-31
1747886,GHED_GGHE-DGGE_SHA2011,WORLDBANKINCOMEGROUP,WB_LMI,,,YEAR,2016,,,,,,,,,6.99,6.98803438,,,,2025-12-05T13:23:08Z,2016,2016-01-01,2016-12-31
1748375,GHED_GGHE-DGGE_SHA2011,COUNTRY,JOR,EMR,Eastern Mediterranean,YEAR,2019,,,,,,,,,10.08,10.08031368,,,,2025-12-05T13:23:08Z,2019,2019-01-01,2019-12-31
1749942,GHED_GGHE-DGGE_SHA2011,COUNTRY,SYR,EMR,Eastern Mediterranean,YEAR,2005,,,,,,,,,7.34,7.34346199,,,,2025-12-05T13:23:08Z,2005,2005-01-01,2005-12-31
1750622,GHED_GGHE-DGGE_SHA2011,COUNTRY,ARM,EUR,Europe,YEAR,2012,,,,,,,,,7.04,7.04075432,,,,2025-12-05T13:23:08Z,2012,2012-01-01,2012-12-31
1754532,GHED_GGHE-DGGE_SHA2011,COUNTRY,PRY,AMR,Americas,YEAR,2019,,,,,,,,,16.45,16.44912148,,,,2025-12-05T13:23:08Z,2019,2019-01-01,2019-12-31
1755985,GHED_GGHE-DGGE_SHA2011,COUNTRY,BOL,AMR,Americas,YEAR,2021,,,,,,,,,16.92,16.9197998,,,,2025-12-05T13:23:08Z,2021,2021-01-01,2021-12-31
1756752,GHED_GGHE-DGGE_SHA2011,COUNTRY,AFG,EMR,Eastern Mediterranean,YEAR,2003,,,,,,,,,5.46,5.45767879,,,,2025-12-05T13:23:08Z,2003,2003-01-01,2003-12-31
1758448,GHED_GGHE-DGGE_SHA2011,COUNTRY,TUN,EMR,Eastern Mediterranean,YEAR,2021,,,,,,,,,12.39,12.38628578,,,,2025-12-05T13:23:08Z,2021,2021-01-01,2021-12-31
1762875,GHED_GGHE-DGGE_SHA2011,COUNTRY,QAT,EMR,Eastern Mediterranean,YEAR,2021,,,,,,,,,8.38,8.37510967,,,,2025-12-05T13:23:08Z,2021,2021-01-01,2021-12-31
1763431,GHED_GGHE-DGGE_SHA2011,COUNTRY,BEN,AFR,Africa,YEAR,2013,,,,,,,,,5.13,5.1338048,,,,2025-12-05T13:23:08Z,2013,2013-01-01,2013-12-31
1763842,GHED_GGHE-DGGE_SHA2011,COUNTRY,CUB,AMR,Americas,YEAR,2008,,,,,,,,,13.18,13.17769623,,,,2025-12-05T13:23:08Z,2008,2008-01-01,2008-12-31
1765387,GHED_GGHE-DGGE_SHA2011,COUNTRY,SWZ,AFR,Africa,YEAR,2008,,,,,,,,,13.34,13.34263515,,,,2025-12-05T13:23:08Z,2008,2008-01-01,2008-12-31
1766691,GHED_GGHE-DGGE_SHA2011,COUNTRY,MLI,AFR,Africa,YEAR,2012,,,,,,,,,2.66,2.66254306,,,,2025-12-05T13:23:08Z,2012,2012-01-01,2012-12-31
1774064,GHED_GGHE-DGGE_SHA2011,COUNTRY,BEN,AFR,Africa,YEAR,2021,,,,,,,,,1.68,1.68089795,,,,2025-12-05T13:23:08Z,2021,2021-01-01,2021-12-31
1776356,GHED_GGHE-DGGE_SHA2011,COUNTRY,LTU,EUR,Europe,YEAR,2019,,,,,,,,,13.05,13.04816532,,,,2025-12-05T13:23:08Z,2019,2019-01-01,2019-12-31
1782921,GHED_GGHE-DGGE_SHA2011,COUNTRY,GAB,AFR,Africa,YEAR,2015,,,,,,,,,7.03,7.03487396,,,,2025-12-05T13:23:08Z,2015,2015-01-01,2015-12-31
1785902,GHED_GGHE-DGGE_SHA2011,COUNTRY,MYS,WPR,Western Pacific,YEAR,2023,,,,,,,,,7.94,7.94301844,,,,2025-12-05T13:23:08Z,2023,2023-01-01,2023-12-31
1787939,GHED_GGHE-DGGE_SHA2011,COUNTRY,SYC,AFR,Africa,YEAR,2007,,,,,,,,,7.26,7.26253414,,,,2025-12-05T13:23:08Z,2007,2007-01-01,2007-12-31
1788600,GHED_GGHE-DGGE_SHA2011,COUNTRY,GRD,AMR,Americas,YEAR,2011,,,,,,,,,8.54,8.53557777,,,,2025-12-05T13:23:08Z,2011,2011-01-01,2011-12-31
1789373,GHED_GGHE-DGGE_SHA2011,COUNTRY,COK,WPR,Western Pacific,YEAR,2002,,,,,,,,,10.12,10.12443733,,,,2025-12-05T13:23:08Z,2002,2002-01-01,2002-12-31
1792716,GHED_GGHE-DGGE_SHA2011,COUNTRY,THA,SEAR,South-East Asia,YEAR,2004,,,,,,,,,10.71,10.7134676,,,,2025-12-05T13:23:08Z,2004,2004-01-01,2004-12-31
1792764,GHED_GGHE-DGGE_SHA2011,COUNTRY,COL,AMR,Americas,YEAR,2002,,,,,,,,,14.86,14.86478043,,,,2025-12-05T13:23:08Z,2002,2002-01-01,2002-12-31
1798919,GHED_GGHE-DGGE_SHA2011,COUNTRY,BTN,SEAR,South-East Asia,YEAR,2012,,,,,,,,,6.46,6.45828485,,,,2025-12-05T13:23:08Z,2012,2012-01-01,2012-12-31
1800130,GHED_GGHE-DGGE_SHA2011,COUNTRY,BIH,EUR,Europe,YEAR,2011,,,,,,,,,13.38,13.38013935,,,,2025-12-05T13:23:08Z,2011,2011-01-01,2011-12-31
1800341,GHED_GGHE-DGGE_SHA2011,GLOBAL,GLOBAL,,,YEAR,2000,,,,,,,,,9.59,9.58748448,,,,2025-12-05T13:23:08Z,2000,2000-01-01,2000-12-31
1800794,GHED_GGHE-DGGE_SHA2011,COUNTRY,PRY,AMR,Americas,YEAR,2009,,,,,,,,,13.96,13.95690155,,,,2025-12-05T13:23:08Z,2009,2009-01-01,2009-12-31
1802713,GHED_GGHE-DGGE_SHA2011,COUNTRY,IDN,WPR,Western Pacific,YEAR,2005,,,,,,,,,4.21,4.2081809,,,,2025-12-05T13:23:08Z,2005,2005-01-01,2005-12-31
1807609,GHED_GGHE-DGGE_SHA2011,COUNTRY,SAU,EMR,Eastern Mediterranean,YEAR,2022,,,,,,,,,14.51,14.51105118,,,,2025-12-05T13:23:08Z,2022,2022-01-01,2022-12-31
1810094,GHED_GGHE-DGGE_SHA2011,COUNTRY,GNB,AFR,Africa,YEAR,2011,,,,,,,,,2.52,2.52350521,,,,2025-12-05T13:23:08Z,2011,2011-01-01,2011-12-31
1813767,GHED_GGHE-DGGE_SHA2011,COUNTRY,FSM,WPR,Western Pacific,YEAR,2015,,,,,,,,,3.36,3.35682678,,,,2025-12-05T13:23:08Z,2015,2015-01-01,2015-12-31
1816438,GHED_GGHE-DGGE_SHA2011,REGION,SEAR,,,YEAR,2019,,,,,,,,,7.55,7.55464466,,,,2025-12-05T13:23:08Z,2019,2019-01-01,2019-12-31
1819056,GHED_GGHE-DGGE_SHA2011,COUNTRY,MEX,AMR,Americas,YEAR,2020,,,,,,,,,11.52,11.5203886,,,,2025-12-05T13:23:08Z,2020,2020-01-01,2020-12-31
1824180,GHED_GGHE-DGGE_SHA2011,COUNTRY,IRN,EMR,Eastern Mediterranean,YEAR,2019,,,,,,,,,19.45,19.4479351,,,,2025-12-05T13:23:08Z,2019,2019-01-01,2019-12-31
1829921,GHED_GGHE-DGGE_SHA2011,COUNTRY,YEM,EMR,Eastern Mediterranean,YEAR,2009,,,,,,,,,3.72,3.71630144,,,,2025-12-05T13:23:08Z,2009,2009-01-01,2009-12-31
1832761,GHED_GGHE-DGGE_SHA2011,REGION,AMR,,,YEAR,2011,,,,,,,,,12.88,12.882868,,,,2025-12-05T13:23:08Z,2011,2011-01-01,2011-12-31
1833087,GHED_GGHE-DGGE_SHA2011,COUNTRY,SYR,EMR,Eastern Mediterranean,YEAR,2001,,,,,,,,,6.65,6.64888716,,,,2025-12-05T13:23:08Z,2001,2001-01-01,2001-12-31
1833929,GHED_GGHE-DGGE_SHA2011,GLOBAL,GLOBAL,,,YEAR,2003,,,,,,,,,9.83,9.8292128,,,,2025-12-05T13:23:08Z,2003,2003-01-01,2003-12-31
1834297,GHED_GGHE-DGGE_SHA2011,COUNTRY,CRI,AMR,Americas,YEAR,2014,,,,,,,,,29.58,29.58094978,,,,2025-12-05T13:23:08Z,2014,2014-01-01,2014-12-31
1837540,GHED_GGHE-DGGE_SHA2011,COUNTRY,MUS,AFR,Africa,YEAR,2017,,,,,,,,,10.20,10.20433331,,,,2025-12-05T13:23:08Z,2017,2017-01-01,2017-12-31
1841375,GHED_GGHE-DGGE_SHA2011,COUNTRY,GAB,AFR,Africa,YEAR,2009,,,,,,,,,6.82,6.81763697,,,,2025-12-05T13:23:08Z,2009,2009-01-01,2009-12-31
1842183,GHED_GGHE-DGGE_SHA2011,COUNTRY,TGO,AFR,Africa,YEAR,2003,,,,,,,,,4.24,4.24208784,,,,2025-12-05T13:23:08Z,2003,2003-01-01,2003-12-31
1842292,GHED_GGHE-DGGE_SHA2011,COUNTRY,UKR,EUR,Europe,YEAR,2019,,,,,,,,,7.66,7.65581417,,,,2025-12-05T13:23:08Z,2019,2019-01-01,2019-12-31
1843169,GHED_GGHE-DGGE_SHA2011,COUNTRY,NGA,AFR,Africa,YEAR,2001,,,,,,,,,2.78,2.77955914,,,,2025-12-05T13:23:08Z,2001,2001-01-01,2001-12-31
1845853,GHED_GGHE-DGGE_SHA2011,COUNTRY,EST,EUR,Europe,YEAR,2012,,,,,,,,,11.52,11.51954746,,,,2025-12-05T13:23:08Z,2012,2012-01-01,2012-12-31
1847025,GHED_GGHE-DGGE_SHA2011,COUNTRY,URY,AMR,Americas,YEAR,2003,,,,,,,,,18.08,18.08441544,,,,2025-12-05T13:23:08Z,2003,2003-01-01,2003-12-31
1848140,GHED_GGHE-DGGE_SHA2011,COUNTRY,RUS,EUR,Europe,YEAR,2008,,,,,,,,,9.59,9.59382248,,,,2025-12-05T13:23:08Z,2008,2008-01-01,2008-12-31
1849759,GHED_GGHE-DGGE_SHA2011,COUNTRY,LCA,AMR,Americas,YEAR,2016,,,,,,,,,8.52,8.51580906,,,,2025-12-05T13:23:08Z,2016,2016-01-01,2016-12-31
1851710,GHED_GGHE-DGGE_SHA2011,COUNTRY,GRC,EUR,Europe,YEAR,2016,,,,,,,,,8.81,8.80892181,,,,2025-12-05T13:23:08Z,2016,2016-01-01,2016-12-31
1852416,GHED_GGHE-DGGE_SHA2011,REGION,SEAR,,,YEAR,2012,,,,,,,,,6.53,6.52869985,,,,2025-12-05T13:23:08Z,2012,2012-01-01,2012-12-31
1852958,GHED_GGHE-DGGE_SHA2011,COUNTRY,TLS,SEAR,South-East Asia,YEAR,2010,,,,,,,,,2.71,2.71049976,,,,2025-12-05T13:23:08Z,2010,2010-01-01,2010-12-31
1854386,GHED_GGHE-DGGE_SHA2011,COUNTRY,EGY,EMR,Eastern Mediterranean,YEAR,2000,,,,,,,,,6.66,6.66372585,,,,2025-12-05T13:23:08Z,2000,2000-01-01,2000-12-31
1857233,GHED_GGHE-DGGE_SHA2011,COUNTRY,COK,WPR,Western Pacific,YEAR,2007,,,,,,,,,9.63,9.63097668,,,,2025-12-05T13:23:08Z,2007,2007-01-01,2007-12-31
1859133,GHED_GGHE-DGGE_SHA2011,COUNTRY,PSE,EMR,Eastern Mediterranean,YEAR,2001,,,,,,,,,5.02,5.02039194,,,,2025-12-05T13:23:08Z,2001,2001-01-01,2001-12-31
1860815,GHED_GGHE-DGGE_SHA2011,COUNTRY,GRD,AMR,Americas,YEAR,2001,,,,,,,,,7.28,7.27699995,,,,2025-12-05T13:23:08Z,2001,2001-01-01,2001-12-31
1861083,GHED_GGHE-DGGE_SHA2011,COUNTRY,ATG,AMR,Americas,YEAR,2023,,,,,,,,,12.28,12.27995205,,,,2025-12-05T13:23:08Z,2023,2023-01-01,2023-12-31
1865295,GHED_GGHE-DGGE_SHA2011,COUNTRY,LVA,EUR,Europe,YEAR,2004,,,,,,,,,9.94,9.9400692,,,,2025-12-05T13:23:08Z,2004,2004-01-01,2004-12-31
1867843,GHED_GGHE-DGGE_SHA2011,COUNTRY,SWE,EUR,Europe,YEAR,2000,,,,,,,,,11.80,11.79732227,,,,2025-12-05T13:23:08Z,2000,2000-01-01,2000-12-31
1868503,GHED_GGHE-DGGE_SHA2011,COUNTRY,IRQ,EMR,Eastern Mediterranean,YEAR,2010,,,,,,,,,4.80,4.80274534,,,,2025-12-05T13:23:08Z,2010,2010-01-01,2010-12-31
1868838,GHED_GGHE-DGGE_SHA2011,COUNTRY,TCD,AFR,Africa,YEAR,2018,,,,,,,,,4.86,4.86149549,,,,2025-12-05T13:23:08Z,2018,2018-01-01,2018-12-31
1871095,GHED_GGHE-DGGE_SHA2011,COUNTRY,NLD,EUR,Europe,YEAR,2008,,,,,,,,,14.07,14.07271194,,,,2025-12-05T13:23:08Z,2008,2008-01-01,2008-12-31
1872764,GHED_GGHE-DGGE_SHA2011,COUNTRY,BWA,AFR,Africa,YEAR,2020,,,,,,,,,11.66,11.66152477,,,,2025-12-05T13:23:08Z,2020,2020-01-01,2020-12-31
1873005,GHED_GGHE-DGGE_SHA2011,COUNTRY,ARE,EMR,Eastern Mediterranean,YEAR,2001,,,,,,,,,7.58,7.58357716,,,,2025-12-05T13:23:08Z,2001,2001-01-01,2001-12-31
1873988,GHED_GGHE-DGGE_SHA2011,COUNTRY,SLV,AMR,Americas,YEAR,2005,,,,,,,,,18.94,18.93865585,,,,2025-12-05T13:23:08Z,2005,2005-01-01,2005-12-31
1875119,GHED_GGHE-DGGE_SHA2011,COUNTRY,ITA,EUR,Europe,YEAR,2016,,,,,,,,,13.16,13.1640873,,,,2025-12-05T13:23:08Z,2016,2016-01-01,2016-12-31
1875197,GHED_GGHE-DGGE_SHA2011,COUNTRY,LVA,EUR,Europe,YEAR,2016,,,,,,,,,9.13,9.13275623,,,,2025-12-05T13:23:08Z,2016,2016-01-01,2016-12-31
1880302,GHED_GGHE-DGGE_SHA2011,COUNTRY,CHL,AMR,Americas,YEAR,2019,,,,,,,,,18.01,18.01159668,,,,2025-12-05T13:23:08Z,2019,2019-01-01,2019-12-31
1881581,GHED_GGHE-DGGE_SHA2011,COUNTRY,MMR,SEAR,South-East Asia,YEAR,2007,,,,,,,,,1.30,1.3007797,,,,2025-12-05T13:23:08Z,2007,2007-01-01,2007-12-31
1883980,GHED_GGHE-DGGE_SHA2011,COUNTRY,KAZ,EUR,Europe,YEAR,2021,,,,,,,,,11.62,11.61758327,,,,2025-12-05T13:23:08Z,2021,2021-01-01,2021-12-31
1884053,GHED_GGHE-DGGE_SHA2011,REGION,AFR,,,YEAR,2023,,,,,,,,,6.85,6.85142904,,,,2026-01-12T13:50:53Z,2023,2023-01-01,2023-12-31
1887316,GHED_GGHE-DGGE_SHA2011,COUNTRY,LBY,EMR,Eastern Mediterranean,YEAR,2021,,,,,,,,,6.91,6.91146994,,,,2025-12-05T13:23:08Z,2021,2021-01-01,2021-12-31
1887622,GHED_GGHE-DGGE_SHA2011,COUNTRY,IRL,EUR,Europe,YEAR,2017,,,,,,,,,19.87,19.86796761,,,,2025-12-05T13:23:08Z,2017,2017-01-01,2017-12-31
1889316,GHED_GGHE-DGGE_SHA2011,COUNTRY,OMN,EMR,Eastern Mediterranean,YEAR,2010,,,,,,,,,6.70,6.69591188,,,,2025-12-05T13:23:08Z,2010,2010-01-01,2010-12-31
1891194,GHED_GGHE-DGGE_SHA2011,COUNTRY,JAM,AMR,Americas,YEAR,2011,,,,,,,,,9.53,9.52876663,,,,2025-12-05T13:23:08Z,2011,2011-01-01,2011-12-31
1895154,GHED_GGHE-DGGE_SHA2011,COUNTRY,GBR,EUR,Europe,YEAR,2014,,,,,,,,,19.28,19.27662277,,,,2025-12-05T13:23:08Z,2014,2014-01-01,2014-12-31
1896402,GHED_GGHE-DGGE_SHA2011,COUNTRY,JAM,AMR,Americas,YEAR,2019,,,,,,,,,13.32,13.3204546,,,,2025-12-05T13:23:08Z,2019,2019-01-01,2019-12-31
1901434,GHED_GGHE-DGGE_SHA2011,COUNTRY,BWA,AFR,Africa,YEAR,2001,,,,,,,,,8.18,8.17829704,,,,2025-12-05T13:23:08Z,2001,2001-01-01,2001-12-31
1905748,GHED_GGHE-DGGE_SHA2011,COUNTRY,MNG,WPR,Western Pacific,YEAR,2013,,,,,,,,,7.11,7.10638714,,,,2025-12-05T13:23:08Z,2013,2013-01-01,2013-12-31
1908098,GHED_GGHE-DGGE_SHA2011,COUNTRY,ARE,EMR,Eastern Mediterranean,YEAR,2012,,,,,,,,,8.53,8.52671432,,,,2025-12-05T13:23:08Z,2012,2012-01-01,2012-12-31
1909213,GHED_GGHE-DGGE_SHA2011,COUNTRY,MMR,SEAR,South-East Asia,YEAR,2023,,,,,,,,,2.34,2.33792186,,,,2025-12-05T13:23:08Z,2023,2023-01-01,2023-12-31
1909303,GHED_GGHE-DGGE_SHA2011,GLOBAL,GLOBAL,,,YEAR,2021,,,,,,,,,11.22,11.22189396,,,,2025-12-05T13:23:08Z,2021,2021-01-01,2021-12-31
1909953,GHED_GGHE-DGGE_SHA2011,COUNTRY,MOZ,AFR,Africa,YEAR,2016,,,,,,,,,6.00,5.99596214,,,,2025-12-05T13:23:08Z,2016,2016-01-01,2016-12-31
1910626,GHED_GGHE-DGGE_SHA2011,COUNTRY,CRI,AMR,Americas,YEAR,2003,,,,,,,,,26.33,26.33198166,,,,2025-12-05T13:23:08Z,2003,2003-01-01,2003-12-31
1917215,GHED_GGHE-DGGE_SHA2011,COUNTRY,TKM,EUR,Europe,YEAR,2011,,,,,,,,,8.70,8.70032692,,,,2025-12-05T13:23:08Z,2011,2011-01-01,2011-12-31
1917229,GHED_GGHE-DGGE_SHA2011,COUNTRY,ECU,AMR,Americas,YEAR,2011,,,,,,,,,7.97,7.96525431,,,,2025-12-05T13:23:08Z,2011,2011-01-01,2011-12-31
1921024,GHED_GGHE-DGGE_SHA2011,COUNTRY,NRU,WPR,Western Pacific,YEAR,2003,,,,,,,,,21.32,21.32181168,,,,2025-12-05T13:23:08Z,2003,2003-01-01,2003-12-31
1921599,GHED_GGHE-DGGE_SHA2011,COUNTRY,FRA,EUR,Europe,YEAR,2006,,,,,,,,,14.00,13.99930096,,,,2025-12-05T13:23:08Z,2006,2006-01-01,2006-12-31
1924093,GHED_GGHE-DGGE_SHA2011,COUNTRY,SDN,EMR,Eastern Mediterranean,YEAR,2011,,,,,,,,,7.04,7.03567696,,,,2025-12-05T13:23:08Z,2011,2011-01-01,2011-12-31
1925610,GHED_GGHE-DGGE_SHA2011,COUNTRY,NLD,EUR,Europe,YEAR,2014,,,,,,,,,15.18,15.17595387,,,,2025-12-05T13:23:08Z,2014,2014-01-01,2014-12-31
1929267,GHED_GGHE-DGGE_SHA2011,COUNTRY,SDN,EMR,Eastern Mediterranean,YEAR,2002,,,,,,,,,10.71,10.70719147,,,,2025-12-05T13:23:08Z,2002,2002-01-01,2002-12-31
1930205,GHED_GGHE-DGGE_SHA2011,COUNTRY,CHE,EUR,Europe,YEAR,2018,,,,,,,,,11.38,11.37870598,,,,2025-12-05T13:23:08Z,2018,2018-01-01,2018-12-31
1931750,GHED_GGHE-DGGE_SHA2011,COUNTRY,JOR,EMR,Eastern Mediterranean,YEAR,2004,,,,,,,,,9.40,9.40058994,,,,2025-12-05T13:23:08Z,2004,2004-01-01,2004-12-31
1934843,GHED_GGHE-DGGE_SHA2011,COUNTRY,SYC,AFR,Africa,YEAR,2015,,,,,,,,,9.90,9.90167999,,,,2025-12-05T13:23:08Z,2015,2015-01-01,2015-12-31
1940868,GHED_GGHE-DGGE_SHA2011,COUNTRY,MCO,EUR,Europe,YEAR,2008,,,,,,,,,16.29,16.29159355,,,,2025-12-05T13:23:08Z,2008,2008-01-01,2008-12-31
1944889,GHED_GGHE-DGGE_SHA2011,COUNTRY,JPN,WPR,Western Pacific,YEAR,2000,,,,,,,,,15.07,15.06805801,,,,2025-12-05T13:23:08Z,2000,2000-01-01,2000-12-31
1949118,GHED_GGHE-DGGE_SHA2011,WORLDBANKINCOMEGROUP,WB_UMI,,,YEAR,2007,,,,,,,,,10.27,10.26882875,,,,2025-12-05T13:23:08Z,2007,2007-01-01,2007-12-31
1949389,GHED_GGHE-DGGE_SHA2011,COUNTRY,KNA,AMR,Americas,YEAR,2004,,,,,,,,,6.42,6.41686392,,,,2025-12-05T13:23:08Z,2004,2004-01-01,2004-12-31
1950419,GHED_GGHE-DGGE_SHA2011,COUNTRY,EST,EUR,Europe,YEAR,2018,,,,,,,,,12.44,12.44092846,,,,2025-12-05T13:23:08Z,2018,2018-01-01,2018-12-31
1958928,GHED_GGHE-DGGE_SHA2011,COUNTRY,DEU,EUR,Europe,YEAR,2012,,,,,,,,,17.82,17.81566429,,,,2025-12-05T13:23:08Z,2012,2012-01-01,2012-12-31
1962586,GHED_GGHE-DGGE_SHA2011,COUNTRY,LUX,EUR,Europe,YEAR,2005,,,,,,,,,13.80,13.79857063,,,,2025-12-05T13:23:08Z,2005,2005-01-01,2005-12-31
1964072,GHED_GGHE-DGGE_SHA2011,COUNTRY,NGA,AFR,Africa,YEAR,2022,,,,,,,,,3.91,3.91390824,,,,2026-01-12T13:50:53Z,2022,2022-01-01,2022-12-31
1964962,GHED_GGHE-DGGE_SHA2011,COUNTRY,MYS,WPR,Western Pacific,YEAR,2008,,,,,,,,,5.93,5.93352127,,,,2025-12-05T13:23:08Z,2008,2008-01-01,2008-12-31
1970802,GHED_GGHE-DGGE_SHA2011,COUNTRY,ALB,EUR,Europe,YEAR,2023,,,,,,,,,12.28,12.28282261,,,,2025-12-05T13:23:08Z,2023,2023-01-01,2023-12-31
1973307,GHED_GGHE-DGGE_SHA2011,COUNTRY,BEN,AFR,Africa,YEAR,2023,,,,,,,,,2.55,2.5534043300000002,,,,2025-12-05T13:23:08Z,2023,2023-01-01,2023-12-31
1975396,GHED_GGHE-DGGE_SHA2011,COUNTRY,CAF,AFR,Africa,YEAR,2012,,,,,,,,,4.22,4.22331715,,,,2025-12-05T13:23:08Z,2012,2012-01-01,2012-12-31
1979050,GHED_GGHE-DGGE_SHA2011,COUNTRY,SSD,AFR,Africa,YEAR,2022,,,,,,,,,2.11,2.10620522,,,,2025-12-05T13:23:08Z,2022,2022-01-01,2022-12-31
1993990,GHED_GGHE-DGGE_SHA2011,COUNTRY,ECU,AMR,Americas,YEAR,2001,,,,,,,,,6.21,6.20780277,,,,2025-12-05T13:23:08Z,2001,2001-01-01,2001-12-31
1996439,GHED_GGHE-DGGE_SHA2011,COUNTRY,NZL,WPR,Western Pacific,YEAR,2020,,,,,,,,,16.58,16.58132744,,,,2025-12-05T13:23:08Z,2020,2020-01-01,2020-12-31
1996444,GHED_GGHE-DGGE_SHA2011,COUNTRY,CAF,AFR,Africa,YEAR,2008,,,,,,,,,5.28,5.28349304,,,,2025-12-05T13:23:08Z,2008,2008-01-01,2008-12-31
1997176,GHED_GGHE-DGGE_SHA2011,COUNTRY,BEL,EUR,Europe,YEAR,2010,,,,,,,,,14.42,14.42341805,,,,2025-12-05T13:23:08Z,2010,2010-01-01,2010-12-31
1999191,GHED_GGHE-DGGE_SHA2011,COUNTRY,USA,AMR,Americas,YEAR,2010,,,,,,,,,18.43,18.43406487,,,,2025-12-05T13:23:08Z,2010,2010-01-01,2010-12-31
2001020,GHED_GGHE-DGGE_SHA2011,COUNTRY,AUS,WPR,Western Pacific,YEAR,2019,,,,,,,,,17.13,17.12651825,,,,2025-12-05T13:23:08Z,2019,2019-01-01,2019-12-31
2002180,GHED_GGHE-DGGE_SHA2011,COUNTRY,NOR,EUR,Europe,YEAR,2013,,,,,,,,,17.10,17.09642601,,,,2025-12-05T13:23:08Z,2013,2013-01-01,2013-12-31
2003403,GHED_GGHE-DGGE_SHA2011,COUNTRY,SWE,EUR,Europe,YEAR,2002,,,,,,,,,12.56,12.55782509,,,,2025-12-05T13:23:08Z,2002,2002-01-01,2002-12-31
2003700,GHED_GGHE-DGGE_SHA2011,COUNTRY,ECU,AMR,Americas,YEAR,2014,,,,,,,,,9.05,9.04972267,,,,2025-12-05T13:23:08Z,2014,2014-01-01,2014-12-31
2004396,GHED_GGHE-DGGE_SHA2011,COUNTRY,ZMB,AFR,Africa,YEAR,2009,,,,,,,,,9.37,9.36578655,,,,2025-12-05T13:23:08Z,2009,2009-01-01,2009-12-31
2009970,GHED_GGHE-DGGE_SHA2011,COUNTRY,TLS,SEAR,South-East Asia,YEAR,2021,,,,,,,,,6.97,6.97073126,,,,2025-12-05T13:23:08Z,2021,2021-01-01,2021-12-31
2013412,GHED_GGHE-DGGE_SHA2011,COUNTRY,IRN,EMR,Eastern Mediterranean,YEAR,2015,,,,,,,,,25.84,25.84053993,,,,2025-12-05T13:23:08Z,2015,2015-01-01,2015-12-31
2014693,GHED_GGHE-DGGE_SHA2011,COUNTRY,FIN,EUR,Europe,YEAR,2021,,,,,,,,,14.63,14.62652206,,,,2025-12-05T13:23:08Z,2021,2021-01-01,2021-12-31
2016273,GHED_GGHE-DGGE_SHA2011,COUNTRY,NLD,EUR,Europe,YEAR,2019,,,,,,,,,15.58,15.57606506,,,,2025-12-05T13:23:08Z,2019,2019-01-01,2019-12-31
2018230,GHED_GGHE-DGGE_SHA2011,COUNTRY,NPL,SEAR,South-East Asia,YEAR,2013,,,,,,,,,4.88,4.88382769,,,,2025-12-05T13:23:08Z,2013,2013-01-01,2013-12-31
2019385,GHED_GGHE-DGGE_SHA2011,COUNTRY,CZE,EUR,Europe,YEAR,2003,,,,,,,,,11.62,11.61948967,,,,2025-12-05T13:23:08Z,2003,2003-01-01,2003-12-31
2021532,GHED_GGHE-DGGE_SHA2011,COUNTRY,IRL,EUR,Europe,YEAR,2009,,,,,,,,,17.30,17.30187988,,,,2025-12-05T13:23:08Z,2009,2009-01-01,2009-12-31
2021697,GHED_GGHE-DGGE_SHA2011,COUNTRY,RWA,AFR,Africa,YEAR,2001,,,,,,,,,3.66,3.66130519,,,,2025-12-05T13:23:08Z,2001,2001-01-01,2001-12-31
2023162,GHED_GGHE-DGGE_SHA2011,COUNTRY,FSM,WPR,Western Pacific,YEAR,2016,,,,,,,,,3.20,3.19997239,,,,2025-12-05T13:23:08Z,2016,2016-01-01,2016-12-31
2023234,GHED_GGHE-DGGE_SHA2011,COUNTRY,GAB,AFR,Africa,YEAR,2017,,,,,,,,,9.72,9.7150774,,,,2025-12-05T13:23:08Z,2017,2017-01-01,2017-12-31
2023294,GHED_GGHE-DGGE_SHA2011,COUNTRY,LSO,AFR,Africa,YEAR,2019,,,,,,,,,12.61,12.61054611,,,,2025-12-05T13:23:08Z,2019,2019-01-01,2019-12-31
2023481,GHED_GGHE-DGGE_SHA2011,COUNTRY,TKM,EUR,Europe,YEAR,2019,,,,,,,,,8.71,8.71422386,,,,2025-12-05T13:23:08Z,2019,2019-01-01,2019-12-31
2023529,GHED_GGHE-DGGE_SHA2011,COUNTRY,KAZ,EUR,Europe,YEAR,2011,,,,,,,,,8.68,8.67686558,,,,2025-12-05T13:23:08Z,2011,2011-01-01,2011-12-31
2031187,GHED_GGHE-DGGE_SHA2011,COUNTRY,ETH,AFR,Africa,YEAR,2000,,,,,,,,,7.03,7.02958441,,,,2025-12-05T13:23:08Z,2000,2000-01-01,2000-12-31
2032359,GHED_GGHE-DGGE_SHA2011,COUNTRY,GBR,EUR,Europe,YEAR,2023,,,,,,,,,20.05,20.04862976,,,,2025-12-05T13:23:08Z,2023,2023-01-01,2023-12-31
2034263,GHED_GGHE-DGGE_SHA2011,COUNTRY,BFA,AFR,Africa,YEAR,2019,,,,,,,,,9.58,9.57691097,,,,2025-12-05T13:23:08Z,2019,2019-01-01,2019-12-31
2035811,GHED_GGHE-DGGE_SHA2011,COUNTRY,TJK,EUR,Europe,YEAR,2018,,,,,,,,,6.14,6.14457893,,,,2025-12-05T13:23:08Z,2018,2018-01-01,2018-12-31
2037877,GHED_GGHE-DGGE_SHA2011,GLOBAL,GLOBAL,,,YEAR,2006,,,,,,,,,9.85,9.8462979,,,,2025-12-05T13:23:08Z,2006,2006-01-01,2006-12-31
2038949,GHED_GGHE-DGGE_SHA2011,COUNTRY,COM,AFR,Africa,YEAR,2009,,,,,,,,,2.77,2.77465606,,,,2025-12-05T13:23:08Z,2009,2009-01-01,2009-12-31
2040441,GHED_GGHE-DGGE_SHA2011,COUNTRY,BFA,AFR,Africa,YEAR,2009,,,,,,,,,7.63,7.62939405,,,,2025-12-05T13:23:08Z,2009,2009-01-01,2009-12-31
2040508,GHED_GGHE-DGGE_SHA2011,COUNTRY,SGP,WPR,Western Pacific,YEAR,2005,,,,,,,,,7.89,7.88790894,,,,2025-12-05T13:23:08Z,2005,2005-01-01,2005-12-31
2043077,GHED_GGHE-DGGE_SHA2011,REGION,EMR,,,YEAR,2012,,,,,,,,,7.12,7.12440938,,,,2025-12-05T13:23:08Z,2012,2012-01-01,2012-12-31
2043598,GHED_GGHE-DGGE_SHA2011,COUNTRY,IRN,EMR,Eastern Mediterranean,YEAR,2014,,,,,,,,,23.14,23.14384651,,,,2025-12-05T13:23:08Z,2014,2014-01-01,2014-12-31
2046062,GHED_GGHE-DGGE_SHA2011,COUNTRY,LAO,WPR,Western Pacific,YEAR,2022,,,,,,,,,4.25,4.25355053,,,,2025-12-05T13:23:08Z,2022,2022-01-01,2022-12-31
2046539,GHED_GGHE-DGGE_SHA2011,COUNTRY,POL,EUR,Europe,YEAR,2018,,,,,,,,,10.83,10.82728767,,,,2025-12-05T13:23:08Z,2018,2018-01-01,2018-12-31
2054360,GHED_GGHE-DGGE_SHA2011,COUNTRY,KNA,AMR,Americas,YEAR,2008,,,,,,,,,6.09,6.09010553,,,,2025-12-05T13:23:08Z,2008,2008-01-01,2008-12-31
2054519,GHED_GGHE-DGGE_SHA2011,COUNTRY,MOZ,AFR,Africa,YEAR,2010,,,,,,,,,4.67,4.67241478,,,,2025-12-05T13:23:08Z,2010,2010-01-01,2010-12-31
2054811,GHED_GGHE-DGGE_SHA2011,COUNTRY,BGD,SEAR,South-East Asia,YEAR,2021,,,,,,,,,3.00,3.00425434,,,,2025-12-05T13:23:08Z,2021,2021-01-01,2021-12-31
2056196,GHED_GGHE-DGGE_SHA2011,COUNTRY,DJI,EMR,Eastern Mediterranean,YEAR,2019,,,,,,,,,5.16,5.16109753,,,,2025-12-05T13:23:08Z,2019,2019-01-01,2019-12-31
2057176,GHED_GGHE-DGGE_SHA2011,COUNTRY,BGD,SEAR,South-East Asia,YEAR,2013,,,,,,,,,3.62,3.61745524,,,,2025-12-05T13:23:08Z,2013,2013-01-01,2013-12-31
2058143,GHED_GGHE-DGGE_SHA2011,COUNTRY,SGP,WPR,Western Pacific,YEAR,2020,,,,,,,,,13.86,13.85786724,,,,2025-12-05T13:23:08Z,2020,2020-01-01,2020-12-31
2060145,GHED_GGHE-DGGE_SHA2011,COUNTRY,NIC,AMR,Americas,YEAR,2016,,,,,,,,,17.33,17.32945824,,,,2025-12-05T13:23:08Z,2016,2016-01-01,2016-12-31
2060807,GHED_GGHE-DGGE_SHA2011,COUNTRY,LUX,EUR,Europe,YEAR,2000,,,,,,,,,12.99,12.98787212,,,,2025-12-05T13:23:08Z,2000,2000-01-01,2000-12-31
2063757,GHED_GGHE-DGGE_SHA2011,COUNTRY,NIU,WPR,Western Pacific,YEAR,2004,,,,,,,,,9.99,9.99047661,,,,2025-12-05T13:23:08Z,2004,2004-01-01,2004-12-31
2064939,GHED_GGHE-DGGE_SHA2011,COUNTRY,IRN,EMR,Eastern Mediterranean,YEAR,2003,,,,,,,,,10.21,10.21229744,,,,2025-12-05T13:23:08Z,2003,2003-01-01,2003-12-31
2068727,GHED_GGHE-DGGE_SHA2011,COUNTRY,MAR,EMR,Eastern Mediterranean,YEAR,2000,,,,,,,,,4.12,4.11556196,,,,2025-12-05T13:23:08Z,2000,2000-01-01,2000-12-31
2073613,GHED_GGHE-DGGE_SHA2011,COUNTRY,GIN,AFR,Africa,YEAR,2003,,,,,,,,,2.86,2.86385393,,,,2025-12-05T13:23:08Z,2003,2003-01-01,2003-12-31
2074735,GHED_GGHE-DGGE_SHA2011,COUNTRY,ESP,EUR,Europe,YEAR,2017,,,,,,,,,15.28,15.28122902,,,,2025-12-05T13:23:08Z,2017,2017-01-01,2017-12-31
2076941,GHED_GGHE-DGGE_SHA2011,COUNTRY,LAO,WPR,Western Pacific,YEAR,2007,,,,,,,,,3.90,3.90299487,,,,2025-12-05T13:23:08Z,2007,2007-01-01,2007-12-31
2077966,GHED_GGHE-DGGE_SHA2011,COUNTRY,NRU,WPR,Western Pacific,YEAR,2023,,,,,,,,,12.88,12.88486195,,,,2025-12-05T13:23:08Z,2023,2023-01-01,2023-12-31
2078884,GHED_GGHE-DGGE_SHA2011,REGION,SEAR,,,YEAR,2023,,,,,,,,,8.21,8.20832865,,,,2025-12-05T13:23:08Z,2023,2023-01-01,2023-12-31
2079996,GHED_GGHE-DGGE_SHA2011,COUNTRY,HUN,EUR,Europe,YEAR,2018,,,,,,,,,9.88,9.88008499,,,,2025-12-05T13:23:08Z,2018,2018-01-01,2018-12-31
2080525,GHED_GGHE-DGGE_SHA2011,COUNTRY,QAT,EMR,Eastern Mediterranean,YEAR,2013,,,,,,,,,6.18,6.17656279,,,,2025-12-05T13:23:08Z,2013,2013-01-01,2013-12-31
2080688,GHED_GGHE-DGGE_SHA2011,COUNTRY,LIE,EUR,Europe,YEAR,2015,,,,,,,,,15.56,15.55814266,,,,2026-01-12T13:50:53Z,2015,2015-01-01,2015-12-31
2081371,GHED_GGHE-DGGE_SHA2011,REGION,WPR,,,YEAR,2005,,,,,,,,,10.90,10.89878455,,,,2025-12-05T13:23:08Z,2005,2005-01-01,2005-12-31
2084398,GHED_GGHE-DGGE_SHA2011,COUNTRY,MLI,AFR,Africa,YEAR,2011,,,,,,,,,2.94,2.94121718,,,,2025-12-05T13:23:08Z,2011,2011-01-01,2011-12-31
2085493,GHED_GGHE-DGGE_SHA2011,COUNTRY,BWA,AFR,Africa,YEAR,2021,,,,,,,,,14.61,14.61013889,,,,2025-12-05T13:23:08Z,2021,2021-01-01,2021-12-31
2086296,GHED_GGHE-DGGE_SHA2011,COUNTRY,GNQ,AFR,Africa,YEAR,2007,,,,,,,,,2.44,2.44153905,,,,2025-12-05T13:23:08Z,2007,2007-01-01,2007-12-31
2086585,GHED_GGHE-DGGE_SHA2011,COUNTRY,VEN,AMR,Americas,YEAR,2022,,,,,,,,,5.87,5.87426472,,,,2025-12-05T13:23:08Z,2022,2022-01-01,2022-12-31
2090658,GHED_GGHE-DGGE_SHA2011,COUNTRY,CMR,AFR,Africa,YEAR,2002,,,,,,,,,6.43,6.43298531,,,,2025-12-05T13:23:08Z,2002,2002-01-01,2002-12-31
2091464,GHED_GGHE-DGGE_SHA2011,COUNTRY,CAN,AMR,Americas,YEAR,2014,,,,,,,,,18.97,18.96989441,,,,2025-12-05T13:23:08Z,2014,2014-01-01,2014-12-31
2093406,GHED_GGHE-DGGE_SHA2011,COUNTRY,KGZ,EUR,Europe,YEAR,2022,,,,,,,,,7.55,7.5484380700000004,,,,2025-12-05T13:23:08Z,2022,2022-01-01,2022-12-31
2094570,GHED_GGHE-DGGE_SHA2011,COUNTRY,EGY,EMR,Eastern Mediterranean,YEAR,2020,,,,,,,,,5.16,5.16112232,,,,2025-12-05T13:23:08Z,2020,2020-01-01,2020-12-31
2096367,GHED_GGHE-DGGE_SHA2011,COUNTRY,EST,EUR,Europe,YEAR,2006,,,,,,,,,11.04,11.03644562,,,,2025-12-05T13:23:08Z,2006,2006-01-01,2006-12-31
2099839,GHED_GGHE-DGGE_SHA2011,COUNTRY,BTN,SEAR,South-East Asia,YEAR,2001,,,,,,,,,6.55,6.54652882,,,,2025-12-05T13:23:08Z,2001,2001-01-01,2001-12-31
2102126,GHED_GGHE-DGGE_SHA2011,COUNTRY,LCA,AMR,Americas,YEAR,2005,,,,,,,,,6.16,6.16301298,,,,2025-12-05T13:23:08Z,2005,2005-01-01,2005-12-31
2107457,GHED_GGHE-DGGE_SHA2011,COUNTRY,ITA,EUR,Europe,YEAR,2009,,,,,,,,,13.67,13.67072773,,,,2025-12-05T13:23:08Z,2009,2009-01-01,2009-12-31
2107800,GHED_GGHE-DGGE_SHA2011,COUNTRY,WSM,WPR,Western Pacific,YEAR,2017,,,,,,,,,12.71,12.70851231,,,,2025-12-05T13:23:08Z,2017,2017-01-01,2017-12-31
2109409,GHED_GGHE-DGGE_SHA2011,REGION,EMR,,,YEAR,2020,,,,,,,,,9.25,9.25257551,,,,2025-12-05T13:23:08Z,2020,2020-01-01,2020-12-31
2112989,GHED_GGHE-DGGE_SHA2011,COUNTRY,SLB,WPR,Western Pacific,YEAR,2014,,,,,,,,,7.42,7.42152691,,,,2025-12-05T13:23:08Z,2014,2014-01-01,2014-12-31
2113402,GHED_GGHE-DGGE_SHA2011,COUNTRY,HND,AMR,Americas,YEAR,2017,,,,,,,,,10.63,10.62630653,,,,2025-12-05T13:23:08Z,2017,2017-01-01,2017-12-31
2118527,GHED_GGHE-DGGE_SHA2011,COUNTRY,SRB,EUR,Europe,YEAR,2008,,,,,,,,,12.93,12.92955971,,,,2025-12-05T13:23:08Z,2008,2008-01-01,2008-12-31
2121438,GHED_GGHE-DGGE_SHA2011,COUNTRY,NER,AFR,Africa,YEAR,2011,,,,,,,,,8.30,8.29973888,,,,2025-12-05T13:23:08Z,2011,2011-01-01,2011-12-31
2123508,GHED_GGHE-DGGE_SHA2011,COUNTRY,SWZ,AFR,Africa,YEAR,2023,,,,,,,,,10.64,10.63537788,,,,2025-12-05T13:23:08Z,2023,2023-01-01,2023-12-31
2125385,GHED_GGHE-DGGE_SHA2011,COUNTRY,BGD,SEAR,South-East Asia,YEAR,2018,,,,,,,,,3.75,3.75035429,,,,2025-12-05T13:23:08Z,2018,2018-01-01,2018-12-31
2127430,GHED_GGHE-DGGE_SHA2011,COUNTRY,IDN,WPR,Western Pacific,YEAR,2000,,,,,,,,,3.59,3.59241796,,,,2025-12-05T13:23:08Z,2000,2000-01-01,2000-12-31
2130780,GHED_GGHE-DGGE_SHA2011,COUNTRY,AUS,WPR,Western Pacific,YEAR,2001,,,,,,,,,14.71,14.70855331,,,,2025-12-05T13:23:08Z,2001,2001-01-01,2001-12-31
2130957,GHED_GGHE-DGGE_SHA2011,COUNTRY,BIH,EUR,Europe,YEAR,2018,,,,,,,,,15.14,15.14290047,,,,2025-12-05T13:23:08Z,2018,2018-01-01,2018-12-31
2136561,GHED_GGHE-DGGE_SHA2011,COUNTRY,COK,WPR,Western Pacific,YEAR,2012,,,,,,,,,8.32,8.31772137,,,,2025-12-05T13:23:08Z,2012,2012-01-01,2012-12-31
2139748,GHED_GGHE-DGGE_SHA2011,WORLDBANKINCOMEGROUP,WB_LMI,,,YEAR,2020,,,,,,,,,7.93,7.93181869,,,,2025-12-05T13:23:08Z,2020,2020-01-01,2020-12-31
2145536,GHED_GGHE-DGGE_SHA2011,COUNTRY,UZB,EUR,Europe,YEAR,2022,,,,,,,,,7.13,7.12650585,,,,2025-12-05T13:23:08Z,2022,2022-01-01,2022-12-31
2147239,GHED_GGHE-DGGE_SHA2011,COUNTRY,SLB,WPR,Western Pacific,YEAR,2023,,,,,,,,,8.41,8.40792561,,,,2025-12-05T13:23:08Z,2023,2023-01-01,2023-12-31
2152296,GHED_GGHE-DGGE_SHA2011,COUNTRY,LSO,AFR,Africa,YEAR,2022,,,,,,,,,12.88,12.88314819,,,,2025-12-05T13:23:08Z,2022,2022-01-01,2022-12-31
2153728,GHED_GGHE-DGGE_SHA2011,COUNTRY,CAN,AMR,Americas,YEAR,2004,,,,,,,,,16.93,16.9260788,,,,2025-12-05T13:23:08Z,2004,2004-01-01,2004-12-31
2154144,GHED_GGHE-DGGE_SHA2011,REGION,AMR,,,YEAR,2018,,,,,,,,,13.59,13.59172077,,,,2025-12-05T13:23:08Z,2018,2018-01-01,2018-12-31
2156153,GHED_GGHE-DGGE_SHA2011,COUNTRY,MYS,WPR,Western Pacific,YEAR,2011,,,,,,,,,6.52,6.51518965,,,,2025-12-05T13:23:08Z,2011,2011-01-01,2011-12-31
2157067,GHED_GGHE-DGGE_SHA2011,COUNTRY,ITA,EUR,Europe,YEAR,2003,,,,,,,,,12.52,12.52131939,,,,2025-12-05T13:23:08Z,2003,2003-01-01,2003-12-31
2158413,GHED_GGHE-DGGE_SHA2011,COUNTRY,PAK,EMR,Eastern Mediterranean,YEAR,2014,,,,,,,,,3.34,3.3424859,,,,2025-12-05T13:23:08Z,2014,2014-01-01,2014-12-31
2162919,GHED_GGHE-DGGE_SHA2011,COUNTRY,HTI,AMR,Americas,YEAR,2018,,,,,,,,,4.68,4.67501688,,,,2025-12-05T13:23:08Z,2018,2018-01-01,2018-12-31
2164726,GHED_GGHE-DGGE_SHA2011,COUNTRY,ETH,AFR,Africa,YEAR,2020,,,,,,,,,6.79,6.79223251,,,,2025-12-05T13:23:08Z,2020,2020-01-01,2020-12-31
2164999,GHED_GGHE-DGGE_SHA2011,COUNTRY,MWI,AFR,Africa,YEAR,2020,,,,,,,,,6.87,6.8733201,,,,2025-12-05T13:23:08Z,2020,2020-01-01,2020-12-31
2165688,GHED_GGHE-DGGE_SHA2011,COUNTRY,CIV,AFR,Africa,YEAR,2009,,,,,,,,,5.82,5.82132435,,,,2025-12-05T13:23:08Z,2009,2009-01-01,2009-12-31
2166711,GHED_GGHE-DGGE_SHA2011,COUNTRY,CZE,EUR,Europe,YEAR,2013,,,,,,,,,14.84,14.84314823,,,,2025-12-05T13:23:08Z,2013,2013-01-01,2013-12-31
2169208,GHED_GGHE-DGGE_SHA2011,REGION,WPR,,,YEAR,2013,,,,,,,,,9.34,9.3387666,,,,2025-12-05T13:23:08Z,2013,2013-01-01,2013-12-31
2169283,GHED_GGHE-DGGE_SHA2011,COUNTRY,HRV,EUR,Europe,YEAR,2004,,,,,,,,,10.60,10.59734058,,,,2025-12-05T13:23:08Z,2004,2004-01-01,2004-12-31
2173483,GHED_GGHE-DGGE_SHA2011,COUNTRY,GNQ,AFR,Africa,YEAR,2003,,,,,,,,,2.86,2.86154866,,,,2025-12-05T13:23:08Z,2003,2003-01-01,2003-12-31
2176503,GHED_GGHE-DGGE_SHA2011,COUNTRY,JOR,EMR,Eastern Mediterranean,YEAR,2000,,,,,,,,,12.69,12.68911648,,,,2025-12-05T13:23:08Z,2000,2000-01-01,2000-12-31
2181291,GHED_GGHE-DGGE_SHA2011,COUNTRY,BWA,AFR,Africa,YEAR,2016,,,,,,,,,11.21,11.21129513,,,,2025-12-05T13:23:08Z,2016,2016-01-01,2016-12-31
2181625,GHED_GGHE-DGGE_SHA2011,COUNTRY,DJI,EMR,Eastern Mediterranean,YEAR,2006,,,,,,,,,7.23,7.23246288,,,,2025-12-05T13:23:08Z,2006,2006-01-01,2006-12-31
2184847,GHED_GGHE-DGGE_SHA2011,COUNTRY,COK,WPR,Western Pacific,YEAR,2010,,,,,,,,,9.54,9.53786278,,,,2025-12-05T13:23:08Z,2010,2010-01-01,2010-12-31
2185700,GHED_GGHE-DGGE_SHA2011,COUNTRY,AZE,EUR,Europe,YEAR,2016,,,,,,,,,3.29,3.28987098,,,,2025-12-05T13:23:08Z,2016,2016-01-01,2016-12-31
2188323,GHED_GGHE-DGGE_SHA2011,COUNTRY,BHS,AMR,Americas,YEAR,2012,,,,,,,,,14.06,14.0604248,,,,2025-12-05T13:23:08Z,2012,2012-01-01,2012-12-31
2190880,GHED_GGHE-DGGE_SHA2011,COUNTRY,CMR,AFR,Africa,YEAR,2008,,,,,,,,,3.46,3.46105146,,,,2025-12-05T13:23:08Z,2008,2008-01-01,2008-12-31
2191336,GHED_GGHE-DGGE_SHA2011,COUNTRY,PER,AMR,Americas,YEAR,2000,,,,,,,,,10.77,10.76997662,,,,2025-12-05T13:23:08Z,2000,2000-01-01,2000-12-31
2193885,GHED_GGHE-DGGE_SHA2011,COUNTRY,LTU,EUR,Europe,YEAR,2021,,,,,,,,,13.96,13.96434402,,,,2025-12-05T13:23:08Z,2021,2021-01-01,2021-12-31
2194421,GHED_GGHE-DGGE_SHA2011,COUNTRY,SWZ,AFR,Africa,YEAR,2017,,,,,,,,,9.97,9.97164059,,,,2025-12-05T13:23:08Z,2017,2017-01-01,2017-12-31
2194491,GHED_GGHE-DGGE_SHA2011,COUNTRY,TKM,EUR,Europe,YEAR,2006,,,,,,,,,10.34,10.33549213,,,,2025-12-05T13:23:08Z,2006,2006-01-01,2006-12-31
2195321,GHED_GGHE-DGGE_SHA2011,COUNTRY,KHM,WPR,Western Pacific,YEAR,2023,,,,,,,,,6.65,6.64742565,,,,2025-12-05T13:23:08Z,2023,2023-01-01,2023-12-31
2197952,GHED_GGHE-DGGE_SHA2011,COUNTRY,BRN,WPR,Western Pacific,YEAR,2001,,,,,,,,,5.97,5.97160959,,,,2025-12-05T13:23:08Z,2001,2001-01-01,2001-12-31
2198341,GHED_GGHE-DGGE_SHA2011,COUNTRY,SUR,AMR,Americas,YEAR,2014,,,,,,,,,6.90,6.89829826,,,,2025-12-05T13:23:08Z,2014,2014-01-01,2014-12-31
2198866,GHED_GGHE-DGGE_SHA2011,COUNTRY,VNM,WPR,Western Pacific,YEAR,2001,,,,,,,,,8.20,8.20207787,,,,2025-12-05T13:23:08Z,2001,2001-01-01,2001-12-31
2199577,GHED_GGHE-DGGE_SHA2011,COUNTRY,BLR,EUR,Europe,YEAR,2021,,,,,,,,,13.27,13.27325821,,,,2025-12-05T13:23:08Z,2021,2021-01-01,2021-12-31
2200151,GHED_GGHE-DGGE_SHA2011,COUNTRY,PSE,EMR,Eastern Mediterranean,YEAR,2011,,,,,,,,,9.85,9.85453892,,,,2025-12-05T13:23:08Z,2011,2011-01-01,2011-12-31
2201426,GHED_GGHE-DGGE_SHA2011,COUNTRY,LTU,EUR,Europe,YEAR,2008,,,,,,,,,11.67,11.67387962,,,,2025-12-05T13:23:08Z,2008,2008-01-01,2008-12-31
2201647,GHED_GGHE-DGGE_SHA2011,COUNTRY,CZE,EUR,Europe,YEAR,2022,,,,,,,,,16.70,16.7036171,,,,2025-12-05T13:23:08Z,2022,2022-01-01,2022-12-31
2211658,GHED_GGHE-DGGE_SHA2011,COUNTRY,BRN,WPR,Western Pacific,YEAR,2011,,,,,,,,,5.74,5.74302435,,,,2025-12-05T13:23:08Z,2011,2011-01-01,2011-12-31
2217211,GHED_GGHE-DGGE_SHA2011,COUNTRY,ERI,AFR,Africa,YEAR,2012,,,,,,,,,2.37,2.37287188,,,,2025-12-05T13:23:08Z,2012,2012-01-01,2012-12-31
2217914,GHED_GGHE-DGGE_SHA2011,COUNTRY,CPV,AFR,Africa,YEAR,2014,,,,,,,,,9.98,9.98307133,,,,2025-12-05T13:23:08Z,2014,2014-01-01,2014-12-31
2219975,GHED_GGHE-DGGE_SHA2011,COUNTRY,EGY,EMR,Eastern Mediterranean,YEAR,2023,,,,,,,,,6.93,6.92673063,,,,2025-12-05T13:23:08Z,2023,2023-01-01,2023-12-31
2225532,GHED_GGHE-DGGE_SHA2011,COUNTRY,ISL,EUR,Europe,YEAR,2011,,,,,,,,,13.09,13.0895977,,,,2025-12-05T13:23:08Z,2011,2011-01-01,2011-12-31
2231567,GHED_GGHE-DGGE_SHA2011,COUNTRY,FSM,WPR,Western Pacific,YEAR,2012,,,,,,,,,2.14,2.14435935,,,,2025-12-05T13:23:08Z,2012,2012-01-01,2012-12-31
2234178,GHED_GGHE-DGGE_SHA2011,COUNTRY,CPV,AFR,Africa,YEAR,2003,,,,,,,,,11.37,11.36700153,,,,2025-12-05T13:23:08Z,2003,2003-01-01,2003-12-31
2237655,GHED_GGHE-DGGE_SHA2011,COUNTRY,FIN,EUR,Europe,YEAR,2015,,,,,,,,,13.67,13.67094707,,,,2025-12-05T13:23:08Z,2015,2015-01-01,2015-12-31
2240179,GHED_GGHE-DGGE_SHA2011,COUNTRY,AUS,WPR,Western Pacific,YEAR,2000,,,,,,,,,14.60,14.60132885,,,,2025-12-05T13:23:08Z,2000,2000-01-01,2000-12-31
2241098,GHED_GGHE-DGGE_SHA2011,COUNTRY,GUY,AMR,Americas,YEAR,2011,,,,,,,,,8.62,8.62060642,,,,2025-12-05T13:23:08Z,2011,2011-01-01,2011-12-31
2245991,GHED_GGHE-DGGE_SHA2011,COUNTRY,SDN,EMR,Eastern Mediterranean,YEAR,2012,,,,,,,,,9.06,9.06086254,,,,2025-12-05T13:23:08Z,2012,2012-01-01,2012-12-31
2251122,GHED_GGHE-DGGE_SHA2011,COUNTRY,LBN,EMR,Eastern Mediterranean,YEAR,2020,,,,,,,,,14.47,14.47089767,,,,2025-12-05T13:23:08Z,2020,2020-01-01,2020-12-31
2257231,GHED_GGHE-DGGE_SHA2011,COUNTRY,MUS,AFR,Africa,YEAR,2001,,,,,,,,,7.02,7.01589203,,,,2025-12-05T13:23:08Z,2001,2001-01-01,2001-12-31
2258054,GHED_GGHE-DGGE_SHA2011,COUNTRY,ARG,AMR,Americas,YEAR,2002,,,,,,,,,17.75,17.74765778,,,,2025-12-05T13:23:08Z,2002,2002-01-01,2002-12-31
2258219,GHED_GGHE-DGGE_SHA2011,COUNTRY,HUN,EUR,Europe,YEAR,2005,,,,,,,,,11.36,11.35830498,,,,2025-12-05T13:23:08Z,2005,2005-01-01,2005-12-31
2261225,GHED_GGHE-DGGE_SHA2011,COUNTRY,LAO,WPR,Western Pacific,YEAR,2012,,,,,,,,,1.77,1.7665906,,,,2025-12-05T13:23:08Z,2012,2012-01-01,2012-12-31
2262622,GHED_GGHE-DGGE_SHA2011,COUNTRY,MYS,WPR,Western Pacific,YEAR,2002,,,,,,,,,5.04,5.03528166,,,,2025-12-05T13:23:08Z,2002,2002-01-01,2002-12-31
2265984,GHED_GGHE-DGGE_SHA2011,COUNTRY,PAN,AMR,Americas,YEAR,2020,,,,,,,,,20.13,20.1349411,,,,2025-12-05T13:23:08Z,2020,2020-01-01,2020-12-31
2268824,GHED_GGHE-DGGE_SHA2011,COUNTRY,EGY,EMR,Eastern Mediterranean,YEAR,2012,,,,,,,,,4.39,4.38540936,,,,2025-12-05T13:23:08Z,2012,2012-01-01,2012-12-31
2269096,GHED_GGHE-DGGE_SHA2011,COUNTRY,SLE,AFR,Africa,YEAR,2009,,,,,,,,,5.61,5.60554171,,,,2025-12-05T13:23:08Z,2009,2009-01-01,2009-12-31
2270163,GHED_GGHE-DGGE_SHA2011,COUNTRY,CPV,AFR,Africa,YEAR,2015,,,,,,,,,10.09,10.09395409,,,,2025-12-05T13:23:08Z,2015,2015-01-01,2015-12-31
3476179,GHED_GGHE-DGGE_SHA2011,COUNTRY,MDA,EUR,Europe,YEAR,2013,,,,,,,,,12.50,12.49917507,,,,2025-12-05T13:23:08Z,2013,2013-01-01,2013-12-31
3478450,GHED_GGHE-DGGE_SHA2011,REGION,AFR,,,YEAR,2019,,,,,,,,,6.79,6.79079576,,,,2025-12-05T13:23:08Z,2019,2019-01-01,2019-12-31
3479365,GHED_GGHE-DGGE_SHA2011,WORLDBANKINCOMEGROUP,WB_LMI,,,YEAR,2013,,,,,,,,,7.03,7.02549482,,,,2025-12-05T13:23:08Z,2013,2013-01-01,2013-12-31
3482341,GHED_GGHE-DGGE_SHA2011,COUNTRY,LUX,EUR,Europe,YEAR,2007,,,,,,,,,14.06,14.06171227,,,,2025-12-05T13:23:08Z,2007,2007-01-01,2007-12-31
3483724,GHED_GGHE-DGGE_SHA2011,COUNTRY,NIU,WPR,Western Pacific,YEAR,2006,,,,,,,,,39.68,39.68181992,,,,2025-12-05T13:23:08Z,2006,2006-01-01,2006-12-31
3484396,GHED_GGHE-DGGE_SHA2011,COUNTRY,LBR,AFR,Africa,YEAR,2003,,,,,,,,,4.25,4.25491762,,,,2025-12-05T13:23:08Z,2003,2003-01-01,2003-12-31
3484540,GHED_GGHE-DGGE_SHA2011,COUNTRY,NGA,AFR,Africa,YEAR,2005,,,,,,,,,6.41,6.40770292,,,,2025-12-05T13:23:08Z,2005,2005-01-01,2005-12-31
3490474,GHED_GGHE-DGGE_SHA2011,COUNTRY,PRT,EUR,Europe,YEAR,2010,,,,,,,,,12.84,12.84303665,,,,2025-12-05T13:23:08Z,2010,2010-01-01,2010-12-31
3498430,GHED_GGHE-DGGE_SHA2011,COUNTRY,BLR,EUR,Europe,YEAR,2008,,,,,,,,,5.80,5.80340672,,,,2025-12-05T13:23:08Z,2008,2008-01-01,2008-12-31
3499951,GHED_GGHE-DGGE_SHA2011,COUNTRY,COG,AFR,Africa,YEAR,2007,,,,,,,,,2.05,2.05207968,,,,2025-12-05T13:23:08Z,2007,2007-01-01,2007-12-31
3501994,GHED_GGHE-DGGE_SHA2011,COUNTRY,HRV,EUR,Europe,YEAR,2005,,,,,,,,,12.51,12.50982666,,,,2025-12-05T13:23:08Z,2005,2005-01-01,2005-12-31
3505273,GHED_GGHE-DGGE_SHA2011,COUNTRY,GRC,EUR,Europe,YEAR,2012,,,,,,,,,9.93,9.92933273,,,,2025-12-05T13:23:08Z,2012,2012-01-01,2012-12-31
3508562,GHED_GGHE-DGGE_SHA2011,COUNTRY,TGO,AFR,Africa,YEAR,2017,,,,,,,,,6.45,6.45040607,,,,2025-12-05T13:23:08Z,2017,2017-01-01,2017-12-31
3512960,GHED_GGHE-DGGE_SHA2011,COUNTRY,CUB,AMR,Americas,YEAR,2006,,,,,,,,,11.21,11.20564365,,,,2025-12-05T13:23:08Z,2006,2006-01-01,2006-12-31
3523557,GHED_GGHE-DGGE_SHA2011,COUNTRY,RWA,AFR,Africa,YEAR,2011,,,,,,,,,8.90,8.90067959,,,,2025-12-05T13:23:08Z,2011,2011-01-01,2011-12-31
3524697,GHED_GGHE-DGGE_SHA2011,COUNTRY,NPL,SEAR,South-East Asia,YEAR,2019,,,,,,,,,4.03,4.03386211,,,,2025-12-05T13:23:08Z,2019,2019-01-01,2019-12-31
3532567,GHED_GGHE-DGGE_SHA2011,COUNTRY,KEN,AFR,Africa,YEAR,2003,,,,,,,,,7.02,7.02242994,,,,2025-12-05T13:23:08Z,2003,2003-01-01,2003-12-31
3537005,GHED_GGHE-DGGE_SHA2011,COUNTRY,SGP,WPR,Western Pacific,YEAR,2013,,,,,,,,,13.96,13.96146393,,,,2025-12-05T13:23:08Z,2013,2013-01-01,2013-12-31
3542917,GHED_GGHE-DGGE_SHA2011,COUNTRY,LBY,EMR,Eastern Mediterranean,YEAR,2001,,,,,,,,,5.78,5.78298664,,,,2025-12-05T13:23:08Z,2001,2001-01-01,2001-12-31
3543110,GHED_GGHE-DGGE_SHA2011,COUNTRY,MUS,AFR,Africa,YEAR,2018,,,,,,,,,10.21,10.20625019,,,,2025-12-05T13:23:08Z,2018,2018-01-01,2018-12-31
3543781,GHED_GGHE-DGGE_SHA2011,COUNTRY,TZA,AFR,Africa,YEAR,2010,,,,,,,,,7.32,7.32137966,,,,2025-12-05T13:23:08Z,2010,2010-01-01,2010-12-31
3544312,GHED_GGHE-DGGE_SHA2011,COUNTRY,THA,SEAR,South-East Asia,YEAR,2000,,,,,,,,,9.25,9.24875259,,,,2025-12-05T13:23:08Z,2000,2000-01-01,2000-12-31
3544725,GHED_GGHE-DGGE_SHA2011,COUNTRY,MEX,AMR,Americas,YEAR,2007,,,,,,,,,10.71,10.71415234,,,,2025-12-05T13:23:08Z,2007,2007-01-01,2007-12-31
3544783,GHED_GGHE-DGGE_SHA2011,COUNTRY,HUN,EUR,Europe,YEAR,2014,,,,,,,,,9.39,9.39402771,,,,2025-12-05T13:23:08Z,2014,2014-01-01,2014-12-31
3545429,GHED_GGHE-DGGE_SHA2011,COUNTRY,SYR,EMR,Eastern Mediterranean,YEAR,2022,,,,,,,,,7.91,7.90796661,,,,2025-12-05T13:23:08Z,2022,2022-01-01,2022-12-31
3546016,GHED_GGHE-DGGE_SHA2011,COUNTRY,TGO,AFR,Africa,YEAR,2005,,,,,,,,,3.80,3.80081558,,,,2025-12-05T13:23:08Z,2005,2005-01-01,2005-12-31
3550950,GHED_GGHE-DGGE_SHA2011,COUNTRY,CYP,EUR,Europe,YEAR,2004,,,,,,,,,5.46,5.45835018,,,,2025-12-05T13:23:08Z,2004,2004-01-01,2004-12-31
3551219,GHED_GGHE-DGGE_SHA2011,COUNTRY,COD,AFR,Africa,YEAR,2014,,,,,,,,,3.99,3.98679423,,,,2025-12-05T13:23:08Z,2014,2014-01-01,2014-12-31
3552961,GHED_GGHE-DGGE_SHA2011,COUNTRY,GMB,AFR,Africa,YEAR,2007,,,,,,,,,6.31,6.30897522,,,,2025-12-05T13:23:08Z,2007,2007-01-01,2007-12-31
3553084,GHED_GGHE-DGGE_SHA2011,COUNTRY,MUS,AFR,Africa,YEAR,2014,,,,,,,,,10.53,10.52838707,,,,2025-12-05T13:23:08Z,2014,2014-01-01,2014-12-31
3555425,GHED_GGHE-DGGE_SHA2011,COUNTRY,MDA,EUR,Europe,YEAR,2001,,,,,,,,,9.71,9.71184635,,,,2025-12-05T13:23:08Z,2001,2001-01-01,2001-12-31
3557255,GHED_GGHE-DGGE_SHA2011,COUNTRY,PRT,EUR,Europe,YEAR,2007,,,,,,,,,13.03,13.03480053,,,,2025-12-05T13:23:08Z,2007,2007-01-01,2007-12-31
3560891,GHED_GGHE-DGGE_SHA2011,COUNTRY,BEN,AFR,Africa,YEAR,2000,,,,,,,,,7.25,7.25110769,,,,2025-12-05T13:23:08Z,2000,2000-01-01,2000-12-31
3561975,GHED_GGHE-DGGE_SHA2011,COUNTRY,VNM,WPR,Western Pacific,YEAR,2018,,,,,,,,,10.22,10.21770763,,,,2025-12-05T13:23:08Z,2018,2018-01-01,2018-12-31
3562943,GHED_GGHE-DGGE_SHA2011,COUNTRY,IND,SEAR,South-East Asia,YEAR,2009,,,,,,,,,3.12,3.1219337,,,,2025-12-05T13:23:08Z,2009,2009-01-01,2009-12-31
3563228,GHED_GGHE-DGGE_SHA2011,COUNTRY,MAR,EMR,Eastern Mediterranean,YEAR,2004,,,,,,,,,4.13,4.12965059,,,,2025-12-05T13:23:08Z,2004,2004-01-01,2004-12-31
3563545,GHED_GGHE-DGGE_SHA2011,COUNTRY,UGA,AFR,Africa,YEAR,2017,,,,,,,,,3.92,3.92163825,,,,2025-12-05T13:23:08Z,2017,2017-01-01,2017-12-31
3567335,GHED_GGHE-DGGE_SHA2011,COUNTRY,TGO,AFR,Africa,YEAR,2010,,,,,,,,,7.45,7.44585991,,,,2025-12-05T13:23:08Z,2010,2010-01-01,2010-12-31
3568532,GHED_GGHE-DGGE_SHA2011,COUNTRY,MDG,AFR,Africa,YEAR,2006,,,,,,,,,10.25,10.24768925,,,,2025-12-05T13:23:08Z,2006,2006-01-01,2006-12-31
3572154,GHED_GGHE-DGGE_SHA2011,COUNTRY,EGY,EMR,Eastern Mediterranean,YEAR,2016,,,,,,,,,5.06,5.05797672,,,,2025-12-05T13:23:08Z,2016,2016-01-01,2016-12-31
3575119,GHED_GGHE-DGGE_SHA2011,COUNTRY,GIN,AFR,Africa,YEAR,2023,,,,,,,,,5.12,5.11740255,,,,2025-12-05T13:23:08Z,2023,2023-01-01,2023-12-31
3576180,GHED_GGHE-DGGE_SHA2011,COUNTRY,ERI,AFR,Africa,YEAR,2010,,,,,,,,,2.37,2.37287188,,,,2025-12-05T13:23:08Z,2010,2010-01-01,2010-12-31
3576359,GHED_GGHE-DGGE_SHA2011,COUNTRY,DNK,EUR,Europe,YEAR,2011,,,,,,,,,15.50,15.50416565,,,,2025-12-05T13:23:08Z,2011,2011-01-01,2011-12-31
3576964,GHED_GGHE-DGGE_SHA2011,COUNTRY,MWI,AFR,Africa,YEAR,2001,,,,,,,,,7.04,7.04260349,,,,2025-12-05T13:23:08Z,2001,2001-01-01,2001-12-31
3578231,GHED_GGHE-DGGE_SHA2011,COUNTRY,WSM,WPR,Western Pacific,YEAR,2015,,,,,,,,,13.77,13.7702322,,,,2025-12-05T13:23:08Z,2015,2015-01-01,2015-12-31
3579530,GHED_GGHE-DGGE_SHA2011,COUNTRY,USA,AMR,Americas,YEAR,2009,,,,,,,,,18.23,18.22518158,,,,2025-12-05T13:23:08Z,2009,2009-01-01,2009-12-31
3582924,GHED_GGHE-DGGE_SHA2011,COUNTRY,NAM,AFR,Africa,YEAR,2003,,,,,,,,,19.50,19.49809647,,,,2025-12-05T13:23:08Z,2003,2003-01-01,2003-12-31
3588471,GHED_GGHE-DGGE_SHA2011,COUNTRY,SVN,EUR,Europe,YEAR,2002,,,,,,,,,12.30,12.30063725,,,,2025-12-05T13:23:08Z,2002,2002-01-01,2002-12-31
3588590,GHED_GGHE-DGGE_SHA2011,COUNTRY,AFG,EMR,Eastern Mediterranean,YEAR,2013,,,,,,,,,1.78,1.77506959,,,,2025-12-05T13:23:08Z,2013,2013-01-01,2013-12-31
3588721,GHED_GGHE-DGGE_SHA2011,COUNTRY,LBY,EMR,Eastern Mediterranean,YEAR,2011,,,,,,,,,6.42,6.4195838,,,,2025-12-05T13:23:08Z,2011,2011-01-01,2011-12-31
3589298,GHED_GGHE-DGGE_SHA2011,COUNTRY,KWT,EMR,Eastern Mediterranean,YEAR,2019,,,,,,,,,9.16,9.16396332,,,,2025-12-05T13:23:08Z,2019,2019-01-01,2019-12-31
3592818,GHED_GGHE-DGGE_SHA2011,COUNTRY,ITA,EUR,Europe,YEAR,2012,,,,,,,,,13.13,13.13403702,,,,2025-12-05T13:23:08Z,2012,2012-01-01,2012-12-31
3592985,GHED_GGHE-DGGE_SHA2011,COUNTRY,PAN,AMR,Americas,YEAR,2009,,,,,,,,,20.49,20.48657417,,,,2025-12-05T13:23:08Z,2009,2009-01-01,2009-12-31
3593883,GHED_GGHE-DGGE_SHA2011,COUNTRY,GRD,AMR,Americas,YEAR,2010,,,,,,,,,7.36,7.35750103,,,,2025-12-05T13:23:08Z,2010,2010-01-01,2010-12-31
3598749,GHED_GGHE-DGGE_SHA2011,GLOBAL,GLOBAL,,,YEAR,2014,,,,,,,,,10.00,10.00068817,,,,2026-01-12T13:50:53Z,2014,2014-01-01,2014-12-31
3607506,GHED_GGHE-DGGE_SHA2011,COUNTRY,PRT,EUR,Europe,YEAR,2018,,,,,,,,,13.31,13.31257248,,,,2025-12-05T13:23:08Z,2018,2018-01-01,2018-12-31
3608325,GHED_GGHE-DGGE_SHA2011,COUNTRY,PHL,WPR,Western Pacific,YEAR,2018,,,,,,,,,7.35,7.34612989,,,,2025-12-05T13:23:08Z,2018,2018-01-01,2018-12-31
3608974,GHED_GGHE-DGGE_SHA2011,COUNTRY,NPL,SEAR,South-East Asia,YEAR,2001,,,,,,,,,4.53,4.52761316,,,,2025-12-05T13:23:08Z,2001,2001-01-01,2001-12-31
3615798,GHED_GGHE-DGGE_SHA2011,WORLDBANKINCOMEGROUP,WB_UMI,,,YEAR,2001,,,,,,,,,9.79,9.79128973,,,,2025-12-05T13:23:08Z,2001,2001-01-01,2001-12-31
3616889,GHED_GGHE-DGGE_SHA2011,COUNTRY,WSM,WPR,Western Pacific,YEAR,2009,,,,,,,,,12.67,12.67088604,,,,2025-12-05T13:23:08Z,2009,2009-01-01,2009-12-31
3616969,GHED_GGHE-DGGE_SHA2011,COUNTRY,PHL,WPR,Western Pacific,YEAR,2012,,,,,,,,,6.20,6.20142746,,,,2025-12-05T13:23:08Z,2012,2012-01-01,2012-12-31
3617682,GHED_GGHE-DGGE_SHA2011,COUNTRY,LKA,SEAR,South-East Asia,YEAR,2011,,,,,,,,,7.97,7.96512938,,,,2025-12-05T13:23:08Z,2011,2011-01-01,2011-12-31
3619324,GHED_GGHE-DGGE_SHA2011,COUNTRY,ZMB,AFR,Africa,YEAR,2014,,,,,,,,,7.78,7.78466225,,,,2025-12-05T13:23:08Z,2014,2014-01-01,2014-12-31
3620403,GHED_GGHE-DGGE_SHA2011,COUNTRY,GRC,EUR,Europe,YEAR,2023,,,,,,,,,8.58,8.5835247,,,,2025-12-05T13:23:08Z,2023,2023-01-01,2023-12-31
3621291,GHED_GGHE-DGGE_SHA2011,COUNTRY,BEN,AFR,Africa,YEAR,2015,,,,,,,,,3.25,3.25478005,,,,2025-12-05T13:23:08Z,2015,2015-01-01,2015-12-31
3623797,GHED_GGHE-DGGE_SHA2011,COUNTRY,NZL,WPR,Western Pacific,YEAR,2014,,,,,,,,,18.51,18.51039696,,,,2025-12-05T13:23:08Z,2014,2014-01-01,2014-12-31
3624729,GHED_GGHE-DGGE_SHA2011,COUNTRY,RWA,AFR,Africa,YEAR,2020,,,,,,,,,6.39,6.39129972,,,,2025-12-05T13:23:08Z,2020,2020-01-01,2020-12-31
3626412,GHED_GGHE-DGGE_SHA2011,COUNTRY,HTI,AMR,Americas,YEAR,2013,,,,,,,,,3.00,2.99846768,,,,2025-12-05T13:23:08Z,2013,2013-01-01,2013-12-31
3627148,GHED_GGHE-DGGE_SHA2011,COUNTRY,CRI,AMR,Americas,YEAR,2005,,,,,,,,,26.83,26.82588387,,,,2025-12-05T13:23:08Z,2005,2005-01-01,2005-12-31
3628973,GHED_GGHE-DGGE_SHA2011,COUNTRY,KWT,EMR,Eastern Mediterranean,YEAR,2007,,,,,,,,,4.87,4.87055826,,,,2025-12-05T13:23:08Z,2007,2007-01-01,2007-12-31
3631454,GHED_GGHE-DGGE_SHA2011,COUNTRY,TZA,AFR,Africa,YEAR,2003,,,,,,,,,9.71,9.70851707,,,,2025-12-05T13:23:08Z,2003,2003-01-01,2003-12-31
3631671,GHED_GGHE-DGGE_SHA2011,COUNTRY,KAZ,EUR,Europe,YEAR,2012,,,,,,,,,9.45,9.44636345,,,,2025-12-05T13:23:08Z,2012,2012-01-01,2012-12-31
3631733,GHED_GGHE-DGGE_SHA2011,COUNTRY,TGO,AFR,Africa,YEAR,2004,,,,,,,,,4.21,4.20555353,,,,2025-12-05T13:23:08Z,2004,2004-01-01,2004-12-31
3633013,GHED_GGHE-DGGE_SHA2011,COUNTRY,QAT,EMR,Eastern Mediterranean,YEAR,2008,,,,,,,,,5.19,5.19438267,,,,2025-12-05T13:23:08Z,2008,2008-01-01,2008-12-31
3633820,GHED_GGHE-DGGE_SHA2011,REGION,EUR,,,YEAR,2008,,,,,,,,,11.86,11.85956494,,,,2025-12-05T13:23:08Z,2008,2008-01-01,2008-12-31
3635273,GHED_GGHE-DGGE_SHA2011,COUNTRY,DJI,EMR,Eastern Mediterranean,YEAR,2014,,,,,,,,,6.07,6.07299089,,,,2025-12-05T13:23:08Z,2014,2014-01-01,2014-12-31
3635925,GHED_GGHE-DGGE_SHA2011,COUNTRY,KOR,WPR,Western Pacific,YEAR,2009,,,,,,,,,10.09,10.08799362,,,,2025-12-05T13:23:08Z,2009,2009-01-01,2009-12-31
3636595,GHED_GGHE-DGGE_SHA2011,COUNTRY,ECU,AMR,Americas,YEAR,2002,,,,,,,,,6.55,6.54682684,,,,2025-12-05T13:23:08Z,2002,2002-01-01,2002-12-31
3636744,GHED_GGHE-DGGE_SHA2011,COUNTRY,BWA,AFR,Africa,YEAR,2014,,,,,,,,,10.96,10.95858192,,,,2025-12-05T13:23:08Z,2014,2014-01-01,2014-12-31
3636829,GHED_GGHE-DGGE_SHA2011,COUNTRY,BRB,AMR,Americas,YEAR,2015,,,,,,,,,9.07,9.07039738,,,,2025-12-05T13:23:08Z,2015,2015-01-01,2015-12-31
3640433,GHED_GGHE-DGGE_SHA2011,COUNTRY,LBY,EMR,Eastern Mediterranean,YEAR,2009,,,,,,,,,4.09,4.08903933,,,,2025-12-05T13:23:08Z,2009,2009-01-01,2009-12-31
3642637,GHED_GGHE-DGGE_SHA2011,COUNTRY,MNG,WPR,Western Pacific,YEAR,2007,,,,,,,,,8.16,8.16387272,,,,2025-12-05T13:23:08Z,2007,2007-01-01,2007-12-31
3646753,GHED_GGHE-DGGE_SHA2011,COUNTRY,ZAF,AFR,Africa,YEAR,2013,,,,,,,,,14.34,14.33791637,,,,2025-12-05T13:23:08Z,2013,2013-01-01,2013-12-31
3649912,GHED_GGHE-DGGE_SHA2011,COUNTRY,WSM,WPR,Western Pacific,YEAR,2001,,,,,,,,,10.39,10.39145947,,,,2025-12-05T13:23:08Z,2001,2001-01-01,2001-12-31
3650692,GHED_GGHE-DGGE_SHA2011,COUNTRY,WSM,WPR,Western Pacific,YEAR,2012,,,,,,,,,11.64,11.64214039,,,,2025-12-05T13:23:08Z,2012,2012-01-01,2012-12-31
3650998,GHED_GGHE-DGGE_SHA2011,COUNTRY,BHR,EMR,Eastern Mediterranean,YEAR,2008,,,,,,,,,8.83,8.83426571,,,,2025-12-05T13:23:08Z,2008,2008-01-01,2008-12-31
3651030,GHED_GGHE-DGGE_SHA2011,COUNTRY,ROU,EUR,Europe,YEAR,2010,,,,,,,,,11.45,11.44624329,,,,2025-12-05T13:23:08Z,2010,2010-01-01,2010-12-31
3656819,GHED_GGHE-DGGE_SHA2011,COUNTRY,HTI,AMR,Americas,YEAR,2003,,,,,,,,,6.61,6.6061697,,,,2025-12-05T13:23:08Z,2003,2003-01-01,2003-12-31
3661791,GHED_GGHE-DGGE_SHA2011,COUNTRY,EST,EUR,Europe,YEAR,2002,,,,,,,,,9.97,9.97256374,,,,2025-12-05T13:23:08Z,2002,2002-01-01,2002-12-31
3662597,GHED_GGHE-DGGE_SHA2011,COUNTRY,POL,EUR,Europe,YEAR,2001,,,,,,,,,8.89,8.89294815,,,,2025-12-05T13:23:08Z,2001,2001-01-01,2001-12-31
3667089,GHED_GGHE-DGGE_SHA2011,COUNTRY,HUN,EUR,Europe,YEAR,2001,,,,,,,,,9.66,9.66478729,,,,2025-12-05T13:23:08Z,2001,2001-01-01,2001-12-31
3671355,GHED_GGHE-DGGE_SHA2011,COUNTRY,GUY,AMR,Americas,YEAR,2003,,,,,,,,,7.36,7.35764837,,,,2025-12-05T13:23:08Z,2003,2003-01-01,2003-12-31
3671654,GHED_GGHE-DGGE_SHA2011,WORLDBANKINCOMEGROUP,WB_LI,,,YEAR,2015,,,,,,,,,5.64,5.64405283,,,,2025-12-05T13:23:08Z,2015,2015-01-01,2015-12-31
3673263,GHED_GGHE-DGGE_SHA2011,COUNTRY,ZMB,AFR,Africa,YEAR,2021,,,,,,,,,9.25,9.25484943,,,,2025-12-05T13:23:08Z,2021,2021-01-01,2021-12-31
3675064,GHED_GGHE-DGGE_SHA2011,COUNTRY,SLE,AFR,Africa,YEAR,2022,,,,,,,,,4.47,4.46844816,,,,2025-12-05T13:23:08Z,2022,2022-01-01,2022-12-31
3677587,GHED_GGHE-DGGE_SHA2011,COUNTRY,TJK,EUR,Europe,YEAR,2011,,,,,,,,,5.38,5.37597609,,,,2025-12-05T13:23:08Z,2011,2011-01-01,2011-12-31
3677633,GHED_GGHE-DGGE_SHA2011,COUNTRY,CHN,WPR,Western Pacific,YEAR,2009,,,,,,,,,8.38,8.37523174,,,,2025-12-05T13:23:08Z,2009,2009-01-01,2009-12-31
3678312,GHED_GGHE-DGGE_SHA2011,COUNTRY,AUS,WPR,Western Pacific,YEAR,2012,,,,,,,,,16.19,16.18693733,,,,2025-12-05T13:23:08Z,2012,2012-01-01,2012-12-31
3679379,GHED_GGHE-DGGE_SHA2011,COUNTRY,MDG,AFR,Africa,YEAR,2003,,,,,,,,,13.12,13.11782169,,,,2025-12-05T13:23:08Z,2003,2003-01-01,2003-12-31
3682593,GHED_GGHE-DGGE_SHA2011,COUNTRY,SMR,EUR,Europe,YEAR,2008,,,,,,,,,19.72,19.72222137,,,,2025-12-05T13:23:08Z,2008,2008-01-01,2008-12-31
3688002,GHED_GGHE-DGGE_SHA2011,COUNTRY,ALB,EUR,Europe,YEAR,2022,,,,,,,,,12.31,12.30900955,,,,2025-12-05T13:23:08Z,2022,2022-01-01,2022-12-31
3690475,GHED_GGHE-DGGE_SHA2011,COUNTRY,VUT,WPR,Western Pacific,YEAR,2019,,,,,,,,,4.78,4.78193808,,,,2025-12-05T13:23:08Z,2019,2019-01-01,2019-12-31
3693283,GHED_GGHE-DGGE_SHA2011,COUNTRY,USA,AMR,Americas,YEAR,2014,,,,,,,,,21.48,21.47860718,,,,2025-12-05T13:23:08Z,2014,2014-01-01,2014-12-31
3696790,GHED_GGHE-DGGE_SHA2011,COUNTRY,LVA,EUR,Europe,YEAR,2022,,,,,,,,,11.86,11.86219311,,,,2025-12-05T13:23:08Z,2022,2022-01-01,2022-12-31
3696922,GHED_GGHE-DGGE_SHA2011,COUNTRY,CMR,AFR,Africa,YEAR,2014,,,,,,,,,2.94,2.9397316,,,,2025-12-05T13:23:08Z,2014,2014-01-01,2014-12-31
3697949,GHED_GGHE-DGGE_SHA2011,COUNTRY,MKD,EUR,Europe,YEAR,2012,,,,,,,,,12.43,12.43339729,,,,2025-12-05T13:23:08Z,2012,2012-01-01,2012-12-31
3698292,GHED_GGHE-DGGE_SHA2011,COUNTRY,TUR,EUR,Europe,YEAR,2003,,,,,,,,,9.29,9.29146957,,,,2025-12-05T13:23:08Z,2003,2003-01-01,2003-12-31
3699992,GHED_GGHE-DGGE_SHA2011,GLOBAL,GLOBAL,,,YEAR,2012,,,,,,,,,9.68,9.68109154,,,,2025-12-05T13:23:08Z,2012,2012-01-01,2012-12-31
3709700,GHED_GGHE-DGGE_SHA2011,COUNTRY,CAF,AFR,Africa,YEAR,2023,,,,,,,,,8.48,8.47619724,,,,2025-12-05T13:23:08Z,2023,2023-01-01,2023-12-31
3710684,GHED_GGHE-DGGE_SHA2011,COUNTRY,DZA,AFR,Africa,YEAR,2017,,,,,,,,,10.61,10.60604,,,,2025-12-05T13:23:08Z,2017,2017-01-01,2017-12-31
3712785,GHED_GGHE-DGGE_SHA2011,COUNTRY,PSE,EMR,Eastern Mediterranean,YEAR,2020,,,,,,,,,11.67,11.66641903,,,,2025-12-05T13:23:08Z,2020,2020-01-01,2020-12-31
3713157,GHED_GGHE-DGGE_SHA2011,COUNTRY,PRT,EUR,Europe,YEAR,2012,,,,,,,,,12.10,12.09683132,,,,2025-12-05T13:23:08Z,2012,2012-01-01,2012-12-31
3714900,GHED_GGHE-DGGE_SHA2011,COUNTRY,AGO,AFR,Africa,YEAR,2019,,,,,,,,,5.51,5.5068841,,,,2025-12-05T13:23:08Z,2019,2019-01-01,2019-12-31
3716888,GHED_GGHE-DGGE_SHA2011,COUNTRY,MDA,EUR,Europe,YEAR,2006,,,,,,,,,12.89,12.89050865,,,,2025-12-05T13:23:08Z,2006,2006-01-01,2006-12-31
3721197,GHED_GGHE-DGGE_SHA2011,COUNTRY,ARE,EMR,Eastern Mediterranean,YEAR,2009,,,,,,,,,8.53,8.52688885,,,,2025-12-05T13:23:08Z,2009,2009-01-01,2009-12-31
3721224,GHED_GGHE-DGGE_SHA2011,COUNTRY,KWT,EMR,Eastern Mediterranean,YEAR,2023,,,,,,,,,9.02,9.02180672,,,,2025-12-05T13:23:08Z,2023,2023-01-01,2023-12-31
3722882,GHED_GGHE-DGGE_SHA2011,COUNTRY,IRN,EMR,Eastern Mediterranean,YEAR,2005,,,,,,,,,9.01,9.00558662,,,,2025-12-05T13:23:08Z,2005,2005-01-01,2005-12-31
3723244,GHED_GGHE-DGGE_SHA2011,COUNTRY,LVA,EUR,Europe,YEAR,2018,,,,,,,,,9.40,9.40360928,,,,2025-12-05T13:23:08Z,2018,2018-01-01,2018-12-31
3723391,GHED_GGHE-DGGE_SHA2011,COUNTRY,ARE,EMR,Eastern Mediterranean,YEAR,2003,,,,,,,,,8.09,8.08750439,,,,2025-12-05T13:23:08Z,2003,2003-01-01,2003-12-31
3728035,GHED_GGHE-DGGE_SHA2011,WORLDBANKINCOMEGROUP,WB_LI,,,YEAR,2006,,,,,,,,,6.04,6.0362858,,,,2025-12-05T13:23:08Z,2006,2006-01-01,2006-12-31
3728248,GHED_GGHE-DGGE_SHA2011,COUNTRY,PNG,WPR,Western Pacific,YEAR,2004,,,,,,,,,8.75,8.74625015,,,,2025-12-05T13:23:08Z,2004,2004-01-01,2004-12-31
3728275,GHED_GGHE-DGGE_SHA2011,COUNTRY,MKD,EUR,Europe,YEAR,2020,,,,,,,,,12.83,12.8283596,,,,2025-12-05T13:23:08Z,2020,2020-01-01,2020-12-31
3729060,GHED_GGHE-DGGE_SHA2011,COUNTRY,MRT,AFR,Africa,YEAR,2003,,,,,,,,,2.61,2.60668302,,,,2025-12-05T13:23:08Z,2003,2003-01-01,2003-12-31
3730344,GHED_GGHE-DGGE_SHA2011,COUNTRY,TUV,WPR,Western Pacific,YEAR,2008,,,,,,,,,11.08,11.082201,,,,2025-12-05T13:23:08Z,2008,2008-01-01,2008-12-31
3730537,GHED_GGHE-DGGE_SHA2011,COUNTRY,AZE,EUR,Europe,YEAR,2019,,,,,,,,,3.29,3.28792715,,,,2025-12-05T13:23:08Z,2019,2019-01-01,2019-12-31
3739133,GHED_GGHE-DGGE_SHA2011,COUNTRY,ITA,EUR,Europe,YEAR,2015,,,,,,,,,13.03,13.03132439,,,,2025-12-05T13:23:08Z,2015,2015-01-01,2015-12-31
3739953,GHED_GGHE-DGGE_SHA2011,COUNTRY,COG,AFR,Africa,YEAR,2022,,,,,,,,,3.53,3.52587986,,,,2025-12-05T13:23:08Z,2022,2022-01-01,2022-12-31
3743530,GHED_GGHE-DGGE_SHA2011,COUNTRY,HTI,AMR,Americas,YEAR,2000,,,,,,,,,13.94,13.94368362,,,,2025-12-05T13:23:08Z,2000,2000-01-01,2000-12-31
3745566,GHED_GGHE-DGGE_SHA2011,COUNTRY,COL,AMR,Americas,YEAR,2012,,,,,,,,,16.20,16.19955254,,,,2025-12-05T13:23:08Z,2012,2012-01-01,2012-12-31
3746803,GHED_GGHE-DGGE_SHA2011,COUNTRY,GAB,AFR,Africa,YEAR,2014,,,,,,,,,6.38,6.38458252,,,,2025-12-05T13:23:08Z,2014,2014-01-01,2014-12-31
3749255,GHED_GGHE-DGGE_SHA2011,COUNTRY,ECU,AMR,Americas,YEAR,2019,,,,,,,,,12.36,12.35584259,,,,2025-12-05T13:23:08Z,2019,2019-01-01,2019-12-31
3749896,GHED_GGHE-DGGE_SHA2011,COUNTRY,HUN,EUR,Europe,YEAR,2009,,,,,,,,,9.71,9.71099281,,,,2025-12-05T13:23:08Z,2009,2009-01-01,2009-12-31
3757665,GHED_GGHE-DGGE_SHA2011,COUNTRY,SGP,WPR,Western Pacific,YEAR,2011,,,,,,,,,11.97,11.97459507,,,,2025-12-05T13:23:08Z,2011,2011-01-01,2011-12-31
3757781,GHED_GGHE-DGGE_SHA2011,COUNTRY,MLT,EUR,Europe,YEAR,2013,,,,,,,,,14.00,13.99545765,,,,2025-12-05T13:23:08Z,2013,2013-01-01,2013-12-31
3760389,GHED_GGHE-DGGE_SHA2011,COUNTRY,KAZ,EUR,Europe,YEAR,2016,,,,,,,,,9.48,9.48439407,,,,2025-12-05T13:23:08Z,2016,2016-01-01,2016-12-31
3761591,GHED_GGHE-DGGE_SHA2011,COUNTRY,DEU,EUR,Europe,YEAR,2011,,,,,,,,,17.61,17.61068344,,,,2025-12-05T13:23:08Z,2011,2011-01-01,2011-12-31
3762655,GHED_GGHE-DGGE_SHA2011,COUNTRY,GBR,EUR,Europe,YEAR,2022,,,,,,,,,20.65,20.6544857,,,,2025-12-05T13:23:08Z,2022,2022-01-01,2022-12-31
3765345,GHED_GGHE-DGGE_SHA2011,COUNTRY,NZL,WPR,Western Pacific,YEAR,2002,,,,,,,,,16.28,16.27812386,,,,2025-12-05T13:23:08Z,2002,2002-01-01,2002-12-31
3767387,GHED_GGHE-DGGE_SHA2011,WORLDBANKINCOMEGROUP,WB_LMI,,,YEAR,2017,,,,,,,,,7.22,7.21722116,,,,2025-12-05T13:23:08Z,2017,2017-01-01,2017-12-31
3769024,GHED_GGHE-DGGE_SHA2011,COUNTRY,CIV,AFR,Africa,YEAR,2011,,,,,,,,,4.39,4.39369249,,,,2025-12-05T13:23:08Z,2011,2011-01-01,2011-12-31
3770261,GHED_GGHE-DGGE_SHA2011,COUNTRY,CHN,WPR,Western Pacific,YEAR,2007,,,,,,,,,7.90,7.90135717,,,,2025-12-05T13:23:08Z,2007,2007-01-01,2007-12-31
3772767,GHED_GGHE-DGGE_SHA2011,COUNTRY,GRC,EUR,Europe,YEAR,2008,,,,,,,,,11.34,11.3433733,,,,2025-12-05T13:23:08Z,2008,2008-01-01,2008-12-31
3775264,GHED_GGHE-DGGE_SHA2011,COUNTRY,NGA,AFR,Africa,YEAR,2009,,,,,,,,,3.69,3.69395757,,,,2025-12-05T13:23:08Z,2009,2009-01-01,2009-12-31
3777452,GHED_GGHE-DGGE_SHA2011,COUNTRY,KOR,WPR,Western Pacific,YEAR,2005,,,,,,,,,8.88,8.8823719,,,,2025-12-05T13:23:08Z,2005,2005-01-01,2005-12-31
3777667,GHED_GGHE-DGGE_SHA2011,COUNTRY,MDA,EUR,Europe,YEAR,2003,,,,,,,,,9.59,9.59353638,,,,2025-12-05T13:23:08Z,2003,2003-01-01,2003-12-31
3782572,GHED_GGHE-DGGE_SHA2011,COUNTRY,SMR,EUR,Europe,YEAR,2020,,,,,,,,,12.86,12.86369801,,,,2025-12-05T13:23:08Z,2020,2020-01-01,2020-12-31
3787747,GHED_GGHE-DGGE_SHA2011,COUNTRY,FSM,WPR,Western Pacific,YEAR,2010,,,,,,,,,1.77,1.77375948,,,,2025-12-05T13:23:08Z,2010,2010-01-01,2010-12-31
3798494,GHED_GGHE-DGGE_SHA2011,COUNTRY,HTI,AMR,Americas,YEAR,2007,,,,,,,,,7.11,7.11358404,,,,2025-12-05T13:23:08Z,2007,2007-01-01,2007-12-31
3800514,GHED_GGHE-DGGE_SHA2011,COUNTRY,MDG,AFR,Africa,YEAR,2011,,,,,,,,,13.94,13.9367857,,,,2025-12-05T13:23:08Z,2011,2011-01-01,2011-12-31
3801460,GHED_GGHE-DGGE_SHA2011,COUNTRY,CUB,AMR,Americas,YEAR,2014,,,,,,,,,18.02,18.02447128,,,,2025-12-05T13:23:08Z,2014,2014-01-01,2014-12-31
3802138,GHED_GGHE-DGGE_SHA2011,COUNTRY,BTN,SEAR,South-East Asia,YEAR,2010,,,,,,,,,5.65,5.64934969,,,,2025-12-05T13:23:08Z,2010,2010-01-01,2010-12-31
3805272,GHED_GGHE-DGGE_SHA2011,COUNTRY,LVA,EUR,Europe,YEAR,2011,,,,,,,,,8.58,8.57539368,,,,2025-12-05T13:23:08Z,2011,2011-01-01,2011-12-31
3806468,GHED_GGHE-DGGE_SHA2011,COUNTRY,MWI,AFR,Africa,YEAR,2003,,,,,,,,,7.63,7.6335125,,,,2025-12-05T13:23:08Z,2003,2003-01-01,2003-12-31
3809270,GHED_GGHE-DGGE_SHA2011,COUNTRY,MLI,AFR,Africa,YEAR,2016,,,,,,,,,5.43,5.43063307,,,,2025-12-05T13:23:08Z,2016,2016-01-01,2016-12-31
3809472,GHED_GGHE-DGGE_SHA2011,COUNTRY,RUS,EUR,Europe,YEAR,2005,,,,,,,,,9.90,9.90451813,,,,2025-12-05T13:23:08Z,2005,2005-01-01,2005-12-31
3810009,GHED_GGHE-DGGE_SHA2011,COUNTRY,DMA,AMR,Americas,YEAR,2014,,,,,,,,,9.62,9.61979961,,,,2025-12-05T13:23:08Z,2014,2014-01-01,2014-12-31
3810506,GHED_GGHE-DGGE_SHA2011,COUNTRY,COM,AFR,Africa,YEAR,2021,,,,,,,,,4.74,4.73731661,,,,2025-12-05T13:23:08Z,2021,2021-01-01,2021-12-31
3811037,GHED_GGHE-DGGE_SHA2011,COUNTRY,ETH,AFR,Africa,YEAR,2009,,,,,,,,,5.30,5.30019999,,,,2025-12-05T13:23:08Z,2009,2009-01-01,2009-12-31
3814168,GHED_GGHE-DGGE_SHA2011,COUNTRY,ZMB,AFR,Africa,YEAR,2005,,,,,,,,,5.54,5.53764105,,,,2025-12-05T13:23:08Z,2005,2005-01-01,2005-12-31
3818535,GHED_GGHE-DGGE_SHA2011,COUNTRY,SLE,AFR,Africa,YEAR,2010,,,,,,,,,6.51,6.5142417,,,,2025-12-05T13:23:08Z,2010,2010-01-01,2010-12-31
3827135,GHED_GGHE-DGGE_SHA2011,COUNTRY,ROU,EUR,Europe,YEAR,2016,,,,,,,,,11.42,11.41569424,,,,2025-12-05T13:23:08Z,2016,2016-01-01,2016-12-31
3830147,GHED_GGHE-DGGE_SHA2011,COUNTRY,LBY,EMR,Eastern Mediterranean,YEAR,2000,,,,,,,,,6.04,6.03982067,,,,2025-12-05T13:23:08Z,2000,2000-01-01,2000-12-31
3830267,GHED_GGHE-DGGE_SHA2011,WORLDBANKINCOMEGROUP,WB_LI,,,YEAR,2004,,,,,,,,,6.76,6.75662293,,,,2025-12-05T13:23:08Z,2004,2004-01-01,2004-12-31
3833335,GHED_GGHE-DGGE_SHA2011,COUNTRY,UKR,EUR,Europe,YEAR,2013,,,,,,,,,6.94,6.94465542,,,,2025-12-05T13:23:08Z,2013,2013-01-01,2013-12-31
3837826,GHED_GGHE-DGGE_SHA2011,COUNTRY,CHN,WPR,Western Pacific,YEAR,2004,,,,,,,,,7.27,7.26605844,,,,2025-12-05T13:23:08Z,2004,2004-01-01,2004-12-31
3838177,GHED_GGHE-DGGE_SHA2011,COUNTRY,MEX,AMR,Americas,YEAR,2018,,,,,,,,,10.41,10.41115475,,,,2025-12-05T13:23:08Z,2018,2018-01-01,2018-12-31
3844528,GHED_GGHE-DGGE_SHA2011,COUNTRY,LTU,EUR,Europe,YEAR,2011,,,,,,,,,11.48,11.47901821,,,,2025-12-05T13:23:08Z,2011,2011-01-01,2011-12-31
3847327,GHED_GGHE-DGGE_SHA2011,COUNTRY,TUN,EMR,Eastern Mediterranean,YEAR,2013,,,,,,,,,12.50,12.49827194,,,,2025-12-05T13:23:08Z,2013,2013-01-01,2013-12-31
3847537,GHED_GGHE-DGGE_SHA2011,COUNTRY,RUS,EUR,Europe,YEAR,2023,,,,,,,,,13.67,13.6688633,,,,2025-12-05T13:23:08Z,2023,2023-01-01,2023-12-31
3849287,GHED_GGHE-DGGE_SHA2011,COUNTRY,ECU,AMR,Americas,YEAR,2000,,,,,,,,,4.14,4.139431,,,,2025-12-05T13:23:08Z,2000,2000-01-01,2000-12-31
3854007,GHED_GGHE-DGGE_SHA2011,COUNTRY,SWZ,AFR,Africa,YEAR,2000,,,,,,,,,9.79,9.79427242,,,,2025-12-05T13:23:08Z,2000,2000-01-01,2000-12-31
3857151,GHED_GGHE-DGGE_SHA2011,COUNTRY,MHL,WPR,Western Pacific,YEAR,2017,,,,,,,,,7.69,7.68571138,,,,2025-12-05T13:23:08Z,2017,2017-01-01,2017-12-31
3859132,GHED_GGHE-DGGE_SHA2011,COUNTRY,SGP,WPR,Western Pacific,YEAR,2000,,,,,,,,,7.39,7.39189529,,,,2025-12-05T13:23:08Z,2000,2000-01-01,2000-12-31
3861170,GHED_GGHE-DGGE_SHA2011,COUNTRY,LAO,WPR,Western Pacific,YEAR,2008,,,,,,,,,3.20,3.19745922,,,,2025-12-05T13:23:08Z,2008,2008-01-01,2008-12-31
3862310,GHED_GGHE-DGGE_SHA2011,COUNTRY,TON,WPR,Western Pacific,YEAR,2015,,,,,,,,,7.38,7.38243437,,,,2025-12-05T13:23:08Z,2015,2015-01-01,2015-12-31
3864010,GHED_GGHE-DGGE_SHA2011,COUNTRY,NER,AFR,Africa,YEAR,2004,,,,,,,,,7.35,7.34862614,,,,2025-12-05T13:23:08Z,2004,2004-01-01,2004-12-31
3870428,GHED_GGHE-DGGE_SHA2011,COUNTRY,ZWE,AFR,Africa,YEAR,2011,,,,,,,,,12.72,12.71787548,,,,2025-12-05T13:23:08Z,2011,2011-01-01,2011-12-31
3872215,GHED_GGHE-DGGE_SHA2011,COUNTRY,GIN,AFR,Africa,YEAR,2012,,,,,,,,,2.63,2.63003397,,,,2025-12-05T13:23:08Z,2012,2012-01-01,2012-12-31
3875385,GHED_GGHE-DGGE_SHA2011,COUNTRY,KIR,WPR,Western Pacific,YEAR,2018,,,,,,,,,8.09,8.0882349,,,,2025-12-05T13:23:08Z,2018,2018-01-01,2018-12-31
3875669,GHED_GGHE-DGGE_SHA2011,COUNTRY,IRN,EMR,Eastern Mediterranean,YEAR,2013,,,,,,,,,16.34,16.34275436,,,,2025-12-05T13:23:08Z,2013,2013-01-01,2013-12-31
3876438,GHED_GGHE-DGGE_SHA2011,COUNTRY,PRY,AMR,Americas,YEAR,2012,,,,,,,,,16.36,16.35595512,,,,2025-12-05T13:23:08Z,2012,2012-01-01,2012-12-31
3877577,GHED_GGHE-DGGE_SHA2011,COUNTRY,ESP,EUR,Europe,YEAR,2001,,,,,,,,,12.52,12.52005386,,,,2025-12-05T13:23:08Z,2001,2001-01-01,2001-12-31
3881447,GHED_GGHE-DGGE_SHA2011,COUNTRY,DZA,AFR,Africa,YEAR,2000,,,,,,,,,8.78,8.77923775,,,,2025-12-05T13:23:08Z,2000,2000-01-01,2000-12-31
3882802,GHED_GGHE-DGGE_SHA2011,COUNTRY,BRB,AMR,Americas,YEAR,2003,,,,,,,,,11.64,11.64061165,,,,2025-12-05T13:23:08Z,2003,2003-01-01,2003-12-31
3883672,GHED_GGHE-DGGE_SHA2011,COUNTRY,BOL,AMR,Americas,YEAR,2014,,,,,,,,,8.95,8.95201874,,,,2025-12-05T13:23:08Z,2014,2014-01-01,2014-12-31
3884265,GHED_GGHE-DGGE_SHA2011,COUNTRY,MLT,EUR,Europe,YEAR,2004,,,,,,,,,13.37,13.36781025,,,,2025-12-05T13:23:08Z,2004,2004-01-01,2004-12-31
3885857,GHED_GGHE-DGGE_SHA2011,COUNTRY,PER,AMR,Americas,YEAR,2008,,,,,,,,,10.99,10.98999786,,,,2025-12-05T13:23:08Z,2008,2008-01-01,2008-12-31
3885931,GHED_GGHE-DGGE_SHA2011,WORLDBANKINCOMEGROUP,WB_LMI,,,YEAR,2000,,,,,,,,,7.88,7.88133171,,,,2025-12-05T13:23:08Z,2000,2000-01-01,2000-12-31
3887327,GHED_GGHE-DGGE_SHA2011,COUNTRY,BWA,AFR,Africa,YEAR,2009,,,,,,,,,6.25,6.25206232,,,,2025-12-05T13:23:08Z,2009,2009-01-01,2009-12-31
3888527,GHED_GGHE-DGGE_SHA2011,COUNTRY,TUR,EUR,Europe,YEAR,2015,,,,,,,,,9.91,9.90802383,,,,2025-12-05T13:23:08Z,2015,2015-01-01,2015-12-31
3889939,GHED_GGHE-DGGE_SHA2011,COUNTRY,PHL,WPR,Western Pacific,YEAR,2023,,,,,,,,,8.77,8.76994514,,,,2025-12-05T13:23:08Z,2023,2023-01-01,2023-12-31
3892466,GHED_GGHE-DGGE_SHA2011,COUNTRY,NPL,SEAR,South-East Asia,YEAR,2010,,,,,,,,,4.81,4.80506372,,,,2025-12-05T13:23:08Z,2010,2010-01-01,2010-12-31
3899505,GHED_GGHE-DGGE_SHA2011,COUNTRY,EGY,EMR,Eastern Mediterranean,YEAR,2005,,,,,,,,,5.24,5.24353075,,,,2025-12-05T13:23:08Z,2005,2005-01-01,2005-12-31
3901360,GHED_GGHE-DGGE_SHA2011,REGION,EUR,,,YEAR,2017,,,,,,,,,12.59,12.58721441,,,,2025-12-05T13:23:08Z,2017,2017-01-01,2017-12-31
3902385,GHED_GGHE-DGGE_SHA2011,COUNTRY,IND,SEAR,South-East Asia,YEAR,2001,,,,,,,,,2.90,2.90321684,,,,2025-12-05T13:23:08Z,2001,2001-01-01,2001-12-31
3903935,GHED_GGHE-DGGE_SHA2011,COUNTRY,BEN,AFR,Africa,YEAR,2005,,,,,,,,,7.41,7.41133642,,,,2025-12-05T13:23:08Z,2005,2005-01-01,2005-12-31
3905733,GHED_GGHE-DGGE_SHA2011,COUNTRY,RWA,AFR,Africa,YEAR,2015,,,,,,,,,7.91,7.9149456,,,,2025-12-05T13:23:08Z,2015,2015-01-01,2015-12-31
3906365,GHED_GGHE-DGGE_SHA2011,COUNTRY,KEN,AFR,Africa,YEAR,2006,,,,,,,,,6.81,6.81280947,,,,2025-12-05T13:23:08Z,2006,2006-01-01,2006-12-31
3908008,GHED_GGHE-DGGE_SHA2011,COUNTRY,BEN,AFR,Africa,YEAR,2003,,,,,,,,,7.69,7.68920326,,,,2025-12-05T13:23:08Z,2003,2003-01-01,2003-12-31
3908760,GHED_GGHE-DGGE_SHA2011,COUNTRY,JPN,WPR,Western Pacific,YEAR,2020,,,,,,,,,21.95,21.954463959999998,,,,2025-12-05T13:23:08Z,2020,2020-01-01,2020-12-31
3909465,GHED_GGHE-DGGE_SHA2011,COUNTRY,TCD,AFR,Africa,YEAR,2020,,,,,,,,,3.95,3.95443511,,,,2025-12-05T13:23:08Z,2020,2020-01-01,2020-12-31
3909969,GHED_GGHE-DGGE_SHA2011,COUNTRY,MMR,SEAR,South-East Asia,YEAR,2004,,,,,,,,,1.74,1.74388623,,,,2025-12-05T13:23:08Z,2004,2004-01-01,2004-12-31
3910759,GHED_GGHE-DGGE_SHA2011,COUNTRY,PRY,AMR,Americas,YEAR,2015,,,,,,,,,17.56,17.55841637,,,,2025-12-05T13:23:08Z,2015,2015-01-01,2015-12-31
3912248,GHED_GGHE-DGGE_SHA2011,COUNTRY,UKR,EUR,Europe,YEAR,2002,,,,,,,,,8.11,8.10631752,,,,2025-12-05T13:23:08Z,2002,2002-01-01,2002-12-31
3912379,GHED_GGHE-DGGE_SHA2011,COUNTRY,GRD,AMR,Americas,YEAR,2018,,,,,,,,,8.33,8.33406734,,,,2025-12-05T13:23:08Z,2018,2018-01-01,2018-12-31
3917585,GHED_GGHE-DGGE_SHA2011,COUNTRY,LIE,EUR,Europe,YEAR,2013,,,,,,,,,14.19,14.19408512,,,,2026-01-12T13:50:53Z,2013,2013-01-01,2013-12-31
3919800,GHED_GGHE-DGGE_SHA2011,COUNTRY,GEO,EUR,Europe,YEAR,2019,,,,,,,,,9.39,9.38722324,,,,2025-12-05T13:23:08Z,2019,2019-01-01,2019-12-31
3920708,GHED_GGHE-DGGE_SHA2011,COUNTRY,COL,AMR,Americas,YEAR,2019,,,,,,,,,16.66,16.65906715,,,,2025-12-05T13:23:08Z,2019,2019-01-01,2019-12-31
3921584,GHED_GGHE-DGGE_SHA2011,COUNTRY,SYC,AFR,Africa,YEAR,2000,,,,,,,,,6.83,6.83102226,,,,2025-12-05T13:23:08Z,2000,2000-01-01,2000-12-31
3921752,GHED_GGHE-DGGE_SHA2011,COUNTRY,BDI,AFR,Africa,YEAR,2005,,,,,,,,,6.22,6.223104,,,,2025-12-05T13:23:08Z,2005,2005-01-01,2005-12-31
3923327,GHED_GGHE-DGGE_SHA2011,COUNTRY,FJI,WPR,Western Pacific,YEAR,2007,,,,,,,,,10.59,10.59320831,,,,2025-12-05T13:23:08Z,2007,2007-01-01,2007-12-31
3924399,GHED_GGHE-DGGE_SHA2011,COUNTRY,SEN,AFR,Africa,YEAR,2021,,,,,,,,,3.88,3.87724304,,,,2025-12-05T13:23:08Z,2021,2021-01-01,2021-12-31
3924887,GHED_GGHE-DGGE_SHA2011,COUNTRY,PLW,WPR,Western Pacific,YEAR,2007,,,,,,,,,6.94,6.94343662,,,,2025-12-05T13:23:08Z,2007,2007-01-01,2007-12-31
3924914,GHED_GGHE-DGGE_SHA2011,COUNTRY,MMR,SEAR,South-East Asia,YEAR,2021,,,,,,,,,4.47,4.4710865,,,,2025-12-05T13:23:08Z,2021,2021-01-01,2021-12-31
3925223,GHED_GGHE-DGGE_SHA2011,COUNTRY,PRT,EUR,Europe,YEAR,2004,,,,,,,,,14.54,14.53673935,,,,2025-12-05T13:23:08Z,2004,2004-01-01,2004-12-31
3930780,GHED_GGHE-DGGE_SHA2011,COUNTRY,ECU,AMR,Americas,YEAR,2015,,,,,,,,,10.20,10.20452404,,,,2025-12-05T13:23:08Z,2015,2015-01-01,2015-12-31
3937291,GHED_GGHE-DGGE_SHA2011,COUNTRY,SVK,EUR,Europe,YEAR,2021,,,,,,,,,13.55,13.54746342,,,,2025-12-05T13:23:08Z,2021,2021-01-01,2021-12-31
3943843,GHED_GGHE-DGGE_SHA2011,COUNTRY,TUR,EUR,Europe,YEAR,2000,,,,,,,,,7.19,7.18632746,,,,2025-12-05T13:23:08Z,2000,2000-01-01,2000-12-31
3943882,GHED_GGHE-DGGE_SHA2011,COUNTRY,KGZ,EUR,Europe,YEAR,2008,,,,,,,,,10.39,10.38534927,,,,2025-12-05T13:23:08Z,2008,2008-01-01,2008-12-31
3948811,GHED_GGHE-DGGE_SHA2011,COUNTRY,BRN,WPR,Western Pacific,YEAR,2003,,,,,,,,,6.99,6.98940802,,,,2025-12-05T13:23:08Z,2003,2003-01-01,2003-12-31
3953027,GHED_GGHE-DGGE_SHA2011,COUNTRY,AZE,EUR,Europe,YEAR,2017,,,,,,,,,2.82,2.82377267,,,,2025-12-05T13:23:08Z,2017,2017-01-01,2017-12-31
3954490,GHED_GGHE-DGGE_SHA2011,COUNTRY,HUN,EUR,Europe,YEAR,2008,,,,,,,,,9.85,9.8515749,,,,2025-12-05T13:23:08Z,2008,2008-01-01,2008-12-31
3954798,GHED_GGHE-DGGE_SHA2011,COUNTRY,MNE,EUR,Europe,YEAR,2018,,,,,,,,,10.53,10.53136349,,,,2025-12-05T13:23:08Z,2018,2018-01-01,2018-12-31
3956119,GHED_GGHE-DGGE_SHA2011,GLOBAL,GLOBAL,,,YEAR,2016,,,,,,,,,10.41,10.40681459,,,,2025-12-05T13:23:08Z,2016,2016-01-01,2016-12-31
3956456,GHED_GGHE-DGGE_SHA2011,COUNTRY,FJI,WPR,Western Pacific,YEAR,2021,,,,,,,,,10.31,10.31014252,,,,2025-12-05T13:23:08Z,2021,2021-01-01,2021-12-31
3956512,GHED_GGHE-DGGE_SHA2011,COUNTRY,USA,AMR,Americas,YEAR,2018,,,,,,,,,22.59,22.58873749,,,,2025-12-05T13:23:08Z,2018,2018-01-01,2018-12-31
3960827,GHED_GGHE-DGGE_SHA2011,COUNTRY,SEN,AFR,Africa,YEAR,2008,,,,,,,,,6.62,6.62481499,,,,2025-12-05T13:23:08Z,2008,2008-01-01,2008-12-31
3961529,GHED_GGHE-DGGE_SHA2011,COUNTRY,SVN,EUR,Europe,YEAR,2011,,,,,,,,,12.09,12.08939648,,,,2025-12-05T13:23:08Z,2011,2011-01-01,2011-12-31
3961976,GHED_GGHE-DGGE_SHA2011,COUNTRY,MLI,AFR,Africa,YEAR,2002,,,,,,,,,5.57,5.56607676,,,,2025-12-05T13:23:08Z,2002,2002-01-01,2002-12-31
3963214,GHED_GGHE-DGGE_SHA2011,COUNTRY,NGA,AFR,Africa,YEAR,2007,,,,,,,,,4.29,4.29357767,,,,2025-12-05T13:23:08Z,2007,2007-01-01,2007-12-31
3964744,GHED_GGHE-DGGE_SHA2011,COUNTRY,VCT,AMR,Americas,YEAR,2019,,,,,,,,,9.85,9.85360909,,,,2025-12-05T13:23:08Z,2019,2019-01-01,2019-12-31
3968196,GHED_GGHE-DGGE_SHA2011,COUNTRY,SLB,WPR,Western Pacific,YEAR,2000,,,,,,,,,23.80,23.80240631,,,,2025-12-05T13:23:08Z,2000,2000-01-01,2000-12-31
3969442,GHED_GGHE-DGGE_SHA2011,COUNTRY,IRN,EMR,Eastern Mediterranean,YEAR,2002,,,,,,,,,9.57,9.56564999,,,,2025-12-05T13:23:08Z,2002,2002-01-01,2002-12-31
3972581,GHED_GGHE-DGGE_SHA2011,COUNTRY,AZE,EUR,Europe,YEAR,2014,,,,,,,,,3.11,3.10700679,,,,2025-12-05T13:23:08Z,2014,2014-01-01,2014-12-31
3977760,GHED_GGHE-DGGE_SHA2011,COUNTRY,MHL,WPR,Western Pacific,YEAR,2023,,,,,,,,,15.24,15.23716927,,,,2025-12-05T13:23:08Z,2023,2023-01-01,2023-12-31
3978437,GHED_GGHE-DGGE_SHA2011,COUNTRY,BLZ,AMR,Americas,YEAR,2011,,,,,,,,,12.70,12.69621658,,,,2025-12-05T13:23:08Z,2011,2011-01-01,2011-12-31
3980684,GHED_GGHE-DGGE_SHA2011,COUNTRY,CHE,EUR,Europe,YEAR,2012,,,,,,,,,10.86,10.86467552,,,,2025-12-05T13:23:08Z,2012,2012-01-01,2012-12-31
3983675,GHED_GGHE-DGGE_SHA2011,REGION,EMR,,,YEAR,2000,,,,,,,,,7.63,7.63376724,,,,2025-12-05T13:23:08Z,2000,2000-01-01,2000-12-31
3983823,GHED_GGHE-DGGE_SHA2011,COUNTRY,MEX,AMR,Americas,YEAR,2003,,,,,,,,,10.69,10.69286728,,,,2025-12-05T13:23:08Z,2003,2003-01-01,2003-12-31
3984099,GHED_GGHE-DGGE_SHA2011,COUNTRY,ERI,AFR,Africa,YEAR,2011,,,,,,,,,2.37,2.37287188,,,,2025-12-05T13:23:08Z,2011,2011-01-01,2011-12-31
3984145,GHED_GGHE-DGGE_SHA2011,COUNTRY,ARE,EMR,Eastern Mediterranean,YEAR,2002,,,,,,,,,7.80,7.80031395,,,,2025-12-05T13:23:08Z,2002,2002-01-01,2002-12-31
3987325,GHED_GGHE-DGGE_SHA2011,WORLDBANKINCOMEGROUP,WB_HI,,,YEAR,2023,,,,,,,,,14.17,14.17240389,,,,2025-12-05T13:23:08Z,2023,2023-01-01,2023-12-31
3991303,GHED_GGHE-DGGE_SHA2011,COUNTRY,JAM,AMR,Americas,YEAR,2022,,,,,,,,,18.96,18.96323967,,,,2025-12-05T13:23:08Z,2022,2022-01-01,2022-12-31
3991375,GHED_GGHE-DGGE_SHA2011,COUNTRY,HUN,EUR,Europe,YEAR,2004,,,,,,,,,11.09,11.08648109,,,,2025-12-05T13:23:08Z,2004,2004-01-01,2004-12-31
3991655,GHED_GGHE-DGGE_SHA2011,COUNTRY,MDA,EUR,Europe,YEAR,2018,,,,,,,,,12.03,12.02570248,,,,2025-12-05T13:23:08Z,2018,2018-01-01,2018-12-31
3991838,GHED_GGHE-DGGE_SHA2011,COUNTRY,BIH,EUR,Europe,YEAR,2007,,,,,,,,,11.33,11.32833004,,,,2025-12-05T13:23:08Z,2007,2007-01-01,2007-12-31
3991967,GHED_GGHE-DGGE_SHA2011,COUNTRY,FIN,EUR,Europe,YEAR,2001,,,,,,,,,11.69,11.69011116,,,,2025-12-05T13:23:08Z,2001,2001-01-01,2001-12-31
3992203,GHED_GGHE-DGGE_SHA2011,COUNTRY,HRV,EUR,Europe,YEAR,2008,,,,,,,,,13.84,13.83800697,,,,2025-12-05T13:23:08Z,2008,2008-01-01,2008-12-31
3993526,GHED_GGHE-DGGE_SHA2011,COUNTRY,TKM,EUR,Europe,YEAR,2023,,,,,,,,,8.62,8.61905384,,,,2025-12-05T13:23:08Z,2023,2023-01-01,2023-12-31
3993755,GHED_GGHE-DGGE_SHA2011,COUNTRY,IRL,EUR,Europe,YEAR,2021,,,,,,,,,20.97,20.97027206,,,,2025-12-05T13:23:08Z,2021,2021-01-01,2021-12-31
4003564,GHED_GGHE-DGGE_SHA2011,COUNTRY,ZAF,AFR,Africa,YEAR,2019,,,,,,,,,15.29,15.28983974,,,,2025-12-05T13:23:08Z,2019,2019-01-01,2019-12-31
4003850,GHED_GGHE-DGGE_SHA2011,COUNTRY,PAK,EMR,Eastern Mediterranean,YEAR,2015,,,,,,,,,3.85,3.85042071,,,,2025-12-05T13:23:08Z,2015,2015-01-01,2015-12-31
4008642,GHED_GGHE-DGGE_SHA2011,COUNTRY,NPL,SEAR,South-East Asia,YEAR,2005,,,,,,,,,6.25,6.25147295,,,,2025-12-05T13:23:08Z,2005,2005-01-01,2005-12-31
4008659,GHED_GGHE-DGGE_SHA2011,GLOBAL,GLOBAL,,,YEAR,2023,,,,,,,,,10.78,10.77954435,,,,2026-01-12T13:50:53Z,2023,2023-01-01,2023-12-31
4009368,GHED_GGHE-DGGE_SHA2011,COUNTRY,BGR,EUR,Europe,YEAR,2005,,,,,,,,,11.17,11.16988087,,,,2025-12-05T13:23:08Z,2005,2005-01-01,2005-12-31
4009434,GHED_GGHE-DGGE_SHA2011,COUNTRY,SLB,WPR,Western Pacific,YEAR,2011,,,,,,,,,10.62,10.61887932,,,,2025-12-05T13:23:08Z,2011,2011-01-01,2011-12-31
4016084,GHED_GGHE-DGGE_SHA2011,COUNTRY,POL,EUR,Europe,YEAR,2020,,,,,,,,,9.68,9.6803627,,,,2025-12-05T13:23:08Z,2020,2020-01-01,2020-12-31
4017988,GHED_GGHE-DGGE_SHA2011,COUNTRY,NRU,WPR,Western Pacific,YEAR,2013,,,,,,,,,8.07,8.07032013,,,,2025-12-05T13:23:08Z,2013,2013-01-01,2013-12-31
4020942,GHED_GGHE-DGGE_SHA2011,COUNTRY,KWT,EMR,Eastern Mediterranean,YEAR,2001,,,,,,,,,6.17,6.17466164,,,,2025-12-05T13:23:08Z,2001,2001-01-01,2001-12-31
4024902,GHED_GGHE-DGGE_SHA2011,COUNTRY,LBR,AFR,Africa,YEAR,2022,,,,,,,,,4.79,4.79117155,,,,2025-12-05T13:23:08Z,2022,2022-01-01,2022-12-31
4025631,GHED_GGHE-DGGE_SHA2011,COUNTRY,TON,WPR,Western Pacific,YEAR,2023,,,,,,,,,7.06,7.06235838,,,,2025-12-05T13:23:08Z,2023,2023-01-01,2023-12-31
4029983,GHED_GGHE-DGGE_SHA2011,COUNTRY,BRB,AMR,Americas,YEAR,2017,,,,,,,,,9.06,9.06172657,,,,2025-12-05T13:23:08Z,2017,2017-01-01,2017-12-31
4030171,GHED_GGHE-DGGE_SHA2011,COUNTRY,DZA,AFR,Africa,YEAR,2011,,,,,,,,,9.03,9.03425121,,,,2025-12-05T13:23:08Z,2011,2011-01-01,2011-12-31
4030743,GHED_GGHE-DGGE_SHA2011,COUNTRY,BGR,EUR,Europe,YEAR,2008,,,,,,,,,9.39,9.39310265,,,,2025-12-05T13:23:08Z,2008,2008-01-01,2008-12-31
4031167,GHED_GGHE-DGGE_SHA2011,COUNTRY,PLW,WPR,Western Pacific,YEAR,2005,,,,,,,,,8.61,8.61445904,,,,2025-12-05T13:23:08Z,2005,2005-01-01,2005-12-31
4032320,GHED_GGHE-DGGE_SHA2011,COUNTRY,TUN,EMR,Eastern Mediterranean,YEAR,2009,,,,,,,,,12.08,12.0754261,,,,2025-12-05T13:23:08Z,2009,2009-01-01,2009-12-31
4032861,GHED_GGHE-DGGE_SHA2011,COUNTRY,MAR,EMR,Eastern Mediterranean,YEAR,2008,,,,,,,,,5.31,5.31417799,,,,2025-12-05T13:23:08Z,2008,2008-01-01,2008-12-31
4037206,GHED_GGHE-DGGE_SHA2011,COUNTRY,GMB,AFR,Africa,YEAR,2014,,,,,,,,,5.75,5.75401974,,,,2025-12-05T13:23:08Z,2014,2014-01-01,2014-12-31
4037480,GHED_GGHE-DGGE_SHA2011,REGION,AFR,,,YEAR,2021,,,,,,,,,7.41,7.4067409,,,,2025-12-05T13:23:08Z,2021,2021-01-01,2021-12-31
4039245,GHED_GGHE-DGGE_SHA2011,COUNTRY,PRT,EUR,Europe,YEAR,2023,,,,,,,,,14.56,14.56064987,,,,2025-12-05T13:23:08Z,2023,2023-01-01,2023-12-31
4044764,GHED_GGHE-DGGE_SHA2011,COUNTRY,KIR,WPR,Western Pacific,YEAR,2019,,,,,,,,,8.52,8.52070999,,,,2025-12-05T13:23:08Z,2019,2019-01-01,2019-12-31
4048015,GHED_GGHE-DGGE_SHA2011,COUNTRY,MKD,EUR,Europe,YEAR,2010,,,,,,,,,12.51,12.50852871,,,,2025-12-05T13:23:08Z,2010,2010-01-01,2010-12-31
4053359,GHED_GGHE-DGGE_SHA2011,COUNTRY,RWA,AFR,Africa,YEAR,2019,,,,,,,,,6.28,6.27615356,,,,2025-12-05T13:23:08Z,2019,2019-01-01,2019-12-31
4056444,GHED_GGHE-DGGE_SHA2011,COUNTRY,ALB,EUR,Europe,YEAR,2019,,,,,,,,,10.05,10.04622459,,,,2025-12-05T13:23:08Z,2019,2019-01-01,2019-12-31
4060010,GHED_GGHE-DGGE_SHA2011,COUNTRY,KIR,WPR,Western Pacific,YEAR,2017,,,,,,,,,9.03,9.02985096,,,,2025-12-05T13:23:08Z,2017,2017-01-01,2017-12-31
4062256,GHED_GGHE-DGGE_SHA2011,COUNTRY,SAU,EMR,Eastern Mediterranean,YEAR,2006,,,,,,,,,9.69,9.68641186,,,,2025-12-05T13:23:08Z,2006,2006-01-01,2006-12-31
4062734,GHED_GGHE-DGGE_SHA2011,COUNTRY,LBY,EMR,Eastern Mediterranean,YEAR,2012,,,,,,,,,7.41,7.41257477,,,,2025-12-05T13:23:08Z,2012,2012-01-01,2012-12-31
4063845,GHED_GGHE-DGGE_SHA2011,COUNTRY,DOM,AMR,Americas,YEAR,2023,,,,,,,,,15.41,15.41133881,,,,2025-12-05T13:23:08Z,2023,2023-01-01,2023-12-31
4065003,GHED_GGHE-DGGE_SHA2011,COUNTRY,DJI,EMR,Eastern Mediterranean,YEAR,2004,,,,,,,,,5.39,5.38615036,,,,2025-12-05T13:23:08Z,2004,2004-01-01,2004-12-31
4065095,GHED_GGHE-DGGE_SHA2011,COUNTRY,DMA,AMR,Americas,YEAR,2000,,,,,,,,,8.64,8.64061165,,,,2025-12-05T13:23:08Z,2000,2000-01-01,2000-12-31
4065485,GHED_GGHE-DGGE_SHA2011,COUNTRY,TUR,EUR,Europe,YEAR,2008,,,,,,,,,11.26,11.25649643,,,,2025-12-05T13:23:08Z,2008,2008-01-01,2008-12-31
4069210,GHED_GGHE-DGGE_SHA2011,COUNTRY,SGP,WPR,Western Pacific,YEAR,2017,,,,,,,,,15.31,15.31318092,,,,2025-12-05T13:23:08Z,2017,2017-01-01,2017-12-31
4069577,GHED_GGHE-DGGE_SHA2011,COUNTRY,IRQ,EMR,Eastern Mediterranean,YEAR,2005,,,,,,,,,3.20,3.19641972,,,,2025-12-05T13:23:08Z,2005,2005-01-01,2005-12-31
4069935,GHED_GGHE-DGGE_SHA2011,COUNTRY,HND,AMR,Americas,YEAR,2022,,,,,,,,,13.32,13.31573868,,,,2025-12-05T13:23:08Z,2022,2022-01-01,2022-12-31
4071854,GHED_GGHE-DGGE_SHA2011,COUNTRY,AUS,WPR,Western Pacific,YEAR,2020,,,,,,,,,17.06,17.06309319,,,,2025-12-05T13:23:08Z,2020,2020-01-01,2020-12-31
4071977,GHED_GGHE-DGGE_SHA2011,COUNTRY,MRT,AFR,Africa,YEAR,2016,,,,,,,,,5.76,5.75632954,,,,2025-12-05T13:23:08Z,2016,2016-01-01,2016-12-31
4076453,GHED_GGHE-DGGE_SHA2011,COUNTRY,AUT,EUR,Europe,YEAR,2002,,,,,,,,,13.48,13.48015594,,,,2025-12-05T13:23:08Z,2002,2002-01-01,2002-12-31
4077039,GHED_GGHE-DGGE_SHA2011,COUNTRY,LBY,EMR,Eastern Mediterranean,YEAR,2007,,,,,,,,,4.81,4.81298208,,,,2025-12-05T13:23:08Z,2007,2007-01-01,2007-12-31
4077928,GHED_GGHE-DGGE_SHA2011,COUNTRY,KWT,EMR,Eastern Mediterranean,YEAR,2006,,,,,,,,,4.35,4.34875584,,,,2025-12-05T13:23:08Z,2006,2006-01-01,2006-12-31
4079040,GHED_GGHE-DGGE_SHA2011,COUNTRY,SGP,WPR,Western Pacific,YEAR,2022,,,,,,,,,17.41,17.41417694,,,,2025-12-05T13:23:08Z,2022,2022-01-01,2022-12-31
4081156,GHED_GGHE-DGGE_SHA2011,COUNTRY,FIN,EUR,Europe,YEAR,2022,,,,,,,,,15.13,15.12539959,,,,2025-12-05T13:23:08Z,2022,2022-01-01,2022-12-31
4082725,GHED_GGHE-DGGE_SHA2011,COUNTRY,ITA,EUR,Europe,YEAR,2002,,,,,,,,,12.63,12.63419819,,,,2025-12-05T13:23:08Z,2002,2002-01-01,2002-12-31
4086296,GHED_GGHE-DGGE_SHA2011,COUNTRY,SWE,EUR,Europe,YEAR,2019,,,,,,,,,18.67,18.67248726,,,,2025-12-05T13:23:08Z,2019,2019-01-01,2019-12-31
4089826,GHED_GGHE-DGGE_SHA2011,COUNTRY,BOL,AMR,Americas,YEAR,2006,,,,,,,,,8.75,8.75200176,,,,2025-12-05T13:23:08Z,2006,2006-01-01,2006-12-31
4090025,GHED_GGHE-DGGE_SHA2011,COUNTRY,GBR,EUR,Europe,YEAR,2003,,,,,,,,,16.95,16.95295525,,,,2025-12-05T13:23:08Z,2003,2003-01-01,2003-12-31
4093450,GHED_GGHE-DGGE_SHA2011,COUNTRY,MAR,EMR,Eastern Mediterranean,YEAR,2019,,,,,,,,,7.31,7.30722809,,,,2025-12-05T13:23:08Z,2019,2019-01-01,2019-12-31
4093590,GHED_GGHE-DGGE_SHA2011,COUNTRY,BGD,SEAR,South-East Asia,YEAR,2000,,,,,,,,,5.21,5.21146441,,,,2025-12-05T13:23:08Z,2000,2000-01-01,2000-12-31
4093736,GHED_GGHE-DGGE_SHA2011,COUNTRY,CHL,AMR,Americas,YEAR,2001,,,,,,,,,11.13,11.13347244,,,,2025-12-05T13:23:08Z,2001,2001-01-01,2001-12-31
4096481,GHED_GGHE-DGGE_SHA2011,COUNTRY,ZMB,AFR,Africa,YEAR,2000,,,,,,,,,6.88,6.88475037,,,,2025-12-05T13:23:08Z,2000,2000-01-01,2000-12-31
4098240,GHED_GGHE-DGGE_SHA2011,COUNTRY,NIU,WPR,Western Pacific,YEAR,2023,,,,,,,,,6.71,6.71319675,,,,2025-12-05T13:23:08Z,2023,2023-01-01,2023-12-31
4101411,GHED_GGHE-DGGE_SHA2011,COUNTRY,VUT,WPR,Western Pacific,YEAR,2007,,,,,,,,,9.90,9.90232372,,,,2025-12-05T13:23:08Z,2007,2007-01-01,2007-12-31
4103747,GHED_GGHE-DGGE_SHA2011,COUNTRY,DJI,EMR,Eastern Mediterranean,YEAR,2020,,,,,,,,,4.16,4.15930223,,,,2025-12-05T13:23:08Z,2020,2020-01-01,2020-12-31
4104572,GHED_GGHE-DGGE_SHA2011,COUNTRY,MEX,AMR,Americas,YEAR,2012,,,,,,,,,10.66,10.65864182,,,,2025-12-05T13:23:08Z,2012,2012-01-01,2012-12-31
4106949,GHED_GGHE-DGGE_SHA2011,COUNTRY,MCO,EUR,Europe,YEAR,2006,,,,,,,,,16.07,16.07335281,,,,2025-12-05T13:23:08Z,2006,2006-01-01,2006-12-31
4109356,GHED_GGHE-DGGE_SHA2011,COUNTRY,COK,WPR,Western Pacific,YEAR,2005,,,,,,,,,9.63,9.63331604,,,,2025-12-05T13:23:08Z,2005,2005-01-01,2005-12-31
4110096,GHED_GGHE-DGGE_SHA2011,COUNTRY,MLT,EUR,Europe,YEAR,2006,,,,,,,,,14.26,14.26134109,,,,2025-12-05T13:23:08Z,2006,2006-01-01,2006-12-31
4112421,GHED_GGHE-DGGE_SHA2011,COUNTRY,CRI,AMR,Americas,YEAR,2001,,,,,,,,,24.56,24.56128693,,,,2025-12-05T13:23:08Z,2001,2001-01-01,2001-12-31
4113297,GHED_GGHE-DGGE_SHA2011,WORLDBANKINCOMEGROUP,WB_UMI,,,YEAR,2005,,,,,,,,,9.95,9.9472549,,,,2025-12-05T13:23:08Z,2005,2005-01-01,2005-12-31
4113705,GHED_GGHE-DGGE_SHA2011,COUNTRY,CHL,AMR,Americas,YEAR,2010,,,,,,,,,13.69,13.68902302,,,,2025-12-05T13:23:08Z,2010,2010-01-01,2010-12-31
4114619,GHED_GGHE-DGGE_SHA2011,COUNTRY,PER,AMR,Americas,YEAR,2014,,,,,,,,,13.10,13.09590244,,,,2025-12-05T13:23:08Z,2014,2014-01-01,2014-12-31
4115907,GHED_GGHE-DGGE_SHA2011,COUNTRY,BWA,AFR,Africa,YEAR,2013,,,,,,,,,11.93,11.93448162,,,,2025-12-05T13:23:08Z,2013,2013-01-01,2013-12-31
4118249,GHED_GGHE-DGGE_SHA2011,COUNTRY,NGA,AFR,Africa,YEAR,2014,,,,,,,,,3.34,3.33638,,,,2025-12-05T13:23:08Z,2014,2014-01-01,2014-12-31
4120910,GHED_GGHE-DGGE_SHA2011,COUNTRY,SEN,AFR,Africa,YEAR,2000,,,,,,,,,8.96,8.95994949,,,,2025-12-05T13:23:08Z,2000,2000-01-01,2000-12-31
4121616,GHED_GGHE-DGGE_SHA2011,COUNTRY,VNM,WPR,Western Pacific,YEAR,2016,,,,,,,,,9.60,9.59658623,,,,2025-12-05T13:23:08Z,2016,2016-01-01,2016-12-31
4126806,GHED_GGHE-DGGE_SHA2011,COUNTRY,JPN,WPR,Western Pacific,YEAR,2006,,,,,,,,,17.87,17.86665344,,,,2025-12-05T13:23:08Z,2006,2006-01-01,2006-12-31
4128900,GHED_GGHE-DGGE_SHA2011,COUNTRY,NER,AFR,Africa,YEAR,2000,,,,,,,,,8.37,8.3682642,,,,2025-12-05T13:23:08Z,2000,2000-01-01,2000-12-31
4136749,GHED_GGHE-DGGE_SHA2011,COUNTRY,USA,AMR,Americas,YEAR,2023,,,,,,,,,23.02,23.01913452,,,,2025-12-05T13:23:08Z,2023,2023-01-01,2023-12-31
4137623,GHED_GGHE-DGGE_SHA2011,COUNTRY,ARM,EUR,Europe,YEAR,2003,,,,,,,,,5.38,5.37522793,,,,2025-12-05T13:23:08Z,2003,2003-01-01,2003-12-31
4137931,GHED_GGHE-DGGE_SHA2011,COUNTRY,CRI,AMR,Americas,YEAR,2019,,,,,,,,,24.15,24.15332603,,,,2025-12-05T13:23:08Z,2019,2019-01-01,2019-12-31
4141494,GHED_GGHE-DGGE_SHA2011,COUNTRY,NER,AFR,Africa,YEAR,2018,,,,,,,,,8.35,8.3492775,,,,2025-12-05T13:23:08Z,2018,2018-01-01,2018-12-31
4141518,GHED_GGHE-DGGE_SHA2011,COUNTRY,MHL,WPR,Western Pacific,YEAR,2016,,,,,,,,,11.37,11.36909008,,,,2025-12-05T13:23:08Z,2016,2016-01-01,2016-12-31
4142001,GHED_GGHE-DGGE_SHA2011,COUNTRY,IRL,EUR,Europe,YEAR,2000,,,,,,,,,14.96,14.95885372,,,,2025-12-05T13:23:08Z,2000,2000-01-01,2000-12-31
4142883,GHED_GGHE-DGGE_SHA2011,REGION,EMR,,,YEAR,2014,,,,,,,,,7.87,7.86930797,,,,2025-12-05T13:23:08Z,2014,2014-01-01,2014-12-31
4145625,GHED_GGHE-DGGE_SHA2011,COUNTRY,DMA,AMR,Americas,YEAR,2001,,,,,,,,,8.78,8.7834692,,,,2025-12-05T13:23:08Z,2001,2001-01-01,2001-12-31
4147871,GHED_GGHE-DGGE_SHA2011,COUNTRY,MDG,AFR,Africa,YEAR,2012,,,,,,,,,12.94,12.93699551,,,,2025-12-05T13:23:08Z,2012,2012-01-01,2012-12-31
4149025,GHED_GGHE-DGGE_SHA2011,COUNTRY,CIV,AFR,Africa,YEAR,2002,,,,,,,,,4.15,4.14795876,,,,2025-12-05T13:23:08Z,2002,2002-01-01,2002-12-31
4151773,GHED_GGHE-DGGE_SHA2011,COUNTRY,MEX,AMR,Americas,YEAR,2004,,,,,,,,,12.07,12.07247734,,,,2025-12-05T13:23:08Z,2004,2004-01-01,2004-12-31
4152602,GHED_GGHE-DGGE_SHA2011,COUNTRY,KWT,EMR,Eastern Mediterranean,YEAR,2020,,,,,,,,,8.66,8.65574837,,,,2025-12-05T13:23:08Z,2020,2020-01-01,2020-12-31
4154033,GHED_GGHE-DGGE_SHA2011,COUNTRY,TON,WPR,Western Pacific,YEAR,2021,,,,,,,,,7.34,7.34476376,,,,2025-12-05T13:23:08Z,2021,2021-01-01,2021-12-31
4156505,GHED_GGHE-DGGE_SHA2011,COUNTRY,MOZ,AFR,Africa,YEAR,2000,,,,,,,,,6.32,6.31664944,,,,2025-12-05T13:23:08Z,2000,2000-01-01,2000-12-31
4156805,GHED_GGHE-DGGE_SHA2011,COUNTRY,PRY,AMR,Americas,YEAR,2014,,,,,,,,,18.45,18.45129776,,,,2025-12-05T13:23:08Z,2014,2014-01-01,2014-12-31
4161476,GHED_GGHE-DGGE_SHA2011,COUNTRY,BHR,EMR,Eastern Mediterranean,YEAR,2015,,,,,,,,,8.87,8.8659935,,,,2025-12-05T13:23:08Z,2015,2015-01-01,2015-12-31
4164346,GHED_GGHE-DGGE_SHA2011,COUNTRY,TZA,AFR,Africa,YEAR,2023,,,,,,,,,5.14,5.13516998,,,,2025-12-05T13:23:08Z,2023,2023-01-01,2023-12-31
4165532,GHED_GGHE-DGGE_SHA2011,COUNTRY,UZB,EUR,Europe,YEAR,2015,,,,,,,,,9.60,9.59653759,,,,2025-12-05T13:23:08Z,2015,2015-01-01,2015-12-31
4166378,GHED_GGHE-DGGE_SHA2011,COUNTRY,MMR,SEAR,South-East Asia,YEAR,2005,,,,,,,,,1.17,1.16742086,,,,2025-12-05T13:23:08Z,2005,2005-01-01,2005-12-31
4167133,GHED_GGHE-DGGE_SHA2011,COUNTRY,KWT,EMR,Eastern Mediterranean,YEAR,2016,,,,,,,,,7.48,7.47804165,,,,2025-12-05T13:23:08Z,2016,2016-01-01,2016-12-31
4170110,GHED_GGHE-DGGE_SHA2011,COUNTRY,BLR,EUR,Europe,YEAR,2001,,,,,,,,,10.04,10.04257679,,,,2025-12-05T13:23:08Z,2001,2001-01-01,2001-12-31
4170526,GHED_GGHE-DGGE_SHA2011,COUNTRY,PAK,EMR,Eastern Mediterranean,YEAR,2013,,,,,,,,,3.25,3.24930596,,,,2025-12-05T13:23:08Z,2013,2013-01-01,2013-12-31
4172364,GHED_GGHE-DGGE_SHA2011,REGION,EMR,,,YEAR,2009,,,,,,,,,7.47,7.47171385,,,,2025-12-05T13:23:08Z,2009,2009-01-01,2009-12-31
4172951,GHED_GGHE-DGGE_SHA2011,COUNTRY,NPL,SEAR,South-East Asia,YEAR,2012,,,,,,,,,4.69,4.69186115,,,,2025-12-05T13:23:08Z,2012,2012-01-01,2012-12-31
4173995,GHED_GGHE-DGGE_SHA2011,COUNTRY,NIU,WPR,Western Pacific,YEAR,2005,,,,,,,,,7.17,7.17272711,,,,2025-12-05T13:23:08Z,2005,2005-01-01,2005-12-31
4174239,GHED_GGHE-DGGE_SHA2011,COUNTRY,MLI,AFR,Africa,YEAR,2010,,,,,,,,,3.30,3.30154085,,,,2025-12-05T13:23:08Z,2010,2010-01-01,2010-12-31
4174568,GHED_GGHE-DGGE_SHA2011,COUNTRY,AZE,EUR,Europe,YEAR,2012,,,,,,,,,3.05,3.04532456,,,,2025-12-05T13:23:08Z,2012,2012-01-01,2012-12-31
4175230,GHED_GGHE-DGGE_SHA2011,COUNTRY,STP,AFR,Africa,YEAR,2010,,,,,,,,,4.10,4.10028458,,,,2025-12-05T13:23:08Z,2010,2010-01-01,2010-12-31
4182788,GHED_GGHE-DGGE_SHA2011,COUNTRY,GRD,AMR,Americas,YEAR,2017,,,,,,,,,8.35,8.35155964,,,,2025-12-05T13:23:08Z,2017,2017-01-01,2017-12-31
4184438,GHED_GGHE-DGGE_SHA2011,COUNTRY,WSM,WPR,Western Pacific,YEAR,2002,,,,,,,,,11.10,11.10032368,,,,2025-12-05T13:23:08Z,2002,2002-01-01,2002-12-31
4184772,GHED_GGHE-DGGE_SHA2011,COUNTRY,CHE,EUR,Europe,YEAR,2007,,,,,,,,,9.56,9.55602741,,,,2025-12-05T13:23:08Z,2007,2007-01-01,2007-12-31
4189040,GHED_GGHE-DGGE_SHA2011,COUNTRY,CAN,AMR,Americas,YEAR,2009,,,,,,,,,17.33,17.32548904,,,,2025-12-05T13:23:08Z,2009,2009-01-01,2009-12-31
4191620,GHED_GGHE-DGGE_SHA2011,COUNTRY,NIU,WPR,Western Pacific,YEAR,2013,,,,,,,,,5.59,5.59121895,,,,2025-12-05T13:23:08Z,2013,2013-01-01,2013-12-31
4194608,GHED_GGHE-DGGE_SHA2011,COUNTRY,GTM,AMR,Americas,YEAR,2022,,,,,,,,,17.33,17.3305397,,,,2025-12-05T13:23:08Z,2022,2022-01-01,2022-12-31
4195519,GHED_GGHE-DGGE_SHA2011,COUNTRY,TZA,AFR,Africa,YEAR,2014,,,,,,,,,6.94,6.93784666,,,,2025-12-05T13:23:08Z,2014,2014-01-01,2014-12-31
4197985,GHED_GGHE-DGGE_SHA2011,COUNTRY,CAN,AMR,Americas,YEAR,2020,,,,,,,,,18.36,18.36311722,,,,2025-12-05T13:23:08Z,2020,2020-01-01,2020-12-31
4198818,GHED_GGHE-DGGE_SHA2011,COUNTRY,QAT,EMR,Eastern Mediterranean,YEAR,2019,,,,,,,,,8.39,8.38503265,,,,2025-12-05T13:23:08Z,2019,2019-01-01,2019-12-31
4200462,GHED_GGHE-DGGE_SHA2011,COUNTRY,MNG,WPR,Western Pacific,YEAR,2003,,,,,,,,,8.86,8.85847664,,,,2025-12-05T13:23:08Z,2003,2003-01-01,2003-12-31
4203918,GHED_GGHE-DGGE_SHA2011,COUNTRY,COG,AFR,Africa,YEAR,2009,,,,,,,,,2.53,2.52816463,,,,2025-12-05T13:23:08Z,2009,2009-01-01,2009-12-31
4204849,GHED_GGHE-DGGE_SHA2011,COUNTRY,LBY,EMR,Eastern Mediterranean,YEAR,2022,,,,,,,,,5.06,5.06271315,,,,2025-12-05T13:23:08Z,2022,2022-01-01,2022-12-31
4205830,GHED_GGHE-DGGE_SHA2011,COUNTRY,DEU,EUR,Europe,YEAR,2009,,,,,,,,,17.27,17.26641083,,,,2025-12-05T13:23:08Z,2009,2009-01-01,2009-12-31
4206592,GHED_GGHE-DGGE_SHA2011,COUNTRY,EST,EUR,Europe,YEAR,2021,,,,,,,,,13.51,13.50727272,,,,2025-12-05T13:23:08Z,2021,2021-01-01,2021-12-31
4207621,GHED_GGHE-DGGE_SHA2011,COUNTRY,GNB,AFR,Africa,YEAR,2010,,,,,,,,,2.52,2.52350521,,,,2025-12-05T13:23:08Z,2010,2010-01-01,2010-12-31
4210809,GHED_GGHE-DGGE_SHA2011,COUNTRY,VNM,WPR,Western Pacific,YEAR,2011,,,,,,,,,9.11,9.1072073,,,,2025-12-05T13:23:08Z,2011,2011-01-01,2011-12-31
4212220,GHED_GGHE-DGGE_SHA2011,WORLDBANKINCOMEGROUP,WB_UMI,,,YEAR,2004,,,,,,,,,10.19,10.19177755,,,,2025-12-05T13:23:08Z,2004,2004-01-01,2004-12-31
4214620,GHED_GGHE-DGGE_SHA2011,COUNTRY,BRB,AMR,Americas,YEAR,2022,,,,,,,,,8.74,8.74103642,,,,2025-12-05T13:23:08Z,2022,2022-01-01,2022-12-31
4216108,GHED_GGHE-DGGE_SHA2011,COUNTRY,SLB,WPR,Western Pacific,YEAR,2012,,,,,,,,,10.04,10.03662777,,,,2025-12-05T13:23:08Z,2012,2012-01-01,2012-12-31
4216827,GHED_GGHE-DGGE_SHA2011,COUNTRY,SRB,EUR,Europe,YEAR,2006,,,,,,,,,12.53,12.53220367,,,,2025-12-05T13:23:08Z,2006,2006-01-01,2006-12-31
4222546,GHED_GGHE-DGGE_SHA2011,COUNTRY,ECU,AMR,Americas,YEAR,2003,,,,,,,,,8.21,8.21314716,,,,2025-12-05T13:23:08Z,2003,2003-01-01,2003-12-31
4223061,GHED_GGHE-DGGE_SHA2011,COUNTRY,SLB,WPR,Western Pacific,YEAR,2017,,,,,,,,,7.67,7.66648483,,,,2025-12-05T13:23:08Z,2017,2017-01-01,2017-12-31
4226805,GHED_GGHE-DGGE_SHA2011,COUNTRY,EGY,EMR,Eastern Mediterranean,YEAR,2004,,,,,,,,,5.24,5.24308968,,,,2025-12-05T13:23:08Z,2004,2004-01-01,2004-12-31
4232224,GHED_GGHE-DGGE_SHA2011,COUNTRY,GUY,AMR,Americas,YEAR,2002,,,,,,,,,7.51,7.50901365,,,,2025-12-05T13:23:08Z,2002,2002-01-01,2002-12-31
4235529,GHED_GGHE-DGGE_SHA2011,COUNTRY,LSO,AFR,Africa,YEAR,2007,,,,,,,,,9.64,9.64246845,,,,2025-12-05T13:23:08Z,2007,2007-01-01,2007-12-31
4240531,GHED_GGHE-DGGE_SHA2011,COUNTRY,GBR,EUR,Europe,YEAR,2009,,,,,,,,,18.24,18.24290848,,,,2025-12-05T13:23:08Z,2009,2009-01-01,2009-12-31
4251462,GHED_GGHE-DGGE_SHA2011,COUNTRY,TUV,WPR,Western Pacific,YEAR,2012,,,,,,,,,15.51,15.51164532,,,,2025-12-05T13:23:08Z,2012,2012-01-01,2012-12-31
4254626,GHED_GGHE-DGGE_SHA2011,COUNTRY,MOZ,AFR,Africa,YEAR,2009,,,,,,,,,4.97,4.9652133,,,,2025-12-05T13:23:08Z,2009,2009-01-01,2009-12-31
4255868,GHED_GGHE-DGGE_SHA2011,COUNTRY,CIV,AFR,Africa,YEAR,2000,,,,,,,,,4.56,4.55759859,,,,2025-12-05T13:23:08Z,2000,2000-01-01,2000-12-31
4257454,GHED_GGHE-DGGE_SHA2011,COUNTRY,COD,AFR,Africa,YEAR,2021,,,,,,,,,4.51,4.5126462,,,,2025-12-05T13:23:08Z,2021,2021-01-01,2021-12-31
4257736,GHED_GGHE-DGGE_SHA2011,COUNTRY,BRB,AMR,Americas,YEAR,2008,,,,,,,,,11.28,11.27821255,,,,2025-12-05T13:23:08Z,2008,2008-01-01,2008-12-31
4258130,GHED_GGHE-DGGE_SHA2011,COUNTRY,KHM,WPR,Western Pacific,YEAR,2005,,,,,,,,,9.90,9.89736652,,,,2025-12-05T13:23:08Z,2005,2005-01-01,2005-12-31
4259676,GHED_GGHE-DGGE_SHA2011,COUNTRY,BFA,AFR,Africa,YEAR,2017,,,,,,,,,10.24,10.2352047,,,,2025-12-05T13:23:08Z,2017,2017-01-01,2017-12-31
4260304,GHED_GGHE-DGGE_SHA2011,COUNTRY,NZL,WPR,Western Pacific,YEAR,2001,,,,,,,,,15.17,15.17467403,,,,2025-12-05T13:23:08Z,2001,2001-01-01,2001-12-31
4261803,GHED_GGHE-DGGE_SHA2011,COUNTRY,ARG,AMR,Americas,YEAR,2023,,,,,,,,,16.35,16.34729767,,,,2025-12-05T13:23:08Z,2023,2023-01-01,2023-12-31
4263798,GHED_GGHE-DGGE_SHA2011,COUNTRY,KHM,WPR,Western Pacific,YEAR,2000,,,,,,,,,8.59,8.59173584,,,,2025-12-05T13:23:08Z,2000,2000-01-01,2000-12-31
4264935,GHED_GGHE-DGGE_SHA2011,COUNTRY,COL,AMR,Americas,YEAR,2022,,,,,,,,,15.77,15.76684952,,,,2025-12-05T13:23:08Z,2022,2022-01-01,2022-12-31
4267371,GHED_GGHE-DGGE_SHA2011,COUNTRY,KOR,WPR,Western Pacific,YEAR,2023,,,,,,,,,15.62,15.61732197,,,,2025-12-05T13:23:08Z,2023,2023-01-01,2023-12-31
4268524,GHED_GGHE-DGGE_SHA2011,COUNTRY,PAN,AMR,Americas,YEAR,2021,,,,,,,,,21.35,21.34799576,,,,2025-12-05T13:23:08Z,2021,2021-01-01,2021-12-31
4271582,GHED_GGHE-DGGE_SHA2011,COUNTRY,DJI,EMR,Eastern Mediterranean,YEAR,2001,,,,,,,,,5.97,5.96840477,,,,2025-12-05T13:23:08Z,2001,2001-01-01,2001-12-31
4272780,GHED_GGHE-DGGE_SHA2011,COUNTRY,BIH,EUR,Europe,YEAR,2009,,,,,,,,,12.52,12.523983,,,,2025-12-05T13:23:08Z,2009,2009-01-01,2009-12-31
4275780,GHED_GGHE-DGGE_SHA2011,COUNTRY,SLE,AFR,Africa,YEAR,2019,,,,,,,,,5.84,5.84172201,,,,2025-12-05T13:23:08Z,2019,2019-01-01,2019-12-31
4281115,GHED_GGHE-DGGE_SHA2011,COUNTRY,CYP,EUR,Europe,YEAR,2009,,,,,,,,,6.12,6.12379742,,,,2025-12-05T13:23:08Z,2009,2009-01-01,2009-12-31
4281985,GHED_GGHE-DGGE_SHA2011,COUNTRY,GRC,EUR,Europe,YEAR,2004,,,,,,,,,9.97,9.96563244,,,,2025-12-05T13:23:08Z,2004,2004-01-01,2004-12-31
4283343,GHED_GGHE-DGGE_SHA2011,COUNTRY,DNK,EUR,Europe,YEAR,2018,,,,,,,,,16.73,16.73472214,,,,2025-12-05T13:23:08Z,2018,2018-01-01,2018-12-31
4291085,GHED_GGHE-DGGE_SHA2011,COUNTRY,TGO,AFR,Africa,YEAR,2012,,,,,,,,,6.11,6.10906744,,,,2025-12-05T13:23:08Z,2012,2012-01-01,2012-12-31
4292473,GHED_GGHE-DGGE_SHA2011,COUNTRY,ERI,AFR,Africa,YEAR,2016,,,,,,,,,2.37,2.37287188,,,,2025-12-05T13:23:08Z,2016,2016-01-01,2016-12-31
4295676,GHED_GGHE-DGGE_SHA2011,COUNTRY,BGR,EUR,Europe,YEAR,2011,,,,,,,,,11.41,11.41062927,,,,2025-12-05T13:23:08Z,2011,2011-01-01,2011-12-31
4303148,GHED_GGHE-DGGE_SHA2011,COUNTRY,MYS,WPR,Western Pacific,YEAR,2017,,,,,,,,,8.72,8.72014713,,,,2025-12-05T13:23:08Z,2017,2017-01-01,2017-12-31
4304735,GHED_GGHE-DGGE_SHA2011,COUNTRY,MWI,AFR,Africa,YEAR,2014,,,,,,,,,8.58,8.58090496,,,,2025-12-05T13:23:08Z,2014,2014-01-01,2014-12-31
4309662,GHED_GGHE-DGGE_SHA2011,REGION,AFR,,,YEAR,2016,,,,,,,,,6.93,6.92538268,,,,2025-12-05T13:23:08Z,2016,2016-01-01,2016-12-31
4311892,GHED_GGHE-DGGE_SHA2011,COUNTRY,BRA,AMR,Americas,YEAR,2000,,,,,,,,,9.68,9.67673969,,,,2025-12-05T13:23:08Z,2000,2000-01-01,2000-12-31
4312252,GHED_GGHE-DGGE_SHA2011,COUNTRY,GUY,AMR,Americas,YEAR,2008,,,,,,,,,7.02,7.0215044,,,,2025-12-05T13:23:08Z,2008,2008-01-01,2008-12-31
4315043,GHED_GGHE-DGGE_SHA2011,COUNTRY,ZMB,AFR,Africa,YEAR,2018,,,,,,,,,7.53,7.52910423,,,,2025-12-05T13:23:08Z,2018,2018-01-01,2018-12-31
4321714,GHED_GGHE-DGGE_SHA2011,COUNTRY,MMR,SEAR,South-East Asia,YEAR,2020,,,,,,,,,3.36,3.35896754,,,,2025-12-05T13:23:08Z,2020,2020-01-01,2020-12-31
4324076,GHED_GGHE-DGGE_SHA2011,COUNTRY,COD,AFR,Africa,YEAR,2018,,,,,,,,,4.17,4.16694117,,,,2025-12-05T13:23:08Z,2018,2018-01-01,2018-12-31
4324500,GHED_GGHE-DGGE_SHA2011,COUNTRY,KHM,WPR,Western Pacific,YEAR,2016,,,,,,,,,6.85,6.84824991,,,,2025-12-05T13:23:08Z,2016,2016-01-01,2016-12-31
4324645,GHED_GGHE-DGGE_SHA2011,COUNTRY,BFA,AFR,Africa,YEAR,2023,,,,,,,,,8.78,8.77536201,,,,2025-12-05T13:23:08Z,2023,2023-01-01,2023-12-31
4331452,GHED_GGHE-DGGE_SHA2011,COUNTRY,MMR,SEAR,South-East Asia,YEAR,2009,,,,,,,,,1.30,1.3029182,,,,2025-12-05T13:23:08Z,2009,2009-01-01,2009-12-31
4334730,GHED_GGHE-DGGE_SHA2011,COUNTRY,LBR,AFR,Africa,YEAR,2011,,,,,,,,,5.05,5.04660225,,,,2025-12-05T13:23:08Z,2011,2011-01-01,2011-12-31
4336785,GHED_GGHE-DGGE_SHA2011,COUNTRY,SWZ,AFR,Africa,YEAR,2005,,,,,,,,,12.61,12.61231613,,,,2025-12-05T13:23:08Z,2005,2005-01-01,2005-12-31
4338413,GHED_GGHE-DGGE_SHA2011,COUNTRY,HUN,EUR,Europe,YEAR,2003,,,,,,,,,11.57,11.56948948,,,,2025-12-05T13:23:08Z,2003,2003-01-01,2003-12-31
4339176,GHED_GGHE-DGGE_SHA2011,COUNTRY,IRQ,EMR,Eastern Mediterranean,YEAR,2007,,,,,,,,,4.63,4.6332202,,,,2025-12-05T13:23:08Z,2007,2007-01-01,2007-12-31
4340131,GHED_GGHE-DGGE_SHA2011,WORLDBANKINCOMEGROUP,WB_UMI,,,YEAR,2006,,,,,,,,,10.00,10.00015916,,,,2025-12-05T13:23:08Z,2006,2006-01-01,2006-12-31
4344067,GHED_GGHE-DGGE_SHA2011,COUNTRY,FIN,EUR,Europe,YEAR,2010,,,,,,,,,13.29,13.29245377,,,,2025-12-05T13:23:08Z,2010,2010-01-01,2010-12-31
4344693,GHED_GGHE-DGGE_SHA2011,COUNTRY,KNA,AMR,Americas,YEAR,2006,,,,,,,,,6.86,6.85759354,,,,2025-12-05T13:23:08Z,2006,2006-01-01,2006-12-31
4346631,GHED_GGHE-DGGE_SHA2011,COUNTRY,PHL,WPR,Western Pacific,YEAR,2010,,,,,,,,,7.18,7.18279028,,,,2025-12-05T13:23:08Z,2010,2010-01-01,2010-12-31
4346971,GHED_GGHE-DGGE_SHA2011,COUNTRY,DOM,AMR,Americas,YEAR,2010,,,,,,,,,15.68,15.67889881,,,,2025-12-05T13:23:08Z,2010,2010-01-01,2010-12-31
4354205,GHED_GGHE-DGGE_SHA2011,COUNTRY,KEN,AFR,Africa,YEAR,2005,,,,,,,,,6.89,6.89238787,,,,2025-12-05T13:23:08Z,2005,2005-01-01,2005-12-31
4355656,GHED_GGHE-DGGE_SHA2011,REGION,SEAR,,,YEAR,2000,,,,,,,,,6.20,6.20280369,,,,2025-12-05T13:23:08Z,2000,2000-01-01,2000-12-31
4355852,GHED_GGHE-DGGE_SHA2011,COUNTRY,KGZ,EUR,Europe,YEAR,2020,,,,,,,,,6.92,6.9168787,,,,2025-12-05T13:23:08Z,2020,2020-01-01,2020-12-31
4357746,GHED_GGHE-DGGE_SHA2011,COUNTRY,GRC,EUR,Europe,YEAR,2002,,,,,,,,,10.87,10.86962318,,,,2025-12-05T13:23:08Z,2002,2002-01-01,2002-12-31
4358760,GHED_GGHE-DGGE_SHA2011,COUNTRY,NLD,EUR,Europe,YEAR,2016,,,,,,,,,14.88,14.87737083,,,,2025-12-05T13:23:08Z,2016,2016-01-01,2016-12-31
4360817,GHED_GGHE-DGGE_SHA2011,REGION,WPR,,,YEAR,2017,,,,,,,,,9.98,9.98358863,,,,2025-12-05T13:23:08Z,2017,2017-01-01,2017-12-31
4363167,GHED_GGHE-DGGE_SHA2011,COUNTRY,SVK,EUR,Europe,YEAR,2000,,,,,,,,,8.72,8.72183132,,,,2025-12-05T13:23:08Z,2000,2000-01-01,2000-12-31
4368272,GHED_GGHE-DGGE_SHA2011,COUNTRY,GNQ,AFR,Africa,YEAR,2005,,,,,,,,,2.84,2.83986473,,,,2025-12-05T13:23:08Z,2005,2005-01-01,2005-12-31
4368508,GHED_GGHE-DGGE_SHA2011,COUNTRY,NGA,AFR,Africa,YEAR,2000,,,,,,,,,2.37,2.36681986,,,,2025-12-05T13:23:08Z,2000,2000-01-01,2000-12-31
4372283,GHED_GGHE-DGGE_SHA2011,COUNTRY,JOR,EMR,Eastern Mediterranean,YEAR,2014,,,,,,,,,13.06,13.06403065,,,,2025-12-05T13:23:08Z,2014,2014-01-01,2014-12-31
4374551,GHED_GGHE-DGGE_SHA2011,COUNTRY,NZL,WPR,Western Pacific,YEAR,2016,,,,,,,,,17.91,17.91051674,,,,2025-12-05T13:23:08Z,2016,2016-01-01,2016-12-31
4376476,GHED_GGHE-DGGE_SHA2011,COUNTRY,SOM,EMR,Eastern Mediterranean,YEAR,2018,,,,,,,,,4.08,4.0835619,,,,2025-12-05T13:23:08Z,2018,2018-01-01,2018-12-31
4376899,GHED_GGHE-DGGE_SHA2011,COUNTRY,JPN,WPR,Western Pacific,YEAR,2001,,,,,,,,,15.95,15.94543266,,,,2025-12-05T13:23:08Z,2001,2001-01-01,2001-12-31
4377012,GHED_GGHE-DGGE_SHA2011,COUNTRY,AUT,EUR,Europe,YEAR,2009,,,,,,,,,13.75,13.75156307,,,,2025-12-05T13:23:08Z,2009,2009-01-01,2009-12-31
4380386,GHED_GGHE-DGGE_SHA2011,COUNTRY,PER,AMR,Americas,YEAR,2015,,,,,,,,,13.54,13.54340839,,,,2025-12-05T13:23:08Z,2015,2015-01-01,2015-12-31
4387327,GHED_GGHE-DGGE_SHA2011,COUNTRY,STP,AFR,Africa,YEAR,2005,,,,,,,,,11.52,11.51896095,,,,2025-12-05T13:23:08Z,2005,2005-01-01,2005-12-31
4388685,GHED_GGHE-DGGE_SHA2011,COUNTRY,LBN,EMR,Eastern Mediterranean,YEAR,2004,,,,,,,,,8.92,8.91796303,,,,2025-12-05T13:23:08Z,2004,2004-01-01,2004-12-31
4393280,GHED_GGHE-DGGE_SHA2011,COUNTRY,NOR,EUR,Europe,YEAR,2021,,,,,,,,,17.91,17.90555382,,,,2025-12-05T13:23:08Z,2021,2021-01-01,2021-12-31
4393778,GHED_GGHE-DGGE_SHA2011,COUNTRY,AUT,EUR,Europe,YEAR,2008,,,,,,,,,14.36,14.36129475,,,,2025-12-05T13:23:08Z,2008,2008-01-01,2008-12-31
4394095,GHED_GGHE-DGGE_SHA2011,COUNTRY,NZL,WPR,Western Pacific,YEAR,2000,,,,,,,,,14.71,14.70787811,,,,2025-12-05T13:23:08Z,2000,2000-01-01,2000-12-31
4394791,GHED_GGHE-DGGE_SHA2011,COUNTRY,KIR,WPR,Western Pacific,YEAR,2020,,,,,,,,,9.30,9.29878044,,,,2025-12-05T13:23:08Z,2020,2020-01-01,2020-12-31
4397808,GHED_GGHE-DGGE_SHA2011,COUNTRY,ECU,AMR,Americas,YEAR,2023,,,,,,,,,11.87,11.87373734,,,,2025-12-05T13:23:08Z,2023,2023-01-01,2023-12-31
4398659,GHED_GGHE-DGGE_SHA2011,COUNTRY,MCO,EUR,Europe,YEAR,2005,,,,,,,,,16.82,16.81942177,,,,2025-12-05T13:23:08Z,2005,2005-01-01,2005-12-31
4398826,GHED_GGHE-DGGE_SHA2011,COUNTRY,MLT,EUR,Europe,YEAR,2012,,,,,,,,,12.99,12.98909569,,,,2025-12-05T13:23:08Z,2012,2012-01-01,2012-12-31
4400001,GHED_GGHE-DGGE_SHA2011,COUNTRY,BEN,AFR,Africa,YEAR,2004,,,,,,,,,8.64,8.63661289,,,,2025-12-05T13:23:08Z,2004,2004-01-01,2004-12-31
4401757,GHED_GGHE-DGGE_SHA2011,REGION,SEAR,,,YEAR,2015,,,,,,,,,7.76,7.75769088,,,,2025-12-05T13:23:08Z,2015,2015-01-01,2015-12-31
4403398,GHED_GGHE-DGGE_SHA2011,COUNTRY,SYC,AFR,Africa,YEAR,2010,,,,,,,,,8.98,8.98343086,,,,2025-12-05T13:23:08Z,2010,2010-01-01,2010-12-31
4410481,GHED_GGHE-DGGE_SHA2011,COUNTRY,LUX,EUR,Europe,YEAR,2002,,,,,,,,,13.59,13.58975124,,,,2025-12-05T13:23:08Z,2002,2002-01-01,2002-12-31
4411528,GHED_GGHE-DGGE_SHA2011,COUNTRY,DOM,AMR,Americas,YEAR,2006,,,,,,,,,8.27,8.26970291,,,,2025-12-05T13:23:08Z,2006,2006-01-01,2006-12-31
4414504,GHED_GGHE-DGGE_SHA2011,COUNTRY,HTI,AMR,Americas,YEAR,2004,,,,,,,,,7.95,7.94925022,,,,2025-12-05T13:23:08Z,2004,2004-01-01,2004-12-31
4426095,GHED_GGHE-DGGE_SHA2011,COUNTRY,MCO,EUR,Europe,YEAR,2012,,,,,,,,,19.28,19.28043365,,,,2025-12-05T13:23:08Z,2012,2012-01-01,2012-12-31
4433656,GHED_GGHE-DGGE_SHA2011,COUNTRY,CAF,AFR,Africa,YEAR,2014,,,,,,,,,3.95,3.94678593,,,,2025-12-05T13:23:08Z,2014,2014-01-01,2014-12-31
4442337,GHED_GGHE-DGGE_SHA2011,COUNTRY,MCO,EUR,Europe,YEAR,2016,,,,,,,,,17.18,17.1774044,,,,2025-12-05T13:23:08Z,2016,2016-01-01,2016-12-31
4443820,GHED_GGHE-DGGE_SHA2011,COUNTRY,MCO,EUR,Europe,YEAR,2010,,,,,,,,,19.50,19.50414658,,,,2025-12-05T13:23:08Z,2010,2010-01-01,2010-12-31
4446014,GHED_GGHE-DGGE_SHA2011,COUNTRY,MCO,EUR,Europe,YEAR,2021,,,,,,,,,13.65,13.64591026,,,,2025-12-05T13:23:08Z,2021,2021-01-01,2021-12-31
4446887,GHED_GGHE-DGGE_SHA2011,COUNTRY,SEN,AFR,Africa,YEAR,2023,,,,,,,,,3.57,3.57454634,,,,2026-01-12T13:50:53Z,2023,2023-01-01,2023-12-31
4447030,GHED_GGHE-DGGE_SHA2011,REGION,AMR,,,YEAR,2013,,,,,,,,,12.85,12.8542934,,,,2025-12-05T13:23:08Z,2013,2013-01-01,2013-12-31
4447823,GHED_GGHE-DGGE_SHA2011,COUNTRY,IRL,EUR,Europe,YEAR,2002,,,,,,,,,16.03,16.03050613,,,,2025-12-05T13:23:08Z,2002,2002-01-01,2002-12-31
4449766,GHED_GGHE-DGGE_SHA2011,COUNTRY,BWA,AFR,Africa,YEAR,2004,,,,,,,,,8.18,8.17829704,,,,2025-12-05T13:23:08Z,2004,2004-01-01,2004-12-31
4452919,GHED_GGHE-DGGE_SHA2011,COUNTRY,ZWE,AFR,Africa,YEAR,2017,,,,,,,,,6.98,6.97941875,,,,2025-12-05T13:23:08Z,2017,2017-01-01,2017-12-31
4454570,GHED_GGHE-DGGE_SHA2011,COUNTRY,MKD,EUR,Europe,YEAR,2002,,,,,,,,,12.39,12.38785744,,,,2025-12-05T13:23:08Z,2002,2002-01-01,2002-12-31
4459659,GHED_GGHE-DGGE_SHA2011,COUNTRY,PLW,WPR,Western Pacific,YEAR,2014,,,,,,,,,13.92,13.9167347,,,,2025-12-05T13:23:08Z,2014,2014-01-01,2014-12-31
4460956,GHED_GGHE-DGGE_SHA2011,COUNTRY,TUN,EMR,Eastern Mediterranean,YEAR,2015,,,,,,,,,12.18,12.1791687,,,,2025-12-05T13:23:08Z,2015,2015-01-01,2015-12-31
4460992,GHED_GGHE-DGGE_SHA2011,COUNTRY,PNG,WPR,Western Pacific,YEAR,2007,,,,,,,,,9.07,9.0688610099999991,,,,2025-12-05T13:23:08Z,2007,2007-01-01,2007-12-31
4463816,GHED_GGHE-DGGE_SHA2011,COUNTRY,LAO,WPR,Western Pacific,YEAR,2021,,,,,,,,,4.58,4.57976532,,,,2025-12-05T13:23:08Z,2021,2021-01-01,2021-12-31
4465091,GHED_GGHE-DGGE_SHA2011,COUNTRY,MEX,AMR,Americas,YEAR,2016,,,,,,,,,10.41,10.41155815,,,,2025-12-05T13:23:08Z,2016,2016-01-01,2016-12-31
4469499,GHED_GGHE-DGGE_SHA2011,COUNTRY,EGY,EMR,Eastern Mediterranean,YEAR,2001,,,,,,,,,6.63,6.63266277,,,,2025-12-05T13:23:08Z,2001,2001-01-01,2001-12-31
4469591,GHED_GGHE-DGGE_SHA2011,WORLDBANKINCOMEGROUP,WB_HI,,,YEAR,2010,,,,,,,,,12.48,12.47731722,,,,2025-12-05T13:23:08Z,2010,2010-01-01,2010-12-31
4469623,GHED_GGHE-DGGE_SHA2011,COUNTRY,ISL,EUR,Europe,YEAR,2016,,,,,,,,,14.34,14.3385458,,,,2025-12-05T13:23:08Z,2016,2016-01-01,2016-12-31
4471970,GHED_GGHE-DGGE_SHA2011,COUNTRY,MDV,SEAR,South-East Asia,YEAR,2019,,,,,,,,,17.85,17.85394287,,,,2025-12-05T13:23:08Z,2019,2019-01-01,2019-12-31
4473732,GHED_GGHE-DGGE_SHA2011,COUNTRY,LBY,EMR,Eastern Mediterranean,YEAR,2006,,,,,,,,,5.28,5.27548695,,,,2025-12-05T13:23:08Z,2006,2006-01-01,2006-12-31
4476212,GHED_GGHE-DGGE_SHA2011,COUNTRY,AND,EUR,Europe,YEAR,2000,,,,,,,,,30.42,30.41848755,,,,2025-12-05T13:23:08Z,2000,2000-01-01,2000-12-31
4476216,GHED_GGHE-DGGE_SHA2011,COUNTRY,RWA,AFR,Africa,YEAR,2006,,,,,,,,,7.20,7.20270061,,,,2025-12-05T13:23:08Z,2006,2006-01-01,2006-12-31
4477431,GHED_GGHE-DGGE_SHA2011,COUNTRY,MRT,AFR,Africa,YEAR,2002,,,,,,,,,3.58,3.58240104,,,,2025-12-05T13:23:08Z,2002,2002-01-01,2002-12-31
4477575,GHED_GGHE-DGGE_SHA2011,COUNTRY,GEO,EUR,Europe,YEAR,2015,,,,,,,,,9.61,9.60857868,,,,2025-12-05T13:23:08Z,2015,2015-01-01,2015-12-31
4479099,GHED_GGHE-DGGE_SHA2011,COUNTRY,TUR,EUR,Europe,YEAR,2010,,,,,,,,,11.04,11.03767395,,,,2025-12-05T13:23:08Z,2010,2010-01-01,2010-12-31
4480627,GHED_GGHE-DGGE_SHA2011,COUNTRY,LCA,AMR,Americas,YEAR,2015,,,,,,,,,8.40,8.40323257,,,,2025-12-05T13:23:08Z,2015,2015-01-01,2015-12-31
4480960,GHED_GGHE-DGGE_SHA2011,COUNTRY,AUS,WPR,Western Pacific,YEAR,2021,,,,,,,,,19.29,19.29201126,,,,2025-12-05T13:23:08Z,2021,2021-01-01,2021-12-31
4486318,GHED_GGHE-DGGE_SHA2011,COUNTRY,BRN,WPR,Western Pacific,YEAR,2016,,,,,,,,,6.15,6.15329981,,,,2025-12-05T13:23:08Z,2016,2016-01-01,2016-12-31
4486743,GHED_GGHE-DGGE_SHA2011,COUNTRY,KNA,AMR,Americas,YEAR,2022,,,,,,,,,5.88,5.88078928,,,,2025-12-05T13:23:08Z,2022,2022-01-01,2022-12-31
4488259,GHED_GGHE-DGGE_SHA2011,COUNTRY,STP,AFR,Africa,YEAR,2009,,,,,,,,,3.27,3.2723732,,,,2025-12-05T13:23:08Z,2009,2009-01-01,2009-12-31
4488638,GHED_GGHE-DGGE_SHA2011,COUNTRY,MYS,WPR,Western Pacific,YEAR,2009,,,,,,,,,5.87,5.86503458,,,,2025-12-05T13:23:08Z,2009,2009-01-01,2009-12-31
4488973,GHED_GGHE-DGGE_SHA2011,COUNTRY,SWE,EUR,Europe,YEAR,2010,,,,,,,,,13.49,13.48642731,,,,2025-12-05T13:23:08Z,2010,2010-01-01,2010-12-31
4489847,GHED_GGHE-DGGE_SHA2011,COUNTRY,YEM,EMR,Eastern Mediterranean,YEAR,2007,,,,,,,,,3.88,3.87601113,,,,2025-12-05T13:23:08Z,2007,2007-01-01,2007-12-31
4494544,GHED_GGHE-DGGE_SHA2011,COUNTRY,ISR,EUR,Europe,YEAR,2009,,,,,,,,,10.00,9.99987602,,,,2025-12-05T13:23:08Z,2009,2009-01-01,2009-12-31
4495050,GHED_GGHE-DGGE_SHA2011,COUNTRY,COD,AFR,Africa,YEAR,2016,,,,,,,,,3.81,3.80773497,,,,2025-12-05T13:23:08Z,2016,2016-01-01,2016-12-31
4496823,GHED_GGHE-DGGE_SHA2011,WORLDBANKINCOMEGROUP,WB_UMI,,,YEAR,2011,,,,,,,,,10.47,10.47168192,,,,2025-12-05T13:23:08Z,2011,2011-01-01,2011-12-31
4497734,GHED_GGHE-DGGE_SHA2011,COUNTRY,SVN,EUR,Europe,YEAR,2005,,,,,,,,,12.47,12.46758366,,,,2025-12-05T13:23:08Z,2005,2005-01-01,2005-12-31
4505547,GHED_GGHE-DGGE_SHA2011,COUNTRY,JOR,EMR,Eastern Mediterranean,YEAR,2015,,,,,,,,,12.22,12.21973801,,,,2025-12-05T13:23:08Z,2015,2015-01-01,2015-12-31
4507201,GHED_GGHE-DGGE_SHA2011,COUNTRY,CAN,AMR,Americas,YEAR,2005,,,,,,,,,17.13,17.13103867,,,,2025-12-05T13:23:08Z,2005,2005-01-01,2005-12-31
4510662,GHED_GGHE-DGGE_SHA2011,COUNTRY,BOL,AMR,Americas,YEAR,2017,,,,,,,,,11.51,11.51042938,,,,2025-12-05T13:23:08Z,2017,2017-01-01,2017-12-31
4515163,GHED_GGHE-DGGE_SHA2011,COUNTRY,IRN,EMR,Eastern Mediterranean,YEAR,2012,,,,,,,,,15.61,15.60608864,,,,2025-12-05T13:23:08Z,2012,2012-01-01,2012-12-31
4516792,GHED_GGHE-DGGE_SHA2011,COUNTRY,CIV,AFR,Africa,YEAR,2005,,,,,,,,,3.89,3.89134884,,,,2025-12-05T13:23:08Z,2005,2005-01-01,2005-12-31
4518730,GHED_GGHE-DGGE_SHA2011,COUNTRY,PNG,WPR,Western Pacific,YEAR,2011,,,,,,,,,7.60,7.60423183,,,,2025-12-05T13:23:08Z,2011,2011-01-01,2011-12-31
4519312,GHED_GGHE-DGGE_SHA2011,COUNTRY,SAU,EMR,Eastern Mediterranean,YEAR,2014,,,,,,,,,9.28,9.27807522,,,,2025-12-05T13:23:08Z,2014,2014-01-01,2014-12-31
4519853,GHED_GGHE-DGGE_SHA2011,COUNTRY,VNM,WPR,Western Pacific,YEAR,2005,,,,,,,,,8.67,8.66923904,,,,2025-12-05T13:23:08Z,2005,2005-01-01,2005-12-31
4521880,GHED_GGHE-DGGE_SHA2011,COUNTRY,VNM,WPR,Western Pacific,YEAR,2010,,,,,,,,,8.61,8.6057291,,,,2025-12-05T13:23:08Z,2010,2010-01-01,2010-12-31
4522080,GHED_GGHE-DGGE_SHA2011,COUNTRY,HUN,EUR,Europe,YEAR,2022,,,,,,,,,9.92,9.91808987,,,,2025-12-05T13:23:08Z,2022,2022-01-01,2022-12-31
4524630,GHED_GGHE-DGGE_SHA2011,COUNTRY,CYP,EUR,Europe,YEAR,2017,,,,,,,,,7.13,7.13075686,,,,2025-12-05T13:23:08Z,2017,2017-01-01,2017-12-31
4524811,GHED_GGHE-DGGE_SHA2011,COUNTRY,COD,AFR,Africa,YEAR,2007,,,,,,,,,2.50,2.49895263,,,,2025-12-05T13:23:08Z,2007,2007-01-01,2007-12-31
4527161,GHED_GGHE-DGGE_SHA2011,COUNTRY,BWA,AFR,Africa,YEAR,2017,,,,,,,,,14.32,14.31547451,,,,2025-12-05T13:23:08Z,2017,2017-01-01,2017-12-31
4531759,GHED_GGHE-DGGE_SHA2011,COUNTRY,GRD,AMR,Americas,YEAR,2016,,,,,,,,,7.51,7.50820637,,,,2025-12-05T13:23:08Z,2016,2016-01-01,2016-12-31
4534804,GHED_GGHE-DGGE_SHA2011,COUNTRY,MDA,EUR,Europe,YEAR,2004,,,,,,,,,15.25,15.25031948,,,,2025-12-05T13:23:08Z,2004,2004-01-01,2004-12-31
4536180,GHED_GGHE-DGGE_SHA2011,COUNTRY,AFG,EMR,Eastern Mediterranean,YEAR,2023,,,,,,,,,1.46,1.46018374,,,,2025-12-05T13:23:08Z,2023,2023-01-01,2023-12-31
4540197,GHED_GGHE-DGGE_SHA2011,COUNTRY,VNM,WPR,Western Pacific,YEAR,2013,,,,,,,,,8.16,8.16121387,,,,2025-12-05T13:23:08Z,2013,2013-01-01,2013-12-31
4541228,GHED_GGHE-DGGE_SHA2011,COUNTRY,CHE,EUR,Europe,YEAR,2010,,,,,,,,,10.26,10.25540829,,,,2025-12-05T13:23:08Z,2010,2010-01-01,2010-12-31
4544947,GHED_GGHE-DGGE_SHA2011,COUNTRY,BDI,AFR,Africa,YEAR,2021,,,,,,,,,7.33,7.33287811,,,,2025-12-05T13:23:08Z,2021,2021-01-01,2021-12-31
4548116,GHED_GGHE-DGGE_SHA2011,WORLDBANKINCOMEGROUP,WB_UMI,,,YEAR,2023,,,,,,,,,12.14,12.13634977,,,,2025-12-05T13:23:08Z,2023,2023-01-01,2023-12-31
4548643,GHED_GGHE-DGGE_SHA2011,COUNTRY,AND,EUR,Europe,YEAR,2017,,,,,,,,,14.12,14.12029457,,,,2025-12-05T13:23:08Z,2017,2017-01-01,2017-12-31
4549147,GHED_GGHE-DGGE_SHA2011,COUNTRY,BGD,SEAR,South-East Asia,YEAR,2017,,,,,,,,,4.11,4.10705233,,,,2025-12-05T13:23:08Z,2017,2017-01-01,2017-12-31
4549376,GHED_GGHE-DGGE_SHA2011,COUNTRY,NGA,AFR,Africa,YEAR,2017,,,,,,,,,4.44,4.44235229,,,,2025-12-05T13:23:08Z,2017,2017-01-01,2017-12-31
4550868,GHED_GGHE-DGGE_SHA2011,COUNTRY,DEU,EUR,Europe,YEAR,2014,,,,,,,,,18.73,18.72784805,,,,2025-12-05T13:23:08Z,2014,2014-01-01,2014-12-31
4556090,GHED_GGHE-DGGE_SHA2011,COUNTRY,GUY,AMR,Americas,YEAR,2007,,,,,,,,,6.61,6.60877609,,,,2025-12-05T13:23:08Z,2007,2007-01-01,2007-12-31
4559344,GHED_GGHE-DGGE_SHA2011,COUNTRY,GAB,AFR,Africa,YEAR,2007,,,,,,,,,6.36,6.36190653,,,,2025-12-05T13:23:08Z,2007,2007-01-01,2007-12-31
4563348,GHED_GGHE-DGGE_SHA2011,COUNTRY,YEM,EMR,Eastern Mediterranean,YEAR,2014,,,,,,,,,2.82,2.82031083,,,,2025-12-05T13:23:08Z,2014,2014-01-01,2014-12-31
4565805,GHED_GGHE-DGGE_SHA2011,COUNTRY,URY,AMR,Americas,YEAR,2016,,,,,,,,,20.24,20.24422646,,,,2025-12-05T13:23:08Z,2016,2016-01-01,2016-12-31
4566090,GHED_GGHE-DGGE_SHA2011,COUNTRY,AZE,EUR,Europe,YEAR,2022,,,,,,,,,3.64,3.64107466,,,,2025-12-05T13:23:08Z,2022,2022-01-01,2022-12-31
4570636,GHED_GGHE-DGGE_SHA2011,COUNTRY,CAF,AFR,Africa,YEAR,2018,,,,,,,,,3.91,3.91087461,,,,2025-12-05T13:23:08Z,2018,2018-01-01,2018-12-31
4571315,GHED_GGHE-DGGE_SHA2011,COUNTRY,FRA,EUR,Europe,YEAR,2015,,,,,,,,,14.52,14.51650238,,,,2025-12-05T13:23:08Z,2015,2015-01-01,2015-12-31
4579360,GHED_GGHE-DGGE_SHA2011,COUNTRY,PAK,EMR,Eastern Mediterranean,YEAR,2019,,,,,,,,,4.95,4.95088243,,,,2025-12-05T13:23:08Z,2019,2019-01-01,2019-12-31
4581005,GHED_GGHE-DGGE_SHA2011,COUNTRY,CZE,EUR,Europe,YEAR,2019,,,,,,,,,15.68,15.68214798,,,,2025-12-05T13:23:08Z,2019,2019-01-01,2019-12-31
4582292,GHED_GGHE-DGGE_SHA2011,COUNTRY,ECU,AMR,Americas,YEAR,2007,,,,,,,,,8.83,8.82739544,,,,2025-12-05T13:23:08Z,2007,2007-01-01,2007-12-31
4582516,GHED_GGHE-DGGE_SHA2011,WORLDBANKINCOMEGROUP,WB_LMI,,,YEAR,2002,,,,,,,,,7.58,7.57563392,,,,2025-12-05T13:23:08Z,2002,2002-01-01,2002-12-31
4586637,GHED_GGHE-DGGE_SHA2011,COUNTRY,PLW,WPR,Western Pacific,YEAR,2012,,,,,,,,,11.15,11.14592838,,,,2025-12-05T13:23:08Z,2012,2012-01-01,2012-12-31
4587101,GHED_GGHE-DGGE_SHA2011,REGION,AMR,,,YEAR,2020,,,,,,,,,14.01,14.0095974,,,,2025-12-05T13:23:08Z,2020,2020-01-01,2020-12-31
4587167,GHED_GGHE-DGGE_SHA2011,COUNTRY,MHL,WPR,Western Pacific,YEAR,2022,,,,,,,,,8.60,8.60131359,,,,2025-12-05T13:23:08Z,2022,2022-01-01,2022-12-31
4589783,GHED_GGHE-DGGE_SHA2011,COUNTRY,AZE,EUR,Europe,YEAR,2015,,,,,,,,,3.37,3.37282634,,,,2025-12-05T13:23:08Z,2015,2015-01-01,2015-12-31
4594227,GHED_GGHE-DGGE_SHA2011,COUNTRY,GNB,AFR,Africa,YEAR,2019,,,,,,,,,2.44,2.44074059,,,,2025-12-05T13:23:08Z,2019,2019-01-01,2019-12-31
4596883,GHED_GGHE-DGGE_SHA2011,GLOBAL,GLOBAL,,,YEAR,2002,,,,,,,,,9.58,9.5778791,,,,2025-12-05T13:23:08Z,2002,2002-01-01,2002-12-31
4597634,GHED_GGHE-DGGE_SHA2011,COUNTRY,ESP,EUR,Europe,YEAR,2016,,,,,,,,,15.10,15.09663391,,,,2025-12-05T13:23:08Z,2016,2016-01-01,2016-12-31
4601187,GHED_GGHE-DGGE_SHA2011,COUNTRY,ARG,AMR,Americas,YEAR,2017,,,,,,,,,16.25,16.25163269,,,,2025-12-05T13:23:08Z,2017,2017-01-01,2017-12-31
4604058,GHED_GGHE-DGGE_SHA2011,COUNTRY,IDN,WPR,Western Pacific,YEAR,2017,,,,,,,,,8.21,8.2089262,,,,2025-12-05T13:23:08Z,2017,2017-01-01,2017-12-31
4619855,GHED_GGHE-DGGE_SHA2011,COUNTRY,NRU,WPR,Western Pacific,YEAR,2018,,,,,,,,,10.73,10.73138714,,,,2025-12-05T13:23:08Z,2018,2018-01-01,2018-12-31
4622120,GHED_GGHE-DGGE_SHA2011,COUNTRY,TJK,EUR,Europe,YEAR,2001,,,,,,,,,5.06,5.05747128,,,,2025-12-05T13:23:08Z,2001,2001-01-01,2001-12-31
4623121,GHED_GGHE-DGGE_SHA2011,COUNTRY,MWI,AFR,Africa,YEAR,2002,,,,,,,,,7.04,7.04260349,,,,2025-12-05T13:23:08Z,2002,2002-01-01,2002-12-31
4634615,GHED_GGHE-DGGE_SHA2011,COUNTRY,KNA,AMR,Americas,YEAR,2010,,,,,,,,,6.30,6.30367374,,,,2025-12-05T13:23:08Z,2010,2010-01-01,2010-12-31
4641120,GHED_GGHE-DGGE_SHA2011,COUNTRY,ZAF,AFR,Africa,YEAR,2007,,,,,,,,,13.51,13.50931835,,,,2025-12-05T13:23:08Z,2007,2007-01-01,2007-12-31
4641830,GHED_GGHE-DGGE_SHA2011,COUNTRY,IDN,WPR,Western Pacific,YEAR,2018,,,,,,,,,8.40,8.40313911,,,,2025-12-05T13:23:08Z,2018,2018-01-01,2018-12-31
4642821,GHED_GGHE-DGGE_SHA2011,COUNTRY,ERI,AFR,Africa,YEAR,2002,,,,,,,,,3.53,3.52871037,,,,2025-12-05T13:23:08Z,2002,2002-01-01,2002-12-31
4649635,GHED_GGHE-DGGE_SHA2011,COUNTRY,URY,AMR,Americas,YEAR,2018,,,,,,,,,20.26,20.26075935,,,,2025-12-05T13:23:08Z,2018,2018-01-01,2018-12-31
4650844,GHED_GGHE-DGGE_SHA2011,COUNTRY,URY,AMR,Americas,YEAR,2009,,,,,,,,,17.27,17.27192497,,,,2025-12-05T13:23:08Z,2009,2009-01-01,2009-12-31
4650847,GHED_GGHE-DGGE_SHA2011,COUNTRY,FRA,EUR,Europe,YEAR,2021,,,,,,,,,15.56,15.55704594,,,,2025-12-05T13:23:08Z,2021,2021-01-01,2021-12-31
4652505,GHED_GGHE-DGGE_SHA2011,COUNTRY,SRB,EUR,Europe,YEAR,2012,,,,,,,,,12.84,12.83907032,,,,2025-12-05T13:23:08Z,2012,2012-01-01,2012-12-31
4654405,GHED_GGHE-DGGE_SHA2011,COUNTRY,NRU,WPR,Western Pacific,YEAR,2009,,,,,,,,,9.25,9.25016594,,,,2025-12-05T13:23:08Z,2009,2009-01-01,2009-12-31
4658359,GHED_GGHE-DGGE_SHA2011,COUNTRY,IND,SEAR,South-East Asia,YEAR,2003,,,,,,,,,2.68,2.67687607,,,,2025-12-05T13:23:08Z,2003,2003-01-01,2003-12-31
4659249,GHED_GGHE-DGGE_SHA2011,COUNTRY,TJK,EUR,Europe,YEAR,2004,,,,,,,,,4.42,4.41860485,,,,2025-12-05T13:23:08Z,2004,2004-01-01,2004-12-31
4661029,GHED_GGHE-DGGE_SHA2011,COUNTRY,IRN,EMR,Eastern Mediterranean,YEAR,2011,,,,,,,,,12.02,12.02372837,,,,2025-12-05T13:23:08Z,2011,2011-01-01,2011-12-31
4669733,GHED_GGHE-DGGE_SHA2011,COUNTRY,NAM,AFR,Africa,YEAR,2009,,,,,,,,,13.49,13.49217892,,,,2025-12-05T13:23:08Z,2009,2009-01-01,2009-12-31
4674130,GHED_GGHE-DGGE_SHA2011,COUNTRY,ATG,AMR,Americas,YEAR,2002,,,,,,,,,10.65,10.65088367,,,,2025-12-05T13:23:08Z,2002,2002-01-01,2002-12-31
4674242,GHED_GGHE-DGGE_SHA2011,COUNTRY,LBR,AFR,Africa,YEAR,2004,,,,,,,,,4.25,4.25491762,,,,2025-12-05T13:23:08Z,2004,2004-01-01,2004-12-31
4678111,GHED_GGHE-DGGE_SHA2011,COUNTRY,PSE,EMR,Eastern Mediterranean,YEAR,2018,,,,,,,,,10.11,10.11343002,,,,2025-12-05T13:23:08Z,2018,2018-01-01,2018-12-31
4679572,GHED_GGHE-DGGE_SHA2011,COUNTRY,BEL,EUR,Europe,YEAR,2017,,,,,,,,,15.92,15.91768551,,,,2025-12-05T13:23:08Z,2017,2017-01-01,2017-12-31
4682614,GHED_GGHE-DGGE_SHA2011,COUNTRY,SUR,AMR,Americas,YEAR,2011,,,,,,,,,8.51,8.51203823,,,,2025-12-05T13:23:08Z,2011,2011-01-01,2011-12-31
4686457,GHED_GGHE-DGGE_SHA2011,COUNTRY,GUY,AMR,Americas,YEAR,2021,,,,,,,,,12.89,12.89485264,,,,2025-12-05T13:23:08Z,2021,2021-01-01,2021-12-31
4686464,GHED_GGHE-DGGE_SHA2011,COUNTRY,CHN,WPR,Western Pacific,YEAR,2002,,,,,,,,,6.03,6.02580309,,,,2025-12-05T13:23:08Z,2002,2002-01-01,2002-12-31
4688581,GHED_GGHE-DGGE_SHA2011,COUNTRY,GTM,AMR,Americas,YEAR,2005,,,,,,,,,14.20,14.20312977,,,,2025-12-05T13:23:08Z,2005,2005-01-01,2005-12-31
4689428,GHED_GGHE-DGGE_SHA2011,COUNTRY,BRA,AMR,Americas,YEAR,2021,,,,,,,,,10.67,10.66790676,,,,2025-12-05T13:23:08Z,2021,2021-01-01,2021-12-31
4690805,GHED_GGHE-DGGE_SHA2011,COUNTRY,OMN,EMR,Eastern Mediterranean,YEAR,2001,,,,,,,,,6.66,6.65781879,,,,2025-12-05T13:23:08Z,2001,2001-01-01,2001-12-31
4692819,GHED_GGHE-DGGE_SHA2011,COUNTRY,HUN,EUR,Europe,YEAR,2015,,,,,,,,,9.22,9.2215929,,,,2025-12-05T13:23:08Z,2015,2015-01-01,2015-12-31
4700942,GHED_GGHE-DGGE_SHA2011,COUNTRY,CPV,AFR,Africa,YEAR,2002,,,,,,,,,9.50,9.50427818,,,,2025-12-05T13:23:08Z,2002,2002-01-01,2002-12-31
4701265,GHED_GGHE-DGGE_SHA2011,COUNTRY,TJK,EUR,Europe,YEAR,2007,,,,,,,,,5.30,5.30023098,,,,2025-12-05T13:23:08Z,2007,2007-01-01,2007-12-31
4702585,GHED_GGHE-DGGE_SHA2011,COUNTRY,DMA,AMR,Americas,YEAR,2005,,,,,,,,,8.72,8.72012901,,,,2025-12-05T13:23:08Z,2005,2005-01-01,2005-12-31
4703321,GHED_GGHE-DGGE_SHA2011,COUNTRY,IRL,EUR,Europe,YEAR,2010,,,,,,,,,12.35,12.35386944,,,,2025-12-05T13:23:08Z,2010,2010-01-01,2010-12-31
4704683,GHED_GGHE-DGGE_SHA2011,COUNTRY,ARG,AMR,Americas,YEAR,2014,,,,,,,,,16.49,16.48707962,,,,2025-12-05T13:23:08Z,2014,2014-01-01,2014-12-31
4709519,GHED_GGHE-DGGE_SHA2011,COUNTRY,GBR,EUR,Europe,YEAR,2018,,,,,,,,,20.02,20.01935196,,,,2025-12-05T13:23:08Z,2018,2018-01-01,2018-12-31
4712316,GHED_GGHE-DGGE_SHA2011,COUNTRY,AUS,WPR,Western Pacific,YEAR,2014,,,,,,,,,17.64,17.63661766,,,,2025-12-05T13:23:08Z,2014,2014-01-01,2014-12-31
4713219,GHED_GGHE-DGGE_SHA2011,COUNTRY,BLZ,AMR,Americas,YEAR,2008,,,,,,,,,13.38,13.38402843,,,,2025-12-05T13:23:08Z,2008,2008-01-01,2008-12-31
4713639,GHED_GGHE-DGGE_SHA2011,COUNTRY,BRA,AMR,Americas,YEAR,2019,,,,,,,,,9.10,9.10027695,,,,2025-12-05T13:23:08Z,2019,2019-01-01,2019-12-31
4715024,GHED_GGHE-DGGE_SHA2011,COUNTRY,GNB,AFR,Africa,YEAR,2004,,,,,,,,,2.52,2.52350521,,,,2025-12-05T13:23:08Z,2004,2004-01-01,2004-12-31
4716095,GHED_GGHE-DGGE_SHA2011,COUNTRY,POL,EUR,Europe,YEAR,2010,,,,,,,,,9.98,9.98204041,,,,2025-12-05T13:23:08Z,2010,2010-01-01,2010-12-31
4720288,GHED_GGHE-DGGE_SHA2011,COUNTRY,COM,AFR,Africa,YEAR,2011,,,,,,,,,7.24,7.23844337,,,,2025-12-05T13:23:08Z,2011,2011-01-01,2011-12-31
4721028,GHED_GGHE-DGGE_SHA2011,COUNTRY,SEN,AFR,Africa,YEAR,2012,,,,,,,,,5.31,5.30755901,,,,2025-12-05T13:23:08Z,2012,2012-01-01,2012-12-31
4723936,GHED_GGHE-DGGE_SHA2011,COUNTRY,DMA,AMR,Americas,YEAR,2023,,,,,,,,,5.03,5.03135157,,,,2025-12-05T13:23:08Z,2023,2023-01-01,2023-12-31
4725993,GHED_GGHE-DGGE_SHA2011,COUNTRY,GRC,EUR,Europe,YEAR,2010,,,,,,,,,12.49,12.48673058,,,,2025-12-05T13:23:08Z,2010,2010-01-01,2010-12-31
4726115,GHED_GGHE-DGGE_SHA2011,COUNTRY,CRI,AMR,Americas,YEAR,2020,,,,,,,,,25.21,25.20714569,,,,2025-12-05T13:23:08Z,2020,2020-01-01,2020-12-31
4727261,GHED_GGHE-DGGE_SHA2011,COUNTRY,MMR,SEAR,South-East Asia,YEAR,2003,,,,,,,,,1.70,1.70499873,,,,2025-12-05T13:23:08Z,2003,2003-01-01,2003-12-31
4727904,GHED_GGHE-DGGE_SHA2011,COUNTRY,GRC,EUR,Europe,YEAR,2019,,,,,,,,,8.30,8.3047123,,,,2025-12-05T13:23:08Z,2019,2019-01-01,2019-12-31
4731908,GHED_GGHE-DGGE_SHA2011,COUNTRY,ESP,EUR,Europe,YEAR,2000,,,,,,,,,12.41,12.41073608,,,,2025-12-05T13:23:08Z,2000,2000-01-01,2000-12-31
4733157,GHED_GGHE-DGGE_SHA2011,COUNTRY,PER,AMR,Americas,YEAR,2004,,,,,,,,,11.78,11.77817726,,,,2025-12-05T13:23:08Z,2004,2004-01-01,2004-12-31
4733639,GHED_GGHE-DGGE_SHA2011,COUNTRY,MDG,AFR,Africa,YEAR,2008,,,,,,,,,8.98,8.97678375,,,,2025-12-05T13:23:08Z,2008,2008-01-01,2008-12-31
4734466,GHED_GGHE-DGGE_SHA2011,COUNTRY,ALB,EUR,Europe,YEAR,2008,,,,,,,,,7.25,7.25106478,,,,2025-12-05T13:23:08Z,2008,2008-01-01,2008-12-31
4736753,GHED_GGHE-DGGE_SHA2011,COUNTRY,KNA,AMR,Americas,YEAR,2014,,,,,,,,,6.96,6.95824623,,,,2025-12-05T13:23:08Z,2014,2014-01-01,2014-12-31
4737104,GHED_GGHE-DGGE_SHA2011,COUNTRY,UZB,EUR,Europe,YEAR,2007,,,,,,,,,7.24,7.23850489,,,,2025-12-05T13:23:08Z,2007,2007-01-01,2007-12-31
4737387,GHED_GGHE-DGGE_SHA2011,COUNTRY,MLT,EUR,Europe,YEAR,2007,,,,,,,,,13.29,13.28512573,,,,2025-12-05T13:23:08Z,2007,2007-01-01,2007-12-31
4738295,GHED_GGHE-DGGE_SHA2011,COUNTRY,SLB,WPR,Western Pacific,YEAR,2006,,,,,,,,,26.38,26.3789711,,,,2025-12-05T13:23:08Z,2006,2006-01-01,2006-12-31
4741074,GHED_GGHE-DGGE_SHA2011,COUNTRY,BHR,EMR,Eastern Mediterranean,YEAR,2016,,,,,,,,,8.53,8.52599049,,,,2025-12-05T13:23:08Z,2016,2016-01-01,2016-12-31
4742231,GHED_GGHE-DGGE_SHA2011,COUNTRY,SUR,AMR,Americas,YEAR,2009,,,,,,,,,9.52,9.52487564,,,,2025-12-05T13:23:08Z,2009,2009-01-01,2009-12-31
4742337,GHED_GGHE-DGGE_SHA2011,COUNTRY,MLT,EUR,Europe,YEAR,2016,,,,,,,,,15.46,15.46403217,,,,2025-12-05T13:23:08Z,2016,2016-01-01,2016-12-31
4744618,GHED_GGHE-DGGE_SHA2011,COUNTRY,GUY,AMR,Americas,YEAR,2010,,,,,,,,,7.61,7.60515261,,,,2025-12-05T13:23:08Z,2010,2010-01-01,2010-12-31
4748074,GHED_GGHE-DGGE_SHA2011,COUNTRY,DNK,EUR,Europe,YEAR,2016,,,,,,,,,16.53,16.53396034,,,,2025-12-05T13:23:08Z,2016,2016-01-01,2016-12-31
4750942,GHED_GGHE-DGGE_SHA2011,COUNTRY,BOL,AMR,Americas,YEAR,2007,,,,,,,,,8.50,8.50024891,,,,2025-12-05T13:23:08Z,2007,2007-01-01,2007-12-31
4751187,GHED_GGHE-DGGE_SHA2011,COUNTRY,NPL,SEAR,South-East Asia,YEAR,2011,,,,,,,,,4.87,4.8736372,,,,2025-12-05T13:23:08Z,2011,2011-01-01,2011-12-31
4759996,GHED_GGHE-DGGE_SHA2011,COUNTRY,ITA,EUR,Europe,YEAR,2014,,,,,,,,,13.09,13.08990002,,,,2025-12-05T13:23:08Z,2014,2014-01-01,2014-12-31
4767619,GHED_GGHE-DGGE_SHA2011,COUNTRY,NIC,AMR,Americas,YEAR,2002,,,,,,,,,13.15,13.14511585,,,,2025-12-05T13:23:08Z,2002,2002-01-01,2002-12-31
4767657,GHED_GGHE-DGGE_SHA2011,COUNTRY,MCO,EUR,Europe,YEAR,2007,,,,,,,,,15.54,15.54227734,,,,2025-12-05T13:23:08Z,2007,2007-01-01,2007-12-31
4768283,GHED_GGHE-DGGE_SHA2011,COUNTRY,CHL,AMR,Americas,YEAR,2017,,,,,,,,,17.97,17.97215843,,,,2025-12-05T13:23:08Z,2017,2017-01-01,2017-12-31
4770602,GHED_GGHE-DGGE_SHA2011,COUNTRY,PRY,AMR,Americas,YEAR,2005,,,,,,,,,10.89,10.88833141,,,,2025-12-05T13:23:08Z,2005,2005-01-01,2005-12-31
4776919,GHED_GGHE-DGGE_SHA2011,COUNTRY,EGY,EMR,Eastern Mediterranean,YEAR,2008,,,,,,,,,4.70,4.69924688,,,,2025-12-05T13:23:08Z,2008,2008-01-01,2008-12-31
4779436,GHED_GGHE-DGGE_SHA2011,COUNTRY,BOL,AMR,Americas,YEAR,2008,,,,,,,,,7.65,7.64689112,,,,2025-12-05T13:23:08Z,2008,2008-01-01,2008-12-31
4782162,GHED_GGHE-DGGE_SHA2011,COUNTRY,COM,AFR,Africa,YEAR,2023,,,,,,,,,4.74,4.73731661,,,,2025-12-05T13:23:08Z,2023,2023-01-01,2023-12-31
4785434,GHED_GGHE-DGGE_SHA2011,COUNTRY,SAU,EMR,Eastern Mediterranean,YEAR,2010,,,,,,,,,6.84,6.84370041,,,,2025-12-05T13:23:08Z,2010,2010-01-01,2010-12-31
4792272,GHED_GGHE-DGGE_SHA2011,COUNTRY,CYP,EUR,Europe,YEAR,2012,,,,,,,,,5.50,5.50081444,,,,2025-12-05T13:23:08Z,2012,2012-01-01,2012-12-31
4794039,GHED_GGHE-DGGE_SHA2011,COUNTRY,KGZ,EUR,Europe,YEAR,2021,,,,,,,,,9.22,9.22344398,,,,2025-12-05T13:23:08Z,2021,2021-01-01,2021-12-31
4795878,GHED_GGHE-DGGE_SHA2011,WORLDBANKINCOMEGROUP,WB_UMI,,,YEAR,2000,,,,,,,,,10.06,10.05567053,,,,2025-12-05T13:23:08Z,2000,2000-01-01,2000-12-31
4796394,GHED_GGHE-DGGE_SHA2011,COUNTRY,MMR,SEAR,South-East Asia,YEAR,2017,,,,,,,,,3.52,3.52443361,,,,2025-12-05T13:23:08Z,2017,2017-01-01,2017-12-31
4796593,GHED_GGHE-DGGE_SHA2011,COUNTRY,CAN,AMR,Americas,YEAR,2011,,,,,,,,,17.59,17.58960915,,,,2025-12-05T13:23:08Z,2011,2011-01-01,2011-12-31
4803475,GHED_GGHE-DGGE_SHA2011,REGION,EMR,,,YEAR,2005,,,,,,,,,6.89,6.88733162,,,,2025-12-05T13:23:08Z,2005,2005-01-01,2005-12-31
4804193,GHED_GGHE-DGGE_SHA2011,COUNTRY,COG,AFR,Africa,YEAR,2005,,,,,,,,,1.95,1.95315254,,,,2025-12-05T13:23:08Z,2005,2005-01-01,2005-12-31
4805666,GHED_GGHE-DGGE_SHA2011,COUNTRY,BLR,EUR,Europe,YEAR,2005,,,,,,,,,10.05,10.05169773,,,,2025-12-05T13:23:08Z,2005,2005-01-01,2005-12-31
4805951,GHED_GGHE-DGGE_SHA2011,COUNTRY,MKD,EUR,Europe,YEAR,2007,,,,,,,,,12.85,12.84653187,,,,2025-12-05T13:23:08Z,2007,2007-01-01,2007-12-31
4806294,GHED_GGHE-DGGE_SHA2011,COUNTRY,IND,SEAR,South-East Asia,YEAR,2012,,,,,,,,,3.44,3.43849397,,,,2025-12-05T13:23:08Z,2012,2012-01-01,2012-12-31
4807898,GHED_GGHE-DGGE_SHA2011,COUNTRY,GHA,AFR,Africa,YEAR,2001,,,,,,,,,6.10,6.10194254,,,,2025-12-05T13:23:08Z,2001,2001-01-01,2001-12-31
4808486,GHED_GGHE-DGGE_SHA2011,COUNTRY,CIV,AFR,Africa,YEAR,2022,,,,,,,,,6.82,6.82223606,,,,2026-01-12T13:50:53Z,2022,2022-01-01,2022-12-31
4810877,GHED_GGHE-DGGE_SHA2011,COUNTRY,BGD,SEAR,South-East Asia,YEAR,2023,,,,,,,,,2.47,2.47161961,,,,2025-12-05T13:23:08Z,2023,2023-01-01,2023-12-31
4811718,GHED_GGHE-DGGE_SHA2011,COUNTRY,SAU,EMR,Eastern Mediterranean,YEAR,2023,,,,,,,,,13.69,13.69143009,,,,2025-12-05T13:23:08Z,2023,2023-01-01,2023-12-31
4814981,GHED_GGHE-DGGE_SHA2011,REGION,AMR,,,YEAR,2003,,,,,,,,,11.61,11.61430059,,,,2025-12-05T13:23:08Z,2003,2003-01-01,2003-12-31
4815257,GHED_GGHE-DGGE_SHA2011,COUNTRY,FSM,WPR,Western Pacific,YEAR,2005,,,,,,,,,1.84,1.84308815,,,,2025-12-05T13:23:08Z,2005,2005-01-01,2005-12-31
4815581,GHED_GGHE-DGGE_SHA2011,COUNTRY,VCT,AMR,Americas,YEAR,2002,,,,,,,,,10.87,10.86500263,,,,2025-12-05T13:23:08Z,2002,2002-01-01,2002-12-31
4816885,GHED_GGHE-DGGE_SHA2011,COUNTRY,GNQ,AFR,Africa,YEAR,2016,,,,,,,,,3.11,3.11053944,,,,2025-12-05T13:23:08Z,2016,2016-01-01,2016-12-31
4817239,GHED_GGHE-DGGE_SHA2011,COUNTRY,BRB,AMR,Americas,YEAR,2010,,,,,,,,,10.73,10.72880936,,,,2025-12-05T13:23:08Z,2010,2010-01-01,2010-12-31
4817397,GHED_GGHE-DGGE_SHA2011,COUNTRY,KGZ,EUR,Europe,YEAR,2012,,,,,,,,,10.40,10.40071106,,,,2025-12-05T13:23:08Z,2012,2012-01-01,2012-12-31
4818861,GHED_GGHE-DGGE_SHA2011,COUNTRY,KGZ,EUR,Europe,YEAR,2013,,,,,,,,,10.35,10.34640503,,,,2025-12-05T13:23:08Z,2013,2013-01-01,2013-12-31
4826940,GHED_GGHE-DGGE_SHA2011,COUNTRY,GHA,AFR,Africa,YEAR,2011,,,,,,,,,12.07,12.07416725,,,,2025-12-05T13:23:08Z,2011,2011-01-01,2011-12-31
4828945,GHED_GGHE-DGGE_SHA2011,COUNTRY,AUT,EUR,Europe,YEAR,2011,,,,,,,,,14.30,14.30461502,,,,2025-12-05T13:23:08Z,2011,2011-01-01,2011-12-31
4832917,GHED_GGHE-DGGE_SHA2011,COUNTRY,VUT,WPR,Western Pacific,YEAR,2017,,,,,,,,,3.96,3.96174479,,,,2025-12-05T13:23:08Z,2017,2017-01-01,2017-12-31
4834080,GHED_GGHE-DGGE_SHA2011,COUNTRY,MCO,EUR,Europe,YEAR,2004,,,,,,,,,17.23,17.22698593,,,,2025-12-05T13:23:08Z,2004,2004-01-01,2004-12-31
4834450,GHED_GGHE-DGGE_SHA2011,COUNTRY,AFG,EMR,Eastern Mediterranean,YEAR,2005,,,,,,,,,3.38,3.38122058,,,,2025-12-05T13:23:08Z,2005,2005-01-01,2005-12-31
4837222,GHED_GGHE-DGGE_SHA2011,COUNTRY,ALB,EUR,Europe,YEAR,2015,,,,,,,,,8.80,8.80356598,,,,2025-12-05T13:23:08Z,2015,2015-01-01,2015-12-31
4837598,GHED_GGHE-DGGE_SHA2011,COUNTRY,KWT,EMR,Eastern Mediterranean,YEAR,2000,,,,,,,,,5.45,5.44961691,,,,2025-12-05T13:23:08Z,2000,2000-01-01,2000-12-31
4839296,GHED_GGHE-DGGE_SHA2011,COUNTRY,MAR,EMR,Eastern Mediterranean,YEAR,2017,,,,,,,,,7.11,7.10552311,,,,2025-12-05T13:23:08Z,2017,2017-01-01,2017-12-31
4840906,GHED_GGHE-DGGE_SHA2011,COUNTRY,ATG,AMR,Americas,YEAR,2022,,,,,,,,,13.77,13.77371883,,,,2025-12-05T13:23:08Z,2022,2022-01-01,2022-12-31
4841262,GHED_GGHE-DGGE_SHA2011,COUNTRY,PRY,AMR,Americas,YEAR,2010,,,,,,,,,14.53,14.52885723,,,,2025-12-05T13:23:08Z,2010,2010-01-01,2010-12-31
4843336,GHED_GGHE-DGGE_SHA2011,COUNTRY,KEN,AFR,Africa,YEAR,2021,,,,,,,,,9.28,9.28240871,,,,2025-12-05T13:23:08Z,2021,2021-01-01,2021-12-31
4844706,GHED_GGHE-DGGE_SHA2011,COUNTRY,NLD,EUR,Europe,YEAR,2001,,,,,,,,,12.68,12.68122387,,,,2025-12-05T13:23:08Z,2001,2001-01-01,2001-12-31
4851267,GHED_GGHE-DGGE_SHA2011,COUNTRY,CIV,AFR,Africa,YEAR,2001,,,,,,,,,4.46,4.45654726,,,,2025-12-05T13:23:08Z,2001,2001-01-01,2001-12-31
4852343,GHED_GGHE-DGGE_SHA2011,COUNTRY,NLD,EUR,Europe,YEAR,2020,,,,,,,,,15.79,15.78551006,,,,2025-12-05T13:23:08Z,2020,2020-01-01,2020-12-31
4856472,GHED_GGHE-DGGE_SHA2011,COUNTRY,KEN,AFR,Africa,YEAR,2016,,,,,,,,,8.03,8.02543449,,,,2025-12-05T13:23:08Z,2016,2016-01-01,2016-12-31
4859945,GHED_GGHE-DGGE_SHA2011,COUNTRY,GMB,AFR,Africa,YEAR,2016,,,,,,,,,6.66,6.65770149,,,,2025-12-05T13:23:08Z,2016,2016-01-01,2016-12-31
4868003,GHED_GGHE-DGGE_SHA2011,COUNTRY,TUN,EMR,Eastern Mediterranean,YEAR,2020,,,,,,,,,12.49,12.48706436,,,,2025-12-05T13:23:08Z,2020,2020-01-01,2020-12-31
4869293,GHED_GGHE-DGGE_SHA2011,COUNTRY,RWA,AFR,Africa,YEAR,2023,,,,,,,,,8.92,8.92309856,,,,2025-12-05T13:23:08Z,2023,2023-01-01,2023-12-31
4871732,GHED_GGHE-DGGE_SHA2011,COUNTRY,ZMB,AFR,Africa,YEAR,2015,,,,,,,,,7.56,7.56145144,,,,2025-12-05T13:23:08Z,2015,2015-01-01,2015-12-31
4871916,GHED_GGHE-DGGE_SHA2011,COUNTRY,KNA,AMR,Americas,YEAR,2015,,,,,,,,,6.68,6.67836809,,,,2025-12-05T13:23:08Z,2015,2015-01-01,2015-12-31
4872405,GHED_GGHE-DGGE_SHA2011,COUNTRY,TLS,SEAR,South-East Asia,YEAR,2015,,,,,,,,,4.51,4.50545216,,,,2025-12-05T13:23:08Z,2015,2015-01-01,2015-12-31
4872555,GHED_GGHE-DGGE_SHA2011,COUNTRY,ITA,EUR,Europe,YEAR,2019,,,,,,,,,13.03,13.03116512,,,,2025-12-05T13:23:08Z,2019,2019-01-01,2019-12-31
4872954,GHED_GGHE-DGGE_SHA2011,COUNTRY,DMA,AMR,Americas,YEAR,2004,,,,,,,,,8.53,8.5275669099999991,,,,2025-12-05T13:23:08Z,2004,2004-01-01,2004-12-31
4873454,GHED_GGHE-DGGE_SHA2011,REGION,SEAR,,,YEAR,2020,,,,,,,,,8.04,8.03777297,,,,2025-12-05T13:23:08Z,2020,2020-01-01,2020-12-31
4873513,GHED_GGHE-DGGE_SHA2011,COUNTRY,UKR,EUR,Europe,YEAR,2021,,,,,,,,,10.56,10.56005383,,,,2025-12-05T13:23:08Z,2021,2021-01-01,2021-12-31
4874479,GHED_GGHE-DGGE_SHA2011,COUNTRY,GBR,EUR,Europe,YEAR,2001,,,,,,,,,16.28,16.28044701,,,,2025-12-05T13:23:08Z,2001,2001-01-01,2001-12-31
4879092,GHED_GGHE-DGGE_SHA2011,COUNTRY,CPV,AFR,Africa,YEAR,2000,,,,,,,,,7.50,7.50158787,,,,2025-12-05T13:23:08Z,2000,2000-01-01,2000-12-31
4879687,GHED_GGHE-DGGE_SHA2011,COUNTRY,ITA,EUR,Europe,YEAR,2018,,,,,,,,,13.14,13.14023685,,,,2025-12-05T13:23:08Z,2018,2018-01-01,2018-12-31
4883393,GHED_GGHE-DGGE_SHA2011,COUNTRY,IRQ,EMR,Eastern Mediterranean,YEAR,2012,,,,,,,,,2.35,2.3523643,,,,2025-12-05T13:23:08Z,2012,2012-01-01,2012-12-31
4887344,GHED_GGHE-DGGE_SHA2011,COUNTRY,JAM,AMR,Americas,YEAR,2012,,,,,,,,,9.16,9.15779209,,,,2025-12-05T13:23:08Z,2012,2012-01-01,2012-12-31
4889652,GHED_GGHE-DGGE_SHA2011,REGION,AFR,,,YEAR,2009,,,,,,,,,6.17,6.17428374,,,,2025-12-05T13:23:08Z,2009,2009-01-01,2009-12-31
4890223,GHED_GGHE-DGGE_SHA2011,COUNTRY,FSM,WPR,Western Pacific,YEAR,2002,,,,,,,,,2.87,2.87267137,,,,2025-12-05T13:23:08Z,2002,2002-01-01,2002-12-31
4890543,GHED_GGHE-DGGE_SHA2011,COUNTRY,GUY,AMR,Americas,YEAR,2004,,,,,,,,,7.35,7.35295486,,,,2025-12-05T13:23:08Z,2004,2004-01-01,2004-12-31
4892136,GHED_GGHE-DGGE_SHA2011,COUNTRY,SRB,EUR,Europe,YEAR,2023,,,,,,,,,12.97,12.96566105,,,,2025-12-05T13:23:08Z,2023,2023-01-01,2023-12-31
4893364,GHED_GGHE-DGGE_SHA2011,COUNTRY,CUB,AMR,Americas,YEAR,2001,,,,,,,,,11.39,11.39179516,,,,2025-12-05T13:23:08Z,2001,2001-01-01,2001-12-31
4900401,GHED_GGHE-DGGE_SHA2011,COUNTRY,MRT,AFR,Africa,YEAR,2006,,,,,,,,,3.56,3.55967808,,,,2025-12-05T13:23:08Z,2006,2006-01-01,2006-12-31
4903124,GHED_GGHE-DGGE_SHA2011,COUNTRY,LIE,EUR,Europe,YEAR,2019,,,,,,,,,15.30,15.29545307,,,,2025-12-05T13:23:08Z,2019,2019-01-01,2019-12-31
4908602,GHED_GGHE-DGGE_SHA2011,COUNTRY,ERI,AFR,Africa,YEAR,2021,,,,,,,,,2.37,2.37287188,,,,2025-12-05T13:23:08Z,2021,2021-01-01,2021-12-31
4908696,GHED_GGHE-DGGE_SHA2011,COUNTRY,PAK,EMR,Eastern Mediterranean,YEAR,2017,,,,,,,,,4.77,4.77195406,,,,2025-12-05T13:23:08Z,2017,2017-01-01,2017-12-31
4909563,GHED_GGHE-DGGE_SHA2011,COUNTRY,LCA,AMR,Americas,YEAR,2019,,,,,,,,,8.28,8.2794199,,,,2025-12-05T13:23:08Z,2019,2019-01-01,2019-12-31
4910586,GHED_GGHE-DGGE_SHA2011,WORLDBANKINCOMEGROUP,WB_HI,,,YEAR,2021,,,,,,,,,14.53,14.52725909,,,,2025-12-05T13:23:08Z,2021,2021-01-01,2021-12-31
4916508,GHED_GGHE-DGGE_SHA2011,COUNTRY,SEN,AFR,Africa,YEAR,2007,,,,,,,,,5.95,5.94807863,,,,2025-12-05T13:23:08Z,2007,2007-01-01,2007-12-31
4921147,GHED_GGHE-DGGE_SHA2011,COUNTRY,THA,SEAR,South-East Asia,YEAR,2013,,,,,,,,,12.16,12.16323185,,,,2025-12-05T13:23:08Z,2013,2013-01-01,2013-12-31
4924368,GHED_GGHE-DGGE_SHA2011,COUNTRY,TLS,SEAR,South-East Asia,YEAR,2022,,,,,,,,,8.90,8.90288162,,,,2025-12-05T13:23:08Z,2022,2022-01-01,2022-12-31
4927339,GHED_GGHE-DGGE_SHA2011,COUNTRY,ZMB,AFR,Africa,YEAR,2013,,,,,,,,,5.45,5.45231676,,,,2025-12-05T13:23:08Z,2013,2013-01-01,2013-12-31
4929023,GHED_GGHE-DGGE_SHA2011,COUNTRY,POL,EUR,Europe,YEAR,2012,,,,,,,,,10.07,10.07476521,,,,2025-12-05T13:23:08Z,2012,2012-01-01,2012-12-31
4933229,GHED_GGHE-DGGE_SHA2011,COUNTRY,MYS,WPR,Western Pacific,YEAR,2007,,,,,,,,,6.28,6.27600908,,,,2025-12-05T13:23:08Z,2007,2007-01-01,2007-12-31
4940663,GHED_GGHE-DGGE_SHA2011,COUNTRY,MNG,WPR,Western Pacific,YEAR,2012,,,,,,,,,6.50,6.50338697,,,,2025-12-05T13:23:08Z,2012,2012-01-01,2012-12-31
4940906,GHED_GGHE-DGGE_SHA2011,COUNTRY,NAM,AFR,Africa,YEAR,2013,,,,,,,,,13.59,13.58865547,,,,2025-12-05T13:23:08Z,2013,2013-01-01,2013-12-31
4941163,GHED_GGHE-DGGE_SHA2011,COUNTRY,DEU,EUR,Europe,YEAR,2008,,,,,,,,,17.09,17.08940506,,,,2025-12-05T13:23:08Z,2008,2008-01-01,2008-12-31
4944740,GHED_GGHE-DGGE_SHA2011,COUNTRY,KHM,WPR,Western Pacific,YEAR,2012,,,,,,,,,6.33,6.33065081,,,,2025-12-05T13:23:08Z,2012,2012-01-01,2012-12-31
4948134,GHED_GGHE-DGGE_SHA2011,REGION,WPR,,,YEAR,2000,,,,,,,,,10.30,10.30277742,,,,2025-12-05T13:23:08Z,2000,2000-01-01,2000-12-31
4949658,GHED_GGHE-DGGE_SHA2011,COUNTRY,MRT,AFR,Africa,YEAR,2014,,,,,,,,,5.24,5.24069929,,,,2025-12-05T13:23:08Z,2014,2014-01-01,2014-12-31
4950012,GHED_GGHE-DGGE_SHA2011,COUNTRY,STP,AFR,Africa,YEAR,2015,,,,,,,,,4.94,4.93684101,,,,2025-12-05T13:23:08Z,2015,2015-01-01,2015-12-31
4956289,GHED_GGHE-DGGE_SHA2011,COUNTRY,TKM,EUR,Europe,YEAR,2005,,,,,,,,,10.27,10.27287388,,,,2025-12-05T13:23:08Z,2005,2005-01-01,2005-12-31
4957013,GHED_GGHE-DGGE_SHA2011,COUNTRY,SWE,EUR,Europe,YEAR,2006,,,,,,,,,12.92,12.91620255,,,,2025-12-05T13:23:08Z,2006,2006-01-01,2006-12-31
4958326,GHED_GGHE-DGGE_SHA2011,COUNTRY,TZA,AFR,Africa,YEAR,2007,,,,,,,,,10.89,10.88657188,,,,2025-12-05T13:23:08Z,2007,2007-01-01,2007-12-31
4959173,GHED_GGHE-DGGE_SHA2011,COUNTRY,BIH,EUR,Europe,YEAR,2005,,,,,,,,,10.81,10.81009102,,,,2025-12-05T13:23:08Z,2005,2005-01-01,2005-12-31
4960016,GHED_GGHE-DGGE_SHA2011,COUNTRY,ISL,EUR,Europe,YEAR,2023,,,,,,,,,16.06,16.06313133,,,,2025-12-05T13:23:08Z,2023,2023-01-01,2023-12-31
4964631,GHED_GGHE-DGGE_SHA2011,COUNTRY,GUY,AMR,Americas,YEAR,2017,,,,,,,,,10.61,10.61353874,,,,2025-12-05T13:23:08Z,2017,2017-01-01,2017-12-31
4965043,GHED_GGHE-DGGE_SHA2011,COUNTRY,NER,AFR,Africa,YEAR,2017,,,,,,,,,9.66,9.66281414,,,,2025-12-05T13:23:08Z,2017,2017-01-01,2017-12-31
4967359,GHED_GGHE-DGGE_SHA2011,COUNTRY,LVA,EUR,Europe,YEAR,2007,,,,,,,,,9.72,9.7152071,,,,2025-12-05T13:23:08Z,2007,2007-01-01,2007-12-31
4968650,GHED_GGHE-DGGE_SHA2011,REGION,EUR,,,YEAR,2009,,,,,,,,,11.91,11.90979574,,,,2025-12-05T13:23:08Z,2009,2009-01-01,2009-12-31
4968677,GHED_GGHE-DGGE_SHA2011,COUNTRY,PER,AMR,Americas,YEAR,2003,,,,,,,,,11.61,11.61311531,,,,2025-12-05T13:23:08Z,2003,2003-01-01,2003-12-31
4968795,GHED_GGHE-DGGE_SHA2011,COUNTRY,MYS,WPR,Western Pacific,YEAR,2010,,,,,,,,,6.31,6.31136417,,,,2025-12-05T13:23:08Z,2010,2010-01-01,2010-12-31
4969228,GHED_GGHE-DGGE_SHA2011,COUNTRY,USA,AMR,Americas,YEAR,2007,,,,,,,,,18.50,18.49819565,,,,2025-12-05T13:23:08Z,2007,2007-01-01,2007-12-31
4972422,GHED_GGHE-DGGE_SHA2011,REGION,AMR,,,YEAR,2016,,,,,,,,,13.86,13.85888042,,,,2025-12-05T13:23:08Z,2016,2016-01-01,2016-12-31
4972837,GHED_GGHE-DGGE_SHA2011,COUNTRY,DZA,AFR,Africa,YEAR,2007,,,,,,,,,7.63,7.63073635,,,,2025-12-05T13:23:08Z,2007,2007-01-01,2007-12-31
4976327,GHED_GGHE-DGGE_SHA2011,COUNTRY,TUR,EUR,Europe,YEAR,2014,,,,,,,,,10.29,10.29003143,,,,2025-12-05T13:23:08Z,2014,2014-01-01,2014-12-31
4982976,GHED_GGHE-DGGE_SHA2011,COUNTRY,BRA,AMR,Americas,YEAR,2016,,,,,,,,,8.68,8.67635441,,,,2025-12-05T13:23:08Z,2016,2016-01-01,2016-12-31
4985466,GHED_GGHE-DGGE_SHA2011,COUNTRY,ZAF,AFR,Africa,YEAR,2014,,,,,,,,,14.92,14.9161272,,,,2025-12-05T13:23:08Z,2014,2014-01-01,2014-12-31
4987298,GHED_GGHE-DGGE_SHA2011,COUNTRY,HND,AMR,Americas,YEAR,2008,,,,,,,,,12.57,12.56671429,,,,2025-12-05T13:23:08Z,2008,2008-01-01,2008-12-31
4989181,GHED_GGHE-DGGE_SHA2011,COUNTRY,RWA,AFR,Africa,YEAR,2003,,,,,,,,,12.45,12.45489502,,,,2025-12-05T13:23:08Z,2003,2003-01-01,2003-12-31
4995924,GHED_GGHE-DGGE_SHA2011,COUNTRY,PAK,EMR,Eastern Mediterranean,YEAR,2000,,,,,,,,,6.26,6.25985909,,,,2025-12-05T13:23:08Z,2000,2000-01-01,2000-12-31
4999235,GHED_GGHE-DGGE_SHA2011,COUNTRY,JAM,AMR,Americas,YEAR,2007,,,,,,,,,8.23,8.22749615,,,,2025-12-05T13:23:08Z,2007,2007-01-01,2007-12-31
5000947,GHED_GGHE-DGGE_SHA2011,COUNTRY,BIH,EUR,Europe,YEAR,2008,,,,,,,,,10.92,10.9186964,,,,2025-12-05T13:23:08Z,2008,2008-01-01,2008-12-31
5003950,GHED_GGHE-DGGE_SHA2011,COUNTRY,ECU,AMR,Americas,YEAR,2006,,,,,,,,,8.57,8.56826591,,,,2025-12-05T13:23:08Z,2006,2006-01-01,2006-12-31
5004990,GHED_GGHE-DGGE_SHA2011,COUNTRY,CHE,EUR,Europe,YEAR,2021,,,,,,,,,11.95,11.95497608,,,,2025-12-05T13:23:08Z,2021,2021-01-01,2021-12-31
5009171,GHED_GGHE-DGGE_SHA2011,COUNTRY,MDV,SEAR,South-East Asia,YEAR,2014,,,,,,,,,16.86,16.8629303,,,,2025-12-05T13:23:08Z,2014,2014-01-01,2014-12-31
5009773,GHED_GGHE-DGGE_SHA2011,COUNTRY,GBR,EUR,Europe,YEAR,2010,,,,,,,,,17.96,17.96255302,,,,2025-12-05T13:23:08Z,2010,2010-01-01,2010-12-31
5011706,GHED_GGHE-DGGE_SHA2011,COUNTRY,AFG,EMR,Eastern Mediterranean,YEAR,2009,,,,,,,,,2.51,2.51478314,,,,2025-12-05T13:23:08Z,2009,2009-01-01,2009-12-31
5015494,GHED_GGHE-DGGE_SHA2011,COUNTRY,BEN,AFR,Africa,YEAR,2016,,,,,,,,,4.63,4.62731457,,,,2025-12-05T13:23:08Z,2016,2016-01-01,2016-12-31
5016646,GHED_GGHE-DGGE_SHA2011,COUNTRY,MNG,WPR,Western Pacific,YEAR,2005,,,,,,,,,9.48,9.4847002,,,,2025-12-05T13:23:08Z,2005,2005-01-01,2005-12-31
5017826,GHED_GGHE-DGGE_SHA2011,COUNTRY,KOR,WPR,Western Pacific,YEAR,2004,,,,,,,,,8.30,8.29986382,,,,2025-12-05T13:23:08Z,2004,2004-01-01,2004-12-31
5024616,GHED_GGHE-DGGE_SHA2011,COUNTRY,LKA,SEAR,South-East Asia,YEAR,2022,,,,,,,,,8.21,8.20899773,,,,2025-12-05T13:23:08Z,2022,2022-01-01,2022-12-31
5031551,GHED_GGHE-DGGE_SHA2011,COUNTRY,AZE,EUR,Europe,YEAR,2002,,,,,,,,,3.19,3.19315743,,,,2025-12-05T13:23:08Z,2002,2002-01-01,2002-12-31
5032648,GHED_GGHE-DGGE_SHA2011,COUNTRY,URY,AMR,Americas,YEAR,2012,,,,,,,,,18.64,18.63942528,,,,2025-12-05T13:23:08Z,2012,2012-01-01,2012-12-31
5036497,GHED_GGHE-DGGE_SHA2011,COUNTRY,MCO,EUR,Europe,YEAR,2014,,,,,,,,,17.63,17.63056183,,,,2025-12-05T13:23:08Z,2014,2014-01-01,2014-12-31
5039913,GHED_GGHE-DGGE_SHA2011,COUNTRY,MRT,AFR,Africa,YEAR,2018,,,,,,,,,4.80,4.79712772,,,,2025-12-05T13:23:08Z,2018,2018-01-01,2018-12-31
5046123,GHED_GGHE-DGGE_SHA2011,COUNTRY,IRQ,EMR,Eastern Mediterranean,YEAR,2021,,,,,,,,,6.98,6.98392916,,,,2025-12-05T13:23:08Z,2021,2021-01-01,2021-12-31
5046790,GHED_GGHE-DGGE_SHA2011,COUNTRY,AUT,EUR,Europe,YEAR,2015,,,,,,,,,14.79,14.78765869,,,,2025-12-05T13:23:08Z,2015,2015-01-01,2015-12-31
5047561,GHED_GGHE-DGGE_SHA2011,COUNTRY,JPN,WPR,Western Pacific,YEAR,2011,,,,,,,,,21.69,21.69265366,,,,2025-12-05T13:23:08Z,2011,2011-01-01,2011-12-31
5052916,GHED_GGHE-DGGE_SHA2011,COUNTRY,GUY,AMR,Americas,YEAR,2000,,,,,,,,,7.82,7.81650448,,,,2025-12-05T13:23:08Z,2000,2000-01-01,2000-12-31
5055550,GHED_GGHE-DGGE_SHA2011,COUNTRY,TGO,AFR,Africa,YEAR,2023,,,,,,,,,2.56,2.56088448,,,,2025-12-05T13:23:08Z,2023,2023-01-01,2023-12-31
5059249,GHED_GGHE-DGGE_SHA2011,COUNTRY,CAN,AMR,Americas,YEAR,2010,,,,,,,,,17.38,17.37709808,,,,2025-12-05T13:23:08Z,2010,2010-01-01,2010-12-31
5061542,GHED_GGHE-DGGE_SHA2011,COUNTRY,BRA,AMR,Americas,YEAR,2012,,,,,,,,,8.53,8.53389931,,,,2025-12-05T13:23:08Z,2012,2012-01-01,2012-12-31
5063399,GHED_GGHE-DGGE_SHA2011,COUNTRY,CAN,AMR,Americas,YEAR,2000,,,,,,,,,14.82,14.8156271,,,,2025-12-05T13:23:08Z,2000,2000-01-01,2000-12-31
5064460,GHED_GGHE-DGGE_SHA2011,COUNTRY,BRA,AMR,Americas,YEAR,2003,,,,,,,,,8.50,8.50011539,,,,2025-12-05T13:23:08Z,2003,2003-01-01,2003-12-31
5064971,GHED_GGHE-DGGE_SHA2011,COUNTRY,UKR,EUR,Europe,YEAR,2003,,,,,,,,,9.39,9.38550282,,,,2025-12-05T13:23:08Z,2003,2003-01-01,2003-12-31
5065853,GHED_GGHE-DGGE_SHA2011,COUNTRY,LTU,EUR,Europe,YEAR,2016,,,,,,,,,12.69,12.68590927,,,,2025-12-05T13:23:08Z,2016,2016-01-01,2016-12-31
5067191,GHED_GGHE-DGGE_SHA2011,COUNTRY,HND,AMR,Americas,YEAR,2004,,,,,,,,,9.60,9.59641266,,,,2025-12-05T13:23:08Z,2004,2004-01-01,2004-12-31
5071078,GHED_GGHE-DGGE_SHA2011,COUNTRY,PAK,EMR,Eastern Mediterranean,YEAR,2008,,,,,,,,,2.22,2.22334313,,,,2025-12-05T13:23:08Z,2008,2008-01-01,2008-12-31
5072601,GHED_GGHE-DGGE_SHA2011,COUNTRY,CUB,AMR,Americas,YEAR,2004,,,,,,,,,10.32,10.32092667,,,,2025-12-05T13:23:08Z,2004,2004-01-01,2004-12-31
5072728,GHED_GGHE-DGGE_SHA2011,COUNTRY,MKD,EUR,Europe,YEAR,2018,,,,,,,,,12.41,12.41411114,,,,2025-12-05T13:23:08Z,2018,2018-01-01,2018-12-31
5076530,GHED_GGHE-DGGE_SHA2011,COUNTRY,THA,SEAR,South-East Asia,YEAR,2022,,,,,,,,,16.01,16.01324844,,,,2025-12-05T13:23:08Z,2022,2022-01-01,2022-12-31
5078830,GHED_GGHE-DGGE_SHA2011,COUNTRY,NIU,WPR,Western Pacific,YEAR,2021,,,,,,,,,7.13,7.12783337,,,,2025-12-05T13:23:08Z,2021,2021-01-01,2021-12-31
5081362,GHED_GGHE-DGGE_SHA2011,COUNTRY,PNG,WPR,Western Pacific,YEAR,2002,,,,,,,,,8.48,8.47603893,,,,2025-12-05T13:23:08Z,2002,2002-01-01,2002-12-31
5083396,GHED_GGHE-DGGE_SHA2011,WORLDBANKINCOMEGROUP,WB_UMI,,,YEAR,2014,,,,,,,,,11.02,11.01786885,,,,2025-12-05T13:23:08Z,2014,2014-01-01,2014-12-31
5088941,GHED_GGHE-DGGE_SHA2011,REGION,AMR,,,YEAR,2002,,,,,,,,,11.53,11.53423904,,,,2025-12-05T13:23:08Z,2002,2002-01-01,2002-12-31
5090704,GHED_GGHE-DGGE_SHA2011,COUNTRY,MHL,WPR,Western Pacific,YEAR,2013,,,,,,,,,11.06,11.06328106,,,,2025-12-05T13:23:08Z,2013,2013-01-01,2013-12-31
5091615,GHED_GGHE-DGGE_SHA2011,COUNTRY,GTM,AMR,Americas,YEAR,2001,,,,,,,,,14.40,14.40040016,,,,2025-12-05T13:23:08Z,2001,2001-01-01,2001-12-31
5094968,GHED_GGHE-DGGE_SHA2011,COUNTRY,LUX,EUR,Europe,YEAR,2017,,,,,,,,,10.55,10.54775524,,,,2025-12-05T13:23:08Z,2017,2017-01-01,2017-12-31
5097505,GHED_GGHE-DGGE_SHA2011,COUNTRY,IND,SEAR,South-East Asia,YEAR,2016,,,,,,,,,3.39,3.39333463,,,,2025-12-05T13:23:08Z,2016,2016-01-01,2016-12-31
5098509,GHED_GGHE-DGGE_SHA2011,COUNTRY,CAN,AMR,Americas,YEAR,2012,,,,,,,,,18.17,18.17380142,,,,2025-12-05T13:23:08Z,2012,2012-01-01,2012-12-31
5099217,GHED_GGHE-DGGE_SHA2011,COUNTRY,BRB,AMR,Americas,YEAR,2009,,,,,,,,,11.66,11.655159,,,,2025-12-05T13:23:08Z,2009,2009-01-01,2009-12-31
5099337,GHED_GGHE-DGGE_SHA2011,COUNTRY,HTI,AMR,Americas,YEAR,2010,,,,,,,,,6.43,6.43083429,,,,2025-12-05T13:23:08Z,2010,2010-01-01,2010-12-31
5099607,GHED_GGHE-DGGE_SHA2011,COUNTRY,LVA,EUR,Europe,YEAR,2023,,,,,,,,,9.91,9.91231823,,,,2025-12-05T13:23:08Z,2023,2023-01-01,2023-12-31
5103623,GHED_GGHE-DGGE_SHA2011,COUNTRY,ISL,EUR,Europe,YEAR,2018,,,,,,,,,15.88,15.87748241,,,,2025-12-05T13:23:08Z,2018,2018-01-01,2018-12-31
5103641,GHED_GGHE-DGGE_SHA2011,COUNTRY,BEN,AFR,Africa,YEAR,2010,,,,,,,,,5.34,5.34460402,,,,2025-12-05T13:23:08Z,2010,2010-01-01,2010-12-31
5104797,GHED_GGHE-DGGE_SHA2011,COUNTRY,GRD,AMR,Americas,YEAR,2003,,,,,,,,,7.53,7.53162813,,,,2025-12-05T13:23:08Z,2003,2003-01-01,2003-12-31
5105800,GHED_GGHE-DGGE_SHA2011,COUNTRY,CHN,WPR,Western Pacific,YEAR,2021,,,,,,,,,8.91,8.9053545,,,,2025-12-05T13:23:08Z,2021,2021-01-01,2021-12-31
5106690,GHED_GGHE-DGGE_SHA2011,COUNTRY,SEN,AFR,Africa,YEAR,2013,,,,,,,,,5.30,5.299932,,,,2025-12-05T13:23:08Z,2013,2013-01-01,2013-12-31
5108082,GHED_GGHE-DGGE_SHA2011,COUNTRY,BLZ,AMR,Americas,YEAR,2016,,,,,,,,,12.11,12.11457348,,,,2025-12-05T13:23:08Z,2016,2016-01-01,2016-12-31
5111941,GHED_GGHE-DGGE_SHA2011,COUNTRY,TJK,EUR,Europe,YEAR,2019,,,,,,,,,6.59,6.58593607,,,,2025-12-05T13:23:08Z,2019,2019-01-01,2019-12-31
5112482,GHED_GGHE-DGGE_SHA2011,COUNTRY,VCT,AMR,Americas,YEAR,2012,,,,,,,,,10.48,10.48249531,,,,2025-12-05T13:23:08Z,2012,2012-01-01,2012-12-31
5112572,GHED_GGHE-DGGE_SHA2011,COUNTRY,CUB,AMR,Americas,YEAR,2023,,,,,,,,,19.98,19.97772026,,,,2025-12-05T13:23:08Z,2023,2023-01-01,2023-12-31
5115034,GHED_GGHE-DGGE_SHA2011,COUNTRY,CIV,AFR,Africa,YEAR,2014,,,,,,,,,5.11,5.11125422,,,,2025-12-05T13:23:08Z,2014,2014-01-01,2014-12-31
5116689,GHED_GGHE-DGGE_SHA2011,COUNTRY,GEO,EUR,Europe,YEAR,2003,,,,,,,,,7.13,7.13276815,,,,2025-12-05T13:23:08Z,2003,2003-01-01,2003-12-31
5118485,GHED_GGHE-DGGE_SHA2011,COUNTRY,MLT,EUR,Europe,YEAR,2018,,,,,,,,,14.94,14.93639374,,,,2025-12-05T13:23:08Z,2018,2018-01-01,2018-12-31
5121300,GHED_GGHE-DGGE_SHA2011,COUNTRY,ETH,AFR,Africa,YEAR,2010,,,,,,,,,5.11,5.10711384,,,,2025-12-05T13:23:08Z,2010,2010-01-01,2010-12-31
5121800,GHED_GGHE-DGGE_SHA2011,COUNTRY,COL,AMR,Americas,YEAR,2009,,,,,,,,,17.04,17.0406208,,,,2025-12-05T13:23:08Z,2009,2009-01-01,2009-12-31
5123163,GHED_GGHE-DGGE_SHA2011,REGION,WPR,,,YEAR,2003,,,,,,,,,10.85,10.85318727,,,,2025-12-05T13:23:08Z,2003,2003-01-01,2003-12-31
5123926,GHED_GGHE-DGGE_SHA2011,COUNTRY,ARM,EUR,Europe,YEAR,2008,,,,,,,,,6.69,6.69246197,,,,2025-12-05T13:23:08Z,2008,2008-01-01,2008-12-31
5128830,GHED_GGHE-DGGE_SHA2011,COUNTRY,KIR,WPR,Western Pacific,YEAR,2013,,,,,,,,,9.16,9.15950966,,,,2025-12-05T13:23:08Z,2013,2013-01-01,2013-12-31
5131555,GHED_GGHE-DGGE_SHA2011,COUNTRY,VCT,AMR,Americas,YEAR,2008,,,,,,,,,8.15,8.15413094,,,,2025-12-05T13:23:08Z,2008,2008-01-01,2008-12-31
5136043,GHED_GGHE-DGGE_SHA2011,COUNTRY,LKA,SEAR,South-East Asia,YEAR,2004,,,,,,,,,11.05,11.04907322,,,,2025-12-05T13:23:08Z,2004,2004-01-01,2004-12-31
5138419,GHED_GGHE-DGGE_SHA2011,COUNTRY,MDA,EUR,Europe,YEAR,2007,,,,,,,,,13.18,13.18110943,,,,2025-12-05T13:23:08Z,2007,2007-01-01,2007-12-31
5139019,GHED_GGHE-DGGE_SHA2011,REGION,EUR,,,YEAR,2020,,,,,,,,,12.79,12.79335672,,,,2025-12-05T13:23:08Z,2020,2020-01-01,2020-12-31
5139901,GHED_GGHE-DGGE_SHA2011,COUNTRY,BHS,AMR,Americas,YEAR,2009,,,,,,,,,15.01,15.00968552,,,,2025-12-05T13:23:08Z,2009,2009-01-01,2009-12-31
5140932,GHED_GGHE-DGGE_SHA2011,COUNTRY,GIN,AFR,Africa,YEAR,2022,,,,,,,,,5.12,5.11740255,,,,2025-12-05T13:23:08Z,2022,2022-01-01,2022-12-31
5144484,GHED_GGHE-DGGE_SHA2011,COUNTRY,ISR,EUR,Europe,YEAR,2015,,,,,,,,,11.65,11.64865208,,,,2025-12-05T13:23:08Z,2015,2015-01-01,2015-12-31
5149170,GHED_GGHE-DGGE_SHA2011,COUNTRY,PHL,WPR,Western Pacific,YEAR,2022,,,,,,,,,8.98,8.9760952,,,,2025-12-05T13:23:08Z,2022,2022-01-01,2022-12-31
5153209,GHED_GGHE-DGGE_SHA2011,COUNTRY,IRQ,EMR,Eastern Mediterranean,YEAR,2019,,,,,,,,,5.99,5.99367142,,,,2025-12-05T13:23:08Z,2019,2019-01-01,2019-12-31
5159329,GHED_GGHE-DGGE_SHA2011,COUNTRY,BGD,SEAR,South-East Asia,YEAR,2003,,,,,,,,,4.76,4.7553134,,,,2025-12-05T13:23:08Z,2003,2003-01-01,2003-12-31
5160243,GHED_GGHE-DGGE_SHA2011,COUNTRY,GAB,AFR,Africa,YEAR,2013,,,,,,,,,5.26,5.25754023,,,,2025-12-05T13:23:08Z,2013,2013-01-01,2013-12-31
5163867,GHED_GGHE-DGGE_SHA2011,COUNTRY,TKM,EUR,Europe,YEAR,2007,,,,,,,,,10.32,10.32131672,,,,2025-12-05T13:23:08Z,2007,2007-01-01,2007-12-31
5165262,GHED_GGHE-DGGE_SHA2011,COUNTRY,MLI,AFR,Africa,YEAR,2001,,,,,,,,,5.75,5.74656248,,,,2025-12-05T13:23:08Z,2001,2001-01-01,2001-12-31
5167053,GHED_GGHE-DGGE_SHA2011,COUNTRY,USA,AMR,Americas,YEAR,2006,,,,,,,,,18.57,18.57419968,,,,2025-12-05T13:23:08Z,2006,2006-01-01,2006-12-31
5171180,GHED_GGHE-DGGE_SHA2011,COUNTRY,SMR,EUR,Europe,YEAR,2007,,,,,,,,,19.72,19.72222137,,,,2025-12-05T13:23:08Z,2007,2007-01-01,2007-12-31
5172204,GHED_GGHE-DGGE_SHA2011,COUNTRY,JOR,EMR,Eastern Mediterranean,YEAR,2011,,,,,,,,,15.42,15.41755867,,,,2025-12-05T13:23:08Z,2011,2011-01-01,2011-12-31
5172638,GHED_GGHE-DGGE_SHA2011,COUNTRY,LCA,AMR,Americas,YEAR,2011,,,,,,,,,6.73,6.73028851,,,,2025-12-05T13:23:08Z,2011,2011-01-01,2011-12-31
5174781,GHED_GGHE-DGGE_SHA2011,COUNTRY,MYS,WPR,Western Pacific,YEAR,2001,,,,,,,,,4.79,4.78832054,,,,2025-12-05T13:23:08Z,2001,2001-01-01,2001-12-31
5180900,GHED_GGHE-DGGE_SHA2011,COUNTRY,DOM,AMR,Americas,YEAR,2015,,,,,,,,,14.20,14.19551849,,,,2025-12-05T13:23:08Z,2015,2015-01-01,2015-12-31
5183880,GHED_GGHE-DGGE_SHA2011,COUNTRY,CPV,AFR,Africa,YEAR,2013,,,,,,,,,9.03,9.02955627,,,,2025-12-05T13:23:08Z,2013,2013-01-01,2013-12-31
5190905,GHED_GGHE-DGGE_SHA2011,COUNTRY,AUT,EUR,Europe,YEAR,2000,,,,,,,,,13.35,13.34721375,,,,2025-12-05T13:23:08Z,2000,2000-01-01,2000-12-31
5195735,GHED_GGHE-DGGE_SHA2011,COUNTRY,MNE,EUR,Europe,YEAR,2015,,,,,,,,,11.63,11.63480854,,,,2025-12-05T13:23:08Z,2015,2015-01-01,2015-12-31
5195779,GHED_GGHE-DGGE_SHA2011,COUNTRY,IND,SEAR,South-East Asia,YEAR,2021,,,,,,,,,4.46,4.45562935,,,,2025-12-05T13:23:08Z,2021,2021-01-01,2021-12-31
5199203,GHED_GGHE-DGGE_SHA2011,REGION,AMR,,,YEAR,2021,,,,,,,,,14.83,14.83229468,,,,2025-12-05T13:23:08Z,2021,2021-01-01,2021-12-31
5202139,GHED_GGHE-DGGE_SHA2011,COUNTRY,MKD,EUR,Europe,YEAR,2004,,,,,,,,,13.83,13.83370781,,,,2025-12-05T13:23:08Z,2004,2004-01-01,2004-12-31
5208865,GHED_GGHE-DGGE_SHA2011,COUNTRY,COM,AFR,Africa,YEAR,2003,,,,,,,,,6.68,6.68447351,,,,2025-12-05T13:23:08Z,2003,2003-01-01,2003-12-31
5210982,GHED_GGHE-DGGE_SHA2011,COUNTRY,ESP,EUR,Europe,YEAR,2021,,,,,,,,,15.18,15.1847105,,,,2025-12-05T13:23:08Z,2021,2021-01-01,2021-12-31
5211684,GHED_GGHE-DGGE_SHA2011,COUNTRY,WSM,WPR,Western Pacific,YEAR,2005,,,,,,,,,10.40,10.4049387,,,,2025-12-05T13:23:08Z,2005,2005-01-01,2005-12-31
5212835,GHED_GGHE-DGGE_SHA2011,COUNTRY,CPV,AFR,Africa,YEAR,2009,,,,,,,,,8.31,8.31165504,,,,2025-12-05T13:23:08Z,2009,2009-01-01,2009-12-31
5214912,GHED_GGHE-DGGE_SHA2011,COUNTRY,MDV,SEAR,South-East Asia,YEAR,2016,,,,,,,,,19.75,19.74809265,,,,2025-12-05T13:23:08Z,2016,2016-01-01,2016-12-31
5220985,GHED_GGHE-DGGE_SHA2011,COUNTRY,GEO,EUR,Europe,YEAR,2009,,,,,,,,,5.88,5.88417959,,,,2025-12-05T13:23:08Z,2009,2009-01-01,2009-12-31
5221320,GHED_GGHE-DGGE_SHA2011,COUNTRY,ETH,AFR,Africa,YEAR,2003,,,,,,,,,8.42,8.41779327,,,,2025-12-05T13:23:08Z,2003,2003-01-01,2003-12-31
5221822,GHED_GGHE-DGGE_SHA2011,COUNTRY,MLT,EUR,Europe,YEAR,2015,,,,,,,,,13.99,13.9868679,,,,2025-12-05T13:23:08Z,2015,2015-01-01,2015-12-31
5221917,GHED_GGHE-DGGE_SHA2011,COUNTRY,VEN,AMR,Americas,YEAR,2021,,,,,,,,,4.44,4.43995523,,,,2025-12-05T13:23:08Z,2021,2021-01-01,2021-12-31
5223558,GHED_GGHE-DGGE_SHA2011,COUNTRY,VNM,WPR,Western Pacific,YEAR,2020,,,,,,,,,8.43,8.42611885,,,,2025-12-05T13:23:08Z,2020,2020-01-01,2020-12-31
5225806,GHED_GGHE-DGGE_SHA2011,COUNTRY,SVN,EUR,Europe,YEAR,2009,,,,,,,,,12.45,12.44719791,,,,2025-12-05T13:23:08Z,2009,2009-01-01,2009-12-31
5229708,GHED_GGHE-DGGE_SHA2011,COUNTRY,LTU,EUR,Europe,YEAR,2015,,,,,,,,,12.15,12.1546669,,,,2025-12-05T13:23:08Z,2015,2015-01-01,2015-12-31
5229985,GHED_GGHE-DGGE_SHA2011,REGION,EUR,,,YEAR,2005,,,,,,,,,12.13,12.12846235,,,,2025-12-05T13:23:08Z,2005,2005-01-01,2005-12-31
5231004,GHED_GGHE-DGGE_SHA2011,COUNTRY,MNE,EUR,Europe,YEAR,2014,,,,,,,,,10.98,10.98364925,,,,2025-12-05T13:23:08Z,2014,2014-01-01,2014-12-31
5233658,GHED_GGHE-DGGE_SHA2011,COUNTRY,LBN,EMR,Eastern Mediterranean,YEAR,2003,,,,,,,,,8.07,8.07041359,,,,2025-12-05T13:23:08Z,2003,2003-01-01,2003-12-31
5237347,GHED_GGHE-DGGE_SHA2011,COUNTRY,GRC,EUR,Europe,YEAR,2015,,,,,,,,,8.71,8.70538139,,,,2025-12-05T13:23:08Z,2015,2015-01-01,2015-12-31
5241188,GHED_GGHE-DGGE_SHA2011,COUNTRY,BEN,AFR,Africa,YEAR,2009,,,,,,,,,5.11,5.1059413,,,,2025-12-05T13:23:08Z,2009,2009-01-01,2009-12-31
5247369,GHED_GGHE-DGGE_SHA2011,COUNTRY,BDI,AFR,Africa,YEAR,2002,,,,,,,,,6.38,6.37957811,,,,2025-12-05T13:23:08Z,2002,2002-01-01,2002-12-31
5253006,GHED_GGHE-DGGE_SHA2011,COUNTRY,MRT,AFR,Africa,YEAR,2007,,,,,,,,,3.89,3.88567042,,,,2025-12-05T13:23:08Z,2007,2007-01-01,2007-12-31
5253179,GHED_GGHE-DGGE_SHA2011,COUNTRY,NLD,EUR,Europe,YEAR,2000,,,,,,,,,12.28,12.28498459,,,,2025-12-05T13:23:08Z,2000,2000-01-01,2000-12-31
5254817,GHED_GGHE-DGGE_SHA2011,COUNTRY,NRU,WPR,Western Pacific,YEAR,2000,,,,,,,,,23.97,23.97120094,,,,2025-12-05T13:23:08Z,2000,2000-01-01,2000-12-31
5257198,GHED_GGHE-DGGE_SHA2011,COUNTRY,ISR,EUR,Europe,YEAR,2018,,,,,,,,,11.76,11.75612926,,,,2025-12-05T13:23:08Z,2018,2018-01-01,2018-12-31
5259324,GHED_GGHE-DGGE_SHA2011,COUNTRY,MLT,EUR,Europe,YEAR,2010,,,,,,,,,12.73,12.7309761,,,,2025-12-05T13:23:08Z,2010,2010-01-01,2010-12-31
5262289,GHED_GGHE-DGGE_SHA2011,COUNTRY,FJI,WPR,Western Pacific,YEAR,2005,,,,,,,,,10.36,10.35953331,,,,2025-12-05T13:23:08Z,2005,2005-01-01,2005-12-31
5263674,GHED_GGHE-DGGE_SHA2011,COUNTRY,BFA,AFR,Africa,YEAR,2008,,,,,,,,,7.32,7.32152605,,,,2025-12-05T13:23:08Z,2008,2008-01-01,2008-12-31
5265605,GHED_GGHE-DGGE_SHA2011,COUNTRY,ERI,AFR,Africa,YEAR,2013,,,,,,,,,2.37,2.37287188,,,,2025-12-05T13:23:08Z,2013,2013-01-01,2013-12-31
5265631,GHED_GGHE-DGGE_SHA2011,COUNTRY,KEN,AFR,Africa,YEAR,2008,,,,,,,,,7.17,7.17080498,,,,2025-12-05T13:23:08Z,2008,2008-01-01,2008-12-31
5265802,GHED_GGHE-DGGE_SHA2011,COUNTRY,ERI,AFR,Africa,YEAR,2003,,,,,,,,,2.87,2.87028527,,,,2025-12-05T13:23:08Z,2003,2003-01-01,2003-12-31
5266542,GHED_GGHE-DGGE_SHA2011,COUNTRY,LTU,EUR,Europe,YEAR,2002,,,,,,,,,12.71,12.7128334,,,,2025-12-05T13:23:08Z,2002,2002-01-01,2002-12-31
5270912,GHED_GGHE-DGGE_SHA2011,COUNTRY,LBN,EMR,Eastern Mediterranean,YEAR,2021,,,,,,,,,11.57,11.56579113,,,,2025-12-05T13:23:08Z,2021,2021-01-01,2021-12-31
5271067,GHED_GGHE-DGGE_SHA2011,COUNTRY,ESP,EUR,Europe,YEAR,2011,,,,,,,,,14.60,14.59857368,,,,2025-12-05T13:23:08Z,2011,2011-01-01,2011-12-31
5272335,GHED_GGHE-DGGE_SHA2011,COUNTRY,MOZ,AFR,Africa,YEAR,2018,,,,,,,,,5.73,5.73160601,,,,2025-12-05T13:23:08Z,2018,2018-01-01,2018-12-31
5272619,GHED_GGHE-DGGE_SHA2011,COUNTRY,WSM,WPR,Western Pacific,YEAR,2011,,,,,,,,,10.89,10.89130402,,,,2025-12-05T13:23:08Z,2011,2011-01-01,2011-12-31
5276432,GHED_GGHE-DGGE_SHA2011,COUNTRY,KGZ,EUR,Europe,YEAR,2001,,,,,,,,,7.13,7.13149929,,,,2025-12-05T13:23:08Z,2001,2001-01-01,2001-12-31
5277533,GHED_GGHE-DGGE_SHA2011,COUNTRY,NPL,SEAR,South-East Asia,YEAR,2014,,,,,,,,,5.27,5.26823664,,,,2025-12-05T13:23:08Z,2014,2014-01-01,2014-12-31
5278350,GHED_GGHE-DGGE_SHA2011,COUNTRY,TGO,AFR,Africa,YEAR,2015,,,,,,,,,4.04,4.03825331,,,,2025-12-05T13:23:08Z,2015,2015-01-01,2015-12-31
5286491,GHED_GGHE-DGGE_SHA2011,COUNTRY,NZL,WPR,Western Pacific,YEAR,2013,,,,,,,,,18.38,18.38267136,,,,2025-12-05T13:23:08Z,2013,2013-01-01,2013-12-31
5290196,GHED_GGHE-DGGE_SHA2011,COUNTRY,MDV,SEAR,South-East Asia,YEAR,2010,,,,,,,,,13.54,13.5430336,,,,2025-12-05T13:23:08Z,2010,2010-01-01,2010-12-31
5291942,GHED_GGHE-DGGE_SHA2011,COUNTRY,PAK,EMR,Eastern Mediterranean,YEAR,2001,,,,,,,,,6.31,6.30668402,,,,2025-12-05T13:23:08Z,2001,2001-01-01,2001-12-31
5292033,GHED_GGHE-DGGE_SHA2011,COUNTRY,HUN,EUR,Europe,YEAR,2007,,,,,,,,,9.79,9.79407406,,,,2025-12-05T13:23:08Z,2007,2007-01-01,2007-12-31
5292301,GHED_GGHE-DGGE_SHA2011,COUNTRY,YEM,EMR,Eastern Mediterranean,YEAR,2020,,,,,,,,,8.07,8.07404995,,,,2025-12-05T13:23:08Z,2020,2020-01-01,2020-12-31
5292485,GHED_GGHE-DGGE_SHA2011,COUNTRY,TCD,AFR,Africa,YEAR,2005,,,,,,,,,12.42,12.42341423,,,,2025-12-05T13:23:08Z,2005,2005-01-01,2005-12-31
5298952,GHED_GGHE-DGGE_SHA2011,COUNTRY,KGZ,EUR,Europe,YEAR,2005,,,,,,,,,13.07,13.06986713,,,,2025-12-05T13:23:08Z,2005,2005-01-01,2005-12-31
5302537,GHED_GGHE-DGGE_SHA2011,COUNTRY,DOM,AMR,Americas,YEAR,2013,,,,,,,,,15.04,15.03563976,,,,2025-12-05T13:23:08Z,2013,2013-01-01,2013-12-31
5306309,GHED_GGHE-DGGE_SHA2011,COUNTRY,MNG,WPR,Western Pacific,YEAR,2000,,,,,,,,,13.35,13.35476398,,,,2025-12-05T13:23:08Z,2000,2000-01-01,2000-12-31
5309083,GHED_GGHE-DGGE_SHA2011,COUNTRY,PNG,WPR,Western Pacific,YEAR,2001,,,,,,,,,7.73,7.733428,,,,2025-12-05T13:23:08Z,2001,2001-01-01,2001-12-31
5309796,GHED_GGHE-DGGE_SHA2011,COUNTRY,QAT,EMR,Eastern Mediterranean,YEAR,2004,,,,,,,,,7.98,7.97813177,,,,2025-12-05T13:23:08Z,2004,2004-01-01,2004-12-31
5310351,GHED_GGHE-DGGE_SHA2011,COUNTRY,CMR,AFR,Africa,YEAR,2004,,,,,,,,,5.26,5.26183367,,,,2025-12-05T13:23:08Z,2004,2004-01-01,2004-12-31
5310721,GHED_GGHE-DGGE_SHA2011,COUNTRY,PRY,AMR,Americas,YEAR,2007,,,,,,,,,12.63,12.62959003,,,,2025-12-05T13:23:08Z,2007,2007-01-01,2007-12-31
5311739,GHED_GGHE-DGGE_SHA2011,COUNTRY,DMA,AMR,Americas,YEAR,2013,,,,,,,,,9.59,9.59457207,,,,2025-12-05T13:23:08Z,2013,2013-01-01,2013-12-31
5316930,GHED_GGHE-DGGE_SHA2011,COUNTRY,UGA,AFR,Africa,YEAR,2020,,,,,,,,,5.55,5.55403566,,,,2025-12-05T13:23:08Z,2020,2020-01-01,2020-12-31
5319965,GHED_GGHE-DGGE_SHA2011,COUNTRY,NPL,SEAR,South-East Asia,YEAR,2006,,,,,,,,,7.58,7.58403015,,,,2025-12-05T13:23:08Z,2006,2006-01-01,2006-12-31
5321622,GHED_GGHE-DGGE_SHA2011,COUNTRY,RUS,EUR,Europe,YEAR,2017,,,,,,,,,8.78,8.78356075,,,,2025-12-05T13:23:08Z,2017,2017-01-01,2017-12-31
5324546,GHED_GGHE-DGGE_SHA2011,COUNTRY,GMB,AFR,Africa,YEAR,2022,,,,,,,,,6.83,6.83012342,,,,2025-12-05T13:23:08Z,2022,2022-01-01,2022-12-31
5325270,GHED_GGHE-DGGE_SHA2011,COUNTRY,SUR,AMR,Americas,YEAR,2020,,,,,,,,,13.35,13.35005951,,,,2025-12-05T13:23:08Z,2020,2020-01-01,2020-12-31
5327689,GHED_GGHE-DGGE_SHA2011,COUNTRY,BRN,WPR,Western Pacific,YEAR,2022,,,,,,,,,6.18,6.18097925,,,,2025-12-05T13:23:08Z,2022,2022-01-01,2022-12-31
5327989,GHED_GGHE-DGGE_SHA2011,COUNTRY,ARE,EMR,Eastern Mediterranean,YEAR,2005,,,,,,,,,8.38,8.37682343,,,,2025-12-05T13:23:08Z,2005,2005-01-01,2005-12-31
5328224,GHED_GGHE-DGGE_SHA2011,COUNTRY,VCT,AMR,Americas,YEAR,2013,,,,,,,,,9.07,9.07220364,,,,2025-12-05T13:23:08Z,2013,2013-01-01,2013-12-31
5329007,GHED_GGHE-DGGE_SHA2011,COUNTRY,FJI,WPR,Western Pacific,YEAR,2023,,,,,,,,,9.32,9.32211304,,,,2025-12-05T13:23:08Z,2023,2023-01-01,2023-12-31
5335699,GHED_GGHE-DGGE_SHA2011,COUNTRY,ARM,EUR,Europe,YEAR,2010,,,,,,,,,6.44,6.43608856,,,,2025-12-05T13:23:08Z,2010,2010-01-01,2010-12-31
5340091,GHED_GGHE-DGGE_SHA2011,COUNTRY,UZB,EUR,Europe,YEAR,2020,,,,,,,,,10.79,10.79321957,,,,2025-12-05T13:23:08Z,2020,2020-01-01,2020-12-31
5340536,GHED_GGHE-DGGE_SHA2011,COUNTRY,SVK,EUR,Europe,YEAR,2003,,,,,,,,,11.91,11.91282558,,,,2025-12-05T13:23:08Z,2003,2003-01-01,2003-12-31
5341159,GHED_GGHE-DGGE_SHA2011,COUNTRY,LUX,EUR,Europe,YEAR,2019,,,,,,,,,10.90,10.89836788,,,,2025-12-05T13:23:08Z,2019,2019-01-01,2019-12-31
5342171,GHED_GGHE-DGGE_SHA2011,COUNTRY,FJI,WPR,Western Pacific,YEAR,2010,,,,,,,,,8.79,8.79444408,,,,2025-12-05T13:23:08Z,2010,2010-01-01,2010-12-31
5343061,GHED_GGHE-DGGE_SHA2011,COUNTRY,SUR,AMR,Americas,YEAR,2023,,,,,,,,,11.55,11.5488596,,,,2025-12-05T13:23:08Z,2023,2023-01-01,2023-12-31
5346935,GHED_GGHE-DGGE_SHA2011,COUNTRY,OMN,EMR,Eastern Mediterranean,YEAR,2004,,,,,,,,,6.24,6.24249697,,,,2025-12-05T13:23:08Z,2004,2004-01-01,2004-12-31
5347629,GHED_GGHE-DGGE_SHA2011,COUNTRY,LTU,EUR,Europe,YEAR,2018,,,,,,,,,12.63,12.6340704,,,,2025-12-05T13:23:08Z,2018,2018-01-01,2018-12-31
5349651,GHED_GGHE-DGGE_SHA2011,COUNTRY,UZB,EUR,Europe,YEAR,2023,,,,,,,,,7.90,7.89534664,,,,2025-12-05T13:23:08Z,2023,2023-01-01,2023-12-31
5351437,GHED_GGHE-DGGE_SHA2011,COUNTRY,VCT,AMR,Americas,YEAR,2017,,,,,,,,,10.11,10.10502338,,,,2025-12-05T13:23:08Z,2017,2017-01-01,2017-12-31
5357480,GHED_GGHE-DGGE_SHA2011,COUNTRY,ETH,AFR,Africa,YEAR,2012,,,,,,,,,6.41,6.40685463,,,,2025-12-05T13:23:08Z,2012,2012-01-01,2012-12-31
5359558,GHED_GGHE-DGGE_SHA2011,COUNTRY,TUV,WPR,Western Pacific,YEAR,2019,,,,,,,,,15.22,15.21772289,,,,2025-12-05T13:23:08Z,2019,2019-01-01,2019-12-31
5360377,GHED_GGHE-DGGE_SHA2011,COUNTRY,NZL,WPR,Western Pacific,YEAR,2017,,,,,,,,,18.27,18.269977569999998,,,,2025-12-05T13:23:08Z,2017,2017-01-01,2017-12-31
5360383,GHED_GGHE-DGGE_SHA2011,COUNTRY,NRU,WPR,Western Pacific,YEAR,2017,,,,,,,,,8.26,8.25861549,,,,2025-12-05T13:23:08Z,2017,2017-01-01,2017-12-31
5366167,GHED_GGHE-DGGE_SHA2011,COUNTRY,HRV,EUR,Europe,YEAR,2000,,,,,,,,,11.92,11.92357922,,,,2025-12-05T13:23:08Z,2000,2000-01-01,2000-12-31
5366853,GHED_GGHE-DGGE_SHA2011,COUNTRY,GHA,AFR,Africa,YEAR,2005,,,,,,,,,13.63,13.63450813,,,,2025-12-05T13:23:08Z,2005,2005-01-01,2005-12-31
5367471,GHED_GGHE-DGGE_SHA2011,COUNTRY,PER,AMR,Americas,YEAR,2017,,,,,,,,,14.43,14.43339157,,,,2025-12-05T13:23:08Z,2017,2017-01-01,2017-12-31
5372233,GHED_GGHE-DGGE_SHA2011,COUNTRY,TTO,AMR,Americas,YEAR,2021,,,,,,,,,11.07,11.07291508,,,,2025-12-05T13:23:08Z,2021,2021-01-01,2021-12-31
5372542,GHED_GGHE-DGGE_SHA2011,COUNTRY,HRV,EUR,Europe,YEAR,2003,,,,,,,,,10.32,10.31641197,,,,2025-12-05T13:23:08Z,2003,2003-01-01,2003-12-31
5374860,GHED_GGHE-DGGE_SHA2011,COUNTRY,GNQ,AFR,Africa,YEAR,2008,,,,,,,,,2.43,2.43119001,,,,2025-12-05T13:23:08Z,2008,2008-01-01,2008-12-31
5376111,GHED_GGHE-DGGE_SHA2011,COUNTRY,GIN,AFR,Africa,YEAR,2010,,,,,,,,,1.77,1.76977015,,,,2025-12-05T13:23:08Z,2010,2010-01-01,2010-12-31
5379211,GHED_GGHE-DGGE_SHA2011,COUNTRY,COL,AMR,Americas,YEAR,2021,,,,,,,,,19.37,19.37218857,,,,2025-12-05T13:23:08Z,2021,2021-01-01,2021-12-31
5383127,GHED_GGHE-DGGE_SHA2011,COUNTRY,TJK,EUR,Europe,YEAR,2002,,,,,,,,,4.22,4.21875,,,,2025-12-05T13:23:08Z,2002,2002-01-01,2002-12-31
5384703,GHED_GGHE-DGGE_SHA2011,WORLDBANKINCOMEGROUP,WB_UMI,,,YEAR,2009,,,,,,,,,10.33,10.33020659,,,,2025-12-05T13:23:08Z,2009,2009-01-01,2009-12-31
5384900,GHED_GGHE-DGGE_SHA2011,COUNTRY,MHL,WPR,Western Pacific,YEAR,2007,,,,,,,,,9.56,9.56311893,,,,2025-12-05T13:23:08Z,2007,2007-01-01,2007-12-31
5385192,GHED_GGHE-DGGE_SHA2011,COUNTRY,COD,AFR,Africa,YEAR,2011,,,,,,,,,2.53,2.53201437,,,,2025-12-05T13:23:08Z,2011,2011-01-01,2011-12-31
5388279,GHED_GGHE-DGGE_SHA2011,COUNTRY,HRV,EUR,Europe,YEAR,2022,,,,,,,,,13.71,13.70928764,,,,2025-12-05T13:23:08Z,2022,2022-01-01,2022-12-31
5393778,GHED_GGHE-DGGE_SHA2011,COUNTRY,SRB,EUR,Europe,YEAR,2002,,,,,,,,,13.57,13.56817055,,,,2025-12-05T13:23:08Z,2002,2002-01-01,2002-12-31
5394095,GHED_GGHE-DGGE_SHA2011,COUNTRY,EST,EUR,Europe,YEAR,2017,,,,,,,,,12.23,12.23001003,,,,2025-12-05T13:23:08Z,2017,2017-01-01,2017-12-31
5397838,GHED_GGHE-DGGE_SHA2011,COUNTRY,GAB,AFR,Africa,YEAR,2005,,,,,,,,,5.08,5.07680273,,,,2025-12-05T13:23:08Z,2005,2005-01-01,2005-12-31
5399419,GHED_GGHE-DGGE_SHA2011,COUNTRY,DZA,AFR,Africa,YEAR,2004,,,,,,,,,8.67,8.66916943,,,,2025-12-05T13:23:08Z,2004,2004-01-01,2004-12-31
5401183,GHED_GGHE-DGGE_SHA2011,COUNTRY,KOR,WPR,Western Pacific,YEAR,2011,,,,,,,,,11.05,11.05072784,,,,2025-12-05T13:23:08Z,2011,2011-01-01,2011-12-31
5402855,GHED_GGHE-DGGE_SHA2011,COUNTRY,SWZ,AFR,Africa,YEAR,2002,,,,,,,,,9.19,9.1893816,,,,2025-12-05T13:23:08Z,2002,2002-01-01,2002-12-31
5405779,GHED_GGHE-DGGE_SHA2011,COUNTRY,GTM,AMR,Americas,YEAR,2016,,,,,,,,,18.21,18.20531464,,,,2025-12-05T13:23:08Z,2016,2016-01-01,2016-12-31
5411520,GHED_GGHE-DGGE_SHA2011,COUNTRY,SOM,EMR,Eastern Mediterranean,YEAR,2021,,,,,,,,,7.12,7.1242857,,,,2025-12-05T13:23:08Z,2021,2021-01-01,2021-12-31
5416813,GHED_GGHE-DGGE_SHA2011,COUNTRY,TUN,EMR,Eastern Mediterranean,YEAR,2000,,,,,,,,,10.54,10.54292107,,,,2025-12-05T13:23:08Z,2000,2000-01-01,2000-12-31
5418867,GHED_GGHE-DGGE_SHA2011,COUNTRY,LTU,EUR,Europe,YEAR,2004,,,,,,,,,10.13,10.13123989,,,,2025-12-05T13:23:08Z,2004,2004-01-01,2004-12-31
5420771,GHED_GGHE-DGGE_SHA2011,COUNTRY,SUR,AMR,Americas,YEAR,2003,,,,,,,,,11.15,11.15236187,,,,2025-12-05T13:23:08Z,2003,2003-01-01,2003-12-31
5420930,GHED_GGHE-DGGE_SHA2011,COUNTRY,HRV,EUR,Europe,YEAR,2006,,,,,,,,,13.11,13.11473179,,,,2025-12-05T13:23:08Z,2006,2006-01-01,2006-12-31
5422316,GHED_GGHE-DGGE_SHA2011,COUNTRY,TGO,AFR,Africa,YEAR,2022,,,,,,,,,2.56,2.56088448,,,,2025-12-05T13:23:08Z,2022,2022-01-01,2022-12-31
5423140,GHED_GGHE-DGGE_SHA2011,COUNTRY,GAB,AFR,Africa,YEAR,2002,,,,,,,,,4.66,4.66366768,,,,2025-12-05T13:23:08Z,2002,2002-01-01,2002-12-31
5423609,GHED_GGHE-DGGE_SHA2011,COUNTRY,CUB,AMR,Americas,YEAR,2012,,,,,,,,,11.49,11.49459648,,,,2025-12-05T13:23:08Z,2012,2012-01-01,2012-12-31
5425019,GHED_GGHE-DGGE_SHA2011,COUNTRY,PLW,WPR,Western Pacific,YEAR,2009,,,,,,,,,9.43,9.42625618,,,,2025-12-05T13:23:08Z,2009,2009-01-01,2009-12-31
5427109,GHED_GGHE-DGGE_SHA2011,COUNTRY,NZL,WPR,Western Pacific,YEAR,2018,,,,,,,,,17.49,17.48655128,,,,2025-12-05T13:23:08Z,2018,2018-01-01,2018-12-31
5427961,GHED_GGHE-DGGE_SHA2011,COUNTRY,TTO,AMR,Americas,YEAR,2016,,,,,,,,,10.17,10.17078686,,,,2025-12-05T13:23:08Z,2016,2016-01-01,2016-12-31
5430541,GHED_GGHE-DGGE_SHA2011,COUNTRY,CUB,AMR,Americas,YEAR,2000,,,,,,,,,10.80,10.80231476,,,,2025-12-05T13:23:08Z,2000,2000-01-01,2000-12-31
5430910,GHED_GGHE-DGGE_SHA2011,COUNTRY,ALB,EUR,Europe,YEAR,2006,,,,,,,,,9.03,9.0339222,,,,2025-12-05T13:23:08Z,2006,2006-01-01,2006-12-31
5431352,GHED_GGHE-DGGE_SHA2011,COUNTRY,RUS,EUR,Europe,YEAR,2022,,,,,,,,,13.74,13.7402277,,,,2025-12-05T13:23:08Z,2022,2022-01-01,2022-12-31
5438791,GHED_GGHE-DGGE_SHA2011,COUNTRY,VCT,AMR,Americas,YEAR,2000,,,,,,,,,11.68,11.68052864,,,,2025-12-05T13:23:08Z,2000,2000-01-01,2000-12-31
5440773,GHED_GGHE-DGGE_SHA2011,COUNTRY,IDN,WPR,Western Pacific,YEAR,2001,,,,,,,,,3.96,3.95831513,,,,2025-12-05T13:23:08Z,2001,2001-01-01,2001-12-31
5441211,GHED_GGHE-DGGE_SHA2011,COUNTRY,ZAF,AFR,Africa,YEAR,2009,,,,,,,,,13.37,13.36997318,,,,2025-12-05T13:23:08Z,2009,2009-01-01,2009-12-31
5443723,GHED_GGHE-DGGE_SHA2011,COUNTRY,QAT,EMR,Eastern Mediterranean,YEAR,2017,,,,,,,,,7.83,7.82535124,,,,2025-12-05T13:23:08Z,2017,2017-01-01,2017-12-31
5444896,GHED_GGHE-DGGE_SHA2011,COUNTRY,SEN,AFR,Africa,YEAR,2017,,,,,,,,,4.50,4.49900484,,,,2025-12-05T13:23:08Z,2017,2017-01-01,2017-12-31
5445210,GHED_GGHE-DGGE_SHA2011,COUNTRY,SYC,AFR,Africa,YEAR,2021,,,,,,,,,9.58,9.58416653,,,,2025-12-05T13:23:08Z,2021,2021-01-01,2021-12-31
5446287,GHED_GGHE-DGGE_SHA2011,COUNTRY,MWI,AFR,Africa,YEAR,2007,,,,,,,,,3.54,3.54459715,,,,2025-12-05T13:23:08Z,2007,2007-01-01,2007-12-31
5449186,GHED_GGHE-DGGE_SHA2011,COUNTRY,VNM,WPR,Western Pacific,YEAR,2006,,,,,,,,,8.77,8.76698685,,,,2025-12-05T13:23:08Z,2006,2006-01-01,2006-12-31
5450327,GHED_GGHE-DGGE_SHA2011,COUNTRY,LBR,AFR,Africa,YEAR,2014,,,,,,,,,2.46,2.46118927,,,,2025-12-05T13:23:08Z,2014,2014-01-01,2014-12-31
5452296,GHED_GGHE-DGGE_SHA2011,COUNTRY,COM,AFR,Africa,YEAR,2012,,,,,,,,,5.35,5.35224819,,,,2025-12-05T13:23:08Z,2012,2012-01-01,2012-12-31
5455362,GHED_GGHE-DGGE_SHA2011,COUNTRY,ROU,EUR,Europe,YEAR,2012,,,,,,,,,9.61,9.60762787,,,,2025-12-05T13:23:08Z,2012,2012-01-01,2012-12-31
5455591,GHED_GGHE-DGGE_SHA2011,COUNTRY,ESP,EUR,Europe,YEAR,2022,,,,,,,,,15.20,15.20463943,,,,2025-12-05T13:23:08Z,2022,2022-01-01,2022-12-31
5461219,GHED_GGHE-DGGE_SHA2011,COUNTRY,FRA,EUR,Europe,YEAR,2008,,,,,,,,,13.92,13.91539669,,,,2025-12-05T13:23:08Z,2008,2008-01-01,2008-12-31
5464402,GHED_GGHE-DGGE_SHA2011,COUNTRY,SDN,EMR,Eastern Mediterranean,YEAR,2019,,,,,,,,,5.56,5.55815172,,,,2025-12-05T13:23:08Z,2019,2019-01-01,2019-12-31
5465054,GHED_GGHE-DGGE_SHA2011,REGION,SEAR,,,YEAR,2005,,,,,,,,,5.93,5.9324148,,,,2025-12-05T13:23:08Z,2005,2005-01-01,2005-12-31
5470965,GHED_GGHE-DGGE_SHA2011,COUNTRY,CHE,EUR,Europe,YEAR,2000,,,,,,,,,7.84,7.83617067,,,,2025-12-05T13:23:08Z,2000,2000-01-01,2000-12-31
5473172,GHED_GGHE-DGGE_SHA2011,COUNTRY,BLZ,AMR,Americas,YEAR,2023,,,,,,,,,10.88,10.87746048,,,,2025-12-05T13:23:08Z,2023,2023-01-01,2023-12-31
5478742,GHED_GGHE-DGGE_SHA2011,COUNTRY,SDN,EMR,Eastern Mediterranean,YEAR,2021,,,,,,,,,7.86,7.86141205,,,,2025-12-05T13:23:08Z,2021,2021-01-01,2021-12-31
5479096,GHED_GGHE-DGGE_SHA2011,WORLDBANKINCOMEGROUP,WB_UMI,,,YEAR,2015,,,,,,,,,11.25,11.24986102,,,,2025-12-05T13:23:08Z,2015,2015-01-01,2015-12-31
5482989,GHED_GGHE-DGGE_SHA2011,COUNTRY,SLE,AFR,Africa,YEAR,2008,,,,,,,,,4.41,4.41303635,,,,2025-12-05T13:23:08Z,2008,2008-01-01,2008-12-31
5485332,GHED_GGHE-DGGE_SHA2011,COUNTRY,EGY,EMR,Eastern Mediterranean,YEAR,2011,,,,,,,,,4.83,4.82708216,,,,2025-12-05T13:23:08Z,2011,2011-01-01,2011-12-31
5486964,GHED_GGHE-DGGE_SHA2011,COUNTRY,NOR,EUR,Europe,YEAR,2008,,,,,,,,,16.51,16.50714111,,,,2025-12-05T13:23:08Z,2008,2008-01-01,2008-12-31
5490011,GHED_GGHE-DGGE_SHA2011,COUNTRY,COK,WPR,Western Pacific,YEAR,2014,,,,,,,,,9.14,9.14331818,,,,2025-12-05T13:23:08Z,2014,2014-01-01,2014-12-31
5491468,GHED_GGHE-DGGE_SHA2011,COUNTRY,BEN,AFR,Africa,YEAR,2014,,,,,,,,,4.04,4.04459238,,,,2025-12-05T13:23:08Z,2014,2014-01-01,2014-12-31
5492538,GHED_GGHE-DGGE_SHA2011,REGION,SEAR,,,YEAR,2013,,,,,,,,,7.12,7.12384547,,,,2025-12-05T13:23:08Z,2013,2013-01-01,2013-12-31
5493573,GHED_GGHE-DGGE_SHA2011,COUNTRY,GAB,AFR,Africa,YEAR,2022,,,,,,,,,9.59,9.59155846,,,,2025-12-05T13:23:08Z,2022,2022-01-01,2022-12-31
5496049,GHED_GGHE-DGGE_SHA2011,COUNTRY,HTI,AMR,Americas,YEAR,2008,,,,,,,,,7.43,7.42596531,,,,2025-12-05T13:23:08Z,2008,2008-01-01,2008-12-31
5496249,GHED_GGHE-DGGE_SHA2011,COUNTRY,DZA,AFR,Africa,YEAR,2008,,,,,,,,,7.69,7.68720913,,,,2025-12-05T13:23:08Z,2008,2008-01-01,2008-12-31
5498475,GHED_GGHE-DGGE_SHA2011,COUNTRY,CIV,AFR,Africa,YEAR,2016,,,,,,,,,4.85,4.85199261,,,,2025-12-05T13:23:08Z,2016,2016-01-01,2016-12-31
5508290,GHED_GGHE-DGGE_SHA2011,COUNTRY,SYC,AFR,Africa,YEAR,2023,,,,,,,,,9.58,9.58416653,,,,2025-12-05T13:23:08Z,2023,2023-01-01,2023-12-31
5508470,GHED_GGHE-DGGE_SHA2011,COUNTRY,BTN,SEAR,South-East Asia,YEAR,2007,,,,,,,,,7.46,7.46379232,,,,2025-12-05T13:23:08Z,2007,2007-01-01,2007-12-31
5508569,GHED_GGHE-DGGE_SHA2011,COUNTRY,CAN,AMR,Americas,YEAR,2021,,,,,,,,,19.80,19.79677773,,,,2025-12-05T13:23:08Z,2021,2021-01-01,2021-12-31
5510242,GHED_GGHE-DGGE_SHA2011,COUNTRY,HUN,EUR,Europe,YEAR,2000,,,,,,,,,9.86,9.85581303,,,,2025-12-05T13:23:08Z,2000,2000-01-01,2000-12-31
5510358,GHED_GGHE-DGGE_SHA2011,COUNTRY,UGA,AFR,Africa,YEAR,2021,,,,,,,,,5.35,5.35358,,,,2025-12-05T13:23:08Z,2021,2021-01-01,2021-12-31
5510711,GHED_GGHE-DGGE_SHA2011,COUNTRY,HUN,EUR,Europe,YEAR,2023,,,,,,,,,9.51,9.50580215,,,,2025-12-05T13:23:08Z,2023,2023-01-01,2023-12-31
5512135,GHED_GGHE-DGGE_SHA2011,COUNTRY,FIN,EUR,Europe,YEAR,2008,,,,,,,,,13.74,13.7376585,,,,2025-12-05T13:23:08Z,2008,2008-01-01,2008-12-31
5512596,GHED_GGHE-DGGE_SHA2011,COUNTRY,IRQ,EMR,Eastern Mediterranean,YEAR,2004,,,,,,,,,2.98,2.98065042,,,,2025-12-05T13:23:08Z,2004,2004-01-01,2004-12-31
5513403,GHED_GGHE-DGGE_SHA2011,COUNTRY,TLS,SEAR,South-East Asia,YEAR,2009,,,,,,,,,2.66,2.66319609,,,,2025-12-05T13:23:08Z,2009,2009-01-01,2009-12-31
5514538,GHED_GGHE-DGGE_SHA2011,COUNTRY,ZAF,AFR,Africa,YEAR,2020,,,,,,,,,16.89,16.88567543,,,,2025-12-05T13:23:08Z,2020,2020-01-01,2020-12-31
5514761,GHED_GGHE-DGGE_SHA2011,COUNTRY,DNK,EUR,Europe,YEAR,2003,,,,,,,,,13.94,13.94339275,,,,2025-12-05T13:23:08Z,2003,2003-01-01,2003-12-31
5517599,GHED_GGHE-DGGE_SHA2011,COUNTRY,DOM,AMR,Americas,YEAR,2011,,,,,,,,,17.07,17.06970024,,,,2025-12-05T13:23:08Z,2011,2011-01-01,2011-12-31
5517845,GHED_GGHE-DGGE_SHA2011,COUNTRY,BRB,AMR,Americas,YEAR,2021,,,,,,,,,12.43,12.42657375,,,,2025-12-05T13:23:08Z,2021,2021-01-01,2021-12-31
5518440,GHED_GGHE-DGGE_SHA2011,COUNTRY,MNG,WPR,Western Pacific,YEAR,2022,,,,,,,,,9.25,9.25188732,,,,2025-12-05T13:23:08Z,2022,2022-01-01,2022-12-31
5520122,GHED_GGHE-DGGE_SHA2011,COUNTRY,VUT,WPR,Western Pacific,YEAR,2020,,,,,,,,,5.93,5.9300437,,,,2025-12-05T13:23:08Z,2020,2020-01-01,2020-12-31
5526376,GHED_GGHE-DGGE_SHA2011,COUNTRY,THA,SEAR,South-East Asia,YEAR,2001,,,,,,,,,8.38,8.37690735,,,,2025-12-05T13:23:08Z,2001,2001-01-01,2001-12-31
5534133,GHED_GGHE-DGGE_SHA2011,COUNTRY,MLT,EUR,Europe,YEAR,2011,,,,,,,,,12.92,12.91892242,,,,2025-12-05T13:23:08Z,2011,2011-01-01,2011-12-31
5537142,GHED_GGHE-DGGE_SHA2011,COUNTRY,COM,AFR,Africa,YEAR,2008,,,,,,,,,2.86,2.86453962,,,,2025-12-05T13:23:08Z,2008,2008-01-01,2008-12-31
5541657,GHED_GGHE-DGGE_SHA2011,COUNTRY,MUS,AFR,Africa,YEAR,2020,,,,,,,,,8.99,8.99296188,,,,2025-12-05T13:23:08Z,2020,2020-01-01,2020-12-31
5542028,GHED_GGHE-DGGE_SHA2011,COUNTRY,MOZ,AFR,Africa,YEAR,2014,,,,,,,,,4.32,4.31728172,,,,2025-12-05T13:23:08Z,2014,2014-01-01,2014-12-31
5542313,GHED_GGHE-DGGE_SHA2011,WORLDBANKINCOMEGROUP,WB_UMI,,,YEAR,2021,,,,,,,,,12.74,12.74061096,,,,2025-12-05T13:23:08Z,2021,2021-01-01,2021-12-31
5542876,GHED_GGHE-DGGE_SHA2011,COUNTRY,GTM,AMR,Americas,YEAR,2017,,,,,,,,,17.21,17.21218491,,,,2025-12-05T13:23:08Z,2017,2017-01-01,2017-12-31
5543569,GHED_GGHE-DGGE_SHA2011,COUNTRY,ZMB,AFR,Africa,YEAR,2016,,,,,,,,,7.16,7.16456938,,,,2025-12-05T13:23:08Z,2016,2016-01-01,2016-12-31
5545950,GHED_GGHE-DGGE_SHA2011,COUNTRY,MYS,WPR,Western Pacific,YEAR,2022,,,,,,,,,8.00,8.00283051,,,,2025-12-05T13:23:08Z,2022,2022-01-01,2022-12-31
5546070,GHED_GGHE-DGGE_SHA2011,COUNTRY,LCA,AMR,Americas,YEAR,2009,,,,,,,,,7.40,7.39783144,,,,2025-12-05T13:23:08Z,2009,2009-01-01,2009-12-31
5550765,GHED_GGHE-DGGE_SHA2011,COUNTRY,GEO,EUR,Europe,YEAR,2014,,,,,,,,,7.78,7.77956009,,,,2025-12-05T13:23:08Z,2014,2014-01-01,2014-12-31
5555043,GHED_GGHE-DGGE_SHA2011,REGION,EUR,,,YEAR,2014,,,,,,,,,12.42,12.41604932,,,,2026-01-12T13:50:53Z,2014,2014-01-01,2014-12-31
5559228,GHED_GGHE-DGGE_SHA2011,COUNTRY,NIU,WPR,Western Pacific,YEAR,2018,,,,,,,,,4.90,4.89941359,,,,2025-12-05T13:23:08Z,2018,2018-01-01,2018-12-31
5559274,GHED_GGHE-DGGE_SHA2011,COUNTRY,GRC,EUR,Europe,YEAR,2022,,,,,,,,,8.65,8.65288067,,,,2025-12-05T13:23:08Z,2022,2022-01-01,2022-12-31
5561902,GHED_GGHE-DGGE_SHA2011,COUNTRY,CIV,AFR,Africa,YEAR,2010,,,,,,,,,5.81,5.80678844,,,,2025-12-05T13:23:08Z,2010,2010-01-01,2010-12-31
5562177,GHED_GGHE-DGGE_SHA2011,COUNTRY,UZB,EUR,Europe,YEAR,2005,,,,,,,,,6.47,6.46768093,,,,2025-12-05T13:23:08Z,2005,2005-01-01,2005-12-31
5564955,GHED_GGHE-DGGE_SHA2011,COUNTRY,SDN,EMR,Eastern Mediterranean,YEAR,2015,,,,,,,,,6.66,6.66369581,,,,2025-12-05T13:23:08Z,2015,2015-01-01,2015-12-31
5570915,GHED_GGHE-DGGE_SHA2011,COUNTRY,AND,EUR,Europe,YEAR,2018,,,,,,,,,14.53,14.52849674,,,,2025-12-05T13:23:08Z,2018,2018-01-01,2018-12-31
5572175,GHED_GGHE-DGGE_SHA2011,COUNTRY,SUR,AMR,Americas,YEAR,2004,,,,,,,,,11.68,11.67535591,,,,2025-12-05T13:23:08Z,2004,2004-01-01,2004-12-31
5574495,GHED_GGHE-DGGE_SHA2011,COUNTRY,IDN,WPR,Western Pacific,YEAR,2008,,,,,,,,,4.63,4.62985182,,,,2025-12-05T13:23:08Z,2008,2008-01-01,2008-12-31
5577412,GHED_GGHE-DGGE_SHA2011,COUNTRY,VUT,WPR,Western Pacific,YEAR,2015,,,,,,,,,4.76,4.75987148,,,,2025-12-05T13:23:08Z,2015,2015-01-01,2015-12-31
5578421,GHED_GGHE-DGGE_SHA2011,COUNTRY,SEN,AFR,Africa,YEAR,2001,,,,,,,,,9.01,9.01053238,,,,2025-12-05T13:23:08Z,2001,2001-01-01,2001-12-31
5578642,GHED_GGHE-DGGE_SHA2011,COUNTRY,GHA,AFR,Africa,YEAR,2017,,,,,,,,,9.27,9.27400303,,,,2025-12-05T13:23:08Z,2017,2017-01-01,2017-12-31
5586014,GHED_GGHE-DGGE_SHA2011,COUNTRY,DNK,EUR,Europe,YEAR,2006,,,,,,,,,15.44,15.44187546,,,,2025-12-05T13:23:08Z,2006,2006-01-01,2006-12-31
5587163,GHED_GGHE-DGGE_SHA2011,REGION,SEAR,,,YEAR,2009,,,,,,,,,6.46,6.45890167,,,,2025-12-05T13:23:08Z,2009,2009-01-01,2009-12-31
5593599,GHED_GGHE-DGGE_SHA2011,COUNTRY,CIV,AFR,Africa,YEAR,2020,,,,,,,,,6.54,6.53835297,,,,2025-12-05T13:23:08Z,2020,2020-01-01,2020-12-31
5594302,GHED_GGHE-DGGE_SHA2011,COUNTRY,BHS,AMR,Americas,YEAR,2001,,,,,,,,,13.96,13.96301937,,,,2025-12-05T13:23:08Z,2001,2001-01-01,2001-12-31
5598102,GHED_GGHE-DGGE_SHA2011,WORLDBANKINCOMEGROUP,WB_LI,,,YEAR,2014,,,,,,,,,5.79,5.7893259,,,,2025-12-05T13:23:08Z,2014,2014-01-01,2014-12-31
5600927,GHED_GGHE-DGGE_SHA2011,COUNTRY,ROU,EUR,Europe,YEAR,2000,,,,,,,,,8.66,8.65739632,,,,2025-12-05T13:23:08Z,2000,2000-01-01,2000-12-31
5602693,GHED_GGHE-DGGE_SHA2011,WORLDBANKINCOMEGROUP,WB_LI,,,YEAR,2018,,,,,,,,,5.47,5.46515836,,,,2025-12-05T13:23:08Z,2018,2018-01-01,2018-12-31
5606359,GHED_GGHE-DGGE_SHA2011,WORLDBANKINCOMEGROUP,WB_LI,,,YEAR,2009,,,,,,,,,5.63,5.63422705,,,,2025-12-05T13:23:08Z,2009,2009-01-01,2009-12-31
5607474,GHED_GGHE-DGGE_SHA2011,COUNTRY,NIU,WPR,Western Pacific,YEAR,2010,,,,,,,,,6.94,6.93622971,,,,2025-12-05T13:23:08Z,2010,2010-01-01,2010-12-31
5608469,GHED_GGHE-DGGE_SHA2011,COUNTRY,ZMB,AFR,Africa,YEAR,2006,,,,,,,,,6.75,6.74704027,,,,2025-12-05T13:23:08Z,2006,2006-01-01,2006-12-31
5609546,GHED_GGHE-DGGE_SHA2011,COUNTRY,KAZ,EUR,Europe,YEAR,2002,,,,,,,,,9.42,9.42059898,,,,2025-12-05T13:23:08Z,2002,2002-01-01,2002-12-31
5611067,GHED_GGHE-DGGE_SHA2011,COUNTRY,GIN,AFR,Africa,YEAR,2019,,,,,,,,,6.19,6.18767548,,,,2025-12-05T13:23:08Z,2019,2019-01-01,2019-12-31
5615589,GHED_GGHE-DGGE_SHA2011,COUNTRY,DEU,EUR,Europe,YEAR,2016,,,,,,,,,19.08,19.07775879,,,,2025-12-05T13:23:08Z,2016,2016-01-01,2016-12-31
5619716,GHED_GGHE-DGGE_SHA2011,COUNTRY,FRA,EUR,Europe,YEAR,2022,,,,,,,,,15.25,15.25470066,,,,2025-12-05T13:23:08Z,2022,2022-01-01,2022-12-31
5621521,GHED_GGHE-DGGE_SHA2011,COUNTRY,GMB,AFR,Africa,YEAR,2003,,,,,,,,,6.31,6.30897522,,,,2025-12-05T13:23:08Z,2003,2003-01-01,2003-12-31
5621880,GHED_GGHE-DGGE_SHA2011,COUNTRY,IRQ,EMR,Eastern Mediterranean,YEAR,2015,,,,,,,,,1.68,1.6812644,,,,2025-12-05T13:23:08Z,2015,2015-01-01,2015-12-31
5622295,GHED_GGHE-DGGE_SHA2011,COUNTRY,GNQ,AFR,Africa,YEAR,2009,,,,,,,,,1.93,1.93038285,,,,2025-12-05T13:23:08Z,2009,2009-01-01,2009-12-31
5623591,GHED_GGHE-DGGE_SHA2011,COUNTRY,COK,WPR,Western Pacific,YEAR,2016,,,,,,,,,8.15,8.14844227,,,,2025-12-05T13:23:08Z,2016,2016-01-01,2016-12-31
5625001,GHED_GGHE-DGGE_SHA2011,WORLDBANKINCOMEGROUP,WB_UMI,,,YEAR,2002,,,,,,,,,9.93,9.92923511,,,,2025-12-05T13:23:08Z,2002,2002-01-01,2002-12-31
5630292,GHED_GGHE-DGGE_SHA2011,COUNTRY,LUX,EUR,Europe,YEAR,2012,,,,,,,,,10.59,10.58925629,,,,2025-12-05T13:23:08Z,2012,2012-01-01,2012-12-31
5630432,GHED_GGHE-DGGE_SHA2011,COUNTRY,QAT,EMR,Eastern Mediterranean,YEAR,2007,,,,,,,,,5.25,5.25385904,,,,2025-12-05T13:23:08Z,2007,2007-01-01,2007-12-31
5640760,GHED_GGHE-DGGE_SHA2011,COUNTRY,DMA,AMR,Americas,YEAR,2021,,,,,,,,,5.75,5.75316286,,,,2025-12-05T13:23:08Z,2021,2021-01-01,2021-12-31
5641232,GHED_GGHE-DGGE_SHA2011,COUNTRY,MAR,EMR,Eastern Mediterranean,YEAR,2023,,,,,,,,,10.61,10.60523701,,,,2025-12-05T13:23:08Z,2023,2023-01-01,2023-12-31
5642267,GHED_GGHE-DGGE_SHA2011,COUNTRY,SVN,EUR,Europe,YEAR,2022,,,,,,,,,14.84,14.83816338,,,,2025-12-05T13:23:08Z,2022,2022-01-01,2022-12-31
5643306,GHED_GGHE-DGGE_SHA2011,COUNTRY,IDN,WPR,Western Pacific,YEAR,2015,,,,,,,,,6.58,6.57872438,,,,2025-12-05T13:23:08Z,2015,2015-01-01,2015-12-31
5647291,GHED_GGHE-DGGE_SHA2011,COUNTRY,COK,WPR,Western Pacific,YEAR,2009,,,,,,,,,10.86,10.85850143,,,,2025-12-05T13:23:08Z,2009,2009-01-01,2009-12-31
5647321,GHED_GGHE-DGGE_SHA2011,COUNTRY,GMB,AFR,Africa,YEAR,2000,,,,,,,,,6.31,6.30897522,,,,2025-12-05T13:23:08Z,2000,2000-01-01,2000-12-31
5648846,GHED_GGHE-DGGE_SHA2011,COUNTRY,SLE,AFR,Africa,YEAR,2013,,,,,,,,,5.15,5.15012884,,,,2025-12-05T13:23:08Z,2013,2013-01-01,2013-12-31
5650333,GHED_GGHE-DGGE_SHA2011,COUNTRY,RUS,EUR,Europe,YEAR,2002,,,,,,,,,9.52,9.51892662,,,,2025-12-05T13:23:08Z,2002,2002-01-01,2002-12-31
5650344,GHED_GGHE-DGGE_SHA2011,COUNTRY,PHL,WPR,Western Pacific,YEAR,2020,,,,,,,,,9.00,9.00173473,,,,2025-12-05T13:23:08Z,2020,2020-01-01,2020-12-31
5650790,GHED_GGHE-DGGE_SHA2011,COUNTRY,ALB,EUR,Europe,YEAR,2010,,,,,,,,,8.09,8.09451294,,,,2025-12-05T13:23:08Z,2010,2010-01-01,2010-12-31
5652543,GHED_GGHE-DGGE_SHA2011,COUNTRY,LBY,EMR,Eastern Mediterranean,YEAR,2013,,,,,,,,,4.97,4.97124195,,,,2025-12-05T13:23:08Z,2013,2013-01-01,2013-12-31
5653191,GHED_GGHE-DGGE_SHA2011,COUNTRY,PHL,WPR,Western Pacific,YEAR,2017,,,,,,,,,7.62,7.62032938,,,,2025-12-05T13:23:08Z,2017,2017-01-01,2017-12-31
5653291,GHED_GGHE-DGGE_SHA2011,COUNTRY,MAR,EMR,Eastern Mediterranean,YEAR,2005,,,,,,,,,3.85,3.85011864,,,,2025-12-05T13:23:08Z,2005,2005-01-01,2005-12-31
5655015,GHED_GGHE-DGGE_SHA2011,COUNTRY,GNQ,AFR,Africa,YEAR,2014,,,,,,,,,2.06,2.06072378,,,,2025-12-05T13:23:08Z,2014,2014-01-01,2014-12-31
5655696,GHED_GGHE-DGGE_SHA2011,COUNTRY,GIN,AFR,Africa,YEAR,2017,,,,,,,,,3.48,3.47824264,,,,2025-12-05T13:23:08Z,2017,2017-01-01,2017-12-31
5656128,GHED_GGHE-DGGE_SHA2011,COUNTRY,SAU,EMR,Eastern Mediterranean,YEAR,2005,,,,,,,,,8.80,8.80391121,,,,2025-12-05T13:23:08Z,2005,2005-01-01,2005-12-31
5656462,GHED_GGHE-DGGE_SHA2011,COUNTRY,PNG,WPR,Western Pacific,YEAR,2017,,,,,,,,,9.15,9.15498066,,,,2025-12-05T13:23:08Z,2017,2017-01-01,2017-12-31
5657722,GHED_GGHE-DGGE_SHA2011,COUNTRY,GAB,AFR,Africa,YEAR,2018,,,,,,,,,9.42,9.41520691,,,,2025-12-05T13:23:08Z,2018,2018-01-01,2018-12-31
5657730,GHED_GGHE-DGGE_SHA2011,COUNTRY,CZE,EUR,Europe,YEAR,2016,,,,,,,,,15.72,15.71584797,,,,2025-12-05T13:23:08Z,2016,2016-01-01,2016-12-31
5660834,GHED_GGHE-DGGE_SHA2011,COUNTRY,HND,AMR,Americas,YEAR,2011,,,,,,,,,15.03,15.02672482,,,,2025-12-05T13:23:08Z,2011,2011-01-01,2011-12-31
5663134,GHED_GGHE-DGGE_SHA2011,COUNTRY,ISL,EUR,Europe,YEAR,2014,,,,,,,,,14.59,14.58802509,,,,2025-12-05T13:23:08Z,2014,2014-01-01,2014-12-31
5663387,GHED_GGHE-DGGE_SHA2011,COUNTRY,NIU,WPR,Western Pacific,YEAR,2017,,,,,,,,,5.00,4.9954252200000004,,,,2025-12-05T13:23:08Z,2017,2017-01-01,2017-12-31
5663612,GHED_GGHE-DGGE_SHA2011,COUNTRY,KIR,WPR,Western Pacific,YEAR,2001,,,,,,,,,11.41,11.40622044,,,,2025-12-05T13:23:08Z,2001,2001-01-01,2001-12-31
5666521,GHED_GGHE-DGGE_SHA2011,COUNTRY,MWI,AFR,Africa,YEAR,2015,,,,,,,,,9.73,9.72891998,,,,2025-12-05T13:23:08Z,2015,2015-01-01,2015-12-31
5667681,GHED_GGHE-DGGE_SHA2011,COUNTRY,JAM,AMR,Americas,YEAR,2004,,,,,,,,,7.65,7.64527464,,,,2025-12-05T13:23:08Z,2004,2004-01-01,2004-12-31
5670322,GHED_GGHE-DGGE_SHA2011,COUNTRY,FRA,EUR,Europe,YEAR,2003,,,,,,,,,13.75,13.74813557,,,,2025-12-05T13:23:08Z,2003,2003-01-01,2003-12-31
5670760,GHED_GGHE-DGGE_SHA2011,COUNTRY,GMB,AFR,Africa,YEAR,2002,,,,,,,,,6.31,6.30897522,,,,2025-12-05T13:23:08Z,2002,2002-01-01,2002-12-31
5671125,GHED_GGHE-DGGE_SHA2011,COUNTRY,BWA,AFR,Africa,YEAR,2000,,,,,,,,,8.18,8.17829704,,,,2025-12-05T13:23:08Z,2000,2000-01-01,2000-12-31
5672113,GHED_GGHE-DGGE_SHA2011,COUNTRY,SOM,EMR,Eastern Mediterranean,YEAR,2022,,,,,,,,,4.42,4.42007399,,,,2025-12-05T13:23:08Z,2022,2022-01-01,2022-12-31
5674937,GHED_GGHE-DGGE_SHA2011,COUNTRY,COG,AFR,Africa,YEAR,2019,,,,,,,,,5.11,5.10725212,,,,2025-12-05T13:23:08Z,2019,2019-01-01,2019-12-31
5679472,GHED_GGHE-DGGE_SHA2011,COUNTRY,SAU,EMR,Eastern Mediterranean,YEAR,2015,,,,,,,,,10.06,10.06429672,,,,2025-12-05T13:23:08Z,2015,2015-01-01,2015-12-31
5683025,GHED_GGHE-DGGE_SHA2011,COUNTRY,CAN,AMR,Americas,YEAR,2017,,,,,,,,,18.81,18.80901527,,,,2025-12-05T13:23:08Z,2017,2017-01-01,2017-12-31
5683532,GHED_GGHE-DGGE_SHA2011,COUNTRY,SUR,AMR,Americas,YEAR,2012,,,,,,,,,6.59,6.59049845,,,,2025-12-05T13:23:08Z,2012,2012-01-01,2012-12-31
5685195,GHED_GGHE-DGGE_SHA2011,COUNTRY,TON,WPR,Western Pacific,YEAR,2020,,,,,,,,,7.88,7.88109159,,,,2025-12-05T13:23:08Z,2020,2020-01-01,2020-12-31
5687934,GHED_GGHE-DGGE_SHA2011,COUNTRY,SLB,WPR,Western Pacific,YEAR,2003,,,,,,,,,35.18,35.17979813,,,,2025-12-05T13:23:08Z,2003,2003-01-01,2003-12-31
5691173,GHED_GGHE-DGGE_SHA2011,COUNTRY,KIR,WPR,Western Pacific,YEAR,2022,,,,,,,,,9.71,9.70872879,,,,2025-12-05T13:23:08Z,2022,2022-01-01,2022-12-31
5691504,GHED_GGHE-DGGE_SHA2011,COUNTRY,IRL,EUR,Europe,YEAR,2013,,,,,,,,,17.92,17.91790771,,,,2025-12-05T13:23:08Z,2013,2013-01-01,2013-12-31
5698044,GHED_GGHE-DGGE_SHA2011,COUNTRY,TJK,EUR,Europe,YEAR,2017,,,,,,,,,5.89,5.88567734,,,,2025-12-05T13:23:08Z,2017,2017-01-01,2017-12-31
5698509,GHED_GGHE-DGGE_SHA2011,COUNTRY,SOM,EMR,Eastern Mediterranean,YEAR,2013,,,,,,,,,5.76,5.76282883,,,,2025-12-05T13:23:08Z,2013,2013-01-01,2013-12-31
5698879,GHED_GGHE-DGGE_SHA2011,COUNTRY,BTN,SEAR,South-East Asia,YEAR,2008,,,,,,,,,6.03,6.02861881,,,,2025-12-05T13:23:08Z,2008,2008-01-01,2008-12-31
5699745,GHED_GGHE-DGGE_SHA2011,COUNTRY,CMR,AFR,Africa,YEAR,2000,,,,,,,,,4.43,4.42626905,,,,2025-12-05T13:23:08Z,2000,2000-01-01,2000-12-31
5699791,GHED_GGHE-DGGE_SHA2011,COUNTRY,DNK,EUR,Europe,YEAR,2002,,,,,,,,,13.72,13.72365665,,,,2025-12-05T13:23:08Z,2002,2002-01-01,2002-12-31
5703225,GHED_GGHE-DGGE_SHA2011,COUNTRY,CAF,AFR,Africa,YEAR,2006,,,,,,,,,9.18,9.17792225,,,,2025-12-05T13:23:08Z,2006,2006-01-01,2006-12-31
5707116,GHED_GGHE-DGGE_SHA2011,COUNTRY,DJI,EMR,Eastern Mediterranean,YEAR,2015,,,,,,,,,4.07,4.06950951,,,,2025-12-05T13:23:08Z,2015,2015-01-01,2015-12-31
5715811,GHED_GGHE-DGGE_SHA2011,COUNTRY,AUS,WPR,Western Pacific,YEAR,2007,,,,,,,,,16.49,16.49022293,,,,2025-12-05T13:23:08Z,2007,2007-01-01,2007-12-31
5717140,GHED_GGHE-DGGE_SHA2011,COUNTRY,PHL,WPR,Western Pacific,YEAR,2006,,,,,,,,,6.63,6.63096142,,,,2025-12-05T13:23:08Z,2006,2006-01-01,2006-12-31
5717562,GHED_GGHE-DGGE_SHA2011,COUNTRY,LUX,EUR,Europe,YEAR,2011,,,,,,,,,11.96,11.96399975,,,,2025-12-05T13:23:08Z,2011,2011-01-01,2011-12-31
5725288,GHED_GGHE-DGGE_SHA2011,COUNTRY,AFG,EMR,Eastern Mediterranean,YEAR,2015,,,,,,,,,2.01,2.01440597,,,,2025-12-05T13:23:08Z,2015,2015-01-01,2015-12-31
5725449,GHED_GGHE-DGGE_SHA2011,COUNTRY,MDA,EUR,Europe,YEAR,2000,,,,,,,,,8.53,8.52794456,,,,2025-12-05T13:23:08Z,2000,2000-01-01,2000-12-31
5727116,GHED_GGHE-DGGE_SHA2011,COUNTRY,SYC,AFR,Africa,YEAR,2014,,,,,,,,,9.54,9.53861809,,,,2025-12-05T13:23:08Z,2014,2014-01-01,2014-12-31
5727970,GHED_GGHE-DGGE_SHA2011,COUNTRY,ZWE,AFR,Africa,YEAR,2014,,,,,,,,,10.93,10.9262495,,,,2025-12-05T13:23:08Z,2014,2014-01-01,2014-12-31
5729688,GHED_GGHE-DGGE_SHA2011,COUNTRY,PRY,AMR,Americas,YEAR,2008,,,,,,,,,12.99,12.98832893,,,,2025-12-05T13:23:08Z,2008,2008-01-01,2008-12-31
5734269,GHED_GGHE-DGGE_SHA2011,COUNTRY,IDN,WPR,Western Pacific,YEAR,2010,,,,,,,,,3.91,3.91489625,,,,2025-12-05T13:23:08Z,2010,2010-01-01,2010-12-31
5735671,GHED_GGHE-DGGE_SHA2011,COUNTRY,MLI,AFR,Africa,YEAR,2020,,,,,,,,,5.37,5.37126255,,,,2025-12-05T13:23:08Z,2020,2020-01-01,2020-12-31
5737175,GHED_GGHE-DGGE_SHA2011,COUNTRY,TJK,EUR,Europe,YEAR,2020,,,,,,,,,7.38,7.37594461,,,,2025-12-05T13:23:08Z,2020,2020-01-01,2020-12-31
5739586,GHED_GGHE-DGGE_SHA2011,COUNTRY,QAT,EMR,Eastern Mediterranean,YEAR,2020,,,,,,,,,9.54,9.53888798,,,,2025-12-05T13:23:08Z,2020,2020-01-01,2020-12-31
5741677,GHED_GGHE-DGGE_SHA2011,COUNTRY,BIH,EUR,Europe,YEAR,2021,,,,,,,,,16.06,16.0575676,,,,2025-12-05T13:23:08Z,2021,2021-01-01,2021-12-31
5745265,GHED_GGHE-DGGE_SHA2011,COUNTRY,RUS,EUR,Europe,YEAR,2016,,,,,,,,,8.23,8.23394585,,,,2025-12-05T13:23:08Z,2016,2016-01-01,2016-12-31
5748249,GHED_GGHE-DGGE_SHA2011,COUNTRY,BRN,WPR,Western Pacific,YEAR,2019,,,,,,,,,6.49,6.48993301,,,,2025-12-05T13:23:08Z,2019,2019-01-01,2019-12-31
5750484,GHED_GGHE-DGGE_SHA2011,COUNTRY,BLZ,AMR,Americas,YEAR,2013,,,,,,,,,12.27,12.2732029,,,,2025-12-05T13:23:08Z,2013,2013-01-01,2013-12-31
5750715,GHED_GGHE-DGGE_SHA2011,COUNTRY,SLV,AMR,Americas,YEAR,2009,,,,,,,,,15.81,15.81473637,,,,2025-12-05T13:23:08Z,2009,2009-01-01,2009-12-31
5750812,GHED_GGHE-DGGE_SHA2011,COUNTRY,LUX,EUR,Europe,YEAR,2018,,,,,,,,,10.58,10.58269215,,,,2025-12-05T13:23:08Z,2018,2018-01-01,2018-12-31
5751762,GHED_GGHE-DGGE_SHA2011,COUNTRY,MRT,AFR,Africa,YEAR,2013,,,,,,,,,5.39,5.38500309,,,,2025-12-05T13:23:08Z,2013,2013-01-01,2013-12-31
5752255,GHED_GGHE-DGGE_SHA2011,COUNTRY,SUR,AMR,Americas,YEAR,2017,,,,,,,,,11.39,11.39440918,,,,2025-12-05T13:23:08Z,2017,2017-01-01,2017-12-31
5755411,GHED_GGHE-DGGE_SHA2011,COUNTRY,POL,EUR,Europe,YEAR,2004,,,,,,,,,9.11,9.10989761,,,,2025-12-05T13:23:08Z,2004,2004-01-01,2004-12-31
5755916,GHED_GGHE-DGGE_SHA2011,COUNTRY,CIV,AFR,Africa,YEAR,2006,,,,,,,,,3.86,3.85718441,,,,2025-12-05T13:23:08Z,2006,2006-01-01,2006-12-31
5756359,GHED_GGHE-DGGE_SHA2011,COUNTRY,GMB,AFR,Africa,YEAR,2011,,,,,,,,,6.31,6.30897522,,,,2025-12-05T13:23:08Z,2011,2011-01-01,2011-12-31
5760431,GHED_GGHE-DGGE_SHA2011,COUNTRY,CMR,AFR,Africa,YEAR,2021,,,,,,,,,2.86,2.86292386,,,,2025-12-05T13:23:08Z,2021,2021-01-01,2021-12-31
5761154,GHED_GGHE-DGGE_SHA2011,COUNTRY,KEN,AFR,Africa,YEAR,2004,,,,,,,,,6.99,6.9893775,,,,2025-12-05T13:23:08Z,2004,2004-01-01,2004-12-31
5761888,GHED_GGHE-DGGE_SHA2011,COUNTRY,KIR,WPR,Western Pacific,YEAR,2011,,,,,,,,,9.29,9.29220772,,,,2025-12-05T13:23:08Z,2011,2011-01-01,2011-12-31
5763703,GHED_GGHE-DGGE_SHA2011,COUNTRY,NAM,AFR,Africa,YEAR,2012,,,,,,,,,13.72,13.71982384,,,,2025-12-05T13:23:08Z,2012,2012-01-01,2012-12-31
5765746,GHED_GGHE-DGGE_SHA2011,COUNTRY,PER,AMR,Americas,YEAR,2005,,,,,,,,,12.59,12.59054375,,,,2025-12-05T13:23:08Z,2005,2005-01-01,2005-12-31
5767510,GHED_GGHE-DGGE_SHA2011,COUNTRY,BLZ,AMR,Americas,YEAR,2006,,,,,,,,,9.33,9.33244514,,,,2025-12-05T13:23:08Z,2006,2006-01-01,2006-12-31
5768576,GHED_GGHE-DGGE_SHA2011,COUNTRY,LAO,WPR,Western Pacific,YEAR,2019,,,,,,,,,5.16,5.16324902,,,,2025-12-05T13:23:08Z,2019,2019-01-01,2019-12-31
5774234,GHED_GGHE-DGGE_SHA2011,COUNTRY,ETH,AFR,Africa,YEAR,2008,,,,,,,,,2.74,2.74178195,,,,2025-12-05T13:23:08Z,2008,2008-01-01,2008-12-31
5774665,GHED_GGHE-DGGE_SHA2011,WORLDBANKINCOMEGROUP,WB_LI,,,YEAR,2021,,,,,,,,,5.95,5.95291997,,,,2025-12-05T13:23:08Z,2021,2021-01-01,2021-12-31
5775524,GHED_GGHE-DGGE_SHA2011,COUNTRY,BGD,SEAR,South-East Asia,YEAR,2002,,,,,,,,,4.54,4.5399313,,,,2025-12-05T13:23:08Z,2002,2002-01-01,2002-12-31
5779601,GHED_GGHE-DGGE_SHA2011,WORLDBANKINCOMEGROUP,WB_LMI,,,YEAR,2006,,,,,,,,,7.60,7.60268795,,,,2025-12-05T13:23:08Z,2006,2006-01-01,2006-12-31
5781259,GHED_GGHE-DGGE_SHA2011,COUNTRY,MDG,AFR,Africa,YEAR,2005,,,,,,,,,10.54,10.54040527,,,,2025-12-05T13:23:08Z,2005,2005-01-01,2005-12-31
5782186,GHED_GGHE-DGGE_SHA2011,COUNTRY,ALB,EUR,Europe,YEAR,2011,,,,,,,,,8.29,8.29091167,,,,2025-12-05T13:23:08Z,2011,2011-01-01,2011-12-31
5782951,GHED_GGHE-DGGE_SHA2011,COUNTRY,SRB,EUR,Europe,YEAR,2014,,,,,,,,,12.02,12.02126503,,,,2025-12-05T13:23:08Z,2014,2014-01-01,2014-12-31
5783260,GHED_GGHE-DGGE_SHA2011,COUNTRY,BRA,AMR,Americas,YEAR,2015,,,,,,,,,8.34,8.34357262,,,,2025-12-05T13:23:08Z,2015,2015-01-01,2015-12-31
5784390,GHED_GGHE-DGGE_SHA2011,COUNTRY,MLI,AFR,Africa,YEAR,2022,,,,,,,,,5.60,5.60166168,,,,2025-12-05T13:23:08Z,2022,2022-01-01,2022-12-31
5787517,GHED_GGHE-DGGE_SHA2011,COUNTRY,BEL,EUR,Europe,YEAR,2009,,,,,,,,,14.39,14.38507843,,,,2025-12-05T13:23:08Z,2009,2009-01-01,2009-12-31
5789355,GHED_GGHE-DGGE_SHA2011,COUNTRY,MLT,EUR,Europe,YEAR,2023,,,,,,,,,15.91,15.90508556,,,,2025-12-05T13:23:08Z,2023,2023-01-01,2023-12-31
5794080,GHED_GGHE-DGGE_SHA2011,WORLDBANKINCOMEGROUP,WB_LMI,,,YEAR,2009,,,,,,,,,7.05,7.05194194,,,,2025-12-05T13:23:08Z,2009,2009-01-01,2009-12-31
5794853,GHED_GGHE-DGGE_SHA2011,COUNTRY,TUV,WPR,Western Pacific,YEAR,2009,,,,,,,,,10.03,10.03053665,,,,2025-12-05T13:23:08Z,2009,2009-01-01,2009-12-31
5795175,GHED_GGHE-DGGE_SHA2011,COUNTRY,IRQ,EMR,Eastern Mediterranean,YEAR,2011,,,,,,,,,4.80,4.79862404,,,,2025-12-05T13:23:08Z,2011,2011-01-01,2011-12-31
5797597,GHED_GGHE-DGGE_SHA2011,COUNTRY,ALB,EUR,Europe,YEAR,2014,,,,,,,,,8.17,8.17427826,,,,2025-12-05T13:23:08Z,2014,2014-01-01,2014-12-31
5797600,GHED_GGHE-DGGE_SHA2011,COUNTRY,SDN,EMR,Eastern Mediterranean,YEAR,2004,,,,,,,,,9.53,9.52674675,,,,2025-12-05T13:23:08Z,2004,2004-01-01,2004-12-31
5797624,GHED_GGHE-DGGE_SHA2011,COUNTRY,MNE,EUR,Europe,YEAR,2020,,,,,,,,,13.13,13.1277895,,,,2025-12-05T13:23:08Z,2020,2020-01-01,2020-12-31
5798398,GHED_GGHE-DGGE_SHA2011,COUNTRY,NIC,AMR,Americas,YEAR,2011,,,,,,,,,15.00,15.00097656,,,,2025-12-05T13:23:08Z,2011,2011-01-01,2011-12-31
5800013,GHED_GGHE-DGGE_SHA2011,COUNTRY,BEL,EUR,Europe,YEAR,2012,,,,,,,,,14.21,14.21285248,,,,2025-12-05T13:23:08Z,2012,2012-01-01,2012-12-31
5801806,GHED_GGHE-DGGE_SHA2011,COUNTRY,KIR,WPR,Western Pacific,YEAR,2008,,,,,,,,,12.69,12.69064713,,,,2025-12-05T13:23:08Z,2008,2008-01-01,2008-12-31
5805587,GHED_GGHE-DGGE_SHA2011,COUNTRY,LBN,EMR,Eastern Mediterranean,YEAR,2023,,,,,,,,,15.91,15.90552902,,,,2025-12-05T13:23:08Z,2023,2023-01-01,2023-12-31
5806681,GHED_GGHE-DGGE_SHA2011,COUNTRY,SMR,EUR,Europe,YEAR,2023,,,,,,,,,26.20,26.19780731,,,,2025-12-05T13:23:08Z,2023,2023-01-01,2023-12-31
5806922,GHED_GGHE-DGGE_SHA2011,COUNTRY,COK,WPR,Western Pacific,YEAR,2013,,,,,,,,,8.07,8.0714674,,,,2025-12-05T13:23:08Z,2013,2013-01-01,2013-12-31
5807740,GHED_GGHE-DGGE_SHA2011,COUNTRY,PER,AMR,Americas,YEAR,2018,,,,,,,,,14.89,14.89298248,,,,2025-12-05T13:23:08Z,2018,2018-01-01,2018-12-31
5814608,GHED_GGHE-DGGE_SHA2011,COUNTRY,BFA,AFR,Africa,YEAR,2016,,,,,,,,,11.03,11.03399372,,,,2025-12-05T13:23:08Z,2016,2016-01-01,2016-12-31
5816642,GHED_GGHE-DGGE_SHA2011,COUNTRY,COG,AFR,Africa,YEAR,2013,,,,,,,,,2.21,2.20951629,,,,2025-12-05T13:23:08Z,2013,2013-01-01,2013-12-31
5817810,GHED_GGHE-DGGE_SHA2011,COUNTRY,ARE,EMR,Eastern Mediterranean,YEAR,2006,,,,,,,,,8.53,8.52716255,,,,2025-12-05T13:23:08Z,2006,2006-01-01,2006-12-31
5818380,GHED_GGHE-DGGE_SHA2011,COUNTRY,SEN,AFR,Africa,YEAR,2002,,,,,,,,,8.64,8.63635921,,,,2025-12-05T13:23:08Z,2002,2002-01-01,2002-12-31
5821663,GHED_GGHE-DGGE_SHA2011,COUNTRY,NGA,AFR,Africa,YEAR,2004,,,,,,,,,6.55,6.55428886,,,,2025-12-05T13:23:08Z,2004,2004-01-01,2004-12-31
5821675,GHED_GGHE-DGGE_SHA2011,COUNTRY,PRT,EUR,Europe,YEAR,2006,,,,,,,,,13.12,13.11677647,,,,2025-12-05T13:23:08Z,2006,2006-01-01,2006-12-31
5823871,GHED_GGHE-DGGE_SHA2011,COUNTRY,MDG,AFR,Africa,YEAR,2001,,,,,,,,,11.97,11.97196674,,,,2025-12-05T13:23:08Z,2001,2001-01-01,2001-12-31
5826183,GHED_GGHE-DGGE_SHA2011,COUNTRY,KHM,WPR,Western Pacific,YEAR,2006,,,,,,,,,7.41,7.41110468,,,,2025-12-05T13:23:08Z,2006,2006-01-01,2006-12-31
5827115,GHED_GGHE-DGGE_SHA2011,REGION,AMR,,,YEAR,2007,,,,,,,,,12.15,12.15465494,,,,2025-12-05T13:23:08Z,2007,2007-01-01,2007-12-31
5827825,GHED_GGHE-DGGE_SHA2011,COUNTRY,ECU,AMR,Americas,YEAR,2018,,,,,,,,,12.21,12.20515823,,,,2025-12-05T13:23:08Z,2018,2018-01-01,2018-12-31
5828161,GHED_GGHE-DGGE_SHA2011,COUNTRY,UZB,EUR,Europe,YEAR,2018,,,,,,,,,7.83,7.82814789,,,,2025-12-05T13:23:08Z,2018,2018-01-01,2018-12-31
5831705,GHED_GGHE-DGGE_SHA2011,COUNTRY,HND,AMR,Americas,YEAR,2020,,,,,,,,,12.34,12.34406281,,,,2025-12-05T13:23:08Z,2020,2020-01-01,2020-12-31
5834363,GHED_GGHE-DGGE_SHA2011,COUNTRY,DZA,AFR,Africa,YEAR,2014,,,,,,,,,11.42,11.41803837,,,,2025-12-05T13:23:08Z,2014,2014-01-01,2014-12-31
5839076,GHED_GGHE-DGGE_SHA2011,COUNTRY,MNG,WPR,Western Pacific,YEAR,2004,,,,,,,,,8.80,8.80264664,,,,2025-12-05T13:23:08Z,2004,2004-01-01,2004-12-31
5839382,GHED_GGHE-DGGE_SHA2011,COUNTRY,BHS,AMR,Americas,YEAR,2023,,,,,,,,,13.48,13.4813118,,,,2025-12-05T13:23:08Z,2023,2023-01-01,2023-12-31
5844948,GHED_GGHE-DGGE_SHA2011,COUNTRY,ARE,EMR,Eastern Mediterranean,YEAR,2023,,,,,,,,,14.41,14.40998554,,,,2025-12-05T13:23:08Z,2023,2023-01-01,2023-12-31
5847578,GHED_GGHE-DGGE_SHA2011,COUNTRY,JAM,AMR,Americas,YEAR,2020,,,,,,,,,13.99,13.98892879,,,,2025-12-05T13:23:08Z,2020,2020-01-01,2020-12-31
5847645,GHED_GGHE-DGGE_SHA2011,COUNTRY,BHS,AMR,Americas,YEAR,2008,,,,,,,,,14.47,14.47344971,,,,2025-12-05T13:23:08Z,2008,2008-01-01,2008-12-31
5850466,GHED_GGHE-DGGE_SHA2011,COUNTRY,LIE,EUR,Europe,YEAR,2021,,,,,,,,,15.92,15.92355442,,,,2025-12-05T13:23:08Z,2021,2021-01-01,2021-12-31
5855778,GHED_GGHE-DGGE_SHA2011,COUNTRY,TJK,EUR,Europe,YEAR,2009,,,,,,,,,4.59,4.59137583,,,,2025-12-05T13:23:08Z,2009,2009-01-01,2009-12-31
5857685,GHED_GGHE-DGGE_SHA2011,COUNTRY,CRI,AMR,Americas,YEAR,2016,,,,,,,,,28.61,28.60595512,,,,2025-12-05T13:23:08Z,2016,2016-01-01,2016-12-31
5857745,GHED_GGHE-DGGE_SHA2011,COUNTRY,BRN,WPR,Western Pacific,YEAR,2017,,,,,,,,,5.87,5.8707590100000004,,,,2025-12-05T13:23:08Z,2017,2017-01-01,2017-12-31
5858823,GHED_GGHE-DGGE_SHA2011,COUNTRY,DNK,EUR,Europe,YEAR,2007,,,,,,,,,15.74,15.74495411,,,,2025-12-05T13:23:08Z,2007,2007-01-01,2007-12-31
5861240,GHED_GGHE-DGGE_SHA2011,COUNTRY,AND,EUR,Europe,YEAR,2003,,,,,,,,,30.22,30.21512604,,,,2025-12-05T13:23:08Z,2003,2003-01-01,2003-12-31
5862618,GHED_GGHE-DGGE_SHA2011,COUNTRY,KHM,WPR,Western Pacific,YEAR,2008,,,,,,,,,6.66,6.6590457,,,,2025-12-05T13:23:08Z,2008,2008-01-01,2008-12-31
5862975,GHED_GGHE-DGGE_SHA2011,COUNTRY,GHA,AFR,Africa,YEAR,2008,,,,,,,,,9.88,9.87775517,,,,2025-12-05T13:23:08Z,2008,2008-01-01,2008-12-31
5864006,GHED_GGHE-DGGE_SHA2011,COUNTRY,TUV,WPR,Western Pacific,YEAR,2003,,,,,,,,,12.86,12.85530472,,,,2025-12-05T13:23:08Z,2003,2003-01-01,2003-12-31
5865176,GHED_GGHE-DGGE_SHA2011,COUNTRY,SLE,AFR,Africa,YEAR,2005,,,,,,,,,5.45,5.45097542,,,,2025-12-05T13:23:08Z,2005,2005-01-01,2005-12-31
5867591,GHED_GGHE-DGGE_SHA2011,COUNTRY,LSO,AFR,Africa,YEAR,2000,,,,,,,,,7.41,7.40740728,,,,2025-12-05T13:23:08Z,2000,2000-01-01,2000-12-31
5871244,GHED_GGHE-DGGE_SHA2011,COUNTRY,MDA,EUR,Europe,YEAR,2023,,,,,,,,,12.07,12.0681181,,,,2025-12-05T13:23:08Z,2023,2023-01-01,2023-12-31
5872385,GHED_GGHE-DGGE_SHA2011,COUNTRY,PAN,AMR,Americas,YEAR,2022,,,,,,,,,22.30,22.3041935,,,,2025-12-05T13:23:08Z,2022,2022-01-01,2022-12-31
5874385,GHED_GGHE-DGGE_SHA2011,COUNTRY,USA,AMR,Americas,YEAR,2005,,,,,,,,,17.94,17.94141579,,,,2025-12-05T13:23:08Z,2005,2005-01-01,2005-12-31
5874784,GHED_GGHE-DGGE_SHA2011,COUNTRY,GBR,EUR,Europe,YEAR,2017,,,,,,,,,19.75,19.74937057,,,,2025-12-05T13:23:08Z,2017,2017-01-01,2017-12-31
5876022,GHED_GGHE-DGGE_SHA2011,COUNTRY,NOR,EUR,Europe,YEAR,2014,,,,,,,,,17.23,17.23254013,,,,2025-12-05T13:23:08Z,2014,2014-01-01,2014-12-31
5876768,GHED_GGHE-DGGE_SHA2011,COUNTRY,JOR,EMR,Eastern Mediterranean,YEAR,2003,,,,,,,,,11.37,11.37036991,,,,2025-12-05T13:23:08Z,2003,2003-01-01,2003-12-31
5877828,GHED_GGHE-DGGE_SHA2011,COUNTRY,HND,AMR,Americas,YEAR,2006,,,,,,,,,13.42,13.42183208,,,,2025-12-05T13:23:08Z,2006,2006-01-01,2006-12-31
5878078,GHED_GGHE-DGGE_SHA2011,COUNTRY,SWZ,AFR,Africa,YEAR,2018,,,,,,,,,9.70,9.69767475,,,,2025-12-05T13:23:08Z,2018,2018-01-01,2018-12-31
5878620,GHED_GGHE-DGGE_SHA2011,COUNTRY,BGD,SEAR,South-East Asia,YEAR,2011,,,,,,,,,4.18,4.18159103,,,,2025-12-05T13:23:08Z,2011,2011-01-01,2011-12-31
5879912,GHED_GGHE-DGGE_SHA2011,WORLDBANKINCOMEGROUP,WB_HI,,,YEAR,2019,,,,,,,,,13.88,13.88238526,,,,2025-12-05T13:23:08Z,2019,2019-01-01,2019-12-31
5882336,GHED_GGHE-DGGE_SHA2011,COUNTRY,POL,EUR,Europe,YEAR,2007,,,,,,,,,9.54,9.54005432,,,,2025-12-05T13:23:08Z,2007,2007-01-01,2007-12-31
5885664,GHED_GGHE-DGGE_SHA2011,COUNTRY,LCA,AMR,Americas,YEAR,2010,,,,,,,,,6.98,6.98113108,,,,2025-12-05T13:23:08Z,2010,2010-01-01,2010-12-31
5888658,GHED_GGHE-DGGE_SHA2011,COUNTRY,ATG,AMR,Americas,YEAR,2001,,,,,,,,,12.12,12.11715889,,,,2025-12-05T13:23:08Z,2001,2001-01-01,2001-12-31
5892488,GHED_GGHE-DGGE_SHA2011,COUNTRY,MWI,AFR,Africa,YEAR,2013,,,,,,,,,7.16,7.15567255,,,,2025-12-05T13:23:08Z,2013,2013-01-01,2013-12-31
5895825,GHED_GGHE-DGGE_SHA2011,COUNTRY,SLB,WPR,Western Pacific,YEAR,2021,,,,,,,,,9.14,9.13815498,,,,2025-12-05T13:23:08Z,2021,2021-01-01,2021-12-31
5898822,GHED_GGHE-DGGE_SHA2011,COUNTRY,CUB,AMR,Americas,YEAR,2007,,,,,,,,,14.48,14.48143005,,,,2025-12-05T13:23:08Z,2007,2007-01-01,2007-12-31
5899633,GHED_GGHE-DGGE_SHA2011,COUNTRY,BFA,AFR,Africa,YEAR,2002,,,,,,,,,5.43,5.43493128,,,,2025-12-05T13:23:08Z,2002,2002-01-01,2002-12-31
5900092,GHED_GGHE-DGGE_SHA2011,COUNTRY,DJI,EMR,Eastern Mediterranean,YEAR,2023,,,,,,,,,4.89,4.89182281,,,,2025-12-05T13:23:08Z,2023,2023-01-01,2023-12-31
5903900,GHED_GGHE-DGGE_SHA2011,COUNTRY,QAT,EMR,Eastern Mediterranean,YEAR,2003,,,,,,,,,9.22,9.21753025,,,,2025-12-05T13:23:08Z,2003,2003-01-01,2003-12-31
5906457,GHED_GGHE-DGGE_SHA2011,COUNTRY,GNB,AFR,Africa,YEAR,2009,,,,,,,,,2.52,2.52350521,,,,2025-12-05T13:23:08Z,2009,2009-01-01,2009-12-31
5907956,GHED_GGHE-DGGE_SHA2011,COUNTRY,ISR,EUR,Europe,YEAR,2001,,,,,,,,,9.33,9.33316898,,,,2025-12-05T13:23:08Z,2001,2001-01-01,2001-12-31
5908583,GHED_GGHE-DGGE_SHA2011,COUNTRY,AFG,EMR,Eastern Mediterranean,YEAR,2004,,,,,,,,,3.60,3.60296822,,,,2025-12-05T13:23:08Z,2004,2004-01-01,2004-12-31
5909303,GHED_GGHE-DGGE_SHA2011,COUNTRY,VUT,WPR,Western Pacific,YEAR,2010,,,,,,,,,6.85,6.84730673,,,,2025-12-05T13:23:08Z,2010,2010-01-01,2010-12-31
5910366,GHED_GGHE-DGGE_SHA2011,COUNTRY,BTN,SEAR,South-East Asia,YEAR,2011,,,,,,,,,6.15,6.14636755,,,,2025-12-05T13:23:08Z,2011,2011-01-01,2011-12-31
5912114,GHED_GGHE-DGGE_SHA2011,COUNTRY,GEO,EUR,Europe,YEAR,2022,,,,,,,,,10.74,10.73519516,,,,2025-12-05T13:23:08Z,2022,2022-01-01,2022-12-31
5914520,GHED_GGHE-DGGE_SHA2011,COUNTRY,EST,EUR,Europe,YEAR,2022,,,,,,,,,12.98,12.97925663,,,,2025-12-05T13:23:08Z,2022,2022-01-01,2022-12-31
5918093,GHED_GGHE-DGGE_SHA2011,COUNTRY,GNB,AFR,Africa,YEAR,2013,,,,,,,,,4.44,4.44277668,,,,2025-12-05T13:23:08Z,2013,2013-01-01,2013-12-31
5922678,GHED_GGHE-DGGE_SHA2011,COUNTRY,ARE,EMR,Eastern Mediterranean,YEAR,2010,,,,,,,,,8.53,8.52679062,,,,2025-12-05T13:23:08Z,2010,2010-01-01,2010-12-31
5923114,GHED_GGHE-DGGE_SHA2011,COUNTRY,FJI,WPR,Western Pacific,YEAR,2019,,,,,,,,,8.73,8.72794247,,,,2025-12-05T13:23:08Z,2019,2019-01-01,2019-12-31
5924434,GHED_GGHE-DGGE_SHA2011,WORLDBANKINCOMEGROUP,WB_LI,,,YEAR,2000,,,,,,,,,6.47,6.47059369,,,,2025-12-05T13:23:08Z,2000,2000-01-01,2000-12-31
5925085,GHED_GGHE-DGGE_SHA2011,COUNTRY,UKR,EUR,Europe,YEAR,2015,,,,,,,,,8.57,8.56910324,,,,2025-12-05T13:23:08Z,2015,2015-01-01,2015-12-31
5925503,GHED_GGHE-DGGE_SHA2011,COUNTRY,EGY,EMR,Eastern Mediterranean,YEAR,2006,,,,,,,,,5.05,5.04994678,,,,2025-12-05T13:23:08Z,2006,2006-01-01,2006-12-31
5926801,GHED_GGHE-DGGE_SHA2011,COUNTRY,GAB,AFR,Africa,YEAR,2016,,,,,,,,,9.20,9.20255756,,,,2025-12-05T13:23:08Z,2016,2016-01-01,2016-12-31
5927423,GHED_GGHE-DGGE_SHA2011,COUNTRY,AUS,WPR,Western Pacific,YEAR,2002,,,,,,,,,15.51,15.51416302,,,,2025-12-05T13:23:08Z,2002,2002-01-01,2002-12-31
5928475,GHED_GGHE-DGGE_SHA2011,COUNTRY,COM,AFR,Africa,YEAR,2001,,,,,,,,,4.11,4.11416817,,,,2025-12-05T13:23:08Z,2001,2001-01-01,2001-12-31
5930189,GHED_GGHE-DGGE_SHA2011,COUNTRY,COD,AFR,Africa,YEAR,2005,,,,,,,,,2.50,2.49895263,,,,2025-12-05T13:23:08Z,2005,2005-01-01,2005-12-31
5931772,GHED_GGHE-DGGE_SHA2011,COUNTRY,BRA,AMR,Americas,YEAR,2018,,,,,,,,,8.80,8.80304146,,,,2025-12-05T13:23:08Z,2018,2018-01-01,2018-12-31
5932889,GHED_GGHE-DGGE_SHA2011,COUNTRY,FIN,EUR,Europe,YEAR,2007,,,,,,,,,13.65,13.64809036,,,,2025-12-05T13:23:08Z,2007,2007-01-01,2007-12-31
5939064,GHED_GGHE-DGGE_SHA2011,COUNTRY,GBR,EUR,Europe,YEAR,2021,,,,,,,,,22.12,22.1180191,,,,2025-12-05T13:23:08Z,2021,2021-01-01,2021-12-31
5940009,GHED_GGHE-DGGE_SHA2011,COUNTRY,MEX,AMR,Americas,YEAR,2010,,,,,,,,,10.41,10.41032505,,,,2025-12-05T13:23:08Z,2010,2010-01-01,2010-12-31
5941245,GHED_GGHE-DGGE_SHA2011,COUNTRY,SWE,EUR,Europe,YEAR,2013,,,,,,,,,17.61,17.60577965,,,,2025-12-05T13:23:08Z,2013,2013-01-01,2013-12-31
5941627,GHED_GGHE-DGGE_SHA2011,COUNTRY,LTU,EUR,Europe,YEAR,2010,,,,,,,,,11.41,11.4114542,,,,2025-12-05T13:23:08Z,2010,2010-01-01,2010-12-31
5948711,GHED_GGHE-DGGE_SHA2011,COUNTRY,SWE,EUR,Europe,YEAR,2023,,,,,,,,,19.45,19.451786040000002,,,,2025-12-05T13:23:08Z,2023,2023-01-01,2023-12-31
5951366,GHED_GGHE-DGGE_SHA2011,COUNTRY,COM,AFR,Africa,YEAR,2006,,,,,,,,,5.18,5.18173981,,,,2025-12-05T13:23:08Z,2006,2006-01-01,2006-12-31
5951597,GHED_GGHE-DGGE_SHA2011,COUNTRY,BEN,AFR,Africa,YEAR,2002,,,,,,,,,6.13,6.13154125,,,,2025-12-05T13:23:08Z,2002,2002-01-01,2002-12-31
5957159,GHED_GGHE-DGGE_SHA2011,COUNTRY,AFG,EMR,Eastern Mediterranean,YEAR,2008,,,,,,,,,3.00,3.00392056,,,,2025-12-05T13:23:08Z,2008,2008-01-01,2008-12-31
5957776,GHED_GGHE-DGGE_SHA2011,COUNTRY,LBN,EMR,Eastern Mediterranean,YEAR,2005,,,,,,,,,9.23,9.22798729,,,,2025-12-05T13:23:08Z,2005,2005-01-01,2005-12-31
5959237,GHED_GGHE-DGGE_SHA2011,COUNTRY,ESP,EUR,Europe,YEAR,2015,,,,,,,,,14.77,14.77256393,,,,2025-12-05T13:23:08Z,2015,2015-01-01,2015-12-31
5959930,GHED_GGHE-DGGE_SHA2011,COUNTRY,VNM,WPR,Western Pacific,YEAR,2023,,,,,,,,,10.45,10.4517107,,,,2025-12-05T13:23:08Z,2023,2023-01-01,2023-12-31
5961369,GHED_GGHE-DGGE_SHA2011,COUNTRY,MEX,AMR,Americas,YEAR,2001,,,,,,,,,10.26,10.2574482,,,,2025-12-05T13:23:08Z,2001,2001-01-01,2001-12-31
5961534,GHED_GGHE-DGGE_SHA2011,COUNTRY,AUT,EUR,Europe,YEAR,2005,,,,,,,,,13.65,13.6456871,,,,2025-12-05T13:23:08Z,2005,2005-01-01,2005-12-31
5962665,GHED_GGHE-DGGE_SHA2011,COUNTRY,BLR,EUR,Europe,YEAR,2023,,,,,,,,,11.73,11.72658348,,,,2025-12-05T13:23:08Z,2023,2023-01-01,2023-12-31
5963097,GHED_GGHE-DGGE_SHA2011,COUNTRY,IRL,EUR,Europe,YEAR,2015,,,,,,,,,18.12,18.1214695,,,,2025-12-05T13:23:08Z,2015,2015-01-01,2015-12-31
5963971,GHED_GGHE-DGGE_SHA2011,COUNTRY,CYP,EUR,Europe,YEAR,2006,,,,,,,,,5.71,5.7055769,,,,2025-12-05T13:23:08Z,2006,2006-01-01,2006-12-31
5965429,GHED_GGHE-DGGE_SHA2011,COUNTRY,VUT,WPR,Western Pacific,YEAR,2022,,,,,,,,,3.86,3.8552773,,,,2025-12-05T13:23:08Z,2022,2022-01-01,2022-12-31
5966239,GHED_GGHE-DGGE_SHA2011,COUNTRY,AFG,EMR,Eastern Mediterranean,YEAR,2018,,,,,,,,,1.91,1.90904689,,,,2025-12-05T13:23:08Z,2018,2018-01-01,2018-12-31
5968337,GHED_GGHE-DGGE_SHA2011,COUNTRY,MUS,AFR,Africa,YEAR,2004,,,,,,,,,7.99,7.99441957,,,,2025-12-05T13:23:08Z,2004,2004-01-01,2004-12-31
5968949,GHED_GGHE-DGGE_SHA2011,COUNTRY,BHS,AMR,Americas,YEAR,2021,,,,,,,,,12.32,12.32061958,,,,2025-12-05T13:23:08Z,2021,2021-01-01,2021-12-31
5971007,GHED_GGHE-DGGE_SHA2011,COUNTRY,TUN,EMR,Eastern Mediterranean,YEAR,2014,,,,,,,,,13.54,13.54343796,,,,2025-12-05T13:23:08Z,2014,2014-01-01,2014-12-31
5972934,GHED_GGHE-DGGE_SHA2011,COUNTRY,GTM,AMR,Americas,YEAR,2021,,,,,,,,,19.77,19.77280235,,,,2025-12-05T13:23:08Z,2021,2021-01-01,2021-12-31
5976190,GHED_GGHE-DGGE_SHA2011,COUNTRY,KGZ,EUR,Europe,YEAR,2018,,,,,,,,,7.33,7.33437634,,,,2025-12-05T13:23:08Z,2018,2018-01-01,2018-12-31
5983144,GHED_GGHE-DGGE_SHA2011,COUNTRY,IDN,WPR,Western Pacific,YEAR,2022,,,,,,,,,8.08,8.07985115,,,,2025-12-05T13:23:08Z,2022,2022-01-01,2022-12-31
5989161,GHED_GGHE-DGGE_SHA2011,COUNTRY,MDG,AFR,Africa,YEAR,2022,,,,,,,,,5.51,5.51341772,,,,2025-12-05T13:23:08Z,2022,2022-01-01,2022-12-31
5990366,GHED_GGHE-DGGE_SHA2011,COUNTRY,ERI,AFR,Africa,YEAR,2004,,,,,,,,,2.73,2.73299789,,,,2025-12-05T13:23:08Z,2004,2004-01-01,2004-12-31
5990972,GHED_GGHE-DGGE_SHA2011,COUNTRY,MAR,EMR,Eastern Mediterranean,YEAR,2010,,,,,,,,,6.06,6.06429052,,,,2025-12-05T13:23:08Z,2010,2010-01-01,2010-12-31
5991544,GHED_GGHE-DGGE_SHA2011,COUNTRY,BHR,EMR,Eastern Mediterranean,YEAR,2020,,,,,,,,,8.29,8.29461861,,,,2025-12-05T13:23:08Z,2020,2020-01-01,2020-12-31
5991685,GHED_GGHE-DGGE_SHA2011,COUNTRY,KWT,EMR,Eastern Mediterranean,YEAR,2014,,,,,,,,,5.49,5.49223089,,,,2025-12-05T13:23:08Z,2014,2014-01-01,2014-12-31
5999027,GHED_GGHE-DGGE_SHA2011,COUNTRY,BHS,AMR,Americas,YEAR,2011,,,,,,,,,13.90,13.89659977,,,,2025-12-05T13:23:08Z,2011,2011-01-01,2011-12-31
5999983,GHED_GGHE-DGGE_SHA2011,COUNTRY,PLW,WPR,Western Pacific,YEAR,2023,,,,,,,,,13.26,13.26011753,,,,2025-12-05T13:23:08Z,2023,2023-01-01,2023-12-31
6004792,GHED_GGHE-DGGE_SHA2011,COUNTRY,MCO,EUR,Europe,YEAR,2023,,,,,,,,,11.93,11.92660522,,,,2025-12-05T13:23:08Z,2023,2023-01-01,2023-12-31
6008015,GHED_GGHE-DGGE_SHA2011,COUNTRY,SGP,WPR,Western Pacific,YEAR,2012,,,,,,,,,13.21,13.21419811,,,,2025-12-05T13:23:08Z,2012,2012-01-01,2012-12-31
6011745,GHED_GGHE-DGGE_SHA2011,COUNTRY,NRU,WPR,Western Pacific,YEAR,2005,,,,,,,,,25.37,25.3666954,,,,2025-12-05T13:23:08Z,2005,2005-01-01,2005-12-31
6012011,GHED_GGHE-DGGE_SHA2011,COUNTRY,BTN,SEAR,South-East Asia,YEAR,2013,,,,,,,,,7.10,7.09804106,,,,2025-12-05T13:23:08Z,2013,2013-01-01,2013-12-31
6014692,GHED_GGHE-DGGE_SHA2011,COUNTRY,PRY,AMR,Americas,YEAR,2021,,,,,,,,,21.84,21.84190941,,,,2025-12-05T13:23:08Z,2021,2021-01-01,2021-12-31
6015921,GHED_GGHE-DGGE_SHA2011,COUNTRY,EST,EUR,Europe,YEAR,2019,,,,,,,,,12.64,12.63746071,,,,2025-12-05T13:23:08Z,2019,2019-01-01,2019-12-31
6016472,GHED_GGHE-DGGE_SHA2011,COUNTRY,NIC,AMR,Americas,YEAR,2017,,,,,,,,,17.79,17.78736687,,,,2025-12-05T13:23:08Z,2017,2017-01-01,2017-12-31
6020517,GHED_GGHE-DGGE_SHA2011,COUNTRY,CAN,AMR,Americas,YEAR,2007,,,,,,,,,17.07,17.06818199,,,,2025-12-05T13:23:08Z,2007,2007-01-01,2007-12-31
6023685,GHED_GGHE-DGGE_SHA2011,COUNTRY,SGP,WPR,Western Pacific,YEAR,2006,,,,,,,,,7.85,7.84840441,,,,2025-12-05T13:23:08Z,2006,2006-01-01,2006-12-31
6025888,GHED_GGHE-DGGE_SHA2011,COUNTRY,AND,EUR,Europe,YEAR,2020,,,,,,,,,15.06,15.05597019,,,,2025-12-05T13:23:08Z,2020,2020-01-01,2020-12-31
6027977,GHED_GGHE-DGGE_SHA2011,COUNTRY,NIC,AMR,Americas,YEAR,2010,,,,,,,,,15.74,15.73639107,,,,2025-12-05T13:23:08Z,2010,2010-01-01,2010-12-31
6028635,GHED_GGHE-DGGE_SHA2011,COUNTRY,DJI,EMR,Eastern Mediterranean,YEAR,2021,,,,,,,,,3.32,3.31527162,,,,2025-12-05T13:23:08Z,2021,2021-01-01,2021-12-31
6029163,GHED_GGHE-DGGE_SHA2011,COUNTRY,HRV,EUR,Europe,YEAR,2001,,,,,,,,,11.64,11.64404964,,,,2025-12-05T13:23:08Z,2001,2001-01-01,2001-12-31
6030747,GHED_GGHE-DGGE_SHA2011,COUNTRY,LTU,EUR,Europe,YEAR,2020,,,,,,,,,12.03,12.030653,,,,2025-12-05T13:23:08Z,2020,2020-01-01,2020-12-31
6031146,GHED_GGHE-DGGE_SHA2011,COUNTRY,RWA,AFR,Africa,YEAR,2017,,,,,,,,,6.23,6.23024607,,,,2025-12-05T13:23:08Z,2017,2017-01-01,2017-12-31
6032988,GHED_GGHE-DGGE_SHA2011,COUNTRY,KNA,AMR,Americas,YEAR,2017,,,,,,,,,8.60,8.60020161,,,,2025-12-05T13:23:08Z,2017,2017-01-01,2017-12-31
6033243,GHED_GGHE-DGGE_SHA2011,COUNTRY,SDN,EMR,Eastern Mediterranean,YEAR,2020,,,,,,,,,9.55,9.54511547,,,,2025-12-05T13:23:08Z,2020,2020-01-01,2020-12-31
6033813,GHED_GGHE-DGGE_SHA2011,REGION,AMR,,,YEAR,2012,,,,,,,,,12.75,12.75132102,,,,2025-12-05T13:23:08Z,2012,2012-01-01,2012-12-31
6034319,GHED_GGHE-DGGE_SHA2011,COUNTRY,ISL,EUR,Europe,YEAR,2010,,,,,,,,,13.69,13.68504238,,,,2025-12-05T13:23:08Z,2010,2010-01-01,2010-12-31
6035729,GHED_GGHE-DGGE_SHA2011,COUNTRY,GNQ,AFR,Africa,YEAR,2006,,,,,,,,,2.53,2.53066921,,,,2025-12-05T13:23:08Z,2006,2006-01-01,2006-12-31
6036855,GHED_GGHE-DGGE_SHA2011,COUNTRY,GTM,AMR,Americas,YEAR,2007,,,,,,,,,14.23,14.23033047,,,,2025-12-05T13:23:08Z,2007,2007-01-01,2007-12-31
6037088,GHED_GGHE-DGGE_SHA2011,COUNTRY,BGR,EUR,Europe,YEAR,2000,,,,,,,,,8.08,8.07666683,,,,2025-12-05T13:23:08Z,2000,2000-01-01,2000-12-31
6038060,GHED_GGHE-DGGE_SHA2011,COUNTRY,KAZ,EUR,Europe,YEAR,2003,,,,,,,,,9.57,9.5652113,,,,2025-12-05T13:23:08Z,2003,2003-01-01,2003-12-31
6038683,GHED_GGHE-DGGE_SHA2011,COUNTRY,BWA,AFR,Africa,YEAR,2022,,,,,,,,,14.61,14.61013889,,,,2025-12-05T13:23:08Z,2022,2022-01-01,2022-12-31
6038918,GHED_GGHE-DGGE_SHA2011,COUNTRY,CPV,AFR,Africa,YEAR,2012,,,,,,,,,8.86,8.86496925,,,,2025-12-05T13:23:08Z,2012,2012-01-01,2012-12-31
6041244,GHED_GGHE-DGGE_SHA2011,COUNTRY,IRN,EMR,Eastern Mediterranean,YEAR,2016,,,,,,,,,24.22,24.21533966,,,,2025-12-05T13:23:08Z,2016,2016-01-01,2016-12-31
6047379,GHED_GGHE-DGGE_SHA2011,COUNTRY,HRV,EUR,Europe,YEAR,2010,,,,,,,,,13.78,13.77554512,,,,2025-12-05T13:23:08Z,2010,2010-01-01,2010-12-31
6049725,GHED_GGHE-DGGE_SHA2011,COUNTRY,GRC,EUR,Europe,YEAR,2006,,,,,,,,,11.28,11.27762222,,,,2025-12-05T13:23:08Z,2006,2006-01-01,2006-12-31
6052406,GHED_GGHE-DGGE_SHA2011,COUNTRY,ZAF,AFR,Africa,YEAR,2016,,,,,,,,,15.29,15.28983974,,,,2025-12-05T13:23:08Z,2016,2016-01-01,2016-12-31
6053573,GHED_GGHE-DGGE_SHA2011,COUNTRY,AUT,EUR,Europe,YEAR,2023,,,,,,,,,16.19,16.19283485,,,,2025-12-05T13:23:08Z,2023,2023-01-01,2023-12-31
6054441,GHED_GGHE-DGGE_SHA2011,COUNTRY,GBR,EUR,Europe,YEAR,2020,,,,,,,,,20.36,20.36441803,,,,2025-12-05T13:23:08Z,2020,2020-01-01,2020-12-31
6054463,GHED_GGHE-DGGE_SHA2011,COUNTRY,CIV,AFR,Africa,YEAR,2023,,,,,,,,,6.58,6.58320475,,,,2026-01-12T13:50:53Z,2023,2023-01-01,2023-12-31
6061632,GHED_GGHE-DGGE_SHA2011,COUNTRY,AZE,EUR,Europe,YEAR,2003,,,,,,,,,3.57,3.57235146,,,,2025-12-05T13:23:08Z,2003,2003-01-01,2003-12-31
6063846,GHED_GGHE-DGGE_SHA2011,COUNTRY,GBR,EUR,Europe,YEAR,2011,,,,,,,,,18.42,18.42205238,,,,2025-12-05T13:23:08Z,2011,2011-01-01,2011-12-31
6064477,GHED_GGHE-DGGE_SHA2011,COUNTRY,NLD,EUR,Europe,YEAR,2011,,,,,,,,,14.52,14.51968002,,,,2025-12-05T13:23:08Z,2011,2011-01-01,2011-12-31
6066254,GHED_GGHE-DGGE_SHA2011,COUNTRY,ATG,AMR,Americas,YEAR,2006,,,,,,,,,8.37,8.368083,,,,2025-12-05T13:23:08Z,2006,2006-01-01,2006-12-31
6067520,GHED_GGHE-DGGE_SHA2011,COUNTRY,LBR,AFR,Africa,YEAR,2001,,,,,,,,,4.25,4.25491762,,,,2025-12-05T13:23:08Z,2001,2001-01-01,2001-12-31
6068885,GHED_GGHE-DGGE_SHA2011,COUNTRY,TTO,AMR,Americas,YEAR,2004,,,,,,,,,8.27,8.26660061,,,,2025-12-05T13:23:08Z,2004,2004-01-01,2004-12-31
6070750,GHED_GGHE-DGGE_SHA2011,COUNTRY,PLW,WPR,Western Pacific,YEAR,2006,,,,,,,,,7.98,7.98250914,,,,2025-12-05T13:23:08Z,2006,2006-01-01,2006-12-31
6071677,GHED_GGHE-DGGE_SHA2011,COUNTRY,MDV,SEAR,South-East Asia,YEAR,2006,,,,,,,,,8.45,8.44608021,,,,2025-12-05T13:23:08Z,2006,2006-01-01,2006-12-31
6072842,GHED_GGHE-DGGE_SHA2011,COUNTRY,ZAF,AFR,Africa,YEAR,2023,,,,,,,,,16.89,16.88567543,,,,2025-12-05T13:23:08Z,2023,2023-01-01,2023-12-31
6077007,GHED_GGHE-DGGE_SHA2011,COUNTRY,FRA,EUR,Europe,YEAR,2017,,,,,,,,,15.21,15.21064568,,,,2025-12-05T13:23:08Z,2017,2017-01-01,2017-12-31
6079644,GHED_GGHE-DGGE_SHA2011,COUNTRY,ISR,EUR,Europe,YEAR,2023,,,,,,,,,11.57,11.56584835,,,,2025-12-05T13:23:08Z,2023,2023-01-01,2023-12-31
6085753,GHED_GGHE-DGGE_SHA2011,COUNTRY,KAZ,EUR,Europe,YEAR,2007,,,,,,,,,7.58,7.57602596,,,,2025-12-05T13:23:08Z,2007,2007-01-01,2007-12-31
6086689,GHED_GGHE-DGGE_SHA2011,COUNTRY,TTO,AMR,Americas,YEAR,2019,,,,,,,,,10.24,10.23995018,,,,2025-12-05T13:23:08Z,2019,2019-01-01,2019-12-31
6088082,GHED_GGHE-DGGE_SHA2011,COUNTRY,NLD,EUR,Europe,YEAR,2023,,,,,,,,,15.56,15.55883694,,,,2025-12-05T13:23:08Z,2023,2023-01-01,2023-12-31
6088386,GHED_GGHE-DGGE_SHA2011,COUNTRY,SYC,AFR,Africa,YEAR,2016,,,,,,,,,9.45,9.45435524,,,,2025-12-05T13:23:08Z,2016,2016-01-01,2016-12-31
6088417,GHED_GGHE-DGGE_SHA2011,COUNTRY,CHN,WPR,Western Pacific,YEAR,2020,,,,,,,,,8.65,8.64632607,,,,2025-12-05T13:23:08Z,2020,2020-01-01,2020-12-31
6090989,GHED_GGHE-DGGE_SHA2011,COUNTRY,URY,AMR,Americas,YEAR,2004,,,,,,,,,16.25,16.24844742,,,,2025-12-05T13:23:08Z,2004,2004-01-01,2004-12-31
6091492,GHED_GGHE-DGGE_SHA2011,COUNTRY,PER,AMR,Americas,YEAR,2010,,,,,,,,,11.62,11.6243124,,,,2025-12-05T13:23:08Z,2010,2010-01-01,2010-12-31
6092464,GHED_GGHE-DGGE_SHA2011,COUNTRY,QAT,EMR,Eastern Mediterranean,YEAR,2023,,,,,,,,,7.69,7.6858201,,,,2025-12-05T13:23:08Z,2023,2023-01-01,2023-12-31
6092805,GHED_GGHE-DGGE_SHA2011,COUNTRY,CMR,AFR,Africa,YEAR,2012,,,,,,,,,3.73,3.73180342,,,,2025-12-05T13:23:08Z,2012,2012-01-01,2012-12-31
6092949,GHED_GGHE-DGGE_SHA2011,COUNTRY,CPV,AFR,Africa,YEAR,2011,,,,,,,,,8.61,8.60777664,,,,2025-12-05T13:23:08Z,2011,2011-01-01,2011-12-31
6094297,GHED_GGHE-DGGE_SHA2011,COUNTRY,LTU,EUR,Europe,YEAR,2012,,,,,,,,,11.48,11.48004436,,,,2025-12-05T13:23:08Z,2012,2012-01-01,2012-12-31
6097248,GHED_GGHE-DGGE_SHA2011,COUNTRY,LCA,AMR,Americas,YEAR,2020,,,,,,,,,8.60,8.59960461,,,,2025-12-05T13:23:08Z,2020,2020-01-01,2020-12-31
6100298,GHED_GGHE-DGGE_SHA2011,COUNTRY,SSD,AFR,Africa,YEAR,2018,,,,,,,,,2.11,2.10620522,,,,2025-12-05T13:23:08Z,2018,2018-01-01,2018-12-31
6100368,GHED_GGHE-DGGE_SHA2011,COUNTRY,THA,SEAR,South-East Asia,YEAR,2007,,,,,,,,,12.38,12.38446522,,,,2025-12-05T13:23:08Z,2007,2007-01-01,2007-12-31
6101155,GHED_GGHE-DGGE_SHA2011,REGION,WPR,,,YEAR,2001,,,,,,,,,11.06,11.05912122,,,,2025-12-05T13:23:08Z,2001,2001-01-01,2001-12-31
6101997,GHED_GGHE-DGGE_SHA2011,COUNTRY,GRD,AMR,Americas,YEAR,2000,,,,,,,,,7.26,7.25555325,,,,2025-12-05T13:23:08Z,2000,2000-01-01,2000-12-31
6109101,GHED_GGHE-DGGE_SHA2011,COUNTRY,KOR,WPR,Western Pacific,YEAR,2001,,,,,,,,,9.30,9.29753017,,,,2025-12-05T13:23:08Z,2001,2001-01-01,2001-12-31
6110021,GHED_GGHE-DGGE_SHA2011,COUNTRY,MYS,WPR,Western Pacific,YEAR,2004,,,,,,,,,5.63,5.62838221,,,,2025-12-05T13:23:08Z,2004,2004-01-01,2004-12-31
6113160,GHED_GGHE-DGGE_SHA2011,COUNTRY,ARM,EUR,Europe,YEAR,2016,,,,,,,,,6.05,6.05354738,,,,2025-12-05T13:23:08Z,2016,2016-01-01,2016-12-31
6113204,GHED_GGHE-DGGE_SHA2011,COUNTRY,CPV,AFR,Africa,YEAR,2010,,,,,,,,,7.23,7.22675228,,,,2025-12-05T13:23:08Z,2010,2010-01-01,2010-12-31
6118242,GHED_GGHE-DGGE_SHA2011,COUNTRY,TGO,AFR,Africa,YEAR,2000,,,,,,,,,2.44,2.44484162,,,,2025-12-05T13:23:08Z,2000,2000-01-01,2000-12-31
6118374,GHED_GGHE-DGGE_SHA2011,COUNTRY,TUN,EMR,Eastern Mediterranean,YEAR,2005,,,,,,,,,11.35,11.35010338,,,,2025-12-05T13:23:08Z,2005,2005-01-01,2005-12-31
6119886,GHED_GGHE-DGGE_SHA2011,COUNTRY,THA,SEAR,South-East Asia,YEAR,2017,,,,,,,,,13.10,13.10431576,,,,2025-12-05T13:23:08Z,2017,2017-01-01,2017-12-31
6124267,GHED_GGHE-DGGE_SHA2011,COUNTRY,DZA,AFR,Africa,YEAR,2010,,,,,,,,,9.19,9.18787575,,,,2025-12-05T13:23:08Z,2010,2010-01-01,2010-12-31
6124549,GHED_GGHE-DGGE_SHA2011,COUNTRY,DMA,AMR,Americas,YEAR,2016,,,,,,,,,7.28,7.27849007,,,,2025-12-05T13:23:08Z,2016,2016-01-01,2016-12-31
6124784,GHED_GGHE-DGGE_SHA2011,COUNTRY,SLE,AFR,Africa,YEAR,2003,,,,,,,,,5.45,5.45097542,,,,2025-12-05T13:23:08Z,2003,2003-01-01,2003-12-31
6126765,GHED_GGHE-DGGE_SHA2011,COUNTRY,BTN,SEAR,South-East Asia,YEAR,2004,,,,,,,,,9.09,9.08555698,,,,2025-12-05T13:23:08Z,2004,2004-01-01,2004-12-31
6127041,GHED_GGHE-DGGE_SHA2011,COUNTRY,BRB,AMR,Americas,YEAR,2012,,,,,,,,,12.41,12.40838051,,,,2025-12-05T13:23:08Z,2012,2012-01-01,2012-12-31
6130273,GHED_GGHE-DGGE_SHA2011,COUNTRY,CAN,AMR,Americas,YEAR,2002,,,,,,,,,15.88,15.88256645,,,,2025-12-05T13:23:08Z,2002,2002-01-01,2002-12-31
6133064,GHED_GGHE-DGGE_SHA2011,REGION,WPR,,,YEAR,2011,,,,,,,,,9.39,9.39464177,,,,2025-12-05T13:23:08Z,2011,2011-01-01,2011-12-31
6137165,GHED_GGHE-DGGE_SHA2011,COUNTRY,DEU,EUR,Europe,YEAR,2015,,,,,,,,,19.00,18.99507332,,,,2025-12-05T13:23:08Z,2015,2015-01-01,2015-12-31
6137166,GHED_GGHE-DGGE_SHA2011,COUNTRY,MHL,WPR,Western Pacific,YEAR,2012,,,,,,,,,10.02,10.01976776,,,,2025-12-05T13:23:08Z,2012,2012-01-01,2012-12-31
6140102,GHED_GGHE-DGGE_SHA2011,COUNTRY,BHR,EMR,Eastern Mediterranean,YEAR,2000,,,,,,,,,10.27,10.26810646,,,,2025-12-05T13:23:08Z,2000,2000-01-01,2000-12-31
6142330,GHED_GGHE-DGGE_SHA2011,COUNTRY,BEN,AFR,Africa,YEAR,2012,,,,,,,,,5.25,5.24633551,,,,2025-12-05T13:23:08Z,2012,2012-01-01,2012-12-31
6144141,GHED_GGHE-DGGE_SHA2011,COUNTRY,FSM,WPR,Western Pacific,YEAR,2009,,,,,,,,,1.55,1.55228293,,,,2025-12-05T13:23:08Z,2009,2009-01-01,2009-12-31
6145531,GHED_GGHE-DGGE_SHA2011,COUNTRY,MHL,WPR,Western Pacific,YEAR,2000,,,,,,,,,14.49,14.49398708,,,,2025-12-05T13:23:08Z,2000,2000-01-01,2000-12-31
6146904,GHED_GGHE-DGGE_SHA2011,COUNTRY,FJI,WPR,Western Pacific,YEAR,2004,,,,,,,,,9.25,9.25405025,,,,2025-12-05T13:23:08Z,2004,2004-01-01,2004-12-31
6148526,GHED_GGHE-DGGE_SHA2011,COUNTRY,BWA,AFR,Africa,YEAR,2019,,,,,,,,,12.01,12.00606537,,,,2025-12-05T13:23:08Z,2019,2019-01-01,2019-12-31
6149960,GHED_GGHE-DGGE_SHA2011,COUNTRY,MUS,AFR,Africa,YEAR,2011,,,,,,,,,7.36,7.36220407,,,,2025-12-05T13:23:08Z,2011,2011-01-01,2011-12-31
6151621,GHED_GGHE-DGGE_SHA2011,COUNTRY,LSO,AFR,Africa,YEAR,2001,,,,,,,,,8.70,8.70134163,,,,2025-12-05T13:23:08Z,2001,2001-01-01,2001-12-31
6151935,GHED_GGHE-DGGE_SHA2011,COUNTRY,JOR,EMR,Eastern Mediterranean,YEAR,2005,,,,,,,,,11.79,11.78674316,,,,2025-12-05T13:23:08Z,2005,2005-01-01,2005-12-31
6153021,GHED_GGHE-DGGE_SHA2011,COUNTRY,FJI,WPR,Western Pacific,YEAR,2006,,,,,,,,,9.97,9.96885777,,,,2025-12-05T13:23:08Z,2006,2006-01-01,2006-12-31
6155277,GHED_GGHE-DGGE_SHA2011,COUNTRY,GHA,AFR,Africa,YEAR,2019,,,,,,,,,8.77,8.76836586,,,,2025-12-05T13:23:08Z,2019,2019-01-01,2019-12-31
6155406,GHED_GGHE-DGGE_SHA2011,COUNTRY,NGA,AFR,Africa,YEAR,2013,,,,,,,,,3.46,3.45903826,,,,2025-12-05T13:23:08Z,2013,2013-01-01,2013-12-31
6156919,GHED_GGHE-DGGE_SHA2011,COUNTRY,ZMB,AFR,Africa,YEAR,2001,,,,,,,,,6.88,6.88475037,,,,2025-12-05T13:23:08Z,2001,2001-01-01,2001-12-31
6157770,GHED_GGHE-DGGE_SHA2011,COUNTRY,BOL,AMR,Americas,YEAR,2011,,,,,,,,,8.54,8.54341412,,,,2025-12-05T13:23:08Z,2011,2011-01-01,2011-12-31
6157812,GHED_GGHE-DGGE_SHA2011,COUNTRY,ISR,EUR,Europe,YEAR,2002,,,,,,,,,8.69,8.68584538,,,,2025-12-05T13:23:08Z,2002,2002-01-01,2002-12-31
6158213,GHED_GGHE-DGGE_SHA2011,COUNTRY,MRT,AFR,Africa,YEAR,2021,,,,,,,,,7.20,7.20409536,,,,2025-12-05T13:23:08Z,2021,2021-01-01,2021-12-31
6161793,GHED_GGHE-DGGE_SHA2011,COUNTRY,LVA,EUR,Europe,YEAR,2015,,,,,,,,,8.58,8.5845499,,,,2025-12-05T13:23:08Z,2015,2015-01-01,2015-12-31
6161999,GHED_GGHE-DGGE_SHA2011,REGION,EMR,,,YEAR,2021,,,,,,,,,9.18,9.17842305,,,,2025-12-05T13:23:08Z,2021,2021-01-01,2021-12-31
6162090,GHED_GGHE-DGGE_SHA2011,COUNTRY,VUT,WPR,Western Pacific,YEAR,2002,,,,,,,,,11.75,11.74639893,,,,2025-12-05T13:23:08Z,2002,2002-01-01,2002-12-31
6166088,GHED_GGHE-DGGE_SHA2011,COUNTRY,ATG,AMR,Americas,YEAR,2013,,,,,,,,,13.30,13.30073166,,,,2025-12-05T13:23:08Z,2013,2013-01-01,2013-12-31
6166981,GHED_GGHE-DGGE_SHA2011,COUNTRY,GAB,AFR,Africa,YEAR,2020,,,,,,,,,9.59,9.59155846,,,,2025-12-05T13:23:08Z,2020,2020-01-01,2020-12-31
6167976,GHED_GGHE-DGGE_SHA2011,COUNTRY,EGY,EMR,Eastern Mediterranean,YEAR,2009,,,,,,,,,4.72,4.71808481,,,,2025-12-05T13:23:08Z,2009,2009-01-01,2009-12-31
6170260,GHED_GGHE-DGGE_SHA2011,COUNTRY,UKR,EUR,Europe,YEAR,2017,,,,,,,,,8.45,8.44696903,,,,2025-12-05T13:23:08Z,2017,2017-01-01,2017-12-31
6173750,GHED_GGHE-DGGE_SHA2011,COUNTRY,HUN,EUR,Europe,YEAR,2020,,,,,,,,,9.99,9.98525238,,,,2025-12-05T13:23:08Z,2020,2020-01-01,2020-12-31
6176798,GHED_GGHE-DGGE_SHA2011,COUNTRY,BLZ,AMR,Americas,YEAR,2018,,,,,,,,,12.21,12.2098484,,,,2025-12-05T13:23:08Z,2018,2018-01-01,2018-12-31
6181012,GHED_GGHE-DGGE_SHA2011,COUNTRY,SWE,EUR,Europe,YEAR,2003,,,,,,,,,12.78,12.78126812,,,,2025-12-05T13:23:08Z,2003,2003-01-01,2003-12-31
6181071,GHED_GGHE-DGGE_SHA2011,COUNTRY,MAR,EMR,Eastern Mediterranean,YEAR,2015,,,,,,,,,6.96,6.956882,,,,2025-12-05T13:23:08Z,2015,2015-01-01,2015-12-31
6181506,GHED_GGHE-DGGE_SHA2011,COUNTRY,ECU,AMR,Americas,YEAR,2009,,,,,,,,,7.46,7.4589715,,,,2025-12-05T13:23:08Z,2009,2009-01-01,2009-12-31
6183546,GHED_GGHE-DGGE_SHA2011,COUNTRY,TGO,AFR,Africa,YEAR,2018,,,,,,,,,5.49,5.4890213,,,,2025-12-05T13:23:08Z,2018,2018-01-01,2018-12-31
6184702,GHED_GGHE-DGGE_SHA2011,COUNTRY,BOL,AMR,Americas,YEAR,2023,,,,,,,,,12.03,12.02977371,,,,2025-12-05T13:23:08Z,2023,2023-01-01,2023-12-31
6186548,GHED_GGHE-DGGE_SHA2011,COUNTRY,VCT,AMR,Americas,YEAR,2018,,,,,,,,,10.65,10.64669037,,,,2025-12-05T13:23:08Z,2018,2018-01-01,2018-12-31
6187069,GHED_GGHE-DGGE_SHA2011,COUNTRY,MDA,EUR,Europe,YEAR,2015,,,,,,,,,12.21,12.21473503,,,,2025-12-05T13:23:08Z,2015,2015-01-01,2015-12-31
6190273,GHED_GGHE-DGGE_SHA2011,COUNTRY,STP,AFR,Africa,YEAR,2008,,,,,,,,,4.02,4.01797581,,,,2025-12-05T13:23:08Z,2008,2008-01-01,2008-12-31
6195191,GHED_GGHE-DGGE_SHA2011,COUNTRY,AGO,AFR,Africa,YEAR,2003,,,,,,,,,4.26,4.26046801,,,,2025-12-05T13:23:08Z,2003,2003-01-01,2003-12-31
6196542,GHED_GGHE-DGGE_SHA2011,COUNTRY,FSM,WPR,Western Pacific,YEAR,2018,,,,,,,,,2.49,2.48709655,,,,2025-12-05T13:23:08Z,2018,2018-01-01,2018-12-31
6197073,GHED_GGHE-DGGE_SHA2011,COUNTRY,USA,AMR,Americas,YEAR,2004,,,,,,,,,17.93,17.92694855,,,,2025-12-05T13:23:08Z,2004,2004-01-01,2004-12-31
6197599,GHED_GGHE-DGGE_SHA2011,COUNTRY,TKM,EUR,Europe,YEAR,2009,,,,,,,,,8.71,8.7062273,,,,2025-12-05T13:23:08Z,2009,2009-01-01,2009-12-31
6198021,GHED_GGHE-DGGE_SHA2011,COUNTRY,LUX,EUR,Europe,YEAR,2021,,,,,,,,,11.51,11.51112652,,,,2025-12-05T13:23:08Z,2021,2021-01-01,2021-12-31
6201947,GHED_GGHE-DGGE_SHA2011,COUNTRY,BFA,AFR,Africa,YEAR,2011,,,,,,,,,6.59,6.58739376,,,,2025-12-05T13:23:08Z,2011,2011-01-01,2011-12-31
6202709,GHED_GGHE-DGGE_SHA2011,COUNTRY,SVK,EUR,Europe,YEAR,2009,,,,,,,,,13.18,13.17728996,,,,2025-12-05T13:23:08Z,2009,2009-01-01,2009-12-31
6207530,GHED_GGHE-DGGE_SHA2011,COUNTRY,PSE,EMR,Eastern Mediterranean,YEAR,2004,,,,,,,,,7.40,7.39701176,,,,2025-12-05T13:23:08Z,2004,2004-01-01,2004-12-31
6208280,GHED_GGHE-DGGE_SHA2011,COUNTRY,BRB,AMR,Americas,YEAR,2005,,,,,,,,,12.26,12.25700188,,,,2025-12-05T13:23:08Z,2005,2005-01-01,2005-12-31
6208547,GHED_GGHE-DGGE_SHA2011,COUNTRY,AND,EUR,Europe,YEAR,2016,,,,,,,,,11.60,11.59596729,,,,2025-12-05T13:23:08Z,2016,2016-01-01,2016-12-31
6211993,GHED_GGHE-DGGE_SHA2011,COUNTRY,KOR,WPR,Western Pacific,YEAR,2000,,,,,,,,,8.28,8.27992058,,,,2025-12-05T13:23:08Z,2000,2000-01-01,2000-12-31
6218246,GHED_GGHE-DGGE_SHA2011,COUNTRY,TGO,AFR,Africa,YEAR,2009,,,,,,,,,4.78,4.77685833,,,,2025-12-05T13:23:08Z,2009,2009-01-01,2009-12-31
6219559,GHED_GGHE-DGGE_SHA2011,COUNTRY,BLR,EUR,Europe,YEAR,2018,,,,,,,,,10.31,10.30541611,,,,2025-12-05T13:23:08Z,2018,2018-01-01,2018-12-31
6220421,GHED_GGHE-DGGE_SHA2011,COUNTRY,YEM,EMR,Eastern Mediterranean,YEAR,2001,,,,,,,,,8.13,8.12738132,,,,2025-12-05T13:23:08Z,2001,2001-01-01,2001-12-31
6221657,GHED_GGHE-DGGE_SHA2011,COUNTRY,TUV,WPR,Western Pacific,YEAR,2007,,,,,,,,,10.71,10.70711422,,,,2025-12-05T13:23:08Z,2007,2007-01-01,2007-12-31
6222208,GHED_GGHE-DGGE_SHA2011,WORLDBANKINCOMEGROUP,WB_LMI,,,YEAR,2004,,,,,,,,,7.55,7.54810801,,,,2025-12-05T13:23:08Z,2004,2004-01-01,2004-12-31
6223219,GHED_GGHE-DGGE_SHA2011,COUNTRY,GNB,AFR,Africa,YEAR,2016,,,,,,,,,2.36,2.36231256,,,,2025-12-05T13:23:08Z,2016,2016-01-01,2016-12-31
6223857,GHED_GGHE-DGGE_SHA2011,COUNTRY,CPV,AFR,Africa,YEAR,2019,,,,,,,,,11.78,11.78346062,,,,2025-12-05T13:23:08Z,2019,2019-01-01,2019-12-31
6224791,GHED_GGHE-DGGE_SHA2011,COUNTRY,MDV,SEAR,South-East Asia,YEAR,2002,,,,,,,,,8.62,8.61925983,,,,2025-12-05T13:23:08Z,2002,2002-01-01,2002-12-31
6224817,GHED_GGHE-DGGE_SHA2011,COUNTRY,SOM,EMR,Eastern Mediterranean,YEAR,2017,,,,,,,,,4.73,4.72644377,,,,2025-12-05T13:23:08Z,2017,2017-01-01,2017-12-31
6227879,GHED_GGHE-DGGE_SHA2011,REGION,WPR,,,YEAR,2012,,,,,,,,,9.32,9.31592596,,,,2025-12-05T13:23:08Z,2012,2012-01-01,2012-12-31
6228663,GHED_GGHE-DGGE_SHA2011,COUNTRY,IDN,WPR,Western Pacific,YEAR,2011,,,,,,,,,3.96,3.96251845,,,,2025-12-05T13:23:08Z,2011,2011-01-01,2011-12-31
6229771,GHED_GGHE-DGGE_SHA2011,COUNTRY,KOR,WPR,Western Pacific,YEAR,2013,,,,,,,,,11.53,11.52522659,,,,2025-12-05T13:23:08Z,2013,2013-01-01,2013-12-31
6230240,GHED_GGHE-DGGE_SHA2011,COUNTRY,SMR,EUR,Europe,YEAR,2014,,,,,,,,,30.79,30.79091644,,,,2025-12-05T13:23:08Z,2014,2014-01-01,2014-12-31
6234805,GHED_GGHE-DGGE_SHA2011,COUNTRY,RUS,EUR,Europe,YEAR,2018,,,,,,,,,9.76,9.76066208,,,,2025-12-05T13:23:08Z,2018,2018-01-01,2018-12-31
6236029,GHED_GGHE-DGGE_SHA2011,COUNTRY,KHM,WPR,Western Pacific,YEAR,2007,,,,,,,,,6.75,6.7482748,,,,2025-12-05T13:23:08Z,2007,2007-01-01,2007-12-31
6239763,GHED_GGHE-DGGE_SHA2011,COUNTRY,BRN,WPR,Western Pacific,YEAR,2000,,,,,,,,,5.72,5.72010231,,,,2025-12-05T13:23:08Z,2000,2000-01-01,2000-12-31
6243681,GHED_GGHE-DGGE_SHA2011,COUNTRY,MDG,AFR,Africa,YEAR,2002,,,,,,,,,14.04,14.0413332,,,,2025-12-05T13:23:08Z,2002,2002-01-01,2002-12-31
6248739,GHED_GGHE-DGGE_SHA2011,COUNTRY,GNQ,AFR,Africa,YEAR,2023,,,,,,,,,5.87,5.86530781,,,,2025-12-05T13:23:08Z,2023,2023-01-01,2023-12-31
6250057,GHED_GGHE-DGGE_SHA2011,COUNTRY,LAO,WPR,Western Pacific,YEAR,2023,,,,,,,,,3.21,3.2051065,,,,2025-12-05T13:23:08Z,2023,2023-01-01,2023-12-31
6250411,GHED_GGHE-DGGE_SHA2011,COUNTRY,TKM,EUR,Europe,YEAR,2022,,,,,,,,,8.46,8.46009445,,,,2025-12-05T13:23:08Z,2022,2022-01-01,2022-12-31
6253770,GHED_GGHE-DGGE_SHA2011,COUNTRY,ATG,AMR,Americas,YEAR,2015,,,,,,,,,11.82,11.81753826,,,,2025-12-05T13:23:08Z,2015,2015-01-01,2015-12-31
6257150,GHED_GGHE-DGGE_SHA2011,COUNTRY,TUR,EUR,Europe,YEAR,2004,,,,,,,,,10.19,10.18661499,,,,2025-12-05T13:23:08Z,2004,2004-01-01,2004-12-31
6260631,GHED_GGHE-DGGE_SHA2011,COUNTRY,NER,AFR,Africa,YEAR,2016,,,,,,,,,5.69,5.68580914,,,,2025-12-05T13:23:08Z,2016,2016-01-01,2016-12-31
6261881,GHED_GGHE-DGGE_SHA2011,COUNTRY,MLT,EUR,Europe,YEAR,2022,,,,,,,,,16.16,16.15726852,,,,2025-12-05T13:23:08Z,2022,2022-01-01,2022-12-31
6263735,GHED_GGHE-DGGE_SHA2011,COUNTRY,FJI,WPR,Western Pacific,YEAR,2002,,,,,,,,,8.04,8.03575706,,,,2025-12-05T13:23:08Z,2002,2002-01-01,2002-12-31
6264284,GHED_GGHE-DGGE_SHA2011,COUNTRY,BGR,EUR,Europe,YEAR,2012,,,,,,,,,11.18,11.17939663,,,,2025-12-05T13:23:08Z,2012,2012-01-01,2012-12-31
6264338,GHED_GGHE-DGGE_SHA2011,COUNTRY,LTU,EUR,Europe,YEAR,2014,,,,,,,,,11.83,11.83360958,,,,2025-12-05T13:23:08Z,2014,2014-01-01,2014-12-31
6266369,GHED_GGHE-DGGE_SHA2011,COUNTRY,OMN,EMR,Eastern Mediterranean,YEAR,2016,,,,,,,,,8.41,8.41111374,,,,2025-12-05T13:23:08Z,2016,2016-01-01,2016-12-31
6266440,GHED_GGHE-DGGE_SHA2011,COUNTRY,WSM,WPR,Western Pacific,YEAR,2018,,,,,,,,,12.33,12.32514381,,,,2025-12-05T13:23:08Z,2018,2018-01-01,2018-12-31
6266741,GHED_GGHE-DGGE_SHA2011,COUNTRY,KEN,AFR,Africa,YEAR,2018,,,,,,,,,7.22,7.21874523,,,,2025-12-05T13:23:08Z,2018,2018-01-01,2018-12-31
6267207,GHED_GGHE-DGGE_SHA2011,COUNTRY,SGP,WPR,Western Pacific,YEAR,2004,,,,,,,,,7.13,7.12897968,,,,2025-12-05T13:23:08Z,2004,2004-01-01,2004-12-31
6267572,GHED_GGHE-DGGE_SHA2011,COUNTRY,ZWE,AFR,Africa,YEAR,2010,,,,,,,,,13.77,13.76667213,,,,2025-12-05T13:23:08Z,2010,2010-01-01,2010-12-31
6271660,GHED_GGHE-DGGE_SHA2011,COUNTRY,CHL,AMR,Americas,YEAR,2018,,,,,,,,,18.30,18.30398941,,,,2025-12-05T13:23:08Z,2018,2018-01-01,2018-12-31
6275462,GHED_GGHE-DGGE_SHA2011,COUNTRY,PAN,AMR,Americas,YEAR,2010,,,,,,,,,19.23,19.22631264,,,,2025-12-05T13:23:08Z,2010,2010-01-01,2010-12-31
6278210,GHED_GGHE-DGGE_SHA2011,COUNTRY,BGR,EUR,Europe,YEAR,2019,,,,,,,,,11.55,11.55380249,,,,2025-12-05T13:23:08Z,2019,2019-01-01,2019-12-31
6279154,GHED_GGHE-DGGE_SHA2011,COUNTRY,KIR,WPR,Western Pacific,YEAR,2010,,,,,,,,,10.45,10.44525528,,,,2025-12-05T13:23:08Z,2010,2010-01-01,2010-12-31
6281366,GHED_GGHE-DGGE_SHA2011,COUNTRY,CHN,WPR,Western Pacific,YEAR,2005,,,,,,,,,7.49,7.48882914,,,,2025-12-05T13:23:08Z,2005,2005-01-01,2005-12-31
6282915,GHED_GGHE-DGGE_SHA2011,COUNTRY,PLW,WPR,Western Pacific,YEAR,2018,,,,,,,,,16.01,16.0098114,,,,2025-12-05T13:23:08Z,2018,2018-01-01,2018-12-31
6282959,GHED_GGHE-DGGE_SHA2011,COUNTRY,DMA,AMR,Americas,YEAR,2007,,,,,,,,,7.10,7.09984493,,,,2025-12-05T13:23:08Z,2007,2007-01-01,2007-12-31
6285740,GHED_GGHE-DGGE_SHA2011,COUNTRY,ESP,EUR,Europe,YEAR,2012,,,,,,,,,13.35,13.35083103,,,,2025-12-05T13:23:08Z,2012,2012-01-01,2012-12-31
6286529,GHED_GGHE-DGGE_SHA2011,COUNTRY,GNQ,AFR,Africa,YEAR,2022,,,,,,,,,5.86,5.86133051,,,,2025-12-05T13:23:08Z,2022,2022-01-01,2022-12-31
6290668,GHED_GGHE-DGGE_SHA2011,COUNTRY,ITA,EUR,Europe,YEAR,2006,,,,,,,,,13.73,13.7288208,,,,2025-12-05T13:23:08Z,2006,2006-01-01,2006-12-31
6291180,GHED_GGHE-DGGE_SHA2011,COUNTRY,IND,SEAR,South-East Asia,YEAR,2010,,,,,,,,,3.11,3.11162996,,,,2025-12-05T13:23:08Z,2010,2010-01-01,2010-12-31
6293620,GHED_GGHE-DGGE_SHA2011,COUNTRY,LUX,EUR,Europe,YEAR,2010,,,,,,,,,13.62,13.62410641,,,,2025-12-05T13:23:08Z,2010,2010-01-01,2010-12-31
6297008,GHED_GGHE-DGGE_SHA2011,COUNTRY,TKM,EUR,Europe,YEAR,2008,,,,,,,,,8.71,8.7096386,,,,2025-12-05T13:23:08Z,2008,2008-01-01,2008-12-31
6297995,GHED_GGHE-DGGE_SHA2011,COUNTRY,KAZ,EUR,Europe,YEAR,2018,,,,,,,,,9.10,9.09603882,,,,2025-12-05T13:23:08Z,2018,2018-01-01,2018-12-31
6300407,GHED_GGHE-DGGE_SHA2011,COUNTRY,COL,AMR,Americas,YEAR,2004,,,,,,,,,15.74,15.73734665,,,,2025-12-05T13:23:08Z,2004,2004-01-01,2004-12-31
6301721,GHED_GGHE-DGGE_SHA2011,COUNTRY,OMN,EMR,Eastern Mediterranean,YEAR,2006,,,,,,,,,5.42,5.42304897,,,,2025-12-05T13:23:08Z,2006,2006-01-01,2006-12-31
6305296,GHED_GGHE-DGGE_SHA2011,REGION,EMR,,,YEAR,2001,,,,,,,,,7.78,7.77793997,,,,2025-12-05T13:23:08Z,2001,2001-01-01,2001-12-31
6306888,GHED_GGHE-DGGE_SHA2011,COUNTRY,DEU,EUR,Europe,YEAR,2001,,,,,,,,,16.11,16.10756302,,,,2025-12-05T13:23:08Z,2001,2001-01-01,2001-12-31
6308416,GHED_GGHE-DGGE_SHA2011,COUNTRY,MKD,EUR,Europe,YEAR,2015,,,,,,,,,12.78,12.78399658,,,,2025-12-05T13:23:08Z,2015,2015-01-01,2015-12-31
6313991,GHED_GGHE-DGGE_SHA2011,COUNTRY,IND,SEAR,South-East Asia,YEAR,2007,,,,,,,,,2.79,2.78734279,,,,2025-12-05T13:23:08Z,2007,2007-01-01,2007-12-31
6315264,GHED_GGHE-DGGE_SHA2011,COUNTRY,PHL,WPR,Western Pacific,YEAR,2011,,,,,,,,,6.17,6.16743231,,,,2025-12-05T13:23:08Z,2011,2011-01-01,2011-12-31
6315455,GHED_GGHE-DGGE_SHA2011,COUNTRY,GNB,AFR,Africa,YEAR,2007,,,,,,,,,2.52,2.52350521,,,,2025-12-05T13:23:08Z,2007,2007-01-01,2007-12-31
6316234,GHED_GGHE-DGGE_SHA2011,COUNTRY,DNK,EUR,Europe,YEAR,2023,,,,,,,,,16.92,16.91726875,,,,2025-12-05T13:23:08Z,2023,2023-01-01,2023-12-31
6316241,GHED_GGHE-DGGE_SHA2011,COUNTRY,GTM,AMR,Americas,YEAR,2010,,,,,,,,,14.25,14.24816608,,,,2025-12-05T13:23:08Z,2010,2010-01-01,2010-12-31
6316968,GHED_GGHE-DGGE_SHA2011,REGION,AFR,,,YEAR,2010,,,,,,,,,6.55,6.5478674,,,,2025-12-05T13:23:08Z,2010,2010-01-01,2010-12-31
6318325,GHED_GGHE-DGGE_SHA2011,COUNTRY,TKM,EUR,Europe,YEAR,2010,,,,,,,,,8.71,8.7116909,,,,2025-12-05T13:23:08Z,2010,2010-01-01,2010-12-31
6318363,GHED_GGHE-DGGE_SHA2011,COUNTRY,HTI,AMR,Americas,YEAR,2016,,,,,,,,,5.02,5.02242136,,,,2025-12-05T13:23:08Z,2016,2016-01-01,2016-12-31
6321687,GHED_GGHE-DGGE_SHA2011,COUNTRY,CYP,EUR,Europe,YEAR,2005,,,,,,,,,5.43,5.43130541,,,,2025-12-05T13:23:08Z,2005,2005-01-01,2005-12-31
6324362,GHED_GGHE-DGGE_SHA2011,COUNTRY,GIN,AFR,Africa,YEAR,2011,,,,,,,,,3.18,3.18447471,,,,2025-12-05T13:23:08Z,2011,2011-01-01,2011-12-31
6327194,GHED_GGHE-DGGE_SHA2011,COUNTRY,HUN,EUR,Europe,YEAR,2017,,,,,,,,,9.88,9.88214207,,,,2025-12-05T13:23:08Z,2017,2017-01-01,2017-12-31
6328833,GHED_GGHE-DGGE_SHA2011,COUNTRY,VUT,WPR,Western Pacific,YEAR,2013,,,,,,,,,9.80,9.8033247,,,,2025-12-05T13:23:08Z,2013,2013-01-01,2013-12-31
6329951,GHED_GGHE-DGGE_SHA2011,COUNTRY,KWT,EMR,Eastern Mediterranean,YEAR,2018,,,,,,,,,9.01,9.01217556,,,,2025-12-05T13:23:08Z,2018,2018-01-01,2018-12-31
6330982,GHED_GGHE-DGGE_SHA2011,COUNTRY,ETH,AFR,Africa,YEAR,2018,,,,,,,,,4.76,4.76060486,,,,2025-12-05T13:23:08Z,2018,2018-01-01,2018-12-31
6332904,GHED_GGHE-DGGE_SHA2011,COUNTRY,MAR,EMR,Eastern Mediterranean,YEAR,2020,,,,,,,,,7.22,7.22068357,,,,2025-12-05T13:23:08Z,2020,2020-01-01,2020-12-31
6334067,GHED_GGHE-DGGE_SHA2011,COUNTRY,ESP,EUR,Europe,YEAR,2018,,,,,,,,,15.12,15.11951733,,,,2025-12-05T13:23:08Z,2018,2018-01-01,2018-12-31
6337336,GHED_GGHE-DGGE_SHA2011,COUNTRY,CUB,AMR,Americas,YEAR,2003,,,,,,,,,10.89,10.89082336,,,,2025-12-05T13:23:08Z,2003,2003-01-01,2003-12-31
6337982,GHED_GGHE-DGGE_SHA2011,COUNTRY,COM,AFR,Africa,YEAR,2002,,,,,,,,,6.71,6.71070385,,,,2025-12-05T13:23:08Z,2002,2002-01-01,2002-12-31
6339882,GHED_GGHE-DGGE_SHA2011,COUNTRY,IND,SEAR,South-East Asia,YEAR,2019,,,,,,,,,3.85,3.84729862,,,,2025-12-05T13:23:08Z,2019,2019-01-01,2019-12-31
6342360,GHED_GGHE-DGGE_SHA2011,COUNTRY,CAN,AMR,Americas,YEAR,2013,,,,,,,,,18.53,18.53056145,,,,2025-12-05T13:23:08Z,2013,2013-01-01,2013-12-31
6343353,GHED_GGHE-DGGE_SHA2011,COUNTRY,SLV,AMR,Americas,YEAR,2014,,,,,,,,,16.98,16.9780407,,,,2025-12-05T13:23:08Z,2014,2014-01-01,2014-12-31
6344091,GHED_GGHE-DGGE_SHA2011,COUNTRY,GIN,AFR,Africa,YEAR,2006,,,,,,,,,1.89,1.88660884,,,,2025-12-05T13:23:08Z,2006,2006-01-01,2006-12-31
6344241,GHED_GGHE-DGGE_SHA2011,COUNTRY,GIN,AFR,Africa,YEAR,2009,,,,,,,,,1.60,1.60398209,,,,2025-12-05T13:23:08Z,2009,2009-01-01,2009-12-31
6345766,GHED_GGHE-DGGE_SHA2011,COUNTRY,CAF,AFR,Africa,YEAR,2004,,,,,,,,,11.28,11.27606392,,,,2025-12-05T13:23:08Z,2004,2004-01-01,2004-12-31
6346392,GHED_GGHE-DGGE_SHA2011,COUNTRY,MWI,AFR,Africa,YEAR,2021,,,,,,,,,5.76,5.75638103,,,,2025-12-05T13:23:08Z,2021,2021-01-01,2021-12-31
6350140,GHED_GGHE-DGGE_SHA2011,COUNTRY,ATG,AMR,Americas,YEAR,2017,,,,,,,,,11.61,11.6073885,,,,2025-12-05T13:23:08Z,2017,2017-01-01,2017-12-31
6352061,GHED_GGHE-DGGE_SHA2011,COUNTRY,COG,AFR,Africa,YEAR,2020,,,,,,,,,8.22,8.21684074,,,,2025-12-05T13:23:08Z,2020,2020-01-01,2020-12-31
6355588,GHED_GGHE-DGGE_SHA2011,COUNTRY,YEM,EMR,Eastern Mediterranean,YEAR,2012,,,,,,,,,3.43,3.42734075,,,,2025-12-05T13:23:08Z,2012,2012-01-01,2012-12-31
6357446,GHED_GGHE-DGGE_SHA2011,COUNTRY,JPN,WPR,Western Pacific,YEAR,2018,,,,,,,,,24.49,24.48888969,,,,2025-12-05T13:23:08Z,2018,2018-01-01,2018-12-31
6358598,GHED_GGHE-DGGE_SHA2011,COUNTRY,MDV,SEAR,South-East Asia,YEAR,2015,,,,,,,,,18.45,18.45426559,,,,2025-12-05T13:23:08Z,2015,2015-01-01,2015-12-31
6359725,GHED_GGHE-DGGE_SHA2011,COUNTRY,BDI,AFR,Africa,YEAR,2016,,,,,,,,,9.90,9.90449238,,,,2025-12-05T13:23:08Z,2016,2016-01-01,2016-12-31
6365051,GHED_GGHE-DGGE_SHA2011,COUNTRY,MYS,WPR,Western Pacific,YEAR,2019,,,,,,,,,8.52,8.52427959,,,,2025-12-05T13:23:08Z,2019,2019-01-01,2019-12-31
6366298,GHED_GGHE-DGGE_SHA2011,COUNTRY,PRY,AMR,Americas,YEAR,2003,,,,,,,,,10.35,10.3490591,,,,2025-12-05T13:23:08Z,2003,2003-01-01,2003-12-31
6366325,GHED_GGHE-DGGE_SHA2011,COUNTRY,GAB,AFR,Africa,YEAR,2011,,,,,,,,,7.18,7.18316364,,,,2025-12-05T13:23:08Z,2011,2011-01-01,2011-12-31
6369139,GHED_GGHE-DGGE_SHA2011,COUNTRY,KWT,EMR,Eastern Mediterranean,YEAR,2009,,,,,,,,,5.18,5.17794514,,,,2025-12-05T13:23:08Z,2009,2009-01-01,2009-12-31
6369327,GHED_GGHE-DGGE_SHA2011,COUNTRY,DOM,AMR,Americas,YEAR,2021,,,,,,,,,18.26,18.2608757,,,,2025-12-05T13:23:08Z,2021,2021-01-01,2021-12-31
6369746,GHED_GGHE-DGGE_SHA2011,COUNTRY,GTM,AMR,Americas,YEAR,2004,,,,,,,,,15.73,15.73237419,,,,2025-12-05T13:23:08Z,2004,2004-01-01,2004-12-31
6372771,GHED_GGHE-DGGE_SHA2011,COUNTRY,PSE,EMR,Eastern Mediterranean,YEAR,2007,,,,,,,,,7.43,7.4269166,,,,2025-12-05T13:23:08Z,2007,2007-01-01,2007-12-31
6372783,GHED_GGHE-DGGE_SHA2011,COUNTRY,GEO,EUR,Europe,YEAR,2011,,,,,,,,,5.04,5.04166079,,,,2025-12-05T13:23:08Z,2011,2011-01-01,2011-12-31
6373232,GHED_GGHE-DGGE_SHA2011,COUNTRY,JOR,EMR,Eastern Mediterranean,YEAR,2002,,,,,,,,,13.38,13.38210011,,,,2025-12-05T13:23:08Z,2002,2002-01-01,2002-12-31
6381097,GHED_GGHE-DGGE_SHA2011,COUNTRY,BEN,AFR,Africa,YEAR,2018,,,,,,,,,4.02,4.02434921,,,,2025-12-05T13:23:08Z,2018,2018-01-01,2018-12-31
6383107,GHED_GGHE-DGGE_SHA2011,COUNTRY,BFA,AFR,Africa,YEAR,2013,,,,,,,,,6.38,6.38293219,,,,2025-12-05T13:23:08Z,2013,2013-01-01,2013-12-31
6384587,GHED_GGHE-DGGE_SHA2011,COUNTRY,ATG,AMR,Americas,YEAR,2005,,,,,,,,,11.53,11.53017235,,,,2025-12-05T13:23:08Z,2005,2005-01-01,2005-12-31
6384726,GHED_GGHE-DGGE_SHA2011,COUNTRY,DEU,EUR,Europe,YEAR,2003,,,,,,,,,16.39,16.38513756,,,,2025-12-05T13:23:08Z,2003,2003-01-01,2003-12-31
6385428,GHED_GGHE-DGGE_SHA2011,COUNTRY,KOR,WPR,Western Pacific,YEAR,2008,,,,,,,,,9.80,9.79573822,,,,2025-12-05T13:23:08Z,2008,2008-01-01,2008-12-31
6386713,GHED_GGHE-DGGE_SHA2011,COUNTRY,SAU,EMR,Eastern Mediterranean,YEAR,2009,,,,,,,,,7.52,7.5224123,,,,2025-12-05T13:23:08Z,2009,2009-01-01,2009-12-31
6388029,GHED_GGHE-DGGE_SHA2011,COUNTRY,GRC,EUR,Europe,YEAR,2011,,,,,,,,,10.96,10.9583807,,,,2025-12-05T13:23:08Z,2011,2011-01-01,2011-12-31
6388336,GHED_GGHE-DGGE_SHA2011,COUNTRY,FRA,EUR,Europe,YEAR,2013,,,,,,,,,13.98,13.98372078,,,,2025-12-05T13:23:08Z,2013,2013-01-01,2013-12-31
6391131,GHED_GGHE-DGGE_SHA2011,COUNTRY,MRT,AFR,Africa,YEAR,2012,,,,,,,,,4.17,4.16698551,,,,2025-12-05T13:23:08Z,2012,2012-01-01,2012-12-31
6392239,GHED_GGHE-DGGE_SHA2011,COUNTRY,PNG,WPR,Western Pacific,YEAR,2006,,,,,,,,,8.38,8.3770504,,,,2025-12-05T13:23:08Z,2006,2006-01-01,2006-12-31
6398825,GHED_GGHE-DGGE_SHA2011,COUNTRY,MHL,WPR,Western Pacific,YEAR,2009,,,,,,,,,9.85,9.85496807,,,,2025-12-05T13:23:08Z,2009,2009-01-01,2009-12-31
6399149,GHED_GGHE-DGGE_SHA2011,COUNTRY,KOR,WPR,Western Pacific,YEAR,2014,,,,,,,,,11.74,11.73864746,,,,2025-12-05T13:23:08Z,2014,2014-01-01,2014-12-31
6399828,GHED_GGHE-DGGE_SHA2011,COUNTRY,SWZ,AFR,Africa,YEAR,2007,,,,,,,,,12.37,12.37345791,,,,2025-12-05T13:23:08Z,2007,2007-01-01,2007-12-31
6399989,GHED_GGHE-DGGE_SHA2011,COUNTRY,ETH,AFR,Africa,YEAR,2023,,,,,,,,,5.68,5.67670202,,,,2025-12-05T13:23:08Z,2023,2023-01-01,2023-12-31
6400160,GHED_GGHE-DGGE_SHA2011,COUNTRY,EST,EUR,Europe,YEAR,2011,,,,,,,,,11.93,11.92760563,,,,2025-12-05T13:23:08Z,2011,2011-01-01,2011-12-31
6401345,GHED_GGHE-DGGE_SHA2011,COUNTRY,BOL,AMR,Americas,YEAR,2002,,,,,,,,,7.82,7.8159523,,,,2025-12-05T13:23:08Z,2002,2002-01-01,2002-12-31
6401935,GHED_GGHE-DGGE_SHA2011,COUNTRY,AUS,WPR,Western Pacific,YEAR,2010,,,,,,,,,16.11,16.11460304,,,,2025-12-05T13:23:08Z,2010,2010-01-01,2010-12-31
6404876,GHED_GGHE-DGGE_SHA2011,COUNTRY,NRU,WPR,Western Pacific,YEAR,2014,,,,,,,,,10.09,10.09282684,,,,2025-12-05T13:23:08Z,2014,2014-01-01,2014-12-31
6406229,GHED_GGHE-DGGE_SHA2011,COUNTRY,CHN,WPR,Western Pacific,YEAR,2010,,,,,,,,,8.75,8.7509222,,,,2025-12-05T13:23:08Z,2010,2010-01-01,2010-12-31
6407041,GHED_GGHE-DGGE_SHA2011,COUNTRY,MHL,WPR,Western Pacific,YEAR,2014,,,,,,,,,10.18,10.18494606,,,,2025-12-05T13:23:08Z,2014,2014-01-01,2014-12-31
6408962,GHED_GGHE-DGGE_SHA2011,COUNTRY,MYS,WPR,Western Pacific,YEAR,2016,,,,,,,,,8.26,8.26288128,,,,2025-12-05T13:23:08Z,2016,2016-01-01,2016-12-31
6409885,GHED_GGHE-DGGE_SHA2011,COUNTRY,COD,AFR,Africa,YEAR,2010,,,,,,,,,2.50,2.49895263,,,,2025-12-05T13:23:08Z,2010,2010-01-01,2010-12-31
6410468,GHED_GGHE-DGGE_SHA2011,COUNTRY,CIV,AFR,Africa,YEAR,2021,,,,,,,,,7.77,7.77389526,,,,2025-12-05T13:23:08Z,2021,2021-01-01,2021-12-31
6411589,GHED_GGHE-DGGE_SHA2011,COUNTRY,SWE,EUR,Europe,YEAR,2008,,,,,,,,,13.43,13.43059635,,,,2025-12-05T13:23:08Z,2008,2008-01-01,2008-12-31
6412704,GHED_GGHE-DGGE_SHA2011,COUNTRY,BLZ,AMR,Americas,YEAR,2012,,,,,,,,,12.94,12.93638515,,,,2025-12-05T13:23:08Z,2012,2012-01-01,2012-12-31
6413010,GHED_GGHE-DGGE_SHA2011,COUNTRY,ESP,EUR,Europe,YEAR,2006,,,,,,,,,14.69,14.68880463,,,,2025-12-05T13:23:08Z,2006,2006-01-01,2006-12-31
6413311,GHED_GGHE-DGGE_SHA2011,COUNTRY,SYC,AFR,Africa,YEAR,2022,,,,,,,,,9.58,9.58416653,,,,2025-12-05T13:23:08Z,2022,2022-01-01,2022-12-31
6414289,GHED_GGHE-DGGE_SHA2011,COUNTRY,SYR,EMR,Eastern Mediterranean,YEAR,2004,,,,,,,,,6.82,6.81887627,,,,2025-12-05T13:23:08Z,2004,2004-01-01,2004-12-31
6420458,GHED_GGHE-DGGE_SHA2011,COUNTRY,SUR,AMR,Americas,YEAR,2019,,,,,,,,,15.05,15.04520512,,,,2025-12-05T13:23:08Z,2019,2019-01-01,2019-12-31
6424068,GHED_GGHE-DGGE_SHA2011,COUNTRY,JPN,WPR,Western Pacific,YEAR,2014,,,,,,,,,22.57,22.57162476,,,,2025-12-05T13:23:08Z,2014,2014-01-01,2014-12-31
6424747,GHED_GGHE-DGGE_SHA2011,COUNTRY,MEX,AMR,Americas,YEAR,2009,,,,,,,,,10.29,10.29210663,,,,2025-12-05T13:23:08Z,2009,2009-01-01,2009-12-31
6431721,GHED_GGHE-DGGE_SHA2011,COUNTRY,ERI,AFR,Africa,YEAR,2019,,,,,,,,,2.37,2.37287188,,,,2025-12-05T13:23:08Z,2019,2019-01-01,2019-12-31
6432115,GHED_GGHE-DGGE_SHA2011,GLOBAL,GLOBAL,,,YEAR,2009,,,,,,,,,9.58,9.58101101,,,,2025-12-05T13:23:08Z,2009,2009-01-01,2009-12-31
6432926,GHED_GGHE-DGGE_SHA2011,COUNTRY,ATG,AMR,Americas,YEAR,2016,,,,,,,,,11.61,11.60688305,,,,2025-12-05T13:23:08Z,2016,2016-01-01,2016-12-31
6438913,GHED_GGHE-DGGE_SHA2011,COUNTRY,VNM,WPR,Western Pacific,YEAR,2000,,,,,,,,,9.48,9.4822588,,,,2025-12-05T13:23:08Z,2000,2000-01-01,2000-12-31
6439836,GHED_GGHE-DGGE_SHA2011,WORLDBANKINCOMEGROUP,WB_LI,,,YEAR,2008,,,,,,,,,5.33,5.33374615,,,,2025-12-05T13:23:08Z,2008,2008-01-01,2008-12-31
6442318,GHED_GGHE-DGGE_SHA2011,COUNTRY,TON,WPR,Western Pacific,YEAR,2009,,,,,,,,,12.72,12.71696186,,,,2025-12-05T13:23:08Z,2009,2009-01-01,2009-12-31
6444023,GHED_GGHE-DGGE_SHA2011,COUNTRY,CHL,AMR,Americas,YEAR,2007,,,,,,,,,13.60,13.59831047,,,,2025-12-05T13:23:08Z,2007,2007-01-01,2007-12-31
6444272,GHED_GGHE-DGGE_SHA2011,COUNTRY,TUN,EMR,Eastern Mediterranean,YEAR,2023,,,,,,,,,12.10,12.10021591,,,,2025-12-05T13:23:08Z,2023,2023-01-01,2023-12-31
6444764,GHED_GGHE-DGGE_SHA2011,COUNTRY,SLE,AFR,Africa,YEAR,2011,,,,,,,,,5.35,5.35433006,,,,2025-12-05T13:23:08Z,2011,2011-01-01,2011-12-31
6445241,GHED_GGHE-DGGE_SHA2011,COUNTRY,MKD,EUR,Europe,YEAR,2014,,,,,,,,,12.67,12.67158699,,,,2025-12-05T13:23:08Z,2014,2014-01-01,2014-12-31
6450181,GHED_GGHE-DGGE_SHA2011,COUNTRY,CZE,EUR,Europe,YEAR,2005,,,,,,,,,12.75,12.75457001,,,,2025-12-05T13:23:08Z,2005,2005-01-01,2005-12-31
6452430,GHED_GGHE-DGGE_SHA2011,COUNTRY,KOR,WPR,Western Pacific,YEAR,2020,,,,,,,,,13.01,13.01264095,,,,2025-12-05T13:23:08Z,2020,2020-01-01,2020-12-31
6454713,GHED_GGHE-DGGE_SHA2011,COUNTRY,PNG,WPR,Western Pacific,YEAR,2010,,,,,,,,,7.07,7.0693121,,,,2025-12-05T13:23:08Z,2010,2010-01-01,2010-12-31
6455407,GHED_GGHE-DGGE_SHA2011,COUNTRY,LAO,WPR,Western Pacific,YEAR,2002,,,,,,,,,6.13,6.12984419,,,,2025-12-05T13:23:08Z,2002,2002-01-01,2002-12-31
6455854,GHED_GGHE-DGGE_SHA2011,COUNTRY,STP,AFR,Africa,YEAR,2021,,,,,,,,,13.14,13.14262199,,,,2025-12-05T13:23:08Z,2021,2021-01-01,2021-12-31
6455890,GHED_GGHE-DGGE_SHA2011,COUNTRY,LUX,EUR,Europe,YEAR,2003,,,,,,,,,13.47,13.46735954,,,,2025-12-05T13:23:08Z,2003,2003-01-01,2003-12-31
6456614,GHED_GGHE-DGGE_SHA2011,COUNTRY,SVN,EUR,Europe,YEAR,2019,,,,,,,,,14.16,14.15869808,,,,2025-12-05T13:23:08Z,2019,2019-01-01,2019-12-31
6458482,GHED_GGHE-DGGE_SHA2011,COUNTRY,TCD,AFR,Africa,YEAR,2010,,,,,,,,,3.50,3.49792719,,,,2025-12-05T13:23:08Z,2010,2010-01-01,2010-12-31
6459260,GHED_GGHE-DGGE_SHA2011,COUNTRY,JAM,AMR,Americas,YEAR,2008,,,,,,,,,8.36,8.35763645,,,,2025-12-05T13:23:08Z,2008,2008-01-01,2008-12-31
6459651,GHED_GGHE-DGGE_SHA2011,COUNTRY,AUS,WPR,Western Pacific,YEAR,2013,,,,,,,,,15.40,15.40093613,,,,2025-12-05T13:23:08Z,2013,2013-01-01,2013-12-31
6461045,GHED_GGHE-DGGE_SHA2011,COUNTRY,ARG,AMR,Americas,YEAR,2003,,,,,,,,,17.08,17.08436966,,,,2025-12-05T13:23:08Z,2003,2003-01-01,2003-12-31
6462847,GHED_GGHE-DGGE_SHA2011,COUNTRY,RWA,AFR,Africa,YEAR,2009,,,,,,,,,8.43,8.43024445,,,,2025-12-05T13:23:08Z,2009,2009-01-01,2009-12-31
6464534,GHED_GGHE-DGGE_SHA2011,COUNTRY,MNG,WPR,Western Pacific,YEAR,2002,,,,,,,,,10.90,10.90433216,,,,2025-12-05T13:23:08Z,2002,2002-01-01,2002-12-31
6467129,GHED_GGHE-DGGE_SHA2011,COUNTRY,COL,AMR,Americas,YEAR,2007,,,,,,,,,16.28,16.2844429,,,,2025-12-05T13:23:08Z,2007,2007-01-01,2007-12-31
6467160,GHED_GGHE-DGGE_SHA2011,COUNTRY,MDA,EUR,Europe,YEAR,2016,,,,,,,,,12.21,12.20803356,,,,2025-12-05T13:23:08Z,2016,2016-01-01,2016-12-31
6469670,GHED_GGHE-DGGE_SHA2011,COUNTRY,NAM,AFR,Africa,YEAR,2010,,,,,,,,,14.59,14.5885601,,,,2025-12-05T13:23:08Z,2010,2010-01-01,2010-12-31
6469676,GHED_GGHE-DGGE_SHA2011,COUNTRY,PAK,EMR,Eastern Mediterranean,YEAR,2004,,,,,,,,,4.51,4.51193905,,,,2025-12-05T13:23:08Z,2004,2004-01-01,2004-12-31
6470048,GHED_GGHE-DGGE_SHA2011,COUNTRY,MKD,EUR,Europe,YEAR,2009,,,,,,,,,12.19,12.19207191,,,,2025-12-05T13:23:08Z,2009,2009-01-01,2009-12-31
6472371,GHED_GGHE-DGGE_SHA2011,COUNTRY,JOR,EMR,Eastern Mediterranean,YEAR,2022,,,,,,,,,10.47,10.46629906,,,,2025-12-05T13:23:08Z,2022,2022-01-01,2022-12-31
6474064,GHED_GGHE-DGGE_SHA2011,COUNTRY,GIN,AFR,Africa,YEAR,2014,,,,,,,,,3.05,3.04792023,,,,2025-12-05T13:23:08Z,2014,2014-01-01,2014-12-31
6474618,GHED_GGHE-DGGE_SHA2011,COUNTRY,CUB,AMR,Americas,YEAR,2021,,,,,,,,,21.48,21.48275948,,,,2025-12-05T13:23:08Z,2021,2021-01-01,2021-12-31
6476132,GHED_GGHE-DGGE_SHA2011,COUNTRY,CHE,EUR,Europe,YEAR,2003,,,,,,,,,9.31,9.30684757,,,,2025-12-05T13:23:08Z,2003,2003-01-01,2003-12-31
6477166,GHED_GGHE-DGGE_SHA2011,COUNTRY,ETH,AFR,Africa,YEAR,2016,,,,,,,,,5.02,5.02445269,,,,2025-12-05T13:23:08Z,2016,2016-01-01,2016-12-31
6478403,GHED_GGHE-DGGE_SHA2011,COUNTRY,MLI,AFR,Africa,YEAR,2003,,,,,,,,,6.79,6.78597498,,,,2025-12-05T13:23:08Z,2003,2003-01-01,2003-12-31
6478566,GHED_GGHE-DGGE_SHA2011,COUNTRY,HUN,EUR,Europe,YEAR,2016,,,,,,,,,10.11,10.11028862,,,,2025-12-05T13:23:08Z,2016,2016-01-01,2016-12-31
6478604,GHED_GGHE-DGGE_SHA2011,COUNTRY,BEN,AFR,Africa,YEAR,2017,,,,,,,,,3.97,3.97174382,,,,2025-12-05T13:23:08Z,2017,2017-01-01,2017-12-31
6484036,GHED_GGHE-DGGE_SHA2011,COUNTRY,LAO,WPR,Western Pacific,YEAR,2010,,,,,,,,,2.69,2.69455552,,,,2025-12-05T13:23:08Z,2010,2010-01-01,2010-12-31
6491030,GHED_GGHE-DGGE_SHA2011,COUNTRY,HRV,EUR,Europe,YEAR,2019,,,,,,,,,11.96,11.95514011,,,,2025-12-05T13:23:08Z,2019,2019-01-01,2019-12-31
6494125,GHED_GGHE-DGGE_SHA2011,COUNTRY,SMR,EUR,Europe,YEAR,2018,,,,,,,,,29.99,29.98806953,,,,2025-12-05T13:23:08Z,2018,2018-01-01,2018-12-31
6494888,GHED_GGHE-DGGE_SHA2011,COUNTRY,GMB,AFR,Africa,YEAR,2018,,,,,,,,,5.51,5.51343632,,,,2025-12-05T13:23:08Z,2018,2018-01-01,2018-12-31
6497226,GHED_GGHE-DGGE_SHA2011,COUNTRY,IDN,WPR,Western Pacific,YEAR,2003,,,,,,,,,4.50,4.49961615,,,,2025-12-05T13:23:08Z,2003,2003-01-01,2003-12-31
6498015,GHED_GGHE-DGGE_SHA2011,COUNTRY,CAF,AFR,Africa,YEAR,2000,,,,,,,,,10.02,10.02161694,,,,2025-12-05T13:23:08Z,2000,2000-01-01,2000-12-31
6498100,GHED_GGHE-DGGE_SHA2011,COUNTRY,SAU,EMR,Eastern Mediterranean,YEAR,2008,,,,,,,,,7.08,7.08181906,,,,2025-12-05T13:23:08Z,2008,2008-01-01,2008-12-31
6503037,GHED_GGHE-DGGE_SHA2011,COUNTRY,SAU,EMR,Eastern Mediterranean,YEAR,2001,,,,,,,,,8.76,8.7618742,,,,2025-12-05T13:23:08Z,2001,2001-01-01,2001-12-31
6507912,GHED_GGHE-DGGE_SHA2011,REGION,AMR,,,YEAR,2004,,,,,,,,,11.86,11.8555483,,,,2025-12-05T13:23:08Z,2004,2004-01-01,2004-12-31
6510037,GHED_GGHE-DGGE_SHA2011,COUNTRY,CHE,EUR,Europe,YEAR,2002,,,,,,,,,8.84,8.83963394,,,,2025-12-05T13:23:08Z,2002,2002-01-01,2002-12-31
6512333,GHED_GGHE-DGGE_SHA2011,COUNTRY,PRT,EUR,Europe,YEAR,2011,,,,,,,,,12.53,12.53102016,,,,2025-12-05T13:23:08Z,2011,2011-01-01,2011-12-31
6513337,GHED_GGHE-DGGE_SHA2011,COUNTRY,NIC,AMR,Americas,YEAR,2013,,,,,,,,,15.99,15.98526001,,,,2025-12-05T13:23:08Z,2013,2013-01-01,2013-12-31
6515152,GHED_GGHE-DGGE_SHA2011,COUNTRY,MDA,EUR,Europe,YEAR,2009,,,,,,,,,12.88,12.87592316,,,,2025-12-05T13:23:08Z,2009,2009-01-01,2009-12-31
6515168,GHED_GGHE-DGGE_SHA2011,COUNTRY,SYR,EMR,Eastern Mediterranean,YEAR,2002,,,,,,,,,7.21,7.21175766,,,,2025-12-05T13:23:08Z,2002,2002-01-01,2002-12-31
6517280,GHED_GGHE-DGGE_SHA2011,WORLDBANKINCOMEGROUP,WB_UMI,,,YEAR,2019,,,,,,,,,11.55,11.55488516,,,,2025-12-05T13:23:08Z,2019,2019-01-01,2019-12-31
6518957,GHED_GGHE-DGGE_SHA2011,COUNTRY,GRD,AMR,Americas,YEAR,2005,,,,,,,,,9.11,9.11107826,,,,2025-12-05T13:23:08Z,2005,2005-01-01,2005-12-31
6519178,GHED_GGHE-DGGE_SHA2011,COUNTRY,CAF,AFR,Africa,YEAR,2017,,,,,,,,,5.26,5.25997734,,,,2025-12-05T13:23:08Z,2017,2017-01-01,2017-12-31
6521173,GHED_GGHE-DGGE_SHA2011,COUNTRY,NIC,AMR,Americas,YEAR,2023,,,,,,,,,18.29,18.28967285,,,,2025-12-05T13:23:08Z,2023,2023-01-01,2023-12-31
6531501,GHED_GGHE-DGGE_SHA2011,COUNTRY,DEU,EUR,Europe,YEAR,2007,,,,,,,,,17.07,17.06708717,,,,2025-12-05T13:23:08Z,2007,2007-01-01,2007-12-31
6532306,GHED_GGHE-DGGE_SHA2011,COUNTRY,MOZ,AFR,Africa,YEAR,2021,,,,,,,,,7.11,7.11263514,,,,2025-12-05T13:23:08Z,2021,2021-01-01,2021-12-31
6532821,GHED_GGHE-DGGE_SHA2011,COUNTRY,JAM,AMR,Americas,YEAR,2009,,,,,,,,,7.45,7.45104456,,,,2025-12-05T13:23:08Z,2009,2009-01-01,2009-12-31
6533893,GHED_GGHE-DGGE_SHA2011,COUNTRY,URY,AMR,Americas,YEAR,2007,,,,,,,,,13.54,13.53648949,,,,2025-12-05T13:23:08Z,2007,2007-01-01,2007-12-31
6534475,GHED_GGHE-DGGE_SHA2011,COUNTRY,NZL,WPR,Western Pacific,YEAR,2023,,,,,,,,,19.21,19.21035004,,,,2025-12-05T13:23:08Z,2023,2023-01-01,2023-12-31
6535393,GHED_GGHE-DGGE_SHA2011,GLOBAL,GLOBAL,,,YEAR,2018,,,,,,,,,10.30,10.29657227,,,,2025-12-05T13:23:08Z,2018,2018-01-01,2018-12-31
6536760,GHED_GGHE-DGGE_SHA2011,COUNTRY,MLT,EUR,Europe,YEAR,2020,,,,,,,,,15.62,15.62209702,,,,2025-12-05T13:23:08Z,2020,2020-01-01,2020-12-31
6537770,GHED_GGHE-DGGE_SHA2011,COUNTRY,ATG,AMR,Americas,YEAR,2009,,,,,,,,,6.33,6.33139181,,,,2025-12-05T13:23:08Z,2009,2009-01-01,2009-12-31
6538145,GHED_GGHE-DGGE_SHA2011,COUNTRY,LKA,SEAR,South-East Asia,YEAR,2017,,,,,,,,,7.64,7.6372261,,,,2025-12-05T13:23:08Z,2017,2017-01-01,2017-12-31
6540776,GHED_GGHE-DGGE_SHA2011,COUNTRY,ZAF,AFR,Africa,YEAR,2002,,,,,,,,,10.38,10.37981224,,,,2025-12-05T13:23:08Z,2002,2002-01-01,2002-12-31
6543203,GHED_GGHE-DGGE_SHA2011,COUNTRY,PHL,WPR,Western Pacific,YEAR,2000,,,,,,,,,6.52,6.51838589,,,,2025-12-05T13:23:08Z,2000,2000-01-01,2000-12-31
6543438,GHED_GGHE-DGGE_SHA2011,COUNTRY,OMN,EMR,Eastern Mediterranean,YEAR,2008,,,,,,,,,5.41,5.40967321,,,,2025-12-05T13:23:08Z,2008,2008-01-01,2008-12-31
6544724,GHED_GGHE-DGGE_SHA2011,COUNTRY,AUS,WPR,Western Pacific,YEAR,2006,,,,,,,,,15.94,15.93996811,,,,2025-12-05T13:23:08Z,2006,2006-01-01,2006-12-31
6549904,GHED_GGHE-DGGE_SHA2011,COUNTRY,NIC,AMR,Americas,YEAR,2020,,,,,,,,,18.30,18.29687119,,,,2025-12-05T13:23:08Z,2020,2020-01-01,2020-12-31
6550174,GHED_GGHE-DGGE_SHA2011,COUNTRY,OMN,EMR,Eastern Mediterranean,YEAR,2021,,,,,,,,,10.55,10.54545403,,,,2025-12-05T13:23:08Z,2021,2021-01-01,2021-12-31
6550942,GHED_GGHE-DGGE_SHA2011,COUNTRY,MDG,AFR,Africa,YEAR,2017,,,,,,,,,15.03,15.03208733,,,,2025-12-05T13:23:08Z,2017,2017-01-01,2017-12-31
6553932,GHED_GGHE-DGGE_SHA2011,COUNTRY,TUR,EUR,Europe,YEAR,2009,,,,,,,,,11.88,11.8805933,,,,2025-12-05T13:23:08Z,2009,2009-01-01,2009-12-31
6554151,GHED_GGHE-DGGE_SHA2011,COUNTRY,DMA,AMR,Americas,YEAR,2009,,,,,,,,,7.42,7.4169898,,,,2025-12-05T13:23:08Z,2009,2009-01-01,2009-12-31
6566384,GHED_GGHE-DGGE_SHA2011,COUNTRY,PSE,EMR,Eastern Mediterranean,YEAR,2005,,,,,,,,,8.15,8.1465396899999991,,,,2025-12-05T13:23:08Z,2005,2005-01-01,2005-12-31
6566605,GHED_GGHE-DGGE_SHA2011,COUNTRY,LUX,EUR,Europe,YEAR,2020,,,,,,,,,10.71,10.71037102,,,,2025-12-05T13:23:08Z,2020,2020-01-01,2020-12-31
6567098,GHED_GGHE-DGGE_SHA2011,COUNTRY,DOM,AMR,Americas,YEAR,2002,,,,,,,,,10.19,10.19451523,,,,2025-12-05T13:23:08Z,2002,2002-01-01,2002-12-31
6572780,GHED_GGHE-DGGE_SHA2011,COUNTRY,AND,EUR,Europe,YEAR,2008,,,,,,,,,24.81,24.805690769999998,,,,2025-12-05T13:23:08Z,2008,2008-01-01,2008-12-31
6577472,GHED_GGHE-DGGE_SHA2011,COUNTRY,ZAF,AFR,Africa,YEAR,2018,,,,,,,,,15.29,15.28983974,,,,2025-12-05T13:23:08Z,2018,2018-01-01,2018-12-31
6588558,GHED_GGHE-DGGE_SHA2011,COUNTRY,TTO,AMR,Americas,YEAR,2017,,,,,,,,,11.17,11.17306709,,,,2025-12-05T13:23:08Z,2017,2017-01-01,2017-12-31
6589892,GHED_GGHE-DGGE_SHA2011,COUNTRY,BWA,AFR,Africa,YEAR,2002,,,,,,,,,8.18,8.17829704,,,,2025-12-05T13:23:08Z,2002,2002-01-01,2002-12-31
6591642,GHED_GGHE-DGGE_SHA2011,COUNTRY,BHR,EMR,Eastern Mediterranean,YEAR,2003,,,,,,,,,8.76,8.75817966,,,,2025-12-05T13:23:08Z,2003,2003-01-01,2003-12-31
6595139,GHED_GGHE-DGGE_SHA2011,COUNTRY,ESP,EUR,Europe,YEAR,2010,,,,,,,,,14.75,14.74666214,,,,2025-12-05T13:23:08Z,2010,2010-01-01,2010-12-31
6595670,GHED_GGHE-DGGE_SHA2011,COUNTRY,BLR,EUR,Europe,YEAR,2006,,,,,,,,,8.44,8.44287395,,,,2025-12-05T13:23:08Z,2006,2006-01-01,2006-12-31
6596493,GHED_GGHE-DGGE_SHA2011,COUNTRY,BRN,WPR,Western Pacific,YEAR,2023,,,,,,,,,7.02,7.02334976,,,,2025-12-05T13:23:08Z,2023,2023-01-01,2023-12-31
6599023,GHED_GGHE-DGGE_SHA2011,COUNTRY,KNA,AMR,Americas,YEAR,2009,,,,,,,,,6.50,6.49729109,,,,2025-12-05T13:23:08Z,2009,2009-01-01,2009-12-31
6600507,GHED_GGHE-DGGE_SHA2011,COUNTRY,VNM,WPR,Western Pacific,YEAR,2008,,,,,,,,,8.12,8.12048721,,,,2025-12-05T13:23:08Z,2008,2008-01-01,2008-12-31
6607322,GHED_GGHE-DGGE_SHA2011,COUNTRY,RUS,EUR,Europe,YEAR,2015,,,,,,,,,8.82,8.81614971,,,,2025-12-05T13:23:08Z,2015,2015-01-01,2015-12-31
6608503,GHED_GGHE-DGGE_SHA2011,COUNTRY,UGA,AFR,Africa,YEAR,2023,,,,,,,,,4.86,4.86039877,,,,2025-12-05T13:23:08Z,2023,2023-01-01,2023-12-31
6609112,GHED_GGHE-DGGE_SHA2011,COUNTRY,MDV,SEAR,South-East Asia,YEAR,2018,,,,,,,,,17.68,17.67908669,,,,2025-12-05T13:23:08Z,2018,2018-01-01,2018-12-31
6612872,GHED_GGHE-DGGE_SHA2011,COUNTRY,SYC,AFR,Africa,YEAR,2017,,,,,,,,,9.55,9.54629803,,,,2025-12-05T13:23:08Z,2017,2017-01-01,2017-12-31
6614470,GHED_GGHE-DGGE_SHA2011,COUNTRY,AZE,EUR,Europe,YEAR,2009,,,,,,,,,3.28,3.28483939,,,,2025-12-05T13:23:08Z,2009,2009-01-01,2009-12-31
6614935,GHED_GGHE-DGGE_SHA2011,COUNTRY,KHM,WPR,Western Pacific,YEAR,2022,,,,,,,,,6.42,6.41508818,,,,2025-12-05T13:23:08Z,2022,2022-01-01,2022-12-31
6617871,GHED_GGHE-DGGE_SHA2011,COUNTRY,LVA,EUR,Europe,YEAR,2006,,,,,,,,,9.62,9.62257767,,,,2025-12-05T13:23:08Z,2006,2006-01-01,2006-12-31
6617996,GHED_GGHE-DGGE_SHA2011,REGION,WPR,,,YEAR,2023,,,,,,,,,11.10,11.09974412,,,,2025-12-05T13:23:08Z,2023,2023-01-01,2023-12-31
6619485,GHED_GGHE-DGGE_SHA2011,COUNTRY,SRB,EUR,Europe,YEAR,2022,,,,,,,,,13.95,13.95386887,,,,2025-12-05T13:23:08Z,2022,2022-01-01,2022-12-31
6625185,GHED_GGHE-DGGE_SHA2011,COUNTRY,BLR,EUR,Europe,YEAR,2000,,,,,,,,,12.13,12.1293211,,,,2025-12-05T13:23:08Z,2000,2000-01-01,2000-12-31
6625320,GHED_GGHE-DGGE_SHA2011,COUNTRY,BRA,AMR,Americas,YEAR,2001,,,,,,,,,8.83,8.826087,,,,2025-12-05T13:23:08Z,2001,2001-01-01,2001-12-31
6626220,GHED_GGHE-DGGE_SHA2011,COUNTRY,USA,AMR,Americas,YEAR,2003,,,,,,,,,17.51,17.5054512,,,,2025-12-05T13:23:08Z,2003,2003-01-01,2003-12-31
6627128,GHED_GGHE-DGGE_SHA2011,COUNTRY,ITA,EUR,Europe,YEAR,2001,,,,,,,,,12.21,12.20876884,,,,2025-12-05T13:23:08Z,2001,2001-01-01,2001-12-31
6627942,GHED_GGHE-DGGE_SHA2011,COUNTRY,TCD,AFR,Africa,YEAR,2013,,,,,,,,,5.04,5.03679276,,,,2025-12-05T13:23:08Z,2013,2013-01-01,2013-12-31
6631208,GHED_GGHE-DGGE_SHA2011,COUNTRY,SGP,WPR,Western Pacific,YEAR,2023,,,,,,,,,17.39,17.38876152,,,,2025-12-05T13:23:08Z,2023,2023-01-01,2023-12-31
6632225,GHED_GGHE-DGGE_SHA2011,COUNTRY,TUR,EUR,Europe,YEAR,2012,,,,,,,,,10.31,10.30854511,,,,2025-12-05T13:23:08Z,2012,2012-01-01,2012-12-31
6632486,GHED_GGHE-DGGE_SHA2011,COUNTRY,BGD,SEAR,South-East Asia,YEAR,2015,,,,,,,,,3.38,3.37688875,,,,2025-12-05T13:23:08Z,2015,2015-01-01,2015-12-31
6633155,GHED_GGHE-DGGE_SHA2011,COUNTRY,GEO,EUR,Europe,YEAR,2018,,,,,,,,,10.32,10.32494736,,,,2025-12-05T13:23:08Z,2018,2018-01-01,2018-12-31
6633944,GHED_GGHE-DGGE_SHA2011,COUNTRY,TTO,AMR,Americas,YEAR,2007,,,,,,,,,7.45,7.45142078,,,,2025-12-05T13:23:08Z,2007,2007-01-01,2007-12-31
6638674,GHED_GGHE-DGGE_SHA2011,COUNTRY,NER,AFR,Africa,YEAR,2022,,,,,,,,,7.11,7.1149826,,,,2025-12-05T13:23:08Z,2022,2022-01-01,2022-12-31
6639176,GHED_GGHE-DGGE_SHA2011,COUNTRY,CHE,EUR,Europe,YEAR,2008,,,,,,,,,9.78,9.77972221,,,,2025-12-05T13:23:08Z,2008,2008-01-01,2008-12-31
6639262,GHED_GGHE-DGGE_SHA2011,COUNTRY,EGY,EMR,Eastern Mediterranean,YEAR,2018,,,,,,,,,4.72,4.72158527,,,,2025-12-05T13:23:08Z,2018,2018-01-01,2018-12-31
6642380,GHED_GGHE-DGGE_SHA2011,COUNTRY,FRA,EUR,Europe,YEAR,2007,,,,,,,,,13.95,13.95229912,,,,2025-12-05T13:23:08Z,2007,2007-01-01,2007-12-31
6642383,GHED_GGHE-DGGE_SHA2011,COUNTRY,PLW,WPR,Western Pacific,YEAR,2019,,,,,,,,,16.55,16.55340767,,,,2025-12-05T13:23:08Z,2019,2019-01-01,2019-12-31
6643141,GHED_GGHE-DGGE_SHA2011,COUNTRY,TUR,EUR,Europe,YEAR,2005,,,,,,,,,10.32,10.3244648,,,,2025-12-05T13:23:08Z,2005,2005-01-01,2005-12-31
6643740,GHED_GGHE-DGGE_SHA2011,COUNTRY,CUB,AMR,Americas,YEAR,2009,,,,,,,,,14.93,14.93230438,,,,2025-12-05T13:23:08Z,2009,2009-01-01,2009-12-31
6646835,GHED_GGHE-DGGE_SHA2011,COUNTRY,BDI,AFR,Africa,YEAR,2015,,,,,,,,,10.44,10.44351768,,,,2025-12-05T13:23:08Z,2015,2015-01-01,2015-12-31
6647844,GHED_GGHE-DGGE_SHA2011,COUNTRY,NGA,AFR,Africa,YEAR,2023,,,,,,,,,3.91,3.91390824,,,,2026-01-12T13:50:53Z,2023,2023-01-01,2023-12-31
6648870,GHED_GGHE-DGGE_SHA2011,COUNTRY,TTO,AMR,Americas,YEAR,2018,,,,,,,,,10.67,10.66987896,,,,2025-12-05T13:23:08Z,2018,2018-01-01,2018-12-31
6652530,GHED_GGHE-DGGE_SHA2011,COUNTRY,GMB,AFR,Africa,YEAR,2005,,,,,,,,,6.31,6.30897522,,,,2025-12-05T13:23:08Z,2005,2005-01-01,2005-12-31
6652656,GHED_GGHE-DGGE_SHA2011,COUNTRY,IRQ,EMR,Eastern Mediterranean,YEAR,2023,,,,,,,,,6.18,6.18478203,,,,2025-12-05T13:23:08Z,2023,2023-01-01,2023-12-31
6653490,GHED_GGHE-DGGE_SHA2011,COUNTRY,BLZ,AMR,Americas,YEAR,2022,,,,,,,,,11.45,11.44796753,,,,2025-12-05T13:23:08Z,2022,2022-01-01,2022-12-31
6656658,GHED_GGHE-DGGE_SHA2011,COUNTRY,PLW,WPR,Western Pacific,YEAR,2003,,,,,,,,,8.16,8.1612854,,,,2025-12-05T13:23:08Z,2003,2003-01-01,2003-12-31
6659149,GHED_GGHE-DGGE_SHA2011,COUNTRY,UGA,AFR,Africa,YEAR,2010,,,,,,,,,7.11,7.1137476,,,,2025-12-05T13:23:08Z,2010,2010-01-01,2010-12-31
6659337,GHED_GGHE-DGGE_SHA2011,COUNTRY,MYS,WPR,Western Pacific,YEAR,2005,,,,,,,,,5.55,5.55390263,,,,2025-12-05T13:23:08Z,2005,2005-01-01,2005-12-31
6661853,GHED_GGHE-DGGE_SHA2011,COUNTRY,NGA,AFR,Africa,YEAR,2006,,,,,,,,,7.32,7.32234478,,,,2025-12-05T13:23:08Z,2006,2006-01-01,2006-12-31
6661924,GHED_GGHE-DGGE_SHA2011,COUNTRY,CUB,AMR,Americas,YEAR,2005,,,,,,,,,11.67,11.66760921,,,,2025-12-05T13:23:08Z,2005,2005-01-01,2005-12-31
6662348,GHED_GGHE-DGGE_SHA2011,COUNTRY,JPN,WPR,Western Pacific,YEAR,2008,,,,,,,,,18.10,18.09814644,,,,2025-12-05T13:23:08Z,2008,2008-01-01,2008-12-31
6663382,GHED_GGHE-DGGE_SHA2011,REGION,EMR,,,YEAR,2011,,,,,,,,,7.15,7.14935535,,,,2025-12-05T13:23:08Z,2011,2011-01-01,2011-12-31
6663798,GHED_GGHE-DGGE_SHA2011,COUNTRY,GTM,AMR,Americas,YEAR,2014,,,,,,,,,16.46,16.46030045,,,,2025-12-05T13:23:08Z,2014,2014-01-01,2014-12-31
6676266,GHED_GGHE-DGGE_SHA2011,COUNTRY,HRV,EUR,Europe,YEAR,2023,,,,,,,,,12.84,12.84025669,,,,2025-12-05T13:23:08Z,2023,2023-01-01,2023-12-31
6677477,GHED_GGHE-DGGE_SHA2011,COUNTRY,PAK,EMR,Eastern Mediterranean,YEAR,2016,,,,,,,,,3.96,3.96008253,,,,2025-12-05T13:23:08Z,2016,2016-01-01,2016-12-31
6678815,GHED_GGHE-DGGE_SHA2011,COUNTRY,BHR,EMR,Eastern Mediterranean,YEAR,2006,,,,,,,,,8.94,8.94466305,,,,2025-12-05T13:23:08Z,2006,2006-01-01,2006-12-31
6678854,GHED_GGHE-DGGE_SHA2011,COUNTRY,SMR,EUR,Europe,YEAR,2004,,,,,,,,,19.72,19.72222137,,,,2025-12-05T13:23:08Z,2004,2004-01-01,2004-12-31
6679071,GHED_GGHE-DGGE_SHA2011,COUNTRY,LBY,EMR,Eastern Mediterranean,YEAR,2015,,,,,,,,,7.51,7.51431656,,,,2025-12-05T13:23:08Z,2015,2015-01-01,2015-12-31
6680613,GHED_GGHE-DGGE_SHA2011,REGION,AMR,,,YEAR,2001,,,,,,,,,11.68,11.67751718,,,,2025-12-05T13:23:08Z,2001,2001-01-01,2001-12-31
6681801,GHED_GGHE-DGGE_SHA2011,COUNTRY,PRT,EUR,Europe,YEAR,2020,,,,,,,,,13.76,13.75505638,,,,2025-12-05T13:23:08Z,2020,2020-01-01,2020-12-31
6684027,GHED_GGHE-DGGE_SHA2011,COUNTRY,IRQ,EMR,Eastern Mediterranean,YEAR,2018,,,,,,,,,6.43,6.43102264,,,,2025-12-05T13:23:08Z,2018,2018-01-01,2018-12-31
6685962,GHED_GGHE-DGGE_SHA2011,COUNTRY,BRA,AMR,Americas,YEAR,2007,,,,,,,,,8.64,8.63562584,,,,2025-12-05T13:23:08Z,2007,2007-01-01,2007-12-31
6687304,GHED_GGHE-DGGE_SHA2011,COUNTRY,ROU,EUR,Europe,YEAR,2020,,,,,,,,,11.99,11.99079895,,,,2025-12-05T13:23:08Z,2020,2020-01-01,2020-12-31
6688663,GHED_GGHE-DGGE_SHA2011,COUNTRY,HTI,AMR,Americas,YEAR,2002,,,,,,,,,7.36,7.3620429,,,,2025-12-05T13:23:08Z,2002,2002-01-01,2002-12-31
6689327,GHED_GGHE-DGGE_SHA2011,COUNTRY,MLI,AFR,Africa,YEAR,2013,,,,,,,,,4.13,4.12891102,,,,2025-12-05T13:23:08Z,2013,2013-01-01,2013-12-31
6689925,GHED_GGHE-DGGE_SHA2011,COUNTRY,BFA,AFR,Africa,YEAR,2022,,,,,,,,,8.40,8.39684868,,,,2025-12-05T13:23:08Z,2022,2022-01-01,2022-12-31
6690120,GHED_GGHE-DGGE_SHA2011,COUNTRY,NIC,AMR,Americas,YEAR,2003,,,,,,,,,12.24,12.24404907,,,,2025-12-05T13:23:08Z,2003,2003-01-01,2003-12-31
6693317,GHED_GGHE-DGGE_SHA2011,COUNTRY,KEN,AFR,Africa,YEAR,2020,,,,,,,,,8.91,8.91046047,,,,2025-12-05T13:23:08Z,2020,2020-01-01,2020-12-31
6694837,GHED_GGHE-DGGE_SHA2011,COUNTRY,FJI,WPR,Western Pacific,YEAR,2001,,,,,,,,,7.90,7.9022274,,,,2025-12-05T13:23:08Z,2001,2001-01-01,2001-12-31
6698334,GHED_GGHE-DGGE_SHA2011,COUNTRY,WSM,WPR,Western Pacific,YEAR,2010,,,,,,,,,13.23,13.22879696,,,,2025-12-05T13:23:08Z,2010,2010-01-01,2010-12-31
6699866,GHED_GGHE-DGGE_SHA2011,COUNTRY,SWE,EUR,Europe,YEAR,2005,,,,,,,,,12.83,12.8327198,,,,2025-12-05T13:23:08Z,2005,2005-01-01,2005-12-31
6702422,GHED_GGHE-DGGE_SHA2011,COUNTRY,CHL,AMR,Americas,YEAR,2023,,,,,,,,,19.17,19.16633034,,,,2025-12-05T13:23:08Z,2023,2023-01-01,2023-12-31
6706836,GHED_GGHE-DGGE_SHA2011,COUNTRY,TGO,AFR,Africa,YEAR,2014,,,,,,,,,4.56,4.55810213,,,,2025-12-05T13:23:08Z,2014,2014-01-01,2014-12-31
6709620,GHED_GGHE-DGGE_SHA2011,COUNTRY,BFA,AFR,Africa,YEAR,2003,,,,,,,,,5.57,5.56972933,,,,2025-12-05T13:23:08Z,2003,2003-01-01,2003-12-31
6723500,GHED_GGHE-DGGE_SHA2011,COUNTRY,CUB,AMR,Americas,YEAR,2020,,,,,,,,,16.43,16.43104172,,,,2025-12-05T13:23:08Z,2020,2020-01-01,2020-12-31
6723701,GHED_GGHE-DGGE_SHA2011,COUNTRY,KAZ,EUR,Europe,YEAR,2020,,,,,,,,,10.06,10.06113434,,,,2025-12-05T13:23:08Z,2020,2020-01-01,2020-12-31
6726427,GHED_GGHE-DGGE_SHA2011,COUNTRY,AUS,WPR,Western Pacific,YEAR,2016,,,,,,,,,18.54,18.54291153,,,,2025-12-05T13:23:08Z,2016,2016-01-01,2016-12-31
6727135,GHED_GGHE-DGGE_SHA2011,COUNTRY,CAF,AFR,Africa,YEAR,2020,,,,,,,,,4.86,4.86442041,,,,2025-12-05T13:23:08Z,2020,2020-01-01,2020-12-31
6730808,GHED_GGHE-DGGE_SHA2011,COUNTRY,OMN,EMR,Eastern Mediterranean,YEAR,2009,,,,,,,,,6.02,6.01545334,,,,2025-12-05T13:23:08Z,2009,2009-01-01,2009-12-31
6734347,GHED_GGHE-DGGE_SHA2011,COUNTRY,JPN,WPR,Western Pacific,YEAR,2004,,,,,,,,,17.20,17.19595528,,,,2025-12-05T13:23:08Z,2004,2004-01-01,2004-12-31
6743749,GHED_GGHE-DGGE_SHA2011,COUNTRY,FJI,WPR,Western Pacific,YEAR,2017,,,,,,,,,7.72,7.7232141499999996,,,,2025-12-05T13:23:08Z,2017,2017-01-01,2017-12-31
6745960,GHED_GGHE-DGGE_SHA2011,COUNTRY,GIN,AFR,Africa,YEAR,2002,,,,,,,,,4.44,4.44303322,,,,2025-12-05T13:23:08Z,2002,2002-01-01,2002-12-31
6746470,GHED_GGHE-DGGE_SHA2011,COUNTRY,GTM,AMR,Americas,YEAR,2008,,,,,,,,,15.49,15.49126434,,,,2025-12-05T13:23:08Z,2008,2008-01-01,2008-12-31
6756036,GHED_GGHE-DGGE_SHA2011,COUNTRY,NER,AFR,Africa,YEAR,2009,,,,,,,,,8.69,8.69414043,,,,2025-12-05T13:23:08Z,2009,2009-01-01,2009-12-31
6758722,GHED_GGHE-DGGE_SHA2011,COUNTRY,KAZ,EUR,Europe,YEAR,2008,,,,,,,,,8.41,8.41329765,,,,2025-12-05T13:23:08Z,2008,2008-01-01,2008-12-31
6759525,GHED_GGHE-DGGE_SHA2011,COUNTRY,TTO,AMR,Americas,YEAR,2011,,,,,,,,,8.01,8.00888062,,,,2025-12-05T13:23:08Z,2011,2011-01-01,2011-12-31
6759821,GHED_GGHE-DGGE_SHA2011,COUNTRY,SLE,AFR,Africa,YEAR,2021,,,,,,,,,5.67,5.66690063,,,,2025-12-05T13:23:08Z,2021,2021-01-01,2021-12-31
6761749,GHED_GGHE-DGGE_SHA2011,COUNTRY,PLW,WPR,Western Pacific,YEAR,2002,,,,,,,,,7.39,7.39075327,,,,2025-12-05T13:23:08Z,2002,2002-01-01,2002-12-31
6765454,GHED_GGHE-DGGE_SHA2011,COUNTRY,TLS,SEAR,South-East Asia,YEAR,2004,,,,,,,,,2.25,2.25405741,,,,2025-12-05T13:23:08Z,2004,2004-01-01,2004-12-31
6768155,GHED_GGHE-DGGE_SHA2011,COUNTRY,TZA,AFR,Africa,YEAR,2020,,,,,,,,,4.94,4.94000149,,,,2025-12-05T13:23:08Z,2020,2020-01-01,2020-12-31
6770644,GHED_GGHE-DGGE_SHA2011,COUNTRY,SWE,EUR,Europe,YEAR,2020,,,,,,,,,18.55,18.55241394,,,,2025-12-05T13:23:08Z,2020,2020-01-01,2020-12-31
6770659,GHED_GGHE-DGGE_SHA2011,COUNTRY,SUR,AMR,Americas,YEAR,2007,,,,,,,,,11.44,11.44394779,,,,2025-12-05T13:23:08Z,2007,2007-01-01,2007-12-31
6770994,GHED_GGHE-DGGE_SHA2011,COUNTRY,BWA,AFR,Africa,YEAR,2010,,,,,,,,,8.06,8.06093502,,,,2025-12-05T13:23:08Z,2010,2010-01-01,2010-12-31
6773402,GHED_GGHE-DGGE_SHA2011,COUNTRY,NRU,WPR,Western Pacific,YEAR,2008,,,,,,,,,13.32,13.31953335,,,,2025-12-05T13:23:08Z,2008,2008-01-01,2008-12-31
6775746,GHED_GGHE-DGGE_SHA2011,COUNTRY,ARM,EUR,Europe,YEAR,2007,,,,,,,,,7.20,7.19854879,,,,2025-12-05T13:23:08Z,2007,2007-01-01,2007-12-31
6778283,GHED_GGHE-DGGE_SHA2011,COUNTRY,ETH,AFR,Africa,YEAR,2006,,,,,,,,,5.08,5.07604456,,,,2025-12-05T13:23:08Z,2006,2006-01-01,2006-12-31
6778768,GHED_GGHE-DGGE_SHA2011,COUNTRY,GBR,EUR,Europe,YEAR,2002,,,,,,,,,16.80,16.80185509,,,,2025-12-05T13:23:08Z,2002,2002-01-01,2002-12-31
6781287,GHED_GGHE-DGGE_SHA2011,COUNTRY,NRU,WPR,Western Pacific,YEAR,2012,,,,,,,,,8.76,8.76167297,,,,2025-12-05T13:23:08Z,2012,2012-01-01,2012-12-31
6782502,GHED_GGHE-DGGE_SHA2011,COUNTRY,UKR,EUR,Europe,YEAR,2014,,,,,,,,,7.72,7.71915102,,,,2025-12-05T13:23:08Z,2014,2014-01-01,2014-12-31
6782898,GHED_GGHE-DGGE_SHA2011,COUNTRY,SVK,EUR,Europe,YEAR,2016,,,,,,,,,13.81,13.80519199,,,,2025-12-05T13:23:08Z,2016,2016-01-01,2016-12-31
6784493,GHED_GGHE-DGGE_SHA2011,COUNTRY,NZL,WPR,Western Pacific,YEAR,2008,,,,,,,,,17.51,17.50570297,,,,2025-12-05T13:23:08Z,2008,2008-01-01,2008-12-31
6787005,GHED_GGHE-DGGE_SHA2011,COUNTRY,MDG,AFR,Africa,YEAR,2021,,,,,,,,,5.38,5.37779427,,,,2025-12-05T13:23:08Z,2021,2021-01-01,2021-12-31
6791399,GHED_GGHE-DGGE_SHA2011,WORLDBANKINCOMEGROUP,WB_LI,,,YEAR,2007,,,,,,,,,5.93,5.92882798,,,,2025-12-05T13:23:08Z,2007,2007-01-01,2007-12-31
6791418,GHED_GGHE-DGGE_SHA2011,REGION,WPR,,,YEAR,2008,,,,,,,,,9.66,9.66324073,,,,2025-12-05T13:23:08Z,2008,2008-01-01,2008-12-31
6793492,GHED_GGHE-DGGE_SHA2011,COUNTRY,GMB,AFR,Africa,YEAR,2013,,,,,,,,,6.31,6.30897522,,,,2025-12-05T13:23:08Z,2013,2013-01-01,2013-12-31
6803033,GHED_GGHE-DGGE_SHA2011,COUNTRY,GUY,AMR,Americas,YEAR,2022,,,,,,,,,8.56,8.56493282,,,,2025-12-05T13:23:08Z,2022,2022-01-01,2022-12-31
6803221,GHED_GGHE-DGGE_SHA2011,COUNTRY,TZA,AFR,Africa,YEAR,2016,,,,,,,,,9.52,9.52143383,,,,2025-12-05T13:23:08Z,2016,2016-01-01,2016-12-31
6810794,GHED_GGHE-DGGE_SHA2011,COUNTRY,MDG,AFR,Africa,YEAR,2000,,,,,,,,,12.03,12.02784538,,,,2025-12-05T13:23:08Z,2000,2000-01-01,2000-12-31
6810920,GHED_GGHE-DGGE_SHA2011,COUNTRY,IDN,WPR,Western Pacific,YEAR,2014,,,,,,,,,5.41,5.40550184,,,,2025-12-05T13:23:08Z,2014,2014-01-01,2014-12-31
6811166,GHED_GGHE-DGGE_SHA2011,COUNTRY,TUR,EUR,Europe,YEAR,2022,,,,,,,,,10.18,10.18368053,,,,2025-12-05T13:23:08Z,2022,2022-01-01,2022-12-31
6812732,GHED_GGHE-DGGE_SHA2011,COUNTRY,NPL,SEAR,South-East Asia,YEAR,2022,,,,,,,,,8.01,8.00670147,,,,2025-12-05T13:23:08Z,2022,2022-01-01,2022-12-31
6813620,GHED_GGHE-DGGE_SHA2011,COUNTRY,TTO,AMR,Americas,YEAR,2022,,,,,,,,,11.15,11.15391159,,,,2025-12-05T13:23:08Z,2022,2022-01-01,2022-12-31
6815521,GHED_GGHE-DGGE_SHA2011,COUNTRY,SRB,EUR,Europe,YEAR,2011,,,,,,,,,13.38,13.37896156,,,,2025-12-05T13:23:08Z,2011,2011-01-01,2011-12-31
6815579,GHED_GGHE-DGGE_SHA2011,COUNTRY,KGZ,EUR,Europe,YEAR,2007,,,,,,,,,10.43,10.42505074,,,,2025-12-05T13:23:08Z,2007,2007-01-01,2007-12-31
6818461,GHED_GGHE-DGGE_SHA2011,COUNTRY,UGA,AFR,Africa,YEAR,2013,,,,,,,,,7.32,7.32427549,,,,2025-12-05T13:23:08Z,2013,2013-01-01,2013-12-31
6819361,GHED_GGHE-DGGE_SHA2011,COUNTRY,ALB,EUR,Europe,YEAR,2009,,,,,,,,,7.22,7.21709204,,,,2025-12-05T13:23:08Z,2009,2009-01-01,2009-12-31
6824330,GHED_GGHE-DGGE_SHA2011,COUNTRY,BEN,AFR,Africa,YEAR,2011,,,,,,,,,4.42,4.4236145,,,,2025-12-05T13:23:08Z,2011,2011-01-01,2011-12-31
6826985,GHED_GGHE-DGGE_SHA2011,COUNTRY,IDN,WPR,Western Pacific,YEAR,2013,,,,,,,,,4.34,4.34042978,,,,2025-12-05T13:23:08Z,2013,2013-01-01,2013-12-31
6828388,GHED_GGHE-DGGE_SHA2011,COUNTRY,AUS,WPR,Western Pacific,YEAR,2015,,,,,,,,,18.29,18.28901672,,,,2025-12-05T13:23:08Z,2015,2015-01-01,2015-12-31
6830832,GHED_GGHE-DGGE_SHA2011,COUNTRY,COL,AMR,Americas,YEAR,2008,,,,,,,,,16.69,16.6930294,,,,2025-12-05T13:23:08Z,2008,2008-01-01,2008-12-31
6831613,GHED_GGHE-DGGE_SHA2011,COUNTRY,UGA,AFR,Africa,YEAR,2005,,,,,,,,,7.14,7.13526297,,,,2025-12-05T13:23:08Z,2005,2005-01-01,2005-12-31
6831699,GHED_GGHE-DGGE_SHA2011,COUNTRY,UGA,AFR,Africa,YEAR,2000,,,,,,,,,8.33,8.33076477,,,,2025-12-05T13:23:08Z,2000,2000-01-01,2000-12-31
6832826,GHED_GGHE-DGGE_SHA2011,REGION,AFR,,,YEAR,2018,,,,,,,,,6.74,6.74348394,,,,2025-12-05T13:23:08Z,2018,2018-01-01,2018-12-31
6833026,GHED_GGHE-DGGE_SHA2011,COUNTRY,FRA,EUR,Europe,YEAR,2011,,,,,,,,,13.82,13.81847191,,,,2025-12-05T13:23:08Z,2011,2011-01-01,2011-12-31
6833057,GHED_GGHE-DGGE_SHA2011,COUNTRY,FRA,EUR,Europe,YEAR,2014,,,,,,,,,14.15,14.14818859,,,,2025-12-05T13:23:08Z,2014,2014-01-01,2014-12-31
6833245,GHED_GGHE-DGGE_SHA2011,COUNTRY,BGD,SEAR,South-East Asia,YEAR,2012,,,,,,,,,4.02,4.01620436,,,,2025-12-05T13:23:08Z,2012,2012-01-01,2012-12-31
6839583,GHED_GGHE-DGGE_SHA2011,COUNTRY,MLI,AFR,Africa,YEAR,2007,,,,,,,,,4.64,4.63810968,,,,2025-12-05T13:23:08Z,2007,2007-01-01,2007-12-31
6840076,GHED_GGHE-DGGE_SHA2011,COUNTRY,TTO,AMR,Americas,YEAR,2009,,,,,,,,,7.05,7.05066872,,,,2025-12-05T13:23:08Z,2009,2009-01-01,2009-12-31
6840981,GHED_GGHE-DGGE_SHA2011,COUNTRY,MUS,AFR,Africa,YEAR,2015,,,,,,,,,9.46,9.45841885,,,,2025-12-05T13:23:08Z,2015,2015-01-01,2015-12-31
6841145,GHED_GGHE-DGGE_SHA2011,COUNTRY,BEL,EUR,Europe,YEAR,2015,,,,,,,,,15.35,15.34535408,,,,2025-12-05T13:23:08Z,2015,2015-01-01,2015-12-31
6842633,GHED_GGHE-DGGE_SHA2011,COUNTRY,KIR,WPR,Western Pacific,YEAR,2006,,,,,,,,,11.41,11.40626049,,,,2025-12-05T13:23:08Z,2006,2006-01-01,2006-12-31
6843774,GHED_GGHE-DGGE_SHA2011,COUNTRY,GEO,EUR,Europe,YEAR,2006,,,,,,,,,5.23,5.23038626,,,,2025-12-05T13:23:08Z,2006,2006-01-01,2006-12-31
6844622,GHED_GGHE-DGGE_SHA2011,COUNTRY,IDN,WPR,Western Pacific,YEAR,2006,,,,,,,,,4.51,4.51137447,,,,2025-12-05T13:23:08Z,2006,2006-01-01,2006-12-31
6844689,GHED_GGHE-DGGE_SHA2011,COUNTRY,CHL,AMR,Americas,YEAR,2014,,,,,,,,,15.69,15.69308376,,,,2025-12-05T13:23:08Z,2014,2014-01-01,2014-12-31
6849608,GHED_GGHE-DGGE_SHA2011,COUNTRY,KNA,AMR,Americas,YEAR,2013,,,,,,,,,6.72,6.72259808,,,,2025-12-05T13:23:08Z,2013,2013-01-01,2013-12-31
6852688,GHED_GGHE-DGGE_SHA2011,COUNTRY,LCA,AMR,Americas,YEAR,2018,,,,,,,,,8.52,8.51811886,,,,2025-12-05T13:23:08Z,2018,2018-01-01,2018-12-31
6853686,GHED_GGHE-DGGE_SHA2011,COUNTRY,AUT,EUR,Europe,YEAR,2018,,,,,,,,,15.77,15.7661314,,,,2025-12-05T13:23:08Z,2018,2018-01-01,2018-12-31
6854102,GHED_GGHE-DGGE_SHA2011,COUNTRY,JOR,EMR,Eastern Mediterranean,YEAR,2023,,,,,,,,,10.50,10.50131416,,,,2025-12-05T13:23:08Z,2023,2023-01-01,2023-12-31
6863956,GHED_GGHE-DGGE_SHA2011,COUNTRY,URY,AMR,Americas,YEAR,2001,,,,,,,,,15.75,15.75048256,,,,2025-12-05T13:23:08Z,2001,2001-01-01,2001-12-31
6864644,GHED_GGHE-DGGE_SHA2011,COUNTRY,GTM,AMR,Americas,YEAR,2015,,,,,,,,,18.11,18.10749817,,,,2025-12-05T13:23:08Z,2015,2015-01-01,2015-12-31
6865043,GHED_GGHE-DGGE_SHA2011,COUNTRY,NGA,AFR,Africa,YEAR,2020,,,,,,,,,4.18,4.18390417,,,,2025-12-05T13:23:08Z,2020,2020-01-01,2020-12-31
6867675,GHED_GGHE-DGGE_SHA2011,COUNTRY,SVK,EUR,Europe,YEAR,2011,,,,,,,,,12.93,12.93232632,,,,2025-12-05T13:23:08Z,2011,2011-01-01,2011-12-31
6868691,GHED_GGHE-DGGE_SHA2011,WORLDBANKINCOMEGROUP,WB_UMI,,,YEAR,2022,,,,,,,,,12.25,12.24535551,,,,2025-12-05T13:23:08Z,2022,2022-01-01,2022-12-31
6870272,GHED_GGHE-DGGE_SHA2011,COUNTRY,GBR,EUR,Europe,YEAR,2007,,,,,,,,,18.23,18.23152542,,,,2025-12-05T13:23:08Z,2007,2007-01-01,2007-12-31
6870711,GHED_GGHE-DGGE_SHA2011,COUNTRY,LBY,EMR,Eastern Mediterranean,YEAR,2016,,,,,,,,,9.91,9.90810204,,,,2025-12-05T13:23:08Z,2016,2016-01-01,2016-12-31
6872014,GHED_GGHE-DGGE_SHA2011,COUNTRY,DEU,EUR,Europe,YEAR,2013,,,,,,,,,18.26,18.26494598,,,,2025-12-05T13:23:08Z,2013,2013-01-01,2013-12-31
6877640,GHED_GGHE-DGGE_SHA2011,REGION,AFR,,,YEAR,2015,,,,,,,,,6.48,6.47775105,,,,2025-12-05T13:23:08Z,2015,2015-01-01,2015-12-31
6877885,GHED_GGHE-DGGE_SHA2011,COUNTRY,DNK,EUR,Europe,YEAR,2015,,,,,,,,,16.06,16.06428337,,,,2025-12-05T13:23:08Z,2015,2015-01-01,2015-12-31
6879833,GHED_GGHE-DGGE_SHA2011,COUNTRY,MMR,SEAR,South-East Asia,YEAR,2018,,,,,,,,,3.59,3.59327793,,,,2025-12-05T13:23:08Z,2018,2018-01-01,2018-12-31
6880360,GHED_GGHE-DGGE_SHA2011,COUNTRY,COM,AFR,Africa,YEAR,2010,,,,,,,,,2.84,2.83923602,,,,2025-12-05T13:23:08Z,2010,2010-01-01,2010-12-31
6880414,GHED_GGHE-DGGE_SHA2011,COUNTRY,UZB,EUR,Europe,YEAR,2002,,,,,,,,,5.58,5.58452082,,,,2025-12-05T13:23:08Z,2002,2002-01-01,2002-12-31
6882759,GHED_GGHE-DGGE_SHA2011,COUNTRY,HRV,EUR,Europe,YEAR,2018,,,,,,,,,12.27,12.27497387,,,,2025-12-05T13:23:08Z,2018,2018-01-01,2018-12-31
6883201,GHED_GGHE-DGGE_SHA2011,COUNTRY,NIC,AMR,Americas,YEAR,2004,,,,,,,,,10.92,10.92097282,,,,2025-12-05T13:23:08Z,2004,2004-01-01,2004-12-31
6885605,GHED_GGHE-DGGE_SHA2011,COUNTRY,SLE,AFR,Africa,YEAR,2001,,,,,,,,,5.45,5.45097542,,,,2025-12-05T13:23:08Z,2001,2001-01-01,2001-12-31
6887095,GHED_GGHE-DGGE_SHA2011,COUNTRY,HTI,AMR,Americas,YEAR,2012,,,,,,,,,2.78,2.78391457,,,,2025-12-05T13:23:08Z,2012,2012-01-01,2012-12-31
6889519,GHED_GGHE-DGGE_SHA2011,COUNTRY,CYP,EUR,Europe,YEAR,2002,,,,,,,,,6.40,6.40096903,,,,2025-12-05T13:23:08Z,2002,2002-01-01,2002-12-31
6889967,GHED_GGHE-DGGE_SHA2011,COUNTRY,KHM,WPR,Western Pacific,YEAR,2017,,,,,,,,,7.00,6.99591446,,,,2025-12-05T13:23:08Z,2017,2017-01-01,2017-12-31
6891568,GHED_GGHE-DGGE_SHA2011,COUNTRY,DOM,AMR,Americas,YEAR,2007,,,,,,,,,10.32,10.32302856,,,,2025-12-05T13:23:08Z,2007,2007-01-01,2007-12-31
6892889,GHED_GGHE-DGGE_SHA2011,COUNTRY,AGO,AFR,Africa,YEAR,2014,,,,,,,,,3.62,3.6156802199999998,,,,2025-12-05T13:23:08Z,2014,2014-01-01,2014-12-31
6896902,GHED_GGHE-DGGE_SHA2011,COUNTRY,SYC,AFR,Africa,YEAR,2019,,,,,,,,,9.58,9.58416653,,,,2025-12-05T13:23:08Z,2019,2019-01-01,2019-12-31
6897904,GHED_GGHE-DGGE_SHA2011,COUNTRY,SMR,EUR,Europe,YEAR,2001,,,,,,,,,19.72,19.72222137,,,,2025-12-05T13:23:08Z,2001,2001-01-01,2001-12-31
6898016,GHED_GGHE-DGGE_SHA2011,COUNTRY,KHM,WPR,Western Pacific,YEAR,2004,,,,,,,,,9.90,9.90109062,,,,2025-12-05T13:23:08Z,2004,2004-01-01,2004-12-31
6903739,GHED_GGHE-DGGE_SHA2011,COUNTRY,LVA,EUR,Europe,YEAR,2012,,,,,,,,,8.41,8.40603542,,,,2025-12-05T13:23:08Z,2012,2012-01-01,2012-12-31
6905821,GHED_GGHE-DGGE_SHA2011,COUNTRY,KEN,AFR,Africa,YEAR,2023,,,,,,,,,8.65,8.65115547,,,,2025-12-05T13:23:08Z,2023,2023-01-01,2023-12-31
6907316,GHED_GGHE-DGGE_SHA2011,COUNTRY,GHA,AFR,Africa,YEAR,2006,,,,,,,,,11.50,11.49724102,,,,2025-12-05T13:23:08Z,2006,2006-01-01,2006-12-31
6913247,GHED_GGHE-DGGE_SHA2011,COUNTRY,LCA,AMR,Americas,YEAR,2002,,,,,,,,,7.77,7.76684618,,,,2025-12-05T13:23:08Z,2002,2002-01-01,2002-12-31
6917680,GHED_GGHE-DGGE_SHA2011,COUNTRY,DNK,EUR,Europe,YEAR,2022,,,,,,,,,17.82,17.81740379,,,,2025-12-05T13:23:08Z,2022,2022-01-01,2022-12-31
6917763,GHED_GGHE-DGGE_SHA2011,COUNTRY,MAR,EMR,Eastern Mediterranean,YEAR,2012,,,,,,,,,5.70,5.69545412,,,,2025-12-05T13:23:08Z,2012,2012-01-01,2012-12-31
6922668,GHED_GGHE-DGGE_SHA2011,COUNTRY,HTI,AMR,Americas,YEAR,2009,,,,,,,,,6.77,6.77164745,,,,2025-12-05T13:23:08Z,2009,2009-01-01,2009-12-31
6924347,GHED_GGHE-DGGE_SHA2011,COUNTRY,CHL,AMR,Americas,YEAR,2020,,,,,,,,,18.84,18.83919525,,,,2025-12-05T13:23:08Z,2020,2020-01-01,2020-12-31
6924758,GHED_GGHE-DGGE_SHA2011,COUNTRY,DZA,AFR,Africa,YEAR,2018,,,,,,,,,10.61,10.60616875,,,,2025-12-05T13:23:08Z,2018,2018-01-01,2018-12-31
6925554,GHED_GGHE-DGGE_SHA2011,REGION,SEAR,,,YEAR,2008,,,,,,,,,6.91,6.90712775,,,,2025-12-05T13:23:08Z,2008,2008-01-01,2008-12-31
6926586,GHED_GGHE-DGGE_SHA2011,COUNTRY,UZB,EUR,Europe,YEAR,2012,,,,,,,,,9.76,9.76258659,,,,2025-12-05T13:23:08Z,2012,2012-01-01,2012-12-31
6932220,GHED_GGHE-DGGE_SHA2011,COUNTRY,LBR,AFR,Africa,YEAR,2000,,,,,,,,,4.25,4.25491762,,,,2025-12-05T13:23:08Z,2000,2000-01-01,2000-12-31
6934582,GHED_GGHE-DGGE_SHA2011,COUNTRY,TLS,SEAR,South-East Asia,YEAR,2018,,,,,,,,,4.62,4.62115145,,,,2025-12-05T13:23:08Z,2018,2018-01-01,2018-12-31
6934998,GHED_GGHE-DGGE_SHA2011,COUNTRY,SYR,EMR,Eastern Mediterranean,YEAR,2018,,,,,,,,,8.55,8.54822063,,,,2025-12-05T13:23:08Z,2018,2018-01-01,2018-12-31
6936010,GHED_GGHE-DGGE_SHA2011,COUNTRY,LTU,EUR,Europe,YEAR,2023,,,,,,,,,12.73,12.73335361,,,,2025-12-05T13:23:08Z,2023,2023-01-01,2023-12-31
6936988,GHED_GGHE-DGGE_SHA2011,COUNTRY,ZWE,AFR,Africa,YEAR,2021,,,,,,,,,4.74,4.7405839,,,,2025-12-05T13:23:08Z,2021,2021-01-01,2021-12-31
6938584,GHED_GGHE-DGGE_SHA2011,COUNTRY,CIV,AFR,Africa,YEAR,2015,,,,,,,,,4.87,4.8747077,,,,2025-12-05T13:23:08Z,2015,2015-01-01,2015-12-31
6940397,GHED_GGHE-DGGE_SHA2011,COUNTRY,CHE,EUR,Europe,YEAR,2020,,,,,,,,,11.18,11.17624092,,,,2025-12-05T13:23:08Z,2020,2020-01-01,2020-12-31
6945264,GHED_GGHE-DGGE_SHA2011,COUNTRY,BRB,AMR,Americas,YEAR,2019,,,,,,,,,10.64,10.63657379,,,,2025-12-05T13:23:08Z,2019,2019-01-01,2019-12-31
6946847,GHED_GGHE-DGGE_SHA2011,COUNTRY,LUX,EUR,Europe,YEAR,2004,,,,,,,,,14.09,14.08533478,,,,2025-12-05T13:23:08Z,2004,2004-01-01,2004-12-31
6950637,GHED_GGHE-DGGE_SHA2011,COUNTRY,CZE,EUR,Europe,YEAR,2006,,,,,,,,,12.71,12.71145344,,,,2025-12-05T13:23:08Z,2006,2006-01-01,2006-12-31
6954137,GHED_GGHE-DGGE_SHA2011,COUNTRY,GMB,AFR,Africa,YEAR,2006,,,,,,,,,6.31,6.30897522,,,,2025-12-05T13:23:08Z,2006,2006-01-01,2006-12-31
6957124,GHED_GGHE-DGGE_SHA2011,COUNTRY,LVA,EUR,Europe,YEAR,2021,,,,,,,,,14.02,14.02164268,,,,2025-12-05T13:23:08Z,2021,2021-01-01,2021-12-31
6959063,GHED_GGHE-DGGE_SHA2011,COUNTRY,ARE,EMR,Eastern Mediterranean,YEAR,2015,,,,,,,,,9.07,9.06668758,,,,2025-12-05T13:23:08Z,2015,2015-01-01,2015-12-31
6959072,GHED_GGHE-DGGE_SHA2011,COUNTRY,SYC,AFR,Africa,YEAR,2001,,,,,,,,,8.03,8.02577591,,,,2025-12-05T13:23:08Z,2001,2001-01-01,2001-12-31
6961481,GHED_GGHE-DGGE_SHA2011,COUNTRY,ROU,EUR,Europe,YEAR,2023,,,,,,,,,10.66,10.65943336,,,,2025-12-05T13:23:08Z,2023,2023-01-01,2023-12-31
6967694,GHED_GGHE-DGGE_SHA2011,COUNTRY,MLI,AFR,Africa,YEAR,2009,,,,,,,,,2.93,2.92606354,,,,2025-12-05T13:23:08Z,2009,2009-01-01,2009-12-31
6969559,GHED_GGHE-DGGE_SHA2011,REGION,EMR,,,YEAR,2023,,,,,,,,,9.55,9.55405002,,,,2025-12-05T13:23:08Z,2023,2023-01-01,2023-12-31
6971504,GHED_GGHE-DGGE_SHA2011,COUNTRY,BIH,EUR,Europe,YEAR,2003,,,,,,,,,11.59,11.58645248,,,,2025-12-05T13:23:08Z,2003,2003-01-01,2003-12-31
6973162,GHED_GGHE-DGGE_SHA2011,COUNTRY,PNG,WPR,Western Pacific,YEAR,2009,,,,,,,,,6.32,6.31518459,,,,2025-12-05T13:23:08Z,2009,2009-01-01,2009-12-31
6974394,GHED_GGHE-DGGE_SHA2011,COUNTRY,TZA,AFR,Africa,YEAR,2005,,,,,,,,,12.62,12.6199131,,,,2025-12-05T13:23:08Z,2005,2005-01-01,2005-12-31
6975713,GHED_GGHE-DGGE_SHA2011,COUNTRY,DMA,AMR,Americas,YEAR,2017,,,,,,,,,6.77,6.76986217,,,,2025-12-05T13:23:08Z,2017,2017-01-01,2017-12-31
6979126,GHED_GGHE-DGGE_SHA2011,COUNTRY,LVA,EUR,Europe,YEAR,2005,,,,,,,,,9.34,9.33693027,,,,2025-12-05T13:23:08Z,2005,2005-01-01,2005-12-31
6980411,GHED_GGHE-DGGE_SHA2011,COUNTRY,TCD,AFR,Africa,YEAR,2002,,,,,,,,,11.72,11.72442532,,,,2025-12-05T13:23:08Z,2002,2002-01-01,2002-12-31
6984277,GHED_GGHE-DGGE_SHA2011,COUNTRY,BWA,AFR,Africa,YEAR,2005,,,,,,,,,8.18,8.17829704,,,,2025-12-05T13:23:08Z,2005,2005-01-01,2005-12-31
6985081,GHED_GGHE-DGGE_SHA2011,COUNTRY,VUT,WPR,Western Pacific,YEAR,2006,,,,,,,,,10.67,10.67226028,,,,2025-12-05T13:23:08Z,2006,2006-01-01,2006-12-31
6985783,GHED_GGHE-DGGE_SHA2011,COUNTRY,VEN,AMR,Americas,YEAR,2019,,,,,,,,,1.61,1.61002028,,,,2025-12-05T13:23:08Z,2019,2019-01-01,2019-12-31
6986269,GHED_GGHE-DGGE_SHA2011,COUNTRY,MWI,AFR,Africa,YEAR,2016,,,,,,,,,9.68,9.67796707,,,,2025-12-05T13:23:08Z,2016,2016-01-01,2016-12-31
6988228,GHED_GGHE-DGGE_SHA2011,COUNTRY,ISL,EUR,Europe,YEAR,2017,,,,,,,,,15.37,15.37049961,,,,2025-12-05T13:23:08Z,2017,2017-01-01,2017-12-31
6988346,GHED_GGHE-DGGE_SHA2011,COUNTRY,NER,AFR,Africa,YEAR,2013,,,,,,,,,6.56,6.55533648,,,,2025-12-05T13:23:08Z,2013,2013-01-01,2013-12-31
6988946,GHED_GGHE-DGGE_SHA2011,COUNTRY,UKR,EUR,Europe,YEAR,2004,,,,,,,,,8.18,8.1810751,,,,2025-12-05T13:23:08Z,2004,2004-01-01,2004-12-31
6991352,GHED_GGHE-DGGE_SHA2011,REGION,EMR,,,YEAR,2016,,,,,,,,,8.78,8.77990213,,,,2025-12-05T13:23:08Z,2016,2016-01-01,2016-12-31
6994244,GHED_GGHE-DGGE_SHA2011,COUNTRY,KNA,AMR,Americas,YEAR,2021,,,,,,,,,8.61,8.61449909,,,,2025-12-05T13:23:08Z,2021,2021-01-01,2021-12-31
6994260,GHED_GGHE-DGGE_SHA2011,COUNTRY,BWA,AFR,Africa,YEAR,2011,,,,,,,,,9.63,9.63225174,,,,2025-12-05T13:23:08Z,2011,2011-01-01,2011-12-31
6999335,GHED_GGHE-DGGE_SHA2011,COUNTRY,KGZ,EUR,Europe,YEAR,2002,,,,,,,,,7.56,7.56329107,,,,2025-12-05T13:23:08Z,2002,2002-01-01,2002-12-31
7004357,GHED_GGHE-DGGE_SHA2011,COUNTRY,CHN,WPR,Western Pacific,YEAR,2016,,,,,,,,,8.95,8.95276546,,,,2025-12-05T13:23:08Z,2016,2016-01-01,2016-12-31
7008695,GHED_GGHE-DGGE_SHA2011,COUNTRY,ISR,EUR,Europe,YEAR,2022,,,,,,,,,11.78,11.7809267,,,,2025-12-05T13:23:08Z,2022,2022-01-01,2022-12-31
7010409,GHED_GGHE-DGGE_SHA2011,COUNTRY,NIU,WPR,Western Pacific,YEAR,2022,,,,,,,,,6.55,6.55202436,,,,2025-12-05T13:23:08Z,2022,2022-01-01,2022-12-31
7011809,GHED_GGHE-DGGE_SHA2011,COUNTRY,LSO,AFR,Africa,YEAR,2016,,,,,,,,,10.34,10.33607674,,,,2025-12-05T13:23:08Z,2016,2016-01-01,2016-12-31
7013508,GHED_GGHE-DGGE_SHA2011,COUNTRY,ETH,AFR,Africa,YEAR,2014,,,,,,,,,4.09,4.08834219,,,,2025-12-05T13:23:08Z,2014,2014-01-01,2014-12-31
7016522,GHED_GGHE-DGGE_SHA2011,COUNTRY,SGP,WPR,Western Pacific,YEAR,2016,,,,,,,,,13.31,13.30733299,,,,2025-12-05T13:23:08Z,2016,2016-01-01,2016-12-31
7020953,GHED_GGHE-DGGE_SHA2011,COUNTRY,HRV,EUR,Europe,YEAR,2007,,,,,,,,,13.79,13.78814316,,,,2025-12-05T13:23:08Z,2007,2007-01-01,2007-12-31
7022732,GHED_GGHE-DGGE_SHA2011,COUNTRY,CYP,EUR,Europe,YEAR,2011,,,,,,,,,6.78,6.78436708,,,,2025-12-05T13:23:08Z,2011,2011-01-01,2011-12-31
7027299,GHED_GGHE-DGGE_SHA2011,COUNTRY,GTM,AMR,Americas,YEAR,2009,,,,,,,,,16.03,16.02617264,,,,2025-12-05T13:23:08Z,2009,2009-01-01,2009-12-31
7031786,GHED_GGHE-DGGE_SHA2011,COUNTRY,ETH,AFR,Africa,YEAR,2007,,,,,,,,,6.50,6.49598169,,,,2025-12-05T13:23:08Z,2007,2007-01-01,2007-12-31
7041923,GHED_GGHE-DGGE_SHA2011,COUNTRY,GRD,AMR,Americas,YEAR,2013,,,,,,,,,8.10,8.09837151,,,,2025-12-05T13:23:08Z,2013,2013-01-01,2013-12-31
7043589,GHED_GGHE-DGGE_SHA2011,COUNTRY,CIV,AFR,Africa,YEAR,2007,,,,,,,,,4.58,4.57922173,,,,2025-12-05T13:23:08Z,2007,2007-01-01,2007-12-31
7049356,GHED_GGHE-DGGE_SHA2011,COUNTRY,NGA,AFR,Africa,YEAR,2015,,,,,,,,,5.33,5.33124638,,,,2025-12-05T13:23:08Z,2015,2015-01-01,2015-12-31
7049659,GHED_GGHE-DGGE_SHA2011,COUNTRY,OMN,EMR,Eastern Mediterranean,YEAR,2013,,,,,,,,,5.58,5.58196163,,,,2025-12-05T13:23:08Z,2013,2013-01-01,2013-12-31
7050848,GHED_GGHE-DGGE_SHA2011,COUNTRY,BHR,EMR,Eastern Mediterranean,YEAR,2012,,,,,,,,,8.30,8.29804993,,,,2025-12-05T13:23:08Z,2012,2012-01-01,2012-12-31
7052974,GHED_GGHE-DGGE_SHA2011,COUNTRY,GBR,EUR,Europe,YEAR,2012,,,,,,,,,18.40,18.40160942,,,,2025-12-05T13:23:08Z,2012,2012-01-01,2012-12-31
7054809,GHED_GGHE-DGGE_SHA2011,COUNTRY,CHN,WPR,Western Pacific,YEAR,2001,,,,,,,,,5.59,5.58924198,,,,2025-12-05T13:23:08Z,2001,2001-01-01,2001-12-31
7056751,GHED_GGHE-DGGE_SHA2011,COUNTRY,SEN,AFR,Africa,YEAR,2014,,,,,,,,,4.68,4.67551136,,,,2025-12-05T13:23:08Z,2014,2014-01-01,2014-12-31
7061824,GHED_GGHE-DGGE_SHA2011,COUNTRY,AFG,EMR,Eastern Mediterranean,YEAR,2011,,,,,,,,,2.19,2.18811917,,,,2025-12-05T13:23:08Z,2011,2011-01-01,2011-12-31
7061880,GHED_GGHE-DGGE_SHA2011,COUNTRY,IDN,WPR,Western Pacific,YEAR,2004,,,,,,,,,4.20,4.20149517,,,,2025-12-05T13:23:08Z,2004,2004-01-01,2004-12-31
7065469,GHED_GGHE-DGGE_SHA2011,COUNTRY,SMR,EUR,Europe,YEAR,2005,,,,,,,,,19.72,19.72222137,,,,2025-12-05T13:23:08Z,2005,2005-01-01,2005-12-31
7065730,GHED_GGHE-DGGE_SHA2011,COUNTRY,EGY,EMR,Eastern Mediterranean,YEAR,2014,,,,,,,,,4.16,4.16148472,,,,2025-12-05T13:23:08Z,2014,2014-01-01,2014-12-31
7068425,GHED_GGHE-DGGE_SHA2011,COUNTRY,GRC,EUR,Europe,YEAR,2017,,,,,,,,,8.84,8.84219933,,,,2025-12-05T13:23:08Z,2017,2017-01-01,2017-12-31
7069424,GHED_GGHE-DGGE_SHA2011,COUNTRY,SWE,EUR,Europe,YEAR,2017,,,,,,,,,18.45,18.4483757,,,,2025-12-05T13:23:08Z,2017,2017-01-01,2017-12-31
7073535,GHED_GGHE-DGGE_SHA2011,COUNTRY,TCD,AFR,Africa,YEAR,2012,,,,,,,,,3.96,3.96469712,,,,2025-12-05T13:23:08Z,2012,2012-01-01,2012-12-31
7074455,GHED_GGHE-DGGE_SHA2011,COUNTRY,PER,AMR,Americas,YEAR,2020,,,,,,,,,16.67,16.6725502,,,,2025-12-05T13:23:08Z,2020,2020-01-01,2020-12-31
7076891,GHED_GGHE-DGGE_SHA2011,COUNTRY,ATG,AMR,Americas,YEAR,2019,,,,,,,,,11.30,11.29999447,,,,2025-12-05T13:23:08Z,2019,2019-01-01,2019-12-31
7080082,GHED_GGHE-DGGE_SHA2011,COUNTRY,JPN,WPR,Western Pacific,YEAR,2005,,,,,,,,,17.75,17.75488091,,,,2025-12-05T13:23:08Z,2005,2005-01-01,2005-12-31
7080491,GHED_GGHE-DGGE_SHA2011,COUNTRY,NPL,SEAR,South-East Asia,YEAR,2016,,,,,,,,,5.31,5.31455946,,,,2025-12-05T13:23:08Z,2016,2016-01-01,2016-12-31
7089229,GHED_GGHE-DGGE_SHA2011,COUNTRY,SYC,AFR,Africa,YEAR,2006,,,,,,,,,7.91,7.90729713,,,,2025-12-05T13:23:08Z,2006,2006-01-01,2006-12-31
7092277,GHED_GGHE-DGGE_SHA2011,COUNTRY,CHN,WPR,Western Pacific,YEAR,2015,,,,,,,,,9.42,9.41902351,,,,2025-12-05T13:23:08Z,2015,2015-01-01,2015-12-31
7094179,GHED_GGHE-DGGE_SHA2011,COUNTRY,AUS,WPR,Western Pacific,YEAR,2003,,,,,,,,,15.48,15.48101234,,,,2025-12-05T13:23:08Z,2003,2003-01-01,2003-12-31
7094220,GHED_GGHE-DGGE_SHA2011,COUNTRY,GUY,AMR,Americas,YEAR,2016,,,,,,,,,10.05,10.0542078,,,,2025-12-05T13:23:08Z,2016,2016-01-01,2016-12-31
7095745,GHED_GGHE-DGGE_SHA2011,COUNTRY,LKA,SEAR,South-East Asia,YEAR,2020,,,,,,,,,9.74,9.73957729,,,,2025-12-05T13:23:08Z,2020,2020-01-01,2020-12-31
7098426,GHED_GGHE-DGGE_SHA2011,COUNTRY,CYP,EUR,Europe,YEAR,2000,,,,,,,,,5.99,5.98569632,,,,2025-12-05T13:23:08Z,2000,2000-01-01,2000-12-31
7099648,GHED_GGHE-DGGE_SHA2011,COUNTRY,TUV,WPR,Western Pacific,YEAR,2020,,,,,,,,,12.50,12.50354004,,,,2025-12-05T13:23:08Z,2020,2020-01-01,2020-12-31
7099874,GHED_GGHE-DGGE_SHA2011,COUNTRY,SLV,AMR,Americas,YEAR,2013,,,,,,,,,16.72,16.71699905,,,,2025-12-05T13:23:08Z,2013,2013-01-01,2013-12-31
7101829,GHED_GGHE-DGGE_SHA2011,WORLDBANKINCOMEGROUP,WB_LMI,,,YEAR,2018,,,,,,,,,7.17,7.17254625,,,,2025-12-05T13:23:08Z,2018,2018-01-01,2018-12-31
7101983,GHED_GGHE-DGGE_SHA2011,COUNTRY,CRI,AMR,Americas,YEAR,2000,,,,,,,,,25.26,25.26477432,,,,2025-12-05T13:23:08Z,2000,2000-01-01,2000-12-31
7102759,GHED_GGHE-DGGE_SHA2011,COUNTRY,JOR,EMR,Eastern Mediterranean,YEAR,2007,,,,,,,,,12.52,12.51918411,,,,2025-12-05T13:23:08Z,2007,2007-01-01,2007-12-31
7105025,GHED_GGHE-DGGE_SHA2011,COUNTRY,GUY,AMR,Americas,YEAR,2006,,,,,,,,,5.70,5.69657898,,,,2025-12-05T13:23:08Z,2006,2006-01-01,2006-12-31
7105871,GHED_GGHE-DGGE_SHA2011,COUNTRY,COG,AFR,Africa,YEAR,2017,,,,,,,,,3.41,3.41114736,,,,2025-12-05T13:23:08Z,2017,2017-01-01,2017-12-31
7110685,GHED_GGHE-DGGE_SHA2011,COUNTRY,EGY,EMR,Eastern Mediterranean,YEAR,2013,,,,,,,,,4.16,4.1566329,,,,2025-12-05T13:23:08Z,2013,2013-01-01,2013-12-31
7112364,GHED_GGHE-DGGE_SHA2011,COUNTRY,MRT,AFR,Africa,YEAR,2022,,,,,,,,,5.94,5.94327879,,,,2025-12-05T13:23:08Z,2022,2022-01-01,2022-12-31
7114504,GHED_GGHE-DGGE_SHA2011,COUNTRY,YEM,EMR,Eastern Mediterranean,YEAR,2008,,,,,,,,,3.89,3.88588715,,,,2025-12-05T13:23:08Z,2008,2008-01-01,2008-12-31
7115712,GHED_GGHE-DGGE_SHA2011,COUNTRY,PAK,EMR,Eastern Mediterranean,YEAR,2020,,,,,,,,,5.12,5.12285709,,,,2025-12-05T13:23:08Z,2020,2020-01-01,2020-12-31
7117099,GHED_GGHE-DGGE_SHA2011,COUNTRY,AUS,WPR,Western Pacific,YEAR,2017,,,,,,,,,18.58,18.58210754,,,,2025-12-05T13:23:08Z,2017,2017-01-01,2017-12-31
7117565,GHED_GGHE-DGGE_SHA2011,COUNTRY,DJI,EMR,Eastern Mediterranean,YEAR,2002,,,,,,,,,5.50,5.49563599,,,,2025-12-05T13:23:08Z,2002,2002-01-01,2002-12-31
7125682,GHED_GGHE-DGGE_SHA2011,COUNTRY,ECU,AMR,Americas,YEAR,2021,,,,,,,,,14.19,14.18928719,,,,2025-12-05T13:23:08Z,2021,2021-01-01,2021-12-31
7126572,GHED_GGHE-DGGE_SHA2011,COUNTRY,SMR,EUR,Europe,YEAR,2015,,,,,,,,,27.73,27.73473549,,,,2025-12-05T13:23:08Z,2015,2015-01-01,2015-12-31
7127609,GHED_GGHE-DGGE_SHA2011,COUNTRY,TZA,AFR,Africa,YEAR,2017,,,,,,,,,9.52,9.52143383,,,,2025-12-05T13:23:08Z,2017,2017-01-01,2017-12-31
7129223,GHED_GGHE-DGGE_SHA2011,COUNTRY,TUR,EUR,Europe,YEAR,2011,,,,,,,,,11.22,11.22104549,,,,2025-12-05T13:23:08Z,2011,2011-01-01,2011-12-31
7129687,GHED_GGHE-DGGE_SHA2011,COUNTRY,KWT,EMR,Eastern Mediterranean,YEAR,2015,,,,,,,,,6.48,6.47667837,,,,2025-12-05T13:23:08Z,2015,2015-01-01,2015-12-31
7131435,GHED_GGHE-DGGE_SHA2011,COUNTRY,SRB,EUR,Europe,YEAR,2007,,,,,,,,,13.56,13.55892181,,,,2025-12-05T13:23:08Z,2007,2007-01-01,2007-12-31
7134784,GHED_GGHE-DGGE_SHA2011,REGION,EUR,,,YEAR,2000,,,,,,,,,11.09,11.08510779,,,,2025-12-05T13:23:08Z,2000,2000-01-01,2000-12-31
7134970,GHED_GGHE-DGGE_SHA2011,COUNTRY,MNG,WPR,Western Pacific,YEAR,2006,,,,,,,,,9.51,9.51160336,,,,2025-12-05T13:23:08Z,2006,2006-01-01,2006-12-31
7135605,GHED_GGHE-DGGE_SHA2011,COUNTRY,SUR,AMR,Americas,YEAR,2008,,,,,,,,,10.23,10.23190498,,,,2025-12-05T13:23:08Z,2008,2008-01-01,2008-12-31
7138036,GHED_GGHE-DGGE_SHA2011,COUNTRY,SAU,EMR,Eastern Mediterranean,YEAR,2016,,,,,,,,,12.61,12.60635757,,,,2025-12-05T13:23:08Z,2016,2016-01-01,2016-12-31
7138510,GHED_GGHE-DGGE_SHA2011,COUNTRY,GIN,AFR,Africa,YEAR,2008,,,,,,,,,2.68,2.67598891,,,,2025-12-05T13:23:08Z,2008,2008-01-01,2008-12-31
7141101,GHED_GGHE-DGGE_SHA2011,COUNTRY,CPV,AFR,Africa,YEAR,2005,,,,,,,,,8.80,8.80299091,,,,2025-12-05T13:23:08Z,2005,2005-01-01,2005-12-31
7143490,GHED_GGHE-DGGE_SHA2011,COUNTRY,MKD,EUR,Europe,YEAR,2017,,,,,,,,,11.83,11.82731819,,,,2025-12-05T13:23:08Z,2017,2017-01-01,2017-12-31
7144148,GHED_GGHE-DGGE_SHA2011,COUNTRY,PNG,WPR,Western Pacific,YEAR,2000,,,,,,,,,8.32,8.31666756,,,,2025-12-05T13:23:08Z,2000,2000-01-01,2000-12-31
7144331,GHED_GGHE-DGGE_SHA2011,COUNTRY,MHL,WPR,Western Pacific,YEAR,2001,,,,,,,,,10.93,10.92781258,,,,2025-12-05T13:23:08Z,2001,2001-01-01,2001-12-31
7151395,GHED_GGHE-DGGE_SHA2011,REGION,EMR,,,YEAR,2007,,,,,,,,,7.05,7.05237256,,,,2025-12-05T13:23:08Z,2007,2007-01-01,2007-12-31
7152007,GHED_GGHE-DGGE_SHA2011,COUNTRY,ARG,AMR,Americas,YEAR,2013,,,,,,,,,16.74,16.74073219,,,,2025-12-05T13:23:08Z,2013,2013-01-01,2013-12-31
7154374,GHED_GGHE-DGGE_SHA2011,COUNTRY,ROU,EUR,Europe,YEAR,2017,,,,,,,,,12.15,12.15092087,,,,2025-12-05T13:23:08Z,2017,2017-01-01,2017-12-31
7156178,GHED_GGHE-DGGE_SHA2011,COUNTRY,FRA,EUR,Europe,YEAR,2016,,,,,,,,,15.17,15.17427444,,,,2025-12-05T13:23:08Z,2016,2016-01-01,2016-12-31
7159398,GHED_GGHE-DGGE_SHA2011,COUNTRY,KHM,WPR,Western Pacific,YEAR,2003,,,,,,,,,9.43,9.43044186,,,,2025-12-05T13:23:08Z,2003,2003-01-01,2003-12-31
7162018,GHED_GGHE-DGGE_SHA2011,COUNTRY,BEL,EUR,Europe,YEAR,2011,,,,,,,,,14.24,14.23829556,,,,2025-12-05T13:23:08Z,2011,2011-01-01,2011-12-31
7162340,GHED_GGHE-DGGE_SHA2011,COUNTRY,HND,AMR,Americas,YEAR,2021,,,,,,,,,12.09,12.09214497,,,,2025-12-05T13:23:08Z,2021,2021-01-01,2021-12-31
7162383,GHED_GGHE-DGGE_SHA2011,COUNTRY,BRN,WPR,Western Pacific,YEAR,2018,,,,,,,,,7.14,7.14021063,,,,2025-12-05T13:23:08Z,2018,2018-01-01,2018-12-31
7163139,GHED_GGHE-DGGE_SHA2011,COUNTRY,ETH,AFR,Africa,YEAR,2005,,,,,,,,,7.55,7.55002403,,,,2025-12-05T13:23:08Z,2005,2005-01-01,2005-12-31
7163598,GHED_GGHE-DGGE_SHA2011,COUNTRY,LKA,SEAR,South-East Asia,YEAR,2018,,,,,,,,,9.49,9.48533821,,,,2025-12-05T13:23:08Z,2018,2018-01-01,2018-12-31
7165089,GHED_GGHE-DGGE_SHA2011,COUNTRY,COD,AFR,Africa,YEAR,2003,,,,,,,,,2.50,2.49895263,,,,2025-12-05T13:23:08Z,2003,2003-01-01,2003-12-31
7169542,GHED_GGHE-DGGE_SHA2011,COUNTRY,GTM,AMR,Americas,YEAR,2002,,,,,,,,,14.79,14.79130077,,,,2025-12-05T13:23:08Z,2002,2002-01-01,2002-12-31
7169614,GHED_GGHE-DGGE_SHA2011,COUNTRY,IRQ,EMR,Eastern Mediterranean,YEAR,2013,,,,,,,,,2.38,2.37589312,,,,2025-12-05T13:23:08Z,2013,2013-01-01,2013-12-31
7174321,GHED_GGHE-DGGE_SHA2011,COUNTRY,AFG,EMR,Eastern Mediterranean,YEAR,2014,,,,,,,,,1.86,1.86067402,,,,2025-12-05T13:23:08Z,2014,2014-01-01,2014-12-31
7175772,GHED_GGHE-DGGE_SHA2011,COUNTRY,BEN,AFR,Africa,YEAR,2001,,,,,,,,,7.77,7.77235079,,,,2025-12-05T13:23:08Z,2001,2001-01-01,2001-12-31
7175916,GHED_GGHE-DGGE_SHA2011,COUNTRY,KWT,EMR,Eastern Mediterranean,YEAR,2004,,,,,,,,,5.15,5.14762115,,,,2025-12-05T13:23:08Z,2004,2004-01-01,2004-12-31
7178714,GHED_GGHE-DGGE_SHA2011,COUNTRY,SOM,EMR,Eastern Mediterranean,YEAR,2016,,,,,,,,,5.78,5.77611828,,,,2025-12-05T13:23:08Z,2016,2016-01-01,2016-12-31
7179081,GHED_GGHE-DGGE_SHA2011,COUNTRY,BEL,EUR,Europe,YEAR,2014,,,,,,,,,14.50,14.49872303,,,,2025-12-05T13:23:08Z,2014,2014-01-01,2014-12-31
7180391,GHED_GGHE-DGGE_SHA2011,COUNTRY,CHL,AMR,Americas,YEAR,2000,,,,,,,,,10.96,10.95628929,,,,2025-12-05T13:23:08Z,2000,2000-01-01,2000-12-31
7182015,GHED_GGHE-DGGE_SHA2011,COUNTRY,BHR,EMR,Eastern Mediterranean,YEAR,2017,,,,,,,,,7.98,7.97665834,,,,2025-12-05T13:23:08Z,2017,2017-01-01,2017-12-31
7182217,GHED_GGHE-DGGE_SHA2011,COUNTRY,COL,AMR,Americas,YEAR,2018,,,,,,,,,15.55,15.54749584,,,,2025-12-05T13:23:08Z,2018,2018-01-01,2018-12-31
7182980,GHED_GGHE-DGGE_SHA2011,COUNTRY,MDV,SEAR,South-East Asia,YEAR,2003,,,,,,,,,8.14,8.14470768,,,,2025-12-05T13:23:08Z,2003,2003-01-01,2003-12-31
7183041,GHED_GGHE-DGGE_SHA2011,COUNTRY,POL,EUR,Europe,YEAR,2017,,,,,,,,,10.94,10.93835545,,,,2025-12-05T13:23:08Z,2017,2017-01-01,2017-12-31
7184241,GHED_GGHE-DGGE_SHA2011,COUNTRY,RUS,EUR,Europe,YEAR,2009,,,,,,,,,9.08,9.07605648,,,,2025-12-05T13:23:08Z,2009,2009-01-01,2009-12-31
7186778,GHED_GGHE-DGGE_SHA2011,COUNTRY,MDG,AFR,Africa,YEAR,2019,,,,,,,,,4.44,4.44415092,,,,2025-12-05T13:23:08Z,2019,2019-01-01,2019-12-31
7190045,GHED_GGHE-DGGE_SHA2011,COUNTRY,FJI,WPR,Western Pacific,YEAR,2008,,,,,,,,,9.78,9.78181839,,,,2025-12-05T13:23:08Z,2008,2008-01-01,2008-12-31
7197537,GHED_GGHE-DGGE_SHA2011,COUNTRY,COL,AMR,Americas,YEAR,2014,,,,,,,,,16.18,16.18276405,,,,2025-12-05T13:23:08Z,2014,2014-01-01,2014-12-31
7197599,GHED_GGHE-DGGE_SHA2011,COUNTRY,MMR,SEAR,South-East Asia,YEAR,2002,,,,,,,,,2.36,2.35729265,,,,2025-12-05T13:23:08Z,2002,2002-01-01,2002-12-31
7200971,GHED_GGHE-DGGE_SHA2011,COUNTRY,MWI,AFR,Africa,YEAR,2012,,,,,,,,,5.10,5.09623861,,,,2025-12-05T13:23:08Z,2012,2012-01-01,2012-12-31
7201749,GHED_GGHE-DGGE_SHA2011,COUNTRY,COG,AFR,Africa,YEAR,2023,,,,,,,,,5.42,5.42177486,,,,2025-12-05T13:23:08Z,2023,2023-01-01,2023-12-31
7205441,GHED_GGHE-DGGE_SHA2011,COUNTRY,TGO,AFR,Africa,YEAR,2006,,,,,,,,,3.83,3.83191919,,,,2025-12-05T13:23:08Z,2006,2006-01-01,2006-12-31
7205832,GHED_GGHE-DGGE_SHA2011,WORLDBANKINCOMEGROUP,WB_UMI,,,YEAR,2013,,,,,,,,,10.64,10.63763055,,,,2025-12-05T13:23:08Z,2013,2013-01-01,2013-12-31
7206169,GHED_GGHE-DGGE_SHA2011,COUNTRY,NER,AFR,Africa,YEAR,2021,,,,,,,,,8.75,8.74735737,,,,2025-12-05T13:23:08Z,2021,2021-01-01,2021-12-31
7206284,GHED_GGHE-DGGE_SHA2011,COUNTRY,UZB,EUR,Europe,YEAR,2004,,,,,,,,,6.14,6.13769007,,,,2025-12-05T13:23:08Z,2004,2004-01-01,2004-12-31
7206597,GHED_GGHE-DGGE_SHA2011,COUNTRY,LBR,AFR,Africa,YEAR,2012,,,,,,,,,5.05,5.04660225,,,,2025-12-05T13:23:08Z,2012,2012-01-01,2012-12-31
7211177,GHED_GGHE-DGGE_SHA2011,COUNTRY,BRA,AMR,Americas,YEAR,2009,,,,,,,,,9.15,9.14586353,,,,2025-12-05T13:23:08Z,2009,2009-01-01,2009-12-31
7211612,GHED_GGHE-DGGE_SHA2011,COUNTRY,BRA,AMR,Americas,YEAR,2023,,,,,,,,,9.48,9.47691154,,,,2025-12-05T13:23:08Z,2023,2023-01-01,2023-12-31
7212353,GHED_GGHE-DGGE_SHA2011,COUNTRY,DZA,AFR,Africa,YEAR,2009,,,,,,,,,8.64,8.64468479,,,,2025-12-05T13:23:08Z,2009,2009-01-01,2009-12-31
7212830,GHED_GGHE-DGGE_SHA2011,COUNTRY,TTO,AMR,Americas,YEAR,2012,,,,,,,,,7.66,7.65985489,,,,2025-12-05T13:23:08Z,2012,2012-01-01,2012-12-31
7214437,GHED_GGHE-DGGE_SHA2011,COUNTRY,TUN,EMR,Eastern Mediterranean,YEAR,2011,,,,,,,,,12.39,12.38613319,,,,2025-12-05T13:23:08Z,2011,2011-01-01,2011-12-31
7215434,GHED_GGHE-DGGE_SHA2011,COUNTRY,LBN,EMR,Eastern Mediterranean,YEAR,2009,,,,,,,,,8.34,8.34239483,,,,2025-12-05T13:23:08Z,2009,2009-01-01,2009-12-31
7215884,GHED_GGHE-DGGE_SHA2011,COUNTRY,TCD,AFR,Africa,YEAR,2007,,,,,,,,,5.99,5.99494457,,,,2025-12-05T13:23:08Z,2007,2007-01-01,2007-12-31
7216991,GHED_GGHE-DGGE_SHA2011,COUNTRY,AGO,AFR,Africa,YEAR,2004,,,,,,,,,5.66,5.65923882,,,,2025-12-05T13:23:08Z,2004,2004-01-01,2004-12-31
7218002,GHED_GGHE-DGGE_SHA2011,COUNTRY,WSM,WPR,Western Pacific,YEAR,2021,,,,,,,,,14.63,14.63305664,,,,2025-12-05T13:23:08Z,2021,2021-01-01,2021-12-31
7218423,GHED_GGHE-DGGE_SHA2011,COUNTRY,CMR,AFR,Africa,YEAR,2010,,,,,,,,,2.68,2.67579794,,,,2025-12-05T13:23:08Z,2010,2010-01-01,2010-12-31
7225510,GHED_GGHE-DGGE_SHA2011,COUNTRY,POL,EUR,Europe,YEAR,2002,,,,,,,,,9.39,9.391572,,,,2025-12-05T13:23:08Z,2002,2002-01-01,2002-12-31
7227206,GHED_GGHE-DGGE_SHA2011,COUNTRY,LSO,AFR,Africa,YEAR,2006,,,,,,,,,7.05,7.05384493,,,,2025-12-05T13:23:08Z,2006,2006-01-01,2006-12-31
7228564,GHED_GGHE-DGGE_SHA2011,COUNTRY,CHE,EUR,Europe,YEAR,2016,,,,,,,,,11.18,11.17563915,,,,2025-12-05T13:23:08Z,2016,2016-01-01,2016-12-31
7229561,GHED_GGHE-DGGE_SHA2011,COUNTRY,ALB,EUR,Europe,YEAR,2012,,,,,,,,,8.70,8.69734573,,,,2025-12-05T13:23:08Z,2012,2012-01-01,2012-12-31
7234558,GHED_GGHE-DGGE_SHA2011,COUNTRY,UGA,AFR,Africa,YEAR,2008,,,,,,,,,7.25,7.25114584,,,,2025-12-05T13:23:08Z,2008,2008-01-01,2008-12-31
7235269,GHED_GGHE-DGGE_SHA2011,COUNTRY,TLS,SEAR,South-East Asia,YEAR,2020,,,,,,,,,6.59,6.59020758,,,,2025-12-05T13:23:08Z,2020,2020-01-01,2020-12-31
7238309,GHED_GGHE-DGGE_SHA2011,COUNTRY,CPV,AFR,Africa,YEAR,2022,,,,,,,,,16.06,16.06422043,,,,2025-12-05T13:23:08Z,2022,2022-01-01,2022-12-31
7238903,GHED_GGHE-DGGE_SHA2011,COUNTRY,GIN,AFR,Africa,YEAR,2000,,,,,,,,,2.39,2.38682532,,,,2025-12-05T13:23:08Z,2000,2000-01-01,2000-12-31
7243262,GHED_GGHE-DGGE_SHA2011,REGION,WPR,,,YEAR,2009,,,,,,,,,9.62,9.624785,,,,2025-12-05T13:23:08Z,2009,2009-01-01,2009-12-31
7247240,GHED_GGHE-DGGE_SHA2011,WORLDBANKINCOMEGROUP,WB_LMI,,,YEAR,2011,,,,,,,,,7.20,7.20008629,,,,2025-12-05T13:23:08Z,2011,2011-01-01,2011-12-31
7249835,GHED_GGHE-DGGE_SHA2011,COUNTRY,NIC,AMR,Americas,YEAR,2000,,,,,,,,,12.48,12.48380184,,,,2025-12-05T13:23:08Z,2000,2000-01-01,2000-12-31
7253203,GHED_GGHE-DGGE_SHA2011,COUNTRY,CPV,AFR,Africa,YEAR,2021,,,,,,,,,14.89,14.88970947,,,,2025-12-05T13:23:08Z,2021,2021-01-01,2021-12-31
7256002,GHED_GGHE-DGGE_SHA2011,REGION,WPR,,,YEAR,2018,,,,,,,,,10.08,10.07699283,,,,2025-12-05T13:23:08Z,2018,2018-01-01,2018-12-31
7256966,GHED_GGHE-DGGE_SHA2011,COUNTRY,POL,EUR,Europe,YEAR,2000,,,,,,,,,8.38,8.38121891,,,,2025-12-05T13:23:08Z,2000,2000-01-01,2000-12-31
7257014,GHED_GGHE-DGGE_SHA2011,COUNTRY,MAR,EMR,Eastern Mediterranean,YEAR,2011,,,,,,,,,5.79,5.79278231,,,,2025-12-05T13:23:08Z,2011,2011-01-01,2011-12-31
7260888,GHED_GGHE-DGGE_SHA2011,COUNTRY,BDI,AFR,Africa,YEAR,2001,,,,,,,,,6.66,6.66263866,,,,2025-12-05T13:23:08Z,2001,2001-01-01,2001-12-31
7263840,GHED_GGHE-DGGE_SHA2011,REGION,EUR,,,YEAR,2004,,,,,,,,,12.12,12.11547401,,,,2025-12-05T13:23:08Z,2004,2004-01-01,2004-12-31
7264658,GHED_GGHE-DGGE_SHA2011,COUNTRY,ECU,AMR,Americas,YEAR,2010,,,,,,,,,8.44,8.4362812,,,,2025-12-05T13:23:08Z,2010,2010-01-01,2010-12-31
7270992,GHED_GGHE-DGGE_SHA2011,COUNTRY,LIE,EUR,Europe,YEAR,2020,,,,,,,,,13.27,13.26986885,,,,2025-12-05T13:23:08Z,2020,2020-01-01,2020-12-31
7273203,GHED_GGHE-DGGE_SHA2011,COUNTRY,DEU,EUR,Europe,YEAR,2018,,,,,,,,,19.49,19.4917202,,,,2025-12-05T13:23:08Z,2018,2018-01-01,2018-12-31
7276092,GHED_GGHE-DGGE_SHA2011,COUNTRY,AND,EUR,Europe,YEAR,2009,,,,,,,,,16.87,16.87077713,,,,2025-12-05T13:23:08Z,2009,2009-01-01,2009-12-31
7276618,GHED_GGHE-DGGE_SHA2011,COUNTRY,VNM,WPR,Western Pacific,YEAR,2021,,,,,,,,,9.74,9.740695,,,,2025-12-05T13:23:08Z,2021,2021-01-01,2021-12-31
7278010,GHED_GGHE-DGGE_SHA2011,COUNTRY,SDN,EMR,Eastern Mediterranean,YEAR,2017,,,,,,,,,8.32,8.32499409,,,,2025-12-05T13:23:08Z,2017,2017-01-01,2017-12-31
7278426,GHED_GGHE-DGGE_SHA2011,COUNTRY,LBR,AFR,Africa,YEAR,2009,,,,,,,,,5.05,5.04660225,,,,2025-12-05T13:23:08Z,2009,2009-01-01,2009-12-31
7280082,GHED_GGHE-DGGE_SHA2011,COUNTRY,NLD,EUR,Europe,YEAR,2013,,,,,,,,,15.24,15.24405479,,,,2025-12-05T13:23:08Z,2013,2013-01-01,2013-12-31
7282661,GHED_GGHE-DGGE_SHA2011,COUNTRY,TCD,AFR,Africa,YEAR,2019,,,,,,,,,4.86,4.86149549,,,,2025-12-05T13:23:08Z,2019,2019-01-01,2019-12-31
7283220,GHED_GGHE-DGGE_SHA2011,COUNTRY,RUS,EUR,Europe,YEAR,2013,,,,,,,,,9.15,9.14695454,,,,2025-12-05T13:23:08Z,2013,2013-01-01,2013-12-31
7287788,GHED_GGHE-DGGE_SHA2011,COUNTRY,GRD,AMR,Americas,YEAR,2008,,,,,,,,,7.04,7.03745365,,,,2025-12-05T13:23:08Z,2008,2008-01-01,2008-12-31
7291039,GHED_GGHE-DGGE_SHA2011,COUNTRY,JOR,EMR,Eastern Mediterranean,YEAR,2017,,,,,,,,,11.10,11.0992403,,,,2025-12-05T13:23:08Z,2017,2017-01-01,2017-12-31
7291518,GHED_GGHE-DGGE_SHA2011,COUNTRY,KOR,WPR,Western Pacific,YEAR,2018,,,,,,,,,13.71,13.71217537,,,,2025-12-05T13:23:08Z,2018,2018-01-01,2018-12-31
7291551,GHED_GGHE-DGGE_SHA2011,COUNTRY,ARG,AMR,Americas,YEAR,2021,,,,,,,,,16.76,16.75696182,,,,2025-12-05T13:23:08Z,2021,2021-01-01,2021-12-31
7291622,GHED_GGHE-DGGE_SHA2011,COUNTRY,GHA,AFR,Africa,YEAR,2003,,,,,,,,,7.78,7.78028059,,,,2025-12-05T13:23:08Z,2003,2003-01-01,2003-12-31
7293514,GHED_GGHE-DGGE_SHA2011,COUNTRY,FRA,EUR,Europe,YEAR,2004,,,,,,,,,13.94,13.93587112,,,,2025-12-05T13:23:08Z,2004,2004-01-01,2004-12-31
7293866,GHED_GGHE-DGGE_SHA2011,COUNTRY,JPN,WPR,Western Pacific,YEAR,2015,,,,,,,,,23.15,23.15028763,,,,2025-12-05T13:23:08Z,2015,2015-01-01,2015-12-31
7294778,GHED_GGHE-DGGE_SHA2011,COUNTRY,MKD,EUR,Europe,YEAR,2008,,,,,,,,,12.54,12.53623104,,,,2025-12-05T13:23:08Z,2008,2008-01-01,2008-12-31
7294800,GHED_GGHE-DGGE_SHA2011,COUNTRY,MHL,WPR,Western Pacific,YEAR,2006,,,,,,,,,10.61,10.61153984,,,,2025-12-05T13:23:08Z,2006,2006-01-01,2006-12-31
7298701,GHED_GGHE-DGGE_SHA2011,COUNTRY,FIN,EUR,Europe,YEAR,2019,,,,,,,,,14.06,14.06124687,,,,2025-12-05T13:23:08Z,2019,2019-01-01,2019-12-31
7300390,GHED_GGHE-DGGE_SHA2011,COUNTRY,CRI,AMR,Americas,YEAR,2007,,,,,,,,,31.74,31.73869324,,,,2025-12-05T13:23:08Z,2007,2007-01-01,2007-12-31
7300521,GHED_GGHE-DGGE_SHA2011,COUNTRY,MEX,AMR,Americas,YEAR,2002,,,,,,,,,10.43,10.431695939999999,,,,2025-12-05T13:23:08Z,2002,2002-01-01,2002-12-31
7301894,GHED_GGHE-DGGE_SHA2011,COUNTRY,NOR,EUR,Europe,YEAR,2001,,,,,,,,,15.03,15.03281307,,,,2025-12-05T13:23:08Z,2001,2001-01-01,2001-12-31
7302095,GHED_GGHE-DGGE_SHA2011,COUNTRY,FSM,WPR,Western Pacific,YEAR,2019,,,,,,,,,3.06,3.0567925,,,,2025-12-05T13:23:08Z,2019,2019-01-01,2019-12-31
7308724,GHED_GGHE-DGGE_SHA2011,COUNTRY,UKR,EUR,Europe,YEAR,2005,,,,,,,,,8.43,8.43188095,,,,2025-12-05T13:23:08Z,2005,2005-01-01,2005-12-31
7309259,GHED_GGHE-DGGE_SHA2011,COUNTRY,SRB,EUR,Europe,YEAR,2001,,,,,,,,,13.57,13.56817055,,,,2025-12-05T13:23:08Z,2001,2001-01-01,2001-12-31
7311894,GHED_GGHE-DGGE_SHA2011,COUNTRY,IRL,EUR,Europe,YEAR,2006,,,,,,,,,17.43,17.42926025,,,,2025-12-05T13:23:08Z,2006,2006-01-01,2006-12-31
7312692,GHED_GGHE-DGGE_SHA2011,COUNTRY,AZE,EUR,Europe,YEAR,2005,,,,,,,,,3.96,3.95949173,,,,2025-12-05T13:23:08Z,2005,2005-01-01,2005-12-31
7312879,GHED_GGHE-DGGE_SHA2011,COUNTRY,NLD,EUR,Europe,YEAR,2010,,,,,,,,,14.13,14.133592609999999,,,,2025-12-05T13:23:08Z,2010,2010-01-01,2010-12-31
7316891,GHED_GGHE-DGGE_SHA2011,REGION,AMR,,,YEAR,2019,,,,,,,,,13.61,13.60668023,,,,2025-12-05T13:23:08Z,2019,2019-01-01,2019-12-31
7320595,GHED_GGHE-DGGE_SHA2011,COUNTRY,FIN,EUR,Europe,YEAR,2005,,,,,,,,,13.16,13.15726566,,,,2025-12-05T13:23:08Z,2005,2005-01-01,2005-12-31
7321924,GHED_GGHE-DGGE_SHA2011,COUNTRY,TON,WPR,Western Pacific,YEAR,2007,,,,,,,,,13.68,13.68093872,,,,2025-12-05T13:23:08Z,2007,2007-01-01,2007-12-31
7323817,GHED_GGHE-DGGE_SHA2011,COUNTRY,CZE,EUR,Europe,YEAR,2020,,,,,,,,,17.06,17.06226158,,,,2025-12-05T13:23:08Z,2020,2020-01-01,2020-12-31
7324691,GHED_GGHE-DGGE_SHA2011,COUNTRY,ITA,EUR,Europe,YEAR,2008,,,,,,,,,13.83,13.82932663,,,,2025-12-05T13:23:08Z,2008,2008-01-01,2008-12-31
7325663,GHED_GGHE-DGGE_SHA2011,COUNTRY,BLR,EUR,Europe,YEAR,2004,,,,,,,,,10.00,9.99574471,,,,2025-12-05T13:23:08Z,2004,2004-01-01,2004-12-31
7327712,GHED_GGHE-DGGE_SHA2011,COUNTRY,SLE,AFR,Africa,YEAR,2012,,,,,,,,,4.75,4.75321102,,,,2025-12-05T13:23:08Z,2012,2012-01-01,2012-12-31
7329716,GHED_GGHE-DGGE_SHA2011,COUNTRY,BEL,EUR,Europe,YEAR,2003,,,,,,,,,13.30,13.30091095,,,,2025-12-05T13:23:08Z,2003,2003-01-01,2003-12-31
7331533,GHED_GGHE-DGGE_SHA2011,COUNTRY,JAM,AMR,Americas,YEAR,2000,,,,,,,,,11.84,11.84148693,,,,2025-12-05T13:23:08Z,2000,2000-01-01,2000-12-31
7336091,GHED_GGHE-DGGE_SHA2011,COUNTRY,CAF,AFR,Africa,YEAR,2021,,,,,,,,,6.42,6.42073488,,,,2025-12-05T13:23:08Z,2021,2021-01-01,2021-12-31
7344039,GHED_GGHE-DGGE_SHA2011,COUNTRY,LUX,EUR,Europe,YEAR,2008,,,,,,,,,14.40,14.40140057,,,,2025-12-05T13:23:08Z,2008,2008-01-01,2008-12-31
7345400,GHED_GGHE-DGGE_SHA2011,COUNTRY,BOL,AMR,Americas,YEAR,2018,,,,,,,,,12.72,12.72148514,,,,2025-12-05T13:23:08Z,2018,2018-01-01,2018-12-31
7347362,GHED_GGHE-DGGE_SHA2011,COUNTRY,FSM,WPR,Western Pacific,YEAR,2001,,,,,,,,,2.86,2.85505843,,,,2025-12-05T13:23:08Z,2001,2001-01-01,2001-12-31
7348779,GHED_GGHE-DGGE_SHA2011,COUNTRY,COG,AFR,Africa,YEAR,2014,,,,,,,,,1.95,1.9499675,,,,2025-12-05T13:23:08Z,2014,2014-01-01,2014-12-31
7349385,GHED_GGHE-DGGE_SHA2011,COUNTRY,PLW,WPR,Western Pacific,YEAR,2001,,,,,,,,,7.97,7.97266722,,,,2025-12-05T13:23:08Z,2001,2001-01-01,2001-12-31
7349580,GHED_GGHE-DGGE_SHA2011,COUNTRY,NGA,AFR,Africa,YEAR,2008,,,,,,,,,4.59,4.59404516,,,,2025-12-05T13:23:08Z,2008,2008-01-01,2008-12-31
7349588,GHED_GGHE-DGGE_SHA2011,COUNTRY,KEN,AFR,Africa,YEAR,2012,,,,,,,,,7.36,7.35927916,,,,2025-12-05T13:23:08Z,2012,2012-01-01,2012-12-31
7350528,GHED_GGHE-DGGE_SHA2011,COUNTRY,BHR,EMR,Eastern Mediterranean,YEAR,2013,,,,,,,,,8.46,8.45688343,,,,2025-12-05T13:23:08Z,2013,2013-01-01,2013-12-31
7351101,GHED_GGHE-DGGE_SHA2011,COUNTRY,LCA,AMR,Americas,YEAR,2006,,,,,,,,,6.31,6.3106761,,,,2025-12-05T13:23:08Z,2006,2006-01-01,2006-12-31
7351360,GHED_GGHE-DGGE_SHA2011,COUNTRY,ISL,EUR,Europe,YEAR,2019,,,,,,,,,16.44,16.44213295,,,,2025-12-05T13:23:08Z,2019,2019-01-01,2019-12-31
7351556,GHED_GGHE-DGGE_SHA2011,COUNTRY,LUX,EUR,Europe,YEAR,2001,,,,,,,,,14.06,14.05965328,,,,2025-12-05T13:23:08Z,2001,2001-01-01,2001-12-31
7352452,GHED_GGHE-DGGE_SHA2011,COUNTRY,CHL,AMR,Americas,YEAR,2006,,,,,,,,,13.41,13.40539932,,,,2025-12-05T13:23:08Z,2006,2006-01-01,2006-12-31
7352660,GHED_GGHE-DGGE_SHA2011,COUNTRY,BWA,AFR,Africa,YEAR,2006,,,,,,,,,8.18,8.17829704,,,,2025-12-05T13:23:08Z,2006,2006-01-01,2006-12-31
7354567,GHED_GGHE-DGGE_SHA2011,COUNTRY,SWZ,AFR,Africa,YEAR,2001,,,,,,,,,9.28,9.28485775,,,,2025-12-05T13:23:08Z,2001,2001-01-01,2001-12-31
7357888,GHED_GGHE-DGGE_SHA2011,COUNTRY,POL,EUR,Europe,YEAR,2015,,,,,,,,,10.63,10.63470554,,,,2025-12-05T13:23:08Z,2015,2015-01-01,2015-12-31
7358202,GHED_GGHE-DGGE_SHA2011,COUNTRY,ITA,EUR,Europe,YEAR,2011,,,,,,,,,13.71,13.711050030000001,,,,2025-12-05T13:23:08Z,2011,2011-01-01,2011-12-31
7361314,GHED_GGHE-DGGE_SHA2011,COUNTRY,VUT,WPR,Western Pacific,YEAR,2004,,,,,,,,,12.56,12.55610371,,,,2025-12-05T13:23:08Z,2004,2004-01-01,2004-12-31
7363472,GHED_GGHE-DGGE_SHA2011,COUNTRY,VUT,WPR,Western Pacific,YEAR,2016,,,,,,,,,3.66,3.66210938,,,,2025-12-05T13:23:08Z,2016,2016-01-01,2016-12-31
7368151,GHED_GGHE-DGGE_SHA2011,COUNTRY,BGD,SEAR,South-East Asia,YEAR,2008,,,,,,,,,3.84,3.84091425,,,,2025-12-05T13:23:08Z,2008,2008-01-01,2008-12-31
7370372,GHED_GGHE-DGGE_SHA2011,COUNTRY,LBR,AFR,Africa,YEAR,2019,,,,,,,,,4.20,4.19834614,,,,2025-12-05T13:23:08Z,2019,2019-01-01,2019-12-31
7373567,GHED_GGHE-DGGE_SHA2011,COUNTRY,QAT,EMR,Eastern Mediterranean,YEAR,2011,,,,,,,,,4.13,4.12907839,,,,2025-12-05T13:23:08Z,2011,2011-01-01,2011-12-31
7373587,GHED_GGHE-DGGE_SHA2011,COUNTRY,MDG,AFR,Africa,YEAR,2023,,,,,,,,,5.51,5.51341772,,,,2025-12-05T13:23:08Z,2023,2023-01-01,2023-12-31
7375036,GHED_GGHE-DGGE_SHA2011,COUNTRY,SLE,AFR,Africa,YEAR,2014,,,,,,,,,7.58,7.57988453,,,,2025-12-05T13:23:08Z,2014,2014-01-01,2014-12-31
7377118,GHED_GGHE-DGGE_SHA2011,COUNTRY,KAZ,EUR,Europe,YEAR,2001,,,,,,,,,8.41,8.40947342,,,,2025-12-05T13:23:08Z,2001,2001-01-01,2001-12-31
7378664,GHED_GGHE-DGGE_SHA2011,COUNTRY,PSE,EMR,Eastern Mediterranean,YEAR,2019,,,,,,,,,12.92,12.92401981,,,,2025-12-05T13:23:08Z,2019,2019-01-01,2019-12-31
7380670,GHED_GGHE-DGGE_SHA2011,COUNTRY,GRC,EUR,Europe,YEAR,2003,,,,,,,,,10.86,10.85597706,,,,2025-12-05T13:23:08Z,2003,2003-01-01,2003-12-31
7381586,GHED_GGHE-DGGE_SHA2011,COUNTRY,HUN,EUR,Europe,YEAR,2011,,,,,,,,,10.10,10.09751129,,,,2025-12-05T13:23:08Z,2011,2011-01-01,2011-12-31
7382259,GHED_GGHE-DGGE_SHA2011,COUNTRY,CPV,AFR,Africa,YEAR,2017,,,,,,,,,9.12,9.12374878,,,,2025-12-05T13:23:08Z,2017,2017-01-01,2017-12-31
7385242,GHED_GGHE-DGGE_SHA2011,COUNTRY,ALB,EUR,Europe,YEAR,2016,,,,,,,,,9.89,9.88866711,,,,2025-12-05T13:23:08Z,2016,2016-01-01,2016-12-31
7386660,GHED_GGHE-DGGE_SHA2011,COUNTRY,PER,AMR,Americas,YEAR,2006,,,,,,,,,11.57,11.56533909,,,,2025-12-05T13:23:08Z,2006,2006-01-01,2006-12-31
7386794,GHED_GGHE-DGGE_SHA2011,COUNTRY,UKR,EUR,Europe,YEAR,2006,,,,,,,,,8.70,8.69689655,,,,2025-12-05T13:23:08Z,2006,2006-01-01,2006-12-31
7389314,GHED_GGHE-DGGE_SHA2011,COUNTRY,URY,AMR,Americas,YEAR,2017,,,,,,,,,20.32,20.31971931,,,,2025-12-05T13:23:08Z,2017,2017-01-01,2017-12-31
7389352,GHED_GGHE-DGGE_SHA2011,COUNTRY,ARM,EUR,Europe,YEAR,2002,,,,,,,,,5.33,5.3255291,,,,2025-12-05T13:23:08Z,2002,2002-01-01,2002-12-31
7390950,GHED_GGHE-DGGE_SHA2011,COUNTRY,COM,AFR,Africa,YEAR,2015,,,,,,,,,2.45,2.44571519,,,,2025-12-05T13:23:08Z,2015,2015-01-01,2015-12-31
7394206,GHED_GGHE-DGGE_SHA2011,COUNTRY,BLR,EUR,Europe,YEAR,2011,,,,,,,,,7.66,7.66490793,,,,2025-12-05T13:23:08Z,2011,2011-01-01,2011-12-31
7395389,GHED_GGHE-DGGE_SHA2011,COUNTRY,DMA,AMR,Americas,YEAR,2011,,,,,,,,,9.09,9.09039211,,,,2025-12-05T13:23:08Z,2011,2011-01-01,2011-12-31
7395750,GHED_GGHE-DGGE_SHA2011,COUNTRY,SDN,EMR,Eastern Mediterranean,YEAR,2008,,,,,,,,,8.79,8.78631306,,,,2025-12-05T13:23:08Z,2008,2008-01-01,2008-12-31
7396196,GHED_GGHE-DGGE_SHA2011,COUNTRY,BLR,EUR,Europe,YEAR,2020,,,,,,,,,11.94,11.93542862,,,,2025-12-05T13:23:08Z,2020,2020-01-01,2020-12-31
7398140,GHED_GGHE-DGGE_SHA2011,COUNTRY,ISL,EUR,Europe,YEAR,2001,,,,,,,,,14.88,14.8849411,,,,2025-12-05T13:23:08Z,2001,2001-01-01,2001-12-31
7400948,GHED_GGHE-DGGE_SHA2011,COUNTRY,CAN,AMR,Americas,YEAR,2022,,,,,,,,,19.36,19.36143303,,,,2025-12-05T13:23:08Z,2022,2022-01-01,2022-12-31
7405782,GHED_GGHE-DGGE_SHA2011,COUNTRY,ITA,EUR,Europe,YEAR,2022,,,,,,,,,11.89,11.88685894,,,,2025-12-05T13:23:08Z,2022,2022-01-01,2022-12-31
7407391,GHED_GGHE-DGGE_SHA2011,COUNTRY,KNA,AMR,Americas,YEAR,2001,,,,,,,,,6.22,6.21548748,,,,2025-12-05T13:23:08Z,2001,2001-01-01,2001-12-31
7409452,GHED_GGHE-DGGE_SHA2011,COUNTRY,CAN,AMR,Americas,YEAR,2001,,,,,,,,,15.28,15.27647972,,,,2025-12-05T13:23:08Z,2001,2001-01-01,2001-12-31
7416690,GHED_GGHE-DGGE_SHA2011,COUNTRY,USA,AMR,Americas,YEAR,2011,,,,,,,,,18.93,18.92724228,,,,2025-12-05T13:23:08Z,2011,2011-01-01,2011-12-31
7417806,GHED_GGHE-DGGE_SHA2011,COUNTRY,IDN,WPR,Western Pacific,YEAR,2021,,,,,,,,,12.15,12.14989853,,,,2025-12-05T13:23:08Z,2021,2021-01-01,2021-12-31
7418047,GHED_GGHE-DGGE_SHA2011,COUNTRY,SWZ,AFR,Africa,YEAR,2009,,,,,,,,,13.33,13.33174038,,,,2025-12-05T13:23:08Z,2009,2009-01-01,2009-12-31
7425696,GHED_GGHE-DGGE_SHA2011,COUNTRY,ARE,EMR,Eastern Mediterranean,YEAR,2019,,,,,,,,,7.92,7.91993999,,,,2025-12-05T13:23:08Z,2019,2019-01-01,2019-12-31
7425879,GHED_GGHE-DGGE_SHA2011,COUNTRY,DMA,AMR,Americas,YEAR,2018,,,,,,,,,6.16,6.15797138,,,,2025-12-05T13:23:08Z,2018,2018-01-01,2018-12-31
7427716,GHED_GGHE-DGGE_SHA2011,COUNTRY,GHA,AFR,Africa,YEAR,2022,,,,,,,,,7.41,7.40958786,,,,2025-12-05T13:23:08Z,2022,2022-01-01,2022-12-31
7433623,GHED_GGHE-DGGE_SHA2011,COUNTRY,DNK,EUR,Europe,YEAR,2004,,,,,,,,,14.22,14.2211647,,,,2025-12-05T13:23:08Z,2004,2004-01-01,2004-12-31
7434300,GHED_GGHE-DGGE_SHA2011,COUNTRY,JOR,EMR,Eastern Mediterranean,YEAR,2012,,,,,,,,,13.67,13.67097759,,,,2025-12-05T13:23:08Z,2012,2012-01-01,2012-12-31
7434509,GHED_GGHE-DGGE_SHA2011,WORLDBANKINCOMEGROUP,WB_LMI,,,YEAR,2022,,,,,,,,,7.65,7.64697435,,,,2026-01-12T13:50:53Z,2022,2022-01-01,2022-12-31
7434722,GHED_GGHE-DGGE_SHA2011,COUNTRY,ARG,AMR,Americas,YEAR,2020,,,,,,,,,16.46,16.45645332,,,,2025-12-05T13:23:08Z,2020,2020-01-01,2020-12-31
7434799,GHED_GGHE-DGGE_SHA2011,COUNTRY,FSM,WPR,Western Pacific,YEAR,2004,,,,,,,,,1.59,1.58882129,,,,2025-12-05T13:23:08Z,2004,2004-01-01,2004-12-31
7435323,GHED_GGHE-DGGE_SHA2011,COUNTRY,ISR,EUR,Europe,YEAR,2013,,,,,,,,,10.91,10.91187763,,,,2025-12-05T13:23:08Z,2013,2013-01-01,2013-12-31
7436392,GHED_GGHE-DGGE_SHA2011,COUNTRY,ROU,EUR,Europe,YEAR,2004,,,,,,,,,11.96,11.96030045,,,,2025-12-05T13:23:08Z,2004,2004-01-01,2004-12-31
7444519,GHED_GGHE-DGGE_SHA2011,COUNTRY,HND,AMR,Americas,YEAR,2023,,,,,,,,,9.43,9.42858696,,,,2025-12-05T13:23:08Z,2023,2023-01-01,2023-12-31
7444996,GHED_GGHE-DGGE_SHA2011,WORLDBANKINCOMEGROUP,WB_LI,,,YEAR,2010,,,,,,,,,5.66,5.65540787,,,,2025-12-05T13:23:08Z,2010,2010-01-01,2010-12-31
7448058,GHED_GGHE-DGGE_SHA2011,COUNTRY,LKA,SEAR,South-East Asia,YEAR,2000,,,,,,,,,10.14,10.13794994,,,,2025-12-05T13:23:08Z,2000,2000-01-01,2000-12-31
7450443,GHED_GGHE-DGGE_SHA2011,COUNTRY,BIH,EUR,Europe,YEAR,2016,,,,,,,,,15.63,15.62966251,,,,2025-12-05T13:23:08Z,2016,2016-01-01,2016-12-31
7450637,GHED_GGHE-DGGE_SHA2011,COUNTRY,ZAF,AFR,Africa,YEAR,2000,,,,,,,,,11.86,11.85530758,,,,2025-12-05T13:23:08Z,2000,2000-01-01,2000-12-31
7456026,GHED_GGHE-DGGE_SHA2011,COUNTRY,BGR,EUR,Europe,YEAR,2020,,,,,,,,,12.22,12.21726608,,,,2025-12-05T13:23:08Z,2020,2020-01-01,2020-12-31
7456396,GHED_GGHE-DGGE_SHA2011,COUNTRY,GUY,AMR,Americas,YEAR,2019,,,,,,,,,10.32,10.32425022,,,,2025-12-05T13:23:08Z,2019,2019-01-01,2019-12-31
7458353,GHED_GGHE-DGGE_SHA2011,COUNTRY,BLR,EUR,Europe,YEAR,2015,,,,,,,,,8.83,8.82638741,,,,2025-12-05T13:23:08Z,2015,2015-01-01,2015-12-31
7460128,GHED_GGHE-DGGE_SHA2011,COUNTRY,TUV,WPR,Western Pacific,YEAR,2018,,,,,,,,,12.26,12.26143551,,,,2025-12-05T13:23:08Z,2018,2018-01-01,2018-12-31
7461819,GHED_GGHE-DGGE_SHA2011,COUNTRY,TUN,EMR,Eastern Mediterranean,YEAR,2008,,,,,,,,,11.84,11.84145737,,,,2025-12-05T13:23:08Z,2008,2008-01-01,2008-12-31
7468019,GHED_GGHE-DGGE_SHA2011,COUNTRY,KGZ,EUR,Europe,YEAR,2000,,,,,,,,,7.06,7.06400633,,,,2025-12-05T13:23:08Z,2000,2000-01-01,2000-12-31
7469774,GHED_GGHE-DGGE_SHA2011,COUNTRY,COG,AFR,Africa,YEAR,2010,,,,,,,,,3.60,3.60210204,,,,2025-12-05T13:23:08Z,2010,2010-01-01,2010-12-31
7470062,GHED_GGHE-DGGE_SHA2011,COUNTRY,MEX,AMR,Americas,YEAR,2022,,,,,,,,,10.39,10.38855362,,,,2025-12-05T13:23:08Z,2022,2022-01-01,2022-12-31
7473674,GHED_GGHE-DGGE_SHA2011,COUNTRY,SLV,AMR,Americas,YEAR,2017,,,,,,,,,16.31,16.31419945,,,,2025-12-05T13:23:08Z,2017,2017-01-01,2017-12-31
7476312,GHED_GGHE-DGGE_SHA2011,COUNTRY,KNA,AMR,Americas,YEAR,2011,,,,,,,,,6.34,6.34333754,,,,2025-12-05T13:23:08Z,2011,2011-01-01,2011-12-31
7476360,GHED_GGHE-DGGE_SHA2011,COUNTRY,CAF,AFR,Africa,YEAR,2015,,,,,,,,,3.26,3.26452565,,,,2025-12-05T13:23:08Z,2015,2015-01-01,2015-12-31
7478905,GHED_GGHE-DGGE_SHA2011,COUNTRY,DNK,EUR,Europe,YEAR,2021,,,,,,,,,18.22,18.21759224,,,,2025-12-05T13:23:08Z,2021,2021-01-01,2021-12-31
7480405,GHED_GGHE-DGGE_SHA2011,COUNTRY,EST,EUR,Europe,YEAR,2020,,,,,,,,,12.86,12.86363029,,,,2025-12-05T13:23:08Z,2020,2020-01-01,2020-12-31
7482674,GHED_GGHE-DGGE_SHA2011,COUNTRY,COD,AFR,Africa,YEAR,2015,,,,,,,,,4.10,4.10415363,,,,2025-12-05T13:23:08Z,2015,2015-01-01,2015-12-31
7484147,GHED_GGHE-DGGE_SHA2011,COUNTRY,MCO,EUR,Europe,YEAR,2020,,,,,,,,,12.31,12.30621147,,,,2025-12-05T13:23:08Z,2020,2020-01-01,2020-12-31
7485748,GHED_GGHE-DGGE_SHA2011,COUNTRY,DNK,EUR,Europe,YEAR,2012,,,,,,,,,15.35,15.34686089,,,,2025-12-05T13:23:08Z,2012,2012-01-01,2012-12-31
7487332,GHED_GGHE-DGGE_SHA2011,COUNTRY,GRC,EUR,Europe,YEAR,2005,,,,,,,,,11.44,11.43558979,,,,2025-12-05T13:23:08Z,2005,2005-01-01,2005-12-31
7493029,GHED_GGHE-DGGE_SHA2011,COUNTRY,TTO,AMR,Americas,YEAR,2003,,,,,,,,,8.56,8.5635004,,,,2025-12-05T13:23:08Z,2003,2003-01-01,2003-12-31
7499979,GHED_GGHE-DGGE_SHA2011,COUNTRY,FIN,EUR,Europe,YEAR,2002,,,,,,,,,12.10,12.09565258,,,,2025-12-05T13:23:08Z,2002,2002-01-01,2002-12-31
7502442,GHED_GGHE-DGGE_SHA2011,COUNTRY,KEN,AFR,Africa,YEAR,2000,,,,,,,,,7.09,7.08898258,,,,2025-12-05T13:23:08Z,2000,2000-01-01,2000-12-31
7504956,GHED_GGHE-DGGE_SHA2011,COUNTRY,TCD,AFR,Africa,YEAR,2021,,,,,,,,,5.64,5.64191198,,,,2025-12-05T13:23:08Z,2021,2021-01-01,2021-12-31
7505495,GHED_GGHE-DGGE_SHA2011,COUNTRY,ARM,EUR,Europe,YEAR,2019,,,,,,,,,5.67,5.66885042,,,,2025-12-05T13:23:08Z,2019,2019-01-01,2019-12-31
7508539,GHED_GGHE-DGGE_SHA2011,COUNTRY,LBY,EMR,Eastern Mediterranean,YEAR,2002,,,,,,,,,7.76,7.75643206,,,,2025-12-05T13:23:08Z,2002,2002-01-01,2002-12-31
7513613,GHED_GGHE-DGGE_SHA2011,COUNTRY,UKR,EUR,Europe,YEAR,2012,,,,,,,,,7.64,7.64040852,,,,2025-12-05T13:23:08Z,2012,2012-01-01,2012-12-31
7514591,GHED_GGHE-DGGE_SHA2011,COUNTRY,ISR,EUR,Europe,YEAR,2005,,,,,,,,,9.57,9.57161617,,,,2025-12-05T13:23:08Z,2005,2005-01-01,2005-12-31
7516632,GHED_GGHE-DGGE_SHA2011,COUNTRY,GTM,AMR,Americas,YEAR,2006,,,,,,,,,14.59,14.5871048,,,,2025-12-05T13:23:08Z,2006,2006-01-01,2006-12-31
7518021,GHED_GGHE-DGGE_SHA2011,COUNTRY,ZAF,AFR,Africa,YEAR,2017,,,,,,,,,15.29,15.28983974,,,,2025-12-05T13:23:08Z,2017,2017-01-01,2017-12-31
7519838,GHED_GGHE-DGGE_SHA2011,COUNTRY,AZE,EUR,Europe,YEAR,2007,,,,,,,,,3.49,3.49033976,,,,2025-12-05T13:23:08Z,2007,2007-01-01,2007-12-31
7523974,GHED_GGHE-DGGE_SHA2011,COUNTRY,MAR,EMR,Eastern Mediterranean,YEAR,2009,,,,,,,,,6.12,6.12304688,,,,2025-12-05T13:23:08Z,2009,2009-01-01,2009-12-31
7527031,GHED_GGHE-DGGE_SHA2011,COUNTRY,CUB,AMR,Americas,YEAR,2018,,,,,,,,,14.94,14.9355917,,,,2025-12-05T13:23:08Z,2018,2018-01-01,2018-12-31
7527280,GHED_GGHE-DGGE_SHA2011,COUNTRY,ALB,EUR,Europe,YEAR,2020,,,,,,,,,9.19,9.18517017,,,,2025-12-05T13:23:08Z,2020,2020-01-01,2020-12-31
7527831,GHED_GGHE-DGGE_SHA2011,COUNTRY,BHS,AMR,Americas,YEAR,2010,,,,,,,,,15.44,15.44239426,,,,2025-12-05T13:23:08Z,2010,2010-01-01,2010-12-31
7532196,GHED_GGHE-DGGE_SHA2011,COUNTRY,DNK,EUR,Europe,YEAR,2001,,,,,,,,,13.29,13.288517,,,,2025-12-05T13:23:08Z,2001,2001-01-01,2001-12-31
7533200,GHED_GGHE-DGGE_SHA2011,COUNTRY,TUN,EMR,Eastern Mediterranean,YEAR,2001,,,,,,,,,10.58,10.57568169,,,,2025-12-05T13:23:08Z,2001,2001-01-01,2001-12-31
7533213,GHED_GGHE-DGGE_SHA2011,COUNTRY,VEN,AMR,Americas,YEAR,2018,,,,,,,,,1.70,1.69755101,,,,2025-12-05T13:23:08Z,2018,2018-01-01,2018-12-31
7533304,GHED_GGHE-DGGE_SHA2011,COUNTRY,SLE,AFR,Africa,YEAR,2002,,,,,,,,,5.45,5.45097542,,,,2025-12-05T13:23:08Z,2002,2002-01-01,2002-12-31
7534898,GHED_GGHE-DGGE_SHA2011,REGION,EMR,,,YEAR,2018,,,,,,,,,8.10,8.10113212,,,,2025-12-05T13:23:08Z,2018,2018-01-01,2018-12-31
7538417,GHED_GGHE-DGGE_SHA2011,COUNTRY,DJI,EMR,Eastern Mediterranean,YEAR,2012,,,,,,,,,7.13,7.13329363,,,,2025-12-05T13:23:08Z,2012,2012-01-01,2012-12-31
7539301,GHED_GGHE-DGGE_SHA2011,COUNTRY,YEM,EMR,Eastern Mediterranean,YEAR,2017,,,,,,,,,3.67,3.66834998,,,,2025-12-05T13:23:08Z,2017,2017-01-01,2017-12-31
7540062,GHED_GGHE-DGGE_SHA2011,COUNTRY,KGZ,EUR,Europe,YEAR,2003,,,,,,,,,8.07,8.07252979,,,,2025-12-05T13:23:08Z,2003,2003-01-01,2003-12-31
7541206,GHED_GGHE-DGGE_SHA2011,COUNTRY,MEX,AMR,Americas,YEAR,2011,,,,,,,,,10.51,10.5141964,,,,2025-12-05T13:23:08Z,2011,2011-01-01,2011-12-31
7541763,GHED_GGHE-DGGE_SHA2011,COUNTRY,SLV,AMR,Americas,YEAR,2000,,,,,,,,,18.81,18.81376648,,,,2025-12-05T13:23:08Z,2000,2000-01-01,2000-12-31
7547539,GHED_GGHE-DGGE_SHA2011,COUNTRY,DJI,EMR,Eastern Mediterranean,YEAR,2000,,,,,,,,,6.08,6.07547617,,,,2025-12-05T13:23:08Z,2000,2000-01-01,2000-12-31
7556780,GHED_GGHE-DGGE_SHA2011,COUNTRY,JAM,AMR,Americas,YEAR,2016,,,,,,,,,12.68,12.68386555,,,,2025-12-05T13:23:08Z,2016,2016-01-01,2016-12-31
7561700,GHED_GGHE-DGGE_SHA2011,COUNTRY,CAF,AFR,Africa,YEAR,2011,,,,,,,,,2.93,2.93255639,,,,2025-12-05T13:23:08Z,2011,2011-01-01,2011-12-31
7566810,GHED_GGHE-DGGE_SHA2011,COUNTRY,URY,AMR,Americas,YEAR,2011,,,,,,,,,18.49,18.4862957,,,,2025-12-05T13:23:08Z,2011,2011-01-01,2011-12-31
7567566,GHED_GGHE-DGGE_SHA2011,COUNTRY,NIU,WPR,Western Pacific,YEAR,2000,,,,,,,,,6.55,6.5500001900000004,,,,2025-12-05T13:23:08Z,2000,2000-01-01,2000-12-31
7568926,GHED_GGHE-DGGE_SHA2011,COUNTRY,COG,AFR,Africa,YEAR,2000,,,,,,,,,2.27,2.27290344,,,,2025-12-05T13:23:08Z,2000,2000-01-01,2000-12-31
7569226,GHED_GGHE-DGGE_SHA2011,WORLDBANKINCOMEGROUP,WB_UMI,,,YEAR,2012,,,,,,,,,10.57,10.57234316,,,,2025-12-05T13:23:08Z,2012,2012-01-01,2012-12-31
7572614,GHED_GGHE-DGGE_SHA2011,COUNTRY,GIN,AFR,Africa,YEAR,2007,,,,,,,,,2.78,2.78024507,,,,2025-12-05T13:23:08Z,2007,2007-01-01,2007-12-31
7572697,GHED_GGHE-DGGE_SHA2011,COUNTRY,CPV,AFR,Africa,YEAR,2008,,,,,,,,,8.11,8.10848808,,,,2025-12-05T13:23:08Z,2008,2008-01-01,2008-12-31
7572941,GHED_GGHE-DGGE_SHA2011,COUNTRY,NRU,WPR,Western Pacific,YEAR,2004,,,,,,,,,21.15,21.15412903,,,,2025-12-05T13:23:08Z,2004,2004-01-01,2004-12-31
7573746,GHED_GGHE-DGGE_SHA2011,COUNTRY,PAK,EMR,Eastern Mediterranean,YEAR,2003,,,,,,,,,3.98,3.98216033,,,,2025-12-05T13:23:08Z,2003,2003-01-01,2003-12-31
7576200,GHED_GGHE-DGGE_SHA2011,COUNTRY,PNG,WPR,Western Pacific,YEAR,2019,,,,,,,,,6.37,6.36984921,,,,2025-12-05T13:23:08Z,2019,2019-01-01,2019-12-31
7578931,GHED_GGHE-DGGE_SHA2011,COUNTRY,OMN,EMR,Eastern Mediterranean,YEAR,2017,,,,,,,,,8.95,8.94559097,,,,2025-12-05T13:23:08Z,2017,2017-01-01,2017-12-31
7580411,GHED_GGHE-DGGE_SHA2011,COUNTRY,FSM,WPR,Western Pacific,YEAR,2006,,,,,,,,,1.75,1.7509129,,,,2025-12-05T13:23:08Z,2006,2006-01-01,2006-12-31
7584619,GHED_GGHE-DGGE_SHA2011,COUNTRY,TUV,WPR,Western Pacific,YEAR,2005,,,,,,,,,11.57,11.57466888,,,,2025-12-05T13:23:08Z,2005,2005-01-01,2005-12-31
7586808,GHED_GGHE-DGGE_SHA2011,COUNTRY,SSD,AFR,Africa,YEAR,2021,,,,,,,,,2.11,2.10620522,,,,2025-12-05T13:23:08Z,2021,2021-01-01,2021-12-31
7588769,GHED_GGHE-DGGE_SHA2011,COUNTRY,PSE,EMR,Eastern Mediterranean,YEAR,2003,,,,,,,,,7.37,7.3693881,,,,2025-12-05T13:23:08Z,2003,2003-01-01,2003-12-31
7589154,GHED_GGHE-DGGE_SHA2011,COUNTRY,BEL,EUR,Europe,YEAR,2001,,,,,,,,,12.43,12.43329906,,,,2025-12-05T13:23:08Z,2001,2001-01-01,2001-12-31
7589548,GHED_GGHE-DGGE_SHA2011,COUNTRY,LUX,EUR,Europe,YEAR,2022,,,,,,,,,11.02,11.02347088,,,,2025-12-05T13:23:08Z,2022,2022-01-01,2022-12-31
7593164,GHED_GGHE-DGGE_SHA2011,COUNTRY,BRA,AMR,Americas,YEAR,2014,,,,,,,,,8.93,8.92875195,,,,2025-12-05T13:23:08Z,2014,2014-01-01,2014-12-31
7597431,GHED_GGHE-DGGE_SHA2011,COUNTRY,BTN,SEAR,South-East Asia,YEAR,2019,,,,,,,,,10.24,10.23985958,,,,2025-12-05T13:23:08Z,2019,2019-01-01,2019-12-31
7600761,GHED_GGHE-DGGE_SHA2011,COUNTRY,BEL,EUR,Europe,YEAR,2008,,,,,,,,,14.31,14.31038952,,,,2025-12-05T13:23:08Z,2008,2008-01-01,2008-12-31
7601508,GHED_GGHE-DGGE_SHA2011,COUNTRY,GIN,AFR,Africa,YEAR,2013,,,,,,,,,2.62,2.62362289,,,,2025-12-05T13:23:08Z,2013,2013-01-01,2013-12-31
7605125,GHED_GGHE-DGGE_SHA2011,COUNTRY,ATG,AMR,Americas,YEAR,2010,,,,,,,,,13.90,13.89639091,,,,2025-12-05T13:23:08Z,2010,2010-01-01,2010-12-31
7605385,GHED_GGHE-DGGE_SHA2011,COUNTRY,NRU,WPR,Western Pacific,YEAR,2020,,,,,,,,,9.05,9.05271149,,,,2025-12-05T13:23:08Z,2020,2020-01-01,2020-12-31
7605394,GHED_GGHE-DGGE_SHA2011,COUNTRY,LBR,AFR,Africa,YEAR,2020,,,,,,,,,3.75,3.74818683,,,,2025-12-05T13:23:08Z,2020,2020-01-01,2020-12-31
7606199,GHED_GGHE-DGGE_SHA2011,COUNTRY,TLS,SEAR,South-East Asia,YEAR,2012,,,,,,,,,3.21,3.20640516,,,,2025-12-05T13:23:08Z,2012,2012-01-01,2012-12-31
7606251,GHED_GGHE-DGGE_SHA2011,REGION,EMR,,,YEAR,2008,,,,,,,,,6.74,6.74222167,,,,2025-12-05T13:23:08Z,2008,2008-01-01,2008-12-31
7606725,GHED_GGHE-DGGE_SHA2011,COUNTRY,PRT,EUR,Europe,YEAR,2000,,,,,,,,,14.06,14.0621748,,,,2025-12-05T13:23:08Z,2000,2000-01-01,2000-12-31
7606921,GHED_GGHE-DGGE_SHA2011,COUNTRY,LSO,AFR,Africa,YEAR,2010,,,,,,,,,7.20,7.1979928,,,,2025-12-05T13:23:08Z,2010,2010-01-01,2010-12-31
7608674,GHED_GGHE-DGGE_SHA2011,COUNTRY,TLS,SEAR,South-East Asia,YEAR,2008,,,,,,,,,2.78,2.77694035,,,,2025-12-05T13:23:08Z,2008,2008-01-01,2008-12-31
7608898,GHED_GGHE-DGGE_SHA2011,COUNTRY,DNK,EUR,Europe,YEAR,2008,,,,,,,,,15.82,15.82047462,,,,2025-12-05T13:23:08Z,2008,2008-01-01,2008-12-31
7612092,GHED_GGHE-DGGE_SHA2011,WORLDBANKINCOMEGROUP,WB_LI,,,YEAR,2023,,,,,,,,,5.48,5.48435209,,,,2026-01-12T13:50:53Z,2023,2023-01-01,2023-12-31
7615111,GHED_GGHE-DGGE_SHA2011,REGION,EUR,,,YEAR,2003,,,,,,,,,11.99,11.98537369,,,,2025-12-05T13:23:08Z,2003,2003-01-01,2003-12-31
7615923,GHED_GGHE-DGGE_SHA2011,COUNTRY,ISL,EUR,Europe,YEAR,2015,,,,,,,,,15.14,15.14159489,,,,2025-12-05T13:23:08Z,2015,2015-01-01,2015-12-31
7616243,GHED_GGHE-DGGE_SHA2011,COUNTRY,DMA,AMR,Americas,YEAR,2022,,,,,,,,,6.20,6.20045137,,,,2025-12-05T13:23:08Z,2022,2022-01-01,2022-12-31
7619147,GHED_GGHE-DGGE_SHA2011,COUNTRY,MUS,AFR,Africa,YEAR,2006,,,,,,,,,7.30,7.30248404,,,,2025-12-05T13:23:08Z,2006,2006-01-01,2006-12-31
7619409,GHED_GGHE-DGGE_SHA2011,COUNTRY,DZA,AFR,Africa,YEAR,2016,,,,,,,,,10.61,10.60594082,,,,2025-12-05T13:23:08Z,2016,2016-01-01,2016-12-31
7619779,GHED_GGHE-DGGE_SHA2011,COUNTRY,OMN,EMR,Eastern Mediterranean,YEAR,2003,,,,,,,,,6.77,6.77371311,,,,2025-12-05T13:23:08Z,2003,2003-01-01,2003-12-31
7620132,GHED_GGHE-DGGE_SHA2011,COUNTRY,BOL,AMR,Americas,YEAR,2005,,,,,,,,,8.30,8.29879856,,,,2025-12-05T13:23:08Z,2005,2005-01-01,2005-12-31
7623399,GHED_GGHE-DGGE_SHA2011,COUNTRY,ERI,AFR,Africa,YEAR,2022,,,,,,,,,2.37,2.37287188,,,,2025-12-05T13:23:08Z,2022,2022-01-01,2022-12-31
7625052,GHED_GGHE-DGGE_SHA2011,COUNTRY,BGD,SEAR,South-East Asia,YEAR,2010,,,,,,,,,4.44,4.43941641,,,,2025-12-05T13:23:08Z,2010,2010-01-01,2010-12-31
7629396,GHED_GGHE-DGGE_SHA2011,COUNTRY,BHR,EMR,Eastern Mediterranean,YEAR,2014,,,,,,,,,10.09,10.09125328,,,,2025-12-05T13:23:08Z,2014,2014-01-01,2014-12-31
7634356,GHED_GGHE-DGGE_SHA2011,COUNTRY,MCO,EUR,Europe,YEAR,2015,,,,,,,,,17.22,17.21853065,,,,2025-12-05T13:23:08Z,2015,2015-01-01,2015-12-31
7634465,GHED_GGHE-DGGE_SHA2011,COUNTRY,LBY,EMR,Eastern Mediterranean,YEAR,2017,,,,,,,,,8.86,8.86267471,,,,2025-12-05T13:23:08Z,2017,2017-01-01,2017-12-31
7634675,GHED_GGHE-DGGE_SHA2011,COUNTRY,GRD,AMR,Americas,YEAR,2021,,,,,,,,,6.94,6.94147873,,,,2025-12-05T13:23:08Z,2021,2021-01-01,2021-12-31
7634716,GHED_GGHE-DGGE_SHA2011,COUNTRY,EST,EUR,Europe,YEAR,2001,,,,,,,,,10.57,10.56832027,,,,2025-12-05T13:23:08Z,2001,2001-01-01,2001-12-31
7637580,GHED_GGHE-DGGE_SHA2011,COUNTRY,LVA,EUR,Europe,YEAR,2003,,,,,,,,,8.08,8.08213711,,,,2025-12-05T13:23:08Z,2003,2003-01-01,2003-12-31
7640185,GHED_GGHE-DGGE_SHA2011,COUNTRY,POL,EUR,Europe,YEAR,2022,,,,,,,,,11.04,11.03518772,,,,2025-12-05T13:23:08Z,2022,2022-01-01,2022-12-31
7640212,GHED_GGHE-DGGE_SHA2011,COUNTRY,ISR,EUR,Europe,YEAR,2019,,,,,,,,,11.90,11.8999815,,,,2025-12-05T13:23:08Z,2019,2019-01-01,2019-12-31
7641105,GHED_GGHE-DGGE_SHA2011,COUNTRY,FSM,WPR,Western Pacific,YEAR,2022,,,,,,,,,2.76,2.76339316,,,,2025-12-05T13:23:08Z,2022,2022-01-01,2022-12-31
7641700,GHED_GGHE-DGGE_SHA2011,COUNTRY,AUT,EUR,Europe,YEAR,2003,,,,,,,,,13.56,13.56052971,,,,2025-12-05T13:23:08Z,2003,2003-01-01,2003-12-31
7647432,GHED_GGHE-DGGE_SHA2011,COUNTRY,NIC,AMR,Americas,YEAR,2008,,,,,,,,,14.58,14.58318424,,,,2025-12-05T13:23:08Z,2008,2008-01-01,2008-12-31
7650012,GHED_GGHE-DGGE_SHA2011,COUNTRY,SAU,EMR,Eastern Mediterranean,YEAR,2017,,,,,,,,,13.51,13.51315784,,,,2025-12-05T13:23:08Z,2017,2017-01-01,2017-12-31
7651627,GHED_GGHE-DGGE_SHA2011,GLOBAL,GLOBAL,,,YEAR,2001,,,,,,,,,9.57,9.5718743,,,,2025-12-05T13:23:08Z,2001,2001-01-01,2001-12-31
7652403,GHED_GGHE-DGGE_SHA2011,COUNTRY,CMR,AFR,Africa,YEAR,2003,,,,,,,,,6.52,6.51537704,,,,2025-12-05T13:23:08Z,2003,2003-01-01,2003-12-31
7652682,GHED_GGHE-DGGE_SHA2011,COUNTRY,CIV,AFR,Africa,YEAR,2004,,,,,,,,,4.15,4.14515257,,,,2025-12-05T13:23:08Z,2004,2004-01-01,2004-12-31
7653030,GHED_GGHE-DGGE_SHA2011,COUNTRY,MWI,AFR,Africa,YEAR,2009,,,,,,,,,5.23,5.23243809,,,,2025-12-05T13:23:08Z,2009,2009-01-01,2009-12-31
7654077,GHED_GGHE-DGGE_SHA2011,COUNTRY,THA,SEAR,South-East Asia,YEAR,2020,,,,,,,,,12.15,12.15377808,,,,2025-12-05T13:23:08Z,2020,2020-01-01,2020-12-31
7660750,GHED_GGHE-DGGE_SHA2011,COUNTRY,GUY,AMR,Americas,YEAR,2014,,,,,,,,,9.42,9.41685009,,,,2025-12-05T13:23:08Z,2014,2014-01-01,2014-12-31
7661319,GHED_GGHE-DGGE_SHA2011,COUNTRY,SWZ,AFR,Africa,YEAR,2016,,,,,,,,,8.22,8.21805286,,,,2025-12-05T13:23:08Z,2016,2016-01-01,2016-12-31
7662741,GHED_GGHE-DGGE_SHA2011,COUNTRY,ISR,EUR,Europe,YEAR,2010,,,,,,,,,10.65,10.65287113,,,,2025-12-05T13:23:08Z,2010,2010-01-01,2010-12-31
7662824,GHED_GGHE-DGGE_SHA2011,COUNTRY,TUR,EUR,Europe,YEAR,2001,,,,,,,,,7.46,7.46441364,,,,2025-12-05T13:23:08Z,2001,2001-01-01,2001-12-31
7663298,GHED_GGHE-DGGE_SHA2011,REGION,AFR,,,YEAR,2013,,,,,,,,,6.45,6.45077534,,,,2025-12-05T13:23:08Z,2013,2013-01-01,2013-12-31
7668110,GHED_GGHE-DGGE_SHA2011,COUNTRY,PAN,AMR,Americas,YEAR,2006,,,,,,,,,18.56,18.55836868,,,,2025-12-05T13:23:08Z,2006,2006-01-01,2006-12-31
7676347,GHED_GGHE-DGGE_SHA2011,COUNTRY,GUY,AMR,Americas,YEAR,2015,,,,,,,,,10.84,10.84070492,,,,2025-12-05T13:23:08Z,2015,2015-01-01,2015-12-31
7677561,GHED_GGHE-DGGE_SHA2011,COUNTRY,FJI,WPR,Western Pacific,YEAR,2009,,,,,,,,,8.37,8.37036991,,,,2025-12-05T13:23:08Z,2009,2009-01-01,2009-12-31
7681424,GHED_GGHE-DGGE_SHA2011,COUNTRY,MAR,EMR,Eastern Mediterranean,YEAR,2006,,,,,,,,,5.01,5.01113462,,,,2025-12-05T13:23:08Z,2006,2006-01-01,2006-12-31
7684875,GHED_GGHE-DGGE_SHA2011,COUNTRY,SAU,EMR,Eastern Mediterranean,YEAR,2003,,,,,,,,,8.70,8.69626904,,,,2025-12-05T13:23:08Z,2003,2003-01-01,2003-12-31
7688947,GHED_GGHE-DGGE_SHA2011,COUNTRY,SEN,AFR,Africa,YEAR,2009,,,,,,,,,6.66,6.66027403,,,,2025-12-05T13:23:08Z,2009,2009-01-01,2009-12-31
7689189,GHED_GGHE-DGGE_SHA2011,COUNTRY,ZAF,AFR,Africa,YEAR,2008,,,,,,,,,13.01,13.01471424,,,,2025-12-05T13:23:08Z,2008,2008-01-01,2008-12-31
7689690,GHED_GGHE-DGGE_SHA2011,COUNTRY,SWZ,AFR,Africa,YEAR,2019,,,,,,,,,12.93,12.93035984,,,,2025-12-05T13:23:08Z,2019,2019-01-01,2019-12-31
7690668,GHED_GGHE-DGGE_SHA2011,COUNTRY,ALB,EUR,Europe,YEAR,2013,,,,,,,,,8.83,8.83006287,,,,2025-12-05T13:23:08Z,2013,2013-01-01,2013-12-31
7690741,GHED_GGHE-DGGE_SHA2011,COUNTRY,COG,AFR,Africa,YEAR,2011,,,,,,,,,2.34,2.33683133,,,,2025-12-05T13:23:08Z,2011,2011-01-01,2011-12-31
7694750,GHED_GGHE-DGGE_SHA2011,REGION,EUR,,,YEAR,2011,,,,,,,,,12.25,12.25382642,,,,2025-12-05T13:23:08Z,2011,2011-01-01,2011-12-31
7698670,GHED_GGHE-DGGE_SHA2011,COUNTRY,ERI,AFR,Africa,YEAR,2006,,,,,,,,,1.62,1.62111926,,,,2025-12-05T13:23:08Z,2006,2006-01-01,2006-12-31
7699051,GHED_GGHE-DGGE_SHA2011,COUNTRY,CYP,EUR,Europe,YEAR,2020,,,,,,,,,13.52,13.52484608,,,,2025-12-05T13:23:08Z,2020,2020-01-01,2020-12-31
7701979,GHED_GGHE-DGGE_SHA2011,COUNTRY,CHL,AMR,Americas,YEAR,2015,,,,,,,,,16.02,16.02235031,,,,2025-12-05T13:23:08Z,2015,2015-01-01,2015-12-31
7704984,GHED_GGHE-DGGE_SHA2011,COUNTRY,ROU,EUR,Europe,YEAR,2003,,,,,,,,,13.00,12.99804401,,,,2025-12-05T13:23:08Z,2003,2003-01-01,2003-12-31
7706023,GHED_GGHE-DGGE_SHA2011,COUNTRY,LBY,EMR,Eastern Mediterranean,YEAR,2010,,,,,,,,,4.33,4.33412743,,,,2025-12-05T13:23:08Z,2010,2010-01-01,2010-12-31
7706237,GHED_GGHE-DGGE_SHA2011,COUNTRY,HND,AMR,Americas,YEAR,2005,,,,,,,,,12.37,12.36688042,,,,2025-12-05T13:23:08Z,2005,2005-01-01,2005-12-31
7708158,GHED_GGHE-DGGE_SHA2011,COUNTRY,LAO,WPR,Western Pacific,YEAR,2004,,,,,,,,,5.85,5.85327101,,,,2025-12-05T13:23:08Z,2004,2004-01-01,2004-12-31
7710855,GHED_GGHE-DGGE_SHA2011,COUNTRY,THA,SEAR,South-East Asia,YEAR,2019,,,,,,,,,13.28,13.28045177,,,,2025-12-05T13:23:08Z,2019,2019-01-01,2019-12-31
7713133,GHED_GGHE-DGGE_SHA2011,COUNTRY,LBY,EMR,Eastern Mediterranean,YEAR,2005,,,,,,,,,5.78,5.78062487,,,,2025-12-05T13:23:08Z,2005,2005-01-01,2005-12-31
7714069,GHED_GGHE-DGGE_SHA2011,COUNTRY,TON,WPR,Western Pacific,YEAR,2012,,,,,,,,,8.69,8.68541527,,,,2025-12-05T13:23:08Z,2012,2012-01-01,2012-12-31
7717319,GHED_GGHE-DGGE_SHA2011,COUNTRY,LKA,SEAR,South-East Asia,YEAR,2021,,,,,,,,,11.31,11.30753422,,,,2025-12-05T13:23:08Z,2021,2021-01-01,2021-12-31
7718654,GHED_GGHE-DGGE_SHA2011,COUNTRY,PRY,AMR,Americas,YEAR,2017,,,,,,,,,16.76,16.76217079,,,,2025-12-05T13:23:08Z,2017,2017-01-01,2017-12-31
7720053,GHED_GGHE-DGGE_SHA2011,COUNTRY,USA,AMR,Americas,YEAR,2001,,,,,,,,,16.76,16.76017952,,,,2025-12-05T13:23:08Z,2001,2001-01-01,2001-12-31
7720516,GHED_GGHE-DGGE_SHA2011,COUNTRY,SYR,EMR,Eastern Mediterranean,YEAR,2019,,,,,,,,,9.07,9.07068634,,,,2025-12-05T13:23:08Z,2019,2019-01-01,2019-12-31
7723157,GHED_GGHE-DGGE_SHA2011,COUNTRY,COM,AFR,Africa,YEAR,2016,,,,,,,,,3.04,3.03607512,,,,2025-12-05T13:23:08Z,2016,2016-01-01,2016-12-31
7725461,GHED_GGHE-DGGE_SHA2011,COUNTRY,BGD,SEAR,South-East Asia,YEAR,2005,,,,,,,,,4.39,4.38883734,,,,2025-12-05T13:23:08Z,2005,2005-01-01,2005-12-31
7727218,GHED_GGHE-DGGE_SHA2011,REGION,EUR,,,YEAR,2023,,,,,,,,,13.20,13.20000214,,,,2025-12-05T13:23:08Z,2023,2023-01-01,2023-12-31
7728872,GHED_GGHE-DGGE_SHA2011,COUNTRY,PRT,EUR,Europe,YEAR,2022,,,,,,,,,14.99,14.98520088,,,,2025-12-05T13:23:08Z,2022,2022-01-01,2022-12-31
7731197,GHED_GGHE-DGGE_SHA2011,COUNTRY,GBR,EUR,Europe,YEAR,2015,,,,,,,,,19.56,19.56064987,,,,2025-12-05T13:23:08Z,2015,2015-01-01,2015-12-31
7732103,GHED_GGHE-DGGE_SHA2011,COUNTRY,BFA,AFR,Africa,YEAR,2018,,,,,,,,,8.79,8.78502369,,,,2025-12-05T13:23:08Z,2018,2018-01-01,2018-12-31
7732375,GHED_GGHE-DGGE_SHA2011,COUNTRY,PHL,WPR,Western Pacific,YEAR,2015,,,,,,,,,8.26,8.25687599,,,,2025-12-05T13:23:08Z,2015,2015-01-01,2015-12-31
7739279,GHED_GGHE-DGGE_SHA2011,COUNTRY,AND,EUR,Europe,YEAR,2010,,,,,,,,,24.53,24.52881241,,,,2025-12-05T13:23:08Z,2010,2010-01-01,2010-12-31
7740321,GHED_GGHE-DGGE_SHA2011,COUNTRY,COM,AFR,Africa,YEAR,2000,,,,,,,,,9.16,9.1551466,,,,2025-12-05T13:23:08Z,2000,2000-01-01,2000-12-31
7742926,GHED_GGHE-DGGE_SHA2011,COUNTRY,MOZ,AFR,Africa,YEAR,2013,,,,,,,,,4.73,4.72615862,,,,2025-12-05T13:23:08Z,2013,2013-01-01,2013-12-31
7743058,GHED_GGHE-DGGE_SHA2011,COUNTRY,JPN,WPR,Western Pacific,YEAR,2003,,,,,,,,,16.36,16.3582077,,,,2025-12-05T13:23:08Z,2003,2003-01-01,2003-12-31
7744029,GHED_GGHE-DGGE_SHA2011,COUNTRY,BLZ,AMR,Americas,YEAR,2017,,,,,,,,,11.62,11.6249609,,,,2025-12-05T13:23:08Z,2017,2017-01-01,2017-12-31
7748590,GHED_GGHE-DGGE_SHA2011,COUNTRY,AFG,EMR,Eastern Mediterranean,YEAR,2021,,,,,,,,,3.96,3.96101093,,,,2025-12-05T13:23:08Z,2021,2021-01-01,2021-12-31
7749401,GHED_GGHE-DGGE_SHA2011,COUNTRY,UGA,AFR,Africa,YEAR,2019,,,,,,,,,3.14,3.13882995,,,,2025-12-05T13:23:08Z,2019,2019-01-01,2019-12-31
7751344,GHED_GGHE-DGGE_SHA2011,COUNTRY,BIH,EUR,Europe,YEAR,2010,,,,,,,,,12.60,12.60088634,,,,2025-12-05T13:23:08Z,2010,2010-01-01,2010-12-31
7756044,GHED_GGHE-DGGE_SHA2011,COUNTRY,COM,AFR,Africa,YEAR,2004,,,,,,,,,6.76,6.75574207,,,,2025-12-05T13:23:08Z,2004,2004-01-01,2004-12-31
7757948,GHED_GGHE-DGGE_SHA2011,COUNTRY,LCA,AMR,Americas,YEAR,2021,,,,,,,,,10.02,10.01902866,,,,2025-12-05T13:23:08Z,2021,2021-01-01,2021-12-31
7761850,GHED_GGHE-DGGE_SHA2011,COUNTRY,LAO,WPR,Western Pacific,YEAR,2000,,,,,,,,,6.20,6.19914436,,,,2025-12-05T13:23:08Z,2000,2000-01-01,2000-12-31
7764012,GHED_GGHE-DGGE_SHA2011,COUNTRY,COG,AFR,Africa,YEAR,2016,,,,,,,,,2.89,2.88502312,,,,2025-12-05T13:23:08Z,2016,2016-01-01,2016-12-31
7764776,GHED_GGHE-DGGE_SHA2011,COUNTRY,BTN,SEAR,South-East Asia,YEAR,2003,,,,,,,,,7.64,7.6382122,,,,2025-12-05T13:23:08Z,2003,2003-01-01,2003-12-31
7767338,GHED_GGHE-DGGE_SHA2011,COUNTRY,MYS,WPR,Western Pacific,YEAR,2018,,,,,,,,,8.45,8.45166874,,,,2025-12-05T13:23:08Z,2018,2018-01-01,2018-12-31
7768536,GHED_GGHE-DGGE_SHA2011,COUNTRY,SLV,AMR,Americas,YEAR,2001,,,,,,,,,17.69,17.68815994,,,,2025-12-05T13:23:08Z,2001,2001-01-01,2001-12-31
7768736,GHED_GGHE-DGGE_SHA2011,COUNTRY,BHR,EMR,Eastern Mediterranean,YEAR,2005,,,,,,,,,9.14,9.13842487,,,,2025-12-05T13:23:08Z,2005,2005-01-01,2005-12-31
7769318,GHED_GGHE-DGGE_SHA2011,COUNTRY,PAN,AMR,Americas,YEAR,2019,,,,,,,,,22.35,22.34857178,,,,2025-12-05T13:23:08Z,2019,2019-01-01,2019-12-31
7770712,GHED_GGHE-DGGE_SHA2011,COUNTRY,BGR,EUR,Europe,YEAR,2002,,,,,,,,,10.74,10.74446106,,,,2025-12-05T13:23:08Z,2002,2002-01-01,2002-12-31
7770743,GHED_GGHE-DGGE_SHA2011,COUNTRY,SWE,EUR,Europe,YEAR,2014,,,,,,,,,17.97,17.96896553,,,,2025-12-05T13:23:08Z,2014,2014-01-01,2014-12-31
7773005,GHED_GGHE-DGGE_SHA2011,COUNTRY,JAM,AMR,Americas,YEAR,2021,,,,,,,,,16.18,16.17764664,,,,2025-12-05T13:23:08Z,2021,2021-01-01,2021-12-31
7775946,GHED_GGHE-DGGE_SHA2011,COUNTRY,EGY,EMR,Eastern Mediterranean,YEAR,2019,,,,,,,,,4.82,4.82284689,,,,2025-12-05T13:23:08Z,2019,2019-01-01,2019-12-31
7778313,GHED_GGHE-DGGE_SHA2011,COUNTRY,GEO,EUR,Europe,YEAR,2013,,,,,,,,,6.85,6.85161304,,,,2025-12-05T13:23:08Z,2013,2013-01-01,2013-12-31
7781147,GHED_GGHE-DGGE_SHA2011,COUNTRY,BDI,AFR,Africa,YEAR,2019,,,,,,,,,7.91,7.90786219,,,,2025-12-05T13:23:08Z,2019,2019-01-01,2019-12-31
7781168,GHED_GGHE-DGGE_SHA2011,COUNTRY,MNG,WPR,Western Pacific,YEAR,2019,,,,,,,,,6.88,6.87808418,,,,2025-12-05T13:23:08Z,2019,2019-01-01,2019-12-31
7781521,GHED_GGHE-DGGE_SHA2011,COUNTRY,FIN,EUR,Europe,YEAR,2016,,,,,,,,,13.36,13.35685921,,,,2025-12-05T13:23:08Z,2016,2016-01-01,2016-12-31
7784868,GHED_GGHE-DGGE_SHA2011,COUNTRY,NZL,WPR,Western Pacific,YEAR,2005,,,,,,,,,17.38,17.37923622,,,,2025-12-05T13:23:08Z,2005,2005-01-01,2005-12-31
7787767,GHED_GGHE-DGGE_SHA2011,COUNTRY,LBR,AFR,Africa,YEAR,2016,,,,,,,,,3.90,3.89701653,,,,2025-12-05T13:23:08Z,2016,2016-01-01,2016-12-31
7788518,GHED_GGHE-DGGE_SHA2011,COUNTRY,JPN,WPR,Western Pacific,YEAR,2007,,,,,,,,,18.23,18.22702217,,,,2025-12-05T13:23:08Z,2007,2007-01-01,2007-12-31
7789706,GHED_GGHE-DGGE_SHA2011,COUNTRY,KGZ,EUR,Europe,YEAR,2016,,,,,,,,,6.42,6.41580772,,,,2025-12-05T13:23:08Z,2016,2016-01-01,2016-12-31
7791816,GHED_GGHE-DGGE_SHA2011,COUNTRY,MUS,AFR,Africa,YEAR,2023,,,,,,,,,8.24,8.24311256,,,,2025-12-05T13:23:08Z,2023,2023-01-01,2023-12-31
7795775,GHED_GGHE-DGGE_SHA2011,COUNTRY,EST,EUR,Europe,YEAR,2000,,,,,,,,,10.78,10.7823925,,,,2025-12-05T13:23:08Z,2000,2000-01-01,2000-12-31
7796211,GHED_GGHE-DGGE_SHA2011,COUNTRY,ITA,EUR,Europe,YEAR,2004,,,,,,,,,13.29,13.2946434,,,,2025-12-05T13:23:08Z,2004,2004-01-01,2004-12-31
7807903,GHED_GGHE-DGGE_SHA2011,COUNTRY,ARE,EMR,Eastern Mediterranean,YEAR,2004,,,,,,,,,7.94,7.94020653,,,,2025-12-05T13:23:08Z,2004,2004-01-01,2004-12-31
7810785,GHED_GGHE-DGGE_SHA2011,COUNTRY,COM,AFR,Africa,YEAR,2005,,,,,,,,,5.42,5.42005444,,,,2025-12-05T13:23:08Z,2005,2005-01-01,2005-12-31
7813099,GHED_GGHE-DGGE_SHA2011,COUNTRY,MDV,SEAR,South-East Asia,YEAR,2007,,,,,,,,,11.25,11.2455492,,,,2025-12-05T13:23:08Z,2007,2007-01-01,2007-12-31
7814427,GHED_GGHE-DGGE_SHA2011,COUNTRY,ISL,EUR,Europe,YEAR,2009,,,,,,,,,13.37,13.37118816,,,,2025-12-05T13:23:08Z,2009,2009-01-01,2009-12-31
7814563,GHED_GGHE-DGGE_SHA2011,COUNTRY,LCA,AMR,Americas,YEAR,2014,,,,,,,,,8.12,8.1174612,,,,2025-12-05T13:23:08Z,2014,2014-01-01,2014-12-31
7819847,GHED_GGHE-DGGE_SHA2011,COUNTRY,PAN,AMR,Americas,YEAR,2000,,,,,,,,,19.78,19.78174782,,,,2025-12-05T13:23:08Z,2000,2000-01-01,2000-12-31
7821775,GHED_GGHE-DGGE_SHA2011,COUNTRY,KGZ,EUR,Europe,YEAR,2006,,,,,,,,,14.46,14.45895767,,,,2025-12-05T13:23:08Z,2006,2006-01-01,2006-12-31
7821874,GHED_GGHE-DGGE_SHA2011,COUNTRY,BFA,AFR,Africa,YEAR,2014,,,,,,,,,7.77,7.77367115,,,,2025-12-05T13:23:08Z,2014,2014-01-01,2014-12-31
7825277,GHED_GGHE-DGGE_SHA2011,COUNTRY,MKD,EUR,Europe,YEAR,2016,,,,,,,,,13.05,13.05398178,,,,2025-12-05T13:23:08Z,2016,2016-01-01,2016-12-31
7830843,GHED_GGHE-DGGE_SHA2011,COUNTRY,WSM,WPR,Western Pacific,YEAR,2022,,,,,,,,,14.61,14.61271286,,,,2025-12-05T13:23:08Z,2022,2022-01-01,2022-12-31
7834230,GHED_GGHE-DGGE_SHA2011,COUNTRY,LVA,EUR,Europe,YEAR,2017,,,,,,,,,8.94,8.94027042,,,,2025-12-05T13:23:08Z,2017,2017-01-01,2017-12-31
7836742,GHED_GGHE-DGGE_SHA2011,COUNTRY,ISR,EUR,Europe,YEAR,2006,,,,,,,,,9.85,9.85081196,,,,2025-12-05T13:23:08Z,2006,2006-01-01,2006-12-31
7836933,GHED_GGHE-DGGE_SHA2011,WORLDBANKINCOMEGROUP,WB_HI,,,YEAR,2008,,,,,,,,,12.34,12.3385899,,,,2025-12-05T13:23:08Z,2008,2008-01-01,2008-12-31
7838227,GHED_GGHE-DGGE_SHA2011,COUNTRY,LIE,EUR,Europe,YEAR,2022,,,,,,,,,15.90,15.89693642,,,,2025-12-05T13:23:08Z,2022,2022-01-01,2022-12-31
7840062,GHED_GGHE-DGGE_SHA2011,COUNTRY,KEN,AFR,Africa,YEAR,2019,,,,,,,,,8.23,8.22723579,,,,2025-12-05T13:23:08Z,2019,2019-01-01,2019-12-31
7840319,GHED_GGHE-DGGE_SHA2011,COUNTRY,ZMB,AFR,Africa,YEAR,2022,,,,,,,,,8.89,8.88877583,,,,2025-12-05T13:23:08Z,2022,2022-01-01,2022-12-31
7849612,GHED_GGHE-DGGE_SHA2011,COUNTRY,DEU,EUR,Europe,YEAR,2006,,,,,,,,,16.62,16.62315369,,,,2025-12-05T13:23:08Z,2006,2006-01-01,2006-12-31
7849992,GHED_GGHE-DGGE_SHA2011,COUNTRY,FSM,WPR,Western Pacific,YEAR,2003,,,,,,,,,3.15,3.14826822,,,,2025-12-05T13:23:08Z,2003,2003-01-01,2003-12-31
7850028,GHED_GGHE-DGGE_SHA2011,COUNTRY,TLS,SEAR,South-East Asia,YEAR,2005,,,,,,,,,3.63,3.63453341,,,,2025-12-05T13:23:08Z,2005,2005-01-01,2005-12-31
7851995,GHED_GGHE-DGGE_SHA2011,COUNTRY,RUS,EUR,Europe,YEAR,2019,,,,,,,,,10.20,10.19961929,,,,2025-12-05T13:23:08Z,2019,2019-01-01,2019-12-31
7856330,GHED_GGHE-DGGE_SHA2011,COUNTRY,BLZ,AMR,Americas,YEAR,2004,,,,,,,,,7.88,7.88192844,,,,2025-12-05T13:23:08Z,2004,2004-01-01,2004-12-31
7856479,GHED_GGHE-DGGE_SHA2011,COUNTRY,ECU,AMR,Americas,YEAR,2008,,,,,,,,,6.15,6.15163374,,,,2025-12-05T13:23:08Z,2008,2008-01-01,2008-12-31
7859919,GHED_GGHE-DGGE_SHA2011,COUNTRY,SLV,AMR,Americas,YEAR,2019,,,,,,,,,16.97,16.971138,,,,2025-12-05T13:23:08Z,2019,2019-01-01,2019-12-31
7863825,GHED_GGHE-DGGE_SHA2011,COUNTRY,FJI,WPR,Western Pacific,YEAR,2013,,,,,,,,,7.47,7.46682596,,,,2025-12-05T13:23:08Z,2013,2013-01-01,2013-12-31
7864038,GHED_GGHE-DGGE_SHA2011,COUNTRY,BRB,AMR,Americas,YEAR,2018,,,,,,,,,9.88,9.87558651,,,,2025-12-05T13:23:08Z,2018,2018-01-01,2018-12-31
7866991,GHED_GGHE-DGGE_SHA2011,COUNTRY,SLB,WPR,Western Pacific,YEAR,2016,,,,,,,,,7.96,7.96234083,,,,2025-12-05T13:23:08Z,2016,2016-01-01,2016-12-31
7868128,GHED_GGHE-DGGE_SHA2011,COUNTRY,PLW,WPR,Western Pacific,YEAR,2000,,,,,,,,,8.10,8.09789371,,,,2025-12-05T13:23:08Z,2000,2000-01-01,2000-12-31
7870852,GHED_GGHE-DGGE_SHA2011,COUNTRY,GMB,AFR,Africa,YEAR,2017,,,,,,,,,4.49,4.49147081,,,,2025-12-05T13:23:08Z,2017,2017-01-01,2017-12-31
7871715,GHED_GGHE-DGGE_SHA2011,REGION,AFR,,,YEAR,2002,,,,,,,,,6.76,6.75651408,,,,2025-12-05T13:23:08Z,2002,2002-01-01,2002-12-31
7873474,GHED_GGHE-DGGE_SHA2011,COUNTRY,LSO,AFR,Africa,YEAR,2020,,,,,,,,,8.95,8.94959354,,,,2025-12-05T13:23:08Z,2020,2020-01-01,2020-12-31
7874248,GHED_GGHE-DGGE_SHA2011,COUNTRY,MKD,EUR,Europe,YEAR,2021,,,,,,,,,13.00,13.00440311,,,,2025-12-05T13:23:08Z,2021,2021-01-01,2021-12-31
7886823,GHED_GGHE-DGGE_SHA2011,COUNTRY,TON,WPR,Western Pacific,YEAR,2018,,,,,,,,,8.07,8.06625938,,,,2025-12-05T13:23:08Z,2018,2018-01-01,2018-12-31
7890409,GHED_GGHE-DGGE_SHA2011,COUNTRY,SMR,EUR,Europe,YEAR,2003,,,,,,,,,19.72,19.72222137,,,,2025-12-05T13:23:08Z,2003,2003-01-01,2003-12-31
7890589,GHED_GGHE-DGGE_SHA2011,COUNTRY,BEL,EUR,Europe,YEAR,2020,,,,,,,,,14.93,14.92717075,,,,2025-12-05T13:23:08Z,2020,2020-01-01,2020-12-31
7894838,GHED_GGHE-DGGE_SHA2011,COUNTRY,SVN,EUR,Europe,YEAR,2010,,,,,,,,,12.33,12.32549,,,,2025-12-05T13:23:08Z,2010,2010-01-01,2010-12-31
7897364,GHED_GGHE-DGGE_SHA2011,REGION,SEAR,,,YEAR,2022,,,,,,,,,7.86,7.86095238,,,,2025-12-05T13:23:08Z,2022,2022-01-01,2022-12-31
7897487,GHED_GGHE-DGGE_SHA2011,COUNTRY,UZB,EUR,Europe,YEAR,2017,,,,,,,,,8.99,8.99117374,,,,2025-12-05T13:23:08Z,2017,2017-01-01,2017-12-31
7899233,GHED_GGHE-DGGE_SHA2011,COUNTRY,ALB,EUR,Europe,YEAR,2021,,,,,,,,,9.14,9.1411314,,,,2025-12-05T13:23:08Z,2021,2021-01-01,2021-12-31
7899355,GHED_GGHE-DGGE_SHA2011,COUNTRY,MEX,AMR,Americas,YEAR,2008,,,,,,,,,9.43,9.43475246,,,,2025-12-05T13:23:08Z,2008,2008-01-01,2008-12-31
7899765,GHED_GGHE-DGGE_SHA2011,COUNTRY,TON,WPR,Western Pacific,YEAR,2014,,,,,,,,,9.18,9.17687607,,,,2025-12-05T13:23:08Z,2014,2014-01-01,2014-12-31
7902549,GHED_GGHE-DGGE_SHA2011,COUNTRY,PRT,EUR,Europe,YEAR,2003,,,,,,,,,14.18,14.18187332,,,,2025-12-05T13:23:08Z,2003,2003-01-01,2003-12-31
7902580,GHED_GGHE-DGGE_SHA2011,WORLDBANKINCOMEGROUP,WB_LMI,,,YEAR,2007,,,,,,,,,7.27,7.27121057,,,,2025-12-05T13:23:08Z,2007,2007-01-01,2007-12-31
7903712,GHED_GGHE-DGGE_SHA2011,COUNTRY,AND,EUR,Europe,YEAR,2021,,,,,,,,,15.79,15.79053783,,,,2025-12-05T13:23:08Z,2021,2021-01-01,2021-12-31
7904557,GHED_GGHE-DGGE_SHA2011,COUNTRY,BIH,EUR,Europe,YEAR,2019,,,,,,,,,15.37,15.36792564,,,,2025-12-05T13:23:08Z,2019,2019-01-01,2019-12-31
7905410,GHED_GGHE-DGGE_SHA2011,COUNTRY,PRY,AMR,Americas,YEAR,2023,,,,,,,,,21.57,21.56653404,,,,2025-12-05T13:23:08Z,2023,2023-01-01,2023-12-31
7909564,GHED_GGHE-DGGE_SHA2011,COUNTRY,BGR,EUR,Europe,YEAR,2007,,,,,,,,,9.11,9.10506821,,,,2025-12-05T13:23:08Z,2007,2007-01-01,2007-12-31
7910436,GHED_GGHE-DGGE_SHA2011,COUNTRY,AGO,AFR,Africa,YEAR,2013,,,,,,,,,4.58,4.57540083,,,,2025-12-05T13:23:08Z,2013,2013-01-01,2013-12-31
7910832,GHED_GGHE-DGGE_SHA2011,COUNTRY,ZWE,AFR,Africa,YEAR,2012,,,,,,,,,13.99,13.99154949,,,,2025-12-05T13:23:08Z,2012,2012-01-01,2012-12-31
7914097,GHED_GGHE-DGGE_SHA2011,COUNTRY,SWZ,AFR,Africa,YEAR,2014,,,,,,,,,8.50,8.50093365,,,,2025-12-05T13:23:08Z,2014,2014-01-01,2014-12-31
7914495,GHED_GGHE-DGGE_SHA2011,COUNTRY,SOM,EMR,Eastern Mediterranean,YEAR,2020,,,,,,,,,4.21,4.21281672,,,,2025-12-05T13:23:08Z,2020,2020-01-01,2020-12-31
7914961,GHED_GGHE-DGGE_SHA2011,COUNTRY,SLB,WPR,Western Pacific,YEAR,2018,,,,,,,,,8.51,8.50990391,,,,2025-12-05T13:23:08Z,2018,2018-01-01,2018-12-31
7926389,GHED_GGHE-DGGE_SHA2011,WORLDBANKINCOMEGROUP,WB_HI,,,YEAR,2022,,,,,,,,,14.56,14.55914932,,,,2025-12-05T13:23:08Z,2022,2022-01-01,2022-12-31
7927373,GHED_GGHE-DGGE_SHA2011,COUNTRY,LTU,EUR,Europe,YEAR,2022,,,,,,,,,13.06,13.05719185,,,,2025-12-05T13:23:08Z,2022,2022-01-01,2022-12-31
7927919,GHED_GGHE-DGGE_SHA2011,COUNTRY,CZE,EUR,Europe,YEAR,2023,,,,,,,,,16.18,16.18020439,,,,2025-12-05T13:23:08Z,2023,2023-01-01,2023-12-31
7928995,GHED_GGHE-DGGE_SHA2011,COUNTRY,MOZ,AFR,Africa,YEAR,2006,,,,,,,,,5.67,5.67257071,,,,2025-12-05T13:23:08Z,2006,2006-01-01,2006-12-31
7929970,GHED_GGHE-DGGE_SHA2011,COUNTRY,PAN,AMR,Americas,YEAR,2004,,,,,,,,,19.22,19.2215004,,,,2025-12-05T13:23:08Z,2004,2004-01-01,2004-12-31
7930579,GHED_GGHE-DGGE_SHA2011,COUNTRY,PAK,EMR,Eastern Mediterranean,YEAR,2023,,,,,,,,,4.68,4.68260336,,,,2025-12-05T13:23:08Z,2023,2023-01-01,2023-12-31
7931076,GHED_GGHE-DGGE_SHA2011,COUNTRY,ITA,EUR,Europe,YEAR,2017,,,,,,,,,13.06,13.06240177,,,,2025-12-05T13:23:08Z,2017,2017-01-01,2017-12-31
7932226,GHED_GGHE-DGGE_SHA2011,COUNTRY,ISR,EUR,Europe,YEAR,2003,,,,,,,,,9.23,9.23413563,,,,2025-12-05T13:23:08Z,2003,2003-01-01,2003-12-31
7937571,GHED_GGHE-DGGE_SHA2011,COUNTRY,COD,AFR,Africa,YEAR,2002,,,,,,,,,2.50,2.49895263,,,,2025-12-05T13:23:08Z,2002,2002-01-01,2002-12-31
7938757,GHED_GGHE-DGGE_SHA2011,COUNTRY,CIV,AFR,Africa,YEAR,2003,,,,,,,,,4.07,4.06708717,,,,2025-12-05T13:23:08Z,2003,2003-01-01,2003-12-31
7944096,GHED_GGHE-DGGE_SHA2011,COUNTRY,KAZ,EUR,Europe,YEAR,2019,,,,,,,,,8.25,8.2512455,,,,2025-12-05T13:23:08Z,2019,2019-01-01,2019-12-31
7944780,GHED_GGHE-DGGE_SHA2011,COUNTRY,BEL,EUR,Europe,YEAR,2005,,,,,,,,,13.30,13.29590225,,,,2025-12-05T13:23:08Z,2005,2005-01-01,2005-12-31
7945448,GHED_GGHE-DGGE_SHA2011,COUNTRY,POL,EUR,Europe,YEAR,2021,,,,,,,,,10.53,10.53453255,,,,2025-12-05T13:23:08Z,2021,2021-01-01,2021-12-31
7946384,GHED_GGHE-DGGE_SHA2011,COUNTRY,VCT,AMR,Americas,YEAR,2007,,,,,,,,,7.86,7.85957575,,,,2025-12-05T13:23:08Z,2007,2007-01-01,2007-12-31
7952400,GHED_GGHE-DGGE_SHA2011,COUNTRY,JOR,EMR,Eastern Mediterranean,YEAR,2006,,,,,,,,,11.36,11.36012363,,,,2025-12-05T13:23:08Z,2006,2006-01-01,2006-12-31
7952462,GHED_GGHE-DGGE_SHA2011,COUNTRY,SGP,WPR,Western Pacific,YEAR,2002,,,,,,,,,6.54,6.54224348,,,,2025-12-05T13:23:08Z,2002,2002-01-01,2002-12-31
7956432,GHED_GGHE-DGGE_SHA2011,COUNTRY,BGR,EUR,Europe,YEAR,2023,,,,,,,,,12.83,12.82675457,,,,2025-12-05T13:23:08Z,2023,2023-01-01,2023-12-31
7963101,GHED_GGHE-DGGE_SHA2011,COUNTRY,BHR,EMR,Eastern Mediterranean,YEAR,2004,,,,,,,,,9.04,9.0417614,,,,2025-12-05T13:23:08Z,2004,2004-01-01,2004-12-31
7964773,GHED_GGHE-DGGE_SHA2011,COUNTRY,JAM,AMR,Americas,YEAR,2006,,,,,,,,,6.26,6.25744629,,,,2025-12-05T13:23:08Z,2006,2006-01-01,2006-12-31
7966298,GHED_GGHE-DGGE_SHA2011,COUNTRY,HND,AMR,Americas,YEAR,2014,,,,,,,,,11.55,11.55319595,,,,2025-12-05T13:23:08Z,2014,2014-01-01,2014-12-31
7967812,GHED_GGHE-DGGE_SHA2011,COUNTRY,URY,AMR,Americas,YEAR,2006,,,,,,,,,13.71,13.70522308,,,,2025-12-05T13:23:08Z,2006,2006-01-01,2006-12-31
7969322,GHED_GGHE-DGGE_SHA2011,COUNTRY,SYR,EMR,Eastern Mediterranean,YEAR,2000,,,,,,,,,5.65,5.64728546,,,,2025-12-05T13:23:08Z,2000,2000-01-01,2000-12-31
7969535,GHED_GGHE-DGGE_SHA2011,COUNTRY,NRU,WPR,Western Pacific,YEAR,2006,,,,,,,,,26.08,26.08400536,,,,2025-12-05T13:23:08Z,2006,2006-01-01,2006-12-31
7974706,GHED_GGHE-DGGE_SHA2011,COUNTRY,CHL,AMR,Americas,YEAR,2021,,,,,,,,,15.52,15.52394772,,,,2025-12-05T13:23:08Z,2021,2021-01-01,2021-12-31
7975332,GHED_GGHE-DGGE_SHA2011,COUNTRY,LCA,AMR,Americas,YEAR,2000,,,,,,,,,8.09,8.08553123,,,,2025-12-05T13:23:08Z,2000,2000-01-01,2000-12-31
7975660,GHED_GGHE-DGGE_SHA2011,COUNTRY,UKR,EUR,Europe,YEAR,2011,,,,,,,,,7.49,7.49281168,,,,2025-12-05T13:23:08Z,2011,2011-01-01,2011-12-31
7977488,GHED_GGHE-DGGE_SHA2011,COUNTRY,BEN,AFR,Africa,YEAR,2007,,,,,,,,,6.04,6.03954124,,,,2025-12-05T13:23:08Z,2007,2007-01-01,2007-12-31
7981366,GHED_GGHE-DGGE_SHA2011,COUNTRY,NPL,SEAR,South-East Asia,YEAR,2000,,,,,,,,,4.25,4.25074148,,,,2025-12-05T13:23:08Z,2000,2000-01-01,2000-12-31
7981559,GHED_GGHE-DGGE_SHA2011,COUNTRY,SLB,WPR,Western Pacific,YEAR,2022,,,,,,,,,8.15,8.14928246,,,,2025-12-05T13:23:08Z,2022,2022-01-01,2022-12-31
7982946,GHED_GGHE-DGGE_SHA2011,COUNTRY,SYC,AFR,Africa,YEAR,2012,,,,,,,,,10.43,10.42676163,,,,2025-12-05T13:23:08Z,2012,2012-01-01,2012-12-31
7989333,GHED_GGHE-DGGE_SHA2011,REGION,EMR,,,YEAR,2017,,,,,,,,,8.52,8.51532326,,,,2025-12-05T13:23:08Z,2017,2017-01-01,2017-12-31
7991377,GHED_GGHE-DGGE_SHA2011,COUNTRY,VCT,AMR,Americas,YEAR,2005,,,,,,,,,9.01,9.00889111,,,,2025-12-05T13:23:08Z,2005,2005-01-01,2005-12-31
7993082,GHED_GGHE-DGGE_SHA2011,COUNTRY,HND,AMR,Americas,YEAR,2009,,,,,,,,,13.99,13.9932375,,,,2025-12-05T13:23:08Z,2009,2009-01-01,2009-12-31
7993992,GHED_GGHE-DGGE_SHA2011,COUNTRY,ARE,EMR,Eastern Mediterranean,YEAR,2008,,,,,,,,,8.53,8.52666855,,,,2025-12-05T13:23:08Z,2008,2008-01-01,2008-12-31
7994496,GHED_GGHE-DGGE_SHA2011,COUNTRY,PSE,EMR,Eastern Mediterranean,YEAR,2014,,,,,,,,,9.72,9.71858978,,,,2025-12-05T13:23:08Z,2014,2014-01-01,2014-12-31
7996178,GHED_GGHE-DGGE_SHA2011,COUNTRY,SRB,EUR,Europe,YEAR,2003,,,,,,,,,13.56,13.56351852,,,,2025-12-05T13:23:08Z,2003,2003-01-01,2003-12-31
7996401,GHED_GGHE-DGGE_SHA2011,COUNTRY,DOM,AMR,Americas,YEAR,2008,,,,,,,,,11.48,11.47650242,,,,2025-12-05T13:23:08Z,2008,2008-01-01,2008-12-31
7996603,GHED_GGHE-DGGE_SHA2011,COUNTRY,VCT,AMR,Americas,YEAR,2004,,,,,,,,,9.93,9.93319798,,,,2025-12-05T13:23:08Z,2004,2004-01-01,2004-12-31
7997782,GHED_GGHE-DGGE_SHA2011,COUNTRY,SYC,AFR,Africa,YEAR,2002,,,,,,,,,6.46,6.45610762,,,,2025-12-05T13:23:08Z,2002,2002-01-01,2002-12-31
8003746,GHED_GGHE-DGGE_SHA2011,COUNTRY,LCA,AMR,Americas,YEAR,2013,,,,,,,,,8.16,8.15996075,,,,2025-12-05T13:23:08Z,2013,2013-01-01,2013-12-31
8004626,GHED_GGHE-DGGE_SHA2011,COUNTRY,MLT,EUR,Europe,YEAR,2005,,,,,,,,,14.11,14.10765648,,,,2025-12-05T13:23:08Z,2005,2005-01-01,2005-12-31
8010029,GHED_GGHE-DGGE_SHA2011,COUNTRY,MNG,WPR,Western Pacific,YEAR,2014,,,,,,,,,7.49,7.48502493,,,,2025-12-05T13:23:08Z,2014,2014-01-01,2014-12-31
8010915,GHED_GGHE-DGGE_SHA2011,COUNTRY,COL,AMR,Americas,YEAR,2006,,,,,,,,,16.06,16.05757141,,,,2025-12-05T13:23:08Z,2006,2006-01-01,2006-12-31
8011555,GHED_GGHE-DGGE_SHA2011,COUNTRY,ZMB,AFR,Africa,YEAR,2007,,,,,,,,,7.47,7.46810293,,,,2025-12-05T13:23:08Z,2007,2007-01-01,2007-12-31
8011599,GHED_GGHE-DGGE_SHA2011,COUNTRY,SVN,EUR,Europe,YEAR,2012,,,,,,,,,12.46,12.45778847,,,,2025-12-05T13:23:08Z,2012,2012-01-01,2012-12-31
8013920,GHED_GGHE-DGGE_SHA2011,COUNTRY,IRL,EUR,Europe,YEAR,2008,,,,,,,,,17.42,17.41835403,,,,2025-12-05T13:23:08Z,2008,2008-01-01,2008-12-31
8015029,GHED_GGHE-DGGE_SHA2011,COUNTRY,RWA,AFR,Africa,YEAR,2000,,,,,,,,,3.54,3.54361153,,,,2025-12-05T13:23:08Z,2000,2000-01-01,2000-12-31
8019120,GHED_GGHE-DGGE_SHA2011,COUNTRY,SUR,AMR,Americas,YEAR,2018,,,,,,,,,17.13,17.12870979,,,,2025-12-05T13:23:08Z,2018,2018-01-01,2018-12-31
8019927,GHED_GGHE-DGGE_SHA2011,COUNTRY,LBR,AFR,Africa,YEAR,2006,,,,,,,,,4.25,4.25491762,,,,2025-12-05T13:23:08Z,2006,2006-01-01,2006-12-31
8023378,GHED_GGHE-DGGE_SHA2011,REGION,EUR,,,YEAR,2019,,,,,,,,,12.95,12.94860551,,,,2025-12-05T13:23:08Z,2019,2019-01-01,2019-12-31
8023731,GHED_GGHE-DGGE_SHA2011,COUNTRY,GMB,AFR,Africa,YEAR,2008,,,,,,,,,6.31,6.30897522,,,,2025-12-05T13:23:08Z,2008,2008-01-01,2008-12-31
8027096,GHED_GGHE-DGGE_SHA2011,COUNTRY,TCD,AFR,Africa,YEAR,2000,,,,,,,,,11.40,11.39878941,,,,2025-12-05T13:23:08Z,2000,2000-01-01,2000-12-31
8031442,GHED_GGHE-DGGE_SHA2011,COUNTRY,IRN,EMR,Eastern Mediterranean,YEAR,2010,,,,,,,,,12.52,12.52360535,,,,2025-12-05T13:23:08Z,2010,2010-01-01,2010-12-31
8032246,GHED_GGHE-DGGE_SHA2011,COUNTRY,OMN,EMR,Eastern Mediterranean,YEAR,2012,,,,,,,,,4.88,4.8770771,,,,2025-12-05T13:23:08Z,2012,2012-01-01,2012-12-31
8034349,GHED_GGHE-DGGE_SHA2011,COUNTRY,GHA,AFR,Africa,YEAR,2016,,,,,,,,,6.54,6.53767872,,,,2025-12-05T13:23:08Z,2016,2016-01-01,2016-12-31
8034764,GHED_GGHE-DGGE_SHA2011,COUNTRY,MNG,WPR,Western Pacific,YEAR,2011,,,,,,,,,5.62,5.62042999,,,,2025-12-05T13:23:08Z,2011,2011-01-01,2011-12-31
8034860,GHED_GGHE-DGGE_SHA2011,COUNTRY,IRL,EUR,Europe,YEAR,2011,,,,,,,,,16.18,16.17974281,,,,2025-12-05T13:23:08Z,2011,2011-01-01,2011-12-31
8035220,GHED_GGHE-DGGE_SHA2011,COUNTRY,JPN,WPR,Western Pacific,YEAR,2022,,,,,,,,,25.37,25.36555481,,,,2025-12-05T13:23:08Z,2022,2022-01-01,2022-12-31
8035861,GHED_GGHE-DGGE_SHA2011,COUNTRY,ITA,EUR,Europe,YEAR,2020,,,,,,,,,12.77,12.77164555,,,,2025-12-05T13:23:08Z,2020,2020-01-01,2020-12-31
8035920,GHED_GGHE-DGGE_SHA2011,COUNTRY,SYR,EMR,Eastern Mediterranean,YEAR,2015,,,,,,,,,7.52,7.52296495,,,,2025-12-05T13:23:08Z,2015,2015-01-01,2015-12-31
8038843,GHED_GGHE-DGGE_SHA2011,COUNTRY,VCT,AMR,Americas,YEAR,2009,,,,,,,,,8.07,8.06542397,,,,2025-12-05T13:23:08Z,2009,2009-01-01,2009-12-31
8045278,GHED_GGHE-DGGE_SHA2011,COUNTRY,MDV,SEAR,South-East Asia,YEAR,2001,,,,,,,,,9.03,9.03159332,,,,2025-12-05T13:23:08Z,2001,2001-01-01,2001-12-31
8046769,GHED_GGHE-DGGE_SHA2011,COUNTRY,UZB,EUR,Europe,YEAR,2011,,,,,,,,,8.83,8.83177662,,,,2025-12-05T13:23:08Z,2011,2011-01-01,2011-12-31
8047303,GHED_GGHE-DGGE_SHA2011,COUNTRY,MRT,AFR,Africa,YEAR,2009,,,,,,,,,4.48,4.47624159,,,,2025-12-05T13:23:08Z,2009,2009-01-01,2009-12-31
8048274,GHED_GGHE-DGGE_SHA2011,REGION,SEAR,,,YEAR,2002,,,,,,,,,6.42,6.41977,,,,2025-12-05T13:23:08Z,2002,2002-01-01,2002-12-31
8048757,GHED_GGHE-DGGE_SHA2011,COUNTRY,LSO,AFR,Africa,YEAR,2014,,,,,,,,,11.59,11.59240246,,,,2025-12-05T13:23:08Z,2014,2014-01-01,2014-12-31
8049041,GHED_GGHE-DGGE_SHA2011,COUNTRY,MDG,AFR,Africa,YEAR,2014,,,,,,,,,13.92,13.92414951,,,,2025-12-05T13:23:08Z,2014,2014-01-01,2014-12-31
8049125,GHED_GGHE-DGGE_SHA2011,COUNTRY,BOL,AMR,Americas,YEAR,2009,,,,,,,,,9.51,9.51188183,,,,2025-12-05T13:23:08Z,2009,2009-01-01,2009-12-31
8051640,GHED_GGHE-DGGE_SHA2011,COUNTRY,IND,SEAR,South-East Asia,YEAR,2008,,,,,,,,,2.80,2.79898262,,,,2025-12-05T13:23:08Z,2008,2008-01-01,2008-12-31
8051833,GHED_GGHE-DGGE_SHA2011,COUNTRY,IND,SEAR,South-East Asia,YEAR,2014,,,,,,,,,3.25,3.25070548,,,,2025-12-05T13:23:08Z,2014,2014-01-01,2014-12-31
8053423,GHED_GGHE-DGGE_SHA2011,COUNTRY,PAN,AMR,Americas,YEAR,2015,,,,,,,,,19.71,19.71187019,,,,2025-12-05T13:23:08Z,2015,2015-01-01,2015-12-31
8062206,GHED_GGHE-DGGE_SHA2011,COUNTRY,AGO,AFR,Africa,YEAR,2005,,,,,,,,,4.82,4.8206377,,,,2025-12-05T13:23:08Z,2005,2005-01-01,2005-12-31
8064936,GHED_GGHE-DGGE_SHA2011,COUNTRY,ITA,EUR,Europe,YEAR,2007,,,,,,,,,13.47,13.47156715,,,,2025-12-05T13:23:08Z,2007,2007-01-01,2007-12-31
8067870,GHED_GGHE-DGGE_SHA2011,COUNTRY,BLR,EUR,Europe,YEAR,2013,,,,,,,,,8.74,8.74394131,,,,2025-12-05T13:23:08Z,2013,2013-01-01,2013-12-31
8069230,GHED_GGHE-DGGE_SHA2011,COUNTRY,NRU,WPR,Western Pacific,YEAR,2019,,,,,,,,,9.79,9.78691292,,,,2025-12-05T13:23:08Z,2019,2019-01-01,2019-12-31
8070201,GHED_GGHE-DGGE_SHA2011,COUNTRY,GAB,AFR,Africa,YEAR,2023,,,,,,,,,9.59,9.59155846,,,,2025-12-05T13:23:08Z,2023,2023-01-01,2023-12-31
8071372,GHED_GGHE-DGGE_SHA2011,COUNTRY,LAO,WPR,Western Pacific,YEAR,2016,,,,,,,,,3.63,3.62799406,,,,2025-12-05T13:23:08Z,2016,2016-01-01,2016-12-31
8073112,GHED_GGHE-DGGE_SHA2011,COUNTRY,LKA,SEAR,South-East Asia,YEAR,2019,,,,,,,,,8.91,8.91490173,,,,2025-12-05T13:23:08Z,2019,2019-01-01,2019-12-31
8074035,GHED_GGHE-DGGE_SHA2011,COUNTRY,TKM,EUR,Europe,YEAR,2015,,,,,,,,,8.71,8.71145439,,,,2025-12-05T13:23:08Z,2015,2015-01-01,2015-12-31
8077774,GHED_GGHE-DGGE_SHA2011,COUNTRY,MOZ,AFR,Africa,YEAR,2022,,,,,,,,,6.96,6.95726824,,,,2025-12-05T13:23:08Z,2022,2022-01-01,2022-12-31
8079280,GHED_GGHE-DGGE_SHA2011,COUNTRY,CRI,AMR,Americas,YEAR,2015,,,,,,,,,29.42,29.42484665,,,,2025-12-05T13:23:08Z,2015,2015-01-01,2015-12-31
8080936,GHED_GGHE-DGGE_SHA2011,REGION,SEAR,,,YEAR,2004,,,,,,,,,6.38,6.38333331,,,,2025-12-05T13:23:08Z,2004,2004-01-01,2004-12-31
8089109,GHED_GGHE-DGGE_SHA2011,COUNTRY,KGZ,EUR,Europe,YEAR,2017,,,,,,,,,6.34,6.34161329,,,,2025-12-05T13:23:08Z,2017,2017-01-01,2017-12-31
8089471,GHED_GGHE-DGGE_SHA2011,COUNTRY,IDN,WPR,Western Pacific,YEAR,2016,,,,,,,,,8.13,8.1296863599999991,,,,2025-12-05T13:23:08Z,2016,2016-01-01,2016-12-31
8091145,GHED_GGHE-DGGE_SHA2011,COUNTRY,ARM,EUR,Europe,YEAR,2017,,,,,,,,,5.27,5.27347183,,,,2025-12-05T13:23:08Z,2017,2017-01-01,2017-12-31
8098408,GHED_GGHE-DGGE_SHA2011,COUNTRY,ERI,AFR,Africa,YEAR,2017,,,,,,,,,2.37,2.37287188,,,,2025-12-05T13:23:08Z,2017,2017-01-01,2017-12-31
8098879,GHED_GGHE-DGGE_SHA2011,COUNTRY,TGO,AFR,Africa,YEAR,2020,,,,,,,,,3.85,3.85122466,,,,2025-12-05T13:23:08Z,2020,2020-01-01,2020-12-31
8100902,GHED_GGHE-DGGE_SHA2011,COUNTRY,USA,AMR,Americas,YEAR,2012,,,,,,,,,19.64,19.64053917,,,,2025-12-05T13:23:08Z,2012,2012-01-01,2012-12-31
8101493,GHED_GGHE-DGGE_SHA2011,COUNTRY,TGO,AFR,Africa,YEAR,2011,,,,,,,,,5.67,5.66925287,,,,2025-12-05T13:23:08Z,2011,2011-01-01,2011-12-31
8102017,GHED_GGHE-DGGE_SHA2011,WORLDBANKINCOMEGROUP,WB_UMI,,,YEAR,2020,,,,,,,,,11.79,11.78899958,,,,2025-12-05T13:23:08Z,2020,2020-01-01,2020-12-31
8102817,GHED_GGHE-DGGE_SHA2011,COUNTRY,UGA,AFR,Africa,YEAR,2009,,,,,,,,,7.03,7.03290558,,,,2025-12-05T13:23:08Z,2009,2009-01-01,2009-12-31
8102959,GHED_GGHE-DGGE_SHA2011,COUNTRY,WSM,WPR,Western Pacific,YEAR,2014,,,,,,,,,13.80,13.79793644,,,,2025-12-05T13:23:08Z,2014,2014-01-01,2014-12-31
8104115,GHED_GGHE-DGGE_SHA2011,COUNTRY,MMR,SEAR,South-East Asia,YEAR,2001,,,,,,,,,1.28,1.27720726,,,,2025-12-05T13:23:08Z,2001,2001-01-01,2001-12-31
8104229,GHED_GGHE-DGGE_SHA2011,COUNTRY,IRL,EUR,Europe,YEAR,2019,,,,,,,,,20.47,20.46954346,,,,2025-12-05T13:23:08Z,2019,2019-01-01,2019-12-31
8109539,GHED_GGHE-DGGE_SHA2011,WORLDBANKINCOMEGROUP,WB_LMI,,,YEAR,2023,,,,,,,,,7.81,7.80783129,,,,2026-01-12T13:50:53Z,2023,2023-01-01,2023-12-31
8109599,GHED_GGHE-DGGE_SHA2011,COUNTRY,CHE,EUR,Europe,YEAR,2011,,,,,,,,,10.50,10.50000191,,,,2025-12-05T13:23:08Z,2011,2011-01-01,2011-12-31
8116819,GHED_GGHE-DGGE_SHA2011,COUNTRY,AUT,EUR,Europe,YEAR,2012,,,,,,,,,14.47,14.47297001,,,,2025-12-05T13:23:08Z,2012,2012-01-01,2012-12-31
8117477,GHED_GGHE-DGGE_SHA2011,REGION,EMR,,,YEAR,2004,,,,,,,,,6.92,6.92152736,,,,2025-12-05T13:23:08Z,2004,2004-01-01,2004-12-31
8118764,GHED_GGHE-DGGE_SHA2011,COUNTRY,STP,AFR,Africa,YEAR,2002,,,,,,,,,8.54,8.54080868,,,,2025-12-05T13:23:08Z,2002,2002-01-01,2002-12-31
8118778,GHED_GGHE-DGGE_SHA2011,COUNTRY,NAM,AFR,Africa,YEAR,2011,,,,,,,,,13.31,13.31072235,,,,2025-12-05T13:23:08Z,2011,2011-01-01,2011-12-31
8124189,GHED_GGHE-DGGE_SHA2011,COUNTRY,NGA,AFR,Africa,YEAR,2019,,,,,,,,,3.76,3.76171207,,,,2025-12-05T13:23:08Z,2019,2019-01-01,2019-12-31
8125171,GHED_GGHE-DGGE_SHA2011,COUNTRY,GTM,AMR,Americas,YEAR,2003,,,,,,,,,14.21,14.20887375,,,,2025-12-05T13:23:08Z,2003,2003-01-01,2003-12-31
8132661,GHED_GGHE-DGGE_SHA2011,COUNTRY,LSO,AFR,Africa,YEAR,2018,,,,,,,,,10.78,10.77791023,,,,2025-12-05T13:23:08Z,2018,2018-01-01,2018-12-31
8133394,GHED_GGHE-DGGE_SHA2011,COUNTRY,PRY,AMR,Americas,YEAR,2004,,,,,,,,,10.35,10.34750175,,,,2025-12-05T13:23:08Z,2004,2004-01-01,2004-12-31
8134052,GHED_GGHE-DGGE_SHA2011,COUNTRY,DZA,AFR,Africa,YEAR,2023,,,,,,,,,6.17,6.16833448,,,,2025-12-05T13:23:08Z,2023,2023-01-01,2023-12-31
8135441,GHED_GGHE-DGGE_SHA2011,COUNTRY,ARG,AMR,Americas,YEAR,2009,,,,,,,,,16.64,16.64416885,,,,2025-12-05T13:23:08Z,2009,2009-01-01,2009-12-31
8136284,GHED_GGHE-DGGE_SHA2011,COUNTRY,ATG,AMR,Americas,YEAR,2018,,,,,,,,,13.07,13.07453442,,,,2025-12-05T13:23:08Z,2018,2018-01-01,2018-12-31
8142398,GHED_GGHE-DGGE_SHA2011,COUNTRY,AGO,AFR,Africa,YEAR,2007,,,,,,,,,4.52,4.51627111,,,,2025-12-05T13:23:08Z,2007,2007-01-01,2007-12-31
8143060,GHED_GGHE-DGGE_SHA2011,COUNTRY,LVA,EUR,Europe,YEAR,2020,,,,,,,,,10.76,10.75947285,,,,2025-12-05T13:23:08Z,2020,2020-01-01,2020-12-31
8146092,GHED_GGHE-DGGE_SHA2011,COUNTRY,BEN,AFR,Africa,YEAR,2019,,,,,,,,,3.12,3.12481403,,,,2025-12-05T13:23:08Z,2019,2019-01-01,2019-12-31
8150787,GHED_GGHE-DGGE_SHA2011,COUNTRY,SGP,WPR,Western Pacific,YEAR,2008,,,,,,,,,8.65,8.65292072,,,,2025-12-05T13:23:08Z,2008,2008-01-01,2008-12-31
8151613,GHED_GGHE-DGGE_SHA2011,COUNTRY,SRB,EUR,Europe,YEAR,2016,,,,,,,,,11.65,11.64864445,,,,2025-12-05T13:23:08Z,2016,2016-01-01,2016-12-31
8155314,GHED_GGHE-DGGE_SHA2011,COUNTRY,SYC,AFR,Africa,YEAR,2004,,,,,,,,,9.55,9.5548315,,,,2025-12-05T13:23:08Z,2004,2004-01-01,2004-12-31
8159589,GHED_GGHE-DGGE_SHA2011,COUNTRY,ATG,AMR,Americas,YEAR,2007,,,,,,,,,8.45,8.45184612,,,,2025-12-05T13:23:08Z,2007,2007-01-01,2007-12-31
8160250,GHED_GGHE-DGGE_SHA2011,COUNTRY,AUS,WPR,Western Pacific,YEAR,2023,,,,,,,,,21.01,21.00860023,,,,2025-12-05T13:23:08Z,2023,2023-01-01,2023-12-31
8163464,GHED_GGHE-DGGE_SHA2011,COUNTRY,MLI,AFR,Africa,YEAR,2018,,,,,,,,,5.67,5.66878557,,,,2025-12-05T13:23:08Z,2018,2018-01-01,2018-12-31
8164362,GHED_GGHE-DGGE_SHA2011,COUNTRY,SUR,AMR,Americas,YEAR,2005,,,,,,,,,10.64,10.63834286,,,,2025-12-05T13:23:08Z,2005,2005-01-01,2005-12-31
8165244,GHED_GGHE-DGGE_SHA2011,COUNTRY,GUY,AMR,Americas,YEAR,2009,,,,,,,,,7.41,7.41419315,,,,2025-12-05T13:23:08Z,2009,2009-01-01,2009-12-31
8165447,GHED_GGHE-DGGE_SHA2011,COUNTRY,KIR,WPR,Western Pacific,YEAR,2023,,,,,,,,,9.00,9.00278091,,,,2025-12-05T13:23:08Z,2023,2023-01-01,2023-12-31
8165839,GHED_GGHE-DGGE_SHA2011,COUNTRY,TJK,EUR,Europe,YEAR,2012,,,,,,,,,6.50,6.50301933,,,,2025-12-05T13:23:08Z,2012,2012-01-01,2012-12-31
8166743,GHED_GGHE-DGGE_SHA2011,COUNTRY,UKR,EUR,Europe,YEAR,2007,,,,,,,,,8.16,8.16024208,,,,2025-12-05T13:23:08Z,2007,2007-01-01,2007-12-31
8171062,GHED_GGHE-DGGE_SHA2011,COUNTRY,CHN,WPR,Western Pacific,YEAR,2019,,,,,,,,,8.77,8.76956177,,,,2025-12-05T13:23:08Z,2019,2019-01-01,2019-12-31
8172588,GHED_GGHE-DGGE_SHA2011,COUNTRY,LKA,SEAR,South-East Asia,YEAR,2023,,,,,,,,,6.33,6.32981014,,,,2025-12-05T13:23:08Z,2023,2023-01-01,2023-12-31
8183544,GHED_GGHE-DGGE_SHA2011,COUNTRY,QAT,EMR,Eastern Mediterranean,YEAR,2012,,,,,,,,,4.47,4.46552658,,,,2025-12-05T13:23:08Z,2012,2012-01-01,2012-12-31
8187242,GHED_GGHE-DGGE_SHA2011,COUNTRY,BHR,EMR,Eastern Mediterranean,YEAR,2009,,,,,,,,,11.17,11.16572762,,,,2025-12-05T13:23:08Z,2009,2009-01-01,2009-12-31
8190594,GHED_GGHE-DGGE_SHA2011,COUNTRY,FSM,WPR,Western Pacific,YEAR,2023,,,,,,,,,3.43,3.43445873,,,,2025-12-05T13:23:08Z,2023,2023-01-01,2023-12-31
8191678,GHED_GGHE-DGGE_SHA2011,COUNTRY,AUS,WPR,Western Pacific,YEAR,2009,,,,,,,,,15.88,15.88237,,,,2025-12-05T13:23:08Z,2009,2009-01-01,2009-12-31
8196226,GHED_GGHE-DGGE_SHA2011,COUNTRY,PAN,AMR,Americas,YEAR,2001,,,,,,,,,18.73,18.72884369,,,,2025-12-05T13:23:08Z,2001,2001-01-01,2001-12-31
8198624,GHED_GGHE-DGGE_SHA2011,COUNTRY,MEX,AMR,Americas,YEAR,2013,,,,,,,,,11.24,11.24126339,,,,2025-12-05T13:23:08Z,2013,2013-01-01,2013-12-31
8199851,GHED_GGHE-DGGE_SHA2011,COUNTRY,SMR,EUR,Europe,YEAR,2012,,,,,,,,,26.06,26.05867577,,,,2025-12-05T13:23:08Z,2012,2012-01-01,2012-12-31
8200949,GHED_GGHE-DGGE_SHA2011,COUNTRY,LTU,EUR,Europe,YEAR,2006,,,,,,,,,10.62,10.62221146,,,,2025-12-05T13:23:08Z,2006,2006-01-01,2006-12-31
8202063,GHED_GGHE-DGGE_SHA2011,COUNTRY,YEM,EMR,Eastern Mediterranean,YEAR,2019,,,,,,,,,6.90,6.90042734,,,,2025-12-05T13:23:08Z,2019,2019-01-01,2019-12-31
8202344,GHED_GGHE-DGGE_SHA2011,WORLDBANKINCOMEGROUP,WB_HI,,,YEAR,2003,,,,,,,,,12.46,12.45732951,,,,2025-12-05T13:23:08Z,2003,2003-01-01,2003-12-31
8205525,GHED_GGHE-DGGE_SHA2011,COUNTRY,LCA,AMR,Americas,YEAR,2003,,,,,,,,,7.16,7.16252851,,,,2025-12-05T13:23:08Z,2003,2003-01-01,2003-12-31
8209622,GHED_GGHE-DGGE_SHA2011,COUNTRY,EGY,EMR,Eastern Mediterranean,YEAR,2015,,,,,,,,,5.06,5.05797672,,,,2025-12-05T13:23:08Z,2015,2015-01-01,2015-12-31
8210149,GHED_GGHE-DGGE_SHA2011,COUNTRY,MNG,WPR,Western Pacific,YEAR,2016,,,,,,,,,6.46,6.46197653,,,,2025-12-05T13:23:08Z,2016,2016-01-01,2016-12-31
8210208,GHED_GGHE-DGGE_SHA2011,COUNTRY,THA,SEAR,South-East Asia,YEAR,2015,,,,,,,,,12.48,12.47859097,,,,2025-12-05T13:23:08Z,2015,2015-01-01,2015-12-31
8213706,GHED_GGHE-DGGE_SHA2011,COUNTRY,GNB,AFR,Africa,YEAR,2023,,,,,,,,,4.29,4.28643131,,,,2025-12-05T13:23:08Z,2023,2023-01-01,2023-12-31
8222536,GHED_GGHE-DGGE_SHA2011,COUNTRY,COM,AFR,Africa,YEAR,2022,,,,,,,,,4.74,4.73731661,,,,2025-12-05T13:23:08Z,2022,2022-01-01,2022-12-31
8222986,GHED_GGHE-DGGE_SHA2011,COUNTRY,ITA,EUR,Europe,YEAR,2010,,,,,,,,,13.99,13.98853397,,,,2025-12-05T13:23:08Z,2010,2010-01-01,2010-12-31
8224036,GHED_GGHE-DGGE_SHA2011,COUNTRY,EST,EUR,Europe,YEAR,2015,,,,,,,,,12.36,12.36456108,,,,2025-12-05T13:23:08Z,2015,2015-01-01,2015-12-31
8225241,GHED_GGHE-DGGE_SHA2011,COUNTRY,ARE,EMR,Eastern Mediterranean,YEAR,2014,,,,,,,,,7.78,7.77782202,,,,2025-12-05T13:23:08Z,2014,2014-01-01,2014-12-31
8228065,GHED_GGHE-DGGE_SHA2011,COUNTRY,RWA,AFR,Africa,YEAR,2005,,,,,,,,,8.09,8.09271908,,,,2025-12-05T13:23:08Z,2005,2005-01-01,2005-12-31
8230232,GHED_GGHE-DGGE_SHA2011,COUNTRY,FJI,WPR,Western Pacific,YEAR,2018,,,,,,,,,7.76,7.75502872,,,,2025-12-05T13:23:08Z,2018,2018-01-01,2018-12-31
8230570,GHED_GGHE-DGGE_SHA2011,REGION,AFR,,,YEAR,2008,,,,,,,,,6.29,6.2911893,,,,2025-12-05T13:23:08Z,2008,2008-01-01,2008-12-31
8230620,GHED_GGHE-DGGE_SHA2011,COUNTRY,PSE,EMR,Eastern Mediterranean,YEAR,2012,,,,,,,,,9.59,9.59289837,,,,2025-12-05T13:23:08Z,2012,2012-01-01,2012-12-31
8240030,GHED_GGHE-DGGE_SHA2011,COUNTRY,CPV,AFR,Africa,YEAR,2023,,,,,,,,,13.79,13.78944969,,,,2025-12-05T13:23:08Z,2023,2023-01-01,2023-12-31
8242772,GHED_GGHE-DGGE_SHA2011,COUNTRY,URY,AMR,Americas,YEAR,2010,,,,,,,,,17.25,17.25056648,,,,2025-12-05T13:23:08Z,2010,2010-01-01,2010-12-31
8248189,GHED_GGHE-DGGE_SHA2011,COUNTRY,NOR,EUR,Europe,YEAR,2005,,,,,,,,,16.28,16.27973175,,,,2025-12-05T13:23:08Z,2005,2005-01-01,2005-12-31
8250996,GHED_GGHE-DGGE_SHA2011,COUNTRY,MDA,EUR,Europe,YEAR,2012,,,,,,,,,13.17,13.17397022,,,,2025-12-05T13:23:08Z,2012,2012-01-01,2012-12-31
8255757,GHED_GGHE-DGGE_SHA2011,COUNTRY,NGA,AFR,Africa,YEAR,2010,,,,,,,,,2.70,2.70293093,,,,2025-12-05T13:23:08Z,2010,2010-01-01,2010-12-31
8256766,GHED_GGHE-DGGE_SHA2011,COUNTRY,SRB,EUR,Europe,YEAR,2010,,,,,,,,,13.56,13.56146622,,,,2025-12-05T13:23:08Z,2010,2010-01-01,2010-12-31
8257613,GHED_GGHE-DGGE_SHA2011,COUNTRY,RUS,EUR,Europe,YEAR,2001,,,,,,,,,9.67,9.67133141,,,,2025-12-05T13:23:08Z,2001,2001-01-01,2001-12-31
8258225,GHED_GGHE-DGGE_SHA2011,COUNTRY,ARE,EMR,Eastern Mediterranean,YEAR,2013,,,,,,,,,8.53,8.52679825,,,,2025-12-05T13:23:08Z,2013,2013-01-01,2013-12-31
8261306,GHED_GGHE-DGGE_SHA2011,COUNTRY,BIH,EUR,Europe,YEAR,2004,,,,,,,,,11.32,11.32033443,,,,2025-12-05T13:23:08Z,2004,2004-01-01,2004-12-31
8273690,GHED_GGHE-DGGE_SHA2011,COUNTRY,ATG,AMR,Americas,YEAR,2008,,,,,,,,,8.08,8.08106136,,,,2025-12-05T13:23:08Z,2008,2008-01-01,2008-12-31
8275880,GHED_GGHE-DGGE_SHA2011,COUNTRY,ERI,AFR,Africa,YEAR,2020,,,,,,,,,2.37,2.37287188,,,,2025-12-05T13:23:08Z,2020,2020-01-01,2020-12-31
8277088,GHED_GGHE-DGGE_SHA2011,COUNTRY,DEU,EUR,Europe,YEAR,2010,,,,,,,,,17.12,17.12050629,,,,2025-12-05T13:23:08Z,2010,2010-01-01,2010-12-31
8280324,GHED_GGHE-DGGE_SHA2011,COUNTRY,POL,EUR,Europe,YEAR,2016,,,,,,,,,10.95,10.94734287,,,,2025-12-05T13:23:08Z,2016,2016-01-01,2016-12-31
8288357,GHED_GGHE-DGGE_SHA2011,COUNTRY,RUS,EUR,Europe,YEAR,2006,,,,,,,,,10.13,10.13223743,,,,2025-12-05T13:23:08Z,2006,2006-01-01,2006-12-31
8294887,GHED_GGHE-DGGE_SHA2011,COUNTRY,BRN,WPR,Western Pacific,YEAR,2005,,,,,,,,,6.43,6.43293381,,,,2025-12-05T13:23:08Z,2005,2005-01-01,2005-12-31
8297521,GHED_GGHE-DGGE_SHA2011,COUNTRY,MOZ,AFR,Africa,YEAR,2005,,,,,,,,,8.40,8.39700031,,,,2025-12-05T13:23:08Z,2005,2005-01-01,2005-12-31
8297740,GHED_GGHE-DGGE_SHA2011,COUNTRY,KNA,AMR,Americas,YEAR,2000,,,,,,,,,5.81,5.80614185,,,,2025-12-05T13:23:08Z,2000,2000-01-01,2000-12-31
8299426,GHED_GGHE-DGGE_SHA2011,COUNTRY,NER,AFR,Africa,YEAR,2002,,,,,,,,,8.36,8.35599804,,,,2025-12-05T13:23:08Z,2002,2002-01-01,2002-12-31
8302225,GHED_GGHE-DGGE_SHA2011,COUNTRY,FJI,WPR,Western Pacific,YEAR,2014,,,,,,,,,7.10,7.10427618,,,,2025-12-05T13:23:08Z,2014,2014-01-01,2014-12-31
8305262,GHED_GGHE-DGGE_SHA2011,COUNTRY,USA,AMR,Americas,YEAR,2016,,,,,,,,,22.49,22.4877243,,,,2025-12-05T13:23:08Z,2016,2016-01-01,2016-12-31
8309490,GHED_GGHE-DGGE_SHA2011,COUNTRY,SMR,EUR,Europe,YEAR,2006,,,,,,,,,19.72,19.72222137,,,,2025-12-05T13:23:08Z,2006,2006-01-01,2006-12-31
8314538,GHED_GGHE-DGGE_SHA2011,COUNTRY,MKD,EUR,Europe,YEAR,2005,,,,,,,,,13.47,13.46777534,,,,2025-12-05T13:23:08Z,2005,2005-01-01,2005-12-31
8314809,GHED_GGHE-DGGE_SHA2011,COUNTRY,KIR,WPR,Western Pacific,YEAR,2016,,,,,,,,,7.78,7.78181839,,,,2025-12-05T13:23:08Z,2016,2016-01-01,2016-12-31
8317344,GHED_GGHE-DGGE_SHA2011,COUNTRY,GHA,AFR,Africa,YEAR,2009,,,,,,,,,12.36,12.35655785,,,,2025-12-05T13:23:08Z,2009,2009-01-01,2009-12-31
8317559,GHED_GGHE-DGGE_SHA2011,COUNTRY,MRT,AFR,Africa,YEAR,2020,,,,,,,,,5.42,5.41649103,,,,2025-12-05T13:23:08Z,2020,2020-01-01,2020-12-31
8317956,GHED_GGHE-DGGE_SHA2011,COUNTRY,ESP,EUR,Europe,YEAR,2002,,,,,,,,,12.51,12.50722408,,,,2025-12-05T13:23:08Z,2002,2002-01-01,2002-12-31
8318208,GHED_GGHE-DGGE_SHA2011,WORLDBANKINCOMEGROUP,WB_LMI,,,YEAR,2012,,,,,,,,,7.04,7.03505569,,,,2025-12-05T13:23:08Z,2012,2012-01-01,2012-12-31
8319557,GHED_GGHE-DGGE_SHA2011,COUNTRY,GEO,EUR,Europe,YEAR,2004,,,,,,,,,6.25,6.25,,,,2025-12-05T13:23:08Z,2004,2004-01-01,2004-12-31
8320065,GHED_GGHE-DGGE_SHA2011,REGION,SEAR,,,YEAR,2011,,,,,,,,,6.15,6.14716007,,,,2025-12-05T13:23:08Z,2011,2011-01-01,2011-12-31
8323271,GHED_GGHE-DGGE_SHA2011,COUNTRY,SWE,EUR,Europe,YEAR,2018,,,,,,,,,18.49,18.48514175,,,,2025-12-05T13:23:08Z,2018,2018-01-01,2018-12-31
8326256,GHED_GGHE-DGGE_SHA2011,COUNTRY,MNG,WPR,Western Pacific,YEAR,2021,,,,,,,,,11.74,11.73573017,,,,2025-12-05T13:23:08Z,2021,2021-01-01,2021-12-31
8327197,GHED_GGHE-DGGE_SHA2011,COUNTRY,LCA,AMR,Americas,YEAR,2001,,,,,,,,,8.09,8.09102249,,,,2025-12-05T13:23:08Z,2001,2001-01-01,2001-12-31
8327699,GHED_GGHE-DGGE_SHA2011,COUNTRY,LAO,WPR,Western Pacific,YEAR,2005,,,,,,,,,5.91,5.91417122,,,,2025-12-05T13:23:08Z,2005,2005-01-01,2005-12-31
8329042,GHED_GGHE-DGGE_SHA2011,COUNTRY,GHA,AFR,Africa,YEAR,2020,,,,,,,,,8.02,8.02323055,,,,2025-12-05T13:23:08Z,2020,2020-01-01,2020-12-31
8334261,GHED_GGHE-DGGE_SHA2011,COUNTRY,MDV,SEAR,South-East Asia,YEAR,2009,,,,,,,,,15.74,15.74485779,,,,2025-12-05T13:23:08Z,2009,2009-01-01,2009-12-31
8334457,GHED_GGHE-DGGE_SHA2011,REGION,AMR,,,YEAR,2023,,,,,,,,,13.56,13.56449806,,,,2025-12-05T13:23:08Z,2023,2023-01-01,2023-12-31
8336004,GHED_GGHE-DGGE_SHA2011,COUNTRY,TZA,AFR,Africa,YEAR,2004,,,,,,,,,11.55,11.55348301,,,,2025-12-05T13:23:08Z,2004,2004-01-01,2004-12-31
8337501,GHED_GGHE-DGGE_SHA2011,COUNTRY,TJK,EUR,Europe,YEAR,2022,,,,,,,,,6.39,6.39179087,,,,2025-12-05T13:23:08Z,2022,2022-01-01,2022-12-31
8342957,GHED_GGHE-DGGE_SHA2011,COUNTRY,AUS,WPR,Western Pacific,YEAR,2022,,,,,,,,,20.25,20.24867249,,,,2025-12-05T13:23:08Z,2022,2022-01-01,2022-12-31
8343354,GHED_GGHE-DGGE_SHA2011,COUNTRY,BHS,AMR,Americas,YEAR,2014,,,,,,,,,14.21,14.2129097,,,,2025-12-05T13:23:08Z,2014,2014-01-01,2014-12-31
8343613,GHED_GGHE-DGGE_SHA2011,COUNTRY,CMR,AFR,Africa,YEAR,2023,,,,,,,,,3.91,3.91280055,,,,2025-12-05T13:23:08Z,2023,2023-01-01,2023-12-31
8345234,GHED_GGHE-DGGE_SHA2011,COUNTRY,ESP,EUR,Europe,YEAR,2014,,,,,,,,,14.09,14.09342861,,,,2025-12-05T13:23:08Z,2014,2014-01-01,2014-12-31
8347519,GHED_GGHE-DGGE_SHA2011,COUNTRY,MNE,EUR,Europe,YEAR,2021,,,,,,,,,14.40,14.40235138,,,,2025-12-05T13:23:08Z,2021,2021-01-01,2021-12-31
8354126,GHED_GGHE-DGGE_SHA2011,COUNTRY,PSE,EMR,Eastern Mediterranean,YEAR,2008,,,,,,,,,8.50,8.50026321,,,,2025-12-05T13:23:08Z,2008,2008-01-01,2008-12-31
8354787,GHED_GGHE-DGGE_SHA2011,COUNTRY,IDN,WPR,Western Pacific,YEAR,2007,,,,,,,,,5.44,5.43742085,,,,2025-12-05T13:23:08Z,2007,2007-01-01,2007-12-31
8355284,GHED_GGHE-DGGE_SHA2011,COUNTRY,VNM,WPR,Western Pacific,YEAR,2007,,,,,,,,,7.94,7.93691111,,,,2025-12-05T13:23:08Z,2007,2007-01-01,2007-12-31
8355911,GHED_GGHE-DGGE_SHA2011,COUNTRY,COL,AMR,Americas,YEAR,2015,,,,,,,,,17.04,17.03754425,,,,2025-12-05T13:23:08Z,2015,2015-01-01,2015-12-31
8359637,GHED_GGHE-DGGE_SHA2011,COUNTRY,UGA,AFR,Africa,YEAR,2018,,,,,,,,,4.17,4.16811514,,,,2025-12-05T13:23:08Z,2018,2018-01-01,2018-12-31
8361135,GHED_GGHE-DGGE_SHA2011,COUNTRY,SMR,EUR,Europe,YEAR,2000,,,,,,,,,19.72,19.72222137,,,,2025-12-05T13:23:08Z,2000,2000-01-01,2000-12-31
8362423,GHED_GGHE-DGGE_SHA2011,REGION,AFR,,,YEAR,2022,,,,,,,,,6.89,6.88664631,,,,2026-01-12T13:50:53Z,2022,2022-01-01,2022-12-31
8364166,GHED_GGHE-DGGE_SHA2011,COUNTRY,BHS,AMR,Americas,YEAR,2016,,,,,,,,,13.89,13.88535404,,,,2025-12-05T13:23:08Z,2016,2016-01-01,2016-12-31
8364926,GHED_GGHE-DGGE_SHA2011,COUNTRY,AND,EUR,Europe,YEAR,2005,,,,,,,,,18.78,18.77888107,,,,2025-12-05T13:23:08Z,2005,2005-01-01,2005-12-31
8366163,GHED_GGHE-DGGE_SHA2011,COUNTRY,VUT,WPR,Western Pacific,YEAR,2012,,,,,,,,,9.40,9.402668,,,,2025-12-05T13:23:08Z,2012,2012-01-01,2012-12-31
8368275,GHED_GGHE-DGGE_SHA2011,COUNTRY,MCO,EUR,Europe,YEAR,2002,,,,,,,,,15.05,15.04997349,,,,2025-12-05T13:23:08Z,2002,2002-01-01,2002-12-31
8371987,GHED_GGHE-DGGE_SHA2011,COUNTRY,ZAF,AFR,Africa,YEAR,2015,,,,,,,,,15.24,15.23773575,,,,2025-12-05T13:23:08Z,2015,2015-01-01,2015-12-31
8372054,GHED_GGHE-DGGE_SHA2011,COUNTRY,PER,AMR,Americas,YEAR,2012,,,,,,,,,12.24,12.24156475,,,,2025-12-05T13:23:08Z,2012,2012-01-01,2012-12-31
8375981,GHED_GGHE-DGGE_SHA2011,COUNTRY,SDN,EMR,Eastern Mediterranean,YEAR,2000,,,,,,,,,11.77,11.77479267,,,,2025-12-05T13:23:08Z,2000,2000-01-01,2000-12-31
8379057,GHED_GGHE-DGGE_SHA2011,COUNTRY,KHM,WPR,Western Pacific,YEAR,2010,,,,,,,,,6.52,6.51964235,,,,2025-12-05T13:23:08Z,2010,2010-01-01,2010-12-31
8382961,GHED_GGHE-DGGE_SHA2011,COUNTRY,VCT,AMR,Americas,YEAR,2006,,,,,,,,,8.33,8.33322239,,,,2025-12-05T13:23:08Z,2006,2006-01-01,2006-12-31
8384719,GHED_GGHE-DGGE_SHA2011,COUNTRY,KGZ,EUR,Europe,YEAR,2011,,,,,,,,,9.88,9.88331318,,,,2025-12-05T13:23:08Z,2011,2011-01-01,2011-12-31
8388108,GHED_GGHE-DGGE_SHA2011,COUNTRY,UKR,EUR,Europe,YEAR,2020,,,,,,,,,8.17,8.17341805,,,,2025-12-05T13:23:08Z,2020,2020-01-01,2020-12-31
8390246,GHED_GGHE-DGGE_SHA2011,COUNTRY,SLB,WPR,Western Pacific,YEAR,2007,,,,,,,,,20.93,20.93453407,,,,2025-12-05T13:23:08Z,2007,2007-01-01,2007-12-31
8392421,GHED_GGHE-DGGE_SHA2011,COUNTRY,BWA,AFR,Africa,YEAR,2015,,,,,,,,,10.42,10.41588783,,,,2025-12-05T13:23:08Z,2015,2015-01-01,2015-12-31
8393756,GHED_GGHE-DGGE_SHA2011,COUNTRY,PAK,EMR,Eastern Mediterranean,YEAR,2018,,,,,,,,,4.90,4.89949369,,,,2025-12-05T13:23:08Z,2018,2018-01-01,2018-12-31
8402352,GHED_GGHE-DGGE_SHA2011,COUNTRY,ARE,EMR,Eastern Mediterranean,YEAR,2020,,,,,,,,,11.41,11.41091824,,,,2025-12-05T13:23:08Z,2020,2020-01-01,2020-12-31
8402935,GHED_GGHE-DGGE_SHA2011,COUNTRY,SMR,EUR,Europe,YEAR,2013,,,,,,,,,24.34,24.33996773,,,,2025-12-05T13:23:08Z,2013,2013-01-01,2013-12-31
8404272,GHED_GGHE-DGGE_SHA2011,COUNTRY,JPN,WPR,Western Pacific,YEAR,2012,,,,,,,,,22.22,22.22449875,,,,2025-12-05T13:23:08Z,2012,2012-01-01,2012-12-31
8404281,GHED_GGHE-DGGE_SHA2011,COUNTRY,ZMB,AFR,Africa,YEAR,2008,,,,,,,,,8.15,8.14711761,,,,2025-12-05T13:23:08Z,2008,2008-01-01,2008-12-31
8405895,GHED_GGHE-DGGE_SHA2011,COUNTRY,TUV,WPR,Western Pacific,YEAR,2016,,,,,,,,,12.99,12.99326706,,,,2025-12-05T13:23:08Z,2016,2016-01-01,2016-12-31
8407453,GHED_GGHE-DGGE_SHA2011,COUNTRY,EGY,EMR,Eastern Mediterranean,YEAR,2010,,,,,,,,,4.36,4.36156321,,,,2025-12-05T13:23:08Z,2010,2010-01-01,2010-12-31
8408372,GHED_GGHE-DGGE_SHA2011,COUNTRY,FRA,EUR,Europe,YEAR,2018,,,,,,,,,15.22,15.22242165,,,,2025-12-05T13:23:08Z,2018,2018-01-01,2018-12-31
8409804,GHED_GGHE-DGGE_SHA2011,COUNTRY,LSO,AFR,Africa,YEAR,2023,,,,,,,,,11.83,11.83322239,,,,2025-12-05T13:23:08Z,2023,2023-01-01,2023-12-31
8411001,GHED_GGHE-DGGE_SHA2011,COUNTRY,NAM,AFR,Africa,YEAR,2002,,,,,,,,,19.85,19.85424995,,,,2025-12-05T13:23:08Z,2002,2002-01-01,2002-12-31
8412546,GHED_GGHE-DGGE_SHA2011,COUNTRY,GEO,EUR,Europe,YEAR,2002,,,,,,,,,7.02,7.02040815,,,,2025-12-05T13:23:08Z,2002,2002-01-01,2002-12-31
8413888,GHED_GGHE-DGGE_SHA2011,COUNTRY,KWT,EMR,Eastern Mediterranean,YEAR,2013,,,,,,,,,5.45,5.44841051,,,,2025-12-05T13:23:08Z,2013,2013-01-01,2013-12-31
8418090,GHED_GGHE-DGGE_SHA2011,COUNTRY,KWT,EMR,Eastern Mediterranean,YEAR,2010,,,,,,,,,4.98,4.98143959,,,,2025-12-05T13:23:08Z,2010,2010-01-01,2010-12-31
8423203,GHED_GGHE-DGGE_SHA2011,COUNTRY,AGO,AFR,Africa,YEAR,2011,,,,,,,,,4.58,4.58056879,,,,2025-12-05T13:23:08Z,2011,2011-01-01,2011-12-31
8423808,GHED_GGHE-DGGE_SHA2011,COUNTRY,ALB,EUR,Europe,YEAR,2005,,,,,,,,,9.30,9.30094719,,,,2025-12-05T13:23:08Z,2005,2005-01-01,2005-12-31
8423927,GHED_GGHE-DGGE_SHA2011,COUNTRY,AUT,EUR,Europe,YEAR,2016,,,,,,,,,14.90,14.90473557,,,,2025-12-05T13:23:08Z,2016,2016-01-01,2016-12-31
8431951,GHED_GGHE-DGGE_SHA2011,COUNTRY,PER,AMR,Americas,YEAR,2009,,,,,,,,,11.67,11.67159462,,,,2025-12-05T13:23:08Z,2009,2009-01-01,2009-12-31
8434962,GHED_GGHE-DGGE_SHA2011,COUNTRY,PHL,WPR,Western Pacific,YEAR,2004,,,,,,,,,5.62,5.61920071,,,,2025-12-05T13:23:08Z,2004,2004-01-01,2004-12-31
8439242,GHED_GGHE-DGGE_SHA2011,COUNTRY,DEU,EUR,Europe,YEAR,2019,,,,,,,,,19.53,19.52608109,,,,2025-12-05T13:23:08Z,2019,2019-01-01,2019-12-31
8441546,GHED_GGHE-DGGE_SHA2011,COUNTRY,PNG,WPR,Western Pacific,YEAR,2020,,,,,,,,,6.73,6.7297945,,,,2025-12-05T13:23:08Z,2020,2020-01-01,2020-12-31
8446181,GHED_GGHE-DGGE_SHA2011,COUNTRY,BIH,EUR,Europe,YEAR,2022,,,,,,,,,14.57,14.565588,,,,2025-12-05T13:23:08Z,2022,2022-01-01,2022-12-31
8447416,GHED_GGHE-DGGE_SHA2011,COUNTRY,GEO,EUR,Europe,YEAR,2005,,,,,,,,,5.58,5.57707214,,,,2025-12-05T13:23:08Z,2005,2005-01-01,2005-12-31
8448802,GHED_GGHE-DGGE_SHA2011,COUNTRY,ARG,AMR,Americas,YEAR,2004,,,,,,,,,14.93,14.93299007,,,,2025-12-05T13:23:08Z,2004,2004-01-01,2004-12-31
8453784,GHED_GGHE-DGGE_SHA2011,COUNTRY,BLR,EUR,Europe,YEAR,2009,,,,,,,,,6.73,6.73101664,,,,2025-12-05T13:23:08Z,2009,2009-01-01,2009-12-31
8455235,GHED_GGHE-DGGE_SHA2011,COUNTRY,DZA,AFR,Africa,YEAR,2022,,,,,,,,,5.25,5.25156403,,,,2025-12-05T13:23:08Z,2022,2022-01-01,2022-12-31
8456396,GHED_GGHE-DGGE_SHA2011,COUNTRY,MAR,EMR,Eastern Mediterranean,YEAR,2014,,,,,,,,,6.84,6.83858538,,,,2025-12-05T13:23:08Z,2014,2014-01-01,2014-12-31
8467360,GHED_GGHE-DGGE_SHA2011,COUNTRY,BLZ,AMR,Americas,YEAR,2021,,,,,,,,,13.61,13.61467361,,,,2025-12-05T13:23:08Z,2021,2021-01-01,2021-12-31
8469288,GHED_GGHE-DGGE_SHA2011,COUNTRY,THA,SEAR,South-East Asia,YEAR,2009,,,,,,,,,12.46,12.45869255,,,,2025-12-05T13:23:08Z,2009,2009-01-01,2009-12-31
8472686,GHED_GGHE-DGGE_SHA2011,COUNTRY,YEM,EMR,Eastern Mediterranean,YEAR,2004,,,,,,,,,5.72,5.71684551,,,,2025-12-05T13:23:08Z,2004,2004-01-01,2004-12-31
8480422,GHED_GGHE-DGGE_SHA2011,COUNTRY,STP,AFR,Africa,YEAR,2003,,,,,,,,,11.68,11.67833424,,,,2025-12-05T13:23:08Z,2003,2003-01-01,2003-12-31
8484776,GHED_GGHE-DGGE_SHA2011,COUNTRY,SYC,AFR,Africa,YEAR,2005,,,,,,,,,9.29,9.28934002,,,,2025-12-05T13:23:08Z,2005,2005-01-01,2005-12-31
8488706,GHED_GGHE-DGGE_SHA2011,COUNTRY,COG,AFR,Africa,YEAR,2004,,,,,,,,,1.78,1.78429937,,,,2025-12-05T13:23:08Z,2004,2004-01-01,2004-12-31
8488897,GHED_GGHE-DGGE_SHA2011,COUNTRY,UZB,EUR,Europe,YEAR,2009,,,,,,,,,7.27,7.26864672,,,,2025-12-05T13:23:08Z,2009,2009-01-01,2009-12-31
8489475,GHED_GGHE-DGGE_SHA2011,WORLDBANKINCOMEGROUP,WB_UMI,,,YEAR,2018,,,,,,,,,11.56,11.559515,,,,2025-12-05T13:23:08Z,2018,2018-01-01,2018-12-31
8489771,GHED_GGHE-DGGE_SHA2011,COUNTRY,WSM,WPR,Western Pacific,YEAR,2016,,,,,,,,,13.94,13.9399271,,,,2025-12-05T13:23:08Z,2016,2016-01-01,2016-12-31
8491006,GHED_GGHE-DGGE_SHA2011,REGION,WPR,,,YEAR,2014,,,,,,,,,9.49,9.490063,,,,2025-12-05T13:23:08Z,2014,2014-01-01,2014-12-31
8491859,GHED_GGHE-DGGE_SHA2011,COUNTRY,MWI,AFR,Africa,YEAR,2011,,,,,,,,,6.78,6.77999687,,,,2025-12-05T13:23:08Z,2011,2011-01-01,2011-12-31
8493431,GHED_GGHE-DGGE_SHA2011,COUNTRY,QAT,EMR,Eastern Mediterranean,YEAR,2001,,,,,,,,,4.55,4.55468082,,,,2025-12-05T13:23:08Z,2001,2001-01-01,2001-12-31
8494006,GHED_GGHE-DGGE_SHA2011,COUNTRY,PLW,WPR,Western Pacific,YEAR,2021,,,,,,,,,11.69,11.69281769,,,,2025-12-05T13:23:08Z,2021,2021-01-01,2021-12-31
8494121,GHED_GGHE-DGGE_SHA2011,COUNTRY,MUS,AFR,Africa,YEAR,2022,,,,,,,,,8.61,8.60920906,,,,2025-12-05T13:23:08Z,2022,2022-01-01,2022-12-31
8496728,GHED_GGHE-DGGE_SHA2011,COUNTRY,AGO,AFR,Africa,YEAR,2008,,,,,,,,,4.06,4.0603714,,,,2025-12-05T13:23:08Z,2008,2008-01-01,2008-12-31
8503879,GHED_GGHE-DGGE_SHA2011,REGION,AFR,,,YEAR,2012,,,,,,,,,6.57,6.56789343,,,,2025-12-05T13:23:08Z,2012,2012-01-01,2012-12-31
8504730,GHED_GGHE-DGGE_SHA2011,WORLDBANKINCOMEGROUP,WB_LI,,,YEAR,2020,,,,,,,,,6.06,6.05903107,,,,2025-12-05T13:23:08Z,2020,2020-01-01,2020-12-31
8506305,GHED_GGHE-DGGE_SHA2011,COUNTRY,CHN,WPR,Western Pacific,YEAR,2014,,,,,,,,,9.66,9.66088581,,,,2025-12-05T13:23:08Z,2014,2014-01-01,2014-12-31
8506828,GHED_GGHE-DGGE_SHA2011,COUNTRY,PRT,EUR,Europe,YEAR,2009,,,,,,,,,12.86,12.861516,,,,2025-12-05T13:23:08Z,2009,2009-01-01,2009-12-31
8507145,GHED_GGHE-DGGE_SHA2011,COUNTRY,ARG,AMR,Americas,YEAR,2016,,,,,,,,,15.84,15.8416214,,,,2025-12-05T13:23:08Z,2016,2016-01-01,2016-12-31
8507294,GHED_GGHE-DGGE_SHA2011,COUNTRY,ITA,EUR,Europe,YEAR,2000,,,,,,,,,11.82,11.82270718,,,,2025-12-05T13:23:08Z,2000,2000-01-01,2000-12-31
8508349,GHED_GGHE-DGGE_SHA2011,COUNTRY,ARG,AMR,Americas,YEAR,2005,,,,,,,,,16.10,16.09741402,,,,2025-12-05T13:23:08Z,2005,2005-01-01,2005-12-31
8510936,GHED_GGHE-DGGE_SHA2011,WORLDBANKINCOMEGROUP,WB_LI,,,YEAR,2003,,,,,,,,,6.96,6.96186173,,,,2025-12-05T13:23:08Z,2003,2003-01-01,2003-12-31
8513302,GHED_GGHE-DGGE_SHA2011,COUNTRY,LAO,WPR,Western Pacific,YEAR,2001,,,,,,,,,7.06,7.05502892,,,,2025-12-05T13:23:08Z,2001,2001-01-01,2001-12-31
8515427,GHED_GGHE-DGGE_SHA2011,COUNTRY,RWA,AFR,Africa,YEAR,2004,,,,,,,,,10.79,10.78895473,,,,2025-12-05T13:23:08Z,2004,2004-01-01,2004-12-31
8515958,GHED_GGHE-DGGE_SHA2011,COUNTRY,GNB,AFR,Africa,YEAR,2021,,,,,,,,,4.55,4.55369139,,,,2025-12-05T13:23:08Z,2021,2021-01-01,2021-12-31
8517232,GHED_GGHE-DGGE_SHA2011,COUNTRY,ARM,EUR,Europe,YEAR,2014,,,,,,,,,6.28,6.27526045,,,,2025-12-05T13:23:08Z,2014,2014-01-01,2014-12-31
8522169,GHED_GGHE-DGGE_SHA2011,COUNTRY,CZE,EUR,Europe,YEAR,2012,,,,,,,,,14.38,14.37806797,,,,2025-12-05T13:23:08Z,2012,2012-01-01,2012-12-31
8525256,GHED_GGHE-DGGE_SHA2011,COUNTRY,CHN,WPR,Western Pacific,YEAR,2011,,,,,,,,,8.60,8.60284996,,,,2025-12-05T13:23:08Z,2011,2011-01-01,2011-12-31
8531976,GHED_GGHE-DGGE_SHA2011,WORLDBANKINCOMEGROUP,WB_HI,,,YEAR,2015,,,,,,,,,13.14,13.13888644,,,,2026-01-12T13:50:53Z,2015,2015-01-01,2015-12-31
8533100,GHED_GGHE-DGGE_SHA2011,COUNTRY,LBY,EMR,Eastern Mediterranean,YEAR,2018,,,,,,,,,9.27,9.27033234,,,,2025-12-05T13:23:08Z,2018,2018-01-01,2018-12-31
8533781,GHED_GGHE-DGGE_SHA2011,COUNTRY,NOR,EUR,Europe,YEAR,2000,,,,,,,,,14.85,14.84878445,,,,2025-12-05T13:23:08Z,2000,2000-01-01,2000-12-31
8534831,GHED_GGHE-DGGE_SHA2011,COUNTRY,FJI,WPR,Western Pacific,YEAR,2012,,,,,,,,,7.51,7.50509167,,,,2025-12-05T13:23:08Z,2012,2012-01-01,2012-12-31
8537991,GHED_GGHE-DGGE_SHA2011,COUNTRY,TUN,EMR,Eastern Mediterranean,YEAR,2006,,,,,,,,,11.73,11.73456955,,,,2025-12-05T13:23:08Z,2006,2006-01-01,2006-12-31
8538693,GHED_GGHE-DGGE_SHA2011,COUNTRY,HRV,EUR,Europe,YEAR,2021,,,,,,,,,14.13,14.12883949,,,,2025-12-05T13:23:08Z,2021,2021-01-01,2021-12-31
8540934,GHED_GGHE-DGGE_SHA2011,COUNTRY,TCD,AFR,Africa,YEAR,2011,,,,,,,,,3.69,3.68802667,,,,2025-12-05T13:23:08Z,2011,2011-01-01,2011-12-31
8542967,GHED_GGHE-DGGE_SHA2011,COUNTRY,SGP,WPR,Western Pacific,YEAR,2019,,,,,,,,,16.29,16.28944588,,,,2025-12-05T13:23:08Z,2019,2019-01-01,2019-12-31
8549390,GHED_GGHE-DGGE_SHA2011,COUNTRY,MYS,WPR,Western Pacific,YEAR,2021,,,,,,,,,10.06,10.05688477,,,,2025-12-05T13:23:08Z,2021,2021-01-01,2021-12-31
8551381,GHED_GGHE-DGGE_SHA2011,COUNTRY,SLB,WPR,Western Pacific,YEAR,2015,,,,,,,,,7.40,7.40240622,,,,2025-12-05T13:23:08Z,2015,2015-01-01,2015-12-31
8553112,GHED_GGHE-DGGE_SHA2011,COUNTRY,FSM,WPR,Western Pacific,YEAR,2014,,,,,,,,,3.69,3.68983793,,,,2025-12-05T13:23:08Z,2014,2014-01-01,2014-12-31
8554038,GHED_GGHE-DGGE_SHA2011,COUNTRY,VCT,AMR,Americas,YEAR,2011,,,,,,,,,8.16,8.15968227,,,,2025-12-05T13:23:08Z,2011,2011-01-01,2011-12-31
8554975,GHED_GGHE-DGGE_SHA2011,COUNTRY,COD,AFR,Africa,YEAR,2023,,,,,,,,,4.00,4.00071907,,,,2025-12-05T13:23:08Z,2023,2023-01-01,2023-12-31
8559404,GHED_GGHE-DGGE_SHA2011,COUNTRY,CUB,AMR,Americas,YEAR,2011,,,,,,,,,15.09,15.09354115,,,,2025-12-05T13:23:08Z,2011,2011-01-01,2011-12-31
8562902,GHED_GGHE-DGGE_SHA2011,COUNTRY,DJI,EMR,Eastern Mediterranean,YEAR,2022,,,,,,,,,5.10,5.09556341,,,,2025-12-05T13:23:08Z,2022,2022-01-01,2022-12-31
8563511,GHED_GGHE-DGGE_SHA2011,COUNTRY,IDN,WPR,Western Pacific,YEAR,2020,,,,,,,,,10.24,10.24196243,,,,2025-12-05T13:23:08Z,2020,2020-01-01,2020-12-31
8567573,GHED_GGHE-DGGE_SHA2011,COUNTRY,TZA,AFR,Africa,YEAR,2006,,,,,,,,,13.51,13.50882816,,,,2025-12-05T13:23:08Z,2006,2006-01-01,2006-12-31
8568973,GHED_GGHE-DGGE_SHA2011,COUNTRY,NPL,SEAR,South-East Asia,YEAR,2002,,,,,,,,,6.10,6.10134697,,,,2025-12-05T13:23:08Z,2002,2002-01-01,2002-12-31
8569938,GHED_GGHE-DGGE_SHA2011,COUNTRY,MUS,AFR,Africa,YEAR,2000,,,,,,,,,6.88,6.87927103,,,,2025-12-05T13:23:08Z,2000,2000-01-01,2000-12-31
8574198,GHED_GGHE-DGGE_SHA2011,COUNTRY,BEN,AFR,Africa,YEAR,2020,,,,,,,,,2.68,2.68062353,,,,2025-12-05T13:23:08Z,2020,2020-01-01,2020-12-31
8577976,GHED_GGHE-DGGE_SHA2011,COUNTRY,SWE,EUR,Europe,YEAR,2021,,,,,,,,,19.28,19.27584457,,,,2025-12-05T13:23:08Z,2021,2021-01-01,2021-12-31
8580655,GHED_GGHE-DGGE_SHA2011,COUNTRY,SAU,EMR,Eastern Mediterranean,YEAR,2019,,,,,,,,,11.98,11.97922897,,,,2025-12-05T13:23:08Z,2019,2019-01-01,2019-12-31
8583301,GHED_GGHE-DGGE_SHA2011,WORLDBANKINCOMEGROUP,WB_UMI,,,YEAR,2010,,,,,,,,,10.38,10.38141293,,,,2025-12-05T13:23:08Z,2010,2010-01-01,2010-12-31
8588866,GHED_GGHE-DGGE_SHA2011,REGION,EMR,,,YEAR,2002,,,,,,,,,7.35,7.34755248,,,,2025-12-05T13:23:08Z,2002,2002-01-01,2002-12-31
8590474,GHED_GGHE-DGGE_SHA2011,COUNTRY,SYC,AFR,Africa,YEAR,2003,,,,,,,,,9.29,9.28865337,,,,2025-12-05T13:23:08Z,2003,2003-01-01,2003-12-31
8591580,GHED_GGHE-DGGE_SHA2011,COUNTRY,NLD,EUR,Europe,YEAR,2022,,,,,,,,,15.71,15.71160603,,,,2025-12-05T13:23:08Z,2022,2022-01-01,2022-12-31
8596457,GHED_GGHE-DGGE_SHA2011,COUNTRY,CHN,WPR,Western Pacific,YEAR,2000,,,,,,,,,6.09,6.08984089,,,,2025-12-05T13:23:08Z,2000,2000-01-01,2000-12-31
8597008,GHED_GGHE-DGGE_SHA2011,COUNTRY,COD,AFR,Africa,YEAR,2009,,,,,,,,,2.50,2.49895263,,,,2025-12-05T13:23:08Z,2009,2009-01-01,2009-12-31
8597608,GHED_GGHE-DGGE_SHA2011,COUNTRY,MNG,WPR,Western Pacific,YEAR,2023,,,,,,,,,8.56,8.56093407,,,,2025-12-05T13:23:08Z,2023,2023-01-01,2023-12-31
8601888,GHED_GGHE-DGGE_SHA2011,COUNTRY,NGA,AFR,Africa,YEAR,2016,,,,,,,,,4.87,4.8661375,,,,2025-12-05T13:23:08Z,2016,2016-01-01,2016-12-31
8603285,GHED_GGHE-DGGE_SHA2011,COUNTRY,BIH,EUR,Europe,YEAR,2015,,,,,,,,,14.98,14.9841013,,,,2025-12-05T13:23:08Z,2015,2015-01-01,2015-12-31
8604262,GHED_GGHE-DGGE_SHA2011,COUNTRY,URY,AMR,Americas,YEAR,2008,,,,,,,,,17.33,17.32947922,,,,2025-12-05T13:23:08Z,2008,2008-01-01,2008-12-31
8610478,GHED_GGHE-DGGE_SHA2011,COUNTRY,NZL,WPR,Western Pacific,YEAR,2021,,,,,,,,,17.26,17.2584343,,,,2025-12-05T13:23:08Z,2021,2021-01-01,2021-12-31
8611556,GHED_GGHE-DGGE_SHA2011,COUNTRY,OMN,EMR,Eastern Mediterranean,YEAR,2002,,,,,,,,,6.79,6.79020882,,,,2025-12-05T13:23:08Z,2002,2002-01-01,2002-12-31
8613487,GHED_GGHE-DGGE_SHA2011,COUNTRY,LBR,AFR,Africa,YEAR,2005,,,,,,,,,4.25,4.25491762,,,,2025-12-05T13:23:08Z,2005,2005-01-01,2005-12-31
8614090,GHED_GGHE-DGGE_SHA2011,COUNTRY,BDI,AFR,Africa,YEAR,2020,,,,,,,,,7.33,7.33287811,,,,2025-12-05T13:23:08Z,2020,2020-01-01,2020-12-31
8616770,GHED_GGHE-DGGE_SHA2011,COUNTRY,COG,AFR,Africa,YEAR,2006,,,,,,,,,2.08,2.08378863,,,,2025-12-05T13:23:08Z,2006,2006-01-01,2006-12-31
8616924,GHED_GGHE-DGGE_SHA2011,COUNTRY,LSO,AFR,Africa,YEAR,2004,,,,,,,,,8.25,8.25498962,,,,2025-12-05T13:23:08Z,2004,2004-01-01,2004-12-31
8617311,GHED_GGHE-DGGE_SHA2011,COUNTRY,LBR,AFR,Africa,YEAR,2010,,,,,,,,,5.05,5.04660225,,,,2025-12-05T13:23:08Z,2010,2010-01-01,2010-12-31
8617598,GHED_GGHE-DGGE_SHA2011,COUNTRY,URY,AMR,Americas,YEAR,2015,,,,,,,,,19.92,19.92226028,,,,2025-12-05T13:23:08Z,2015,2015-01-01,2015-12-31
8617978,GHED_GGHE-DGGE_SHA2011,COUNTRY,SMR,EUR,Europe,YEAR,2019,,,,,,,,,32.24,32.23926163,,,,2025-12-05T13:23:08Z,2019,2019-01-01,2019-12-31
8629802,GHED_GGHE-DGGE_SHA2011,COUNTRY,DOM,AMR,Americas,YEAR,2000,,,,,,,,,12.14,12.13758659,,,,2025-12-05T13:23:08Z,2000,2000-01-01,2000-12-31
8630135,GHED_GGHE-DGGE_SHA2011,COUNTRY,MRT,AFR,Africa,YEAR,2023,,,,,,,,,5.94,5.94327879,,,,2025-12-05T13:23:08Z,2023,2023-01-01,2023-12-31
8631377,GHED_GGHE-DGGE_SHA2011,COUNTRY,MNG,WPR,Western Pacific,YEAR,2018,,,,,,,,,7.38,7.37636042,,,,2025-12-05T13:23:08Z,2018,2018-01-01,2018-12-31
8633392,GHED_GGHE-DGGE_SHA2011,COUNTRY,USA,AMR,Americas,YEAR,2015,,,,,,,,,22.32,22.3181076,,,,2025-12-05T13:23:08Z,2015,2015-01-01,2015-12-31
8634951,GHED_GGHE-DGGE_SHA2011,COUNTRY,TJK,EUR,Europe,YEAR,2003,,,,,,,,,4.04,4.03528118,,,,2025-12-05T13:23:08Z,2003,2003-01-01,2003-12-31
8639339,GHED_GGHE-DGGE_SHA2011,COUNTRY,MDA,EUR,Europe,YEAR,2017,,,,,,,,,11.65,11.64592075,,,,2025-12-05T13:23:08Z,2017,2017-01-01,2017-12-31
8639649,GHED_GGHE-DGGE_SHA2011,COUNTRY,NIU,WPR,Western Pacific,YEAR,2009,,,,,,,,,18.99,18.98764229,,,,2025-12-05T13:23:08Z,2009,2009-01-01,2009-12-31
8640047,GHED_GGHE-DGGE_SHA2011,COUNTRY,FIN,EUR,Europe,YEAR,2023,,,,,,,,,15.19,15.19406986,,,,2025-12-05T13:23:08Z,2023,2023-01-01,2023-12-31
8641130,GHED_GGHE-DGGE_SHA2011,COUNTRY,LAO,WPR,Western Pacific,YEAR,2018,,,,,,,,,4.20,4.19733047,,,,2025-12-05T13:23:08Z,2018,2018-01-01,2018-12-31
8644401,GHED_GGHE-DGGE_SHA2011,COUNTRY,SVK,EUR,Europe,YEAR,2013,,,,,,,,,13.34,13.3428297,,,,2025-12-05T13:23:08Z,2013,2013-01-01,2013-12-31
8644925,GHED_GGHE-DGGE_SHA2011,COUNTRY,TKM,EUR,Europe,YEAR,2000,,,,,,,,,13.34,13.33598137,,,,2025-12-05T13:23:08Z,2000,2000-01-01,2000-12-31
8646434,GHED_GGHE-DGGE_SHA2011,REGION,EMR,,,YEAR,2015,,,,,,,,,8.03,8.03001344,,,,2025-12-05T13:23:08Z,2015,2015-01-01,2015-12-31
8653007,GHED_GGHE-DGGE_SHA2011,COUNTRY,BFA,AFR,Africa,YEAR,2000,,,,,,,,,4.85,4.84836864,,,,2025-12-05T13:23:08Z,2000,2000-01-01,2000-12-31
8658231,GHED_GGHE-DGGE_SHA2011,COUNTRY,PRT,EUR,Europe,YEAR,2014,,,,,,,,,11.15,11.14735508,,,,2025-12-05T13:23:08Z,2014,2014-01-01,2014-12-31
8658466,GHED_GGHE-DGGE_SHA2011,COUNTRY,ARG,AMR,Americas,YEAR,2019,,,,,,,,,16.31,16.31137466,,,,2025-12-05T13:23:08Z,2019,2019-01-01,2019-12-31
8659371,GHED_GGHE-DGGE_SHA2011,COUNTRY,MNE,EUR,Europe,YEAR,2016,,,,,,,,,10.92,10.92123508,,,,2025-12-05T13:23:08Z,2016,2016-01-01,2016-12-31
8665835,GHED_GGHE-DGGE_SHA2011,WORLDBANKINCOMEGROUP,WB_HI,,,YEAR,2005,,,,,,,,,12.38,12.37890537,,,,2025-12-05T13:23:08Z,2005,2005-01-01,2005-12-31
8667945,GHED_GGHE-DGGE_SHA2011,COUNTRY,AFG,EMR,Eastern Mediterranean,YEAR,2019,,,,,,,,,1.78,1.77526009,,,,2025-12-05T13:23:08Z,2019,2019-01-01,2019-12-31
8668597,GHED_GGHE-DGGE_SHA2011,REGION,WPR,,,YEAR,2016,,,,,,,,,9.73,9.72963453,,,,2025-12-05T13:23:08Z,2016,2016-01-01,2016-12-31
8671834,GHED_GGHE-DGGE_SHA2011,COUNTRY,KEN,AFR,Africa,YEAR,2009,,,,,,,,,7.20,7.2007761,,,,2025-12-05T13:23:08Z,2009,2009-01-01,2009-12-31
8672799,GHED_GGHE-DGGE_SHA2011,COUNTRY,GAB,AFR,Africa,YEAR,2003,,,,,,,,,6.75,6.7543745,,,,2025-12-05T13:23:08Z,2003,2003-01-01,2003-12-31
8673383,GHED_GGHE-DGGE_SHA2011,COUNTRY,MWI,AFR,Africa,YEAR,2022,,,,,,,,,3.29,3.28711009,,,,2025-12-05T13:23:08Z,2022,2022-01-01,2022-12-31
8673846,GHED_GGHE-DGGE_SHA2011,COUNTRY,SDN,EMR,Eastern Mediterranean,YEAR,2009,,,,,,,,,14.02,14.01954556,,,,2025-12-05T13:23:08Z,2009,2009-01-01,2009-12-31
8674351,GHED_GGHE-DGGE_SHA2011,COUNTRY,BIH,EUR,Europe,YEAR,2023,,,,,,,,,14.42,14.42121029,,,,2025-12-05T13:23:08Z,2023,2023-01-01,2023-12-31
8674418,GHED_GGHE-DGGE_SHA2011,COUNTRY,NAM,AFR,Africa,YEAR,2021,,,,,,,,,16.60,16.60372353,,,,2025-12-05T13:23:08Z,2021,2021-01-01,2021-12-31
8674542,GHED_GGHE-DGGE_SHA2011,COUNTRY,MDV,SEAR,South-East Asia,YEAR,2004,,,,,,,,,9.60,9.60306931,,,,2025-12-05T13:23:08Z,2004,2004-01-01,2004-12-31
8677354,GHED_GGHE-DGGE_SHA2011,COUNTRY,COL,AMR,Americas,YEAR,2020,,,,,,,,,18.45,18.45023155,,,,2025-12-05T13:23:08Z,2020,2020-01-01,2020-12-31
8677836,GHED_GGHE-DGGE_SHA2011,COUNTRY,MLI,AFR,Africa,YEAR,2000,,,,,,,,,6.67,6.66889286,,,,2025-12-05T13:23:08Z,2000,2000-01-01,2000-12-31
8679250,GHED_GGHE-DGGE_SHA2011,COUNTRY,BHS,AMR,Americas,YEAR,2004,,,,,,,,,13.04,13.04177284,,,,2025-12-05T13:23:08Z,2004,2004-01-01,2004-12-31
8680055,GHED_GGHE-DGGE_SHA2011,COUNTRY,ETH,AFR,Africa,YEAR,2015,,,,,,,,,5.57,5.57211685,,,,2025-12-05T13:23:08Z,2015,2015-01-01,2015-12-31
8684650,GHED_GGHE-DGGE_SHA2011,COUNTRY,BGD,SEAR,South-East Asia,YEAR,2016,,,,,,,,,4.10,4.09935808,,,,2025-12-05T13:23:08Z,2016,2016-01-01,2016-12-31
8685411,GHED_GGHE-DGGE_SHA2011,COUNTRY,CMR,AFR,Africa,YEAR,2001,,,,,,,,,5.34,5.34374762,,,,2025-12-05T13:23:08Z,2001,2001-01-01,2001-12-31
8686417,GHED_GGHE-DGGE_SHA2011,REGION,WPR,,,YEAR,2020,,,,,,,,,9.86,9.85962975,,,,2025-12-05T13:23:08Z,2020,2020-01-01,2020-12-31
8686533,GHED_GGHE-DGGE_SHA2011,COUNTRY,SMR,EUR,Europe,YEAR,2002,,,,,,,,,19.72,19.72222137,,,,2025-12-05T13:23:08Z,2002,2002-01-01,2002-12-31
8688182,GHED_GGHE-DGGE_SHA2011,COUNTRY,COK,WPR,Western Pacific,YEAR,2003,,,,,,,,,9.63,9.63331699,,,,2025-12-05T13:23:08Z,2003,2003-01-01,2003-12-31
8689045,GHED_GGHE-DGGE_SHA2011,COUNTRY,CUB,AMR,Americas,YEAR,2019,,,,,,,,,15.52,15.51629925,,,,2025-12-05T13:23:08Z,2019,2019-01-01,2019-12-31
8693546,GHED_GGHE-DGGE_SHA2011,COUNTRY,BIH,EUR,Europe,YEAR,2020,,,,,,,,,14.88,14.88035202,,,,2025-12-05T13:23:08Z,2020,2020-01-01,2020-12-31
8695575,GHED_GGHE-DGGE_SHA2011,COUNTRY,SLB,WPR,Western Pacific,YEAR,2002,,,,,,,,,34.48,34.48480606,,,,2025-12-05T13:23:08Z,2002,2002-01-01,2002-12-31
8701151,GHED_GGHE-DGGE_SHA2011,COUNTRY,AND,EUR,Europe,YEAR,2002,,,,,,,,,30.31,30.31304932,,,,2025-12-05T13:23:08Z,2002,2002-01-01,2002-12-31
8704256,GHED_GGHE-DGGE_SHA2011,COUNTRY,PER,AMR,Americas,YEAR,2019,,,,,,,,,15.35,15.34553719,,,,2025-12-05T13:23:08Z,2019,2019-01-01,2019-12-31
8705981,GHED_GGHE-DGGE_SHA2011,COUNTRY,GTM,AMR,Americas,YEAR,2018,,,,,,,,,16.67,16.67445374,,,,2025-12-05T13:23:08Z,2018,2018-01-01,2018-12-31
8707831,GHED_GGHE-DGGE_SHA2011,COUNTRY,IRQ,EMR,Eastern Mediterranean,YEAR,2003,,,,,,,,,3.13,3.13100505,,,,2025-12-05T13:23:08Z,2003,2003-01-01,2003-12-31
8708203,GHED_GGHE-DGGE_SHA2011,COUNTRY,CIV,AFR,Africa,YEAR,2012,,,,,,,,,4.62,4.62200308,,,,2025-12-05T13:23:08Z,2012,2012-01-01,2012-12-31
8708267,GHED_GGHE-DGGE_SHA2011,COUNTRY,DNK,EUR,Europe,YEAR,2010,,,,,,,,,15.80,15.79938507,,,,2025-12-05T13:23:08Z,2010,2010-01-01,2010-12-31
8709133,GHED_GGHE-DGGE_SHA2011,COUNTRY,GAB,AFR,Africa,YEAR,2021,,,,,,,,,9.59,9.59155846,,,,2025-12-05T13:23:08Z,2021,2021-01-01,2021-12-31
8710393,GHED_GGHE-DGGE_SHA2011,COUNTRY,KAZ,EUR,Europe,YEAR,2006,,,,,,,,,11.72,11.72052765,,,,2025-12-05T13:23:08Z,2006,2006-01-01,2006-12-31
8711764,GHED_GGHE-DGGE_SHA2011,COUNTRY,VCT,AMR,Americas,YEAR,2001,,,,,,,,,11.24,11.23740292,,,,2025-12-05T13:23:08Z,2001,2001-01-01,2001-12-31
8715121,GHED_GGHE-DGGE_SHA2011,COUNTRY,TUR,EUR,Europe,YEAR,2013,,,,,,,,,10.16,10.16183186,,,,2025-12-05T13:23:08Z,2013,2013-01-01,2013-12-31
8717768,GHED_GGHE-DGGE_SHA2011,COUNTRY,MOZ,AFR,Africa,YEAR,2019,,,,,,,,,6.52,6.52060223,,,,2025-12-05T13:23:08Z,2019,2019-01-01,2019-12-31
8717910,GHED_GGHE-DGGE_SHA2011,COUNTRY,LSO,AFR,Africa,YEAR,2015,,,,,,,,,10.86,10.86027813,,,,2025-12-05T13:23:08Z,2015,2015-01-01,2015-12-31
8720988,GHED_GGHE-DGGE_SHA2011,WORLDBANKINCOMEGROUP,WB_HI,,,YEAR,2002,,,,,,,,,11.94,11.93521216,,,,2025-12-05T13:23:08Z,2002,2002-01-01,2002-12-31
8723271,GHED_GGHE-DGGE_SHA2011,COUNTRY,NZL,WPR,Western Pacific,YEAR,2006,,,,,,,,,17.94,17.93933105,,,,2025-12-05T13:23:08Z,2006,2006-01-01,2006-12-31
8725612,GHED_GGHE-DGGE_SHA2011,COUNTRY,THA,SEAR,South-East Asia,YEAR,2023,,,,,,,,,15.56,15.55608273,,,,2025-12-05T13:23:08Z,2023,2023-01-01,2023-12-31
8731270,GHED_GGHE-DGGE_SHA2011,COUNTRY,KNA,AMR,Americas,YEAR,2007,,,,,,,,,6.48,6.48289871,,,,2025-12-05T13:23:08Z,2007,2007-01-01,2007-12-31
8738860,GHED_GGHE-DGGE_SHA2011,COUNTRY,KIR,WPR,Western Pacific,YEAR,2014,,,,,,,,,7.28,7.28000021,,,,2025-12-05T13:23:08Z,2014,2014-01-01,2014-12-31
8746030,GHED_GGHE-DGGE_SHA2011,COUNTRY,MLT,EUR,Europe,YEAR,2002,,,,,,,,,13.11,13.11352539,,,,2025-12-05T13:23:08Z,2002,2002-01-01,2002-12-31
8746916,GHED_GGHE-DGGE_SHA2011,REGION,AFR,,,YEAR,2014,,,,,,,,,6.65,6.64674318,,,,2025-12-05T13:23:08Z,2014,2014-01-01,2014-12-31
8748608,GHED_GGHE-DGGE_SHA2011,COUNTRY,KEN,AFR,Africa,YEAR,2015,,,,,,,,,8.07,8.07448006,,,,2025-12-05T13:23:08Z,2015,2015-01-01,2015-12-31
8749241,GHED_GGHE-DGGE_SHA2011,COUNTRY,TON,WPR,Western Pacific,YEAR,2010,,,,,,,,,10.07,10.06633854,,,,2025-12-05T13:23:08Z,2010,2010-01-01,2010-12-31
8757978,GHED_GGHE-DGGE_SHA2011,COUNTRY,GEO,EUR,Europe,YEAR,2023,,,,,,,,,7.78,7.77991056,,,,2025-12-05T13:23:08Z,2023,2023-01-01,2023-12-31
8759472,GHED_GGHE-DGGE_SHA2011,REGION,AMR,,,YEAR,2005,,,,,,,,,11.69,11.69459921,,,,2025-12-05T13:23:08Z,2005,2005-01-01,2005-12-31
8759581,GHED_GGHE-DGGE_SHA2011,COUNTRY,SVN,EUR,Europe,YEAR,2004,,,,,,,,,12.28,12.27515697,,,,2025-12-05T13:23:08Z,2004,2004-01-01,2004-12-31
8762017,GHED_GGHE-DGGE_SHA2011,COUNTRY,TCD,AFR,Africa,YEAR,2015,,,,,,,,,5.25,5.24520254,,,,2025-12-05T13:23:08Z,2015,2015-01-01,2015-12-31
8766877,GHED_GGHE-DGGE_SHA2011,COUNTRY,COL,AMR,Americas,YEAR,2011,,,,,,,,,16.48,16.48455429,,,,2025-12-05T13:23:08Z,2011,2011-01-01,2011-12-31
8767501,GHED_GGHE-DGGE_SHA2011,COUNTRY,VNM,WPR,Western Pacific,YEAR,2015,,,,,,,,,8.49,8.49385166,,,,2025-12-05T13:23:08Z,2015,2015-01-01,2015-12-31
8769264,GHED_GGHE-DGGE_SHA2011,COUNTRY,ROU,EUR,Europe,YEAR,2021,,,,,,,,,12.28,12.27709198,,,,2025-12-05T13:23:08Z,2021,2021-01-01,2021-12-31
8770146,GHED_GGHE-DGGE_SHA2011,COUNTRY,UZB,EUR,Europe,YEAR,2016,,,,,,,,,8.82,8.82013798,,,,2025-12-05T13:23:08Z,2016,2016-01-01,2016-12-31
8770632,GHED_GGHE-DGGE_SHA2011,COUNTRY,CYP,EUR,Europe,YEAR,2022,,,,,,,,,16.59,16.59008026,,,,2025-12-05T13:23:08Z,2022,2022-01-01,2022-12-31
8772296,GHED_GGHE-DGGE_SHA2011,COUNTRY,TZA,AFR,Africa,YEAR,2009,,,,,,,,,7.58,7.58396149,,,,2025-12-05T13:23:08Z,2009,2009-01-01,2009-12-31
8774681,GHED_GGHE-DGGE_SHA2011,COUNTRY,GRC,EUR,Europe,YEAR,2007,,,,,,,,,11.30,11.30030632,,,,2025-12-05T13:23:08Z,2007,2007-01-01,2007-12-31
8779904,GHED_GGHE-DGGE_SHA2011,COUNTRY,SLV,AMR,Americas,YEAR,2006,,,,,,,,,19.31,19.30836487,,,,2025-12-05T13:23:08Z,2006,2006-01-01,2006-12-31
8782171,GHED_GGHE-DGGE_SHA2011,COUNTRY,GAB,AFR,Africa,YEAR,2012,,,,,,,,,6.19,6.19158506,,,,2025-12-05T13:23:08Z,2012,2012-01-01,2012-12-31
8785133,GHED_GGHE-DGGE_SHA2011,COUNTRY,FSM,WPR,Western Pacific,YEAR,2021,,,,,,,,,1.73,1.73222089,,,,2025-12-05T13:23:08Z,2021,2021-01-01,2021-12-31
8785224,GHED_GGHE-DGGE_SHA2011,COUNTRY,LUX,EUR,Europe,YEAR,2016,,,,,,,,,10.69,10.69193459,,,,2025-12-05T13:23:08Z,2016,2016-01-01,2016-12-31
8786793,GHED_GGHE-DGGE_SHA2011,COUNTRY,AUT,EUR,Europe,YEAR,2006,,,,,,,,,13.77,13.7701931,,,,2025-12-05T13:23:08Z,2006,2006-01-01,2006-12-31
8787478,GHED_GGHE-DGGE_SHA2011,COUNTRY,MRT,AFR,Africa,YEAR,2008,,,,,,,,,4.48,4.48034525,,,,2025-12-05T13:23:08Z,2008,2008-01-01,2008-12-31
8793892,GHED_GGHE-DGGE_SHA2011,COUNTRY,CIV,AFR,Africa,YEAR,2008,,,,,,,,,4.66,4.65788126,,,,2025-12-05T13:23:08Z,2008,2008-01-01,2008-12-31
8796377,GHED_GGHE-DGGE_SHA2011,COUNTRY,GNB,AFR,Africa,YEAR,2020,,,,,,,,,4.80,4.79536724,,,,2025-12-05T13:23:08Z,2020,2020-01-01,2020-12-31
8796970,GHED_GGHE-DGGE_SHA2011,COUNTRY,BGD,SEAR,South-East Asia,YEAR,2007,,,,,,,,,5.08,5.07518816,,,,2025-12-05T13:23:08Z,2007,2007-01-01,2007-12-31
8797744,GHED_GGHE-DGGE_SHA2011,COUNTRY,BOL,AMR,Americas,YEAR,2022,,,,,,,,,12.82,12.82034683,,,,2025-12-05T13:23:08Z,2022,2022-01-01,2022-12-31
8801334,GHED_GGHE-DGGE_SHA2011,COUNTRY,COK,WPR,Western Pacific,YEAR,2001,,,,,,,,,9.63,9.63331795,,,,2025-12-05T13:23:08Z,2001,2001-01-01,2001-12-31
8801660,GHED_GGHE-DGGE_SHA2011,COUNTRY,SMR,EUR,Europe,YEAR,2010,,,,,,,,,21.97,21.96531868,,,,2025-12-05T13:23:08Z,2010,2010-01-01,2010-12-31
8801787,GHED_GGHE-DGGE_SHA2011,COUNTRY,AZE,EUR,Europe,YEAR,2001,,,,,,,,,4.80,4.79820633,,,,2025-12-05T13:23:08Z,2001,2001-01-01,2001-12-31
8804890,GHED_GGHE-DGGE_SHA2011,COUNTRY,MDV,SEAR,South-East Asia,YEAR,2021,,,,,,,,,14.49,14.48605347,,,,2025-12-05T13:23:08Z,2021,2021-01-01,2021-12-31
8808259,GHED_GGHE-DGGE_SHA2011,COUNTRY,GHA,AFR,Africa,YEAR,2012,,,,,,,,,8.97,8.9727478,,,,2025-12-05T13:23:08Z,2012,2012-01-01,2012-12-31
8811692,GHED_GGHE-DGGE_SHA2011,COUNTRY,MNG,WPR,Western Pacific,YEAR,2001,,,,,,,,,11.05,11.05122089,,,,2025-12-05T13:23:08Z,2001,2001-01-01,2001-12-31
8812048,GHED_GGHE-DGGE_SHA2011,COUNTRY,VUT,WPR,Western Pacific,YEAR,2011,,,,,,,,,9.40,9.39647675,,,,2025-12-05T13:23:08Z,2011,2011-01-01,2011-12-31
8814164,GHED_GGHE-DGGE_SHA2011,COUNTRY,MNG,WPR,Western Pacific,YEAR,2020,,,,,,,,,6.92,6.92067099,,,,2025-12-05T13:23:08Z,2020,2020-01-01,2020-12-31
8815300,GHED_GGHE-DGGE_SHA2011,COUNTRY,LBN,EMR,Eastern Mediterranean,YEAR,2015,,,,,,,,,12.66,12.66004276,,,,2025-12-05T13:23:08Z,2015,2015-01-01,2015-12-31
8815813,GHED_GGHE-DGGE_SHA2011,COUNTRY,PAN,AMR,Americas,YEAR,2003,,,,,,,,,17.18,17.18168831,,,,2025-12-05T13:23:08Z,2003,2003-01-01,2003-12-31
8819985,GHED_GGHE-DGGE_SHA2011,COUNTRY,CZE,EUR,Europe,YEAR,2002,,,,,,,,,12.18,12.18289185,,,,2025-12-05T13:23:08Z,2002,2002-01-01,2002-12-31
8820202,GHED_GGHE-DGGE_SHA2011,COUNTRY,ISR,EUR,Europe,YEAR,2011,,,,,,,,,10.65,10.64939976,,,,2025-12-05T13:23:08Z,2011,2011-01-01,2011-12-31
8820465,GHED_GGHE-DGGE_SHA2011,COUNTRY,MOZ,AFR,Africa,YEAR,2023,,,,,,,,,6.76,6.76256466,,,,2025-12-05T13:23:08Z,2023,2023-01-01,2023-12-31
8823157,GHED_GGHE-DGGE_SHA2011,COUNTRY,SUR,AMR,Americas,YEAR,2013,,,,,,,,,7.03,7.03142166,,,,2025-12-05T13:23:08Z,2013,2013-01-01,2013-12-31
8825159,GHED_GGHE-DGGE_SHA2011,COUNTRY,GTM,AMR,Americas,YEAR,2000,,,,,,,,,14.08,14.0827589,,,,2025-12-05T13:23:08Z,2000,2000-01-01,2000-12-31
8826354,GHED_GGHE-DGGE_SHA2011,COUNTRY,RWA,AFR,Africa,YEAR,2012,,,,,,,,,8.36,8.36301804,,,,2025-12-05T13:23:08Z,2012,2012-01-01,2012-12-31
8828329,GHED_GGHE-DGGE_SHA2011,COUNTRY,BWA,AFR,Africa,YEAR,2007,,,,,,,,,8.18,8.17829704,,,,2025-12-05T13:23:08Z,2007,2007-01-01,2007-12-31
8829136,GHED_GGHE-DGGE_SHA2011,COUNTRY,NIC,AMR,Americas,YEAR,2007,,,,,,,,,14.68,14.67852211,,,,2025-12-05T13:23:08Z,2007,2007-01-01,2007-12-31
8835172,GHED_GGHE-DGGE_SHA2011,COUNTRY,SRB,EUR,Europe,YEAR,2009,,,,,,,,,13.47,13.46972656,,,,2025-12-05T13:23:08Z,2009,2009-01-01,2009-12-31
8837079,GHED_GGHE-DGGE_SHA2011,COUNTRY,IRN,EMR,Eastern Mediterranean,YEAR,2009,,,,,,,,,12.38,12.3770647,,,,2025-12-05T13:23:08Z,2009,2009-01-01,2009-12-31
8838974,GHED_GGHE-DGGE_SHA2011,COUNTRY,BHS,AMR,Americas,YEAR,2022,,,,,,,,,15.76,15.76340008,,,,2025-12-05T13:23:08Z,2022,2022-01-01,2022-12-31
8839391,GHED_GGHE-DGGE_SHA2011,COUNTRY,ARE,EMR,Eastern Mediterranean,YEAR,2017,,,,,,,,,7.81,7.80896568,,,,2025-12-05T13:23:08Z,2017,2017-01-01,2017-12-31
8840693,GHED_GGHE-DGGE_SHA2011,COUNTRY,NIU,WPR,Western Pacific,YEAR,2014,,,,,,,,,6.03,6.02916861,,,,2025-12-05T13:23:08Z,2014,2014-01-01,2014-12-31
8841200,GHED_GGHE-DGGE_SHA2011,COUNTRY,MHL,WPR,Western Pacific,YEAR,2008,,,,,,,,,9.39,9.3922205,,,,2025-12-05T13:23:08Z,2008,2008-01-01,2008-12-31
8842290,GHED_GGHE-DGGE_SHA2011,COUNTRY,TCD,AFR,Africa,YEAR,2003,,,,,,,,,8.98,8.98155689,,,,2025-12-05T13:23:08Z,2003,2003-01-01,2003-12-31
8843469,GHED_GGHE-DGGE_SHA2011,COUNTRY,PHL,WPR,Western Pacific,YEAR,2019,,,,,,,,,7.79,7.78876352,,,,2025-12-05T13:23:08Z,2019,2019-01-01,2019-12-31
8843477,GHED_GGHE-DGGE_SHA2011,COUNTRY,PNG,WPR,Western Pacific,YEAR,2023,,,,,,,,,9.45,9.4504451799999991,,,,2025-12-05T13:23:08Z,2023,2023-01-01,2023-12-31
8847121,GHED_GGHE-DGGE_SHA2011,COUNTRY,IRN,EMR,Eastern Mediterranean,YEAR,2017,,,,,,,,,24.50,24.50479889,,,,2025-12-05T13:23:08Z,2017,2017-01-01,2017-12-31
8849624,GHED_GGHE-DGGE_SHA2011,COUNTRY,HTI,AMR,Americas,YEAR,2011,,,,,,,,,2.98,2.98426127,,,,2025-12-05T13:23:08Z,2011,2011-01-01,2011-12-31
8849626,GHED_GGHE-DGGE_SHA2011,COUNTRY,MHL,WPR,Western Pacific,YEAR,2004,,,,,,,,,10.68,10.68084145,,,,2025-12-05T13:23:08Z,2004,2004-01-01,2004-12-31
8853657,GHED_GGHE-DGGE_SHA2011,COUNTRY,ECU,AMR,Americas,YEAR,2020,,,,,,,,,13.13,13.13262463,,,,2025-12-05T13:23:08Z,2020,2020-01-01,2020-12-31
8857102,GHED_GGHE-DGGE_SHA2011,COUNTRY,KNA,AMR,Americas,YEAR,2023,,,,,,,,,7.19,7.18737888,,,,2025-12-05T13:23:08Z,2023,2023-01-01,2023-12-31
8861444,GHED_GGHE-DGGE_SHA2011,COUNTRY,VUT,WPR,Western Pacific,YEAR,2009,,,,,,,,,7.27,7.26699162,,,,2025-12-05T13:23:08Z,2009,2009-01-01,2009-12-31
8863259,GHED_GGHE-DGGE_SHA2011,COUNTRY,BTN,SEAR,South-East Asia,YEAR,2021,,,,,,,,,6.33,6.32587957,,,,2025-12-05T13:23:08Z,2021,2021-01-01,2021-12-31
8865655,GHED_GGHE-DGGE_SHA2011,COUNTRY,ESP,EUR,Europe,YEAR,2004,,,,,,,,,14.05,14.05403996,,,,2025-12-05T13:23:08Z,2004,2004-01-01,2004-12-31
8866500,GHED_GGHE-DGGE_SHA2011,COUNTRY,GAB,AFR,Africa,YEAR,2000,,,,,,,,,5.24,5.24128246,,,,2025-12-05T13:23:08Z,2000,2000-01-01,2000-12-31
8870494,GHED_GGHE-DGGE_SHA2011,COUNTRY,TKM,EUR,Europe,YEAR,2020,,,,,,,,,8.71,8.70857811,,,,2025-12-05T13:23:08Z,2020,2020-01-01,2020-12-31
8873455,GHED_GGHE-DGGE_SHA2011,COUNTRY,AGO,AFR,Africa,YEAR,2010,,,,,,,,,4.25,4.24956799,,,,2025-12-05T13:23:08Z,2010,2010-01-01,2010-12-31
8873841,GHED_GGHE-DGGE_SHA2011,COUNTRY,YEM,EMR,Eastern Mediterranean,YEAR,2013,,,,,,,,,3.18,3.18082356,,,,2025-12-05T13:23:08Z,2013,2013-01-01,2013-12-31
8876963,GHED_GGHE-DGGE_SHA2011,COUNTRY,CRI,AMR,Americas,YEAR,2017,,,,,,,,,27.03,27.0343132,,,,2025-12-05T13:23:08Z,2017,2017-01-01,2017-12-31
8878327,GHED_GGHE-DGGE_SHA2011,COUNTRY,LAO,WPR,Western Pacific,YEAR,2014,,,,,,,,,2.74,2.7363534,,,,2025-12-05T13:23:08Z,2014,2014-01-01,2014-12-31
8879846,GHED_GGHE-DGGE_SHA2011,COUNTRY,ISL,EUR,Europe,YEAR,2013,,,,,,,,,14.38,14.38105679,,,,2025-12-05T13:23:08Z,2013,2013-01-01,2013-12-31
8885119,GHED_GGHE-DGGE_SHA2011,COUNTRY,BLR,EUR,Europe,YEAR,2002,,,,,,,,,9.32,9.32076073,,,,2025-12-05T13:23:08Z,2002,2002-01-01,2002-12-31
8888088,GHED_GGHE-DGGE_SHA2011,COUNTRY,HND,AMR,Americas,YEAR,2007,,,,,,,,,13.64,13.63652325,,,,2025-12-05T13:23:08Z,2007,2007-01-01,2007-12-31
8888719,GHED_GGHE-DGGE_SHA2011,COUNTRY,PLW,WPR,Western Pacific,YEAR,2017,,,,,,,,,16.24,16.24486351,,,,2025-12-05T13:23:08Z,2017,2017-01-01,2017-12-31
8889401,GHED_GGHE-DGGE_SHA2011,COUNTRY,TCD,AFR,Africa,YEAR,2009,,,,,,,,,3.55,3.54986572,,,,2025-12-05T13:23:08Z,2009,2009-01-01,2009-12-31
8890190,GHED_GGHE-DGGE_SHA2011,COUNTRY,TCD,AFR,Africa,YEAR,2001,,,,,,,,,11.87,11.86877632,,,,2025-12-05T13:23:08Z,2001,2001-01-01,2001-12-31
8891324,GHED_GGHE-DGGE_SHA2011,COUNTRY,JAM,AMR,Americas,YEAR,2014,,,,,,,,,11.25,11.25196075,,,,2025-12-05T13:23:08Z,2014,2014-01-01,2014-12-31
8894034,GHED_GGHE-DGGE_SHA2011,REGION,EUR,,,YEAR,2012,,,,,,,,,12.15,12.15478583,,,,2025-12-05T13:23:08Z,2012,2012-01-01,2012-12-31
8898357,GHED_GGHE-DGGE_SHA2011,COUNTRY,TJK,EUR,Europe,YEAR,2005,,,,,,,,,4.32,4.31515169,,,,2025-12-05T13:23:08Z,2005,2005-01-01,2005-12-31
8899274,GHED_GGHE-DGGE_SHA2011,COUNTRY,IRQ,EMR,Eastern Mediterranean,YEAR,2017,,,,,,,,,4.77,4.77492046,,,,2025-12-05T13:23:08Z,2017,2017-01-01,2017-12-31
8902448,GHED_GGHE-DGGE_SHA2011,COUNTRY,ALB,EUR,Europe,YEAR,2004,,,,,,,,,9.35,9.35447502,,,,2025-12-05T13:23:08Z,2004,2004-01-01,2004-12-31
8902533,GHED_GGHE-DGGE_SHA2011,COUNTRY,NIC,AMR,Americas,YEAR,2015,,,,,,,,,17.55,17.55064392,,,,2025-12-05T13:23:08Z,2015,2015-01-01,2015-12-31
8902890,GHED_GGHE-DGGE_SHA2011,COUNTRY,PAN,AMR,Americas,YEAR,2007,,,,,,,,,22.25,22.24735832,,,,2025-12-05T13:23:08Z,2007,2007-01-01,2007-12-31
8905207,GHED_GGHE-DGGE_SHA2011,COUNTRY,LSO,AFR,Africa,YEAR,2012,,,,,,,,,9.67,9.67431164,,,,2025-12-05T13:23:08Z,2012,2012-01-01,2012-12-31
8906775,GHED_GGHE-DGGE_SHA2011,COUNTRY,UZB,EUR,Europe,YEAR,2021,,,,,,,,,9.90,9.89793396,,,,2025-12-05T13:23:08Z,2021,2021-01-01,2021-12-31
8908553,GHED_GGHE-DGGE_SHA2011,WORLDBANKINCOMEGROUP,WB_HI,,,YEAR,2013,,,,,,,,,12.60,12.60376949,,,,2026-01-12T13:50:53Z,2013,2013-01-01,2013-12-31
8908749,GHED_GGHE-DGGE_SHA2011,REGION,AMR,,,YEAR,2022,,,,,,,,,14.31,14.30553199,,,,2025-12-05T13:23:08Z,2022,2022-01-01,2022-12-31
8911051,GHED_GGHE-DGGE_SHA2011,COUNTRY,GNQ,AFR,Africa,YEAR,2001,,,,,,,,,2.91,2.90732694,,,,2025-12-05T13:23:08Z,2001,2001-01-01,2001-12-31
8912669,GHED_GGHE-DGGE_SHA2011,COUNTRY,ROU,EUR,Europe,YEAR,2005,,,,,,,,,13.16,13.16346741,,,,2025-12-05T13:23:08Z,2005,2005-01-01,2005-12-31
8913101,GHED_GGHE-DGGE_SHA2011,COUNTRY,VCT,AMR,Americas,YEAR,2021,,,,,,,,,9.60,9.59724998,,,,2025-12-05T13:23:08Z,2021,2021-01-01,2021-12-31
8913227,GHED_GGHE-DGGE_SHA2011,COUNTRY,SVK,EUR,Europe,YEAR,2004,,,,,,,,,13.11,13.11000252,,,,2025-12-05T13:23:08Z,2004,2004-01-01,2004-12-31
8917954,GHED_GGHE-DGGE_SHA2011,COUNTRY,CRI,AMR,Americas,YEAR,2013,,,,,,,,,29.45,29.45259285,,,,2025-12-05T13:23:08Z,2013,2013-01-01,2013-12-31
8918578,GHED_GGHE-DGGE_SHA2011,COUNTRY,NER,AFR,Africa,YEAR,2003,,,,,,,,,7.63,7.62989426,,,,2025-12-05T13:23:08Z,2003,2003-01-01,2003-12-31
8920869,GHED_GGHE-DGGE_SHA2011,COUNTRY,FRA,EUR,Europe,YEAR,2005,,,,,,,,,13.91,13.90521812,,,,2025-12-05T13:23:08Z,2005,2005-01-01,2005-12-31
8923969,GHED_GGHE-DGGE_SHA2011,COUNTRY,GNQ,AFR,Africa,YEAR,2018,,,,,,,,,4.28,4.27754259,,,,2025-12-05T13:23:08Z,2018,2018-01-01,2018-12-31
8926631,GHED_GGHE-DGGE_SHA2011,COUNTRY,BTN,SEAR,South-East Asia,YEAR,2005,,,,,,,,,6.72,6.72386217,,,,2025-12-05T13:23:08Z,2005,2005-01-01,2005-12-31
8926655,GHED_GGHE-DGGE_SHA2011,COUNTRY,SAU,EMR,Eastern Mediterranean,YEAR,2021,,,,,,,,,14.40,14.40493202,,,,2025-12-05T13:23:08Z,2021,2021-01-01,2021-12-31
8928021,GHED_GGHE-DGGE_SHA2011,COUNTRY,GNB,AFR,Africa,YEAR,2001,,,,,,,,,2.52,2.52350521,,,,2025-12-05T13:23:08Z,2001,2001-01-01,2001-12-31
8928600,GHED_GGHE-DGGE_SHA2011,COUNTRY,MCO,EUR,Europe,YEAR,2017,,,,,,,,,17.31,17.30538177,,,,2025-12-05T13:23:08Z,2017,2017-01-01,2017-12-31
8928903,GHED_GGHE-DGGE_SHA2011,COUNTRY,MEX,AMR,Americas,YEAR,2021,,,,,,,,,11.03,11.03306103,,,,2025-12-05T13:23:08Z,2021,2021-01-01,2021-12-31
8929375,GHED_GGHE-DGGE_SHA2011,COUNTRY,AND,EUR,Europe,YEAR,2001,,,,,,,,,18.43,18.42596626,,,,2025-12-05T13:23:08Z,2001,2001-01-01,2001-12-31
8929942,GHED_GGHE-DGGE_SHA2011,COUNTRY,CAN,AMR,Americas,YEAR,2016,,,,,,,,,18.96,18.96101761,,,,2025-12-05T13:23:08Z,2016,2016-01-01,2016-12-31
8931352,GHED_GGHE-DGGE_SHA2011,COUNTRY,ZAF,AFR,Africa,YEAR,2006,,,,,,,,,13.10,13.09509182,,,,2025-12-05T13:23:08Z,2006,2006-01-01,2006-12-31
8932487,GHED_GGHE-DGGE_SHA2011,COUNTRY,JPN,WPR,Western Pacific,YEAR,2002,,,,,,,,,16.06,16.06154251,,,,2025-12-05T13:23:08Z,2002,2002-01-01,2002-12-31
8934951,GHED_GGHE-DGGE_SHA2011,COUNTRY,MUS,AFR,Africa,YEAR,2019,,,,,,,,,9.00,9.0032053,,,,2025-12-05T13:23:08Z,2019,2019-01-01,2019-12-31
8936568,GHED_GGHE-DGGE_SHA2011,COUNTRY,DJI,EMR,Eastern Mediterranean,YEAR,2009,,,,,,,,,6.14,6.1399169,,,,2025-12-05T13:23:08Z,2009,2009-01-01,2009-12-31
8937477,GHED_GGHE-DGGE_SHA2011,COUNTRY,BRB,AMR,Americas,YEAR,2007,,,,,,,,,10.53,10.52801514,,,,2025-12-05T13:23:08Z,2007,2007-01-01,2007-12-31
8938677,GHED_GGHE-DGGE_SHA2011,COUNTRY,BEL,EUR,Europe,YEAR,2019,,,,,,,,,15.62,15.62112808,,,,2025-12-05T13:23:08Z,2019,2019-01-01,2019-12-31
8938697,GHED_GGHE-DGGE_SHA2011,COUNTRY,ARE,EMR,Eastern Mediterranean,YEAR,2011,,,,,,,,,8.53,8.52676678,,,,2025-12-05T13:23:08Z,2011,2011-01-01,2011-12-31
8939931,GHED_GGHE-DGGE_SHA2011,COUNTRY,GMB,AFR,Africa,YEAR,2012,,,,,,,,,6.31,6.30897522,,,,2025-12-05T13:23:08Z,2012,2012-01-01,2012-12-31
8943431,GHED_GGHE-DGGE_SHA2011,COUNTRY,MOZ,AFR,Africa,YEAR,2020,,,,,,,,,7.06,7.06412458,,,,2025-12-05T13:23:08Z,2020,2020-01-01,2020-12-31
8943686,GHED_GGHE-DGGE_SHA2011,WORLDBANKINCOMEGROUP,WB_HI,,,YEAR,2012,,,,,,,,,12.60,12.59572094,,,,2025-12-05T13:23:08Z,2012,2012-01-01,2012-12-31
8945193,GHED_GGHE-DGGE_SHA2011,COUNTRY,HRV,EUR,Europe,YEAR,2012,,,,,,,,,13.35,13.34879112,,,,2025-12-05T13:23:08Z,2012,2012-01-01,2012-12-31
8946550,GHED_GGHE-DGGE_SHA2011,COUNTRY,COG,AFR,Africa,YEAR,2021,,,,,,,,,8.22,8.21684074,,,,2025-12-05T13:23:08Z,2021,2021-01-01,2021-12-31
8947964,GHED_GGHE-DGGE_SHA2011,COUNTRY,POL,EUR,Europe,YEAR,2006,,,,,,,,,9.00,9.0035038,,,,2025-12-05T13:23:08Z,2006,2006-01-01,2006-12-31
8948888,GHED_GGHE-DGGE_SHA2011,COUNTRY,GRD,AMR,Americas,YEAR,2007,,,,,,,,,7.26,7.25542021,,,,2025-12-05T13:23:08Z,2007,2007-01-01,2007-12-31
8951429,GHED_GGHE-DGGE_SHA2011,COUNTRY,ISR,EUR,Europe,YEAR,2020,,,,,,,,,11.55,11.55164719,,,,2025-12-05T13:23:08Z,2020,2020-01-01,2020-12-31
8953160,GHED_GGHE-DGGE_SHA2011,COUNTRY,ARG,AMR,Americas,YEAR,2010,,,,,,,,,16.70,16.69724846,,,,2025-12-05T13:23:08Z,2010,2010-01-01,2010-12-31
8953784,GHED_GGHE-DGGE_SHA2011,COUNTRY,CHL,AMR,Americas,YEAR,2008,,,,,,,,,13.46,13.46145725,,,,2025-12-05T13:23:08Z,2008,2008-01-01,2008-12-31
8954035,GHED_GGHE-DGGE_SHA2011,COUNTRY,PRY,AMR,Americas,YEAR,2018,,,,,,,,,16.39,16.38777924,,,,2025-12-05T13:23:08Z,2018,2018-01-01,2018-12-31
8955039,GHED_GGHE-DGGE_SHA2011,COUNTRY,ERI,AFR,Africa,YEAR,2008,,,,,,,,,2.37,2.37287188,,,,2025-12-05T13:23:08Z,2008,2008-01-01,2008-12-31
8966129,GHED_GGHE-DGGE_SHA2011,COUNTRY,GMB,AFR,Africa,YEAR,2021,,,,,,,,,5.98,5.98440981,,,,2025-12-05T13:23:08Z,2021,2021-01-01,2021-12-31
8966498,GHED_GGHE-DGGE_SHA2011,COUNTRY,KIR,WPR,Western Pacific,YEAR,2012,,,,,,,,,8.36,8.36309528,,,,2025-12-05T13:23:08Z,2012,2012-01-01,2012-12-31
8967833,GHED_GGHE-DGGE_SHA2011,COUNTRY,BHR,EMR,Eastern Mediterranean,YEAR,2007,,,,,,,,,9.07,9.06652737,,,,2025-12-05T13:23:08Z,2007,2007-01-01,2007-12-31
8968542,GHED_GGHE-DGGE_SHA2011,COUNTRY,NAM,AFR,Africa,YEAR,2008,,,,,,,,,17.22,17.22389221,,,,2025-12-05T13:23:08Z,2008,2008-01-01,2008-12-31
8969850,GHED_GGHE-DGGE_SHA2011,COUNTRY,COM,AFR,Africa,YEAR,2020,,,,,,,,,6.89,6.88908243,,,,2025-12-05T13:23:08Z,2020,2020-01-01,2020-12-31
8970774,GHED_GGHE-DGGE_SHA2011,COUNTRY,JAM,AMR,Americas,YEAR,2010,,,,,,,,,9.03,9.03293228,,,,2025-12-05T13:23:08Z,2010,2010-01-01,2010-12-31
8971754,GHED_GGHE-DGGE_SHA2011,COUNTRY,LUX,EUR,Europe,YEAR,2023,,,,,,,,,10.44,10.44170761,,,,2025-12-05T13:23:08Z,2023,2023-01-01,2023-12-31
8974345,GHED_GGHE-DGGE_SHA2011,COUNTRY,BWA,AFR,Africa,YEAR,2003,,,,,,,,,8.18,8.17829704,,,,2025-12-05T13:23:08Z,2003,2003-01-01,2003-12-31
8974420,GHED_GGHE-DGGE_SHA2011,COUNTRY,ERI,AFR,Africa,YEAR,2018,,,,,,,,,2.37,2.37287188,,,,2025-12-05T13:23:08Z,2018,2018-01-01,2018-12-31
8982462,GHED_GGHE-DGGE_SHA2011,COUNTRY,PLW,WPR,Western Pacific,YEAR,2013,,,,,,,,,13.61,13.61183643,,,,2025-12-05T13:23:08Z,2013,2013-01-01,2013-12-31
8984090,GHED_GGHE-DGGE_SHA2011,COUNTRY,SLV,AMR,Americas,YEAR,2002,,,,,,,,,17.78,17.78228951,,,,2025-12-05T13:23:08Z,2002,2002-01-01,2002-12-31
8985812,GHED_GGHE-DGGE_SHA2011,COUNTRY,NIC,AMR,Americas,YEAR,2012,,,,,,,,,15.57,15.56665039,,,,2025-12-05T13:23:08Z,2012,2012-01-01,2012-12-31
8986986,GHED_GGHE-DGGE_SHA2011,COUNTRY,KNA,AMR,Americas,YEAR,2020,,,,,,,,,8.35,8.34524632,,,,2025-12-05T13:23:08Z,2020,2020-01-01,2020-12-31
8988352,GHED_GGHE-DGGE_SHA2011,COUNTRY,LBN,EMR,Eastern Mediterranean,YEAR,2011,,,,,,,,,12.40,12.40328121,,,,2025-12-05T13:23:08Z,2011,2011-01-01,2011-12-31
8993964,GHED_GGHE-DGGE_SHA2011,COUNTRY,TGO,AFR,Africa,YEAR,2013,,,,,,,,,4.69,4.68965626,,,,2025-12-05T13:23:08Z,2013,2013-01-01,2013-12-31
8994481,GHED_GGHE-DGGE_SHA2011,COUNTRY,STP,AFR,Africa,YEAR,2023,,,,,,,,,8.77,8.7735281,,,,2025-12-05T13:23:08Z,2023,2023-01-01,2023-12-31
8997842,GHED_GGHE-DGGE_SHA2011,COUNTRY,LKA,SEAR,South-East Asia,YEAR,2014,,,,,,,,,9.03,9.03347492,,,,2025-12-05T13:23:08Z,2014,2014-01-01,2014-12-31
8999379,GHED_GGHE-DGGE_SHA2011,COUNTRY,OMN,EMR,Eastern Mediterranean,YEAR,2019,,,,,,,,,8.59,8.59375286,,,,2025-12-05T13:23:08Z,2019,2019-01-01,2019-12-31
9002087,GHED_GGHE-DGGE_SHA2011,COUNTRY,ESP,EUR,Europe,YEAR,2003,,,,,,,,,14.02,14.01710796,,,,2025-12-05T13:23:08Z,2003,2003-01-01,2003-12-31
9002389,GHED_GGHE-DGGE_SHA2011,COUNTRY,NOR,EUR,Europe,YEAR,2010,,,,,,,,,16.61,16.61421394,,,,2025-12-05T13:23:08Z,2010,2010-01-01,2010-12-31
9005228,GHED_GGHE-DGGE_SHA2011,COUNTRY,GHA,AFR,Africa,YEAR,2014,,,,,,,,,6.72,6.71953726,,,,2025-12-05T13:23:08Z,2014,2014-01-01,2014-12-31
9007390,GHED_GGHE-DGGE_SHA2011,COUNTRY,SOM,EMR,Eastern Mediterranean,YEAR,2015,,,,,,,,,5.25,5.25173187,,,,2025-12-05T13:23:08Z,2015,2015-01-01,2015-12-31
9008573,GHED_GGHE-DGGE_SHA2011,COUNTRY,TUN,EMR,Eastern Mediterranean,YEAR,2002,,,,,,,,,10.99,10.98641014,,,,2025-12-05T13:23:08Z,2002,2002-01-01,2002-12-31
9008679,GHED_GGHE-DGGE_SHA2011,COUNTRY,LBR,AFR,Africa,YEAR,2002,,,,,,,,,4.25,4.25491762,,,,2025-12-05T13:23:08Z,2002,2002-01-01,2002-12-31
9009904,GHED_GGHE-DGGE_SHA2011,COUNTRY,BHR,EMR,Eastern Mediterranean,YEAR,2019,,,,,,,,,7.06,7.06051159,,,,2025-12-05T13:23:08Z,2019,2019-01-01,2019-12-31
9011596,GHED_GGHE-DGGE_SHA2011,REGION,AMR,,,YEAR,2017,,,,,,,,,13.85,13.84990407,,,,2025-12-05T13:23:08Z,2017,2017-01-01,2017-12-31
9013517,GHED_GGHE-DGGE_SHA2011,COUNTRY,SYR,EMR,Eastern Mediterranean,YEAR,2007,,,,,,,,,6.85,6.85482645,,,,2025-12-05T13:23:08Z,2007,2007-01-01,2007-12-31
9013579,GHED_GGHE-DGGE_SHA2011,COUNTRY,LBY,EMR,Eastern Mediterranean,YEAR,2008,,,,,,,,,3.70,3.70079064,,,,2025-12-05T13:23:08Z,2008,2008-01-01,2008-12-31
9016949,GHED_GGHE-DGGE_SHA2011,COUNTRY,NPL,SEAR,South-East Asia,YEAR,2007,,,,,,,,,5.18,5.17588425,,,,2025-12-05T13:23:08Z,2007,2007-01-01,2007-12-31
9017478,GHED_GGHE-DGGE_SHA2011,COUNTRY,VUT,WPR,Western Pacific,YEAR,2021,,,,,,,,,2.78,2.77639413,,,,2025-12-05T13:23:08Z,2021,2021-01-01,2021-12-31
9021756,GHED_GGHE-DGGE_SHA2011,WORLDBANKINCOMEGROUP,WB_HI,,,YEAR,2016,,,,,,,,,13.49,13.49223821,,,,2025-12-05T13:23:08Z,2016,2016-01-01,2016-12-31
9021940,GHED_GGHE-DGGE_SHA2011,COUNTRY,TUV,WPR,Western Pacific,YEAR,2001,,,,,,,,,11.46,11.4551363,,,,2025-12-05T13:23:08Z,2001,2001-01-01,2001-12-31
9023262,GHED_GGHE-DGGE_SHA2011,COUNTRY,DOM,AMR,Americas,YEAR,2004,,,,,,,,,6.62,6.62144899,,,,2025-12-05T13:23:08Z,2004,2004-01-01,2004-12-31
9024178,GHED_GGHE-DGGE_SHA2011,COUNTRY,ROU,EUR,Europe,YEAR,2002,,,,,,,,,10.55,10.54747868,,,,2025-12-05T13:23:08Z,2002,2002-01-01,2002-12-31
9028598,GHED_GGHE-DGGE_SHA2011,COUNTRY,OMN,EMR,Eastern Mediterranean,YEAR,2018,,,,,,,,,7.25,7.25043583,,,,2025-12-05T13:23:08Z,2018,2018-01-01,2018-12-31
9032662,GHED_GGHE-DGGE_SHA2011,COUNTRY,LSO,AFR,Africa,YEAR,2021,,,,,,,,,8.15,8.15242481,,,,2025-12-05T13:23:08Z,2021,2021-01-01,2021-12-31
9037711,GHED_GGHE-DGGE_SHA2011,COUNTRY,NER,AFR,Africa,YEAR,2019,,,,,,,,,9.38,9.37940311,,,,2025-12-05T13:23:08Z,2019,2019-01-01,2019-12-31
9038251,GHED_GGHE-DGGE_SHA2011,COUNTRY,AZE,EUR,Europe,YEAR,2020,,,,,,,,,5.80,5.79771805,,,,2025-12-05T13:23:08Z,2020,2020-01-01,2020-12-31
9039594,GHED_GGHE-DGGE_SHA2011,COUNTRY,MYS,WPR,Western Pacific,YEAR,2013,,,,,,,,,6.82,6.81631851,,,,2025-12-05T13:23:08Z,2013,2013-01-01,2013-12-31
9042673,GHED_GGHE-DGGE_SHA2011,COUNTRY,GNB,AFR,Africa,YEAR,2006,,,,,,,,,2.52,2.52350521,,,,2025-12-05T13:23:08Z,2006,2006-01-01,2006-12-31
9043999,GHED_GGHE-DGGE_SHA2011,COUNTRY,TUV,WPR,Western Pacific,YEAR,2004,,,,,,,,,11.94,11.935709,,,,2025-12-05T13:23:08Z,2004,2004-01-01,2004-12-31
9044039,GHED_GGHE-DGGE_SHA2011,COUNTRY,TJK,EUR,Europe,YEAR,2008,,,,,,,,,6.79,6.78862953,,,,2025-12-05T13:23:08Z,2008,2008-01-01,2008-12-31
9044103,GHED_GGHE-DGGE_SHA2011,COUNTRY,BEL,EUR,Europe,YEAR,2016,,,,,,,,,15.58,15.57960796,,,,2025-12-05T13:23:08Z,2016,2016-01-01,2016-12-31
9046448,GHED_GGHE-DGGE_SHA2011,COUNTRY,PAN,AMR,Americas,YEAR,2011,,,,,,,,,17.99,17.98855972,,,,2025-12-05T13:23:08Z,2011,2011-01-01,2011-12-31
9047886,GHED_GGHE-DGGE_SHA2011,COUNTRY,BHS,AMR,Americas,YEAR,2020,,,,,,,,,14.91,14.91028023,,,,2025-12-05T13:23:08Z,2020,2020-01-01,2020-12-31
9051261,GHED_GGHE-DGGE_SHA2011,COUNTRY,ARG,AMR,Americas,YEAR,2007,,,,,,,,,14.37,14.36670208,,,,2025-12-05T13:23:08Z,2007,2007-01-01,2007-12-31
9051769,GHED_GGHE-DGGE_SHA2011,COUNTRY,COG,AFR,Africa,YEAR,2001,,,,,,,,,3.32,3.31901908,,,,2025-12-05T13:23:08Z,2001,2001-01-01,2001-12-31
9054038,GHED_GGHE-DGGE_SHA2011,COUNTRY,SWZ,AFR,Africa,YEAR,2003,,,,,,,,,11.40,11.39668179,,,,2025-12-05T13:23:08Z,2003,2003-01-01,2003-12-31
9055889,GHED_GGHE-DGGE_SHA2011,COUNTRY,NGA,AFR,Africa,YEAR,2002,,,,,,,,,2.74,2.74149632,,,,2025-12-05T13:23:08Z,2002,2002-01-01,2002-12-31
9056505,GHED_GGHE-DGGE_SHA2011,COUNTRY,ZWE,AFR,Africa,YEAR,2023,,,,,,,,,4.74,4.7405839,,,,2025-12-05T13:23:08Z,2023,2023-01-01,2023-12-31
9060554,GHED_GGHE-DGGE_SHA2011,COUNTRY,SOM,EMR,Eastern Mediterranean,YEAR,2019,,,,,,,,,4.14,4.13649559,,,,2025-12-05T13:23:08Z,2019,2019-01-01,2019-12-31
9060683,GHED_GGHE-DGGE_SHA2011,COUNTRY,NZL,WPR,Western Pacific,YEAR,2011,,,,,,,,,17.08,17.07990074,,,,2025-12-05T13:23:08Z,2011,2011-01-01,2011-12-31
9061082,GHED_GGHE-DGGE_SHA2011,COUNTRY,LAO,WPR,Western Pacific,YEAR,2006,,,,,,,,,4.36,4.36346436,,,,2025-12-05T13:23:08Z,2006,2006-01-01,2006-12-31
9062674,GHED_GGHE-DGGE_SHA2011,COUNTRY,ISL,EUR,Europe,YEAR,2012,,,,,,,,,13.80,13.8024044,,,,2025-12-05T13:23:08Z,2012,2012-01-01,2012-12-31
9063244,GHED_GGHE-DGGE_SHA2011,COUNTRY,GTM,AMR,Americas,YEAR,2012,,,,,,,,,14.32,14.31886292,,,,2025-12-05T13:23:08Z,2012,2012-01-01,2012-12-31
9063930,GHED_GGHE-DGGE_SHA2011,COUNTRY,CHN,WPR,Western Pacific,YEAR,2008,,,,,,,,,7.71,7.7085824,,,,2025-12-05T13:23:08Z,2008,2008-01-01,2008-12-31
9065786,GHED_GGHE-DGGE_SHA2011,COUNTRY,OMN,EMR,Eastern Mediterranean,YEAR,2022,,,,,,,,,8.49,8.48790264,,,,2025-12-05T13:23:08Z,2022,2022-01-01,2022-12-31
9072017,GHED_GGHE-DGGE_SHA2011,COUNTRY,MCO,EUR,Europe,YEAR,2019,,,,,,,,,14.50,14.49990559,,,,2025-12-05T13:23:08Z,2019,2019-01-01,2019-12-31
9072262,GHED_GGHE-DGGE_SHA2011,COUNTRY,SDN,EMR,Eastern Mediterranean,YEAR,2005,,,,,,,,,8.10,8.09948635,,,,2025-12-05T13:23:08Z,2005,2005-01-01,2005-12-31
9074672,GHED_GGHE-DGGE_SHA2011,COUNTRY,IRN,EMR,Eastern Mediterranean,YEAR,2021,,,,,,,,,16.05,16.05150604,,,,2025-12-05T13:23:08Z,2021,2021-01-01,2021-12-31
9075130,GHED_GGHE-DGGE_SHA2011,COUNTRY,TKM,EUR,Europe,YEAR,2001,,,,,,,,,13.36,13.35963154,,,,2025-12-05T13:23:08Z,2001,2001-01-01,2001-12-31
9076406,GHED_GGHE-DGGE_SHA2011,COUNTRY,LTU,EUR,Europe,YEAR,2005,,,,,,,,,10.05,10.04997158,,,,2025-12-05T13:23:08Z,2005,2005-01-01,2005-12-31
9078867,GHED_GGHE-DGGE_SHA2011,COUNTRY,NLD,EUR,Europe,YEAR,2021,,,,,,,,,16.78,16.77684975,,,,2025-12-05T13:23:08Z,2021,2021-01-01,2021-12-31
9079969,GHED_GGHE-DGGE_SHA2011,COUNTRY,CUB,AMR,Americas,YEAR,2017,,,,,,,,,15.51,15.51221848,,,,2025-12-05T13:23:08Z,2017,2017-01-01,2017-12-31
9080024,GHED_GGHE-DGGE_SHA2011,COUNTRY,ROU,EUR,Europe,YEAR,2022,,,,,,,,,11.07,11.0652771,,,,2025-12-05T13:23:08Z,2022,2022-01-01,2022-12-31
9080180,GHED_GGHE-DGGE_SHA2011,COUNTRY,SLV,AMR,Americas,YEAR,2016,,,,,,,,,17.65,17.65205383,,,,2025-12-05T13:23:08Z,2016,2016-01-01,2016-12-31
9080739,GHED_GGHE-DGGE_SHA2011,COUNTRY,JAM,AMR,Americas,YEAR,2001,,,,,,,,,8.20,8.20096111,,,,2025-12-05T13:23:08Z,2001,2001-01-01,2001-12-31
9081099,GHED_GGHE-DGGE_SHA2011,COUNTRY,TZA,AFR,Africa,YEAR,2000,,,,,,,,,6.05,6.05200052,,,,2025-12-05T13:23:08Z,2000,2000-01-01,2000-12-31
9084887,GHED_GGHE-DGGE_SHA2011,WORLDBANKINCOMEGROUP,WB_HI,,,YEAR,2018,,,,,,,,,13.71,13.70847583,,,,2025-12-05T13:23:08Z,2018,2018-01-01,2018-12-31
9085013,GHED_GGHE-DGGE_SHA2011,COUNTRY,ZMB,AFR,Africa,YEAR,2004,,,,,,,,,5.65,5.65226936,,,,2025-12-05T13:23:08Z,2004,2004-01-01,2004-12-31
9087727,GHED_GGHE-DGGE_SHA2011,COUNTRY,BDI,AFR,Africa,YEAR,2014,,,,,,,,,9.79,9.79248333,,,,2025-12-05T13:23:08Z,2014,2014-01-01,2014-12-31
9090982,GHED_GGHE-DGGE_SHA2011,COUNTRY,LBR,AFR,Africa,YEAR,2017,,,,,,,,,3.96,3.95514584,,,,2025-12-05T13:23:08Z,2017,2017-01-01,2017-12-31
9094037,GHED_GGHE-DGGE_SHA2011,COUNTRY,MOZ,AFR,Africa,YEAR,2017,,,,,,,,,6.07,6.07456493,,,,2025-12-05T13:23:08Z,2017,2017-01-01,2017-12-31
9099269,GHED_GGHE-DGGE_SHA2011,COUNTRY,LUX,EUR,Europe,YEAR,2013,,,,,,,,,10.65,10.64737415,,,,2025-12-05T13:23:08Z,2013,2013-01-01,2013-12-31
9099405,GHED_GGHE-DGGE_SHA2011,COUNTRY,MHL,WPR,Western Pacific,YEAR,2020,,,,,,,,,7.75,7.75109291,,,,2025-12-05T13:23:08Z,2020,2020-01-01,2020-12-31
9104805,GHED_GGHE-DGGE_SHA2011,COUNTRY,ECU,AMR,Americas,YEAR,2004,,,,,,,,,8.46,8.46123028,,,,2025-12-05T13:23:08Z,2004,2004-01-01,2004-12-31
9106368,GHED_GGHE-DGGE_SHA2011,COUNTRY,MCO,EUR,Europe,YEAR,2000,,,,,,,,,14.68,14.67739677,,,,2025-12-05T13:23:08Z,2000,2000-01-01,2000-12-31
9106920,GHED_GGHE-DGGE_SHA2011,REGION,SEAR,,,YEAR,2016,,,,,,,,,7.65,7.6516504,,,,2025-12-05T13:23:08Z,2016,2016-01-01,2016-12-31
9108933,GHED_GGHE-DGGE_SHA2011,COUNTRY,SWZ,AFR,Africa,YEAR,2004,,,,,,,,,9.74,9.74261189,,,,2025-12-05T13:23:08Z,2004,2004-01-01,2004-12-31
9109031,GHED_GGHE-DGGE_SHA2011,COUNTRY,AZE,EUR,Europe,YEAR,2011,,,,,,,,,2.82,2.81601381,,,,2025-12-05T13:23:08Z,2011,2011-01-01,2011-12-31
9110567,GHED_GGHE-DGGE_SHA2011,COUNTRY,MCO,EUR,Europe,YEAR,2009,,,,,,,,,19.19,19.1873455,,,,2025-12-05T13:23:08Z,2009,2009-01-01,2009-12-31
9112139,GHED_GGHE-DGGE_SHA2011,COUNTRY,MRT,AFR,Africa,YEAR,2017,,,,,,,,,6.07,6.06559992,,,,2025-12-05T13:23:08Z,2017,2017-01-01,2017-12-31
9112208,GHED_GGHE-DGGE_SHA2011,COUNTRY,LBY,EMR,Eastern Mediterranean,YEAR,2004,,,,,,,,,5.42,5.42119884,,,,2025-12-05T13:23:08Z,2004,2004-01-01,2004-12-31
9112367,GHED_GGHE-DGGE_SHA2011,COUNTRY,KWT,EMR,Eastern Mediterranean,YEAR,2011,,,,,,,,,4.98,4.98376083,,,,2025-12-05T13:23:08Z,2011,2011-01-01,2011-12-31
9113415,GHED_GGHE-DGGE_SHA2011,COUNTRY,ZWE,AFR,Africa,YEAR,2020,,,,,,,,,4.74,4.7405839,,,,2025-12-05T13:23:08Z,2020,2020-01-01,2020-12-31
9114512,GHED_GGHE-DGGE_SHA2011,COUNTRY,CUB,AMR,Americas,YEAR,2002,,,,,,,,,11.19,11.1904707,,,,2025-12-05T13:23:08Z,2002,2002-01-01,2002-12-31
9116288,GHED_GGHE-DGGE_SHA2011,COUNTRY,FRA,EUR,Europe,YEAR,2000,,,,,,,,,13.50,13.49542141,,,,2025-12-05T13:23:08Z,2000,2000-01-01,2000-12-31
9117071,GHED_GGHE-DGGE_SHA2011,COUNTRY,LKA,SEAR,South-East Asia,YEAR,2007,,,,,,,,,9.33,9.32690334,,,,2025-12-05T13:23:08Z,2007,2007-01-01,2007-12-31
9119224,GHED_GGHE-DGGE_SHA2011,COUNTRY,PRT,EUR,Europe,YEAR,2015,,,,,,,,,11.91,11.91233253,,,,2025-12-05T13:23:08Z,2015,2015-01-01,2015-12-31
9121538,GHED_GGHE-DGGE_SHA2011,COUNTRY,NIU,WPR,Western Pacific,YEAR,2020,,,,,,,,,5.76,5.75925779,,,,2025-12-05T13:23:08Z,2020,2020-01-01,2020-12-31
9121981,GHED_GGHE-DGGE_SHA2011,COUNTRY,GNB,AFR,Africa,YEAR,2000,,,,,,,,,2.52,2.52350521,,,,2025-12-05T13:23:08Z,2000,2000-01-01,2000-12-31
9123608,GHED_GGHE-DGGE_SHA2011,COUNTRY,MMR,SEAR,South-East Asia,YEAR,2016,,,,,,,,,3.13,3.13267946,,,,2025-12-05T13:23:08Z,2016,2016-01-01,2016-12-31
9123997,GHED_GGHE-DGGE_SHA2011,COUNTRY,PNG,WPR,Western Pacific,YEAR,2003,,,,,,,,,7.63,7.63461208,,,,2025-12-05T13:23:08Z,2003,2003-01-01,2003-12-31
9129128,GHED_GGHE-DGGE_SHA2011,COUNTRY,ATG,AMR,Americas,YEAR,2014,,,,,,,,,15.11,15.10593987,,,,2025-12-05T13:23:08Z,2014,2014-01-01,2014-12-31
9129315,GHED_GGHE-DGGE_SHA2011,COUNTRY,SSD,AFR,Africa,YEAR,2023,,,,,,,,,2.14,2.13586187,,,,2025-12-05T13:23:08Z,2023,2023-01-01,2023-12-31
9133716,GHED_GGHE-DGGE_SHA2011,COUNTRY,SEN,AFR,Africa,YEAR,2020,,,,,,,,,5.85,5.84758186,,,,2025-12-05T13:23:08Z,2020,2020-01-01,2020-12-31
9135914,GHED_GGHE-DGGE_SHA2011,COUNTRY,UZB,EUR,Europe,YEAR,2014,,,,,,,,,9.30,9.30243683,,,,2025-12-05T13:23:08Z,2014,2014-01-01,2014-12-31
9144958,GHED_GGHE-DGGE_SHA2011,COUNTRY,VNM,WPR,Western Pacific,YEAR,2017,,,,,,,,,10.09,10.09323883,,,,2025-12-05T13:23:08Z,2017,2017-01-01,2017-12-31
9147539,GHED_GGHE-DGGE_SHA2011,COUNTRY,COM,AFR,Africa,YEAR,2007,,,,,,,,,4.33,4.33239889,,,,2025-12-05T13:23:08Z,2007,2007-01-01,2007-12-31
9149770,GHED_GGHE-DGGE_SHA2011,COUNTRY,BRN,WPR,Western Pacific,YEAR,2006,,,,,,,,,5.81,5.81376076,,,,2025-12-05T13:23:08Z,2006,2006-01-01,2006-12-31
9150028,GHED_GGHE-DGGE_SHA2011,COUNTRY,PAN,AMR,Americas,YEAR,2014,,,,,,,,,18.43,18.43489456,,,,2025-12-05T13:23:08Z,2014,2014-01-01,2014-12-31
9151890,GHED_GGHE-DGGE_SHA2011,COUNTRY,GRD,AMR,Americas,YEAR,2014,,,,,,,,,7.30,7.29635763,,,,2025-12-05T13:23:08Z,2014,2014-01-01,2014-12-31
9152936,GHED_GGHE-DGGE_SHA2011,COUNTRY,COM,AFR,Africa,YEAR,2019,,,,,,,,,4.13,4.13345671,,,,2025-12-05T13:23:08Z,2019,2019-01-01,2019-12-31
9153377,GHED_GGHE-DGGE_SHA2011,COUNTRY,SWZ,AFR,Africa,YEAR,2021,,,,,,,,,12.30,12.30096912,,,,2025-12-05T13:23:08Z,2021,2021-01-01,2021-12-31
9154855,GHED_GGHE-DGGE_SHA2011,COUNTRY,RUS,EUR,Europe,YEAR,2007,,,,,,,,,9.22,9.22400856,,,,2025-12-05T13:23:08Z,2007,2007-01-01,2007-12-31
9161173,GHED_GGHE-DGGE_SHA2011,COUNTRY,BTN,SEAR,South-East Asia,YEAR,2000,,,,,,,,,7.66,7.66199493,,,,2025-12-05T13:23:08Z,2000,2000-01-01,2000-12-31
9162402,GHED_GGHE-DGGE_SHA2011,COUNTRY,BDI,AFR,Africa,YEAR,2018,,,,,,,,,7.91,7.90786219,,,,2025-12-05T13:23:08Z,2018,2018-01-01,2018-12-31
9167078,GHED_GGHE-DGGE_SHA2011,COUNTRY,SVK,EUR,Europe,YEAR,2019,,,,,,,,,13.40,13.40012074,,,,2025-12-05T13:23:08Z,2019,2019-01-01,2019-12-31
9167722,GHED_GGHE-DGGE_SHA2011,COUNTRY,CHL,AMR,Americas,YEAR,2004,,,,,,,,,13.10,13.10177708,,,,2025-12-05T13:23:08Z,2004,2004-01-01,2004-12-31
9167881,GHED_GGHE-DGGE_SHA2011,COUNTRY,CAF,AFR,Africa,YEAR,2007,,,,,,,,,9.87,9.87465858,,,,2025-12-05T13:23:08Z,2007,2007-01-01,2007-12-31
9168852,GHED_GGHE-DGGE_SHA2011,COUNTRY,FSM,WPR,Western Pacific,YEAR,2020,,,,,,,,,2.91,2.91056871,,,,2025-12-05T13:23:08Z,2020,2020-01-01,2020-12-31
9174174,GHED_GGHE-DGGE_SHA2011,COUNTRY,JPN,WPR,Western Pacific,YEAR,2009,,,,,,,,,18.06,18.05703545,,,,2025-12-05T13:23:08Z,2009,2009-01-01,2009-12-31
9174835,GHED_GGHE-DGGE_SHA2011,COUNTRY,SLV,AMR,Americas,YEAR,2008,,,,,,,,,16.66,16.65882492,,,,2025-12-05T13:23:08Z,2008,2008-01-01,2008-12-31
9176459,GHED_GGHE-DGGE_SHA2011,COUNTRY,BRB,AMR,Americas,YEAR,2000,,,,,,,,,12.28,12.27690411,,,,2025-12-05T13:23:08Z,2000,2000-01-01,2000-12-31
9178979,GHED_GGHE-DGGE_SHA2011,COUNTRY,KOR,WPR,Western Pacific,YEAR,2021,,,,,,,,,14.35,14.34733868,,,,2025-12-05T13:23:08Z,2021,2021-01-01,2021-12-31
9179512,GHED_GGHE-DGGE_SHA2011,REGION,EUR,,,YEAR,2021,,,,,,,,,13.89,13.88949787,,,,2025-12-05T13:23:08Z,2021,2021-01-01,2021-12-31
9180444,GHED_GGHE-DGGE_SHA2011,COUNTRY,COD,AFR,Africa,YEAR,2020,,,,,,,,,5.09,5.08724737,,,,2025-12-05T13:23:08Z,2020,2020-01-01,2020-12-31
9181751,GHED_GGHE-DGGE_SHA2011,COUNTRY,QAT,EMR,Eastern Mediterranean,YEAR,2006,,,,,,,,,5.80,5.79555845,,,,2025-12-05T13:23:08Z,2006,2006-01-01,2006-12-31
9185014,GHED_GGHE-DGGE_SHA2011,COUNTRY,GAB,AFR,Africa,YEAR,2008,,,,,,,,,5.61,5.61290503,,,,2025-12-05T13:23:08Z,2008,2008-01-01,2008-12-31
9191731,GHED_GGHE-DGGE_SHA2011,COUNTRY,MDV,SEAR,South-East Asia,YEAR,2005,,,,,,,,,7.65,7.65194798,,,,2025-12-05T13:23:08Z,2005,2005-01-01,2005-12-31
9192005,GHED_GGHE-DGGE_SHA2011,COUNTRY,SDN,EMR,Eastern Mediterranean,YEAR,2007,,,,,,,,,10.47,10.46531487,,,,2025-12-05T13:23:08Z,2007,2007-01-01,2007-12-31
9192545,GHED_GGHE-DGGE_SHA2011,COUNTRY,PRT,EUR,Europe,YEAR,2002,,,,,,,,,14.46,14.46171665,,,,2025-12-05T13:23:08Z,2002,2002-01-01,2002-12-31
9193410,GHED_GGHE-DGGE_SHA2011,COUNTRY,BIH,EUR,Europe,YEAR,2013,,,,,,,,,14.79,14.79470253,,,,2025-12-05T13:23:08Z,2013,2013-01-01,2013-12-31
9193911,GHED_GGHE-DGGE_SHA2011,COUNTRY,SLE,AFR,Africa,YEAR,2000,,,,,,,,,5.45,5.45097542,,,,2025-12-05T13:23:08Z,2000,2000-01-01,2000-12-31
9195850,GHED_GGHE-DGGE_SHA2011,COUNTRY,MWI,AFR,Africa,YEAR,2023,,,,,,,,,3.29,3.28711009,,,,2025-12-05T13:23:08Z,2023,2023-01-01,2023-12-31
9198617,GHED_GGHE-DGGE_SHA2011,COUNTRY,CUB,AMR,Americas,YEAR,2015,,,,,,,,,18.25,18.2455864,,,,2025-12-05T13:23:08Z,2015,2015-01-01,2015-12-31
9200182,GHED_GGHE-DGGE_SHA2011,COUNTRY,DMA,AMR,Americas,YEAR,2019,,,,,,,,,7.57,7.56691742,,,,2025-12-05T13:23:08Z,2019,2019-01-01,2019-12-31
9200354,GHED_GGHE-DGGE_SHA2011,COUNTRY,IRN,EMR,Eastern Mediterranean,YEAR,2022,,,,,,,,,19.11,19.11185074,,,,2025-12-05T13:23:08Z,2022,2022-01-01,2022-12-31
9200481,GHED_GGHE-DGGE_SHA2011,COUNTRY,BHR,EMR,Eastern Mediterranean,YEAR,2022,,,,,,,,,8.64,8.64387417,,,,2025-12-05T13:23:08Z,2022,2022-01-01,2022-12-31
9209877,GHED_GGHE-DGGE_SHA2011,COUNTRY,BHR,EMR,Eastern Mediterranean,YEAR,2001,,,,,,,,,9.03,9.03064537,,,,2025-12-05T13:23:08Z,2001,2001-01-01,2001-12-31
9212204,GHED_GGHE-DGGE_SHA2011,COUNTRY,PSE,EMR,Eastern Mediterranean,YEAR,2010,,,,,,,,,9.46,9.46368885,,,,2025-12-05T13:23:08Z,2010,2010-01-01,2010-12-31
9213805,GHED_GGHE-DGGE_SHA2011,REGION,AMR,,,YEAR,2000,,,,,,,,,11.99,11.98521275,,,,2025-12-05T13:23:08Z,2000,2000-01-01,2000-12-31
9214709,GHED_GGHE-DGGE_SHA2011,COUNTRY,LCA,AMR,Americas,YEAR,2017,,,,,,,,,8.75,8.7464056,,,,2025-12-05T13:23:08Z,2017,2017-01-01,2017-12-31
9223351,GHED_GGHE-DGGE_SHA2011,COUNTRY,MDA,EUR,Europe,YEAR,2010,,,,,,,,,13.63,13.62691975,,,,2025-12-05T13:23:08Z,2010,2010-01-01,2010-12-31
9225893,GHED_GGHE-DGGE_SHA2011,COUNTRY,MLI,AFR,Africa,YEAR,2006,,,,,,,,,5.55,5.54588985,,,,2025-12-05T13:23:08Z,2006,2006-01-01,2006-12-31
9227043,GHED_GGHE-DGGE_SHA2011,COUNTRY,LBN,EMR,Eastern Mediterranean,YEAR,2016,,,,,,,,,13.17,13.16996193,,,,2025-12-05T13:23:08Z,2016,2016-01-01,2016-12-31
9228875,GHED_GGHE-DGGE_SHA2011,COUNTRY,GRD,AMR,Americas,YEAR,2023,,,,,,,,,7.27,7.27203751,,,,2025-12-05T13:23:08Z,2023,2023-01-01,2023-12-31
9229339,GHED_GGHE-DGGE_SHA2011,COUNTRY,SLB,WPR,Western Pacific,YEAR,2010,,,,,,,,,12.32,12.31774998,,,,2025-12-05T13:23:08Z,2010,2010-01-01,2010-12-31
9229410,GHED_GGHE-DGGE_SHA2011,COUNTRY,MNG,WPR,Western Pacific,YEAR,2015,,,,,,,,,7.73,7.72666168,,,,2025-12-05T13:23:08Z,2015,2015-01-01,2015-12-31
9229638,GHED_GGHE-DGGE_SHA2011,COUNTRY,VCT,AMR,Americas,YEAR,2015,,,,,,,,,9.15,9.15348911,,,,2025-12-05T13:23:08Z,2015,2015-01-01,2015-12-31
9230494,GHED_GGHE-DGGE_SHA2011,COUNTRY,VUT,WPR,Western Pacific,YEAR,2008,,,,,,,,,8.18,8.17712116,,,,2025-12-05T13:23:08Z,2008,2008-01-01,2008-12-31
9230602,GHED_GGHE-DGGE_SHA2011,COUNTRY,HND,AMR,Americas,YEAR,2015,,,,,,,,,11.33,11.32879734,,,,2025-12-05T13:23:08Z,2015,2015-01-01,2015-12-31
9231294,GHED_GGHE-DGGE_SHA2011,COUNTRY,VNM,WPR,Western Pacific,YEAR,2009,,,,,,,,,6.85,6.85301065,,,,2025-12-05T13:23:08Z,2009,2009-01-01,2009-12-31
9234418,GHED_GGHE-DGGE_SHA2011,COUNTRY,IRL,EUR,Europe,YEAR,2014,,,,,,,,,18.02,18.02236557,,,,2025-12-05T13:23:08Z,2014,2014-01-01,2014-12-31
9235770,GHED_GGHE-DGGE_SHA2011,COUNTRY,SRB,EUR,Europe,YEAR,2015,,,,,,,,,11.92,11.91801167,,,,2025-12-05T13:23:08Z,2015,2015-01-01,2015-12-31
9236295,GHED_GGHE-DGGE_SHA2011,COUNTRY,IRL,EUR,Europe,YEAR,2022,,,,,,,,,22.37,22.36679268,,,,2025-12-05T13:23:08Z,2022,2022-01-01,2022-12-31
9237902,GHED_GGHE-DGGE_SHA2011,REGION,SEAR,,,YEAR,2001,,,,,,,,,5.72,5.7198565200000004,,,,2025-12-05T13:23:08Z,2001,2001-01-01,2001-12-31
9238799,GHED_GGHE-DGGE_SHA2011,COUNTRY,LBR,AFR,Africa,YEAR,2013,,,,,,,,,1.16,1.15725291,,,,2025-12-05T13:23:08Z,2013,2013-01-01,2013-12-31
9239309,GHED_GGHE-DGGE_SHA2011,COUNTRY,BRB,AMR,Americas,YEAR,2014,,,,,,,,,9.91,9.90992641,,,,2025-12-05T13:23:08Z,2014,2014-01-01,2014-12-31
9240886,GHED_GGHE-DGGE_SHA2011,COUNTRY,MMR,SEAR,South-East Asia,YEAR,2013,,,,,,,,,2.46,2.45782161,,,,2025-12-05T13:23:08Z,2013,2013-01-01,2013-12-31
9241424,GHED_GGHE-DGGE_SHA2011,COUNTRY,PHL,WPR,Western Pacific,YEAR,2002,,,,,,,,,4.75,4.75280809,,,,2025-12-05T13:23:08Z,2002,2002-01-01,2002-12-31
9243926,GHED_GGHE-DGGE_SHA2011,COUNTRY,BRB,AMR,Americas,YEAR,2001,,,,,,,,,12.38,12.37926769,,,,2025-12-05T13:23:08Z,2001,2001-01-01,2001-12-31
9245981,GHED_GGHE-DGGE_SHA2011,COUNTRY,WSM,WPR,Western Pacific,YEAR,2023,,,,,,,,,14.63,14.63303661,,,,2025-12-05T13:23:08Z,2023,2023-01-01,2023-12-31
9246741,GHED_GGHE-DGGE_SHA2011,COUNTRY,SYC,AFR,Africa,YEAR,2009,,,,,,,,,7.43,7.43247128,,,,2025-12-05T13:23:08Z,2009,2009-01-01,2009-12-31
9247413,GHED_GGHE-DGGE_SHA2011,COUNTRY,CZE,EUR,Europe,YEAR,2017,,,,,,,,,15.91,15.91202831,,,,2025-12-05T13:23:08Z,2017,2017-01-01,2017-12-31
9253299,GHED_GGHE-DGGE_SHA2011,COUNTRY,AGO,AFR,Africa,YEAR,2009,,,,,,,,,5.78,5.77788925,,,,2025-12-05T13:23:08Z,2009,2009-01-01,2009-12-31
9254073,GHED_GGHE-DGGE_SHA2011,COUNTRY,CRI,AMR,Americas,YEAR,2022,,,,,,,,,25.82,25.81614685,,,,2025-12-05T13:23:08Z,2022,2022-01-01,2022-12-31
9255271,GHED_GGHE-DGGE_SHA2011,COUNTRY,CZE,EUR,Europe,YEAR,2008,,,,,,,,,12.55,12.54553795,,,,2025-12-05T13:23:08Z,2008,2008-01-01,2008-12-31
9256129,GHED_GGHE-DGGE_SHA2011,COUNTRY,CHE,EUR,Europe,YEAR,2001,,,,,,,,,8.70,8.69527817,,,,2025-12-05T13:23:08Z,2001,2001-01-01,2001-12-31
9257069,GHED_GGHE-DGGE_SHA2011,WORLDBANKINCOMEGROUP,WB_LI,,,YEAR,2011,,,,,,,,,5.31,5.30667672,,,,2025-12-05T13:23:08Z,2011,2011-01-01,2011-12-31
9257152,GHED_GGHE-DGGE_SHA2011,REGION,SEAR,,,YEAR,2006,,,,,,,,,6.43,6.43175662,,,,2025-12-05T13:23:08Z,2006,2006-01-01,2006-12-31
9257258,GHED_GGHE-DGGE_SHA2011,COUNTRY,GEO,EUR,Europe,YEAR,2010,,,,,,,,,6.15,6.15339756,,,,2025-12-05T13:23:08Z,2010,2010-01-01,2010-12-31
9258523,GHED_GGHE-DGGE_SHA2011,COUNTRY,NLD,EUR,Europe,YEAR,2018,,,,,,,,,15.26,15.25544453,,,,2025-12-05T13:23:08Z,2018,2018-01-01,2018-12-31
9260438,GHED_GGHE-DGGE_SHA2011,COUNTRY,ECU,AMR,Americas,YEAR,2005,,,,,,,,,7.87,7.86558485,,,,2025-12-05T13:23:08Z,2005,2005-01-01,2005-12-31
9263468,GHED_GGHE-DGGE_SHA2011,COUNTRY,MDG,AFR,Africa,YEAR,2018,,,,,,,,,10.43,10.42956638,,,,2025-12-05T13:23:08Z,2018,2018-01-01,2018-12-31
9263591,GHED_GGHE-DGGE_SHA2011,COUNTRY,AZE,EUR,Europe,YEAR,2013,,,,,,,,,2.82,2.82228613,,,,2025-12-05T13:23:08Z,2013,2013-01-01,2013-12-31
9265303,GHED_GGHE-DGGE_SHA2011,COUNTRY,SDN,EMR,Eastern Mediterranean,YEAR,2022,,,,,,,,,4.62,4.62260628,,,,2025-12-05T13:23:08Z,2022,2022-01-01,2022-12-31
9270876,GHED_GGHE-DGGE_SHA2011,COUNTRY,PAK,EMR,Eastern Mediterranean,YEAR,2010,,,,,,,,,2.89,2.88974142,,,,2025-12-05T13:23:08Z,2010,2010-01-01,2010-12-31
9272879,GHED_GGHE-DGGE_SHA2011,COUNTRY,LTU,EUR,Europe,YEAR,2017,,,,,,,,,12.64,12.64312267,,,,2025-12-05T13:23:08Z,2017,2017-01-01,2017-12-31
9274127,GHED_GGHE-DGGE_SHA2011,COUNTRY,HND,AMR,Americas,YEAR,2012,,,,,,,,,12.84,12.83597755,,,,2025-12-05T13:23:08Z,2012,2012-01-01,2012-12-31
9276018,GHED_GGHE-DGGE_SHA2011,COUNTRY,COK,WPR,Western Pacific,YEAR,2004,,,,,,,,,9.63,9.63331604,,,,2025-12-05T13:23:08Z,2004,2004-01-01,2004-12-31
9282392,GHED_GGHE-DGGE_SHA2011,COUNTRY,MKD,EUR,Europe,YEAR,2011,,,,,,,,,12.74,12.73551083,,,,2025-12-05T13:23:08Z,2011,2011-01-01,2011-12-31
9282879,GHED_GGHE-DGGE_SHA2011,COUNTRY,ALB,EUR,Europe,YEAR,2001,,,,,,,,,8.42,8.42368317,,,,2025-12-05T13:23:08Z,2001,2001-01-01,2001-12-31
9284165,GHED_GGHE-DGGE_SHA2011,COUNTRY,ISL,EUR,Europe,YEAR,2020,,,,,,,,,15.76,15.75627518,,,,2025-12-05T13:23:08Z,2020,2020-01-01,2020-12-31
9293530,GHED_GGHE-DGGE_SHA2011,COUNTRY,JOR,EMR,Eastern Mediterranean,YEAR,2013,,,,,,,,,13.13,13.12652111,,,,2025-12-05T13:23:08Z,2013,2013-01-01,2013-12-31
9295763,GHED_GGHE-DGGE_SHA2011,COUNTRY,COL,AMR,Americas,YEAR,2001,,,,,,,,,15.38,15.37750435,,,,2025-12-05T13:23:08Z,2001,2001-01-01,2001-12-31
9300159,GHED_GGHE-DGGE_SHA2011,COUNTRY,BLZ,AMR,Americas,YEAR,2001,,,,,,,,,6.83,6.8270483,,,,2025-12-05T13:23:08Z,2001,2001-01-01,2001-12-31
9301569,GHED_GGHE-DGGE_SHA2011,COUNTRY,LBN,EMR,Eastern Mediterranean,YEAR,2018,,,,,,,,,11.67,11.66725445,,,,2025-12-05T13:23:08Z,2018,2018-01-01,2018-12-31
9302019,GHED_GGHE-DGGE_SHA2011,COUNTRY,BGR,EUR,Europe,YEAR,2014,,,,,,,,,10.36,10.36410141,,,,2025-12-05T13:23:08Z,2014,2014-01-01,2014-12-31
9302329,GHED_GGHE-DGGE_SHA2011,COUNTRY,YEM,EMR,Eastern Mediterranean,YEAR,2016,,,,,,,,,3.36,3.36463666,,,,2025-12-05T13:23:08Z,2016,2016-01-01,2016-12-31
9303334,GHED_GGHE-DGGE_SHA2011,COUNTRY,ZWE,AFR,Africa,YEAR,2013,,,,,,,,,8.07,8.07236576,,,,2025-12-05T13:23:08Z,2013,2013-01-01,2013-12-31
9304691,GHED_GGHE-DGGE_SHA2011,COUNTRY,CHL,AMR,Americas,YEAR,2009,,,,,,,,,13.60,13.60349178,,,,2025-12-05T13:23:08Z,2009,2009-01-01,2009-12-31
9306920,GHED_GGHE-DGGE_SHA2011,COUNTRY,EST,EUR,Europe,YEAR,2004,,,,,,,,,11.51,11.50922489,,,,2025-12-05T13:23:08Z,2004,2004-01-01,2004-12-31
9308564,GHED_GGHE-DGGE_SHA2011,COUNTRY,CHN,WPR,Western Pacific,YEAR,2012,,,,,,,,,9.04,9.03729343,,,,2025-12-05T13:23:08Z,2012,2012-01-01,2012-12-31
9308812,GHED_GGHE-DGGE_SHA2011,COUNTRY,CMR,AFR,Africa,YEAR,2020,,,,,,,,,3.66,3.65950561,,,,2025-12-05T13:23:08Z,2020,2020-01-01,2020-12-31
9309513,GHED_GGHE-DGGE_SHA2011,COUNTRY,MEX,AMR,Americas,YEAR,2006,,,,,,,,,10.73,10.73126125,,,,2025-12-05T13:23:08Z,2006,2006-01-01,2006-12-31
9312550,GHED_GGHE-DGGE_SHA2011,COUNTRY,ETH,AFR,Africa,YEAR,2022,,,,,,,,,5.68,5.67670202,,,,2025-12-05T13:23:08Z,2022,2022-01-01,2022-12-31
9313810,GHED_GGHE-DGGE_SHA2011,COUNTRY,CPV,AFR,Africa,YEAR,2001,,,,,,,,,11.17,11.17305183,,,,2025-12-05T13:23:08Z,2001,2001-01-01,2001-12-31
9315682,GHED_GGHE-DGGE_SHA2011,COUNTRY,ERI,AFR,Africa,YEAR,2000,,,,,,,,,2.42,2.42206764,,,,2025-12-05T13:23:08Z,2000,2000-01-01,2000-12-31
9316812,GHED_GGHE-DGGE_SHA2011,COUNTRY,PHL,WPR,Western Pacific,YEAR,2021,,,,,,,,,9.82,9.82003498,,,,2025-12-05T13:23:08Z,2021,2021-01-01,2021-12-31
9318194,GHED_GGHE-DGGE_SHA2011,COUNTRY,MHL,WPR,Western Pacific,YEAR,2010,,,,,,,,,8.18,8.17608261,,,,2025-12-05T13:23:08Z,2010,2010-01-01,2010-12-31
9318718,GHED_GGHE-DGGE_SHA2011,COUNTRY,LVA,EUR,Europe,YEAR,2010,,,,,,,,,7.99,7.99293184,,,,2025-12-05T13:23:08Z,2010,2010-01-01,2010-12-31
9318760,GHED_GGHE-DGGE_SHA2011,COUNTRY,SGP,WPR,Western Pacific,YEAR,2001,,,,,,,,,4.87,4.87020969,,,,2025-12-05T13:23:08Z,2001,2001-01-01,2001-12-31
9321173,GHED_GGHE-DGGE_SHA2011,COUNTRY,MWI,AFR,Africa,YEAR,2018,,,,,,,,,8.71,8.7133112,,,,2025-12-05T13:23:08Z,2018,2018-01-01,2018-12-31
9324444,GHED_GGHE-DGGE_SHA2011,COUNTRY,IRQ,EMR,Eastern Mediterranean,YEAR,2008,,,,,,,,,4.14,4.14425755,,,,2025-12-05T13:23:08Z,2008,2008-01-01,2008-12-31
9324612,GHED_GGHE-DGGE_SHA2011,COUNTRY,MOZ,AFR,Africa,YEAR,2002,,,,,,,,,6.32,6.31664944,,,,2025-12-05T13:23:08Z,2002,2002-01-01,2002-12-31
9331562,GHED_GGHE-DGGE_SHA2011,COUNTRY,CHE,EUR,Europe,YEAR,2015,,,,,,,,,10.92,10.92490101,,,,2025-12-05T13:23:08Z,2015,2015-01-01,2015-12-31
9331810,GHED_GGHE-DGGE_SHA2011,COUNTRY,MHL,WPR,Western Pacific,YEAR,2005,,,,,,,,,6.46,6.46421432,,,,2025-12-05T13:23:08Z,2005,2005-01-01,2005-12-31
9332861,GHED_GGHE-DGGE_SHA2011,COUNTRY,FSM,WPR,Western Pacific,YEAR,2007,,,,,,,,,1.71,1.70677793,,,,2025-12-05T13:23:08Z,2007,2007-01-01,2007-12-31
9335373,GHED_GGHE-DGGE_SHA2011,COUNTRY,FIN,EUR,Europe,YEAR,2011,,,,,,,,,13.59,13.58701611,,,,2025-12-05T13:23:08Z,2011,2011-01-01,2011-12-31
9336293,GHED_GGHE-DGGE_SHA2011,COUNTRY,DJI,EMR,Eastern Mediterranean,YEAR,2003,,,,,,,,,5.82,5.81530714,,,,2025-12-05T13:23:08Z,2003,2003-01-01,2003-12-31
9336372,GHED_GGHE-DGGE_SHA2011,COUNTRY,CMR,AFR,Africa,YEAR,2013,,,,,,,,,2.50,2.50095606,,,,2025-12-05T13:23:08Z,2013,2013-01-01,2013-12-31
9343118,GHED_GGHE-DGGE_SHA2011,COUNTRY,BRB,AMR,Americas,YEAR,2020,,,,,,,,,10.96,10.96432972,,,,2025-12-05T13:23:08Z,2020,2020-01-01,2020-12-31
9345712,GHED_GGHE-DGGE_SHA2011,COUNTRY,ARE,EMR,Eastern Mediterranean,YEAR,2021,,,,,,,,,12.89,12.8867445,,,,2025-12-05T13:23:08Z,2021,2021-01-01,2021-12-31
9346729,GHED_GGHE-DGGE_SHA2011,REGION,WPR,,,YEAR,2021,,,,,,,,,10.64,10.63757638,,,,2025-12-05T13:23:08Z,2021,2021-01-01,2021-12-31
9347321,GHED_GGHE-DGGE_SHA2011,COUNTRY,IRL,EUR,Europe,YEAR,2016,,,,,,,,,19.26,19.26259613,,,,2025-12-05T13:23:08Z,2016,2016-01-01,2016-12-31
9347774,GHED_GGHE-DGGE_SHA2011,COUNTRY,MLT,EUR,Europe,YEAR,2009,,,,,,,,,12.45,12.44588757,,,,2025-12-05T13:23:08Z,2009,2009-01-01,2009-12-31
9348157,GHED_GGHE-DGGE_SHA2011,COUNTRY,PLW,WPR,Western Pacific,YEAR,2015,,,,,,,,,13.99,13.99006367,,,,2025-12-05T13:23:08Z,2015,2015-01-01,2015-12-31
9350957,GHED_GGHE-DGGE_SHA2011,COUNTRY,BDI,AFR,Africa,YEAR,2012,,,,,,,,,7.11,7.11028194,,,,2025-12-05T13:23:08Z,2012,2012-01-01,2012-12-31
9355415,GHED_GGHE-DGGE_SHA2011,COUNTRY,BRB,AMR,Americas,YEAR,2011,,,,,,,,,10.61,10.61124134,,,,2025-12-05T13:23:08Z,2011,2011-01-01,2011-12-31
9357254,GHED_GGHE-DGGE_SHA2011,COUNTRY,NZL,WPR,Western Pacific,YEAR,2019,,,,,,,,,16.20,16.19778824,,,,2025-12-05T13:23:08Z,2019,2019-01-01,2019-12-31
9358242,GHED_GGHE-DGGE_SHA2011,COUNTRY,BLR,EUR,Europe,YEAR,2012,,,,,,,,,8.85,8.85453033,,,,2025-12-05T13:23:08Z,2012,2012-01-01,2012-12-31
9363102,GHED_GGHE-DGGE_SHA2011,COUNTRY,AFG,EMR,Eastern Mediterranean,YEAR,2016,,,,,,,,,2.14,2.14110541,,,,2025-12-05T13:23:08Z,2016,2016-01-01,2016-12-31
9366619,GHED_GGHE-DGGE_SHA2011,COUNTRY,ZWE,AFR,Africa,YEAR,2022,,,,,,,,,4.74,4.7405839,,,,2025-12-05T13:23:08Z,2022,2022-01-01,2022-12-31
9369728,GHED_GGHE-DGGE_SHA2011,COUNTRY,SVN,EUR,Europe,YEAR,2001,,,,,,,,,11.42,11.41798592,,,,2025-12-05T13:23:08Z,2001,2001-01-01,2001-12-31
9371638,GHED_GGHE-DGGE_SHA2011,COUNTRY,IDN,WPR,Western Pacific,YEAR,2023,,,,,,,,,8.52,8.52073097,,,,2025-12-05T13:23:08Z,2023,2023-01-01,2023-12-31
9373143,GHED_GGHE-DGGE_SHA2011,COUNTRY,FIN,EUR,Europe,YEAR,2020,,,,,,,,,13.97,13.97476864,,,,2025-12-05T13:23:08Z,2020,2020-01-01,2020-12-31
9373702,GHED_GGHE-DGGE_SHA2011,COUNTRY,MMR,SEAR,South-East Asia,YEAR,2010,,,,,,,,,1.23,1.22740936,,,,2025-12-05T13:23:08Z,2010,2010-01-01,2010-12-31
9374516,GHED_GGHE-DGGE_SHA2011,COUNTRY,ZMB,AFR,Africa,YEAR,2011,,,,,,,,,8.06,8.0581131,,,,2025-12-05T13:23:08Z,2011,2011-01-01,2011-12-31
9377023,GHED_GGHE-DGGE_SHA2011,COUNTRY,SVK,EUR,Europe,YEAR,2015,,,,,,,,,12.03,12.02904129,,,,2025-12-05T13:23:08Z,2015,2015-01-01,2015-12-31
9379984,GHED_GGHE-DGGE_SHA2011,COUNTRY,NPL,SEAR,South-East Asia,YEAR,2015,,,,,,,,,5.15,5.1459527,,,,2025-12-05T13:23:08Z,2015,2015-01-01,2015-12-31
9380448,GHED_GGHE-DGGE_SHA2011,COUNTRY,BFA,AFR,Africa,YEAR,2010,,,,,,,,,6.03,6.03235245,,,,2025-12-05T13:23:08Z,2010,2010-01-01,2010-12-31
9381296,GHED_GGHE-DGGE_SHA2011,COUNTRY,MRT,AFR,Africa,YEAR,2010,,,,,,,,,4.22,4.22304821,,,,2025-12-05T13:23:08Z,2010,2010-01-01,2010-12-31
9384396,GHED_GGHE-DGGE_SHA2011,COUNTRY,BRN,WPR,Western Pacific,YEAR,2008,,,,,,,,,6.21,6.20709467,,,,2025-12-05T13:23:08Z,2008,2008-01-01,2008-12-31
9384683,GHED_GGHE-DGGE_SHA2011,COUNTRY,IND,SEAR,South-East Asia,YEAR,2013,,,,,,,,,3.24,3.23883247,,,,2025-12-05T13:23:08Z,2013,2013-01-01,2013-12-31
9388359,GHED_GGHE-DGGE_SHA2011,COUNTRY,IRN,EMR,Eastern Mediterranean,YEAR,2007,,,,,,,,,11.53,11.53469467,,,,2025-12-05T13:23:08Z,2007,2007-01-01,2007-12-31
9389933,GHED_GGHE-DGGE_SHA2011,COUNTRY,HUN,EUR,Europe,YEAR,2021,,,,,,,,,11.02,11.01647377,,,,2025-12-05T13:23:08Z,2021,2021-01-01,2021-12-31
9390571,GHED_GGHE-DGGE_SHA2011,COUNTRY,THA,SEAR,South-East Asia,YEAR,2014,,,,,,,,,12.66,12.66222954,,,,2025-12-05T13:23:08Z,2014,2014-01-01,2014-12-31
9394030,GHED_GGHE-DGGE_SHA2011,COUNTRY,CAN,AMR,Americas,YEAR,2008,,,,,,,,,17.28,17.28190994,,,,2025-12-05T13:23:08Z,2008,2008-01-01,2008-12-31
9396064,GHED_GGHE-DGGE_SHA2011,COUNTRY,SSD,AFR,Africa,YEAR,2020,,,,,,,,,2.11,2.10620522,,,,2025-12-05T13:23:08Z,2020,2020-01-01,2020-12-31
9397311,GHED_GGHE-DGGE_SHA2011,COUNTRY,UKR,EUR,Europe,YEAR,2009,,,,,,,,,7.92,7.91855955,,,,2025-12-05T13:23:08Z,2009,2009-01-01,2009-12-31
9401025,GHED_GGHE-DGGE_SHA2011,COUNTRY,NIU,WPR,Western Pacific,YEAR,2003,,,,,,,,,9.38,9.375,,,,2025-12-05T13:23:08Z,2003,2003-01-01,2003-12-31
9401562,GHED_GGHE-DGGE_SHA2011,COUNTRY,BRA,AMR,Americas,YEAR,2011,,,,,,,,,8.80,8.80345917,,,,2025-12-05T13:23:08Z,2011,2011-01-01,2011-12-31
9406512,GHED_GGHE-DGGE_SHA2011,COUNTRY,MDA,EUR,Europe,YEAR,2020,,,,,,,,,12.38,12.3761425,,,,2025-12-05T13:23:08Z,2020,2020-01-01,2020-12-31
9409383,GHED_GGHE-DGGE_SHA2011,COUNTRY,TUN,EMR,Eastern Mediterranean,YEAR,2007,,,,,,,,,11.85,11.84733677,,,,2025-12-05T13:23:08Z,2007,2007-01-01,2007-12-31
9409818,GHED_GGHE-DGGE_SHA2011,COUNTRY,GRC,EUR,Europe,YEAR,2013,,,,,,,,,8.19,8.19275188,,,,2025-12-05T13:23:08Z,2013,2013-01-01,2013-12-31
9413137,GHED_GGHE-DGGE_SHA2011,COUNTRY,EST,EUR,Europe,YEAR,2007,,,,,,,,,11.45,11.45343685,,,,2025-12-05T13:23:08Z,2007,2007-01-01,2007-12-31
9414146,GHED_GGHE-DGGE_SHA2011,COUNTRY,CUB,AMR,Americas,YEAR,2022,,,,,,,,,21.04,21.03963661,,,,2025-12-05T13:23:08Z,2022,2022-01-01,2022-12-31
9414390,GHED_GGHE-DGGE_SHA2011,COUNTRY,ISL,EUR,Europe,YEAR,2002,,,,,,,,,16.84,16.83500099,,,,2025-12-05T13:23:08Z,2002,2002-01-01,2002-12-31
9415908,GHED_GGHE-DGGE_SHA2011,COUNTRY,ZAF,AFR,Africa,YEAR,2012,,,,,,,,,14.47,14.46731377,,,,2025-12-05T13:23:08Z,2012,2012-01-01,2012-12-31
9416302,GHED_GGHE-DGGE_SHA2011,COUNTRY,FJI,WPR,Western Pacific,YEAR,2020,,,,,,,,,8.68,8.6814642,,,,2025-12-05T13:23:08Z,2020,2020-01-01,2020-12-31
9416788,GHED_GGHE-DGGE_SHA2011,COUNTRY,GRC,EUR,Europe,YEAR,2000,,,,,,,,,9.61,9.61341953,,,,2025-12-05T13:23:08Z,2000,2000-01-01,2000-12-31
9417295,GHED_GGHE-DGGE_SHA2011,COUNTRY,WSM,WPR,Western Pacific,YEAR,2007,,,,,,,,,10.56,10.55648518,,,,2025-12-05T13:23:08Z,2007,2007-01-01,2007-12-31
9418119,GHED_GGHE-DGGE_SHA2011,COUNTRY,SUR,AMR,Americas,YEAR,2010,,,,,,,,,9.47,9.46824646,,,,2025-12-05T13:23:08Z,2010,2010-01-01,2010-12-31
9418547,GHED_GGHE-DGGE_SHA2011,COUNTRY,PRY,AMR,Americas,YEAR,2000,,,,,,,,,11.85,11.8494072,,,,2025-12-05T13:23:08Z,2000,2000-01-01,2000-12-31
9422873,GHED_GGHE-DGGE_SHA2011,COUNTRY,HRV,EUR,Europe,YEAR,2020,,,,,,,,,11.71,11.70917988,,,,2025-12-05T13:23:08Z,2020,2020-01-01,2020-12-31
9423432,GHED_GGHE-DGGE_SHA2011,COUNTRY,CIV,AFR,Africa,YEAR,2019,,,,,,,,,5.60,5.60127592,,,,2025-12-05T13:23:08Z,2019,2019-01-01,2019-12-31
9423598,GHED_GGHE-DGGE_SHA2011,COUNTRY,SGP,WPR,Western Pacific,YEAR,2014,,,,,,,,,13.66,13.65520763,,,,2025-12-05T13:23:08Z,2014,2014-01-01,2014-12-31
9425593,GHED_GGHE-DGGE_SHA2011,COUNTRY,COG,AFR,Africa,YEAR,2003,,,,,,,,,1.86,1.85525787,,,,2025-12-05T13:23:08Z,2003,2003-01-01,2003-12-31
9426939,GHED_GGHE-DGGE_SHA2011,COUNTRY,SSD,AFR,Africa,YEAR,2019,,,,,,,,,2.11,2.10620522,,,,2025-12-05T13:23:08Z,2019,2019-01-01,2019-12-31
9429528,GHED_GGHE-DGGE_SHA2011,COUNTRY,STP,AFR,Africa,YEAR,2016,,,,,,,,,8.00,8.00215721,,,,2025-12-05T13:23:08Z,2016,2016-01-01,2016-12-31
9430301,GHED_GGHE-DGGE_SHA2011,COUNTRY,MUS,AFR,Africa,YEAR,2021,,,,,,,,,10.90,10.8982172,,,,2025-12-05T13:23:08Z,2021,2021-01-01,2021-12-31
9431157,GHED_GGHE-DGGE_SHA2011,COUNTRY,ISL,EUR,Europe,YEAR,2008,,,,,,,,,10.82,10.82198143,,,,2025-12-05T13:23:08Z,2008,2008-01-01,2008-12-31
9435341,GHED_GGHE-DGGE_SHA2011,COUNTRY,MMR,SEAR,South-East Asia,YEAR,2008,,,,,,,,,1.19,1.19463682,,,,2025-12-05T13:23:08Z,2008,2008-01-01,2008-12-31
9442217,GHED_GGHE-DGGE_SHA2011,COUNTRY,QAT,EMR,Eastern Mediterranean,YEAR,2014,,,,,,,,,6.50,6.50387287,,,,2025-12-05T13:23:08Z,2014,2014-01-01,2014-12-31
9446960,GHED_GGHE-DGGE_SHA2011,COUNTRY,IRQ,EMR,Eastern Mediterranean,YEAR,2016,,,,,,,,,5.98,5.98492527,,,,2025-12-05T13:23:08Z,2016,2016-01-01,2016-12-31
9447111,GHED_GGHE-DGGE_SHA2011,COUNTRY,YEM,EMR,Eastern Mediterranean,YEAR,2000,,,,,,,,,7.49,7.48521662,,,,2025-12-05T13:23:08Z,2000,2000-01-01,2000-12-31
9447488,GHED_GGHE-DGGE_SHA2011,COUNTRY,SMR,EUR,Europe,YEAR,2016,,,,,,,,,31.49,31.49183083,,,,2025-12-05T13:23:08Z,2016,2016-01-01,2016-12-31
9448959,GHED_GGHE-DGGE_SHA2011,COUNTRY,RWA,AFR,Africa,YEAR,2022,,,,,,,,,8.20,8.20253277,,,,2025-12-05T13:23:08Z,2022,2022-01-01,2022-12-31
9451519,GHED_GGHE-DGGE_SHA2011,COUNTRY,ERI,AFR,Africa,YEAR,2009,,,,,,,,,2.37,2.37287188,,,,2025-12-05T13:23:08Z,2009,2009-01-01,2009-12-31
9452556,GHED_GGHE-DGGE_SHA2011,COUNTRY,AND,EUR,Europe,YEAR,2004,,,,,,,,,27.71,27.70528984,,,,2025-12-05T13:23:08Z,2004,2004-01-01,2004-12-31
9452980,GHED_GGHE-DGGE_SHA2011,COUNTRY,TUR,EUR,Europe,YEAR,2017,,,,,,,,,9.96,9.96030045,,,,2025-12-05T13:23:08Z,2017,2017-01-01,2017-12-31
9456206,GHED_GGHE-DGGE_SHA2011,COUNTRY,KAZ,EUR,Europe,YEAR,2013,,,,,,,,,9.32,9.324193,,,,2025-12-05T13:23:08Z,2013,2013-01-01,2013-12-31
9456726,GHED_GGHE-DGGE_SHA2011,COUNTRY,SLB,WPR,Western Pacific,YEAR,2001,,,,,,,,,33.22,33.21530533,,,,2025-12-05T13:23:08Z,2001,2001-01-01,2001-12-31
9457029,GHED_GGHE-DGGE_SHA2011,COUNTRY,TJK,EUR,Europe,YEAR,2016,,,,,,,,,6.09,6.09424782,,,,2025-12-05T13:23:08Z,2016,2016-01-01,2016-12-31
9457667,GHED_GGHE-DGGE_SHA2011,COUNTRY,BGD,SEAR,South-East Asia,YEAR,2006,,,,,,,,,4.73,4.7282033,,,,2025-12-05T13:23:08Z,2006,2006-01-01,2006-12-31
9458745,GHED_GGHE-DGGE_SHA2011,COUNTRY,YEM,EMR,Eastern Mediterranean,YEAR,2005,,,,,,,,,4.50,4.50115108,,,,2025-12-05T13:23:08Z,2005,2005-01-01,2005-12-31
9460820,GHED_GGHE-DGGE_SHA2011,COUNTRY,BRN,WPR,Western Pacific,YEAR,2009,,,,,,,,,6.22,6.21688652,,,,2025-12-05T13:23:08Z,2009,2009-01-01,2009-12-31
9461321,GHED_GGHE-DGGE_SHA2011,COUNTRY,BRB,AMR,Americas,YEAR,2013,,,,,,,,,10.81,10.8070507,,,,2025-12-05T13:23:08Z,2013,2013-01-01,2013-12-31
9462262,GHED_GGHE-DGGE_SHA2011,COUNTRY,PHL,WPR,Western Pacific,YEAR,2008,,,,,,,,,6.51,6.51014423,,,,2025-12-05T13:23:08Z,2008,2008-01-01,2008-12-31
9463467,GHED_GGHE-DGGE_SHA2011,COUNTRY,MCO,EUR,Europe,YEAR,2011,,,,,,,,,19.11,19.10724831,,,,2025-12-05T13:23:08Z,2011,2011-01-01,2011-12-31
9464905,GHED_GGHE-DGGE_SHA2011,COUNTRY,LTU,EUR,Europe,YEAR,2013,,,,,,,,,11.30,11.29727268,,,,2025-12-05T13:23:08Z,2013,2013-01-01,2013-12-31
9466538,GHED_GGHE-DGGE_SHA2011,COUNTRY,TJK,EUR,Europe,YEAR,2013,,,,,,,,,6.87,6.86730862,,,,2025-12-05T13:23:08Z,2013,2013-01-01,2013-12-31
9472471,GHED_GGHE-DGGE_SHA2011,COUNTRY,BTN,SEAR,South-East Asia,YEAR,2006,,,,,,,,,6.83,6.82967377,,,,2025-12-05T13:23:08Z,2006,2006-01-01,2006-12-31
9472660,GHED_GGHE-DGGE_SHA2011,COUNTRY,SUR,AMR,Americas,YEAR,2016,,,,,,,,,13.71,13.70886993,,,,2025-12-05T13:23:08Z,2016,2016-01-01,2016-12-31
9480863,GHED_GGHE-DGGE_SHA2011,COUNTRY,COD,AFR,Africa,YEAR,2001,,,,,,,,,2.50,2.49895263,,,,2025-12-05T13:23:08Z,2001,2001-01-01,2001-12-31
9481261,GHED_GGHE-DGGE_SHA2011,COUNTRY,BFA,AFR,Africa,YEAR,2021,,,,,,,,,9.84,9.83841515,,,,2025-12-05T13:23:08Z,2021,2021-01-01,2021-12-31
9481337,GHED_GGHE-DGGE_SHA2011,COUNTRY,RUS,EUR,Europe,YEAR,2012,,,,,,,,,9.24,9.24172211,,,,2025-12-05T13:23:08Z,2012,2012-01-01,2012-12-31
9484209,GHED_GGHE-DGGE_SHA2011,COUNTRY,SVN,EUR,Europe,YEAR,2008,,,,,,,,,12.61,12.6067915,,,,2025-12-05T13:23:08Z,2008,2008-01-01,2008-12-31
9487302,GHED_GGHE-DGGE_SHA2011,COUNTRY,NRU,WPR,Western Pacific,YEAR,2002,,,,,,,,,19.85,19.84620094,,,,2025-12-05T13:23:08Z,2002,2002-01-01,2002-12-31
9489731,GHED_GGHE-DGGE_SHA2011,COUNTRY,CRI,AMR,Americas,YEAR,2010,,,,,,,,,32.18,32.18240356,,,,2025-12-05T13:23:08Z,2010,2010-01-01,2010-12-31
9493979,GHED_GGHE-DGGE_SHA2011,COUNTRY,LBR,AFR,Africa,YEAR,2007,,,,,,,,,4.25,4.25491762,,,,2025-12-05T13:23:08Z,2007,2007-01-01,2007-12-31
9495555,GHED_GGHE-DGGE_SHA2011,COUNTRY,THA,SEAR,South-East Asia,YEAR,2011,,,,,,,,,12.84,12.84227848,,,,2025-12-05T13:23:08Z,2011,2011-01-01,2011-12-31
9497375,GHED_GGHE-DGGE_SHA2011,COUNTRY,WSM,WPR,Western Pacific,YEAR,2006,,,,,,,,,12.42,12.41772175,,,,2025-12-05T13:23:08Z,2006,2006-01-01,2006-12-31
9498557,GHED_GGHE-DGGE_SHA2011,COUNTRY,LSO,AFR,Africa,YEAR,2009,,,,,,,,,7.32,7.32274485,,,,2025-12-05T13:23:08Z,2009,2009-01-01,2009-12-31
9499258,GHED_GGHE-DGGE_SHA2011,COUNTRY,PER,AMR,Americas,YEAR,2007,,,,,,,,,11.59,11.58643723,,,,2025-12-05T13:23:08Z,2007,2007-01-01,2007-12-31
9501020,GHED_GGHE-DGGE_SHA2011,COUNTRY,SWE,EUR,Europe,YEAR,2016,,,,,,,,,18.28,18.28416634,,,,2025-12-05T13:23:08Z,2016,2016-01-01,2016-12-31
9503377,GHED_GGHE-DGGE_SHA2011,REGION,AFR,,,YEAR,2003,,,,,,,,,7.28,7.27842926,,,,2025-12-05T13:23:08Z,2003,2003-01-01,2003-12-31
9504487,GHED_GGHE-DGGE_SHA2011,COUNTRY,MAR,EMR,Eastern Mediterranean,YEAR,2021,,,,,,,,,7.27,7.27273226,,,,2025-12-05T13:23:08Z,2021,2021-01-01,2021-12-31
9506331,GHED_GGHE-DGGE_SHA2011,COUNTRY,DMA,AMR,Americas,YEAR,2012,,,,,,,,,9.49,9.49375534,,,,2025-12-05T13:23:08Z,2012,2012-01-01,2012-12-31
9507420,GHED_GGHE-DGGE_SHA2011,COUNTRY,BGR,EUR,Europe,YEAR,2022,,,,,,,,,11.57,11.57172585,,,,2025-12-05T13:23:08Z,2022,2022-01-01,2022-12-31
9508943,GHED_GGHE-DGGE_SHA2011,COUNTRY,UGA,AFR,Africa,YEAR,2003,,,,,,,,,8.95,8.94976044,,,,2025-12-05T13:23:08Z,2003,2003-01-01,2003-12-31
9513585,GHED_GGHE-DGGE_SHA2011,COUNTRY,HTI,AMR,Americas,YEAR,2019,,,,,,,,,4.25,4.24965858,,,,2025-12-05T13:23:08Z,2019,2019-01-01,2019-12-31
9517415,GHED_GGHE-DGGE_SHA2011,COUNTRY,EST,EUR,Europe,YEAR,2010,,,,,,,,,11.89,11.89297581,,,,2025-12-05T13:23:08Z,2010,2010-01-01,2010-12-31
9518545,GHED_GGHE-DGGE_SHA2011,COUNTRY,UGA,AFR,Africa,YEAR,2014,,,,,,,,,7.01,7.00898075,,,,2025-12-05T13:23:08Z,2014,2014-01-01,2014-12-31
9518985,GHED_GGHE-DGGE_SHA2011,COUNTRY,LUX,EUR,Europe,YEAR,2015,,,,,,,,,10.63,10.63425922,,,,2025-12-05T13:23:08Z,2015,2015-01-01,2015-12-31
9519926,GHED_GGHE-DGGE_SHA2011,COUNTRY,KAZ,EUR,Europe,YEAR,2014,,,,,,,,,10.03,10.03429031,,,,2025-12-05T13:23:08Z,2014,2014-01-01,2014-12-31
9520808,GHED_GGHE-DGGE_SHA2011,COUNTRY,NIU,WPR,Western Pacific,YEAR,2015,,,,,,,,,5.59,5.58948946,,,,2025-12-05T13:23:08Z,2015,2015-01-01,2015-12-31
9523995,GHED_GGHE-DGGE_SHA2011,COUNTRY,PSE,EMR,Eastern Mediterranean,YEAR,2022,,,,,,,,,13.48,13.477678299999999,,,,2025-12-05T13:23:08Z,2022,2022-01-01,2022-12-31
9528415,GHED_GGHE-DGGE_SHA2011,COUNTRY,MDG,AFR,Africa,YEAR,2020,,,,,,,,,4.22,4.21817684,,,,2025-12-05T13:23:08Z,2020,2020-01-01,2020-12-31
9528981,GHED_GGHE-DGGE_SHA2011,COUNTRY,TKM,EUR,Europe,YEAR,2003,,,,,,,,,14.00,13.99738979,,,,2025-12-05T13:23:08Z,2003,2003-01-01,2003-12-31
9534037,GHED_GGHE-DGGE_SHA2011,WORLDBANKINCOMEGROUP,WB_LMI,,,YEAR,2014,,,,,,,,,6.94,6.94026025,,,,2025-12-05T13:23:08Z,2014,2014-01-01,2014-12-31
9535229,GHED_GGHE-DGGE_SHA2011,COUNTRY,GNB,AFR,Africa,YEAR,2003,,,,,,,,,2.52,2.52350521,,,,2025-12-05T13:23:08Z,2003,2003-01-01,2003-12-31
9537183,GHED_GGHE-DGGE_SHA2011,COUNTRY,DMA,AMR,Americas,YEAR,2008,,,,,,,,,7.29,7.2852678299999996,,,,2025-12-05T13:23:08Z,2008,2008-01-01,2008-12-31
9538218,GHED_GGHE-DGGE_SHA2011,COUNTRY,CHL,AMR,Americas,YEAR,2005,,,,,,,,,12.87,12.86940479,,,,2025-12-05T13:23:08Z,2005,2005-01-01,2005-12-31
9538245,GHED_GGHE-DGGE_SHA2011,COUNTRY,CYP,EUR,Europe,YEAR,2016,,,,,,,,,7.05,7.05495596,,,,2025-12-05T13:23:08Z,2016,2016-01-01,2016-12-31
9538614,GHED_GGHE-DGGE_SHA2011,COUNTRY,SLV,AMR,Americas,YEAR,2022,,,,,,,,,21.44,21.43788528,,,,2025-12-05T13:23:08Z,2022,2022-01-01,2022-12-31
9538658,GHED_GGHE-DGGE_SHA2011,COUNTRY,HND,AMR,Americas,YEAR,2013,,,,,,,,,11.81,11.81287098,,,,2025-12-05T13:23:08Z,2013,2013-01-01,2013-12-31
9541115,GHED_GGHE-DGGE_SHA2011,COUNTRY,DNK,EUR,Europe,YEAR,2009,,,,,,,,,15.94,15.9365654,,,,2025-12-05T13:23:08Z,2009,2009-01-01,2009-12-31
9544556,GHED_GGHE-DGGE_SHA2011,COUNTRY,HUN,EUR,Europe,YEAR,2002,,,,,,,,,9.67,9.66882706,,,,2025-12-05T13:23:08Z,2002,2002-01-01,2002-12-31
9545952,GHED_GGHE-DGGE_SHA2011,COUNTRY,HND,AMR,Americas,YEAR,2002,,,,,,,,,9.47,9.4749918,,,,2025-12-05T13:23:08Z,2002,2002-01-01,2002-12-31
9547356,GHED_GGHE-DGGE_SHA2011,COUNTRY,DNK,EUR,Europe,YEAR,2014,,,,,,,,,15.81,15.80607033,,,,2025-12-05T13:23:08Z,2014,2014-01-01,2014-12-31
9549713,GHED_GGHE-DGGE_SHA2011,COUNTRY,BDI,AFR,Africa,YEAR,2017,,,,,,,,,8.36,8.35758591,,,,2025-12-05T13:23:08Z,2017,2017-01-01,2017-12-31
9550734,GHED_GGHE-DGGE_SHA2011,COUNTRY,AZE,EUR,Europe,YEAR,2008,,,,,,,,,2.75,2.75191212,,,,2025-12-05T13:23:08Z,2008,2008-01-01,2008-12-31
9552940,GHED_GGHE-DGGE_SHA2011,COUNTRY,MOZ,AFR,Africa,YEAR,2004,,,,,,,,,6.32,6.31664944,,,,2025-12-05T13:23:08Z,2004,2004-01-01,2004-12-31
9553441,GHED_GGHE-DGGE_SHA2011,COUNTRY,COK,WPR,Western Pacific,YEAR,2019,,,,,,,,,9.34,9.3362999,,,,2025-12-05T13:23:08Z,2019,2019-01-01,2019-12-31
9555792,GHED_GGHE-DGGE_SHA2011,COUNTRY,LBN,EMR,Eastern Mediterranean,YEAR,2022,,,,,,,,,12.46,12.46416092,,,,2025-12-05T13:23:08Z,2022,2022-01-01,2022-12-31
9558880,GHED_GGHE-DGGE_SHA2011,COUNTRY,PLW,WPR,Western Pacific,YEAR,2016,,,,,,,,,13.91,13.90622139,,,,2025-12-05T13:23:08Z,2016,2016-01-01,2016-12-31
9558883,GHED_GGHE-DGGE_SHA2011,COUNTRY,SLV,AMR,Americas,YEAR,2004,,,,,,,,,18.68,18.6806469,,,,2025-12-05T13:23:08Z,2004,2004-01-01,2004-12-31
9560126,GHED_GGHE-DGGE_SHA2011,COUNTRY,KAZ,EUR,Europe,YEAR,2015,,,,,,,,,8.39,8.39476204,,,,2025-12-05T13:23:08Z,2015,2015-01-01,2015-12-31
9564256,GHED_GGHE-DGGE_SHA2011,COUNTRY,OMN,EMR,Eastern Mediterranean,YEAR,2014,,,,,,,,,6.81,6.81304836,,,,2025-12-05T13:23:08Z,2014,2014-01-01,2014-12-31
9565680,GHED_GGHE-DGGE_SHA2011,COUNTRY,LVA,EUR,Europe,YEAR,2013,,,,,,,,,8.42,8.42068386,,,,2025-12-05T13:23:08Z,2013,2013-01-01,2013-12-31
9566858,GHED_GGHE-DGGE_SHA2011,COUNTRY,ARM,EUR,Europe,YEAR,2011,,,,,,,,,6.70,6.70101976,,,,2025-12-05T13:23:08Z,2011,2011-01-01,2011-12-31
9570809,GHED_GGHE-DGGE_SHA2011,COUNTRY,SRB,EUR,Europe,YEAR,2020,,,,,,,,,11.00,10.999547,,,,2025-12-05T13:23:08Z,2020,2020-01-01,2020-12-31
9571732,GHED_GGHE-DGGE_SHA2011,COUNTRY,ZAF,AFR,Africa,YEAR,2004,,,,,,,,,12.03,12.0292511,,,,2025-12-05T13:23:08Z,2004,2004-01-01,2004-12-31
9575212,GHED_GGHE-DGGE_SHA2011,COUNTRY,NLD,EUR,Europe,YEAR,2007,,,,,,,,,13.70,13.70265675,,,,2025-12-05T13:23:08Z,2007,2007-01-01,2007-12-31
9575414,GHED_GGHE-DGGE_SHA2011,COUNTRY,ROU,EUR,Europe,YEAR,2007,,,,,,,,,10.91,10.90507507,,,,2025-12-05T13:23:08Z,2007,2007-01-01,2007-12-31
9581569,GHED_GGHE-DGGE_SHA2011,COUNTRY,RWA,AFR,Africa,YEAR,2014,,,,,,,,,7.98,7.98190641,,,,2025-12-05T13:23:08Z,2014,2014-01-01,2014-12-31
9582734,GHED_GGHE-DGGE_SHA2011,COUNTRY,TJK,EUR,Europe,YEAR,2000,,,,,,,,,4.89,4.89296627,,,,2025-12-05T13:23:08Z,2000,2000-01-01,2000-12-31
9583253,GHED_GGHE-DGGE_SHA2011,COUNTRY,GNB,AFR,Africa,YEAR,2022,,,,,,,,,4.88,4.8797121,,,,2025-12-05T13:23:08Z,2022,2022-01-01,2022-12-31
9586440,GHED_GGHE-DGGE_SHA2011,COUNTRY,ARM,EUR,Europe,YEAR,2001,,,,,,,,,5.66,5.66264772,,,,2025-12-05T13:23:08Z,2001,2001-01-01,2001-12-31
9588484,GHED_GGHE-DGGE_SHA2011,COUNTRY,BGD,SEAR,South-East Asia,YEAR,2009,,,,,,,,,4.12,4.11533833,,,,2025-12-05T13:23:08Z,2009,2009-01-01,2009-12-31
9589864,GHED_GGHE-DGGE_SHA2011,COUNTRY,IND,SEAR,South-East Asia,YEAR,2022,,,,,,,,,4.71,4.71439028,,,,2025-12-05T13:23:08Z,2022,2022-01-01,2022-12-31
9597444,GHED_GGHE-DGGE_SHA2011,COUNTRY,SRB,EUR,Europe,YEAR,2005,,,,,,,,,13.62,13.61884022,,,,2025-12-05T13:23:08Z,2005,2005-01-01,2005-12-31
9598703,GHED_GGHE-DGGE_SHA2011,COUNTRY,LSO,AFR,Africa,YEAR,2003,,,,,,,,,7.91,7.90826988,,,,2025-12-05T13:23:08Z,2003,2003-01-01,2003-12-31
9601439,GHED_GGHE-DGGE_SHA2011,COUNTRY,ISL,EUR,Europe,YEAR,2004,,,,,,,,,16.17,16.17471695,,,,2025-12-05T13:23:08Z,2004,2004-01-01,2004-12-31
9601517,GHED_GGHE-DGGE_SHA2011,COUNTRY,PHL,WPR,Western Pacific,YEAR,2014,,,,,,,,,7.51,7.50540447,,,,2025-12-05T13:23:08Z,2014,2014-01-01,2014-12-31
9602570,GHED_GGHE-DGGE_SHA2011,COUNTRY,ISL,EUR,Europe,YEAR,2006,,,,,,,,,15.57,15.56947994,,,,2025-12-05T13:23:08Z,2006,2006-01-01,2006-12-31
9602775,GHED_GGHE-DGGE_SHA2011,COUNTRY,LKA,SEAR,South-East Asia,YEAR,2016,,,,,,,,,8.56,8.56482697,,,,2025-12-05T13:23:08Z,2016,2016-01-01,2016-12-31
9603629,GHED_GGHE-DGGE_SHA2011,COUNTRY,TON,WPR,Western Pacific,YEAR,2005,,,,,,,,,13.11,13.10979271,,,,2025-12-05T13:23:08Z,2005,2005-01-01,2005-12-31
9605767,GHED_GGHE-DGGE_SHA2011,COUNTRY,BLZ,AMR,Americas,YEAR,2007,,,,,,,,,10.77,10.76810741,,,,2025-12-05T13:23:08Z,2007,2007-01-01,2007-12-31
9606047,GHED_GGHE-DGGE_SHA2011,COUNTRY,BGR,EUR,Europe,YEAR,2009,,,,,,,,,9.04,9.03616238,,,,2025-12-05T13:23:08Z,2009,2009-01-01,2009-12-31
9608643,GHED_GGHE-DGGE_SHA2011,REGION,EMR,,,YEAR,2010,,,,,,,,,7.23,7.23302351,,,,2025-12-05T13:23:08Z,2010,2010-01-01,2010-12-31
9609020,GHED_GGHE-DGGE_SHA2011,COUNTRY,TUV,WPR,Western Pacific,YEAR,2006,,,,,,,,,9.89,9.88550949,,,,2025-12-05T13:23:08Z,2006,2006-01-01,2006-12-31
9616201,GHED_GGHE-DGGE_SHA2011,COUNTRY,TUR,EUR,Europe,YEAR,2020,,,,,,,,,10.50,10.49731636,,,,2025-12-05T13:23:08Z,2020,2020-01-01,2020-12-31
9623099,GHED_GGHE-DGGE_SHA2011,COUNTRY,DNK,EUR,Europe,YEAR,2005,,,,,,,,,14.87,14.87260056,,,,2025-12-05T13:23:08Z,2005,2005-01-01,2005-12-31
9623282,GHED_GGHE-DGGE_SHA2011,COUNTRY,KGZ,EUR,Europe,YEAR,2019,,,,,,,,,7.09,7.09393597,,,,2025-12-05T13:23:08Z,2019,2019-01-01,2019-12-31
9624268,GHED_GGHE-DGGE_SHA2011,COUNTRY,BHS,AMR,Americas,YEAR,2006,,,,,,,,,12.73,12.72621727,,,,2025-12-05T13:23:08Z,2006,2006-01-01,2006-12-31
9627777,GHED_GGHE-DGGE_SHA2011,COUNTRY,JAM,AMR,Americas,YEAR,2018,,,,,,,,,13.04,13.03939724,,,,2025-12-05T13:23:08Z,2018,2018-01-01,2018-12-31
9631991,GHED_GGHE-DGGE_SHA2011,COUNTRY,COG,AFR,Africa,YEAR,2012,,,,,,,,,2.67,2.67131019,,,,2025-12-05T13:23:08Z,2012,2012-01-01,2012-12-31
9632321,GHED_GGHE-DGGE_SHA2011,COUNTRY,ERI,AFR,Africa,YEAR,2001,,,,,,,,,3.01,3.01020408,,,,2025-12-05T13:23:08Z,2001,2001-01-01,2001-12-31
9632696,GHED_GGHE-DGGE_SHA2011,COUNTRY,GUY,AMR,Americas,YEAR,2020,,,,,,,,,13.01,13.01163483,,,,2025-12-05T13:23:08Z,2020,2020-01-01,2020-12-31
9634295,GHED_GGHE-DGGE_SHA2011,COUNTRY,MUS,AFR,Africa,YEAR,2013,,,,,,,,,8.01,8.00718403,,,,2025-12-05T13:23:08Z,2013,2013-01-01,2013-12-31
9634459,GHED_GGHE-DGGE_SHA2011,COUNTRY,IRL,EUR,Europe,YEAR,2018,,,,,,,,,20.05,20.05216789,,,,2025-12-05T13:23:08Z,2018,2018-01-01,2018-12-31
9636823,GHED_GGHE-DGGE_SHA2011,COUNTRY,VCT,AMR,Americas,YEAR,2023,,,,,,,,,7.89,7.88985729,,,,2025-12-05T13:23:08Z,2023,2023-01-01,2023-12-31
9637791,GHED_GGHE-DGGE_SHA2011,COUNTRY,NLD,EUR,Europe,YEAR,2015,,,,,,,,,14.87,14.8721981,,,,2025-12-05T13:23:08Z,2015,2015-01-01,2015-12-31
9644645,GHED_GGHE-DGGE_SHA2011,COUNTRY,NAM,AFR,Africa,YEAR,2001,,,,,,,,,18.66,18.65596581,,,,2025-12-05T13:23:08Z,2001,2001-01-01,2001-12-31
9651091,GHED_GGHE-DGGE_SHA2011,COUNTRY,CHE,EUR,Europe,YEAR,2004,,,,,,,,,9.31,9.30845737,,,,2025-12-05T13:23:08Z,2004,2004-01-01,2004-12-31
9654074,GHED_GGHE-DGGE_SHA2011,COUNTRY,RWA,AFR,Africa,YEAR,2008,,,,,,,,,8.08,8.0763216,,,,2025-12-05T13:23:08Z,2008,2008-01-01,2008-12-31
9654594,GHED_GGHE-DGGE_SHA2011,COUNTRY,CHE,EUR,Europe,YEAR,2005,,,,,,,,,9.39,9.39204693,,,,2025-12-05T13:23:08Z,2005,2005-01-01,2005-12-31
9663754,GHED_GGHE-DGGE_SHA2011,COUNTRY,TUV,WPR,Western Pacific,YEAR,2011,,,,,,,,,15.07,15.06519794,,,,2025-12-05T13:23:08Z,2011,2011-01-01,2011-12-31
9668681,GHED_GGHE-DGGE_SHA2011,COUNTRY,AND,EUR,Europe,YEAR,2013,,,,,,,,,11.19,11.1890831,,,,2025-12-05T13:23:08Z,2013,2013-01-01,2013-12-31
9670159,GHED_GGHE-DGGE_SHA2011,COUNTRY,SLV,AMR,Americas,YEAR,2015,,,,,,,,,17.74,17.73853302,,,,2025-12-05T13:23:08Z,2015,2015-01-01,2015-12-31
9675359,GHED_GGHE-DGGE_SHA2011,COUNTRY,MDG,AFR,Africa,YEAR,2015,,,,,,,,,15.27,15.27427959,,,,2025-12-05T13:23:08Z,2015,2015-01-01,2015-12-31
9676066,GHED_GGHE-DGGE_SHA2011,WORLDBANKINCOMEGROUP,WB_HI,,,YEAR,2004,,,,,,,,,12.49,12.49301779,,,,2025-12-05T13:23:08Z,2004,2004-01-01,2004-12-31
9676494,GHED_GGHE-DGGE_SHA2011,COUNTRY,NPL,SEAR,South-East Asia,YEAR,2003,,,,,,,,,5.52,5.52154541,,,,2025-12-05T13:23:08Z,2003,2003-01-01,2003-12-31
9676841,GHED_GGHE-DGGE_SHA2011,COUNTRY,STP,AFR,Africa,YEAR,2001,,,,,,,,,7.03,7.02692604,,,,2025-12-05T13:23:08Z,2001,2001-01-01,2001-12-31
9678600,GHED_GGHE-DGGE_SHA2011,COUNTRY,BLZ,AMR,Americas,YEAR,2020,,,,,,,,,11.44,11.43843937,,,,2025-12-05T13:23:08Z,2020,2020-01-01,2020-12-31
9681735,GHED_GGHE-DGGE_SHA2011,COUNTRY,KWT,EMR,Eastern Mediterranean,YEAR,2005,,,,,,,,,5.38,5.38289976,,,,2025-12-05T13:23:08Z,2005,2005-01-01,2005-12-31
9682925,GHED_GGHE-DGGE_SHA2011,COUNTRY,MAR,EMR,Eastern Mediterranean,YEAR,2007,,,,,,,,,5.36,5.35828495,,,,2025-12-05T13:23:08Z,2007,2007-01-01,2007-12-31
9684668,GHED_GGHE-DGGE_SHA2011,COUNTRY,GIN,AFR,Africa,YEAR,2004,,,,,,,,,1.86,1.86152697,,,,2025-12-05T13:23:08Z,2004,2004-01-01,2004-12-31
9685435,GHED_GGHE-DGGE_SHA2011,COUNTRY,PRT,EUR,Europe,YEAR,2021,,,,,,,,,14.79,14.79358482,,,,2025-12-05T13:23:08Z,2021,2021-01-01,2021-12-31
9686606,GHED_GGHE-DGGE_SHA2011,COUNTRY,BTN,SEAR,South-East Asia,YEAR,2015,,,,,,,,,9.26,9.26426601,,,,2025-12-05T13:23:08Z,2015,2015-01-01,2015-12-31
9688216,GHED_GGHE-DGGE_SHA2011,COUNTRY,IRN,EMR,Eastern Mediterranean,YEAR,2023,,,,,,,,,19.06,19.06149292,,,,2025-12-05T13:23:08Z,2023,2023-01-01,2023-12-31
9688651,GHED_GGHE-DGGE_SHA2011,COUNTRY,MEX,AMR,Americas,YEAR,2017,,,,,,,,,10.73,10.7295351,,,,2025-12-05T13:23:08Z,2017,2017-01-01,2017-12-31
9695136,GHED_GGHE-DGGE_SHA2011,COUNTRY,HTI,AMR,Americas,YEAR,2022,,,,,,,,,4.11,4.10843086,,,,2025-12-05T13:23:08Z,2022,2022-01-01,2022-12-31
9695410,GHED_GGHE-DGGE_SHA2011,COUNTRY,DZA,AFR,Africa,YEAR,2019,,,,,,,,,8.83,8.83036137,,,,2025-12-05T13:23:08Z,2019,2019-01-01,2019-12-31
9702338,GHED_GGHE-DGGE_SHA2011,COUNTRY,SVK,EUR,Europe,YEAR,2017,,,,,,,,,13.38,13.379529,,,,2025-12-05T13:23:08Z,2017,2017-01-01,2017-12-31
9703113,GHED_GGHE-DGGE_SHA2011,COUNTRY,GIN,AFR,Africa,YEAR,2018,,,,,,,,,3.88,3.87917757,,,,2025-12-05T13:23:08Z,2018,2018-01-01,2018-12-31
9703271,GHED_GGHE-DGGE_SHA2011,COUNTRY,CZE,EUR,Europe,YEAR,2021,,,,,,,,,17.59,17.58826828,,,,2025-12-05T13:23:08Z,2021,2021-01-01,2021-12-31
9703772,GHED_GGHE-DGGE_SHA2011,COUNTRY,GHA,AFR,Africa,YEAR,2018,,,,,,,,,6.56,6.56050444,,,,2025-12-05T13:23:08Z,2018,2018-01-01,2018-12-31
9704285,GHED_GGHE-DGGE_SHA2011,COUNTRY,POL,EUR,Europe,YEAR,2023,,,,,,,,,11.75,11.74520302,,,,2025-12-05T13:23:08Z,2023,2023-01-01,2023-12-31
9705779,GHED_GGHE-DGGE_SHA2011,COUNTRY,KWT,EMR,Eastern Mediterranean,YEAR,2017,,,,,,,,,7.74,7.7408123,,,,2025-12-05T13:23:08Z,2017,2017-01-01,2017-12-31
9706003,GHED_GGHE-DGGE_SHA2011,COUNTRY,NZL,WPR,Western Pacific,YEAR,2015,,,,,,,,,17.94,17.93599701,,,,2025-12-05T13:23:08Z,2015,2015-01-01,2015-12-31
9710744,GHED_GGHE-DGGE_SHA2011,COUNTRY,LSO,AFR,Africa,YEAR,2008,,,,,,,,,8.08,8.08101749,,,,2025-12-05T13:23:08Z,2008,2008-01-01,2008-12-31
9713158,GHED_GGHE-DGGE_SHA2011,COUNTRY,SSD,AFR,Africa,YEAR,2017,,,,,,,,,2.11,2.10620522,,,,2025-12-05T13:23:08Z,2017,2017-01-01,2017-12-31
9717232,GHED_GGHE-DGGE_SHA2011,COUNTRY,TON,WPR,Western Pacific,YEAR,2013,,,,,,,,,8.11,8.10862732,,,,2025-12-05T13:23:08Z,2013,2013-01-01,2013-12-31
9720952,GHED_GGHE-DGGE_SHA2011,REGION,AFR,,,YEAR,2007,,,,,,,,,6.66,6.65790084,,,,2025-12-05T13:23:08Z,2007,2007-01-01,2007-12-31
9724279,GHED_GGHE-DGGE_SHA2011,COUNTRY,MDG,AFR,Africa,YEAR,2013,,,,,,,,,10.27,10.26806545,,,,2025-12-05T13:23:08Z,2013,2013-01-01,2013-12-31
9724795,GHED_GGHE-DGGE_SHA2011,COUNTRY,DOM,AMR,Americas,YEAR,2014,,,,,,,,,14.48,14.47596073,,,,2025-12-05T13:23:08Z,2014,2014-01-01,2014-12-31
9726732,GHED_GGHE-DGGE_SHA2011,COUNTRY,LAO,WPR,Western Pacific,YEAR,2003,,,,,,,,,6.83,6.83480501,,,,2025-12-05T13:23:08Z,2003,2003-01-01,2003-12-31
9727645,GHED_GGHE-DGGE_SHA2011,COUNTRY,NLD,EUR,Europe,YEAR,2005,,,,,,,,,14.25,14.25050068,,,,2025-12-05T13:23:08Z,2005,2005-01-01,2005-12-31
9729094,GHED_GGHE-DGGE_SHA2011,COUNTRY,CYP,EUR,Europe,YEAR,2021,,,,,,,,,16.32,16.323246,,,,2025-12-05T13:23:08Z,2021,2021-01-01,2021-12-31
9730289,GHED_GGHE-DGGE_SHA2011,COUNTRY,AFG,EMR,Eastern Mediterranean,YEAR,2006,,,,,,,,,2.73,2.7260592,,,,2025-12-05T13:23:08Z,2006,2006-01-01,2006-12-31
9730504,GHED_GGHE-DGGE_SHA2011,COUNTRY,QAT,EMR,Eastern Mediterranean,YEAR,2009,,,,,,,,,4.65,4.64607239,,,,2025-12-05T13:23:08Z,2009,2009-01-01,2009-12-31
9733612,GHED_GGHE-DGGE_SHA2011,COUNTRY,TUR,EUR,Europe,YEAR,2006,,,,,,,,,10.56,10.55690098,,,,2025-12-05T13:23:08Z,2006,2006-01-01,2006-12-31
9735294,GHED_GGHE-DGGE_SHA2011,COUNTRY,ARM,EUR,Europe,YEAR,2006,,,,,,,,,7.93,7.93185902,,,,2025-12-05T13:23:08Z,2006,2006-01-01,2006-12-31
9736853,GHED_GGHE-DGGE_SHA2011,COUNTRY,ZMB,AFR,Africa,YEAR,2023,,,,,,,,,8.89,8.88877583,,,,2025-12-05T13:23:08Z,2023,2023-01-01,2023-12-31
9736918,GHED_GGHE-DGGE_SHA2011,COUNTRY,KIR,WPR,Western Pacific,YEAR,2004,,,,,,,,,11.41,11.40625858,,,,2025-12-05T13:23:08Z,2004,2004-01-01,2004-12-31
9741532,GHED_GGHE-DGGE_SHA2011,COUNTRY,BDI,AFR,Africa,YEAR,2000,,,,,,,,,5.94,5.94454002,,,,2025-12-05T13:23:08Z,2000,2000-01-01,2000-12-31
9745244,GHED_GGHE-DGGE_SHA2011,COUNTRY,UZB,EUR,Europe,YEAR,2000,,,,,,,,,6.11,6.10871267,,,,2025-12-05T13:23:08Z,2000,2000-01-01,2000-12-31
9747997,GHED_GGHE-DGGE_SHA2011,COUNTRY,TGO,AFR,Africa,YEAR,2008,,,,,,,,,4.84,4.84371662,,,,2025-12-05T13:23:08Z,2008,2008-01-01,2008-12-31
9752441,GHED_GGHE-DGGE_SHA2011,COUNTRY,CZE,EUR,Europe,YEAR,2010,,,,,,,,,14.70,14.69500732,,,,2025-12-05T13:23:08Z,2010,2010-01-01,2010-12-31
9753811,GHED_GGHE-DGGE_SHA2011,COUNTRY,BRB,AMR,Americas,YEAR,2023,,,,,,,,,7.81,7.80843592,,,,2025-12-05T13:23:08Z,2023,2023-01-01,2023-12-31
9754672,GHED_GGHE-DGGE_SHA2011,COUNTRY,DJI,EMR,Eastern Mediterranean,YEAR,2016,,,,,,,,,5.14,5.13736486,,,,2025-12-05T13:23:08Z,2016,2016-01-01,2016-12-31
9757462,GHED_GGHE-DGGE_SHA2011,COUNTRY,SVN,EUR,Europe,YEAR,2017,,,,,,,,,13.29,13.29220009,,,,2025-12-05T13:23:08Z,2017,2017-01-01,2017-12-31
9759964,GHED_GGHE-DGGE_SHA2011,COUNTRY,ESP,EUR,Europe,YEAR,2007,,,,,,,,,14.59,14.58656883,,,,2025-12-05T13:23:08Z,2007,2007-01-01,2007-12-31
9761604,GHED_GGHE-DGGE_SHA2011,COUNTRY,KAZ,EUR,Europe,YEAR,2022,,,,,,,,,10.60,10.60115337,,,,2025-12-05T13:23:08Z,2022,2022-01-01,2022-12-31
9766504,GHED_GGHE-DGGE_SHA2011,COUNTRY,CYP,EUR,Europe,YEAR,2008,,,,,,,,,6.13,6.13280582,,,,2025-12-05T13:23:08Z,2008,2008-01-01,2008-12-31
9767304,GHED_GGHE-DGGE_SHA2011,REGION,AFR,,,YEAR,2006,,,,,,,,,6.79,6.7935976,,,,2025-12-05T13:23:08Z,2006,2006-01-01,2006-12-31
9769610,GHED_GGHE-DGGE_SHA2011,COUNTRY,BTN,SEAR,South-East Asia,YEAR,2020,,,,,,,,,10.30,10.29558849,,,,2025-12-05T13:23:08Z,2020,2020-01-01,2020-12-31
9772387,GHED_GGHE-DGGE_SHA2011,COUNTRY,MNE,EUR,Europe,YEAR,2017,,,,,,,,,9.73,9.72641945,,,,2025-12-05T13:23:08Z,2017,2017-01-01,2017-12-31
9773494,GHED_GGHE-DGGE_SHA2011,COUNTRY,TUV,WPR,Western Pacific,YEAR,2013,,,,,,,,,12.36,12.36105442,,,,2025-12-05T13:23:08Z,2013,2013-01-01,2013-12-31
9774677,GHED_GGHE-DGGE_SHA2011,COUNTRY,CHE,EUR,Europe,YEAR,2014,,,,,,,,,10.79,10.79354095,,,,2025-12-05T13:23:08Z,2014,2014-01-01,2014-12-31
9775285,GHED_GGHE-DGGE_SHA2011,COUNTRY,MUS,AFR,Africa,YEAR,2002,,,,,,,,,7.25,7.24555254,,,,2025-12-05T13:23:08Z,2002,2002-01-01,2002-12-31
9775740,GHED_GGHE-DGGE_SHA2011,COUNTRY,URY,AMR,Americas,YEAR,2022,,,,,,,,,20.94,20.94417,,,,2025-12-05T13:23:08Z,2022,2022-01-01,2022-12-31
9776190,GHED_GGHE-DGGE_SHA2011,COUNTRY,MEX,AMR,Americas,YEAR,2023,,,,,,,,,9.36,9.36070919,,,,2025-12-05T13:23:08Z,2023,2023-01-01,2023-12-31
9777487,GHED_GGHE-DGGE_SHA2011,COUNTRY,KAZ,EUR,Europe,YEAR,2004,,,,,,,,,10.94,10.94160748,,,,2025-12-05T13:23:08Z,2004,2004-01-01,2004-12-31
9778597,GHED_GGHE-DGGE_SHA2011,COUNTRY,KOR,WPR,Western Pacific,YEAR,2012,,,,,,,,,10.98,10.98243332,,,,2025-12-05T13:23:08Z,2012,2012-01-01,2012-12-31
9779497,GHED_GGHE-DGGE_SHA2011,COUNTRY,CAF,AFR,Africa,YEAR,2016,,,,,,,,,4.95,4.94713306,,,,2025-12-05T13:23:08Z,2016,2016-01-01,2016-12-31
9780217,GHED_GGHE-DGGE_SHA2011,COUNTRY,BHR,EMR,Eastern Mediterranean,YEAR,2011,,,,,,,,,8.05,8.0526104,,,,2025-12-05T13:23:08Z,2011,2011-01-01,2011-12-31
9782927,GHED_GGHE-DGGE_SHA2011,COUNTRY,LKA,SEAR,South-East Asia,YEAR,2009,,,,,,,,,7.84,7.83871508,,,,2025-12-05T13:23:08Z,2009,2009-01-01,2009-12-31
9783688,GHED_GGHE-DGGE_SHA2011,COUNTRY,CYP,EUR,Europe,YEAR,2010,,,,,,,,,6.68,6.68294668,,,,2025-12-05T13:23:08Z,2010,2010-01-01,2010-12-31
9784486,GHED_GGHE-DGGE_SHA2011,COUNTRY,BRB,AMR,Americas,YEAR,2004,,,,,,,,,13.97,13.969944,,,,2025-12-05T13:23:08Z,2004,2004-01-01,2004-12-31
9792189,GHED_GGHE-DGGE_SHA2011,COUNTRY,DOM,AMR,Americas,YEAR,2012,,,,,,,,,13.97,13.96876812,,,,2025-12-05T13:23:08Z,2012,2012-01-01,2012-12-31
9793022,GHED_GGHE-DGGE_SHA2011,COUNTRY,MNG,WPR,Western Pacific,YEAR,2010,,,,,,,,,7.74,7.74286652,,,,2025-12-05T13:23:08Z,2010,2010-01-01,2010-12-31
9793135,GHED_GGHE-DGGE_SHA2011,COUNTRY,ZMB,AFR,Africa,YEAR,2002,,,,,,,,,6.88,6.88475037,,,,2025-12-05T13:23:08Z,2002,2002-01-01,2002-12-31
9797008,GHED_GGHE-DGGE_SHA2011,COUNTRY,YEM,EMR,Eastern Mediterranean,YEAR,2018,,,,,,,,,5.39,5.39210606,,,,2025-12-05T13:23:08Z,2018,2018-01-01,2018-12-31
9798790,GHED_GGHE-DGGE_SHA2011,COUNTRY,FRA,EUR,Europe,YEAR,2012,,,,,,,,,13.82,13.81584549,,,,2025-12-05T13:23:08Z,2012,2012-01-01,2012-12-31
9801274,GHED_GGHE-DGGE_SHA2011,COUNTRY,ISL,EUR,Europe,YEAR,2022,,,,,,,,,16.47,16.47397423,,,,2025-12-05T13:23:08Z,2022,2022-01-01,2022-12-31
9802532,GHED_GGHE-DGGE_SHA2011,COUNTRY,BHR,EMR,Eastern Mediterranean,YEAR,2023,,,,,,,,,8.49,8.48867416,,,,2025-12-05T13:23:08Z,2023,2023-01-01,2023-12-31
9804605,GHED_GGHE-DGGE_SHA2011,COUNTRY,ALB,EUR,Europe,YEAR,2017,,,,,,,,,9.51,9.51418209,,,,2025-12-05T13:23:08Z,2017,2017-01-01,2017-12-31
9808240,GHED_GGHE-DGGE_SHA2011,COUNTRY,COD,AFR,Africa,YEAR,2000,,,,,,,,,2.50,2.49895263,,,,2025-12-05T13:23:08Z,2000,2000-01-01,2000-12-31
9809054,GHED_GGHE-DGGE_SHA2011,COUNTRY,BRN,WPR,Western Pacific,YEAR,2013,,,,,,,,,5.12,5.12074184,,,,2025-12-05T13:23:08Z,2013,2013-01-01,2013-12-31
9812872,GHED_GGHE-DGGE_SHA2011,COUNTRY,CPV,AFR,Africa,YEAR,2018,,,,,,,,,11.27,11.26552677,,,,2025-12-05T13:23:08Z,2018,2018-01-01,2018-12-31
9813024,GHED_GGHE-DGGE_SHA2011,COUNTRY,CHL,AMR,Americas,YEAR,2016,,,,,,,,,16.75,16.75084496,,,,2025-12-05T13:23:08Z,2016,2016-01-01,2016-12-31
9815481,GHED_GGHE-DGGE_SHA2011,COUNTRY,ARM,EUR,Europe,YEAR,2021,,,,,,,,,7.63,7.6349659,,,,2025-12-05T13:23:08Z,2021,2021-01-01,2021-12-31
9816297,GHED_GGHE-DGGE_SHA2011,COUNTRY,AUT,EUR,Europe,YEAR,2019,,,,,,,,,16.07,16.07105827,,,,2025-12-05T13:23:08Z,2019,2019-01-01,2019-12-31
9816519,GHED_GGHE-DGGE_SHA2011,COUNTRY,BRN,WPR,Western Pacific,YEAR,2004,,,,,,,,,6.40,6.39551544,,,,2025-12-05T13:23:08Z,2004,2004-01-01,2004-12-31
9817813,GHED_GGHE-DGGE_SHA2011,WORLDBANKINCOMEGROUP,WB_LI,,,YEAR,2013,,,,,,,,,5.42,5.41887708,,,,2025-12-05T13:23:08Z,2013,2013-01-01,2013-12-31
9818754,GHED_GGHE-DGGE_SHA2011,COUNTRY,TON,WPR,Western Pacific,YEAR,2022,,,,,,,,,8.65,8.65424824,,,,2025-12-05T13:23:08Z,2022,2022-01-01,2022-12-31
9819511,GHED_GGHE-DGGE_SHA2011,COUNTRY,ZAF,AFR,Africa,YEAR,2021,,,,,,,,,16.89,16.88567543,,,,2025-12-05T13:23:08Z,2021,2021-01-01,2021-12-31
9826513,GHED_GGHE-DGGE_SHA2011,COUNTRY,LBN,EMR,Eastern Mediterranean,YEAR,2008,,,,,,,,,8.96,8.95981979,,,,2025-12-05T13:23:08Z,2008,2008-01-01,2008-12-31
9826828,GHED_GGHE-DGGE_SHA2011,COUNTRY,NZL,WPR,Western Pacific,YEAR,2012,,,,,,,,,18.34,18.33808327,,,,2025-12-05T13:23:08Z,2012,2012-01-01,2012-12-31
9827621,GHED_GGHE-DGGE_SHA2011,COUNTRY,MOZ,AFR,Africa,YEAR,2012,,,,,,,,,4.39,4.3945961,,,,2025-12-05T13:23:08Z,2012,2012-01-01,2012-12-31
9827907,GHED_GGHE-DGGE_SHA2011,COUNTRY,USA,AMR,Americas,YEAR,2020,,,,,,,,,22.30,22.29912567,,,,2025-12-05T13:23:08Z,2020,2020-01-01,2020-12-31
9829520,GHED_GGHE-DGGE_SHA2011,COUNTRY,MRT,AFR,Africa,YEAR,2004,,,,,,,,,2.96,2.96115541,,,,2025-12-05T13:23:08Z,2004,2004-01-01,2004-12-31
9830415,GHED_GGHE-DGGE_SHA2011,COUNTRY,ECU,AMR,Americas,YEAR,2017,,,,,,,,,11.46,11.45978069,,,,2025-12-05T13:23:08Z,2017,2017-01-01,2017-12-31
9832671,GHED_GGHE-DGGE_SHA2011,COUNTRY,BGR,EUR,Europe,YEAR,2004,,,,,,,,,10.83,10.82743073,,,,2025-12-05T13:23:08Z,2004,2004-01-01,2004-12-31
9836140,GHED_GGHE-DGGE_SHA2011,COUNTRY,EGY,EMR,Eastern Mediterranean,YEAR,2022,,,,,,,,,6.76,6.76073837,,,,2025-12-05T13:23:08Z,2022,2022-01-01,2022-12-31
9840021,GHED_GGHE-DGGE_SHA2011,COUNTRY,IRL,EUR,Europe,YEAR,2004,,,,,,,,,17.36,17.35914803,,,,2025-12-05T13:23:08Z,2004,2004-01-01,2004-12-31
9844093,GHED_GGHE-DGGE_SHA2011,COUNTRY,KGZ,EUR,Europe,YEAR,2023,,,,,,,,,7.30,7.30126333,,,,2025-12-05T13:23:08Z,2023,2023-01-01,2023-12-31
9845052,GHED_GGHE-DGGE_SHA2011,COUNTRY,GNQ,AFR,Africa,YEAR,2002,,,,,,,,,3.20,3.19876695,,,,2025-12-05T13:23:08Z,2002,2002-01-01,2002-12-31
9846242,GHED_GGHE-DGGE_SHA2011,COUNTRY,VUT,WPR,Western Pacific,YEAR,2014,,,,,,,,,2.52,2.51899242,,,,2025-12-05T13:23:08Z,2014,2014-01-01,2014-12-31
9852436,GHED_GGHE-DGGE_SHA2011,REGION,WPR,,,YEAR,2002,,,,,,,,,10.52,10.524307,,,,2025-12-05T13:23:08Z,2002,2002-01-01,2002-12-31
9854857,GHED_GGHE-DGGE_SHA2011,COUNTRY,NPL,SEAR,South-East Asia,YEAR,2018,,,,,,,,,3.81,3.81159782,,,,2025-12-05T13:23:08Z,2018,2018-01-01,2018-12-31
9858595,GHED_GGHE-DGGE_SHA2011,GLOBAL,GLOBAL,,,YEAR,2011,,,,,,,,,9.73,9.72880195,,,,2025-12-05T13:23:08Z,2011,2011-01-01,2011-12-31
9859268,GHED_GGHE-DGGE_SHA2011,COUNTRY,POL,EUR,Europe,YEAR,2013,,,,,,,,,10.49,10.49304199,,,,2025-12-05T13:23:08Z,2013,2013-01-01,2013-12-31
9862583,GHED_GGHE-DGGE_SHA2011,COUNTRY,BDI,AFR,Africa,YEAR,2022,,,,,,,,,4.73,4.72897339,,,,2025-12-05T13:23:08Z,2022,2022-01-01,2022-12-31
9876946,GHED_GGHE-DGGE_SHA2011,COUNTRY,THA,SEAR,South-East Asia,YEAR,2006,,,,,,,,,12.12,12.11568642,,,,2025-12-05T13:23:08Z,2006,2006-01-01,2006-12-31
9880105,GHED_GGHE-DGGE_SHA2011,COUNTRY,AFG,EMR,Eastern Mediterranean,YEAR,2002,,,,,,,,,1.21,1.21245599,,,,2025-12-05T13:23:08Z,2002,2002-01-01,2002-12-31
9881964,GHED_GGHE-DGGE_SHA2011,COUNTRY,IRN,EMR,Eastern Mediterranean,YEAR,2001,,,,,,,,,11.87,11.87062645,,,,2025-12-05T13:23:08Z,2001,2001-01-01,2001-12-31
9884343,GHED_GGHE-DGGE_SHA2011,COUNTRY,LBN,EMR,Eastern Mediterranean,YEAR,2014,,,,,,,,,12.39,12.38764,,,,2025-12-05T13:23:08Z,2014,2014-01-01,2014-12-31
9884368,GHED_GGHE-DGGE_SHA2011,COUNTRY,MHL,WPR,Western Pacific,YEAR,2021,,,,,,,,,7.45,7.45046282,,,,2025-12-05T13:23:08Z,2021,2021-01-01,2021-12-31
9884688,GHED_GGHE-DGGE_SHA2011,COUNTRY,AUT,EUR,Europe,YEAR,2022,,,,,,,,,16.33,16.32946968,,,,2025-12-05T13:23:08Z,2022,2022-01-01,2022-12-31
9884717,GHED_GGHE-DGGE_SHA2011,COUNTRY,MUS,AFR,Africa,YEAR,2008,,,,,,,,,6.12,6.12254477,,,,2025-12-05T13:23:08Z,2008,2008-01-01,2008-12-31
9886433,GHED_GGHE-DGGE_SHA2011,COUNTRY,CAF,AFR,Africa,YEAR,2022,,,,,,,,,8.48,8.47619724,,,,2025-12-05T13:23:08Z,2022,2022-01-01,2022-12-31
9890695,GHED_GGHE-DGGE_SHA2011,COUNTRY,JAM,AMR,Americas,YEAR,2002,,,,,,,,,8.67,8.66761017,,,,2025-12-05T13:23:08Z,2002,2002-01-01,2002-12-31
9893817,GHED_GGHE-DGGE_SHA2011,COUNTRY,SEN,AFR,Africa,YEAR,2011,,,,,,,,,5.63,5.62811661,,,,2025-12-05T13:23:08Z,2011,2011-01-01,2011-12-31
9896316,GHED_GGHE-DGGE_SHA2011,COUNTRY,TON,WPR,Western Pacific,YEAR,2002,,,,,,,,,12.14,12.1376667,,,,2025-12-05T13:23:08Z,2002,2002-01-01,2002-12-31
9896569,GHED_GGHE-DGGE_SHA2011,COUNTRY,CAN,AMR,Americas,YEAR,2019,,,,,,,,,18.93,18.92759895,,,,2025-12-05T13:23:08Z,2019,2019-01-01,2019-12-31
9896836,GHED_GGHE-DGGE_SHA2011,COUNTRY,LVA,EUR,Europe,YEAR,2001,,,,,,,,,8.11,8.11077213,,,,2025-12-05T13:23:08Z,2001,2001-01-01,2001-12-31
9899131,GHED_GGHE-DGGE_SHA2011,COUNTRY,MUS,AFR,Africa,YEAR,2016,,,,,,,,,10.20,10.2022686,,,,2025-12-05T13:23:08Z,2016,2016-01-01,2016-12-31
9901308,GHED_GGHE-DGGE_SHA2011,COUNTRY,MDG,AFR,Africa,YEAR,2010,,,,,,,,,15.21,15.20979691,,,,2025-12-05T13:23:08Z,2010,2010-01-01,2010-12-31
9902545,GHED_GGHE-DGGE_SHA2011,COUNTRY,SRB,EUR,Europe,YEAR,2013,,,,,,,,,13.17,13.17477703,,,,2025-12-05T13:23:08Z,2013,2013-01-01,2013-12-31
9905074,GHED_GGHE-DGGE_SHA2011,COUNTRY,COK,WPR,Western Pacific,YEAR,2018,,,,,,,,,7.67,7.66548777,,,,2025-12-05T13:23:08Z,2018,2018-01-01,2018-12-31
9909167,GHED_GGHE-DGGE_SHA2011,COUNTRY,SLE,AFR,Africa,YEAR,2006,,,,,,,,,5.45,5.45097542,,,,2025-12-05T13:23:08Z,2006,2006-01-01,2006-12-31
9910140,GHED_GGHE-DGGE_SHA2011,COUNTRY,COG,AFR,Africa,YEAR,2008,,,,,,,,,4.55,4.54892206,,,,2025-12-05T13:23:08Z,2008,2008-01-01,2008-12-31
9911267,GHED_GGHE-DGGE_SHA2011,COUNTRY,PHL,WPR,Western Pacific,YEAR,2005,,,,,,,,,6.61,6.60978031,,,,2025-12-05T13:23:08Z,2005,2005-01-01,2005-12-31
9913037,GHED_GGHE-DGGE_SHA2011,COUNTRY,CZE,EUR,Europe,YEAR,2015,,,,,,,,,14.75,14.75402832,,,,2025-12-05T13:23:08Z,2015,2015-01-01,2015-12-31
9913483,GHED_GGHE-DGGE_SHA2011,COUNTRY,PNG,WPR,Western Pacific,YEAR,2008,,,,,,,,,7.66,7.66453409,,,,2025-12-05T13:23:08Z,2008,2008-01-01,2008-12-31
9913980,GHED_GGHE-DGGE_SHA2011,COUNTRY,ISR,EUR,Europe,YEAR,2016,,,,,,,,,11.65,11.65191364,,,,2025-12-05T13:23:08Z,2016,2016-01-01,2016-12-31
9915349,GHED_GGHE-DGGE_SHA2011,COUNTRY,DEU,EUR,Europe,YEAR,2005,,,,,,,,,16.39,16.38726044,,,,2025-12-05T13:23:08Z,2005,2005-01-01,2005-12-31
9917182,GHED_GGHE-DGGE_SHA2011,COUNTRY,PAN,AMR,Americas,YEAR,2005,,,,,,,,,16.47,16.471035,,,,2025-12-05T13:23:08Z,2005,2005-01-01,2005-12-31
9920851,GHED_GGHE-DGGE_SHA2011,COUNTRY,IRQ,EMR,Eastern Mediterranean,YEAR,2020,,,,,,,,,6.16,6.16059875,,,,2025-12-05T13:23:08Z,2020,2020-01-01,2020-12-31
9921668,GHED_GGHE-DGGE_SHA2011,WORLDBANKINCOMEGROUP,WB_UMI,,,YEAR,2017,,,,,,,,,11.63,11.62825074,,,,2025-12-05T13:23:08Z,2017,2017-01-01,2017-12-31
9923370,GHED_GGHE-DGGE_SHA2011,COUNTRY,NZL,WPR,Western Pacific,YEAR,2007,,,,,,,,,18.15,18.14679909,,,,2025-12-05T13:23:08Z,2007,2007-01-01,2007-12-31
9923846,GHED_GGHE-DGGE_SHA2011,COUNTRY,ISL,EUR,Europe,YEAR,2003,,,,,,,,,16.55,16.54575539,,,,2025-12-05T13:23:08Z,2003,2003-01-01,2003-12-31
9925108,GHED_GGHE-DGGE_SHA2011,COUNTRY,BLR,EUR,Europe,YEAR,2022,,,,,,,,,11.70,11.70340729,,,,2025-12-05T13:23:08Z,2022,2022-01-01,2022-12-31
9933318,GHED_GGHE-DGGE_SHA2011,COUNTRY,COL,AMR,Americas,YEAR,2003,,,,,,,,,15.60,15.59885502,,,,2025-12-05T13:23:08Z,2003,2003-01-01,2003-12-31
9937726,GHED_GGHE-DGGE_SHA2011,COUNTRY,MAR,EMR,Eastern Mediterranean,YEAR,2013,,,,,,,,,6.01,6.00545788,,,,2025-12-05T13:23:08Z,2013,2013-01-01,2013-12-31
9942052,GHED_GGHE-DGGE_SHA2011,COUNTRY,KHM,WPR,Western Pacific,YEAR,2001,,,,,,,,,7.83,7.83031797,,,,2025-12-05T13:23:08Z,2001,2001-01-01,2001-12-31
9942076,GHED_GGHE-DGGE_SHA2011,COUNTRY,TON,WPR,Western Pacific,YEAR,2001,,,,,,,,,12.74,12.73616314,,,,2025-12-05T13:23:08Z,2001,2001-01-01,2001-12-31
9942381,GHED_GGHE-DGGE_SHA2011,COUNTRY,ZAF,AFR,Africa,YEAR,2001,,,,,,,,,10.62,10.62284565,,,,2025-12-05T13:23:08Z,2001,2001-01-01,2001-12-31
9947710,GHED_GGHE-DGGE_SHA2011,COUNTRY,CAF,AFR,Africa,YEAR,2002,,,,,,,,,8.61,8.60752106,,,,2025-12-05T13:23:08Z,2002,2002-01-01,2002-12-31
9956358,GHED_GGHE-DGGE_SHA2011,COUNTRY,AZE,EUR,Europe,YEAR,2004,,,,,,,,,3.56,3.55759931,,,,2025-12-05T13:23:08Z,2004,2004-01-01,2004-12-31
9960336,GHED_GGHE-DGGE_SHA2011,COUNTRY,CMR,AFR,Africa,YEAR,2018,,,,,,,,,1.96,1.95703375,,,,2025-12-05T13:23:08Z,2018,2018-01-01,2018-12-31
9967274,GHED_GGHE-DGGE_SHA2011,COUNTRY,HND,AMR,Americas,YEAR,2000,,,,,,,,,13.68,13.67898464,,,,2025-12-05T13:23:08Z,2000,2000-01-01,2000-12-31
9968131,GHED_GGHE-DGGE_SHA2011,COUNTRY,SAU,EMR,Eastern Mediterranean,YEAR,2018,,,,,,,,,11.05,11.04889965,,,,2025-12-05T13:23:08Z,2018,2018-01-01,2018-12-31
9970865,GHED_GGHE-DGGE_SHA2011,WORLDBANKINCOMEGROUP,WB_HI,,,YEAR,2006,,,,,,,,,12.84,12.84332901,,,,2025-12-05T13:23:08Z,2006,2006-01-01,2006-12-31
9971112,GHED_GGHE-DGGE_SHA2011,COUNTRY,LAO,WPR,Western Pacific,YEAR,2009,,,,,,,,,5.70,5.70376587,,,,2025-12-05T13:23:08Z,2009,2009-01-01,2009-12-31
9973243,GHED_GGHE-DGGE_SHA2011,COUNTRY,BFA,AFR,Africa,YEAR,2020,,,,,,,,,11.65,11.64750004,,,,2025-12-05T13:23:08Z,2020,2020-01-01,2020-12-31
9974552,GHED_GGHE-DGGE_SHA2011,WORLDBANKINCOMEGROUP,WB_LI,,,YEAR,2019,,,,,,,,,5.35,5.35089247,,,,2025-12-05T13:23:08Z,2019,2019-01-01,2019-12-31
9974705,GHED_GGHE-DGGE_SHA2011,COUNTRY,RUS,EUR,Europe,YEAR,2020,,,,,,,,,15.01,15.01321125,,,,2025-12-05T13:23:08Z,2020,2020-01-01,2020-12-31
9976095,GHED_GGHE-DGGE_SHA2011,COUNTRY,PSE,EMR,Eastern Mediterranean,YEAR,2013,,,,,,,,,10.69,10.68764305,,,,2025-12-05T13:23:08Z,2013,2013-01-01,2013-12-31
9981061,GHED_GGHE-DGGE_SHA2011,COUNTRY,NIU,WPR,Western Pacific,YEAR,2008,,,,,,,,,15.79,15.78875828,,,,2025-12-05T13:23:08Z,2008,2008-01-01,2008-12-31
9982095,GHED_GGHE-DGGE_SHA2011,COUNTRY,SDN,EMR,Eastern Mediterranean,YEAR,2014,,,,,,,,,10.62,10.61807156,,,,2025-12-05T13:23:08Z,2014,2014-01-01,2014-12-31
9983562,GHED_GGHE-DGGE_SHA2011,COUNTRY,ROU,EUR,Europe,YEAR,2015,,,,,,,,,10.74,10.73946667,,,,2025-12-05T13:23:08Z,2015,2015-01-01,2015-12-31
9988872,GHED_GGHE-DGGE_SHA2011,COUNTRY,GBR,EUR,Europe,YEAR,2000,,,,,,,,,15.97,15.96845055,,,,2025-12-05T13:23:08Z,2000,2000-01-01,2000-12-31
9992149,GHED_GGHE-DGGE_SHA2011,WORLDBANKINCOMEGROUP,WB_LMI,,,YEAR,2010,,,,,,,,,7.14,7.13584028,,,,2025-12-05T13:23:08Z,2010,2010-01-01,2010-12-31
9993822,GHED_GGHE-DGGE_SHA2011,COUNTRY,NER,AFR,Africa,YEAR,2023,,,,,,,,,6.15,6.15017557,,,,2025-12-05T13:23:08Z,2023,2023-01-01,2023-12-31
9996078,GHED_GGHE-DGGE_SHA2011,COUNTRY,SVN,EUR,Europe,YEAR,2020,,,,,,,,,13.30,13.29646873,,,,2025-12-05T13:23:08Z,2020,2020-01-01,2020-12-31
9996954,GHED_GGHE-DGGE_SHA2011,COUNTRY,GBR,EUR,Europe,YEAR,2008,,,,,,,,,17.93,17.92643738,,,,2025-12-05T13:23:08Z,2008,2008-01-01,2008-12-31
9996966,GHED_GGHE-DGGE_SHA2011,COUNTRY,DEU,EUR,Europe,YEAR,2000,,,,,,,,,15.94,15.93891239,,,,2025-12-05T13:23:08Z,2000,2000-01-01,2000-12-31
10000093,GHED_GGHE-DGGE_SHA2011,COUNTRY,PAK,EMR,Eastern Mediterranean,YEAR,2011,,,,,,,,,2.54,2.54319167,,,,2025-12-05T13:23:08Z,2011,2011-01-01,2011-12-31
10005525,GHED_GGHE-DGGE_SHA2011,COUNTRY,ZMB,AFR,Africa,YEAR,2019,,,,,,,,,7.57,7.57306385,,,,2025-12-05T13:23:08Z,2019,2019-01-01,2019-12-31
10006666,GHED_GGHE-DGGE_SHA2011,COUNTRY,VCT,AMR,Americas,YEAR,2020,,,,,,,,,9.97,9.96682358,,,,2025-12-05T13:23:08Z,2020,2020-01-01,2020-12-31
10008562,GHED_GGHE-DGGE_SHA2011,COUNTRY,CYP,EUR,Europe,YEAR,2015,,,,,,,,,6.63,6.62951279,,,,2025-12-05T13:23:08Z,2015,2015-01-01,2015-12-31
10009559,GHED_GGHE-DGGE_SHA2011,COUNTRY,NLD,EUR,Europe,YEAR,2002,,,,,,,,,13.44,13.44153118,,,,2025-12-05T13:23:08Z,2002,2002-01-01,2002-12-31
10009987,GHED_GGHE-DGGE_SHA2011,COUNTRY,THA,SEAR,South-East Asia,YEAR,2016,,,,,,,,,13.58,13.58028507,,,,2025-12-05T13:23:08Z,2016,2016-01-01,2016-12-31
10012238,GHED_GGHE-DGGE_SHA2011,COUNTRY,PAN,AMR,Americas,YEAR,2018,,,,,,,,,20.19,20.19202614,,,,2025-12-05T13:23:08Z,2018,2018-01-01,2018-12-31
10012490,GHED_GGHE-DGGE_SHA2011,COUNTRY,PRY,AMR,Americas,YEAR,2022,,,,,,,,,20.26,20.26028252,,,,2025-12-05T13:23:08Z,2022,2022-01-01,2022-12-31
10014041,GHED_GGHE-DGGE_SHA2011,COUNTRY,DJI,EMR,Eastern Mediterranean,YEAR,2011,,,,,,,,,8.47,8.47449207,,,,2025-12-05T13:23:08Z,2011,2011-01-01,2011-12-31
10014708,GHED_GGHE-DGGE_SHA2011,COUNTRY,TUN,EMR,Eastern Mediterranean,YEAR,2004,,,,,,,,,11.55,11.54679012,,,,2025-12-05T13:23:08Z,2004,2004-01-01,2004-12-31
10016498,GHED_GGHE-DGGE_SHA2011,COUNTRY,DEU,EUR,Europe,YEAR,2022,,,,,,,,,20.44,20.44145393,,,,2025-12-05T13:23:08Z,2022,2022-01-01,2022-12-31
10018673,GHED_GGHE-DGGE_SHA2011,COUNTRY,IND,SEAR,South-East Asia,YEAR,2004,,,,,,,,,2.65,2.6527741,,,,2025-12-05T13:23:08Z,2004,2004-01-01,2004-12-31
10019678,GHED_GGHE-DGGE_SHA2011,COUNTRY,CPV,AFR,Africa,YEAR,2006,,,,,,,,,8.92,8.92111492,,,,2025-12-05T13:23:08Z,2006,2006-01-01,2006-12-31
10020005,GHED_GGHE-DGGE_SHA2011,COUNTRY,ECU,AMR,Americas,YEAR,2013,,,,,,,,,8.26,8.26161385,,,,2025-12-05T13:23:08Z,2013,2013-01-01,2013-12-31
10024538,GHED_GGHE-DGGE_SHA2011,COUNTRY,RUS,EUR,Europe,YEAR,2000,,,,,,,,,9.72,9.72129631,,,,2025-12-05T13:23:08Z,2000,2000-01-01,2000-12-31
10026421,GHED_GGHE-DGGE_SHA2011,COUNTRY,TGO,AFR,Africa,YEAR,2021,,,,,,,,,2.56,2.56088448,,,,2025-12-05T13:23:08Z,2021,2021-01-01,2021-12-31
10027083,GHED_GGHE-DGGE_SHA2011,REGION,SEAR,,,YEAR,2018,,,,,,,,,7.49,7.49365963,,,,2025-12-05T13:23:08Z,2018,2018-01-01,2018-12-31
10028123,GHED_GGHE-DGGE_SHA2011,COUNTRY,ATG,AMR,Americas,YEAR,2011,,,,,,,,,12.99,12.98978615,,,,2025-12-05T13:23:08Z,2011,2011-01-01,2011-12-31
10028161,GHED_GGHE-DGGE_SHA2011,COUNTRY,LBN,EMR,Eastern Mediterranean,YEAR,2017,,,,,,,,,12.03,12.02719212,,,,2025-12-05T13:23:08Z,2017,2017-01-01,2017-12-31
10029095,GHED_GGHE-DGGE_SHA2011,COUNTRY,MHL,WPR,Western Pacific,YEAR,2015,,,,,,,,,10.76,10.75778675,,,,2025-12-05T13:23:08Z,2015,2015-01-01,2015-12-31
10034863,GHED_GGHE-DGGE_SHA2011,COUNTRY,GNB,AFR,Africa,YEAR,2002,,,,,,,,,2.52,2.52350521,,,,2025-12-05T13:23:08Z,2002,2002-01-01,2002-12-31
10036650,GHED_GGHE-DGGE_SHA2011,COUNTRY,SYR,EMR,Eastern Mediterranean,YEAR,2008,,,,,,,,,6.84,6.83824778,,,,2025-12-05T13:23:08Z,2008,2008-01-01,2008-12-31
10037541,GHED_GGHE-DGGE_SHA2011,COUNTRY,MNE,EUR,Europe,YEAR,2013,,,,,,,,,10.69,10.68526936,,,,2025-12-05T13:23:08Z,2013,2013-01-01,2013-12-31
10040156,GHED_GGHE-DGGE_SHA2011,COUNTRY,ECU,AMR,Americas,YEAR,2022,,,,,,,,,12.14,12.14216518,,,,2025-12-05T13:23:08Z,2022,2022-01-01,2022-12-31
10040360,GHED_GGHE-DGGE_SHA2011,COUNTRY,HTI,AMR,Americas,YEAR,2005,,,,,,,,,6.67,6.66875458,,,,2025-12-05T13:23:08Z,2005,2005-01-01,2005-12-31
10047080,GHED_GGHE-DGGE_SHA2011,COUNTRY,LBY,EMR,Eastern Mediterranean,YEAR,2020,,,,,,,,,9.74,9.74319744,,,,2025-12-05T13:23:08Z,2020,2020-01-01,2020-12-31
10048384,GHED_GGHE-DGGE_SHA2011,COUNTRY,CRI,AMR,Americas,YEAR,2002,,,,,,,,,24.76,24.75807571,,,,2025-12-05T13:23:08Z,2002,2002-01-01,2002-12-31
10048541,GHED_GGHE-DGGE_SHA2011,COUNTRY,MDG,AFR,Africa,YEAR,2016,,,,,,,,,17.51,17.51086807,,,,2025-12-05T13:23:08Z,2016,2016-01-01,2016-12-31
10048904,GHED_GGHE-DGGE_SHA2011,COUNTRY,DJI,EMR,Eastern Mediterranean,YEAR,2010,,,,,,,,,6.97,6.97048712,,,,2025-12-05T13:23:08Z,2010,2010-01-01,2010-12-31
10049111,GHED_GGHE-DGGE_SHA2011,COUNTRY,SVK,EUR,Europe,YEAR,2005,,,,,,,,,12.70,12.70239162,,,,2025-12-05T13:23:08Z,2005,2005-01-01,2005-12-31
10062433,GHED_GGHE-DGGE_SHA2011,COUNTRY,TZA,AFR,Africa,YEAR,2008,,,,,,,,,12.49,12.48550034,,,,2025-12-05T13:23:08Z,2008,2008-01-01,2008-12-31
10066860,GHED_GGHE-DGGE_SHA2011,COUNTRY,MHL,WPR,Western Pacific,YEAR,2019,,,,,,,,,10.15,10.15070438,,,,2025-12-05T13:23:08Z,2019,2019-01-01,2019-12-31
10067051,GHED_GGHE-DGGE_SHA2011,COUNTRY,ZAF,AFR,Africa,YEAR,2022,,,,,,,,,16.89,16.88567543,,,,2025-12-05T13:23:08Z,2022,2022-01-01,2022-12-31
10069694,GHED_GGHE-DGGE_SHA2011,COUNTRY,MKD,EUR,Europe,YEAR,2006,,,,,,,,,13.40,13.40144539,,,,2025-12-05T13:23:08Z,2006,2006-01-01,2006-12-31
10070090,GHED_GGHE-DGGE_SHA2011,COUNTRY,DEU,EUR,Europe,YEAR,2020,,,,,,,,,19.31,19.31024361,,,,2025-12-05T13:23:08Z,2020,2020-01-01,2020-12-31
10070537,GHED_GGHE-DGGE_SHA2011,COUNTRY,GIN,AFR,Africa,YEAR,2015,,,,,,,,,1.98,1.98006856,,,,2025-12-05T13:23:08Z,2015,2015-01-01,2015-12-31
10073840,GHED_GGHE-DGGE_SHA2011,COUNTRY,DZA,AFR,Africa,YEAR,2006,,,,,,,,,7.85,7.84512997,,,,2025-12-05T13:23:08Z,2006,2006-01-01,2006-12-31
10075288,GHED_GGHE-DGGE_SHA2011,COUNTRY,VNM,WPR,Western Pacific,YEAR,2014,,,,,,,,,9.12,9.12324142,,,,2025-12-05T13:23:08Z,2014,2014-01-01,2014-12-31
10077078,GHED_GGHE-DGGE_SHA2011,COUNTRY,ARG,AMR,Americas,YEAR,2012,,,,,,,,,16.68,16.68478775,,,,2025-12-05T13:23:08Z,2012,2012-01-01,2012-12-31
10078952,GHED_GGHE-DGGE_SHA2011,COUNTRY,SVK,EUR,Europe,YEAR,2023,,,,,,,,,12.10,12.0953331,,,,2025-12-05T13:23:08Z,2023,2023-01-01,2023-12-31
10079824,GHED_GGHE-DGGE_SHA2011,COUNTRY,GRD,AMR,Americas,YEAR,2015,,,,,,,,,7.66,7.66007471,,,,2025-12-05T13:23:08Z,2015,2015-01-01,2015-12-31
10082508,GHED_GGHE-DGGE_SHA2011,COUNTRY,NER,AFR,Africa,YEAR,2010,,,,,,,,,9.18,9.17788696,,,,2025-12-05T13:23:08Z,2010,2010-01-01,2010-12-31
10087777,GHED_GGHE-DGGE_SHA2011,COUNTRY,ARE,EMR,Eastern Mediterranean,YEAR,2000,,,,,,,,,7.57,7.56610489,,,,2025-12-05T13:23:08Z,2000,2000-01-01,2000-12-31
10089957,GHED_GGHE-DGGE_SHA2011,COUNTRY,SVK,EUR,Europe,YEAR,2022,,,,,,,,,14.31,14.30591583,,,,2025-12-05T13:23:08Z,2022,2022-01-01,2022-12-31
10091976,GHED_GGHE-DGGE_SHA2011,COUNTRY,SYR,EMR,Eastern Mediterranean,YEAR,2021,,,,,,,,,7.70,7.69676352,,,,2025-12-05T13:23:08Z,2021,2021-01-01,2021-12-31
10092431,GHED_GGHE-DGGE_SHA2011,COUNTRY,KOR,WPR,Western Pacific,YEAR,2003,,,,,,,,,7.49,7.48593473,,,,2025-12-05T13:23:08Z,2003,2003-01-01,2003-12-31
10092571,GHED_GGHE-DGGE_SHA2011,COUNTRY,YEM,EMR,Eastern Mediterranean,YEAR,2022,,,,,,,,,7.55,7.54577398,,,,2025-12-05T13:23:08Z,2022,2022-01-01,2022-12-31
10094752,GHED_GGHE-DGGE_SHA2011,COUNTRY,QAT,EMR,Eastern Mediterranean,YEAR,2000,,,,,,,,,3.94,3.94152761,,,,2025-12-05T13:23:08Z,2000,2000-01-01,2000-12-31
10096030,GHED_GGHE-DGGE_SHA2011,COUNTRY,GBR,EUR,Europe,YEAR,2004,,,,,,,,,17.54,17.53717232,,,,2025-12-05T13:23:08Z,2004,2004-01-01,2004-12-31
10098503,GHED_GGHE-DGGE_SHA2011,COUNTRY,EST,EUR,Europe,YEAR,2016,,,,,,,,,12.56,12.56473827,,,,2025-12-05T13:23:08Z,2016,2016-01-01,2016-12-31
10098575,GHED_GGHE-DGGE_SHA2011,COUNTRY,THA,SEAR,South-East Asia,YEAR,2021,,,,,,,,,13.70,13.70460606,,,,2025-12-05T13:23:08Z,2021,2021-01-01,2021-12-31
10102844,GHED_GGHE-DGGE_SHA2011,COUNTRY,PER,AMR,Americas,YEAR,2023,,,,,,,,,15.95,15.95128155,,,,2025-12-05T13:23:08Z,2023,2023-01-01,2023-12-31
10104058,GHED_GGHE-DGGE_SHA2011,COUNTRY,BEL,EUR,Europe,YEAR,2002,,,,,,,,,12.29,12.28861809,,,,2025-12-05T13:23:08Z,2002,2002-01-01,2002-12-31
10105625,GHED_GGHE-DGGE_SHA2011,COUNTRY,ERI,AFR,Africa,YEAR,2023,,,,,,,,,2.37,2.37287188,,,,2025-12-05T13:23:08Z,2023,2023-01-01,2023-12-31
10106981,GHED_GGHE-DGGE_SHA2011,COUNTRY,NZL,WPR,Western Pacific,YEAR,2004,,,,,,,,,17.00,17.00220108,,,,2025-12-05T13:23:08Z,2004,2004-01-01,2004-12-31
10113440,GHED_GGHE-DGGE_SHA2011,COUNTRY,NIC,AMR,Americas,YEAR,2014,,,,,,,,,16.91,16.91161156,,,,2025-12-05T13:23:08Z,2014,2014-01-01,2014-12-31
10113719,GHED_GGHE-DGGE_SHA2011,COUNTRY,AZE,EUR,Europe,YEAR,2006,,,,,,,,,3.43,3.42998004,,,,2025-12-05T13:23:08Z,2006,2006-01-01,2006-12-31
10119039,GHED_GGHE-DGGE_SHA2011,COUNTRY,URY,AMR,Americas,YEAR,2005,,,,,,,,,13.28,13.28085995,,,,2025-12-05T13:23:08Z,2005,2005-01-01,2005-12-31
10121903,GHED_GGHE-DGGE_SHA2011,COUNTRY,LBN,EMR,Eastern Mediterranean,YEAR,2007,,,,,,,,,9.98,9.98217583,,,,2025-12-05T13:23:08Z,2007,2007-01-01,2007-12-31
10123639,GHED_GGHE-DGGE_SHA2011,COUNTRY,CUB,AMR,Americas,YEAR,2010,,,,,,,,,13.87,13.86582184,,,,2025-12-05T13:23:08Z,2010,2010-01-01,2010-12-31
10125994,GHED_GGHE-DGGE_SHA2011,COUNTRY,NAM,AFR,Africa,YEAR,2015,,,,,,,,,12.35,12.35063553,,,,2025-12-05T13:23:08Z,2015,2015-01-01,2015-12-31
10126058,GHED_GGHE-DGGE_SHA2011,COUNTRY,COK,WPR,Western Pacific,YEAR,2011,,,,,,,,,8.82,8.81943417,,,,2025-12-05T13:23:08Z,2011,2011-01-01,2011-12-31
10127231,GHED_GGHE-DGGE_SHA2011,COUNTRY,POL,EUR,Europe,YEAR,2003,,,,,,,,,8.95,8.952384,,,,2025-12-05T13:23:08Z,2003,2003-01-01,2003-12-31
10127326,GHED_GGHE-DGGE_SHA2011,COUNTRY,HRV,EUR,Europe,YEAR,2016,,,,,,,,,12.09,12.08862114,,,,2025-12-05T13:23:08Z,2016,2016-01-01,2016-12-31
10128500,GHED_GGHE-DGGE_SHA2011,COUNTRY,ITA,EUR,Europe,YEAR,2021,,,,,,,,,12.35,12.34570313,,,,2025-12-05T13:23:08Z,2021,2021-01-01,2021-12-31
10128677,GHED_GGHE-DGGE_SHA2011,COUNTRY,YEM,EMR,Eastern Mediterranean,YEAR,2006,,,,,,,,,4.35,4.35058546,,,,2025-12-05T13:23:08Z,2006,2006-01-01,2006-12-31
10128747,GHED_GGHE-DGGE_SHA2011,COUNTRY,MOZ,AFR,Africa,YEAR,2001,,,,,,,,,6.32,6.31664944,,,,2025-12-05T13:23:08Z,2001,2001-01-01,2001-12-31
10135303,GHED_GGHE-DGGE_SHA2011,COUNTRY,LCA,AMR,Americas,YEAR,2007,,,,,,,,,6.90,6.90207386,,,,2025-12-05T13:23:08Z,2007,2007-01-01,2007-12-31
10135646,GHED_GGHE-DGGE_SHA2011,COUNTRY,RWA,AFR,Africa,YEAR,2010,,,,,,,,,8.56,8.55642414,,,,2025-12-05T13:23:08Z,2010,2010-01-01,2010-12-31
10140790,GHED_GGHE-DGGE_SHA2011,COUNTRY,TCD,AFR,Africa,YEAR,2006,,,,,,,,,7.14,7.14463902,,,,2025-12-05T13:23:08Z,2006,2006-01-01,2006-12-31
10150201,GHED_GGHE-DGGE_SHA2011,COUNTRY,OMN,EMR,Eastern Mediterranean,YEAR,2000,,,,,,,,,7.03,7.03079271,,,,2025-12-05T13:23:08Z,2000,2000-01-01,2000-12-31
10156150,GHED_GGHE-DGGE_SHA2011,COUNTRY,AND,EUR,Europe,YEAR,2019,,,,,,,,,14.57,14.57425785,,,,2025-12-05T13:23:08Z,2019,2019-01-01,2019-12-31
10161759,GHED_GGHE-DGGE_SHA2011,COUNTRY,GTM,AMR,Americas,YEAR,2020,,,,,,,,,15.86,15.86299229,,,,2025-12-05T13:23:08Z,2020,2020-01-01,2020-12-31
10167341,GHED_GGHE-DGGE_SHA2011,COUNTRY,PNG,WPR,Western Pacific,YEAR,2021,,,,,,,,,5.33,5.32512045,,,,2025-12-05T13:23:08Z,2021,2021-01-01,2021-12-31
10167932,GHED_GGHE-DGGE_SHA2011,COUNTRY,THA,SEAR,South-East Asia,YEAR,2002,,,,,,,,,8.72,8.71551132,,,,2025-12-05T13:23:08Z,2002,2002-01-01,2002-12-31
10168651,GHED_GGHE-DGGE_SHA2011,COUNTRY,UZB,EUR,Europe,YEAR,2003,,,,,,,,,6.01,6.01096392,,,,2025-12-05T13:23:08Z,2003,2003-01-01,2003-12-31
10169416,GHED_GGHE-DGGE_SHA2011,COUNTRY,BLZ,AMR,Americas,YEAR,2000,,,,,,,,,5.85,5.84757805,,,,2025-12-05T13:23:08Z,2000,2000-01-01,2000-12-31
10173439,GHED_GGHE-DGGE_SHA2011,COUNTRY,IRN,EMR,Eastern Mediterranean,YEAR,2006,,,,,,,,,9.61,9.6129694,,,,2025-12-05T13:23:08Z,2006,2006-01-01,2006-12-31
10175948,GHED_GGHE-DGGE_SHA2011,COUNTRY,BTN,SEAR,South-East Asia,YEAR,2017,,,,,,,,,7.58,7.58420563,,,,2025-12-05T13:23:08Z,2017,2017-01-01,2017-12-31
10179097,GHED_GGHE-DGGE_SHA2011,COUNTRY,SDN,EMR,Eastern Mediterranean,YEAR,2010,,,,,,,,,9.49,9.48801804,,,,2025-12-05T13:23:08Z,2010,2010-01-01,2010-12-31
10181694,GHED_GGHE-DGGE_SHA2011,COUNTRY,NRU,WPR,Western Pacific,YEAR,2015,,,,,,,,,9.89,9.8901701,,,,2025-12-05T13:23:08Z,2015,2015-01-01,2015-12-31
10185050,GHED_GGHE-DGGE_SHA2011,COUNTRY,MCO,EUR,Europe,YEAR,2013,,,,,,,,,19.63,19.62597847,,,,2025-12-05T13:23:08Z,2013,2013-01-01,2013-12-31
10186111,GHED_GGHE-DGGE_SHA2011,COUNTRY,KWT,EMR,Eastern Mediterranean,YEAR,2022,,,,,,,,,9.40,9.40050793,,,,2025-12-05T13:23:08Z,2022,2022-01-01,2022-12-31
10187058,GHED_GGHE-DGGE_SHA2011,GLOBAL,GLOBAL,,,YEAR,2019,,,,,,,,,10.43,10.42643358,,,,2025-12-05T13:23:08Z,2019,2019-01-01,2019-12-31
10188145,GHED_GGHE-DGGE_SHA2011,COUNTRY,TUV,WPR,Western Pacific,YEAR,2010,,,,,,,,,13.99,13.99229622,,,,2025-12-05T13:23:08Z,2010,2010-01-01,2010-12-31
10191548,GHED_GGHE-DGGE_SHA2011,COUNTRY,IND,SEAR,South-East Asia,YEAR,2006,,,,,,,,,2.89,2.88599753,,,,2025-12-05T13:23:08Z,2006,2006-01-01,2006-12-31
10193634,GHED_GGHE-DGGE_SHA2011,COUNTRY,MMR,SEAR,South-East Asia,YEAR,2000,,,,,,,,,1.23,1.23249876,,,,2025-12-05T13:23:08Z,2000,2000-01-01,2000-12-31
10194921,GHED_GGHE-DGGE_SHA2011,COUNTRY,BHR,EMR,Eastern Mediterranean,YEAR,2002,,,,,,,,,8.22,8.22115707,,,,2025-12-05T13:23:08Z,2002,2002-01-01,2002-12-31
10196070,GHED_GGHE-DGGE_SHA2011,COUNTRY,COD,AFR,Africa,YEAR,2013,,,,,,,,,3.91,3.90944052,,,,2025-12-05T13:23:08Z,2013,2013-01-01,2013-12-31
10199099,GHED_GGHE-DGGE_SHA2011,COUNTRY,BGR,EUR,Europe,YEAR,2001,,,,,,,,,9.47,9.46551609,,,,2025-12-05T13:23:08Z,2001,2001-01-01,2001-12-31
10203290,GHED_GGHE-DGGE_SHA2011,COUNTRY,LCA,AMR,Americas,YEAR,2012,,,,,,,,,7.28,7.28393745,,,,2025-12-05T13:23:08Z,2012,2012-01-01,2012-12-31
10206677,GHED_GGHE-DGGE_SHA2011,COUNTRY,KWT,EMR,Eastern Mediterranean,YEAR,2002,,,,,,,,,5.70,5.69684553,,,,2025-12-05T13:23:08Z,2002,2002-01-01,2002-12-31
10208462,GHED_GGHE-DGGE_SHA2011,COUNTRY,IND,SEAR,South-East Asia,YEAR,2020,,,,,,,,,3.69,3.68660474,,,,2025-12-05T13:23:08Z,2020,2020-01-01,2020-12-31
10209227,GHED_GGHE-DGGE_SHA2011,COUNTRY,SVN,EUR,Europe,YEAR,2003,,,,,,,,,12.37,12.36503983,,,,2025-12-05T13:23:08Z,2003,2003-01-01,2003-12-31
10210797,GHED_GGHE-DGGE_SHA2011,COUNTRY,DEU,EUR,Europe,YEAR,2004,,,,,,,,,16.18,16.17985725,,,,2025-12-05T13:23:08Z,2004,2004-01-01,2004-12-31
10210839,GHED_GGHE-DGGE_SHA2011,COUNTRY,CYP,EUR,Europe,YEAR,2003,,,,,,,,,5.78,5.77545786,,,,2025-12-05T13:23:08Z,2003,2003-01-01,2003-12-31
10213653,GHED_GGHE-DGGE_SHA2011,COUNTRY,DOM,AMR,Americas,YEAR,2018,,,,,,,,,15.67,15.66787052,,,,2025-12-05T13:23:08Z,2018,2018-01-01,2018-12-31
10215402,GHED_GGHE-DGGE_SHA2011,COUNTRY,JPN,WPR,Western Pacific,YEAR,2023,,,,,,,,,23.30,23.30052567,,,,2025-12-05T13:23:08Z,2023,2023-01-01,2023-12-31
10219768,GHED_GGHE-DGGE_SHA2011,COUNTRY,LAO,WPR,Western Pacific,YEAR,2011,,,,,,,,,1.82,1.81748676,,,,2025-12-05T13:23:08Z,2011,2011-01-01,2011-12-31
10219921,GHED_GGHE-DGGE_SHA2011,COUNTRY,NIU,WPR,Western Pacific,YEAR,2001,,,,,,,,,30.24,30.23809433,,,,2025-12-05T13:23:08Z,2001,2001-01-01,2001-12-31
10223060,GHED_GGHE-DGGE_SHA2011,COUNTRY,STP,AFR,Africa,YEAR,2006,,,,,,,,,1.69,1.69165504,,,,2025-12-05T13:23:08Z,2006,2006-01-01,2006-12-31
10224939,GHED_GGHE-DGGE_SHA2011,COUNTRY,AGO,AFR,Africa,YEAR,2001,,,,,,,,,5.97,5.96825457,,,,2025-12-05T13:23:08Z,2001,2001-01-01,2001-12-31
10225206,GHED_GGHE-DGGE_SHA2011,COUNTRY,THA,SEAR,South-East Asia,YEAR,2018,,,,,,,,,13.12,13.12356186,,,,2025-12-05T13:23:08Z,2018,2018-01-01,2018-12-31
10225659,GHED_GGHE-DGGE_SHA2011,COUNTRY,SWZ,AFR,Africa,YEAR,2013,,,,,,,,,11.66,11.66008472,,,,2025-12-05T13:23:08Z,2013,2013-01-01,2013-12-31
10226832,GHED_GGHE-DGGE_SHA2011,COUNTRY,GRD,AMR,Americas,YEAR,2020,,,,,,,,,7.00,6.99832869,,,,2025-12-05T13:23:08Z,2020,2020-01-01,2020-12-31
10226840,GHED_GGHE-DGGE_SHA2011,COUNTRY,UGA,AFR,Africa,YEAR,2006,,,,,,,,,7.16,7.16093779,,,,2025-12-05T13:23:08Z,2006,2006-01-01,2006-12-31
10227025,GHED_GGHE-DGGE_SHA2011,COUNTRY,NIC,AMR,Americas,YEAR,2018,,,,,,,,,18.70,18.70357895,,,,2025-12-05T13:23:08Z,2018,2018-01-01,2018-12-31
10236196,GHED_GGHE-DGGE_SHA2011,COUNTRY,KEN,AFR,Africa,YEAR,2002,,,,,,,,,7.09,7.08898258,,,,2025-12-05T13:23:08Z,2002,2002-01-01,2002-12-31
10238514,GHED_GGHE-DGGE_SHA2011,COUNTRY,CRI,AMR,Americas,YEAR,2006,,,,,,,,,30.26,30.26260757,,,,2025-12-05T13:23:08Z,2006,2006-01-01,2006-12-31
10241822,GHED_GGHE-DGGE_SHA2011,COUNTRY,ARG,AMR,Americas,YEAR,2008,,,,,,,,,14.56,14.55631638,,,,2025-12-05T13:23:08Z,2008,2008-01-01,2008-12-31
10243880,GHED_GGHE-DGGE_SHA2011,COUNTRY,VUT,WPR,Western Pacific,YEAR,2000,,,,,,,,,9.70,9.70482826,,,,2025-12-05T13:23:08Z,2000,2000-01-01,2000-12-31
10245281,GHED_GGHE-DGGE_SHA2011,COUNTRY,ESP,EUR,Europe,YEAR,2023,,,,,,,,,14.85,14.84792614,,,,2025-12-05T13:23:08Z,2023,2023-01-01,2023-12-31
10245424,GHED_GGHE-DGGE_SHA2011,COUNTRY,SVK,EUR,Europe,YEAR,2007,,,,,,,,,13.73,13.72518253,,,,2025-12-05T13:23:08Z,2007,2007-01-01,2007-12-31
10250271,GHED_GGHE-DGGE_SHA2011,COUNTRY,IRN,EMR,Eastern Mediterranean,YEAR,2020,,,,,,,,,19.03,19.02957344,,,,2025-12-05T13:23:08Z,2020,2020-01-01,2020-12-31
