Id,IndicatorCode,SpatialDimension,SpatialDimensionValueCode,ParentLocationCode,ParentLocation,TimeDimension,TimeDim,DisaggregatingDimension1,DisaggregatingDimension1ValueCode,DisaggregatingDimension2,DisaggregatingDimension2ValueCode,DisaggregatingDimension3,DisaggregatingDimension3ValueCode,DataSourceDimension,DataSourceDimensionValueCode,Value,NumericValue,Low,High,Comments,Date,TimeDimensionValue,TimeDimensionBegin,TimeDimensionEnd
2276133,GHED_OOP_pc_US_SHA2011,COUNTRY,CZE,EUR,Europe,YEAR,2017,,,,,,,,,214.41,214.41278546,,,,2025-12-05T13:23:08Z,2017,2017-01-01,2017-12-31
2276567,GHED_OOP_pc_US_SHA2011,COUNTRY,EGY,EMR,Eastern Mediterranean,YEAR,2016,,,,,,,,,84.14,84.14053761,,,,2025-12-05T13:23:08Z,2016,2016-01-01,2016-12-31
2281457,GHED_OOP_pc_US_SHA2011,COUNTRY,PRT,EUR,Europe,YEAR,2023,,,,,,,,,809.53,809.52765945,,,,2025-12-05T13:23:08Z,2023,2023-01-01,2023-12-31
2283312,GHED_OOP_pc_US_SHA2011,COUNTRY,AZE,EUR,Europe,YEAR,2017,,,,,,,,,120.00,119.99942837,,,,2025-12-05T13:23:08Z,2017,2017-01-01,2017-12-31
2287359,GHED_OOP_pc_US_SHA2011,COUNTRY,COL,AMR,Americas,YEAR,2012,,,,,,,,,97.69,97.68731565,,,,2025-12-05T13:23:08Z,2012,2012-01-01,2012-12-31
2296430,GHED_OOP_pc_US_SHA2011,COUNTRY,IND,SEAR,South-East Asia,YEAR,2014,,,,,,,,,37.76,37.76172989,,,,2025-12-05T13:23:08Z,2014,2014-01-01,2014-12-31
2303332,GHED_OOP_pc_US_SHA2011,COUNTRY,FJI,WPR,Western Pacific,YEAR,2016,,,,,,,,,36.31,36.30611771,,,,2025-12-05T13:23:08Z,2016,2016-01-01,2016-12-31
2317292,GHED_OOP_pc_US_SHA2011,COUNTRY,NPL,SEAR,South-East Asia,YEAR,2008,,,,,,,,,11.62,11.62480231,,,,2025-12-05T13:23:08Z,2008,2008-01-01,2008-12-31
2318985,GHED_OOP_pc_US_SHA2011,COUNTRY,ATG,AMR,Americas,YEAR,2022,,,,,,,,,160.42,160.41568956,,,,2025-12-05T13:23:08Z,2022,2022-01-01,2022-12-31
2320470,GHED_OOP_pc_US_SHA2011,COUNTRY,HUN,EUR,Europe,YEAR,2022,,,,,,,,,294.89,294.88748404,,,,2025-12-05T13:23:08Z,2022,2022-01-01,2022-12-31
2321198,GHED_OOP_pc_US_SHA2011,COUNTRY,BHS,AMR,Americas,YEAR,2014,,,,,,,,,458.67,458.66541627,,,,2025-12-05T13:23:08Z,2014,2014-01-01,2014-12-31
2325205,GHED_OOP_pc_US_SHA2011,COUNTRY,BFA,AFR,Africa,YEAR,2011,,,,,,,,,11.08,11.08248007,,,,2025-12-05T13:23:08Z,2011,2011-01-01,2011-12-31
2327163,GHED_OOP_pc_US_SHA2011,COUNTRY,ARE,EMR,Eastern Mediterranean,YEAR,2017,,,,,,,,,193.53,193.53488068,,,,2025-12-05T13:23:08Z,2017,2017-01-01,2017-12-31
2327204,GHED_OOP_pc_US_SHA2011,REGION,EMR,,,YEAR,2007,,,,,,,,,99.52,99.52090974,,,,2025-12-05T13:23:08Z,2007,2007-01-01,2007-12-31
2327408,GHED_OOP_pc_US_SHA2011,COUNTRY,SLB,WPR,Western Pacific,YEAR,2004,,,,,,,,,1.72,1.71874406,,,,2025-12-05T13:23:08Z,2004,2004-01-01,2004-12-31
2335183,GHED_OOP_pc_US_SHA2011,GLOBAL,GLOBAL,,,YEAR,2022,,,,,,,,,252.27,252.27321169,,,,2026-01-12T13:50:53Z,2022,2022-01-01,2022-12-31
2338599,GHED_OOP_pc_US_SHA2011,COUNTRY,CMR,AFR,Africa,YEAR,2019,,,,,,,,,41.00,40.99957399,,,,2025-12-05T13:23:08Z,2019,2019-01-01,2019-12-31
2339910,GHED_OOP_pc_US_SHA2011,COUNTRY,MWI,AFR,Africa,YEAR,2013,,,,,,,,,2.65,2.6515436,,,,2025-12-05T13:23:08Z,2013,2013-01-01,2013-12-31
2340039,GHED_OOP_pc_US_SHA2011,COUNTRY,GMB,AFR,Africa,YEAR,2005,,,,,,,,,3.82,3.82081164,,,,2025-12-05T13:23:08Z,2005,2005-01-01,2005-12-31
2344677,GHED_OOP_pc_US_SHA2011,COUNTRY,PRT,EUR,Europe,YEAR,2008,,,,,,,,,631.33,631.33253027,,,,2025-12-05T13:23:08Z,2008,2008-01-01,2008-12-31
2344896,GHED_OOP_pc_US_SHA2011,COUNTRY,KGZ,EUR,Europe,YEAR,2016,,,,,,,,,40.92,40.91984614,,,,2025-12-05T13:23:08Z,2016,2016-01-01,2016-12-31
2355968,GHED_OOP_pc_US_SHA2011,COUNTRY,GIN,AFR,Africa,YEAR,2004,,,,,,,,,18.36,18.35970224,,,,2025-12-05T13:23:08Z,2004,2004-01-01,2004-12-31
2357133,GHED_OOP_pc_US_SHA2011,COUNTRY,LCA,AMR,Americas,YEAR,2007,,,,,,,,,281.05,281.04956141,,,,2025-12-05T13:23:08Z,2007,2007-01-01,2007-12-31
2360720,GHED_OOP_pc_US_SHA2011,COUNTRY,COL,AMR,Americas,YEAR,2018,,,,,,,,,79.17,79.17287734,,,,2025-12-05T13:23:08Z,2018,2018-01-01,2018-12-31
2362421,GHED_OOP_pc_US_SHA2011,COUNTRY,SRB,EUR,Europe,YEAR,2010,,,,,,,,,198.52,198.5153261,,,,2025-12-05T13:23:08Z,2010,2010-01-01,2010-12-31
2363955,GHED_OOP_pc_US_SHA2011,COUNTRY,YEM,EMR,Eastern Mediterranean,YEAR,2009,,,,,,,,,43.06,43.06066149,,,,2025-12-05T13:23:08Z,2009,2009-01-01,2009-12-31
2364651,GHED_OOP_pc_US_SHA2011,COUNTRY,BFA,AFR,Africa,YEAR,2019,,,,,,,,,14.24,14.24188887,,,,2025-12-05T13:23:08Z,2019,2019-01-01,2019-12-31
2368977,GHED_OOP_pc_US_SHA2011,COUNTRY,PHL,WPR,Western Pacific,YEAR,2012,,,,,,,,,63.69,63.68814486,,,,2025-12-05T13:23:08Z,2012,2012-01-01,2012-12-31
2371929,GHED_OOP_pc_US_SHA2011,COUNTRY,SEN,AFR,Africa,YEAR,2006,,,,,,,,,14.33,14.33226728,,,,2025-12-05T13:23:08Z,2006,2006-01-01,2006-12-31
2375221,GHED_OOP_pc_US_SHA2011,COUNTRY,GRC,EUR,Europe,YEAR,2013,,,,,,,,,618.12,618.1171175,,,,2025-12-05T13:23:08Z,2013,2013-01-01,2013-12-31
2376290,GHED_OOP_pc_US_SHA2011,COUNTRY,KAZ,EUR,Europe,YEAR,2006,,,,,,,,,53.13,53.12918221,,,,2025-12-05T13:23:08Z,2006,2006-01-01,2006-12-31
2376561,GHED_OOP_pc_US_SHA2011,COUNTRY,NLD,EUR,Europe,YEAR,2023,,,,,,,,,766.79,766.78877214,,,,2025-12-05T13:23:08Z,2023,2023-01-01,2023-12-31
2377275,GHED_OOP_pc_US_SHA2011,REGION,AMR,,,YEAR,2007,,,,,,,,,189.20,189.19671446,,,,2025-12-05T13:23:08Z,2007,2007-01-01,2007-12-31
2377713,GHED_OOP_pc_US_SHA2011,COUNTRY,GHA,AFR,Africa,YEAR,2017,,,,,,,,,12.26,12.25546702,,,,2025-12-05T13:23:08Z,2017,2017-01-01,2017-12-31
2378600,GHED_OOP_pc_US_SHA2011,COUNTRY,BGR,EUR,Europe,YEAR,2011,,,,,,,,,247.16,247.15793351,,,,2025-12-05T13:23:08Z,2011,2011-01-01,2011-12-31
2378647,GHED_OOP_pc_US_SHA2011,COUNTRY,SVN,EUR,Europe,YEAR,2000,,,,,,,,,105.74,105.74111451,,,,2025-12-05T13:23:08Z,2000,2000-01-01,2000-12-31
2381818,GHED_OOP_pc_US_SHA2011,COUNTRY,ARG,AMR,Americas,YEAR,2002,,,,,,,,,66.53,66.52722733,,,,2025-12-05T13:23:08Z,2002,2002-01-01,2002-12-31
2387690,GHED_OOP_pc_US_SHA2011,COUNTRY,SVK,EUR,Europe,YEAR,2015,,,,,,,,,204.52,204.51675386,,,,2025-12-05T13:23:08Z,2015,2015-01-01,2015-12-31
2388042,GHED_OOP_pc_US_SHA2011,COUNTRY,AUS,WPR,Western Pacific,YEAR,2016,,,,,,,,,901.28,901.2760599,,,,2025-12-05T13:23:08Z,2016,2016-01-01,2016-12-31
2388227,GHED_OOP_pc_US_SHA2011,COUNTRY,TUR,EUR,Europe,YEAR,2007,,,,,,,,,120.47,120.46672979,,,,2025-12-05T13:23:08Z,2007,2007-01-01,2007-12-31
2389292,GHED_OOP_pc_US_SHA2011,COUNTRY,PHL,WPR,Western Pacific,YEAR,2017,,,,,,,,,60.34,60.33944939,,,,2025-12-05T13:23:08Z,2017,2017-01-01,2017-12-31
2392294,GHED_OOP_pc_US_SHA2011,COUNTRY,CYP,EUR,Europe,YEAR,2011,,,,,,,,,874.94,874.93823269,,,,2025-12-05T13:23:08Z,2011,2011-01-01,2011-12-31
2393839,GHED_OOP_pc_US_SHA2011,COUNTRY,CHN,WPR,Western Pacific,YEAR,2015,,,,,,,,,137.94,137.93516575,,,,2025-12-05T13:23:08Z,2015,2015-01-01,2015-12-31
2394769,GHED_OOP_pc_US_SHA2011,COUNTRY,MAR,EMR,Eastern Mediterranean,YEAR,2017,,,,,,,,,80.03,80.03073561,,,,2025-12-05T13:23:08Z,2017,2017-01-01,2017-12-31
2398573,GHED_OOP_pc_US_SHA2011,COUNTRY,MHL,WPR,Western Pacific,YEAR,2001,,,,,,,,,4.53,4.52952829,,,,2025-12-05T13:23:08Z,2001,2001-01-01,2001-12-31
2401650,GHED_OOP_pc_US_SHA2011,COUNTRY,JAM,AMR,Americas,YEAR,2006,,,,,,,,,111.31,111.3054546,,,,2025-12-05T13:23:08Z,2006,2006-01-01,2006-12-31
2409998,GHED_OOP_pc_US_SHA2011,COUNTRY,SLV,AMR,Americas,YEAR,2003,,,,,,,,,78.41,78.4059603,,,,2025-12-05T13:23:08Z,2003,2003-01-01,2003-12-31
2416161,GHED_OOP_pc_US_SHA2011,WORLDBANKINCOMEGROUP,WB_UMI,,,YEAR,2015,,,,,,,,,127.89,127.88786939,,,,2025-12-05T13:23:08Z,2015,2015-01-01,2015-12-31
2421561,GHED_OOP_pc_US_SHA2011,COUNTRY,DZA,AFR,Africa,YEAR,2018,,,,,,,,,91.68,91.68200197,,,,2025-12-05T13:23:08Z,2018,2018-01-01,2018-12-31
2425547,GHED_OOP_pc_US_SHA2011,COUNTRY,PRY,AMR,Americas,YEAR,2012,,,,,,,,,170.86,170.86215708,,,,2025-12-05T13:23:08Z,2012,2012-01-01,2012-12-31
2427844,GHED_OOP_pc_US_SHA2011,COUNTRY,BLZ,AMR,Americas,YEAR,2010,,,,,,,,,60.10,60.09943481,,,,2025-12-05T13:23:08Z,2010,2010-01-01,2010-12-31
2434651,GHED_OOP_pc_US_SHA2011,COUNTRY,SVN,EUR,Europe,YEAR,2014,,,,,,,,,267.77,267.76863572,,,,2025-12-05T13:23:08Z,2014,2014-01-01,2014-12-31
2434931,GHED_OOP_pc_US_SHA2011,COUNTRY,TCD,AFR,Africa,YEAR,2019,,,,,,,,,19.26,19.26193657,,,,2025-12-05T13:23:08Z,2019,2019-01-01,2019-12-31
2439793,GHED_OOP_pc_US_SHA2011,COUNTRY,ARM,EUR,Europe,YEAR,2010,,,,,,,,,226.49,226.48981209,,,,2025-12-05T13:23:08Z,2010,2010-01-01,2010-12-31
2441531,GHED_OOP_pc_US_SHA2011,WORLDBANKINCOMEGROUP,WB_UMI,,,YEAR,2002,,,,,,,,,52.27,52.26883505,,,,2025-12-05T13:23:08Z,2002,2002-01-01,2002-12-31
2442606,GHED_OOP_pc_US_SHA2011,COUNTRY,NOR,EUR,Europe,YEAR,2018,,,,,,,,,1155.47,1155.46565167,,,,2025-12-05T13:23:08Z,2018,2018-01-01,2018-12-31
2452854,GHED_OOP_pc_US_SHA2011,COUNTRY,IRN,EMR,Eastern Mediterranean,YEAR,2013,,,,,,,,,197.21,197.20556536,,,,2025-12-05T13:23:08Z,2013,2013-01-01,2013-12-31
2453175,GHED_OOP_pc_US_SHA2011,COUNTRY,CAF,AFR,Africa,YEAR,2008,,,,,,,,,10.45,10.45178687,,,,2025-12-05T13:23:08Z,2008,2008-01-01,2008-12-31
2459423,GHED_OOP_pc_US_SHA2011,COUNTRY,TCD,AFR,Africa,YEAR,2010,,,,,,,,,23.83,23.83034888,,,,2025-12-05T13:23:08Z,2010,2010-01-01,2010-12-31
2459555,GHED_OOP_pc_US_SHA2011,COUNTRY,MEX,AMR,Americas,YEAR,2014,,,,,,,,,249.25,249.24673544,,,,2025-12-05T13:23:08Z,2014,2014-01-01,2014-12-31
2459697,GHED_OOP_pc_US_SHA2011,COUNTRY,COM,AFR,Africa,YEAR,2004,,,,,,,,,51.56,51.56234172,,,,2025-12-05T13:23:08Z,2004,2004-01-01,2004-12-31
2465776,GHED_OOP_pc_US_SHA2011,COUNTRY,IRL,EUR,Europe,YEAR,2021,,,,,,,,,778.45,778.45077419,,,,2025-12-05T13:23:08Z,2021,2021-01-01,2021-12-31
2484256,GHED_OOP_pc_US_SHA2011,REGION,EMR,,,YEAR,2020,,,,,,,,,94.52,94.52369907,,,,2025-12-05T13:23:08Z,2020,2020-01-01,2020-12-31
2484658,GHED_OOP_pc_US_SHA2011,COUNTRY,AZE,EUR,Europe,YEAR,2013,,,,,,,,,166.74,166.73820729,,,,2025-12-05T13:23:08Z,2013,2013-01-01,2013-12-31
2487915,GHED_OOP_pc_US_SHA2011,COUNTRY,URY,AMR,Americas,YEAR,2016,,,,,,,,,241.56,241.55643129,,,,2025-12-05T13:23:08Z,2016,2016-01-01,2016-12-31
2488617,GHED_OOP_pc_US_SHA2011,COUNTRY,PRT,EUR,Europe,YEAR,2017,,,,,,,,,591.19,591.1907474,,,,2025-12-05T13:23:08Z,2017,2017-01-01,2017-12-31
2489551,GHED_OOP_pc_US_SHA2011,COUNTRY,LTU,EUR,Europe,YEAR,2005,,,,,,,,,143.88,143.87670748,,,,2025-12-05T13:23:08Z,2005,2005-01-01,2005-12-31
2490734,GHED_OOP_pc_US_SHA2011,COUNTRY,ZMB,AFR,Africa,YEAR,2020,,,,,,,,,4.87,4.86964251,,,,2025-12-05T13:23:08Z,2020,2020-01-01,2020-12-31
2495472,GHED_OOP_pc_US_SHA2011,COUNTRY,RWA,AFR,Africa,YEAR,2001,,,,,,,,,2.18,2.17745046,,,,2025-12-05T13:23:08Z,2001,2001-01-01,2001-12-31
2498056,GHED_OOP_pc_US_SHA2011,COUNTRY,SVN,EUR,Europe,YEAR,2006,,,,,,,,,189.29,189.28622316,,,,2025-12-05T13:23:08Z,2006,2006-01-01,2006-12-31
2501291,GHED_OOP_pc_US_SHA2011,COUNTRY,GEO,EUR,Europe,YEAR,2013,,,,,,,,,255.16,255.15701715,,,,2025-12-05T13:23:08Z,2013,2013-01-01,2013-12-31
2501512,GHED_OOP_pc_US_SHA2011,COUNTRY,LCA,AMR,Americas,YEAR,2015,,,,,,,,,227.50,227.49762892,,,,2025-12-05T13:23:08Z,2015,2015-01-01,2015-12-31
2502296,GHED_OOP_pc_US_SHA2011,COUNTRY,DOM,AMR,Americas,YEAR,2006,,,,,,,,,88.66,88.66405632,,,,2025-12-05T13:23:08Z,2006,2006-01-01,2006-12-31
2504216,GHED_OOP_pc_US_SHA2011,COUNTRY,FRA,EUR,Europe,YEAR,2001,,,,,,,,,160.85,160.85191231,,,,2025-12-05T13:23:08Z,2001,2001-01-01,2001-12-31
2509094,GHED_OOP_pc_US_SHA2011,COUNTRY,DNK,EUR,Europe,YEAR,2019,,,,,,,,,834.55,834.55474787,,,,2025-12-05T13:23:08Z,2019,2019-01-01,2019-12-31
2511194,GHED_OOP_pc_US_SHA2011,COUNTRY,BLZ,AMR,Americas,YEAR,2016,,,,,,,,,66.18,66.17714541,,,,2025-12-05T13:23:08Z,2016,2016-01-01,2016-12-31
2517663,GHED_OOP_pc_US_SHA2011,COUNTRY,ARM,EUR,Europe,YEAR,2006,,,,,,,,,76.41,76.4051539,,,,2025-12-05T13:23:08Z,2006,2006-01-01,2006-12-31
2520927,GHED_OOP_pc_US_SHA2011,COUNTRY,MOZ,AFR,Africa,YEAR,2002,,,,,,,,,2.80,2.79882301,,,,2025-12-05T13:23:08Z,2002,2002-01-01,2002-12-31
2523250,GHED_OOP_pc_US_SHA2011,COUNTRY,TCD,AFR,Africa,YEAR,2022,,,,,,,,,23.37,23.36914372,,,,2025-12-05T13:23:08Z,2022,2022-01-01,2022-12-31
2523880,GHED_OOP_pc_US_SHA2011,COUNTRY,DJI,EMR,Eastern Mediterranean,YEAR,2015,,,,,,,,,15.14,15.14286019,,,,2025-12-05T13:23:08Z,2015,2015-01-01,2015-12-31
2526192,GHED_OOP_pc_US_SHA2011,COUNTRY,GNB,AFR,Africa,YEAR,2003,,,,,,,,,8.46,8.45881161,,,,2025-12-05T13:23:08Z,2003,2003-01-01,2003-12-31
2526417,GHED_OOP_pc_US_SHA2011,COUNTRY,COM,AFR,Africa,YEAR,2020,,,,,,,,,55.51,55.51225266,,,,2025-12-05T13:23:08Z,2020,2020-01-01,2020-12-31
2526836,GHED_OOP_pc_US_SHA2011,REGION,EUR,,,YEAR,2009,,,,,,,,,424.38,424.38494527,,,,2025-12-05T13:23:08Z,2009,2009-01-01,2009-12-31
2530372,GHED_OOP_pc_US_SHA2011,COUNTRY,KEN,AFR,Africa,YEAR,2013,,,,,,,,,21.72,21.72064152,,,,2025-12-05T13:23:08Z,2013,2013-01-01,2013-12-31
2533170,GHED_OOP_pc_US_SHA2011,COUNTRY,ECU,AMR,Americas,YEAR,2002,,,,,,,,,60.89,60.88988126,,,,2025-12-05T13:23:08Z,2002,2002-01-01,2002-12-31
2533408,GHED_OOP_pc_US_SHA2011,COUNTRY,MLT,EUR,Europe,YEAR,2019,,,,,,,,,1005.92,1005.92483102,,,,2025-12-05T13:23:08Z,2019,2019-01-01,2019-12-31
2536691,GHED_OOP_pc_US_SHA2011,COUNTRY,JOR,EMR,Eastern Mediterranean,YEAR,2004,,,,,,,,,71.22,71.21650444,,,,2025-12-05T13:23:08Z,2004,2004-01-01,2004-12-31
2538647,GHED_OOP_pc_US_SHA2011,COUNTRY,ECU,AMR,Americas,YEAR,2004,,,,,,,,,91.12,91.11817171,,,,2025-12-05T13:23:08Z,2004,2004-01-01,2004-12-31
2540181,GHED_OOP_pc_US_SHA2011,COUNTRY,VCT,AMR,Americas,YEAR,2017,,,,,,,,,107.61,107.60701475,,,,2025-12-05T13:23:08Z,2017,2017-01-01,2017-12-31
2540392,GHED_OOP_pc_US_SHA2011,COUNTRY,BOL,AMR,Americas,YEAR,2023,,,,,,,,,69.67,69.66584104,,,,2025-12-05T13:23:08Z,2023,2023-01-01,2023-12-31
2541180,GHED_OOP_pc_US_SHA2011,COUNTRY,LBN,EMR,Eastern Mediterranean,YEAR,2006,,,,,,,,,179.40,179.39990222,,,,2025-12-05T13:23:08Z,2006,2006-01-01,2006-12-31
2543111,GHED_OOP_pc_US_SHA2011,REGION,EUR,,,YEAR,2010,,,,,,,,,419.29,419.28906601,,,,2025-12-05T13:23:08Z,2010,2010-01-01,2010-12-31
2545205,GHED_OOP_pc_US_SHA2011,COUNTRY,IRL,EUR,Europe,YEAR,2017,,,,,,,,,658.51,658.50855205,,,,2025-12-05T13:23:08Z,2017,2017-01-01,2017-12-31
2546514,GHED_OOP_pc_US_SHA2011,COUNTRY,BHS,AMR,Americas,YEAR,2011,,,,,,,,,403.32,403.31535393,,,,2025-12-05T13:23:08Z,2011,2011-01-01,2011-12-31
2549114,GHED_OOP_pc_US_SHA2011,COUNTRY,FSM,WPR,Western Pacific,YEAR,2014,,,,,,,,,9.06,9.05873778,,,,2025-12-05T13:23:08Z,2014,2014-01-01,2014-12-31
2554128,GHED_OOP_pc_US_SHA2011,COUNTRY,LBN,EMR,Eastern Mediterranean,YEAR,2023,,,,,,,,,77.46,77.46445077,,,,2025-12-05T13:23:08Z,2023,2023-01-01,2023-12-31
2554845,GHED_OOP_pc_US_SHA2011,COUNTRY,OMN,EMR,Eastern Mediterranean,YEAR,2012,,,,,,,,,57.48,57.48244085,,,,2025-12-05T13:23:08Z,2012,2012-01-01,2012-12-31
2555159,GHED_OOP_pc_US_SHA2011,COUNTRY,DOM,AMR,Americas,YEAR,2000,,,,,,,,,76.51,76.50568663,,,,2025-12-05T13:23:08Z,2000,2000-01-01,2000-12-31
2555292,GHED_OOP_pc_US_SHA2011,COUNTRY,AGO,AFR,Africa,YEAR,2008,,,,,,,,,29.52,29.52223032,,,,2025-12-05T13:23:08Z,2008,2008-01-01,2008-12-31
2557627,GHED_OOP_pc_US_SHA2011,COUNTRY,SWZ,AFR,Africa,YEAR,2009,,,,,,,,,29.15,29.15354527,,,,2025-12-05T13:23:08Z,2009,2009-01-01,2009-12-31
2557999,GHED_OOP_pc_US_SHA2011,COUNTRY,GBR,EUR,Europe,YEAR,2021,,,,,,,,,735.19,735.19366191,,,,2025-12-05T13:23:08Z,2021,2021-01-01,2021-12-31
2558520,GHED_OOP_pc_US_SHA2011,COUNTRY,NAM,AFR,Africa,YEAR,2021,,,,,,,,,32.76,32.75881935,,,,2025-12-05T13:23:08Z,2021,2021-01-01,2021-12-31
2560825,GHED_OOP_pc_US_SHA2011,COUNTRY,VEN,AMR,Americas,YEAR,2022,,,,,,,,,51.93,51.9327335,,,,2025-12-05T13:23:08Z,2022,2022-01-01,2022-12-31
2563342,GHED_OOP_pc_US_SHA2011,COUNTRY,WSM,WPR,Western Pacific,YEAR,2000,,,,,,,,,7.24,7.23538539,,,,2025-12-05T13:23:08Z,2000,2000-01-01,2000-12-31
2563743,GHED_OOP_pc_US_SHA2011,COUNTRY,THA,SEAR,South-East Asia,YEAR,2012,,,,,,,,,27.07,27.07283598,,,,2025-12-05T13:23:08Z,2012,2012-01-01,2012-12-31
2563855,GHED_OOP_pc_US_SHA2011,COUNTRY,MDV,SEAR,South-East Asia,YEAR,2023,,,,,,,,,209.19,209.19130832,,,,2025-12-05T13:23:08Z,2023,2023-01-01,2023-12-31
2564330,GHED_OOP_pc_US_SHA2011,COUNTRY,ITA,EUR,Europe,YEAR,2014,,,,,,,,,732.41,732.40919918,,,,2025-12-05T13:23:08Z,2014,2014-01-01,2014-12-31
2564572,GHED_OOP_pc_US_SHA2011,COUNTRY,LTU,EUR,Europe,YEAR,2001,,,,,,,,,60.36,60.36181206,,,,2025-12-05T13:23:08Z,2001,2001-01-01,2001-12-31
2564675,GHED_OOP_pc_US_SHA2011,COUNTRY,NER,AFR,Africa,YEAR,2004,,,,,,,,,8.41,8.41484004,,,,2025-12-05T13:23:08Z,2004,2004-01-01,2004-12-31
2565189,GHED_OOP_pc_US_SHA2011,COUNTRY,TCD,AFR,Africa,YEAR,2002,,,,,,,,,11.66,11.66361924,,,,2025-12-05T13:23:08Z,2002,2002-01-01,2002-12-31
2566777,GHED_OOP_pc_US_SHA2011,COUNTRY,BOL,AMR,Americas,YEAR,2017,,,,,,,,,53.81,53.81348153,,,,2025-12-05T13:23:08Z,2017,2017-01-01,2017-12-31
2570060,GHED_OOP_pc_US_SHA2011,COUNTRY,UKR,EUR,Europe,YEAR,2011,,,,,,,,,111.23,111.22540954,,,,2025-12-05T13:23:08Z,2011,2011-01-01,2011-12-31
2570409,GHED_OOP_pc_US_SHA2011,COUNTRY,CZE,EUR,Europe,YEAR,2015,,,,,,,,,189.96,189.956051,,,,2025-12-05T13:23:08Z,2015,2015-01-01,2015-12-31
2572192,GHED_OOP_pc_US_SHA2011,COUNTRY,TGO,AFR,Africa,YEAR,2017,,,,,,,,,31.68,31.68337199,,,,2025-12-05T13:23:08Z,2017,2017-01-01,2017-12-31
2573750,GHED_OOP_pc_US_SHA2011,COUNTRY,BIH,EUR,Europe,YEAR,2014,,,,,,,,,142.61,142.60837844,,,,2025-12-05T13:23:08Z,2014,2014-01-01,2014-12-31
2583032,GHED_OOP_pc_US_SHA2011,REGION,EUR,,,YEAR,2006,,,,,,,,,349.93,349.93216641,,,,2025-12-05T13:23:08Z,2006,2006-01-01,2006-12-31
2585116,GHED_OOP_pc_US_SHA2011,COUNTRY,ZAF,AFR,Africa,YEAR,2017,,,,,,,,,30.78,30.77892881,,,,2025-12-05T13:23:08Z,2017,2017-01-01,2017-12-31
2585937,GHED_OOP_pc_US_SHA2011,COUNTRY,SWE,EUR,Europe,YEAR,2008,,,,,,,,,759.46,759.46402712,,,,2025-12-05T13:23:08Z,2008,2008-01-01,2008-12-31
2589168,GHED_OOP_pc_US_SHA2011,WORLDBANKINCOMEGROUP,WB_HI,,,YEAR,2007,,,,,,,,,425.81,425.81081583,,,,2025-12-05T13:23:08Z,2007,2007-01-01,2007-12-31
2590775,GHED_OOP_pc_US_SHA2011,COUNTRY,LBR,AFR,Africa,YEAR,2016,,,,,,,,,31.64,31.64381327,,,,2025-12-05T13:23:08Z,2016,2016-01-01,2016-12-31
2592474,GHED_OOP_pc_US_SHA2011,COUNTRY,HND,AMR,Americas,YEAR,2011,,,,,,,,,83.49,83.49167231,,,,2025-12-05T13:23:08Z,2011,2011-01-01,2011-12-31
2592966,GHED_OOP_pc_US_SHA2011,COUNTRY,MNG,WPR,Western Pacific,YEAR,2004,,,,,,,,,8.31,8.31186629,,,,2025-12-05T13:23:08Z,2004,2004-01-01,2004-12-31
2602730,GHED_OOP_pc_US_SHA2011,COUNTRY,ISL,EUR,Europe,YEAR,2011,,,,,,,,,723.93,723.93287508,,,,2025-12-05T13:23:08Z,2011,2011-01-01,2011-12-31
2611838,GHED_OOP_pc_US_SHA2011,COUNTRY,BRA,AMR,Americas,YEAR,2004,,,,,,,,,105.28,105.27789252,,,,2025-12-05T13:23:08Z,2004,2004-01-01,2004-12-31
2616130,GHED_OOP_pc_US_SHA2011,COUNTRY,BRA,AMR,Americas,YEAR,2003,,,,,,,,,89.78,89.78069072,,,,2025-12-05T13:23:08Z,2003,2003-01-01,2003-12-31
2617676,GHED_OOP_pc_US_SHA2011,COUNTRY,MLT,EUR,Europe,YEAR,2005,,,,,,,,,397.75,397.74679792,,,,2025-12-05T13:23:08Z,2005,2005-01-01,2005-12-31
2618780,GHED_OOP_pc_US_SHA2011,COUNTRY,FSM,WPR,Western Pacific,YEAR,2006,,,,,,,,,12.35,12.34690099,,,,2025-12-05T13:23:08Z,2006,2006-01-01,2006-12-31
2622877,GHED_OOP_pc_US_SHA2011,COUNTRY,SOM,EMR,Eastern Mediterranean,YEAR,2013,,,,,,,,,4.93,4.92625763,,,,2025-12-05T13:23:08Z,2013,2013-01-01,2013-12-31
2626923,GHED_OOP_pc_US_SHA2011,COUNTRY,SMR,EUR,Europe,YEAR,2004,,,,,,,,,679.82,679.81931022,,,,2025-12-05T13:23:08Z,2004,2004-01-01,2004-12-31
2631056,GHED_OOP_pc_US_SHA2011,COUNTRY,BLR,EUR,Europe,YEAR,2010,,,,,,,,,99.49,99.4930779,,,,2025-12-05T13:23:08Z,2010,2010-01-01,2010-12-31
2635246,GHED_OOP_pc_US_SHA2011,COUNTRY,GRC,EUR,Europe,YEAR,2023,,,,,,,,,673.23,673.23061849,,,,2025-12-05T13:23:08Z,2023,2023-01-01,2023-12-31
2651341,GHED_OOP_pc_US_SHA2011,COUNTRY,CHE,EUR,Europe,YEAR,2008,,,,,,,,,1874.91,1874.91110744,,,,2025-12-05T13:23:08Z,2008,2008-01-01,2008-12-31
2652217,GHED_OOP_pc_US_SHA2011,COUNTRY,CHN,WPR,Western Pacific,YEAR,2011,,,,,,,,,96.31,96.31446517,,,,2025-12-05T13:23:08Z,2011,2011-01-01,2011-12-31
2654372,GHED_OOP_pc_US_SHA2011,COUNTRY,SAU,EMR,Eastern Mediterranean,YEAR,2021,,,,,,,,,168.06,168.06063994,,,,2025-12-05T13:23:08Z,2021,2021-01-01,2021-12-31
2658840,GHED_OOP_pc_US_SHA2011,COUNTRY,SLV,AMR,Americas,YEAR,2005,,,,,,,,,99.14,99.13524184,,,,2025-12-05T13:23:08Z,2005,2005-01-01,2005-12-31
2659935,GHED_OOP_pc_US_SHA2011,COUNTRY,KHM,WPR,Western Pacific,YEAR,2023,,,,,,,,,69.43,69.42651625,,,,2025-12-05T13:23:08Z,2023,2023-01-01,2023-12-31
2662508,GHED_OOP_pc_US_SHA2011,COUNTRY,BFA,AFR,Africa,YEAR,2003,,,,,,,,,8.44,8.43955256,,,,2025-12-05T13:23:08Z,2003,2003-01-01,2003-12-31
2671972,GHED_OOP_pc_US_SHA2011,COUNTRY,NIU,WPR,Western Pacific,YEAR,2001,,,,,,,,,4.86,4.86149106,,,,2025-12-05T13:23:08Z,2001,2001-01-01,2001-12-31
2676351,GHED_OOP_pc_US_SHA2011,COUNTRY,TLS,SEAR,South-East Asia,YEAR,2023,,,,,,,,,10.09,10.08540215,,,,2025-12-05T13:23:08Z,2023,2023-01-01,2023-12-31
2680061,GHED_OOP_pc_US_SHA2011,COUNTRY,BWA,AFR,Africa,YEAR,2004,,,,,,,,,25.51,25.51393324,,,,2025-12-05T13:23:08Z,2004,2004-01-01,2004-12-31
2684616,GHED_OOP_pc_US_SHA2011,COUNTRY,CHL,AMR,Americas,YEAR,2000,,,,,,,,,151.24,151.24400347,,,,2025-12-05T13:23:08Z,2000,2000-01-01,2000-12-31
2695929,GHED_OOP_pc_US_SHA2011,COUNTRY,NIU,WPR,Western Pacific,YEAR,2018,,,,,,,,,12.30,12.30103102,,,,2025-12-05T13:23:08Z,2018,2018-01-01,2018-12-31
2696173,GHED_OOP_pc_US_SHA2011,COUNTRY,SLE,AFR,Africa,YEAR,2021,,,,,,,,,23.08,23.0832707,,,,2025-12-05T13:23:08Z,2021,2021-01-01,2021-12-31
2696263,GHED_OOP_pc_US_SHA2011,COUNTRY,KOR,WPR,Western Pacific,YEAR,2021,,,,,,,,,928.92,928.91589064,,,,2025-12-05T13:23:08Z,2021,2021-01-01,2021-12-31
2697229,GHED_OOP_pc_US_SHA2011,COUNTRY,BGR,EUR,Europe,YEAR,2012,,,,,,,,,266.74,266.73657098,,,,2025-12-05T13:23:08Z,2012,2012-01-01,2012-12-31
2699461,GHED_OOP_pc_US_SHA2011,COUNTRY,FSM,WPR,Western Pacific,YEAR,2010,,,,,,,,,11.70,11.70425751,,,,2025-12-05T13:23:08Z,2010,2010-01-01,2010-12-31
2702611,GHED_OOP_pc_US_SHA2011,COUNTRY,SYC,AFR,Africa,YEAR,2007,,,,,,,,,82.45,82.44785608,,,,2025-12-05T13:23:08Z,2007,2007-01-01,2007-12-31
2706434,GHED_OOP_pc_US_SHA2011,COUNTRY,BIH,EUR,Europe,YEAR,2008,,,,,,,,,201.69,201.68876174,,,,2025-12-05T13:23:08Z,2008,2008-01-01,2008-12-31
2711754,GHED_OOP_pc_US_SHA2011,COUNTRY,QAT,EMR,Eastern Mediterranean,YEAR,2006,,,,,,,,,257.42,257.41998694,,,,2025-12-05T13:23:08Z,2006,2006-01-01,2006-12-31
2716197,GHED_OOP_pc_US_SHA2011,COUNTRY,ZMB,AFR,Africa,YEAR,2009,,,,,,,,,8.72,8.72383805,,,,2025-12-05T13:23:08Z,2009,2009-01-01,2009-12-31
2716637,GHED_OOP_pc_US_SHA2011,COUNTRY,CUB,AMR,Americas,YEAR,2020,,,,,,,,,106.98,106.98242716,,,,2025-12-05T13:23:08Z,2020,2020-01-01,2020-12-31
2718197,GHED_OOP_pc_US_SHA2011,COUNTRY,CUB,AMR,Americas,YEAR,2010,,,,,,,,,55.88,55.88006949,,,,2025-12-05T13:23:08Z,2010,2010-01-01,2010-12-31
2724114,GHED_OOP_pc_US_SHA2011,COUNTRY,BGD,SEAR,South-East Asia,YEAR,2023,,,,,,,,,42.40,42.40101411,,,,2025-12-05T13:23:08Z,2023,2023-01-01,2023-12-31
2724177,GHED_OOP_pc_US_SHA2011,COUNTRY,BOL,AMR,Americas,YEAR,2018,,,,,,,,,51.11,51.11168419,,,,2025-12-05T13:23:08Z,2018,2018-01-01,2018-12-31
2724601,GHED_OOP_pc_US_SHA2011,COUNTRY,NOR,EUR,Europe,YEAR,2014,,,,,,,,,1310.80,1310.80142773,,,,2025-12-05T13:23:08Z,2014,2014-01-01,2014-12-31
2726852,GHED_OOP_pc_US_SHA2011,COUNTRY,KHM,WPR,Western Pacific,YEAR,2017,,,,,,,,,45.41,45.40838265,,,,2025-12-05T13:23:08Z,2017,2017-01-01,2017-12-31
2728223,GHED_OOP_pc_US_SHA2011,COUNTRY,CAF,AFR,Africa,YEAR,2001,,,,,,,,,4.98,4.98284949,,,,2025-12-05T13:23:08Z,2001,2001-01-01,2001-12-31
2730089,GHED_OOP_pc_US_SHA2011,REGION,EMR,,,YEAR,2016,,,,,,,,,109.52,109.51994269,,,,2025-12-05T13:23:08Z,2016,2016-01-01,2016-12-31
2731878,GHED_OOP_pc_US_SHA2011,COUNTRY,SVK,EUR,Europe,YEAR,2001,,,,,,,,,23.14,23.14149567,,,,2025-12-05T13:23:08Z,2001,2001-01-01,2001-12-31
2733595,GHED_OOP_pc_US_SHA2011,COUNTRY,EST,EUR,Europe,YEAR,2013,,,,,,,,,282.05,282.05211571,,,,2025-12-05T13:23:08Z,2013,2013-01-01,2013-12-31
2734022,GHED_OOP_pc_US_SHA2011,COUNTRY,SRB,EUR,Europe,YEAR,2009,,,,,,,,,202.29,202.29172255,,,,2025-12-05T13:23:08Z,2009,2009-01-01,2009-12-31
2737787,GHED_OOP_pc_US_SHA2011,COUNTRY,VUT,WPR,Western Pacific,YEAR,2017,,,,,,,,,9.44,9.43651685,,,,2025-12-05T13:23:08Z,2017,2017-01-01,2017-12-31
2740457,GHED_OOP_pc_US_SHA2011,COUNTRY,UZB,EUR,Europe,YEAR,2012,,,,,,,,,71.96,71.96194022,,,,2025-12-05T13:23:08Z,2012,2012-01-01,2012-12-31
2742243,GHED_OOP_pc_US_SHA2011,COUNTRY,GMB,AFR,Africa,YEAR,2021,,,,,,,,,8.22,8.22170016,,,,2025-12-05T13:23:08Z,2021,2021-01-01,2021-12-31
2744215,GHED_OOP_pc_US_SHA2011,COUNTRY,TON,WPR,Western Pacific,YEAR,2009,,,,,,,,,13.54,13.53628822,,,,2025-12-05T13:23:08Z,2009,2009-01-01,2009-12-31
2747198,GHED_OOP_pc_US_SHA2011,COUNTRY,COD,AFR,Africa,YEAR,2000,,,,,,,,,9.47,9.46566674,,,,2025-12-05T13:23:08Z,2000,2000-01-01,2000-12-31
2753771,GHED_OOP_pc_US_SHA2011,REGION,EMR,,,YEAR,2012,,,,,,,,,123.81,123.80607461,,,,2025-12-05T13:23:08Z,2012,2012-01-01,2012-12-31
2758711,GHED_OOP_pc_US_SHA2011,COUNTRY,SRB,EUR,Europe,YEAR,2018,,,,,,,,,236.41,236.41171987,,,,2025-12-05T13:23:08Z,2018,2018-01-01,2018-12-31
2760172,GHED_OOP_pc_US_SHA2011,COUNTRY,MDV,SEAR,South-East Asia,YEAR,2013,,,,,,,,,216.87,216.87476055,,,,2025-12-05T13:23:08Z,2013,2013-01-01,2013-12-31
2761690,GHED_OOP_pc_US_SHA2011,COUNTRY,AUT,EUR,Europe,YEAR,2008,,,,,,,,,955.61,955.60594741,,,,2025-12-05T13:23:08Z,2008,2008-01-01,2008-12-31
2762274,GHED_OOP_pc_US_SHA2011,COUNTRY,KHM,WPR,Western Pacific,YEAR,2011,,,,,,,,,39.06,39.06354645,,,,2025-12-05T13:23:08Z,2011,2011-01-01,2011-12-31
2762894,GHED_OOP_pc_US_SHA2011,COUNTRY,WSM,WPR,Western Pacific,YEAR,2022,,,,,,,,,34.41,34.41013597,,,,2025-12-05T13:23:08Z,2022,2022-01-01,2022-12-31
2763164,GHED_OOP_pc_US_SHA2011,COUNTRY,KEN,AFR,Africa,YEAR,2022,,,,,,,,,21.89,21.89321384,,,,2025-12-05T13:23:08Z,2022,2022-01-01,2022-12-31
2767062,GHED_OOP_pc_US_SHA2011,COUNTRY,MEX,AMR,Americas,YEAR,2000,,,,,,,,,166.77,166.77474453,,,,2025-12-05T13:23:08Z,2000,2000-01-01,2000-12-31
2767387,GHED_OOP_pc_US_SHA2011,COUNTRY,FIN,EUR,Europe,YEAR,2000,,,,,,,,,373.44,373.44409365,,,,2025-12-05T13:23:08Z,2000,2000-01-01,2000-12-31
2767825,GHED_OOP_pc_US_SHA2011,COUNTRY,HUN,EUR,Europe,YEAR,2006,,,,,,,,,223.40,223.402051,,,,2025-12-05T13:23:08Z,2006,2006-01-01,2006-12-31
2772828,GHED_OOP_pc_US_SHA2011,COUNTRY,AFG,EMR,Eastern Mediterranean,YEAR,2019,,,,,,,,,56.89,56.89493912,,,,2025-12-05T13:23:08Z,2019,2019-01-01,2019-12-31
2777601,GHED_OOP_pc_US_SHA2011,COUNTRY,CUB,AMR,Americas,YEAR,2017,,,,,,,,,105.71,105.70928843,,,,2025-12-05T13:23:08Z,2017,2017-01-01,2017-12-31
2785669,GHED_OOP_pc_US_SHA2011,COUNTRY,COM,AFR,Africa,YEAR,2019,,,,,,,,,48.37,48.37218739,,,,2025-12-05T13:23:08Z,2019,2019-01-01,2019-12-31
2790376,GHED_OOP_pc_US_SHA2011,COUNTRY,TZA,AFR,Africa,YEAR,2019,,,,,,,,,8.72,8.72383164,,,,2025-12-05T13:23:08Z,2019,2019-01-01,2019-12-31
2790603,GHED_OOP_pc_US_SHA2011,COUNTRY,EST,EUR,Europe,YEAR,2000,,,,,,,,,42.71,42.70728091,,,,2025-12-05T13:23:08Z,2000,2000-01-01,2000-12-31
2790741,GHED_OOP_pc_US_SHA2011,COUNTRY,ROU,EUR,Europe,YEAR,2013,,,,,,,,,99.92,99.91943683,,,,2025-12-05T13:23:08Z,2013,2013-01-01,2013-12-31
2792712,GHED_OOP_pc_US_SHA2011,COUNTRY,BRN,WPR,Western Pacific,YEAR,2000,,,,,,,,,82.17,82.1725006,,,,2025-12-05T13:23:08Z,2000,2000-01-01,2000-12-31
2793247,GHED_OOP_pc_US_SHA2011,COUNTRY,PAN,AMR,Americas,YEAR,2022,,,,,,,,,642.91,642.90957763,,,,2025-12-05T13:23:08Z,2022,2022-01-01,2022-12-31
2797086,GHED_OOP_pc_US_SHA2011,COUNTRY,GBR,EUR,Europe,YEAR,2020,,,,,,,,,603.86,603.85933605,,,,2025-12-05T13:23:08Z,2020,2020-01-01,2020-12-31
2800126,GHED_OOP_pc_US_SHA2011,COUNTRY,GRD,AMR,Americas,YEAR,2023,,,,,,,,,255.20,255.20171825,,,,2025-12-05T13:23:08Z,2023,2023-01-01,2023-12-31
2801481,GHED_OOP_pc_US_SHA2011,COUNTRY,LSO,AFR,Africa,YEAR,2001,,,,,,,,,8.01,8.011283,,,,2025-12-05T13:23:08Z,2001,2001-01-01,2001-12-31
2810528,GHED_OOP_pc_US_SHA2011,COUNTRY,SLE,AFR,Africa,YEAR,2016,,,,,,,,,36.81,36.81070128,,,,2025-12-05T13:23:08Z,2016,2016-01-01,2016-12-31
2810688,GHED_OOP_pc_US_SHA2011,COUNTRY,DEU,EUR,Europe,YEAR,2015,,,,,,,,,568.83,568.83416051,,,,2025-12-05T13:23:08Z,2015,2015-01-01,2015-12-31
2813940,GHED_OOP_pc_US_SHA2011,COUNTRY,SMR,EUR,Europe,YEAR,2001,,,,,,,,,537.29,537.28608325,,,,2025-12-05T13:23:08Z,2001,2001-01-01,2001-12-31
2820230,GHED_OOP_pc_US_SHA2011,COUNTRY,POL,EUR,Europe,YEAR,2011,,,,,,,,,207.47,207.46794879,,,,2025-12-05T13:23:08Z,2011,2011-01-01,2011-12-31
2823413,GHED_OOP_pc_US_SHA2011,COUNTRY,MHL,WPR,Western Pacific,YEAR,2005,,,,,,,,,5.67,5.67019497,,,,2025-12-05T13:23:08Z,2005,2005-01-01,2005-12-31
2829683,GHED_OOP_pc_US_SHA2011,COUNTRY,MOZ,AFR,Africa,YEAR,2019,,,,,,,,,3.98,3.9829635,,,,2025-12-05T13:23:08Z,2019,2019-01-01,2019-12-31
2830336,GHED_OOP_pc_US_SHA2011,COUNTRY,DOM,AMR,Americas,YEAR,2021,,,,,,,,,101.15,101.1460742,,,,2025-12-05T13:23:08Z,2021,2021-01-01,2021-12-31
2840945,GHED_OOP_pc_US_SHA2011,COUNTRY,TGO,AFR,Africa,YEAR,2015,,,,,,,,,31.42,31.41957484,,,,2025-12-05T13:23:08Z,2015,2015-01-01,2015-12-31
2842974,GHED_OOP_pc_US_SHA2011,COUNTRY,BWA,AFR,Africa,YEAR,2011,,,,,,,,,19.56,19.56315407,,,,2025-12-05T13:23:08Z,2011,2011-01-01,2011-12-31
2848567,GHED_OOP_pc_US_SHA2011,COUNTRY,MDG,AFR,Africa,YEAR,2014,,,,,,,,,6.36,6.35606185,,,,2025-12-05T13:23:08Z,2014,2014-01-01,2014-12-31
2848983,GHED_OOP_pc_US_SHA2011,COUNTRY,NPL,SEAR,South-East Asia,YEAR,2023,,,,,,,,,49.86,49.86250921,,,,2025-12-05T13:23:08Z,2023,2023-01-01,2023-12-31
2850207,GHED_OOP_pc_US_SHA2011,COUNTRY,MOZ,AFR,Africa,YEAR,2011,,,,,,,,,2.04,2.04443043,,,,2025-12-05T13:23:08Z,2011,2011-01-01,2011-12-31
2850867,GHED_OOP_pc_US_SHA2011,COUNTRY,TUV,WPR,Western Pacific,YEAR,2014,,,,,,,,,18.27,18.27134878,,,,2025-12-05T13:23:08Z,2014,2014-01-01,2014-12-31
2858284,GHED_OOP_pc_US_SHA2011,COUNTRY,ZWE,AFR,Africa,YEAR,2014,,,,,,,,,27.72,27.71522041,,,,2025-12-05T13:23:08Z,2014,2014-01-01,2014-12-31
2861030,GHED_OOP_pc_US_SHA2011,COUNTRY,CHL,AMR,Americas,YEAR,2002,,,,,,,,,135.75,135.75007878,,,,2025-12-05T13:23:08Z,2002,2002-01-01,2002-12-31
2862707,GHED_OOP_pc_US_SHA2011,COUNTRY,ATG,AMR,Americas,YEAR,2001,,,,,,,,,130.16,130.15960656,,,,2025-12-05T13:23:08Z,2001,2001-01-01,2001-12-31
2863037,GHED_OOP_pc_US_SHA2011,COUNTRY,LVA,EUR,Europe,YEAR,2022,,,,,,,,,504.90,504.90160974,,,,2025-12-05T13:23:08Z,2022,2022-01-01,2022-12-31
2867817,GHED_OOP_pc_US_SHA2011,COUNTRY,NPL,SEAR,South-East Asia,YEAR,2015,,,,,,,,,27.63,27.63492333,,,,2025-12-05T13:23:08Z,2015,2015-01-01,2015-12-31
2868130,GHED_OOP_pc_US_SHA2011,COUNTRY,NRU,WPR,Western Pacific,YEAR,2019,,,,,,,,,9.75,9.74905454,,,,2025-12-05T13:23:08Z,2019,2019-01-01,2019-12-31
2869310,GHED_OOP_pc_US_SHA2011,COUNTRY,URY,AMR,Americas,YEAR,2003,,,,,,,,,81.92,81.92178643,,,,2025-12-05T13:23:08Z,2003,2003-01-01,2003-12-31
2872982,GHED_OOP_pc_US_SHA2011,COUNTRY,SRB,EUR,Europe,YEAR,2015,,,,,,,,,199.39,199.38795712,,,,2025-12-05T13:23:08Z,2015,2015-01-01,2015-12-31
2873921,GHED_OOP_pc_US_SHA2011,COUNTRY,CHN,WPR,Western Pacific,YEAR,2014,,,,,,,,,132.47,132.46961772,,,,2025-12-05T13:23:08Z,2014,2014-01-01,2014-12-31
2876622,GHED_OOP_pc_US_SHA2011,COUNTRY,GIN,AFR,Africa,YEAR,2009,,,,,,,,,17.19,17.1930342,,,,2025-12-05T13:23:08Z,2009,2009-01-01,2009-12-31
2878093,GHED_OOP_pc_US_SHA2011,COUNTRY,UGA,AFR,Africa,YEAR,2018,,,,,,,,,11.74,11.74029164,,,,2025-12-05T13:23:08Z,2018,2018-01-01,2018-12-31
2879718,GHED_OOP_pc_US_SHA2011,COUNTRY,ITA,EUR,Europe,YEAR,2019,,,,,,,,,694.48,694.47983165,,,,2025-12-05T13:23:08Z,2019,2019-01-01,2019-12-31
2885894,GHED_OOP_pc_US_SHA2011,COUNTRY,BGR,EUR,Europe,YEAR,2013,,,,,,,,,231.79,231.78701108,,,,2025-12-05T13:23:08Z,2013,2013-01-01,2013-12-31
2886433,GHED_OOP_pc_US_SHA2011,COUNTRY,KOR,WPR,Western Pacific,YEAR,2015,,,,,,,,,735.61,735.61118869,,,,2025-12-05T13:23:08Z,2015,2015-01-01,2015-12-31
2890812,GHED_OOP_pc_US_SHA2011,COUNTRY,PRT,EUR,Europe,YEAR,2016,,,,,,,,,550.47,550.46726297,,,,2025-12-05T13:23:08Z,2016,2016-01-01,2016-12-31
2891588,GHED_OOP_pc_US_SHA2011,COUNTRY,GNB,AFR,Africa,YEAR,2006,,,,,,,,,11.70,11.70143339,,,,2025-12-05T13:23:08Z,2006,2006-01-01,2006-12-31
2899061,GHED_OOP_pc_US_SHA2011,COUNTRY,DOM,AMR,Americas,YEAR,2005,,,,,,,,,90.98,90.97502436,,,,2025-12-05T13:23:08Z,2005,2005-01-01,2005-12-31
2902088,GHED_OOP_pc_US_SHA2011,COUNTRY,LBR,AFR,Africa,YEAR,2011,,,,,,,,,19.18,19.18070072,,,,2025-12-05T13:23:08Z,2011,2011-01-01,2011-12-31
2903779,GHED_OOP_pc_US_SHA2011,COUNTRY,MRT,AFR,Africa,YEAR,2011,,,,,,,,,27.89,27.88898511,,,,2025-12-05T13:23:08Z,2011,2011-01-01,2011-12-31
2903999,GHED_OOP_pc_US_SHA2011,COUNTRY,MLT,EUR,Europe,YEAR,2016,,,,,,,,,817.31,817.31186197,,,,2025-12-05T13:23:08Z,2016,2016-01-01,2016-12-31
2905422,GHED_OOP_pc_US_SHA2011,COUNTRY,BEN,AFR,Africa,YEAR,2011,,,,,,,,,14.13,14.13260782,,,,2025-12-05T13:23:08Z,2011,2011-01-01,2011-12-31
2906358,GHED_OOP_pc_US_SHA2011,COUNTRY,NRU,WPR,Western Pacific,YEAR,2013,,,,,,,,,8.70,8.70298621,,,,2025-12-05T13:23:08Z,2013,2013-01-01,2013-12-31
2914815,GHED_OOP_pc_US_SHA2011,COUNTRY,EST,EUR,Europe,YEAR,2005,,,,,,,,,126.55,126.55165631,,,,2025-12-05T13:23:08Z,2005,2005-01-01,2005-12-31
2915856,GHED_OOP_pc_US_SHA2011,COUNTRY,AFG,EMR,Eastern Mediterranean,YEAR,2023,,,,,,,,,45.56,45.56458734,,,,2025-12-05T13:23:08Z,2023,2023-01-01,2023-12-31
2916305,GHED_OOP_pc_US_SHA2011,COUNTRY,ETH,AFR,Africa,YEAR,2019,,,,,,,,,9.81,9.80851022,,,,2025-12-05T13:23:08Z,2019,2019-01-01,2019-12-31
2918310,GHED_OOP_pc_US_SHA2011,COUNTRY,AUS,WPR,Western Pacific,YEAR,2021,,,,,,,,,1025.58,1025.58179822,,,,2025-12-05T13:23:08Z,2021,2021-01-01,2021-12-31
2921110,GHED_OOP_pc_US_SHA2011,COUNTRY,ECU,AMR,Americas,YEAR,2003,,,,,,,,,81.89,81.88565539,,,,2025-12-05T13:23:08Z,2003,2003-01-01,2003-12-31
2921703,GHED_OOP_pc_US_SHA2011,COUNTRY,PAN,AMR,Americas,YEAR,2012,,,,,,,,,252.20,252.19628321,,,,2025-12-05T13:23:08Z,2012,2012-01-01,2012-12-31
2924315,GHED_OOP_pc_US_SHA2011,COUNTRY,MKD,EUR,Europe,YEAR,2001,,,,,,,,,63.76,63.75703935,,,,2025-12-05T13:23:08Z,2001,2001-01-01,2001-12-31
2928375,GHED_OOP_pc_US_SHA2011,COUNTRY,HRV,EUR,Europe,YEAR,2008,,,,,,,,,182.60,182.59889609,,,,2025-12-05T13:23:08Z,2008,2008-01-01,2008-12-31
2931316,GHED_OOP_pc_US_SHA2011,COUNTRY,ROU,EUR,Europe,YEAR,2012,,,,,,,,,90.09,90.08654853,,,,2025-12-05T13:23:08Z,2012,2012-01-01,2012-12-31
2935553,GHED_OOP_pc_US_SHA2011,COUNTRY,FSM,WPR,Western Pacific,YEAR,2012,,,,,,,,,10.74,10.73510057,,,,2025-12-05T13:23:08Z,2012,2012-01-01,2012-12-31
2944480,GHED_OOP_pc_US_SHA2011,COUNTRY,KAZ,EUR,Europe,YEAR,2009,,,,,,,,,53.85,53.85158048,,,,2025-12-05T13:23:08Z,2009,2009-01-01,2009-12-31
2945914,GHED_OOP_pc_US_SHA2011,COUNTRY,SWZ,AFR,Africa,YEAR,2008,,,,,,,,,28.01,28.01320596,,,,2025-12-05T13:23:08Z,2008,2008-01-01,2008-12-31
2946365,GHED_OOP_pc_US_SHA2011,COUNTRY,BIH,EUR,Europe,YEAR,2009,,,,,,,,,125.32,125.31801309,,,,2025-12-05T13:23:08Z,2009,2009-01-01,2009-12-31
2946458,GHED_OOP_pc_US_SHA2011,COUNTRY,JOR,EMR,Eastern Mediterranean,YEAR,2017,,,,,,,,,98.27,98.26768728,,,,2025-12-05T13:23:08Z,2017,2017-01-01,2017-12-31
2948458,GHED_OOP_pc_US_SHA2011,COUNTRY,MAR,EMR,Eastern Mediterranean,YEAR,2022,,,,,,,,,81.82,81.82290891,,,,2025-12-05T13:23:08Z,2022,2022-01-01,2022-12-31
2948513,GHED_OOP_pc_US_SHA2011,COUNTRY,MEX,AMR,Americas,YEAR,2009,,,,,,,,,233.26,233.264497,,,,2025-12-05T13:23:08Z,2009,2009-01-01,2009-12-31
2948636,GHED_OOP_pc_US_SHA2011,COUNTRY,COG,AFR,Africa,YEAR,2016,,,,,,,,,24.03,24.03143884,,,,2025-12-05T13:23:08Z,2016,2016-01-01,2016-12-31
2952422,GHED_OOP_pc_US_SHA2011,COUNTRY,ISR,EUR,Europe,YEAR,2008,,,,,,,,,538.91,538.90608004,,,,2025-12-05T13:23:08Z,2008,2008-01-01,2008-12-31
2955704,GHED_OOP_pc_US_SHA2011,COUNTRY,PAK,EMR,Eastern Mediterranean,YEAR,2014,,,,,,,,,21.04,21.03943885,,,,2025-12-05T13:23:08Z,2014,2014-01-01,2014-12-31
2957021,GHED_OOP_pc_US_SHA2011,COUNTRY,BOL,AMR,Americas,YEAR,2020,,,,,,,,,51.97,51.97329408,,,,2025-12-05T13:23:08Z,2020,2020-01-01,2020-12-31
2961957,GHED_OOP_pc_US_SHA2011,COUNTRY,ARE,EMR,Eastern Mediterranean,YEAR,2021,,,,,,,,,235.52,235.51699952,,,,2025-12-05T13:23:08Z,2021,2021-01-01,2021-12-31
2967212,GHED_OOP_pc_US_SHA2011,COUNTRY,MYS,WPR,Western Pacific,YEAR,2007,,,,,,,,,80.98,80.97970521,,,,2025-12-05T13:23:08Z,2007,2007-01-01,2007-12-31
2967757,GHED_OOP_pc_US_SHA2011,COUNTRY,COG,AFR,Africa,YEAR,2022,,,,,,,,,14.30,14.30449388,,,,2025-12-05T13:23:08Z,2022,2022-01-01,2022-12-31
2971481,GHED_OOP_pc_US_SHA2011,COUNTRY,GIN,AFR,Africa,YEAR,2023,,,,,,,,,32.28,32.28491395,,,,2025-12-05T13:23:08Z,2023,2023-01-01,2023-12-31
2974825,GHED_OOP_pc_US_SHA2011,COUNTRY,COK,WPR,Western Pacific,YEAR,2011,,,,,,,,,26.42,26.42371243,,,,2025-12-05T13:23:08Z,2011,2011-01-01,2011-12-31
2975444,GHED_OOP_pc_US_SHA2011,COUNTRY,LUX,EUR,Europe,YEAR,2015,,,,,,,,,580.97,580.96500351,,,,2025-12-05T13:23:08Z,2015,2015-01-01,2015-12-31
2983961,GHED_OOP_pc_US_SHA2011,COUNTRY,PNG,WPR,Western Pacific,YEAR,2007,,,,,,,,,2.58,2.58235979,,,,2025-12-05T13:23:08Z,2007,2007-01-01,2007-12-31
2984720,GHED_OOP_pc_US_SHA2011,COUNTRY,LBY,EMR,Eastern Mediterranean,YEAR,2023,,,,,,,,,90.21,90.20728848,,,,2025-12-05T13:23:08Z,2023,2023-01-01,2023-12-31
2993227,GHED_OOP_pc_US_SHA2011,COUNTRY,SDN,EMR,Eastern Mediterranean,YEAR,2004,,,,,,,,,16.76,16.75542887,,,,2025-12-05T13:23:08Z,2004,2004-01-01,2004-12-31
2994098,GHED_OOP_pc_US_SHA2011,COUNTRY,MRT,AFR,Africa,YEAR,2004,,,,,,,,,22.18,22.1842059,,,,2025-12-05T13:23:08Z,2004,2004-01-01,2004-12-31
2996967,GHED_OOP_pc_US_SHA2011,COUNTRY,BRA,AMR,Americas,YEAR,2023,,,,,,,,,264.89,264.88702651,,,,2025-12-05T13:23:08Z,2023,2023-01-01,2023-12-31
2997517,GHED_OOP_pc_US_SHA2011,COUNTRY,SEN,AFR,Africa,YEAR,2021,,,,,,,,,33.34,33.34007712,,,,2025-12-05T13:23:08Z,2021,2021-01-01,2021-12-31
2997912,GHED_OOP_pc_US_SHA2011,COUNTRY,GRC,EUR,Europe,YEAR,2001,,,,,,,,,349.46,349.45788495,,,,2025-12-05T13:23:08Z,2001,2001-01-01,2001-12-31
3007398,GHED_OOP_pc_US_SHA2011,COUNTRY,UGA,AFR,Africa,YEAR,2004,,,,,,,,,7.14,7.1410261,,,,2025-12-05T13:23:08Z,2004,2004-01-01,2004-12-31
3007613,GHED_OOP_pc_US_SHA2011,COUNTRY,TCD,AFR,Africa,YEAR,2018,,,,,,,,,20.09,20.08815441,,,,2025-12-05T13:23:08Z,2018,2018-01-01,2018-12-31
3010523,GHED_OOP_pc_US_SHA2011,COUNTRY,HUN,EUR,Europe,YEAR,2001,,,,,,,,,103.64,103.64395631,,,,2025-12-05T13:23:08Z,2001,2001-01-01,2001-12-31
3010703,GHED_OOP_pc_US_SHA2011,COUNTRY,ESP,EUR,Europe,YEAR,2012,,,,,,,,,607.35,607.34750739,,,,2025-12-05T13:23:08Z,2012,2012-01-01,2012-12-31
3011612,GHED_OOP_pc_US_SHA2011,COUNTRY,CHE,EUR,Europe,YEAR,2004,,,,,,,,,1608.53,1608.53490503,,,,2025-12-05T13:23:08Z,2004,2004-01-01,2004-12-31
3012474,GHED_OOP_pc_US_SHA2011,COUNTRY,CAN,AMR,Americas,YEAR,2017,,,,,,,,,774.76,774.76203859,,,,2025-12-05T13:23:08Z,2017,2017-01-01,2017-12-31
3012978,GHED_OOP_pc_US_SHA2011,COUNTRY,BRN,WPR,Western Pacific,YEAR,2008,,,,,,,,,80.06,80.05862614,,,,2025-12-05T13:23:08Z,2008,2008-01-01,2008-12-31
3016202,GHED_OOP_pc_US_SHA2011,COUNTRY,ESP,EUR,Europe,YEAR,2015,,,,,,,,,569.10,569.09971077,,,,2025-12-05T13:23:08Z,2015,2015-01-01,2015-12-31
3017647,GHED_OOP_pc_US_SHA2011,REGION,EMR,,,YEAR,2008,,,,,,,,,110.19,110.18651612,,,,2025-12-05T13:23:08Z,2008,2008-01-01,2008-12-31
3023444,GHED_OOP_pc_US_SHA2011,COUNTRY,PHL,WPR,Western Pacific,YEAR,2020,,,,,,,,,74.25,74.24999737,,,,2025-12-05T13:23:08Z,2020,2020-01-01,2020-12-31
3023693,GHED_OOP_pc_US_SHA2011,COUNTRY,TUN,EMR,Eastern Mediterranean,YEAR,2012,,,,,,,,,110.76,110.76022782,,,,2025-12-05T13:23:08Z,2012,2012-01-01,2012-12-31
3028911,GHED_OOP_pc_US_SHA2011,COUNTRY,TLS,SEAR,South-East Asia,YEAR,2013,,,,,,,,,7.16,7.16323105,,,,2025-12-05T13:23:08Z,2013,2013-01-01,2013-12-31
3029702,GHED_OOP_pc_US_SHA2011,COUNTRY,TZA,AFR,Africa,YEAR,2009,,,,,,,,,11.78,11.78021209,,,,2025-12-05T13:23:08Z,2009,2009-01-01,2009-12-31
3029882,GHED_OOP_pc_US_SHA2011,COUNTRY,GAB,AFR,Africa,YEAR,2018,,,,,,,,,48.37,48.37491152,,,,2025-12-05T13:23:08Z,2018,2018-01-01,2018-12-31
3029903,GHED_OOP_pc_US_SHA2011,COUNTRY,JOR,EMR,Eastern Mediterranean,YEAR,2005,,,,,,,,,74.15,74.152436410000007,,,,2025-12-05T13:23:08Z,2005,2005-01-01,2005-12-31
3030308,GHED_OOP_pc_US_SHA2011,COUNTRY,TUR,EUR,Europe,YEAR,2017,,,,,,,,,75.12,75.12365898,,,,2025-12-05T13:23:08Z,2017,2017-01-01,2017-12-31
3030384,GHED_OOP_pc_US_SHA2011,COUNTRY,IDN,WPR,Western Pacific,YEAR,2015,,,,,,,,,41.07,41.07420441,,,,2025-12-05T13:23:08Z,2015,2015-01-01,2015-12-31
3031261,GHED_OOP_pc_US_SHA2011,COUNTRY,SDN,EMR,Eastern Mediterranean,YEAR,2005,,,,,,,,,20.25,20.25437064,,,,2025-12-05T13:23:08Z,2005,2005-01-01,2005-12-31
3034736,GHED_OOP_pc_US_SHA2011,GLOBAL,GLOBAL,,,YEAR,2001,,,,,,,,,98.84,98.84461142,,,,2025-12-05T13:23:08Z,2001,2001-01-01,2001-12-31
3034838,GHED_OOP_pc_US_SHA2011,COUNTRY,JPN,WPR,Western Pacific,YEAR,2010,,,,,,,,,593.28,593.27614468,,,,2025-12-05T13:23:08Z,2010,2010-01-01,2010-12-31
3037549,GHED_OOP_pc_US_SHA2011,COUNTRY,NZL,WPR,Western Pacific,YEAR,2001,,,,,,,,,178.99,178.9893489,,,,2025-12-05T13:23:08Z,2001,2001-01-01,2001-12-31
3044840,GHED_OOP_pc_US_SHA2011,COUNTRY,ARE,EMR,Eastern Mediterranean,YEAR,2016,,,,,,,,,254.73,254.73317754,,,,2025-12-05T13:23:08Z,2016,2016-01-01,2016-12-31
3045909,GHED_OOP_pc_US_SHA2011,COUNTRY,COK,WPR,Western Pacific,YEAR,2019,,,,,,,,,19.16,19.15722853,,,,2025-12-05T13:23:08Z,2019,2019-01-01,2019-12-31
3048013,GHED_OOP_pc_US_SHA2011,COUNTRY,LCA,AMR,Americas,YEAR,2005,,,,,,,,,186.58,186.58434346,,,,2025-12-05T13:23:08Z,2005,2005-01-01,2005-12-31
3049571,GHED_OOP_pc_US_SHA2011,COUNTRY,COL,AMR,Americas,YEAR,2021,,,,,,,,,77.89,77.89423931,,,,2025-12-05T13:23:08Z,2021,2021-01-01,2021-12-31
3060268,GHED_OOP_pc_US_SHA2011,COUNTRY,CUB,AMR,Americas,YEAR,2000,,,,,,,,,29.39,29.39029716,,,,2025-12-05T13:23:08Z,2000,2000-01-01,2000-12-31
3062553,GHED_OOP_pc_US_SHA2011,COUNTRY,LCA,AMR,Americas,YEAR,2018,,,,,,,,,224.35,224.35165465,,,,2025-12-05T13:23:08Z,2018,2018-01-01,2018-12-31
3062663,GHED_OOP_pc_US_SHA2011,REGION,WPR,,,YEAR,2004,,,,,,,,,92.66,92.66319753,,,,2025-12-05T13:23:08Z,2004,2004-01-01,2004-12-31
3064017,GHED_OOP_pc_US_SHA2011,COUNTRY,GEO,EUR,Europe,YEAR,2015,,,,,,,,,216.68,216.68448513,,,,2025-12-05T13:23:08Z,2015,2015-01-01,2015-12-31
3064708,GHED_OOP_pc_US_SHA2011,COUNTRY,NER,AFR,Africa,YEAR,2008,,,,,,,,,13.08,13.08009539,,,,2025-12-05T13:23:08Z,2008,2008-01-01,2008-12-31
3073047,GHED_OOP_pc_US_SHA2011,COUNTRY,PNG,WPR,Western Pacific,YEAR,2001,,,,,,,,,1.61,1.61333621,,,,2025-12-05T13:23:08Z,2001,2001-01-01,2001-12-31
3074195,GHED_OOP_pc_US_SHA2011,COUNTRY,BHR,EMR,Eastern Mediterranean,YEAR,2016,,,,,,,,,306.73,306.73387786,,,,2025-12-05T13:23:08Z,2016,2016-01-01,2016-12-31
3074205,GHED_OOP_pc_US_SHA2011,COUNTRY,AGO,AFR,Africa,YEAR,2023,,,,,,,,,24.76,24.75864019,,,,2025-12-05T13:23:08Z,2023,2023-01-01,2023-12-31
3076823,GHED_OOP_pc_US_SHA2011,COUNTRY,DEU,EUR,Europe,YEAR,2016,,,,,,,,,575.56,575.55817844,,,,2025-12-05T13:23:08Z,2016,2016-01-01,2016-12-31
3077754,GHED_OOP_pc_US_SHA2011,COUNTRY,LVA,EUR,Europe,YEAR,2021,,,,,,,,,512.11,512.11296325,,,,2025-12-05T13:23:08Z,2021,2021-01-01,2021-12-31
3080682,GHED_OOP_pc_US_SHA2011,COUNTRY,CUB,AMR,Americas,YEAR,2015,,,,,,,,,95.36,95.36051817,,,,2025-12-05T13:23:08Z,2015,2015-01-01,2015-12-31
3083724,GHED_OOP_pc_US_SHA2011,GLOBAL,GLOBAL,,,YEAR,2023,,,,,,,,,268.17,268.16671144,,,,2026-01-12T13:50:53Z,2023,2023-01-01,2023-12-31
3089866,GHED_OOP_pc_US_SHA2011,COUNTRY,QAT,EMR,Eastern Mediterranean,YEAR,2019,,,,,,,,,128.29,128.28628838,,,,2025-12-05T13:23:08Z,2019,2019-01-01,2019-12-31
3096376,GHED_OOP_pc_US_SHA2011,COUNTRY,PAK,EMR,Eastern Mediterranean,YEAR,2008,,,,,,,,,17.04,17.03729371,,,,2025-12-05T13:23:08Z,2008,2008-01-01,2008-12-31
3097375,GHED_OOP_pc_US_SHA2011,COUNTRY,GNQ,AFR,Africa,YEAR,2020,,,,,,,,,150.73,150.72909128,,,,2025-12-05T13:23:08Z,2020,2020-01-01,2020-12-31
3097929,GHED_OOP_pc_US_SHA2011,COUNTRY,KAZ,EUR,Europe,YEAR,2017,,,,,,,,,90.48,90.47718239,,,,2025-12-05T13:23:08Z,2017,2017-01-01,2017-12-31
3099476,GHED_OOP_pc_US_SHA2011,COUNTRY,CAN,AMR,Americas,YEAR,2021,,,,,,,,,926.21,926.21408853,,,,2025-12-05T13:23:08Z,2021,2021-01-01,2021-12-31
3106156,GHED_OOP_pc_US_SHA2011,COUNTRY,HUN,EUR,Europe,YEAR,2009,,,,,,,,,247.57,247.57251287,,,,2025-12-05T13:23:08Z,2009,2009-01-01,2009-12-31
3106527,GHED_OOP_pc_US_SHA2011,COUNTRY,SUR,AMR,Americas,YEAR,2022,,,,,,,,,55.49,55.49392617,,,,2025-12-05T13:23:08Z,2022,2022-01-01,2022-12-31
3109724,GHED_OOP_pc_US_SHA2011,COUNTRY,COD,AFR,Africa,YEAR,2007,,,,,,,,,7.38,7.38358368,,,,2025-12-05T13:23:08Z,2007,2007-01-01,2007-12-31
3110829,GHED_OOP_pc_US_SHA2011,COUNTRY,MRT,AFR,Africa,YEAR,2014,,,,,,,,,28.28,28.28406292,,,,2025-12-05T13:23:08Z,2014,2014-01-01,2014-12-31
3111909,GHED_OOP_pc_US_SHA2011,COUNTRY,MMR,SEAR,South-East Asia,YEAR,2018,,,,,,,,,46.50,46.50432625,,,,2025-12-05T13:23:08Z,2018,2018-01-01,2018-12-31
3118812,GHED_OOP_pc_US_SHA2011,COUNTRY,JPN,WPR,Western Pacific,YEAR,2023,,,,,,,,,445.16,445.15772131,,,,2025-12-05T13:23:08Z,2023,2023-01-01,2023-12-31
3122700,GHED_OOP_pc_US_SHA2011,COUNTRY,BIH,EUR,Europe,YEAR,2004,,,,,,,,,94.91,94.91403891,,,,2025-12-05T13:23:08Z,2004,2004-01-01,2004-12-31
3128661,GHED_OOP_pc_US_SHA2011,COUNTRY,MLI,AFR,Africa,YEAR,2013,,,,,,,,,10.48,10.47803537,,,,2025-12-05T13:23:08Z,2013,2013-01-01,2013-12-31
3130210,GHED_OOP_pc_US_SHA2011,COUNTRY,MDA,EUR,Europe,YEAR,2015,,,,,,,,,86.11,86.11016404,,,,2025-12-05T13:23:08Z,2015,2015-01-01,2015-12-31
3134095,GHED_OOP_pc_US_SHA2011,COUNTRY,ATG,AMR,Americas,YEAR,2018,,,,,,,,,202.62,202.61926312,,,,2025-12-05T13:23:08Z,2018,2018-01-01,2018-12-31
3137197,GHED_OOP_pc_US_SHA2011,COUNTRY,AUT,EUR,Europe,YEAR,2001,,,,,,,,,450.52,450.519778,,,,2025-12-05T13:23:08Z,2001,2001-01-01,2001-12-31
3139949,GHED_OOP_pc_US_SHA2011,COUNTRY,PRY,AMR,Americas,YEAR,2004,,,,,,,,,50.18,50.18150747,,,,2025-12-05T13:23:08Z,2004,2004-01-01,2004-12-31
3146742,GHED_OOP_pc_US_SHA2011,COUNTRY,ARE,EMR,Eastern Mediterranean,YEAR,2003,,,,,,,,,215.51,215.50765767,,,,2025-12-05T13:23:08Z,2003,2003-01-01,2003-12-31
3147201,GHED_OOP_pc_US_SHA2011,COUNTRY,GUY,AMR,Americas,YEAR,2001,,,,,,,,,25.40,25.39712791,,,,2025-12-05T13:23:08Z,2001,2001-01-01,2001-12-31
3148526,GHED_OOP_pc_US_SHA2011,COUNTRY,SYR,EMR,Eastern Mediterranean,YEAR,2020,,,,,,,,,17.90,17.90061613,,,,2025-12-05T13:23:08Z,2020,2020-01-01,2020-12-31
3150272,GHED_OOP_pc_US_SHA2011,COUNTRY,OMN,EMR,Eastern Mediterranean,YEAR,2013,,,,,,,,,40.97,40.96531398,,,,2025-12-05T13:23:08Z,2013,2013-01-01,2013-12-31
3150366,GHED_OOP_pc_US_SHA2011,COUNTRY,TON,WPR,Western Pacific,YEAR,2020,,,,,,,,,16.03,16.03370153,,,,2025-12-05T13:23:08Z,2020,2020-01-01,2020-12-31
3152772,GHED_OOP_pc_US_SHA2011,WORLDBANKINCOMEGROUP,WB_UMI,,,YEAR,2008,,,,,,,,,112.18,112.18178371,,,,2025-12-05T13:23:08Z,2008,2008-01-01,2008-12-31
3153229,GHED_OOP_pc_US_SHA2011,COUNTRY,IDN,WPR,Western Pacific,YEAR,2008,,,,,,,,,29.25,29.24669807,,,,2025-12-05T13:23:08Z,2008,2008-01-01,2008-12-31
3153765,GHED_OOP_pc_US_SHA2011,COUNTRY,CHN,WPR,Western Pacific,YEAR,2009,,,,,,,,,71.65,71.6489608,,,,2025-12-05T13:23:08Z,2009,2009-01-01,2009-12-31
3154002,GHED_OOP_pc_US_SHA2011,COUNTRY,PHL,WPR,Western Pacific,YEAR,2000,,,,,,,,,13.22,13.22482284,,,,2025-12-05T13:23:08Z,2000,2000-01-01,2000-12-31
3155077,GHED_OOP_pc_US_SHA2011,COUNTRY,DZA,AFR,Africa,YEAR,2003,,,,,,,,,16.06,16.0626663,,,,2025-12-05T13:23:08Z,2003,2003-01-01,2003-12-31
3155300,GHED_OOP_pc_US_SHA2011,COUNTRY,BLR,EUR,Europe,YEAR,2021,,,,,,,,,106.14,106.1352834,,,,2025-12-05T13:23:08Z,2021,2021-01-01,2021-12-31
3159760,GHED_OOP_pc_US_SHA2011,COUNTRY,PAN,AMR,Americas,YEAR,2019,,,,,,,,,503.89,503.89064829,,,,2025-12-05T13:23:08Z,2019,2019-01-01,2019-12-31
3165635,GHED_OOP_pc_US_SHA2011,COUNTRY,IDN,WPR,Western Pacific,YEAR,2002,,,,,,,,,8.80,8.8018351,,,,2025-12-05T13:23:08Z,2002,2002-01-01,2002-12-31
3166674,GHED_OOP_pc_US_SHA2011,COUNTRY,MDA,EUR,Europe,YEAR,2011,,,,,,,,,96.30,96.30451909,,,,2025-12-05T13:23:08Z,2011,2011-01-01,2011-12-31
3168204,GHED_OOP_pc_US_SHA2011,COUNTRY,LVA,EUR,Europe,YEAR,2000,,,,,,,,,86.53,86.53499666,,,,2025-12-05T13:23:08Z,2000,2000-01-01,2000-12-31
3169894,GHED_OOP_pc_US_SHA2011,COUNTRY,FJI,WPR,Western Pacific,YEAR,2014,,,,,,,,,35.48,35.47756141,,,,2025-12-05T13:23:08Z,2014,2014-01-01,2014-12-31
3182752,GHED_OOP_pc_US_SHA2011,COUNTRY,CHN,WPR,Western Pacific,YEAR,2010,,,,,,,,,77.06,77.05962426,,,,2025-12-05T13:23:08Z,2010,2010-01-01,2010-12-31
3188503,GHED_OOP_pc_US_SHA2011,COUNTRY,CHE,EUR,Europe,YEAR,2022,,,,,,,,,2376.58,2376.57692371,,,,2025-12-05T13:23:08Z,2022,2022-01-01,2022-12-31
3192397,GHED_OOP_pc_US_SHA2011,COUNTRY,EST,EUR,Europe,YEAR,2001,,,,,,,,,41.32,41.32051305,,,,2025-12-05T13:23:08Z,2001,2001-01-01,2001-12-31
3194773,GHED_OOP_pc_US_SHA2011,COUNTRY,BIH,EUR,Europe,YEAR,2016,,,,,,,,,128.89,128.88812061,,,,2025-12-05T13:23:08Z,2016,2016-01-01,2016-12-31
3198038,GHED_OOP_pc_US_SHA2011,COUNTRY,MOZ,AFR,Africa,YEAR,2012,,,,,,,,,1.96,1.95789557,,,,2025-12-05T13:23:08Z,2012,2012-01-01,2012-12-31
3200976,GHED_OOP_pc_US_SHA2011,COUNTRY,UKR,EUR,Europe,YEAR,2015,,,,,,,,,74.65,74.65225588,,,,2025-12-05T13:23:08Z,2015,2015-01-01,2015-12-31
3205326,GHED_OOP_pc_US_SHA2011,COUNTRY,ARG,AMR,Americas,YEAR,2014,,,,,,,,,344.70,344.69527018,,,,2025-12-05T13:23:08Z,2014,2014-01-01,2014-12-31
3208036,GHED_OOP_pc_US_SHA2011,COUNTRY,USA,AMR,Americas,YEAR,2004,,,,,,,,,848.45,848.45071613,,,,2025-12-05T13:23:08Z,2004,2004-01-01,2004-12-31
3210655,GHED_OOP_pc_US_SHA2011,COUNTRY,DOM,AMR,Americas,YEAR,2019,,,,,,,,,97.70,97.70119506,,,,2025-12-05T13:23:08Z,2019,2019-01-01,2019-12-31
3211646,GHED_OOP_pc_US_SHA2011,COUNTRY,DEU,EUR,Europe,YEAR,2002,,,,,,,,,308.12,308.12466061,,,,2025-12-05T13:23:08Z,2002,2002-01-01,2002-12-31
3212960,GHED_OOP_pc_US_SHA2011,COUNTRY,PNG,WPR,Western Pacific,YEAR,2015,,,,,,,,,5.59,5.58952758,,,,2025-12-05T13:23:08Z,2015,2015-01-01,2015-12-31
3212986,GHED_OOP_pc_US_SHA2011,WORLDBANKINCOMEGROUP,WB_LMI,,,YEAR,2012,,,,,,,,,39.84,39.84090239,,,,2025-12-05T13:23:08Z,2012,2012-01-01,2012-12-31
3214045,GHED_OOP_pc_US_SHA2011,COUNTRY,AND,EUR,Europe,YEAR,2022,,,,,,,,,282.17,282.16654815,,,,2025-12-05T13:23:08Z,2022,2022-01-01,2022-12-31
3216234,GHED_OOP_pc_US_SHA2011,COUNTRY,ECU,AMR,Americas,YEAR,2022,,,,,,,,,151.88,151.88284355,,,,2025-12-05T13:23:08Z,2022,2022-01-01,2022-12-31
3218026,GHED_OOP_pc_US_SHA2011,COUNTRY,CMR,AFR,Africa,YEAR,2018,,,,,,,,,42.15,42.14958927,,,,2025-12-05T13:23:08Z,2018,2018-01-01,2018-12-31
3219507,GHED_OOP_pc_US_SHA2011,COUNTRY,HTI,AMR,Americas,YEAR,2023,,,,,,,,,28.52,28.51553042,,,,2025-12-05T13:23:08Z,2023,2023-01-01,2023-12-31
3220231,GHED_OOP_pc_US_SHA2011,COUNTRY,TCD,AFR,Africa,YEAR,2004,,,,,,,,,14.16,14.15637452,,,,2025-12-05T13:23:08Z,2004,2004-01-01,2004-12-31
3220262,GHED_OOP_pc_US_SHA2011,COUNTRY,SLE,AFR,Africa,YEAR,2006,,,,,,,,,19.89,19.8871935,,,,2025-12-05T13:23:08Z,2006,2006-01-01,2006-12-31
3222292,GHED_OOP_pc_US_SHA2011,COUNTRY,SLB,WPR,Western Pacific,YEAR,2001,,,,,,,,,2.79,2.79097434,,,,2025-12-05T13:23:08Z,2001,2001-01-01,2001-12-31
3230145,GHED_OOP_pc_US_SHA2011,COUNTRY,SLE,AFR,Africa,YEAR,2010,,,,,,,,,21.27,21.27249317,,,,2025-12-05T13:23:08Z,2010,2010-01-01,2010-12-31
3231827,GHED_OOP_pc_US_SHA2011,COUNTRY,USA,AMR,Americas,YEAR,2023,,,,,,,,,1472.25,1472.24798847,,,,2025-12-05T13:23:08Z,2023,2023-01-01,2023-12-31
3232411,GHED_OOP_pc_US_SHA2011,COUNTRY,PER,AMR,Americas,YEAR,2018,,,,,,,,,107.91,107.90632169,,,,2025-12-05T13:23:08Z,2018,2018-01-01,2018-12-31
3241900,GHED_OOP_pc_US_SHA2011,COUNTRY,BGD,SEAR,South-East Asia,YEAR,2022,,,,,,,,,44.31,44.30810619,,,,2025-12-05T13:23:08Z,2022,2022-01-01,2022-12-31
3242204,GHED_OOP_pc_US_SHA2011,COUNTRY,UZB,EUR,Europe,YEAR,2010,,,,,,,,,53.91,53.90905584,,,,2025-12-05T13:23:08Z,2010,2010-01-01,2010-12-31
3243290,GHED_OOP_pc_US_SHA2011,COUNTRY,ARG,AMR,Americas,YEAR,2020,,,,,,,,,189.95,189.94704824,,,,2025-12-05T13:23:08Z,2020,2020-01-01,2020-12-31
3244838,GHED_OOP_pc_US_SHA2011,COUNTRY,TZA,AFR,Africa,YEAR,2004,,,,,,,,,8.76,8.76335112,,,,2025-12-05T13:23:08Z,2004,2004-01-01,2004-12-31
3248281,GHED_OOP_pc_US_SHA2011,COUNTRY,CYP,EUR,Europe,YEAR,2015,,,,,,,,,685.15,685.1481347,,,,2025-12-05T13:23:08Z,2015,2015-01-01,2015-12-31
3249017,GHED_OOP_pc_US_SHA2011,COUNTRY,MNG,WPR,Western Pacific,YEAR,2000,,,,,,,,,5.21,5.20856677,,,,2025-12-05T13:23:08Z,2000,2000-01-01,2000-12-31
3250927,GHED_OOP_pc_US_SHA2011,COUNTRY,DMA,AMR,Americas,YEAR,2006,,,,,,,,,108.30,108.3031855,,,,2025-12-05T13:23:08Z,2006,2006-01-01,2006-12-31
3251006,GHED_OOP_pc_US_SHA2011,COUNTRY,LAO,WPR,Western Pacific,YEAR,2002,,,,,,,,,6.41,6.41003498,,,,2025-12-05T13:23:08Z,2002,2002-01-01,2002-12-31
3253420,GHED_OOP_pc_US_SHA2011,COUNTRY,FSM,WPR,Western Pacific,YEAR,2002,,,,,,,,,9.20,9.19714001,,,,2025-12-05T13:23:08Z,2002,2002-01-01,2002-12-31
3253491,GHED_OOP_pc_US_SHA2011,COUNTRY,NGA,AFR,Africa,YEAR,2014,,,,,,,,,73.58,73.57789252,,,,2025-12-05T13:23:08Z,2014,2014-01-01,2014-12-31
3254267,GHED_OOP_pc_US_SHA2011,COUNTRY,ISL,EUR,Europe,YEAR,2018,,,,,,,,,993.76,993.76256293,,,,2025-12-05T13:23:08Z,2018,2018-01-01,2018-12-31
3254475,GHED_OOP_pc_US_SHA2011,COUNTRY,MOZ,AFR,Africa,YEAR,2005,,,,,,,,,2.27,2.26748416,,,,2025-12-05T13:23:08Z,2005,2005-01-01,2005-12-31
3255754,GHED_OOP_pc_US_SHA2011,COUNTRY,RUS,EUR,Europe,YEAR,2006,,,,,,,,,109.21,109.20543197,,,,2025-12-05T13:23:08Z,2006,2006-01-01,2006-12-31
3258307,GHED_OOP_pc_US_SHA2011,COUNTRY,ATG,AMR,Americas,YEAR,2009,,,,,,,,,154.06,154.06453464,,,,2025-12-05T13:23:08Z,2009,2009-01-01,2009-12-31
3266543,GHED_OOP_pc_US_SHA2011,COUNTRY,NIC,AMR,Americas,YEAR,2012,,,,,,,,,50.30,50.29888993,,,,2025-12-05T13:23:08Z,2012,2012-01-01,2012-12-31
3266921,GHED_OOP_pc_US_SHA2011,COUNTRY,FRA,EUR,Europe,YEAR,2013,,,,,,,,,497.18,497.17872252,,,,2025-12-05T13:23:08Z,2013,2013-01-01,2013-12-31
3267968,GHED_OOP_pc_US_SHA2011,COUNTRY,JAM,AMR,Americas,YEAR,2018,,,,,,,,,104.43,104.42946922,,,,2025-12-05T13:23:08Z,2018,2018-01-01,2018-12-31
3268875,GHED_OOP_pc_US_SHA2011,COUNTRY,CPV,AFR,Africa,YEAR,2002,,,,,,,,,16.26,16.26013955,,,,2025-12-05T13:23:08Z,2002,2002-01-01,2002-12-31
3273386,GHED_OOP_pc_US_SHA2011,COUNTRY,BFA,AFR,Africa,YEAR,2017,,,,,,,,,13.60,13.60391495,,,,2025-12-05T13:23:08Z,2017,2017-01-01,2017-12-31
3273850,GHED_OOP_pc_US_SHA2011,COUNTRY,NOR,EUR,Europe,YEAR,2000,,,,,,,,,529.08,529.08466607,,,,2025-12-05T13:23:08Z,2000,2000-01-01,2000-12-31
3284126,GHED_OOP_pc_US_SHA2011,COUNTRY,PNG,WPR,Western Pacific,YEAR,2002,,,,,,,,,1.80,1.79827855,,,,2025-12-05T13:23:08Z,2002,2002-01-01,2002-12-31
3287320,GHED_OOP_pc_US_SHA2011,COUNTRY,BRA,AMR,Americas,YEAR,2014,,,,,,,,,290.44,290.4432955,,,,2025-12-05T13:23:08Z,2014,2014-01-01,2014-12-31
3290936,GHED_OOP_pc_US_SHA2011,COUNTRY,MYS,WPR,Western Pacific,YEAR,2020,,,,,,,,,139.22,139.21848086,,,,2025-12-05T13:23:08Z,2020,2020-01-01,2020-12-31
3291286,GHED_OOP_pc_US_SHA2011,COUNTRY,CZE,EUR,Europe,YEAR,2003,,,,,,,,,66.42,66.41870354,,,,2025-12-05T13:23:08Z,2003,2003-01-01,2003-12-31
3292487,GHED_OOP_pc_US_SHA2011,COUNTRY,GEO,EUR,Europe,YEAR,2021,,,,,,,,,272.12,272.11924493,,,,2025-12-05T13:23:08Z,2021,2021-01-01,2021-12-31
3292884,GHED_OOP_pc_US_SHA2011,COUNTRY,TGO,AFR,Africa,YEAR,2021,,,,,,,,,36.38,36.38085849,,,,2025-12-05T13:23:08Z,2021,2021-01-01,2021-12-31
3293215,GHED_OOP_pc_US_SHA2011,COUNTRY,TUN,EMR,Eastern Mediterranean,YEAR,2020,,,,,,,,,83.74,83.73750048,,,,2025-12-05T13:23:08Z,2020,2020-01-01,2020-12-31
3293394,GHED_OOP_pc_US_SHA2011,COUNTRY,AZE,EUR,Europe,YEAR,2022,,,,,,,,,173.23,173.23148838,,,,2025-12-05T13:23:08Z,2022,2022-01-01,2022-12-31
3293613,GHED_OOP_pc_US_SHA2011,COUNTRY,TGO,AFR,Africa,YEAR,2019,,,,,,,,,32.35,32.34604443,,,,2025-12-05T13:23:08Z,2019,2019-01-01,2019-12-31
3296753,GHED_OOP_pc_US_SHA2011,COUNTRY,COL,AMR,Americas,YEAR,2015,,,,,,,,,72.40,72.40030949,,,,2025-12-05T13:23:08Z,2015,2015-01-01,2015-12-31
3299294,GHED_OOP_pc_US_SHA2011,COUNTRY,LKA,SEAR,South-East Asia,YEAR,2022,,,,,,,,,58.92,58.91674398,,,,2025-12-05T13:23:08Z,2022,2022-01-01,2022-12-31
3301639,GHED_OOP_pc_US_SHA2011,COUNTRY,BRN,WPR,Western Pacific,YEAR,2016,,,,,,,,,33.84,33.8363145,,,,2025-12-05T13:23:08Z,2016,2016-01-01,2016-12-31
3302043,GHED_OOP_pc_US_SHA2011,COUNTRY,NZL,WPR,Western Pacific,YEAR,2008,,,,,,,,,348.81,348.80539428,,,,2025-12-05T13:23:08Z,2008,2008-01-01,2008-12-31
3304532,GHED_OOP_pc_US_SHA2011,COUNTRY,CHE,EUR,Europe,YEAR,2005,,,,,,,,,1536.67,1536.67191453,,,,2025-12-05T13:23:08Z,2005,2005-01-01,2005-12-31
3305683,GHED_OOP_pc_US_SHA2011,COUNTRY,MLI,AFR,Africa,YEAR,2008,,,,,,,,,21.00,20.99850039,,,,2025-12-05T13:23:08Z,2008,2008-01-01,2008-12-31
3308998,GHED_OOP_pc_US_SHA2011,COUNTRY,MCO,EUR,Europe,YEAR,2021,,,,,,,,,569.06,569.057135,,,,2025-12-05T13:23:08Z,2021,2021-01-01,2021-12-31
3312057,GHED_OOP_pc_US_SHA2011,COUNTRY,MCO,EUR,Europe,YEAR,2013,,,,,,,,,487.18,487.1825764,,,,2025-12-05T13:23:08Z,2013,2013-01-01,2013-12-31
3315144,GHED_OOP_pc_US_SHA2011,WORLDBANKINCOMEGROUP,WB_LI,,,YEAR,2014,,,,,,,,,20.29,20.28671082,,,,2025-12-05T13:23:08Z,2014,2014-01-01,2014-12-31
3315774,GHED_OOP_pc_US_SHA2011,COUNTRY,KIR,WPR,Western Pacific,YEAR,2016,,,,,,,,,1.25,1.25487628,,,,2025-12-05T13:23:08Z,2016,2016-01-01,2016-12-31
3315835,GHED_OOP_pc_US_SHA2011,COUNTRY,SLB,WPR,Western Pacific,YEAR,2015,,,,,,,,,2.81,2.81288196,,,,2025-12-05T13:23:08Z,2015,2015-01-01,2015-12-31
3316771,GHED_OOP_pc_US_SHA2011,WORLDBANKINCOMEGROUP,WB_LI,,,YEAR,2000,,,,,,,,,8.01,8.01130883,,,,2025-12-05T13:23:08Z,2000,2000-01-01,2000-12-31
3317933,GHED_OOP_pc_US_SHA2011,COUNTRY,ALB,EUR,Europe,YEAR,2020,,,,,,,,,235.31,235.31249191,,,,2025-12-05T13:23:08Z,2020,2020-01-01,2020-12-31
3318095,GHED_OOP_pc_US_SHA2011,COUNTRY,SGP,WPR,Western Pacific,YEAR,2000,,,,,,,,,383.52,383.51851178,,,,2025-12-05T13:23:08Z,2000,2000-01-01,2000-12-31
3321625,GHED_OOP_pc_US_SHA2011,COUNTRY,CMR,AFR,Africa,YEAR,2001,,,,,,,,,22.40,22.39845423,,,,2025-12-05T13:23:08Z,2001,2001-01-01,2001-12-31
3323739,GHED_OOP_pc_US_SHA2011,COUNTRY,PSE,EMR,Eastern Mediterranean,YEAR,2014,,,,,,,,,139.54,139.53798353,,,,2025-12-05T13:23:08Z,2014,2014-01-01,2014-12-31
3324396,GHED_OOP_pc_US_SHA2011,COUNTRY,ROU,EUR,Europe,YEAR,2010,,,,,,,,,92.70,92.70017939,,,,2025-12-05T13:23:08Z,2010,2010-01-01,2010-12-31
3327117,GHED_OOP_pc_US_SHA2011,COUNTRY,OMN,EMR,Eastern Mediterranean,YEAR,2009,,,,,,,,,58.65,58.6459024,,,,2025-12-05T13:23:08Z,2009,2009-01-01,2009-12-31
3328416,GHED_OOP_pc_US_SHA2011,COUNTRY,PLW,WPR,Western Pacific,YEAR,2020,,,,,,,,,311.91,311.91321942,,,,2025-12-05T13:23:08Z,2020,2020-01-01,2020-12-31
3329704,GHED_OOP_pc_US_SHA2011,COUNTRY,CHL,AMR,Americas,YEAR,2019,,,,,,,,,436.29,436.28772146,,,,2025-12-05T13:23:08Z,2019,2019-01-01,2019-12-31
3334618,GHED_OOP_pc_US_SHA2011,COUNTRY,SGP,WPR,Western Pacific,YEAR,2014,,,,,,,,,743.71,743.70605504,,,,2025-12-05T13:23:08Z,2014,2014-01-01,2014-12-31
3335135,GHED_OOP_pc_US_SHA2011,COUNTRY,ARE,EMR,Eastern Mediterranean,YEAR,2009,,,,,,,,,246.50,246.50021194,,,,2025-12-05T13:23:08Z,2009,2009-01-01,2009-12-31
3337521,GHED_OOP_pc_US_SHA2011,COUNTRY,ISR,EUR,Europe,YEAR,2000,,,,,,,,,434.39,434.38793863,,,,2025-12-05T13:23:08Z,2000,2000-01-01,2000-12-31
3341513,GHED_OOP_pc_US_SHA2011,COUNTRY,ECU,AMR,Americas,YEAR,2012,,,,,,,,,158.74,158.73916033,,,,2025-12-05T13:23:08Z,2012,2012-01-01,2012-12-31
3342194,GHED_OOP_pc_US_SHA2011,COUNTRY,MDV,SEAR,South-East Asia,YEAR,2001,,,,,,,,,132.05,132.05232923,,,,2025-12-05T13:23:08Z,2001,2001-01-01,2001-12-31
3347861,GHED_OOP_pc_US_SHA2011,COUNTRY,ECU,AMR,Americas,YEAR,2020,,,,,,,,,141.79,141.78907652,,,,2025-12-05T13:23:08Z,2020,2020-01-01,2020-12-31
3348047,GHED_OOP_pc_US_SHA2011,COUNTRY,KNA,AMR,Americas,YEAR,2008,,,,,,,,,501.01,501.00589255,,,,2025-12-05T13:23:08Z,2008,2008-01-01,2008-12-31
3352093,GHED_OOP_pc_US_SHA2011,COUNTRY,UZB,EUR,Europe,YEAR,2020,,,,,,,,,63.89,63.88990019,,,,2025-12-05T13:23:08Z,2020,2020-01-01,2020-12-31
3355745,GHED_OOP_pc_US_SHA2011,COUNTRY,KNA,AMR,Americas,YEAR,2020,,,,,,,,,450.31,450.30815779,,,,2025-12-05T13:23:08Z,2020,2020-01-01,2020-12-31
3358391,GHED_OOP_pc_US_SHA2011,COUNTRY,GNB,AFR,Africa,YEAR,2021,,,,,,,,,42.84,42.83571359,,,,2025-12-05T13:23:08Z,2021,2021-01-01,2021-12-31
3361049,GHED_OOP_pc_US_SHA2011,GLOBAL,GLOBAL,,,YEAR,2002,,,,,,,,,105.82,105.82404261,,,,2025-12-05T13:23:08Z,2002,2002-01-01,2002-12-31
3362164,GHED_OOP_pc_US_SHA2011,COUNTRY,DJI,EMR,Eastern Mediterranean,YEAR,2002,,,,,,,,,16.16,16.15595953,,,,2025-12-05T13:23:08Z,2002,2002-01-01,2002-12-31
3363142,GHED_OOP_pc_US_SHA2011,COUNTRY,EGY,EMR,Eastern Mediterranean,YEAR,2007,,,,,,,,,44.22,44.2167588,,,,2025-12-05T13:23:08Z,2007,2007-01-01,2007-12-31
3366439,GHED_OOP_pc_US_SHA2011,COUNTRY,NIU,WPR,Western Pacific,YEAR,2002,,,,,,,,,6.02,6.02277681,,,,2025-12-05T13:23:08Z,2002,2002-01-01,2002-12-31
3367217,GHED_OOP_pc_US_SHA2011,COUNTRY,ALB,EUR,Europe,YEAR,2019,,,,,,,,,206.66,206.66062667,,,,2025-12-05T13:23:08Z,2019,2019-01-01,2019-12-31
3371402,GHED_OOP_pc_US_SHA2011,COUNTRY,ETH,AFR,Africa,YEAR,2023,,,,,,,,,16.10,16.10076271,,,,2025-12-05T13:23:08Z,2023,2023-01-01,2023-12-31
3372825,GHED_OOP_pc_US_SHA2011,COUNTRY,MLI,AFR,Africa,YEAR,2018,,,,,,,,,10.15,10.14681727,,,,2025-12-05T13:23:08Z,2018,2018-01-01,2018-12-31
3374122,GHED_OOP_pc_US_SHA2011,COUNTRY,COM,AFR,Africa,YEAR,2008,,,,,,,,,61.49,61.49271438,,,,2025-12-05T13:23:08Z,2008,2008-01-01,2008-12-31
3377995,GHED_OOP_pc_US_SHA2011,COUNTRY,MOZ,AFR,Africa,YEAR,2023,,,,,,,,,5.49,5.4924772,,,,2025-12-05T13:23:08Z,2023,2023-01-01,2023-12-31
3381906,GHED_OOP_pc_US_SHA2011,COUNTRY,GEO,EUR,Europe,YEAR,2002,,,,,,,,,50.97,50.97361502,,,,2025-12-05T13:23:08Z,2002,2002-01-01,2002-12-31
3383556,GHED_OOP_pc_US_SHA2011,COUNTRY,KEN,AFR,Africa,YEAR,2008,,,,,,,,,18.53,18.53424007,,,,2025-12-05T13:23:08Z,2008,2008-01-01,2008-12-31
3383862,GHED_OOP_pc_US_SHA2011,COUNTRY,LTU,EUR,Europe,YEAR,2021,,,,,,,,,552.03,552.03131935,,,,2025-12-05T13:23:08Z,2021,2021-01-01,2021-12-31
3385246,GHED_OOP_pc_US_SHA2011,COUNTRY,IRL,EUR,Europe,YEAR,2022,,,,,,,,,740.18,740.17628405,,,,2025-12-05T13:23:08Z,2022,2022-01-01,2022-12-31
3394208,GHED_OOP_pc_US_SHA2011,COUNTRY,USA,AMR,Americas,YEAR,2002,,,,,,,,,763.34,763.34289016,,,,2025-12-05T13:23:08Z,2002,2002-01-01,2002-12-31
3398017,GHED_OOP_pc_US_SHA2011,COUNTRY,NIU,WPR,Western Pacific,YEAR,2019,,,,,,,,,11.97,11.97263379,,,,2025-12-05T13:23:08Z,2019,2019-01-01,2019-12-31
3398395,GHED_OOP_pc_US_SHA2011,COUNTRY,NLD,EUR,Europe,YEAR,2013,,,,,,,,,638.19,638.19359865,,,,2025-12-05T13:23:08Z,2013,2013-01-01,2013-12-31
3399681,GHED_OOP_pc_US_SHA2011,COUNTRY,GNB,AFR,Africa,YEAR,2002,,,,,,,,,8.05,8.04621138,,,,2025-12-05T13:23:08Z,2002,2002-01-01,2002-12-31
3400180,GHED_OOP_pc_US_SHA2011,COUNTRY,GEO,EUR,Europe,YEAR,2011,,,,,,,,,236.64,236.64274958,,,,2025-12-05T13:23:08Z,2011,2011-01-01,2011-12-31
3403632,GHED_OOP_pc_US_SHA2011,GLOBAL,GLOBAL,,,YEAR,2005,,,,,,,,,150.66,150.65590594,,,,2025-12-05T13:23:08Z,2005,2005-01-01,2005-12-31
3404430,GHED_OOP_pc_US_SHA2011,COUNTRY,MOZ,AFR,Africa,YEAR,2007,,,,,,,,,2.32,2.31940358,,,,2025-12-05T13:23:08Z,2007,2007-01-01,2007-12-31
3405647,GHED_OOP_pc_US_SHA2011,COUNTRY,BHS,AMR,Americas,YEAR,2013,,,,,,,,,435.54,435.54451338,,,,2025-12-05T13:23:08Z,2013,2013-01-01,2013-12-31
3409289,GHED_OOP_pc_US_SHA2011,COUNTRY,PRY,AMR,Americas,YEAR,2010,,,,,,,,,139.37,139.37046924,,,,2025-12-05T13:23:08Z,2010,2010-01-01,2010-12-31
3410530,GHED_OOP_pc_US_SHA2011,COUNTRY,BGD,SEAR,South-East Asia,YEAR,2013,,,,,,,,,18.78,18.77644635,,,,2025-12-05T13:23:08Z,2013,2013-01-01,2013-12-31
3412426,GHED_OOP_pc_US_SHA2011,COUNTRY,IDN,WPR,Western Pacific,YEAR,2004,,,,,,,,,11.93,11.92882332,,,,2025-12-05T13:23:08Z,2004,2004-01-01,2004-12-31
3418817,GHED_OOP_pc_US_SHA2011,COUNTRY,RWA,AFR,Africa,YEAR,2002,,,,,,,,,2.08,2.08470588,,,,2025-12-05T13:23:08Z,2002,2002-01-01,2002-12-31
3419180,GHED_OOP_pc_US_SHA2011,COUNTRY,KWT,EMR,Eastern Mediterranean,YEAR,2017,,,,,,,,,174.73,174.73250253,,,,2025-12-05T13:23:08Z,2017,2017-01-01,2017-12-31
3430328,GHED_OOP_pc_US_SHA2011,COUNTRY,MEX,AMR,Americas,YEAR,2001,,,,,,,,,194.69,194.69130381,,,,2025-12-05T13:23:08Z,2001,2001-01-01,2001-12-31
3438529,GHED_OOP_pc_US_SHA2011,COUNTRY,LUX,EUR,Europe,YEAR,2013,,,,,,,,,711.90,711.90225181,,,,2025-12-05T13:23:08Z,2013,2013-01-01,2013-12-31
3438786,GHED_OOP_pc_US_SHA2011,COUNTRY,SYR,EMR,Eastern Mediterranean,YEAR,2012,,,,,,,,,33.67,33.66850678,,,,2025-12-05T13:23:08Z,2012,2012-01-01,2012-12-31
3444229,GHED_OOP_pc_US_SHA2011,COUNTRY,TON,WPR,Western Pacific,YEAR,2002,,,,,,,,,7.75,7.75275864,,,,2025-12-05T13:23:08Z,2002,2002-01-01,2002-12-31
3444768,GHED_OOP_pc_US_SHA2011,COUNTRY,MDV,SEAR,South-East Asia,YEAR,2020,,,,,,,,,143.01,143.01140882,,,,2025-12-05T13:23:08Z,2020,2020-01-01,2020-12-31
3445694,GHED_OOP_pc_US_SHA2011,COUNTRY,MDG,AFR,Africa,YEAR,2006,,,,,,,,,5.20,5.20412807,,,,2025-12-05T13:23:08Z,2006,2006-01-01,2006-12-31
3448275,GHED_OOP_pc_US_SHA2011,COUNTRY,TCD,AFR,Africa,YEAR,2009,,,,,,,,,22.64,22.64034545,,,,2025-12-05T13:23:08Z,2009,2009-01-01,2009-12-31
3450118,GHED_OOP_pc_US_SHA2011,COUNTRY,QAT,EMR,Eastern Mediterranean,YEAR,2011,,,,,,,,,250.31,250.30879003,,,,2025-12-05T13:23:08Z,2011,2011-01-01,2011-12-31
3451363,GHED_OOP_pc_US_SHA2011,COUNTRY,GRC,EUR,Europe,YEAR,2022,,,,,,,,,593.01,593.00507911,,,,2025-12-05T13:23:08Z,2022,2022-01-01,2022-12-31
3451918,GHED_OOP_pc_US_SHA2011,COUNTRY,MYS,WPR,Western Pacific,YEAR,2018,,,,,,,,,150.17,150.17036463,,,,2025-12-05T13:23:08Z,2018,2018-01-01,2018-12-31
3454532,GHED_OOP_pc_US_SHA2011,COUNTRY,GEO,EUR,Europe,YEAR,2005,,,,,,,,,105.23,105.23189318,,,,2025-12-05T13:23:08Z,2005,2005-01-01,2005-12-31
3455339,GHED_OOP_pc_US_SHA2011,COUNTRY,ZAF,AFR,Africa,YEAR,2006,,,,,,,,,44.23,44.22703453,,,,2025-12-05T13:23:08Z,2006,2006-01-01,2006-12-31
3459672,GHED_OOP_pc_US_SHA2011,COUNTRY,DJI,EMR,Eastern Mediterranean,YEAR,2018,,,,,,,,,18.51,18.50919751,,,,2025-12-05T13:23:08Z,2018,2018-01-01,2018-12-31
3466408,GHED_OOP_pc_US_SHA2011,COUNTRY,MLT,EUR,Europe,YEAR,2023,,,,,,,,,1120.58,1120.57921147,,,,2025-12-05T13:23:08Z,2023,2023-01-01,2023-12-31
3466978,GHED_OOP_pc_US_SHA2011,COUNTRY,IRL,EUR,Europe,YEAR,2015,,,,,,,,,618.24,618.24298054,,,,2025-12-05T13:23:08Z,2015,2015-01-01,2015-12-31
3467309,GHED_OOP_pc_US_SHA2011,COUNTRY,POL,EUR,Europe,YEAR,2010,,,,,,,,,191.90,191.89647816,,,,2025-12-05T13:23:08Z,2010,2010-01-01,2010-12-31
3468813,GHED_OOP_pc_US_SHA2011,COUNTRY,CIV,AFR,Africa,YEAR,2000,,,,,,,,,22.84,22.83772456,,,,2025-12-05T13:23:08Z,2000,2000-01-01,2000-12-31
3471021,GHED_OOP_pc_US_SHA2011,COUNTRY,BIH,EUR,Europe,YEAR,2007,,,,,,,,,161.08,161.08424463,,,,2025-12-05T13:23:08Z,2007,2007-01-01,2007-12-31
3472257,GHED_OOP_pc_US_SHA2011,COUNTRY,SVK,EUR,Europe,YEAR,2009,,,,,,,,,295.94,295.93500855,,,,2025-12-05T13:23:08Z,2009,2009-01-01,2009-12-31
8,GHED_OOP_pc_US_SHA2011,COUNTRY,VNM,WPR,Western Pacific,YEAR,2008,,,,,,,,,22.28,22.27871697,,,,2025-12-05T13:23:08Z,2008,2008-01-01,2008-12-31
6459,GHED_OOP_pc_US_SHA2011,COUNTRY,SEN,AFR,Africa,YEAR,2011,,,,,,,,,29.43,29.42832674,,,,2025-12-05T13:23:08Z,2011,2011-01-01,2011-12-31
14026,GHED_OOP_pc_US_SHA2011,COUNTRY,SYR,EMR,Eastern Mediterranean,YEAR,2004,,,,,,,,,31.19,31.19204468,,,,2025-12-05T13:23:08Z,2004,2004-01-01,2004-12-31
20126,GHED_OOP_pc_US_SHA2011,COUNTRY,UGA,AFR,Africa,YEAR,2017,,,,,,,,,11.97,11.97464754,,,,2025-12-05T13:23:08Z,2017,2017-01-01,2017-12-31
20691,GHED_OOP_pc_US_SHA2011,COUNTRY,GHA,AFR,Africa,YEAR,2013,,,,,,,,,40.95,40.95472062,,,,2025-12-05T13:23:08Z,2013,2013-01-01,2013-12-31
22514,GHED_OOP_pc_US_SHA2011,COUNTRY,COK,WPR,Western Pacific,YEAR,2000,,,,,,,,,18.70,18.70109161,,,,2025-12-05T13:23:08Z,2000,2000-01-01,2000-12-31
22563,GHED_OOP_pc_US_SHA2011,COUNTRY,LTU,EUR,Europe,YEAR,2012,,,,,,,,,285.23,285.23350382,,,,2025-12-05T13:23:08Z,2012,2012-01-01,2012-12-31
22633,GHED_OOP_pc_US_SHA2011,COUNTRY,BEL,EUR,Europe,YEAR,2008,,,,,,,,,928.66,928.66095527,,,,2025-12-05T13:23:08Z,2008,2008-01-01,2008-12-31
28510,GHED_OOP_pc_US_SHA2011,COUNTRY,DEU,EUR,Europe,YEAR,2010,,,,,,,,,610.88,610.88245252,,,,2025-12-05T13:23:08Z,2010,2010-01-01,2010-12-31
30448,GHED_OOP_pc_US_SHA2011,COUNTRY,MEX,AMR,Americas,YEAR,2008,,,,,,,,,278.51,278.50826932,,,,2025-12-05T13:23:08Z,2008,2008-01-01,2008-12-31
31237,GHED_OOP_pc_US_SHA2011,COUNTRY,KWT,EMR,Eastern Mediterranean,YEAR,2001,,,,,,,,,108.79,108.79200914,,,,2025-12-05T13:23:08Z,2001,2001-01-01,2001-12-31
31487,GHED_OOP_pc_US_SHA2011,COUNTRY,KHM,WPR,Western Pacific,YEAR,2003,,,,,,,,,15.48,15.47861584,,,,2025-12-05T13:23:08Z,2003,2003-01-01,2003-12-31
32374,GHED_OOP_pc_US_SHA2011,COUNTRY,UZB,EUR,Europe,YEAR,2007,,,,,,,,,27.26,27.26145381,,,,2025-12-05T13:23:08Z,2007,2007-01-01,2007-12-31
35205,GHED_OOP_pc_US_SHA2011,WORLDBANKINCOMEGROUP,WB_LMI,,,YEAR,2013,,,,,,,,,41.54,41.54187907,,,,2025-12-05T13:23:08Z,2013,2013-01-01,2013-12-31
38639,GHED_OOP_pc_US_SHA2011,COUNTRY,CRI,AMR,Americas,YEAR,2012,,,,,,,,,193.21,193.21179368,,,,2025-12-05T13:23:08Z,2012,2012-01-01,2012-12-31
41477,GHED_OOP_pc_US_SHA2011,COUNTRY,ALB,EUR,Europe,YEAR,2001,,,,,,,,,36.32,36.31640094,,,,2025-12-05T13:23:08Z,2001,2001-01-01,2001-12-31
51988,GHED_OOP_pc_US_SHA2011,COUNTRY,IDN,WPR,Western Pacific,YEAR,2011,,,,,,,,,60.16,60.16209259,,,,2025-12-05T13:23:08Z,2011,2011-01-01,2011-12-31
54423,GHED_OOP_pc_US_SHA2011,COUNTRY,KIR,WPR,Western Pacific,YEAR,2006,,,,,,,,,0.08,0.07528954,,,,2025-12-05T13:23:08Z,2006,2006-01-01,2006-12-31
54613,GHED_OOP_pc_US_SHA2011,COUNTRY,JOR,EMR,Eastern Mediterranean,YEAR,2001,,,,,,,,,62.07,62.07319389,,,,2025-12-05T13:23:08Z,2001,2001-01-01,2001-12-31
57891,GHED_OOP_pc_US_SHA2011,COUNTRY,FSM,WPR,Western Pacific,YEAR,2001,,,,,,,,,8.72,8.72216116,,,,2025-12-05T13:23:08Z,2001,2001-01-01,2001-12-31
58756,GHED_OOP_pc_US_SHA2011,COUNTRY,ARM,EUR,Europe,YEAR,2005,,,,,,,,,60.14,60.13585623,,,,2025-12-05T13:23:08Z,2005,2005-01-01,2005-12-31
64467,GHED_OOP_pc_US_SHA2011,COUNTRY,PLW,WPR,Western Pacific,YEAR,2011,,,,,,,,,198.50,198.50020744,,,,2025-12-05T13:23:08Z,2011,2011-01-01,2011-12-31
64696,GHED_OOP_pc_US_SHA2011,COUNTRY,RUS,EUR,Europe,YEAR,2014,,,,,,,,,263.79,263.79250722,,,,2025-12-05T13:23:08Z,2014,2014-01-01,2014-12-31
69837,GHED_OOP_pc_US_SHA2011,COUNTRY,SSD,AFR,Africa,YEAR,2021,,,,,,,,,10.74,10.73649364,,,,2025-12-05T13:23:08Z,2021,2021-01-01,2021-12-31
70225,GHED_OOP_pc_US_SHA2011,COUNTRY,DNK,EUR,Europe,YEAR,2018,,,,,,,,,859.74,859.7370305,,,,2025-12-05T13:23:08Z,2018,2018-01-01,2018-12-31
70437,GHED_OOP_pc_US_SHA2011,WORLDBANKINCOMEGROUP,WB_LI,,,YEAR,2012,,,,,,,,,17.99,17.99250493,,,,2025-12-05T13:23:08Z,2012,2012-01-01,2012-12-31
72279,GHED_OOP_pc_US_SHA2011,COUNTRY,VUT,WPR,Western Pacific,YEAR,2022,,,,,,,,,11.26,11.2586658,,,,2025-12-05T13:23:08Z,2022,2022-01-01,2022-12-31
72482,GHED_OOP_pc_US_SHA2011,COUNTRY,SWZ,AFR,Africa,YEAR,2015,,,,,,,,,26.50,26.49720773,,,,2025-12-05T13:23:08Z,2015,2015-01-01,2015-12-31
83580,GHED_OOP_pc_US_SHA2011,COUNTRY,SLB,WPR,Western Pacific,YEAR,2007,,,,,,,,,2.60,2.59982643,,,,2025-12-05T13:23:08Z,2007,2007-01-01,2007-12-31
88953,GHED_OOP_pc_US_SHA2011,COUNTRY,KHM,WPR,Western Pacific,YEAR,2006,,,,,,,,,17.29,17.29226411,,,,2025-12-05T13:23:08Z,2006,2006-01-01,2006-12-31
89223,GHED_OOP_pc_US_SHA2011,COUNTRY,AUS,WPR,Western Pacific,YEAR,2002,,,,,,,,,349.19,349.1856624,,,,2025-12-05T13:23:08Z,2002,2002-01-01,2002-12-31
100415,GHED_OOP_pc_US_SHA2011,COUNTRY,MOZ,AFR,Africa,YEAR,2001,,,,,,,,,2.28,2.27837306,,,,2025-12-05T13:23:08Z,2001,2001-01-01,2001-12-31
100789,GHED_OOP_pc_US_SHA2011,COUNTRY,SUR,AMR,Americas,YEAR,2003,,,,,,,,,39.30,39.30067664,,,,2025-12-05T13:23:08Z,2003,2003-01-01,2003-12-31
103816,GHED_OOP_pc_US_SHA2011,COUNTRY,PSE,EMR,Eastern Mediterranean,YEAR,2012,,,,,,,,,130.67,130.67328571,,,,2025-12-05T13:23:08Z,2012,2012-01-01,2012-12-31
104072,GHED_OOP_pc_US_SHA2011,COUNTRY,BGR,EUR,Europe,YEAR,2021,,,,,,,,,374.09,374.08651313,,,,2025-12-05T13:23:08Z,2021,2021-01-01,2021-12-31
122106,GHED_OOP_pc_US_SHA2011,COUNTRY,MYS,WPR,Western Pacific,YEAR,2022,,,,,,,,,173.53,173.5326225,,,,2025-12-05T13:23:08Z,2022,2022-01-01,2022-12-31
125941,GHED_OOP_pc_US_SHA2011,COUNTRY,CAN,AMR,Americas,YEAR,2000,,,,,,,,,330.14,330.13804265,,,,2025-12-05T13:23:08Z,2000,2000-01-01,2000-12-31
130438,GHED_OOP_pc_US_SHA2011,COUNTRY,NIC,AMR,Americas,YEAR,2016,,,,,,,,,60.08,60.07821736,,,,2025-12-05T13:23:08Z,2016,2016-01-01,2016-12-31
132561,GHED_OOP_pc_US_SHA2011,COUNTRY,VNM,WPR,Western Pacific,YEAR,2014,,,,,,,,,49.01,49.00634964,,,,2025-12-05T13:23:08Z,2014,2014-01-01,2014-12-31
135609,GHED_OOP_pc_US_SHA2011,COUNTRY,NOR,EUR,Europe,YEAR,2010,,,,,,,,,1182.58,1182.57990754,,,,2025-12-05T13:23:08Z,2010,2010-01-01,2010-12-31
138955,GHED_OOP_pc_US_SHA2011,COUNTRY,LCA,AMR,Americas,YEAR,2014,,,,,,,,,241.38,241.38091981,,,,2025-12-05T13:23:08Z,2014,2014-01-01,2014-12-31
142067,GHED_OOP_pc_US_SHA2011,COUNTRY,TKM,EUR,Europe,YEAR,2016,,,,,,,,,286.85,286.84734929,,,,2025-12-05T13:23:08Z,2016,2016-01-01,2016-12-31
145190,GHED_OOP_pc_US_SHA2011,COUNTRY,LKA,SEAR,South-East Asia,YEAR,2009,,,,,,,,,51.83,51.82696945,,,,2025-12-05T13:23:08Z,2009,2009-01-01,2009-12-31
146452,GHED_OOP_pc_US_SHA2011,COUNTRY,THA,SEAR,South-East Asia,YEAR,2014,,,,,,,,,27.48,27.4790968,,,,2025-12-05T13:23:08Z,2014,2014-01-01,2014-12-31
152073,GHED_OOP_pc_US_SHA2011,COUNTRY,DOM,AMR,Americas,YEAR,2020,,,,,,,,,87.26,87.25877679,,,,2025-12-05T13:23:08Z,2020,2020-01-01,2020-12-31
153601,GHED_OOP_pc_US_SHA2011,COUNTRY,TKM,EUR,Europe,YEAR,2006,,,,,,,,,267.24,267.2387564,,,,2025-12-05T13:23:08Z,2006,2006-01-01,2006-12-31
159612,GHED_OOP_pc_US_SHA2011,COUNTRY,NAM,AFR,Africa,YEAR,2002,,,,,,,,,11.91,11.90953247,,,,2025-12-05T13:23:08Z,2002,2002-01-01,2002-12-31
159725,GHED_OOP_pc_US_SHA2011,COUNTRY,SYR,EMR,Eastern Mediterranean,YEAR,2005,,,,,,,,,30.70,30.70219847,,,,2025-12-05T13:23:08Z,2005,2005-01-01,2005-12-31
166146,GHED_OOP_pc_US_SHA2011,COUNTRY,CIV,AFR,Africa,YEAR,2006,,,,,,,,,35.76,35.7619558,,,,2025-12-05T13:23:08Z,2006,2006-01-01,2006-12-31
167784,GHED_OOP_pc_US_SHA2011,COUNTRY,NPL,SEAR,South-East Asia,YEAR,2016,,,,,,,,,26.13,26.12518183,,,,2025-12-05T13:23:08Z,2016,2016-01-01,2016-12-31
172009,GHED_OOP_pc_US_SHA2011,COUNTRY,NIC,AMR,Americas,YEAR,2017,,,,,,,,,61.51,61.51345264,,,,2025-12-05T13:23:08Z,2017,2017-01-01,2017-12-31
172519,GHED_OOP_pc_US_SHA2011,COUNTRY,PSE,EMR,Eastern Mediterranean,YEAR,2002,,,,,,,,,42.56,42.56246456,,,,2025-12-05T13:23:08Z,2002,2002-01-01,2002-12-31
174048,GHED_OOP_pc_US_SHA2011,COUNTRY,SYC,AFR,Africa,YEAR,2000,,,,,,,,,60.86,60.86268397,,,,2025-12-05T13:23:08Z,2000,2000-01-01,2000-12-31
174052,GHED_OOP_pc_US_SHA2011,COUNTRY,PRY,AMR,Americas,YEAR,2014,,,,,,,,,195.68,195.68124213,,,,2025-12-05T13:23:08Z,2014,2014-01-01,2014-12-31
176560,GHED_OOP_pc_US_SHA2011,COUNTRY,FRA,EUR,Europe,YEAR,2011,,,,,,,,,565.29,565.29304277,,,,2025-12-05T13:23:08Z,2011,2011-01-01,2011-12-31
182611,GHED_OOP_pc_US_SHA2011,COUNTRY,COK,WPR,Western Pacific,YEAR,2018,,,,,,,,,20.67,20.66803923,,,,2025-12-05T13:23:08Z,2018,2018-01-01,2018-12-31
187092,GHED_OOP_pc_US_SHA2011,COUNTRY,HUN,EUR,Europe,YEAR,2023,,,,,,,,,327.42,327.42266883,,,,2025-12-05T13:23:08Z,2023,2023-01-01,2023-12-31
188775,GHED_OOP_pc_US_SHA2011,COUNTRY,GUY,AMR,Americas,YEAR,2017,,,,,,,,,76.96,76.96493911,,,,2025-12-05T13:23:08Z,2017,2017-01-01,2017-12-31
192472,GHED_OOP_pc_US_SHA2011,COUNTRY,SUR,AMR,Americas,YEAR,2011,,,,,,,,,102.10,102.10068155,,,,2025-12-05T13:23:08Z,2011,2011-01-01,2011-12-31
192924,GHED_OOP_pc_US_SHA2011,COUNTRY,ZMB,AFR,Africa,YEAR,2006,,,,,,,,,15.08,15.07875323,,,,2025-12-05T13:23:08Z,2006,2006-01-01,2006-12-31
197024,GHED_OOP_pc_US_SHA2011,COUNTRY,MUS,AFR,Africa,YEAR,2007,,,,,,,,,127.93,127.93062113,,,,2025-12-05T13:23:08Z,2007,2007-01-01,2007-12-31
199114,GHED_OOP_pc_US_SHA2011,REGION,EMR,,,YEAR,2011,,,,,,,,,121.63,121.62653957,,,,2025-12-05T13:23:08Z,2011,2011-01-01,2011-12-31
201087,GHED_OOP_pc_US_SHA2011,COUNTRY,TON,WPR,Western Pacific,YEAR,2019,,,,,,,,,16.66,16.661617970000002,,,,2025-12-05T13:23:08Z,2019,2019-01-01,2019-12-31
202383,GHED_OOP_pc_US_SHA2011,COUNTRY,KNA,AMR,Americas,YEAR,2002,,,,,,,,,238.80,238.79544374,,,,2025-12-05T13:23:08Z,2002,2002-01-01,2002-12-31
203804,GHED_OOP_pc_US_SHA2011,COUNTRY,IRL,EUR,Europe,YEAR,2005,,,,,,,,,533.74,533.74321602,,,,2025-12-05T13:23:08Z,2005,2005-01-01,2005-12-31
208951,GHED_OOP_pc_US_SHA2011,COUNTRY,BOL,AMR,Americas,YEAR,2016,,,,,,,,,58.13,58.13012662,,,,2025-12-05T13:23:08Z,2016,2016-01-01,2016-12-31
210666,GHED_OOP_pc_US_SHA2011,COUNTRY,BRN,WPR,Western Pacific,YEAR,2015,,,,,,,,,36.36,36.35932057,,,,2025-12-05T13:23:08Z,2015,2015-01-01,2015-12-31
212379,GHED_OOP_pc_US_SHA2011,COUNTRY,KNA,AMR,Americas,YEAR,2005,,,,,,,,,267.25,267.25162949,,,,2025-12-05T13:23:08Z,2005,2005-01-01,2005-12-31
216711,GHED_OOP_pc_US_SHA2011,COUNTRY,BRB,AMR,Americas,YEAR,2023,,,,,,,,,636.72,636.72099856,,,,2025-12-05T13:23:08Z,2023,2023-01-01,2023-12-31
217805,GHED_OOP_pc_US_SHA2011,COUNTRY,CMR,AFR,Africa,YEAR,2005,,,,,,,,,32.05,32.04621072,,,,2025-12-05T13:23:08Z,2005,2005-01-01,2005-12-31
223439,GHED_OOP_pc_US_SHA2011,COUNTRY,LVA,EUR,Europe,YEAR,2017,,,,,,,,,389.68,389.67683759,,,,2025-12-05T13:23:08Z,2017,2017-01-01,2017-12-31
227486,GHED_OOP_pc_US_SHA2011,COUNTRY,QAT,EMR,Eastern Mediterranean,YEAR,2004,,,,,,,,,234.10,234.10283241,,,,2025-12-05T13:23:08Z,2004,2004-01-01,2004-12-31
230697,GHED_OOP_pc_US_SHA2011,COUNTRY,GUY,AMR,Americas,YEAR,2021,,,,,,,,,126.77,126.77499518,,,,2025-12-05T13:23:08Z,2021,2021-01-01,2021-12-31
234376,GHED_OOP_pc_US_SHA2011,COUNTRY,LKA,SEAR,South-East Asia,YEAR,2023,,,,,,,,,73.58,73.57598782,,,,2025-12-05T13:23:08Z,2023,2023-01-01,2023-12-31
234719,GHED_OOP_pc_US_SHA2011,COUNTRY,BFA,AFR,Africa,YEAR,2002,,,,,,,,,6.70,6.70130097,,,,2025-12-05T13:23:08Z,2002,2002-01-01,2002-12-31
241033,GHED_OOP_pc_US_SHA2011,COUNTRY,ROU,EUR,Europe,YEAR,2000,,,,,,,,,13.57,13.57311537,,,,2025-12-05T13:23:08Z,2000,2000-01-01,2000-12-31
242499,GHED_OOP_pc_US_SHA2011,COUNTRY,TCD,AFR,Africa,YEAR,2015,,,,,,,,,19.18,19.18465195,,,,2025-12-05T13:23:08Z,2015,2015-01-01,2015-12-31
243145,GHED_OOP_pc_US_SHA2011,COUNTRY,ECU,AMR,Americas,YEAR,2008,,,,,,,,,121.49,121.4866826,,,,2025-12-05T13:23:08Z,2008,2008-01-01,2008-12-31
243964,GHED_OOP_pc_US_SHA2011,COUNTRY,SYC,AFR,Africa,YEAR,2005,,,,,,,,,81.76,81.76314792,,,,2025-12-05T13:23:08Z,2005,2005-01-01,2005-12-31
248631,GHED_OOP_pc_US_SHA2011,COUNTRY,SWZ,AFR,Africa,YEAR,2003,,,,,,,,,19.79,19.78748471,,,,2025-12-05T13:23:08Z,2003,2003-01-01,2003-12-31
248976,GHED_OOP_pc_US_SHA2011,COUNTRY,TJK,EUR,Europe,YEAR,2016,,,,,,,,,36.25,36.24956239,,,,2025-12-05T13:23:08Z,2016,2016-01-01,2016-12-31
249214,GHED_OOP_pc_US_SHA2011,COUNTRY,TGO,AFR,Africa,YEAR,2022,,,,,,,,,35.80,35.80199892,,,,2025-12-05T13:23:08Z,2022,2022-01-01,2022-12-31
252663,GHED_OOP_pc_US_SHA2011,COUNTRY,ISL,EUR,Europe,YEAR,2005,,,,,,,,,893.45,893.44704517,,,,2025-12-05T13:23:08Z,2005,2005-01-01,2005-12-31
253973,GHED_OOP_pc_US_SHA2011,COUNTRY,COM,AFR,Africa,YEAR,2014,,,,,,,,,55.45,55.45068318,,,,2025-12-05T13:23:08Z,2014,2014-01-01,2014-12-31
258962,GHED_OOP_pc_US_SHA2011,COUNTRY,ALB,EUR,Europe,YEAR,2016,,,,,,,,,155.67,155.66991055,,,,2025-12-05T13:23:08Z,2016,2016-01-01,2016-12-31
261645,GHED_OOP_pc_US_SHA2011,COUNTRY,MYS,WPR,Western Pacific,YEAR,2023,,,,,,,,,167.05,167.04641921,,,,2025-12-05T13:23:08Z,2023,2023-01-01,2023-12-31
266313,GHED_OOP_pc_US_SHA2011,COUNTRY,BLZ,AMR,Americas,YEAR,2008,,,,,,,,,62.49,62.48630287,,,,2025-12-05T13:23:08Z,2008,2008-01-01,2008-12-31
267840,GHED_OOP_pc_US_SHA2011,COUNTRY,FRA,EUR,Europe,YEAR,2019,,,,,,,,,466.41,466.41189823,,,,2025-12-05T13:23:08Z,2019,2019-01-01,2019-12-31
267847,GHED_OOP_pc_US_SHA2011,COUNTRY,LBY,EMR,Eastern Mediterranean,YEAR,2015,,,,,,,,,133.03,133.02995409,,,,2025-12-05T13:23:08Z,2015,2015-01-01,2015-12-31
268766,GHED_OOP_pc_US_SHA2011,COUNTRY,NPL,SEAR,South-East Asia,YEAR,2001,,,,,,,,,5.26,5.26416906,,,,2025-12-05T13:23:08Z,2001,2001-01-01,2001-12-31
272316,GHED_OOP_pc_US_SHA2011,COUNTRY,SDN,EMR,Eastern Mediterranean,YEAR,2018,,,,,,,,,22.69,22.68626691,,,,2025-12-05T13:23:08Z,2018,2018-01-01,2018-12-31
273203,GHED_OOP_pc_US_SHA2011,COUNTRY,SWZ,AFR,Africa,YEAR,2011,,,,,,,,,38.29,38.29069852,,,,2025-12-05T13:23:08Z,2011,2011-01-01,2011-12-31
275462,GHED_OOP_pc_US_SHA2011,COUNTRY,CAF,AFR,Africa,YEAR,2017,,,,,,,,,16.26,16.25691409,,,,2025-12-05T13:23:08Z,2017,2017-01-01,2017-12-31
275886,GHED_OOP_pc_US_SHA2011,COUNTRY,VCT,AMR,Americas,YEAR,2007,,,,,,,,,87.51,87.50944751,,,,2025-12-05T13:23:08Z,2007,2007-01-01,2007-12-31
280950,GHED_OOP_pc_US_SHA2011,COUNTRY,PER,AMR,Americas,YEAR,2006,,,,,,,,,54.91,54.90523677,,,,2025-12-05T13:23:08Z,2006,2006-01-01,2006-12-31
287661,GHED_OOP_pc_US_SHA2011,COUNTRY,GRC,EUR,Europe,YEAR,2007,,,,,,,,,830.52,830.51901543,,,,2025-12-05T13:23:08Z,2007,2007-01-01,2007-12-31
288215,GHED_OOP_pc_US_SHA2011,COUNTRY,SLE,AFR,Africa,YEAR,2013,,,,,,,,,53.32,53.32312612,,,,2025-12-05T13:23:08Z,2013,2013-01-01,2013-12-31
290813,GHED_OOP_pc_US_SHA2011,COUNTRY,SRB,EUR,Europe,YEAR,2000,,,,,,,,,16.73,16.73021899,,,,2025-12-05T13:23:08Z,2000,2000-01-01,2000-12-31
291738,GHED_OOP_pc_US_SHA2011,COUNTRY,PNG,WPR,Western Pacific,YEAR,2010,,,,,,,,,4.83,4.83305187,,,,2025-12-05T13:23:08Z,2010,2010-01-01,2010-12-31
293772,GHED_OOP_pc_US_SHA2011,COUNTRY,UKR,EUR,Europe,YEAR,2000,,,,,,,,,16.75,16.75466526,,,,2025-12-05T13:23:08Z,2000,2000-01-01,2000-12-31
294270,GHED_OOP_pc_US_SHA2011,COUNTRY,ARM,EUR,Europe,YEAR,2012,,,,,,,,,260.84,260.84208851,,,,2025-12-05T13:23:08Z,2012,2012-01-01,2012-12-31
305965,GHED_OOP_pc_US_SHA2011,COUNTRY,EST,EUR,Europe,YEAR,2018,,,,,,,,,380.79,380.79482635,,,,2025-12-05T13:23:08Z,2018,2018-01-01,2018-12-31
311736,GHED_OOP_pc_US_SHA2011,COUNTRY,SGP,WPR,Western Pacific,YEAR,2015,,,,,,,,,771.04,771.03749704,,,,2025-12-05T13:23:08Z,2015,2015-01-01,2015-12-31
313446,GHED_OOP_pc_US_SHA2011,COUNTRY,CUB,AMR,Americas,YEAR,2008,,,,,,,,,53.84,53.84456624,,,,2025-12-05T13:23:08Z,2008,2008-01-01,2008-12-31
317341,GHED_OOP_pc_US_SHA2011,COUNTRY,ZMB,AFR,Africa,YEAR,2015,,,,,,,,,7.03,7.03305738,,,,2025-12-05T13:23:08Z,2015,2015-01-01,2015-12-31
318121,GHED_OOP_pc_US_SHA2011,COUNTRY,POL,EUR,Europe,YEAR,2018,,,,,,,,,199.86,199.86106017,,,,2025-12-05T13:23:08Z,2018,2018-01-01,2018-12-31
318220,GHED_OOP_pc_US_SHA2011,GLOBAL,GLOBAL,,,YEAR,2017,,,,,,,,,224.19,224.19087791,,,,2025-12-05T13:23:08Z,2017,2017-01-01,2017-12-31
325482,GHED_OOP_pc_US_SHA2011,COUNTRY,PLW,WPR,Western Pacific,YEAR,2006,,,,,,,,,150.18,150.17610371,,,,2025-12-05T13:23:08Z,2006,2006-01-01,2006-12-31
327783,GHED_OOP_pc_US_SHA2011,COUNTRY,WSM,WPR,Western Pacific,YEAR,2011,,,,,,,,,26.07,26.06805637,,,,2025-12-05T13:23:08Z,2011,2011-01-01,2011-12-31
336770,GHED_OOP_pc_US_SHA2011,COUNTRY,GNB,AFR,Africa,YEAR,2017,,,,,,,,,37.51,37.50610105,,,,2025-12-05T13:23:08Z,2017,2017-01-01,2017-12-31
340837,GHED_OOP_pc_US_SHA2011,COUNTRY,LBN,EMR,Eastern Mediterranean,YEAR,2003,,,,,,,,,195.96,195.95594773,,,,2025-12-05T13:23:08Z,2003,2003-01-01,2003-12-31
341060,GHED_OOP_pc_US_SHA2011,COUNTRY,SLB,WPR,Western Pacific,YEAR,2010,,,,,,,,,3.03,3.0342965,,,,2025-12-05T13:23:08Z,2010,2010-01-01,2010-12-31
342405,GHED_OOP_pc_US_SHA2011,COUNTRY,PRY,AMR,Americas,YEAR,2000,,,,,,,,,51.30,51.3017621,,,,2025-12-05T13:23:08Z,2000,2000-01-01,2000-12-31
348920,GHED_OOP_pc_US_SHA2011,COUNTRY,JPN,WPR,Western Pacific,YEAR,2000,,,,,,,,,437.92,437.9203716,,,,2025-12-05T13:23:08Z,2000,2000-01-01,2000-12-31
354682,GHED_OOP_pc_US_SHA2011,COUNTRY,HND,AMR,Americas,YEAR,2014,,,,,,,,,84.00,84.0001488,,,,2025-12-05T13:23:08Z,2014,2014-01-01,2014-12-31
356316,GHED_OOP_pc_US_SHA2011,COUNTRY,ALB,EUR,Europe,YEAR,2013,,,,,,,,,159.38,159.3757596,,,,2025-12-05T13:23:08Z,2013,2013-01-01,2013-12-31
357332,GHED_OOP_pc_US_SHA2011,COUNTRY,IDN,WPR,Western Pacific,YEAR,2003,,,,,,,,,11.74,11.73920123,,,,2025-12-05T13:23:08Z,2003,2003-01-01,2003-12-31
358084,GHED_OOP_pc_US_SHA2011,COUNTRY,CHL,AMR,Americas,YEAR,2003,,,,,,,,,148.03,148.03284681,,,,2025-12-05T13:23:08Z,2003,2003-01-01,2003-12-31
362060,GHED_OOP_pc_US_SHA2011,COUNTRY,FRA,EUR,Europe,YEAR,2006,,,,,,,,,356.72,356.7157311,,,,2025-12-05T13:23:08Z,2006,2006-01-01,2006-12-31
364272,GHED_OOP_pc_US_SHA2011,COUNTRY,ETH,AFR,Africa,YEAR,2013,,,,,,,,,8.17,8.16998512,,,,2025-12-05T13:23:08Z,2013,2013-01-01,2013-12-31
368566,GHED_OOP_pc_US_SHA2011,COUNTRY,THA,SEAR,South-East Asia,YEAR,2018,,,,,,,,,27.78,27.77641754,,,,2025-12-05T13:23:08Z,2018,2018-01-01,2018-12-31
369806,GHED_OOP_pc_US_SHA2011,REGION,WPR,,,YEAR,2013,,,,,,,,,164.41,164.41254017,,,,2025-12-05T13:23:08Z,2013,2013-01-01,2013-12-31
371952,GHED_OOP_pc_US_SHA2011,COUNTRY,PAN,AMR,Americas,YEAR,2016,,,,,,,,,345.52,345.51688113,,,,2025-12-05T13:23:08Z,2016,2016-01-01,2016-12-31
372222,GHED_OOP_pc_US_SHA2011,COUNTRY,MWI,AFR,Africa,YEAR,2001,,,,,,,,,1.38,1.3772036,,,,2025-12-05T13:23:08Z,2001,2001-01-01,2001-12-31
372371,GHED_OOP_pc_US_SHA2011,COUNTRY,TLS,SEAR,South-East Asia,YEAR,2005,,,,,,,,,8.54,8.54150618,,,,2025-12-05T13:23:08Z,2005,2005-01-01,2005-12-31
375847,GHED_OOP_pc_US_SHA2011,COUNTRY,KNA,AMR,Americas,YEAR,2006,,,,,,,,,345.06,345.06041319,,,,2025-12-05T13:23:08Z,2006,2006-01-01,2006-12-31
379089,GHED_OOP_pc_US_SHA2011,COUNTRY,HRV,EUR,Europe,YEAR,2001,,,,,,,,,55.81,55.80588284,,,,2025-12-05T13:23:08Z,2001,2001-01-01,2001-12-31
380088,GHED_OOP_pc_US_SHA2011,COUNTRY,KAZ,EUR,Europe,YEAR,2020,,,,,,,,,91.44,91.43795977,,,,2025-12-05T13:23:08Z,2020,2020-01-01,2020-12-31
390862,GHED_OOP_pc_US_SHA2011,COUNTRY,ERI,AFR,Africa,YEAR,2007,,,,,,,,,8.65,8.65399631,,,,2025-12-05T13:23:08Z,2007,2007-01-01,2007-12-31
393845,GHED_OOP_pc_US_SHA2011,COUNTRY,TLS,SEAR,South-East Asia,YEAR,2016,,,,,,,,,7.33,7.32713159,,,,2025-12-05T13:23:08Z,2016,2016-01-01,2016-12-31
395244,GHED_OOP_pc_US_SHA2011,COUNTRY,TZA,AFR,Africa,YEAR,2017,,,,,,,,,8.30,8.30125454,,,,2025-12-05T13:23:08Z,2017,2017-01-01,2017-12-31
397149,GHED_OOP_pc_US_SHA2011,COUNTRY,KWT,EMR,Eastern Mediterranean,YEAR,2021,,,,,,,,,182.87,182.86691798,,,,2025-12-05T13:23:08Z,2021,2021-01-01,2021-12-31
397193,GHED_OOP_pc_US_SHA2011,COUNTRY,BEN,AFR,Africa,YEAR,2009,,,,,,,,,12.60,12.60308334,,,,2025-12-05T13:23:08Z,2009,2009-01-01,2009-12-31
397398,GHED_OOP_pc_US_SHA2011,COUNTRY,SYR,EMR,Eastern Mediterranean,YEAR,2008,,,,,,,,,43.75,43.75219956,,,,2025-12-05T13:23:08Z,2008,2008-01-01,2008-12-31
410147,GHED_OOP_pc_US_SHA2011,COUNTRY,NRU,WPR,Western Pacific,YEAR,2004,,,,,,,,,15.59,15.59085333,,,,2025-12-05T13:23:08Z,2004,2004-01-01,2004-12-31
410178,GHED_OOP_pc_US_SHA2011,COUNTRY,FIN,EUR,Europe,YEAR,2016,,,,,,,,,791.87,791.87384167,,,,2025-12-05T13:23:08Z,2016,2016-01-01,2016-12-31
410790,GHED_OOP_pc_US_SHA2011,COUNTRY,PLW,WPR,Western Pacific,YEAR,2009,,,,,,,,,185.54,185.53651354,,,,2025-12-05T13:23:08Z,2009,2009-01-01,2009-12-31
411274,GHED_OOP_pc_US_SHA2011,COUNTRY,CYP,EUR,Europe,YEAR,2020,,,,,,,,,522.07,522.07057168,,,,2025-12-05T13:23:08Z,2020,2020-01-01,2020-12-31
412880,GHED_OOP_pc_US_SHA2011,COUNTRY,ARM,EUR,Europe,YEAR,2018,,,,,,,,,360.99,360.99435843,,,,2025-12-05T13:23:08Z,2018,2018-01-01,2018-12-31
413439,GHED_OOP_pc_US_SHA2011,COUNTRY,AUS,WPR,Western Pacific,YEAR,2017,,,,,,,,,941.39,941.3921938,,,,2025-12-05T13:23:08Z,2017,2017-01-01,2017-12-31
413667,GHED_OOP_pc_US_SHA2011,COUNTRY,BWA,AFR,Africa,YEAR,2003,,,,,,,,,23.63,23.63215978,,,,2025-12-05T13:23:08Z,2003,2003-01-01,2003-12-31
416786,GHED_OOP_pc_US_SHA2011,COUNTRY,NAM,AFR,Africa,YEAR,2022,,,,,,,,,31.59,31.59409159,,,,2025-12-05T13:23:08Z,2022,2022-01-01,2022-12-31
418289,GHED_OOP_pc_US_SHA2011,COUNTRY,JAM,AMR,Americas,YEAR,2022,,,,,,,,,99.16,99.16221719,,,,2025-12-05T13:23:08Z,2022,2022-01-01,2022-12-31
420614,GHED_OOP_pc_US_SHA2011,COUNTRY,JAM,AMR,Americas,YEAR,2004,,,,,,,,,89.76,89.75597187,,,,2025-12-05T13:23:08Z,2004,2004-01-01,2004-12-31
422205,GHED_OOP_pc_US_SHA2011,COUNTRY,GUY,AMR,Americas,YEAR,2007,,,,,,,,,41.50,41.49851287,,,,2025-12-05T13:23:08Z,2007,2007-01-01,2007-12-31
422437,GHED_OOP_pc_US_SHA2011,COUNTRY,GHA,AFR,Africa,YEAR,2010,,,,,,,,,27.68,27.67585004,,,,2025-12-05T13:23:08Z,2010,2010-01-01,2010-12-31
422798,GHED_OOP_pc_US_SHA2011,COUNTRY,NER,AFR,Africa,YEAR,2005,,,,,,,,,9.59,9.58673044,,,,2025-12-05T13:23:08Z,2005,2005-01-01,2005-12-31
423826,GHED_OOP_pc_US_SHA2011,COUNTRY,IND,SEAR,South-East Asia,YEAR,2001,,,,,,,,,14.63,14.63185744,,,,2025-12-05T13:23:08Z,2001,2001-01-01,2001-12-31
430528,GHED_OOP_pc_US_SHA2011,COUNTRY,MMR,SEAR,South-East Asia,YEAR,2004,,,,,,,,,5.53,5.53390268,,,,2025-12-05T13:23:08Z,2004,2004-01-01,2004-12-31
431255,GHED_OOP_pc_US_SHA2011,COUNTRY,AUT,EUR,Europe,YEAR,2011,,,,,,,,,1002.59,1002.59319824,,,,2025-12-05T13:23:08Z,2011,2011-01-01,2011-12-31
432779,GHED_OOP_pc_US_SHA2011,COUNTRY,ERI,AFR,Africa,YEAR,2002,,,,,,,,,7.26,7.26012004,,,,2025-12-05T13:23:08Z,2002,2002-01-01,2002-12-31
435511,GHED_OOP_pc_US_SHA2011,COUNTRY,ISR,EUR,Europe,YEAR,2018,,,,,,,,,698.65,698.65422191,,,,2025-12-05T13:23:08Z,2018,2018-01-01,2018-12-31
443192,GHED_OOP_pc_US_SHA2011,COUNTRY,NZL,WPR,Western Pacific,YEAR,2003,,,,,,,,,247.72,247.71584668,,,,2025-12-05T13:23:08Z,2003,2003-01-01,2003-12-31
451718,GHED_OOP_pc_US_SHA2011,REGION,EMR,,,YEAR,2002,,,,,,,,,70.67,70.66774774,,,,2025-12-05T13:23:08Z,2002,2002-01-01,2002-12-31
455256,GHED_OOP_pc_US_SHA2011,COUNTRY,ETH,AFR,Africa,YEAR,2016,,,,,,,,,8.63,8.62537106,,,,2025-12-05T13:23:08Z,2016,2016-01-01,2016-12-31
456523,GHED_OOP_pc_US_SHA2011,COUNTRY,NZL,WPR,Western Pacific,YEAR,2019,,,,,,,,,530.01,530.01079372,,,,2025-12-05T13:23:08Z,2019,2019-01-01,2019-12-31
457436,GHED_OOP_pc_US_SHA2011,COUNTRY,BLR,EUR,Europe,YEAR,2001,,,,,,,,,15.20,15.20206768,,,,2025-12-05T13:23:08Z,2001,2001-01-01,2001-12-31
458537,GHED_OOP_pc_US_SHA2011,COUNTRY,VNM,WPR,Western Pacific,YEAR,2009,,,,,,,,,24.18,24.18491904,,,,2025-12-05T13:23:08Z,2009,2009-01-01,2009-12-31
460292,GHED_OOP_pc_US_SHA2011,COUNTRY,PHL,WPR,Western Pacific,YEAR,2010,,,,,,,,,49.01,49.00569002,,,,2025-12-05T13:23:08Z,2010,2010-01-01,2010-12-31
461134,GHED_OOP_pc_US_SHA2011,COUNTRY,WSM,WPR,Western Pacific,YEAR,2014,,,,,,,,,27.38,27.38186853,,,,2025-12-05T13:23:08Z,2014,2014-01-01,2014-12-31
473033,GHED_OOP_pc_US_SHA2011,COUNTRY,PRT,EUR,Europe,YEAR,2020,,,,,,,,,652.37,652.37234969,,,,2025-12-05T13:23:08Z,2020,2020-01-01,2020-12-31
474558,GHED_OOP_pc_US_SHA2011,COUNTRY,LKA,SEAR,South-East Asia,YEAR,2019,,,,,,,,,65.12,65.12256425,,,,2025-12-05T13:23:08Z,2019,2019-01-01,2019-12-31
474688,GHED_OOP_pc_US_SHA2011,COUNTRY,DEU,EUR,Europe,YEAR,2019,,,,,,,,,674.13,674.13198108,,,,2025-12-05T13:23:08Z,2019,2019-01-01,2019-12-31
475374,GHED_OOP_pc_US_SHA2011,COUNTRY,YEM,EMR,Eastern Mediterranean,YEAR,2006,,,,,,,,,29.53,29.52952075,,,,2025-12-05T13:23:08Z,2006,2006-01-01,2006-12-31
475991,GHED_OOP_pc_US_SHA2011,COUNTRY,BWA,AFR,Africa,YEAR,2001,,,,,,,,,19.20,19.19618177,,,,2025-12-05T13:23:08Z,2001,2001-01-01,2001-12-31
477902,GHED_OOP_pc_US_SHA2011,COUNTRY,ALB,EUR,Europe,YEAR,2004,,,,,,,,,65.99,65.99038669,,,,2025-12-05T13:23:08Z,2004,2004-01-01,2004-12-31
486418,GHED_OOP_pc_US_SHA2011,COUNTRY,ISL,EUR,Europe,YEAR,2019,,,,,,,,,911.97,911.96529784,,,,2025-12-05T13:23:08Z,2019,2019-01-01,2019-12-31
489310,GHED_OOP_pc_US_SHA2011,COUNTRY,CAN,AMR,Americas,YEAR,2014,,,,,,,,,766.53,766.5257292,,,,2025-12-05T13:23:08Z,2014,2014-01-01,2014-12-31
496209,GHED_OOP_pc_US_SHA2011,COUNTRY,LBR,AFR,Africa,YEAR,2009,,,,,,,,,15.97,15.97310306,,,,2025-12-05T13:23:08Z,2009,2009-01-01,2009-12-31
496404,GHED_OOP_pc_US_SHA2011,COUNTRY,PER,AMR,Americas,YEAR,2001,,,,,,,,,36.33,36.32838336,,,,2025-12-05T13:23:08Z,2001,2001-01-01,2001-12-31
498622,GHED_OOP_pc_US_SHA2011,COUNTRY,PAK,EMR,Eastern Mediterranean,YEAR,2005,,,,,,,,,12.90,12.90313262,,,,2025-12-05T13:23:08Z,2005,2005-01-01,2005-12-31
499242,GHED_OOP_pc_US_SHA2011,COUNTRY,FSM,WPR,Western Pacific,YEAR,2013,,,,,,,,,9.67,9.67456477,,,,2025-12-05T13:23:08Z,2013,2013-01-01,2013-12-31
500620,GHED_OOP_pc_US_SHA2011,COUNTRY,ARE,EMR,Eastern Mediterranean,YEAR,2013,,,,,,,,,307.03,307.03481486,,,,2025-12-05T13:23:08Z,2013,2013-01-01,2013-12-31
500657,GHED_OOP_pc_US_SHA2011,COUNTRY,LBR,AFR,Africa,YEAR,2018,,,,,,,,,29.19,29.18559708,,,,2025-12-05T13:23:08Z,2018,2018-01-01,2018-12-31
502933,GHED_OOP_pc_US_SHA2011,REGION,EUR,,,YEAR,2022,,,,,,,,,547.61,547.61181427,,,,2025-12-05T13:23:08Z,2022,2022-01-01,2022-12-31
506348,GHED_OOP_pc_US_SHA2011,COUNTRY,MUS,AFR,Africa,YEAR,2001,,,,,,,,,50.99,50.98922489,,,,2025-12-05T13:23:08Z,2001,2001-01-01,2001-12-31
515609,GHED_OOP_pc_US_SHA2011,COUNTRY,LSO,AFR,Africa,YEAR,2016,,,,,,,,,14.41,14.41450943,,,,2025-12-05T13:23:08Z,2016,2016-01-01,2016-12-31
518074,GHED_OOP_pc_US_SHA2011,COUNTRY,ZMB,AFR,Africa,YEAR,2001,,,,,,,,,7.35,7.35488019,,,,2025-12-05T13:23:08Z,2001,2001-01-01,2001-12-31
533573,GHED_OOP_pc_US_SHA2011,COUNTRY,AND,EUR,Europe,YEAR,2004,,,,,,,,,349.51,349.51273032,,,,2025-12-05T13:23:08Z,2004,2004-01-01,2004-12-31
537624,GHED_OOP_pc_US_SHA2011,COUNTRY,AGO,AFR,Africa,YEAR,2002,,,,,,,,,14.59,14.58612744,,,,2025-12-05T13:23:08Z,2002,2002-01-01,2002-12-31
545861,GHED_OOP_pc_US_SHA2011,COUNTRY,COK,WPR,Western Pacific,YEAR,2021,,,,,,,,,19.65,19.64581256,,,,2025-12-05T13:23:08Z,2021,2021-01-01,2021-12-31
547338,GHED_OOP_pc_US_SHA2011,WORLDBANKINCOMEGROUP,WB_LI,,,YEAR,2016,,,,,,,,,19.61,19.60514295,,,,2025-12-05T13:23:08Z,2016,2016-01-01,2016-12-31
547424,GHED_OOP_pc_US_SHA2011,COUNTRY,CHE,EUR,Europe,YEAR,2002,,,,,,,,,1219.61,1219.61084863,,,,2025-12-05T13:23:08Z,2002,2002-01-01,2002-12-31
547741,GHED_OOP_pc_US_SHA2011,COUNTRY,BIH,EUR,Europe,YEAR,2011,,,,,,,,,134.66,134.66185876,,,,2025-12-05T13:23:08Z,2011,2011-01-01,2011-12-31
547806,GHED_OOP_pc_US_SHA2011,COUNTRY,USA,AMR,Americas,YEAR,2016,,,,,,,,,1108.61,1108.60945876,,,,2025-12-05T13:23:08Z,2016,2016-01-01,2016-12-31
549623,GHED_OOP_pc_US_SHA2011,COUNTRY,AUS,WPR,Western Pacific,YEAR,2005,,,,,,,,,588.48,588.47971774,,,,2025-12-05T13:23:08Z,2005,2005-01-01,2005-12-31
550142,GHED_OOP_pc_US_SHA2011,COUNTRY,MHL,WPR,Western Pacific,YEAR,2004,,,,,,,,,5.31,5.30832183,,,,2025-12-05T13:23:08Z,2004,2004-01-01,2004-12-31
551628,GHED_OOP_pc_US_SHA2011,COUNTRY,ATG,AMR,Americas,YEAR,2017,,,,,,,,,210.19,210.19054431,,,,2025-12-05T13:23:08Z,2017,2017-01-01,2017-12-31
559653,GHED_OOP_pc_US_SHA2011,COUNTRY,NLD,EUR,Europe,YEAR,2010,,,,,,,,,472.22,472.21938412,,,,2025-12-05T13:23:08Z,2010,2010-01-01,2010-12-31
561874,GHED_OOP_pc_US_SHA2011,COUNTRY,MCO,EUR,Europe,YEAR,2007,,,,,,,,,481.93,481.9289462,,,,2025-12-05T13:23:08Z,2007,2007-01-01,2007-12-31
566052,GHED_OOP_pc_US_SHA2011,COUNTRY,MAR,EMR,Eastern Mediterranean,YEAR,2013,,,,,,,,,92.91,92.90794021,,,,2025-12-05T13:23:08Z,2013,2013-01-01,2013-12-31
566530,GHED_OOP_pc_US_SHA2011,COUNTRY,TGO,AFR,Africa,YEAR,2001,,,,,,,,,10.50,10.50320667,,,,2025-12-05T13:23:08Z,2001,2001-01-01,2001-12-31
568551,GHED_OOP_pc_US_SHA2011,COUNTRY,FIN,EUR,Europe,YEAR,2012,,,,,,,,,798.57,798.56984579,,,,2025-12-05T13:23:08Z,2012,2012-01-01,2012-12-31
568831,GHED_OOP_pc_US_SHA2011,WORLDBANKINCOMEGROUP,WB_LMI,,,YEAR,2008,,,,,,,,,33.17,33.16594147,,,,2025-12-05T13:23:08Z,2008,2008-01-01,2008-12-31
570799,GHED_OOP_pc_US_SHA2011,COUNTRY,SYC,AFR,Africa,YEAR,2011,,,,,,,,,105.94,105.93526034,,,,2025-12-05T13:23:08Z,2011,2011-01-01,2011-12-31
571370,GHED_OOP_pc_US_SHA2011,COUNTRY,UZB,EUR,Europe,YEAR,2018,,,,,,,,,49.80,49.80078288,,,,2025-12-05T13:23:08Z,2018,2018-01-01,2018-12-31
572014,GHED_OOP_pc_US_SHA2011,COUNTRY,JAM,AMR,Americas,YEAR,2003,,,,,,,,,79.20,79.20029033,,,,2025-12-05T13:23:08Z,2003,2003-01-01,2003-12-31
581313,GHED_OOP_pc_US_SHA2011,COUNTRY,LBY,EMR,Eastern Mediterranean,YEAR,2016,,,,,,,,,150.93,150.92986682,,,,2025-12-05T13:23:08Z,2016,2016-01-01,2016-12-31
581846,GHED_OOP_pc_US_SHA2011,COUNTRY,PSE,EMR,Eastern Mediterranean,YEAR,2005,,,,,,,,,58.62,58.61920804,,,,2025-12-05T13:23:08Z,2005,2005-01-01,2005-12-31
582588,GHED_OOP_pc_US_SHA2011,COUNTRY,ZMB,AFR,Africa,YEAR,2007,,,,,,,,,12.67,12.67015481,,,,2025-12-05T13:23:08Z,2007,2007-01-01,2007-12-31
583232,GHED_OOP_pc_US_SHA2011,COUNTRY,NLD,EUR,Europe,YEAR,2022,,,,,,,,,712.26,712.26212618,,,,2025-12-05T13:23:08Z,2022,2022-01-01,2022-12-31
584423,GHED_OOP_pc_US_SHA2011,COUNTRY,TZA,AFR,Africa,YEAR,2003,,,,,,,,,8.16,8.16034869,,,,2025-12-05T13:23:08Z,2003,2003-01-01,2003-12-31
584699,GHED_OOP_pc_US_SHA2011,GLOBAL,GLOBAL,,,YEAR,2006,,,,,,,,,160.39,160.38591998,,,,2025-12-05T13:23:08Z,2006,2006-01-01,2006-12-31
585662,GHED_OOP_pc_US_SHA2011,REGION,AFR,,,YEAR,2011,,,,,,,,,33.01,33.01364909,,,,2025-12-05T13:23:08Z,2011,2011-01-01,2011-12-31
587315,GHED_OOP_pc_US_SHA2011,COUNTRY,MWI,AFR,Africa,YEAR,2015,,,,,,,,,3.84,3.84071023,,,,2025-12-05T13:23:08Z,2015,2015-01-01,2015-12-31
587767,GHED_OOP_pc_US_SHA2011,COUNTRY,PAK,EMR,Eastern Mediterranean,YEAR,2023,,,,,,,,,16.14,16.13699178,,,,2025-12-05T13:23:08Z,2023,2023-01-01,2023-12-31
588686,GHED_OOP_pc_US_SHA2011,COUNTRY,TUR,EUR,Europe,YEAR,2005,,,,,,,,,86.41,86.40900582,,,,2025-12-05T13:23:08Z,2005,2005-01-01,2005-12-31
589361,GHED_OOP_pc_US_SHA2011,COUNTRY,ZWE,AFR,Africa,YEAR,2016,,,,,,,,,25.18,25.18130504,,,,2025-12-05T13:23:08Z,2016,2016-01-01,2016-12-31
589806,GHED_OOP_pc_US_SHA2011,COUNTRY,TKM,EUR,Europe,YEAR,2008,,,,,,,,,185.15,185.14603064,,,,2025-12-05T13:23:08Z,2008,2008-01-01,2008-12-31
600158,GHED_OOP_pc_US_SHA2011,COUNTRY,PHL,WPR,Western Pacific,YEAR,2004,,,,,,,,,16.01,16.00812689,,,,2025-12-05T13:23:08Z,2004,2004-01-01,2004-12-31
601815,GHED_OOP_pc_US_SHA2011,REGION,SEAR,,,YEAR,2005,,,,,,,,,32.35,32.35021445,,,,2025-12-05T13:23:08Z,2005,2005-01-01,2005-12-31
602088,GHED_OOP_pc_US_SHA2011,COUNTRY,IRN,EMR,Eastern Mediterranean,YEAR,2011,,,,,,,,,290.68,290.67516141,,,,2025-12-05T13:23:08Z,2011,2011-01-01,2011-12-31
613704,GHED_OOP_pc_US_SHA2011,COUNTRY,ROU,EUR,Europe,YEAR,2009,,,,,,,,,93.40,93.40075834,,,,2025-12-05T13:23:08Z,2009,2009-01-01,2009-12-31
614302,GHED_OOP_pc_US_SHA2011,COUNTRY,CHL,AMR,Americas,YEAR,2017,,,,,,,,,450.85,450.84866598,,,,2025-12-05T13:23:08Z,2017,2017-01-01,2017-12-31
626103,GHED_OOP_pc_US_SHA2011,COUNTRY,MKD,EUR,Europe,YEAR,2022,,,,,,,,,225.89,225.8881529,,,,2025-12-05T13:23:08Z,2022,2022-01-01,2022-12-31
629430,GHED_OOP_pc_US_SHA2011,COUNTRY,GBR,EUR,Europe,YEAR,2013,,,,,,,,,683.98,683.98438272,,,,2025-12-05T13:23:08Z,2013,2013-01-01,2013-12-31
631596,GHED_OOP_pc_US_SHA2011,COUNTRY,GRD,AMR,Americas,YEAR,2017,,,,,,,,,250.24,250.23958023,,,,2025-12-05T13:23:08Z,2017,2017-01-01,2017-12-31
636187,GHED_OOP_pc_US_SHA2011,COUNTRY,MCO,EUR,Europe,YEAR,2016,,,,,,,,,456.38,456.37896868,,,,2025-12-05T13:23:08Z,2016,2016-01-01,2016-12-31
638478,GHED_OOP_pc_US_SHA2011,COUNTRY,LKA,SEAR,South-East Asia,YEAR,2002,,,,,,,,,16.68,16.68315545,,,,2025-12-05T13:23:08Z,2002,2002-01-01,2002-12-31
639565,GHED_OOP_pc_US_SHA2011,COUNTRY,CZE,EUR,Europe,YEAR,2023,,,,,,,,,389.89,389.89326079,,,,2025-12-05T13:23:08Z,2023,2023-01-01,2023-12-31
642117,GHED_OOP_pc_US_SHA2011,COUNTRY,KNA,AMR,Americas,YEAR,2016,,,,,,,,,637.82,637.82381709,,,,2025-12-05T13:23:08Z,2016,2016-01-01,2016-12-31
642978,GHED_OOP_pc_US_SHA2011,COUNTRY,BGR,EUR,Europe,YEAR,2023,,,,,,,,,446.60,446.60014864,,,,2025-12-05T13:23:08Z,2023,2023-01-01,2023-12-31
647676,GHED_OOP_pc_US_SHA2011,COUNTRY,LAO,WPR,Western Pacific,YEAR,2000,,,,,,,,,6.32,6.31534873,,,,2025-12-05T13:23:08Z,2000,2000-01-01,2000-12-31
648121,GHED_OOP_pc_US_SHA2011,COUNTRY,ZAF,AFR,Africa,YEAR,2020,,,,,,,,,32.37,32.37008137,,,,2025-12-05T13:23:08Z,2020,2020-01-01,2020-12-31
651706,GHED_OOP_pc_US_SHA2011,COUNTRY,FIN,EUR,Europe,YEAR,2010,,,,,,,,,799.46,799.45559237,,,,2025-12-05T13:23:08Z,2010,2010-01-01,2010-12-31
651826,GHED_OOP_pc_US_SHA2011,COUNTRY,PAN,AMR,Americas,YEAR,2005,,,,,,,,,115.66,115.66455177,,,,2025-12-05T13:23:08Z,2005,2005-01-01,2005-12-31
652064,GHED_OOP_pc_US_SHA2011,COUNTRY,KEN,AFR,Africa,YEAR,2007,,,,,,,,,18.02,18.02314544,,,,2025-12-05T13:23:08Z,2007,2007-01-01,2007-12-31
652580,GHED_OOP_pc_US_SHA2011,COUNTRY,COK,WPR,Western Pacific,YEAR,2008,,,,,,,,,37.78,37.78316581,,,,2025-12-05T13:23:08Z,2008,2008-01-01,2008-12-31
654281,GHED_OOP_pc_US_SHA2011,COUNTRY,VCT,AMR,Americas,YEAR,2014,,,,,,,,,101.81,101.81029777,,,,2025-12-05T13:23:08Z,2014,2014-01-01,2014-12-31
657663,GHED_OOP_pc_US_SHA2011,COUNTRY,COL,AMR,Americas,YEAR,2023,,,,,,,,,83.58,83.58156105,,,,2025-12-05T13:23:08Z,2023,2023-01-01,2023-12-31
659544,GHED_OOP_pc_US_SHA2011,COUNTRY,CUB,AMR,Americas,YEAR,2013,,,,,,,,,87.40,87.4035546,,,,2025-12-05T13:23:08Z,2013,2013-01-01,2013-12-31
670824,GHED_OOP_pc_US_SHA2011,COUNTRY,TON,WPR,Western Pacific,YEAR,2005,,,,,,,,,11.53,11.52712096,,,,2025-12-05T13:23:08Z,2005,2005-01-01,2005-12-31
678923,GHED_OOP_pc_US_SHA2011,COUNTRY,MOZ,AFR,Africa,YEAR,2000,,,,,,,,,2.73,2.72509502,,,,2025-12-05T13:23:08Z,2000,2000-01-01,2000-12-31
684438,GHED_OOP_pc_US_SHA2011,COUNTRY,SLB,WPR,Western Pacific,YEAR,2005,,,,,,,,,1.93,1.93396139,,,,2025-12-05T13:23:08Z,2005,2005-01-01,2005-12-31
686081,GHED_OOP_pc_US_SHA2011,COUNTRY,AUS,WPR,Western Pacific,YEAR,2008,,,,,,,,,777.55,777.55134879,,,,2025-12-05T13:23:08Z,2008,2008-01-01,2008-12-31
686668,GHED_OOP_pc_US_SHA2011,COUNTRY,PLW,WPR,Western Pacific,YEAR,2017,,,,,,,,,301.01,301.01250225,,,,2025-12-05T13:23:08Z,2017,2017-01-01,2017-12-31
688492,GHED_OOP_pc_US_SHA2011,REGION,AFR,,,YEAR,2019,,,,,,,,,35.09,35.08749529,,,,2025-12-05T13:23:08Z,2019,2019-01-01,2019-12-31
689063,GHED_OOP_pc_US_SHA2011,COUNTRY,SEN,AFR,Africa,YEAR,2008,,,,,,,,,20.42,20.42006783,,,,2025-12-05T13:23:08Z,2008,2008-01-01,2008-12-31
690660,GHED_OOP_pc_US_SHA2011,COUNTRY,SSD,AFR,Africa,YEAR,2017,,,,,,,,,5.38,5.38491072,,,,2025-12-05T13:23:08Z,2017,2017-01-01,2017-12-31
691268,GHED_OOP_pc_US_SHA2011,COUNTRY,LBR,AFR,Africa,YEAR,2017,,,,,,,,,29.95,29.94749609,,,,2025-12-05T13:23:08Z,2017,2017-01-01,2017-12-31
697290,GHED_OOP_pc_US_SHA2011,REGION,AFR,,,YEAR,2023,,,,,,,,,39.20,39.19730102,,,,2026-01-12T13:50:53Z,2023,2023-01-01,2023-12-31
697534,GHED_OOP_pc_US_SHA2011,COUNTRY,LBY,EMR,Eastern Mediterranean,YEAR,2011,,,,,,,,,111.91,111.91173941,,,,2025-12-05T13:23:08Z,2011,2011-01-01,2011-12-31
710280,GHED_OOP_pc_US_SHA2011,COUNTRY,ERI,AFR,Africa,YEAR,2017,,,,,,,,,11.79,11.79167576,,,,2025-12-05T13:23:08Z,2017,2017-01-01,2017-12-31
713883,GHED_OOP_pc_US_SHA2011,COUNTRY,SGP,WPR,Western Pacific,YEAR,2009,,,,,,,,,574.86,574.85960483,,,,2025-12-05T13:23:08Z,2009,2009-01-01,2009-12-31
717490,GHED_OOP_pc_US_SHA2011,COUNTRY,GTM,AMR,Americas,YEAR,2005,,,,,,,,,82.73,82.7313036,,,,2025-12-05T13:23:08Z,2005,2005-01-01,2005-12-31
717961,GHED_OOP_pc_US_SHA2011,COUNTRY,HUN,EUR,Europe,YEAR,2021,,,,,,,,,343.23,343.23387333,,,,2025-12-05T13:23:08Z,2021,2021-01-01,2021-12-31
720232,GHED_OOP_pc_US_SHA2011,COUNTRY,UGA,AFR,Africa,YEAR,2012,,,,,,,,,20.65,20.64644485,,,,2025-12-05T13:23:08Z,2012,2012-01-01,2012-12-31
720540,GHED_OOP_pc_US_SHA2011,COUNTRY,LBN,EMR,Eastern Mediterranean,YEAR,2011,,,,,,,,,257.47,257.47483262,,,,2025-12-05T13:23:08Z,2011,2011-01-01,2011-12-31
720987,GHED_OOP_pc_US_SHA2011,COUNTRY,KGZ,EUR,Europe,YEAR,2003,,,,,,,,,11.08,11.07901658,,,,2025-12-05T13:23:08Z,2003,2003-01-01,2003-12-31
726466,GHED_OOP_pc_US_SHA2011,COUNTRY,PAK,EMR,Eastern Mediterranean,YEAR,2010,,,,,,,,,16.01,16.01025358,,,,2025-12-05T13:23:08Z,2010,2010-01-01,2010-12-31
727812,GHED_OOP_pc_US_SHA2011,COUNTRY,MYS,WPR,Western Pacific,YEAR,2019,,,,,,,,,151.22,151.2199859,,,,2025-12-05T13:23:08Z,2019,2019-01-01,2019-12-31
732840,GHED_OOP_pc_US_SHA2011,COUNTRY,ETH,AFR,Africa,YEAR,2021,,,,,,,,,9.65,9.64758979,,,,2025-12-05T13:23:08Z,2021,2021-01-01,2021-12-31
733363,GHED_OOP_pc_US_SHA2011,COUNTRY,NOR,EUR,Europe,YEAR,2013,,,,,,,,,1348.69,1348.68834991,,,,2025-12-05T13:23:08Z,2013,2013-01-01,2013-12-31
739847,GHED_OOP_pc_US_SHA2011,WORLDBANKINCOMEGROUP,WB_LMI,,,YEAR,2001,,,,,,,,,19.77,19.77033271,,,,2025-12-05T13:23:08Z,2001,2001-01-01,2001-12-31
740453,GHED_OOP_pc_US_SHA2011,COUNTRY,BDI,AFR,Africa,YEAR,2021,,,,,,,,,5.61,5.61428825,,,,2025-12-05T13:23:08Z,2021,2021-01-01,2021-12-31
740936,GHED_OOP_pc_US_SHA2011,COUNTRY,THA,SEAR,South-East Asia,YEAR,2019,,,,,,,,,25.00,24.99541798,,,,2025-12-05T13:23:08Z,2019,2019-01-01,2019-12-31
742938,GHED_OOP_pc_US_SHA2011,COUNTRY,FRA,EUR,Europe,YEAR,2009,,,,,,,,,481.66,481.65994345,,,,2025-12-05T13:23:08Z,2009,2009-01-01,2009-12-31
745214,GHED_OOP_pc_US_SHA2011,COUNTRY,SYC,AFR,Africa,YEAR,2021,,,,,,,,,169.73,169.73157406,,,,2025-12-05T13:23:08Z,2021,2021-01-01,2021-12-31
747574,GHED_OOP_pc_US_SHA2011,COUNTRY,BIH,EUR,Europe,YEAR,2005,,,,,,,,,109.22,109.22163885,,,,2025-12-05T13:23:08Z,2005,2005-01-01,2005-12-31
752058,GHED_OOP_pc_US_SHA2011,COUNTRY,TUR,EUR,Europe,YEAR,2008,,,,,,,,,107.75,107.75181854,,,,2025-12-05T13:23:08Z,2008,2008-01-01,2008-12-31
753066,GHED_OOP_pc_US_SHA2011,GLOBAL,GLOBAL,,,YEAR,2013,,,,,,,,,226.34,226.33794592,,,,2026-01-12T13:50:53Z,2013,2013-01-01,2013-12-31
756260,GHED_OOP_pc_US_SHA2011,COUNTRY,CHN,WPR,Western Pacific,YEAR,2003,,,,,,,,,34.33,34.33267026,,,,2025-12-05T13:23:08Z,2003,2003-01-01,2003-12-31
756290,GHED_OOP_pc_US_SHA2011,COUNTRY,MHL,WPR,Western Pacific,YEAR,2020,,,,,,,,,8.96,8.95699296,,,,2025-12-05T13:23:08Z,2020,2020-01-01,2020-12-31
760026,GHED_OOP_pc_US_SHA2011,COUNTRY,UKR,EUR,Europe,YEAR,2002,,,,,,,,,23.51,23.51481336,,,,2025-12-05T13:23:08Z,2002,2002-01-01,2002-12-31
760816,GHED_OOP_pc_US_SHA2011,COUNTRY,KEN,AFR,Africa,YEAR,2016,,,,,,,,,18.47,18.47171967,,,,2025-12-05T13:23:08Z,2016,2016-01-01,2016-12-31
761418,GHED_OOP_pc_US_SHA2011,COUNTRY,BLZ,AMR,Americas,YEAR,2015,,,,,,,,,66.77,66.76863654,,,,2025-12-05T13:23:08Z,2015,2015-01-01,2015-12-31
761789,GHED_OOP_pc_US_SHA2011,COUNTRY,CAN,AMR,Americas,YEAR,2005,,,,,,,,,502.31,502.30785513,,,,2025-12-05T13:23:08Z,2005,2005-01-01,2005-12-31
768545,GHED_OOP_pc_US_SHA2011,COUNTRY,SLB,WPR,Western Pacific,YEAR,2002,,,,,,,,,1.98,1.98049664,,,,2025-12-05T13:23:08Z,2002,2002-01-01,2002-12-31
770927,GHED_OOP_pc_US_SHA2011,COUNTRY,TUR,EUR,Europe,YEAR,2009,,,,,,,,,71.42,71.42245532,,,,2025-12-05T13:23:08Z,2009,2009-01-01,2009-12-31
774995,GHED_OOP_pc_US_SHA2011,COUNTRY,IDN,WPR,Western Pacific,YEAR,2020,,,,,,,,,41.12,41.12365592,,,,2025-12-05T13:23:08Z,2020,2020-01-01,2020-12-31
777816,GHED_OOP_pc_US_SHA2011,COUNTRY,BLZ,AMR,Americas,YEAR,2017,,,,,,,,,64.96,64.96152743,,,,2025-12-05T13:23:08Z,2017,2017-01-01,2017-12-31
781582,GHED_OOP_pc_US_SHA2011,COUNTRY,MWI,AFR,Africa,YEAR,2011,,,,,,,,,3.52,3.5212399,,,,2025-12-05T13:23:08Z,2011,2011-01-01,2011-12-31
786798,GHED_OOP_pc_US_SHA2011,COUNTRY,MLI,AFR,Africa,YEAR,2003,,,,,,,,,11.49,11.48726386,,,,2025-12-05T13:23:08Z,2003,2003-01-01,2003-12-31
787135,GHED_OOP_pc_US_SHA2011,COUNTRY,LUX,EUR,Europe,YEAR,2010,,,,,,,,,763.28,763.28004188,,,,2025-12-05T13:23:08Z,2010,2010-01-01,2010-12-31
790857,GHED_OOP_pc_US_SHA2011,COUNTRY,DEU,EUR,Europe,YEAR,2021,,,,,,,,,756.07,756.06897701,,,,2025-12-05T13:23:08Z,2021,2021-01-01,2021-12-31
791236,GHED_OOP_pc_US_SHA2011,COUNTRY,PHL,WPR,Western Pacific,YEAR,2016,,,,,,,,,59.61,59.61085571,,,,2025-12-05T13:23:08Z,2016,2016-01-01,2016-12-31
791268,GHED_OOP_pc_US_SHA2011,COUNTRY,CZE,EUR,Europe,YEAR,2011,,,,,,,,,234.37,234.37223481,,,,2025-12-05T13:23:08Z,2011,2011-01-01,2011-12-31
799866,GHED_OOP_pc_US_SHA2011,COUNTRY,TLS,SEAR,South-East Asia,YEAR,2020,,,,,,,,,7.92,7.92047983,,,,2025-12-05T13:23:08Z,2020,2020-01-01,2020-12-31
813178,GHED_OOP_pc_US_SHA2011,COUNTRY,KWT,EMR,Eastern Mediterranean,YEAR,2020,,,,,,,,,160.43,160.43277601,,,,2025-12-05T13:23:08Z,2020,2020-01-01,2020-12-31
816108,GHED_OOP_pc_US_SHA2011,COUNTRY,VNM,WPR,Western Pacific,YEAR,2023,,,,,,,,,77.30,77.30491898,,,,2025-12-05T13:23:08Z,2023,2023-01-01,2023-12-31
817581,GHED_OOP_pc_US_SHA2011,COUNTRY,NGA,AFR,Africa,YEAR,2018,,,,,,,,,48.30,48.3033845,,,,2025-12-05T13:23:08Z,2018,2018-01-01,2018-12-31
826203,GHED_OOP_pc_US_SHA2011,COUNTRY,SLV,AMR,Americas,YEAR,2001,,,,,,,,,73.26,73.25877575,,,,2025-12-05T13:23:08Z,2001,2001-01-01,2001-12-31
828419,GHED_OOP_pc_US_SHA2011,COUNTRY,LSO,AFR,Africa,YEAR,2022,,,,,,,,,17.00,17.00209771,,,,2025-12-05T13:23:08Z,2022,2022-01-01,2022-12-31
828848,GHED_OOP_pc_US_SHA2011,COUNTRY,UKR,EUR,Europe,YEAR,2001,,,,,,,,,20.82,20.82031304,,,,2025-12-05T13:23:08Z,2001,2001-01-01,2001-12-31
837072,GHED_OOP_pc_US_SHA2011,COUNTRY,BGD,SEAR,South-East Asia,YEAR,2019,,,,,,,,,34.47,34.47037958,,,,2025-12-05T13:23:08Z,2019,2019-01-01,2019-12-31
841061,GHED_OOP_pc_US_SHA2011,COUNTRY,EGY,EMR,Eastern Mediterranean,YEAR,2014,,,,,,,,,85.47,85.47384513,,,,2025-12-05T13:23:08Z,2014,2014-01-01,2014-12-31
841109,GHED_OOP_pc_US_SHA2011,COUNTRY,ARM,EUR,Europe,YEAR,2017,,,,,,,,,345.66,345.65943325,,,,2025-12-05T13:23:08Z,2017,2017-01-01,2017-12-31
849443,GHED_OOP_pc_US_SHA2011,COUNTRY,VUT,WPR,Western Pacific,YEAR,2013,,,,,,,,,9.48,9.47655954,,,,2025-12-05T13:23:08Z,2013,2013-01-01,2013-12-31
854117,GHED_OOP_pc_US_SHA2011,COUNTRY,JOR,EMR,Eastern Mediterranean,YEAR,2021,,,,,,,,,115.22,115.2174008,,,,2025-12-05T13:23:08Z,2021,2021-01-01,2021-12-31
855811,GHED_OOP_pc_US_SHA2011,COUNTRY,UZB,EUR,Europe,YEAR,2011,,,,,,,,,63.92,63.91990009,,,,2025-12-05T13:23:08Z,2011,2011-01-01,2011-12-31
856956,GHED_OOP_pc_US_SHA2011,COUNTRY,ARG,AMR,Americas,YEAR,2012,,,,,,,,,353.54,353.54468642,,,,2025-12-05T13:23:08Z,2012,2012-01-01,2012-12-31
858068,GHED_OOP_pc_US_SHA2011,COUNTRY,AZE,EUR,Europe,YEAR,2021,,,,,,,,,165.73,165.73228334,,,,2025-12-05T13:23:08Z,2021,2021-01-01,2021-12-31
861482,GHED_OOP_pc_US_SHA2011,COUNTRY,GAB,AFR,Africa,YEAR,2006,,,,,,,,,108.42,108.42067609,,,,2025-12-05T13:23:08Z,2006,2006-01-01,2006-12-31
861492,GHED_OOP_pc_US_SHA2011,COUNTRY,SLV,AMR,Americas,YEAR,2012,,,,,,,,,117.53,117.53291222,,,,2025-12-05T13:23:08Z,2012,2012-01-01,2012-12-31
862142,GHED_OOP_pc_US_SHA2011,COUNTRY,KGZ,EUR,Europe,YEAR,2017,,,,,,,,,43.19,43.18720116,,,,2025-12-05T13:23:08Z,2017,2017-01-01,2017-12-31
862694,GHED_OOP_pc_US_SHA2011,COUNTRY,FIN,EUR,Europe,YEAR,2020,,,,,,,,,779.88,779.8755412,,,,2025-12-05T13:23:08Z,2020,2020-01-01,2020-12-31
867651,GHED_OOP_pc_US_SHA2011,COUNTRY,SSD,AFR,Africa,YEAR,2019,,,,,,,,,14.84,14.84345233,,,,2025-12-05T13:23:08Z,2019,2019-01-01,2019-12-31
874487,GHED_OOP_pc_US_SHA2011,COUNTRY,GMB,AFR,Africa,YEAR,2022,,,,,,,,,8.71,8.70729042,,,,2025-12-05T13:23:08Z,2022,2022-01-01,2022-12-31
875766,GHED_OOP_pc_US_SHA2011,COUNTRY,HTI,AMR,Americas,YEAR,2018,,,,,,,,,24.21,24.20666088,,,,2025-12-05T13:23:08Z,2018,2018-01-01,2018-12-31
875860,GHED_OOP_pc_US_SHA2011,COUNTRY,ERI,AFR,Africa,YEAR,2018,,,,,,,,,13.55,13.54787078,,,,2025-12-05T13:23:08Z,2018,2018-01-01,2018-12-31
876073,GHED_OOP_pc_US_SHA2011,COUNTRY,PNG,WPR,Western Pacific,YEAR,2011,,,,,,,,,6.43,6.4252858,,,,2025-12-05T13:23:08Z,2011,2011-01-01,2011-12-31
879880,GHED_OOP_pc_US_SHA2011,COUNTRY,PHL,WPR,Western Pacific,YEAR,2018,,,,,,,,,63.19,63.18585827,,,,2025-12-05T13:23:08Z,2018,2018-01-01,2018-12-31
880838,GHED_OOP_pc_US_SHA2011,COUNTRY,ESP,EUR,Europe,YEAR,2011,,,,,,,,,636.42,636.42406738,,,,2025-12-05T13:23:08Z,2011,2011-01-01,2011-12-31
882430,GHED_OOP_pc_US_SHA2011,COUNTRY,GAB,AFR,Africa,YEAR,2000,,,,,,,,,65.49,65.48922663,,,,2025-12-05T13:23:08Z,2000,2000-01-01,2000-12-31
885172,GHED_OOP_pc_US_SHA2011,COUNTRY,FSM,WPR,Western Pacific,YEAR,2020,,,,,,,,,10.75,10.75207692,,,,2025-12-05T13:23:08Z,2020,2020-01-01,2020-12-31
885395,GHED_OOP_pc_US_SHA2011,COUNTRY,CZE,EUR,Europe,YEAR,2010,,,,,,,,,209.13,209.13121949,,,,2025-12-05T13:23:08Z,2010,2010-01-01,2010-12-31
887630,GHED_OOP_pc_US_SHA2011,COUNTRY,FRA,EUR,Europe,YEAR,2023,,,,,,,,,476.82,476.81927121,,,,2025-12-05T13:23:08Z,2023,2023-01-01,2023-12-31
892143,GHED_OOP_pc_US_SHA2011,COUNTRY,GRD,AMR,Americas,YEAR,2006,,,,,,,,,171.29,171.28965038,,,,2025-12-05T13:23:08Z,2006,2006-01-01,2006-12-31
894616,GHED_OOP_pc_US_SHA2011,COUNTRY,CHE,EUR,Europe,YEAR,2007,,,,,,,,,1674.12,1674.11580932,,,,2025-12-05T13:23:08Z,2007,2007-01-01,2007-12-31
894968,GHED_OOP_pc_US_SHA2011,COUNTRY,BGR,EUR,Europe,YEAR,2016,,,,,,,,,250.78,250.77663246,,,,2025-12-05T13:23:08Z,2016,2016-01-01,2016-12-31
899529,GHED_OOP_pc_US_SHA2011,COUNTRY,NGA,AFR,Africa,YEAR,2011,,,,,,,,,59.96,59.95775632,,,,2025-12-05T13:23:08Z,2011,2011-01-01,2011-12-31
899974,GHED_OOP_pc_US_SHA2011,COUNTRY,STP,AFR,Africa,YEAR,2013,,,,,,,,,17.75,17.74617349,,,,2025-12-05T13:23:08Z,2013,2013-01-01,2013-12-31
902483,GHED_OOP_pc_US_SHA2011,COUNTRY,ETH,AFR,Africa,YEAR,2010,,,,,,,,,6.84,6.83875808,,,,2025-12-05T13:23:08Z,2010,2010-01-01,2010-12-31
904133,GHED_OOP_pc_US_SHA2011,GLOBAL,GLOBAL,,,YEAR,2008,,,,,,,,,201.45,201.45296842,,,,2025-12-05T13:23:08Z,2008,2008-01-01,2008-12-31
906220,GHED_OOP_pc_US_SHA2011,COUNTRY,SLB,WPR,Western Pacific,YEAR,2019,,,,,,,,,3.54,3.54086952,,,,2025-12-05T13:23:08Z,2019,2019-01-01,2019-12-31
906475,GHED_OOP_pc_US_SHA2011,COUNTRY,QAT,EMR,Eastern Mediterranean,YEAR,2023,,,,,,,,,134.05,134.05374254,,,,2025-12-05T13:23:08Z,2023,2023-01-01,2023-12-31
907326,GHED_OOP_pc_US_SHA2011,REGION,SEAR,,,YEAR,2001,,,,,,,,,24.99,24.9868895,,,,2025-12-05T13:23:08Z,2001,2001-01-01,2001-12-31
913600,GHED_OOP_pc_US_SHA2011,COUNTRY,GUY,AMR,Americas,YEAR,2023,,,,,,,,,132.96,132.96206803,,,,2025-12-05T13:23:08Z,2023,2023-01-01,2023-12-31
913672,GHED_OOP_pc_US_SHA2011,COUNTRY,UKR,EUR,Europe,YEAR,2012,,,,,,,,,118.96,118.95536441,,,,2025-12-05T13:23:08Z,2012,2012-01-01,2012-12-31
914612,GHED_OOP_pc_US_SHA2011,COUNTRY,DOM,AMR,Americas,YEAR,2013,,,,,,,,,97.36,97.36240159,,,,2025-12-05T13:23:08Z,2013,2013-01-01,2013-12-31
918205,GHED_OOP_pc_US_SHA2011,COUNTRY,GAB,AFR,Africa,YEAR,2005,,,,,,,,,98.17,98.17108937,,,,2025-12-05T13:23:08Z,2005,2005-01-01,2005-12-31
918763,GHED_OOP_pc_US_SHA2011,COUNTRY,VUT,WPR,Western Pacific,YEAR,2000,,,,,,,,,5.02,5.02108476,,,,2025-12-05T13:23:08Z,2000,2000-01-01,2000-12-31
919957,GHED_OOP_pc_US_SHA2011,COUNTRY,GBR,EUR,Europe,YEAR,2015,,,,,,,,,709.20,709.2047686,,,,2025-12-05T13:23:08Z,2015,2015-01-01,2015-12-31
923768,GHED_OOP_pc_US_SHA2011,WORLDBANKINCOMEGROUP,WB_HI,,,YEAR,2018,,,,,,,,,546.66,546.65504415,,,,2025-12-05T13:23:08Z,2018,2018-01-01,2018-12-31
924867,GHED_OOP_pc_US_SHA2011,COUNTRY,TJK,EUR,Europe,YEAR,2011,,,,,,,,,30.55,30.5484646,,,,2025-12-05T13:23:08Z,2011,2011-01-01,2011-12-31
925135,GHED_OOP_pc_US_SHA2011,COUNTRY,MCO,EUR,Europe,YEAR,2002,,,,,,,,,230.50,230.5009516,,,,2025-12-05T13:23:08Z,2002,2002-01-01,2002-12-31
926466,GHED_OOP_pc_US_SHA2011,COUNTRY,KOR,WPR,Western Pacific,YEAR,2010,,,,,,,,,549.53,549.53473488,,,,2025-12-05T13:23:08Z,2010,2010-01-01,2010-12-31
926864,GHED_OOP_pc_US_SHA2011,COUNTRY,MMR,SEAR,South-East Asia,YEAR,2008,,,,,,,,,12.13,12.12818442,,,,2025-12-05T13:23:08Z,2008,2008-01-01,2008-12-31
932282,GHED_OOP_pc_US_SHA2011,COUNTRY,SDN,EMR,Eastern Mediterranean,YEAR,2000,,,,,,,,,8.65,8.65171219,,,,2025-12-05T13:23:08Z,2000,2000-01-01,2000-12-31
933462,GHED_OOP_pc_US_SHA2011,COUNTRY,MDV,SEAR,South-East Asia,YEAR,2005,,,,,,,,,186.53,186.53321431,,,,2025-12-05T13:23:08Z,2005,2005-01-01,2005-12-31
933565,GHED_OOP_pc_US_SHA2011,COUNTRY,CPV,AFR,Africa,YEAR,2009,,,,,,,,,31.55,31.54622931,,,,2025-12-05T13:23:08Z,2009,2009-01-01,2009-12-31
934291,GHED_OOP_pc_US_SHA2011,COUNTRY,MKD,EUR,Europe,YEAR,2021,,,,,,,,,265.74,265.73899493,,,,2025-12-05T13:23:08Z,2021,2021-01-01,2021-12-31
936076,GHED_OOP_pc_US_SHA2011,COUNTRY,NIC,AMR,Americas,YEAR,2003,,,,,,,,,24.04,24.03768426,,,,2025-12-05T13:23:08Z,2003,2003-01-01,2003-12-31
939134,GHED_OOP_pc_US_SHA2011,COUNTRY,KOR,WPR,Western Pacific,YEAR,2023,,,,,,,,,966.55,966.54604425,,,,2025-12-05T13:23:08Z,2023,2023-01-01,2023-12-31
948560,GHED_OOP_pc_US_SHA2011,COUNTRY,COM,AFR,Africa,YEAR,2015,,,,,,,,,45.86,45.86486046,,,,2025-12-05T13:23:08Z,2015,2015-01-01,2015-12-31
953541,GHED_OOP_pc_US_SHA2011,COUNTRY,ETH,AFR,Africa,YEAR,2018,,,,,,,,,8.35,8.34781788,,,,2025-12-05T13:23:08Z,2018,2018-01-01,2018-12-31
955076,GHED_OOP_pc_US_SHA2011,COUNTRY,LTU,EUR,Europe,YEAR,2015,,,,,,,,,292.43,292.42636982,,,,2025-12-05T13:23:08Z,2015,2015-01-01,2015-12-31
955253,GHED_OOP_pc_US_SHA2011,COUNTRY,AGO,AFR,Africa,YEAR,2014,,,,,,,,,35.10,35.09656711,,,,2025-12-05T13:23:08Z,2014,2014-01-01,2014-12-31
956668,GHED_OOP_pc_US_SHA2011,COUNTRY,YEM,EMR,Eastern Mediterranean,YEAR,2023,,,,,,,,,33.03,33.02902825,,,,2025-12-05T13:23:08Z,2023,2023-01-01,2023-12-31
957693,GHED_OOP_pc_US_SHA2011,COUNTRY,DOM,AMR,Americas,YEAR,2011,,,,,,,,,103.71,103.70534757,,,,2025-12-05T13:23:08Z,2011,2011-01-01,2011-12-31
962283,GHED_OOP_pc_US_SHA2011,COUNTRY,MCO,EUR,Europe,YEAR,2010,,,,,,,,,431.72,431.71519472,,,,2025-12-05T13:23:08Z,2010,2010-01-01,2010-12-31
962326,GHED_OOP_pc_US_SHA2011,COUNTRY,JPN,WPR,Western Pacific,YEAR,2001,,,,,,,,,392.85,392.85117612,,,,2025-12-05T13:23:08Z,2001,2001-01-01,2001-12-31
963498,GHED_OOP_pc_US_SHA2011,COUNTRY,FJI,WPR,Western Pacific,YEAR,2012,,,,,,,,,38.07,38.06776352,,,,2025-12-05T13:23:08Z,2012,2012-01-01,2012-12-31
966170,GHED_OOP_pc_US_SHA2011,COUNTRY,CHE,EUR,Europe,YEAR,2006,,,,,,,,,1547.24,1547.23607424,,,,2025-12-05T13:23:08Z,2006,2006-01-01,2006-12-31
970626,GHED_OOP_pc_US_SHA2011,COUNTRY,COL,AMR,Americas,YEAR,2016,,,,,,,,,70.07,70.07476839,,,,2025-12-05T13:23:08Z,2016,2016-01-01,2016-12-31
970751,GHED_OOP_pc_US_SHA2011,COUNTRY,IDN,WPR,Western Pacific,YEAR,2014,,,,,,,,,46.15,46.15441317,,,,2025-12-05T13:23:08Z,2014,2014-01-01,2014-12-31
971713,GHED_OOP_pc_US_SHA2011,COUNTRY,MOZ,AFR,Africa,YEAR,2014,,,,,,,,,4.53,4.5349095,,,,2025-12-05T13:23:08Z,2014,2014-01-01,2014-12-31
976788,GHED_OOP_pc_US_SHA2011,COUNTRY,NZL,WPR,Western Pacific,YEAR,2012,,,,,,,,,435.92,435.91931135,,,,2025-12-05T13:23:08Z,2012,2012-01-01,2012-12-31
983584,GHED_OOP_pc_US_SHA2011,REGION,WPR,,,YEAR,2021,,,,,,,,,193.30,193.29725899,,,,2025-12-05T13:23:08Z,2021,2021-01-01,2021-12-31
1000720,GHED_OOP_pc_US_SHA2011,COUNTRY,USA,AMR,Americas,YEAR,2022,,,,,,,,,1380.55,1380.55195882,,,,2025-12-05T13:23:08Z,2022,2022-01-01,2022-12-31
1001084,GHED_OOP_pc_US_SHA2011,COUNTRY,MKD,EUR,Europe,YEAR,2013,,,,,,,,,121.73,121.72725023,,,,2025-12-05T13:23:08Z,2013,2013-01-01,2013-12-31
1001364,GHED_OOP_pc_US_SHA2011,REGION,AMR,,,YEAR,2019,,,,,,,,,251.82,251.8204718,,,,2025-12-05T13:23:08Z,2019,2019-01-01,2019-12-31
1002330,GHED_OOP_pc_US_SHA2011,WORLDBANKINCOMEGROUP,WB_LI,,,YEAR,2023,,,,,,,,,20.46,20.45760016,,,,2026-01-12T13:50:53Z,2023,2023-01-01,2023-12-31
1003102,GHED_OOP_pc_US_SHA2011,COUNTRY,TUN,EMR,Eastern Mediterranean,YEAR,2001,,,,,,,,,44.97,44.97221461,,,,2025-12-05T13:23:08Z,2001,2001-01-01,2001-12-31
1005945,GHED_OOP_pc_US_SHA2011,COUNTRY,BIH,EUR,Europe,YEAR,2015,,,,,,,,,124.09,124.09191385,,,,2025-12-05T13:23:08Z,2015,2015-01-01,2015-12-31
1012197,GHED_OOP_pc_US_SHA2011,COUNTRY,GBR,EUR,Europe,YEAR,2018,,,,,,,,,684.93,684.93305483,,,,2025-12-05T13:23:08Z,2018,2018-01-01,2018-12-31
1012941,GHED_OOP_pc_US_SHA2011,COUNTRY,PAK,EMR,Eastern Mediterranean,YEAR,2018,,,,,,,,,22.55,22.55033303,,,,2025-12-05T13:23:08Z,2018,2018-01-01,2018-12-31
1013367,GHED_OOP_pc_US_SHA2011,COUNTRY,BEN,AFR,Africa,YEAR,2018,,,,,,,,,19.47,19.46645993,,,,2025-12-05T13:23:08Z,2018,2018-01-01,2018-12-31
1014115,GHED_OOP_pc_US_SHA2011,COUNTRY,DOM,AMR,Americas,YEAR,2008,,,,,,,,,95.34,95.33870044,,,,2025-12-05T13:23:08Z,2008,2008-01-01,2008-12-31
1019043,GHED_OOP_pc_US_SHA2011,COUNTRY,VEN,AMR,Americas,YEAR,2023,,,,,,,,,55.21,55.21475191,,,,2025-12-05T13:23:08Z,2023,2023-01-01,2023-12-31
1026795,GHED_OOP_pc_US_SHA2011,COUNTRY,PRY,AMR,Americas,YEAR,2009,,,,,,,,,120.75,120.75233568,,,,2025-12-05T13:23:08Z,2009,2009-01-01,2009-12-31
1031439,GHED_OOP_pc_US_SHA2011,COUNTRY,MLI,AFR,Africa,YEAR,2006,,,,,,,,,15.28,15.28193163,,,,2025-12-05T13:23:08Z,2006,2006-01-01,2006-12-31
1032200,GHED_OOP_pc_US_SHA2011,COUNTRY,AUS,WPR,Western Pacific,YEAR,2013,,,,,,,,,1134.88,1134.87926155,,,,2025-12-05T13:23:08Z,2013,2013-01-01,2013-12-31
1032939,GHED_OOP_pc_US_SHA2011,COUNTRY,BIH,EUR,Europe,YEAR,2017,,,,,,,,,137.25,137.24599015,,,,2025-12-05T13:23:08Z,2017,2017-01-01,2017-12-31
1034692,GHED_OOP_pc_US_SHA2011,COUNTRY,FIN,EUR,Europe,YEAR,2021,,,,,,,,,876.79,876.78928179,,,,2025-12-05T13:23:08Z,2021,2021-01-01,2021-12-31
1035188,GHED_OOP_pc_US_SHA2011,COUNTRY,MUS,AFR,Africa,YEAR,2013,,,,,,,,,234.00,233.99501436,,,,2025-12-05T13:23:08Z,2013,2013-01-01,2013-12-31
1035801,GHED_OOP_pc_US_SHA2011,COUNTRY,SVK,EUR,Europe,YEAR,2012,,,,,,,,,306.55,306.54628297,,,,2025-12-05T13:23:08Z,2012,2012-01-01,2012-12-31
1037545,GHED_OOP_pc_US_SHA2011,COUNTRY,GBR,EUR,Europe,YEAR,2003,,,,,,,,,448.07,448.07377091,,,,2025-12-05T13:23:08Z,2003,2003-01-01,2003-12-31
1038333,GHED_OOP_pc_US_SHA2011,COUNTRY,ARG,AMR,Americas,YEAR,2011,,,,,,,,,321.78,321.77821309,,,,2025-12-05T13:23:08Z,2011,2011-01-01,2011-12-31
1038483,GHED_OOP_pc_US_SHA2011,COUNTRY,BRA,AMR,Americas,YEAR,2016,,,,,,,,,197.86,197.85557161,,,,2025-12-05T13:23:08Z,2016,2016-01-01,2016-12-31
1038893,GHED_OOP_pc_US_SHA2011,COUNTRY,HND,AMR,Americas,YEAR,2017,,,,,,,,,84.03,84.03473037,,,,2025-12-05T13:23:08Z,2017,2017-01-01,2017-12-31
1039357,GHED_OOP_pc_US_SHA2011,COUNTRY,IRN,EMR,Eastern Mediterranean,YEAR,2000,,,,,,,,,47.62,47.61510015,,,,2025-12-05T13:23:08Z,2000,2000-01-01,2000-12-31
1044362,GHED_OOP_pc_US_SHA2011,COUNTRY,AND,EUR,Europe,YEAR,2007,,,,,,,,,428.37,428.36988242,,,,2025-12-05T13:23:08Z,2007,2007-01-01,2007-12-31
1045185,GHED_OOP_pc_US_SHA2011,COUNTRY,AZE,EUR,Europe,YEAR,2011,,,,,,,,,114.92,114.91963792,,,,2025-12-05T13:23:08Z,2011,2011-01-01,2011-12-31
1045630,GHED_OOP_pc_US_SHA2011,COUNTRY,NGA,AFR,Africa,YEAR,2006,,,,,,,,,44.83,44.83344538,,,,2025-12-05T13:23:08Z,2006,2006-01-01,2006-12-31
1047808,GHED_OOP_pc_US_SHA2011,COUNTRY,MYS,WPR,Western Pacific,YEAR,2021,,,,,,,,,153.01,153.00997273,,,,2025-12-05T13:23:08Z,2021,2021-01-01,2021-12-31
1050135,GHED_OOP_pc_US_SHA2011,COUNTRY,MNE,EUR,Europe,YEAR,2017,,,,,,,,,262.98,262.98250839,,,,2025-12-05T13:23:08Z,2017,2017-01-01,2017-12-31
1054447,GHED_OOP_pc_US_SHA2011,COUNTRY,BRN,WPR,Western Pacific,YEAR,2007,,,,,,,,,90.83,90.82757918,,,,2025-12-05T13:23:08Z,2007,2007-01-01,2007-12-31
1056481,GHED_OOP_pc_US_SHA2011,COUNTRY,MDG,AFR,Africa,YEAR,2004,,,,,,,,,4.37,4.37102233,,,,2025-12-05T13:23:08Z,2004,2004-01-01,2004-12-31
1058234,GHED_OOP_pc_US_SHA2011,COUNTRY,ZWE,AFR,Africa,YEAR,2017,,,,,,,,,9.69,9.69107,,,,2025-12-05T13:23:08Z,2017,2017-01-01,2017-12-31
1060676,GHED_OOP_pc_US_SHA2011,COUNTRY,BFA,AFR,Africa,YEAR,2015,,,,,,,,,11.65,11.65114496,,,,2025-12-05T13:23:08Z,2015,2015-01-01,2015-12-31
1064946,GHED_OOP_pc_US_SHA2011,COUNTRY,CYP,EUR,Europe,YEAR,2008,,,,,,,,,1107.80,1107.7984432,,,,2025-12-05T13:23:08Z,2008,2008-01-01,2008-12-31
1065158,GHED_OOP_pc_US_SHA2011,COUNTRY,GMB,AFR,Africa,YEAR,2015,,,,,,,,,4.61,4.60754468,,,,2025-12-05T13:23:08Z,2015,2015-01-01,2015-12-31
1066909,GHED_OOP_pc_US_SHA2011,COUNTRY,AUT,EUR,Europe,YEAR,2004,,,,,,,,,708.87,708.86580463,,,,2025-12-05T13:23:08Z,2004,2004-01-01,2004-12-31
1067719,GHED_OOP_pc_US_SHA2011,COUNTRY,DJI,EMR,Eastern Mediterranean,YEAR,2023,,,,,,,,,22.37,22.37256804,,,,2025-12-05T13:23:08Z,2023,2023-01-01,2023-12-31
1071701,GHED_OOP_pc_US_SHA2011,COUNTRY,TTO,AMR,Americas,YEAR,2008,,,,,,,,,351.12,351.12353432,,,,2025-12-05T13:23:08Z,2008,2008-01-01,2008-12-31
1072241,GHED_OOP_pc_US_SHA2011,COUNTRY,GRD,AMR,Americas,YEAR,2005,,,,,,,,,158.42,158.42109145,,,,2025-12-05T13:23:08Z,2005,2005-01-01,2005-12-31
1073956,GHED_OOP_pc_US_SHA2011,COUNTRY,KNA,AMR,Americas,YEAR,2022,,,,,,,,,503.32,503.32473012,,,,2025-12-05T13:23:08Z,2022,2022-01-01,2022-12-31
1078934,GHED_OOP_pc_US_SHA2011,COUNTRY,CAN,AMR,Americas,YEAR,2020,,,,,,,,,770.73,770.72795061,,,,2025-12-05T13:23:08Z,2020,2020-01-01,2020-12-31
1081703,GHED_OOP_pc_US_SHA2011,COUNTRY,BHS,AMR,Americas,YEAR,2018,,,,,,,,,537.50,537.50059577,,,,2025-12-05T13:23:08Z,2018,2018-01-01,2018-12-31
1083363,GHED_OOP_pc_US_SHA2011,COUNTRY,ZMB,AFR,Africa,YEAR,2016,,,,,,,,,6.72,6.72473526,,,,2025-12-05T13:23:08Z,2016,2016-01-01,2016-12-31
1084439,GHED_OOP_pc_US_SHA2011,COUNTRY,COM,AFR,Africa,YEAR,2023,,,,,,,,,57.83,57.82872523,,,,2025-12-05T13:23:08Z,2023,2023-01-01,2023-12-31
1086184,GHED_OOP_pc_US_SHA2011,REGION,AMR,,,YEAR,2003,,,,,,,,,128.79,128.78836787,,,,2025-12-05T13:23:08Z,2003,2003-01-01,2003-12-31
1088225,GHED_OOP_pc_US_SHA2011,COUNTRY,NIC,AMR,Americas,YEAR,2005,,,,,,,,,28.85,28.85071083,,,,2025-12-05T13:23:08Z,2005,2005-01-01,2005-12-31
1092883,GHED_OOP_pc_US_SHA2011,COUNTRY,MYS,WPR,Western Pacific,YEAR,2001,,,,,,,,,41.02,41.01750303,,,,2025-12-05T13:23:08Z,2001,2001-01-01,2001-12-31
1093019,GHED_OOP_pc_US_SHA2011,COUNTRY,SVK,EUR,Europe,YEAR,2018,,,,,,,,,245.78,245.78489127,,,,2025-12-05T13:23:08Z,2018,2018-01-01,2018-12-31
1096259,GHED_OOP_pc_US_SHA2011,COUNTRY,SRB,EUR,Europe,YEAR,2003,,,,,,,,,57.47,57.47072086,,,,2025-12-05T13:23:08Z,2003,2003-01-01,2003-12-31
1096554,GHED_OOP_pc_US_SHA2011,COUNTRY,RUS,EUR,Europe,YEAR,2007,,,,,,,,,144.54,144.53616458,,,,2025-12-05T13:23:08Z,2007,2007-01-01,2007-12-31
1097111,GHED_OOP_pc_US_SHA2011,COUNTRY,MLT,EUR,Europe,YEAR,2004,,,,,,,,,345.76,345.75904423,,,,2025-12-05T13:23:08Z,2004,2004-01-01,2004-12-31
1097348,GHED_OOP_pc_US_SHA2011,COUNTRY,LBN,EMR,Eastern Mediterranean,YEAR,2002,,,,,,,,,211.99,211.99255832,,,,2025-12-05T13:23:08Z,2002,2002-01-01,2002-12-31
1097431,GHED_OOP_pc_US_SHA2011,COUNTRY,PAN,AMR,Americas,YEAR,2017,,,,,,,,,359.68,359.6805636,,,,2025-12-05T13:23:08Z,2017,2017-01-01,2017-12-31
1097474,GHED_OOP_pc_US_SHA2011,WORLDBANKINCOMEGROUP,WB_LI,,,YEAR,2022,,,,,,,,,20.63,20.63012325,,,,2025-12-05T13:23:08Z,2022,2022-01-01,2022-12-31
1098616,GHED_OOP_pc_US_SHA2011,COUNTRY,ERI,AFR,Africa,YEAR,2011,,,,,,,,,12.97,12.96713908,,,,2025-12-05T13:23:08Z,2011,2011-01-01,2011-12-31
1102404,GHED_OOP_pc_US_SHA2011,COUNTRY,TUV,WPR,Western Pacific,YEAR,2009,,,,,,,,,21.54,21.54251803,,,,2025-12-05T13:23:08Z,2009,2009-01-01,2009-12-31
1102873,GHED_OOP_pc_US_SHA2011,COUNTRY,MDA,EUR,Europe,YEAR,2002,,,,,,,,,15.78,15.78122784,,,,2025-12-05T13:23:08Z,2002,2002-01-01,2002-12-31
1103485,GHED_OOP_pc_US_SHA2011,COUNTRY,LKA,SEAR,South-East Asia,YEAR,2005,,,,,,,,,22.44,22.43857274,,,,2025-12-05T13:23:08Z,2005,2005-01-01,2005-12-31
1110689,GHED_OOP_pc_US_SHA2011,COUNTRY,VCT,AMR,Americas,YEAR,2002,,,,,,,,,49.94,49.93977366,,,,2025-12-05T13:23:08Z,2002,2002-01-01,2002-12-31
1112143,GHED_OOP_pc_US_SHA2011,COUNTRY,SGP,WPR,Western Pacific,YEAR,2013,,,,,,,,,761.26,761.25661247,,,,2025-12-05T13:23:08Z,2013,2013-01-01,2013-12-31
1116781,GHED_OOP_pc_US_SHA2011,COUNTRY,ATG,AMR,Americas,YEAR,2000,,,,,,,,,115.59,115.59340738,,,,2025-12-05T13:23:08Z,2000,2000-01-01,2000-12-31
1121393,GHED_OOP_pc_US_SHA2011,COUNTRY,DJI,EMR,Eastern Mediterranean,YEAR,2007,,,,,,,,,16.65,16.65451496,,,,2025-12-05T13:23:08Z,2007,2007-01-01,2007-12-31
1121528,GHED_OOP_pc_US_SHA2011,COUNTRY,ARG,AMR,Americas,YEAR,2001,,,,,,,,,197.12,197.12273095,,,,2025-12-05T13:23:08Z,2001,2001-01-01,2001-12-31
1122276,GHED_OOP_pc_US_SHA2011,COUNTRY,CZE,EUR,Europe,YEAR,2009,,,,,,,,,217.07,217.06531642,,,,2025-12-05T13:23:08Z,2009,2009-01-01,2009-12-31
1122978,GHED_OOP_pc_US_SHA2011,COUNTRY,SYC,AFR,Africa,YEAR,2014,,,,,,,,,161.61,161.61190887,,,,2025-12-05T13:23:08Z,2014,2014-01-01,2014-12-31
1123462,GHED_OOP_pc_US_SHA2011,COUNTRY,VNM,WPR,Western Pacific,YEAR,2015,,,,,,,,,51.17,51.16536137,,,,2025-12-05T13:23:08Z,2015,2015-01-01,2015-12-31
1133609,GHED_OOP_pc_US_SHA2011,WORLDBANKINCOMEGROUP,WB_HI,,,YEAR,2013,,,,,,,,,518.53,518.5323871,,,,2026-01-12T13:50:53Z,2013,2013-01-01,2013-12-31
1133632,GHED_OOP_pc_US_SHA2011,COUNTRY,BLR,EUR,Europe,YEAR,2004,,,,,,,,,27.10,27.10374599,,,,2025-12-05T13:23:08Z,2004,2004-01-01,2004-12-31
1134707,GHED_OOP_pc_US_SHA2011,COUNTRY,NOR,EUR,Europe,YEAR,2001,,,,,,,,,525.49,525.49382033,,,,2025-12-05T13:23:08Z,2001,2001-01-01,2001-12-31
1134973,GHED_OOP_pc_US_SHA2011,COUNTRY,ZAF,AFR,Africa,YEAR,2015,,,,,,,,,28.22,28.21768447,,,,2025-12-05T13:23:08Z,2015,2015-01-01,2015-12-31
1137002,GHED_OOP_pc_US_SHA2011,COUNTRY,CRI,AMR,Americas,YEAR,2013,,,,,,,,,192.76,192.75829544,,,,2025-12-05T13:23:08Z,2013,2013-01-01,2013-12-31
1140087,GHED_OOP_pc_US_SHA2011,COUNTRY,BGD,SEAR,South-East Asia,YEAR,2015,,,,,,,,,24.14,24.13644411,,,,2025-12-05T13:23:08Z,2015,2015-01-01,2015-12-31
1140640,GHED_OOP_pc_US_SHA2011,COUNTRY,PRT,EUR,Europe,YEAR,2002,,,,,,,,,264.11,264.10955848,,,,2025-12-05T13:23:08Z,2002,2002-01-01,2002-12-31
1140976,GHED_OOP_pc_US_SHA2011,COUNTRY,IDN,WPR,Western Pacific,YEAR,2001,,,,,,,,,6.83,6.83241208,,,,2025-12-05T13:23:08Z,2001,2001-01-01,2001-12-31
1143019,GHED_OOP_pc_US_SHA2011,COUNTRY,UGA,AFR,Africa,YEAR,2006,,,,,,,,,17.08,17.08256066,,,,2025-12-05T13:23:08Z,2006,2006-01-01,2006-12-31
1145506,GHED_OOP_pc_US_SHA2011,COUNTRY,COK,WPR,Western Pacific,YEAR,2005,,,,,,,,,37.24,37.24484908,,,,2025-12-05T13:23:08Z,2005,2005-01-01,2005-12-31
1146330,GHED_OOP_pc_US_SHA2011,COUNTRY,KGZ,EUR,Europe,YEAR,2018,,,,,,,,,30.46,30.46430015,,,,2025-12-05T13:23:08Z,2018,2018-01-01,2018-12-31
1154093,GHED_OOP_pc_US_SHA2011,COUNTRY,TUR,EUR,Europe,YEAR,2012,,,,,,,,,82.91,82.91483438,,,,2025-12-05T13:23:08Z,2012,2012-01-01,2012-12-31
1156392,GHED_OOP_pc_US_SHA2011,COUNTRY,CZE,EUR,Europe,YEAR,2006,,,,,,,,,109.72,109.71929484,,,,2025-12-05T13:23:08Z,2006,2006-01-01,2006-12-31
1161439,GHED_OOP_pc_US_SHA2011,COUNTRY,MNG,WPR,Western Pacific,YEAR,2002,,,,,,,,,6.44,6.44050256,,,,2025-12-05T13:23:08Z,2002,2002-01-01,2002-12-31
1161688,GHED_OOP_pc_US_SHA2011,COUNTRY,ARE,EMR,Eastern Mediterranean,YEAR,2020,,,,,,,,,241.52,241.52122928,,,,2025-12-05T13:23:08Z,2020,2020-01-01,2020-12-31
1165327,GHED_OOP_pc_US_SHA2011,COUNTRY,FRA,EUR,Europe,YEAR,2021,,,,,,,,,491.92,491.91613692,,,,2025-12-05T13:23:08Z,2021,2021-01-01,2021-12-31
1168311,GHED_OOP_pc_US_SHA2011,COUNTRY,KWT,EMR,Eastern Mediterranean,YEAR,2010,,,,,,,,,150.55,150.54712582,,,,2025-12-05T13:23:08Z,2010,2010-01-01,2010-12-31
1169257,GHED_OOP_pc_US_SHA2011,COUNTRY,LCA,AMR,Americas,YEAR,2009,,,,,,,,,248.11,248.11489059,,,,2025-12-05T13:23:08Z,2009,2009-01-01,2009-12-31
1171867,GHED_OOP_pc_US_SHA2011,COUNTRY,MAR,EMR,Eastern Mediterranean,YEAR,2019,,,,,,,,,83.22,83.21743383,,,,2025-12-05T13:23:08Z,2019,2019-01-01,2019-12-31
1173236,GHED_OOP_pc_US_SHA2011,COUNTRY,STP,AFR,Africa,YEAR,2012,,,,,,,,,15.36,15.35608408,,,,2025-12-05T13:23:08Z,2012,2012-01-01,2012-12-31
1174873,GHED_OOP_pc_US_SHA2011,COUNTRY,ROU,EUR,Europe,YEAR,2011,,,,,,,,,103.56,103.56066828,,,,2025-12-05T13:23:08Z,2011,2011-01-01,2011-12-31
1179331,GHED_OOP_pc_US_SHA2011,COUNTRY,MEX,AMR,Americas,YEAR,2022,,,,,,,,,254.46,254.46227706,,,,2025-12-05T13:23:08Z,2022,2022-01-01,2022-12-31
1181232,GHED_OOP_pc_US_SHA2011,COUNTRY,SVK,EUR,Europe,YEAR,2003,,,,,,,,,42.07,42.06976578,,,,2025-12-05T13:23:08Z,2003,2003-01-01,2003-12-31
1181889,GHED_OOP_pc_US_SHA2011,COUNTRY,COD,AFR,Africa,YEAR,2001,,,,,,,,,3.93,3.93321285,,,,2025-12-05T13:23:08Z,2001,2001-01-01,2001-12-31
1187137,GHED_OOP_pc_US_SHA2011,COUNTRY,GAB,AFR,Africa,YEAR,2009,,,,,,,,,139.03,139.02827428,,,,2025-12-05T13:23:08Z,2009,2009-01-01,2009-12-31
1188210,GHED_OOP_pc_US_SHA2011,COUNTRY,PAK,EMR,Eastern Mediterranean,YEAR,2000,,,,,,,,,8.81,8.81210616,,,,2025-12-05T13:23:08Z,2000,2000-01-01,2000-12-31
1190316,GHED_OOP_pc_US_SHA2011,COUNTRY,THA,SEAR,South-East Asia,YEAR,2003,,,,,,,,,20.68,20.68384844,,,,2025-12-05T13:23:08Z,2003,2003-01-01,2003-12-31
1190828,GHED_OOP_pc_US_SHA2011,COUNTRY,SLV,AMR,Americas,YEAR,2017,,,,,,,,,126.24,126.23707587,,,,2025-12-05T13:23:08Z,2017,2017-01-01,2017-12-31
1198436,GHED_OOP_pc_US_SHA2011,COUNTRY,BGD,SEAR,South-East Asia,YEAR,2008,,,,,,,,,10.56,10.55582966,,,,2025-12-05T13:23:08Z,2008,2008-01-01,2008-12-31
1205127,GHED_OOP_pc_US_SHA2011,COUNTRY,PRT,EUR,Europe,YEAR,2001,,,,,,,,,254.99,254.98995397,,,,2025-12-05T13:23:08Z,2001,2001-01-01,2001-12-31
1209822,GHED_OOP_pc_US_SHA2011,COUNTRY,CAN,AMR,Americas,YEAR,2008,,,,,,,,,690.62,690.61746735,,,,2025-12-05T13:23:08Z,2008,2008-01-01,2008-12-31
1210875,GHED_OOP_pc_US_SHA2011,COUNTRY,KIR,WPR,Western Pacific,YEAR,2010,,,,,,,,,0.84,0.84384841,,,,2025-12-05T13:23:08Z,2010,2010-01-01,2010-12-31
1211301,GHED_OOP_pc_US_SHA2011,COUNTRY,TLS,SEAR,South-East Asia,YEAR,2008,,,,,,,,,5.04,5.03666352,,,,2025-12-05T13:23:08Z,2008,2008-01-01,2008-12-31
1217098,GHED_OOP_pc_US_SHA2011,COUNTRY,COK,WPR,Western Pacific,YEAR,2013,,,,,,,,,21.78,21.77949404,,,,2025-12-05T13:23:08Z,2013,2013-01-01,2013-12-31
1221794,GHED_OOP_pc_US_SHA2011,COUNTRY,GIN,AFR,Africa,YEAR,2014,,,,,,,,,21.38,21.38001446,,,,2025-12-05T13:23:08Z,2014,2014-01-01,2014-12-31
1222326,GHED_OOP_pc_US_SHA2011,COUNTRY,IRN,EMR,Eastern Mediterranean,YEAR,2003,,,,,,,,,62.46,62.45983803,,,,2025-12-05T13:23:08Z,2003,2003-01-01,2003-12-31
1222466,GHED_OOP_pc_US_SHA2011,COUNTRY,TGO,AFR,Africa,YEAR,2016,,,,,,,,,32.26,32.25783735,,,,2025-12-05T13:23:08Z,2016,2016-01-01,2016-12-31
1229663,GHED_OOP_pc_US_SHA2011,COUNTRY,DJI,EMR,Eastern Mediterranean,YEAR,2013,,,,,,,,,14.57,14.57254155,,,,2025-12-05T13:23:08Z,2013,2013-01-01,2013-12-31
1229748,GHED_OOP_pc_US_SHA2011,COUNTRY,ESP,EUR,Europe,YEAR,2001,,,,,,,,,259.72,259.7189615,,,,2025-12-05T13:23:08Z,2001,2001-01-01,2001-12-31
1238956,GHED_OOP_pc_US_SHA2011,COUNTRY,NPL,SEAR,South-East Asia,YEAR,2003,,,,,,,,,5.96,5.95609588,,,,2025-12-05T13:23:08Z,2003,2003-01-01,2003-12-31
1242621,GHED_OOP_pc_US_SHA2011,COUNTRY,COK,WPR,Western Pacific,YEAR,2009,,,,,,,,,21.68,21.68237153,,,,2025-12-05T13:23:08Z,2009,2009-01-01,2009-12-31
1243547,GHED_OOP_pc_US_SHA2011,WORLDBANKINCOMEGROUP,WB_HI,,,YEAR,2008,,,,,,,,,471.75,471.74784883,,,,2025-12-05T13:23:08Z,2008,2008-01-01,2008-12-31
1244383,GHED_OOP_pc_US_SHA2011,COUNTRY,BTN,SEAR,South-East Asia,YEAR,2008,,,,,,,,,8.91,8.91215049,,,,2025-12-05T13:23:08Z,2008,2008-01-01,2008-12-31
1247497,GHED_OOP_pc_US_SHA2011,COUNTRY,MCO,EUR,Europe,YEAR,2022,,,,,,,,,587.32,587.3242523,,,,2025-12-05T13:23:08Z,2022,2022-01-01,2022-12-31
1248174,GHED_OOP_pc_US_SHA2011,COUNTRY,PSE,EMR,Eastern Mediterranean,YEAR,2017,,,,,,,,,129.46,129.45762921,,,,2025-12-05T13:23:08Z,2017,2017-01-01,2017-12-31
1249293,GHED_OOP_pc_US_SHA2011,COUNTRY,MCO,EUR,Europe,YEAR,2004,,,,,,,,,326.66,326.65819042,,,,2025-12-05T13:23:08Z,2004,2004-01-01,2004-12-31
1251365,GHED_OOP_pc_US_SHA2011,COUNTRY,MMR,SEAR,South-East Asia,YEAR,2019,,,,,,,,,41.13,41.13124356,,,,2025-12-05T13:23:08Z,2019,2019-01-01,2019-12-31
1253459,GHED_OOP_pc_US_SHA2011,COUNTRY,NAM,AFR,Africa,YEAR,2006,,,,,,,,,24.50,24.5009778,,,,2025-12-05T13:23:08Z,2006,2006-01-01,2006-12-31
1254434,GHED_OOP_pc_US_SHA2011,COUNTRY,MDG,AFR,Africa,YEAR,2000,,,,,,,,,4.85,4.8462596,,,,2025-12-05T13:23:08Z,2000,2000-01-01,2000-12-31
1254437,GHED_OOP_pc_US_SHA2011,COUNTRY,AUT,EUR,Europe,YEAR,2010,,,,,,,,,926.32,926.32299245,,,,2025-12-05T13:23:08Z,2010,2010-01-01,2010-12-31
1255578,GHED_OOP_pc_US_SHA2011,COUNTRY,HTI,AMR,Americas,YEAR,2009,,,,,,,,,16.26,16.25912384,,,,2025-12-05T13:23:08Z,2009,2009-01-01,2009-12-31
1257366,GHED_OOP_pc_US_SHA2011,COUNTRY,MCO,EUR,Europe,YEAR,2014,,,,,,,,,513.37,513.36950391,,,,2025-12-05T13:23:08Z,2014,2014-01-01,2014-12-31
1257784,GHED_OOP_pc_US_SHA2011,COUNTRY,BLZ,AMR,Americas,YEAR,2007,,,,,,,,,61.06,61.05575984,,,,2025-12-05T13:23:08Z,2007,2007-01-01,2007-12-31
1260515,GHED_OOP_pc_US_SHA2011,COUNTRY,COD,AFR,Africa,YEAR,2017,,,,,,,,,7.28,7.28122756,,,,2025-12-05T13:23:08Z,2017,2017-01-01,2017-12-31
1261918,GHED_OOP_pc_US_SHA2011,COUNTRY,BIH,EUR,Europe,YEAR,2006,,,,,,,,,126.56,126.56062454,,,,2025-12-05T13:23:08Z,2006,2006-01-01,2006-12-31
1263742,GHED_OOP_pc_US_SHA2011,COUNTRY,HTI,AMR,Americas,YEAR,2015,,,,,,,,,23.27,23.26780342,,,,2025-12-05T13:23:08Z,2015,2015-01-01,2015-12-31
1266373,GHED_OOP_pc_US_SHA2011,COUNTRY,LBY,EMR,Eastern Mediterranean,YEAR,2010,,,,,,,,,114.08,114.07545816,,,,2025-12-05T13:23:08Z,2010,2010-01-01,2010-12-31
1267841,GHED_OOP_pc_US_SHA2011,COUNTRY,KEN,AFR,Africa,YEAR,2018,,,,,,,,,17.59,17.58847099,,,,2025-12-05T13:23:08Z,2018,2018-01-01,2018-12-31
1273625,GHED_OOP_pc_US_SHA2011,COUNTRY,LUX,EUR,Europe,YEAR,2019,,,,,,,,,596.52,596.5227216,,,,2025-12-05T13:23:08Z,2019,2019-01-01,2019-12-31
1274688,GHED_OOP_pc_US_SHA2011,COUNTRY,SYC,AFR,Africa,YEAR,2016,,,,,,,,,170.37,170.36588814,,,,2025-12-05T13:23:08Z,2016,2016-01-01,2016-12-31
1287875,GHED_OOP_pc_US_SHA2011,COUNTRY,KAZ,EUR,Europe,YEAR,2002,,,,,,,,,26.11,26.1053263,,,,2025-12-05T13:23:08Z,2002,2002-01-01,2002-12-31
1293641,GHED_OOP_pc_US_SHA2011,COUNTRY,CMR,AFR,Africa,YEAR,2002,,,,,,,,,22.31,22.314723,,,,2025-12-05T13:23:08Z,2002,2002-01-01,2002-12-31
1301474,GHED_OOP_pc_US_SHA2011,COUNTRY,BOL,AMR,Americas,YEAR,2001,,,,,,,,,14.84,14.83515265,,,,2025-12-05T13:23:08Z,2001,2001-01-01,2001-12-31
1305869,GHED_OOP_pc_US_SHA2011,COUNTRY,AFG,EMR,Eastern Mediterranean,YEAR,2005,,,,,,,,,19.83,19.83245909,,,,2025-12-05T13:23:08Z,2005,2005-01-01,2005-12-31
1306154,GHED_OOP_pc_US_SHA2011,COUNTRY,PER,AMR,Americas,YEAR,2003,,,,,,,,,36.50,36.4957144,,,,2025-12-05T13:23:08Z,2003,2003-01-01,2003-12-31
1317482,GHED_OOP_pc_US_SHA2011,COUNTRY,MYS,WPR,Western Pacific,YEAR,2003,,,,,,,,,49.06,49.06148174,,,,2025-12-05T13:23:08Z,2003,2003-01-01,2003-12-31
1319842,GHED_OOP_pc_US_SHA2011,COUNTRY,HRV,EUR,Europe,YEAR,2016,,,,,,,,,93.49,93.49093766,,,,2025-12-05T13:23:08Z,2016,2016-01-01,2016-12-31
1322721,GHED_OOP_pc_US_SHA2011,COUNTRY,PAK,EMR,Eastern Mediterranean,YEAR,2011,,,,,,,,,16.35,16.35328349,,,,2025-12-05T13:23:08Z,2011,2011-01-01,2011-12-31
1328808,GHED_OOP_pc_US_SHA2011,COUNTRY,FJI,WPR,Western Pacific,YEAR,2017,,,,,,,,,28.96,28.95796737,,,,2025-12-05T13:23:08Z,2017,2017-01-01,2017-12-31
1330821,GHED_OOP_pc_US_SHA2011,COUNTRY,SDN,EMR,Eastern Mediterranean,YEAR,2017,,,,,,,,,49.15,49.1536575,,,,2025-12-05T13:23:08Z,2017,2017-01-01,2017-12-31
1332518,GHED_OOP_pc_US_SHA2011,COUNTRY,ZWE,AFR,Africa,YEAR,2011,,,,,,,,,31.20,31.20173108,,,,2025-12-05T13:23:08Z,2011,2011-01-01,2011-12-31
1332818,GHED_OOP_pc_US_SHA2011,COUNTRY,MAR,EMR,Eastern Mediterranean,YEAR,2018,,,,,,,,,82.56,82.55556772,,,,2025-12-05T13:23:08Z,2018,2018-01-01,2018-12-31
1335834,GHED_OOP_pc_US_SHA2011,COUNTRY,MRT,AFR,Africa,YEAR,2010,,,,,,,,,27.41,27.40933496,,,,2025-12-05T13:23:08Z,2010,2010-01-01,2010-12-31
1338921,GHED_OOP_pc_US_SHA2011,COUNTRY,CAN,AMR,Americas,YEAR,2007,,,,,,,,,653.80,653.79545923,,,,2025-12-05T13:23:08Z,2007,2007-01-01,2007-12-31
1341634,GHED_OOP_pc_US_SHA2011,COUNTRY,MNG,WPR,Western Pacific,YEAR,2022,,,,,,,,,174.58,174.58216528,,,,2025-12-05T13:23:08Z,2022,2022-01-01,2022-12-31
1342201,GHED_OOP_pc_US_SHA2011,COUNTRY,TUR,EUR,Europe,YEAR,2011,,,,,,,,,83.59,83.59134611,,,,2025-12-05T13:23:08Z,2011,2011-01-01,2011-12-31
1342899,GHED_OOP_pc_US_SHA2011,COUNTRY,QAT,EMR,Eastern Mediterranean,YEAR,2018,,,,,,,,,132.51,132.50785943,,,,2025-12-05T13:23:08Z,2018,2018-01-01,2018-12-31
1343484,GHED_OOP_pc_US_SHA2011,COUNTRY,UKR,EUR,Europe,YEAR,2016,,,,,,,,,74.74,74.73943896,,,,2025-12-05T13:23:08Z,2016,2016-01-01,2016-12-31
1350763,GHED_OOP_pc_US_SHA2011,COUNTRY,CRI,AMR,Americas,YEAR,2021,,,,,,,,,200.48,200.48197545,,,,2025-12-05T13:23:08Z,2021,2021-01-01,2021-12-31
1354881,GHED_OOP_pc_US_SHA2011,COUNTRY,BOL,AMR,Americas,YEAR,2019,,,,,,,,,57.90,57.9028079,,,,2025-12-05T13:23:08Z,2019,2019-01-01,2019-12-31
1355719,GHED_OOP_pc_US_SHA2011,COUNTRY,TUN,EMR,Eastern Mediterranean,YEAR,2004,,,,,,,,,69.45,69.450607110000007,,,,2025-12-05T13:23:08Z,2004,2004-01-01,2004-12-31
1355726,GHED_OOP_pc_US_SHA2011,COUNTRY,MDV,SEAR,South-East Asia,YEAR,2012,,,,,,,,,208.30,208.29545257,,,,2025-12-05T13:23:08Z,2012,2012-01-01,2012-12-31
1356803,GHED_OOP_pc_US_SHA2011,COUNTRY,OMN,EMR,Eastern Mediterranean,YEAR,2019,,,,,,,,,43.52,43.5227944,,,,2025-12-05T13:23:08Z,2019,2019-01-01,2019-12-31
1357671,GHED_OOP_pc_US_SHA2011,COUNTRY,CHL,AMR,Americas,YEAR,2006,,,,,,,,,230.58,230.58346469,,,,2025-12-05T13:23:08Z,2006,2006-01-01,2006-12-31
1357975,GHED_OOP_pc_US_SHA2011,COUNTRY,GNQ,AFR,Africa,YEAR,2002,,,,,,,,,61.73,61.73499062,,,,2025-12-05T13:23:08Z,2002,2002-01-01,2002-12-31
1360407,GHED_OOP_pc_US_SHA2011,COUNTRY,UKR,EUR,Europe,YEAR,2018,,,,,,,,,110.30,110.30370195,,,,2025-12-05T13:23:08Z,2018,2018-01-01,2018-12-31
1363717,GHED_OOP_pc_US_SHA2011,COUNTRY,NER,AFR,Africa,YEAR,2020,,,,,,,,,15.57,15.57096206,,,,2025-12-05T13:23:08Z,2020,2020-01-01,2020-12-31
1363977,GHED_OOP_pc_US_SHA2011,REGION,AFR,,,YEAR,2012,,,,,,,,,33.03,33.02593238,,,,2025-12-05T13:23:08Z,2012,2012-01-01,2012-12-31
1364056,GHED_OOP_pc_US_SHA2011,COUNTRY,GNQ,AFR,Africa,YEAR,2022,,,,,,,,,143.66,143.66433006,,,,2025-12-05T13:23:08Z,2022,2022-01-01,2022-12-31
1364176,GHED_OOP_pc_US_SHA2011,COUNTRY,MCO,EUR,Europe,YEAR,2019,,,,,,,,,504.46,504.46165431,,,,2025-12-05T13:23:08Z,2019,2019-01-01,2019-12-31
1366829,GHED_OOP_pc_US_SHA2011,COUNTRY,BEL,EUR,Europe,YEAR,2001,,,,,,,,,367.83,367.82772048,,,,2025-12-05T13:23:08Z,2001,2001-01-01,2001-12-31
1367346,GHED_OOP_pc_US_SHA2011,COUNTRY,ETH,AFR,Africa,YEAR,2002,,,,,,,,,1.93,1.92919115,,,,2025-12-05T13:23:08Z,2002,2002-01-01,2002-12-31
1369977,GHED_OOP_pc_US_SHA2011,COUNTRY,BRA,AMR,Americas,YEAR,2019,,,,,,,,,216.00,215.999997,,,,2025-12-05T13:23:08Z,2019,2019-01-01,2019-12-31
1370802,GHED_OOP_pc_US_SHA2011,REGION,AFR,,,YEAR,2017,,,,,,,,,34.15,34.15243066,,,,2025-12-05T13:23:08Z,2017,2017-01-01,2017-12-31
1371277,GHED_OOP_pc_US_SHA2011,COUNTRY,TKM,EUR,Europe,YEAR,2015,,,,,,,,,257.80,257.79686427,,,,2025-12-05T13:23:08Z,2015,2015-01-01,2015-12-31
1373073,GHED_OOP_pc_US_SHA2011,REGION,SEAR,,,YEAR,2019,,,,,,,,,45.66,45.65750246,,,,2025-12-05T13:23:08Z,2019,2019-01-01,2019-12-31
1382168,GHED_OOP_pc_US_SHA2011,COUNTRY,LSO,AFR,Africa,YEAR,2018,,,,,,,,,18.98,18.98444871,,,,2025-12-05T13:23:08Z,2018,2018-01-01,2018-12-31
1383228,GHED_OOP_pc_US_SHA2011,COUNTRY,PAK,EMR,Eastern Mediterranean,YEAR,2006,,,,,,,,,17.80,17.79889769,,,,2025-12-05T13:23:08Z,2006,2006-01-01,2006-12-31
1383785,GHED_OOP_pc_US_SHA2011,COUNTRY,FRA,EUR,Europe,YEAR,2014,,,,,,,,,556.05,556.05071173,,,,2025-12-05T13:23:08Z,2014,2014-01-01,2014-12-31
1385769,GHED_OOP_pc_US_SHA2011,COUNTRY,IDN,WPR,Western Pacific,YEAR,2013,,,,,,,,,52.09,52.09004885,,,,2025-12-05T13:23:08Z,2013,2013-01-01,2013-12-31
1391949,GHED_OOP_pc_US_SHA2011,COUNTRY,COG,AFR,Africa,YEAR,2010,,,,,,,,,23.00,23.00042745,,,,2025-12-05T13:23:08Z,2010,2010-01-01,2010-12-31
1392147,GHED_OOP_pc_US_SHA2011,COUNTRY,BLZ,AMR,Americas,YEAR,2012,,,,,,,,,62.45,62.45274743,,,,2025-12-05T13:23:08Z,2012,2012-01-01,2012-12-31
1392567,GHED_OOP_pc_US_SHA2011,REGION,EMR,,,YEAR,2023,,,,,,,,,106.79,106.7854035,,,,2025-12-05T13:23:08Z,2023,2023-01-01,2023-12-31
1393050,GHED_OOP_pc_US_SHA2011,COUNTRY,THA,SEAR,South-East Asia,YEAR,2010,,,,,,,,,24.45,24.44532402,,,,2025-12-05T13:23:08Z,2010,2010-01-01,2010-12-31
1393934,GHED_OOP_pc_US_SHA2011,COUNTRY,BLZ,AMR,Americas,YEAR,2009,,,,,,,,,59.22,59.22343678,,,,2025-12-05T13:23:08Z,2009,2009-01-01,2009-12-31
1398655,GHED_OOP_pc_US_SHA2011,COUNTRY,RWA,AFR,Africa,YEAR,2000,,,,,,,,,2.39,2.39392176,,,,2025-12-05T13:23:08Z,2000,2000-01-01,2000-12-31
1406417,GHED_OOP_pc_US_SHA2011,COUNTRY,MCO,EUR,Europe,YEAR,2000,,,,,,,,,208.67,208.67049755,,,,2025-12-05T13:23:08Z,2000,2000-01-01,2000-12-31
1408355,GHED_OOP_pc_US_SHA2011,COUNTRY,VNM,WPR,Western Pacific,YEAR,2011,,,,,,,,,33.66,33.66446651,,,,2025-12-05T13:23:08Z,2011,2011-01-01,2011-12-31
1410570,GHED_OOP_pc_US_SHA2011,COUNTRY,SEN,AFR,Africa,YEAR,2023,,,,,,,,,32.46,32.45815246,,,,2026-01-12T13:50:53Z,2023,2023-01-01,2023-12-31
1411932,GHED_OOP_pc_US_SHA2011,COUNTRY,MYS,WPR,Western Pacific,YEAR,2000,,,,,,,,,45.52,45.52050105,,,,2025-12-05T13:23:08Z,2000,2000-01-01,2000-12-31
1412701,GHED_OOP_pc_US_SHA2011,COUNTRY,GUY,AMR,Americas,YEAR,2014,,,,,,,,,77.67,77.67338117,,,,2025-12-05T13:23:08Z,2014,2014-01-01,2014-12-31
1413412,GHED_OOP_pc_US_SHA2011,COUNTRY,CHL,AMR,Americas,YEAR,2015,,,,,,,,,387.24,387.24001093,,,,2025-12-05T13:23:08Z,2015,2015-01-01,2015-12-31
1413552,GHED_OOP_pc_US_SHA2011,COUNTRY,IND,SEAR,South-East Asia,YEAR,2003,,,,,,,,,16.08,16.07546887,,,,2025-12-05T13:23:08Z,2003,2003-01-01,2003-12-31
1419261,GHED_OOP_pc_US_SHA2011,COUNTRY,GHA,AFR,Africa,YEAR,2014,,,,,,,,,35.35,35.34989222,,,,2025-12-05T13:23:08Z,2014,2014-01-01,2014-12-31
1420250,GHED_OOP_pc_US_SHA2011,COUNTRY,CRI,AMR,Americas,YEAR,2007,,,,,,,,,132.74,132.74401297,,,,2025-12-05T13:23:08Z,2007,2007-01-01,2007-12-31
1428423,GHED_OOP_pc_US_SHA2011,COUNTRY,CHE,EUR,Europe,YEAR,2001,,,,,,,,,1130.02,1130.0209948,,,,2025-12-05T13:23:08Z,2001,2001-01-01,2001-12-31
1430184,GHED_OOP_pc_US_SHA2011,COUNTRY,ARG,AMR,Americas,YEAR,2017,,,,,,,,,309.38,309.37696534,,,,2025-12-05T13:23:08Z,2017,2017-01-01,2017-12-31
1432490,GHED_OOP_pc_US_SHA2011,COUNTRY,MEX,AMR,Americas,YEAR,2018,,,,,,,,,223.50,223.50491046,,,,2025-12-05T13:23:08Z,2018,2018-01-01,2018-12-31
1437392,GHED_OOP_pc_US_SHA2011,COUNTRY,KIR,WPR,Western Pacific,YEAR,2001,,,,,,,,,0.09,0.08588283,,,,2025-12-05T13:23:08Z,2001,2001-01-01,2001-12-31
1442900,GHED_OOP_pc_US_SHA2011,COUNTRY,LBN,EMR,Eastern Mediterranean,YEAR,2019,,,,,,,,,245.12,245.11753799,,,,2025-12-05T13:23:08Z,2019,2019-01-01,2019-12-31
1444548,GHED_OOP_pc_US_SHA2011,REGION,AMR,,,YEAR,2017,,,,,,,,,249.34,249.33600952,,,,2025-12-05T13:23:08Z,2017,2017-01-01,2017-12-31
1445589,GHED_OOP_pc_US_SHA2011,COUNTRY,ZMB,AFR,Africa,YEAR,2002,,,,,,,,,6.60,6.59590698,,,,2025-12-05T13:23:08Z,2002,2002-01-01,2002-12-31
1451384,GHED_OOP_pc_US_SHA2011,COUNTRY,BHS,AMR,Americas,YEAR,2023,,,,,,,,,621.77,621.77497793,,,,2025-12-05T13:23:08Z,2023,2023-01-01,2023-12-31
1451780,GHED_OOP_pc_US_SHA2011,COUNTRY,QAT,EMR,Eastern Mediterranean,YEAR,2017,,,,,,,,,131.57,131.56872989,,,,2025-12-05T13:23:08Z,2017,2017-01-01,2017-12-31
1453209,GHED_OOP_pc_US_SHA2011,COUNTRY,POL,EUR,Europe,YEAR,2009,,,,,,,,,185.04,185.0417742,,,,2025-12-05T13:23:08Z,2009,2009-01-01,2009-12-31
1461878,GHED_OOP_pc_US_SHA2011,COUNTRY,ZWE,AFR,Africa,YEAR,2020,,,,,,,,,5.32,5.32306907,,,,2025-12-05T13:23:08Z,2020,2020-01-01,2020-12-31
1463935,GHED_OOP_pc_US_SHA2011,COUNTRY,SMR,EUR,Europe,YEAR,2022,,,,,,,,,443.13,443.12991648,,,,2025-12-05T13:23:08Z,2022,2022-01-01,2022-12-31
1465104,GHED_OOP_pc_US_SHA2011,COUNTRY,TJK,EUR,Europe,YEAR,2005,,,,,,,,,11.49,11.49128057,,,,2025-12-05T13:23:08Z,2005,2005-01-01,2005-12-31
1465679,GHED_OOP_pc_US_SHA2011,COUNTRY,ROU,EUR,Europe,YEAR,2017,,,,,,,,,113.73,113.73243659,,,,2025-12-05T13:23:08Z,2017,2017-01-01,2017-12-31
1484468,GHED_OOP_pc_US_SHA2011,COUNTRY,AUS,WPR,Western Pacific,YEAR,2022,,,,,,,,,1017.52,1017.51917159,,,,2025-12-05T13:23:08Z,2022,2022-01-01,2022-12-31
1485467,GHED_OOP_pc_US_SHA2011,COUNTRY,BGR,EUR,Europe,YEAR,2002,,,,,,,,,58.95,58.95456691,,,,2025-12-05T13:23:08Z,2002,2002-01-01,2002-12-31
1490106,GHED_OOP_pc_US_SHA2011,COUNTRY,BHR,EMR,Eastern Mediterranean,YEAR,2003,,,,,,,,,171.47,171.46944141,,,,2025-12-05T13:23:08Z,2003,2003-01-01,2003-12-31
1490256,GHED_OOP_pc_US_SHA2011,COUNTRY,AFG,EMR,Eastern Mediterranean,YEAR,2012,,,,,,,,,39.07,39.06985734,,,,2025-12-05T13:23:08Z,2012,2012-01-01,2012-12-31
1496958,GHED_OOP_pc_US_SHA2011,COUNTRY,PSE,EMR,Eastern Mediterranean,YEAR,2015,,,,,,,,,128.54,128.53744224,,,,2025-12-05T13:23:08Z,2015,2015-01-01,2015-12-31
1497997,GHED_OOP_pc_US_SHA2011,COUNTRY,PLW,WPR,Western Pacific,YEAR,2004,,,,,,,,,119.20,119.20092833,,,,2025-12-05T13:23:08Z,2004,2004-01-01,2004-12-31
1501245,GHED_OOP_pc_US_SHA2011,COUNTRY,LUX,EUR,Europe,YEAR,2006,,,,,,,,,812.04,812.03856682,,,,2025-12-05T13:23:08Z,2006,2006-01-01,2006-12-31
1503250,GHED_OOP_pc_US_SHA2011,COUNTRY,JPN,WPR,Western Pacific,YEAR,2006,,,,,,,,,453.83,453.82936903,,,,2025-12-05T13:23:08Z,2006,2006-01-01,2006-12-31
1507941,GHED_OOP_pc_US_SHA2011,GLOBAL,GLOBAL,,,YEAR,2012,,,,,,,,,211.11,211.11160448,,,,2025-12-05T13:23:08Z,2012,2012-01-01,2012-12-31
1508683,GHED_OOP_pc_US_SHA2011,COUNTRY,URY,AMR,Americas,YEAR,2002,,,,,,,,,94.69,94.69219086,,,,2025-12-05T13:23:08Z,2002,2002-01-01,2002-12-31
1509106,GHED_OOP_pc_US_SHA2011,COUNTRY,BRA,AMR,Americas,YEAR,2022,,,,,,,,,237.43,237.43142914,,,,2025-12-05T13:23:08Z,2022,2022-01-01,2022-12-31
1514668,GHED_OOP_pc_US_SHA2011,COUNTRY,MAR,EMR,Eastern Mediterranean,YEAR,2012,,,,,,,,,90.75,90.74583176,,,,2025-12-05T13:23:08Z,2012,2012-01-01,2012-12-31
1516330,GHED_OOP_pc_US_SHA2011,COUNTRY,NRU,WPR,Western Pacific,YEAR,2022,,,,,,,,,10.59,10.59394981,,,,2025-12-05T13:23:08Z,2022,2022-01-01,2022-12-31
1519221,GHED_OOP_pc_US_SHA2011,COUNTRY,SMR,EUR,Europe,YEAR,2010,,,,,,,,,523.78,523.78076269,,,,2025-12-05T13:23:08Z,2010,2010-01-01,2010-12-31
1520973,GHED_OOP_pc_US_SHA2011,COUNTRY,BTN,SEAR,South-East Asia,YEAR,2012,,,,,,,,,17.24,17.24465726,,,,2025-12-05T13:23:08Z,2012,2012-01-01,2012-12-31
1525078,GHED_OOP_pc_US_SHA2011,COUNTRY,GRC,EUR,Europe,YEAR,2002,,,,,,,,,436.91,436.90867359,,,,2025-12-05T13:23:08Z,2002,2002-01-01,2002-12-31
1526224,GHED_OOP_pc_US_SHA2011,COUNTRY,NIC,AMR,Americas,YEAR,2002,,,,,,,,,26.34,26.33764896,,,,2025-12-05T13:23:08Z,2002,2002-01-01,2002-12-31
1528470,GHED_OOP_pc_US_SHA2011,COUNTRY,SMR,EUR,Europe,YEAR,2011,,,,,,,,,511.71,511.70503411,,,,2025-12-05T13:23:08Z,2011,2011-01-01,2011-12-31
1533250,GHED_OOP_pc_US_SHA2011,COUNTRY,BTN,SEAR,South-East Asia,YEAR,2001,,,,,,,,,2.82,2.81859403,,,,2025-12-05T13:23:08Z,2001,2001-01-01,2001-12-31
1534566,GHED_OOP_pc_US_SHA2011,COUNTRY,SWE,EUR,Europe,YEAR,2004,,,,,,,,,576.66,576.65732351,,,,2025-12-05T13:23:08Z,2004,2004-01-01,2004-12-31
1534625,GHED_OOP_pc_US_SHA2011,COUNTRY,GNB,AFR,Africa,YEAR,2022,,,,,,,,,45.07,45.0678851,,,,2025-12-05T13:23:08Z,2022,2022-01-01,2022-12-31
1538164,GHED_OOP_pc_US_SHA2011,COUNTRY,KEN,AFR,Africa,YEAR,2009,,,,,,,,,17.40,17.39934574,,,,2025-12-05T13:23:08Z,2009,2009-01-01,2009-12-31
1543748,GHED_OOP_pc_US_SHA2011,COUNTRY,TZA,AFR,Africa,YEAR,2013,,,,,,,,,10.47,10.47196233,,,,2025-12-05T13:23:08Z,2013,2013-01-01,2013-12-31
1547138,GHED_OOP_pc_US_SHA2011,COUNTRY,IRQ,EMR,Eastern Mediterranean,YEAR,2003,,,,,,,,,14.72,14.71897666,,,,2025-12-05T13:23:08Z,2003,2003-01-01,2003-12-31
1548183,GHED_OOP_pc_US_SHA2011,COUNTRY,GRD,AMR,Americas,YEAR,2014,,,,,,,,,197.82,197.82367753,,,,2025-12-05T13:23:08Z,2014,2014-01-01,2014-12-31
1550654,GHED_OOP_pc_US_SHA2011,COUNTRY,LAO,WPR,Western Pacific,YEAR,2003,,,,,,,,,9.63,9.6328195,,,,2025-12-05T13:23:08Z,2003,2003-01-01,2003-12-31
1550718,GHED_OOP_pc_US_SHA2011,COUNTRY,SLV,AMR,Americas,YEAR,2000,,,,,,,,,70.54,70.54046434,,,,2025-12-05T13:23:08Z,2000,2000-01-01,2000-12-31
1552021,GHED_OOP_pc_US_SHA2011,REGION,EUR,,,YEAR,2018,,,,,,,,,504.44,504.44380646,,,,2025-12-05T13:23:08Z,2018,2018-01-01,2018-12-31
1553539,GHED_OOP_pc_US_SHA2011,COUNTRY,PLW,WPR,Western Pacific,YEAR,2019,,,,,,,,,286.08,286.07617878,,,,2025-12-05T13:23:08Z,2019,2019-01-01,2019-12-31
1554453,GHED_OOP_pc_US_SHA2011,COUNTRY,ESP,EUR,Europe,YEAR,2019,,,,,,,,,657.39,657.38740041,,,,2025-12-05T13:23:08Z,2019,2019-01-01,2019-12-31
1554543,GHED_OOP_pc_US_SHA2011,COUNTRY,VNM,WPR,Western Pacific,YEAR,2018,,,,,,,,,72.21,72.21173888,,,,2025-12-05T13:23:08Z,2018,2018-01-01,2018-12-31
1556605,GHED_OOP_pc_US_SHA2011,COUNTRY,DNK,EUR,Europe,YEAR,2008,,,,,,,,,863.68,863.68405646,,,,2025-12-05T13:23:08Z,2008,2008-01-01,2008-12-31
1558421,GHED_OOP_pc_US_SHA2011,COUNTRY,ISL,EUR,Europe,YEAR,2009,,,,,,,,,611.37,611.37005143,,,,2025-12-05T13:23:08Z,2009,2009-01-01,2009-12-31
1559304,GHED_OOP_pc_US_SHA2011,COUNTRY,MLT,EUR,Europe,YEAR,2010,,,,,,,,,573.16,573.1589491,,,,2025-12-05T13:23:08Z,2010,2010-01-01,2010-12-31
1570260,GHED_OOP_pc_US_SHA2011,COUNTRY,KNA,AMR,Americas,YEAR,2001,,,,,,,,,224.82,224.81594,,,,2025-12-05T13:23:08Z,2001,2001-01-01,2001-12-31
1573033,GHED_OOP_pc_US_SHA2011,COUNTRY,COG,AFR,Africa,YEAR,2023,,,,,,,,,21.13,21.13278592,,,,2025-12-05T13:23:08Z,2023,2023-01-01,2023-12-31
1578632,GHED_OOP_pc_US_SHA2011,COUNTRY,LTU,EUR,Europe,YEAR,2008,,,,,,,,,263.85,263.85164218,,,,2025-12-05T13:23:08Z,2008,2008-01-01,2008-12-31
1578828,GHED_OOP_pc_US_SHA2011,COUNTRY,BWA,AFR,Africa,YEAR,2008,,,,,,,,,18.87,18.87455929,,,,2025-12-05T13:23:08Z,2008,2008-01-01,2008-12-31
1582507,GHED_OOP_pc_US_SHA2011,COUNTRY,LBY,EMR,Eastern Mediterranean,YEAR,2007,,,,,,,,,90.17,90.16958886,,,,2025-12-05T13:23:08Z,2007,2007-01-01,2007-12-31
1589481,GHED_OOP_pc_US_SHA2011,COUNTRY,TTO,AMR,Americas,YEAR,2012,,,,,,,,,399.97,399.9731376,,,,2025-12-05T13:23:08Z,2012,2012-01-01,2012-12-31
1590538,GHED_OOP_pc_US_SHA2011,COUNTRY,GIN,AFR,Africa,YEAR,2008,,,,,,,,,16.30,16.29983489,,,,2025-12-05T13:23:08Z,2008,2008-01-01,2008-12-31
1590560,GHED_OOP_pc_US_SHA2011,COUNTRY,SAU,EMR,Eastern Mediterranean,YEAR,2015,,,,,,,,,188.32,188.31732029,,,,2025-12-05T13:23:08Z,2015,2015-01-01,2015-12-31
1594832,GHED_OOP_pc_US_SHA2011,COUNTRY,PNG,WPR,Western Pacific,YEAR,2012,,,,,,,,,6.48,6.48015909,,,,2025-12-05T13:23:08Z,2012,2012-01-01,2012-12-31
1597345,GHED_OOP_pc_US_SHA2011,COUNTRY,MLT,EUR,Europe,YEAR,2009,,,,,,,,,546.47,546.47279491,,,,2025-12-05T13:23:08Z,2009,2009-01-01,2009-12-31
1597864,GHED_OOP_pc_US_SHA2011,REGION,AMR,,,YEAR,2022,,,,,,,,,288.87,288.87386267,,,,2025-12-05T13:23:08Z,2022,2022-01-01,2022-12-31
1604352,GHED_OOP_pc_US_SHA2011,COUNTRY,KNA,AMR,Americas,YEAR,2021,,,,,,,,,439.52,439.52019688,,,,2025-12-05T13:23:08Z,2021,2021-01-01,2021-12-31
1604482,GHED_OOP_pc_US_SHA2011,COUNTRY,SWE,EUR,Europe,YEAR,2007,,,,,,,,,714.09,714.09079953,,,,2025-12-05T13:23:08Z,2007,2007-01-01,2007-12-31
1610045,GHED_OOP_pc_US_SHA2011,COUNTRY,DMA,AMR,Americas,YEAR,2004,,,,,,,,,103.19,103.18604209,,,,2025-12-05T13:23:08Z,2004,2004-01-01,2004-12-31
1613876,GHED_OOP_pc_US_SHA2011,COUNTRY,MRT,AFR,Africa,YEAR,2022,,,,,,,,,38.19,38.18625635,,,,2025-12-05T13:23:08Z,2022,2022-01-01,2022-12-31
1616299,GHED_OOP_pc_US_SHA2011,COUNTRY,STP,AFR,Africa,YEAR,2007,,,,,,,,,21.10,21.0991883,,,,2025-12-05T13:23:08Z,2007,2007-01-01,2007-12-31
1616390,GHED_OOP_pc_US_SHA2011,COUNTRY,ECU,AMR,Americas,YEAR,2013,,,,,,,,,148.99,148.98570281,,,,2025-12-05T13:23:08Z,2013,2013-01-01,2013-12-31
1616418,GHED_OOP_pc_US_SHA2011,COUNTRY,LAO,WPR,Western Pacific,YEAR,2020,,,,,,,,,21.34,21.33606622,,,,2025-12-05T13:23:08Z,2020,2020-01-01,2020-12-31
1617105,GHED_OOP_pc_US_SHA2011,COUNTRY,AFG,EMR,Eastern Mediterranean,YEAR,2022,,,,,,,,,62.86,62.86481346,,,,2025-12-05T13:23:08Z,2022,2022-01-01,2022-12-31
1618987,GHED_OOP_pc_US_SHA2011,COUNTRY,LCA,AMR,Americas,YEAR,2004,,,,,,,,,177.75,177.75382283,,,,2025-12-05T13:23:08Z,2004,2004-01-01,2004-12-31
1620788,GHED_OOP_pc_US_SHA2011,COUNTRY,URY,AMR,Americas,YEAR,2005,,,,,,,,,115.51,115.51448473,,,,2025-12-05T13:23:08Z,2005,2005-01-01,2005-12-31
1621702,GHED_OOP_pc_US_SHA2011,COUNTRY,DZA,AFR,Africa,YEAR,2013,,,,,,,,,98.84,98.83617098,,,,2025-12-05T13:23:08Z,2013,2013-01-01,2013-12-31
1624086,GHED_OOP_pc_US_SHA2011,COUNTRY,SLV,AMR,Americas,YEAR,2011,,,,,,,,,112.77,112.77469369,,,,2025-12-05T13:23:08Z,2011,2011-01-01,2011-12-31
1630136,GHED_OOP_pc_US_SHA2011,COUNTRY,PSE,EMR,Eastern Mediterranean,YEAR,2007,,,,,,,,,55.66,55.66016238,,,,2025-12-05T13:23:08Z,2007,2007-01-01,2007-12-31
1630205,GHED_OOP_pc_US_SHA2011,COUNTRY,KEN,AFR,Africa,YEAR,2020,,,,,,,,,20.20,20.2040989,,,,2025-12-05T13:23:08Z,2020,2020-01-01,2020-12-31
1631992,GHED_OOP_pc_US_SHA2011,COUNTRY,KIR,WPR,Western Pacific,YEAR,2007,,,,,,,,,0.25,0.24594466,,,,2025-12-05T13:23:08Z,2007,2007-01-01,2007-12-31
1633790,GHED_OOP_pc_US_SHA2011,COUNTRY,LSO,AFR,Africa,YEAR,2008,,,,,,,,,15.20,15.20449653,,,,2025-12-05T13:23:08Z,2008,2008-01-01,2008-12-31
1640106,GHED_OOP_pc_US_SHA2011,COUNTRY,SLV,AMR,Americas,YEAR,2002,,,,,,,,,74.82,74.81978625,,,,2025-12-05T13:23:08Z,2002,2002-01-01,2002-12-31
1643114,GHED_OOP_pc_US_SHA2011,COUNTRY,SGP,WPR,Western Pacific,YEAR,2008,,,,,,,,,597.87,597.87148537,,,,2025-12-05T13:23:08Z,2008,2008-01-01,2008-12-31
1644608,GHED_OOP_pc_US_SHA2011,COUNTRY,BRN,WPR,Western Pacific,YEAR,2003,,,,,,,,,93.02,93.02453386,,,,2025-12-05T13:23:08Z,2003,2003-01-01,2003-12-31
1646326,GHED_OOP_pc_US_SHA2011,COUNTRY,SOM,EMR,Eastern Mediterranean,YEAR,2018,,,,,,,,,5.52,5.52221663,,,,2025-12-05T13:23:08Z,2018,2018-01-01,2018-12-31
1647282,GHED_OOP_pc_US_SHA2011,COUNTRY,LBN,EMR,Eastern Mediterranean,YEAR,2001,,,,,,,,,228.46,228.4592664,,,,2025-12-05T13:23:08Z,2001,2001-01-01,2001-12-31
1647714,GHED_OOP_pc_US_SHA2011,GLOBAL,GLOBAL,,,YEAR,2021,,,,,,,,,251.64,251.64228809,,,,2025-12-05T13:23:08Z,2021,2021-01-01,2021-12-31
1647849,GHED_OOP_pc_US_SHA2011,COUNTRY,ALB,EUR,Europe,YEAR,2011,,,,,,,,,163.82,163.81640007,,,,2025-12-05T13:23:08Z,2011,2011-01-01,2011-12-31
1649139,GHED_OOP_pc_US_SHA2011,COUNTRY,COD,AFR,Africa,YEAR,2021,,,,,,,,,8.45,8.44729294,,,,2025-12-05T13:23:08Z,2021,2021-01-01,2021-12-31
1660043,GHED_OOP_pc_US_SHA2011,COUNTRY,IDN,WPR,Western Pacific,YEAR,2019,,,,,,,,,40.85,40.8463409,,,,2025-12-05T13:23:08Z,2019,2019-01-01,2019-12-31
1660312,GHED_OOP_pc_US_SHA2011,COUNTRY,MNE,EUR,Europe,YEAR,2020,,,,,,,,,327.58,327.57558122,,,,2025-12-05T13:23:08Z,2020,2020-01-01,2020-12-31
1661567,GHED_OOP_pc_US_SHA2011,COUNTRY,GRD,AMR,Americas,YEAR,2002,,,,,,,,,156.96,156.95979547,,,,2025-12-05T13:23:08Z,2002,2002-01-01,2002-12-31
1664531,GHED_OOP_pc_US_SHA2011,COUNTRY,IDN,WPR,Western Pacific,YEAR,2023,,,,,,,,,40.96,40.96120261,,,,2025-12-05T13:23:08Z,2023,2023-01-01,2023-12-31
1664723,GHED_OOP_pc_US_SHA2011,COUNTRY,MCO,EUR,Europe,YEAR,2023,,,,,,,,,676.64,676.63886602,,,,2025-12-05T13:23:08Z,2023,2023-01-01,2023-12-31
1666744,GHED_OOP_pc_US_SHA2011,COUNTRY,BFA,AFR,Africa,YEAR,2023,,,,,,,,,31.44,31.43548457,,,,2025-12-05T13:23:08Z,2023,2023-01-01,2023-12-31
1666861,GHED_OOP_pc_US_SHA2011,COUNTRY,IRL,EUR,Europe,YEAR,2016,,,,,,,,,639.50,639.50129243,,,,2025-12-05T13:23:08Z,2016,2016-01-01,2016-12-31
1668133,GHED_OOP_pc_US_SHA2011,COUNTRY,CAF,AFR,Africa,YEAR,2021,,,,,,,,,22.93,22.92857201,,,,2025-12-05T13:23:08Z,2021,2021-01-01,2021-12-31
1669925,GHED_OOP_pc_US_SHA2011,COUNTRY,USA,AMR,Americas,YEAR,2019,,,,,,,,,1193.10,1193.09588039,,,,2025-12-05T13:23:08Z,2019,2019-01-01,2019-12-31
1670058,GHED_OOP_pc_US_SHA2011,COUNTRY,FRA,EUR,Europe,YEAR,2007,,,,,,,,,410.89,410.89450372,,,,2025-12-05T13:23:08Z,2007,2007-01-01,2007-12-31
1671576,GHED_OOP_pc_US_SHA2011,COUNTRY,KAZ,EUR,Europe,YEAR,2015,,,,,,,,,99.50,99.49919459,,,,2025-12-05T13:23:08Z,2015,2015-01-01,2015-12-31
1673718,GHED_OOP_pc_US_SHA2011,COUNTRY,STP,AFR,Africa,YEAR,2010,,,,,,,,,15.66,15.66120987,,,,2025-12-05T13:23:08Z,2010,2010-01-01,2010-12-31
1674822,GHED_OOP_pc_US_SHA2011,COUNTRY,MWI,AFR,Africa,YEAR,2000,,,,,,,,,1.48,1.48346493,,,,2025-12-05T13:23:08Z,2000,2000-01-01,2000-12-31
1676120,GHED_OOP_pc_US_SHA2011,COUNTRY,NGA,AFR,Africa,YEAR,2004,,,,,,,,,27.64,27.63809471,,,,2025-12-05T13:23:08Z,2004,2004-01-01,2004-12-31
1677954,GHED_OOP_pc_US_SHA2011,COUNTRY,ETH,AFR,Africa,YEAR,2005,,,,,,,,,2.03,2.0314786,,,,2025-12-05T13:23:08Z,2005,2005-01-01,2005-12-31
1679219,GHED_OOP_pc_US_SHA2011,COUNTRY,IRQ,EMR,Eastern Mediterranean,YEAR,2013,,,,,,,,,109.41,109.40576999,,,,2025-12-05T13:23:08Z,2013,2013-01-01,2013-12-31
1680758,GHED_OOP_pc_US_SHA2011,COUNTRY,MMR,SEAR,South-East Asia,YEAR,2017,,,,,,,,,45.05,45.04745758,,,,2025-12-05T13:23:08Z,2017,2017-01-01,2017-12-31
1684111,GHED_OOP_pc_US_SHA2011,COUNTRY,BRA,AMR,Americas,YEAR,2018,,,,,,,,,218.53,218.53316661,,,,2025-12-05T13:23:08Z,2018,2018-01-01,2018-12-31
1685147,GHED_OOP_pc_US_SHA2011,COUNTRY,JOR,EMR,Eastern Mediterranean,YEAR,2016,,,,,,,,,91.64,91.63806292,,,,2025-12-05T13:23:08Z,2016,2016-01-01,2016-12-31
1686802,GHED_OOP_pc_US_SHA2011,REGION,WPR,,,YEAR,2005,,,,,,,,,100.53,100.53463597,,,,2025-12-05T13:23:08Z,2005,2005-01-01,2005-12-31
1692229,GHED_OOP_pc_US_SHA2011,COUNTRY,COG,AFR,Africa,YEAR,2007,,,,,,,,,20.63,20.62967662,,,,2025-12-05T13:23:08Z,2007,2007-01-01,2007-12-31
1692598,GHED_OOP_pc_US_SHA2011,COUNTRY,GRC,EUR,Europe,YEAR,2018,,,,,,,,,578.39,578.39160676,,,,2025-12-05T13:23:08Z,2018,2018-01-01,2018-12-31
1695276,GHED_OOP_pc_US_SHA2011,COUNTRY,IRQ,EMR,Eastern Mediterranean,YEAR,2009,,,,,,,,,31.34,31.34346092,,,,2025-12-05T13:23:08Z,2009,2009-01-01,2009-12-31
1697090,GHED_OOP_pc_US_SHA2011,COUNTRY,ZMB,AFR,Africa,YEAR,2003,,,,,,,,,7.60,7.60435877,,,,2025-12-05T13:23:08Z,2003,2003-01-01,2003-12-31
1697113,GHED_OOP_pc_US_SHA2011,WORLDBANKINCOMEGROUP,WB_HI,,,YEAR,2021,,,,,,,,,587.40,587.39780251,,,,2025-12-05T13:23:08Z,2021,2021-01-01,2021-12-31
1702646,GHED_OOP_pc_US_SHA2011,COUNTRY,CYP,EUR,Europe,YEAR,2013,,,,,,,,,819.20,819.19781876,,,,2025-12-05T13:23:08Z,2013,2013-01-01,2013-12-31
1703181,GHED_OOP_pc_US_SHA2011,COUNTRY,MMR,SEAR,South-East Asia,YEAR,2023,,,,,,,,,39.96,39.96499853,,,,2025-12-05T13:23:08Z,2023,2023-01-01,2023-12-31
1704749,GHED_OOP_pc_US_SHA2011,COUNTRY,KOR,WPR,Western Pacific,YEAR,2006,,,,,,,,,480.77,480.76833846,,,,2025-12-05T13:23:08Z,2006,2006-01-01,2006-12-31
1704822,GHED_OOP_pc_US_SHA2011,COUNTRY,MDV,SEAR,South-East Asia,YEAR,2017,,,,,,,,,197.94,197.94182463,,,,2025-12-05T13:23:08Z,2017,2017-01-01,2017-12-31
1712072,GHED_OOP_pc_US_SHA2011,COUNTRY,BHS,AMR,Americas,YEAR,2016,,,,,,,,,484.44,484.44304302,,,,2025-12-05T13:23:08Z,2016,2016-01-01,2016-12-31
1717622,GHED_OOP_pc_US_SHA2011,COUNTRY,FIN,EUR,Europe,YEAR,2014,,,,,,,,,868.19,868.19094843,,,,2025-12-05T13:23:08Z,2014,2014-01-01,2014-12-31
1718585,GHED_OOP_pc_US_SHA2011,COUNTRY,RWA,AFR,Africa,YEAR,2007,,,,,,,,,4.19,4.18511825,,,,2025-12-05T13:23:08Z,2007,2007-01-01,2007-12-31
1721220,GHED_OOP_pc_US_SHA2011,COUNTRY,BGR,EUR,Europe,YEAR,2022,,,,,,,,,374.15,374.1520157,,,,2025-12-05T13:23:08Z,2022,2022-01-01,2022-12-31
1722306,GHED_OOP_pc_US_SHA2011,COUNTRY,JPN,WPR,Western Pacific,YEAR,2002,,,,,,,,,385.46,385.45768385,,,,2025-12-05T13:23:08Z,2002,2002-01-01,2002-12-31
1724942,GHED_OOP_pc_US_SHA2011,COUNTRY,KNA,AMR,Americas,YEAR,2009,,,,,,,,,477.20,477.20152304,,,,2025-12-05T13:23:08Z,2009,2009-01-01,2009-12-31
1725030,GHED_OOP_pc_US_SHA2011,COUNTRY,NAM,AFR,Africa,YEAR,2012,,,,,,,,,60.07,60.06979826,,,,2025-12-05T13:23:08Z,2012,2012-01-01,2012-12-31
1730519,GHED_OOP_pc_US_SHA2011,COUNTRY,IRQ,EMR,Eastern Mediterranean,YEAR,2005,,,,,,,,,15.41,15.40930825,,,,2025-12-05T13:23:08Z,2005,2005-01-01,2005-12-31
1730687,GHED_OOP_pc_US_SHA2011,COUNTRY,GEO,EUR,Europe,YEAR,2008,,,,,,,,,187.56,187.55741229,,,,2025-12-05T13:23:08Z,2008,2008-01-01,2008-12-31
1736254,GHED_OOP_pc_US_SHA2011,COUNTRY,COL,AMR,Americas,YEAR,2014,,,,,,,,,95.76,95.75674684,,,,2025-12-05T13:23:08Z,2014,2014-01-01,2014-12-31
1737042,GHED_OOP_pc_US_SHA2011,COUNTRY,MCO,EUR,Europe,YEAR,2011,,,,,,,,,475.26,475.25721268,,,,2025-12-05T13:23:08Z,2011,2011-01-01,2011-12-31
1740088,GHED_OOP_pc_US_SHA2011,COUNTRY,ISL,EUR,Europe,YEAR,2017,,,,,,,,,978.20,978.20260116,,,,2025-12-05T13:23:08Z,2017,2017-01-01,2017-12-31
1745756,GHED_OOP_pc_US_SHA2011,COUNTRY,ZMB,AFR,Africa,YEAR,2011,,,,,,,,,7.84,7.84137746,,,,2025-12-05T13:23:08Z,2011,2011-01-01,2011-12-31
1748323,GHED_OOP_pc_US_SHA2011,COUNTRY,THA,SEAR,South-East Asia,YEAR,2022,,,,,,,,,34.08,34.08057777,,,,2025-12-05T13:23:08Z,2022,2022-01-01,2022-12-31
1748359,GHED_OOP_pc_US_SHA2011,COUNTRY,DEU,EUR,Europe,YEAR,2008,,,,,,,,,625.67,625.66860118,,,,2025-12-05T13:23:08Z,2008,2008-01-01,2008-12-31
1748678,GHED_OOP_pc_US_SHA2011,REGION,EUR,,,YEAR,2004,,,,,,,,,314.53,314.53357231,,,,2025-12-05T13:23:08Z,2004,2004-01-01,2004-12-31
1749324,GHED_OOP_pc_US_SHA2011,COUNTRY,BTN,SEAR,South-East Asia,YEAR,2023,,,,,,,,,41.30,41.2998749,,,,2025-12-05T13:23:08Z,2023,2023-01-01,2023-12-31
1749364,GHED_OOP_pc_US_SHA2011,COUNTRY,VUT,WPR,Western Pacific,YEAR,2021,,,,,,,,,11.13,11.12880487,,,,2025-12-05T13:23:08Z,2021,2021-01-01,2021-12-31
1749557,GHED_OOP_pc_US_SHA2011,COUNTRY,FIN,EUR,Europe,YEAR,2022,,,,,,,,,789.14,789.14070366,,,,2025-12-05T13:23:08Z,2022,2022-01-01,2022-12-31
1752655,GHED_OOP_pc_US_SHA2011,COUNTRY,DJI,EMR,Eastern Mediterranean,YEAR,2022,,,,,,,,,23.00,22.99561406,,,,2025-12-05T13:23:08Z,2022,2022-01-01,2022-12-31
1756530,GHED_OOP_pc_US_SHA2011,COUNTRY,ESP,EUR,Europe,YEAR,2000,,,,,,,,,244.53,244.52847457,,,,2025-12-05T13:23:08Z,2000,2000-01-01,2000-12-31
1761114,GHED_OOP_pc_US_SHA2011,COUNTRY,UKR,EUR,Europe,YEAR,2014,,,,,,,,,100.57,100.56913686,,,,2025-12-05T13:23:08Z,2014,2014-01-01,2014-12-31
1761170,GHED_OOP_pc_US_SHA2011,COUNTRY,LTU,EUR,Europe,YEAR,2022,,,,,,,,,582.39,582.38854626,,,,2025-12-05T13:23:08Z,2022,2022-01-01,2022-12-31
1763424,GHED_OOP_pc_US_SHA2011,COUNTRY,SLE,AFR,Africa,YEAR,2014,,,,,,,,,50.31,50.31193086,,,,2025-12-05T13:23:08Z,2014,2014-01-01,2014-12-31
1767293,GHED_OOP_pc_US_SHA2011,COUNTRY,BWA,AFR,Africa,YEAR,2021,,,,,,,,,20.99,20.9922568,,,,2025-12-05T13:23:08Z,2021,2021-01-01,2021-12-31
1769324,GHED_OOP_pc_US_SHA2011,COUNTRY,BTN,SEAR,South-East Asia,YEAR,2005,,,,,,,,,7.86,7.85694873,,,,2025-12-05T13:23:08Z,2005,2005-01-01,2005-12-31
1772883,GHED_OOP_pc_US_SHA2011,COUNTRY,PER,AMR,Americas,YEAR,2023,,,,,,,,,120.22,120.21585279,,,,2025-12-05T13:23:08Z,2023,2023-01-01,2023-12-31
1775023,GHED_OOP_pc_US_SHA2011,COUNTRY,TUV,WPR,Western Pacific,YEAR,2010,,,,,,,,,28.45,28.45385213,,,,2025-12-05T13:23:08Z,2010,2010-01-01,2010-12-31
1784460,GHED_OOP_pc_US_SHA2011,REGION,SEAR,,,YEAR,2012,,,,,,,,,45.61,45.61258751,,,,2025-12-05T13:23:08Z,2012,2012-01-01,2012-12-31
1790580,GHED_OOP_pc_US_SHA2011,COUNTRY,CIV,AFR,Africa,YEAR,2019,,,,,,,,,25.45,25.45065106,,,,2025-12-05T13:23:08Z,2019,2019-01-01,2019-12-31
1790793,GHED_OOP_pc_US_SHA2011,COUNTRY,CYP,EUR,Europe,YEAR,2004,,,,,,,,,641.97,641.96951714,,,,2025-12-05T13:23:08Z,2004,2004-01-01,2004-12-31
1791734,GHED_OOP_pc_US_SHA2011,COUNTRY,CZE,EUR,Europe,YEAR,2012,,,,,,,,,214.63,214.62987487,,,,2025-12-05T13:23:08Z,2012,2012-01-01,2012-12-31
1792279,GHED_OOP_pc_US_SHA2011,COUNTRY,DEU,EUR,Europe,YEAR,2012,,,,,,,,,640.08,640.07604448,,,,2025-12-05T13:23:08Z,2012,2012-01-01,2012-12-31
1793093,GHED_OOP_pc_US_SHA2011,COUNTRY,IRQ,EMR,Eastern Mediterranean,YEAR,2022,,,,,,,,,150.34,150.34436033,,,,2025-12-05T13:23:08Z,2022,2022-01-01,2022-12-31
1796974,GHED_OOP_pc_US_SHA2011,COUNTRY,SYR,EMR,Eastern Mediterranean,YEAR,2001,,,,,,,,,33.57,33.56652882,,,,2025-12-05T13:23:08Z,2001,2001-01-01,2001-12-31
1799596,GHED_OOP_pc_US_SHA2011,COUNTRY,VNM,WPR,Western Pacific,YEAR,2004,,,,,,,,,11.09,11.0881459,,,,2025-12-05T13:23:08Z,2004,2004-01-01,2004-12-31
1803509,GHED_OOP_pc_US_SHA2011,COUNTRY,THA,SEAR,South-East Asia,YEAR,2020,,,,,,,,,32.09,32.09026306,,,,2025-12-05T13:23:08Z,2020,2020-01-01,2020-12-31
1804865,GHED_OOP_pc_US_SHA2011,COUNTRY,GUY,AMR,Americas,YEAR,2020,,,,,,,,,82.08,82.07961535,,,,2025-12-05T13:23:08Z,2020,2020-01-01,2020-12-31
1812900,GHED_OOP_pc_US_SHA2011,COUNTRY,DZA,AFR,Africa,YEAR,2002,,,,,,,,,15.02,15.01995983,,,,2025-12-05T13:23:08Z,2002,2002-01-01,2002-12-31
1816313,GHED_OOP_pc_US_SHA2011,COUNTRY,FJI,WPR,Western Pacific,YEAR,2022,,,,,,,,,17.37,17.36981762,,,,2025-12-05T13:23:08Z,2022,2022-01-01,2022-12-31
1818479,GHED_OOP_pc_US_SHA2011,COUNTRY,EGY,EMR,Eastern Mediterranean,YEAR,2011,,,,,,,,,70.31,70.3131538,,,,2025-12-05T13:23:08Z,2011,2011-01-01,2011-12-31
1818686,GHED_OOP_pc_US_SHA2011,COUNTRY,JPN,WPR,Western Pacific,YEAR,2012,,,,,,,,,678.76,678.76009121,,,,2025-12-05T13:23:08Z,2012,2012-01-01,2012-12-31
1820038,GHED_OOP_pc_US_SHA2011,COUNTRY,CHL,AMR,Americas,YEAR,2023,,,,,,,,,600.72,600.71976328,,,,2025-12-05T13:23:08Z,2023,2023-01-01,2023-12-31
1822144,GHED_OOP_pc_US_SHA2011,COUNTRY,SYC,AFR,Africa,YEAR,2009,,,,,,,,,92.64,92.64197906,,,,2025-12-05T13:23:08Z,2009,2009-01-01,2009-12-31
1826611,GHED_OOP_pc_US_SHA2011,COUNTRY,ATG,AMR,Americas,YEAR,2021,,,,,,,,,172.18,172.18097082,,,,2025-12-05T13:23:08Z,2021,2021-01-01,2021-12-31
1830651,GHED_OOP_pc_US_SHA2011,COUNTRY,SAU,EMR,Eastern Mediterranean,YEAR,2022,,,,,,,,,234.05,234.05079713,,,,2025-12-05T13:23:08Z,2022,2022-01-01,2022-12-31
1833140,GHED_OOP_pc_US_SHA2011,COUNTRY,DNK,EUR,Europe,YEAR,2023,,,,,,,,,909.99,909.9850258,,,,2025-12-05T13:23:08Z,2023,2023-01-01,2023-12-31
1835370,GHED_OOP_pc_US_SHA2011,COUNTRY,VUT,WPR,Western Pacific,YEAR,2008,,,,,,,,,7.31,7.30678859,,,,2025-12-05T13:23:08Z,2008,2008-01-01,2008-12-31
1835659,GHED_OOP_pc_US_SHA2011,COUNTRY,GTM,AMR,Americas,YEAR,2022,,,,,,,,,231.25,231.24709741,,,,2025-12-05T13:23:08Z,2022,2022-01-01,2022-12-31
1839333,GHED_OOP_pc_US_SHA2011,COUNTRY,NZL,WPR,Western Pacific,YEAR,2000,,,,,,,,,161.95,161.95437474,,,,2025-12-05T13:23:08Z,2000,2000-01-01,2000-12-31
1842884,GHED_OOP_pc_US_SHA2011,COUNTRY,SYC,AFR,Africa,YEAR,2004,,,,,,,,,69.49,69.4873437,,,,2025-12-05T13:23:08Z,2004,2004-01-01,2004-12-31
1845353,GHED_OOP_pc_US_SHA2011,COUNTRY,MRT,AFR,Africa,YEAR,2013,,,,,,,,,27.85,27.85273865,,,,2025-12-05T13:23:08Z,2013,2013-01-01,2013-12-31
1852403,GHED_OOP_pc_US_SHA2011,COUNTRY,MAR,EMR,Eastern Mediterranean,YEAR,2011,,,,,,,,,97.09,97.08977838,,,,2025-12-05T13:23:08Z,2011,2011-01-01,2011-12-31
1858017,GHED_OOP_pc_US_SHA2011,REGION,AMR,,,YEAR,2015,,,,,,,,,239.71,239.71302549,,,,2025-12-05T13:23:08Z,2015,2015-01-01,2015-12-31
1858824,GHED_OOP_pc_US_SHA2011,COUNTRY,VEN,AMR,Americas,YEAR,2021,,,,,,,,,45.57,45.57279337,,,,2025-12-05T13:23:08Z,2021,2021-01-01,2021-12-31
1860731,GHED_OOP_pc_US_SHA2011,COUNTRY,NIC,AMR,Americas,YEAR,2020,,,,,,,,,53.53,53.53295677,,,,2025-12-05T13:23:08Z,2020,2020-01-01,2020-12-31
1861433,GHED_OOP_pc_US_SHA2011,REGION,AMR,,,YEAR,2023,,,,,,,,,304.07,304.06550997,,,,2025-12-05T13:23:08Z,2023,2023-01-01,2023-12-31
1863206,GHED_OOP_pc_US_SHA2011,COUNTRY,MKD,EUR,Europe,YEAR,2002,,,,,,,,,73.59,73.59494297,,,,2025-12-05T13:23:08Z,2002,2002-01-01,2002-12-31
1873801,GHED_OOP_pc_US_SHA2011,COUNTRY,RUS,EUR,Europe,YEAR,2017,,,,,,,,,233.67,233.67265995,,,,2025-12-05T13:23:08Z,2017,2017-01-01,2017-12-31
1875655,GHED_OOP_pc_US_SHA2011,COUNTRY,MLI,AFR,Africa,YEAR,2000,,,,,,,,,9.64,9.63761458,,,,2025-12-05T13:23:08Z,2000,2000-01-01,2000-12-31
1887134,GHED_OOP_pc_US_SHA2011,COUNTRY,DMA,AMR,Americas,YEAR,2015,,,,,,,,,134.94,134.93741509,,,,2025-12-05T13:23:08Z,2015,2015-01-01,2015-12-31
1892449,GHED_OOP_pc_US_SHA2011,COUNTRY,CUB,AMR,Americas,YEAR,2006,,,,,,,,,55.18,55.17552987,,,,2025-12-05T13:23:08Z,2006,2006-01-01,2006-12-31
1900291,GHED_OOP_pc_US_SHA2011,COUNTRY,GBR,EUR,Europe,YEAR,2009,,,,,,,,,472.66,472.6559702,,,,2025-12-05T13:23:08Z,2009,2009-01-01,2009-12-31
1900823,GHED_OOP_pc_US_SHA2011,COUNTRY,THA,SEAR,South-East Asia,YEAR,2006,,,,,,,,,18.23,18.23268169,,,,2025-12-05T13:23:08Z,2006,2006-01-01,2006-12-31
1906042,GHED_OOP_pc_US_SHA2011,COUNTRY,IRQ,EMR,Eastern Mediterranean,YEAR,2023,,,,,,,,,179.92,179.91980897,,,,2025-12-05T13:23:08Z,2023,2023-01-01,2023-12-31
1906438,GHED_OOP_pc_US_SHA2011,COUNTRY,KOR,WPR,Western Pacific,YEAR,2009,,,,,,,,,450.92,450.92122695,,,,2025-12-05T13:23:08Z,2009,2009-01-01,2009-12-31
1907317,GHED_OOP_pc_US_SHA2011,WORLDBANKINCOMEGROUP,WB_UMI,,,YEAR,2000,,,,,,,,,50.21,50.20899573,,,,2025-12-05T13:23:08Z,2000,2000-01-01,2000-12-31
1909040,GHED_OOP_pc_US_SHA2011,COUNTRY,COD,AFR,Africa,YEAR,2019,,,,,,,,,7.39,7.39455033,,,,2025-12-05T13:23:08Z,2019,2019-01-01,2019-12-31
1909457,GHED_OOP_pc_US_SHA2011,COUNTRY,PNG,WPR,Western Pacific,YEAR,2006,,,,,,,,,2.44,2.43533624,,,,2025-12-05T13:23:08Z,2006,2006-01-01,2006-12-31
1914008,GHED_OOP_pc_US_SHA2011,COUNTRY,CMR,AFR,Africa,YEAR,2004,,,,,,,,,31.22,31.22143797,,,,2025-12-05T13:23:08Z,2004,2004-01-01,2004-12-31
1914958,GHED_OOP_pc_US_SHA2011,COUNTRY,TZA,AFR,Africa,YEAR,2023,,,,,,,,,10.13,10.12682116,,,,2025-12-05T13:23:08Z,2023,2023-01-01,2023-12-31
1915722,GHED_OOP_pc_US_SHA2011,COUNTRY,PER,AMR,Americas,YEAR,2008,,,,,,,,,82.98,82.98405126,,,,2025-12-05T13:23:08Z,2008,2008-01-01,2008-12-31
1918479,GHED_OOP_pc_US_SHA2011,COUNTRY,MLT,EUR,Europe,YEAR,2006,,,,,,,,,438.44,438.43672547,,,,2025-12-05T13:23:08Z,2006,2006-01-01,2006-12-31
1920092,GHED_OOP_pc_US_SHA2011,COUNTRY,GRD,AMR,Americas,YEAR,2016,,,,,,,,,228.15,228.14619914,,,,2025-12-05T13:23:08Z,2016,2016-01-01,2016-12-31
1924419,GHED_OOP_pc_US_SHA2011,COUNTRY,PHL,WPR,Western Pacific,YEAR,2009,,,,,,,,,43.15,43.15219559,,,,2025-12-05T13:23:08Z,2009,2009-01-01,2009-12-31
1929967,GHED_OOP_pc_US_SHA2011,COUNTRY,MDG,AFR,Africa,YEAR,2011,,,,,,,,,6.40,6.40216012,,,,2025-12-05T13:23:08Z,2011,2011-01-01,2011-12-31
1933347,GHED_OOP_pc_US_SHA2011,COUNTRY,HRV,EUR,Europe,YEAR,2003,,,,,,,,,85.21,85.21052646,,,,2025-12-05T13:23:08Z,2003,2003-01-01,2003-12-31
1934079,GHED_OOP_pc_US_SHA2011,COUNTRY,BLR,EUR,Europe,YEAR,2013,,,,,,,,,153.59,153.59182162,,,,2025-12-05T13:23:08Z,2013,2013-01-01,2013-12-31
1934594,GHED_OOP_pc_US_SHA2011,COUNTRY,TTO,AMR,Americas,YEAR,2003,,,,,,,,,174.22,174.21879897,,,,2025-12-05T13:23:08Z,2003,2003-01-01,2003-12-31
1936696,GHED_OOP_pc_US_SHA2011,COUNTRY,FIN,EUR,Europe,YEAR,2006,,,,,,,,,642.58,642.57551613,,,,2025-12-05T13:23:08Z,2006,2006-01-01,2006-12-31
1937599,GHED_OOP_pc_US_SHA2011,COUNTRY,KHM,WPR,Western Pacific,YEAR,2000,,,,,,,,,13.25,13.25465621,,,,2025-12-05T13:23:08Z,2000,2000-01-01,2000-12-31
1940014,GHED_OOP_pc_US_SHA2011,COUNTRY,TCD,AFR,Africa,YEAR,2013,,,,,,,,,22.63,22.6308111,,,,2025-12-05T13:23:08Z,2013,2013-01-01,2013-12-31
1942784,GHED_OOP_pc_US_SHA2011,COUNTRY,VCT,AMR,Americas,YEAR,2012,,,,,,,,,95.18,95.18335148,,,,2025-12-05T13:23:08Z,2012,2012-01-01,2012-12-31
1943562,GHED_OOP_pc_US_SHA2011,COUNTRY,EGY,EMR,Eastern Mediterranean,YEAR,2002,,,,,,,,,40.81,40.81029378,,,,2025-12-05T13:23:08Z,2002,2002-01-01,2002-12-31
1944226,GHED_OOP_pc_US_SHA2011,COUNTRY,NZL,WPR,Western Pacific,YEAR,2017,,,,,,,,,538.60,538.60496334,,,,2025-12-05T13:23:08Z,2017,2017-01-01,2017-12-31
1944246,GHED_OOP_pc_US_SHA2011,COUNTRY,YEM,EMR,Eastern Mediterranean,YEAR,2021,,,,,,,,,33.93,33.92829454,,,,2025-12-05T13:23:08Z,2021,2021-01-01,2021-12-31
1944665,GHED_OOP_pc_US_SHA2011,REGION,EMR,,,YEAR,2017,,,,,,,,,110.40,110.39690381,,,,2025-12-05T13:23:08Z,2017,2017-01-01,2017-12-31
1946866,GHED_OOP_pc_US_SHA2011,COUNTRY,HND,AMR,Americas,YEAR,2022,,,,,,,,,128.17,128.16773755,,,,2025-12-05T13:23:08Z,2022,2022-01-01,2022-12-31
1953892,GHED_OOP_pc_US_SHA2011,COUNTRY,YEM,EMR,Eastern Mediterranean,YEAR,2000,,,,,,,,,9.97,9.96538094,,,,2025-12-05T13:23:08Z,2000,2000-01-01,2000-12-31
1956088,GHED_OOP_pc_US_SHA2011,COUNTRY,IRN,EMR,Eastern Mediterranean,YEAR,2007,,,,,,,,,126.39,126.3908345,,,,2025-12-05T13:23:08Z,2007,2007-01-01,2007-12-31
1957302,GHED_OOP_pc_US_SHA2011,COUNTRY,MDA,EUR,Europe,YEAR,2017,,,,,,,,,106.44,106.44431101,,,,2025-12-05T13:23:08Z,2017,2017-01-01,2017-12-31
1961598,GHED_OOP_pc_US_SHA2011,COUNTRY,BRB,AMR,Americas,YEAR,2019,,,,,,,,,545.44,545.43747375,,,,2025-12-05T13:23:08Z,2019,2019-01-01,2019-12-31
1961974,GHED_OOP_pc_US_SHA2011,COUNTRY,CRI,AMR,Americas,YEAR,2017,,,,,,,,,184.45,184.44733524,,,,2025-12-05T13:23:08Z,2017,2017-01-01,2017-12-31
1962255,GHED_OOP_pc_US_SHA2011,COUNTRY,GUY,AMR,Americas,YEAR,2008,,,,,,,,,49.00,48.99766274,,,,2025-12-05T13:23:08Z,2008,2008-01-01,2008-12-31
1962699,GHED_OOP_pc_US_SHA2011,COUNTRY,AUS,WPR,Western Pacific,YEAR,2006,,,,,,,,,627.02,627.01812254,,,,2025-12-05T13:23:08Z,2006,2006-01-01,2006-12-31
1965478,GHED_OOP_pc_US_SHA2011,COUNTRY,DJI,EMR,Eastern Mediterranean,YEAR,2010,,,,,,,,,14.74,14.74058624,,,,2025-12-05T13:23:08Z,2010,2010-01-01,2010-12-31
1969019,GHED_OOP_pc_US_SHA2011,COUNTRY,OMN,EMR,Eastern Mediterranean,YEAR,2008,,,,,,,,,58.09,58.08849113,,,,2025-12-05T13:23:08Z,2008,2008-01-01,2008-12-31
1969849,GHED_OOP_pc_US_SHA2011,COUNTRY,KNA,AMR,Americas,YEAR,2019,,,,,,,,,567.47,567.46761217,,,,2025-12-05T13:23:08Z,2019,2019-01-01,2019-12-31
1970131,GHED_OOP_pc_US_SHA2011,COUNTRY,ZAF,AFR,Africa,YEAR,2004,,,,,,,,,42.92,42.91611695,,,,2025-12-05T13:23:08Z,2004,2004-01-01,2004-12-31
1971535,GHED_OOP_pc_US_SHA2011,COUNTRY,PRY,AMR,Americas,YEAR,2020,,,,,,,,,155.98,155.97936566,,,,2025-12-05T13:23:08Z,2020,2020-01-01,2020-12-31
1971635,GHED_OOP_pc_US_SHA2011,COUNTRY,SGP,WPR,Western Pacific,YEAR,2003,,,,,,,,,412.43,412.43047833,,,,2025-12-05T13:23:08Z,2003,2003-01-01,2003-12-31
1972482,GHED_OOP_pc_US_SHA2011,COUNTRY,FRA,EUR,Europe,YEAR,2018,,,,,,,,,490.22,490.21699741,,,,2025-12-05T13:23:08Z,2018,2018-01-01,2018-12-31
1976438,GHED_OOP_pc_US_SHA2011,COUNTRY,STP,AFR,Africa,YEAR,2005,,,,,,,,,26.76,26.75974405,,,,2025-12-05T13:23:08Z,2005,2005-01-01,2005-12-31
1980593,GHED_OOP_pc_US_SHA2011,COUNTRY,ITA,EUR,Europe,YEAR,2013,,,,,,,,,714.08,714.08270691,,,,2025-12-05T13:23:08Z,2013,2013-01-01,2013-12-31
1983982,GHED_OOP_pc_US_SHA2011,COUNTRY,NAM,AFR,Africa,YEAR,2009,,,,,,,,,32.64,32.64229441,,,,2025-12-05T13:23:08Z,2009,2009-01-01,2009-12-31
1984149,GHED_OOP_pc_US_SHA2011,COUNTRY,JOR,EMR,Eastern Mediterranean,YEAR,2006,,,,,,,,,73.95,73.95206351,,,,2025-12-05T13:23:08Z,2006,2006-01-01,2006-12-31
1989060,GHED_OOP_pc_US_SHA2011,COUNTRY,ETH,AFR,Africa,YEAR,2020,,,,,,,,,9.35,9.35478487,,,,2025-12-05T13:23:08Z,2020,2020-01-01,2020-12-31
1991064,GHED_OOP_pc_US_SHA2011,COUNTRY,IDN,WPR,Western Pacific,YEAR,2017,,,,,,,,,39.91,39.91350475,,,,2025-12-05T13:23:08Z,2017,2017-01-01,2017-12-31
1993970,GHED_OOP_pc_US_SHA2011,COUNTRY,VNM,WPR,Western Pacific,YEAR,2000,,,,,,,,,7.29,7.28680746,,,,2025-12-05T13:23:08Z,2000,2000-01-01,2000-12-31
1997700,GHED_OOP_pc_US_SHA2011,COUNTRY,JPN,WPR,Western Pacific,YEAR,2022,,,,,,,,,468.42,468.41951085,,,,2025-12-05T13:23:08Z,2022,2022-01-01,2022-12-31
1997924,GHED_OOP_pc_US_SHA2011,COUNTRY,BRB,AMR,Americas,YEAR,2003,,,,,,,,,290.01,290.01040939,,,,2025-12-05T13:23:08Z,2003,2003-01-01,2003-12-31
2000720,GHED_OOP_pc_US_SHA2011,COUNTRY,CHL,AMR,Americas,YEAR,2008,,,,,,,,,269.15,269.15282685,,,,2025-12-05T13:23:08Z,2008,2008-01-01,2008-12-31
2000788,GHED_OOP_pc_US_SHA2011,COUNTRY,MRT,AFR,Africa,YEAR,2020,,,,,,,,,33.16,33.15545185,,,,2025-12-05T13:23:08Z,2020,2020-01-01,2020-12-31
2001841,GHED_OOP_pc_US_SHA2011,COUNTRY,MUS,AFR,Africa,YEAR,2020,,,,,,,,,236.21,236.20789106,,,,2025-12-05T13:23:08Z,2020,2020-01-01,2020-12-31
2006354,GHED_OOP_pc_US_SHA2011,COUNTRY,AND,EUR,Europe,YEAR,2001,,,,,,,,,214.29,214.29484225,,,,2025-12-05T13:23:08Z,2001,2001-01-01,2001-12-31
2006760,GHED_OOP_pc_US_SHA2011,COUNTRY,TGO,AFR,Africa,YEAR,2003,,,,,,,,,13.82,13.82069046,,,,2025-12-05T13:23:08Z,2003,2003-01-01,2003-12-31
2007187,GHED_OOP_pc_US_SHA2011,COUNTRY,SUR,AMR,Americas,YEAR,2018,,,,,,,,,82.23,82.22647698,,,,2025-12-05T13:23:08Z,2018,2018-01-01,2018-12-31
2009996,GHED_OOP_pc_US_SHA2011,COUNTRY,ALB,EUR,Europe,YEAR,2007,,,,,,,,,103.41,103.4070908,,,,2025-12-05T13:23:08Z,2007,2007-01-01,2007-12-31
2016102,GHED_OOP_pc_US_SHA2011,COUNTRY,URY,AMR,Americas,YEAR,2022,,,,,,,,,302.18,302.18090224,,,,2025-12-05T13:23:08Z,2022,2022-01-01,2022-12-31
2018963,GHED_OOP_pc_US_SHA2011,COUNTRY,NER,AFR,Africa,YEAR,2017,,,,,,,,,14.06,14.05749325,,,,2025-12-05T13:23:08Z,2017,2017-01-01,2017-12-31
2019383,GHED_OOP_pc_US_SHA2011,COUNTRY,ZAF,AFR,Africa,YEAR,2008,,,,,,,,,39.09,39.09490629,,,,2025-12-05T13:23:08Z,2008,2008-01-01,2008-12-31
2019910,GHED_OOP_pc_US_SHA2011,COUNTRY,GNQ,AFR,Africa,YEAR,2001,,,,,,,,,16.08,16.07630185,,,,2025-12-05T13:23:08Z,2001,2001-01-01,2001-12-31
2020206,GHED_OOP_pc_US_SHA2011,COUNTRY,PNG,WPR,Western Pacific,YEAR,2020,,,,,,,,,5.83,5.8300062,,,,2025-12-05T13:23:08Z,2020,2020-01-01,2020-12-31
2021083,GHED_OOP_pc_US_SHA2011,COUNTRY,BHR,EMR,Eastern Mediterranean,YEAR,2017,,,,,,,,,345.57,345.57429038,,,,2025-12-05T13:23:08Z,2017,2017-01-01,2017-12-31
2025907,GHED_OOP_pc_US_SHA2011,REGION,WPR,,,YEAR,2001,,,,,,,,,66.84,66.8449927,,,,2025-12-05T13:23:08Z,2001,2001-01-01,2001-12-31
2031415,GHED_OOP_pc_US_SHA2011,COUNTRY,COD,AFR,Africa,YEAR,2022,,,,,,,,,9.04,9.03926761,,,,2025-12-05T13:23:08Z,2022,2022-01-01,2022-12-31
2031687,GHED_OOP_pc_US_SHA2011,COUNTRY,SAU,EMR,Eastern Mediterranean,YEAR,2018,,,,,,,,,236.72,236.72255532,,,,2025-12-05T13:23:08Z,2018,2018-01-01,2018-12-31
2032496,GHED_OOP_pc_US_SHA2011,COUNTRY,PRY,AMR,Americas,YEAR,2011,,,,,,,,,168.92,168.92471834,,,,2025-12-05T13:23:08Z,2011,2011-01-01,2011-12-31
2034133,GHED_OOP_pc_US_SHA2011,REGION,WPR,,,YEAR,2014,,,,,,,,,164.63,164.63010316,,,,2025-12-05T13:23:08Z,2014,2014-01-01,2014-12-31
2044052,GHED_OOP_pc_US_SHA2011,COUNTRY,KGZ,EUR,Europe,YEAR,2009,,,,,,,,,23.13,23.13073146,,,,2025-12-05T13:23:08Z,2009,2009-01-01,2009-12-31
2046687,GHED_OOP_pc_US_SHA2011,COUNTRY,ROU,EUR,Europe,YEAR,2023,,,,,,,,,241.32,241.32438823,,,,2025-12-05T13:23:08Z,2023,2023-01-01,2023-12-31
2047327,GHED_OOP_pc_US_SHA2011,COUNTRY,KAZ,EUR,Europe,YEAR,2021,,,,,,,,,98.07,98.07255489,,,,2025-12-05T13:23:08Z,2021,2021-01-01,2021-12-31
2051389,GHED_OOP_pc_US_SHA2011,COUNTRY,MKD,EUR,Europe,YEAR,2018,,,,,,,,,175.89,175.88954215,,,,2025-12-05T13:23:08Z,2018,2018-01-01,2018-12-31
2051969,GHED_OOP_pc_US_SHA2011,COUNTRY,MLI,AFR,Africa,YEAR,2021,,,,,,,,,13.47,13.47461863,,,,2025-12-05T13:23:08Z,2021,2021-01-01,2021-12-31
2054010,GHED_OOP_pc_US_SHA2011,COUNTRY,VUT,WPR,Western Pacific,YEAR,2010,,,,,,,,,8.79,8.79260909,,,,2025-12-05T13:23:08Z,2010,2010-01-01,2010-12-31
2057643,GHED_OOP_pc_US_SHA2011,COUNTRY,BFA,AFR,Africa,YEAR,2006,,,,,,,,,9.33,9.33256247,,,,2025-12-05T13:23:08Z,2006,2006-01-01,2006-12-31
2057869,GHED_OOP_pc_US_SHA2011,COUNTRY,CHE,EUR,Europe,YEAR,2017,,,,,,,,,2016.68,2016.67579883,,,,2025-12-05T13:23:08Z,2017,2017-01-01,2017-12-31
2059725,GHED_OOP_pc_US_SHA2011,COUNTRY,FRA,EUR,Europe,YEAR,2003,,,,,,,,,221.76,221.76373315,,,,2025-12-05T13:23:08Z,2003,2003-01-01,2003-12-31
2059878,GHED_OOP_pc_US_SHA2011,COUNTRY,COL,AMR,Americas,YEAR,2003,,,,,,,,,11.16,11.16106176,,,,2025-12-05T13:23:08Z,2003,2003-01-01,2003-12-31
2061804,GHED_OOP_pc_US_SHA2011,COUNTRY,KHM,WPR,Western Pacific,YEAR,2005,,,,,,,,,19.80,19.80403177,,,,2025-12-05T13:23:08Z,2005,2005-01-01,2005-12-31
2069524,GHED_OOP_pc_US_SHA2011,COUNTRY,BOL,AMR,Americas,YEAR,2011,,,,,,,,,38.94,38.93627903,,,,2025-12-05T13:23:08Z,2011,2011-01-01,2011-12-31
2071692,GHED_OOP_pc_US_SHA2011,COUNTRY,CYP,EUR,Europe,YEAR,2006,,,,,,,,,712.37,712.36832008,,,,2025-12-05T13:23:08Z,2006,2006-01-01,2006-12-31
2076136,GHED_OOP_pc_US_SHA2011,COUNTRY,SVK,EUR,Europe,YEAR,2020,,,,,,,,,261.33,261.32794126,,,,2025-12-05T13:23:08Z,2020,2020-01-01,2020-12-31
2076243,GHED_OOP_pc_US_SHA2011,COUNTRY,BRA,AMR,Americas,YEAR,2008,,,,,,,,,220.41,220.41109407,,,,2025-12-05T13:23:08Z,2008,2008-01-01,2008-12-31
2076480,GHED_OOP_pc_US_SHA2011,COUNTRY,LBR,AFR,Africa,YEAR,2022,,,,,,,,,62.60,62.59643626,,,,2025-12-05T13:23:08Z,2022,2022-01-01,2022-12-31
2077976,GHED_OOP_pc_US_SHA2011,COUNTRY,COM,AFR,Africa,YEAR,2021,,,,,,,,,55.83,55.83046015,,,,2025-12-05T13:23:08Z,2021,2021-01-01,2021-12-31
2080571,GHED_OOP_pc_US_SHA2011,COUNTRY,LCA,AMR,Americas,YEAR,2022,,,,,,,,,235.30,235.30313286,,,,2025-12-05T13:23:08Z,2022,2022-01-01,2022-12-31
2083091,GHED_OOP_pc_US_SHA2011,COUNTRY,KAZ,EUR,Europe,YEAR,2023,,,,,,,,,135.37,135.36827326,,,,2025-12-05T13:23:08Z,2023,2023-01-01,2023-12-31
2083937,GHED_OOP_pc_US_SHA2011,COUNTRY,LIE,EUR,Europe,YEAR,2016,,,,,,,,,2055.66,2055.65910318,,,,2025-12-05T13:23:08Z,2016,2016-01-01,2016-12-31
2084172,GHED_OOP_pc_US_SHA2011,COUNTRY,GAB,AFR,Africa,YEAR,2020,,,,,,,,,46.29,46.29437445,,,,2025-12-05T13:23:08Z,2020,2020-01-01,2020-12-31
2089219,GHED_OOP_pc_US_SHA2011,COUNTRY,IRN,EMR,Eastern Mediterranean,YEAR,2010,,,,,,,,,252.20,252.20355399,,,,2025-12-05T13:23:08Z,2010,2010-01-01,2010-12-31
2090159,GHED_OOP_pc_US_SHA2011,COUNTRY,STP,AFR,Africa,YEAR,2017,,,,,,,,,17.28,17.27751999,,,,2025-12-05T13:23:08Z,2017,2017-01-01,2017-12-31
2091846,GHED_OOP_pc_US_SHA2011,COUNTRY,PSE,EMR,Eastern Mediterranean,YEAR,2004,,,,,,,,,54.56,54.56285326,,,,2025-12-05T13:23:08Z,2004,2004-01-01,2004-12-31
2092499,GHED_OOP_pc_US_SHA2011,COUNTRY,BRA,AMR,Americas,YEAR,2000,,,,,,,,,114.87,114.87245997,,,,2025-12-05T13:23:08Z,2000,2000-01-01,2000-12-31
2095046,GHED_OOP_pc_US_SHA2011,COUNTRY,MDV,SEAR,South-East Asia,YEAR,2011,,,,,,,,,233.44,233.44368584,,,,2025-12-05T13:23:08Z,2011,2011-01-01,2011-12-31
2095585,GHED_OOP_pc_US_SHA2011,COUNTRY,CIV,AFR,Africa,YEAR,2012,,,,,,,,,36.89,36.88583673,,,,2025-12-05T13:23:08Z,2012,2012-01-01,2012-12-31
2097288,GHED_OOP_pc_US_SHA2011,COUNTRY,QAT,EMR,Eastern Mediterranean,YEAR,2009,,,,,,,,,256.88,256.87570433,,,,2025-12-05T13:23:08Z,2009,2009-01-01,2009-12-31
2099113,GHED_OOP_pc_US_SHA2011,COUNTRY,SDN,EMR,Eastern Mediterranean,YEAR,2011,,,,,,,,,52.99,52.99033237,,,,2025-12-05T13:23:08Z,2011,2011-01-01,2011-12-31
2103135,GHED_OOP_pc_US_SHA2011,COUNTRY,CRI,AMR,Americas,YEAR,2011,,,,,,,,,194.26,194.25765664,,,,2025-12-05T13:23:08Z,2011,2011-01-01,2011-12-31
2104993,GHED_OOP_pc_US_SHA2011,COUNTRY,DZA,AFR,Africa,YEAR,2019,,,,,,,,,91.80,91.80070219,,,,2025-12-05T13:23:08Z,2019,2019-01-01,2019-12-31
2109325,GHED_OOP_pc_US_SHA2011,COUNTRY,CMR,AFR,Africa,YEAR,2022,,,,,,,,,48.87,48.87056392,,,,2025-12-05T13:23:08Z,2022,2022-01-01,2022-12-31
2110373,GHED_OOP_pc_US_SHA2011,COUNTRY,PER,AMR,Americas,YEAR,2000,,,,,,,,,33.69,33.69074092,,,,2025-12-05T13:23:08Z,2000,2000-01-01,2000-12-31
2114257,GHED_OOP_pc_US_SHA2011,COUNTRY,THA,SEAR,South-East Asia,YEAR,2016,,,,,,,,,24.85,24.84672789,,,,2025-12-05T13:23:08Z,2016,2016-01-01,2016-12-31
2115038,GHED_OOP_pc_US_SHA2011,COUNTRY,BLZ,AMR,Americas,YEAR,2019,,,,,,,,,67.62,67.61728939,,,,2025-12-05T13:23:08Z,2019,2019-01-01,2019-12-31
2116750,GHED_OOP_pc_US_SHA2011,WORLDBANKINCOMEGROUP,WB_LI,,,YEAR,2002,,,,,,,,,8.20,8.1990783,,,,2025-12-05T13:23:08Z,2002,2002-01-01,2002-12-31
2116948,GHED_OOP_pc_US_SHA2011,COUNTRY,FIN,EUR,Europe,YEAR,2001,,,,,,,,,384.15,384.15164457,,,,2025-12-05T13:23:08Z,2001,2001-01-01,2001-12-31
2118589,GHED_OOP_pc_US_SHA2011,COUNTRY,NIU,WPR,Western Pacific,YEAR,2003,,,,,,,,,7.13,7.12528156,,,,2025-12-05T13:23:08Z,2003,2003-01-01,2003-12-31
2121542,GHED_OOP_pc_US_SHA2011,COUNTRY,USA,AMR,Americas,YEAR,2007,,,,,,,,,972.67,972.67462449,,,,2025-12-05T13:23:08Z,2007,2007-01-01,2007-12-31
2124763,GHED_OOP_pc_US_SHA2011,COUNTRY,FJI,WPR,Western Pacific,YEAR,2021,,,,,,,,,81.93,81.93415574,,,,2025-12-05T13:23:08Z,2021,2021-01-01,2021-12-31
2126603,GHED_OOP_pc_US_SHA2011,COUNTRY,SWE,EUR,Europe,YEAR,2020,,,,,,,,,779.16,779.16081775,,,,2025-12-05T13:23:08Z,2020,2020-01-01,2020-12-31
2130332,GHED_OOP_pc_US_SHA2011,COUNTRY,MLT,EUR,Europe,YEAR,2007,,,,,,,,,499.18,499.18492406,,,,2025-12-05T13:23:08Z,2007,2007-01-01,2007-12-31
2134091,GHED_OOP_pc_US_SHA2011,COUNTRY,AGO,AFR,Africa,YEAR,2013,,,,,,,,,30.48,30.48345853,,,,2025-12-05T13:23:08Z,2013,2013-01-01,2013-12-31
2135744,GHED_OOP_pc_US_SHA2011,COUNTRY,DMA,AMR,Americas,YEAR,2013,,,,,,,,,135.12,135.11968459,,,,2025-12-05T13:23:08Z,2013,2013-01-01,2013-12-31
2140086,GHED_OOP_pc_US_SHA2011,COUNTRY,KGZ,EUR,Europe,YEAR,2014,,,,,,,,,52.47,52.4707277,,,,2025-12-05T13:23:08Z,2014,2014-01-01,2014-12-31
2140456,GHED_OOP_pc_US_SHA2011,COUNTRY,BHR,EMR,Eastern Mediterranean,YEAR,2020,,,,,,,,,288.99,288.98969676,,,,2025-12-05T13:23:08Z,2020,2020-01-01,2020-12-31
2145230,GHED_OOP_pc_US_SHA2011,COUNTRY,TZA,AFR,Africa,YEAR,2010,,,,,,,,,11.86,11.85977394,,,,2025-12-05T13:23:08Z,2010,2010-01-01,2010-12-31
2148714,GHED_OOP_pc_US_SHA2011,COUNTRY,MDV,SEAR,South-East Asia,YEAR,2016,,,,,,,,,192.76,192.75736638,,,,2025-12-05T13:23:08Z,2016,2016-01-01,2016-12-31
2151758,GHED_OOP_pc_US_SHA2011,COUNTRY,IRQ,EMR,Eastern Mediterranean,YEAR,2018,,,,,,,,,117.35,117.35008232,,,,2025-12-05T13:23:08Z,2018,2018-01-01,2018-12-31
2155208,GHED_OOP_pc_US_SHA2011,COUNTRY,DNK,EUR,Europe,YEAR,2010,,,,,,,,,843.94,843.94437074,,,,2025-12-05T13:23:08Z,2010,2010-01-01,2010-12-31
2155977,GHED_OOP_pc_US_SHA2011,COUNTRY,UGA,AFR,Africa,YEAR,2019,,,,,,,,,12.77,12.76577324,,,,2025-12-05T13:23:08Z,2019,2019-01-01,2019-12-31
2158953,GHED_OOP_pc_US_SHA2011,COUNTRY,MCO,EUR,Europe,YEAR,2009,,,,,,,,,451.11,451.10979335,,,,2025-12-05T13:23:08Z,2009,2009-01-01,2009-12-31
2159011,GHED_OOP_pc_US_SHA2011,COUNTRY,MRT,AFR,Africa,YEAR,2019,,,,,,,,,32.94,32.94027915,,,,2025-12-05T13:23:08Z,2019,2019-01-01,2019-12-31
2161228,GHED_OOP_pc_US_SHA2011,COUNTRY,UZB,EUR,Europe,YEAR,2016,,,,,,,,,70.96,70.95870442,,,,2025-12-05T13:23:08Z,2016,2016-01-01,2016-12-31
2161491,GHED_OOP_pc_US_SHA2011,COUNTRY,WSM,WPR,Western Pacific,YEAR,2006,,,,,,,,,17.12,17.11908299,,,,2025-12-05T13:23:08Z,2006,2006-01-01,2006-12-31
2165825,GHED_OOP_pc_US_SHA2011,REGION,SEAR,,,YEAR,2020,,,,,,,,,45.88,45.87649198,,,,2025-12-05T13:23:08Z,2020,2020-01-01,2020-12-31
2168468,GHED_OOP_pc_US_SHA2011,COUNTRY,TUR,EUR,Europe,YEAR,2013,,,,,,,,,92.75,92.75120178,,,,2025-12-05T13:23:08Z,2013,2013-01-01,2013-12-31
2171193,GHED_OOP_pc_US_SHA2011,REGION,WPR,,,YEAR,2002,,,,,,,,,70.21,70.21351112,,,,2025-12-05T13:23:08Z,2002,2002-01-01,2002-12-31
2173160,GHED_OOP_pc_US_SHA2011,COUNTRY,YEM,EMR,Eastern Mediterranean,YEAR,2012,,,,,,,,,46.32,46.3177382,,,,2025-12-05T13:23:08Z,2012,2012-01-01,2012-12-31
2174125,GHED_OOP_pc_US_SHA2011,COUNTRY,LUX,EUR,Europe,YEAR,2022,,,,,,,,,608.71,608.70612602,,,,2025-12-05T13:23:08Z,2022,2022-01-01,2022-12-31
2177876,GHED_OOP_pc_US_SHA2011,COUNTRY,TUR,EUR,Europe,YEAR,2010,,,,,,,,,89.73,89.73128218,,,,2025-12-05T13:23:08Z,2010,2010-01-01,2010-12-31
2180703,GHED_OOP_pc_US_SHA2011,COUNTRY,SLE,AFR,Africa,YEAR,2018,,,,,,,,,27.34,27.33969302,,,,2025-12-05T13:23:08Z,2018,2018-01-01,2018-12-31
2181912,GHED_OOP_pc_US_SHA2011,COUNTRY,MKD,EUR,Europe,YEAR,2011,,,,,,,,,119.97,119.9697543,,,,2025-12-05T13:23:08Z,2011,2011-01-01,2011-12-31
2184331,GHED_OOP_pc_US_SHA2011,REGION,EUR,,,YEAR,2023,,,,,,,,,589.00,589.00102782,,,,2025-12-05T13:23:08Z,2023,2023-01-01,2023-12-31
2184650,GHED_OOP_pc_US_SHA2011,COUNTRY,IRQ,EMR,Eastern Mediterranean,YEAR,2007,,,,,,,,,29.72,29.72384589,,,,2025-12-05T13:23:08Z,2007,2007-01-01,2007-12-31
2185633,GHED_OOP_pc_US_SHA2011,COUNTRY,LSO,AFR,Africa,YEAR,2009,,,,,,,,,15.94,15.9387624,,,,2025-12-05T13:23:08Z,2009,2009-01-01,2009-12-31
2186316,GHED_OOP_pc_US_SHA2011,COUNTRY,SLB,WPR,Western Pacific,YEAR,2013,,,,,,,,,3.15,3.14643113,,,,2025-12-05T13:23:08Z,2013,2013-01-01,2013-12-31
2186413,GHED_OOP_pc_US_SHA2011,COUNTRY,DMA,AMR,Americas,YEAR,2009,,,,,,,,,149.55,149.5520331,,,,2025-12-05T13:23:08Z,2009,2009-01-01,2009-12-31
2187192,GHED_OOP_pc_US_SHA2011,COUNTRY,JAM,AMR,Americas,YEAR,2005,,,,,,,,,108.80,108.79513712,,,,2025-12-05T13:23:08Z,2005,2005-01-01,2005-12-31
2187248,GHED_OOP_pc_US_SHA2011,COUNTRY,CPV,AFR,Africa,YEAR,2001,,,,,,,,,14.83,14.82872867,,,,2025-12-05T13:23:08Z,2001,2001-01-01,2001-12-31
2192796,GHED_OOP_pc_US_SHA2011,COUNTRY,KIR,WPR,Western Pacific,YEAR,2021,,,,,,,,,1.76,1.75542714,,,,2025-12-05T13:23:08Z,2021,2021-01-01,2021-12-31
2194507,GHED_OOP_pc_US_SHA2011,COUNTRY,PER,AMR,Americas,YEAR,2019,,,,,,,,,104.32,104.31702447,,,,2025-12-05T13:23:08Z,2019,2019-01-01,2019-12-31
2197998,GHED_OOP_pc_US_SHA2011,COUNTRY,CZE,EUR,Europe,YEAR,2008,,,,,,,,,233.82,233.82108886,,,,2025-12-05T13:23:08Z,2008,2008-01-01,2008-12-31
2198073,GHED_OOP_pc_US_SHA2011,COUNTRY,AGO,AFR,Africa,YEAR,2001,,,,,,,,,13.19,13.19408324,,,,2025-12-05T13:23:08Z,2001,2001-01-01,2001-12-31
2200043,GHED_OOP_pc_US_SHA2011,COUNTRY,LAO,WPR,Western Pacific,YEAR,2018,,,,,,,,,27.75,27.75411166,,,,2025-12-05T13:23:08Z,2018,2018-01-01,2018-12-31
2202946,GHED_OOP_pc_US_SHA2011,COUNTRY,NZL,WPR,Western Pacific,YEAR,2014,,,,,,,,,513.32,513.31606874,,,,2025-12-05T13:23:08Z,2014,2014-01-01,2014-12-31
2203050,GHED_OOP_pc_US_SHA2011,COUNTRY,NIU,WPR,Western Pacific,YEAR,2011,,,,,,,,,16.91,16.90579759,,,,2025-12-05T13:23:08Z,2011,2011-01-01,2011-12-31
2204764,GHED_OOP_pc_US_SHA2011,COUNTRY,GBR,EUR,Europe,YEAR,2007,,,,,,,,,636.96,636.95705739,,,,2025-12-05T13:23:08Z,2007,2007-01-01,2007-12-31
2204801,GHED_OOP_pc_US_SHA2011,COUNTRY,AND,EUR,Europe,YEAR,2017,,,,,,,,,347.76,347.76468512,,,,2025-12-05T13:23:08Z,2017,2017-01-01,2017-12-31
2206656,GHED_OOP_pc_US_SHA2011,COUNTRY,BTN,SEAR,South-East Asia,YEAR,2010,,,,,,,,,11.93,11.93143072,,,,2025-12-05T13:23:08Z,2010,2010-01-01,2010-12-31
2208855,GHED_OOP_pc_US_SHA2011,COUNTRY,CIV,AFR,Africa,YEAR,2008,,,,,,,,,42.40,42.395373910000004,,,,2025-12-05T13:23:08Z,2008,2008-01-01,2008-12-31
2210985,GHED_OOP_pc_US_SHA2011,COUNTRY,BLR,EUR,Europe,YEAR,2005,,,,,,,,,42.72,42.72483466,,,,2025-12-05T13:23:08Z,2005,2005-01-01,2005-12-31
2212088,GHED_OOP_pc_US_SHA2011,COUNTRY,BEL,EUR,Europe,YEAR,2005,,,,,,,,,691.67,691.67218162,,,,2025-12-05T13:23:08Z,2005,2005-01-01,2005-12-31
2215274,GHED_OOP_pc_US_SHA2011,REGION,EUR,,,YEAR,2002,,,,,,,,,218.80,218.8034413,,,,2025-12-05T13:23:08Z,2002,2002-01-01,2002-12-31
2215558,GHED_OOP_pc_US_SHA2011,COUNTRY,NER,AFR,Africa,YEAR,2001,,,,,,,,,5.83,5.83326517,,,,2025-12-05T13:23:08Z,2001,2001-01-01,2001-12-31
2218068,GHED_OOP_pc_US_SHA2011,COUNTRY,ISL,EUR,Europe,YEAR,2015,,,,,,,,,753.50,753.49950648,,,,2025-12-05T13:23:08Z,2015,2015-01-01,2015-12-31
2219323,GHED_OOP_pc_US_SHA2011,COUNTRY,LVA,EUR,Europe,YEAR,2018,,,,,,,,,431.56,431.56080858,,,,2025-12-05T13:23:08Z,2018,2018-01-01,2018-12-31
2220089,GHED_OOP_pc_US_SHA2011,COUNTRY,SVK,EUR,Europe,YEAR,2019,,,,,,,,,257.13,257.1331659,,,,2025-12-05T13:23:08Z,2019,2019-01-01,2019-12-31
2221744,GHED_OOP_pc_US_SHA2011,COUNTRY,TUV,WPR,Western Pacific,YEAR,2015,,,,,,,,,15.06,15.05936689,,,,2025-12-05T13:23:08Z,2015,2015-01-01,2015-12-31
2222301,GHED_OOP_pc_US_SHA2011,COUNTRY,IDN,WPR,Western Pacific,YEAR,2006,,,,,,,,,23.70,23.69668748,,,,2025-12-05T13:23:08Z,2006,2006-01-01,2006-12-31
2222535,GHED_OOP_pc_US_SHA2011,COUNTRY,LAO,WPR,Western Pacific,YEAR,2021,,,,,,,,,21.07,21.06924001,,,,2025-12-05T13:23:08Z,2021,2021-01-01,2021-12-31
2223654,GHED_OOP_pc_US_SHA2011,COUNTRY,CUB,AMR,Americas,YEAR,2019,,,,,,,,,111.04,111.04024762,,,,2025-12-05T13:23:08Z,2019,2019-01-01,2019-12-31
2224407,GHED_OOP_pc_US_SHA2011,COUNTRY,PRY,AMR,Americas,YEAR,2002,,,,,,,,,36.49,36.48874092,,,,2025-12-05T13:23:08Z,2002,2002-01-01,2002-12-31
2225319,GHED_OOP_pc_US_SHA2011,COUNTRY,SAU,EMR,Eastern Mediterranean,YEAR,2007,,,,,,,,,110.81,110.81151815,,,,2025-12-05T13:23:08Z,2007,2007-01-01,2007-12-31
2225343,GHED_OOP_pc_US_SHA2011,COUNTRY,RWA,AFR,Africa,YEAR,2012,,,,,,,,,5.83,5.82857188,,,,2025-12-05T13:23:08Z,2012,2012-01-01,2012-12-31
2225593,GHED_OOP_pc_US_SHA2011,COUNTRY,BEL,EUR,Europe,YEAR,2021,,,,,,,,,1189.53,1189.53336509,,,,2025-12-05T13:23:08Z,2021,2021-01-01,2021-12-31
2228198,GHED_OOP_pc_US_SHA2011,COUNTRY,SEN,AFR,Africa,YEAR,2019,,,,,,,,,31.36,31.36196091,,,,2025-12-05T13:23:08Z,2019,2019-01-01,2019-12-31
2230686,GHED_OOP_pc_US_SHA2011,COUNTRY,ARM,EUR,Europe,YEAR,2019,,,,,,,,,452.55,452.54680898,,,,2025-12-05T13:23:08Z,2019,2019-01-01,2019-12-31
2240116,GHED_OOP_pc_US_SHA2011,COUNTRY,DOM,AMR,Americas,YEAR,2023,,,,,,,,,122.49,122.49034949,,,,2025-12-05T13:23:08Z,2023,2023-01-01,2023-12-31
2241294,GHED_OOP_pc_US_SHA2011,COUNTRY,GIN,AFR,Africa,YEAR,2000,,,,,,,,,14.85,14.85108105,,,,2025-12-05T13:23:08Z,2000,2000-01-01,2000-12-31
2243837,GHED_OOP_pc_US_SHA2011,COUNTRY,ROU,EUR,Europe,YEAR,2006,,,,,,,,,58.17,58.17336025,,,,2025-12-05T13:23:08Z,2006,2006-01-01,2006-12-31
2243903,GHED_OOP_pc_US_SHA2011,COUNTRY,GHA,AFR,Africa,YEAR,2009,,,,,,,,,21.81,21.8124451,,,,2025-12-05T13:23:08Z,2009,2009-01-01,2009-12-31
2250717,GHED_OOP_pc_US_SHA2011,COUNTRY,NIU,WPR,Western Pacific,YEAR,2006,,,,,,,,,9.90,9.90340133,,,,2025-12-05T13:23:08Z,2006,2006-01-01,2006-12-31
2250822,GHED_OOP_pc_US_SHA2011,COUNTRY,AFG,EMR,Eastern Mediterranean,YEAR,2002,,,,,,,,,14.26,14.26368185,,,,2025-12-05T13:23:08Z,2002,2002-01-01,2002-12-31
2253304,GHED_OOP_pc_US_SHA2011,COUNTRY,SVN,EUR,Europe,YEAR,2002,,,,,,,,,118.63,118.63065469,,,,2025-12-05T13:23:08Z,2002,2002-01-01,2002-12-31
2253588,GHED_OOP_pc_US_SHA2011,COUNTRY,SUR,AMR,Americas,YEAR,2012,,,,,,,,,114.81,114.8108933,,,,2025-12-05T13:23:08Z,2012,2012-01-01,2012-12-31
2253703,GHED_OOP_pc_US_SHA2011,COUNTRY,MNE,EUR,Europe,YEAR,2021,,,,,,,,,390.08,390.08271781,,,,2025-12-05T13:23:08Z,2021,2021-01-01,2021-12-31
2256822,GHED_OOP_pc_US_SHA2011,COUNTRY,DNK,EUR,Europe,YEAR,2016,,,,,,,,,757.71,757.70791707,,,,2025-12-05T13:23:08Z,2016,2016-01-01,2016-12-31
2260455,GHED_OOP_pc_US_SHA2011,COUNTRY,COM,AFR,Africa,YEAR,2001,,,,,,,,,36.85,36.85396164,,,,2025-12-05T13:23:08Z,2001,2001-01-01,2001-12-31
2263353,GHED_OOP_pc_US_SHA2011,COUNTRY,HTI,AMR,Americas,YEAR,2004,,,,,,,,,11.18,11.17559723,,,,2025-12-05T13:23:08Z,2004,2004-01-01,2004-12-31
2263713,GHED_OOP_pc_US_SHA2011,WORLDBANKINCOMEGROUP,WB_LI,,,YEAR,2015,,,,,,,,,20.73,20.73090872,,,,2025-12-05T13:23:08Z,2015,2015-01-01,2015-12-31
2269005,GHED_OOP_pc_US_SHA2011,COUNTRY,MYS,WPR,Western Pacific,YEAR,2004,,,,,,,,,55.56,55.5553817,,,,2025-12-05T13:23:08Z,2004,2004-01-01,2004-12-31
3478167,GHED_OOP_pc_US_SHA2011,COUNTRY,AGO,AFR,Africa,YEAR,2017,,,,,,,,,38.47,38.47268861,,,,2025-12-05T13:23:08Z,2017,2017-01-01,2017-12-31
3485051,GHED_OOP_pc_US_SHA2011,COUNTRY,TUN,EMR,Eastern Mediterranean,YEAR,2008,,,,,,,,,98.64,98.63804144,,,,2025-12-05T13:23:08Z,2008,2008-01-01,2008-12-31
3488202,GHED_OOP_pc_US_SHA2011,COUNTRY,BRN,WPR,Western Pacific,YEAR,2017,,,,,,,,,34.43,34.42908346,,,,2025-12-05T13:23:08Z,2017,2017-01-01,2017-12-31
3493051,GHED_OOP_pc_US_SHA2011,COUNTRY,AZE,EUR,Europe,YEAR,2014,,,,,,,,,189.29,189.28645765,,,,2025-12-05T13:23:08Z,2014,2014-01-01,2014-12-31
3493549,GHED_OOP_pc_US_SHA2011,COUNTRY,CAN,AMR,Americas,YEAR,2006,,,,,,,,,597.13,597.13241626,,,,2025-12-05T13:23:08Z,2006,2006-01-01,2006-12-31
3494404,GHED_OOP_pc_US_SHA2011,COUNTRY,LCA,AMR,Americas,YEAR,2010,,,,,,,,,239.99,239.99134036,,,,2025-12-05T13:23:08Z,2010,2010-01-01,2010-12-31
3496190,GHED_OOP_pc_US_SHA2011,COUNTRY,MKD,EUR,Europe,YEAR,2014,,,,,,,,,125.09,125.08990413,,,,2025-12-05T13:23:08Z,2014,2014-01-01,2014-12-31
3499733,GHED_OOP_pc_US_SHA2011,COUNTRY,LBR,AFR,Africa,YEAR,2021,,,,,,,,,54.61,54.60936267,,,,2025-12-05T13:23:08Z,2021,2021-01-01,2021-12-31
3500693,GHED_OOP_pc_US_SHA2011,COUNTRY,CAN,AMR,Americas,YEAR,2019,,,,,,,,,786.67,786.67472154,,,,2025-12-05T13:23:08Z,2019,2019-01-01,2019-12-31
3506476,GHED_OOP_pc_US_SHA2011,COUNTRY,MHL,WPR,Western Pacific,YEAR,2007,,,,,,,,,6.01,6.01238243,,,,2025-12-05T13:23:08Z,2007,2007-01-01,2007-12-31
3507035,GHED_OOP_pc_US_SHA2011,COUNTRY,BHR,EMR,Eastern Mediterranean,YEAR,2009,,,,,,,,,222.88,222.88101187,,,,2025-12-05T13:23:08Z,2009,2009-01-01,2009-12-31
3518563,GHED_OOP_pc_US_SHA2011,WORLDBANKINCOMEGROUP,WB_LMI,,,YEAR,2014,,,,,,,,,41.43,41.43150875,,,,2025-12-05T13:23:08Z,2014,2014-01-01,2014-12-31
3521047,GHED_OOP_pc_US_SHA2011,COUNTRY,ZMB,AFR,Africa,YEAR,2008,,,,,,,,,12.62,12.61982006,,,,2025-12-05T13:23:08Z,2008,2008-01-01,2008-12-31
3522368,GHED_OOP_pc_US_SHA2011,COUNTRY,KHM,WPR,Western Pacific,YEAR,2001,,,,,,,,,13.84,13.84112073,,,,2025-12-05T13:23:08Z,2001,2001-01-01,2001-12-31
3522745,GHED_OOP_pc_US_SHA2011,COUNTRY,BHS,AMR,Americas,YEAR,2010,,,,,,,,,398.53,398.5306062,,,,2025-12-05T13:23:08Z,2010,2010-01-01,2010-12-31
3526233,GHED_OOP_pc_US_SHA2011,COUNTRY,PAK,EMR,Eastern Mediterranean,YEAR,2017,,,,,,,,,24.34,24.33563176,,,,2025-12-05T13:23:08Z,2017,2017-01-01,2017-12-31
3531457,GHED_OOP_pc_US_SHA2011,COUNTRY,AUS,WPR,Western Pacific,YEAR,2018,,,,,,,,,963.20,963.195287,,,,2025-12-05T13:23:08Z,2018,2018-01-01,2018-12-31
3537768,GHED_OOP_pc_US_SHA2011,COUNTRY,BOL,AMR,Americas,YEAR,2012,,,,,,,,,46.49,46.4939096,,,,2025-12-05T13:23:08Z,2012,2012-01-01,2012-12-31
3540251,GHED_OOP_pc_US_SHA2011,COUNTRY,ARG,AMR,Americas,YEAR,2004,,,,,,,,,85.39,85.38775863,,,,2025-12-05T13:23:08Z,2004,2004-01-01,2004-12-31
3541778,GHED_OOP_pc_US_SHA2011,COUNTRY,MEX,AMR,Americas,YEAR,2011,,,,,,,,,230.28,230.27758572,,,,2025-12-05T13:23:08Z,2011,2011-01-01,2011-12-31
3541980,GHED_OOP_pc_US_SHA2011,COUNTRY,MLI,AFR,Africa,YEAR,2001,,,,,,,,,8.92,8.92091944,,,,2025-12-05T13:23:08Z,2001,2001-01-01,2001-12-31
3546104,GHED_OOP_pc_US_SHA2011,COUNTRY,BFA,AFR,Africa,YEAR,2022,,,,,,,,,27.23,27.2293561,,,,2025-12-05T13:23:08Z,2022,2022-01-01,2022-12-31
3547450,GHED_OOP_pc_US_SHA2011,COUNTRY,COM,AFR,Africa,YEAR,2013,,,,,,,,,55.64,55.64256913,,,,2025-12-05T13:23:08Z,2013,2013-01-01,2013-12-31
3552730,GHED_OOP_pc_US_SHA2011,COUNTRY,ESP,EUR,Europe,YEAR,2016,,,,,,,,,522.13,522.13483606,,,,2025-12-05T13:23:08Z,2016,2016-01-01,2016-12-31
3556925,GHED_OOP_pc_US_SHA2011,COUNTRY,SYC,AFR,Africa,YEAR,2018,,,,,,,,,179.55,179.54528417,,,,2025-12-05T13:23:08Z,2018,2018-01-01,2018-12-31
3558399,GHED_OOP_pc_US_SHA2011,COUNTRY,NIU,WPR,Western Pacific,YEAR,2010,,,,,,,,,14.77,14.77036318,,,,2025-12-05T13:23:08Z,2010,2010-01-01,2010-12-31
3559052,GHED_OOP_pc_US_SHA2011,COUNTRY,VNM,WPR,Western Pacific,YEAR,2003,,,,,,,,,8.60,8.59557468,,,,2025-12-05T13:23:08Z,2003,2003-01-01,2003-12-31
3563390,GHED_OOP_pc_US_SHA2011,WORLDBANKINCOMEGROUP,WB_UMI,,,YEAR,2016,,,,,,,,,124.41,124.40879272,,,,2025-12-05T13:23:08Z,2016,2016-01-01,2016-12-31
3564781,GHED_OOP_pc_US_SHA2011,COUNTRY,CUB,AMR,Americas,YEAR,2016,,,,,,,,,101.92,101.92078335,,,,2025-12-05T13:23:08Z,2016,2016-01-01,2016-12-31
3565759,GHED_OOP_pc_US_SHA2011,COUNTRY,NIC,AMR,Americas,YEAR,2001,,,,,,,,,23.30,23.297141,,,,2025-12-05T13:23:08Z,2001,2001-01-01,2001-12-31
3572024,GHED_OOP_pc_US_SHA2011,COUNTRY,BHS,AMR,Americas,YEAR,2019,,,,,,,,,518.97,518.97222615,,,,2025-12-05T13:23:08Z,2019,2019-01-01,2019-12-31
3572087,GHED_OOP_pc_US_SHA2011,COUNTRY,TGO,AFR,Africa,YEAR,2008,,,,,,,,,17.84,17.84300094,,,,2025-12-05T13:23:08Z,2008,2008-01-01,2008-12-31
3573021,GHED_OOP_pc_US_SHA2011,COUNTRY,ITA,EUR,Europe,YEAR,2007,,,,,,,,,662.14,662.13611944,,,,2025-12-05T13:23:08Z,2007,2007-01-01,2007-12-31
3573800,GHED_OOP_pc_US_SHA2011,COUNTRY,TON,WPR,Western Pacific,YEAR,2004,,,,,,,,,10.24,10.242142,,,,2025-12-05T13:23:08Z,2004,2004-01-01,2004-12-31
3576216,GHED_OOP_pc_US_SHA2011,COUNTRY,BEL,EUR,Europe,YEAR,2022,,,,,,,,,1174.79,1174.7876645,,,,2025-12-05T13:23:08Z,2022,2022-01-01,2022-12-31
3577667,GHED_OOP_pc_US_SHA2011,COUNTRY,LAO,WPR,Western Pacific,YEAR,2015,,,,,,,,,23.61,23.60918786,,,,2025-12-05T13:23:08Z,2015,2015-01-01,2015-12-31
3579806,GHED_OOP_pc_US_SHA2011,COUNTRY,SAU,EMR,Eastern Mediterranean,YEAR,2014,,,,,,,,,179.12,179.11960537,,,,2025-12-05T13:23:08Z,2014,2014-01-01,2014-12-31
3584246,GHED_OOP_pc_US_SHA2011,COUNTRY,CUB,AMR,Americas,YEAR,2002,,,,,,,,,41.43,41.43175105,,,,2025-12-05T13:23:08Z,2002,2002-01-01,2002-12-31
3584293,GHED_OOP_pc_US_SHA2011,COUNTRY,TUN,EMR,Eastern Mediterranean,YEAR,2019,,,,,,,,,75.64,75.63576989,,,,2025-12-05T13:23:08Z,2019,2019-01-01,2019-12-31
3584967,GHED_OOP_pc_US_SHA2011,COUNTRY,AGO,AFR,Africa,YEAR,2010,,,,,,,,,18.75,18.75415408,,,,2025-12-05T13:23:08Z,2010,2010-01-01,2010-12-31
3585308,GHED_OOP_pc_US_SHA2011,COUNTRY,BOL,AMR,Americas,YEAR,2010,,,,,,,,,33.41,33.40836834,,,,2025-12-05T13:23:08Z,2010,2010-01-01,2010-12-31
3585349,GHED_OOP_pc_US_SHA2011,COUNTRY,NPL,SEAR,South-East Asia,YEAR,2000,,,,,,,,,4.65,4.6536149,,,,2025-12-05T13:23:08Z,2000,2000-01-01,2000-12-31
3586067,GHED_OOP_pc_US_SHA2011,COUNTRY,MDA,EUR,Europe,YEAR,2008,,,,,,,,,89.85,89.85208594,,,,2025-12-05T13:23:08Z,2008,2008-01-01,2008-12-31
3587841,GHED_OOP_pc_US_SHA2011,COUNTRY,VCT,AMR,Americas,YEAR,2013,,,,,,,,,96.37,96.37089406,,,,2025-12-05T13:23:08Z,2013,2013-01-01,2013-12-31
3590023,GHED_OOP_pc_US_SHA2011,COUNTRY,COK,WPR,Western Pacific,YEAR,2017,,,,,,,,,19.24,19.23784397,,,,2025-12-05T13:23:08Z,2017,2017-01-01,2017-12-31
3594357,GHED_OOP_pc_US_SHA2011,COUNTRY,CAN,AMR,Americas,YEAR,2003,,,,,,,,,386.60,386.60440715,,,,2025-12-05T13:23:08Z,2003,2003-01-01,2003-12-31
3598700,GHED_OOP_pc_US_SHA2011,COUNTRY,SGP,WPR,Western Pacific,YEAR,2018,,,,,,,,,793.17,793.17121524,,,,2025-12-05T13:23:08Z,2018,2018-01-01,2018-12-31
3601019,GHED_OOP_pc_US_SHA2011,COUNTRY,BEN,AFR,Africa,YEAR,2003,,,,,,,,,10.89,10.8877594,,,,2025-12-05T13:23:08Z,2003,2003-01-01,2003-12-31
3603394,GHED_OOP_pc_US_SHA2011,COUNTRY,MNE,EUR,Europe,YEAR,2023,,,,,,,,,302.21,302.20905572,,,,2025-12-05T13:23:08Z,2023,2023-01-01,2023-12-31
3609460,GHED_OOP_pc_US_SHA2011,COUNTRY,ARG,AMR,Americas,YEAR,2009,,,,,,,,,203.87,203.87062483,,,,2025-12-05T13:23:08Z,2009,2009-01-01,2009-12-31
3611441,GHED_OOP_pc_US_SHA2011,COUNTRY,ITA,EUR,Europe,YEAR,2021,,,,,,,,,778.99,778.99345819,,,,2025-12-05T13:23:08Z,2021,2021-01-01,2021-12-31
3614312,GHED_OOP_pc_US_SHA2011,COUNTRY,FSM,WPR,Western Pacific,YEAR,2022,,,,,,,,,12.31,12.30674076,,,,2025-12-05T13:23:08Z,2022,2022-01-01,2022-12-31
3617367,GHED_OOP_pc_US_SHA2011,COUNTRY,DJI,EMR,Eastern Mediterranean,YEAR,2012,,,,,,,,,14.88,14.88260384,,,,2025-12-05T13:23:08Z,2012,2012-01-01,2012-12-31
3619499,GHED_OOP_pc_US_SHA2011,COUNTRY,ATG,AMR,Americas,YEAR,2020,,,,,,,,,184.10,184.09607749,,,,2025-12-05T13:23:08Z,2020,2020-01-01,2020-12-31
3624499,GHED_OOP_pc_US_SHA2011,COUNTRY,BOL,AMR,Americas,YEAR,2022,,,,,,,,,67.19,67.19190998,,,,2025-12-05T13:23:08Z,2022,2022-01-01,2022-12-31
3635284,GHED_OOP_pc_US_SHA2011,COUNTRY,ALB,EUR,Europe,YEAR,2003,,,,,,,,,52.63,52.63028435,,,,2025-12-05T13:23:08Z,2003,2003-01-01,2003-12-31
3636002,GHED_OOP_pc_US_SHA2011,COUNTRY,URY,AMR,Americas,YEAR,2006,,,,,,,,,119.00,119.00054156,,,,2025-12-05T13:23:08Z,2006,2006-01-01,2006-12-31
3636070,GHED_OOP_pc_US_SHA2011,COUNTRY,PER,AMR,Americas,YEAR,2009,,,,,,,,,84.26,84.25913982,,,,2025-12-05T13:23:08Z,2009,2009-01-01,2009-12-31
3641009,GHED_OOP_pc_US_SHA2011,COUNTRY,MLT,EUR,Europe,YEAR,2008,,,,,,,,,580.61,580.61044508,,,,2025-12-05T13:23:08Z,2008,2008-01-01,2008-12-31
3651356,GHED_OOP_pc_US_SHA2011,COUNTRY,BDI,AFR,Africa,YEAR,2001,,,,,,,,,3.41,3.41122258,,,,2025-12-05T13:23:08Z,2001,2001-01-01,2001-12-31
3658786,GHED_OOP_pc_US_SHA2011,COUNTRY,DEU,EUR,Europe,YEAR,2001,,,,,,,,,275.46,275.46261471,,,,2025-12-05T13:23:08Z,2001,2001-01-01,2001-12-31
3661198,GHED_OOP_pc_US_SHA2011,COUNTRY,LTU,EUR,Europe,YEAR,2011,,,,,,,,,261.18,261.17993968,,,,2025-12-05T13:23:08Z,2011,2011-01-01,2011-12-31
3665997,GHED_OOP_pc_US_SHA2011,COUNTRY,NIU,WPR,Western Pacific,YEAR,2000,,,,,,,,,4.56,4.56305629,,,,2025-12-05T13:23:08Z,2000,2000-01-01,2000-12-31
3666609,GHED_OOP_pc_US_SHA2011,COUNTRY,BIH,EUR,Europe,YEAR,2022,,,,,,,,,206.08,206.08200218,,,,2025-12-05T13:23:08Z,2022,2022-01-01,2022-12-31
3667000,GHED_OOP_pc_US_SHA2011,COUNTRY,PNG,WPR,Western Pacific,YEAR,2016,,,,,,,,,5.48,5.47670571,,,,2025-12-05T13:23:08Z,2016,2016-01-01,2016-12-31
3668115,GHED_OOP_pc_US_SHA2011,COUNTRY,NRU,WPR,Western Pacific,YEAR,2011,,,,,,,,,12.88,12.8846672,,,,2025-12-05T13:23:08Z,2011,2011-01-01,2011-12-31
3670915,GHED_OOP_pc_US_SHA2011,COUNTRY,CHE,EUR,Europe,YEAR,2011,,,,,,,,,2152.92,2152.91889821,,,,2025-12-05T13:23:08Z,2011,2011-01-01,2011-12-31
3672652,GHED_OOP_pc_US_SHA2011,COUNTRY,CPV,AFR,Africa,YEAR,2016,,,,,,,,,45.12,45.12010568,,,,2025-12-05T13:23:08Z,2016,2016-01-01,2016-12-31
3674559,GHED_OOP_pc_US_SHA2011,COUNTRY,MAR,EMR,Eastern Mediterranean,YEAR,2005,,,,,,,,,57.98,57.98416511,,,,2025-12-05T13:23:08Z,2005,2005-01-01,2005-12-31
3675293,GHED_OOP_pc_US_SHA2011,COUNTRY,CYP,EUR,Europe,YEAR,2009,,,,,,,,,1051.13,1051.13454873,,,,2025-12-05T13:23:08Z,2009,2009-01-01,2009-12-31
3676784,GHED_OOP_pc_US_SHA2011,COUNTRY,FRA,EUR,Europe,YEAR,2015,,,,,,,,,464.00,464.00417037,,,,2025-12-05T13:23:08Z,2015,2015-01-01,2015-12-31
3677484,GHED_OOP_pc_US_SHA2011,COUNTRY,BEL,EUR,Europe,YEAR,2012,,,,,,,,,973.24,973.23808583,,,,2025-12-05T13:23:08Z,2012,2012-01-01,2012-12-31
3678773,GHED_OOP_pc_US_SHA2011,REGION,SEAR,,,YEAR,2011,,,,,,,,,47.03,47.03116883,,,,2025-12-05T13:23:08Z,2011,2011-01-01,2011-12-31
3680515,GHED_OOP_pc_US_SHA2011,REGION,EUR,,,YEAR,2007,,,,,,,,,399.69,399.68525337,,,,2025-12-05T13:23:08Z,2007,2007-01-01,2007-12-31
3685629,GHED_OOP_pc_US_SHA2011,COUNTRY,GBR,EUR,Europe,YEAR,2014,,,,,,,,,745.21,745.21274346,,,,2025-12-05T13:23:08Z,2014,2014-01-01,2014-12-31
3686248,GHED_OOP_pc_US_SHA2011,COUNTRY,HND,AMR,Americas,YEAR,2013,,,,,,,,,86.90,86.90248164,,,,2025-12-05T13:23:08Z,2013,2013-01-01,2013-12-31
3689517,GHED_OOP_pc_US_SHA2011,COUNTRY,MAR,EMR,Eastern Mediterranean,YEAR,2003,,,,,,,,,43.70,43.69753979,,,,2025-12-05T13:23:08Z,2003,2003-01-01,2003-12-31
3691180,GHED_OOP_pc_US_SHA2011,COUNTRY,SAU,EMR,Eastern Mediterranean,YEAR,2009,,,,,,,,,139.50,139.50154172,,,,2025-12-05T13:23:08Z,2009,2009-01-01,2009-12-31
3692132,GHED_OOP_pc_US_SHA2011,COUNTRY,BEL,EUR,Europe,YEAR,2016,,,,,,,,,865.54,865.54061424,,,,2025-12-05T13:23:08Z,2016,2016-01-01,2016-12-31
3692986,GHED_OOP_pc_US_SHA2011,COUNTRY,MDA,EUR,Europe,YEAR,2020,,,,,,,,,94.48,94.47640448,,,,2025-12-05T13:23:08Z,2020,2020-01-01,2020-12-31
3697004,GHED_OOP_pc_US_SHA2011,COUNTRY,MNG,WPR,Western Pacific,YEAR,2007,,,,,,,,,15.41,15.40657886,,,,2025-12-05T13:23:08Z,2007,2007-01-01,2007-12-31
3697285,GHED_OOP_pc_US_SHA2011,COUNTRY,GRD,AMR,Americas,YEAR,2008,,,,,,,,,221.44,221.43913059,,,,2025-12-05T13:23:08Z,2008,2008-01-01,2008-12-31
3700753,GHED_OOP_pc_US_SHA2011,COUNTRY,IRL,EUR,Europe,YEAR,2008,,,,,,,,,668.93,668.93341302,,,,2025-12-05T13:23:08Z,2008,2008-01-01,2008-12-31
3703918,GHED_OOP_pc_US_SHA2011,COUNTRY,LIE,EUR,Europe,YEAR,2021,,,,,,,,,2086.06,2086.05757173,,,,2025-12-05T13:23:08Z,2021,2021-01-01,2021-12-31
3703996,GHED_OOP_pc_US_SHA2011,COUNTRY,PAN,AMR,Americas,YEAR,2004,,,,,,,,,111.43,111.42663833,,,,2025-12-05T13:23:08Z,2004,2004-01-01,2004-12-31
3706806,GHED_OOP_pc_US_SHA2011,COUNTRY,IND,SEAR,South-East Asia,YEAR,2007,,,,,,,,,25.23,25.23298265,,,,2025-12-05T13:23:08Z,2007,2007-01-01,2007-12-31
3708722,GHED_OOP_pc_US_SHA2011,COUNTRY,ESP,EUR,Europe,YEAR,2004,,,,,,,,,443.35,443.35362968,,,,2025-12-05T13:23:08Z,2004,2004-01-01,2004-12-31
3711391,GHED_OOP_pc_US_SHA2011,COUNTRY,FJI,WPR,Western Pacific,YEAR,2020,,,,,,,,,58.50,58.50466507,,,,2025-12-05T13:23:08Z,2020,2020-01-01,2020-12-31
3715296,GHED_OOP_pc_US_SHA2011,COUNTRY,BRA,AMR,Americas,YEAR,2017,,,,,,,,,233.61,233.60764138,,,,2025-12-05T13:23:08Z,2017,2017-01-01,2017-12-31
3716530,GHED_OOP_pc_US_SHA2011,COUNTRY,PRT,EUR,Europe,YEAR,2003,,,,,,,,,341.95,341.94541271,,,,2025-12-05T13:23:08Z,2003,2003-01-01,2003-12-31
3716574,GHED_OOP_pc_US_SHA2011,COUNTRY,KNA,AMR,Americas,YEAR,2000,,,,,,,,,235.12,235.1199021,,,,2025-12-05T13:23:08Z,2000,2000-01-01,2000-12-31
3718371,GHED_OOP_pc_US_SHA2011,COUNTRY,ISR,EUR,Europe,YEAR,2006,,,,,,,,,400.15,400.1548887,,,,2025-12-05T13:23:08Z,2006,2006-01-01,2006-12-31
3718379,GHED_OOP_pc_US_SHA2011,COUNTRY,BTN,SEAR,South-East Asia,YEAR,2019,,,,,,,,,20.59,20.58675001,,,,2025-12-05T13:23:08Z,2019,2019-01-01,2019-12-31
3722021,GHED_OOP_pc_US_SHA2011,COUNTRY,MDG,AFR,Africa,YEAR,2021,,,,,,,,,5.62,5.61964947,,,,2025-12-05T13:23:08Z,2021,2021-01-01,2021-12-31
3724167,GHED_OOP_pc_US_SHA2011,COUNTRY,SVN,EUR,Europe,YEAR,2018,,,,,,,,,259.95,259.94979703,,,,2025-12-05T13:23:08Z,2018,2018-01-01,2018-12-31
3727812,GHED_OOP_pc_US_SHA2011,COUNTRY,BEN,AFR,Africa,YEAR,2007,,,,,,,,,12.94,12.93703777,,,,2025-12-05T13:23:08Z,2007,2007-01-01,2007-12-31
3730899,GHED_OOP_pc_US_SHA2011,COUNTRY,CUB,AMR,Americas,YEAR,2014,,,,,,,,,83.64,83.63625521,,,,2025-12-05T13:23:08Z,2014,2014-01-01,2014-12-31
3732458,GHED_OOP_pc_US_SHA2011,COUNTRY,VCT,AMR,Americas,YEAR,2009,,,,,,,,,88.30,88.30434951,,,,2025-12-05T13:23:08Z,2009,2009-01-01,2009-12-31
3734144,GHED_OOP_pc_US_SHA2011,COUNTRY,SYR,EMR,Eastern Mediterranean,YEAR,2016,,,,,,,,,12.34,12.34178941,,,,2025-12-05T13:23:08Z,2016,2016-01-01,2016-12-31
3734189,GHED_OOP_pc_US_SHA2011,COUNTRY,SAU,EMR,Eastern Mediterranean,YEAR,2006,,,,,,,,,97.72,97.72368677,,,,2025-12-05T13:23:08Z,2006,2006-01-01,2006-12-31
3734818,GHED_OOP_pc_US_SHA2011,COUNTRY,TGO,AFR,Africa,YEAR,2005,,,,,,,,,15.70,15.69602113,,,,2025-12-05T13:23:08Z,2005,2005-01-01,2005-12-31
3736931,GHED_OOP_pc_US_SHA2011,COUNTRY,MAR,EMR,Eastern Mediterranean,YEAR,2007,,,,,,,,,75.40,75.40414275,,,,2025-12-05T13:23:08Z,2007,2007-01-01,2007-12-31
3737955,GHED_OOP_pc_US_SHA2011,WORLDBANKINCOMEGROUP,WB_UMI,,,YEAR,2003,,,,,,,,,57.30,57.30310903,,,,2025-12-05T13:23:08Z,2003,2003-01-01,2003-12-31
3742753,GHED_OOP_pc_US_SHA2011,COUNTRY,MUS,AFR,Africa,YEAR,2002,,,,,,,,,59.40,59.40392736,,,,2025-12-05T13:23:08Z,2002,2002-01-01,2002-12-31
3745041,GHED_OOP_pc_US_SHA2011,COUNTRY,CRI,AMR,Americas,YEAR,2020,,,,,,,,,196.76,196.75948886,,,,2025-12-05T13:23:08Z,2020,2020-01-01,2020-12-31
3747476,GHED_OOP_pc_US_SHA2011,COUNTRY,NLD,EUR,Europe,YEAR,2011,,,,,,,,,527.42,527.42160491,,,,2025-12-05T13:23:08Z,2011,2011-01-01,2011-12-31
3748575,GHED_OOP_pc_US_SHA2011,COUNTRY,JOR,EMR,Eastern Mediterranean,YEAR,2023,,,,,,,,,117.92,117.91619273,,,,2025-12-05T13:23:08Z,2023,2023-01-01,2023-12-31
3749237,GHED_OOP_pc_US_SHA2011,COUNTRY,LUX,EUR,Europe,YEAR,2012,,,,,,,,,691.56,691.55785821,,,,2025-12-05T13:23:08Z,2012,2012-01-01,2012-12-31
3750448,GHED_OOP_pc_US_SHA2011,COUNTRY,LBY,EMR,Eastern Mediterranean,YEAR,2019,,,,,,,,,154.86,154.85970248,,,,2025-12-05T13:23:08Z,2019,2019-01-01,2019-12-31
3759418,GHED_OOP_pc_US_SHA2011,COUNTRY,FJI,WPR,Western Pacific,YEAR,2000,,,,,,,,,8.05,8.05053947,,,,2025-12-05T13:23:08Z,2000,2000-01-01,2000-12-31
3761093,GHED_OOP_pc_US_SHA2011,COUNTRY,ARM,EUR,Europe,YEAR,2007,,,,,,,,,99.08,99.07889243,,,,2025-12-05T13:23:08Z,2007,2007-01-01,2007-12-31
3761713,GHED_OOP_pc_US_SHA2011,COUNTRY,CZE,EUR,Europe,YEAR,2000,,,,,,,,,34.97,34.96939805,,,,2025-12-05T13:23:08Z,2000,2000-01-01,2000-12-31
3762472,GHED_OOP_pc_US_SHA2011,COUNTRY,ALB,EUR,Europe,YEAR,2018,,,,,,,,,197.01,197.00620074,,,,2025-12-05T13:23:08Z,2018,2018-01-01,2018-12-31
3763427,GHED_OOP_pc_US_SHA2011,COUNTRY,BTN,SEAR,South-East Asia,YEAR,2016,,,,,,,,,19.61,19.61224088,,,,2025-12-05T13:23:08Z,2016,2016-01-01,2016-12-31
3764325,GHED_OOP_pc_US_SHA2011,COUNTRY,GUY,AMR,Americas,YEAR,2019,,,,,,,,,110.01,110.00879141,,,,2025-12-05T13:23:08Z,2019,2019-01-01,2019-12-31
3766407,GHED_OOP_pc_US_SHA2011,COUNTRY,BGD,SEAR,South-East Asia,YEAR,2021,,,,,,,,,42.72,42.71602196,,,,2025-12-05T13:23:08Z,2021,2021-01-01,2021-12-31
3768171,GHED_OOP_pc_US_SHA2011,COUNTRY,MHL,WPR,Western Pacific,YEAR,2009,,,,,,,,,5.79,5.78946798,,,,2025-12-05T13:23:08Z,2009,2009-01-01,2009-12-31
3768768,GHED_OOP_pc_US_SHA2011,COUNTRY,HUN,EUR,Europe,YEAR,2014,,,,,,,,,285.92,285.91681204,,,,2025-12-05T13:23:08Z,2014,2014-01-01,2014-12-31
3769987,GHED_OOP_pc_US_SHA2011,COUNTRY,IRN,EMR,Eastern Mediterranean,YEAR,2008,,,,,,,,,160.25,160.2539885,,,,2025-12-05T13:23:08Z,2008,2008-01-01,2008-12-31
3775034,GHED_OOP_pc_US_SHA2011,COUNTRY,BEN,AFR,Africa,YEAR,2008,,,,,,,,,12.37,12.37494759,,,,2025-12-05T13:23:08Z,2008,2008-01-01,2008-12-31
3776438,GHED_OOP_pc_US_SHA2011,COUNTRY,GMB,AFR,Africa,YEAR,2007,,,,,,,,,5.41,5.41107785,,,,2025-12-05T13:23:08Z,2007,2007-01-01,2007-12-31
3779512,GHED_OOP_pc_US_SHA2011,COUNTRY,HUN,EUR,Europe,YEAR,2012,,,,,,,,,282.30,282.30262953,,,,2025-12-05T13:23:08Z,2012,2012-01-01,2012-12-31
3780080,GHED_OOP_pc_US_SHA2011,COUNTRY,MOZ,AFR,Africa,YEAR,2015,,,,,,,,,4.54,4.54475125,,,,2025-12-05T13:23:08Z,2015,2015-01-01,2015-12-31
3781286,GHED_OOP_pc_US_SHA2011,COUNTRY,SWZ,AFR,Africa,YEAR,2002,,,,,,,,,12.61,12.60653401,,,,2025-12-05T13:23:08Z,2002,2002-01-01,2002-12-31
3786658,GHED_OOP_pc_US_SHA2011,COUNTRY,SDN,EMR,Eastern Mediterranean,YEAR,2007,,,,,,,,,47.44,47.43974069,,,,2025-12-05T13:23:08Z,2007,2007-01-01,2007-12-31
3788523,GHED_OOP_pc_US_SHA2011,COUNTRY,TCD,AFR,Africa,YEAR,2023,,,,,,,,,24.52,24.5160345,,,,2025-12-05T13:23:08Z,2023,2023-01-01,2023-12-31
3788927,GHED_OOP_pc_US_SHA2011,COUNTRY,AGO,AFR,Africa,YEAR,2009,,,,,,,,,18.69,18.6927266,,,,2025-12-05T13:23:08Z,2009,2009-01-01,2009-12-31
3789569,GHED_OOP_pc_US_SHA2011,COUNTRY,SLB,WPR,Western Pacific,YEAR,2014,,,,,,,,,3.07,3.06816663,,,,2025-12-05T13:23:08Z,2014,2014-01-01,2014-12-31
3791379,GHED_OOP_pc_US_SHA2011,COUNTRY,TUV,WPR,Western Pacific,YEAR,2000,,,,,,,,,0.37,0.36740293,,,,2025-12-05T13:23:08Z,2000,2000-01-01,2000-12-31
3794192,GHED_OOP_pc_US_SHA2011,COUNTRY,GAB,AFR,Africa,YEAR,2013,,,,,,,,,74.71,74.71199955,,,,2025-12-05T13:23:08Z,2013,2013-01-01,2013-12-31
3798845,GHED_OOP_pc_US_SHA2011,COUNTRY,IRN,EMR,Eastern Mediterranean,YEAR,2020,,,,,,,,,69.17,69.16518357,,,,2025-12-05T13:23:08Z,2020,2020-01-01,2020-12-31
3799119,GHED_OOP_pc_US_SHA2011,COUNTRY,TLS,SEAR,South-East Asia,YEAR,2011,,,,,,,,,6.40,6.3952009,,,,2025-12-05T13:23:08Z,2011,2011-01-01,2011-12-31
3813103,GHED_OOP_pc_US_SHA2011,COUNTRY,GNQ,AFR,Africa,YEAR,2004,,,,,,,,,76.63,76.63399664,,,,2025-12-05T13:23:08Z,2004,2004-01-01,2004-12-31
3815030,GHED_OOP_pc_US_SHA2011,COUNTRY,GRC,EUR,Europe,YEAR,2010,,,,,,,,,724.66,724.66145873,,,,2025-12-05T13:23:08Z,2010,2010-01-01,2010-12-31
3830610,GHED_OOP_pc_US_SHA2011,COUNTRY,CHL,AMR,Americas,YEAR,2013,,,,,,,,,394.16,394.16375217,,,,2025-12-05T13:23:08Z,2013,2013-01-01,2013-12-31
3831750,GHED_OOP_pc_US_SHA2011,COUNTRY,FJI,WPR,Western Pacific,YEAR,2010,,,,,,,,,28.56,28.55757748,,,,2025-12-05T13:23:08Z,2010,2010-01-01,2010-12-31
3831799,GHED_OOP_pc_US_SHA2011,REGION,EMR,,,YEAR,2010,,,,,,,,,113.61,113.60861546,,,,2025-12-05T13:23:08Z,2010,2010-01-01,2010-12-31
3833747,GHED_OOP_pc_US_SHA2011,COUNTRY,BGD,SEAR,South-East Asia,YEAR,2012,,,,,,,,,16.00,16.00313143,,,,2025-12-05T13:23:08Z,2012,2012-01-01,2012-12-31
3835784,GHED_OOP_pc_US_SHA2011,COUNTRY,LVA,EUR,Europe,YEAR,2008,,,,,,,,,340.80,340.80047344,,,,2025-12-05T13:23:08Z,2008,2008-01-01,2008-12-31
3836804,GHED_OOP_pc_US_SHA2011,WORLDBANKINCOMEGROUP,WB_HI,,,YEAR,2005,,,,,,,,,360.11,360.11187701,,,,2025-12-05T13:23:08Z,2005,2005-01-01,2005-12-31
3843779,GHED_OOP_pc_US_SHA2011,COUNTRY,PHL,WPR,Western Pacific,YEAR,2006,,,,,,,,,29.11,29.1113485,,,,2025-12-05T13:23:08Z,2006,2006-01-01,2006-12-31
3846424,GHED_OOP_pc_US_SHA2011,COUNTRY,MWI,AFR,Africa,YEAR,2020,,,,,,,,,5.30,5.30055272,,,,2025-12-05T13:23:08Z,2020,2020-01-01,2020-12-31
3848716,GHED_OOP_pc_US_SHA2011,COUNTRY,KNA,AMR,Americas,YEAR,2014,,,,,,,,,516.82,516.81640967,,,,2025-12-05T13:23:08Z,2014,2014-01-01,2014-12-31
3850411,GHED_OOP_pc_US_SHA2011,COUNTRY,BLR,EUR,Europe,YEAR,2023,,,,,,,,,158.99,158.9931413,,,,2025-12-05T13:23:08Z,2023,2023-01-01,2023-12-31
3851598,GHED_OOP_pc_US_SHA2011,COUNTRY,MWI,AFR,Africa,YEAR,2003,,,,,,,,,1.49,1.48660223,,,,2025-12-05T13:23:08Z,2003,2003-01-01,2003-12-31
3854375,GHED_OOP_pc_US_SHA2011,COUNTRY,TJK,EUR,Europe,YEAR,2018,,,,,,,,,40.04,40.03621406,,,,2025-12-05T13:23:08Z,2018,2018-01-01,2018-12-31
3857277,GHED_OOP_pc_US_SHA2011,COUNTRY,POL,EUR,Europe,YEAR,2001,,,,,,,,,81.96,81.95628783,,,,2025-12-05T13:23:08Z,2001,2001-01-01,2001-12-31
3859399,GHED_OOP_pc_US_SHA2011,COUNTRY,BTN,SEAR,South-East Asia,YEAR,2017,,,,,,,,,13.79,13.79026724,,,,2025-12-05T13:23:08Z,2017,2017-01-01,2017-12-31
3867161,GHED_OOP_pc_US_SHA2011,COUNTRY,BDI,AFR,Africa,YEAR,2009,,,,,,,,,6.50,6.49570683,,,,2025-12-05T13:23:08Z,2009,2009-01-01,2009-12-31
3867516,GHED_OOP_pc_US_SHA2011,COUNTRY,PLW,WPR,Western Pacific,YEAR,2005,,,,,,,,,134.11,134.11216792,,,,2025-12-05T13:23:08Z,2005,2005-01-01,2005-12-31
3871684,GHED_OOP_pc_US_SHA2011,COUNTRY,NLD,EUR,Europe,YEAR,2008,,,,,,,,,534.14,534.1386064,,,,2025-12-05T13:23:08Z,2008,2008-01-01,2008-12-31
3875916,GHED_OOP_pc_US_SHA2011,COUNTRY,GEO,EUR,Europe,YEAR,2022,,,,,,,,,312.35,312.34535347,,,,2025-12-05T13:23:08Z,2022,2022-01-01,2022-12-31
3876371,GHED_OOP_pc_US_SHA2011,COUNTRY,BGR,EUR,Europe,YEAR,2006,,,,,,,,,125.43,125.42981713,,,,2025-12-05T13:23:08Z,2006,2006-01-01,2006-12-31
3877183,GHED_OOP_pc_US_SHA2011,COUNTRY,ISL,EUR,Europe,YEAR,2008,,,,,,,,,772.84,772.84162942,,,,2025-12-05T13:23:08Z,2008,2008-01-01,2008-12-31
3879870,GHED_OOP_pc_US_SHA2011,COUNTRY,POL,EUR,Europe,YEAR,2012,,,,,,,,,197.79,197.78738832,,,,2025-12-05T13:23:08Z,2012,2012-01-01,2012-12-31
3882515,GHED_OOP_pc_US_SHA2011,COUNTRY,NPL,SEAR,South-East Asia,YEAR,2013,,,,,,,,,22.33,22.32773012,,,,2025-12-05T13:23:08Z,2013,2013-01-01,2013-12-31
3887458,GHED_OOP_pc_US_SHA2011,COUNTRY,CHE,EUR,Europe,YEAR,2009,,,,,,,,,1903.16,1903.16434409,,,,2025-12-05T13:23:08Z,2009,2009-01-01,2009-12-31
3888292,GHED_OOP_pc_US_SHA2011,COUNTRY,LCA,AMR,Americas,YEAR,2023,,,,,,,,,238.13,238.1263907,,,,2025-12-05T13:23:08Z,2023,2023-01-01,2023-12-31
3890766,GHED_OOP_pc_US_SHA2011,COUNTRY,HRV,EUR,Europe,YEAR,2020,,,,,,,,,117.38,117.37993417,,,,2025-12-05T13:23:08Z,2020,2020-01-01,2020-12-31
3894834,GHED_OOP_pc_US_SHA2011,COUNTRY,HND,AMR,Americas,YEAR,2012,,,,,,,,,91.76,91.76317947,,,,2025-12-05T13:23:08Z,2012,2012-01-01,2012-12-31
3896279,GHED_OOP_pc_US_SHA2011,COUNTRY,NIC,AMR,Americas,YEAR,2007,,,,,,,,,39.40,39.40209371,,,,2025-12-05T13:23:08Z,2007,2007-01-01,2007-12-31
3897374,GHED_OOP_pc_US_SHA2011,COUNTRY,TTO,AMR,Americas,YEAR,2004,,,,,,,,,228.38,228.37629143,,,,2025-12-05T13:23:08Z,2004,2004-01-01,2004-12-31
3899188,GHED_OOP_pc_US_SHA2011,COUNTRY,CRI,AMR,Americas,YEAR,2008,,,,,,,,,152.90,152.8995904,,,,2025-12-05T13:23:08Z,2008,2008-01-01,2008-12-31
3901628,GHED_OOP_pc_US_SHA2011,COUNTRY,MDA,EUR,Europe,YEAR,2009,,,,,,,,,95.05,95.04575297,,,,2025-12-05T13:23:08Z,2009,2009-01-01,2009-12-31
3908455,GHED_OOP_pc_US_SHA2011,GLOBAL,GLOBAL,,,YEAR,2020,,,,,,,,,221.02,221.0159704,,,,2025-12-05T13:23:08Z,2020,2020-01-01,2020-12-31
3908583,GHED_OOP_pc_US_SHA2011,COUNTRY,DZA,AFR,Africa,YEAR,2010,,,,,,,,,65.84,65.83867343,,,,2025-12-05T13:23:08Z,2010,2010-01-01,2010-12-31
3912413,GHED_OOP_pc_US_SHA2011,COUNTRY,SLV,AMR,Americas,YEAR,2020,,,,,,,,,98.11,98.11003918,,,,2025-12-05T13:23:08Z,2020,2020-01-01,2020-12-31
3912999,GHED_OOP_pc_US_SHA2011,COUNTRY,COD,AFR,Africa,YEAR,2015,,,,,,,,,6.95,6.95108696,,,,2025-12-05T13:23:08Z,2015,2015-01-01,2015-12-31
3913232,GHED_OOP_pc_US_SHA2011,COUNTRY,AUT,EUR,Europe,YEAR,2014,,,,,,,,,1062.71,1062.70554246,,,,2025-12-05T13:23:08Z,2014,2014-01-01,2014-12-31
3922953,GHED_OOP_pc_US_SHA2011,COUNTRY,MYS,WPR,Western Pacific,YEAR,2010,,,,,,,,,97.45,97.45183813,,,,2025-12-05T13:23:08Z,2010,2010-01-01,2010-12-31
3925230,GHED_OOP_pc_US_SHA2011,COUNTRY,BLZ,AMR,Americas,YEAR,2002,,,,,,,,,58.65,58.64884332,,,,2025-12-05T13:23:08Z,2002,2002-01-01,2002-12-31
3925891,GHED_OOP_pc_US_SHA2011,COUNTRY,TJK,EUR,Europe,YEAR,2019,,,,,,,,,43.10,43.10108868,,,,2025-12-05T13:23:08Z,2019,2019-01-01,2019-12-31
3925969,GHED_OOP_pc_US_SHA2011,COUNTRY,HUN,EUR,Europe,YEAR,2018,,,,,,,,,291.37,291.36893513,,,,2025-12-05T13:23:08Z,2018,2018-01-01,2018-12-31
3926057,GHED_OOP_pc_US_SHA2011,COUNTRY,LVA,EUR,Europe,YEAR,2009,,,,,,,,,288.80,288.79973099,,,,2025-12-05T13:23:08Z,2009,2009-01-01,2009-12-31
3928272,GHED_OOP_pc_US_SHA2011,COUNTRY,VNM,WPR,Western Pacific,YEAR,2021,,,,,,,,,68.02,68.01694734,,,,2025-12-05T13:23:08Z,2021,2021-01-01,2021-12-31
3932065,GHED_OOP_pc_US_SHA2011,COUNTRY,VNM,WPR,Western Pacific,YEAR,2013,,,,,,,,,43.30,43.29621999,,,,2025-12-05T13:23:08Z,2013,2013-01-01,2013-12-31
3932464,GHED_OOP_pc_US_SHA2011,COUNTRY,CRI,AMR,Americas,YEAR,2023,,,,,,,,,280.66,280.66042003,,,,2025-12-05T13:23:08Z,2023,2023-01-01,2023-12-31
3933320,GHED_OOP_pc_US_SHA2011,COUNTRY,LBY,EMR,Eastern Mediterranean,YEAR,2000,,,,,,,,,126.75,126.74723175,,,,2025-12-05T13:23:08Z,2000,2000-01-01,2000-12-31
3937232,GHED_OOP_pc_US_SHA2011,COUNTRY,EGY,EMR,Eastern Mediterranean,YEAR,2019,,,,,,,,,89.19,89.19465981,,,,2025-12-05T13:23:08Z,2019,2019-01-01,2019-12-31
3939867,GHED_OOP_pc_US_SHA2011,COUNTRY,PNG,WPR,Western Pacific,YEAR,2005,,,,,,,,,2.25,2.25354025,,,,2025-12-05T13:23:08Z,2005,2005-01-01,2005-12-31
3943356,GHED_OOP_pc_US_SHA2011,COUNTRY,BEN,AFR,Africa,YEAR,2004,,,,,,,,,11.92,11.91554283,,,,2025-12-05T13:23:08Z,2004,2004-01-01,2004-12-31
3943595,GHED_OOP_pc_US_SHA2011,COUNTRY,YEM,EMR,Eastern Mediterranean,YEAR,2015,,,,,,,,,76.79,76.79365181,,,,2025-12-05T13:23:08Z,2015,2015-01-01,2015-12-31
3945759,GHED_OOP_pc_US_SHA2011,COUNTRY,COD,AFR,Africa,YEAR,2002,,,,,,,,,2.98,2.97683902,,,,2025-12-05T13:23:08Z,2002,2002-01-01,2002-12-31
3948181,GHED_OOP_pc_US_SHA2011,COUNTRY,DMA,AMR,Americas,YEAR,2001,,,,,,,,,95.26,95.2592912,,,,2025-12-05T13:23:08Z,2001,2001-01-01,2001-12-31
3950961,GHED_OOP_pc_US_SHA2011,COUNTRY,BHR,EMR,Eastern Mediterranean,YEAR,2000,,,,,,,,,124.34,124.33952176,,,,2025-12-05T13:23:08Z,2000,2000-01-01,2000-12-31
3951250,GHED_OOP_pc_US_SHA2011,COUNTRY,TTO,AMR,Americas,YEAR,2014,,,,,,,,,432.95,432.95230093,,,,2025-12-05T13:23:08Z,2014,2014-01-01,2014-12-31
3953007,GHED_OOP_pc_US_SHA2011,COUNTRY,KHM,WPR,Western Pacific,YEAR,2009,,,,,,,,,27.90,27.9035253,,,,2025-12-05T13:23:08Z,2009,2009-01-01,2009-12-31
3953376,GHED_OOP_pc_US_SHA2011,COUNTRY,CHL,AMR,Americas,YEAR,2001,,,,,,,,,137.92,137.91692699,,,,2025-12-05T13:23:08Z,2001,2001-01-01,2001-12-31
3957242,GHED_OOP_pc_US_SHA2011,COUNTRY,TCD,AFR,Africa,YEAR,2007,,,,,,,,,22.10,22.09970743,,,,2025-12-05T13:23:08Z,2007,2007-01-01,2007-12-31
3957868,GHED_OOP_pc_US_SHA2011,COUNTRY,SWZ,AFR,Africa,YEAR,2007,,,,,,,,,30.61,30.61176649,,,,2025-12-05T13:23:08Z,2007,2007-01-01,2007-12-31
3957906,GHED_OOP_pc_US_SHA2011,COUNTRY,CPV,AFR,Africa,YEAR,2005,,,,,,,,,23.63,23.62905339,,,,2025-12-05T13:23:08Z,2005,2005-01-01,2005-12-31
3958474,GHED_OOP_pc_US_SHA2011,COUNTRY,SLV,AMR,Americas,YEAR,2019,,,,,,,,,143.35,143.35118291,,,,2025-12-05T13:23:08Z,2019,2019-01-01,2019-12-31
3962180,GHED_OOP_pc_US_SHA2011,COUNTRY,CHE,EUR,Europe,YEAR,2016,,,,,,,,,1957.34,1957.34413825,,,,2025-12-05T13:23:08Z,2016,2016-01-01,2016-12-31
3964550,GHED_OOP_pc_US_SHA2011,COUNTRY,SWE,EUR,Europe,YEAR,2013,,,,,,,,,1002.61,1002.60547261,,,,2025-12-05T13:23:08Z,2013,2013-01-01,2013-12-31
3966661,GHED_OOP_pc_US_SHA2011,COUNTRY,MLT,EUR,Europe,YEAR,2017,,,,,,,,,902.77,902.76736549,,,,2025-12-05T13:23:08Z,2017,2017-01-01,2017-12-31
3968684,GHED_OOP_pc_US_SHA2011,COUNTRY,UKR,EUR,Europe,YEAR,2010,,,,,,,,,83.47,83.47342467,,,,2025-12-05T13:23:08Z,2010,2010-01-01,2010-12-31
3975194,GHED_OOP_pc_US_SHA2011,COUNTRY,VEN,AMR,Americas,YEAR,2020,,,,,,,,,44.36,44.36076013,,,,2025-12-05T13:23:08Z,2020,2020-01-01,2020-12-31
3976078,GHED_OOP_pc_US_SHA2011,COUNTRY,LSO,AFR,Africa,YEAR,2007,,,,,,,,,15.83,15.82714855,,,,2025-12-05T13:23:08Z,2007,2007-01-01,2007-12-31
3982505,GHED_OOP_pc_US_SHA2011,COUNTRY,COK,WPR,Western Pacific,YEAR,2014,,,,,,,,,22.19,22.18626028,,,,2025-12-05T13:23:08Z,2014,2014-01-01,2014-12-31
3985244,GHED_OOP_pc_US_SHA2011,COUNTRY,GIN,AFR,Africa,YEAR,2020,,,,,,,,,23.50,23.49949803,,,,2025-12-05T13:23:08Z,2020,2020-01-01,2020-12-31
3986312,GHED_OOP_pc_US_SHA2011,COUNTRY,URY,AMR,Americas,YEAR,2000,,,,,,,,,175.97,175.96685084,,,,2025-12-05T13:23:08Z,2000,2000-01-01,2000-12-31
3990803,GHED_OOP_pc_US_SHA2011,COUNTRY,BIH,EUR,Europe,YEAR,2003,,,,,,,,,54.82,54.82037901,,,,2025-12-05T13:23:08Z,2003,2003-01-01,2003-12-31
3995671,GHED_OOP_pc_US_SHA2011,REGION,WPR,,,YEAR,2006,,,,,,,,,106.60,106.5965476,,,,2025-12-05T13:23:08Z,2006,2006-01-01,2006-12-31
3997345,GHED_OOP_pc_US_SHA2011,COUNTRY,TKM,EUR,Europe,YEAR,2014,,,,,,,,,268.65,268.65134743,,,,2025-12-05T13:23:08Z,2014,2014-01-01,2014-12-31
3998092,GHED_OOP_pc_US_SHA2011,COUNTRY,ISR,EUR,Europe,YEAR,2012,,,,,,,,,563.01,563.01331066,,,,2025-12-05T13:23:08Z,2012,2012-01-01,2012-12-31
3998565,GHED_OOP_pc_US_SHA2011,COUNTRY,BRN,WPR,Western Pacific,YEAR,2001,,,,,,,,,79.68,79.68365805,,,,2025-12-05T13:23:08Z,2001,2001-01-01,2001-12-31
4000729,GHED_OOP_pc_US_SHA2011,COUNTRY,HND,AMR,Americas,YEAR,2004,,,,,,,,,41.70,41.69579524,,,,2025-12-05T13:23:08Z,2004,2004-01-01,2004-12-31
4001671,GHED_OOP_pc_US_SHA2011,COUNTRY,BEN,AFR,Africa,YEAR,2017,,,,,,,,,18.60,18.59592241,,,,2025-12-05T13:23:08Z,2017,2017-01-01,2017-12-31
4003623,GHED_OOP_pc_US_SHA2011,COUNTRY,GMB,AFR,Africa,YEAR,2002,,,,,,,,,4.73,4.73253149,,,,2025-12-05T13:23:08Z,2002,2002-01-01,2002-12-31
4003908,GHED_OOP_pc_US_SHA2011,COUNTRY,GBR,EUR,Europe,YEAR,2023,,,,,,,,,791.03,791.03315864,,,,2025-12-05T13:23:08Z,2023,2023-01-01,2023-12-31
4007014,GHED_OOP_pc_US_SHA2011,COUNTRY,SRB,EUR,Europe,YEAR,2022,,,,,,,,,259.81,259.80871871,,,,2025-12-05T13:23:08Z,2022,2022-01-01,2022-12-31
4009057,GHED_OOP_pc_US_SHA2011,COUNTRY,ERI,AFR,Africa,YEAR,2023,,,,,,,,,13.71,13.70906673,,,,2025-12-05T13:23:08Z,2023,2023-01-01,2023-12-31
4015962,GHED_OOP_pc_US_SHA2011,COUNTRY,BEL,EUR,Europe,YEAR,2019,,,,,,,,,1048.00,1047.99566978,,,,2025-12-05T13:23:08Z,2019,2019-01-01,2019-12-31
4016250,GHED_OOP_pc_US_SHA2011,COUNTRY,GEO,EUR,Europe,YEAR,2001,,,,,,,,,43.09,43.0867708,,,,2025-12-05T13:23:08Z,2001,2001-01-01,2001-12-31
4016611,GHED_OOP_pc_US_SHA2011,COUNTRY,JPN,WPR,Western Pacific,YEAR,2014,,,,,,,,,530.39,530.38671192,,,,2025-12-05T13:23:08Z,2014,2014-01-01,2014-12-31
4016914,GHED_OOP_pc_US_SHA2011,REGION,SEAR,,,YEAR,2000,,,,,,,,,25.90,25.89807365,,,,2025-12-05T13:23:08Z,2000,2000-01-01,2000-12-31
4017674,GHED_OOP_pc_US_SHA2011,REGION,AFR,,,YEAR,2013,,,,,,,,,35.86,35.85599038,,,,2025-12-05T13:23:08Z,2013,2013-01-01,2013-12-31
4017836,GHED_OOP_pc_US_SHA2011,COUNTRY,NPL,SEAR,South-East Asia,YEAR,2022,,,,,,,,,48.41,48.40902461,,,,2025-12-05T13:23:08Z,2022,2022-01-01,2022-12-31
4019853,GHED_OOP_pc_US_SHA2011,COUNTRY,BFA,AFR,Africa,YEAR,2000,,,,,,,,,5.76,5.76157729,,,,2025-12-05T13:23:08Z,2000,2000-01-01,2000-12-31
4023180,GHED_OOP_pc_US_SHA2011,COUNTRY,LBY,EMR,Eastern Mediterranean,YEAR,2009,,,,,,,,,106.43,106.42775947,,,,2025-12-05T13:23:08Z,2009,2009-01-01,2009-12-31
4025868,GHED_OOP_pc_US_SHA2011,COUNTRY,DZA,AFR,Africa,YEAR,2009,,,,,,,,,56.88,56.87587479,,,,2025-12-05T13:23:08Z,2009,2009-01-01,2009-12-31
4026620,GHED_OOP_pc_US_SHA2011,REGION,WPR,,,YEAR,2000,,,,,,,,,68.78,68.77711442,,,,2025-12-05T13:23:08Z,2000,2000-01-01,2000-12-31
4026902,GHED_OOP_pc_US_SHA2011,COUNTRY,BHS,AMR,Americas,YEAR,2000,,,,,,,,,258.35,258.35233356,,,,2025-12-05T13:23:08Z,2000,2000-01-01,2000-12-31
4027301,GHED_OOP_pc_US_SHA2011,COUNTRY,CAN,AMR,Americas,YEAR,2012,,,,,,,,,827.34,827.33955959,,,,2025-12-05T13:23:08Z,2012,2012-01-01,2012-12-31
4029609,GHED_OOP_pc_US_SHA2011,COUNTRY,CAN,AMR,Americas,YEAR,2022,,,,,,,,,935.39,935.39259196,,,,2025-12-05T13:23:08Z,2022,2022-01-01,2022-12-31
4030333,GHED_OOP_pc_US_SHA2011,COUNTRY,UGA,AFR,Africa,YEAR,2010,,,,,,,,,19.40,19.40042591,,,,2025-12-05T13:23:08Z,2010,2010-01-01,2010-12-31
4033774,GHED_OOP_pc_US_SHA2011,COUNTRY,FIN,EUR,Europe,YEAR,2005,,,,,,,,,633.65,633.65085682,,,,2025-12-05T13:23:08Z,2005,2005-01-01,2005-12-31
4033903,GHED_OOP_pc_US_SHA2011,COUNTRY,BIH,EUR,Europe,YEAR,2002,,,,,,,,,45.71,45.71328637,,,,2025-12-05T13:23:08Z,2002,2002-01-01,2002-12-31
4036832,GHED_OOP_pc_US_SHA2011,COUNTRY,DOM,AMR,Americas,YEAR,2012,,,,,,,,,101.61,101.60968212,,,,2025-12-05T13:23:08Z,2012,2012-01-01,2012-12-31
4045673,GHED_OOP_pc_US_SHA2011,COUNTRY,GAB,AFR,Africa,YEAR,2010,,,,,,,,,52.77,52.76532939,,,,2025-12-05T13:23:08Z,2010,2010-01-01,2010-12-31
4051425,GHED_OOP_pc_US_SHA2011,COUNTRY,LCA,AMR,Americas,YEAR,2016,,,,,,,,,217.98,217.98131214,,,,2025-12-05T13:23:08Z,2016,2016-01-01,2016-12-31
4053217,GHED_OOP_pc_US_SHA2011,COUNTRY,DJI,EMR,Eastern Mediterranean,YEAR,2003,,,,,,,,,15.91,15.90781609,,,,2025-12-05T13:23:08Z,2003,2003-01-01,2003-12-31
4053604,GHED_OOP_pc_US_SHA2011,COUNTRY,RUS,EUR,Europe,YEAR,2005,,,,,,,,,86.26,86.26202855,,,,2025-12-05T13:23:08Z,2005,2005-01-01,2005-12-31
4068131,GHED_OOP_pc_US_SHA2011,COUNTRY,GNQ,AFR,Africa,YEAR,2008,,,,,,,,,126.14,126.14092702,,,,2025-12-05T13:23:08Z,2008,2008-01-01,2008-12-31
4071177,GHED_OOP_pc_US_SHA2011,COUNTRY,MDG,AFR,Africa,YEAR,2017,,,,,,,,,6.06,6.05505891,,,,2025-12-05T13:23:08Z,2017,2017-01-01,2017-12-31
4077731,GHED_OOP_pc_US_SHA2011,COUNTRY,ISL,EUR,Europe,YEAR,2021,,,,,,,,,977.66,977.65821192,,,,2025-12-05T13:23:08Z,2021,2021-01-01,2021-12-31
4078351,GHED_OOP_pc_US_SHA2011,COUNTRY,TUV,WPR,Western Pacific,YEAR,2013,,,,,,,,,25.19,25.19360334,,,,2025-12-05T13:23:08Z,2013,2013-01-01,2013-12-31
4078786,GHED_OOP_pc_US_SHA2011,COUNTRY,ZMB,AFR,Africa,YEAR,2013,,,,,,,,,9.75,9.75296968,,,,2025-12-05T13:23:08Z,2013,2013-01-01,2013-12-31
4082347,GHED_OOP_pc_US_SHA2011,COUNTRY,MMR,SEAR,South-East Asia,YEAR,2014,,,,,,,,,35.84,35.84477055,,,,2025-12-05T13:23:08Z,2014,2014-01-01,2014-12-31
4082447,GHED_OOP_pc_US_SHA2011,COUNTRY,MDG,AFR,Africa,YEAR,2002,,,,,,,,,5.65,5.64772668,,,,2025-12-05T13:23:08Z,2002,2002-01-01,2002-12-31
4085084,GHED_OOP_pc_US_SHA2011,COUNTRY,LUX,EUR,Europe,YEAR,2017,,,,,,,,,609.09,609.09073078,,,,2025-12-05T13:23:08Z,2017,2017-01-01,2017-12-31
4090358,GHED_OOP_pc_US_SHA2011,COUNTRY,GMB,AFR,Africa,YEAR,2020,,,,,,,,,7.19,7.18823137,,,,2025-12-05T13:23:08Z,2020,2020-01-01,2020-12-31
4095214,GHED_OOP_pc_US_SHA2011,COUNTRY,ESP,EUR,Europe,YEAR,2022,,,,,,,,,620.02,620.02009702,,,,2025-12-05T13:23:08Z,2022,2022-01-01,2022-12-31
4105514,GHED_OOP_pc_US_SHA2011,COUNTRY,AUT,EUR,Europe,YEAR,2017,,,,,,,,,1005.48,1005.4772825700001,,,,2025-12-05T13:23:08Z,2017,2017-01-01,2017-12-31
4108484,GHED_OOP_pc_US_SHA2011,REGION,SEAR,,,YEAR,2004,,,,,,,,,30.54,30.53995043,,,,2025-12-05T13:23:08Z,2004,2004-01-01,2004-12-31
4109039,GHED_OOP_pc_US_SHA2011,COUNTRY,BLZ,AMR,Americas,YEAR,2001,,,,,,,,,55.48,55.4795337,,,,2025-12-05T13:23:08Z,2001,2001-01-01,2001-12-31
4112064,GHED_OOP_pc_US_SHA2011,COUNTRY,YEM,EMR,Eastern Mediterranean,YEAR,2014,,,,,,,,,66.76,66.76267564,,,,2025-12-05T13:23:08Z,2014,2014-01-01,2014-12-31
4115963,GHED_OOP_pc_US_SHA2011,COUNTRY,SMR,EUR,Europe,YEAR,2015,,,,,,,,,480.16,480.16345691,,,,2025-12-05T13:23:08Z,2015,2015-01-01,2015-12-31
4117992,GHED_OOP_pc_US_SHA2011,COUNTRY,HRV,EUR,Europe,YEAR,2007,,,,,,,,,128.96,128.95581894,,,,2025-12-05T13:23:08Z,2007,2007-01-01,2007-12-31
4118526,GHED_OOP_pc_US_SHA2011,COUNTRY,BTN,SEAR,South-East Asia,YEAR,2007,,,,,,,,,9.28,9.27869949,,,,2025-12-05T13:23:08Z,2007,2007-01-01,2007-12-31
4120970,GHED_OOP_pc_US_SHA2011,COUNTRY,GTM,AMR,Americas,YEAR,2007,,,,,,,,,97.92,97.91634097,,,,2025-12-05T13:23:08Z,2007,2007-01-01,2007-12-31
4127409,GHED_OOP_pc_US_SHA2011,COUNTRY,ALB,EUR,Europe,YEAR,2023,,,,,,,,,285.12,285.12347094,,,,2025-12-05T13:23:08Z,2023,2023-01-01,2023-12-31
4129115,GHED_OOP_pc_US_SHA2011,COUNTRY,CHL,AMR,Americas,YEAR,2018,,,,,,,,,467.80,467.79767774,,,,2025-12-05T13:23:08Z,2018,2018-01-01,2018-12-31
4135221,GHED_OOP_pc_US_SHA2011,COUNTRY,SEN,AFR,Africa,YEAR,2016,,,,,,,,,27.57,27.56525717,,,,2025-12-05T13:23:08Z,2016,2016-01-01,2016-12-31
4135951,GHED_OOP_pc_US_SHA2011,COUNTRY,GMB,AFR,Africa,YEAR,2017,,,,,,,,,5.75,5.74805672,,,,2025-12-05T13:23:08Z,2017,2017-01-01,2017-12-31
4136647,GHED_OOP_pc_US_SHA2011,COUNTRY,MLT,EUR,Europe,YEAR,2020,,,,,,,,,951.77,951.76674872,,,,2025-12-05T13:23:08Z,2020,2020-01-01,2020-12-31
4136968,GHED_OOP_pc_US_SHA2011,COUNTRY,IRN,EMR,Eastern Mediterranean,YEAR,2006,,,,,,,,,99.28,99.28021255,,,,2025-12-05T13:23:08Z,2006,2006-01-01,2006-12-31
4137091,GHED_OOP_pc_US_SHA2011,COUNTRY,ZAF,AFR,Africa,YEAR,2014,,,,,,,,,30.55,30.54629337,,,,2025-12-05T13:23:08Z,2014,2014-01-01,2014-12-31
4137484,GHED_OOP_pc_US_SHA2011,COUNTRY,BEL,EUR,Europe,YEAR,2020,,,,,,,,,1017.16,1017.1580401,,,,2025-12-05T13:23:08Z,2020,2020-01-01,2020-12-31
4137573,GHED_OOP_pc_US_SHA2011,COUNTRY,ESP,EUR,Europe,YEAR,2006,,,,,,,,,497.58,497.57930898,,,,2025-12-05T13:23:08Z,2006,2006-01-01,2006-12-31
4137781,GHED_OOP_pc_US_SHA2011,COUNTRY,LKA,SEAR,South-East Asia,YEAR,2012,,,,,,,,,57.14,57.1427877,,,,2025-12-05T13:23:08Z,2012,2012-01-01,2012-12-31
4141311,GHED_OOP_pc_US_SHA2011,COUNTRY,SWE,EUR,Europe,YEAR,2023,,,,,,,,,804.17,804.17142699,,,,2025-12-05T13:23:08Z,2023,2023-01-01,2023-12-31
4142972,GHED_OOP_pc_US_SHA2011,COUNTRY,BDI,AFR,Africa,YEAR,2019,,,,,,,,,4.94,4.94189044,,,,2025-12-05T13:23:08Z,2019,2019-01-01,2019-12-31
4143531,GHED_OOP_pc_US_SHA2011,COUNTRY,TKM,EUR,Europe,YEAR,2003,,,,,,,,,127.35,127.35409694,,,,2025-12-05T13:23:08Z,2003,2003-01-01,2003-12-31
4147184,GHED_OOP_pc_US_SHA2011,COUNTRY,NLD,EUR,Europe,YEAR,2006,,,,,,,,,339.76,339.76207813,,,,2025-12-05T13:23:08Z,2006,2006-01-01,2006-12-31
4147916,GHED_OOP_pc_US_SHA2011,COUNTRY,SLV,AMR,Americas,YEAR,2010,,,,,,,,,102.35,102.34583704,,,,2025-12-05T13:23:08Z,2010,2010-01-01,2010-12-31
4149630,GHED_OOP_pc_US_SHA2011,COUNTRY,LKA,SEAR,South-East Asia,YEAR,2008,,,,,,,,,45.58,45.57707235,,,,2025-12-05T13:23:08Z,2008,2008-01-01,2008-12-31
4154270,GHED_OOP_pc_US_SHA2011,COUNTRY,IRN,EMR,Eastern Mediterranean,YEAR,2009,,,,,,,,,198.48,198.48194446,,,,2025-12-05T13:23:08Z,2009,2009-01-01,2009-12-31
4156312,GHED_OOP_pc_US_SHA2011,COUNTRY,EST,EUR,Europe,YEAR,2011,,,,,,,,,239.05,239.04618386,,,,2025-12-05T13:23:08Z,2011,2011-01-01,2011-12-31
4160053,GHED_OOP_pc_US_SHA2011,COUNTRY,ZAF,AFR,Africa,YEAR,2005,,,,,,,,,45.31,45.31193502,,,,2025-12-05T13:23:08Z,2005,2005-01-01,2005-12-31
4160089,GHED_OOP_pc_US_SHA2011,COUNTRY,SDN,EMR,Eastern Mediterranean,YEAR,2002,,,,,,,,,10.26,10.26172113,,,,2025-12-05T13:23:08Z,2002,2002-01-01,2002-12-31
4166501,GHED_OOP_pc_US_SHA2011,COUNTRY,GMB,AFR,Africa,YEAR,2014,,,,,,,,,4.65,4.65106118,,,,2025-12-05T13:23:08Z,2014,2014-01-01,2014-12-31
4172325,GHED_OOP_pc_US_SHA2011,COUNTRY,TLS,SEAR,South-East Asia,YEAR,2004,,,,,,,,,7.00,6.99621343,,,,2025-12-05T13:23:08Z,2004,2004-01-01,2004-12-31
4174381,GHED_OOP_pc_US_SHA2011,COUNTRY,KOR,WPR,Western Pacific,YEAR,2018,,,,,,,,,874.90,874.90151362,,,,2025-12-05T13:23:08Z,2018,2018-01-01,2018-12-31
4174628,GHED_OOP_pc_US_SHA2011,COUNTRY,LTU,EUR,Europe,YEAR,2010,,,,,,,,,222.17,222.17013688,,,,2025-12-05T13:23:08Z,2010,2010-01-01,2010-12-31
4175558,GHED_OOP_pc_US_SHA2011,COUNTRY,LBN,EMR,Eastern Mediterranean,YEAR,2008,,,,,,,,,207.33,207.33069343,,,,2025-12-05T13:23:08Z,2008,2008-01-01,2008-12-31
4176024,GHED_OOP_pc_US_SHA2011,COUNTRY,CRI,AMR,Americas,YEAR,2016,,,,,,,,,196.44,196.4362333,,,,2025-12-05T13:23:08Z,2016,2016-01-01,2016-12-31
4182059,GHED_OOP_pc_US_SHA2011,COUNTRY,KOR,WPR,Western Pacific,YEAR,2001,,,,,,,,,207.90,207.89590292,,,,2025-12-05T13:23:08Z,2001,2001-01-01,2001-12-31
4184400,GHED_OOP_pc_US_SHA2011,COUNTRY,MMR,SEAR,South-East Asia,YEAR,2020,,,,,,,,,47.91,47.91462993,,,,2025-12-05T13:23:08Z,2020,2020-01-01,2020-12-31
4185535,GHED_OOP_pc_US_SHA2011,COUNTRY,TUN,EMR,Eastern Mediterranean,YEAR,2011,,,,,,,,,112.55,112.55481863,,,,2025-12-05T13:23:08Z,2011,2011-01-01,2011-12-31
4185794,GHED_OOP_pc_US_SHA2011,COUNTRY,KGZ,EUR,Europe,YEAR,2001,,,,,,,,,6.85,6.84677312,,,,2025-12-05T13:23:08Z,2001,2001-01-01,2001-12-31
4186952,GHED_OOP_pc_US_SHA2011,COUNTRY,IND,SEAR,South-East Asia,YEAR,2011,,,,,,,,,29.98,29.98146389,,,,2025-12-05T13:23:08Z,2011,2011-01-01,2011-12-31
4188194,GHED_OOP_pc_US_SHA2011,REGION,SEAR,,,YEAR,2013,,,,,,,,,48.83,48.8279849,,,,2025-12-05T13:23:08Z,2013,2013-01-01,2013-12-31
4188474,GHED_OOP_pc_US_SHA2011,COUNTRY,BGD,SEAR,South-East Asia,YEAR,2014,,,,,,,,,21.16,21.16498317,,,,2025-12-05T13:23:08Z,2014,2014-01-01,2014-12-31
4192048,GHED_OOP_pc_US_SHA2011,COUNTRY,NRU,WPR,Western Pacific,YEAR,2021,,,,,,,,,11.10,11.09906358,,,,2025-12-05T13:23:08Z,2021,2021-01-01,2021-12-31
4193630,GHED_OOP_pc_US_SHA2011,COUNTRY,ISR,EUR,Europe,YEAR,2001,,,,,,,,,457.82,457.81768347,,,,2025-12-05T13:23:08Z,2001,2001-01-01,2001-12-31
4199783,GHED_OOP_pc_US_SHA2011,COUNTRY,MNG,WPR,Western Pacific,YEAR,2001,,,,,,,,,5.78,5.78493044,,,,2025-12-05T13:23:08Z,2001,2001-01-01,2001-12-31
4204141,GHED_OOP_pc_US_SHA2011,COUNTRY,BFA,AFR,Africa,YEAR,2016,,,,,,,,,12.40,12.40363197,,,,2025-12-05T13:23:08Z,2016,2016-01-01,2016-12-31
4204313,GHED_OOP_pc_US_SHA2011,COUNTRY,RUS,EUR,Europe,YEAR,2015,,,,,,,,,192.05,192.0527947,,,,2025-12-05T13:23:08Z,2015,2015-01-01,2015-12-31
4204787,GHED_OOP_pc_US_SHA2011,COUNTRY,WSM,WPR,Western Pacific,YEAR,2020,,,,,,,,,33.66,33.65666888,,,,2025-12-05T13:23:08Z,2020,2020-01-01,2020-12-31
4205173,GHED_OOP_pc_US_SHA2011,COUNTRY,CUB,AMR,Americas,YEAR,2009,,,,,,,,,54.72,54.71583424,,,,2025-12-05T13:23:08Z,2009,2009-01-01,2009-12-31
4205755,GHED_OOP_pc_US_SHA2011,COUNTRY,LCA,AMR,Americas,YEAR,2000,,,,,,,,,168.26,168.2610154,,,,2025-12-05T13:23:08Z,2000,2000-01-01,2000-12-31
4207263,GHED_OOP_pc_US_SHA2011,COUNTRY,TZA,AFR,Africa,YEAR,2006,,,,,,,,,9.17,9.17418457,,,,2025-12-05T13:23:08Z,2006,2006-01-01,2006-12-31
4211256,GHED_OOP_pc_US_SHA2011,COUNTRY,GAB,AFR,Africa,YEAR,2012,,,,,,,,,63.03,63.03233728,,,,2025-12-05T13:23:08Z,2012,2012-01-01,2012-12-31
4219193,GHED_OOP_pc_US_SHA2011,COUNTRY,TKM,EUR,Europe,YEAR,2000,,,,,,,,,37.77,37.76764609,,,,2025-12-05T13:23:08Z,2000,2000-01-01,2000-12-31
4223135,GHED_OOP_pc_US_SHA2011,COUNTRY,FRA,EUR,Europe,YEAR,2005,,,,,,,,,263.44,263.4417065,,,,2025-12-05T13:23:08Z,2005,2005-01-01,2005-12-31
4223724,GHED_OOP_pc_US_SHA2011,COUNTRY,UGA,AFR,Africa,YEAR,2014,,,,,,,,,20.46,20.45773851,,,,2025-12-05T13:23:08Z,2014,2014-01-01,2014-12-31
4223792,GHED_OOP_pc_US_SHA2011,COUNTRY,SLE,AFR,Africa,YEAR,2007,,,,,,,,,23.04,23.0371893,,,,2025-12-05T13:23:08Z,2007,2007-01-01,2007-12-31
4224181,GHED_OOP_pc_US_SHA2011,COUNTRY,IRL,EUR,Europe,YEAR,2012,,,,,,,,,691.21,691.21003926,,,,2025-12-05T13:23:08Z,2012,2012-01-01,2012-12-31
4224894,GHED_OOP_pc_US_SHA2011,COUNTRY,TZA,AFR,Africa,YEAR,2015,,,,,,,,,8.59,8.59380914,,,,2025-12-05T13:23:08Z,2015,2015-01-01,2015-12-31
4226034,GHED_OOP_pc_US_SHA2011,COUNTRY,TTO,AMR,Americas,YEAR,2001,,,,,,,,,139.94,139.94416612,,,,2025-12-05T13:23:08Z,2001,2001-01-01,2001-12-31
4226405,GHED_OOP_pc_US_SHA2011,COUNTRY,AZE,EUR,Europe,YEAR,2010,,,,,,,,,92.27,92.26721275,,,,2025-12-05T13:23:08Z,2010,2010-01-01,2010-12-31
4237516,GHED_OOP_pc_US_SHA2011,COUNTRY,DJI,EMR,Eastern Mediterranean,YEAR,2019,,,,,,,,,19.28,19.28325152,,,,2025-12-05T13:23:08Z,2019,2019-01-01,2019-12-31
4239895,GHED_OOP_pc_US_SHA2011,COUNTRY,BEL,EUR,Europe,YEAR,2000,,,,,,,,,373.76,373.76277408,,,,2025-12-05T13:23:08Z,2000,2000-01-01,2000-12-31
4241040,GHED_OOP_pc_US_SHA2011,COUNTRY,CZE,EUR,Europe,YEAR,2005,,,,,,,,,94.58,94.58348043,,,,2025-12-05T13:23:08Z,2005,2005-01-01,2005-12-31
4241539,GHED_OOP_pc_US_SHA2011,COUNTRY,DZA,AFR,Africa,YEAR,2000,,,,,,,,,15.96,15.95593289,,,,2025-12-05T13:23:08Z,2000,2000-01-01,2000-12-31
4242767,GHED_OOP_pc_US_SHA2011,COUNTRY,PAN,AMR,Americas,YEAR,2023,,,,,,,,,630.21,630.21370558,,,,2025-12-05T13:23:08Z,2023,2023-01-01,2023-12-31
4244520,GHED_OOP_pc_US_SHA2011,COUNTRY,SUR,AMR,Americas,YEAR,2019,,,,,,,,,91.31,91.31252608,,,,2025-12-05T13:23:08Z,2019,2019-01-01,2019-12-31
4245913,GHED_OOP_pc_US_SHA2011,COUNTRY,MDG,AFR,Africa,YEAR,2019,,,,,,,,,5.31,5.30511553,,,,2025-12-05T13:23:08Z,2019,2019-01-01,2019-12-31
4251516,GHED_OOP_pc_US_SHA2011,COUNTRY,CAN,AMR,Americas,YEAR,2016,,,,,,,,,725.27,725.27121796,,,,2025-12-05T13:23:08Z,2016,2016-01-01,2016-12-31
4253829,GHED_OOP_pc_US_SHA2011,COUNTRY,PAK,EMR,Eastern Mediterranean,YEAR,2003,,,,,,,,,8.68,8.67575158,,,,2025-12-05T13:23:08Z,2003,2003-01-01,2003-12-31
4254256,GHED_OOP_pc_US_SHA2011,COUNTRY,DMA,AMR,Americas,YEAR,2021,,,,,,,,,125.09,125.0913741,,,,2025-12-05T13:23:08Z,2021,2021-01-01,2021-12-31
4255143,GHED_OOP_pc_US_SHA2011,COUNTRY,ATG,AMR,Americas,YEAR,2005,,,,,,,,,173.64,173.63613166,,,,2025-12-05T13:23:08Z,2005,2005-01-01,2005-12-31
4256510,GHED_OOP_pc_US_SHA2011,COUNTRY,AZE,EUR,Europe,YEAR,2008,,,,,,,,,63.26,63.26006939,,,,2025-12-05T13:23:08Z,2008,2008-01-01,2008-12-31
4258055,GHED_OOP_pc_US_SHA2011,COUNTRY,NER,AFR,Africa,YEAR,2006,,,,,,,,,9.94,9.93817868,,,,2025-12-05T13:23:08Z,2006,2006-01-01,2006-12-31
4258057,GHED_OOP_pc_US_SHA2011,COUNTRY,SRB,EUR,Europe,YEAR,2004,,,,,,,,,74.91,74.90794836,,,,2025-12-05T13:23:08Z,2004,2004-01-01,2004-12-31
4261302,GHED_OOP_pc_US_SHA2011,COUNTRY,KGZ,EUR,Europe,YEAR,2005,,,,,,,,,14.87,14.87254793,,,,2025-12-05T13:23:08Z,2005,2005-01-01,2005-12-31
4263638,GHED_OOP_pc_US_SHA2011,COUNTRY,NLD,EUR,Europe,YEAR,2019,,,,,,,,,556.69,556.68766238,,,,2025-12-05T13:23:08Z,2019,2019-01-01,2019-12-31
4267451,GHED_OOP_pc_US_SHA2011,COUNTRY,KEN,AFR,Africa,YEAR,2012,,,,,,,,,20.38,20.37922001,,,,2025-12-05T13:23:08Z,2012,2012-01-01,2012-12-31
4269019,GHED_OOP_pc_US_SHA2011,COUNTRY,ECU,AMR,Americas,YEAR,2011,,,,,,,,,151.28,151.28420554,,,,2025-12-05T13:23:08Z,2011,2011-01-01,2011-12-31
4269723,GHED_OOP_pc_US_SHA2011,COUNTRY,AUS,WPR,Western Pacific,YEAR,2010,,,,,,,,,977.19,977.18749978,,,,2025-12-05T13:23:08Z,2010,2010-01-01,2010-12-31
4270805,GHED_OOP_pc_US_SHA2011,COUNTRY,JPN,WPR,Western Pacific,YEAR,2017,,,,,,,,,523.31,523.31202944,,,,2025-12-05T13:23:08Z,2017,2017-01-01,2017-12-31
4273283,GHED_OOP_pc_US_SHA2011,COUNTRY,QAT,EMR,Eastern Mediterranean,YEAR,2001,,,,,,,,,164.15,164.14633049,,,,2025-12-05T13:23:08Z,2001,2001-01-01,2001-12-31
4273377,GHED_OOP_pc_US_SHA2011,COUNTRY,QAT,EMR,Eastern Mediterranean,YEAR,2020,,,,,,,,,116.03,116.03434849,,,,2025-12-05T13:23:08Z,2020,2020-01-01,2020-12-31
4281692,GHED_OOP_pc_US_SHA2011,COUNTRY,HND,AMR,Americas,YEAR,2023,,,,,,,,,132.20,132.20473647,,,,2025-12-05T13:23:08Z,2023,2023-01-01,2023-12-31
4282771,GHED_OOP_pc_US_SHA2011,COUNTRY,ETH,AFR,Africa,YEAR,2009,,,,,,,,,6.29,6.29119372,,,,2025-12-05T13:23:08Z,2009,2009-01-01,2009-12-31
4286492,GHED_OOP_pc_US_SHA2011,COUNTRY,EST,EUR,Europe,YEAR,2017,,,,,,,,,334.92,334.9215446,,,,2025-12-05T13:23:08Z,2017,2017-01-01,2017-12-31
4287497,GHED_OOP_pc_US_SHA2011,COUNTRY,LUX,EUR,Europe,YEAR,2014,,,,,,,,,724.92,724.92211358,,,,2025-12-05T13:23:08Z,2014,2014-01-01,2014-12-31
4292058,GHED_OOP_pc_US_SHA2011,COUNTRY,FIN,EUR,Europe,YEAR,2023,,,,,,,,,777.39,777.39273027,,,,2025-12-05T13:23:08Z,2023,2023-01-01,2023-12-31
4298259,GHED_OOP_pc_US_SHA2011,COUNTRY,BTN,SEAR,South-East Asia,YEAR,2020,,,,,,,,,20.69,20.6902098,,,,2025-12-05T13:23:08Z,2020,2020-01-01,2020-12-31
4299005,GHED_OOP_pc_US_SHA2011,COUNTRY,COK,WPR,Western Pacific,YEAR,2020,,,,,,,,,16.67,16.67016753,,,,2025-12-05T13:23:08Z,2020,2020-01-01,2020-12-31
4301364,GHED_OOP_pc_US_SHA2011,COUNTRY,MWI,AFR,Africa,YEAR,2022,,,,,,,,,5.04,5.03830525,,,,2025-12-05T13:23:08Z,2022,2022-01-01,2022-12-31
4304443,GHED_OOP_pc_US_SHA2011,COUNTRY,PSE,EMR,Eastern Mediterranean,YEAR,2006,,,,,,,,,63.64,63.64224701,,,,2025-12-05T13:23:08Z,2006,2006-01-01,2006-12-31
4305049,GHED_OOP_pc_US_SHA2011,COUNTRY,CMR,AFR,Africa,YEAR,2007,,,,,,,,,38.02,38.01776601,,,,2025-12-05T13:23:08Z,2007,2007-01-01,2007-12-31
4305475,GHED_OOP_pc_US_SHA2011,COUNTRY,BGR,EUR,Europe,YEAR,2017,,,,,,,,,273.23,273.23215822,,,,2025-12-05T13:23:08Z,2017,2017-01-01,2017-12-31
4309433,GHED_OOP_pc_US_SHA2011,COUNTRY,SWZ,AFR,Africa,YEAR,2016,,,,,,,,,23.97,23.96668219,,,,2025-12-05T13:23:08Z,2016,2016-01-01,2016-12-31
4311953,GHED_OOP_pc_US_SHA2011,COUNTRY,BFA,AFR,Africa,YEAR,2013,,,,,,,,,14.18,14.17554706,,,,2025-12-05T13:23:08Z,2013,2013-01-01,2013-12-31
4312910,GHED_OOP_pc_US_SHA2011,COUNTRY,AGO,AFR,Africa,YEAR,2020,,,,,,,,,16.03,16.03312106,,,,2025-12-05T13:23:08Z,2020,2020-01-01,2020-12-31
4313747,GHED_OOP_pc_US_SHA2011,COUNTRY,HUN,EUR,Europe,YEAR,2011,,,,,,,,,300.06,300.06187289,,,,2025-12-05T13:23:08Z,2011,2011-01-01,2011-12-31
4315183,GHED_OOP_pc_US_SHA2011,COUNTRY,CAN,AMR,Americas,YEAR,2002,,,,,,,,,339.62,339.61912938,,,,2025-12-05T13:23:08Z,2002,2002-01-01,2002-12-31
4318135,GHED_OOP_pc_US_SHA2011,COUNTRY,UZB,EUR,Europe,YEAR,2009,,,,,,,,,40.60,40.59857043,,,,2025-12-05T13:23:08Z,2009,2009-01-01,2009-12-31
4318242,GHED_OOP_pc_US_SHA2011,COUNTRY,ISR,EUR,Europe,YEAR,2002,,,,,,,,,377.36,377.36383189,,,,2025-12-05T13:23:08Z,2002,2002-01-01,2002-12-31
4321189,GHED_OOP_pc_US_SHA2011,COUNTRY,ECU,AMR,Americas,YEAR,2005,,,,,,,,,105.37,105.37215636,,,,2025-12-05T13:23:08Z,2005,2005-01-01,2005-12-31
4321588,GHED_OOP_pc_US_SHA2011,COUNTRY,CUB,AMR,Americas,YEAR,2012,,,,,,,,,79.02,79.01557399,,,,2025-12-05T13:23:08Z,2012,2012-01-01,2012-12-31
4324575,GHED_OOP_pc_US_SHA2011,COUNTRY,BRN,WPR,Western Pacific,YEAR,2023,,,,,,,,,54.33,54.32885133,,,,2025-12-05T13:23:08Z,2023,2023-01-01,2023-12-31
4326500,GHED_OOP_pc_US_SHA2011,COUNTRY,TON,WPR,Western Pacific,YEAR,2021,,,,,,,,,17.75,17.74507571,,,,2025-12-05T13:23:08Z,2021,2021-01-01,2021-12-31
4326807,GHED_OOP_pc_US_SHA2011,COUNTRY,ITA,EUR,Europe,YEAR,2020,,,,,,,,,657.17,657.16801275,,,,2025-12-05T13:23:08Z,2020,2020-01-01,2020-12-31
4327165,GHED_OOP_pc_US_SHA2011,COUNTRY,SDN,EMR,Eastern Mediterranean,YEAR,2022,,,,,,,,,10.95,10.94682362,,,,2025-12-05T13:23:08Z,2022,2022-01-01,2022-12-31
4327515,GHED_OOP_pc_US_SHA2011,COUNTRY,PSE,EMR,Eastern Mediterranean,YEAR,2013,,,,,,,,,139.74,139.73881762,,,,2025-12-05T13:23:08Z,2013,2013-01-01,2013-12-31
4331527,GHED_OOP_pc_US_SHA2011,COUNTRY,AND,EUR,Europe,YEAR,2005,,,,,,,,,364.71,364.70597907,,,,2025-12-05T13:23:08Z,2005,2005-01-01,2005-12-31
4332513,GHED_OOP_pc_US_SHA2011,COUNTRY,PHL,WPR,Western Pacific,YEAR,2022,,,,,,,,,81.65,81.65258714,,,,2025-12-05T13:23:08Z,2022,2022-01-01,2022-12-31
4332559,GHED_OOP_pc_US_SHA2011,COUNTRY,CHN,WPR,Western Pacific,YEAR,2012,,,,,,,,,111.70,111.69993705,,,,2025-12-05T13:23:08Z,2012,2012-01-01,2012-12-31
4333975,GHED_OOP_pc_US_SHA2011,COUNTRY,GHA,AFR,Africa,YEAR,2022,,,,,,,,,20.61,20.60672545,,,,2025-12-05T13:23:08Z,2022,2022-01-01,2022-12-31
4335851,GHED_OOP_pc_US_SHA2011,COUNTRY,BFA,AFR,Africa,YEAR,2009,,,,,,,,,10.30,10.30449705,,,,2025-12-05T13:23:08Z,2009,2009-01-01,2009-12-31
4350700,GHED_OOP_pc_US_SHA2011,COUNTRY,TZA,AFR,Africa,YEAR,2012,,,,,,,,,10.37,10.36905916,,,,2025-12-05T13:23:08Z,2012,2012-01-01,2012-12-31
4350711,GHED_OOP_pc_US_SHA2011,COUNTRY,GRC,EUR,Europe,YEAR,2008,,,,,,,,,914.88,914.87767951,,,,2025-12-05T13:23:08Z,2008,2008-01-01,2008-12-31
4350822,GHED_OOP_pc_US_SHA2011,COUNTRY,YEM,EMR,Eastern Mediterranean,YEAR,2008,,,,,,,,,42.37,42.36967924,,,,2025-12-05T13:23:08Z,2008,2008-01-01,2008-12-31
4352836,GHED_OOP_pc_US_SHA2011,COUNTRY,MDV,SEAR,South-East Asia,YEAR,2021,,,,,,,,,154.22,154.22347168,,,,2025-12-05T13:23:08Z,2021,2021-01-01,2021-12-31
4353033,GHED_OOP_pc_US_SHA2011,COUNTRY,CAF,AFR,Africa,YEAR,2004,,,,,,,,,6.89,6.89004996,,,,2025-12-05T13:23:08Z,2004,2004-01-01,2004-12-31
4354997,GHED_OOP_pc_US_SHA2011,COUNTRY,DMA,AMR,Americas,YEAR,2012,,,,,,,,,144.52,144.51637917,,,,2025-12-05T13:23:08Z,2012,2012-01-01,2012-12-31
4356320,GHED_OOP_pc_US_SHA2011,COUNTRY,ISL,EUR,Europe,YEAR,2020,,,,,,,,,846.56,846.5648538,,,,2025-12-05T13:23:08Z,2020,2020-01-01,2020-12-31
4359672,GHED_OOP_pc_US_SHA2011,COUNTRY,MDA,EUR,Europe,YEAR,2016,,,,,,,,,79.24,79.24467233,,,,2025-12-05T13:23:08Z,2016,2016-01-01,2016-12-31
4361349,GHED_OOP_pc_US_SHA2011,COUNTRY,MMR,SEAR,South-East Asia,YEAR,2006,,,,,,,,,6.36,6.35697193,,,,2025-12-05T13:23:08Z,2006,2006-01-01,2006-12-31
4361603,GHED_OOP_pc_US_SHA2011,COUNTRY,SVN,EUR,Europe,YEAR,2008,,,,,,,,,275.48,275.48160001,,,,2025-12-05T13:23:08Z,2008,2008-01-01,2008-12-31
4364305,GHED_OOP_pc_US_SHA2011,COUNTRY,COG,AFR,Africa,YEAR,2014,,,,,,,,,22.15,22.15201184,,,,2025-12-05T13:23:08Z,2014,2014-01-01,2014-12-31
4368927,GHED_OOP_pc_US_SHA2011,COUNTRY,BWA,AFR,Africa,YEAR,2022,,,,,,,,,20.98,20.98347901,,,,2025-12-05T13:23:08Z,2022,2022-01-01,2022-12-31
4374291,GHED_OOP_pc_US_SHA2011,COUNTRY,LBR,AFR,Africa,YEAR,2000,,,,,,,,,5.52,5.52261893,,,,2025-12-05T13:23:08Z,2000,2000-01-01,2000-12-31
4378405,GHED_OOP_pc_US_SHA2011,COUNTRY,ZAF,AFR,Africa,YEAR,2011,,,,,,,,,53.24,53.23885654,,,,2025-12-05T13:23:08Z,2011,2011-01-01,2011-12-31
4381558,GHED_OOP_pc_US_SHA2011,COUNTRY,STP,AFR,Africa,YEAR,2021,,,,,,,,,21.80,21.80381753,,,,2025-12-05T13:23:08Z,2021,2021-01-01,2021-12-31
4385048,GHED_OOP_pc_US_SHA2011,COUNTRY,NIU,WPR,Western Pacific,YEAR,2016,,,,,,,,,9.80,9.7975788,,,,2025-12-05T13:23:08Z,2016,2016-01-01,2016-12-31
4388423,GHED_OOP_pc_US_SHA2011,COUNTRY,KGZ,EUR,Europe,YEAR,2008,,,,,,,,,30.56,30.55774976,,,,2025-12-05T13:23:08Z,2008,2008-01-01,2008-12-31
4389423,GHED_OOP_pc_US_SHA2011,COUNTRY,KGZ,EUR,Europe,YEAR,2012,,,,,,,,,42.67,42.66848482,,,,2025-12-05T13:23:08Z,2012,2012-01-01,2012-12-31
4391096,GHED_OOP_pc_US_SHA2011,COUNTRY,BGD,SEAR,South-East Asia,YEAR,2002,,,,,,,,,5.70,5.69817985,,,,2025-12-05T13:23:08Z,2002,2002-01-01,2002-12-31
4391408,GHED_OOP_pc_US_SHA2011,COUNTRY,HRV,EUR,Europe,YEAR,2009,,,,,,,,,163.22,163.21966433,,,,2025-12-05T13:23:08Z,2009,2009-01-01,2009-12-31
4395918,GHED_OOP_pc_US_SHA2011,COUNTRY,ZAF,AFR,Africa,YEAR,2012,,,,,,,,,49.92,49.92279431,,,,2025-12-05T13:23:08Z,2012,2012-01-01,2012-12-31
4396323,GHED_OOP_pc_US_SHA2011,COUNTRY,COK,WPR,Western Pacific,YEAR,2016,,,,,,,,,16.94,16.93862127,,,,2025-12-05T13:23:08Z,2016,2016-01-01,2016-12-31
4399688,GHED_OOP_pc_US_SHA2011,COUNTRY,RWA,AFR,Africa,YEAR,2021,,,,,,,,,2.58,2.58233875,,,,2025-12-05T13:23:08Z,2021,2021-01-01,2021-12-31
4405865,GHED_OOP_pc_US_SHA2011,COUNTRY,TKM,EUR,Europe,YEAR,2012,,,,,,,,,197.44,197.43572714,,,,2025-12-05T13:23:08Z,2012,2012-01-01,2012-12-31
4406904,GHED_OOP_pc_US_SHA2011,COUNTRY,GTM,AMR,Americas,YEAR,2023,,,,,,,,,224.16,224.15982606,,,,2025-12-05T13:23:08Z,2023,2023-01-01,2023-12-31
4412046,GHED_OOP_pc_US_SHA2011,COUNTRY,UZB,EUR,Europe,YEAR,2019,,,,,,,,,56.89,56.89124751,,,,2025-12-05T13:23:08Z,2019,2019-01-01,2019-12-31
4412417,GHED_OOP_pc_US_SHA2011,COUNTRY,SEN,AFR,Africa,YEAR,2012,,,,,,,,,29.88,29.87770216,,,,2025-12-05T13:23:08Z,2012,2012-01-01,2012-12-31
4412466,GHED_OOP_pc_US_SHA2011,COUNTRY,RWA,AFR,Africa,YEAR,2010,,,,,,,,,5.32,5.32035461,,,,2025-12-05T13:23:08Z,2010,2010-01-01,2010-12-31
4413471,GHED_OOP_pc_US_SHA2011,COUNTRY,LVA,EUR,Europe,YEAR,2004,,,,,,,,,159.80,159.80195521,,,,2025-12-05T13:23:08Z,2004,2004-01-01,2004-12-31
4414115,GHED_OOP_pc_US_SHA2011,REGION,AFR,,,YEAR,2014,,,,,,,,,38.13,38.131063,,,,2025-12-05T13:23:08Z,2014,2014-01-01,2014-12-31
4414580,GHED_OOP_pc_US_SHA2011,COUNTRY,PHL,WPR,Western Pacific,YEAR,2021,,,,,,,,,85.81,85.8126508,,,,2025-12-05T13:23:08Z,2021,2021-01-01,2021-12-31
4418337,GHED_OOP_pc_US_SHA2011,COUNTRY,MEX,AMR,Americas,YEAR,2010,,,,,,,,,232.37,232.37388586,,,,2025-12-05T13:23:08Z,2010,2010-01-01,2010-12-31
4421712,GHED_OOP_pc_US_SHA2011,COUNTRY,MLT,EUR,Europe,YEAR,2000,,,,,,,,,170.66,170.66413151,,,,2025-12-05T13:23:08Z,2000,2000-01-01,2000-12-31
4421750,GHED_OOP_pc_US_SHA2011,COUNTRY,MNG,WPR,Western Pacific,YEAR,2011,,,,,,,,,43.52,43.52103286,,,,2025-12-05T13:23:08Z,2011,2011-01-01,2011-12-31
4432154,GHED_OOP_pc_US_SHA2011,COUNTRY,ARM,EUR,Europe,YEAR,2016,,,,,,,,,289.99,289.99216035,,,,2025-12-05T13:23:08Z,2016,2016-01-01,2016-12-31
4433159,GHED_OOP_pc_US_SHA2011,COUNTRY,COG,AFR,Africa,YEAR,2017,,,,,,,,,23.84,23.84355065,,,,2025-12-05T13:23:08Z,2017,2017-01-01,2017-12-31
4433286,GHED_OOP_pc_US_SHA2011,COUNTRY,LSO,AFR,Africa,YEAR,2002,,,,,,,,,6.99,6.99154156,,,,2025-12-05T13:23:08Z,2002,2002-01-01,2002-12-31
4434885,GHED_OOP_pc_US_SHA2011,COUNTRY,PAN,AMR,Americas,YEAR,2013,,,,,,,,,260.09,260.08815433,,,,2025-12-05T13:23:08Z,2013,2013-01-01,2013-12-31
4448455,GHED_OOP_pc_US_SHA2011,COUNTRY,BHR,EMR,Eastern Mediterranean,YEAR,2002,,,,,,,,,126.46,126.4592616,,,,2025-12-05T13:23:08Z,2002,2002-01-01,2002-12-31
4448517,GHED_OOP_pc_US_SHA2011,COUNTRY,LBR,AFR,Africa,YEAR,2012,,,,,,,,,19.51,19.51003196,,,,2025-12-05T13:23:08Z,2012,2012-01-01,2012-12-31
4450181,GHED_OOP_pc_US_SHA2011,COUNTRY,MYS,WPR,Western Pacific,YEAR,2012,,,,,,,,,122.82,122.82212297,,,,2025-12-05T13:23:08Z,2012,2012-01-01,2012-12-31
4460859,GHED_OOP_pc_US_SHA2011,COUNTRY,AND,EUR,Europe,YEAR,2021,,,,,,,,,414.63,414.63162279,,,,2025-12-05T13:23:08Z,2021,2021-01-01,2021-12-31
4465400,GHED_OOP_pc_US_SHA2011,COUNTRY,JPN,WPR,Western Pacific,YEAR,2015,,,,,,,,,486.08,486.07900994,,,,2025-12-05T13:23:08Z,2015,2015-01-01,2015-12-31
4466744,GHED_OOP_pc_US_SHA2011,COUNTRY,PLW,WPR,Western Pacific,YEAR,2013,,,,,,,,,223.91,223.90989914,,,,2025-12-05T13:23:08Z,2013,2013-01-01,2013-12-31
4470020,GHED_OOP_pc_US_SHA2011,COUNTRY,YEM,EMR,Eastern Mediterranean,YEAR,2011,,,,,,,,,41.02,41.01883067,,,,2025-12-05T13:23:08Z,2011,2011-01-01,2011-12-31
4477449,GHED_OOP_pc_US_SHA2011,COUNTRY,PRT,EUR,Europe,YEAR,2013,,,,,,,,,583.77,583.77128511,,,,2025-12-05T13:23:08Z,2013,2013-01-01,2013-12-31
4481665,GHED_OOP_pc_US_SHA2011,COUNTRY,CIV,AFR,Africa,YEAR,2023,,,,,,,,,28.05,28.05192735,,,,2026-01-12T13:50:53Z,2023,2023-01-01,2023-12-31
4482683,GHED_OOP_pc_US_SHA2011,WORLDBANKINCOMEGROUP,WB_LI,,,YEAR,2020,,,,,,,,,19.34,19.34353597,,,,2025-12-05T13:23:08Z,2020,2020-01-01,2020-12-31
4484823,GHED_OOP_pc_US_SHA2011,COUNTRY,MWI,AFR,Africa,YEAR,2009,,,,,,,,,4.00,3.99589635,,,,2025-12-05T13:23:08Z,2009,2009-01-01,2009-12-31
4490242,GHED_OOP_pc_US_SHA2011,COUNTRY,MHL,WPR,Western Pacific,YEAR,2014,,,,,,,,,6.76,6.76438087,,,,2025-12-05T13:23:08Z,2014,2014-01-01,2014-12-31
4491074,GHED_OOP_pc_US_SHA2011,COUNTRY,NZL,WPR,Western Pacific,YEAR,2002,,,,,,,,,200.73,200.72871897,,,,2025-12-05T13:23:08Z,2002,2002-01-01,2002-12-31
4491119,GHED_OOP_pc_US_SHA2011,COUNTRY,BOL,AMR,Americas,YEAR,2007,,,,,,,,,19.57,19.57122296,,,,2025-12-05T13:23:08Z,2007,2007-01-01,2007-12-31
4495213,GHED_OOP_pc_US_SHA2011,COUNTRY,EGY,EMR,Eastern Mediterranean,YEAR,2012,,,,,,,,,85.13,85.12581075,,,,2025-12-05T13:23:08Z,2012,2012-01-01,2012-12-31
4495285,GHED_OOP_pc_US_SHA2011,COUNTRY,IND,SEAR,South-East Asia,YEAR,2020,,,,,,,,,31.60,31.60332623,,,,2025-12-05T13:23:08Z,2020,2020-01-01,2020-12-31
4499445,GHED_OOP_pc_US_SHA2011,COUNTRY,EGY,EMR,Eastern Mediterranean,YEAR,2000,,,,,,,,,43.35,43.34995593,,,,2025-12-05T13:23:08Z,2000,2000-01-01,2000-12-31
4507944,GHED_OOP_pc_US_SHA2011,COUNTRY,BEL,EUR,Europe,YEAR,2010,,,,,,,,,988.55,988.54546589,,,,2025-12-05T13:23:08Z,2010,2010-01-01,2010-12-31
4508330,GHED_OOP_pc_US_SHA2011,COUNTRY,MNG,WPR,Western Pacific,YEAR,2015,,,,,,,,,60.09,60.08935898,,,,2025-12-05T13:23:08Z,2015,2015-01-01,2015-12-31
4514336,GHED_OOP_pc_US_SHA2011,COUNTRY,BLR,EUR,Europe,YEAR,2017,,,,,,,,,89.82,89.81508017,,,,2025-12-05T13:23:08Z,2017,2017-01-01,2017-12-31
4515580,GHED_OOP_pc_US_SHA2011,COUNTRY,VCT,AMR,Americas,YEAR,2015,,,,,,,,,101.53,101.52705061,,,,2025-12-05T13:23:08Z,2015,2015-01-01,2015-12-31
4517277,GHED_OOP_pc_US_SHA2011,COUNTRY,MWI,AFR,Africa,YEAR,2004,,,,,,,,,1.55,1.54655184,,,,2025-12-05T13:23:08Z,2004,2004-01-01,2004-12-31
4520284,GHED_OOP_pc_US_SHA2011,COUNTRY,KIR,WPR,Western Pacific,YEAR,2000,,,,,,,,,0.10,0.09879479,,,,2025-12-05T13:23:08Z,2000,2000-01-01,2000-12-31
4520533,GHED_OOP_pc_US_SHA2011,COUNTRY,SLE,AFR,Africa,YEAR,2004,,,,,,,,,16.78,16.7800833,,,,2025-12-05T13:23:08Z,2004,2004-01-01,2004-12-31
4529277,GHED_OOP_pc_US_SHA2011,COUNTRY,NIU,WPR,Western Pacific,YEAR,2022,,,,,,,,,9.40,9.39565214,,,,2025-12-05T13:23:08Z,2022,2022-01-01,2022-12-31
4537262,GHED_OOP_pc_US_SHA2011,COUNTRY,HUN,EUR,Europe,YEAR,2016,,,,,,,,,254.45,254.45064293,,,,2025-12-05T13:23:08Z,2016,2016-01-01,2016-12-31
4540705,GHED_OOP_pc_US_SHA2011,COUNTRY,BWA,AFR,Africa,YEAR,2013,,,,,,,,,16.40,16.39724384,,,,2025-12-05T13:23:08Z,2013,2013-01-01,2013-12-31
4547420,GHED_OOP_pc_US_SHA2011,COUNTRY,PAK,EMR,Eastern Mediterranean,YEAR,2007,,,,,,,,,18.74,18.74347717,,,,2025-12-05T13:23:08Z,2007,2007-01-01,2007-12-31
4548903,GHED_OOP_pc_US_SHA2011,COUNTRY,MUS,AFR,Africa,YEAR,2019,,,,,,,,,301.22,301.22373909,,,,2025-12-05T13:23:08Z,2019,2019-01-01,2019-12-31
4549624,GHED_OOP_pc_US_SHA2011,COUNTRY,SLE,AFR,Africa,YEAR,2015,,,,,,,,,42.24,42.24008633,,,,2025-12-05T13:23:08Z,2015,2015-01-01,2015-12-31
4552837,GHED_OOP_pc_US_SHA2011,COUNTRY,LKA,SEAR,South-East Asia,YEAR,2015,,,,,,,,,70.60,70.60458334,,,,2025-12-05T13:23:08Z,2015,2015-01-01,2015-12-31
4554991,GHED_OOP_pc_US_SHA2011,COUNTRY,PER,AMR,Americas,YEAR,2016,,,,,,,,,92.14,92.14488801,,,,2025-12-05T13:23:08Z,2016,2016-01-01,2016-12-31
4559893,GHED_OOP_pc_US_SHA2011,WORLDBANKINCOMEGROUP,WB_UMI,,,YEAR,2010,,,,,,,,,114.00,114.00216076,,,,2025-12-05T13:23:08Z,2010,2010-01-01,2010-12-31
4559979,GHED_OOP_pc_US_SHA2011,COUNTRY,ZAF,AFR,Africa,YEAR,2010,,,,,,,,,49.68,49.68284532,,,,2025-12-05T13:23:08Z,2010,2010-01-01,2010-12-31
4560982,GHED_OOP_pc_US_SHA2011,COUNTRY,SVN,EUR,Europe,YEAR,2003,,,,,,,,,150.22,150.22235428,,,,2025-12-05T13:23:08Z,2003,2003-01-01,2003-12-31
4561703,GHED_OOP_pc_US_SHA2011,COUNTRY,COG,AFR,Africa,YEAR,2002,,,,,,,,,10.44,10.4359102,,,,2025-12-05T13:23:08Z,2002,2002-01-01,2002-12-31
4562631,GHED_OOP_pc_US_SHA2011,COUNTRY,MUS,AFR,Africa,YEAR,2021,,,,,,,,,239.99,239.9863324,,,,2025-12-05T13:23:08Z,2021,2021-01-01,2021-12-31
4566491,GHED_OOP_pc_US_SHA2011,COUNTRY,MEX,AMR,Americas,YEAR,2007,,,,,,,,,292.97,292.96840512,,,,2025-12-05T13:23:08Z,2007,2007-01-01,2007-12-31
4567554,GHED_OOP_pc_US_SHA2011,COUNTRY,LBY,EMR,Eastern Mediterranean,YEAR,2014,,,,,,,,,155.42,155.41664753,,,,2025-12-05T13:23:08Z,2014,2014-01-01,2014-12-31
4568042,GHED_OOP_pc_US_SHA2011,COUNTRY,MMR,SEAR,South-East Asia,YEAR,2022,,,,,,,,,37.76,37.75889513,,,,2025-12-05T13:23:08Z,2022,2022-01-01,2022-12-31
4568786,GHED_OOP_pc_US_SHA2011,COUNTRY,NRU,WPR,Western Pacific,YEAR,2016,,,,,,,,,11.10,11.1014862,,,,2025-12-05T13:23:08Z,2016,2016-01-01,2016-12-31
4576844,GHED_OOP_pc_US_SHA2011,REGION,EUR,,,YEAR,2016,,,,,,,,,448.37,448.37344644,,,,2025-12-05T13:23:08Z,2016,2016-01-01,2016-12-31
4581754,GHED_OOP_pc_US_SHA2011,COUNTRY,MLT,EUR,Europe,YEAR,2011,,,,,,,,,650.71,650.71430137,,,,2025-12-05T13:23:08Z,2011,2011-01-01,2011-12-31
4584366,GHED_OOP_pc_US_SHA2011,COUNTRY,LIE,EUR,Europe,YEAR,2023,,,,,,,,,2266.48,2266.48301214,,,,2025-12-05T13:23:08Z,2023,2023-01-01,2023-12-31
4585481,GHED_OOP_pc_US_SHA2011,COUNTRY,YEM,EMR,Eastern Mediterranean,YEAR,2002,,,,,,,,,11.58,11.57656969,,,,2025-12-05T13:23:08Z,2002,2002-01-01,2002-12-31
4588028,GHED_OOP_pc_US_SHA2011,COUNTRY,UGA,AFR,Africa,YEAR,2011,,,,,,,,,18.22,18.22407974,,,,2025-12-05T13:23:08Z,2011,2011-01-01,2011-12-31
4590966,GHED_OOP_pc_US_SHA2011,COUNTRY,MEX,AMR,Americas,YEAR,2019,,,,,,,,,232.44,232.43619471,,,,2025-12-05T13:23:08Z,2019,2019-01-01,2019-12-31
4591842,GHED_OOP_pc_US_SHA2011,WORLDBANKINCOMEGROUP,WB_LMI,,,YEAR,2003,,,,,,,,,21.47,21.46856596,,,,2025-12-05T13:23:08Z,2003,2003-01-01,2003-12-31
4592260,GHED_OOP_pc_US_SHA2011,COUNTRY,MDV,SEAR,South-East Asia,YEAR,2014,,,,,,,,,198.90,198.89674706,,,,2025-12-05T13:23:08Z,2014,2014-01-01,2014-12-31
4592362,GHED_OOP_pc_US_SHA2011,COUNTRY,ZAF,AFR,Africa,YEAR,2018,,,,,,,,,32.67,32.67124364,,,,2025-12-05T13:23:08Z,2018,2018-01-01,2018-12-31
4592739,GHED_OOP_pc_US_SHA2011,COUNTRY,TUN,EMR,Eastern Mediterranean,YEAR,2002,,,,,,,,,50.11,50.11371481,,,,2025-12-05T13:23:08Z,2002,2002-01-01,2002-12-31
4593162,GHED_OOP_pc_US_SHA2011,COUNTRY,NPL,SEAR,South-East Asia,YEAR,2012,,,,,,,,,18.87,18.86917923,,,,2025-12-05T13:23:08Z,2012,2012-01-01,2012-12-31
4593166,GHED_OOP_pc_US_SHA2011,COUNTRY,ARG,AMR,Americas,YEAR,2021,,,,,,,,,302.62,302.62255487,,,,2025-12-05T13:23:08Z,2021,2021-01-01,2021-12-31
4596493,GHED_OOP_pc_US_SHA2011,COUNTRY,KWT,EMR,Eastern Mediterranean,YEAR,2016,,,,,,,,,171.70,171.70107517,,,,2025-12-05T13:23:08Z,2016,2016-01-01,2016-12-31
4600560,GHED_OOP_pc_US_SHA2011,COUNTRY,SWZ,AFR,Africa,YEAR,2020,,,,,,,,,26.76,26.7592622,,,,2025-12-05T13:23:08Z,2020,2020-01-01,2020-12-31
4600878,GHED_OOP_pc_US_SHA2011,COUNTRY,IND,SEAR,South-East Asia,YEAR,2023,,,,,,,,,37.16,37.16484444,,,,2025-12-05T13:23:08Z,2023,2023-01-01,2023-12-31
4602918,GHED_OOP_pc_US_SHA2011,COUNTRY,BRA,AMR,Americas,YEAR,2013,,,,,,,,,280.02,280.02258684,,,,2025-12-05T13:23:08Z,2013,2013-01-01,2013-12-31
4605398,GHED_OOP_pc_US_SHA2011,COUNTRY,TTO,AMR,Americas,YEAR,2015,,,,,,,,,438.50,438.49919689,,,,2025-12-05T13:23:08Z,2015,2015-01-01,2015-12-31
4607062,GHED_OOP_pc_US_SHA2011,COUNTRY,CHN,WPR,Western Pacific,YEAR,2007,,,,,,,,,50.55,50.55105162,,,,2025-12-05T13:23:08Z,2007,2007-01-01,2007-12-31
4610121,GHED_OOP_pc_US_SHA2011,WORLDBANKINCOMEGROUP,WB_LMI,,,YEAR,2006,,,,,,,,,26.32,26.32181059,,,,2025-12-05T13:23:08Z,2006,2006-01-01,2006-12-31
4611596,GHED_OOP_pc_US_SHA2011,COUNTRY,UZB,EUR,Europe,YEAR,2006,,,,,,,,,21.60,21.60457527,,,,2025-12-05T13:23:08Z,2006,2006-01-01,2006-12-31
4613176,GHED_OOP_pc_US_SHA2011,COUNTRY,URY,AMR,Americas,YEAR,2018,,,,,,,,,278.35,278.3479889,,,,2025-12-05T13:23:08Z,2018,2018-01-01,2018-12-31
4613559,GHED_OOP_pc_US_SHA2011,COUNTRY,VCT,AMR,Americas,YEAR,2016,,,,,,,,,103.37,103.37006965,,,,2025-12-05T13:23:08Z,2016,2016-01-01,2016-12-31
4614990,GHED_OOP_pc_US_SHA2011,COUNTRY,SOM,EMR,Eastern Mediterranean,YEAR,2023,,,,,,,,,6.89,6.88557376,,,,2025-12-05T13:23:08Z,2023,2023-01-01,2023-12-31
4615785,GHED_OOP_pc_US_SHA2011,COUNTRY,CAF,AFR,Africa,YEAR,2018,,,,,,,,,21.40,21.40065767,,,,2025-12-05T13:23:08Z,2018,2018-01-01,2018-12-31
4617189,GHED_OOP_pc_US_SHA2011,COUNTRY,TON,WPR,Western Pacific,YEAR,2003,,,,,,,,,8.70,8.69844155,,,,2025-12-05T13:23:08Z,2003,2003-01-01,2003-12-31
4619313,GHED_OOP_pc_US_SHA2011,COUNTRY,HTI,AMR,Americas,YEAR,2006,,,,,,,,,12.54,12.53934996,,,,2025-12-05T13:23:08Z,2006,2006-01-01,2006-12-31
4619876,GHED_OOP_pc_US_SHA2011,COUNTRY,NIU,WPR,Western Pacific,YEAR,2023,,,,,,,,,9.04,9.03814666,,,,2025-12-05T13:23:08Z,2023,2023-01-01,2023-12-31
4620085,GHED_OOP_pc_US_SHA2011,COUNTRY,MEX,AMR,Americas,YEAR,2006,,,,,,,,,276.51,276.50725082,,,,2025-12-05T13:23:08Z,2006,2006-01-01,2006-12-31
4624200,GHED_OOP_pc_US_SHA2011,COUNTRY,TKM,EUR,Europe,YEAR,2009,,,,,,,,,126.22,126.21792729,,,,2025-12-05T13:23:08Z,2009,2009-01-01,2009-12-31
4628582,GHED_OOP_pc_US_SHA2011,COUNTRY,HRV,EUR,Europe,YEAR,2023,,,,,,,,,145.19,145.1940504,,,,2025-12-05T13:23:08Z,2023,2023-01-01,2023-12-31
4629661,GHED_OOP_pc_US_SHA2011,COUNTRY,ARG,AMR,Americas,YEAR,2013,,,,,,,,,377.79,377.79208281,,,,2025-12-05T13:23:08Z,2013,2013-01-01,2013-12-31
4630466,GHED_OOP_pc_US_SHA2011,COUNTRY,SSD,AFR,Africa,YEAR,2018,,,,,,,,,8.00,7.99881814,,,,2025-12-05T13:23:08Z,2018,2018-01-01,2018-12-31
4631558,GHED_OOP_pc_US_SHA2011,COUNTRY,MNE,EUR,Europe,YEAR,2015,,,,,,,,,219.63,219.63340954,,,,2025-12-05T13:23:08Z,2015,2015-01-01,2015-12-31
4634553,GHED_OOP_pc_US_SHA2011,COUNTRY,MEX,AMR,Americas,YEAR,2016,,,,,,,,,202.69,202.69175325,,,,2025-12-05T13:23:08Z,2016,2016-01-01,2016-12-31
4637018,GHED_OOP_pc_US_SHA2011,COUNTRY,PER,AMR,Americas,YEAR,2015,,,,,,,,,93.64,93.64296682,,,,2025-12-05T13:23:08Z,2015,2015-01-01,2015-12-31
4637299,GHED_OOP_pc_US_SHA2011,COUNTRY,BEN,AFR,Africa,YEAR,2002,,,,,,,,,8.76,8.75775043,,,,2025-12-05T13:23:08Z,2002,2002-01-01,2002-12-31
4638257,GHED_OOP_pc_US_SHA2011,COUNTRY,UZB,EUR,Europe,YEAR,2015,,,,,,,,,64.20,64.19928985,,,,2025-12-05T13:23:08Z,2015,2015-01-01,2015-12-31
4643803,GHED_OOP_pc_US_SHA2011,COUNTRY,ARM,EUR,Europe,YEAR,2022,,,,,,,,,533.69,533.69410656,,,,2025-12-05T13:23:08Z,2022,2022-01-01,2022-12-31
4643933,GHED_OOP_pc_US_SHA2011,COUNTRY,NAM,AFR,Africa,YEAR,2016,,,,,,,,,31.60,31.6026244,,,,2025-12-05T13:23:08Z,2016,2016-01-01,2016-12-31
4646794,GHED_OOP_pc_US_SHA2011,COUNTRY,ISR,EUR,Europe,YEAR,2019,,,,,,,,,712.29,712.28588454,,,,2025-12-05T13:23:08Z,2019,2019-01-01,2019-12-31
4648341,GHED_OOP_pc_US_SHA2011,COUNTRY,SUR,AMR,Americas,YEAR,2007,,,,,,,,,60.29,60.28821689,,,,2025-12-05T13:23:08Z,2007,2007-01-01,2007-12-31
4648991,GHED_OOP_pc_US_SHA2011,COUNTRY,UKR,EUR,Europe,YEAR,2008,,,,,,,,,80.40,80.39526662,,,,2025-12-05T13:23:08Z,2008,2008-01-01,2008-12-31
4653679,GHED_OOP_pc_US_SHA2011,COUNTRY,AUT,EUR,Europe,YEAR,2018,,,,,,,,,1040.76,1040.75616927,,,,2025-12-05T13:23:08Z,2018,2018-01-01,2018-12-31
4654795,GHED_OOP_pc_US_SHA2011,COUNTRY,NPL,SEAR,South-East Asia,YEAR,2011,,,,,,,,,19.94,19.93534581,,,,2025-12-05T13:23:08Z,2011,2011-01-01,2011-12-31
4654938,GHED_OOP_pc_US_SHA2011,COUNTRY,WSM,WPR,Western Pacific,YEAR,2023,,,,,,,,,39.29,39.29429475,,,,2025-12-05T13:23:08Z,2023,2023-01-01,2023-12-31
4655364,GHED_OOP_pc_US_SHA2011,COUNTRY,KIR,WPR,Western Pacific,YEAR,2014,,,,,,,,,0.78,0.78162258,,,,2025-12-05T13:23:08Z,2014,2014-01-01,2014-12-31
4655717,GHED_OOP_pc_US_SHA2011,COUNTRY,PAN,AMR,Americas,YEAR,2011,,,,,,,,,227.18,227.18015542,,,,2025-12-05T13:23:08Z,2011,2011-01-01,2011-12-31
4662708,GHED_OOP_pc_US_SHA2011,COUNTRY,BRN,WPR,Western Pacific,YEAR,2011,,,,,,,,,73.25,73.25098214,,,,2025-12-05T13:23:08Z,2011,2011-01-01,2011-12-31
4662763,GHED_OOP_pc_US_SHA2011,COUNTRY,PRY,AMR,Americas,YEAR,2001,,,,,,,,,48.12,48.11680582,,,,2025-12-05T13:23:08Z,2001,2001-01-01,2001-12-31
4668473,GHED_OOP_pc_US_SHA2011,COUNTRY,BDI,AFR,Africa,YEAR,2016,,,,,,,,,5.27,5.27486258,,,,2025-12-05T13:23:08Z,2016,2016-01-01,2016-12-31
4670376,GHED_OOP_pc_US_SHA2011,COUNTRY,MHL,WPR,Western Pacific,YEAR,2019,,,,,,,,,8.93,8.92603388,,,,2025-12-05T13:23:08Z,2019,2019-01-01,2019-12-31
4670711,GHED_OOP_pc_US_SHA2011,COUNTRY,MNE,EUR,Europe,YEAR,2014,,,,,,,,,227.42,227.41614263,,,,2025-12-05T13:23:08Z,2014,2014-01-01,2014-12-31
4673156,GHED_OOP_pc_US_SHA2011,COUNTRY,SEN,AFR,Africa,YEAR,2000,,,,,,,,,11.92,11.92187254,,,,2025-12-05T13:23:08Z,2000,2000-01-01,2000-12-31
4673584,GHED_OOP_pc_US_SHA2011,REGION,SEAR,,,YEAR,2021,,,,,,,,,54.39,54.39060459,,,,2025-12-05T13:23:08Z,2021,2021-01-01,2021-12-31
4682820,GHED_OOP_pc_US_SHA2011,COUNTRY,TZA,AFR,Africa,YEAR,2014,,,,,,,,,10.35,10.35482512,,,,2025-12-05T13:23:08Z,2014,2014-01-01,2014-12-31
4686397,GHED_OOP_pc_US_SHA2011,COUNTRY,MUS,AFR,Africa,YEAR,2010,,,,,,,,,186.86,186.86211951,,,,2025-12-05T13:23:08Z,2010,2010-01-01,2010-12-31
4686904,GHED_OOP_pc_US_SHA2011,COUNTRY,STP,AFR,Africa,YEAR,2000,,,,,,,,,21.76,21.76088973,,,,2025-12-05T13:23:08Z,2000,2000-01-01,2000-12-31
4688038,GHED_OOP_pc_US_SHA2011,COUNTRY,GMB,AFR,Africa,YEAR,2009,,,,,,,,,5.88,5.88231283,,,,2025-12-05T13:23:08Z,2009,2009-01-01,2009-12-31
4692730,GHED_OOP_pc_US_SHA2011,COUNTRY,NRU,WPR,Western Pacific,YEAR,2018,,,,,,,,,9.11,9.10751798,,,,2025-12-05T13:23:08Z,2018,2018-01-01,2018-12-31
4692920,GHED_OOP_pc_US_SHA2011,COUNTRY,VUT,WPR,Western Pacific,YEAR,2019,,,,,,,,,8.59,8.58725213,,,,2025-12-05T13:23:08Z,2019,2019-01-01,2019-12-31
4693082,GHED_OOP_pc_US_SHA2011,COUNTRY,WSM,WPR,Western Pacific,YEAR,2019,,,,,,,,,27.10,27.10244319,,,,2025-12-05T13:23:08Z,2019,2019-01-01,2019-12-31
4702163,GHED_OOP_pc_US_SHA2011,COUNTRY,ITA,EUR,Europe,YEAR,2003,,,,,,,,,512.55,512.54559257,,,,2025-12-05T13:23:08Z,2003,2003-01-01,2003-12-31
4703900,GHED_OOP_pc_US_SHA2011,COUNTRY,MLI,AFR,Africa,YEAR,2002,,,,,,,,,9.82,9.81537336,,,,2025-12-05T13:23:08Z,2002,2002-01-01,2002-12-31
4704997,GHED_OOP_pc_US_SHA2011,COUNTRY,UKR,EUR,Europe,YEAR,2006,,,,,,,,,52.85,52.8528105,,,,2025-12-05T13:23:08Z,2006,2006-01-01,2006-12-31
4705991,GHED_OOP_pc_US_SHA2011,COUNTRY,ARE,EMR,Eastern Mediterranean,YEAR,2022,,,,,,,,,217.78,217.78141494,,,,2025-12-05T13:23:08Z,2022,2022-01-01,2022-12-31
4706513,GHED_OOP_pc_US_SHA2011,COUNTRY,ROU,EUR,Europe,YEAR,2020,,,,,,,,,154.03,154.03386168,,,,2025-12-05T13:23:08Z,2020,2020-01-01,2020-12-31
4706638,GHED_OOP_pc_US_SHA2011,COUNTRY,ESP,EUR,Europe,YEAR,2021,,,,,,,,,679.34,679.33863426999994,,,,2025-12-05T13:23:08Z,2021,2021-01-01,2021-12-31
4707367,GHED_OOP_pc_US_SHA2011,COUNTRY,GRD,AMR,Americas,YEAR,2010,,,,,,,,,211.84,211.83941803,,,,2025-12-05T13:23:08Z,2010,2010-01-01,2010-12-31
4713249,GHED_OOP_pc_US_SHA2011,COUNTRY,BDI,AFR,Africa,YEAR,2008,,,,,,,,,6.29,6.29312138,,,,2025-12-05T13:23:08Z,2008,2008-01-01,2008-12-31
4713906,GHED_OOP_pc_US_SHA2011,COUNTRY,ARE,EMR,Eastern Mediterranean,YEAR,2015,,,,,,,,,263.20,263.1974232,,,,2025-12-05T13:23:08Z,2015,2015-01-01,2015-12-31
4714346,GHED_OOP_pc_US_SHA2011,COUNTRY,BGD,SEAR,South-East Asia,YEAR,2001,,,,,,,,,5.33,5.33039944,,,,2025-12-05T13:23:08Z,2001,2001-01-01,2001-12-31
4718312,GHED_OOP_pc_US_SHA2011,COUNTRY,CMR,AFR,Africa,YEAR,2011,,,,,,,,,40.63,40.62680523,,,,2025-12-05T13:23:08Z,2011,2011-01-01,2011-12-31
4724513,GHED_OOP_pc_US_SHA2011,COUNTRY,PRT,EUR,Europe,YEAR,2022,,,,,,,,,757.69,757.68500354,,,,2025-12-05T13:23:08Z,2022,2022-01-01,2022-12-31
4726777,GHED_OOP_pc_US_SHA2011,COUNTRY,MMR,SEAR,South-East Asia,YEAR,2000,,,,,,,,,3.83,3.83065607,,,,2025-12-05T13:23:08Z,2000,2000-01-01,2000-12-31
4733112,GHED_OOP_pc_US_SHA2011,COUNTRY,NPL,SEAR,South-East Asia,YEAR,2018,,,,,,,,,29.54,29.5352817,,,,2025-12-05T13:23:08Z,2018,2018-01-01,2018-12-31
4733156,GHED_OOP_pc_US_SHA2011,COUNTRY,LBR,AFR,Africa,YEAR,2007,,,,,,,,,6.70,6.69527281,,,,2025-12-05T13:23:08Z,2007,2007-01-01,2007-12-31
4738281,GHED_OOP_pc_US_SHA2011,COUNTRY,RWA,AFR,Africa,YEAR,2004,,,,,,,,,4.29,4.29354005,,,,2025-12-05T13:23:08Z,2004,2004-01-01,2004-12-31
4743322,GHED_OOP_pc_US_SHA2011,COUNTRY,CHL,AMR,Americas,YEAR,2011,,,,,,,,,339.63,339.62750107,,,,2025-12-05T13:23:08Z,2011,2011-01-01,2011-12-31
4744165,GHED_OOP_pc_US_SHA2011,COUNTRY,GIN,AFR,Africa,YEAR,2011,,,,,,,,,14.47,14.47337478,,,,2025-12-05T13:23:08Z,2011,2011-01-01,2011-12-31
4745059,GHED_OOP_pc_US_SHA2011,COUNTRY,SLV,AMR,Americas,YEAR,2013,,,,,,,,,121.27,121.26817262,,,,2025-12-05T13:23:08Z,2013,2013-01-01,2013-12-31
4745583,GHED_OOP_pc_US_SHA2011,COUNTRY,MEX,AMR,Americas,YEAR,2005,,,,,,,,,264.20,264.2023432,,,,2025-12-05T13:23:08Z,2005,2005-01-01,2005-12-31
4746202,GHED_OOP_pc_US_SHA2011,COUNTRY,SMR,EUR,Europe,YEAR,2003,,,,,,,,,595.64,595.64082375,,,,2025-12-05T13:23:08Z,2003,2003-01-01,2003-12-31
4749602,GHED_OOP_pc_US_SHA2011,COUNTRY,MYS,WPR,Western Pacific,YEAR,2017,,,,,,,,,131.65,131.6515808,,,,2025-12-05T13:23:08Z,2017,2017-01-01,2017-12-31
4754650,GHED_OOP_pc_US_SHA2011,COUNTRY,SAU,EMR,Eastern Mediterranean,YEAR,2012,,,,,,,,,165.68,165.68102947,,,,2025-12-05T13:23:08Z,2012,2012-01-01,2012-12-31
4756647,GHED_OOP_pc_US_SHA2011,COUNTRY,GMB,AFR,Africa,YEAR,2018,,,,,,,,,4.48,4.47599555,,,,2025-12-05T13:23:08Z,2018,2018-01-01,2018-12-31
4758382,GHED_OOP_pc_US_SHA2011,COUNTRY,EGY,EMR,Eastern Mediterranean,YEAR,2022,,,,,,,,,92.24,92.24004171,,,,2025-12-05T13:23:08Z,2022,2022-01-01,2022-12-31
4763204,GHED_OOP_pc_US_SHA2011,COUNTRY,LUX,EUR,Europe,YEAR,2023,,,,,,,,,659.01,659.0077873,,,,2025-12-05T13:23:08Z,2023,2023-01-01,2023-12-31
4768189,GHED_OOP_pc_US_SHA2011,COUNTRY,NRU,WPR,Western Pacific,YEAR,2009,,,,,,,,,17.87,17.86511433,,,,2025-12-05T13:23:08Z,2009,2009-01-01,2009-12-31
4771304,GHED_OOP_pc_US_SHA2011,COUNTRY,SLV,AMR,Americas,YEAR,2021,,,,,,,,,143.43,143.43350458,,,,2025-12-05T13:23:08Z,2021,2021-01-01,2021-12-31
4773572,GHED_OOP_pc_US_SHA2011,COUNTRY,ISL,EUR,Europe,YEAR,2002,,,,,,,,,527.21,527.20722545,,,,2025-12-05T13:23:08Z,2002,2002-01-01,2002-12-31
4774229,GHED_OOP_pc_US_SHA2011,COUNTRY,MDG,AFR,Africa,YEAR,2013,,,,,,,,,6.88,6.87989032,,,,2025-12-05T13:23:08Z,2013,2013-01-01,2013-12-31
4783437,GHED_OOP_pc_US_SHA2011,COUNTRY,GEO,EUR,Europe,YEAR,2014,,,,,,,,,263.37,263.36572473,,,,2025-12-05T13:23:08Z,2014,2014-01-01,2014-12-31
4786438,GHED_OOP_pc_US_SHA2011,COUNTRY,GHA,AFR,Africa,YEAR,2019,,,,,,,,,20.62,20.61690832,,,,2025-12-05T13:23:08Z,2019,2019-01-01,2019-12-31
4789036,GHED_OOP_pc_US_SHA2011,COUNTRY,DZA,AFR,Africa,YEAR,2022,,,,,,,,,90.40,90.40200339,,,,2025-12-05T13:23:08Z,2022,2022-01-01,2022-12-31
4789407,GHED_OOP_pc_US_SHA2011,COUNTRY,MHL,WPR,Western Pacific,YEAR,2015,,,,,,,,,6.80,6.79694061,,,,2025-12-05T13:23:08Z,2015,2015-01-01,2015-12-31
4790691,GHED_OOP_pc_US_SHA2011,COUNTRY,LBY,EMR,Eastern Mediterranean,YEAR,2001,,,,,,,,,116.45,116.44731901,,,,2025-12-05T13:23:08Z,2001,2001-01-01,2001-12-31
4791076,GHED_OOP_pc_US_SHA2011,COUNTRY,MDV,SEAR,South-East Asia,YEAR,2003,,,,,,,,,129.43,129.43374019,,,,2025-12-05T13:23:08Z,2003,2003-01-01,2003-12-31
4793354,GHED_OOP_pc_US_SHA2011,COUNTRY,MAR,EMR,Eastern Mediterranean,YEAR,2006,,,,,,,,,64.76,64.75510985,,,,2025-12-05T13:23:08Z,2006,2006-01-01,2006-12-31
4796295,GHED_OOP_pc_US_SHA2011,COUNTRY,COL,AMR,Americas,YEAR,2000,,,,,,,,,18.44,18.44381258,,,,2025-12-05T13:23:08Z,2000,2000-01-01,2000-12-31
4799319,GHED_OOP_pc_US_SHA2011,COUNTRY,SMR,EUR,Europe,YEAR,2002,,,,,,,,,567.67,567.67128095,,,,2025-12-05T13:23:08Z,2002,2002-01-01,2002-12-31
4799882,GHED_OOP_pc_US_SHA2011,COUNTRY,MNG,WPR,Western Pacific,YEAR,2021,,,,,,,,,101.88,101.88477661,,,,2025-12-05T13:23:08Z,2021,2021-01-01,2021-12-31
4801683,GHED_OOP_pc_US_SHA2011,COUNTRY,AUT,EUR,Europe,YEAR,2002,,,,,,,,,492.61,492.61254352,,,,2025-12-05T13:23:08Z,2002,2002-01-01,2002-12-31
4801968,GHED_OOP_pc_US_SHA2011,COUNTRY,WSM,WPR,Western Pacific,YEAR,2001,,,,,,,,,7.88,7.88467389,,,,2025-12-05T13:23:08Z,2001,2001-01-01,2001-12-31
4806636,GHED_OOP_pc_US_SHA2011,COUNTRY,SAU,EMR,Eastern Mediterranean,YEAR,2001,,,,,,,,,86.94,86.94122906,,,,2025-12-05T13:23:08Z,2001,2001-01-01,2001-12-31
4806931,GHED_OOP_pc_US_SHA2011,COUNTRY,ARG,AMR,Americas,YEAR,2007,,,,,,,,,177.48,177.4832685,,,,2025-12-05T13:23:08Z,2007,2007-01-01,2007-12-31
4810259,GHED_OOP_pc_US_SHA2011,COUNTRY,QAT,EMR,Eastern Mediterranean,YEAR,2002,,,,,,,,,184.02,184.02269831,,,,2025-12-05T13:23:08Z,2002,2002-01-01,2002-12-31
4813917,GHED_OOP_pc_US_SHA2011,COUNTRY,GAB,AFR,Africa,YEAR,2017,,,,,,,,,48.42,48.41987428,,,,2025-12-05T13:23:08Z,2017,2017-01-01,2017-12-31
4820236,GHED_OOP_pc_US_SHA2011,COUNTRY,BTN,SEAR,South-East Asia,YEAR,2004,,,,,,,,,7.49,7.48664577,,,,2025-12-05T13:23:08Z,2004,2004-01-01,2004-12-31
4820459,GHED_OOP_pc_US_SHA2011,COUNTRY,SYR,EMR,Eastern Mediterranean,YEAR,2006,,,,,,,,,32.78,32.77683878,,,,2025-12-05T13:23:08Z,2006,2006-01-01,2006-12-31
4821968,GHED_OOP_pc_US_SHA2011,COUNTRY,BOL,AMR,Americas,YEAR,2003,,,,,,,,,14.86,14.86462385,,,,2025-12-05T13:23:08Z,2003,2003-01-01,2003-12-31
4822925,GHED_OOP_pc_US_SHA2011,COUNTRY,MYS,WPR,Western Pacific,YEAR,2016,,,,,,,,,126.08,126.07541136,,,,2025-12-05T13:23:08Z,2016,2016-01-01,2016-12-31
4824127,GHED_OOP_pc_US_SHA2011,COUNTRY,PAK,EMR,Eastern Mediterranean,YEAR,2012,,,,,,,,,15.65,15.65451126,,,,2025-12-05T13:23:08Z,2012,2012-01-01,2012-12-31
4824660,GHED_OOP_pc_US_SHA2011,COUNTRY,KEN,AFR,Africa,YEAR,2010,,,,,,,,,17.75,17.7499721,,,,2025-12-05T13:23:08Z,2010,2010-01-01,2010-12-31
4826028,GHED_OOP_pc_US_SHA2011,COUNTRY,MDG,AFR,Africa,YEAR,2023,,,,,,,,,4.78,4.78242326,,,,2025-12-05T13:23:08Z,2023,2023-01-01,2023-12-31
4826132,GHED_OOP_pc_US_SHA2011,COUNTRY,TTO,AMR,Americas,YEAR,2019,,,,,,,,,514.73,514.73047847,,,,2025-12-05T13:23:08Z,2019,2019-01-01,2019-12-31
4826687,GHED_OOP_pc_US_SHA2011,COUNTRY,SOM,EMR,Eastern Mediterranean,YEAR,2015,,,,,,,,,5.30,5.29661849,,,,2025-12-05T13:23:08Z,2015,2015-01-01,2015-12-31
4830600,GHED_OOP_pc_US_SHA2011,COUNTRY,KIR,WPR,Western Pacific,YEAR,2023,,,,,,,,,6.93,6.92608858,,,,2025-12-05T13:23:08Z,2023,2023-01-01,2023-12-31
4832231,GHED_OOP_pc_US_SHA2011,COUNTRY,KWT,EMR,Eastern Mediterranean,YEAR,2005,,,,,,,,,156.17,156.16816099,,,,2025-12-05T13:23:08Z,2005,2005-01-01,2005-12-31
4844371,GHED_OOP_pc_US_SHA2011,COUNTRY,MRT,AFR,Africa,YEAR,2012,,,,,,,,,27.30,27.29916559,,,,2025-12-05T13:23:08Z,2012,2012-01-01,2012-12-31
4846687,GHED_OOP_pc_US_SHA2011,COUNTRY,GNQ,AFR,Africa,YEAR,2019,,,,,,,,,164.62,164.61913887,,,,2025-12-05T13:23:08Z,2019,2019-01-01,2019-12-31
4849840,GHED_OOP_pc_US_SHA2011,COUNTRY,MDV,SEAR,South-East Asia,YEAR,2019,,,,,,,,,153.82,153.8195148,,,,2025-12-05T13:23:08Z,2019,2019-01-01,2019-12-31
4853690,GHED_OOP_pc_US_SHA2011,COUNTRY,COL,AMR,Americas,YEAR,2013,,,,,,,,,99.65,99.65225848,,,,2025-12-05T13:23:08Z,2013,2013-01-01,2013-12-31
4858866,GHED_OOP_pc_US_SHA2011,COUNTRY,CYP,EUR,Europe,YEAR,2019,,,,,,,,,694.58,694.57978583,,,,2025-12-05T13:23:08Z,2019,2019-01-01,2019-12-31
4869494,GHED_OOP_pc_US_SHA2011,COUNTRY,ISL,EUR,Europe,YEAR,2012,,,,,,,,,698.43,698.42950645,,,,2025-12-05T13:23:08Z,2012,2012-01-01,2012-12-31
4870447,GHED_OOP_pc_US_SHA2011,COUNTRY,GRC,EUR,Europe,YEAR,2000,,,,,,,,,321.16,321.15710512,,,,2025-12-05T13:23:08Z,2000,2000-01-01,2000-12-31
4873521,GHED_OOP_pc_US_SHA2011,COUNTRY,ROU,EUR,Europe,YEAR,2018,,,,,,,,,133.70,133.70350004,,,,2025-12-05T13:23:08Z,2018,2018-01-01,2018-12-31
4877835,GHED_OOP_pc_US_SHA2011,COUNTRY,NIU,WPR,Western Pacific,YEAR,2017,,,,,,,,,10.61,10.60579831,,,,2025-12-05T13:23:08Z,2017,2017-01-01,2017-12-31
4883886,GHED_OOP_pc_US_SHA2011,COUNTRY,BHR,EMR,Eastern Mediterranean,YEAR,2007,,,,,,,,,204.75,204.74652569,,,,2025-12-05T13:23:08Z,2007,2007-01-01,2007-12-31
4885782,GHED_OOP_pc_US_SHA2011,COUNTRY,PAN,AMR,Americas,YEAR,2003,,,,,,,,,100.34,100.33617952,,,,2025-12-05T13:23:08Z,2003,2003-01-01,2003-12-31
4886080,GHED_OOP_pc_US_SHA2011,COUNTRY,POL,EUR,Europe,YEAR,2000,,,,,,,,,74.07,74.06708655,,,,2025-12-05T13:23:08Z,2000,2000-01-01,2000-12-31
4897764,GHED_OOP_pc_US_SHA2011,COUNTRY,DMA,AMR,Americas,YEAR,2008,,,,,,,,,149.02,149.01763334,,,,2025-12-05T13:23:08Z,2008,2008-01-01,2008-12-31
4901567,GHED_OOP_pc_US_SHA2011,COUNTRY,KAZ,EUR,Europe,YEAR,2014,,,,,,,,,87.99,87.99212111,,,,2025-12-05T13:23:08Z,2014,2014-01-01,2014-12-31
4904872,GHED_OOP_pc_US_SHA2011,COUNTRY,AZE,EUR,Europe,YEAR,2009,,,,,,,,,78.39,78.390448,,,,2025-12-05T13:23:08Z,2009,2009-01-01,2009-12-31
4906871,GHED_OOP_pc_US_SHA2011,COUNTRY,SMR,EUR,Europe,YEAR,2017,,,,,,,,,454.86,454.86248879,,,,2025-12-05T13:23:08Z,2017,2017-01-01,2017-12-31
4907804,GHED_OOP_pc_US_SHA2011,COUNTRY,PAN,AMR,Americas,YEAR,2007,,,,,,,,,141.44,141.43916889,,,,2025-12-05T13:23:08Z,2007,2007-01-01,2007-12-31
4908690,GHED_OOP_pc_US_SHA2011,COUNTRY,PSE,EMR,Eastern Mediterranean,YEAR,2001,,,,,,,,,50.95,50.95172078,,,,2025-12-05T13:23:08Z,2001,2001-01-01,2001-12-31
4909819,GHED_OOP_pc_US_SHA2011,COUNTRY,VNM,WPR,Western Pacific,YEAR,2002,,,,,,,,,7.56,7.55692133,,,,2025-12-05T13:23:08Z,2002,2002-01-01,2002-12-31
4910002,GHED_OOP_pc_US_SHA2011,COUNTRY,CHL,AMR,Americas,YEAR,2014,,,,,,,,,390.20,390.2046844,,,,2025-12-05T13:23:08Z,2014,2014-01-01,2014-12-31
4916252,GHED_OOP_pc_US_SHA2011,COUNTRY,PAK,EMR,Eastern Mediterranean,YEAR,2020,,,,,,,,,20.39,20.38823538,,,,2025-12-05T13:23:08Z,2020,2020-01-01,2020-12-31
4922241,GHED_OOP_pc_US_SHA2011,COUNTRY,SUR,AMR,Americas,YEAR,2017,,,,,,,,,84.94,84.94337691,,,,2025-12-05T13:23:08Z,2017,2017-01-01,2017-12-31
4926101,GHED_OOP_pc_US_SHA2011,COUNTRY,PAK,EMR,Eastern Mediterranean,YEAR,2002,,,,,,,,,7.64,7.63622837,,,,2025-12-05T13:23:08Z,2002,2002-01-01,2002-12-31
4929525,GHED_OOP_pc_US_SHA2011,COUNTRY,NOR,EUR,Europe,YEAR,2012,,,,,,,,,1327.58,1327.58499187,,,,2025-12-05T13:23:08Z,2012,2012-01-01,2012-12-31
4933136,GHED_OOP_pc_US_SHA2011,WORLDBANKINCOMEGROUP,WB_UMI,,,YEAR,2009,,,,,,,,,104.85,104.84502067,,,,2025-12-05T13:23:08Z,2009,2009-01-01,2009-12-31
4935823,GHED_OOP_pc_US_SHA2011,COUNTRY,SUR,AMR,Americas,YEAR,2013,,,,,,,,,121.11,121.10671187,,,,2025-12-05T13:23:08Z,2013,2013-01-01,2013-12-31
4936169,GHED_OOP_pc_US_SHA2011,COUNTRY,IND,SEAR,South-East Asia,YEAR,2005,,,,,,,,,20.11,20.11439774,,,,2025-12-05T13:23:08Z,2005,2005-01-01,2005-12-31
4943509,GHED_OOP_pc_US_SHA2011,COUNTRY,BDI,AFR,Africa,YEAR,2022,,,,,,,,,6.43,6.42529868,,,,2025-12-05T13:23:08Z,2022,2022-01-01,2022-12-31
4948299,GHED_OOP_pc_US_SHA2011,COUNTRY,JPN,WPR,Western Pacific,YEAR,2009,,,,,,,,,560.37,560.37009017,,,,2025-12-05T13:23:08Z,2009,2009-01-01,2009-12-31
4951139,GHED_OOP_pc_US_SHA2011,COUNTRY,SWE,EUR,Europe,YEAR,2000,,,,,,,,,314.30,314.29767782,,,,2025-12-05T13:23:08Z,2000,2000-01-01,2000-12-31
4951310,GHED_OOP_pc_US_SHA2011,COUNTRY,KEN,AFR,Africa,YEAR,2017,,,,,,,,,15.47,15.47357109,,,,2025-12-05T13:23:08Z,2017,2017-01-01,2017-12-31
4952805,GHED_OOP_pc_US_SHA2011,COUNTRY,LSO,AFR,Africa,YEAR,2004,,,,,,,,,12.97,12.97465587,,,,2025-12-05T13:23:08Z,2004,2004-01-01,2004-12-31
4957413,GHED_OOP_pc_US_SHA2011,COUNTRY,LBN,EMR,Eastern Mediterranean,YEAR,2013,,,,,,,,,213.15,213.15301892,,,,2025-12-05T13:23:08Z,2013,2013-01-01,2013-12-31
4958136,GHED_OOP_pc_US_SHA2011,COUNTRY,GRC,EUR,Europe,YEAR,2009,,,,,,,,,828.76,828.75659431,,,,2025-12-05T13:23:08Z,2009,2009-01-01,2009-12-31
4959756,GHED_OOP_pc_US_SHA2011,COUNTRY,FIN,EUR,Europe,YEAR,2009,,,,,,,,,796.79,796.786319,,,,2025-12-05T13:23:08Z,2009,2009-01-01,2009-12-31
4961690,GHED_OOP_pc_US_SHA2011,COUNTRY,SWZ,AFR,Africa,YEAR,2000,,,,,,,,,14.25,14.25165479,,,,2025-12-05T13:23:08Z,2000,2000-01-01,2000-12-31
4963807,GHED_OOP_pc_US_SHA2011,COUNTRY,DJI,EMR,Eastern Mediterranean,YEAR,2005,,,,,,,,,15.93,15.93403276,,,,2025-12-05T13:23:08Z,2005,2005-01-01,2005-12-31
4963911,GHED_OOP_pc_US_SHA2011,COUNTRY,GMB,AFR,Africa,YEAR,2003,,,,,,,,,3.32,3.31879374,,,,2025-12-05T13:23:08Z,2003,2003-01-01,2003-12-31
4963990,GHED_OOP_pc_US_SHA2011,COUNTRY,AZE,EUR,Europe,YEAR,2007,,,,,,,,,39.28,39.27522699,,,,2025-12-05T13:23:08Z,2007,2007-01-01,2007-12-31
4966239,GHED_OOP_pc_US_SHA2011,COUNTRY,LBR,AFR,Africa,YEAR,2005,,,,,,,,,12.84,12.84317938,,,,2025-12-05T13:23:08Z,2005,2005-01-01,2005-12-31
4967038,GHED_OOP_pc_US_SHA2011,COUNTRY,GRC,EUR,Europe,YEAR,2006,,,,,,,,,739.96,739.96123324,,,,2025-12-05T13:23:08Z,2006,2006-01-01,2006-12-31
4977209,GHED_OOP_pc_US_SHA2011,COUNTRY,MWI,AFR,Africa,YEAR,2010,,,,,,,,,3.71,3.71454576,,,,2025-12-05T13:23:08Z,2010,2010-01-01,2010-12-31
4978561,GHED_OOP_pc_US_SHA2011,COUNTRY,NOR,EUR,Europe,YEAR,2015,,,,,,,,,1070.12,1070.12140728,,,,2025-12-05T13:23:08Z,2015,2015-01-01,2015-12-31
4978677,GHED_OOP_pc_US_SHA2011,COUNTRY,MUS,AFR,Africa,YEAR,2008,,,,,,,,,193.49,193.49319538,,,,2025-12-05T13:23:08Z,2008,2008-01-01,2008-12-31
4979198,GHED_OOP_pc_US_SHA2011,COUNTRY,GAB,AFR,Africa,YEAR,2014,,,,,,,,,65.56,65.55755607,,,,2025-12-05T13:23:08Z,2014,2014-01-01,2014-12-31
4980788,GHED_OOP_pc_US_SHA2011,COUNTRY,NAM,AFR,Africa,YEAR,2004,,,,,,,,,22.49,22.48656176,,,,2025-12-05T13:23:08Z,2004,2004-01-01,2004-12-31
4985546,GHED_OOP_pc_US_SHA2011,COUNTRY,SYC,AFR,Africa,YEAR,2015,,,,,,,,,147.82,147.82233592,,,,2025-12-05T13:23:08Z,2015,2015-01-01,2015-12-31
4992729,GHED_OOP_pc_US_SHA2011,COUNTRY,NER,AFR,Africa,YEAR,2018,,,,,,,,,14.99,14.98880598,,,,2025-12-05T13:23:08Z,2018,2018-01-01,2018-12-31
4993928,GHED_OOP_pc_US_SHA2011,COUNTRY,GHA,AFR,Africa,YEAR,2005,,,,,,,,,9.06,9.06401259,,,,2025-12-05T13:23:08Z,2005,2005-01-01,2005-12-31
4994052,GHED_OOP_pc_US_SHA2011,COUNTRY,BHS,AMR,Americas,YEAR,2003,,,,,,,,,304.30,304.29829073,,,,2025-12-05T13:23:08Z,2003,2003-01-01,2003-12-31
4999013,GHED_OOP_pc_US_SHA2011,COUNTRY,MNE,EUR,Europe,YEAR,2016,,,,,,,,,231.27,231.26922856,,,,2025-12-05T13:23:08Z,2016,2016-01-01,2016-12-31
4999449,GHED_OOP_pc_US_SHA2011,COUNTRY,GNB,AFR,Africa,YEAR,2004,,,,,,,,,9.93,9.92862961,,,,2025-12-05T13:23:08Z,2004,2004-01-01,2004-12-31
4999931,GHED_OOP_pc_US_SHA2011,COUNTRY,NZL,WPR,Western Pacific,YEAR,2013,,,,,,,,,454.66,454.66139916,,,,2025-12-05T13:23:08Z,2013,2013-01-01,2013-12-31
5004203,GHED_OOP_pc_US_SHA2011,COUNTRY,LBN,EMR,Eastern Mediterranean,YEAR,2021,,,,,,,,,61.44,61.43831211,,,,2025-12-05T13:23:08Z,2021,2021-01-01,2021-12-31
5004512,GHED_OOP_pc_US_SHA2011,COUNTRY,KOR,WPR,Western Pacific,YEAR,2000,,,,,,,,,205.89,205.89438801,,,,2025-12-05T13:23:08Z,2000,2000-01-01,2000-12-31
5005975,GHED_OOP_pc_US_SHA2011,COUNTRY,SLV,AMR,Americas,YEAR,2007,,,,,,,,,99.93,99.9331798,,,,2025-12-05T13:23:08Z,2007,2007-01-01,2007-12-31
5011086,GHED_OOP_pc_US_SHA2011,COUNTRY,AUS,WPR,Western Pacific,YEAR,2009,,,,,,,,,760.10,760.10195674,,,,2025-12-05T13:23:08Z,2009,2009-01-01,2009-12-31
5011140,GHED_OOP_pc_US_SHA2011,COUNTRY,MKD,EUR,Europe,YEAR,2006,,,,,,,,,89.76,89.76265941,,,,2025-12-05T13:23:08Z,2006,2006-01-01,2006-12-31
5015836,GHED_OOP_pc_US_SHA2011,COUNTRY,POL,EUR,Europe,YEAR,2007,,,,,,,,,173.76,173.76196773,,,,2025-12-05T13:23:08Z,2007,2007-01-01,2007-12-31
5017297,GHED_OOP_pc_US_SHA2011,COUNTRY,DOM,AMR,Americas,YEAR,2022,,,,,,,,,117.44,117.44239868,,,,2025-12-05T13:23:08Z,2022,2022-01-01,2022-12-31
5020891,GHED_OOP_pc_US_SHA2011,COUNTRY,URY,AMR,Americas,YEAR,2015,,,,,,,,,241.11,241.10812249,,,,2025-12-05T13:23:08Z,2015,2015-01-01,2015-12-31
5028873,GHED_OOP_pc_US_SHA2011,COUNTRY,DMA,AMR,Americas,YEAR,2003,,,,,,,,,97.31,97.31030699,,,,2025-12-05T13:23:08Z,2003,2003-01-01,2003-12-31
5030806,GHED_OOP_pc_US_SHA2011,COUNTRY,SWE,EUR,Europe,YEAR,2014,,,,,,,,,991.03,991.03330279,,,,2025-12-05T13:23:08Z,2014,2014-01-01,2014-12-31
5038133,GHED_OOP_pc_US_SHA2011,COUNTRY,CRI,AMR,Americas,YEAR,2018,,,,,,,,,205.63,205.62814792,,,,2025-12-05T13:23:08Z,2018,2018-01-01,2018-12-31
5042053,GHED_OOP_pc_US_SHA2011,COUNTRY,MDV,SEAR,South-East Asia,YEAR,2018,,,,,,,,,164.81,164.80876527,,,,2025-12-05T13:23:08Z,2018,2018-01-01,2018-12-31
5046855,GHED_OOP_pc_US_SHA2011,COUNTRY,USA,AMR,Americas,YEAR,2001,,,,,,,,,706.62,706.62308143,,,,2025-12-05T13:23:08Z,2001,2001-01-01,2001-12-31
5047335,GHED_OOP_pc_US_SHA2011,COUNTRY,NLD,EUR,Europe,YEAR,2004,,,,,,,,,367.48,367.47745415,,,,2025-12-05T13:23:08Z,2004,2004-01-01,2004-12-31
5047826,GHED_OOP_pc_US_SHA2011,COUNTRY,MOZ,AFR,Africa,YEAR,2017,,,,,,,,,3.56,3.56045971,,,,2025-12-05T13:23:08Z,2017,2017-01-01,2017-12-31
5054935,GHED_OOP_pc_US_SHA2011,COUNTRY,GHA,AFR,Africa,YEAR,2011,,,,,,,,,30.26,30.26197696,,,,2025-12-05T13:23:08Z,2011,2011-01-01,2011-12-31
5067765,GHED_OOP_pc_US_SHA2011,COUNTRY,SDN,EMR,Eastern Mediterranean,YEAR,2008,,,,,,,,,51.70,51.6964106,,,,2025-12-05T13:23:08Z,2008,2008-01-01,2008-12-31
5067877,GHED_OOP_pc_US_SHA2011,COUNTRY,CYP,EUR,Europe,YEAR,2005,,,,,,,,,680.72,680.71634454,,,,2025-12-05T13:23:08Z,2005,2005-01-01,2005-12-31
5072365,GHED_OOP_pc_US_SHA2011,WORLDBANKINCOMEGROUP,WB_LMI,,,YEAR,2009,,,,,,,,,33.17,33.17357542,,,,2025-12-05T13:23:08Z,2009,2009-01-01,2009-12-31
5075569,GHED_OOP_pc_US_SHA2011,COUNTRY,PSE,EMR,Eastern Mediterranean,YEAR,2021,,,,,,,,,121.69,121.68890518,,,,2025-12-05T13:23:08Z,2021,2021-01-01,2021-12-31
5078326,GHED_OOP_pc_US_SHA2011,COUNTRY,BEN,AFR,Africa,YEAR,2013,,,,,,,,,14.28,14.28034248,,,,2025-12-05T13:23:08Z,2013,2013-01-01,2013-12-31
5079064,GHED_OOP_pc_US_SHA2011,COUNTRY,SWE,EUR,Europe,YEAR,2003,,,,,,,,,500.39,500.38778999,,,,2025-12-05T13:23:08Z,2003,2003-01-01,2003-12-31
5080538,GHED_OOP_pc_US_SHA2011,COUNTRY,JAM,AMR,Americas,YEAR,2011,,,,,,,,,127.65,127.65266739,,,,2025-12-05T13:23:08Z,2011,2011-01-01,2011-12-31
5082693,GHED_OOP_pc_US_SHA2011,COUNTRY,PRT,EUR,Europe,YEAR,2006,,,,,,,,,474.15,474.15498246,,,,2025-12-05T13:23:08Z,2006,2006-01-01,2006-12-31
5086417,GHED_OOP_pc_US_SHA2011,COUNTRY,JOR,EMR,Eastern Mediterranean,YEAR,2002,,,,,,,,,65.05,65.04611931,,,,2025-12-05T13:23:08Z,2002,2002-01-01,2002-12-31
5086626,GHED_OOP_pc_US_SHA2011,COUNTRY,KWT,EMR,Eastern Mediterranean,YEAR,2012,,,,,,,,,181.98,181.98323923,,,,2025-12-05T13:23:08Z,2012,2012-01-01,2012-12-31
5091849,GHED_OOP_pc_US_SHA2011,COUNTRY,MHL,WPR,Western Pacific,YEAR,2008,,,,,,,,,5.89,5.88864021,,,,2025-12-05T13:23:08Z,2008,2008-01-01,2008-12-31
5101415,GHED_OOP_pc_US_SHA2011,COUNTRY,TGO,AFR,Africa,YEAR,2018,,,,,,,,,33.91,33.90730315,,,,2025-12-05T13:23:08Z,2018,2018-01-01,2018-12-31
5101476,GHED_OOP_pc_US_SHA2011,COUNTRY,PRY,AMR,Americas,YEAR,2008,,,,,,,,,133.58,133.57598675,,,,2025-12-05T13:23:08Z,2008,2008-01-01,2008-12-31
5106857,GHED_OOP_pc_US_SHA2011,COUNTRY,BDI,AFR,Africa,YEAR,2020,,,,,,,,,5.36,5.36377921,,,,2025-12-05T13:23:08Z,2020,2020-01-01,2020-12-31
5110372,GHED_OOP_pc_US_SHA2011,COUNTRY,BOL,AMR,Americas,YEAR,2005,,,,,,,,,16.56,16.56394147,,,,2025-12-05T13:23:08Z,2005,2005-01-01,2005-12-31
5110530,GHED_OOP_pc_US_SHA2011,COUNTRY,TON,WPR,Western Pacific,YEAR,2008,,,,,,,,,14.26,14.25542056,,,,2025-12-05T13:23:08Z,2008,2008-01-01,2008-12-31
5110952,GHED_OOP_pc_US_SHA2011,REGION,AFR,,,YEAR,2021,,,,,,,,,35.89,35.88957885,,,,2025-12-05T13:23:08Z,2021,2021-01-01,2021-12-31
5113611,GHED_OOP_pc_US_SHA2011,COUNTRY,HTI,AMR,Americas,YEAR,2010,,,,,,,,,18.57,18.56520734,,,,2025-12-05T13:23:08Z,2010,2010-01-01,2010-12-31
5113895,GHED_OOP_pc_US_SHA2011,COUNTRY,CMR,AFR,Africa,YEAR,2015,,,,,,,,,43.11,43.10590953,,,,2025-12-05T13:23:08Z,2015,2015-01-01,2015-12-31
5116929,GHED_OOP_pc_US_SHA2011,REGION,EMR,,,YEAR,2009,,,,,,,,,107.40,107.40259294,,,,2025-12-05T13:23:08Z,2009,2009-01-01,2009-12-31
5117729,GHED_OOP_pc_US_SHA2011,COUNTRY,TTO,AMR,Americas,YEAR,2021,,,,,,,,,547.35,547.34788943,,,,2025-12-05T13:23:08Z,2021,2021-01-01,2021-12-31
5126807,GHED_OOP_pc_US_SHA2011,COUNTRY,GHA,AFR,Africa,YEAR,2000,,,,,,,,,3.98,3.97631245,,,,2025-12-05T13:23:08Z,2000,2000-01-01,2000-12-31
5129161,GHED_OOP_pc_US_SHA2011,COUNTRY,DNK,EUR,Europe,YEAR,2013,,,,,,,,,843.57,843.57492472,,,,2025-12-05T13:23:08Z,2013,2013-01-01,2013-12-31
5129653,GHED_OOP_pc_US_SHA2011,COUNTRY,MKD,EUR,Europe,YEAR,2012,,,,,,,,,112.07,112.0674416,,,,2025-12-05T13:23:08Z,2012,2012-01-01,2012-12-31
5131515,GHED_OOP_pc_US_SHA2011,COUNTRY,BRA,AMR,Americas,YEAR,2012,,,,,,,,,287.54,287.53807649,,,,2025-12-05T13:23:08Z,2012,2012-01-01,2012-12-31
5133285,GHED_OOP_pc_US_SHA2011,COUNTRY,SYC,AFR,Africa,YEAR,2017,,,,,,,,,164.10,164.10159445,,,,2025-12-05T13:23:08Z,2017,2017-01-01,2017-12-31
5137163,GHED_OOP_pc_US_SHA2011,COUNTRY,BRN,WPR,Western Pacific,YEAR,2012,,,,,,,,,76.96,76.95561677,,,,2025-12-05T13:23:08Z,2012,2012-01-01,2012-12-31
5139795,GHED_OOP_pc_US_SHA2011,COUNTRY,SLV,AMR,Americas,YEAR,2004,,,,,,,,,83.01,83.00867878,,,,2025-12-05T13:23:08Z,2004,2004-01-01,2004-12-31
5144157,GHED_OOP_pc_US_SHA2011,COUNTRY,PER,AMR,Americas,YEAR,2012,,,,,,,,,120.25,120.24530612,,,,2025-12-05T13:23:08Z,2012,2012-01-01,2012-12-31
5145243,GHED_OOP_pc_US_SHA2011,COUNTRY,MMR,SEAR,South-East Asia,YEAR,2010,,,,,,,,,16.34,16.33682825,,,,2025-12-05T13:23:08Z,2010,2010-01-01,2010-12-31
5149673,GHED_OOP_pc_US_SHA2011,COUNTRY,AUT,EUR,Europe,YEAR,2022,,,,,,,,,960.85,960.84872994,,,,2025-12-05T13:23:08Z,2022,2022-01-01,2022-12-31
5150552,GHED_OOP_pc_US_SHA2011,COUNTRY,MDV,SEAR,South-East Asia,YEAR,2022,,,,,,,,,179.20,179.19838952,,,,2025-12-05T13:23:08Z,2022,2022-01-01,2022-12-31
5151960,GHED_OOP_pc_US_SHA2011,COUNTRY,NAM,AFR,Africa,YEAR,2023,,,,,,,,,29.75,29.74888208,,,,2025-12-05T13:23:08Z,2023,2023-01-01,2023-12-31
5154188,GHED_OOP_pc_US_SHA2011,COUNTRY,AZE,EUR,Europe,YEAR,2001,,,,,,,,,13.36,13.36057207,,,,2025-12-05T13:23:08Z,2001,2001-01-01,2001-12-31
5155115,GHED_OOP_pc_US_SHA2011,COUNTRY,LUX,EUR,Europe,YEAR,2018,,,,,,,,,649.84,649.83821482,,,,2025-12-05T13:23:08Z,2018,2018-01-01,2018-12-31
5156454,GHED_OOP_pc_US_SHA2011,COUNTRY,SGP,WPR,Western Pacific,YEAR,2002,,,,,,,,,397.86,397.86151731,,,,2025-12-05T13:23:08Z,2002,2002-01-01,2002-12-31
5162632,GHED_OOP_pc_US_SHA2011,REGION,WPR,,,YEAR,2007,,,,,,,,,113.54,113.54197201,,,,2025-12-05T13:23:08Z,2007,2007-01-01,2007-12-31
5163604,GHED_OOP_pc_US_SHA2011,COUNTRY,TJK,EUR,Europe,YEAR,2010,,,,,,,,,29.78,29.78328934,,,,2025-12-05T13:23:08Z,2010,2010-01-01,2010-12-31
5165200,GHED_OOP_pc_US_SHA2011,COUNTRY,KEN,AFR,Africa,YEAR,2014,,,,,,,,,21.29,21.28688298,,,,2025-12-05T13:23:08Z,2014,2014-01-01,2014-12-31
5168274,GHED_OOP_pc_US_SHA2011,COUNTRY,BLR,EUR,Europe,YEAR,2006,,,,,,,,,54.07,54.07023996,,,,2025-12-05T13:23:08Z,2006,2006-01-01,2006-12-31
5168728,GHED_OOP_pc_US_SHA2011,COUNTRY,TJK,EUR,Europe,YEAR,2015,,,,,,,,,39.27,39.27328814,,,,2025-12-05T13:23:08Z,2015,2015-01-01,2015-12-31
5170036,GHED_OOP_pc_US_SHA2011,COUNTRY,ESP,EUR,Europe,YEAR,2008,,,,,,,,,657.79,657.79497785,,,,2025-12-05T13:23:08Z,2008,2008-01-01,2008-12-31
5174350,GHED_OOP_pc_US_SHA2011,COUNTRY,RUS,EUR,Europe,YEAR,2001,,,,,,,,,36.30,36.29732556,,,,2025-12-05T13:23:08Z,2001,2001-01-01,2001-12-31
5174769,GHED_OOP_pc_US_SHA2011,COUNTRY,GAB,AFR,Africa,YEAR,2004,,,,,,,,,92.48,92.4834609,,,,2025-12-05T13:23:08Z,2004,2004-01-01,2004-12-31
5175218,GHED_OOP_pc_US_SHA2011,COUNTRY,UGA,AFR,Africa,YEAR,2023,,,,,,,,,14.55,14.54589254,,,,2025-12-05T13:23:08Z,2023,2023-01-01,2023-12-31
5175636,GHED_OOP_pc_US_SHA2011,COUNTRY,GUY,AMR,Americas,YEAR,2013,,,,,,,,,80.20,80.20021697,,,,2025-12-05T13:23:08Z,2013,2013-01-01,2013-12-31
5176104,GHED_OOP_pc_US_SHA2011,COUNTRY,HTI,AMR,Americas,YEAR,2001,,,,,,,,,12.38,12.38319199,,,,2025-12-05T13:23:08Z,2001,2001-01-01,2001-12-31
5177722,GHED_OOP_pc_US_SHA2011,COUNTRY,AFG,EMR,Eastern Mediterranean,YEAR,2008,,,,,,,,,30.08,30.07558277,,,,2025-12-05T13:23:08Z,2008,2008-01-01,2008-12-31
5180587,GHED_OOP_pc_US_SHA2011,COUNTRY,ERI,AFR,Africa,YEAR,2010,,,,,,,,,12.65,12.65356712,,,,2025-12-05T13:23:08Z,2010,2010-01-01,2010-12-31
5181155,GHED_OOP_pc_US_SHA2011,COUNTRY,KOR,WPR,Western Pacific,YEAR,2020,,,,,,,,,858.39,858.39192991,,,,2025-12-05T13:23:08Z,2020,2020-01-01,2020-12-31
5181366,GHED_OOP_pc_US_SHA2011,COUNTRY,SWE,EUR,Europe,YEAR,2002,,,,,,,,,412.30,412.3031763,,,,2025-12-05T13:23:08Z,2002,2002-01-01,2002-12-31
5183282,GHED_OOP_pc_US_SHA2011,COUNTRY,NGA,AFR,Africa,YEAR,2000,,,,,,,,,10.32,10.32313394,,,,2025-12-05T13:23:08Z,2000,2000-01-01,2000-12-31
5184586,GHED_OOP_pc_US_SHA2011,COUNTRY,IRL,EUR,Europe,YEAR,2000,,,,,,,,,189.61,189.61275396,,,,2025-12-05T13:23:08Z,2000,2000-01-01,2000-12-31
5185916,GHED_OOP_pc_US_SHA2011,COUNTRY,PHL,WPR,Western Pacific,YEAR,2008,,,,,,,,,43.48,43.4841669,,,,2025-12-05T13:23:08Z,2008,2008-01-01,2008-12-31
5186475,GHED_OOP_pc_US_SHA2011,COUNTRY,GIN,AFR,Africa,YEAR,2002,,,,,,,,,14.76,14.75559055,,,,2025-12-05T13:23:08Z,2002,2002-01-01,2002-12-31
5188613,GHED_OOP_pc_US_SHA2011,COUNTRY,IND,SEAR,South-East Asia,YEAR,2021,,,,,,,,,34.08,34.07983135,,,,2025-12-05T13:23:08Z,2021,2021-01-01,2021-12-31
5199209,GHED_OOP_pc_US_SHA2011,COUNTRY,KHM,WPR,Western Pacific,YEAR,2019,,,,,,,,,72.49,72.49495323,,,,2025-12-05T13:23:08Z,2019,2019-01-01,2019-12-31
5200951,GHED_OOP_pc_US_SHA2011,COUNTRY,CIV,AFR,Africa,YEAR,2013,,,,,,,,,37.70,37.70059215,,,,2025-12-05T13:23:08Z,2013,2013-01-01,2013-12-31
5201861,GHED_OOP_pc_US_SHA2011,COUNTRY,NER,AFR,Africa,YEAR,2002,,,,,,,,,6.45,6.44714815,,,,2025-12-05T13:23:08Z,2002,2002-01-01,2002-12-31
5202970,GHED_OOP_pc_US_SHA2011,COUNTRY,COL,AMR,Americas,YEAR,2001,,,,,,,,,18.55,18.5531634,,,,2025-12-05T13:23:08Z,2001,2001-01-01,2001-12-31
5205263,GHED_OOP_pc_US_SHA2011,COUNTRY,CPV,AFR,Africa,YEAR,2003,,,,,,,,,20.47,20.46501514,,,,2025-12-05T13:23:08Z,2003,2003-01-01,2003-12-31
5208679,GHED_OOP_pc_US_SHA2011,COUNTRY,BHR,EMR,Eastern Mediterranean,YEAR,2015,,,,,,,,,292.14,292.14444442,,,,2025-12-05T13:23:08Z,2015,2015-01-01,2015-12-31
5212614,GHED_OOP_pc_US_SHA2011,COUNTRY,MKD,EUR,Europe,YEAR,2005,,,,,,,,,94.77,94.7711025,,,,2025-12-05T13:23:08Z,2005,2005-01-01,2005-12-31
5212653,GHED_OOP_pc_US_SHA2011,COUNTRY,MKD,EUR,Europe,YEAR,2009,,,,,,,,,103.63,103.63306723,,,,2025-12-05T13:23:08Z,2009,2009-01-01,2009-12-31
5214302,GHED_OOP_pc_US_SHA2011,COUNTRY,SDN,EMR,Eastern Mediterranean,YEAR,2010,,,,,,,,,45.13,45.12914307,,,,2025-12-05T13:23:08Z,2010,2010-01-01,2010-12-31
5218698,GHED_OOP_pc_US_SHA2011,COUNTRY,PLW,WPR,Western Pacific,YEAR,2021,,,,,,,,,310.56,310.55614913,,,,2025-12-05T13:23:08Z,2021,2021-01-01,2021-12-31
5219600,GHED_OOP_pc_US_SHA2011,COUNTRY,TGO,AFR,Africa,YEAR,2012,,,,,,,,,20.98,20.97585581,,,,2025-12-05T13:23:08Z,2012,2012-01-01,2012-12-31
5222000,GHED_OOP_pc_US_SHA2011,COUNTRY,HUN,EUR,Europe,YEAR,2007,,,,,,,,,263.47,263.4679896,,,,2025-12-05T13:23:08Z,2007,2007-01-01,2007-12-31
5228232,GHED_OOP_pc_US_SHA2011,COUNTRY,ETH,AFR,Africa,YEAR,2011,,,,,,,,,6.81,6.80517349,,,,2025-12-05T13:23:08Z,2011,2011-01-01,2011-12-31
5238856,GHED_OOP_pc_US_SHA2011,COUNTRY,NZL,WPR,Western Pacific,YEAR,2018,,,,,,,,,540.14,540.13679704,,,,2025-12-05T13:23:08Z,2018,2018-01-01,2018-12-31
5249272,GHED_OOP_pc_US_SHA2011,COUNTRY,SGP,WPR,Western Pacific,YEAR,2004,,,,,,,,,442.97,442.96746795,,,,2025-12-05T13:23:08Z,2004,2004-01-01,2004-12-31
5250219,GHED_OOP_pc_US_SHA2011,COUNTRY,KAZ,EUR,Europe,YEAR,2011,,,,,,,,,72.25,72.25258608,,,,2025-12-05T13:23:08Z,2011,2011-01-01,2011-12-31
5251018,GHED_OOP_pc_US_SHA2011,COUNTRY,MAR,EMR,Eastern Mediterranean,YEAR,2004,,,,,,,,,52.31,52.31081129,,,,2025-12-05T13:23:08Z,2004,2004-01-01,2004-12-31
5252331,GHED_OOP_pc_US_SHA2011,COUNTRY,EGY,EMR,Eastern Mediterranean,YEAR,2009,,,,,,,,,59.77,59.77440528,,,,2025-12-05T13:23:08Z,2009,2009-01-01,2009-12-31
5253195,GHED_OOP_pc_US_SHA2011,COUNTRY,HND,AMR,Americas,YEAR,2016,,,,,,,,,88.52,88.52386556,,,,2025-12-05T13:23:08Z,2016,2016-01-01,2016-12-31
5257076,GHED_OOP_pc_US_SHA2011,COUNTRY,CYP,EUR,Europe,YEAR,2022,,,,,,,,,495.99,495.98547306,,,,2025-12-05T13:23:08Z,2022,2022-01-01,2022-12-31
5259364,GHED_OOP_pc_US_SHA2011,COUNTRY,YEM,EMR,Eastern Mediterranean,YEAR,2007,,,,,,,,,35.85,35.84831403,,,,2025-12-05T13:23:08Z,2007,2007-01-01,2007-12-31
5262219,GHED_OOP_pc_US_SHA2011,COUNTRY,DEU,EUR,Europe,YEAR,2005,,,,,,,,,480.82,480.8172133,,,,2025-12-05T13:23:08Z,2005,2005-01-01,2005-12-31
5263450,GHED_OOP_pc_US_SHA2011,COUNTRY,TJK,EUR,Europe,YEAR,2012,,,,,,,,,36.43,36.42509834,,,,2025-12-05T13:23:08Z,2012,2012-01-01,2012-12-31
5264043,GHED_OOP_pc_US_SHA2011,COUNTRY,CHN,WPR,Western Pacific,YEAR,2000,,,,,,,,,25.74,25.73843865,,,,2025-12-05T13:23:08Z,2000,2000-01-01,2000-12-31
5268833,GHED_OOP_pc_US_SHA2011,COUNTRY,UZB,EUR,Europe,YEAR,2023,,,,,,,,,123.07,123.06976657,,,,2025-12-05T13:23:08Z,2023,2023-01-01,2023-12-31
5270653,GHED_OOP_pc_US_SHA2011,COUNTRY,ESP,EUR,Europe,YEAR,2010,,,,,,,,,602.06,602.05648124,,,,2025-12-05T13:23:08Z,2010,2010-01-01,2010-12-31
5272208,GHED_OOP_pc_US_SHA2011,COUNTRY,GIN,AFR,Africa,YEAR,2018,,,,,,,,,23.42,23.41656555,,,,2025-12-05T13:23:08Z,2018,2018-01-01,2018-12-31
5282204,GHED_OOP_pc_US_SHA2011,COUNTRY,STP,AFR,Africa,YEAR,2016,,,,,,,,,15.27,15.26761289,,,,2025-12-05T13:23:08Z,2016,2016-01-01,2016-12-31
5285361,GHED_OOP_pc_US_SHA2011,COUNTRY,BRB,AMR,Americas,YEAR,2005,,,,,,,,,337.47,337.46835735,,,,2025-12-05T13:23:08Z,2005,2005-01-01,2005-12-31
5287568,GHED_OOP_pc_US_SHA2011,COUNTRY,CAN,AMR,Americas,YEAR,2001,,,,,,,,,325.19,325.18894734,,,,2025-12-05T13:23:08Z,2001,2001-01-01,2001-12-31
5290964,GHED_OOP_pc_US_SHA2011,COUNTRY,DNK,EUR,Europe,YEAR,2021,,,,,,,,,988.45,988.45190971,,,,2025-12-05T13:23:08Z,2021,2021-01-01,2021-12-31
5291816,GHED_OOP_pc_US_SHA2011,COUNTRY,VUT,WPR,Western Pacific,YEAR,2015,,,,,,,,,9.07,9.06830064,,,,2025-12-05T13:23:08Z,2015,2015-01-01,2015-12-31
5295196,GHED_OOP_pc_US_SHA2011,COUNTRY,EGY,EMR,Eastern Mediterranean,YEAR,2013,,,,,,,,,80.92,80.91942884,,,,2025-12-05T13:23:08Z,2013,2013-01-01,2013-12-31
5297050,GHED_OOP_pc_US_SHA2011,COUNTRY,BTN,SEAR,South-East Asia,YEAR,2002,,,,,,,,,3.67,3.67361434,,,,2025-12-05T13:23:08Z,2002,2002-01-01,2002-12-31
5298312,GHED_OOP_pc_US_SHA2011,COUNTRY,BLR,EUR,Europe,YEAR,2018,,,,,,,,,89.06,89.05749,,,,2025-12-05T13:23:08Z,2018,2018-01-01,2018-12-31
5302316,GHED_OOP_pc_US_SHA2011,COUNTRY,CPV,AFR,Africa,YEAR,2018,,,,,,,,,55.63,55.62872703,,,,2025-12-05T13:23:08Z,2018,2018-01-01,2018-12-31
5306224,GHED_OOP_pc_US_SHA2011,COUNTRY,OMN,EMR,Eastern Mediterranean,YEAR,2005,,,,,,,,,34.48,34.47889629,,,,2025-12-05T13:23:08Z,2005,2005-01-01,2005-12-31
5306739,GHED_OOP_pc_US_SHA2011,COUNTRY,KWT,EMR,Eastern Mediterranean,YEAR,2006,,,,,,,,,166.13,166.1348767,,,,2025-12-05T13:23:08Z,2006,2006-01-01,2006-12-31
5310765,GHED_OOP_pc_US_SHA2011,COUNTRY,RWA,AFR,Africa,YEAR,2006,,,,,,,,,3.87,3.87411466,,,,2025-12-05T13:23:08Z,2006,2006-01-01,2006-12-31
5313373,GHED_OOP_pc_US_SHA2011,COUNTRY,CIV,AFR,Africa,YEAR,2004,,,,,,,,,36.23,36.23315831,,,,2025-12-05T13:23:08Z,2004,2004-01-01,2004-12-31
5314912,GHED_OOP_pc_US_SHA2011,COUNTRY,DMA,AMR,Americas,YEAR,2020,,,,,,,,,131.30,131.30164179,,,,2025-12-05T13:23:08Z,2020,2020-01-01,2020-12-31
5320617,GHED_OOP_pc_US_SHA2011,COUNTRY,SWZ,AFR,Africa,YEAR,2017,,,,,,,,,27.87,27.86902036,,,,2025-12-05T13:23:08Z,2017,2017-01-01,2017-12-31
5322503,GHED_OOP_pc_US_SHA2011,COUNTRY,TZA,AFR,Africa,YEAR,2001,,,,,,,,,6.21,6.20742764,,,,2025-12-05T13:23:08Z,2001,2001-01-01,2001-12-31
5325295,GHED_OOP_pc_US_SHA2011,COUNTRY,CRI,AMR,Americas,YEAR,2014,,,,,,,,,204.15,204.15168711,,,,2025-12-05T13:23:08Z,2014,2014-01-01,2014-12-31
5326043,GHED_OOP_pc_US_SHA2011,COUNTRY,ARM,EUR,Europe,YEAR,2001,,,,,,,,,16.23,16.23428701,,,,2025-12-05T13:23:08Z,2001,2001-01-01,2001-12-31
5326424,GHED_OOP_pc_US_SHA2011,COUNTRY,UGA,AFR,Africa,YEAR,2005,,,,,,,,,12.57,12.5717023,,,,2025-12-05T13:23:08Z,2005,2005-01-01,2005-12-31
5327609,GHED_OOP_pc_US_SHA2011,COUNTRY,FSM,WPR,Western Pacific,YEAR,2019,,,,,,,,,11.46,11.46086968,,,,2025-12-05T13:23:08Z,2019,2019-01-01,2019-12-31
5328437,GHED_OOP_pc_US_SHA2011,COUNTRY,HUN,EUR,Europe,YEAR,2010,,,,,,,,,269.53,269.52916625,,,,2025-12-05T13:23:08Z,2010,2010-01-01,2010-12-31
5333430,GHED_OOP_pc_US_SHA2011,COUNTRY,SEN,AFR,Africa,YEAR,2015,,,,,,,,,27.11,27.10873331,,,,2025-12-05T13:23:08Z,2015,2015-01-01,2015-12-31
5335062,GHED_OOP_pc_US_SHA2011,COUNTRY,TUN,EMR,Eastern Mediterranean,YEAR,2015,,,,,,,,,98.97,98.96688573,,,,2025-12-05T13:23:08Z,2015,2015-01-01,2015-12-31
5337717,GHED_OOP_pc_US_SHA2011,COUNTRY,TCD,AFR,Africa,YEAR,2000,,,,,,,,,5.66,5.66352056,,,,2025-12-05T13:23:08Z,2000,2000-01-01,2000-12-31
5339663,GHED_OOP_pc_US_SHA2011,COUNTRY,BLZ,AMR,Americas,YEAR,2021,,,,,,,,,68.05,68.05358947,,,,2025-12-05T13:23:08Z,2021,2021-01-01,2021-12-31
5347423,GHED_OOP_pc_US_SHA2011,COUNTRY,BOL,AMR,Americas,YEAR,2002,,,,,,,,,14.75,14.75257525,,,,2025-12-05T13:23:08Z,2002,2002-01-01,2002-12-31
5348673,GHED_OOP_pc_US_SHA2011,COUNTRY,KHM,WPR,Western Pacific,YEAR,2013,,,,,,,,,39.23,39.22544673,,,,2025-12-05T13:23:08Z,2013,2013-01-01,2013-12-31
5351931,GHED_OOP_pc_US_SHA2011,COUNTRY,FSM,WPR,Western Pacific,YEAR,2008,,,,,,,,,11.87,11.86746407,,,,2025-12-05T13:23:08Z,2008,2008-01-01,2008-12-31
5353457,GHED_OOP_pc_US_SHA2011,COUNTRY,YEM,EMR,Eastern Mediterranean,YEAR,2005,,,,,,,,,24.79,24.79156111,,,,2025-12-05T13:23:08Z,2005,2005-01-01,2005-12-31
5356775,GHED_OOP_pc_US_SHA2011,COUNTRY,GIN,AFR,Africa,YEAR,2017,,,,,,,,,21.08,21.08235833,,,,2025-12-05T13:23:08Z,2017,2017-01-01,2017-12-31
5357598,GHED_OOP_pc_US_SHA2011,COUNTRY,ECU,AMR,Americas,YEAR,2001,,,,,,,,,43.37,43.37473904,,,,2025-12-05T13:23:08Z,2001,2001-01-01,2001-12-31
5359319,GHED_OOP_pc_US_SHA2011,COUNTRY,GMB,AFR,Africa,YEAR,2019,,,,,,,,,4.71,4.71310516,,,,2025-12-05T13:23:08Z,2019,2019-01-01,2019-12-31
5360474,GHED_OOP_pc_US_SHA2011,COUNTRY,PAN,AMR,Americas,YEAR,2009,,,,,,,,,163.70,163.7049016,,,,2025-12-05T13:23:08Z,2009,2009-01-01,2009-12-31
5367495,GHED_OOP_pc_US_SHA2011,REGION,EUR,,,YEAR,2021,,,,,,,,,556.72,556.72247015,,,,2025-12-05T13:23:08Z,2021,2021-01-01,2021-12-31
5369445,GHED_OOP_pc_US_SHA2011,COUNTRY,JPN,WPR,Western Pacific,YEAR,2016,,,,,,,,,539.14,539.14274039,,,,2025-12-05T13:23:08Z,2016,2016-01-01,2016-12-31
5371361,GHED_OOP_pc_US_SHA2011,COUNTRY,AFG,EMR,Eastern Mediterranean,YEAR,2015,,,,,,,,,46.97,46.96636207,,,,2025-12-05T13:23:08Z,2015,2015-01-01,2015-12-31
5376266,GHED_OOP_pc_US_SHA2011,COUNTRY,LKA,SEAR,South-East Asia,YEAR,2000,,,,,,,,,17.04,17.03823115,,,,2025-12-05T13:23:08Z,2000,2000-01-01,2000-12-31
5376477,GHED_OOP_pc_US_SHA2011,COUNTRY,OMN,EMR,Eastern Mediterranean,YEAR,2002,,,,,,,,,27.82,27.82011002,,,,2025-12-05T13:23:08Z,2002,2002-01-01,2002-12-31
5382247,GHED_OOP_pc_US_SHA2011,COUNTRY,LTU,EUR,Europe,YEAR,2018,,,,,,,,,391.23,391.23244397,,,,2025-12-05T13:23:08Z,2018,2018-01-01,2018-12-31
5382814,GHED_OOP_pc_US_SHA2011,COUNTRY,RUS,EUR,Europe,YEAR,2000,,,,,,,,,28.76,28.76143719,,,,2025-12-05T13:23:08Z,2000,2000-01-01,2000-12-31
5385832,GHED_OOP_pc_US_SHA2011,COUNTRY,NLD,EUR,Europe,YEAR,2018,,,,,,,,,575.25,575.24915523,,,,2025-12-05T13:23:08Z,2018,2018-01-01,2018-12-31
5386948,GHED_OOP_pc_US_SHA2011,WORLDBANKINCOMEGROUP,WB_HI,,,YEAR,2015,,,,,,,,,485.92,485.91572053,,,,2026-01-12T13:50:53Z,2015,2015-01-01,2015-12-31
5389074,GHED_OOP_pc_US_SHA2011,COUNTRY,LAO,WPR,Western Pacific,YEAR,2001,,,,,,,,,6.36,6.36119837,,,,2025-12-05T13:23:08Z,2001,2001-01-01,2001-12-31
5390937,GHED_OOP_pc_US_SHA2011,COUNTRY,CRI,AMR,Americas,YEAR,2004,,,,,,,,,94.18,94.18386443,,,,2025-12-05T13:23:08Z,2004,2004-01-01,2004-12-31
5390973,GHED_OOP_pc_US_SHA2011,COUNTRY,MNG,WPR,Western Pacific,YEAR,2019,,,,,,,,,85.17,85.16861805,,,,2025-12-05T13:23:08Z,2019,2019-01-01,2019-12-31
5391883,GHED_OOP_pc_US_SHA2011,COUNTRY,MNE,EUR,Europe,YEAR,2019,,,,,,,,,291.01,291.01301208,,,,2025-12-05T13:23:08Z,2019,2019-01-01,2019-12-31
5393061,GHED_OOP_pc_US_SHA2011,COUNTRY,KAZ,EUR,Europe,YEAR,2022,,,,,,,,,129.97,129.9733553,,,,2025-12-05T13:23:08Z,2022,2022-01-01,2022-12-31
5393336,GHED_OOP_pc_US_SHA2011,COUNTRY,ZAF,AFR,Africa,YEAR,2001,,,,,,,,,28.65,28.64960439,,,,2025-12-05T13:23:08Z,2001,2001-01-01,2001-12-31
5405290,GHED_OOP_pc_US_SHA2011,COUNTRY,CPV,AFR,Africa,YEAR,2022,,,,,,,,,65.56,65.56423817,,,,2025-12-05T13:23:08Z,2022,2022-01-01,2022-12-31
5406075,GHED_OOP_pc_US_SHA2011,COUNTRY,CPV,AFR,Africa,YEAR,2010,,,,,,,,,41.02,41.02226904,,,,2025-12-05T13:23:08Z,2010,2010-01-01,2010-12-31
5408382,GHED_OOP_pc_US_SHA2011,COUNTRY,LBR,AFR,Africa,YEAR,2008,,,,,,,,,9.16,9.16442893,,,,2025-12-05T13:23:08Z,2008,2008-01-01,2008-12-31
5408720,GHED_OOP_pc_US_SHA2011,COUNTRY,FJI,WPR,Western Pacific,YEAR,2008,,,,,,,,,22.20,22.20063203,,,,2025-12-05T13:23:08Z,2008,2008-01-01,2008-12-31
5413894,GHED_OOP_pc_US_SHA2011,COUNTRY,EST,EUR,Europe,YEAR,2004,,,,,,,,,108.86,108.86147788,,,,2025-12-05T13:23:08Z,2004,2004-01-01,2004-12-31
5417896,GHED_OOP_pc_US_SHA2011,COUNTRY,PAK,EMR,Eastern Mediterranean,YEAR,2021,,,,,,,,,21.69,21.68717691,,,,2025-12-05T13:23:08Z,2021,2021-01-01,2021-12-31
5417897,GHED_OOP_pc_US_SHA2011,COUNTRY,LTU,EUR,Europe,YEAR,2016,,,,,,,,,318.69,318.68911978,,,,2025-12-05T13:23:08Z,2016,2016-01-01,2016-12-31
5424084,GHED_OOP_pc_US_SHA2011,COUNTRY,SWE,EUR,Europe,YEAR,2017,,,,,,,,,835.90,835.89662117,,,,2025-12-05T13:23:08Z,2017,2017-01-01,2017-12-31
5427135,GHED_OOP_pc_US_SHA2011,COUNTRY,IDN,WPR,Western Pacific,YEAR,2005,,,,,,,,,18.87,18.86557732,,,,2025-12-05T13:23:08Z,2005,2005-01-01,2005-12-31
5428094,GHED_OOP_pc_US_SHA2011,COUNTRY,PHL,WPR,Western Pacific,YEAR,2023,,,,,,,,,86.08,86.08284901,,,,2025-12-05T13:23:08Z,2023,2023-01-01,2023-12-31
5430942,GHED_OOP_pc_US_SHA2011,COUNTRY,LSO,AFR,Africa,YEAR,2012,,,,,,,,,21.18,21.17669314,,,,2025-12-05T13:23:08Z,2012,2012-01-01,2012-12-31
5434263,GHED_OOP_pc_US_SHA2011,COUNTRY,POL,EUR,Europe,YEAR,2021,,,,,,,,,234.86,234.8556956,,,,2025-12-05T13:23:08Z,2021,2021-01-01,2021-12-31
5436073,GHED_OOP_pc_US_SHA2011,COUNTRY,DOM,AMR,Americas,YEAR,2016,,,,,,,,,96.80,96.79543098,,,,2025-12-05T13:23:08Z,2016,2016-01-01,2016-12-31
5440132,GHED_OOP_pc_US_SHA2011,COUNTRY,FIN,EUR,Europe,YEAR,2013,,,,,,,,,870.51,870.51159342,,,,2025-12-05T13:23:08Z,2013,2013-01-01,2013-12-31
5440248,GHED_OOP_pc_US_SHA2011,COUNTRY,AGO,AFR,Africa,YEAR,2011,,,,,,,,,21.97,21.97383965,,,,2025-12-05T13:23:08Z,2011,2011-01-01,2011-12-31
5441881,GHED_OOP_pc_US_SHA2011,COUNTRY,BHS,AMR,Americas,YEAR,2006,,,,,,,,,369.25,369.24943854000003,,,,2025-12-05T13:23:08Z,2006,2006-01-01,2006-12-31
5441905,GHED_OOP_pc_US_SHA2011,COUNTRY,ISL,EUR,Europe,YEAR,2000,,,,,,,,,514.48,514.477561,,,,2025-12-05T13:23:08Z,2000,2000-01-01,2000-12-31
5446618,GHED_OOP_pc_US_SHA2011,COUNTRY,VCT,AMR,Americas,YEAR,2004,,,,,,,,,61.71,61.71372169,,,,2025-12-05T13:23:08Z,2004,2004-01-01,2004-12-31
5448230,GHED_OOP_pc_US_SHA2011,COUNTRY,WSM,WPR,Western Pacific,YEAR,2015,,,,,,,,,24.62,24.61594601,,,,2025-12-05T13:23:08Z,2015,2015-01-01,2015-12-31
5452150,GHED_OOP_pc_US_SHA2011,COUNTRY,MLT,EUR,Europe,YEAR,2022,,,,,,,,,1009.50,1009.50303892,,,,2025-12-05T13:23:08Z,2022,2022-01-01,2022-12-31
5452199,GHED_OOP_pc_US_SHA2011,COUNTRY,USA,AMR,Americas,YEAR,2021,,,,,,,,,1296.15,1296.14914713,,,,2025-12-05T13:23:08Z,2021,2021-01-01,2021-12-31
5458453,GHED_OOP_pc_US_SHA2011,COUNTRY,FJI,WPR,Western Pacific,YEAR,2018,,,,,,,,,44.98,44.98229054,,,,2025-12-05T13:23:08Z,2018,2018-01-01,2018-12-31
5464686,GHED_OOP_pc_US_SHA2011,COUNTRY,MLI,AFR,Africa,YEAR,2012,,,,,,,,,12.32,12.31845461,,,,2025-12-05T13:23:08Z,2012,2012-01-01,2012-12-31
5471527,GHED_OOP_pc_US_SHA2011,COUNTRY,BIH,EUR,Europe,YEAR,2018,,,,,,,,,155.31,155.30959263,,,,2025-12-05T13:23:08Z,2018,2018-01-01,2018-12-31
5471863,GHED_OOP_pc_US_SHA2011,COUNTRY,RWA,AFR,Africa,YEAR,2015,,,,,,,,,5.95,5.94641952,,,,2025-12-05T13:23:08Z,2015,2015-01-01,2015-12-31
5473167,GHED_OOP_pc_US_SHA2011,COUNTRY,USA,AMR,Americas,YEAR,2020,,,,,,,,,1172.96,1172.95683437,,,,2025-12-05T13:23:08Z,2020,2020-01-01,2020-12-31
5475092,GHED_OOP_pc_US_SHA2011,COUNTRY,NAM,AFR,Africa,YEAR,2011,,,,,,,,,58.26,58.2567542,,,,2025-12-05T13:23:08Z,2011,2011-01-01,2011-12-31
5477120,GHED_OOP_pc_US_SHA2011,COUNTRY,CMR,AFR,Africa,YEAR,2013,,,,,,,,,39.90,39.89883185,,,,2025-12-05T13:23:08Z,2013,2013-01-01,2013-12-31
5478169,GHED_OOP_pc_US_SHA2011,REGION,EUR,,,YEAR,2020,,,,,,,,,480.62,480.61663787,,,,2025-12-05T13:23:08Z,2020,2020-01-01,2020-12-31
5479031,GHED_OOP_pc_US_SHA2011,COUNTRY,CMR,AFR,Africa,YEAR,2003,,,,,,,,,27.58,27.57933906,,,,2025-12-05T13:23:08Z,2003,2003-01-01,2003-12-31
5483600,GHED_OOP_pc_US_SHA2011,COUNTRY,BRB,AMR,Americas,YEAR,2010,,,,,,,,,424.54,424.54472649,,,,2025-12-05T13:23:08Z,2010,2010-01-01,2010-12-31
5484094,GHED_OOP_pc_US_SHA2011,COUNTRY,TCD,AFR,Africa,YEAR,2020,,,,,,,,,26.32,26.32153669,,,,2025-12-05T13:23:08Z,2020,2020-01-01,2020-12-31
5484659,GHED_OOP_pc_US_SHA2011,COUNTRY,IRQ,EMR,Eastern Mediterranean,YEAR,2017,,,,,,,,,114.49,114.48904274,,,,2025-12-05T13:23:08Z,2017,2017-01-01,2017-12-31
5485675,GHED_OOP_pc_US_SHA2011,COUNTRY,MDA,EUR,Europe,YEAR,2005,,,,,,,,,33.93,33.92547249,,,,2025-12-05T13:23:08Z,2005,2005-01-01,2005-12-31
5486841,GHED_OOP_pc_US_SHA2011,COUNTRY,BGR,EUR,Europe,YEAR,2005,,,,,,,,,104.06,104.06415449,,,,2025-12-05T13:23:08Z,2005,2005-01-01,2005-12-31
5487413,GHED_OOP_pc_US_SHA2011,COUNTRY,SUR,AMR,Americas,YEAR,2002,,,,,,,,,36.40,36.40242467,,,,2025-12-05T13:23:08Z,2002,2002-01-01,2002-12-31
5488480,GHED_OOP_pc_US_SHA2011,COUNTRY,MDG,AFR,Africa,YEAR,2007,,,,,,,,,6.31,6.31399842,,,,2025-12-05T13:23:08Z,2007,2007-01-01,2007-12-31
5491748,GHED_OOP_pc_US_SHA2011,COUNTRY,SMR,EUR,Europe,YEAR,2014,,,,,,,,,493.45,493.44729455,,,,2025-12-05T13:23:08Z,2014,2014-01-01,2014-12-31
5492959,GHED_OOP_pc_US_SHA2011,COUNTRY,FRA,EUR,Europe,YEAR,2000,,,,,,,,,157.24,157.24229955,,,,2025-12-05T13:23:08Z,2000,2000-01-01,2000-12-31
5494939,GHED_OOP_pc_US_SHA2011,COUNTRY,ERI,AFR,Africa,YEAR,2016,,,,,,,,,15.34,15.34351295,,,,2025-12-05T13:23:08Z,2016,2016-01-01,2016-12-31
5496733,GHED_OOP_pc_US_SHA2011,COUNTRY,TCD,AFR,Africa,YEAR,2001,,,,,,,,,6.78,6.78182156,,,,2025-12-05T13:23:08Z,2001,2001-01-01,2001-12-31
5497789,GHED_OOP_pc_US_SHA2011,COUNTRY,MHL,WPR,Western Pacific,YEAR,2012,,,,,,,,,6.48,6.47573912,,,,2025-12-05T13:23:08Z,2012,2012-01-01,2012-12-31
5498765,GHED_OOP_pc_US_SHA2011,COUNTRY,LBY,EMR,Eastern Mediterranean,YEAR,2021,,,,,,,,,72.89,72.89131219,,,,2025-12-05T13:23:08Z,2021,2021-01-01,2021-12-31
5504972,GHED_OOP_pc_US_SHA2011,COUNTRY,BDI,AFR,Africa,YEAR,2012,,,,,,,,,4.48,4.48314838,,,,2025-12-05T13:23:08Z,2012,2012-01-01,2012-12-31
5509514,GHED_OOP_pc_US_SHA2011,COUNTRY,LKA,SEAR,South-East Asia,YEAR,2016,,,,,,,,,72.84,72.83919735,,,,2025-12-05T13:23:08Z,2016,2016-01-01,2016-12-31
5513165,GHED_OOP_pc_US_SHA2011,COUNTRY,MRT,AFR,Africa,YEAR,2008,,,,,,,,,30.03,30.03499432,,,,2025-12-05T13:23:08Z,2008,2008-01-01,2008-12-31
5515046,GHED_OOP_pc_US_SHA2011,COUNTRY,KGZ,EUR,Europe,YEAR,2007,,,,,,,,,21.29,21.28858914,,,,2025-12-05T13:23:08Z,2007,2007-01-01,2007-12-31
5515295,GHED_OOP_pc_US_SHA2011,WORLDBANKINCOMEGROUP,WB_LI,,,YEAR,2005,,,,,,,,,11.41,11.40832243,,,,2025-12-05T13:23:08Z,2005,2005-01-01,2005-12-31
5517590,GHED_OOP_pc_US_SHA2011,REGION,AFR,,,YEAR,2002,,,,,,,,,15.27,15.27138479,,,,2025-12-05T13:23:08Z,2002,2002-01-01,2002-12-31
5524151,GHED_OOP_pc_US_SHA2011,COUNTRY,BWA,AFR,Africa,YEAR,2018,,,,,,,,,22.85,22.84573243,,,,2025-12-05T13:23:08Z,2018,2018-01-01,2018-12-31
5525007,GHED_OOP_pc_US_SHA2011,COUNTRY,HTI,AMR,Americas,YEAR,2007,,,,,,,,,15.08,15.08359765,,,,2025-12-05T13:23:08Z,2007,2007-01-01,2007-12-31
5525280,GHED_OOP_pc_US_SHA2011,COUNTRY,TON,WPR,Western Pacific,YEAR,2023,,,,,,,,,20.97,20.96558301,,,,2025-12-05T13:23:08Z,2023,2023-01-01,2023-12-31
5528812,GHED_OOP_pc_US_SHA2011,COUNTRY,BRB,AMR,Americas,YEAR,2012,,,,,,,,,499.88,499.87813135,,,,2025-12-05T13:23:08Z,2012,2012-01-01,2012-12-31
5530098,GHED_OOP_pc_US_SHA2011,COUNTRY,HUN,EUR,Europe,YEAR,2015,,,,,,,,,240.26,240.25955791,,,,2025-12-05T13:23:08Z,2015,2015-01-01,2015-12-31
5535988,GHED_OOP_pc_US_SHA2011,COUNTRY,GNB,AFR,Africa,YEAR,2019,,,,,,,,,37.59,37.58533236,,,,2025-12-05T13:23:08Z,2019,2019-01-01,2019-12-31
5536628,GHED_OOP_pc_US_SHA2011,COUNTRY,MRT,AFR,Africa,YEAR,2009,,,,,,,,,28.02,28.02263142,,,,2025-12-05T13:23:08Z,2009,2009-01-01,2009-12-31
5538069,GHED_OOP_pc_US_SHA2011,COUNTRY,YEM,EMR,Eastern Mediterranean,YEAR,2019,,,,,,,,,60.99,60.99396535,,,,2025-12-05T13:23:08Z,2019,2019-01-01,2019-12-31
5549841,GHED_OOP_pc_US_SHA2011,COUNTRY,ESP,EUR,Europe,YEAR,2013,,,,,,,,,645.86,645.86472139,,,,2025-12-05T13:23:08Z,2013,2013-01-01,2013-12-31
5553692,GHED_OOP_pc_US_SHA2011,COUNTRY,LAO,WPR,Western Pacific,YEAR,2010,,,,,,,,,12.42,12.41509495,,,,2025-12-05T13:23:08Z,2010,2010-01-01,2010-12-31
5557901,GHED_OOP_pc_US_SHA2011,COUNTRY,CHN,WPR,Western Pacific,YEAR,2017,,,,,,,,,158.60,158.60019319,,,,2025-12-05T13:23:08Z,2017,2017-01-01,2017-12-31
5561129,GHED_OOP_pc_US_SHA2011,COUNTRY,ZMB,AFR,Africa,YEAR,2012,,,,,,,,,8.74,8.73802662,,,,2025-12-05T13:23:08Z,2012,2012-01-01,2012-12-31
5566068,GHED_OOP_pc_US_SHA2011,COUNTRY,STP,AFR,Africa,YEAR,2023,,,,,,,,,28.50,28.50259535,,,,2025-12-05T13:23:08Z,2023,2023-01-01,2023-12-31
5567810,GHED_OOP_pc_US_SHA2011,COUNTRY,NIC,AMR,Americas,YEAR,2000,,,,,,,,,23.39,23.3875719,,,,2025-12-05T13:23:08Z,2000,2000-01-01,2000-12-31
5569419,GHED_OOP_pc_US_SHA2011,COUNTRY,IRQ,EMR,Eastern Mediterranean,YEAR,2006,,,,,,,,,18.50,18.49805962,,,,2025-12-05T13:23:08Z,2006,2006-01-01,2006-12-31
5569812,GHED_OOP_pc_US_SHA2011,COUNTRY,TUV,WPR,Western Pacific,YEAR,2018,,,,,,,,,3.90,3.89761613,,,,2025-12-05T13:23:08Z,2018,2018-01-01,2018-12-31
5570665,GHED_OOP_pc_US_SHA2011,COUNTRY,MUS,AFR,Africa,YEAR,2012,,,,,,,,,199.80,199.79596043,,,,2025-12-05T13:23:08Z,2012,2012-01-01,2012-12-31
5584826,GHED_OOP_pc_US_SHA2011,COUNTRY,CRI,AMR,Americas,YEAR,2002,,,,,,,,,85.75,85.75484079,,,,2025-12-05T13:23:08Z,2002,2002-01-01,2002-12-31
5591373,GHED_OOP_pc_US_SHA2011,COUNTRY,GRC,EUR,Europe,YEAR,2016,,,,,,,,,519.17,519.17135651,,,,2025-12-05T13:23:08Z,2016,2016-01-01,2016-12-31
5591472,GHED_OOP_pc_US_SHA2011,COUNTRY,CYP,EUR,Europe,YEAR,2000,,,,,,,,,419.55,419.55317334,,,,2025-12-05T13:23:08Z,2000,2000-01-01,2000-12-31
5595645,GHED_OOP_pc_US_SHA2011,COUNTRY,MDA,EUR,Europe,YEAR,2003,,,,,,,,,18.57,18.56834807,,,,2025-12-05T13:23:08Z,2003,2003-01-01,2003-12-31
5599919,GHED_OOP_pc_US_SHA2011,COUNTRY,BIH,EUR,Europe,YEAR,2001,,,,,,,,,43.47,43.46514017,,,,2025-12-05T13:23:08Z,2001,2001-01-01,2001-12-31
5600567,GHED_OOP_pc_US_SHA2011,COUNTRY,BWA,AFR,Africa,YEAR,2009,,,,,,,,,18.25,18.25188707,,,,2025-12-05T13:23:08Z,2009,2009-01-01,2009-12-31
5601648,GHED_OOP_pc_US_SHA2011,COUNTRY,BDI,AFR,Africa,YEAR,2023,,,,,,,,,6.89,6.89150867,,,,2025-12-05T13:23:08Z,2023,2023-01-01,2023-12-31
5602107,GHED_OOP_pc_US_SHA2011,REGION,AFR,,,YEAR,2003,,,,,,,,,18.49,18.48738374,,,,2025-12-05T13:23:08Z,2003,2003-01-01,2003-12-31
5604461,GHED_OOP_pc_US_SHA2011,COUNTRY,FJI,WPR,Western Pacific,YEAR,2013,,,,,,,,,35.74,35.74049393,,,,2025-12-05T13:23:08Z,2013,2013-01-01,2013-12-31
5606690,GHED_OOP_pc_US_SHA2011,COUNTRY,NAM,AFR,Africa,YEAR,2005,,,,,,,,,23.20,23.20408211,,,,2025-12-05T13:23:08Z,2005,2005-01-01,2005-12-31
5608641,GHED_OOP_pc_US_SHA2011,COUNTRY,BWA,AFR,Africa,YEAR,2012,,,,,,,,,17.76,17.75826627,,,,2025-12-05T13:23:08Z,2012,2012-01-01,2012-12-31
5612003,GHED_OOP_pc_US_SHA2011,COUNTRY,CPV,AFR,Africa,YEAR,2008,,,,,,,,,31.25,31.24534627,,,,2025-12-05T13:23:08Z,2008,2008-01-01,2008-12-31
5612600,GHED_OOP_pc_US_SHA2011,COUNTRY,COM,AFR,Africa,YEAR,2006,,,,,,,,,52.25,52.25120769,,,,2025-12-05T13:23:08Z,2006,2006-01-01,2006-12-31
5613753,GHED_OOP_pc_US_SHA2011,COUNTRY,URY,AMR,Americas,YEAR,2012,,,,,,,,,248.72,248.7241548,,,,2025-12-05T13:23:08Z,2012,2012-01-01,2012-12-31
5614441,GHED_OOP_pc_US_SHA2011,COUNTRY,TCD,AFR,Africa,YEAR,2012,,,,,,,,,21.51,21.51448364,,,,2025-12-05T13:23:08Z,2012,2012-01-01,2012-12-31
5614696,GHED_OOP_pc_US_SHA2011,COUNTRY,IDN,WPR,Western Pacific,YEAR,2010,,,,,,,,,51.84,51.83524948,,,,2025-12-05T13:23:08Z,2010,2010-01-01,2010-12-31
5617551,GHED_OOP_pc_US_SHA2011,REGION,SEAR,,,YEAR,2003,,,,,,,,,23.62,23.61572161,,,,2025-12-05T13:23:08Z,2003,2003-01-01,2003-12-31
5618602,GHED_OOP_pc_US_SHA2011,COUNTRY,JPN,WPR,Western Pacific,YEAR,2003,,,,,,,,,447.54,447.53982337,,,,2025-12-05T13:23:08Z,2003,2003-01-01,2003-12-31
5620743,GHED_OOP_pc_US_SHA2011,COUNTRY,KHM,WPR,Western Pacific,YEAR,2012,,,,,,,,,41.05,41.04816903,,,,2025-12-05T13:23:08Z,2012,2012-01-01,2012-12-31
5625182,GHED_OOP_pc_US_SHA2011,COUNTRY,GMB,AFR,Africa,YEAR,2010,,,,,,,,,5.95,5.95037638,,,,2025-12-05T13:23:08Z,2010,2010-01-01,2010-12-31
5630076,GHED_OOP_pc_US_SHA2011,COUNTRY,SLV,AMR,Americas,YEAR,2006,,,,,,,,,89.80,89.79978104,,,,2025-12-05T13:23:08Z,2006,2006-01-01,2006-12-31
5630250,GHED_OOP_pc_US_SHA2011,REGION,AMR,,,YEAR,2004,,,,,,,,,138.23,138.2316211,,,,2025-12-05T13:23:08Z,2004,2004-01-01,2004-12-31
5632473,GHED_OOP_pc_US_SHA2011,COUNTRY,KOR,WPR,Western Pacific,YEAR,2017,,,,,,,,,808.18,808.17543829,,,,2025-12-05T13:23:08Z,2017,2017-01-01,2017-12-31
5633231,GHED_OOP_pc_US_SHA2011,COUNTRY,MDV,SEAR,South-East Asia,YEAR,2000,,,,,,,,,138.50,138.49845487,,,,2025-12-05T13:23:08Z,2000,2000-01-01,2000-12-31
5639061,GHED_OOP_pc_US_SHA2011,COUNTRY,BRB,AMR,Americas,YEAR,2014,,,,,,,,,512.89,512.89196667,,,,2025-12-05T13:23:08Z,2014,2014-01-01,2014-12-31
5640006,GHED_OOP_pc_US_SHA2011,COUNTRY,SLB,WPR,Western Pacific,YEAR,2017,,,,,,,,,2.81,2.80901175,,,,2025-12-05T13:23:08Z,2017,2017-01-01,2017-12-31
5642059,GHED_OOP_pc_US_SHA2011,COUNTRY,CMR,AFR,Africa,YEAR,2014,,,,,,,,,49.40,49.40023865,,,,2025-12-05T13:23:08Z,2014,2014-01-01,2014-12-31
5643671,GHED_OOP_pc_US_SHA2011,COUNTRY,BRA,AMR,Americas,YEAR,2021,,,,,,,,,194.13,194.12580397,,,,2025-12-05T13:23:08Z,2021,2021-01-01,2021-12-31
5644095,GHED_OOP_pc_US_SHA2011,COUNTRY,CRI,AMR,Americas,YEAR,2022,,,,,,,,,219.60,219.60352471,,,,2025-12-05T13:23:08Z,2022,2022-01-01,2022-12-31
5646096,GHED_OOP_pc_US_SHA2011,COUNTRY,SEN,AFR,Africa,YEAR,2013,,,,,,,,,33.43,33.42819558,,,,2025-12-05T13:23:08Z,2013,2013-01-01,2013-12-31
5652427,GHED_OOP_pc_US_SHA2011,COUNTRY,NOR,EUR,Europe,YEAR,2006,,,,,,,,,969.55,969.54665283,,,,2025-12-05T13:23:08Z,2006,2006-01-01,2006-12-31
5654805,GHED_OOP_pc_US_SHA2011,COUNTRY,PER,AMR,Americas,YEAR,2013,,,,,,,,,113.23,113.22913758,,,,2025-12-05T13:23:08Z,2013,2013-01-01,2013-12-31
5657987,GHED_OOP_pc_US_SHA2011,COUNTRY,SYC,AFR,Africa,YEAR,2003,,,,,,,,,53.97,53.96697597,,,,2025-12-05T13:23:08Z,2003,2003-01-01,2003-12-31
5663255,GHED_OOP_pc_US_SHA2011,COUNTRY,WSM,WPR,Western Pacific,YEAR,2002,,,,,,,,,9.63,9.63196999,,,,2025-12-05T13:23:08Z,2002,2002-01-01,2002-12-31
5667068,GHED_OOP_pc_US_SHA2011,COUNTRY,GAB,AFR,Africa,YEAR,2019,,,,,,,,,47.56,47.56119537,,,,2025-12-05T13:23:08Z,2019,2019-01-01,2019-12-31
5667106,GHED_OOP_pc_US_SHA2011,COUNTRY,VUT,WPR,Western Pacific,YEAR,2012,,,,,,,,,9.46,9.45526188,,,,2025-12-05T13:23:08Z,2012,2012-01-01,2012-12-31
5668202,GHED_OOP_pc_US_SHA2011,COUNTRY,MCO,EUR,Europe,YEAR,2017,,,,,,,,,446.76,446.7604819,,,,2025-12-05T13:23:08Z,2017,2017-01-01,2017-12-31
5670080,GHED_OOP_pc_US_SHA2011,COUNTRY,AGO,AFR,Africa,YEAR,2012,,,,,,,,,21.47,21.4687002,,,,2025-12-05T13:23:08Z,2012,2012-01-01,2012-12-31
5670678,GHED_OOP_pc_US_SHA2011,COUNTRY,MUS,AFR,Africa,YEAR,2016,,,,,,,,,260.26,260.25719043,,,,2025-12-05T13:23:08Z,2016,2016-01-01,2016-12-31
5671639,GHED_OOP_pc_US_SHA2011,COUNTRY,NZL,WPR,Western Pacific,YEAR,2005,,,,,,,,,322.96,322.96209069,,,,2025-12-05T13:23:08Z,2005,2005-01-01,2005-12-31
5671746,GHED_OOP_pc_US_SHA2011,COUNTRY,PSE,EMR,Eastern Mediterranean,YEAR,2003,,,,,,,,,44.98,44.98373415,,,,2025-12-05T13:23:08Z,2003,2003-01-01,2003-12-31
5674816,GHED_OOP_pc_US_SHA2011,COUNTRY,BHS,AMR,Americas,YEAR,2017,,,,,,,,,515.51,515.51253741,,,,2025-12-05T13:23:08Z,2017,2017-01-01,2017-12-31
5678383,GHED_OOP_pc_US_SHA2011,COUNTRY,SEN,AFR,Africa,YEAR,2014,,,,,,,,,30.93,30.93367875,,,,2025-12-05T13:23:08Z,2014,2014-01-01,2014-12-31
5680261,GHED_OOP_pc_US_SHA2011,COUNTRY,PRY,AMR,Americas,YEAR,2003,,,,,,,,,38.71,38.70832406,,,,2025-12-05T13:23:08Z,2003,2003-01-01,2003-12-31
5681395,GHED_OOP_pc_US_SHA2011,COUNTRY,BEN,AFR,Africa,YEAR,2019,,,,,,,,,18.57,18.56867156,,,,2025-12-05T13:23:08Z,2019,2019-01-01,2019-12-31
5681974,GHED_OOP_pc_US_SHA2011,COUNTRY,BRB,AMR,Americas,YEAR,2013,,,,,,,,,503.70,503.69893688,,,,2025-12-05T13:23:08Z,2013,2013-01-01,2013-12-31
5682835,GHED_OOP_pc_US_SHA2011,COUNTRY,RUS,EUR,Europe,YEAR,2002,,,,,,,,,43.72,43.71599591,,,,2025-12-05T13:23:08Z,2002,2002-01-01,2002-12-31
5683214,GHED_OOP_pc_US_SHA2011,COUNTRY,PAN,AMR,Americas,YEAR,2008,,,,,,,,,148.07,148.06518837,,,,2025-12-05T13:23:08Z,2008,2008-01-01,2008-12-31
5689778,GHED_OOP_pc_US_SHA2011,COUNTRY,PAN,AMR,Americas,YEAR,2001,,,,,,,,,94.65,94.64888494,,,,2025-12-05T13:23:08Z,2001,2001-01-01,2001-12-31
5694181,GHED_OOP_pc_US_SHA2011,COUNTRY,RUS,EUR,Europe,YEAR,2009,,,,,,,,,177.72,177.72132574,,,,2025-12-05T13:23:08Z,2009,2009-01-01,2009-12-31
5694351,GHED_OOP_pc_US_SHA2011,COUNTRY,TON,WPR,Western Pacific,YEAR,2017,,,,,,,,,15.48,15.4826499,,,,2025-12-05T13:23:08Z,2017,2017-01-01,2017-12-31
5695419,GHED_OOP_pc_US_SHA2011,COUNTRY,SRB,EUR,Europe,YEAR,2021,,,,,,,,,292.75,292.75215461,,,,2025-12-05T13:23:08Z,2021,2021-01-01,2021-12-31
5695439,GHED_OOP_pc_US_SHA2011,WORLDBANKINCOMEGROUP,WB_UMI,,,YEAR,2004,,,,,,,,,66.17,66.17434513,,,,2025-12-05T13:23:08Z,2004,2004-01-01,2004-12-31
5700066,GHED_OOP_pc_US_SHA2011,COUNTRY,AGO,AFR,Africa,YEAR,2007,,,,,,,,,26.52,26.51829065,,,,2025-12-05T13:23:08Z,2007,2007-01-01,2007-12-31
5702580,GHED_OOP_pc_US_SHA2011,REGION,AMR,,,YEAR,2006,,,,,,,,,171.69,171.6856089,,,,2025-12-05T13:23:08Z,2006,2006-01-01,2006-12-31
5703735,GHED_OOP_pc_US_SHA2011,COUNTRY,DOM,AMR,Americas,YEAR,2004,,,,,,,,,65.44,65.44182724,,,,2025-12-05T13:23:08Z,2004,2004-01-01,2004-12-31
5706263,GHED_OOP_pc_US_SHA2011,REGION,AFR,,,YEAR,2000,,,,,,,,,14.31,14.30944463,,,,2025-12-05T13:23:08Z,2000,2000-01-01,2000-12-31
5707006,GHED_OOP_pc_US_SHA2011,COUNTRY,MDG,AFR,Africa,YEAR,2022,,,,,,,,,4.82,4.82388691,,,,2025-12-05T13:23:08Z,2022,2022-01-01,2022-12-31
5707242,GHED_OOP_pc_US_SHA2011,COUNTRY,BWA,AFR,Africa,YEAR,2010,,,,,,,,,19.45,19.45251565,,,,2025-12-05T13:23:08Z,2010,2010-01-01,2010-12-31
5707442,GHED_OOP_pc_US_SHA2011,COUNTRY,URY,AMR,Americas,YEAR,2007,,,,,,,,,135.12,135.11924597,,,,2025-12-05T13:23:08Z,2007,2007-01-01,2007-12-31
5709014,GHED_OOP_pc_US_SHA2011,COUNTRY,CAF,AFR,Africa,YEAR,2010,,,,,,,,,10.12,10.12444533,,,,2025-12-05T13:23:08Z,2010,2010-01-01,2010-12-31
5709470,GHED_OOP_pc_US_SHA2011,REGION,EUR,,,YEAR,2014,,,,,,,,,502.75,502.75049614,,,,2026-01-12T13:50:53Z,2014,2014-01-01,2014-12-31
5712132,GHED_OOP_pc_US_SHA2011,COUNTRY,KGZ,EUR,Europe,YEAR,2022,,,,,,,,,35.14,35.14058288,,,,2025-12-05T13:23:08Z,2022,2022-01-01,2022-12-31
5712385,GHED_OOP_pc_US_SHA2011,REGION,AFR,,,YEAR,2004,,,,,,,,,21.44,21.44201681,,,,2025-12-05T13:23:08Z,2004,2004-01-01,2004-12-31
5713922,GHED_OOP_pc_US_SHA2011,COUNTRY,BOL,AMR,Americas,YEAR,2015,,,,,,,,,53.63,53.63066957,,,,2025-12-05T13:23:08Z,2015,2015-01-01,2015-12-31
5715410,GHED_OOP_pc_US_SHA2011,COUNTRY,BTN,SEAR,South-East Asia,YEAR,2000,,,,,,,,,3.53,3.53062763,,,,2025-12-05T13:23:08Z,2000,2000-01-01,2000-12-31
5716557,GHED_OOP_pc_US_SHA2011,COUNTRY,ITA,EUR,Europe,YEAR,2004,,,,,,,,,584.62,584.62011586,,,,2025-12-05T13:23:08Z,2004,2004-01-01,2004-12-31
5717948,GHED_OOP_pc_US_SHA2011,COUNTRY,UKR,EUR,Europe,YEAR,2003,,,,,,,,,27.84,27.84396079,,,,2025-12-05T13:23:08Z,2003,2003-01-01,2003-12-31
5719212,GHED_OOP_pc_US_SHA2011,COUNTRY,VUT,WPR,Western Pacific,YEAR,2018,,,,,,,,,9.12,9.11610037,,,,2025-12-05T13:23:08Z,2018,2018-01-01,2018-12-31
5720068,GHED_OOP_pc_US_SHA2011,COUNTRY,DZA,AFR,Africa,YEAR,2014,,,,,,,,,104.71,104.71018017,,,,2025-12-05T13:23:08Z,2014,2014-01-01,2014-12-31
5722879,GHED_OOP_pc_US_SHA2011,REGION,EUR,,,YEAR,2011,,,,,,,,,453.71,453.70682994,,,,2025-12-05T13:23:08Z,2011,2011-01-01,2011-12-31
5726485,GHED_OOP_pc_US_SHA2011,COUNTRY,AUS,WPR,Western Pacific,YEAR,2023,,,,,,,,,1106.32,1106.3195799,,,,2025-12-05T13:23:08Z,2023,2023-01-01,2023-12-31
5728021,GHED_OOP_pc_US_SHA2011,COUNTRY,TCD,AFR,Africa,YEAR,2003,,,,,,,,,8.54,8.5443942,,,,2025-12-05T13:23:08Z,2003,2003-01-01,2003-12-31
5730784,GHED_OOP_pc_US_SHA2011,COUNTRY,BDI,AFR,Africa,YEAR,2010,,,,,,,,,6.89,6.89188913,,,,2025-12-05T13:23:08Z,2010,2010-01-01,2010-12-31
5733954,GHED_OOP_pc_US_SHA2011,COUNTRY,MHL,WPR,Western Pacific,YEAR,2003,,,,,,,,,4.91,4.90576915,,,,2025-12-05T13:23:08Z,2003,2003-01-01,2003-12-31
5738302,GHED_OOP_pc_US_SHA2011,COUNTRY,TZA,AFR,Africa,YEAR,2020,,,,,,,,,9.20,9.20478937,,,,2025-12-05T13:23:08Z,2020,2020-01-01,2020-12-31
5745150,GHED_OOP_pc_US_SHA2011,COUNTRY,MUS,AFR,Africa,YEAR,2004,,,,,,,,,80.22,80.22083014,,,,2025-12-05T13:23:08Z,2004,2004-01-01,2004-12-31
5746131,GHED_OOP_pc_US_SHA2011,COUNTRY,ISR,EUR,Europe,YEAR,2021,,,,,,,,,750.33,750.3267159,,,,2025-12-05T13:23:08Z,2021,2021-01-01,2021-12-31
5746559,GHED_OOP_pc_US_SHA2011,COUNTRY,KAZ,EUR,Europe,YEAR,2018,,,,,,,,,89.34,89.33929045,,,,2025-12-05T13:23:08Z,2018,2018-01-01,2018-12-31
5751723,GHED_OOP_pc_US_SHA2011,COUNTRY,BEL,EUR,Europe,YEAR,2011,,,,,,,,,1026.20,1026.20218665,,,,2025-12-05T13:23:08Z,2011,2011-01-01,2011-12-31
5753147,GHED_OOP_pc_US_SHA2011,COUNTRY,MHL,WPR,Western Pacific,YEAR,2022,,,,,,,,,8.90,8.89857649,,,,2025-12-05T13:23:08Z,2022,2022-01-01,2022-12-31
5754074,GHED_OOP_pc_US_SHA2011,COUNTRY,SVN,EUR,Europe,YEAR,2007,,,,,,,,,244.81,244.81022941,,,,2025-12-05T13:23:08Z,2007,2007-01-01,2007-12-31
5756678,GHED_OOP_pc_US_SHA2011,COUNTRY,ZMB,AFR,Africa,YEAR,2019,,,,,,,,,6.17,6.16622984,,,,2025-12-05T13:23:08Z,2019,2019-01-01,2019-12-31
5759474,GHED_OOP_pc_US_SHA2011,COUNTRY,LBR,AFR,Africa,YEAR,2020,,,,,,,,,48.12,48.11515654,,,,2025-12-05T13:23:08Z,2020,2020-01-01,2020-12-31
5764030,GHED_OOP_pc_US_SHA2011,COUNTRY,COD,AFR,Africa,YEAR,2008,,,,,,,,,7.64,7.63525568,,,,2025-12-05T13:23:08Z,2008,2008-01-01,2008-12-31
5766694,GHED_OOP_pc_US_SHA2011,COUNTRY,KEN,AFR,Africa,YEAR,2023,,,,,,,,,20.60,20.5988635,,,,2025-12-05T13:23:08Z,2023,2023-01-01,2023-12-31
5770498,GHED_OOP_pc_US_SHA2011,COUNTRY,LUX,EUR,Europe,YEAR,2001,,,,,,,,,424.64,424.64470245,,,,2025-12-05T13:23:08Z,2001,2001-01-01,2001-12-31
5784370,GHED_OOP_pc_US_SHA2011,COUNTRY,DMA,AMR,Americas,YEAR,2022,,,,,,,,,126.77,126.76583441,,,,2025-12-05T13:23:08Z,2022,2022-01-01,2022-12-31
5785096,GHED_OOP_pc_US_SHA2011,REGION,AMR,,,YEAR,2001,,,,,,,,,121.74,121.74102571,,,,2025-12-05T13:23:08Z,2001,2001-01-01,2001-12-31
5790661,GHED_OOP_pc_US_SHA2011,COUNTRY,BLR,EUR,Europe,YEAR,2020,,,,,,,,,104.13,104.1260906,,,,2025-12-05T13:23:08Z,2020,2020-01-01,2020-12-31
5795662,GHED_OOP_pc_US_SHA2011,COUNTRY,GNB,AFR,Africa,YEAR,2001,,,,,,,,,8.57,8.57139392,,,,2025-12-05T13:23:08Z,2001,2001-01-01,2001-12-31
5810960,GHED_OOP_pc_US_SHA2011,COUNTRY,SWE,EUR,Europe,YEAR,2018,,,,,,,,,859.16,859.16410797,,,,2025-12-05T13:23:08Z,2018,2018-01-01,2018-12-31
5813587,GHED_OOP_pc_US_SHA2011,COUNTRY,MUS,AFR,Africa,YEAR,2017,,,,,,,,,281.95,281.9459984,,,,2025-12-05T13:23:08Z,2017,2017-01-01,2017-12-31
5817609,GHED_OOP_pc_US_SHA2011,COUNTRY,RUS,EUR,Europe,YEAR,2016,,,,,,,,,187.56,187.56242763,,,,2025-12-05T13:23:08Z,2016,2016-01-01,2016-12-31
5817739,GHED_OOP_pc_US_SHA2011,COUNTRY,ARG,AMR,Americas,YEAR,2019,,,,,,,,,234.49,234.48991148,,,,2025-12-05T13:23:08Z,2019,2019-01-01,2019-12-31
5819658,GHED_OOP_pc_US_SHA2011,COUNTRY,MYS,WPR,Western Pacific,YEAR,2005,,,,,,,,,61.70,61.69820351,,,,2025-12-05T13:23:08Z,2005,2005-01-01,2005-12-31
5820336,GHED_OOP_pc_US_SHA2011,COUNTRY,NOR,EUR,Europe,YEAR,2002,,,,,,,,,654.50,654.50058065,,,,2025-12-05T13:23:08Z,2002,2002-01-01,2002-12-31
5822143,GHED_OOP_pc_US_SHA2011,COUNTRY,MUS,AFR,Africa,YEAR,2003,,,,,,,,,71.47,71.46591717,,,,2025-12-05T13:23:08Z,2003,2003-01-01,2003-12-31
5823064,GHED_OOP_pc_US_SHA2011,COUNTRY,EST,EUR,Europe,YEAR,2009,,,,,,,,,213.68,213.67528803,,,,2025-12-05T13:23:08Z,2009,2009-01-01,2009-12-31
5823359,GHED_OOP_pc_US_SHA2011,COUNTRY,DMA,AMR,Americas,YEAR,2016,,,,,,,,,136.69,136.6870727,,,,2025-12-05T13:23:08Z,2016,2016-01-01,2016-12-31
5828605,GHED_OOP_pc_US_SHA2011,COUNTRY,NLD,EUR,Europe,YEAR,2020,,,,,,,,,544.34,544.34106931,,,,2025-12-05T13:23:08Z,2020,2020-01-01,2020-12-31
5828735,GHED_OOP_pc_US_SHA2011,COUNTRY,RWA,AFR,Africa,YEAR,2017,,,,,,,,,5.73,5.72721868,,,,2025-12-05T13:23:08Z,2017,2017-01-01,2017-12-31
5832354,GHED_OOP_pc_US_SHA2011,COUNTRY,NGA,AFR,Africa,YEAR,2010,,,,,,,,,56.13,56.12691009,,,,2025-12-05T13:23:08Z,2010,2010-01-01,2010-12-31
5832923,GHED_OOP_pc_US_SHA2011,COUNTRY,TZA,AFR,Africa,YEAR,2007,,,,,,,,,10.32,10.31794911,,,,2025-12-05T13:23:08Z,2007,2007-01-01,2007-12-31
5834070,GHED_OOP_pc_US_SHA2011,COUNTRY,SVK,EUR,Europe,YEAR,2017,,,,,,,,,222.51,222.50559437,,,,2025-12-05T13:23:08Z,2017,2017-01-01,2017-12-31
5834915,GHED_OOP_pc_US_SHA2011,COUNTRY,CYP,EUR,Europe,YEAR,2014,,,,,,,,,843.33,843.33205825,,,,2025-12-05T13:23:08Z,2014,2014-01-01,2014-12-31
5834992,GHED_OOP_pc_US_SHA2011,COUNTRY,COG,AFR,Africa,YEAR,2000,,,,,,,,,9.14,9.14387295,,,,2025-12-05T13:23:08Z,2000,2000-01-01,2000-12-31
5841294,GHED_OOP_pc_US_SHA2011,COUNTRY,CPV,AFR,Africa,YEAR,2017,,,,,,,,,59.52,59.51897962,,,,2025-12-05T13:23:08Z,2017,2017-01-01,2017-12-31
5841616,GHED_OOP_pc_US_SHA2011,COUNTRY,MLT,EUR,Europe,YEAR,2021,,,,,,,,,1080.25,1080.24500337,,,,2025-12-05T13:23:08Z,2021,2021-01-01,2021-12-31
5842763,GHED_OOP_pc_US_SHA2011,WORLDBANKINCOMEGROUP,WB_UMI,,,YEAR,2011,,,,,,,,,128.77,128.7659553,,,,2025-12-05T13:23:08Z,2011,2011-01-01,2011-12-31
5843150,GHED_OOP_pc_US_SHA2011,COUNTRY,HND,AMR,Americas,YEAR,2002,,,,,,,,,36.67,36.66933671,,,,2025-12-05T13:23:08Z,2002,2002-01-01,2002-12-31
5844933,GHED_OOP_pc_US_SHA2011,COUNTRY,DJI,EMR,Eastern Mediterranean,YEAR,2001,,,,,,,,,16.15,16.14595142,,,,2025-12-05T13:23:08Z,2001,2001-01-01,2001-12-31
5845025,GHED_OOP_pc_US_SHA2011,COUNTRY,RUS,EUR,Europe,YEAR,2008,,,,,,,,,191.43,191.43059671,,,,2025-12-05T13:23:08Z,2008,2008-01-01,2008-12-31
5853915,GHED_OOP_pc_US_SHA2011,COUNTRY,LSO,AFR,Africa,YEAR,2011,,,,,,,,,22.13,22.1263801,,,,2025-12-05T13:23:08Z,2011,2011-01-01,2011-12-31
5854698,GHED_OOP_pc_US_SHA2011,COUNTRY,TJK,EUR,Europe,YEAR,2013,,,,,,,,,41.87,41.87133353,,,,2025-12-05T13:23:08Z,2013,2013-01-01,2013-12-31
5857497,GHED_OOP_pc_US_SHA2011,COUNTRY,BFA,AFR,Africa,YEAR,2012,,,,,,,,,10.90,10.90263252,,,,2025-12-05T13:23:08Z,2012,2012-01-01,2012-12-31
5857956,GHED_OOP_pc_US_SHA2011,COUNTRY,MEX,AMR,Americas,YEAR,2003,,,,,,,,,229.24,229.24070889,,,,2025-12-05T13:23:08Z,2003,2003-01-01,2003-12-31
5863431,GHED_OOP_pc_US_SHA2011,COUNTRY,SGP,WPR,Western Pacific,YEAR,2005,,,,,,,,,454.14,454.13790469,,,,2025-12-05T13:23:08Z,2005,2005-01-01,2005-12-31
5863655,GHED_OOP_pc_US_SHA2011,COUNTRY,OMN,EMR,Eastern Mediterranean,YEAR,2023,,,,,,,,,46.20,46.19870992,,,,2025-12-05T13:23:08Z,2023,2023-01-01,2023-12-31
5871759,GHED_OOP_pc_US_SHA2011,COUNTRY,IND,SEAR,South-East Asia,YEAR,2016,,,,,,,,,37.75,37.75087012,,,,2025-12-05T13:23:08Z,2016,2016-01-01,2016-12-31
5872057,GHED_OOP_pc_US_SHA2011,COUNTRY,GIN,AFR,Africa,YEAR,2005,,,,,,,,,13.79,13.79431527,,,,2025-12-05T13:23:08Z,2005,2005-01-01,2005-12-31
5873281,GHED_OOP_pc_US_SHA2011,COUNTRY,STP,AFR,Africa,YEAR,2006,,,,,,,,,22.83,22.82683651,,,,2025-12-05T13:23:08Z,2006,2006-01-01,2006-12-31
5874884,GHED_OOP_pc_US_SHA2011,COUNTRY,MRT,AFR,Africa,YEAR,2006,,,,,,,,,23.96,23.95762923,,,,2025-12-05T13:23:08Z,2006,2006-01-01,2006-12-31
5874943,GHED_OOP_pc_US_SHA2011,COUNTRY,VNM,WPR,Western Pacific,YEAR,2022,,,,,,,,,74.59,74.58746077,,,,2025-12-05T13:23:08Z,2022,2022-01-01,2022-12-31
5877457,GHED_OOP_pc_US_SHA2011,COUNTRY,NRU,WPR,Western Pacific,YEAR,2020,,,,,,,,,9.88,9.88463947,,,,2025-12-05T13:23:08Z,2020,2020-01-01,2020-12-31
5877710,GHED_OOP_pc_US_SHA2011,COUNTRY,EST,EUR,Europe,YEAR,2008,,,,,,,,,231.50,231.50395731,,,,2025-12-05T13:23:08Z,2008,2008-01-01,2008-12-31
5878137,GHED_OOP_pc_US_SHA2011,COUNTRY,SVK,EUR,Europe,YEAR,2007,,,,,,,,,281.72,281.72285753,,,,2025-12-05T13:23:08Z,2007,2007-01-01,2007-12-31
5884908,GHED_OOP_pc_US_SHA2011,WORLDBANKINCOMEGROUP,WB_HI,,,YEAR,2006,,,,,,,,,380.05,380.04615756,,,,2025-12-05T13:23:08Z,2006,2006-01-01,2006-12-31
5885501,GHED_OOP_pc_US_SHA2011,COUNTRY,BLR,EUR,Europe,YEAR,2003,,,,,,,,,21.88,21.88078288,,,,2025-12-05T13:23:08Z,2003,2003-01-01,2003-12-31
5886450,GHED_OOP_pc_US_SHA2011,COUNTRY,TJK,EUR,Europe,YEAR,2001,,,,,,,,,5.79,5.78963377,,,,2025-12-05T13:23:08Z,2001,2001-01-01,2001-12-31
5890676,GHED_OOP_pc_US_SHA2011,COUNTRY,NIC,AMR,Americas,YEAR,2015,,,,,,,,,58.47,58.46516919,,,,2025-12-05T13:23:08Z,2015,2015-01-01,2015-12-31
5892692,GHED_OOP_pc_US_SHA2011,COUNTRY,ISR,EUR,Europe,YEAR,2023,,,,,,,,,804.62,804.62198651,,,,2025-12-05T13:23:08Z,2023,2023-01-01,2023-12-31
5896360,GHED_OOP_pc_US_SHA2011,COUNTRY,SYR,EMR,Eastern Mediterranean,YEAR,2007,,,,,,,,,37.27,37.26875589,,,,2025-12-05T13:23:08Z,2007,2007-01-01,2007-12-31
5903489,GHED_OOP_pc_US_SHA2011,COUNTRY,NRU,WPR,Western Pacific,YEAR,2000,,,,,,,,,11.84,11.83594268,,,,2025-12-05T13:23:08Z,2000,2000-01-01,2000-12-31
5909000,GHED_OOP_pc_US_SHA2011,COUNTRY,PER,AMR,Americas,YEAR,2011,,,,,,,,,106.70,106.69560701,,,,2025-12-05T13:23:08Z,2011,2011-01-01,2011-12-31
5909314,GHED_OOP_pc_US_SHA2011,COUNTRY,BGD,SEAR,South-East Asia,YEAR,2010,,,,,,,,,14.01,14.01307046,,,,2025-12-05T13:23:08Z,2010,2010-01-01,2010-12-31
5909498,GHED_OOP_pc_US_SHA2011,COUNTRY,BDI,AFR,Africa,YEAR,2006,,,,,,,,,5.60,5.60367679,,,,2025-12-05T13:23:08Z,2006,2006-01-01,2006-12-31
5914808,GHED_OOP_pc_US_SHA2011,COUNTRY,MLI,AFR,Africa,YEAR,2010,,,,,,,,,17.65,17.64747542,,,,2025-12-05T13:23:08Z,2010,2010-01-01,2010-12-31
5916487,GHED_OOP_pc_US_SHA2011,COUNTRY,COG,AFR,Africa,YEAR,2018,,,,,,,,,23.78,23.77693188,,,,2025-12-05T13:23:08Z,2018,2018-01-01,2018-12-31
5917314,GHED_OOP_pc_US_SHA2011,REGION,SEAR,,,YEAR,2022,,,,,,,,,54.14,54.13555692,,,,2025-12-05T13:23:08Z,2022,2022-01-01,2022-12-31
5922676,GHED_OOP_pc_US_SHA2011,COUNTRY,HRV,EUR,Europe,YEAR,2013,,,,,,,,,78.97,78.96668567,,,,2025-12-05T13:23:08Z,2013,2013-01-01,2013-12-31
5924550,GHED_OOP_pc_US_SHA2011,COUNTRY,TUV,WPR,Western Pacific,YEAR,2011,,,,,,,,,38.64,38.64390998,,,,2025-12-05T13:23:08Z,2011,2011-01-01,2011-12-31
5927492,GHED_OOP_pc_US_SHA2011,COUNTRY,MRT,AFR,Africa,YEAR,2016,,,,,,,,,27.82,27.81705358,,,,2025-12-05T13:23:08Z,2016,2016-01-01,2016-12-31
5929470,GHED_OOP_pc_US_SHA2011,COUNTRY,ATG,AMR,Americas,YEAR,2014,,,,,,,,,209.53,209.53036628,,,,2025-12-05T13:23:08Z,2014,2014-01-01,2014-12-31
5931742,GHED_OOP_pc_US_SHA2011,COUNTRY,CIV,AFR,Africa,YEAR,2002,,,,,,,,,24.69,24.68558351,,,,2025-12-05T13:23:08Z,2002,2002-01-01,2002-12-31
5936103,GHED_OOP_pc_US_SHA2011,COUNTRY,HTI,AMR,Americas,YEAR,2005,,,,,,,,,11.62,11.62297828,,,,2025-12-05T13:23:08Z,2005,2005-01-01,2005-12-31
5937142,GHED_OOP_pc_US_SHA2011,COUNTRY,KOR,WPR,Western Pacific,YEAR,2016,,,,,,,,,745.28,745.28324075,,,,2025-12-05T13:23:08Z,2016,2016-01-01,2016-12-31
5938118,GHED_OOP_pc_US_SHA2011,COUNTRY,UGA,AFR,Africa,YEAR,2008,,,,,,,,,21.12,21.11956257,,,,2025-12-05T13:23:08Z,2008,2008-01-01,2008-12-31
5941023,GHED_OOP_pc_US_SHA2011,COUNTRY,DMA,AMR,Americas,YEAR,2010,,,,,,,,,143.47,143.46878803,,,,2025-12-05T13:23:08Z,2010,2010-01-01,2010-12-31
5941101,GHED_OOP_pc_US_SHA2011,COUNTRY,IND,SEAR,South-East Asia,YEAR,2019,,,,,,,,,31.56,31.56206614,,,,2025-12-05T13:23:08Z,2019,2019-01-01,2019-12-31
5944288,GHED_OOP_pc_US_SHA2011,REGION,AMR,,,YEAR,2010,,,,,,,,,212.95,212.94645084,,,,2025-12-05T13:23:08Z,2010,2010-01-01,2010-12-31
5944776,GHED_OOP_pc_US_SHA2011,COUNTRY,GTM,AMR,Americas,YEAR,2008,,,,,,,,,103.73,103.73172361,,,,2025-12-05T13:23:08Z,2008,2008-01-01,2008-12-31
5947629,GHED_OOP_pc_US_SHA2011,COUNTRY,COK,WPR,Western Pacific,YEAR,2001,,,,,,,,,18.65,18.65435607,,,,2025-12-05T13:23:08Z,2001,2001-01-01,2001-12-31
5947804,GHED_OOP_pc_US_SHA2011,COUNTRY,TUR,EUR,Europe,YEAR,2021,,,,,,,,,70.18,70.18417587,,,,2025-12-05T13:23:08Z,2021,2021-01-01,2021-12-31
5948734,GHED_OOP_pc_US_SHA2011,COUNTRY,EGY,EMR,Eastern Mediterranean,YEAR,2006,,,,,,,,,40.07,40.07295859,,,,2025-12-05T13:23:08Z,2006,2006-01-01,2006-12-31
5949439,GHED_OOP_pc_US_SHA2011,COUNTRY,TGO,AFR,Africa,YEAR,2010,,,,,,,,,19.02,19.02098337,,,,2025-12-05T13:23:08Z,2010,2010-01-01,2010-12-31
5950035,GHED_OOP_pc_US_SHA2011,COUNTRY,MCO,EUR,Europe,YEAR,2018,,,,,,,,,493.93,493.92681912,,,,2025-12-05T13:23:08Z,2018,2018-01-01,2018-12-31
5959336,GHED_OOP_pc_US_SHA2011,COUNTRY,DJI,EMR,Eastern Mediterranean,YEAR,2011,,,,,,,,,15.00,14.99727306,,,,2025-12-05T13:23:08Z,2011,2011-01-01,2011-12-31
5960641,GHED_OOP_pc_US_SHA2011,COUNTRY,LBN,EMR,Eastern Mediterranean,YEAR,2012,,,,,,,,,219.85,219.84760339,,,,2025-12-05T13:23:08Z,2012,2012-01-01,2012-12-31
5962344,GHED_OOP_pc_US_SHA2011,COUNTRY,FRA,EUR,Europe,YEAR,2004,,,,,,,,,250.62,250.62015643,,,,2025-12-05T13:23:08Z,2004,2004-01-01,2004-12-31
5963122,GHED_OOP_pc_US_SHA2011,COUNTRY,BRN,WPR,Western Pacific,YEAR,2018,,,,,,,,,36.33,36.32712791,,,,2025-12-05T13:23:08Z,2018,2018-01-01,2018-12-31
5965406,GHED_OOP_pc_US_SHA2011,COUNTRY,POL,EUR,Europe,YEAR,2019,,,,,,,,,203.73,203.72823841,,,,2025-12-05T13:23:08Z,2019,2019-01-01,2019-12-31
5969289,GHED_OOP_pc_US_SHA2011,COUNTRY,VNM,WPR,Western Pacific,YEAR,2007,,,,,,,,,18.86,18.86240939,,,,2025-12-05T13:23:08Z,2007,2007-01-01,2007-12-31
5975021,GHED_OOP_pc_US_SHA2011,COUNTRY,BDI,AFR,Africa,YEAR,2002,,,,,,,,,3.22,3.22485603,,,,2025-12-05T13:23:08Z,2002,2002-01-01,2002-12-31
5975389,GHED_OOP_pc_US_SHA2011,COUNTRY,ZAF,AFR,Africa,YEAR,2007,,,,,,,,,44.17,44.16513609,,,,2025-12-05T13:23:08Z,2007,2007-01-01,2007-12-31
5985344,GHED_OOP_pc_US_SHA2011,COUNTRY,TZA,AFR,Africa,YEAR,2008,,,,,,,,,11.82,11.81595117,,,,2025-12-05T13:23:08Z,2008,2008-01-01,2008-12-31
5994994,GHED_OOP_pc_US_SHA2011,COUNTRY,PSE,EMR,Eastern Mediterranean,YEAR,2018,,,,,,,,,127.97,127.97263427,,,,2025-12-05T13:23:08Z,2018,2018-01-01,2018-12-31
6003305,GHED_OOP_pc_US_SHA2011,COUNTRY,ZAF,AFR,Africa,YEAR,2013,,,,,,,,,45.19,45.18858336,,,,2025-12-05T13:23:08Z,2013,2013-01-01,2013-12-31
6006607,GHED_OOP_pc_US_SHA2011,WORLDBANKINCOMEGROUP,WB_LI,,,YEAR,2013,,,,,,,,,19.39,19.38879673,,,,2025-12-05T13:23:08Z,2013,2013-01-01,2013-12-31
6011364,GHED_OOP_pc_US_SHA2011,COUNTRY,DJI,EMR,Eastern Mediterranean,YEAR,2000,,,,,,,,,15.75,15.75210243,,,,2025-12-05T13:23:08Z,2000,2000-01-01,2000-12-31
6012008,GHED_OOP_pc_US_SHA2011,COUNTRY,LBN,EMR,Eastern Mediterranean,YEAR,2007,,,,,,,,,193.38,193.3819724,,,,2025-12-05T13:23:08Z,2007,2007-01-01,2007-12-31
6012017,GHED_OOP_pc_US_SHA2011,COUNTRY,RUS,EUR,Europe,YEAR,2023,,,,,,,,,284.89,284.88822402,,,,2025-12-05T13:23:08Z,2023,2023-01-01,2023-12-31
6013469,GHED_OOP_pc_US_SHA2011,COUNTRY,HND,AMR,Americas,YEAR,2001,,,,,,,,,35.26,35.26073029,,,,2025-12-05T13:23:08Z,2001,2001-01-01,2001-12-31
6022244,GHED_OOP_pc_US_SHA2011,REGION,SEAR,,,YEAR,2015,,,,,,,,,46.72,46.71517503,,,,2025-12-05T13:23:08Z,2015,2015-01-01,2015-12-31
6024668,GHED_OOP_pc_US_SHA2011,COUNTRY,POL,EUR,Europe,YEAR,2006,,,,,,,,,142.06,142.0604134,,,,2025-12-05T13:23:08Z,2006,2006-01-01,2006-12-31
6025779,GHED_OOP_pc_US_SHA2011,REGION,AMR,,,YEAR,2016,,,,,,,,,242.28,242.28041895,,,,2025-12-05T13:23:08Z,2016,2016-01-01,2016-12-31
6026394,GHED_OOP_pc_US_SHA2011,COUNTRY,DEU,EUR,Europe,YEAR,2017,,,,,,,,,605.58,605.58262899,,,,2025-12-05T13:23:08Z,2017,2017-01-01,2017-12-31
6027791,GHED_OOP_pc_US_SHA2011,COUNTRY,GEO,EUR,Europe,YEAR,2017,,,,,,,,,235.99,235.9905024,,,,2025-12-05T13:23:08Z,2017,2017-01-01,2017-12-31
6028098,GHED_OOP_pc_US_SHA2011,COUNTRY,VNM,WPR,Western Pacific,YEAR,2012,,,,,,,,,44.57,44.56925739,,,,2025-12-05T13:23:08Z,2012,2012-01-01,2012-12-31
6034510,GHED_OOP_pc_US_SHA2011,COUNTRY,HTI,AMR,Americas,YEAR,2017,,,,,,,,,24.43,24.42892109,,,,2025-12-05T13:23:08Z,2017,2017-01-01,2017-12-31
6036248,GHED_OOP_pc_US_SHA2011,COUNTRY,ETH,AFR,Africa,YEAR,2006,,,,,,,,,3.27,3.26648722,,,,2025-12-05T13:23:08Z,2006,2006-01-01,2006-12-31
6036926,GHED_OOP_pc_US_SHA2011,COUNTRY,GNB,AFR,Africa,YEAR,2008,,,,,,,,,16.33,16.32842033,,,,2025-12-05T13:23:08Z,2008,2008-01-01,2008-12-31
6039136,GHED_OOP_pc_US_SHA2011,COUNTRY,POL,EUR,Europe,YEAR,2005,,,,,,,,,129.21,129.21138149,,,,2025-12-05T13:23:08Z,2005,2005-01-01,2005-12-31
6040644,GHED_OOP_pc_US_SHA2011,COUNTRY,SWZ,AFR,Africa,YEAR,2001,,,,,,,,,13.47,13.47034339,,,,2025-12-05T13:23:08Z,2001,2001-01-01,2001-12-31
6042220,GHED_OOP_pc_US_SHA2011,COUNTRY,CIV,AFR,Africa,YEAR,2021,,,,,,,,,26.21,26.21002398,,,,2025-12-05T13:23:08Z,2021,2021-01-01,2021-12-31
6042602,GHED_OOP_pc_US_SHA2011,COUNTRY,BGR,EUR,Europe,YEAR,2008,,,,,,,,,194.19,194.19326779,,,,2025-12-05T13:23:08Z,2008,2008-01-01,2008-12-31
6043456,GHED_OOP_pc_US_SHA2011,COUNTRY,BRA,AMR,Americas,YEAR,2011,,,,,,,,,305.70,305.69865242,,,,2025-12-05T13:23:08Z,2011,2011-01-01,2011-12-31
6044285,GHED_OOP_pc_US_SHA2011,COUNTRY,COM,AFR,Africa,YEAR,2005,,,,,,,,,51.66,51.66496497,,,,2025-12-05T13:23:08Z,2005,2005-01-01,2005-12-31
6047229,GHED_OOP_pc_US_SHA2011,COUNTRY,COL,AMR,Americas,YEAR,2009,,,,,,,,,69.16,69.16087584,,,,2025-12-05T13:23:08Z,2009,2009-01-01,2009-12-31
6056806,GHED_OOP_pc_US_SHA2011,COUNTRY,BWA,AFR,Africa,YEAR,2006,,,,,,,,,21.40,21.39638231,,,,2025-12-05T13:23:08Z,2006,2006-01-01,2006-12-31
6057584,GHED_OOP_pc_US_SHA2011,COUNTRY,NAM,AFR,Africa,YEAR,2007,,,,,,,,,26.88,26.88350245,,,,2025-12-05T13:23:08Z,2007,2007-01-01,2007-12-31
6062903,GHED_OOP_pc_US_SHA2011,WORLDBANKINCOMEGROUP,WB_HI,,,YEAR,2009,,,,,,,,,448.24,448.23798593,,,,2025-12-05T13:23:08Z,2009,2009-01-01,2009-12-31
6063897,GHED_OOP_pc_US_SHA2011,COUNTRY,SWZ,AFR,Africa,YEAR,2019,,,,,,,,,29.50,29.49903937,,,,2025-12-05T13:23:08Z,2019,2019-01-01,2019-12-31
6066895,GHED_OOP_pc_US_SHA2011,COUNTRY,ISR,EUR,Europe,YEAR,2022,,,,,,,,,1014.16,1014.15578388,,,,2025-12-05T13:23:08Z,2022,2022-01-01,2022-12-31
6066993,GHED_OOP_pc_US_SHA2011,WORLDBANKINCOMEGROUP,WB_HI,,,YEAR,2014,,,,,,,,,533.97,533.96870692,,,,2026-01-12T13:50:53Z,2014,2014-01-01,2014-12-31
6069247,GHED_OOP_pc_US_SHA2011,COUNTRY,ETH,AFR,Africa,YEAR,2007,,,,,,,,,4.30,4.30344141,,,,2025-12-05T13:23:08Z,2007,2007-01-01,2007-12-31
6070971,GHED_OOP_pc_US_SHA2011,GLOBAL,GLOBAL,,,YEAR,2014,,,,,,,,,231.31,231.31169507,,,,2026-01-12T13:50:53Z,2014,2014-01-01,2014-12-31
6079015,GHED_OOP_pc_US_SHA2011,COUNTRY,GNQ,AFR,Africa,YEAR,2016,,,,,,,,,153.03,153.02978173,,,,2025-12-05T13:23:08Z,2016,2016-01-01,2016-12-31
6080580,GHED_OOP_pc_US_SHA2011,WORLDBANKINCOMEGROUP,WB_UMI,,,YEAR,2019,,,,,,,,,139.06,139.06496265,,,,2025-12-05T13:23:08Z,2019,2019-01-01,2019-12-31
6082854,GHED_OOP_pc_US_SHA2011,COUNTRY,MDG,AFR,Africa,YEAR,2003,,,,,,,,,6.09,6.0911637,,,,2025-12-05T13:23:08Z,2003,2003-01-01,2003-12-31
6082990,GHED_OOP_pc_US_SHA2011,COUNTRY,HND,AMR,Americas,YEAR,2007,,,,,,,,,63.52,63.52367194,,,,2025-12-05T13:23:08Z,2007,2007-01-01,2007-12-31
6083654,GHED_OOP_pc_US_SHA2011,COUNTRY,TTO,AMR,Americas,YEAR,2018,,,,,,,,,485.01,485.01241742,,,,2025-12-05T13:23:08Z,2018,2018-01-01,2018-12-31
6087257,GHED_OOP_pc_US_SHA2011,COUNTRY,SGP,WPR,Western Pacific,YEAR,2011,,,,,,,,,672.60,672.59557022,,,,2025-12-05T13:23:08Z,2011,2011-01-01,2011-12-31
6092315,GHED_OOP_pc_US_SHA2011,COUNTRY,QAT,EMR,Eastern Mediterranean,YEAR,2003,,,,,,,,,206.70,206.70391703,,,,2025-12-05T13:23:08Z,2003,2003-01-01,2003-12-31
6093632,GHED_OOP_pc_US_SHA2011,WORLDBANKINCOMEGROUP,WB_UMI,,,YEAR,2013,,,,,,,,,139.52,139.52172542,,,,2025-12-05T13:23:08Z,2013,2013-01-01,2013-12-31
6096172,GHED_OOP_pc_US_SHA2011,COUNTRY,GMB,AFR,Africa,YEAR,2013,,,,,,,,,5.35,5.34854911,,,,2025-12-05T13:23:08Z,2013,2013-01-01,2013-12-31
6098163,GHED_OOP_pc_US_SHA2011,COUNTRY,BTN,SEAR,South-East Asia,YEAR,2006,,,,,,,,,8.02,8.01856863,,,,2025-12-05T13:23:08Z,2006,2006-01-01,2006-12-31
6099161,GHED_OOP_pc_US_SHA2011,COUNTRY,GNQ,AFR,Africa,YEAR,2006,,,,,,,,,88.14,88.14167649,,,,2025-12-05T13:23:08Z,2006,2006-01-01,2006-12-31
6100323,GHED_OOP_pc_US_SHA2011,COUNTRY,COL,AMR,Americas,YEAR,2004,,,,,,,,,21.96,21.9602557,,,,2025-12-05T13:23:08Z,2004,2004-01-01,2004-12-31
6101541,GHED_OOP_pc_US_SHA2011,COUNTRY,VUT,WPR,Western Pacific,YEAR,2023,,,,,,,,,12.02,12.02123093,,,,2025-12-05T13:23:08Z,2023,2023-01-01,2023-12-31
6102182,GHED_OOP_pc_US_SHA2011,COUNTRY,TJK,EUR,Europe,YEAR,2002,,,,,,,,,6.43,6.42510264,,,,2025-12-05T13:23:08Z,2002,2002-01-01,2002-12-31
6106027,GHED_OOP_pc_US_SHA2011,COUNTRY,GRC,EUR,Europe,YEAR,2011,,,,,,,,,728.77,728.77084975,,,,2025-12-05T13:23:08Z,2011,2011-01-01,2011-12-31
6107166,GHED_OOP_pc_US_SHA2011,COUNTRY,GNB,AFR,Africa,YEAR,2011,,,,,,,,,16.02,16.02385126,,,,2025-12-05T13:23:08Z,2011,2011-01-01,2011-12-31
6114637,GHED_OOP_pc_US_SHA2011,COUNTRY,CMR,AFR,Africa,YEAR,2000,,,,,,,,,23.89,23.88599173,,,,2025-12-05T13:23:08Z,2000,2000-01-01,2000-12-31
6114925,GHED_OOP_pc_US_SHA2011,COUNTRY,BIH,EUR,Europe,YEAR,2010,,,,,,,,,122.15,122.14724471,,,,2025-12-05T13:23:08Z,2010,2010-01-01,2010-12-31
6117981,GHED_OOP_pc_US_SHA2011,COUNTRY,GHA,AFR,Africa,YEAR,2007,,,,,,,,,22.70,22.69546733,,,,2025-12-05T13:23:08Z,2007,2007-01-01,2007-12-31
6119324,GHED_OOP_pc_US_SHA2011,COUNTRY,TCD,AFR,Africa,YEAR,2008,,,,,,,,,25.39,25.39254575,,,,2025-12-05T13:23:08Z,2008,2008-01-01,2008-12-31
6121081,GHED_OOP_pc_US_SHA2011,COUNTRY,TUR,EUR,Europe,YEAR,2000,,,,,,,,,55.15,55.15143552,,,,2025-12-05T13:23:08Z,2000,2000-01-01,2000-12-31
6123785,GHED_OOP_pc_US_SHA2011,COUNTRY,GHA,AFR,Africa,YEAR,2001,,,,,,,,,4.08,4.08003562,,,,2025-12-05T13:23:08Z,2001,2001-01-01,2001-12-31
6125205,GHED_OOP_pc_US_SHA2011,COUNTRY,LUX,EUR,Europe,YEAR,2016,,,,,,,,,588.27,588.27297389,,,,2025-12-05T13:23:08Z,2016,2016-01-01,2016-12-31
6126350,GHED_OOP_pc_US_SHA2011,COUNTRY,BEN,AFR,Africa,YEAR,2022,,,,,,,,,18.55,18.54695776,,,,2025-12-05T13:23:08Z,2022,2022-01-01,2022-12-31
6127761,GHED_OOP_pc_US_SHA2011,COUNTRY,SWE,EUR,Europe,YEAR,2010,,,,,,,,,724.91,724.90625359,,,,2025-12-05T13:23:08Z,2010,2010-01-01,2010-12-31
6127792,GHED_OOP_pc_US_SHA2011,WORLDBANKINCOMEGROUP,WB_UMI,,,YEAR,2005,,,,,,,,,75.84,75.83853728,,,,2025-12-05T13:23:08Z,2005,2005-01-01,2005-12-31
6130620,GHED_OOP_pc_US_SHA2011,COUNTRY,NIC,AMR,Americas,YEAR,2018,,,,,,,,,57.36,57.3579292,,,,2025-12-05T13:23:08Z,2018,2018-01-01,2018-12-31
6130629,GHED_OOP_pc_US_SHA2011,COUNTRY,KHM,WPR,Western Pacific,YEAR,2014,,,,,,,,,36.66,36.66054301,,,,2025-12-05T13:23:08Z,2014,2014-01-01,2014-12-31
6135556,GHED_OOP_pc_US_SHA2011,COUNTRY,ARG,AMR,Americas,YEAR,2006,,,,,,,,,146.49,146.48927362,,,,2025-12-05T13:23:08Z,2006,2006-01-01,2006-12-31
6140591,GHED_OOP_pc_US_SHA2011,COUNTRY,GMB,AFR,Africa,YEAR,2001,,,,,,,,,7.45,7.45094709,,,,2025-12-05T13:23:08Z,2001,2001-01-01,2001-12-31
6142677,GHED_OOP_pc_US_SHA2011,COUNTRY,KWT,EMR,Eastern Mediterranean,YEAR,2013,,,,,,,,,178.94,178.93768288,,,,2025-12-05T13:23:08Z,2013,2013-01-01,2013-12-31
6144117,GHED_OOP_pc_US_SHA2011,COUNTRY,NAM,AFR,Africa,YEAR,2015,,,,,,,,,34.92,34.92397297,,,,2025-12-05T13:23:08Z,2015,2015-01-01,2015-12-31
6145978,GHED_OOP_pc_US_SHA2011,COUNTRY,PAK,EMR,Eastern Mediterranean,YEAR,2019,,,,,,,,,20.20,20.19759608,,,,2025-12-05T13:23:08Z,2019,2019-01-01,2019-12-31
6146658,GHED_OOP_pc_US_SHA2011,COUNTRY,BLR,EUR,Europe,YEAR,2007,,,,,,,,,71.87,71.87463981,,,,2025-12-05T13:23:08Z,2007,2007-01-01,2007-12-31
6150367,GHED_OOP_pc_US_SHA2011,COUNTRY,OMN,EMR,Eastern Mediterranean,YEAR,2021,,,,,,,,,46.10,46.10480076,,,,2025-12-05T13:23:08Z,2021,2021-01-01,2021-12-31
6155442,GHED_OOP_pc_US_SHA2011,COUNTRY,TLS,SEAR,South-East Asia,YEAR,2018,,,,,,,,,7.93,7.92970777,,,,2025-12-05T13:23:08Z,2018,2018-01-01,2018-12-31
6158281,GHED_OOP_pc_US_SHA2011,COUNTRY,BEN,AFR,Africa,YEAR,2006,,,,,,,,,12.15,12.14809559,,,,2025-12-05T13:23:08Z,2006,2006-01-01,2006-12-31
6161400,GHED_OOP_pc_US_SHA2011,COUNTRY,SUR,AMR,Americas,YEAR,2008,,,,,,,,,81.16,81.16473574,,,,2025-12-05T13:23:08Z,2008,2008-01-01,2008-12-31
6165499,GHED_OOP_pc_US_SHA2011,COUNTRY,BEL,EUR,Europe,YEAR,2003,,,,,,,,,591.54,591.5416779,,,,2025-12-05T13:23:08Z,2003,2003-01-01,2003-12-31
6174759,GHED_OOP_pc_US_SHA2011,COUNTRY,URY,AMR,Americas,YEAR,2019,,,,,,,,,261.69,261.68548233,,,,2025-12-05T13:23:08Z,2019,2019-01-01,2019-12-31
6178200,GHED_OOP_pc_US_SHA2011,COUNTRY,SVN,EUR,Europe,YEAR,2011,,,,,,,,,261.96,261.96011962,,,,2025-12-05T13:23:08Z,2011,2011-01-01,2011-12-31
6181390,GHED_OOP_pc_US_SHA2011,COUNTRY,MDA,EUR,Europe,YEAR,2006,,,,,,,,,46.50,46.50182131,,,,2025-12-05T13:23:08Z,2006,2006-01-01,2006-12-31
6183025,GHED_OOP_pc_US_SHA2011,WORLDBANKINCOMEGROUP,WB_LI,,,YEAR,2019,,,,,,,,,18.26,18.2620684,,,,2025-12-05T13:23:08Z,2019,2019-01-01,2019-12-31
6192634,GHED_OOP_pc_US_SHA2011,COUNTRY,IRL,EUR,Europe,YEAR,2002,,,,,,,,,230.31,230.31304594,,,,2025-12-05T13:23:08Z,2002,2002-01-01,2002-12-31
6192983,GHED_OOP_pc_US_SHA2011,COUNTRY,ESP,EUR,Europe,YEAR,2009,,,,,,,,,597.09,597.08635319,,,,2025-12-05T13:23:08Z,2009,2009-01-01,2009-12-31
6193320,GHED_OOP_pc_US_SHA2011,COUNTRY,SEN,AFR,Africa,YEAR,2003,,,,,,,,,19.31,19.30531888,,,,2025-12-05T13:23:08Z,2003,2003-01-01,2003-12-31
6195046,GHED_OOP_pc_US_SHA2011,COUNTRY,ZWE,AFR,Africa,YEAR,2012,,,,,,,,,29.97,29.96506386,,,,2025-12-05T13:23:08Z,2012,2012-01-01,2012-12-31
6196131,GHED_OOP_pc_US_SHA2011,REGION,EMR,,,YEAR,2001,,,,,,,,,69.74,69.74305619,,,,2025-12-05T13:23:08Z,2001,2001-01-01,2001-12-31
6199426,GHED_OOP_pc_US_SHA2011,REGION,WPR,,,YEAR,2011,,,,,,,,,158.33,158.33475938,,,,2025-12-05T13:23:08Z,2011,2011-01-01,2011-12-31
6199484,GHED_OOP_pc_US_SHA2011,COUNTRY,NOR,EUR,Europe,YEAR,2009,,,,,,,,,1113.88,1113.87627262,,,,2025-12-05T13:23:08Z,2009,2009-01-01,2009-12-31
6199841,GHED_OOP_pc_US_SHA2011,COUNTRY,ATG,AMR,Americas,YEAR,2006,,,,,,,,,201.64,201.63965762,,,,2025-12-05T13:23:08Z,2006,2006-01-01,2006-12-31
6200271,GHED_OOP_pc_US_SHA2011,COUNTRY,AGO,AFR,Africa,YEAR,2019,,,,,,,,,21.36,21.3595956,,,,2025-12-05T13:23:08Z,2019,2019-01-01,2019-12-31
6203549,GHED_OOP_pc_US_SHA2011,COUNTRY,BEL,EUR,Europe,YEAR,2018,,,,,,,,,1013.98,1013.98388,,,,2025-12-05T13:23:08Z,2018,2018-01-01,2018-12-31
6203812,GHED_OOP_pc_US_SHA2011,COUNTRY,FJI,WPR,Western Pacific,YEAR,2003,,,,,,,,,11.07,11.0675241,,,,2025-12-05T13:23:08Z,2003,2003-01-01,2003-12-31
6203842,GHED_OOP_pc_US_SHA2011,COUNTRY,BLZ,AMR,Americas,YEAR,2018,,,,,,,,,65.89,65.8859815,,,,2025-12-05T13:23:08Z,2018,2018-01-01,2018-12-31
6206456,GHED_OOP_pc_US_SHA2011,COUNTRY,NOR,EUR,Europe,YEAR,2004,,,,,,,,,854.42,854.42406931,,,,2025-12-05T13:23:08Z,2004,2004-01-01,2004-12-31
6208319,GHED_OOP_pc_US_SHA2011,COUNTRY,LBN,EMR,Eastern Mediterranean,YEAR,2020,,,,,,,,,91.99,91.99357241,,,,2025-12-05T13:23:08Z,2020,2020-01-01,2020-12-31
6216082,GHED_OOP_pc_US_SHA2011,COUNTRY,GTM,AMR,Americas,YEAR,2011,,,,,,,,,112.60,112.60490311,,,,2025-12-05T13:23:08Z,2011,2011-01-01,2011-12-31
6220297,GHED_OOP_pc_US_SHA2011,COUNTRY,EGY,EMR,Eastern Mediterranean,YEAR,2004,,,,,,,,,32.49,32.48985294,,,,2025-12-05T13:23:08Z,2004,2004-01-01,2004-12-31
6220428,GHED_OOP_pc_US_SHA2011,COUNTRY,NIC,AMR,Americas,YEAR,2021,,,,,,,,,62.93,62.93186767,,,,2025-12-05T13:23:08Z,2021,2021-01-01,2021-12-31
6220668,GHED_OOP_pc_US_SHA2011,COUNTRY,CIV,AFR,Africa,YEAR,2009,,,,,,,,,40.81,40.81006816,,,,2025-12-05T13:23:08Z,2009,2009-01-01,2009-12-31
6221341,GHED_OOP_pc_US_SHA2011,COUNTRY,HRV,EUR,Europe,YEAR,2022,,,,,,,,,122.11,122.10607869,,,,2025-12-05T13:23:08Z,2022,2022-01-01,2022-12-31
6222990,GHED_OOP_pc_US_SHA2011,COUNTRY,MWI,AFR,Africa,YEAR,2008,,,,,,,,,3.39,3.39469295,,,,2025-12-05T13:23:08Z,2008,2008-01-01,2008-12-31
6231258,GHED_OOP_pc_US_SHA2011,COUNTRY,SYR,EMR,Eastern Mediterranean,YEAR,2000,,,,,,,,,34.40,34.400653,,,,2025-12-05T13:23:08Z,2000,2000-01-01,2000-12-31
6233084,GHED_OOP_pc_US_SHA2011,COUNTRY,CIV,AFR,Africa,YEAR,2003,,,,,,,,,33.33,33.33094055,,,,2025-12-05T13:23:08Z,2003,2003-01-01,2003-12-31
6241867,GHED_OOP_pc_US_SHA2011,COUNTRY,KWT,EMR,Eastern Mediterranean,YEAR,2015,,,,,,,,,172.50,172.50297845,,,,2025-12-05T13:23:08Z,2015,2015-01-01,2015-12-31
6241995,GHED_OOP_pc_US_SHA2011,COUNTRY,ESP,EUR,Europe,YEAR,2014,,,,,,,,,669.72,669.71620778,,,,2025-12-05T13:23:08Z,2014,2014-01-01,2014-12-31
6245464,GHED_OOP_pc_US_SHA2011,COUNTRY,SYR,EMR,Eastern Mediterranean,YEAR,2003,,,,,,,,,30.87,30.87055201,,,,2025-12-05T13:23:08Z,2003,2003-01-01,2003-12-31
6248338,GHED_OOP_pc_US_SHA2011,COUNTRY,DOM,AMR,Americas,YEAR,2018,,,,,,,,,94.69,94.68577607,,,,2025-12-05T13:23:08Z,2018,2018-01-01,2018-12-31
6253837,GHED_OOP_pc_US_SHA2011,COUNTRY,PLW,WPR,Western Pacific,YEAR,2014,,,,,,,,,232.46,232.4612306,,,,2025-12-05T13:23:08Z,2014,2014-01-01,2014-12-31
6257600,GHED_OOP_pc_US_SHA2011,COUNTRY,TLS,SEAR,South-East Asia,YEAR,2021,,,,,,,,,7.78,7.78068324,,,,2025-12-05T13:23:08Z,2021,2021-01-01,2021-12-31
6260952,GHED_OOP_pc_US_SHA2011,COUNTRY,TZA,AFR,Africa,YEAR,2016,,,,,,,,,8.02,8.02460219,,,,2025-12-05T13:23:08Z,2016,2016-01-01,2016-12-31
6266491,GHED_OOP_pc_US_SHA2011,COUNTRY,PRT,EUR,Europe,YEAR,2009,,,,,,,,,589.06,589.05984741,,,,2025-12-05T13:23:08Z,2009,2009-01-01,2009-12-31
6269680,GHED_OOP_pc_US_SHA2011,COUNTRY,MOZ,AFR,Africa,YEAR,2022,,,,,,,,,4.96,4.96219917,,,,2025-12-05T13:23:08Z,2022,2022-01-01,2022-12-31
6281531,GHED_OOP_pc_US_SHA2011,COUNTRY,WSM,WPR,Western Pacific,YEAR,2017,,,,,,,,,26.53,26.52913703,,,,2025-12-05T13:23:08Z,2017,2017-01-01,2017-12-31
6284985,GHED_OOP_pc_US_SHA2011,COUNTRY,GNB,AFR,Africa,YEAR,2018,,,,,,,,,39.44,39.43719216,,,,2025-12-05T13:23:08Z,2018,2018-01-01,2018-12-31
6290680,GHED_OOP_pc_US_SHA2011,COUNTRY,PHL,WPR,Western Pacific,YEAR,2005,,,,,,,,,23.80,23.80021041,,,,2025-12-05T13:23:08Z,2005,2005-01-01,2005-12-31
6295177,GHED_OOP_pc_US_SHA2011,COUNTRY,UZB,EUR,Europe,YEAR,2000,,,,,,,,,21.64,21.64084138,,,,2025-12-05T13:23:08Z,2000,2000-01-01,2000-12-31
6295670,GHED_OOP_pc_US_SHA2011,COUNTRY,DEU,EUR,Europe,YEAR,2007,,,,,,,,,572.80,572.79967812,,,,2025-12-05T13:23:08Z,2007,2007-01-01,2007-12-31
6296850,GHED_OOP_pc_US_SHA2011,COUNTRY,KOR,WPR,Western Pacific,YEAR,2022,,,,,,,,,901.25,901.25182914,,,,2025-12-05T13:23:08Z,2022,2022-01-01,2022-12-31
6297623,GHED_OOP_pc_US_SHA2011,REGION,EUR,,,YEAR,2015,,,,,,,,,444.21,444.21412612,,,,2026-01-12T13:50:53Z,2015,2015-01-01,2015-12-31
6299058,GHED_OOP_pc_US_SHA2011,COUNTRY,GBR,EUR,Europe,YEAR,2016,,,,,,,,,633.99,633.99247434,,,,2025-12-05T13:23:08Z,2016,2016-01-01,2016-12-31
6302635,GHED_OOP_pc_US_SHA2011,COUNTRY,MRT,AFR,Africa,YEAR,2021,,,,,,,,,35.48,35.48354203,,,,2025-12-05T13:23:08Z,2021,2021-01-01,2021-12-31
6306883,GHED_OOP_pc_US_SHA2011,COUNTRY,MHL,WPR,Western Pacific,YEAR,2021,,,,,,,,,9.33,9.33337032,,,,2025-12-05T13:23:08Z,2021,2021-01-01,2021-12-31
6308163,GHED_OOP_pc_US_SHA2011,COUNTRY,NOR,EUR,Europe,YEAR,2003,,,,,,,,,768.95,768.95078371,,,,2025-12-05T13:23:08Z,2003,2003-01-01,2003-12-31
6314436,GHED_OOP_pc_US_SHA2011,COUNTRY,MLT,EUR,Europe,YEAR,2015,,,,,,,,,836.86,836.8563605,,,,2025-12-05T13:23:08Z,2015,2015-01-01,2015-12-31
6314462,GHED_OOP_pc_US_SHA2011,COUNTRY,JOR,EMR,Eastern Mediterranean,YEAR,2003,,,,,,,,,68.04,68.04297869,,,,2025-12-05T13:23:08Z,2003,2003-01-01,2003-12-31
6315663,GHED_OOP_pc_US_SHA2011,COUNTRY,KNA,AMR,Americas,YEAR,2010,,,,,,,,,478.63,478.63046672,,,,2025-12-05T13:23:08Z,2010,2010-01-01,2010-12-31
6316677,GHED_OOP_pc_US_SHA2011,COUNTRY,LKA,SEAR,South-East Asia,YEAR,2018,,,,,,,,,72.41,72.40516789,,,,2025-12-05T13:23:08Z,2018,2018-01-01,2018-12-31
6319780,GHED_OOP_pc_US_SHA2011,COUNTRY,TKM,EUR,Europe,YEAR,2017,,,,,,,,,300.16,300.15723908,,,,2025-12-05T13:23:08Z,2017,2017-01-01,2017-12-31
6320056,GHED_OOP_pc_US_SHA2011,COUNTRY,MAR,EMR,Eastern Mediterranean,YEAR,2016,,,,,,,,,79.24,79.2368466,,,,2025-12-05T13:23:08Z,2016,2016-01-01,2016-12-31
6321086,GHED_OOP_pc_US_SHA2011,COUNTRY,BGD,SEAR,South-East Asia,YEAR,2011,,,,,,,,,15.53,15.52606011,,,,2025-12-05T13:23:08Z,2011,2011-01-01,2011-12-31
6323381,GHED_OOP_pc_US_SHA2011,REGION,AFR,,,YEAR,2006,,,,,,,,,25.03,25.0258565,,,,2025-12-05T13:23:08Z,2006,2006-01-01,2006-12-31
6330243,GHED_OOP_pc_US_SHA2011,COUNTRY,WSM,WPR,Western Pacific,YEAR,2007,,,,,,,,,19.36,19.36074695,,,,2025-12-05T13:23:08Z,2007,2007-01-01,2007-12-31
6332436,GHED_OOP_pc_US_SHA2011,COUNTRY,DEU,EUR,Europe,YEAR,2018,,,,,,,,,666.44,666.44481397,,,,2025-12-05T13:23:08Z,2018,2018-01-01,2018-12-31
6334840,GHED_OOP_pc_US_SHA2011,COUNTRY,CHN,WPR,Western Pacific,YEAR,2013,,,,,,,,,125.58,125.57751369,,,,2025-12-05T13:23:08Z,2013,2013-01-01,2013-12-31
6335722,GHED_OOP_pc_US_SHA2011,COUNTRY,SWZ,AFR,Africa,YEAR,2022,,,,,,,,,29.44,29.43730056,,,,2025-12-05T13:23:08Z,2022,2022-01-01,2022-12-31
6341976,GHED_OOP_pc_US_SHA2011,COUNTRY,SEN,AFR,Africa,YEAR,2020,,,,,,,,,31.25,31.24847211,,,,2025-12-05T13:23:08Z,2020,2020-01-01,2020-12-31
6342876,GHED_OOP_pc_US_SHA2011,COUNTRY,LVA,EUR,Europe,YEAR,2006,,,,,,,,,196.61,196.60934909,,,,2025-12-05T13:23:08Z,2006,2006-01-01,2006-12-31
6344969,GHED_OOP_pc_US_SHA2011,COUNTRY,GIN,AFR,Africa,YEAR,2007,,,,,,,,,16.27,16.27373696,,,,2025-12-05T13:23:08Z,2007,2007-01-01,2007-12-31
6345208,GHED_OOP_pc_US_SHA2011,COUNTRY,DEU,EUR,Europe,YEAR,2003,,,,,,,,,385.01,385.0129014,,,,2025-12-05T13:23:08Z,2003,2003-01-01,2003-12-31
6352237,GHED_OOP_pc_US_SHA2011,COUNTRY,GNB,AFR,Africa,YEAR,2000,,,,,,,,,8.06,8.06083695,,,,2025-12-05T13:23:08Z,2000,2000-01-01,2000-12-31
6352393,GHED_OOP_pc_US_SHA2011,COUNTRY,ATG,AMR,Americas,YEAR,2023,,,,,,,,,175.04,175.04337237,,,,2025-12-05T13:23:08Z,2023,2023-01-01,2023-12-31
6367113,GHED_OOP_pc_US_SHA2011,COUNTRY,EST,EUR,Europe,YEAR,2002,,,,,,,,,51.50,51.49590822,,,,2025-12-05T13:23:08Z,2002,2002-01-01,2002-12-31
6367138,GHED_OOP_pc_US_SHA2011,COUNTRY,KOR,WPR,Western Pacific,YEAR,2019,,,,,,,,,854.58,854.58191108,,,,2025-12-05T13:23:08Z,2019,2019-01-01,2019-12-31
6372911,GHED_OOP_pc_US_SHA2011,COUNTRY,UGA,AFR,Africa,YEAR,2020,,,,,,,,,13.39,13.39258192,,,,2025-12-05T13:23:08Z,2020,2020-01-01,2020-12-31
6378065,GHED_OOP_pc_US_SHA2011,COUNTRY,MKD,EUR,Europe,YEAR,2007,,,,,,,,,98.16,98.15629552,,,,2025-12-05T13:23:08Z,2007,2007-01-01,2007-12-31
6378932,GHED_OOP_pc_US_SHA2011,COUNTRY,JOR,EMR,Eastern Mediterranean,YEAR,2019,,,,,,,,,106.17,106.17410561,,,,2025-12-05T13:23:08Z,2019,2019-01-01,2019-12-31
6383143,GHED_OOP_pc_US_SHA2011,COUNTRY,GBR,EUR,Europe,YEAR,2012,,,,,,,,,595.52,595.51903254,,,,2025-12-05T13:23:08Z,2012,2012-01-01,2012-12-31
6384092,GHED_OOP_pc_US_SHA2011,COUNTRY,NIU,WPR,Western Pacific,YEAR,2015,,,,,,,,,9.70,9.69820356,,,,2025-12-05T13:23:08Z,2015,2015-01-01,2015-12-31
6384553,GHED_OOP_pc_US_SHA2011,COUNTRY,NIU,WPR,Western Pacific,YEAR,2014,,,,,,,,,17.37,17.37484022,,,,2025-12-05T13:23:08Z,2014,2014-01-01,2014-12-31
6384866,GHED_OOP_pc_US_SHA2011,COUNTRY,SLE,AFR,Africa,YEAR,2003,,,,,,,,,17.15,17.153423,,,,2025-12-05T13:23:08Z,2003,2003-01-01,2003-12-31
6385180,GHED_OOP_pc_US_SHA2011,COUNTRY,GMB,AFR,Africa,YEAR,2006,,,,,,,,,4.36,4.35879264,,,,2025-12-05T13:23:08Z,2006,2006-01-01,2006-12-31
6385844,GHED_OOP_pc_US_SHA2011,COUNTRY,MCO,EUR,Europe,YEAR,2001,,,,,,,,,211.74,211.73524415,,,,2025-12-05T13:23:08Z,2001,2001-01-01,2001-12-31
6391911,GHED_OOP_pc_US_SHA2011,WORLDBANKINCOMEGROUP,WB_LI,,,YEAR,2004,,,,,,,,,10.12,10.12117347,,,,2025-12-05T13:23:08Z,2004,2004-01-01,2004-12-31
6392811,GHED_OOP_pc_US_SHA2011,COUNTRY,HND,AMR,Americas,YEAR,2021,,,,,,,,,131.14,131.14272016,,,,2025-12-05T13:23:08Z,2021,2021-01-01,2021-12-31
6400104,GHED_OOP_pc_US_SHA2011,COUNTRY,PSE,EMR,Eastern Mediterranean,YEAR,2016,,,,,,,,,127.85,127.84914065,,,,2025-12-05T13:23:08Z,2016,2016-01-01,2016-12-31
6402287,GHED_OOP_pc_US_SHA2011,WORLDBANKINCOMEGROUP,WB_LMI,,,YEAR,2017,,,,,,,,,40.45,40.44642676,,,,2025-12-05T13:23:08Z,2017,2017-01-01,2017-12-31
6404104,GHED_OOP_pc_US_SHA2011,COUNTRY,PLW,WPR,Western Pacific,YEAR,2002,,,,,,,,,112.86,112.86418664,,,,2025-12-05T13:23:08Z,2002,2002-01-01,2002-12-31
6404303,GHED_OOP_pc_US_SHA2011,COUNTRY,PRY,AMR,Americas,YEAR,2017,,,,,,,,,177.99,177.98965585,,,,2025-12-05T13:23:08Z,2017,2017-01-01,2017-12-31
6406144,GHED_OOP_pc_US_SHA2011,COUNTRY,MKD,EUR,Europe,YEAR,2008,,,,,,,,,100.45,100.44743819,,,,2025-12-05T13:23:08Z,2008,2008-01-01,2008-12-31
6412129,GHED_OOP_pc_US_SHA2011,COUNTRY,MWI,AFR,Africa,YEAR,2002,,,,,,,,,1.67,1.6749951,,,,2025-12-05T13:23:08Z,2002,2002-01-01,2002-12-31
6412483,GHED_OOP_pc_US_SHA2011,COUNTRY,SDN,EMR,Eastern Mediterranean,YEAR,2012,,,,,,,,,49.36,49.35791667,,,,2025-12-05T13:23:08Z,2012,2012-01-01,2012-12-31
6416211,GHED_OOP_pc_US_SHA2011,COUNTRY,JAM,AMR,Americas,YEAR,2016,,,,,,,,,95.76,95.76131515,,,,2025-12-05T13:23:08Z,2016,2016-01-01,2016-12-31
6416800,GHED_OOP_pc_US_SHA2011,COUNTRY,BRB,AMR,Americas,YEAR,2011,,,,,,,,,490.93,490.93485449,,,,2025-12-05T13:23:08Z,2011,2011-01-01,2011-12-31
6425501,GHED_OOP_pc_US_SHA2011,COUNTRY,SUR,AMR,Americas,YEAR,2001,,,,,,,,,25.07,25.06947546,,,,2025-12-05T13:23:08Z,2001,2001-01-01,2001-12-31
6431187,GHED_OOP_pc_US_SHA2011,COUNTRY,GMB,AFR,Africa,YEAR,2000,,,,,,,,,10.24,10.23771209,,,,2025-12-05T13:23:08Z,2000,2000-01-01,2000-12-31
6432025,GHED_OOP_pc_US_SHA2011,COUNTRY,MDG,AFR,Africa,YEAR,2005,,,,,,,,,5.27,5.26777384,,,,2025-12-05T13:23:08Z,2005,2005-01-01,2005-12-31
6440591,GHED_OOP_pc_US_SHA2011,COUNTRY,IDN,WPR,Western Pacific,YEAR,2012,,,,,,,,,56.76,56.75685548,,,,2025-12-05T13:23:08Z,2012,2012-01-01,2012-12-31
6441561,GHED_OOP_pc_US_SHA2011,COUNTRY,SRB,EUR,Europe,YEAR,2019,,,,,,,,,237.41,237.40912163,,,,2025-12-05T13:23:08Z,2019,2019-01-01,2019-12-31
6443530,GHED_OOP_pc_US_SHA2011,COUNTRY,LCA,AMR,Americas,YEAR,2008,,,,,,,,,256.37,256.37325696,,,,2025-12-05T13:23:08Z,2008,2008-01-01,2008-12-31
6453800,GHED_OOP_pc_US_SHA2011,COUNTRY,EST,EUR,Europe,YEAR,2006,,,,,,,,,148.10,148.10473381,,,,2025-12-05T13:23:08Z,2006,2006-01-01,2006-12-31
6456780,GHED_OOP_pc_US_SHA2011,COUNTRY,VNM,WPR,Western Pacific,YEAR,2001,,,,,,,,,7.59,7.59019002,,,,2025-12-05T13:23:08Z,2001,2001-01-01,2001-12-31
6466388,GHED_OOP_pc_US_SHA2011,COUNTRY,JPN,WPR,Western Pacific,YEAR,2018,,,,,,,,,554.32,554.31954332,,,,2025-12-05T13:23:08Z,2018,2018-01-01,2018-12-31
6466457,GHED_OOP_pc_US_SHA2011,COUNTRY,YEM,EMR,Eastern Mediterranean,YEAR,2001,,,,,,,,,10.75,10.75155084,,,,2025-12-05T13:23:08Z,2001,2001-01-01,2001-12-31
6466595,GHED_OOP_pc_US_SHA2011,COUNTRY,PLW,WPR,Western Pacific,YEAR,2023,,,,,,,,,203.78,203.78294289,,,,2025-12-05T13:23:08Z,2023,2023-01-01,2023-12-31
6466887,GHED_OOP_pc_US_SHA2011,COUNTRY,LCA,AMR,Americas,YEAR,2003,,,,,,,,,189.22,189.21968546,,,,2025-12-05T13:23:08Z,2003,2003-01-01,2003-12-31
6467263,GHED_OOP_pc_US_SHA2011,GLOBAL,GLOBAL,,,YEAR,2019,,,,,,,,,229.69,229.69008294,,,,2025-12-05T13:23:08Z,2019,2019-01-01,2019-12-31
6467794,GHED_OOP_pc_US_SHA2011,COUNTRY,COK,WPR,Western Pacific,YEAR,2007,,,,,,,,,36.98,36.98125897,,,,2025-12-05T13:23:08Z,2007,2007-01-01,2007-12-31
6470467,GHED_OOP_pc_US_SHA2011,COUNTRY,GHA,AFR,Africa,YEAR,2002,,,,,,,,,4.57,4.5734089000000004,,,,2025-12-05T13:23:08Z,2002,2002-01-01,2002-12-31
6475772,GHED_OOP_pc_US_SHA2011,COUNTRY,MDG,AFR,Africa,YEAR,2010,,,,,,,,,7.64,7.64210876,,,,2025-12-05T13:23:08Z,2010,2010-01-01,2010-12-31
6476378,GHED_OOP_pc_US_SHA2011,COUNTRY,BHR,EMR,Eastern Mediterranean,YEAR,2019,,,,,,,,,308.87,308.8664327,,,,2025-12-05T13:23:08Z,2019,2019-01-01,2019-12-31
6476994,GHED_OOP_pc_US_SHA2011,COUNTRY,LAO,WPR,Western Pacific,YEAR,2019,,,,,,,,,28.27,28.26969177,,,,2025-12-05T13:23:08Z,2019,2019-01-01,2019-12-31
6480386,GHED_OOP_pc_US_SHA2011,COUNTRY,LBY,EMR,Eastern Mediterranean,YEAR,2017,,,,,,,,,157.45,157.45019825,,,,2025-12-05T13:23:08Z,2017,2017-01-01,2017-12-31
6482480,GHED_OOP_pc_US_SHA2011,COUNTRY,BEN,AFR,Africa,YEAR,2021,,,,,,,,,21.29,21.28814503,,,,2025-12-05T13:23:08Z,2021,2021-01-01,2021-12-31
6482728,GHED_OOP_pc_US_SHA2011,COUNTRY,OMN,EMR,Eastern Mediterranean,YEAR,2022,,,,,,,,,49.15,49.15302309,,,,2025-12-05T13:23:08Z,2022,2022-01-01,2022-12-31
6483033,GHED_OOP_pc_US_SHA2011,REGION,EMR,,,YEAR,2013,,,,,,,,,115.08,115.07584562,,,,2025-12-05T13:23:08Z,2013,2013-01-01,2013-12-31
6483124,GHED_OOP_pc_US_SHA2011,COUNTRY,IRN,EMR,Eastern Mediterranean,YEAR,2019,,,,,,,,,87.52,87.52332363,,,,2025-12-05T13:23:08Z,2019,2019-01-01,2019-12-31
6483169,GHED_OOP_pc_US_SHA2011,COUNTRY,CZE,EUR,Europe,YEAR,2022,,,,,,,,,347.34,347.34343529,,,,2025-12-05T13:23:08Z,2022,2022-01-01,2022-12-31
6486300,GHED_OOP_pc_US_SHA2011,COUNTRY,BEL,EUR,Europe,YEAR,2023,,,,,,,,,1275.75,1275.75113672,,,,2025-12-05T13:23:08Z,2023,2023-01-01,2023-12-31
6491812,GHED_OOP_pc_US_SHA2011,COUNTRY,FSM,WPR,Western Pacific,YEAR,2004,,,,,,,,,11.22,11.22264363,,,,2025-12-05T13:23:08Z,2004,2004-01-01,2004-12-31
6491896,GHED_OOP_pc_US_SHA2011,COUNTRY,GMB,AFR,Africa,YEAR,2011,,,,,,,,,5.97,5.97069135,,,,2025-12-05T13:23:08Z,2011,2011-01-01,2011-12-31
6497667,GHED_OOP_pc_US_SHA2011,WORLDBANKINCOMEGROUP,WB_LI,,,YEAR,2008,,,,,,,,,17.00,16.99995131,,,,2025-12-05T13:23:08Z,2008,2008-01-01,2008-12-31
6497978,GHED_OOP_pc_US_SHA2011,COUNTRY,DJI,EMR,Eastern Mediterranean,YEAR,2017,,,,,,,,,16.91,16.91120748,,,,2025-12-05T13:23:08Z,2017,2017-01-01,2017-12-31
6499451,GHED_OOP_pc_US_SHA2011,COUNTRY,LKA,SEAR,South-East Asia,YEAR,2011,,,,,,,,,59.17,59.16868971,,,,2025-12-05T13:23:08Z,2011,2011-01-01,2011-12-31
6505582,GHED_OOP_pc_US_SHA2011,COUNTRY,CYP,EUR,Europe,YEAR,2018,,,,,,,,,881.76,881.76035939,,,,2025-12-05T13:23:08Z,2018,2018-01-01,2018-12-31
6513054,GHED_OOP_pc_US_SHA2011,COUNTRY,SAU,EMR,Eastern Mediterranean,YEAR,2000,,,,,,,,,91.09,91.08822614,,,,2025-12-05T13:23:08Z,2000,2000-01-01,2000-12-31
6514175,GHED_OOP_pc_US_SHA2011,COUNTRY,HRV,EUR,Europe,YEAR,2012,,,,,,,,,118.63,118.63018764,,,,2025-12-05T13:23:08Z,2012,2012-01-01,2012-12-31
6523196,GHED_OOP_pc_US_SHA2011,COUNTRY,KIR,WPR,Western Pacific,YEAR,2009,,,,,,,,,0.73,0.73254279,,,,2025-12-05T13:23:08Z,2009,2009-01-01,2009-12-31
6523238,GHED_OOP_pc_US_SHA2011,COUNTRY,BGD,SEAR,South-East Asia,YEAR,2016,,,,,,,,,28.10,28.10214309,,,,2025-12-05T13:23:08Z,2016,2016-01-01,2016-12-31
6523893,GHED_OOP_pc_US_SHA2011,COUNTRY,BIH,EUR,Europe,YEAR,2020,,,,,,,,,171.69,171.69232558,,,,2025-12-05T13:23:08Z,2020,2020-01-01,2020-12-31
6526264,GHED_OOP_pc_US_SHA2011,COUNTRY,VUT,WPR,Western Pacific,YEAR,2020,,,,,,,,,10.53,10.53452916,,,,2025-12-05T13:23:08Z,2020,2020-01-01,2020-12-31
6532029,GHED_OOP_pc_US_SHA2011,COUNTRY,CHE,EUR,Europe,YEAR,2014,,,,,,,,,2141.46,2141.46301822,,,,2025-12-05T13:23:08Z,2014,2014-01-01,2014-12-31
6532926,GHED_OOP_pc_US_SHA2011,COUNTRY,UKR,EUR,Europe,YEAR,2020,,,,,,,,,126.87,126.86690372,,,,2025-12-05T13:23:08Z,2020,2020-01-01,2020-12-31
6535862,GHED_OOP_pc_US_SHA2011,COUNTRY,SOM,EMR,Eastern Mediterranean,YEAR,2017,,,,,,,,,5.36,5.36444525,,,,2025-12-05T13:23:08Z,2017,2017-01-01,2017-12-31
6536213,GHED_OOP_pc_US_SHA2011,COUNTRY,ARE,EMR,Eastern Mediterranean,YEAR,2011,,,,,,,,,301.82,301.81903828,,,,2025-12-05T13:23:08Z,2011,2011-01-01,2011-12-31
6538176,GHED_OOP_pc_US_SHA2011,COUNTRY,LIE,EUR,Europe,YEAR,2022,,,,,,,,,2072.21,2072.21486018,,,,2025-12-05T13:23:08Z,2022,2022-01-01,2022-12-31
6542033,GHED_OOP_pc_US_SHA2011,COUNTRY,CHL,AMR,Americas,YEAR,2016,,,,,,,,,405.85,405.85253581,,,,2025-12-05T13:23:08Z,2016,2016-01-01,2016-12-31
6542889,GHED_OOP_pc_US_SHA2011,COUNTRY,AUS,WPR,Western Pacific,YEAR,2014,,,,,,,,,1088.38,1088.37767488,,,,2025-12-05T13:23:08Z,2014,2014-01-01,2014-12-31
6543122,GHED_OOP_pc_US_SHA2011,COUNTRY,TON,WPR,Western Pacific,YEAR,2022,,,,,,,,,15.02,15.02206765,,,,2025-12-05T13:23:08Z,2022,2022-01-01,2022-12-31
6543137,GHED_OOP_pc_US_SHA2011,COUNTRY,FSM,WPR,Western Pacific,YEAR,2021,,,,,,,,,11.22,11.22355845,,,,2025-12-05T13:23:08Z,2021,2021-01-01,2021-12-31
6547910,GHED_OOP_pc_US_SHA2011,COUNTRY,KNA,AMR,Americas,YEAR,2018,,,,,,,,,553.48,553.48495832,,,,2025-12-05T13:23:08Z,2018,2018-01-01,2018-12-31
6548129,GHED_OOP_pc_US_SHA2011,COUNTRY,ERI,AFR,Africa,YEAR,2022,,,,,,,,,14.71,14.70818109,,,,2025-12-05T13:23:08Z,2022,2022-01-01,2022-12-31
6548286,GHED_OOP_pc_US_SHA2011,COUNTRY,LKA,SEAR,South-East Asia,YEAR,2013,,,,,,,,,65.16,65.16003204,,,,2025-12-05T13:23:08Z,2013,2013-01-01,2013-12-31
6550700,GHED_OOP_pc_US_SHA2011,COUNTRY,TTO,AMR,Americas,YEAR,2005,,,,,,,,,245.28,245.27833257,,,,2025-12-05T13:23:08Z,2005,2005-01-01,2005-12-31
6554175,GHED_OOP_pc_US_SHA2011,COUNTRY,BEL,EUR,Europe,YEAR,2004,,,,,,,,,670.06,670.05783447,,,,2025-12-05T13:23:08Z,2004,2004-01-01,2004-12-31
6555298,GHED_OOP_pc_US_SHA2011,COUNTRY,SAU,EMR,Eastern Mediterranean,YEAR,2005,,,,,,,,,90.00,90.00048152,,,,2025-12-05T13:23:08Z,2005,2005-01-01,2005-12-31
6555704,GHED_OOP_pc_US_SHA2011,COUNTRY,NZL,WPR,Western Pacific,YEAR,2010,,,,,,,,,362.27,362.26863004,,,,2025-12-05T13:23:08Z,2010,2010-01-01,2010-12-31
6560454,GHED_OOP_pc_US_SHA2011,COUNTRY,CMR,AFR,Africa,YEAR,2009,,,,,,,,,39.26,39.26416493,,,,2025-12-05T13:23:08Z,2009,2009-01-01,2009-12-31
6563023,GHED_OOP_pc_US_SHA2011,COUNTRY,ETH,AFR,Africa,YEAR,2004,,,,,,,,,2.00,2.00083803,,,,2025-12-05T13:23:08Z,2004,2004-01-01,2004-12-31
6568301,GHED_OOP_pc_US_SHA2011,COUNTRY,VCT,AMR,Americas,YEAR,2021,,,,,,,,,119.13,119.12975334,,,,2025-12-05T13:23:08Z,2021,2021-01-01,2021-12-31
6573665,GHED_OOP_pc_US_SHA2011,COUNTRY,MHL,WPR,Western Pacific,YEAR,2000,,,,,,,,,4.37,4.36512952,,,,2025-12-05T13:23:08Z,2000,2000-01-01,2000-12-31
6574832,GHED_OOP_pc_US_SHA2011,COUNTRY,ZMB,AFR,Africa,YEAR,2000,,,,,,,,,6.74,6.74016975,,,,2025-12-05T13:23:08Z,2000,2000-01-01,2000-12-31
6575758,GHED_OOP_pc_US_SHA2011,COUNTRY,ZWE,AFR,Africa,YEAR,2018,,,,,,,,,10.10,10.09541286,,,,2025-12-05T13:23:08Z,2018,2018-01-01,2018-12-31
6576041,GHED_OOP_pc_US_SHA2011,COUNTRY,AZE,EUR,Europe,YEAR,2003,,,,,,,,,16.31,16.31384356,,,,2025-12-05T13:23:08Z,2003,2003-01-01,2003-12-31
6586023,GHED_OOP_pc_US_SHA2011,COUNTRY,SOM,EMR,Eastern Mediterranean,YEAR,2014,,,,,,,,,5.21,5.20744524,,,,2025-12-05T13:23:08Z,2014,2014-01-01,2014-12-31
6586848,GHED_OOP_pc_US_SHA2011,COUNTRY,MMR,SEAR,South-East Asia,YEAR,2005,,,,,,,,,6.31,6.31354813,,,,2025-12-05T13:23:08Z,2005,2005-01-01,2005-12-31
6594466,GHED_OOP_pc_US_SHA2011,COUNTRY,ROU,EUR,Europe,YEAR,2016,,,,,,,,,98.84,98.84459464,,,,2025-12-05T13:23:08Z,2016,2016-01-01,2016-12-31
6598767,GHED_OOP_pc_US_SHA2011,COUNTRY,MRT,AFR,Africa,YEAR,2003,,,,,,,,,20.19,20.18785977,,,,2025-12-05T13:23:08Z,2003,2003-01-01,2003-12-31
6599824,GHED_OOP_pc_US_SHA2011,COUNTRY,ROU,EUR,Europe,YEAR,2008,,,,,,,,,94.79,94.78640742,,,,2025-12-05T13:23:08Z,2008,2008-01-01,2008-12-31
6609397,GHED_OOP_pc_US_SHA2011,COUNTRY,NZL,WPR,Western Pacific,YEAR,2016,,,,,,,,,513.83,513.82827609,,,,2025-12-05T13:23:08Z,2016,2016-01-01,2016-12-31
6611825,GHED_OOP_pc_US_SHA2011,COUNTRY,TJK,EUR,Europe,YEAR,2003,,,,,,,,,8.05,8.04530428,,,,2025-12-05T13:23:08Z,2003,2003-01-01,2003-12-31
6613404,GHED_OOP_pc_US_SHA2011,COUNTRY,JAM,AMR,Americas,YEAR,2021,,,,,,,,,90.77,90.7666079,,,,2025-12-05T13:23:08Z,2021,2021-01-01,2021-12-31
6619947,GHED_OOP_pc_US_SHA2011,COUNTRY,SWZ,AFR,Africa,YEAR,2005,,,,,,,,,28.78,28.77539607,,,,2025-12-05T13:23:08Z,2005,2005-01-01,2005-12-31
6621081,GHED_OOP_pc_US_SHA2011,COUNTRY,VCT,AMR,Americas,YEAR,2006,,,,,,,,,73.33,73.33170354,,,,2025-12-05T13:23:08Z,2006,2006-01-01,2006-12-31
6621875,GHED_OOP_pc_US_SHA2011,COUNTRY,BLR,EUR,Europe,YEAR,2019,,,,,,,,,102.79,102.78998428,,,,2025-12-05T13:23:08Z,2019,2019-01-01,2019-12-31
6623899,GHED_OOP_pc_US_SHA2011,COUNTRY,MDA,EUR,Europe,YEAR,2010,,,,,,,,,80.17,80.17191647,,,,2025-12-05T13:23:08Z,2010,2010-01-01,2010-12-31
6627841,GHED_OOP_pc_US_SHA2011,COUNTRY,SVK,EUR,Europe,YEAR,2014,,,,,,,,,232.18,232.18498967,,,,2025-12-05T13:23:08Z,2014,2014-01-01,2014-12-31
6628305,GHED_OOP_pc_US_SHA2011,COUNTRY,LAO,WPR,Western Pacific,YEAR,2011,,,,,,,,,14.27,14.26513488,,,,2025-12-05T13:23:08Z,2011,2011-01-01,2011-12-31
6632168,GHED_OOP_pc_US_SHA2011,REGION,AFR,,,YEAR,2020,,,,,,,,,33.67,33.66719682,,,,2025-12-05T13:23:08Z,2020,2020-01-01,2020-12-31
6637393,GHED_OOP_pc_US_SHA2011,COUNTRY,ATG,AMR,Americas,YEAR,2004,,,,,,,,,145.32,145.32142137,,,,2025-12-05T13:23:08Z,2004,2004-01-01,2004-12-31
6638016,GHED_OOP_pc_US_SHA2011,COUNTRY,NER,AFR,Africa,YEAR,2013,,,,,,,,,13.92,13.91731715,,,,2025-12-05T13:23:08Z,2013,2013-01-01,2013-12-31
6640752,GHED_OOP_pc_US_SHA2011,COUNTRY,GUY,AMR,Americas,YEAR,2002,,,,,,,,,26.21,26.21477128,,,,2025-12-05T13:23:08Z,2002,2002-01-01,2002-12-31
6644679,GHED_OOP_pc_US_SHA2011,COUNTRY,SVN,EUR,Europe,YEAR,2023,,,,,,,,,376.44,376.43765174,,,,2025-12-05T13:23:08Z,2023,2023-01-01,2023-12-31
6644951,GHED_OOP_pc_US_SHA2011,COUNTRY,POL,EUR,Europe,YEAR,2008,,,,,,,,,218.07,218.0664671,,,,2025-12-05T13:23:08Z,2008,2008-01-01,2008-12-31
6651797,GHED_OOP_pc_US_SHA2011,COUNTRY,LUX,EUR,Europe,YEAR,2004,,,,,,,,,716.77,716.7691411,,,,2025-12-05T13:23:08Z,2004,2004-01-01,2004-12-31
6657866,GHED_OOP_pc_US_SHA2011,COUNTRY,CYP,EUR,Europe,YEAR,2023,,,,,,,,,520.23,520.23091266,,,,2025-12-05T13:23:08Z,2023,2023-01-01,2023-12-31
6659404,GHED_OOP_pc_US_SHA2011,COUNTRY,PRY,AMR,Americas,YEAR,2006,,,,,,,,,69.46,69.4570474,,,,2025-12-05T13:23:08Z,2006,2006-01-01,2006-12-31
6661632,GHED_OOP_pc_US_SHA2011,COUNTRY,RWA,AFR,Africa,YEAR,2011,,,,,,,,,5.58,5.5759045,,,,2025-12-05T13:23:08Z,2011,2011-01-01,2011-12-31
6663419,GHED_OOP_pc_US_SHA2011,COUNTRY,KOR,WPR,Western Pacific,YEAR,2004,,,,,,,,,342.71,342.70619589,,,,2025-12-05T13:23:08Z,2004,2004-01-01,2004-12-31
6668336,GHED_OOP_pc_US_SHA2011,COUNTRY,ARM,EUR,Europe,YEAR,2003,,,,,,,,,50.68,50.68219507,,,,2025-12-05T13:23:08Z,2003,2003-01-01,2003-12-31
6668564,GHED_OOP_pc_US_SHA2011,COUNTRY,FSM,WPR,Western Pacific,YEAR,2011,,,,,,,,,11.44,11.43995246,,,,2025-12-05T13:23:08Z,2011,2011-01-01,2011-12-31
6683524,GHED_OOP_pc_US_SHA2011,COUNTRY,QAT,EMR,Eastern Mediterranean,YEAR,2021,,,,,,,,,121.12,121.11865157,,,,2025-12-05T13:23:08Z,2021,2021-01-01,2021-12-31
6690103,GHED_OOP_pc_US_SHA2011,REGION,SEAR,,,YEAR,2007,,,,,,,,,38.27,38.26718217,,,,2025-12-05T13:23:08Z,2007,2007-01-01,2007-12-31
6690630,GHED_OOP_pc_US_SHA2011,COUNTRY,TLS,SEAR,South-East Asia,YEAR,2014,,,,,,,,,7.36,7.36100705,,,,2025-12-05T13:23:08Z,2014,2014-01-01,2014-12-31
6698175,GHED_OOP_pc_US_SHA2011,COUNTRY,WSM,WPR,Western Pacific,YEAR,2005,,,,,,,,,15.84,15.83543942,,,,2025-12-05T13:23:08Z,2005,2005-01-01,2005-12-31
6700032,GHED_OOP_pc_US_SHA2011,COUNTRY,BTN,SEAR,South-East Asia,YEAR,2014,,,,,,,,,18.46,18.45947498,,,,2025-12-05T13:23:08Z,2014,2014-01-01,2014-12-31
6704206,GHED_OOP_pc_US_SHA2011,COUNTRY,CHN,WPR,Western Pacific,YEAR,2005,,,,,,,,,42.12,42.1152307,,,,2025-12-05T13:23:08Z,2005,2005-01-01,2005-12-31
6707841,GHED_OOP_pc_US_SHA2011,COUNTRY,TUV,WPR,Western Pacific,YEAR,2003,,,,,,,,,3.44,3.44392977,,,,2025-12-05T13:23:08Z,2003,2003-01-01,2003-12-31
6709402,GHED_OOP_pc_US_SHA2011,WORLDBANKINCOMEGROUP,WB_UMI,,,YEAR,2014,,,,,,,,,138.40,138.40194703,,,,2025-12-05T13:23:08Z,2014,2014-01-01,2014-12-31
6710184,GHED_OOP_pc_US_SHA2011,COUNTRY,TUN,EMR,Eastern Mediterranean,YEAR,2018,,,,,,,,,90.29,90.29300064,,,,2025-12-05T13:23:08Z,2018,2018-01-01,2018-12-31
6710847,GHED_OOP_pc_US_SHA2011,COUNTRY,BRN,WPR,Western Pacific,YEAR,2004,,,,,,,,,106.65,106.65361607,,,,2025-12-05T13:23:08Z,2004,2004-01-01,2004-12-31
6712581,GHED_OOP_pc_US_SHA2011,COUNTRY,RWA,AFR,Africa,YEAR,2016,,,,,,,,,5.77,5.76656464,,,,2025-12-05T13:23:08Z,2016,2016-01-01,2016-12-31
6712972,GHED_OOP_pc_US_SHA2011,COUNTRY,PRT,EUR,Europe,YEAR,2011,,,,,,,,,601.31,601.31332322,,,,2025-12-05T13:23:08Z,2011,2011-01-01,2011-12-31
6713831,GHED_OOP_pc_US_SHA2011,COUNTRY,PRY,AMR,Americas,YEAR,2019,,,,,,,,,174.94,174.94019368,,,,2025-12-05T13:23:08Z,2019,2019-01-01,2019-12-31
6716737,GHED_OOP_pc_US_SHA2011,COUNTRY,LCA,AMR,Americas,YEAR,2012,,,,,,,,,232.95,232.95483933,,,,2025-12-05T13:23:08Z,2012,2012-01-01,2012-12-31
6721460,GHED_OOP_pc_US_SHA2011,COUNTRY,PSE,EMR,Eastern Mediterranean,YEAR,2008,,,,,,,,,71.95,71.94517791,,,,2025-12-05T13:23:08Z,2008,2008-01-01,2008-12-31
6725308,GHED_OOP_pc_US_SHA2011,COUNTRY,CHE,EUR,Europe,YEAR,2018,,,,,,,,,2094.18,2094.18464318,,,,2025-12-05T13:23:08Z,2018,2018-01-01,2018-12-31
6725774,GHED_OOP_pc_US_SHA2011,COUNTRY,AND,EUR,Europe,YEAR,2006,,,,,,,,,386.15,386.14530691,,,,2025-12-05T13:23:08Z,2006,2006-01-01,2006-12-31
6727543,GHED_OOP_pc_US_SHA2011,COUNTRY,CMR,AFR,Africa,YEAR,2016,,,,,,,,,42.56,42.56016523,,,,2025-12-05T13:23:08Z,2016,2016-01-01,2016-12-31
6729688,GHED_OOP_pc_US_SHA2011,COUNTRY,THA,SEAR,South-East Asia,YEAR,2008,,,,,,,,,21.92,21.91556725,,,,2025-12-05T13:23:08Z,2008,2008-01-01,2008-12-31
6732037,GHED_OOP_pc_US_SHA2011,COUNTRY,SUR,AMR,Americas,YEAR,2023,,,,,,,,,58.57,58.56751519,,,,2025-12-05T13:23:08Z,2023,2023-01-01,2023-12-31
6736186,GHED_OOP_pc_US_SHA2011,COUNTRY,ARM,EUR,Europe,YEAR,2009,,,,,,,,,182.54,182.54075095,,,,2025-12-05T13:23:08Z,2009,2009-01-01,2009-12-31
6741028,GHED_OOP_pc_US_SHA2011,COUNTRY,TKM,EUR,Europe,YEAR,2005,,,,,,,,,239.80,239.80143163,,,,2025-12-05T13:23:08Z,2005,2005-01-01,2005-12-31
6741328,GHED_OOP_pc_US_SHA2011,GLOBAL,GLOBAL,,,YEAR,2009,,,,,,,,,191.47,191.46514037,,,,2025-12-05T13:23:08Z,2009,2009-01-01,2009-12-31
6741757,GHED_OOP_pc_US_SHA2011,COUNTRY,DNK,EUR,Europe,YEAR,2017,,,,,,,,,796.62,796.61511009,,,,2025-12-05T13:23:08Z,2017,2017-01-01,2017-12-31
6744940,GHED_OOP_pc_US_SHA2011,COUNTRY,FJI,WPR,Western Pacific,YEAR,2001,,,,,,,,,8.10,8.10441044,,,,2025-12-05T13:23:08Z,2001,2001-01-01,2001-12-31
6745904,GHED_OOP_pc_US_SHA2011,COUNTRY,MLI,AFR,Africa,YEAR,2004,,,,,,,,,12.08,12.07919894,,,,2025-12-05T13:23:08Z,2004,2004-01-01,2004-12-31
6745995,GHED_OOP_pc_US_SHA2011,COUNTRY,NLD,EUR,Europe,YEAR,2016,,,,,,,,,524.14,524.14409709,,,,2025-12-05T13:23:08Z,2016,2016-01-01,2016-12-31
6748335,GHED_OOP_pc_US_SHA2011,COUNTRY,UZB,EUR,Europe,YEAR,2022,,,,,,,,,111.84,111.8372093,,,,2025-12-05T13:23:08Z,2022,2022-01-01,2022-12-31
6751996,GHED_OOP_pc_US_SHA2011,COUNTRY,MNG,WPR,Western Pacific,YEAR,2016,,,,,,,,,58.64,58.63787247,,,,2025-12-05T13:23:08Z,2016,2016-01-01,2016-12-31
6753175,GHED_OOP_pc_US_SHA2011,COUNTRY,AND,EUR,Europe,YEAR,2020,,,,,,,,,366.75,366.75418413,,,,2025-12-05T13:23:08Z,2020,2020-01-01,2020-12-31
6753250,GHED_OOP_pc_US_SHA2011,COUNTRY,ZWE,AFR,Africa,YEAR,2023,,,,,,,,,6.69,6.69241763,,,,2025-12-05T13:23:08Z,2023,2023-01-01,2023-12-31
6753842,GHED_OOP_pc_US_SHA2011,COUNTRY,COG,AFR,Africa,YEAR,2008,,,,,,,,,24.00,24.00430855,,,,2025-12-05T13:23:08Z,2008,2008-01-01,2008-12-31
6754843,GHED_OOP_pc_US_SHA2011,COUNTRY,CHE,EUR,Europe,YEAR,2020,,,,,,,,,2133.48,2133.47855759,,,,2025-12-05T13:23:08Z,2020,2020-01-01,2020-12-31
6756929,GHED_OOP_pc_US_SHA2011,COUNTRY,MHL,WPR,Western Pacific,YEAR,2017,,,,,,,,,7.96,7.96193406,,,,2025-12-05T13:23:08Z,2017,2017-01-01,2017-12-31
6758630,GHED_OOP_pc_US_SHA2011,COUNTRY,JOR,EMR,Eastern Mediterranean,YEAR,2014,,,,,,,,,63.12,63.11963724,,,,2025-12-05T13:23:08Z,2014,2014-01-01,2014-12-31
6759185,GHED_OOP_pc_US_SHA2011,COUNTRY,COL,AMR,Americas,YEAR,2007,,,,,,,,,59.60,59.59674742,,,,2025-12-05T13:23:08Z,2007,2007-01-01,2007-12-31
6760488,GHED_OOP_pc_US_SHA2011,REGION,EMR,,,YEAR,2005,,,,,,,,,82.72,82.71563571,,,,2025-12-05T13:23:08Z,2005,2005-01-01,2005-12-31
6761309,GHED_OOP_pc_US_SHA2011,REGION,EUR,,,YEAR,2012,,,,,,,,,436.05,436.04616577,,,,2025-12-05T13:23:08Z,2012,2012-01-01,2012-12-31
6763479,GHED_OOP_pc_US_SHA2011,COUNTRY,HTI,AMR,Americas,YEAR,2008,,,,,,,,,15.60,15.60387418,,,,2025-12-05T13:23:08Z,2008,2008-01-01,2008-12-31
6766308,GHED_OOP_pc_US_SHA2011,COUNTRY,ZAF,AFR,Africa,YEAR,2003,,,,,,,,,35.26,35.25523474,,,,2025-12-05T13:23:08Z,2003,2003-01-01,2003-12-31
6770565,GHED_OOP_pc_US_SHA2011,COUNTRY,BRA,AMR,Americas,YEAR,2007,,,,,,,,,201.12,201.12296057,,,,2025-12-05T13:23:08Z,2007,2007-01-01,2007-12-31
6771540,GHED_OOP_pc_US_SHA2011,COUNTRY,KIR,WPR,Western Pacific,YEAR,2005,,,,,,,,,0.16,0.15579373,,,,2025-12-05T13:23:08Z,2005,2005-01-01,2005-12-31
6773637,GHED_OOP_pc_US_SHA2011,REGION,WPR,,,YEAR,2008,,,,,,,,,123.20,123.19570881,,,,2025-12-05T13:23:08Z,2008,2008-01-01,2008-12-31
6789309,GHED_OOP_pc_US_SHA2011,COUNTRY,KOR,WPR,Western Pacific,YEAR,2014,,,,,,,,,722.11,722.11345074,,,,2025-12-05T13:23:08Z,2014,2014-01-01,2014-12-31
6791150,GHED_OOP_pc_US_SHA2011,COUNTRY,CAF,AFR,Africa,YEAR,2020,,,,,,,,,21.18,21.17904193,,,,2025-12-05T13:23:08Z,2020,2020-01-01,2020-12-31
6793735,GHED_OOP_pc_US_SHA2011,COUNTRY,LBY,EMR,Eastern Mediterranean,YEAR,2003,,,,,,,,,64.04,64.04270127,,,,2025-12-05T13:23:08Z,2003,2003-01-01,2003-12-31
6798214,GHED_OOP_pc_US_SHA2011,COUNTRY,NPL,SEAR,South-East Asia,YEAR,2007,,,,,,,,,10.45,10.44819824,,,,2025-12-05T13:23:08Z,2007,2007-01-01,2007-12-31
6803338,GHED_OOP_pc_US_SHA2011,COUNTRY,AZE,EUR,Europe,YEAR,2006,,,,,,,,,28.07,28.0695381,,,,2025-12-05T13:23:08Z,2006,2006-01-01,2006-12-31
6804644,GHED_OOP_pc_US_SHA2011,COUNTRY,NPL,SEAR,South-East Asia,YEAR,2019,,,,,,,,,31.05,31.04785251,,,,2025-12-05T13:23:08Z,2019,2019-01-01,2019-12-31
6812335,GHED_OOP_pc_US_SHA2011,COUNTRY,ISR,EUR,Europe,YEAR,2020,,,,,,,,,738.75,738.74877162,,,,2025-12-05T13:23:08Z,2020,2020-01-01,2020-12-31
6814196,GHED_OOP_pc_US_SHA2011,COUNTRY,KEN,AFR,Africa,YEAR,2019,,,,,,,,,20.81,20.81160169,,,,2025-12-05T13:23:08Z,2019,2019-01-01,2019-12-31
6816066,GHED_OOP_pc_US_SHA2011,COUNTRY,BWA,AFR,Africa,YEAR,2007,,,,,,,,,20.67,20.6714273,,,,2025-12-05T13:23:08Z,2007,2007-01-01,2007-12-31
6824188,GHED_OOP_pc_US_SHA2011,COUNTRY,BGR,EUR,Europe,YEAR,2015,,,,,,,,,227.09,227.09431119,,,,2025-12-05T13:23:08Z,2015,2015-01-01,2015-12-31
6828230,GHED_OOP_pc_US_SHA2011,COUNTRY,JOR,EMR,Eastern Mediterranean,YEAR,2008,,,,,,,,,87.89,87.8948246,,,,2025-12-05T13:23:08Z,2008,2008-01-01,2008-12-31
6828982,GHED_OOP_pc_US_SHA2011,COUNTRY,WSM,WPR,Western Pacific,YEAR,2009,,,,,,,,,21.67,21.66809326,,,,2025-12-05T13:23:08Z,2009,2009-01-01,2009-12-31
6829027,GHED_OOP_pc_US_SHA2011,COUNTRY,NZL,WPR,Western Pacific,YEAR,2006,,,,,,,,,318.85,318.84654864,,,,2025-12-05T13:23:08Z,2006,2006-01-01,2006-12-31
6831061,GHED_OOP_pc_US_SHA2011,COUNTRY,TUR,EUR,Europe,YEAR,2020,,,,,,,,,63.46,63.46478374,,,,2025-12-05T13:23:08Z,2020,2020-01-01,2020-12-31
6833356,GHED_OOP_pc_US_SHA2011,COUNTRY,AZE,EUR,Europe,YEAR,2018,,,,,,,,,132.12,132.12139321,,,,2025-12-05T13:23:08Z,2018,2018-01-01,2018-12-31
6833464,GHED_OOP_pc_US_SHA2011,COUNTRY,QAT,EMR,Eastern Mediterranean,YEAR,2022,,,,,,,,,137.77,137.77052883,,,,2025-12-05T13:23:08Z,2022,2022-01-01,2022-12-31
6834790,GHED_OOP_pc_US_SHA2011,COUNTRY,RUS,EUR,Europe,YEAR,2018,,,,,,,,,232.21,232.21234791,,,,2025-12-05T13:23:08Z,2018,2018-01-01,2018-12-31
6835565,GHED_OOP_pc_US_SHA2011,COUNTRY,PNG,WPR,Western Pacific,YEAR,2013,,,,,,,,,5.04,5.0445462,,,,2025-12-05T13:23:08Z,2013,2013-01-01,2013-12-31
6843811,GHED_OOP_pc_US_SHA2011,COUNTRY,TKM,EUR,Europe,YEAR,2022,,,,,,,,,458.81,458.81293454,,,,2025-12-05T13:23:08Z,2022,2022-01-01,2022-12-31
6846359,GHED_OOP_pc_US_SHA2011,COUNTRY,RWA,AFR,Africa,YEAR,2019,,,,,,,,,4.01,4.01245307,,,,2025-12-05T13:23:08Z,2019,2019-01-01,2019-12-31
6850510,GHED_OOP_pc_US_SHA2011,COUNTRY,AGO,AFR,Africa,YEAR,2004,,,,,,,,,23.55,23.55485536,,,,2025-12-05T13:23:08Z,2004,2004-01-01,2004-12-31
6855543,GHED_OOP_pc_US_SHA2011,COUNTRY,MYS,WPR,Western Pacific,YEAR,2002,,,,,,,,,42.13,42.13253157,,,,2025-12-05T13:23:08Z,2002,2002-01-01,2002-12-31
6856045,GHED_OOP_pc_US_SHA2011,REGION,EMR,,,YEAR,2003,,,,,,,,,72.70,72.69525798,,,,2025-12-05T13:23:08Z,2003,2003-01-01,2003-12-31
6860463,GHED_OOP_pc_US_SHA2011,COUNTRY,ARM,EUR,Europe,YEAR,2000,,,,,,,,,15.91,15.91240559,,,,2025-12-05T13:23:08Z,2000,2000-01-01,2000-12-31
6860478,GHED_OOP_pc_US_SHA2011,COUNTRY,PAN,AMR,Americas,YEAR,2014,,,,,,,,,292.33,292.32871472,,,,2025-12-05T13:23:08Z,2014,2014-01-01,2014-12-31
6860782,GHED_OOP_pc_US_SHA2011,COUNTRY,AUS,WPR,Western Pacific,YEAR,2011,,,,,,,,,1126.74,1126.74486475,,,,2025-12-05T13:23:08Z,2011,2011-01-01,2011-12-31
6861113,GHED_OOP_pc_US_SHA2011,COUNTRY,LUX,EUR,Europe,YEAR,2000,,,,,,,,,413.45,413.44657537,,,,2025-12-05T13:23:08Z,2000,2000-01-01,2000-12-31
6863175,GHED_OOP_pc_US_SHA2011,COUNTRY,BFA,AFR,Africa,YEAR,2014,,,,,,,,,13.03,13.03336938,,,,2025-12-05T13:23:08Z,2014,2014-01-01,2014-12-31
6868748,GHED_OOP_pc_US_SHA2011,COUNTRY,IND,SEAR,South-East Asia,YEAR,2013,,,,,,,,,38.31,38.31435381,,,,2025-12-05T13:23:08Z,2013,2013-01-01,2013-12-31
6878311,GHED_OOP_pc_US_SHA2011,COUNTRY,PRY,AMR,Americas,YEAR,2007,,,,,,,,,93.46,93.45905834,,,,2025-12-05T13:23:08Z,2007,2007-01-01,2007-12-31
6880912,GHED_OOP_pc_US_SHA2011,COUNTRY,MYS,WPR,Western Pacific,YEAR,2011,,,,,,,,,116.82,116.81962485,,,,2025-12-05T13:23:08Z,2011,2011-01-01,2011-12-31
6883879,GHED_OOP_pc_US_SHA2011,COUNTRY,BOL,AMR,Americas,YEAR,2000,,,,,,,,,14.37,14.37137509,,,,2025-12-05T13:23:08Z,2000,2000-01-01,2000-12-31
6894544,GHED_OOP_pc_US_SHA2011,COUNTRY,POL,EUR,Europe,YEAR,2023,,,,,,,,,250.05,250.05238005,,,,2025-12-05T13:23:08Z,2023,2023-01-01,2023-12-31
6896406,GHED_OOP_pc_US_SHA2011,COUNTRY,OMN,EMR,Eastern Mediterranean,YEAR,2011,,,,,,,,,61.05,61.05073522,,,,2025-12-05T13:23:08Z,2011,2011-01-01,2011-12-31
6898224,GHED_OOP_pc_US_SHA2011,COUNTRY,USA,AMR,Americas,YEAR,2013,,,,,,,,,1033.26,1033.25911611,,,,2025-12-05T13:23:08Z,2013,2013-01-01,2013-12-31
6899655,GHED_OOP_pc_US_SHA2011,COUNTRY,GTM,AMR,Americas,YEAR,2018,,,,,,,,,152.85,152.84640309,,,,2025-12-05T13:23:08Z,2018,2018-01-01,2018-12-31
6899834,GHED_OOP_pc_US_SHA2011,COUNTRY,BHR,EMR,Eastern Mediterranean,YEAR,2011,,,,,,,,,242.55,242.55188322,,,,2025-12-05T13:23:08Z,2011,2011-01-01,2011-12-31
6899976,GHED_OOP_pc_US_SHA2011,COUNTRY,BRN,WPR,Western Pacific,YEAR,2010,,,,,,,,,65.76,65.75849217,,,,2025-12-05T13:23:08Z,2010,2010-01-01,2010-12-31
6900965,GHED_OOP_pc_US_SHA2011,COUNTRY,SLE,AFR,Africa,YEAR,2002,,,,,,,,,16.27,16.2733796,,,,2025-12-05T13:23:08Z,2002,2002-01-01,2002-12-31
6902784,GHED_OOP_pc_US_SHA2011,COUNTRY,STP,AFR,Africa,YEAR,2009,,,,,,,,,17.79,17.78505619,,,,2025-12-05T13:23:08Z,2009,2009-01-01,2009-12-31
6902959,GHED_OOP_pc_US_SHA2011,COUNTRY,BWA,AFR,Africa,YEAR,2023,,,,,,,,,20.85,20.85026913,,,,2025-12-05T13:23:08Z,2023,2023-01-01,2023-12-31
6905571,GHED_OOP_pc_US_SHA2011,COUNTRY,SVK,EUR,Europe,YEAR,2021,,,,,,,,,326.87,326.86519346,,,,2025-12-05T13:23:08Z,2021,2021-01-01,2021-12-31
6906123,GHED_OOP_pc_US_SHA2011,COUNTRY,BHR,EMR,Eastern Mediterranean,YEAR,2010,,,,,,,,,231.79,231.79459718,,,,2025-12-05T13:23:08Z,2010,2010-01-01,2010-12-31
6906435,GHED_OOP_pc_US_SHA2011,COUNTRY,NPL,SEAR,South-East Asia,YEAR,2010,,,,,,,,,16.65,16.64889503,,,,2025-12-05T13:23:08Z,2010,2010-01-01,2010-12-31
6909148,GHED_OOP_pc_US_SHA2011,COUNTRY,TON,WPR,Western Pacific,YEAR,2018,,,,,,,,,16.96,16.96337621,,,,2025-12-05T13:23:08Z,2018,2018-01-01,2018-12-31
6913052,GHED_OOP_pc_US_SHA2011,COUNTRY,POL,EUR,Europe,YEAR,2016,,,,,,,,,185.62,185.62353447,,,,2025-12-05T13:23:08Z,2016,2016-01-01,2016-12-31
6915393,GHED_OOP_pc_US_SHA2011,COUNTRY,RUS,EUR,Europe,YEAR,2003,,,,,,,,,54.35,54.34981198,,,,2025-12-05T13:23:08Z,2003,2003-01-01,2003-12-31
6915943,GHED_OOP_pc_US_SHA2011,COUNTRY,LAO,WPR,Western Pacific,YEAR,2009,,,,,,,,,9.60,9.5991567,,,,2025-12-05T13:23:08Z,2009,2009-01-01,2009-12-31
6916049,GHED_OOP_pc_US_SHA2011,COUNTRY,TGO,AFR,Africa,YEAR,2007,,,,,,,,,14.97,14.97071601,,,,2025-12-05T13:23:08Z,2007,2007-01-01,2007-12-31
6916490,GHED_OOP_pc_US_SHA2011,COUNTRY,DNK,EUR,Europe,YEAR,2004,,,,,,,,,623.02,623.02237864,,,,2025-12-05T13:23:08Z,2004,2004-01-01,2004-12-31
6920105,GHED_OOP_pc_US_SHA2011,COUNTRY,USA,AMR,Americas,YEAR,2005,,,,,,,,,894.39,894.39054319,,,,2025-12-05T13:23:08Z,2005,2005-01-01,2005-12-31
6928351,GHED_OOP_pc_US_SHA2011,COUNTRY,LIE,EUR,Europe,YEAR,2014,,,,,,,,,2065.25,2065.2522138,,,,2026-01-12T13:50:53Z,2014,2014-01-01,2014-12-31
6928780,GHED_OOP_pc_US_SHA2011,COUNTRY,PHL,WPR,Western Pacific,YEAR,2014,,,,,,,,,55.60,55.60461534,,,,2025-12-05T13:23:08Z,2014,2014-01-01,2014-12-31
6930497,GHED_OOP_pc_US_SHA2011,COUNTRY,GRD,AMR,Americas,YEAR,2003,,,,,,,,,154.09,154.08855091,,,,2025-12-05T13:23:08Z,2003,2003-01-01,2003-12-31
6937690,GHED_OOP_pc_US_SHA2011,WORLDBANKINCOMEGROUP,WB_UMI,,,YEAR,2007,,,,,,,,,96.37,96.36654097,,,,2025-12-05T13:23:08Z,2007,2007-01-01,2007-12-31
6941103,GHED_OOP_pc_US_SHA2011,COUNTRY,CMR,AFR,Africa,YEAR,2017,,,,,,,,,44.52,44.52386947,,,,2025-12-05T13:23:08Z,2017,2017-01-01,2017-12-31
6947445,GHED_OOP_pc_US_SHA2011,COUNTRY,ESP,EUR,Europe,YEAR,2005,,,,,,,,,469.41,469.40807953,,,,2025-12-05T13:23:08Z,2005,2005-01-01,2005-12-31
6948442,GHED_OOP_pc_US_SHA2011,COUNTRY,ISL,EUR,Europe,YEAR,2001,,,,,,,,,457.22,457.2216219,,,,2025-12-05T13:23:08Z,2001,2001-01-01,2001-12-31
6949042,GHED_OOP_pc_US_SHA2011,COUNTRY,LBR,AFR,Africa,YEAR,2004,,,,,,,,,12.33,12.33142421,,,,2025-12-05T13:23:08Z,2004,2004-01-01,2004-12-31
6949536,GHED_OOP_pc_US_SHA2011,COUNTRY,FJI,WPR,Western Pacific,YEAR,2005,,,,,,,,,14.53,14.53077234,,,,2025-12-05T13:23:08Z,2005,2005-01-01,2005-12-31
6955466,GHED_OOP_pc_US_SHA2011,WORLDBANKINCOMEGROUP,WB_HI,,,YEAR,2001,,,,,,,,,228.31,228.30968858,,,,2025-12-05T13:23:08Z,2001,2001-01-01,2001-12-31
6957224,GHED_OOP_pc_US_SHA2011,COUNTRY,BIH,EUR,Europe,YEAR,2013,,,,,,,,,138.09,138.09224981,,,,2025-12-05T13:23:08Z,2013,2013-01-01,2013-12-31
6967485,GHED_OOP_pc_US_SHA2011,COUNTRY,LUX,EUR,Europe,YEAR,2011,,,,,,,,,780.66,780.65850002,,,,2025-12-05T13:23:08Z,2011,2011-01-01,2011-12-31
6968374,GHED_OOP_pc_US_SHA2011,COUNTRY,COM,AFR,Africa,YEAR,2016,,,,,,,,,45.28,45.276289,,,,2025-12-05T13:23:08Z,2016,2016-01-01,2016-12-31
6974941,GHED_OOP_pc_US_SHA2011,COUNTRY,SYR,EMR,Eastern Mediterranean,YEAR,2013,,,,,,,,,21.06,21.05849195,,,,2025-12-05T13:23:08Z,2013,2013-01-01,2013-12-31
6979608,GHED_OOP_pc_US_SHA2011,COUNTRY,LBY,EMR,Eastern Mediterranean,YEAR,2004,,,,,,,,,68.71,68.7130553,,,,2025-12-05T13:23:08Z,2004,2004-01-01,2004-12-31
6980691,GHED_OOP_pc_US_SHA2011,COUNTRY,NGA,AFR,Africa,YEAR,2017,,,,,,,,,54.42,54.41772136,,,,2025-12-05T13:23:08Z,2017,2017-01-01,2017-12-31
6983258,GHED_OOP_pc_US_SHA2011,COUNTRY,COG,AFR,Africa,YEAR,2009,,,,,,,,,24.51,24.50744306,,,,2025-12-05T13:23:08Z,2009,2009-01-01,2009-12-31
6985977,GHED_OOP_pc_US_SHA2011,COUNTRY,IRQ,EMR,Eastern Mediterranean,YEAR,2016,,,,,,,,,88.45,88.45271125,,,,2025-12-05T13:23:08Z,2016,2016-01-01,2016-12-31
6991709,GHED_OOP_pc_US_SHA2011,COUNTRY,BRB,AMR,Americas,YEAR,2016,,,,,,,,,532.18,532.18159866,,,,2025-12-05T13:23:08Z,2016,2016-01-01,2016-12-31
6991940,GHED_OOP_pc_US_SHA2011,COUNTRY,MRT,AFR,Africa,YEAR,2005,,,,,,,,,22.83,22.82926006,,,,2025-12-05T13:23:08Z,2005,2005-01-01,2005-12-31
6994257,GHED_OOP_pc_US_SHA2011,COUNTRY,SWE,EUR,Europe,YEAR,2011,,,,,,,,,924.25,924.24960724,,,,2025-12-05T13:23:08Z,2011,2011-01-01,2011-12-31
6995292,GHED_OOP_pc_US_SHA2011,COUNTRY,ESP,EUR,Europe,YEAR,2018,,,,,,,,,672.24,672.24197535,,,,2025-12-05T13:23:08Z,2018,2018-01-01,2018-12-31
6995865,GHED_OOP_pc_US_SHA2011,WORLDBANKINCOMEGROUP,WB_LMI,,,YEAR,2020,,,,,,,,,39.78,39.78202087,,,,2025-12-05T13:23:08Z,2020,2020-01-01,2020-12-31
7000771,GHED_OOP_pc_US_SHA2011,COUNTRY,ATG,AMR,Americas,YEAR,2003,,,,,,,,,142.48,142.47684591,,,,2025-12-05T13:23:08Z,2003,2003-01-01,2003-12-31
7000814,GHED_OOP_pc_US_SHA2011,COUNTRY,LAO,WPR,Western Pacific,YEAR,2007,,,,,,,,,8.64,8.6404018,,,,2025-12-05T13:23:08Z,2007,2007-01-01,2007-12-31
7001169,GHED_OOP_pc_US_SHA2011,COUNTRY,NPL,SEAR,South-East Asia,YEAR,2014,,,,,,,,,25.20,25.20430144,,,,2025-12-05T13:23:08Z,2014,2014-01-01,2014-12-31
7001650,GHED_OOP_pc_US_SHA2011,COUNTRY,AUT,EUR,Europe,YEAR,2000,,,,,,,,,433.55,433.54651264,,,,2025-12-05T13:23:08Z,2000,2000-01-01,2000-12-31
7012432,GHED_OOP_pc_US_SHA2011,COUNTRY,VCT,AMR,Americas,YEAR,2018,,,,,,,,,109.75,109.74910007,,,,2025-12-05T13:23:08Z,2018,2018-01-01,2018-12-31
7012466,GHED_OOP_pc_US_SHA2011,COUNTRY,GUY,AMR,Americas,YEAR,2006,,,,,,,,,34.71,34.70675347,,,,2025-12-05T13:23:08Z,2006,2006-01-01,2006-12-31
7012573,GHED_OOP_pc_US_SHA2011,COUNTRY,PLW,WPR,Western Pacific,YEAR,2001,,,,,,,,,108.23,108.22852418,,,,2025-12-05T13:23:08Z,2001,2001-01-01,2001-12-31
7018348,GHED_OOP_pc_US_SHA2011,COUNTRY,BHS,AMR,Americas,YEAR,2008,,,,,,,,,397.43,397.43496091,,,,2025-12-05T13:23:08Z,2008,2008-01-01,2008-12-31
7023375,GHED_OOP_pc_US_SHA2011,COUNTRY,GEO,EUR,Europe,YEAR,2004,,,,,,,,,83.48,83.48479724,,,,2025-12-05T13:23:08Z,2004,2004-01-01,2004-12-31
7024646,GHED_OOP_pc_US_SHA2011,COUNTRY,SRB,EUR,Europe,YEAR,2020,,,,,,,,,241.35,241.34725313,,,,2025-12-05T13:23:08Z,2020,2020-01-01,2020-12-31
7027772,GHED_OOP_pc_US_SHA2011,COUNTRY,GRD,AMR,Americas,YEAR,2020,,,,,,,,,248.41,248.40690149,,,,2025-12-05T13:23:08Z,2020,2020-01-01,2020-12-31
7027927,GHED_OOP_pc_US_SHA2011,COUNTRY,SLB,WPR,Western Pacific,YEAR,2020,,,,,,,,,3.46,3.4613012,,,,2025-12-05T13:23:08Z,2020,2020-01-01,2020-12-31
7032697,GHED_OOP_pc_US_SHA2011,COUNTRY,LAO,WPR,Western Pacific,YEAR,2006,,,,,,,,,7.90,7.89785427,,,,2025-12-05T13:23:08Z,2006,2006-01-01,2006-12-31
7044155,GHED_OOP_pc_US_SHA2011,COUNTRY,KIR,WPR,Western Pacific,YEAR,2012,,,,,,,,,0.92,0.9221349,,,,2025-12-05T13:23:08Z,2012,2012-01-01,2012-12-31
7045779,GHED_OOP_pc_US_SHA2011,COUNTRY,CUB,AMR,Americas,YEAR,2001,,,,,,,,,37.13,37.13164919,,,,2025-12-05T13:23:08Z,2001,2001-01-01,2001-12-31
7045861,GHED_OOP_pc_US_SHA2011,COUNTRY,PER,AMR,Americas,YEAR,2021,,,,,,,,,114.33,114.32524756,,,,2025-12-05T13:23:08Z,2021,2021-01-01,2021-12-31
7051699,GHED_OOP_pc_US_SHA2011,COUNTRY,TUV,WPR,Western Pacific,YEAR,2002,,,,,,,,,2.59,2.58633341,,,,2025-12-05T13:23:08Z,2002,2002-01-01,2002-12-31
7051963,GHED_OOP_pc_US_SHA2011,COUNTRY,AZE,EUR,Europe,YEAR,2012,,,,,,,,,147.75,147.75290534,,,,2025-12-05T13:23:08Z,2012,2012-01-01,2012-12-31
7056570,GHED_OOP_pc_US_SHA2011,COUNTRY,SYC,AFR,Africa,YEAR,2023,,,,,,,,,214.25,214.24967282,,,,2025-12-05T13:23:08Z,2023,2023-01-01,2023-12-31
7062856,GHED_OOP_pc_US_SHA2011,COUNTRY,KGZ,EUR,Europe,YEAR,2021,,,,,,,,,28.35,28.34815873,,,,2025-12-05T13:23:08Z,2021,2021-01-01,2021-12-31
7062930,GHED_OOP_pc_US_SHA2011,COUNTRY,UKR,EUR,Europe,YEAR,2007,,,,,,,,,66.78,66.78247853,,,,2025-12-05T13:23:08Z,2007,2007-01-01,2007-12-31
7063179,GHED_OOP_pc_US_SHA2011,COUNTRY,AUT,EUR,Europe,YEAR,2005,,,,,,,,,725.74,725.7449799,,,,2025-12-05T13:23:08Z,2005,2005-01-01,2005-12-31
7063802,GHED_OOP_pc_US_SHA2011,COUNTRY,MAR,EMR,Eastern Mediterranean,YEAR,2015,,,,,,,,,79.72,79.72327824,,,,2025-12-05T13:23:08Z,2015,2015-01-01,2015-12-31
7065444,GHED_OOP_pc_US_SHA2011,COUNTRY,THA,SEAR,South-East Asia,YEAR,2015,,,,,,,,,26.10,26.10222408,,,,2025-12-05T13:23:08Z,2015,2015-01-01,2015-12-31
7077085,GHED_OOP_pc_US_SHA2011,COUNTRY,AUT,EUR,Europe,YEAR,2007,,,,,,,,,862.42,862.4178313,,,,2025-12-05T13:23:08Z,2007,2007-01-01,2007-12-31
7077791,GHED_OOP_pc_US_SHA2011,COUNTRY,ETH,AFR,Africa,YEAR,2008,,,,,,,,,5.02,5.01691972,,,,2025-12-05T13:23:08Z,2008,2008-01-01,2008-12-31
7078781,GHED_OOP_pc_US_SHA2011,COUNTRY,EGY,EMR,Eastern Mediterranean,YEAR,2018,,,,,,,,,73.89,73.88958419,,,,2025-12-05T13:23:08Z,2018,2018-01-01,2018-12-31
7083198,GHED_OOP_pc_US_SHA2011,COUNTRY,CUB,AMR,Americas,YEAR,2005,,,,,,,,,49.21,49.20731124,,,,2025-12-05T13:23:08Z,2005,2005-01-01,2005-12-31
7088375,GHED_OOP_pc_US_SHA2011,REGION,AFR,,,YEAR,2009,,,,,,,,,30.61,30.61145833,,,,2025-12-05T13:23:08Z,2009,2009-01-01,2009-12-31
7088814,GHED_OOP_pc_US_SHA2011,COUNTRY,TLS,SEAR,South-East Asia,YEAR,2007,,,,,,,,,5.57,5.5727548,,,,2025-12-05T13:23:08Z,2007,2007-01-01,2007-12-31
7090405,GHED_OOP_pc_US_SHA2011,COUNTRY,FSM,WPR,Western Pacific,YEAR,2009,,,,,,,,,12.21,12.20785957,,,,2025-12-05T13:23:08Z,2009,2009-01-01,2009-12-31
7091430,GHED_OOP_pc_US_SHA2011,COUNTRY,TZA,AFR,Africa,YEAR,2005,,,,,,,,,9.34,9.34357669,,,,2025-12-05T13:23:08Z,2005,2005-01-01,2005-12-31
7091595,GHED_OOP_pc_US_SHA2011,COUNTRY,NER,AFR,Africa,YEAR,2007,,,,,,,,,11.25,11.2519899,,,,2025-12-05T13:23:08Z,2007,2007-01-01,2007-12-31
7096061,GHED_OOP_pc_US_SHA2011,COUNTRY,MDV,SEAR,South-East Asia,YEAR,2015,,,,,,,,,162.91,162.90766948,,,,2025-12-05T13:23:08Z,2015,2015-01-01,2015-12-31
7097563,GHED_OOP_pc_US_SHA2011,COUNTRY,GRD,AMR,Americas,YEAR,2001,,,,,,,,,152.10,152.09649721,,,,2025-12-05T13:23:08Z,2001,2001-01-01,2001-12-31
7099444,GHED_OOP_pc_US_SHA2011,COUNTRY,SSD,AFR,Africa,YEAR,2023,,,,,,,,,19.75,19.74939715,,,,2025-12-05T13:23:08Z,2023,2023-01-01,2023-12-31
7099649,GHED_OOP_pc_US_SHA2011,COUNTRY,PSE,EMR,Eastern Mediterranean,YEAR,2022,,,,,,,,,117.65,117.6471697,,,,2025-12-05T13:23:08Z,2022,2022-01-01,2022-12-31
7100080,GHED_OOP_pc_US_SHA2011,COUNTRY,YEM,EMR,Eastern Mediterranean,YEAR,2003,,,,,,,,,17.15,17.14980972,,,,2025-12-05T13:23:08Z,2003,2003-01-01,2003-12-31
7100873,GHED_OOP_pc_US_SHA2011,COUNTRY,BOL,AMR,Americas,YEAR,2008,,,,,,,,,23.68,23.68045595,,,,2025-12-05T13:23:08Z,2008,2008-01-01,2008-12-31
7101244,GHED_OOP_pc_US_SHA2011,COUNTRY,BWA,AFR,Africa,YEAR,2000,,,,,,,,,22.08,22.08353893,,,,2025-12-05T13:23:08Z,2000,2000-01-01,2000-12-31
7102392,GHED_OOP_pc_US_SHA2011,COUNTRY,TCD,AFR,Africa,YEAR,2021,,,,,,,,,26.12,26.11877512,,,,2025-12-05T13:23:08Z,2021,2021-01-01,2021-12-31
7106391,GHED_OOP_pc_US_SHA2011,COUNTRY,SVK,EUR,Europe,YEAR,2006,,,,,,,,,193.83,193.8317073,,,,2025-12-05T13:23:08Z,2006,2006-01-01,2006-12-31
7108540,GHED_OOP_pc_US_SHA2011,WORLDBANKINCOMEGROUP,WB_UMI,,,YEAR,2021,,,,,,,,,151.12,151.12287582,,,,2025-12-05T13:23:08Z,2021,2021-01-01,2021-12-31
7108962,GHED_OOP_pc_US_SHA2011,COUNTRY,GIN,AFR,Africa,YEAR,2003,,,,,,,,,16.01,16.01168872,,,,2025-12-05T13:23:08Z,2003,2003-01-01,2003-12-31
7109509,GHED_OOP_pc_US_SHA2011,COUNTRY,KWT,EMR,Eastern Mediterranean,YEAR,2002,,,,,,,,,124.59,124.58963264,,,,2025-12-05T13:23:08Z,2002,2002-01-01,2002-12-31
7111889,GHED_OOP_pc_US_SHA2011,COUNTRY,ARE,EMR,Eastern Mediterranean,YEAR,2007,,,,,,,,,339.73,339.72716208,,,,2025-12-05T13:23:08Z,2007,2007-01-01,2007-12-31
7114630,GHED_OOP_pc_US_SHA2011,COUNTRY,AFG,EMR,Eastern Mediterranean,YEAR,2020,,,,,,,,,59.92,59.91792599,,,,2025-12-05T13:23:08Z,2020,2020-01-01,2020-12-31
7115572,GHED_OOP_pc_US_SHA2011,COUNTRY,DNK,EUR,Europe,YEAR,2006,,,,,,,,,692.93,692.93059693,,,,2025-12-05T13:23:08Z,2006,2006-01-01,2006-12-31
7119160,GHED_OOP_pc_US_SHA2011,COUNTRY,SLV,AMR,Americas,YEAR,2015,,,,,,,,,116.92,116.9197996,,,,2025-12-05T13:23:08Z,2015,2015-01-01,2015-12-31
7119506,GHED_OOP_pc_US_SHA2011,COUNTRY,NLD,EUR,Europe,YEAR,2007,,,,,,,,,370.48,370.47683655,,,,2025-12-05T13:23:08Z,2007,2007-01-01,2007-12-31
7119741,GHED_OOP_pc_US_SHA2011,COUNTRY,HTI,AMR,Americas,YEAR,2019,,,,,,,,,19.26,19.25757359,,,,2025-12-05T13:23:08Z,2019,2019-01-01,2019-12-31
7122756,GHED_OOP_pc_US_SHA2011,COUNTRY,TGO,AFR,Africa,YEAR,2004,,,,,,,,,14.00,14.00239245,,,,2025-12-05T13:23:08Z,2004,2004-01-01,2004-12-31
7124391,GHED_OOP_pc_US_SHA2011,COUNTRY,TUN,EMR,Eastern Mediterranean,YEAR,2016,,,,,,,,,95.57,95.5737954,,,,2025-12-05T13:23:08Z,2016,2016-01-01,2016-12-31
7124823,GHED_OOP_pc_US_SHA2011,COUNTRY,UZB,EUR,Europe,YEAR,2008,,,,,,,,,35.13,35.13018007,,,,2025-12-05T13:23:08Z,2008,2008-01-01,2008-12-31
7126368,GHED_OOP_pc_US_SHA2011,COUNTRY,DNK,EUR,Europe,YEAR,2000,,,,,,,,,382.61,382.6118987,,,,2025-12-05T13:23:08Z,2000,2000-01-01,2000-12-31
7128214,GHED_OOP_pc_US_SHA2011,COUNTRY,TLS,SEAR,South-East Asia,YEAR,2009,,,,,,,,,4.44,4.439063,,,,2025-12-05T13:23:08Z,2009,2009-01-01,2009-12-31
7133086,GHED_OOP_pc_US_SHA2011,COUNTRY,ITA,EUR,Europe,YEAR,2022,,,,,,,,,735.67,735.66938261,,,,2025-12-05T13:23:08Z,2022,2022-01-01,2022-12-31
7134641,GHED_OOP_pc_US_SHA2011,COUNTRY,SYR,EMR,Eastern Mediterranean,YEAR,2015,,,,,,,,,17.04,17.04013733,,,,2025-12-05T13:23:08Z,2015,2015-01-01,2015-12-31
7139050,GHED_OOP_pc_US_SHA2011,COUNTRY,KIR,WPR,Western Pacific,YEAR,2019,,,,,,,,,1.12,1.12195386,,,,2025-12-05T13:23:08Z,2019,2019-01-01,2019-12-31
7140326,GHED_OOP_pc_US_SHA2011,COUNTRY,MMR,SEAR,South-East Asia,YEAR,2015,,,,,,,,,44.82,44.82267839,,,,2025-12-05T13:23:08Z,2015,2015-01-01,2015-12-31
7145826,GHED_OOP_pc_US_SHA2011,WORLDBANKINCOMEGROUP,WB_LMI,,,YEAR,2011,,,,,,,,,39.19,39.18668879,,,,2025-12-05T13:23:08Z,2011,2011-01-01,2011-12-31
7147131,GHED_OOP_pc_US_SHA2011,COUNTRY,LSO,AFR,Africa,YEAR,2021,,,,,,,,,16.99,16.98787861,,,,2025-12-05T13:23:08Z,2021,2021-01-01,2021-12-31
7150608,GHED_OOP_pc_US_SHA2011,COUNTRY,CHL,AMR,Americas,YEAR,2007,,,,,,,,,252.00,251.9975335,,,,2025-12-05T13:23:08Z,2007,2007-01-01,2007-12-31
7151459,GHED_OOP_pc_US_SHA2011,COUNTRY,JPN,WPR,Western Pacific,YEAR,2021,,,,,,,,,524.10,524.10020129,,,,2025-12-05T13:23:08Z,2021,2021-01-01,2021-12-31
7154363,GHED_OOP_pc_US_SHA2011,COUNTRY,CHE,EUR,Europe,YEAR,2003,,,,,,,,,1432.59,1432.59146624,,,,2025-12-05T13:23:08Z,2003,2003-01-01,2003-12-31
7156134,GHED_OOP_pc_US_SHA2011,COUNTRY,ECU,AMR,Americas,YEAR,2009,,,,,,,,,121.57,121.56761981,,,,2025-12-05T13:23:08Z,2009,2009-01-01,2009-12-31
7158331,GHED_OOP_pc_US_SHA2011,COUNTRY,PER,AMR,Americas,YEAR,2007,,,,,,,,,67.45,67.45069512,,,,2025-12-05T13:23:08Z,2007,2007-01-01,2007-12-31
7159582,GHED_OOP_pc_US_SHA2011,COUNTRY,MKD,EUR,Europe,YEAR,2017,,,,,,,,,154.04,154.04362978,,,,2025-12-05T13:23:08Z,2017,2017-01-01,2017-12-31
7160204,GHED_OOP_pc_US_SHA2011,COUNTRY,IRL,EUR,Europe,YEAR,2014,,,,,,,,,742.68,742.67958322,,,,2025-12-05T13:23:08Z,2014,2014-01-01,2014-12-31
7160276,GHED_OOP_pc_US_SHA2011,COUNTRY,AGO,AFR,Africa,YEAR,2003,,,,,,,,,17.09,17.08580057,,,,2025-12-05T13:23:08Z,2003,2003-01-01,2003-12-31
7160596,GHED_OOP_pc_US_SHA2011,COUNTRY,THA,SEAR,South-East Asia,YEAR,2009,,,,,,,,,23.80,23.80253005,,,,2025-12-05T13:23:08Z,2009,2009-01-01,2009-12-31
7160707,GHED_OOP_pc_US_SHA2011,COUNTRY,ZWE,AFR,Africa,YEAR,2013,,,,,,,,,28.82,28.82206998,,,,2025-12-05T13:23:08Z,2013,2013-01-01,2013-12-31
7164167,GHED_OOP_pc_US_SHA2011,COUNTRY,GTM,AMR,Americas,YEAR,2001,,,,,,,,,62.33,62.32805441,,,,2025-12-05T13:23:08Z,2001,2001-01-01,2001-12-31
7165641,GHED_OOP_pc_US_SHA2011,COUNTRY,GRD,AMR,Americas,YEAR,2018,,,,,,,,,253.82,253.81820145,,,,2025-12-05T13:23:08Z,2018,2018-01-01,2018-12-31
7168873,GHED_OOP_pc_US_SHA2011,COUNTRY,NGA,AFR,Africa,YEAR,2015,,,,,,,,,66.79,66.79456239,,,,2025-12-05T13:23:08Z,2015,2015-01-01,2015-12-31
7171620,GHED_OOP_pc_US_SHA2011,COUNTRY,SUR,AMR,Americas,YEAR,2005,,,,,,,,,50.42,50.42291423,,,,2025-12-05T13:23:08Z,2005,2005-01-01,2005-12-31
7172851,GHED_OOP_pc_US_SHA2011,COUNTRY,TUR,EUR,Europe,YEAR,2002,,,,,,,,,36.86,36.86013508,,,,2025-12-05T13:23:08Z,2002,2002-01-01,2002-12-31
7176391,GHED_OOP_pc_US_SHA2011,COUNTRY,ZMB,AFR,Africa,YEAR,2017,,,,,,,,,7.56,7.55846954,,,,2025-12-05T13:23:08Z,2017,2017-01-01,2017-12-31
7176738,GHED_OOP_pc_US_SHA2011,COUNTRY,ISL,EUR,Europe,YEAR,2006,,,,,,,,,833.46,833.45972852,,,,2025-12-05T13:23:08Z,2006,2006-01-01,2006-12-31
7179348,GHED_OOP_pc_US_SHA2011,COUNTRY,ZMB,AFR,Africa,YEAR,2005,,,,,,,,,11.74,11.74299569,,,,2025-12-05T13:23:08Z,2005,2005-01-01,2005-12-31
7181766,GHED_OOP_pc_US_SHA2011,WORLDBANKINCOMEGROUP,WB_UMI,,,YEAR,2017,,,,,,,,,132.21,132.20511748,,,,2025-12-05T13:23:08Z,2017,2017-01-01,2017-12-31
7189277,GHED_OOP_pc_US_SHA2011,COUNTRY,TTO,AMR,Americas,YEAR,2002,,,,,,,,,169.60,169.59957332,,,,2025-12-05T13:23:08Z,2002,2002-01-01,2002-12-31
7189412,GHED_OOP_pc_US_SHA2011,COUNTRY,FSM,WPR,Western Pacific,YEAR,2017,,,,,,,,,10.45,10.44837621,,,,2025-12-05T13:23:08Z,2017,2017-01-01,2017-12-31
7190756,GHED_OOP_pc_US_SHA2011,COUNTRY,COD,AFR,Africa,YEAR,2016,,,,,,,,,7.20,7.20158754,,,,2025-12-05T13:23:08Z,2016,2016-01-01,2016-12-31
7191405,GHED_OOP_pc_US_SHA2011,COUNTRY,ERI,AFR,Africa,YEAR,2012,,,,,,,,,14.60,14.60275991,,,,2025-12-05T13:23:08Z,2012,2012-01-01,2012-12-31
7192542,GHED_OOP_pc_US_SHA2011,COUNTRY,KGZ,EUR,Europe,YEAR,2019,,,,,,,,,28.35,28.35381771,,,,2025-12-05T13:23:08Z,2019,2019-01-01,2019-12-31
7194989,GHED_OOP_pc_US_SHA2011,COUNTRY,MDA,EUR,Europe,YEAR,2022,,,,,,,,,125.07,125.07258416,,,,2025-12-05T13:23:08Z,2022,2022-01-01,2022-12-31
7197975,GHED_OOP_pc_US_SHA2011,COUNTRY,DZA,AFR,Africa,YEAR,2020,,,,,,,,,83.68,83.67595568,,,,2025-12-05T13:23:08Z,2020,2020-01-01,2020-12-31
7200820,GHED_OOP_pc_US_SHA2011,COUNTRY,FIN,EUR,Europe,YEAR,2017,,,,,,,,,806.74,806.74062151,,,,2025-12-05T13:23:08Z,2017,2017-01-01,2017-12-31
7210493,GHED_OOP_pc_US_SHA2011,COUNTRY,ALB,EUR,Europe,YEAR,2014,,,,,,,,,173.47,173.47443325,,,,2025-12-05T13:23:08Z,2014,2014-01-01,2014-12-31
7211266,GHED_OOP_pc_US_SHA2011,COUNTRY,CHE,EUR,Europe,YEAR,2021,,,,,,,,,2391.74,2391.73583593,,,,2025-12-05T13:23:08Z,2021,2021-01-01,2021-12-31
7216118,GHED_OOP_pc_US_SHA2011,COUNTRY,LIE,EUR,Europe,YEAR,2015,,,,,,,,,1978.59,1978.59177139,,,,2026-01-12T13:50:53Z,2015,2015-01-01,2015-12-31
7219896,GHED_OOP_pc_US_SHA2011,COUNTRY,IRQ,EMR,Eastern Mediterranean,YEAR,2020,,,,,,,,,135.59,135.58564246,,,,2025-12-05T13:23:08Z,2020,2020-01-01,2020-12-31
7221442,GHED_OOP_pc_US_SHA2011,COUNTRY,BHR,EMR,Eastern Mediterranean,YEAR,2005,,,,,,,,,153.29,153.29132878,,,,2025-12-05T13:23:08Z,2005,2005-01-01,2005-12-31
7222691,GHED_OOP_pc_US_SHA2011,COUNTRY,ARE,EMR,Eastern Mediterranean,YEAR,2002,,,,,,,,,211.51,211.5065045,,,,2025-12-05T13:23:08Z,2002,2002-01-01,2002-12-31
7223625,GHED_OOP_pc_US_SHA2011,COUNTRY,THA,SEAR,South-East Asia,YEAR,2017,,,,,,,,,29.25,29.24927394,,,,2025-12-05T13:23:08Z,2017,2017-01-01,2017-12-31
7228663,GHED_OOP_pc_US_SHA2011,COUNTRY,GAB,AFR,Africa,YEAR,2021,,,,,,,,,49.27,49.27188911,,,,2025-12-05T13:23:08Z,2021,2021-01-01,2021-12-31
7229891,GHED_OOP_pc_US_SHA2011,COUNTRY,WSM,WPR,Western Pacific,YEAR,2003,,,,,,,,,11.81,11.80605081,,,,2025-12-05T13:23:08Z,2003,2003-01-01,2003-12-31
7234596,GHED_OOP_pc_US_SHA2011,COUNTRY,NIC,AMR,Americas,YEAR,2022,,,,,,,,,74.43,74.42587721,,,,2025-12-05T13:23:08Z,2022,2022-01-01,2022-12-31
7239148,GHED_OOP_pc_US_SHA2011,COUNTRY,SVK,EUR,Europe,YEAR,2008,,,,,,,,,263.10,263.10438103,,,,2025-12-05T13:23:08Z,2008,2008-01-01,2008-12-31
7244321,GHED_OOP_pc_US_SHA2011,COUNTRY,URY,AMR,Americas,YEAR,2020,,,,,,,,,239.73,239.72692375,,,,2025-12-05T13:23:08Z,2020,2020-01-01,2020-12-31
7246330,GHED_OOP_pc_US_SHA2011,COUNTRY,TUR,EUR,Europe,YEAR,2023,,,,,,,,,104.34,104.34350001,,,,2025-12-05T13:23:08Z,2023,2023-01-01,2023-12-31
7250662,GHED_OOP_pc_US_SHA2011,WORLDBANKINCOMEGROUP,WB_LMI,,,YEAR,2022,,,,,,,,,44.14,44.1405741,,,,2026-01-12T13:50:53Z,2022,2022-01-01,2022-12-31
7250750,GHED_OOP_pc_US_SHA2011,COUNTRY,PAN,AMR,Americas,YEAR,2020,,,,,,,,,537.93,537.92783946,,,,2025-12-05T13:23:08Z,2020,2020-01-01,2020-12-31
7252000,GHED_OOP_pc_US_SHA2011,COUNTRY,GNB,AFR,Africa,YEAR,2015,,,,,,,,,35.11,35.10643567,,,,2025-12-05T13:23:08Z,2015,2015-01-01,2015-12-31
7254685,GHED_OOP_pc_US_SHA2011,COUNTRY,NGA,AFR,Africa,YEAR,2005,,,,,,,,,34.47,34.46521766,,,,2025-12-05T13:23:08Z,2005,2005-01-01,2005-12-31
7254778,GHED_OOP_pc_US_SHA2011,COUNTRY,BGD,SEAR,South-East Asia,YEAR,2005,,,,,,,,,7.40,7.3974933,,,,2025-12-05T13:23:08Z,2005,2005-01-01,2005-12-31
7255203,GHED_OOP_pc_US_SHA2011,COUNTRY,SVN,EUR,Europe,YEAR,2009,,,,,,,,,271.58,271.57989443,,,,2025-12-05T13:23:08Z,2009,2009-01-01,2009-12-31
7258288,GHED_OOP_pc_US_SHA2011,COUNTRY,CIV,AFR,Africa,YEAR,2014,,,,,,,,,38.03,38.02930579,,,,2025-12-05T13:23:08Z,2014,2014-01-01,2014-12-31
7259741,GHED_OOP_pc_US_SHA2011,COUNTRY,TUV,WPR,Western Pacific,YEAR,2012,,,,,,,,,29.85,29.84650219,,,,2025-12-05T13:23:08Z,2012,2012-01-01,2012-12-31
7261145,GHED_OOP_pc_US_SHA2011,COUNTRY,ZMB,AFR,Africa,YEAR,2022,,,,,,,,,6.72,6.72235174,,,,2025-12-05T13:23:08Z,2022,2022-01-01,2022-12-31
7264067,GHED_OOP_pc_US_SHA2011,COUNTRY,MDV,SEAR,South-East Asia,YEAR,2002,,,,,,,,,129.43,129.43295132,,,,2025-12-05T13:23:08Z,2002,2002-01-01,2002-12-31
7266436,GHED_OOP_pc_US_SHA2011,COUNTRY,GEO,EUR,Europe,YEAR,2006,,,,,,,,,117.49,117.48946642,,,,2025-12-05T13:23:08Z,2006,2006-01-01,2006-12-31
7267407,GHED_OOP_pc_US_SHA2011,COUNTRY,RUS,EUR,Europe,YEAR,2011,,,,,,,,,232.88,232.87907634,,,,2025-12-05T13:23:08Z,2011,2011-01-01,2011-12-31
7273980,GHED_OOP_pc_US_SHA2011,COUNTRY,BLZ,AMR,Americas,YEAR,2020,,,,,,,,,58.09,58.08615005,,,,2025-12-05T13:23:08Z,2020,2020-01-01,2020-12-31
7279648,GHED_OOP_pc_US_SHA2011,COUNTRY,DNK,EUR,Europe,YEAR,2002,,,,,,,,,425.90,425.90230434,,,,2025-12-05T13:23:08Z,2002,2002-01-01,2002-12-31
7286512,GHED_OOP_pc_US_SHA2011,COUNTRY,GUY,AMR,Americas,YEAR,2004,,,,,,,,,27.74,27.74466058,,,,2025-12-05T13:23:08Z,2004,2004-01-01,2004-12-31
7291084,GHED_OOP_pc_US_SHA2011,COUNTRY,UKR,EUR,Europe,YEAR,2017,,,,,,,,,90.34,90.33681329,,,,2025-12-05T13:23:08Z,2017,2017-01-01,2017-12-31
7292311,GHED_OOP_pc_US_SHA2011,COUNTRY,BEN,AFR,Africa,YEAR,2016,,,,,,,,,18.13,18.13047065,,,,2025-12-05T13:23:08Z,2016,2016-01-01,2016-12-31
7295730,GHED_OOP_pc_US_SHA2011,COUNTRY,COM,AFR,Africa,YEAR,2007,,,,,,,,,57.16,57.16408605,,,,2025-12-05T13:23:08Z,2007,2007-01-01,2007-12-31
7296501,GHED_OOP_pc_US_SHA2011,COUNTRY,CHL,AMR,Americas,YEAR,2010,,,,,,,,,297.02,297.01598399,,,,2025-12-05T13:23:08Z,2010,2010-01-01,2010-12-31
7297984,GHED_OOP_pc_US_SHA2011,COUNTRY,RWA,AFR,Africa,YEAR,2003,,,,,,,,,2.95,2.95478321,,,,2025-12-05T13:23:08Z,2003,2003-01-01,2003-12-31
7298527,GHED_OOP_pc_US_SHA2011,COUNTRY,GNQ,AFR,Africa,YEAR,2015,,,,,,,,,151.84,151.84431236,,,,2025-12-05T13:23:08Z,2015,2015-01-01,2015-12-31
7298651,GHED_OOP_pc_US_SHA2011,COUNTRY,BRB,AMR,Americas,YEAR,2000,,,,,,,,,245.10,245.09948169,,,,2025-12-05T13:23:08Z,2000,2000-01-01,2000-12-31
7309741,GHED_OOP_pc_US_SHA2011,COUNTRY,ARM,EUR,Europe,YEAR,2023,,,,,,,,,617.19,617.18677224,,,,2025-12-05T13:23:08Z,2023,2023-01-01,2023-12-31
7310023,GHED_OOP_pc_US_SHA2011,COUNTRY,AND,EUR,Europe,YEAR,2019,,,,,,,,,384.64,384.64364182,,,,2025-12-05T13:23:08Z,2019,2019-01-01,2019-12-31
7314121,GHED_OOP_pc_US_SHA2011,COUNTRY,GHA,AFR,Africa,YEAR,2018,,,,,,,,,17.87,17.87177877,,,,2025-12-05T13:23:08Z,2018,2018-01-01,2018-12-31
7316505,GHED_OOP_pc_US_SHA2011,COUNTRY,RUS,EUR,Europe,YEAR,2010,,,,,,,,,199.34,199.34328547,,,,2025-12-05T13:23:08Z,2010,2010-01-01,2010-12-31
7318764,GHED_OOP_pc_US_SHA2011,COUNTRY,VCT,AMR,Americas,YEAR,2003,,,,,,,,,54.22,54.21704562,,,,2025-12-05T13:23:08Z,2003,2003-01-01,2003-12-31
7319915,GHED_OOP_pc_US_SHA2011,COUNTRY,GIN,AFR,Africa,YEAR,2019,,,,,,,,,24.97,24.9706137,,,,2025-12-05T13:23:08Z,2019,2019-01-01,2019-12-31
7323922,GHED_OOP_pc_US_SHA2011,COUNTRY,KHM,WPR,Western Pacific,YEAR,2010,,,,,,,,,27.82,27.8160771,,,,2025-12-05T13:23:08Z,2010,2010-01-01,2010-12-31
7327866,GHED_OOP_pc_US_SHA2011,COUNTRY,BHS,AMR,Americas,YEAR,2020,,,,,,,,,422.95,422.95135397,,,,2025-12-05T13:23:08Z,2020,2020-01-01,2020-12-31
7329080,GHED_OOP_pc_US_SHA2011,COUNTRY,BFA,AFR,Africa,YEAR,2007,,,,,,,,,10.17,10.1666595,,,,2025-12-05T13:23:08Z,2007,2007-01-01,2007-12-31
7329955,GHED_OOP_pc_US_SHA2011,COUNTRY,SLB,WPR,Western Pacific,YEAR,2006,,,,,,,,,2.33,2.33198717,,,,2025-12-05T13:23:08Z,2006,2006-01-01,2006-12-31
7330584,GHED_OOP_pc_US_SHA2011,COUNTRY,CIV,AFR,Africa,YEAR,2017,,,,,,,,,25.01,25.01125786,,,,2025-12-05T13:23:08Z,2017,2017-01-01,2017-12-31
7333072,GHED_OOP_pc_US_SHA2011,COUNTRY,YEM,EMR,Eastern Mediterranean,YEAR,2016,,,,,,,,,62.97,62.97159359,,,,2025-12-05T13:23:08Z,2016,2016-01-01,2016-12-31
7334297,GHED_OOP_pc_US_SHA2011,COUNTRY,SLB,WPR,Western Pacific,YEAR,2008,,,,,,,,,2.80,2.80077286,,,,2025-12-05T13:23:08Z,2008,2008-01-01,2008-12-31
7337287,GHED_OOP_pc_US_SHA2011,COUNTRY,MHL,WPR,Western Pacific,YEAR,2006,,,,,,,,,5.61,5.61149935,,,,2025-12-05T13:23:08Z,2006,2006-01-01,2006-12-31
7339339,GHED_OOP_pc_US_SHA2011,COUNTRY,DOM,AMR,Americas,YEAR,2002,,,,,,,,,81.71,81.70786735,,,,2025-12-05T13:23:08Z,2002,2002-01-01,2002-12-31
7340309,GHED_OOP_pc_US_SHA2011,COUNTRY,MDG,AFR,Africa,YEAR,2009,,,,,,,,,7.37,7.36903309,,,,2025-12-05T13:23:08Z,2009,2009-01-01,2009-12-31
7340473,GHED_OOP_pc_US_SHA2011,COUNTRY,YEM,EMR,Eastern Mediterranean,YEAR,2013,,,,,,,,,51.01,51.01321458,,,,2025-12-05T13:23:08Z,2013,2013-01-01,2013-12-31
7340733,GHED_OOP_pc_US_SHA2011,COUNTRY,ARE,EMR,Eastern Mediterranean,YEAR,2004,,,,,,,,,249.88,249.88061943,,,,2025-12-05T13:23:08Z,2004,2004-01-01,2004-12-31
7345335,GHED_OOP_pc_US_SHA2011,COUNTRY,AUT,EUR,Europe,YEAR,2013,,,,,,,,,1029.58,1029.58414902,,,,2025-12-05T13:23:08Z,2013,2013-01-01,2013-12-31
7346533,GHED_OOP_pc_US_SHA2011,COUNTRY,CYP,EUR,Europe,YEAR,2012,,,,,,,,,804.80,804.79573081,,,,2025-12-05T13:23:08Z,2012,2012-01-01,2012-12-31
7348977,GHED_OOP_pc_US_SHA2011,COUNTRY,DZA,AFR,Africa,YEAR,2008,,,,,,,,,53.96,53.96001979,,,,2025-12-05T13:23:08Z,2008,2008-01-01,2008-12-31
7354157,GHED_OOP_pc_US_SHA2011,COUNTRY,CIV,AFR,Africa,YEAR,2015,,,,,,,,,24.89,24.88568048,,,,2025-12-05T13:23:08Z,2015,2015-01-01,2015-12-31
7359401,GHED_OOP_pc_US_SHA2011,COUNTRY,BGR,EUR,Europe,YEAR,2020,,,,,,,,,322.05,322.05391952,,,,2025-12-05T13:23:08Z,2020,2020-01-01,2020-12-31
7360734,GHED_OOP_pc_US_SHA2011,COUNTRY,SMR,EUR,Europe,YEAR,2021,,,,,,,,,478.16,478.15622604,,,,2025-12-05T13:23:08Z,2021,2021-01-01,2021-12-31
7361965,GHED_OOP_pc_US_SHA2011,COUNTRY,DMA,AMR,Americas,YEAR,2014,,,,,,,,,139.07,139.06637236,,,,2025-12-05T13:23:08Z,2014,2014-01-01,2014-12-31
7362722,GHED_OOP_pc_US_SHA2011,COUNTRY,ITA,EUR,Europe,YEAR,2016,,,,,,,,,648.09,648.09479749,,,,2025-12-05T13:23:08Z,2016,2016-01-01,2016-12-31
7364853,GHED_OOP_pc_US_SHA2011,COUNTRY,VNM,WPR,Western Pacific,YEAR,2019,,,,,,,,,77.22,77.21960397,,,,2025-12-05T13:23:08Z,2019,2019-01-01,2019-12-31
7372378,GHED_OOP_pc_US_SHA2011,COUNTRY,KAZ,EUR,Europe,YEAR,2004,,,,,,,,,44.50,44.50264768,,,,2025-12-05T13:23:08Z,2004,2004-01-01,2004-12-31
7378456,GHED_OOP_pc_US_SHA2011,COUNTRY,SEN,AFR,Africa,YEAR,2018,,,,,,,,,31.12,31.11573763,,,,2025-12-05T13:23:08Z,2018,2018-01-01,2018-12-31
7379925,GHED_OOP_pc_US_SHA2011,COUNTRY,SLV,AMR,Americas,YEAR,2018,,,,,,,,,130.55,130.54588893,,,,2025-12-05T13:23:08Z,2018,2018-01-01,2018-12-31
7380852,GHED_OOP_pc_US_SHA2011,COUNTRY,AND,EUR,Europe,YEAR,2000,,,,,,,,,199.95,199.95448804,,,,2025-12-05T13:23:08Z,2000,2000-01-01,2000-12-31
7388045,GHED_OOP_pc_US_SHA2011,COUNTRY,GIN,AFR,Africa,YEAR,2016,,,,,,,,,19.12,19.12146273,,,,2025-12-05T13:23:08Z,2016,2016-01-01,2016-12-31
7392203,GHED_OOP_pc_US_SHA2011,COUNTRY,NIC,AMR,Americas,YEAR,2010,,,,,,,,,44.13,44.12525842,,,,2025-12-05T13:23:08Z,2010,2010-01-01,2010-12-31
7393152,GHED_OOP_pc_US_SHA2011,COUNTRY,MAR,EMR,Eastern Mediterranean,YEAR,2008,,,,,,,,,86.45,86.44580956,,,,2025-12-05T13:23:08Z,2008,2008-01-01,2008-12-31
7397161,GHED_OOP_pc_US_SHA2011,COUNTRY,CPV,AFR,Africa,YEAR,2015,,,,,,,,,41.68,41.68228086,,,,2025-12-05T13:23:08Z,2015,2015-01-01,2015-12-31
7397309,GHED_OOP_pc_US_SHA2011,COUNTRY,MHL,WPR,Western Pacific,YEAR,2016,,,,,,,,,7.14,7.14219225,,,,2025-12-05T13:23:08Z,2016,2016-01-01,2016-12-31
7398979,GHED_OOP_pc_US_SHA2011,COUNTRY,SRB,EUR,Europe,YEAR,2023,,,,,,,,,316.14,316.14471934,,,,2025-12-05T13:23:08Z,2023,2023-01-01,2023-12-31
7399592,GHED_OOP_pc_US_SHA2011,COUNTRY,CHN,WPR,Western Pacific,YEAR,2004,,,,,,,,,37.78,37.77738727,,,,2025-12-05T13:23:08Z,2004,2004-01-01,2004-12-31
7399845,GHED_OOP_pc_US_SHA2011,COUNTRY,CZE,EUR,Europe,YEAR,2016,,,,,,,,,196.41,196.40603868,,,,2025-12-05T13:23:08Z,2016,2016-01-01,2016-12-31
7402460,GHED_OOP_pc_US_SHA2011,COUNTRY,MNG,WPR,Western Pacific,YEAR,2023,,,,,,,,,175.49,175.48668416,,,,2025-12-05T13:23:08Z,2023,2023-01-01,2023-12-31
7402690,GHED_OOP_pc_US_SHA2011,COUNTRY,SRB,EUR,Europe,YEAR,2002,,,,,,,,,41.29,41.28929279,,,,2025-12-05T13:23:08Z,2002,2002-01-01,2002-12-31
7408519,GHED_OOP_pc_US_SHA2011,COUNTRY,SYR,EMR,Eastern Mediterranean,YEAR,2021,,,,,,,,,31.80,31.79577329,,,,2025-12-05T13:23:08Z,2021,2021-01-01,2021-12-31
7411686,GHED_OOP_pc_US_SHA2011,COUNTRY,SVK,EUR,Europe,YEAR,2023,,,,,,,,,365.47,365.46949069,,,,2025-12-05T13:23:08Z,2023,2023-01-01,2023-12-31
7413123,GHED_OOP_pc_US_SHA2011,COUNTRY,KWT,EMR,Eastern Mediterranean,YEAR,2009,,,,,,,,,171.54,171.53521369,,,,2025-12-05T13:23:08Z,2009,2009-01-01,2009-12-31
7416224,GHED_OOP_pc_US_SHA2011,COUNTRY,SDN,EMR,Eastern Mediterranean,YEAR,2003,,,,,,,,,14.13,14.12932031,,,,2025-12-05T13:23:08Z,2003,2003-01-01,2003-12-31
7421202,GHED_OOP_pc_US_SHA2011,COUNTRY,SWE,EUR,Europe,YEAR,2021,,,,,,,,,902.64,902.64164359,,,,2025-12-05T13:23:08Z,2021,2021-01-01,2021-12-31
7423202,GHED_OOP_pc_US_SHA2011,COUNTRY,SDN,EMR,Eastern Mediterranean,YEAR,2006,,,,,,,,,30.87,30.86630091,,,,2025-12-05T13:23:08Z,2006,2006-01-01,2006-12-31
7424042,GHED_OOP_pc_US_SHA2011,COUNTRY,ISR,EUR,Europe,YEAR,2016,,,,,,,,,635.34,635.34144231,,,,2025-12-05T13:23:08Z,2016,2016-01-01,2016-12-31
7424121,GHED_OOP_pc_US_SHA2011,COUNTRY,UKR,EUR,Europe,YEAR,2021,,,,,,,,,167.54,167.54350826,,,,2025-12-05T13:23:08Z,2021,2021-01-01,2021-12-31
7426180,GHED_OOP_pc_US_SHA2011,COUNTRY,MLI,AFR,Africa,YEAR,2007,,,,,,,,,18.18,18.18055294,,,,2025-12-05T13:23:08Z,2007,2007-01-01,2007-12-31
7434629,GHED_OOP_pc_US_SHA2011,COUNTRY,SEN,AFR,Africa,YEAR,2010,,,,,,,,,25.01,25.01433424,,,,2025-12-05T13:23:08Z,2010,2010-01-01,2010-12-31
7435782,GHED_OOP_pc_US_SHA2011,COUNTRY,FSM,WPR,Western Pacific,YEAR,2015,,,,,,,,,9.52,9.51778826,,,,2025-12-05T13:23:08Z,2015,2015-01-01,2015-12-31
7436097,GHED_OOP_pc_US_SHA2011,COUNTRY,PHL,WPR,Western Pacific,YEAR,2011,,,,,,,,,56.51,56.51214281,,,,2025-12-05T13:23:08Z,2011,2011-01-01,2011-12-31
7437853,GHED_OOP_pc_US_SHA2011,COUNTRY,SLE,AFR,Africa,YEAR,2022,,,,,,,,,22.70,22.69631732,,,,2025-12-05T13:23:08Z,2022,2022-01-01,2022-12-31
7441962,GHED_OOP_pc_US_SHA2011,COUNTRY,NAM,AFR,Africa,YEAR,2013,,,,,,,,,47.92,47.92001595,,,,2025-12-05T13:23:08Z,2013,2013-01-01,2013-12-31
7444325,GHED_OOP_pc_US_SHA2011,COUNTRY,SRB,EUR,Europe,YEAR,2006,,,,,,,,,122.00,122.00308841,,,,2025-12-05T13:23:08Z,2006,2006-01-01,2006-12-31
7445035,GHED_OOP_pc_US_SHA2011,COUNTRY,KIR,WPR,Western Pacific,YEAR,2017,,,,,,,,,1.27,1.27446068,,,,2025-12-05T13:23:08Z,2017,2017-01-01,2017-12-31
7445165,GHED_OOP_pc_US_SHA2011,COUNTRY,CZE,EUR,Europe,YEAR,2020,,,,,,,,,233.30,233.29532137,,,,2025-12-05T13:23:08Z,2020,2020-01-01,2020-12-31
7449396,GHED_OOP_pc_US_SHA2011,COUNTRY,NZL,WPR,Western Pacific,YEAR,2022,,,,,,,,,612.81,612.81169716,,,,2025-12-05T13:23:08Z,2022,2022-01-01,2022-12-31
7451229,GHED_OOP_pc_US_SHA2011,COUNTRY,PRY,AMR,Americas,YEAR,2018,,,,,,,,,185.22,185.21552964,,,,2025-12-05T13:23:08Z,2018,2018-01-01,2018-12-31
7456421,GHED_OOP_pc_US_SHA2011,COUNTRY,TUN,EMR,Eastern Mediterranean,YEAR,2006,,,,,,,,,76.31,76.31350943,,,,2025-12-05T13:23:08Z,2006,2006-01-01,2006-12-31
7462320,GHED_OOP_pc_US_SHA2011,COUNTRY,ALB,EUR,Europe,YEAR,2017,,,,,,,,,168.98,168.98251578,,,,2025-12-05T13:23:08Z,2017,2017-01-01,2017-12-31
7463184,GHED_OOP_pc_US_SHA2011,COUNTRY,MDA,EUR,Europe,YEAR,2013,,,,,,,,,98.63,98.63284247,,,,2025-12-05T13:23:08Z,2013,2013-01-01,2013-12-31
7463576,GHED_OOP_pc_US_SHA2011,COUNTRY,KGZ,EUR,Europe,YEAR,2011,,,,,,,,,34.28,34.28190744,,,,2025-12-05T13:23:08Z,2011,2011-01-01,2011-12-31
7468758,GHED_OOP_pc_US_SHA2011,COUNTRY,NGA,AFR,Africa,YEAR,2001,,,,,,,,,10.91,10.91063166,,,,2025-12-05T13:23:08Z,2001,2001-01-01,2001-12-31
7469138,GHED_OOP_pc_US_SHA2011,COUNTRY,MAR,EMR,Eastern Mediterranean,YEAR,2000,,,,,,,,,29.43,29.43210984,,,,2025-12-05T13:23:08Z,2000,2000-01-01,2000-12-31
7476149,GHED_OOP_pc_US_SHA2011,REGION,SEAR,,,YEAR,2002,,,,,,,,,25.12,25.12234684,,,,2025-12-05T13:23:08Z,2002,2002-01-01,2002-12-31
7483575,GHED_OOP_pc_US_SHA2011,COUNTRY,JPN,WPR,Western Pacific,YEAR,2011,,,,,,,,,669.65,669.64964873,,,,2025-12-05T13:23:08Z,2011,2011-01-01,2011-12-31
7486034,GHED_OOP_pc_US_SHA2011,COUNTRY,LKA,SEAR,South-East Asia,YEAR,2021,,,,,,,,,82.60,82.59951929,,,,2025-12-05T13:23:08Z,2021,2021-01-01,2021-12-31
7487368,GHED_OOP_pc_US_SHA2011,COUNTRY,ATG,AMR,Americas,YEAR,2007,,,,,,,,,232.33,232.32916653,,,,2025-12-05T13:23:08Z,2007,2007-01-01,2007-12-31
7497484,GHED_OOP_pc_US_SHA2011,COUNTRY,GTM,AMR,Americas,YEAR,2020,,,,,,,,,162.80,162.80450243,,,,2025-12-05T13:23:08Z,2020,2020-01-01,2020-12-31
7501037,GHED_OOP_pc_US_SHA2011,COUNTRY,GNQ,AFR,Africa,YEAR,2017,,,,,,,,,157.74,157.73933665,,,,2025-12-05T13:23:08Z,2017,2017-01-01,2017-12-31
7504542,GHED_OOP_pc_US_SHA2011,COUNTRY,BRA,AMR,Americas,YEAR,2001,,,,,,,,,102.67,102.66923175,,,,2025-12-05T13:23:08Z,2001,2001-01-01,2001-12-31
7510262,GHED_OOP_pc_US_SHA2011,COUNTRY,LVA,EUR,Europe,YEAR,2005,,,,,,,,,183.78,183.77813513,,,,2025-12-05T13:23:08Z,2005,2005-01-01,2005-12-31
7511732,GHED_OOP_pc_US_SHA2011,COUNTRY,GRD,AMR,Americas,YEAR,2013,,,,,,,,,230.28,230.28162067,,,,2025-12-05T13:23:08Z,2013,2013-01-01,2013-12-31
7512868,GHED_OOP_pc_US_SHA2011,COUNTRY,ATG,AMR,Americas,YEAR,2011,,,,,,,,,184.87,184.86514592,,,,2025-12-05T13:23:08Z,2011,2011-01-01,2011-12-31
7513217,GHED_OOP_pc_US_SHA2011,COUNTRY,KIR,WPR,Western Pacific,YEAR,2002,,,,,,,,,0.10,0.10187398,,,,2025-12-05T13:23:08Z,2002,2002-01-01,2002-12-31
7513678,GHED_OOP_pc_US_SHA2011,COUNTRY,CIV,AFR,Africa,YEAR,2010,,,,,,,,,39.56,39.56155059,,,,2025-12-05T13:23:08Z,2010,2010-01-01,2010-12-31
7516533,GHED_OOP_pc_US_SHA2011,COUNTRY,COL,AMR,Americas,YEAR,2020,,,,,,,,,67.41,67.41121112,,,,2025-12-05T13:23:08Z,2020,2020-01-01,2020-12-31
7517638,GHED_OOP_pc_US_SHA2011,COUNTRY,SAU,EMR,Eastern Mediterranean,YEAR,2011,,,,,,,,,149.09,149.08652899,,,,2025-12-05T13:23:08Z,2011,2011-01-01,2011-12-31
7517832,GHED_OOP_pc_US_SHA2011,COUNTRY,USA,AMR,Americas,YEAR,2011,,,,,,,,,987.55,987.55324878,,,,2025-12-05T13:23:08Z,2011,2011-01-01,2011-12-31
7518782,GHED_OOP_pc_US_SHA2011,REGION,AMR,,,YEAR,2020,,,,,,,,,232.23,232.23459099,,,,2025-12-05T13:23:08Z,2020,2020-01-01,2020-12-31
7520076,GHED_OOP_pc_US_SHA2011,COUNTRY,STP,AFR,Africa,YEAR,2022,,,,,,,,,21.14,21.14322279,,,,2025-12-05T13:23:08Z,2022,2022-01-01,2022-12-31
7520915,GHED_OOP_pc_US_SHA2011,COUNTRY,CHL,AMR,Americas,YEAR,2021,,,,,,,,,514.55,514.54620036,,,,2025-12-05T13:23:08Z,2021,2021-01-01,2021-12-31
7522862,GHED_OOP_pc_US_SHA2011,COUNTRY,SRB,EUR,Europe,YEAR,2017,,,,,,,,,209.64,209.63631656,,,,2025-12-05T13:23:08Z,2017,2017-01-01,2017-12-31
7530060,GHED_OOP_pc_US_SHA2011,COUNTRY,ARM,EUR,Europe,YEAR,2013,,,,,,,,,325.58,325.57879549,,,,2025-12-05T13:23:08Z,2013,2013-01-01,2013-12-31
7530103,GHED_OOP_pc_US_SHA2011,COUNTRY,SGP,WPR,Western Pacific,YEAR,2016,,,,,,,,,818.82,818.82458813,,,,2025-12-05T13:23:08Z,2016,2016-01-01,2016-12-31
7531512,GHED_OOP_pc_US_SHA2011,COUNTRY,IRN,EMR,Eastern Mediterranean,YEAR,2023,,,,,,,,,115.22,115.22339124,,,,2025-12-05T13:23:08Z,2023,2023-01-01,2023-12-31
7531557,GHED_OOP_pc_US_SHA2011,COUNTRY,AND,EUR,Europe,YEAR,2010,,,,,,,,,381.85,381.85278716,,,,2025-12-05T13:23:08Z,2010,2010-01-01,2010-12-31
7532577,GHED_OOP_pc_US_SHA2011,COUNTRY,SWZ,AFR,Africa,YEAR,2012,,,,,,,,,35.73,35.73102453,,,,2025-12-05T13:23:08Z,2012,2012-01-01,2012-12-31
7536419,GHED_OOP_pc_US_SHA2011,COUNTRY,KOR,WPR,Western Pacific,YEAR,2003,,,,,,,,,309.74,309.73978091,,,,2025-12-05T13:23:08Z,2003,2003-01-01,2003-12-31
7537104,GHED_OOP_pc_US_SHA2011,COUNTRY,MLI,AFR,Africa,YEAR,2014,,,,,,,,,11.99,11.98655103,,,,2025-12-05T13:23:08Z,2014,2014-01-01,2014-12-31
7538388,GHED_OOP_pc_US_SHA2011,COUNTRY,MWI,AFR,Africa,YEAR,2023,,,,,,,,,4.95,4.95318113,,,,2025-12-05T13:23:08Z,2023,2023-01-01,2023-12-31
7539663,GHED_OOP_pc_US_SHA2011,COUNTRY,HND,AMR,Americas,YEAR,2003,,,,,,,,,38.49,38.49158752,,,,2025-12-05T13:23:08Z,2003,2003-01-01,2003-12-31
7543069,GHED_OOP_pc_US_SHA2011,COUNTRY,SUR,AMR,Americas,YEAR,2010,,,,,,,,,94.23,94.22768368,,,,2025-12-05T13:23:08Z,2010,2010-01-01,2010-12-31
7544764,GHED_OOP_pc_US_SHA2011,COUNTRY,SYC,AFR,Africa,YEAR,2006,,,,,,,,,96.54,96.54093056,,,,2025-12-05T13:23:08Z,2006,2006-01-01,2006-12-31
7545835,GHED_OOP_pc_US_SHA2011,COUNTRY,COK,WPR,Western Pacific,YEAR,2010,,,,,,,,,23.06,23.05815002,,,,2025-12-05T13:23:08Z,2010,2010-01-01,2010-12-31
7548723,GHED_OOP_pc_US_SHA2011,COUNTRY,SLE,AFR,Africa,YEAR,2019,,,,,,,,,25.46,25.45915808,,,,2025-12-05T13:23:08Z,2019,2019-01-01,2019-12-31
7557628,GHED_OOP_pc_US_SHA2011,COUNTRY,FIN,EUR,Europe,YEAR,2018,,,,,,,,,833.30,833.30213725,,,,2025-12-05T13:23:08Z,2018,2018-01-01,2018-12-31
7561717,GHED_OOP_pc_US_SHA2011,COUNTRY,FJI,WPR,Western Pacific,YEAR,2006,,,,,,,,,18.13,18.13183217,,,,2025-12-05T13:23:08Z,2006,2006-01-01,2006-12-31
7562974,GHED_OOP_pc_US_SHA2011,COUNTRY,GAB,AFR,Africa,YEAR,2015,,,,,,,,,48.51,48.51235486,,,,2025-12-05T13:23:08Z,2015,2015-01-01,2015-12-31
7568406,GHED_OOP_pc_US_SHA2011,COUNTRY,GNB,AFR,Africa,YEAR,2005,,,,,,,,,11.13,11.13082388,,,,2025-12-05T13:23:08Z,2005,2005-01-01,2005-12-31
7568652,GHED_OOP_pc_US_SHA2011,COUNTRY,TZA,AFR,Africa,YEAR,2021,,,,,,,,,9.55,9.54863449,,,,2025-12-05T13:23:08Z,2021,2021-01-01,2021-12-31
7573442,GHED_OOP_pc_US_SHA2011,COUNTRY,ITA,EUR,Europe,YEAR,2008,,,,,,,,,743.33,743.33207602,,,,2025-12-05T13:23:08Z,2008,2008-01-01,2008-12-31
7575311,GHED_OOP_pc_US_SHA2011,COUNTRY,ZMB,AFR,Africa,YEAR,2018,,,,,,,,,7.18,7.17542343,,,,2025-12-05T13:23:08Z,2018,2018-01-01,2018-12-31
7575937,GHED_OOP_pc_US_SHA2011,COUNTRY,MMR,SEAR,South-East Asia,YEAR,2009,,,,,,,,,15.39,15.38678901,,,,2025-12-05T13:23:08Z,2009,2009-01-01,2009-12-31
7575969,GHED_OOP_pc_US_SHA2011,COUNTRY,ATG,AMR,Americas,YEAR,2015,,,,,,,,,185.73,185.73002258,,,,2025-12-05T13:23:08Z,2015,2015-01-01,2015-12-31
7576522,GHED_OOP_pc_US_SHA2011,COUNTRY,QAT,EMR,Eastern Mediterranean,YEAR,2007,,,,,,,,,243.70,243.69815396,,,,2025-12-05T13:23:08Z,2007,2007-01-01,2007-12-31
7577405,GHED_OOP_pc_US_SHA2011,COUNTRY,SEN,AFR,Africa,YEAR,2001,,,,,,,,,12.38,12.37780783,,,,2025-12-05T13:23:08Z,2001,2001-01-01,2001-12-31
7588239,GHED_OOP_pc_US_SHA2011,COUNTRY,NOR,EUR,Europe,YEAR,2017,,,,,,,,,1134.22,1134.2211579,,,,2025-12-05T13:23:08Z,2017,2017-01-01,2017-12-31
7592846,GHED_OOP_pc_US_SHA2011,COUNTRY,CZE,EUR,Europe,YEAR,2002,,,,,,,,,49.78,49.7826794,,,,2025-12-05T13:23:08Z,2002,2002-01-01,2002-12-31
7597059,GHED_OOP_pc_US_SHA2011,WORLDBANKINCOMEGROUP,WB_HI,,,YEAR,2022,,,,,,,,,580.79,580.79462673,,,,2025-12-05T13:23:08Z,2022,2022-01-01,2022-12-31
7599663,GHED_OOP_pc_US_SHA2011,COUNTRY,LBN,EMR,Eastern Mediterranean,YEAR,2017,,,,,,,,,222.13,222.13158132,,,,2025-12-05T13:23:08Z,2017,2017-01-01,2017-12-31
7600469,GHED_OOP_pc_US_SHA2011,COUNTRY,AFG,EMR,Eastern Mediterranean,YEAR,2011,,,,,,,,,38.23,38.22983107,,,,2025-12-05T13:23:08Z,2011,2011-01-01,2011-12-31
7602640,GHED_OOP_pc_US_SHA2011,COUNTRY,IRQ,EMR,Eastern Mediterranean,YEAR,2019,,,,,,,,,121.10,121.10376351,,,,2025-12-05T13:23:08Z,2019,2019-01-01,2019-12-31
7607103,GHED_OOP_pc_US_SHA2011,REGION,SEAR,,,YEAR,2023,,,,,,,,,59.55,59.55345419,,,,2025-12-05T13:23:08Z,2023,2023-01-01,2023-12-31
7608669,GHED_OOP_pc_US_SHA2011,COUNTRY,LCA,AMR,Americas,YEAR,2013,,,,,,,,,249.33,249.33357425,,,,2025-12-05T13:23:08Z,2013,2013-01-01,2013-12-31
7612873,GHED_OOP_pc_US_SHA2011,COUNTRY,MDG,AFR,Africa,YEAR,2012,,,,,,,,,6.27,6.27081838,,,,2025-12-05T13:23:08Z,2012,2012-01-01,2012-12-31
7617849,GHED_OOP_pc_US_SHA2011,COUNTRY,ITA,EUR,Europe,YEAR,2018,,,,,,,,,726.51,726.5088058,,,,2025-12-05T13:23:08Z,2018,2018-01-01,2018-12-31
7618365,GHED_OOP_pc_US_SHA2011,COUNTRY,BDI,AFR,Africa,YEAR,2005,,,,,,,,,4.36,4.36199853,,,,2025-12-05T13:23:08Z,2005,2005-01-01,2005-12-31
7618390,GHED_OOP_pc_US_SHA2011,COUNTRY,QAT,EMR,Eastern Mediterranean,YEAR,2010,,,,,,,,,245.27,245.27470959,,,,2025-12-05T13:23:08Z,2010,2010-01-01,2010-12-31
7619875,GHED_OOP_pc_US_SHA2011,COUNTRY,GRC,EUR,Europe,YEAR,2014,,,,,,,,,632.58,632.57590257,,,,2025-12-05T13:23:08Z,2014,2014-01-01,2014-12-31
7620599,GHED_OOP_pc_US_SHA2011,COUNTRY,ZAF,AFR,Africa,YEAR,2021,,,,,,,,,39.19,39.19482897,,,,2025-12-05T13:23:08Z,2021,2021-01-01,2021-12-31
7621757,GHED_OOP_pc_US_SHA2011,COUNTRY,SLB,WPR,Western Pacific,YEAR,2000,,,,,,,,,2.48,2.48354826,,,,2025-12-05T13:23:08Z,2000,2000-01-01,2000-12-31
7624909,GHED_OOP_pc_US_SHA2011,COUNTRY,HTI,AMR,Americas,YEAR,2003,,,,,,,,,8.94,8.9429808,,,,2025-12-05T13:23:08Z,2003,2003-01-01,2003-12-31
7628234,GHED_OOP_pc_US_SHA2011,COUNTRY,FIN,EUR,Europe,YEAR,2002,,,,,,,,,427.20,427.19851057,,,,2025-12-05T13:23:08Z,2002,2002-01-01,2002-12-31
7628386,GHED_OOP_pc_US_SHA2011,COUNTRY,IRL,EUR,Europe,YEAR,2001,,,,,,,,,194.17,194.17427611,,,,2025-12-05T13:23:08Z,2001,2001-01-01,2001-12-31
7633823,GHED_OOP_pc_US_SHA2011,COUNTRY,IDN,WPR,Western Pacific,YEAR,2000,,,,,,,,,6.96,6.95618613,,,,2025-12-05T13:23:08Z,2000,2000-01-01,2000-12-31
7638106,GHED_OOP_pc_US_SHA2011,COUNTRY,NZL,WPR,Western Pacific,YEAR,2007,,,,,,,,,309.90,309.89864652,,,,2025-12-05T13:23:08Z,2007,2007-01-01,2007-12-31
7641617,GHED_OOP_pc_US_SHA2011,COUNTRY,LBR,AFR,Africa,YEAR,2013,,,,,,,,,19.53,19.52710617,,,,2025-12-05T13:23:08Z,2013,2013-01-01,2013-12-31
7643672,GHED_OOP_pc_US_SHA2011,COUNTRY,CAF,AFR,Africa,YEAR,2005,,,,,,,,,7.21,7.20723588,,,,2025-12-05T13:23:08Z,2005,2005-01-01,2005-12-31
7645054,GHED_OOP_pc_US_SHA2011,COUNTRY,CZE,EUR,Europe,YEAR,2007,,,,,,,,,151.33,151.32845795,,,,2025-12-05T13:23:08Z,2007,2007-01-01,2007-12-31
7645593,GHED_OOP_pc_US_SHA2011,COUNTRY,GNQ,AFR,Africa,YEAR,2009,,,,,,,,,131.40,131.39928862,,,,2025-12-05T13:23:08Z,2009,2009-01-01,2009-12-31
7647946,GHED_OOP_pc_US_SHA2011,COUNTRY,TON,WPR,Western Pacific,YEAR,2012,,,,,,,,,14.86,14.86277567,,,,2025-12-05T13:23:08Z,2012,2012-01-01,2012-12-31
7649913,GHED_OOP_pc_US_SHA2011,COUNTRY,ERI,AFR,Africa,YEAR,2021,,,,,,,,,13.70,13.70335068,,,,2025-12-05T13:23:08Z,2021,2021-01-01,2021-12-31
7650494,GHED_OOP_pc_US_SHA2011,COUNTRY,STP,AFR,Africa,YEAR,2003,,,,,,,,,22.73,22.73207394,,,,2025-12-05T13:23:08Z,2003,2003-01-01,2003-12-31
7656629,GHED_OOP_pc_US_SHA2011,COUNTRY,SMR,EUR,Europe,YEAR,2000,,,,,,,,,557.22,557.22157308,,,,2025-12-05T13:23:08Z,2000,2000-01-01,2000-12-31
7656789,GHED_OOP_pc_US_SHA2011,COUNTRY,SLB,WPR,Western Pacific,YEAR,2022,,,,,,,,,3.60,3.5960965,,,,2025-12-05T13:23:08Z,2022,2022-01-01,2022-12-31
7657010,GHED_OOP_pc_US_SHA2011,COUNTRY,UGA,AFR,Africa,YEAR,2002,,,,,,,,,6.93,6.92944236,,,,2025-12-05T13:23:08Z,2002,2002-01-01,2002-12-31
7662899,GHED_OOP_pc_US_SHA2011,COUNTRY,ARE,EMR,Eastern Mediterranean,YEAR,2005,,,,,,,,,270.76,270.75986657,,,,2025-12-05T13:23:08Z,2005,2005-01-01,2005-12-31
7666986,GHED_OOP_pc_US_SHA2011,COUNTRY,FRA,EUR,Europe,YEAR,2022,,,,,,,,,449.22,449.22228537,,,,2025-12-05T13:23:08Z,2022,2022-01-01,2022-12-31
7669466,GHED_OOP_pc_US_SHA2011,COUNTRY,KEN,AFR,Africa,YEAR,2002,,,,,,,,,9.95,9.94593833,,,,2025-12-05T13:23:08Z,2002,2002-01-01,2002-12-31
7671036,GHED_OOP_pc_US_SHA2011,COUNTRY,NZL,WPR,Western Pacific,YEAR,2023,,,,,,,,,629.43,629.42652642,,,,2025-12-05T13:23:08Z,2023,2023-01-01,2023-12-31
7675765,GHED_OOP_pc_US_SHA2011,COUNTRY,BHR,EMR,Eastern Mediterranean,YEAR,2023,,,,,,,,,336.94,336.9393672,,,,2025-12-05T13:23:08Z,2023,2023-01-01,2023-12-31
7678727,GHED_OOP_pc_US_SHA2011,COUNTRY,ZWE,AFR,Africa,YEAR,2019,,,,,,,,,5.01,5.00559626,,,,2025-12-05T13:23:08Z,2019,2019-01-01,2019-12-31
7678821,GHED_OOP_pc_US_SHA2011,COUNTRY,ZWE,AFR,Africa,YEAR,2010,,,,,,,,,32.52,32.51945614,,,,2025-12-05T13:23:08Z,2010,2010-01-01,2010-12-31
7684093,GHED_OOP_pc_US_SHA2011,COUNTRY,PAK,EMR,Eastern Mediterranean,YEAR,2004,,,,,,,,,9.44,9.43781818,,,,2025-12-05T13:23:08Z,2004,2004-01-01,2004-12-31
7688115,GHED_OOP_pc_US_SHA2011,COUNTRY,MKD,EUR,Europe,YEAR,2020,,,,,,,,,198.56,198.56162776,,,,2025-12-05T13:23:08Z,2020,2020-01-01,2020-12-31
7690493,GHED_OOP_pc_US_SHA2011,REGION,EUR,,,YEAR,2003,,,,,,,,,269.53,269.52801276,,,,2025-12-05T13:23:08Z,2003,2003-01-01,2003-12-31
7692459,GHED_OOP_pc_US_SHA2011,COUNTRY,GEO,EUR,Europe,YEAR,2018,,,,,,,,,212.60,212.59740629,,,,2025-12-05T13:23:08Z,2018,2018-01-01,2018-12-31
7695924,GHED_OOP_pc_US_SHA2011,COUNTRY,DJI,EMR,Eastern Mediterranean,YEAR,2009,,,,,,,,,15.16,15.15696955,,,,2025-12-05T13:23:08Z,2009,2009-01-01,2009-12-31
7701919,GHED_OOP_pc_US_SHA2011,COUNTRY,MLT,EUR,Europe,YEAR,2014,,,,,,,,,899.62,899.61988688,,,,2025-12-05T13:23:08Z,2014,2014-01-01,2014-12-31
7701990,GHED_OOP_pc_US_SHA2011,COUNTRY,POL,EUR,Europe,YEAR,2017,,,,,,,,,206.81,206.8056379,,,,2025-12-05T13:23:08Z,2017,2017-01-01,2017-12-31
7706871,GHED_OOP_pc_US_SHA2011,COUNTRY,SLE,AFR,Africa,YEAR,2011,,,,,,,,,29.89,29.89310761,,,,2025-12-05T13:23:08Z,2011,2011-01-01,2011-12-31
7717471,GHED_OOP_pc_US_SHA2011,COUNTRY,MAR,EMR,Eastern Mediterranean,YEAR,2001,,,,,,,,,30.12,30.11748702,,,,2025-12-05T13:23:08Z,2001,2001-01-01,2001-12-31
7717686,GHED_OOP_pc_US_SHA2011,COUNTRY,MWI,AFR,Africa,YEAR,2014,,,,,,,,,2.89,2.89163679,,,,2025-12-05T13:23:08Z,2014,2014-01-01,2014-12-31
7719557,GHED_OOP_pc_US_SHA2011,COUNTRY,MOZ,AFR,Africa,YEAR,2008,,,,,,,,,2.74,2.74321628,,,,2025-12-05T13:23:08Z,2008,2008-01-01,2008-12-31
7723329,GHED_OOP_pc_US_SHA2011,COUNTRY,GBR,EUR,Europe,YEAR,2000,,,,,,,,,368.16,368.15766091,,,,2025-12-05T13:23:08Z,2000,2000-01-01,2000-12-31
7724225,GHED_OOP_pc_US_SHA2011,COUNTRY,ISL,EUR,Europe,YEAR,2023,,,,,,,,,1037.44,1037.44057838,,,,2025-12-05T13:23:08Z,2023,2023-01-01,2023-12-31
7728826,GHED_OOP_pc_US_SHA2011,COUNTRY,BRN,WPR,Western Pacific,YEAR,2013,,,,,,,,,78.58,78.5824843,,,,2025-12-05T13:23:08Z,2013,2013-01-01,2013-12-31
7729763,GHED_OOP_pc_US_SHA2011,COUNTRY,JAM,AMR,Americas,YEAR,2000,,,,,,,,,69.29,69.28804182,,,,2025-12-05T13:23:08Z,2000,2000-01-01,2000-12-31
7730566,GHED_OOP_pc_US_SHA2011,COUNTRY,NOR,EUR,Europe,YEAR,2021,,,,,,,,,1269.33,1269.32926774,,,,2025-12-05T13:23:08Z,2021,2021-01-01,2021-12-31
7743313,GHED_OOP_pc_US_SHA2011,COUNTRY,HRV,EUR,Europe,YEAR,2006,,,,,,,,,108.57,108.56652092,,,,2025-12-05T13:23:08Z,2006,2006-01-01,2006-12-31
7745723,GHED_OOP_pc_US_SHA2011,COUNTRY,IRL,EUR,Europe,YEAR,2010,,,,,,,,,708.19,708.19275268,,,,2025-12-05T13:23:08Z,2010,2010-01-01,2010-12-31
7745884,GHED_OOP_pc_US_SHA2011,COUNTRY,MCO,EUR,Europe,YEAR,2020,,,,,,,,,456.09,456.09059581,,,,2025-12-05T13:23:08Z,2020,2020-01-01,2020-12-31
7749386,GHED_OOP_pc_US_SHA2011,COUNTRY,NOR,EUR,Europe,YEAR,2020,,,,,,,,,1078.82,1078.82354,,,,2025-12-05T13:23:08Z,2020,2020-01-01,2020-12-31
7754226,GHED_OOP_pc_US_SHA2011,COUNTRY,SUR,AMR,Americas,YEAR,2021,,,,,,,,,50.99,50.99454654,,,,2025-12-05T13:23:08Z,2021,2021-01-01,2021-12-31
7759230,GHED_OOP_pc_US_SHA2011,COUNTRY,KHM,WPR,Western Pacific,YEAR,2022,,,,,,,,,63.35,63.34608058,,,,2025-12-05T13:23:08Z,2022,2022-01-01,2022-12-31
7768018,GHED_OOP_pc_US_SHA2011,COUNTRY,IRL,EUR,Europe,YEAR,2009,,,,,,,,,698.90,698.89574421,,,,2025-12-05T13:23:08Z,2009,2009-01-01,2009-12-31
7768190,GHED_OOP_pc_US_SHA2011,COUNTRY,EST,EUR,Europe,YEAR,2007,,,,,,,,,199.05,199.04858903,,,,2025-12-05T13:23:08Z,2007,2007-01-01,2007-12-31
7768376,GHED_OOP_pc_US_SHA2011,COUNTRY,WSM,WPR,Western Pacific,YEAR,2013,,,,,,,,,27.40,27.4041558,,,,2025-12-05T13:23:08Z,2013,2013-01-01,2013-12-31
7772839,GHED_OOP_pc_US_SHA2011,COUNTRY,GIN,AFR,Africa,YEAR,2022,,,,,,,,,28.83,28.83174304,,,,2025-12-05T13:23:08Z,2022,2022-01-01,2022-12-31
7777359,GHED_OOP_pc_US_SHA2011,COUNTRY,DJI,EMR,Eastern Mediterranean,YEAR,2014,,,,,,,,,14.85,14.85043397,,,,2025-12-05T13:23:08Z,2014,2014-01-01,2014-12-31
7779569,GHED_OOP_pc_US_SHA2011,COUNTRY,NIC,AMR,Americas,YEAR,2019,,,,,,,,,55.30,55.30403116,,,,2025-12-05T13:23:08Z,2019,2019-01-01,2019-12-31
7790280,GHED_OOP_pc_US_SHA2011,COUNTRY,BWA,AFR,Africa,YEAR,2014,,,,,,,,,15.57,15.56810746,,,,2025-12-05T13:23:08Z,2014,2014-01-01,2014-12-31
7791528,GHED_OOP_pc_US_SHA2011,COUNTRY,BEL,EUR,Europe,YEAR,2009,,,,,,,,,1029.71,1029.70531768,,,,2025-12-05T13:23:08Z,2009,2009-01-01,2009-12-31
7791591,GHED_OOP_pc_US_SHA2011,COUNTRY,UZB,EUR,Europe,YEAR,2005,,,,,,,,,18.74,18.73637438,,,,2025-12-05T13:23:08Z,2005,2005-01-01,2005-12-31
7803135,GHED_OOP_pc_US_SHA2011,COUNTRY,MNE,EUR,Europe,YEAR,2018,,,,,,,,,295.40,295.39879205,,,,2025-12-05T13:23:08Z,2018,2018-01-01,2018-12-31
7804250,GHED_OOP_pc_US_SHA2011,COUNTRY,VNM,WPR,Western Pacific,YEAR,2010,,,,,,,,,29.60,29.59808438,,,,2025-12-05T13:23:08Z,2010,2010-01-01,2010-12-31
7804780,GHED_OOP_pc_US_SHA2011,COUNTRY,AGO,AFR,Africa,YEAR,2015,,,,,,,,,36.05,36.0469827,,,,2025-12-05T13:23:08Z,2015,2015-01-01,2015-12-31
7805229,GHED_OOP_pc_US_SHA2011,COUNTRY,MCO,EUR,Europe,YEAR,2003,,,,,,,,,284.83,284.82649086,,,,2025-12-05T13:23:08Z,2003,2003-01-01,2003-12-31
7810011,GHED_OOP_pc_US_SHA2011,COUNTRY,HTI,AMR,Americas,YEAR,2011,,,,,,,,,20.12,20.11827642,,,,2025-12-05T13:23:08Z,2011,2011-01-01,2011-12-31
7816942,GHED_OOP_pc_US_SHA2011,COUNTRY,KHM,WPR,Western Pacific,YEAR,2020,,,,,,,,,64.34,64.34173803,,,,2025-12-05T13:23:08Z,2020,2020-01-01,2020-12-31
7817390,GHED_OOP_pc_US_SHA2011,COUNTRY,ISL,EUR,Europe,YEAR,2013,,,,,,,,,743.08,743.08079141,,,,2025-12-05T13:23:08Z,2013,2013-01-01,2013-12-31
7821813,GHED_OOP_pc_US_SHA2011,COUNTRY,LTU,EUR,Europe,YEAR,2004,,,,,,,,,120.80,120.80200596,,,,2025-12-05T13:23:08Z,2004,2004-01-01,2004-12-31
7821821,GHED_OOP_pc_US_SHA2011,COUNTRY,MHL,WPR,Western Pacific,YEAR,2002,,,,,,,,,4.91,4.90675495,,,,2025-12-05T13:23:08Z,2002,2002-01-01,2002-12-31
7827300,GHED_OOP_pc_US_SHA2011,COUNTRY,GBR,EUR,Europe,YEAR,2011,,,,,,,,,550.30,550.30215707,,,,2025-12-05T13:23:08Z,2011,2011-01-01,2011-12-31
7827444,GHED_OOP_pc_US_SHA2011,COUNTRY,KAZ,EUR,Europe,YEAR,2010,,,,,,,,,65.68,65.67785337,,,,2025-12-05T13:23:08Z,2010,2010-01-01,2010-12-31
7829890,GHED_OOP_pc_US_SHA2011,COUNTRY,KOR,WPR,Western Pacific,YEAR,2008,,,,,,,,,493.86,493.8619842,,,,2025-12-05T13:23:08Z,2008,2008-01-01,2008-12-31
7830083,GHED_OOP_pc_US_SHA2011,COUNTRY,AND,EUR,Europe,YEAR,2015,,,,,,,,,350.83,350.83455568,,,,2025-12-05T13:23:08Z,2015,2015-01-01,2015-12-31
7835793,GHED_OOP_pc_US_SHA2011,COUNTRY,COL,AMR,Americas,YEAR,2011,,,,,,,,,76.86,76.86123574,,,,2025-12-05T13:23:08Z,2011,2011-01-01,2011-12-31
7835906,GHED_OOP_pc_US_SHA2011,COUNTRY,TTO,AMR,Americas,YEAR,2007,,,,,,,,,328.89,328.89252962,,,,2025-12-05T13:23:08Z,2007,2007-01-01,2007-12-31
7838308,GHED_OOP_pc_US_SHA2011,COUNTRY,SYR,EMR,Eastern Mediterranean,YEAR,2002,,,,,,,,,33.88,33.87802988,,,,2025-12-05T13:23:08Z,2002,2002-01-01,2002-12-31
7839750,GHED_OOP_pc_US_SHA2011,COUNTRY,SWZ,AFR,Africa,YEAR,2013,,,,,,,,,31.95,31.94984337,,,,2025-12-05T13:23:08Z,2013,2013-01-01,2013-12-31
7842035,GHED_OOP_pc_US_SHA2011,COUNTRY,CAF,AFR,Africa,YEAR,2022,,,,,,,,,22.83,22.82952809,,,,2025-12-05T13:23:08Z,2022,2022-01-01,2022-12-31
7846207,GHED_OOP_pc_US_SHA2011,COUNTRY,ISR,EUR,Europe,YEAR,2011,,,,,,,,,580.27,580.27218284,,,,2025-12-05T13:23:08Z,2011,2011-01-01,2011-12-31
7848503,GHED_OOP_pc_US_SHA2011,COUNTRY,VUT,WPR,Western Pacific,YEAR,2004,,,,,,,,,5.91,5.9098157,,,,2025-12-05T13:23:08Z,2004,2004-01-01,2004-12-31
7855246,GHED_OOP_pc_US_SHA2011,COUNTRY,SEN,AFR,Africa,YEAR,2004,,,,,,,,,23.11,23.10756648,,,,2025-12-05T13:23:08Z,2004,2004-01-01,2004-12-31
7861578,GHED_OOP_pc_US_SHA2011,COUNTRY,MAR,EMR,Eastern Mediterranean,YEAR,2009,,,,,,,,,90.20,90.19852227,,,,2025-12-05T13:23:08Z,2009,2009-01-01,2009-12-31
7862749,GHED_OOP_pc_US_SHA2011,COUNTRY,KOR,WPR,Western Pacific,YEAR,2011,,,,,,,,,611.77,611.76671509,,,,2025-12-05T13:23:08Z,2011,2011-01-01,2011-12-31
7867881,GHED_OOP_pc_US_SHA2011,COUNTRY,PAK,EMR,Eastern Mediterranean,YEAR,2022,,,,,,,,,18.36,18.36161595,,,,2025-12-05T13:23:08Z,2022,2022-01-01,2022-12-31
7868070,GHED_OOP_pc_US_SHA2011,COUNTRY,LVA,EUR,Europe,YEAR,2020,,,,,,,,,418.62,418.61741587,,,,2025-12-05T13:23:08Z,2020,2020-01-01,2020-12-31
7868421,GHED_OOP_pc_US_SHA2011,COUNTRY,IND,SEAR,South-East Asia,YEAR,2017,,,,,,,,,31.23,31.23138477,,,,2025-12-05T13:23:08Z,2017,2017-01-01,2017-12-31
7868885,GHED_OOP_pc_US_SHA2011,COUNTRY,HUN,EUR,Europe,YEAR,2020,,,,,,,,,309.20,309.20351995,,,,2025-12-05T13:23:08Z,2020,2020-01-01,2020-12-31
7874375,GHED_OOP_pc_US_SHA2011,COUNTRY,DJI,EMR,Eastern Mediterranean,YEAR,2021,,,,,,,,,23.75,23.75498441,,,,2025-12-05T13:23:08Z,2021,2021-01-01,2021-12-31
7878256,GHED_OOP_pc_US_SHA2011,COUNTRY,IND,SEAR,South-East Asia,YEAR,2022,,,,,,,,,36.31,36.3051495,,,,2025-12-05T13:23:08Z,2022,2022-01-01,2022-12-31
7879648,GHED_OOP_pc_US_SHA2011,COUNTRY,GEO,EUR,Europe,YEAR,2007,,,,,,,,,148.31,148.31335216,,,,2025-12-05T13:23:08Z,2007,2007-01-01,2007-12-31
7882025,GHED_OOP_pc_US_SHA2011,COUNTRY,ATG,AMR,Americas,YEAR,2008,,,,,,,,,221.46,221.46014695,,,,2025-12-05T13:23:08Z,2008,2008-01-01,2008-12-31
7886038,GHED_OOP_pc_US_SHA2011,COUNTRY,MKD,EUR,Europe,YEAR,2023,,,,,,,,,253.03,253.03042214,,,,2025-12-05T13:23:08Z,2023,2023-01-01,2023-12-31
7888839,GHED_OOP_pc_US_SHA2011,WORLDBANKINCOMEGROUP,WB_LMI,,,YEAR,2023,,,,,,,,,46.82,46.82082814,,,,2026-01-12T13:50:53Z,2023,2023-01-01,2023-12-31
7888887,GHED_OOP_pc_US_SHA2011,COUNTRY,IRN,EMR,Eastern Mediterranean,YEAR,2017,,,,,,,,,149.99,149.98574226,,,,2025-12-05T13:23:08Z,2017,2017-01-01,2017-12-31
7892880,GHED_OOP_pc_US_SHA2011,COUNTRY,TUV,WPR,Western Pacific,YEAR,2017,,,,,,,,,6.00,5.99855244,,,,2025-12-05T13:23:08Z,2017,2017-01-01,2017-12-31
7893458,GHED_OOP_pc_US_SHA2011,COUNTRY,GMB,AFR,Africa,YEAR,2016,,,,,,,,,6.33,6.33497525,,,,2025-12-05T13:23:08Z,2016,2016-01-01,2016-12-31
7897602,GHED_OOP_pc_US_SHA2011,COUNTRY,PLW,WPR,Western Pacific,YEAR,2010,,,,,,,,,193.51,193.51318457,,,,2025-12-05T13:23:08Z,2010,2010-01-01,2010-12-31
7900250,GHED_OOP_pc_US_SHA2011,COUNTRY,IRN,EMR,Eastern Mediterranean,YEAR,2016,,,,,,,,,158.61,158.611398,,,,2025-12-05T13:23:08Z,2016,2016-01-01,2016-12-31
7900413,GHED_OOP_pc_US_SHA2011,REGION,SEAR,,,YEAR,2010,,,,,,,,,46.52,46.52188978,,,,2025-12-05T13:23:08Z,2010,2010-01-01,2010-12-31
7907780,GHED_OOP_pc_US_SHA2011,COUNTRY,AFG,EMR,Eastern Mediterranean,YEAR,2014,,,,,,,,,43.87,43.86972469,,,,2025-12-05T13:23:08Z,2014,2014-01-01,2014-12-31
7908323,GHED_OOP_pc_US_SHA2011,COUNTRY,OMN,EMR,Eastern Mediterranean,YEAR,2001,,,,,,,,,29.25,29.248444,,,,2025-12-05T13:23:08Z,2001,2001-01-01,2001-12-31
7912639,GHED_OOP_pc_US_SHA2011,COUNTRY,IND,SEAR,South-East Asia,YEAR,2008,,,,,,,,,26.04,26.03724623,,,,2025-12-05T13:23:08Z,2008,2008-01-01,2008-12-31
7914530,GHED_OOP_pc_US_SHA2011,COUNTRY,GTM,AMR,Americas,YEAR,2019,,,,,,,,,155.98,155.9803897,,,,2025-12-05T13:23:08Z,2019,2019-01-01,2019-12-31
7920028,GHED_OOP_pc_US_SHA2011,GLOBAL,GLOBAL,,,YEAR,2000,,,,,,,,,97.75,97.7476593,,,,2025-12-05T13:23:08Z,2000,2000-01-01,2000-12-31
7923644,GHED_OOP_pc_US_SHA2011,COUNTRY,CHE,EUR,Europe,YEAR,2015,,,,,,,,,2028.28,2028.28126624,,,,2025-12-05T13:23:08Z,2015,2015-01-01,2015-12-31
7925331,GHED_OOP_pc_US_SHA2011,COUNTRY,TUR,EUR,Europe,YEAR,2018,,,,,,,,,66.52,66.51607342,,,,2025-12-05T13:23:08Z,2018,2018-01-01,2018-12-31
7926551,GHED_OOP_pc_US_SHA2011,WORLDBANKINCOMEGROUP,WB_LMI,,,YEAR,2000,,,,,,,,,19.77,19.77282696,,,,2025-12-05T13:23:08Z,2000,2000-01-01,2000-12-31
7928310,GHED_OOP_pc_US_SHA2011,WORLDBANKINCOMEGROUP,WB_HI,,,YEAR,2000,,,,,,,,,226.18,226.17638331,,,,2025-12-05T13:23:08Z,2000,2000-01-01,2000-12-31
7928447,GHED_OOP_pc_US_SHA2011,COUNTRY,TUN,EMR,Eastern Mediterranean,YEAR,2010,,,,,,,,,101.37,101.37167175,,,,2025-12-05T13:23:08Z,2010,2010-01-01,2010-12-31
7929811,GHED_OOP_pc_US_SHA2011,COUNTRY,AGO,AFR,Africa,YEAR,2021,,,,,,,,,17.48,17.48416299,,,,2025-12-05T13:23:08Z,2021,2021-01-01,2021-12-31
7930119,GHED_OOP_pc_US_SHA2011,REGION,EMR,,,YEAR,2014,,,,,,,,,113.16,113.1621032,,,,2025-12-05T13:23:08Z,2014,2014-01-01,2014-12-31
7937143,GHED_OOP_pc_US_SHA2011,COUNTRY,UZB,EUR,Europe,YEAR,2014,,,,,,,,,53.78,53.78488941,,,,2025-12-05T13:23:08Z,2014,2014-01-01,2014-12-31
7942371,GHED_OOP_pc_US_SHA2011,WORLDBANKINCOMEGROUP,WB_UMI,,,YEAR,2022,,,,,,,,,159.18,159.18086325,,,,2025-12-05T13:23:08Z,2022,2022-01-01,2022-12-31
7945699,GHED_OOP_pc_US_SHA2011,COUNTRY,KOR,WPR,Western Pacific,YEAR,2013,,,,,,,,,665.33,665.33423286,,,,2025-12-05T13:23:08Z,2013,2013-01-01,2013-12-31
7945784,GHED_OOP_pc_US_SHA2011,COUNTRY,CHE,EUR,Europe,YEAR,2019,,,,,,,,,2104.20,2104.2019736,,,,2025-12-05T13:23:08Z,2019,2019-01-01,2019-12-31
7948025,GHED_OOP_pc_US_SHA2011,COUNTRY,COK,WPR,Western Pacific,YEAR,2004,,,,,,,,,41.48,41.48192403,,,,2025-12-05T13:23:08Z,2004,2004-01-01,2004-12-31
7949910,GHED_OOP_pc_US_SHA2011,COUNTRY,BGR,EUR,Europe,YEAR,2010,,,,,,,,,209.13,209.12864583,,,,2025-12-05T13:23:08Z,2010,2010-01-01,2010-12-31
7954685,GHED_OOP_pc_US_SHA2011,COUNTRY,KGZ,EUR,Europe,YEAR,2013,,,,,,,,,48.08,48.08248585,,,,2025-12-05T13:23:08Z,2013,2013-01-01,2013-12-31
7954867,GHED_OOP_pc_US_SHA2011,COUNTRY,KEN,AFR,Africa,YEAR,2005,,,,,,,,,14.02,14.01769428,,,,2025-12-05T13:23:08Z,2005,2005-01-01,2005-12-31
7956538,GHED_OOP_pc_US_SHA2011,COUNTRY,ISL,EUR,Europe,YEAR,2016,,,,,,,,,846.30,846.29933378,,,,2025-12-05T13:23:08Z,2016,2016-01-01,2016-12-31
7956755,GHED_OOP_pc_US_SHA2011,COUNTRY,FSM,WPR,Western Pacific,YEAR,2016,,,,,,,,,9.58,9.5769287,,,,2025-12-05T13:23:08Z,2016,2016-01-01,2016-12-31
7957372,GHED_OOP_pc_US_SHA2011,COUNTRY,PAN,AMR,Americas,YEAR,2021,,,,,,,,,529.05,529.04756508,,,,2025-12-05T13:23:08Z,2021,2021-01-01,2021-12-31
7961231,GHED_OOP_pc_US_SHA2011,COUNTRY,SDN,EMR,Eastern Mediterranean,YEAR,2020,,,,,,,,,12.14,12.13852631,,,,2025-12-05T13:23:08Z,2020,2020-01-01,2020-12-31
7963058,GHED_OOP_pc_US_SHA2011,COUNTRY,GNQ,AFR,Africa,YEAR,2018,,,,,,,,,168.58,168.58410784,,,,2025-12-05T13:23:08Z,2018,2018-01-01,2018-12-31
7963651,GHED_OOP_pc_US_SHA2011,COUNTRY,COL,AMR,Americas,YEAR,2002,,,,,,,,,15.19,15.18735716,,,,2025-12-05T13:23:08Z,2002,2002-01-01,2002-12-31
7964585,GHED_OOP_pc_US_SHA2011,COUNTRY,AFG,EMR,Eastern Mediterranean,YEAR,2003,,,,,,,,,15.27,15.27386016,,,,2025-12-05T13:23:08Z,2003,2003-01-01,2003-12-31
7964868,GHED_OOP_pc_US_SHA2011,COUNTRY,GNQ,AFR,Africa,YEAR,2000,,,,,,,,,10.51,10.50779439,,,,2025-12-05T13:23:08Z,2000,2000-01-01,2000-12-31
7966656,GHED_OOP_pc_US_SHA2011,COUNTRY,SVK,EUR,Europe,YEAR,2000,,,,,,,,,22.06,22.05797817,,,,2025-12-05T13:23:08Z,2000,2000-01-01,2000-12-31
7968271,GHED_OOP_pc_US_SHA2011,COUNTRY,SVN,EUR,Europe,YEAR,2005,,,,,,,,,188.68,188.6753866,,,,2025-12-05T13:23:08Z,2005,2005-01-01,2005-12-31
7970607,GHED_OOP_pc_US_SHA2011,COUNTRY,VNM,WPR,Western Pacific,YEAR,2006,,,,,,,,,16.26,16.26233549,,,,2025-12-05T13:23:08Z,2006,2006-01-01,2006-12-31
7975574,GHED_OOP_pc_US_SHA2011,COUNTRY,IRN,EMR,Eastern Mediterranean,YEAR,2021,,,,,,,,,82.01,82.01273446,,,,2025-12-05T13:23:08Z,2021,2021-01-01,2021-12-31
7976791,GHED_OOP_pc_US_SHA2011,COUNTRY,HUN,EUR,Europe,YEAR,2002,,,,,,,,,130.17,130.16972512,,,,2025-12-05T13:23:08Z,2002,2002-01-01,2002-12-31
7977479,GHED_OOP_pc_US_SHA2011,COUNTRY,GEO,EUR,Europe,YEAR,2020,,,,,,,,,212.54,212.54255166,,,,2025-12-05T13:23:08Z,2020,2020-01-01,2020-12-31
7982920,GHED_OOP_pc_US_SHA2011,WORLDBANKINCOMEGROUP,WB_LMI,,,YEAR,2002,,,,,,,,,19.82,19.82195941,,,,2025-12-05T13:23:08Z,2002,2002-01-01,2002-12-31
7983239,GHED_OOP_pc_US_SHA2011,COUNTRY,LSO,AFR,Africa,YEAR,2005,,,,,,,,,14.33,14.3283634,,,,2025-12-05T13:23:08Z,2005,2005-01-01,2005-12-31
7983848,GHED_OOP_pc_US_SHA2011,COUNTRY,KGZ,EUR,Europe,YEAR,2023,,,,,,,,,40.85,40.84920586,,,,2025-12-05T13:23:08Z,2023,2023-01-01,2023-12-31
7987678,GHED_OOP_pc_US_SHA2011,COUNTRY,CPV,AFR,Africa,YEAR,2012,,,,,,,,,42.91,42.91095598,,,,2025-12-05T13:23:08Z,2012,2012-01-01,2012-12-31
7995743,GHED_OOP_pc_US_SHA2011,COUNTRY,AUS,WPR,Western Pacific,YEAR,2007,,,,,,,,,720.73,720.73096363,,,,2025-12-05T13:23:08Z,2007,2007-01-01,2007-12-31
8001812,GHED_OOP_pc_US_SHA2011,COUNTRY,GIN,AFR,Africa,YEAR,2001,,,,,,,,,13.80,13.80433169,,,,2025-12-05T13:23:08Z,2001,2001-01-01,2001-12-31
8003032,GHED_OOP_pc_US_SHA2011,COUNTRY,KAZ,EUR,Europe,YEAR,2000,,,,,,,,,23.82,23.81561681,,,,2025-12-05T13:23:08Z,2000,2000-01-01,2000-12-31
8004767,GHED_OOP_pc_US_SHA2011,COUNTRY,GMB,AFR,Africa,YEAR,2023,,,,,,,,,8.70,8.69703866,,,,2025-12-05T13:23:08Z,2023,2023-01-01,2023-12-31
8005359,GHED_OOP_pc_US_SHA2011,COUNTRY,GEO,EUR,Europe,YEAR,2012,,,,,,,,,253.80,253.79813201,,,,2025-12-05T13:23:08Z,2012,2012-01-01,2012-12-31
8007601,GHED_OOP_pc_US_SHA2011,REGION,AMR,,,YEAR,2013,,,,,,,,,241.51,241.50549625,,,,2025-12-05T13:23:08Z,2013,2013-01-01,2013-12-31
8011771,GHED_OOP_pc_US_SHA2011,COUNTRY,MRT,AFR,Africa,YEAR,2017,,,,,,,,,29.86,29.85618695,,,,2025-12-05T13:23:08Z,2017,2017-01-01,2017-12-31
8013940,GHED_OOP_pc_US_SHA2011,COUNTRY,IND,SEAR,South-East Asia,YEAR,2000,,,,,,,,,13.25,13.24969772,,,,2025-12-05T13:23:08Z,2000,2000-01-01,2000-12-31
8019489,GHED_OOP_pc_US_SHA2011,COUNTRY,ISR,EUR,Europe,YEAR,2005,,,,,,,,,456.40,456.40267643,,,,2025-12-05T13:23:08Z,2005,2005-01-01,2005-12-31
8020937,GHED_OOP_pc_US_SHA2011,COUNTRY,SWE,EUR,Europe,YEAR,2016,,,,,,,,,836.95,836.95019696,,,,2025-12-05T13:23:08Z,2016,2016-01-01,2016-12-31
8022122,GHED_OOP_pc_US_SHA2011,COUNTRY,NER,AFR,Africa,YEAR,2011,,,,,,,,,14.34,14.3426916,,,,2025-12-05T13:23:08Z,2011,2011-01-01,2011-12-31
8025509,GHED_OOP_pc_US_SHA2011,COUNTRY,RWA,AFR,Africa,YEAR,2008,,,,,,,,,4.71,4.70835153,,,,2025-12-05T13:23:08Z,2008,2008-01-01,2008-12-31
8026273,GHED_OOP_pc_US_SHA2011,COUNTRY,LTU,EUR,Europe,YEAR,2019,,,,,,,,,439.26,439.26324342,,,,2025-12-05T13:23:08Z,2019,2019-01-01,2019-12-31
8029908,GHED_OOP_pc_US_SHA2011,COUNTRY,SDN,EMR,Eastern Mediterranean,YEAR,2023,,,,,,,,,12.09,12.09458645,,,,2025-12-05T13:23:08Z,2023,2023-01-01,2023-12-31
8030740,GHED_OOP_pc_US_SHA2011,COUNTRY,ISL,EUR,Europe,YEAR,2007,,,,,,,,,955.91,955.90878684,,,,2025-12-05T13:23:08Z,2007,2007-01-01,2007-12-31
8030769,GHED_OOP_pc_US_SHA2011,COUNTRY,ECU,AMR,Americas,YEAR,2000,,,,,,,,,30.58,30.57717049,,,,2025-12-05T13:23:08Z,2000,2000-01-01,2000-12-31
8033735,GHED_OOP_pc_US_SHA2011,COUNTRY,CYP,EUR,Europe,YEAR,2007,,,,,,,,,826.76,826.76424346,,,,2025-12-05T13:23:08Z,2007,2007-01-01,2007-12-31
8036219,GHED_OOP_pc_US_SHA2011,COUNTRY,IDN,WPR,Western Pacific,YEAR,2009,,,,,,,,,30.72,30.71519789,,,,2025-12-05T13:23:08Z,2009,2009-01-01,2009-12-31
8036535,GHED_OOP_pc_US_SHA2011,COUNTRY,GUY,AMR,Americas,YEAR,2022,,,,,,,,,113.85,113.85141869,,,,2025-12-05T13:23:08Z,2022,2022-01-01,2022-12-31
8037021,GHED_OOP_pc_US_SHA2011,COUNTRY,LAO,WPR,Western Pacific,YEAR,2008,,,,,,,,,8.39,8.39338673,,,,2025-12-05T13:23:08Z,2008,2008-01-01,2008-12-31
8039270,GHED_OOP_pc_US_SHA2011,COUNTRY,IRN,EMR,Eastern Mediterranean,YEAR,2015,,,,,,,,,164.88,164.87500982,,,,2025-12-05T13:23:08Z,2015,2015-01-01,2015-12-31
8039423,GHED_OOP_pc_US_SHA2011,COUNTRY,THA,SEAR,South-East Asia,YEAR,2011,,,,,,,,,24.94,24.94351018,,,,2025-12-05T13:23:08Z,2011,2011-01-01,2011-12-31
8040222,GHED_OOP_pc_US_SHA2011,COUNTRY,TJK,EUR,Europe,YEAR,2021,,,,,,,,,48.92,48.91735733,,,,2025-12-05T13:23:08Z,2021,2021-01-01,2021-12-31
8043481,GHED_OOP_pc_US_SHA2011,COUNTRY,GRD,AMR,Americas,YEAR,2000,,,,,,,,,153.79,153.79378783,,,,2025-12-05T13:23:08Z,2000,2000-01-01,2000-12-31
8046233,GHED_OOP_pc_US_SHA2011,COUNTRY,TUV,WPR,Western Pacific,YEAR,2005,,,,,,,,,3.93,3.9303084,,,,2025-12-05T13:23:08Z,2005,2005-01-01,2005-12-31
8046658,GHED_OOP_pc_US_SHA2011,COUNTRY,SVN,EUR,Europe,YEAR,2016,,,,,,,,,220.29,220.28980358,,,,2025-12-05T13:23:08Z,2016,2016-01-01,2016-12-31
8049206,GHED_OOP_pc_US_SHA2011,COUNTRY,LVA,EUR,Europe,YEAR,2007,,,,,,,,,285.49,285.4852187,,,,2025-12-05T13:23:08Z,2007,2007-01-01,2007-12-31
8049212,GHED_OOP_pc_US_SHA2011,COUNTRY,POL,EUR,Europe,YEAR,2015,,,,,,,,,185.21,185.21289567,,,,2025-12-05T13:23:08Z,2015,2015-01-01,2015-12-31
8050959,GHED_OOP_pc_US_SHA2011,COUNTRY,CMR,AFR,Africa,YEAR,2021,,,,,,,,,51.28,51.28310984,,,,2025-12-05T13:23:08Z,2021,2021-01-01,2021-12-31
8053150,GHED_OOP_pc_US_SHA2011,COUNTRY,GTM,AMR,Americas,YEAR,2006,,,,,,,,,91.68,91.68438181,,,,2025-12-05T13:23:08Z,2006,2006-01-01,2006-12-31
8056531,GHED_OOP_pc_US_SHA2011,COUNTRY,PRY,AMR,Americas,YEAR,2021,,,,,,,,,172.54,172.54153605,,,,2025-12-05T13:23:08Z,2021,2021-01-01,2021-12-31
8059505,GHED_OOP_pc_US_SHA2011,COUNTRY,MNG,WPR,Western Pacific,YEAR,2014,,,,,,,,,61.27,61.27091221,,,,2025-12-05T13:23:08Z,2014,2014-01-01,2014-12-31
8059521,GHED_OOP_pc_US_SHA2011,COUNTRY,BHR,EMR,Eastern Mediterranean,YEAR,2014,,,,,,,,,293.36,293.3649722,,,,2025-12-05T13:23:08Z,2014,2014-01-01,2014-12-31
8064288,GHED_OOP_pc_US_SHA2011,COUNTRY,FSM,WPR,Western Pacific,YEAR,2023,,,,,,,,,13.11,13.10598985,,,,2025-12-05T13:23:08Z,2023,2023-01-01,2023-12-31
8070342,GHED_OOP_pc_US_SHA2011,COUNTRY,BEN,AFR,Africa,YEAR,2015,,,,,,,,,14.06,14.05807355,,,,2025-12-05T13:23:08Z,2015,2015-01-01,2015-12-31
8070765,GHED_OOP_pc_US_SHA2011,COUNTRY,BTN,SEAR,South-East Asia,YEAR,2018,,,,,,,,,13.43,13.42869032,,,,2025-12-05T13:23:08Z,2018,2018-01-01,2018-12-31
8071718,GHED_OOP_pc_US_SHA2011,COUNTRY,COM,AFR,Africa,YEAR,2009,,,,,,,,,58.45,58.45394859,,,,2025-12-05T13:23:08Z,2009,2009-01-01,2009-12-31
8072861,GHED_OOP_pc_US_SHA2011,COUNTRY,ZMB,AFR,Africa,YEAR,2023,,,,,,,,,8.18,8.18382903,,,,2025-12-05T13:23:08Z,2023,2023-01-01,2023-12-31
8073154,GHED_OOP_pc_US_SHA2011,COUNTRY,NLD,EUR,Europe,YEAR,2005,,,,,,,,,377.98,377.98380496,,,,2025-12-05T13:23:08Z,2005,2005-01-01,2005-12-31
8075039,GHED_OOP_pc_US_SHA2011,COUNTRY,LCA,AMR,Americas,YEAR,2020,,,,,,,,,205.96,205.9572872,,,,2025-12-05T13:23:08Z,2020,2020-01-01,2020-12-31
8076694,GHED_OOP_pc_US_SHA2011,COUNTRY,KWT,EMR,Eastern Mediterranean,YEAR,2011,,,,,,,,,160.77,160.76969127,,,,2025-12-05T13:23:08Z,2011,2011-01-01,2011-12-31
8076710,GHED_OOP_pc_US_SHA2011,COUNTRY,ECU,AMR,Americas,YEAR,2006,,,,,,,,,115.50,115.50367821,,,,2025-12-05T13:23:08Z,2006,2006-01-01,2006-12-31
8077106,GHED_OOP_pc_US_SHA2011,COUNTRY,GTM,AMR,Americas,YEAR,2016,,,,,,,,,138.16,138.16346966,,,,2025-12-05T13:23:08Z,2016,2016-01-01,2016-12-31
8077181,GHED_OOP_pc_US_SHA2011,COUNTRY,HTI,AMR,Americas,YEAR,2016,,,,,,,,,21.20,21.19818231,,,,2025-12-05T13:23:08Z,2016,2016-01-01,2016-12-31
8077850,GHED_OOP_pc_US_SHA2011,COUNTRY,IDN,WPR,Western Pacific,YEAR,2007,,,,,,,,,27.74,27.74394945,,,,2025-12-05T13:23:08Z,2007,2007-01-01,2007-12-31
8078615,GHED_OOP_pc_US_SHA2011,COUNTRY,TLS,SEAR,South-East Asia,YEAR,2022,,,,,,,,,9.58,9.58445693,,,,2025-12-05T13:23:08Z,2022,2022-01-01,2022-12-31
8082517,GHED_OOP_pc_US_SHA2011,COUNTRY,TGO,AFR,Africa,YEAR,2002,,,,,,,,,11.68,11.67988855,,,,2025-12-05T13:23:08Z,2002,2002-01-01,2002-12-31
8090423,GHED_OOP_pc_US_SHA2011,COUNTRY,BGD,SEAR,South-East Asia,YEAR,2009,,,,,,,,,12.03,12.02804775,,,,2025-12-05T13:23:08Z,2009,2009-01-01,2009-12-31
8094125,GHED_OOP_pc_US_SHA2011,COUNTRY,PHL,WPR,Western Pacific,YEAR,2001,,,,,,,,,12.32,12.31883018,,,,2025-12-05T13:23:08Z,2001,2001-01-01,2001-12-31
8094224,GHED_OOP_pc_US_SHA2011,COUNTRY,IRQ,EMR,Eastern Mediterranean,YEAR,2012,,,,,,,,,107.59,107.59197569,,,,2025-12-05T13:23:08Z,2012,2012-01-01,2012-12-31
8097375,GHED_OOP_pc_US_SHA2011,COUNTRY,PRY,AMR,Americas,YEAR,2016,,,,,,,,,165.47,165.47265829,,,,2025-12-05T13:23:08Z,2016,2016-01-01,2016-12-31
8101354,GHED_OOP_pc_US_SHA2011,REGION,AMR,,,YEAR,2008,,,,,,,,,205.79,205.78751089,,,,2025-12-05T13:23:08Z,2008,2008-01-01,2008-12-31
8102942,GHED_OOP_pc_US_SHA2011,COUNTRY,VUT,WPR,Western Pacific,YEAR,2011,,,,,,,,,9.69,9.6862877,,,,2025-12-05T13:23:08Z,2011,2011-01-01,2011-12-31
8107056,GHED_OOP_pc_US_SHA2011,COUNTRY,AGO,AFR,Africa,YEAR,2016,,,,,,,,,33.10,33.10161096,,,,2025-12-05T13:23:08Z,2016,2016-01-01,2016-12-31
8107504,GHED_OOP_pc_US_SHA2011,COUNTRY,SDN,EMR,Eastern Mediterranean,YEAR,2001,,,,,,,,,9.46,9.45652978,,,,2025-12-05T13:23:08Z,2001,2001-01-01,2001-12-31
8109226,GHED_OOP_pc_US_SHA2011,COUNTRY,AUT,EUR,Europe,YEAR,2023,,,,,,,,,1032.81,1032.81353192,,,,2025-12-05T13:23:08Z,2023,2023-01-01,2023-12-31
8109659,GHED_OOP_pc_US_SHA2011,COUNTRY,BGD,SEAR,South-East Asia,YEAR,2004,,,,,,,,,6.81,6.80799957,,,,2025-12-05T13:23:08Z,2004,2004-01-01,2004-12-31
8110959,GHED_OOP_pc_US_SHA2011,COUNTRY,IRQ,EMR,Eastern Mediterranean,YEAR,2021,,,,,,,,,125.57,125.56809043,,,,2025-12-05T13:23:08Z,2021,2021-01-01,2021-12-31
8114879,GHED_OOP_pc_US_SHA2011,COUNTRY,IND,SEAR,South-East Asia,YEAR,2009,,,,,,,,,25.41,25.40776672,,,,2025-12-05T13:23:08Z,2009,2009-01-01,2009-12-31
8115015,GHED_OOP_pc_US_SHA2011,COUNTRY,MEX,AMR,Americas,YEAR,2002,,,,,,,,,209.62,209.61759088,,,,2025-12-05T13:23:08Z,2002,2002-01-01,2002-12-31
8115609,GHED_OOP_pc_US_SHA2011,COUNTRY,VNM,WPR,Western Pacific,YEAR,2005,,,,,,,,,13.50,13.49980888,,,,2025-12-05T13:23:08Z,2005,2005-01-01,2005-12-31
8122564,GHED_OOP_pc_US_SHA2011,COUNTRY,COK,WPR,Western Pacific,YEAR,2015,,,,,,,,,18.50,18.4959042,,,,2025-12-05T13:23:08Z,2015,2015-01-01,2015-12-31
8125572,GHED_OOP_pc_US_SHA2011,COUNTRY,ETH,AFR,Africa,YEAR,2001,,,,,,,,,1.90,1.90376931,,,,2025-12-05T13:23:08Z,2001,2001-01-01,2001-12-31
8128452,GHED_OOP_pc_US_SHA2011,COUNTRY,SEN,AFR,Africa,YEAR,2005,,,,,,,,,14.23,14.22816489,,,,2025-12-05T13:23:08Z,2005,2005-01-01,2005-12-31
8128551,GHED_OOP_pc_US_SHA2011,COUNTRY,PLW,WPR,Western Pacific,YEAR,2015,,,,,,,,,268.26,268.25876868,,,,2025-12-05T13:23:08Z,2015,2015-01-01,2015-12-31
8129404,GHED_OOP_pc_US_SHA2011,COUNTRY,SSD,AFR,Africa,YEAR,2020,,,,,,,,,18.71,18.71426256,,,,2025-12-05T13:23:08Z,2020,2020-01-01,2020-12-31
8131565,GHED_OOP_pc_US_SHA2011,COUNTRY,SUR,AMR,Americas,YEAR,2000,,,,,,,,,25.70,25.69675482,,,,2025-12-05T13:23:08Z,2000,2000-01-01,2000-12-31
8132761,GHED_OOP_pc_US_SHA2011,REGION,AFR,,,YEAR,2015,,,,,,,,,33.91,33.90787533,,,,2025-12-05T13:23:08Z,2015,2015-01-01,2015-12-31
8138091,GHED_OOP_pc_US_SHA2011,COUNTRY,LBN,EMR,Eastern Mediterranean,YEAR,2018,,,,,,,,,261.39,261.39051971,,,,2025-12-05T13:23:08Z,2018,2018-01-01,2018-12-31
8145770,GHED_OOP_pc_US_SHA2011,COUNTRY,ISR,EUR,Europe,YEAR,2015,,,,,,,,,595.33,595.3295651,,,,2025-12-05T13:23:08Z,2015,2015-01-01,2015-12-31
8146312,GHED_OOP_pc_US_SHA2011,COUNTRY,EGY,EMR,Eastern Mediterranean,YEAR,2005,,,,,,,,,38.41,38.40662174,,,,2025-12-05T13:23:08Z,2005,2005-01-01,2005-12-31
8148462,GHED_OOP_pc_US_SHA2011,COUNTRY,MRT,AFR,Africa,YEAR,2023,,,,,,,,,40.32,40.32187141,,,,2025-12-05T13:23:08Z,2023,2023-01-01,2023-12-31
8151007,GHED_OOP_pc_US_SHA2011,COUNTRY,GNQ,AFR,Africa,YEAR,2013,,,,,,,,,181.02,181.02129948,,,,2025-12-05T13:23:08Z,2013,2013-01-01,2013-12-31
8151077,GHED_OOP_pc_US_SHA2011,COUNTRY,LAO,WPR,Western Pacific,YEAR,2016,,,,,,,,,25.25,25.25347161,,,,2025-12-05T13:23:08Z,2016,2016-01-01,2016-12-31
8153751,GHED_OOP_pc_US_SHA2011,COUNTRY,SVN,EUR,Europe,YEAR,2012,,,,,,,,,246.07,246.06613726,,,,2025-12-05T13:23:08Z,2012,2012-01-01,2012-12-31
8157508,GHED_OOP_pc_US_SHA2011,COUNTRY,AFG,EMR,Eastern Mediterranean,YEAR,2004,,,,,,,,,18.11,18.10834931,,,,2025-12-05T13:23:08Z,2004,2004-01-01,2004-12-31
8157726,GHED_OOP_pc_US_SHA2011,COUNTRY,NRU,WPR,Western Pacific,YEAR,2006,,,,,,,,,14.37,14.37007032,,,,2025-12-05T13:23:08Z,2006,2006-01-01,2006-12-31
8158490,GHED_OOP_pc_US_SHA2011,COUNTRY,CYP,EUR,Europe,YEAR,2003,,,,,,,,,545.67,545.67353718,,,,2025-12-05T13:23:08Z,2003,2003-01-01,2003-12-31
8164576,GHED_OOP_pc_US_SHA2011,COUNTRY,SRB,EUR,Europe,YEAR,2007,,,,,,,,,189.96,189.95836136,,,,2025-12-05T13:23:08Z,2007,2007-01-01,2007-12-31
8166571,GHED_OOP_pc_US_SHA2011,COUNTRY,VUT,WPR,Western Pacific,YEAR,2002,,,,,,,,,4.64,4.63985157,,,,2025-12-05T13:23:08Z,2002,2002-01-01,2002-12-31
8173040,GHED_OOP_pc_US_SHA2011,COUNTRY,NPL,SEAR,South-East Asia,YEAR,2006,,,,,,,,,5.81,5.81445862,,,,2025-12-05T13:23:08Z,2006,2006-01-01,2006-12-31
8173091,GHED_OOP_pc_US_SHA2011,REGION,AMR,,,YEAR,2011,,,,,,,,,229.64,229.63827382,,,,2025-12-05T13:23:08Z,2011,2011-01-01,2011-12-31
8173301,GHED_OOP_pc_US_SHA2011,COUNTRY,BFA,AFR,Africa,YEAR,2020,,,,,,,,,22.05,22.045361,,,,2025-12-05T13:23:08Z,2020,2020-01-01,2020-12-31
8178547,GHED_OOP_pc_US_SHA2011,COUNTRY,TZA,AFR,Africa,YEAR,2000,,,,,,,,,4.74,4.74349685,,,,2025-12-05T13:23:08Z,2000,2000-01-01,2000-12-31
8185850,GHED_OOP_pc_US_SHA2011,COUNTRY,SAU,EMR,Eastern Mediterranean,YEAR,2019,,,,,,,,,171.58,171.58027356,,,,2025-12-05T13:23:08Z,2019,2019-01-01,2019-12-31
8189008,GHED_OOP_pc_US_SHA2011,WORLDBANKINCOMEGROUP,WB_UMI,,,YEAR,2006,,,,,,,,,84.14,84.14479327,,,,2025-12-05T13:23:08Z,2006,2006-01-01,2006-12-31
8189402,GHED_OOP_pc_US_SHA2011,COUNTRY,COL,AMR,Americas,YEAR,2006,,,,,,,,,43.06,43.05922607,,,,2025-12-05T13:23:08Z,2006,2006-01-01,2006-12-31
8189498,GHED_OOP_pc_US_SHA2011,WORLDBANKINCOMEGROUP,WB_LI,,,YEAR,2003,,,,,,,,,8.77,8.76719396,,,,2025-12-05T13:23:08Z,2003,2003-01-01,2003-12-31
8189766,GHED_OOP_pc_US_SHA2011,COUNTRY,JPN,WPR,Western Pacific,YEAR,2005,,,,,,,,,453.37,453.37052387,,,,2025-12-05T13:23:08Z,2005,2005-01-01,2005-12-31
8190943,GHED_OOP_pc_US_SHA2011,COUNTRY,BGR,EUR,Europe,YEAR,2000,,,,,,,,,38.16,38.16301642,,,,2025-12-05T13:23:08Z,2000,2000-01-01,2000-12-31
8191049,GHED_OOP_pc_US_SHA2011,COUNTRY,MUS,AFR,Africa,YEAR,2023,,,,,,,,,278.79,278.78889547,,,,2025-12-05T13:23:08Z,2023,2023-01-01,2023-12-31
8196004,GHED_OOP_pc_US_SHA2011,COUNTRY,MUS,AFR,Africa,YEAR,2000,,,,,,,,,51.00,50.99529453,,,,2025-12-05T13:23:08Z,2000,2000-01-01,2000-12-31
8196267,GHED_OOP_pc_US_SHA2011,COUNTRY,FRA,EUR,Europe,YEAR,2002,,,,,,,,,174.86,174.86299206,,,,2025-12-05T13:23:08Z,2002,2002-01-01,2002-12-31
8198137,GHED_OOP_pc_US_SHA2011,COUNTRY,GUY,AMR,Americas,YEAR,2009,,,,,,,,,49.35,49.34533876,,,,2025-12-05T13:23:08Z,2009,2009-01-01,2009-12-31
8203069,GHED_OOP_pc_US_SHA2011,COUNTRY,AFG,EMR,Eastern Mediterranean,YEAR,2013,,,,,,,,,40.46,40.46239344,,,,2025-12-05T13:23:08Z,2013,2013-01-01,2013-12-31
8211530,GHED_OOP_pc_US_SHA2011,COUNTRY,FSM,WPR,Western Pacific,YEAR,2000,,,,,,,,,7.78,7.78238906,,,,2025-12-05T13:23:08Z,2000,2000-01-01,2000-12-31
8215413,GHED_OOP_pc_US_SHA2011,COUNTRY,SGP,WPR,Western Pacific,YEAR,2007,,,,,,,,,541.38,541.37913111,,,,2025-12-05T13:23:08Z,2007,2007-01-01,2007-12-31
8216654,GHED_OOP_pc_US_SHA2011,COUNTRY,AND,EUR,Europe,YEAR,2011,,,,,,,,,419.59,419.58677093,,,,2025-12-05T13:23:08Z,2011,2011-01-01,2011-12-31
8220982,GHED_OOP_pc_US_SHA2011,COUNTRY,THA,SEAR,South-East Asia,YEAR,2002,,,,,,,,,19.44,19.44076822,,,,2025-12-05T13:23:08Z,2002,2002-01-01,2002-12-31
8224178,GHED_OOP_pc_US_SHA2011,COUNTRY,CYP,EUR,Europe,YEAR,2016,,,,,,,,,722.60,722.5975626,,,,2025-12-05T13:23:08Z,2016,2016-01-01,2016-12-31
8226666,GHED_OOP_pc_US_SHA2011,COUNTRY,VCT,AMR,Americas,YEAR,2001,,,,,,,,,46.62,46.61731086,,,,2025-12-05T13:23:08Z,2001,2001-01-01,2001-12-31
8228113,GHED_OOP_pc_US_SHA2011,COUNTRY,VCT,AMR,Americas,YEAR,2011,,,,,,,,,90.19,90.18694649,,,,2025-12-05T13:23:08Z,2011,2011-01-01,2011-12-31
8228127,GHED_OOP_pc_US_SHA2011,COUNTRY,HUN,EUR,Europe,YEAR,2005,,,,,,,,,230.64,230.64425,,,,2025-12-05T13:23:08Z,2005,2005-01-01,2005-12-31
8233803,GHED_OOP_pc_US_SHA2011,COUNTRY,LTU,EUR,Europe,YEAR,2002,,,,,,,,,65.12,65.12494495,,,,2025-12-05T13:23:08Z,2002,2002-01-01,2002-12-31
8235605,GHED_OOP_pc_US_SHA2011,COUNTRY,CMR,AFR,Africa,YEAR,2012,,,,,,,,,38.08,38.07776646,,,,2025-12-05T13:23:08Z,2012,2012-01-01,2012-12-31
8236590,GHED_OOP_pc_US_SHA2011,COUNTRY,TLS,SEAR,South-East Asia,YEAR,2006,,,,,,,,,6.14,6.14378295,,,,2025-12-05T13:23:08Z,2006,2006-01-01,2006-12-31
8241430,GHED_OOP_pc_US_SHA2011,COUNTRY,MLT,EUR,Europe,YEAR,2012,,,,,,,,,609.25,609.24590309,,,,2025-12-05T13:23:08Z,2012,2012-01-01,2012-12-31
8242118,GHED_OOP_pc_US_SHA2011,COUNTRY,MNE,EUR,Europe,YEAR,2011,,,,,,,,,221.81,221.8101116,,,,2025-12-05T13:23:08Z,2011,2011-01-01,2011-12-31
8243365,GHED_OOP_pc_US_SHA2011,COUNTRY,CRI,AMR,Americas,YEAR,2019,,,,,,,,,207.72,207.71559039,,,,2025-12-05T13:23:08Z,2019,2019-01-01,2019-12-31
8243939,GHED_OOP_pc_US_SHA2011,COUNTRY,MOZ,AFR,Africa,YEAR,2009,,,,,,,,,2.28,2.2809987,,,,2025-12-05T13:23:08Z,2009,2009-01-01,2009-12-31
8243976,GHED_OOP_pc_US_SHA2011,COUNTRY,SGP,WPR,Western Pacific,YEAR,2001,,,,,,,,,383.58,383.57657493,,,,2025-12-05T13:23:08Z,2001,2001-01-01,2001-12-31
8249392,GHED_OOP_pc_US_SHA2011,COUNTRY,NLD,EUR,Europe,YEAR,2000,,,,,,,,,223.74,223.74271395,,,,2025-12-05T13:23:08Z,2000,2000-01-01,2000-12-31
8252108,GHED_OOP_pc_US_SHA2011,COUNTRY,AUT,EUR,Europe,YEAR,2009,,,,,,,,,918.98,918.98353527,,,,2025-12-05T13:23:08Z,2009,2009-01-01,2009-12-31
8252120,GHED_OOP_pc_US_SHA2011,COUNTRY,HUN,EUR,Europe,YEAR,2008,,,,,,,,,294.37,294.37448686,,,,2025-12-05T13:23:08Z,2008,2008-01-01,2008-12-31
8253582,GHED_OOP_pc_US_SHA2011,COUNTRY,LKA,SEAR,South-East Asia,YEAR,2020,,,,,,,,,59.91,59.90858856,,,,2025-12-05T13:23:08Z,2020,2020-01-01,2020-12-31
8262108,GHED_OOP_pc_US_SHA2011,COUNTRY,LVA,EUR,Europe,YEAR,2015,,,,,,,,,313.96,313.9558831,,,,2025-12-05T13:23:08Z,2015,2015-01-01,2015-12-31
8262633,GHED_OOP_pc_US_SHA2011,COUNTRY,MNG,WPR,Western Pacific,YEAR,2006,,,,,,,,,12.66,12.65718674,,,,2025-12-05T13:23:08Z,2006,2006-01-01,2006-12-31
8262914,GHED_OOP_pc_US_SHA2011,COUNTRY,USA,AMR,Americas,YEAR,2006,,,,,,,,,930.44,930.43797974,,,,2025-12-05T13:23:08Z,2006,2006-01-01,2006-12-31
8266029,GHED_OOP_pc_US_SHA2011,COUNTRY,OMN,EMR,Eastern Mediterranean,YEAR,2007,,,,,,,,,44.76,44.76469132,,,,2025-12-05T13:23:08Z,2007,2007-01-01,2007-12-31
8269474,GHED_OOP_pc_US_SHA2011,COUNTRY,TKM,EUR,Europe,YEAR,2002,,,,,,,,,78.31,78.30685022,,,,2025-12-05T13:23:08Z,2002,2002-01-01,2002-12-31
8272698,GHED_OOP_pc_US_SHA2011,COUNTRY,UGA,AFR,Africa,YEAR,2016,,,,,,,,,15.87,15.87075479,,,,2025-12-05T13:23:08Z,2016,2016-01-01,2016-12-31
8275838,GHED_OOP_pc_US_SHA2011,COUNTRY,GIN,AFR,Africa,YEAR,2013,,,,,,,,,16.04,16.03530782,,,,2025-12-05T13:23:08Z,2013,2013-01-01,2013-12-31
8276092,GHED_OOP_pc_US_SHA2011,COUNTRY,COG,AFR,Africa,YEAR,2005,,,,,,,,,16.06,16.06297432,,,,2025-12-05T13:23:08Z,2005,2005-01-01,2005-12-31
8278004,GHED_OOP_pc_US_SHA2011,COUNTRY,GUY,AMR,Americas,YEAR,2012,,,,,,,,,78.53,78.52704378,,,,2025-12-05T13:23:08Z,2012,2012-01-01,2012-12-31
8280898,GHED_OOP_pc_US_SHA2011,COUNTRY,NOR,EUR,Europe,YEAR,2007,,,,,,,,,1108.27,1108.26646579,,,,2025-12-05T13:23:08Z,2007,2007-01-01,2007-12-31
8285458,GHED_OOP_pc_US_SHA2011,COUNTRY,AUS,WPR,Western Pacific,YEAR,2001,,,,,,,,,316.88,316.88245031,,,,2025-12-05T13:23:08Z,2001,2001-01-01,2001-12-31
8287710,GHED_OOP_pc_US_SHA2011,COUNTRY,TGO,AFR,Africa,YEAR,2011,,,,,,,,,21.39,21.38565479,,,,2025-12-05T13:23:08Z,2011,2011-01-01,2011-12-31
8288785,GHED_OOP_pc_US_SHA2011,COUNTRY,BLR,EUR,Europe,YEAR,2000,,,,,,,,,9.13,9.13254137,,,,2025-12-05T13:23:08Z,2000,2000-01-01,2000-12-31
8291011,GHED_OOP_pc_US_SHA2011,COUNTRY,MWI,AFR,Africa,YEAR,2006,,,,,,,,,1.87,1.86967578,,,,2025-12-05T13:23:08Z,2006,2006-01-01,2006-12-31
8296416,GHED_OOP_pc_US_SHA2011,REGION,EUR,,,YEAR,2001,,,,,,,,,196.56,196.5640541,,,,2025-12-05T13:23:08Z,2001,2001-01-01,2001-12-31
8296725,GHED_OOP_pc_US_SHA2011,COUNTRY,MYS,WPR,Western Pacific,YEAR,2013,,,,,,,,,128.51,128.51224713,,,,2025-12-05T13:23:08Z,2013,2013-01-01,2013-12-31
8298369,GHED_OOP_pc_US_SHA2011,COUNTRY,COM,AFR,Africa,YEAR,2018,,,,,,,,,50.36,50.36070026,,,,2025-12-05T13:23:08Z,2018,2018-01-01,2018-12-31
8300178,GHED_OOP_pc_US_SHA2011,REGION,SEAR,,,YEAR,2008,,,,,,,,,44.26,44.26252473,,,,2025-12-05T13:23:08Z,2008,2008-01-01,2008-12-31
8300362,GHED_OOP_pc_US_SHA2011,COUNTRY,BGD,SEAR,South-East Asia,YEAR,2020,,,,,,,,,37.75,37.74562899,,,,2025-12-05T13:23:08Z,2020,2020-01-01,2020-12-31
8300602,GHED_OOP_pc_US_SHA2011,COUNTRY,GHA,AFR,Africa,YEAR,2008,,,,,,,,,26.07,26.06799514,,,,2025-12-05T13:23:08Z,2008,2008-01-01,2008-12-31
8305247,GHED_OOP_pc_US_SHA2011,COUNTRY,NIU,WPR,Western Pacific,YEAR,2021,,,,,,,,,10.43,10.43492553,,,,2025-12-05T13:23:08Z,2021,2021-01-01,2021-12-31
8307849,GHED_OOP_pc_US_SHA2011,COUNTRY,KHM,WPR,Western Pacific,YEAR,2007,,,,,,,,,15.07,15.07323861,,,,2025-12-05T13:23:08Z,2007,2007-01-01,2007-12-31
8309166,GHED_OOP_pc_US_SHA2011,COUNTRY,MDV,SEAR,South-East Asia,YEAR,2007,,,,,,,,,225.85,225.8504465,,,,2025-12-05T13:23:08Z,2007,2007-01-01,2007-12-31
8313282,GHED_OOP_pc_US_SHA2011,COUNTRY,BFA,AFR,Africa,YEAR,2021,,,,,,,,,26.19,26.19430294,,,,2025-12-05T13:23:08Z,2021,2021-01-01,2021-12-31
8313520,GHED_OOP_pc_US_SHA2011,COUNTRY,PHL,WPR,Western Pacific,YEAR,2007,,,,,,,,,35.98,35.97532273,,,,2025-12-05T13:23:08Z,2007,2007-01-01,2007-12-31
8313525,GHED_OOP_pc_US_SHA2011,COUNTRY,TJK,EUR,Europe,YEAR,2000,,,,,,,,,4.67,4.67491419,,,,2025-12-05T13:23:08Z,2000,2000-01-01,2000-12-31
8313939,GHED_OOP_pc_US_SHA2011,COUNTRY,CZE,EUR,Europe,YEAR,2001,,,,,,,,,41.35,41.35377446,,,,2025-12-05T13:23:08Z,2001,2001-01-01,2001-12-31
8323003,GHED_OOP_pc_US_SHA2011,COUNTRY,MKD,EUR,Europe,YEAR,2010,,,,,,,,,116.42,116.42463296,,,,2025-12-05T13:23:08Z,2010,2010-01-01,2010-12-31
8325523,GHED_OOP_pc_US_SHA2011,COUNTRY,ZAF,AFR,Africa,YEAR,2000,,,,,,,,,34.14,34.140916,,,,2025-12-05T13:23:08Z,2000,2000-01-01,2000-12-31
8335114,GHED_OOP_pc_US_SHA2011,COUNTRY,DMA,AMR,Americas,YEAR,2011,,,,,,,,,142.40,142.39765249,,,,2025-12-05T13:23:08Z,2011,2011-01-01,2011-12-31
8338301,GHED_OOP_pc_US_SHA2011,COUNTRY,MYS,WPR,Western Pacific,YEAR,2014,,,,,,,,,136.95,136.95008202,,,,2025-12-05T13:23:08Z,2014,2014-01-01,2014-12-31
8338528,GHED_OOP_pc_US_SHA2011,COUNTRY,AGO,AFR,Africa,YEAR,2006,,,,,,,,,21.55,21.55242371,,,,2025-12-05T13:23:08Z,2006,2006-01-01,2006-12-31
8338592,GHED_OOP_pc_US_SHA2011,COUNTRY,NOR,EUR,Europe,YEAR,2016,,,,,,,,,1069.19,1069.1941302,,,,2025-12-05T13:23:08Z,2016,2016-01-01,2016-12-31
8342058,GHED_OOP_pc_US_SHA2011,COUNTRY,GNB,AFR,Africa,YEAR,2023,,,,,,,,,50.56,50.56157933,,,,2025-12-05T13:23:08Z,2023,2023-01-01,2023-12-31
8342131,GHED_OOP_pc_US_SHA2011,COUNTRY,AZE,EUR,Europe,YEAR,2020,,,,,,,,,141.81,141.80584082,,,,2025-12-05T13:23:08Z,2020,2020-01-01,2020-12-31
8345201,GHED_OOP_pc_US_SHA2011,COUNTRY,LSO,AFR,Africa,YEAR,2003,,,,,,,,,10.40,10.39627657,,,,2025-12-05T13:23:08Z,2003,2003-01-01,2003-12-31
8348916,GHED_OOP_pc_US_SHA2011,COUNTRY,BWA,AFR,Africa,YEAR,2015,,,,,,,,,13.41,13.40932299,,,,2025-12-05T13:23:08Z,2015,2015-01-01,2015-12-31
8356165,GHED_OOP_pc_US_SHA2011,COUNTRY,LBY,EMR,Eastern Mediterranean,YEAR,2013,,,,,,,,,157.87,157.86566703,,,,2025-12-05T13:23:08Z,2013,2013-01-01,2013-12-31
8357728,GHED_OOP_pc_US_SHA2011,COUNTRY,GNQ,AFR,Africa,YEAR,2011,,,,,,,,,150.54,150.53993835,,,,2025-12-05T13:23:08Z,2011,2011-01-01,2011-12-31
8362041,GHED_OOP_pc_US_SHA2011,COUNTRY,SYR,EMR,Eastern Mediterranean,YEAR,2023,,,,,,,,,24.14,24.13856324,,,,2025-12-05T13:23:08Z,2023,2023-01-01,2023-12-31
8366576,GHED_OOP_pc_US_SHA2011,COUNTRY,SMR,EUR,Europe,YEAR,2008,,,,,,,,,862.48,862.47875675,,,,2025-12-05T13:23:08Z,2008,2008-01-01,2008-12-31
8368105,GHED_OOP_pc_US_SHA2011,COUNTRY,KOR,WPR,Western Pacific,YEAR,2002,,,,,,,,,218.87,218.87154561,,,,2025-12-05T13:23:08Z,2002,2002-01-01,2002-12-31
8373038,GHED_OOP_pc_US_SHA2011,COUNTRY,JOR,EMR,Eastern Mediterranean,YEAR,2007,,,,,,,,,74.99,74.99221611,,,,2025-12-05T13:23:08Z,2007,2007-01-01,2007-12-31
8375738,GHED_OOP_pc_US_SHA2011,COUNTRY,NAM,AFR,Africa,YEAR,2001,,,,,,,,,13.45,13.4467408,,,,2025-12-05T13:23:08Z,2001,2001-01-01,2001-12-31
8375741,GHED_OOP_pc_US_SHA2011,COUNTRY,MYS,WPR,Western Pacific,YEAR,2009,,,,,,,,,79.08,79.07649186,,,,2025-12-05T13:23:08Z,2009,2009-01-01,2009-12-31
8379933,GHED_OOP_pc_US_SHA2011,COUNTRY,UZB,EUR,Europe,YEAR,2003,,,,,,,,,15.19,15.1892723,,,,2025-12-05T13:23:08Z,2003,2003-01-01,2003-12-31
8390073,GHED_OOP_pc_US_SHA2011,COUNTRY,THA,SEAR,South-East Asia,YEAR,2005,,,,,,,,,24.99,24.99341723,,,,2025-12-05T13:23:08Z,2005,2005-01-01,2005-12-31
8392006,GHED_OOP_pc_US_SHA2011,COUNTRY,GRC,EUR,Europe,YEAR,2020,,,,,,,,,560.13,560.13341555,,,,2025-12-05T13:23:08Z,2020,2020-01-01,2020-12-31
8399038,GHED_OOP_pc_US_SHA2011,COUNTRY,AFG,EMR,Eastern Mediterranean,YEAR,2006,,,,,,,,,22.23,22.23411899,,,,2025-12-05T13:23:08Z,2006,2006-01-01,2006-12-31
8406078,GHED_OOP_pc_US_SHA2011,COUNTRY,OMN,EMR,Eastern Mediterranean,YEAR,2016,,,,,,,,,39.73,39.72912619,,,,2025-12-05T13:23:08Z,2016,2016-01-01,2016-12-31
8406309,GHED_OOP_pc_US_SHA2011,COUNTRY,GEO,EUR,Europe,YEAR,2023,,,,,,,,,325.72,325.71718017,,,,2025-12-05T13:23:08Z,2023,2023-01-01,2023-12-31
8406559,GHED_OOP_pc_US_SHA2011,COUNTRY,BGR,EUR,Europe,YEAR,2018,,,,,,,,,283.08,283.0783696,,,,2025-12-05T13:23:08Z,2018,2018-01-01,2018-12-31
8407718,GHED_OOP_pc_US_SHA2011,COUNTRY,KAZ,EUR,Europe,YEAR,2019,,,,,,,,,89.27,89.26956177,,,,2025-12-05T13:23:08Z,2019,2019-01-01,2019-12-31
8410543,GHED_OOP_pc_US_SHA2011,GLOBAL,GLOBAL,,,YEAR,2007,,,,,,,,,180.22,180.21502533,,,,2025-12-05T13:23:08Z,2007,2007-01-01,2007-12-31
8412300,GHED_OOP_pc_US_SHA2011,WORLDBANKINCOMEGROUP,WB_UMI,,,YEAR,2020,,,,,,,,,131.51,131.50879973,,,,2025-12-05T13:23:08Z,2020,2020-01-01,2020-12-31
8414462,GHED_OOP_pc_US_SHA2011,COUNTRY,BDI,AFR,Africa,YEAR,2011,,,,,,,,,5.90,5.90211021,,,,2025-12-05T13:23:08Z,2011,2011-01-01,2011-12-31
8414881,GHED_OOP_pc_US_SHA2011,REGION,EUR,,,YEAR,2019,,,,,,,,,494.83,494.82546747,,,,2025-12-05T13:23:08Z,2019,2019-01-01,2019-12-31
8420609,GHED_OOP_pc_US_SHA2011,REGION,AFR,,,YEAR,2001,,,,,,,,,13.95,13.95331239,,,,2025-12-05T13:23:08Z,2001,2001-01-01,2001-12-31
8420942,GHED_OOP_pc_US_SHA2011,COUNTRY,GNQ,AFR,Africa,YEAR,2007,,,,,,,,,106.46,106.45909223,,,,2025-12-05T13:23:08Z,2007,2007-01-01,2007-12-31
8421730,GHED_OOP_pc_US_SHA2011,COUNTRY,ITA,EUR,Europe,YEAR,2009,,,,,,,,,684.83,684.82590703,,,,2025-12-05T13:23:08Z,2009,2009-01-01,2009-12-31
8423234,GHED_OOP_pc_US_SHA2011,COUNTRY,SMR,EUR,Europe,YEAR,2009,,,,,,,,,812.33,812.33074094,,,,2025-12-05T13:23:08Z,2009,2009-01-01,2009-12-31
8423894,GHED_OOP_pc_US_SHA2011,COUNTRY,MWI,AFR,Africa,YEAR,2016,,,,,,,,,4.22,4.22490456,,,,2025-12-05T13:23:08Z,2016,2016-01-01,2016-12-31
8424692,GHED_OOP_pc_US_SHA2011,COUNTRY,HRV,EUR,Europe,YEAR,2015,,,,,,,,,87.94,87.93738066,,,,2025-12-05T13:23:08Z,2015,2015-01-01,2015-12-31
8426832,GHED_OOP_pc_US_SHA2011,COUNTRY,SEN,AFR,Africa,YEAR,2022,,,,,,,,,29.95,29.95348686,,,,2026-01-12T13:50:53Z,2022,2022-01-01,2022-12-31
8427494,GHED_OOP_pc_US_SHA2011,COUNTRY,SMR,EUR,Europe,YEAR,2019,,,,,,,,,426.53,426.52756686,,,,2025-12-05T13:23:08Z,2019,2019-01-01,2019-12-31
8429963,GHED_OOP_pc_US_SHA2011,COUNTRY,KWT,EMR,Eastern Mediterranean,YEAR,2022,,,,,,,,,180.99,180.99273902,,,,2025-12-05T13:23:08Z,2022,2022-01-01,2022-12-31
8431186,GHED_OOP_pc_US_SHA2011,COUNTRY,BGR,EUR,Europe,YEAR,2019,,,,,,,,,277.07,277.06729655,,,,2025-12-05T13:23:08Z,2019,2019-01-01,2019-12-31
8433845,GHED_OOP_pc_US_SHA2011,COUNTRY,GRC,EUR,Europe,YEAR,2003,,,,,,,,,593.66,593.66243561,,,,2025-12-05T13:23:08Z,2003,2003-01-01,2003-12-31
8436017,GHED_OOP_pc_US_SHA2011,COUNTRY,MUS,AFR,Africa,YEAR,2005,,,,,,,,,95.28,95.27788492,,,,2025-12-05T13:23:08Z,2005,2005-01-01,2005-12-31
8436577,GHED_OOP_pc_US_SHA2011,COUNTRY,TKM,EUR,Europe,YEAR,2007,,,,,,,,,180.66,180.65600894,,,,2025-12-05T13:23:08Z,2007,2007-01-01,2007-12-31
8439348,GHED_OOP_pc_US_SHA2011,COUNTRY,DZA,AFR,Africa,YEAR,2015,,,,,,,,,89.60,89.60290281,,,,2025-12-05T13:23:08Z,2015,2015-01-01,2015-12-31
8443771,GHED_OOP_pc_US_SHA2011,COUNTRY,BTN,SEAR,South-East Asia,YEAR,2009,,,,,,,,,9.91,9.90656506,,,,2025-12-05T13:23:08Z,2009,2009-01-01,2009-12-31
8445351,GHED_OOP_pc_US_SHA2011,COUNTRY,JOR,EMR,Eastern Mediterranean,YEAR,2018,,,,,,,,,102.21,102.21459728,,,,2025-12-05T13:23:08Z,2018,2018-01-01,2018-12-31
8449066,GHED_OOP_pc_US_SHA2011,COUNTRY,NGA,AFR,Africa,YEAR,2008,,,,,,,,,56.35,56.35063234,,,,2025-12-05T13:23:08Z,2008,2008-01-01,2008-12-31
8449448,GHED_OOP_pc_US_SHA2011,COUNTRY,ALB,EUR,Europe,YEAR,2002,,,,,,,,,40.04,40.03789152,,,,2025-12-05T13:23:08Z,2002,2002-01-01,2002-12-31
8452961,GHED_OOP_pc_US_SHA2011,COUNTRY,QAT,EMR,Eastern Mediterranean,YEAR,2005,,,,,,,,,257.96,257.96327806,,,,2025-12-05T13:23:08Z,2005,2005-01-01,2005-12-31
8458229,GHED_OOP_pc_US_SHA2011,COUNTRY,BRB,AMR,Americas,YEAR,2018,,,,,,,,,536.66,536.65626165,,,,2025-12-05T13:23:08Z,2018,2018-01-01,2018-12-31
8458310,GHED_OOP_pc_US_SHA2011,COUNTRY,COD,AFR,Africa,YEAR,2003,,,,,,,,,4.10,4.10398462,,,,2025-12-05T13:23:08Z,2003,2003-01-01,2003-12-31
8461507,GHED_OOP_pc_US_SHA2011,COUNTRY,LTU,EUR,Europe,YEAR,2023,,,,,,,,,634.11,634.10919753,,,,2025-12-05T13:23:08Z,2023,2023-01-01,2023-12-31
8462893,GHED_OOP_pc_US_SHA2011,COUNTRY,DNK,EUR,Europe,YEAR,2005,,,,,,,,,652.51,652.51140965,,,,2025-12-05T13:23:08Z,2005,2005-01-01,2005-12-31
8469507,GHED_OOP_pc_US_SHA2011,COUNTRY,HTI,AMR,Americas,YEAR,2022,,,,,,,,,27.04,27.0401106,,,,2025-12-05T13:23:08Z,2022,2022-01-01,2022-12-31
8472048,GHED_OOP_pc_US_SHA2011,REGION,AFR,,,YEAR,2018,,,,,,,,,35.71,35.70762609,,,,2025-12-05T13:23:08Z,2018,2018-01-01,2018-12-31
8474818,GHED_OOP_pc_US_SHA2011,COUNTRY,TGO,AFR,Africa,YEAR,2020,,,,,,,,,33.93,33.93287673,,,,2025-12-05T13:23:08Z,2020,2020-01-01,2020-12-31
8476446,GHED_OOP_pc_US_SHA2011,COUNTRY,TUN,EMR,Eastern Mediterranean,YEAR,2022,,,,,,,,,100.33,100.32817031,,,,2025-12-05T13:23:08Z,2022,2022-01-01,2022-12-31
8477235,GHED_OOP_pc_US_SHA2011,COUNTRY,LIE,EUR,Europe,YEAR,2013,,,,,,,,,1917.33,1917.32583679,,,,2026-01-12T13:50:53Z,2013,2013-01-01,2013-12-31
8477660,GHED_OOP_pc_US_SHA2011,COUNTRY,PRT,EUR,Europe,YEAR,2019,,,,,,,,,676.27,676.26761824,,,,2025-12-05T13:23:08Z,2019,2019-01-01,2019-12-31
8478393,GHED_OOP_pc_US_SHA2011,COUNTRY,CHN,WPR,Western Pacific,YEAR,2020,,,,,,,,,202.81,202.81450645,,,,2025-12-05T13:23:08Z,2020,2020-01-01,2020-12-31
8480171,GHED_OOP_pc_US_SHA2011,COUNTRY,VCT,AMR,Americas,YEAR,2005,,,,,,,,,66.31,66.31071047,,,,2025-12-05T13:23:08Z,2005,2005-01-01,2005-12-31
8483355,GHED_OOP_pc_US_SHA2011,COUNTRY,THA,SEAR,South-East Asia,YEAR,2004,,,,,,,,,21.90,21.89737974,,,,2025-12-05T13:23:08Z,2004,2004-01-01,2004-12-31
8483575,GHED_OOP_pc_US_SHA2011,COUNTRY,ALB,EUR,Europe,YEAR,2005,,,,,,,,,73.95,73.9542607,,,,2025-12-05T13:23:08Z,2005,2005-01-01,2005-12-31
8483742,GHED_OOP_pc_US_SHA2011,COUNTRY,CPV,AFR,Africa,YEAR,2004,,,,,,,,,22.27,22.26863887,,,,2025-12-05T13:23:08Z,2004,2004-01-01,2004-12-31
8487825,GHED_OOP_pc_US_SHA2011,WORLDBANKINCOMEGROUP,WB_UMI,,,YEAR,2001,,,,,,,,,51.72,51.71659959,,,,2025-12-05T13:23:08Z,2001,2001-01-01,2001-12-31
8488533,GHED_OOP_pc_US_SHA2011,COUNTRY,PER,AMR,Americas,YEAR,2004,,,,,,,,,38.59,38.58844539,,,,2025-12-05T13:23:08Z,2004,2004-01-01,2004-12-31
8488549,GHED_OOP_pc_US_SHA2011,COUNTRY,TUV,WPR,Western Pacific,YEAR,2008,,,,,,,,,25.47,25.46603248,,,,2025-12-05T13:23:08Z,2008,2008-01-01,2008-12-31
8489741,GHED_OOP_pc_US_SHA2011,COUNTRY,RWA,AFR,Africa,YEAR,2020,,,,,,,,,3.25,3.25359867,,,,2025-12-05T13:23:08Z,2020,2020-01-01,2020-12-31
8491265,GHED_OOP_pc_US_SHA2011,COUNTRY,SVN,EUR,Europe,YEAR,2020,,,,,,,,,301.53,301.5257516,,,,2025-12-05T13:23:08Z,2020,2020-01-01,2020-12-31
8492984,GHED_OOP_pc_US_SHA2011,COUNTRY,SAU,EMR,Eastern Mediterranean,YEAR,2008,,,,,,,,,128.44,128.44450938,,,,2025-12-05T13:23:08Z,2008,2008-01-01,2008-12-31
8493825,GHED_OOP_pc_US_SHA2011,COUNTRY,JOR,EMR,Eastern Mediterranean,YEAR,2020,,,,,,,,,107.45,107.45468566,,,,2025-12-05T13:23:08Z,2020,2020-01-01,2020-12-31
8495131,GHED_OOP_pc_US_SHA2011,COUNTRY,IRL,EUR,Europe,YEAR,2023,,,,,,,,,777.17,777.17057162,,,,2025-12-05T13:23:08Z,2023,2023-01-01,2023-12-31
8496547,GHED_OOP_pc_US_SHA2011,REGION,WPR,,,YEAR,2009,,,,,,,,,120.97,120.97364367,,,,2025-12-05T13:23:08Z,2009,2009-01-01,2009-12-31
8500420,GHED_OOP_pc_US_SHA2011,COUNTRY,JPN,WPR,Western Pacific,YEAR,2008,,,,,,,,,491.17,491.17361758,,,,2025-12-05T13:23:08Z,2008,2008-01-01,2008-12-31
8505467,GHED_OOP_pc_US_SHA2011,COUNTRY,AUT,EUR,Europe,YEAR,2021,,,,,,,,,1050.34,1050.34091625,,,,2025-12-05T13:23:08Z,2021,2021-01-01,2021-12-31
8512305,GHED_OOP_pc_US_SHA2011,REGION,WPR,,,YEAR,2022,,,,,,,,,190.24,190.23872346,,,,2025-12-05T13:23:08Z,2022,2022-01-01,2022-12-31
8513800,GHED_OOP_pc_US_SHA2011,REGION,EUR,,,YEAR,2008,,,,,,,,,451.47,451.47429153,,,,2025-12-05T13:23:08Z,2008,2008-01-01,2008-12-31
8514808,GHED_OOP_pc_US_SHA2011,COUNTRY,KWT,EMR,Eastern Mediterranean,YEAR,2000,,,,,,,,,108.40,108.40378239,,,,2025-12-05T13:23:08Z,2000,2000-01-01,2000-12-31
8515289,GHED_OOP_pc_US_SHA2011,COUNTRY,DNK,EUR,Europe,YEAR,2014,,,,,,,,,860.11,860.10507782,,,,2025-12-05T13:23:08Z,2014,2014-01-01,2014-12-31
8516779,GHED_OOP_pc_US_SHA2011,GLOBAL,GLOBAL,,,YEAR,2015,,,,,,,,,212.02,212.01712313,,,,2026-01-12T13:50:53Z,2015,2015-01-01,2015-12-31
8516960,GHED_OOP_pc_US_SHA2011,COUNTRY,BOL,AMR,Americas,YEAR,2006,,,,,,,,,18.09,18.08701645,,,,2025-12-05T13:23:08Z,2006,2006-01-01,2006-12-31
8522124,GHED_OOP_pc_US_SHA2011,COUNTRY,CPV,AFR,Africa,YEAR,2019,,,,,,,,,52.69,52.68806853,,,,2025-12-05T13:23:08Z,2019,2019-01-01,2019-12-31
8526207,GHED_OOP_pc_US_SHA2011,COUNTRY,ERI,AFR,Africa,YEAR,2013,,,,,,,,,15.43,15.43209491,,,,2025-12-05T13:23:08Z,2013,2013-01-01,2013-12-31
8530964,GHED_OOP_pc_US_SHA2011,COUNTRY,CPV,AFR,Africa,YEAR,2007,,,,,,,,,29.27,29.27233946,,,,2025-12-05T13:23:08Z,2007,2007-01-01,2007-12-31
8531036,GHED_OOP_pc_US_SHA2011,COUNTRY,WSM,WPR,Western Pacific,YEAR,2018,,,,,,,,,26.01,26.01137386,,,,2025-12-05T13:23:08Z,2018,2018-01-01,2018-12-31
8533827,GHED_OOP_pc_US_SHA2011,COUNTRY,ZMB,AFR,Africa,YEAR,2010,,,,,,,,,8.54,8.53833505,,,,2025-12-05T13:23:08Z,2010,2010-01-01,2010-12-31
8534227,GHED_OOP_pc_US_SHA2011,COUNTRY,NER,AFR,Africa,YEAR,2014,,,,,,,,,13.72,13.72029106,,,,2025-12-05T13:23:08Z,2014,2014-01-01,2014-12-31
8537549,GHED_OOP_pc_US_SHA2011,COUNTRY,LBN,EMR,Eastern Mediterranean,YEAR,2015,,,,,,,,,187.05,187.05296665,,,,2025-12-05T13:23:08Z,2015,2015-01-01,2015-12-31
8540107,GHED_OOP_pc_US_SHA2011,COUNTRY,PRT,EUR,Europe,YEAR,2010,,,,,,,,,558.23,558.23269931,,,,2025-12-05T13:23:08Z,2010,2010-01-01,2010-12-31
8544892,GHED_OOP_pc_US_SHA2011,COUNTRY,BWA,AFR,Africa,YEAR,2005,,,,,,,,,23.91,23.91397219,,,,2025-12-05T13:23:08Z,2005,2005-01-01,2005-12-31
8546543,GHED_OOP_pc_US_SHA2011,COUNTRY,COK,WPR,Western Pacific,YEAR,2003,,,,,,,,,34.23,34.23334184,,,,2025-12-05T13:23:08Z,2003,2003-01-01,2003-12-31
8547365,GHED_OOP_pc_US_SHA2011,COUNTRY,KHM,WPR,Western Pacific,YEAR,2004,,,,,,,,,16.32,16.31979085,,,,2025-12-05T13:23:08Z,2004,2004-01-01,2004-12-31
8552659,GHED_OOP_pc_US_SHA2011,COUNTRY,JOR,EMR,Eastern Mediterranean,YEAR,2009,,,,,,,,,71.98,71.98295307,,,,2025-12-05T13:23:08Z,2009,2009-01-01,2009-12-31
8554250,GHED_OOP_pc_US_SHA2011,COUNTRY,BDI,AFR,Africa,YEAR,2003,,,,,,,,,2.95,2.95127087,,,,2025-12-05T13:23:08Z,2003,2003-01-01,2003-12-31
8559166,GHED_OOP_pc_US_SHA2011,COUNTRY,TUR,EUR,Europe,YEAR,2016,,,,,,,,,75.15,75.14588649,,,,2025-12-05T13:23:08Z,2016,2016-01-01,2016-12-31
8564433,GHED_OOP_pc_US_SHA2011,REGION,EMR,,,YEAR,2022,,,,,,,,,103.31,103.30996658,,,,2025-12-05T13:23:08Z,2022,2022-01-01,2022-12-31
8565986,GHED_OOP_pc_US_SHA2011,COUNTRY,BRA,AMR,Americas,YEAR,2009,,,,,,,,,227.38,227.38478335,,,,2025-12-05T13:23:08Z,2009,2009-01-01,2009-12-31
8567336,GHED_OOP_pc_US_SHA2011,COUNTRY,ECU,AMR,Americas,YEAR,2010,,,,,,,,,129.90,129.8988273,,,,2025-12-05T13:23:08Z,2010,2010-01-01,2010-12-31
8571010,GHED_OOP_pc_US_SHA2011,COUNTRY,ECU,AMR,Americas,YEAR,2019,,,,,,,,,140.88,140.8791497,,,,2025-12-05T13:23:08Z,2019,2019-01-01,2019-12-31
8571443,GHED_OOP_pc_US_SHA2011,COUNTRY,NZL,WPR,Western Pacific,YEAR,2011,,,,,,,,,411.23,411.22973051,,,,2025-12-05T13:23:08Z,2011,2011-01-01,2011-12-31
8571545,GHED_OOP_pc_US_SHA2011,COUNTRY,CPV,AFR,Africa,YEAR,2013,,,,,,,,,46.34,46.34320817,,,,2025-12-05T13:23:08Z,2013,2013-01-01,2013-12-31
8571639,GHED_OOP_pc_US_SHA2011,COUNTRY,PLW,WPR,Western Pacific,YEAR,2016,,,,,,,,,292.37,292.36520706,,,,2025-12-05T13:23:08Z,2016,2016-01-01,2016-12-31
8572274,GHED_OOP_pc_US_SHA2011,COUNTRY,BFA,AFR,Africa,YEAR,2001,,,,,,,,,5.98,5.98284831,,,,2025-12-05T13:23:08Z,2001,2001-01-01,2001-12-31
8576825,GHED_OOP_pc_US_SHA2011,COUNTRY,KIR,WPR,Western Pacific,YEAR,2008,,,,,,,,,0.32,0.32192691,,,,2025-12-05T13:23:08Z,2008,2008-01-01,2008-12-31
8578723,GHED_OOP_pc_US_SHA2011,COUNTRY,MUS,AFR,Africa,YEAR,2022,,,,,,,,,260.08,260.0803952,,,,2025-12-05T13:23:08Z,2022,2022-01-01,2022-12-31
8582655,GHED_OOP_pc_US_SHA2011,COUNTRY,JAM,AMR,Americas,YEAR,2013,,,,,,,,,117.61,117.60673069,,,,2025-12-05T13:23:08Z,2013,2013-01-01,2013-12-31
8585193,GHED_OOP_pc_US_SHA2011,COUNTRY,TTO,AMR,Americas,YEAR,2013,,,,,,,,,419.17,419.16778962,,,,2025-12-05T13:23:08Z,2013,2013-01-01,2013-12-31
8585404,GHED_OOP_pc_US_SHA2011,COUNTRY,ARE,EMR,Eastern Mediterranean,YEAR,2014,,,,,,,,,316.40,316.39719838,,,,2025-12-05T13:23:08Z,2014,2014-01-01,2014-12-31
8586451,GHED_OOP_pc_US_SHA2011,COUNTRY,BHS,AMR,Americas,YEAR,2015,,,,,,,,,482.78,482.77859303,,,,2025-12-05T13:23:08Z,2015,2015-01-01,2015-12-31
8592093,GHED_OOP_pc_US_SHA2011,REGION,AMR,,,YEAR,2012,,,,,,,,,236.95,236.95424316,,,,2025-12-05T13:23:08Z,2012,2012-01-01,2012-12-31
8592769,GHED_OOP_pc_US_SHA2011,WORLDBANKINCOMEGROUP,WB_HI,,,YEAR,2017,,,,,,,,,522.34,522.34488574,,,,2025-12-05T13:23:08Z,2017,2017-01-01,2017-12-31
8592833,GHED_OOP_pc_US_SHA2011,COUNTRY,BRB,AMR,Americas,YEAR,2007,,,,,,,,,384.39,384.39424559,,,,2025-12-05T13:23:08Z,2007,2007-01-01,2007-12-31
8595682,GHED_OOP_pc_US_SHA2011,COUNTRY,IRN,EMR,Eastern Mediterranean,YEAR,2001,,,,,,,,,55.23,55.22655315,,,,2025-12-05T13:23:08Z,2001,2001-01-01,2001-12-31
8601064,GHED_OOP_pc_US_SHA2011,COUNTRY,MHL,WPR,Western Pacific,YEAR,2013,,,,,,,,,6.88,6.88428839,,,,2025-12-05T13:23:08Z,2013,2013-01-01,2013-12-31
8605360,GHED_OOP_pc_US_SHA2011,COUNTRY,LBN,EMR,Eastern Mediterranean,YEAR,2010,,,,,,,,,247.24,247.23816133,,,,2025-12-05T13:23:08Z,2010,2010-01-01,2010-12-31
8605414,GHED_OOP_pc_US_SHA2011,COUNTRY,TGO,AFR,Africa,YEAR,2013,,,,,,,,,22.90,22.89558825,,,,2025-12-05T13:23:08Z,2013,2013-01-01,2013-12-31
8610818,GHED_OOP_pc_US_SHA2011,COUNTRY,FIN,EUR,Europe,YEAR,2007,,,,,,,,,744.47,744.47493265,,,,2025-12-05T13:23:08Z,2007,2007-01-01,2007-12-31
8615526,GHED_OOP_pc_US_SHA2011,COUNTRY,ROU,EUR,Europe,YEAR,2001,,,,,,,,,14.93,14.92876717,,,,2025-12-05T13:23:08Z,2001,2001-01-01,2001-12-31
8616328,GHED_OOP_pc_US_SHA2011,COUNTRY,SLV,AMR,Americas,YEAR,2023,,,,,,,,,162.70,162.69780001,,,,2025-12-05T13:23:08Z,2023,2023-01-01,2023-12-31
8617253,GHED_OOP_pc_US_SHA2011,COUNTRY,SGP,WPR,Western Pacific,YEAR,2006,,,,,,,,,483.34,483.33572323,,,,2025-12-05T13:23:08Z,2006,2006-01-01,2006-12-31
8618207,GHED_OOP_pc_US_SHA2011,COUNTRY,KAZ,EUR,Europe,YEAR,2008,,,,,,,,,58.69,58.69079733,,,,2025-12-05T13:23:08Z,2008,2008-01-01,2008-12-31
8620083,GHED_OOP_pc_US_SHA2011,COUNTRY,STP,AFR,Africa,YEAR,2002,,,,,,,,,21.21,21.21174229,,,,2025-12-05T13:23:08Z,2002,2002-01-01,2002-12-31
8623850,GHED_OOP_pc_US_SHA2011,COUNTRY,BHR,EMR,Eastern Mediterranean,YEAR,2001,,,,,,,,,122.52,122.5191869,,,,2025-12-05T13:23:08Z,2001,2001-01-01,2001-12-31
8623946,GHED_OOP_pc_US_SHA2011,COUNTRY,GNB,AFR,Africa,YEAR,2010,,,,,,,,,14.05,14.04853695,,,,2025-12-05T13:23:08Z,2010,2010-01-01,2010-12-31
8626912,GHED_OOP_pc_US_SHA2011,COUNTRY,AND,EUR,Europe,YEAR,2002,,,,,,,,,239.40,239.39527862,,,,2025-12-05T13:23:08Z,2002,2002-01-01,2002-12-31
8627199,GHED_OOP_pc_US_SHA2011,COUNTRY,VNM,WPR,Western Pacific,YEAR,2020,,,,,,,,,64.92,64.9202123,,,,2025-12-05T13:23:08Z,2020,2020-01-01,2020-12-31
8632421,GHED_OOP_pc_US_SHA2011,COUNTRY,BOL,AMR,Americas,YEAR,2021,,,,,,,,,62.80,62.80400921,,,,2025-12-05T13:23:08Z,2021,2021-01-01,2021-12-31
8634777,GHED_OOP_pc_US_SHA2011,COUNTRY,NGA,AFR,Africa,YEAR,2003,,,,,,,,,27.61,27.60712259,,,,2025-12-05T13:23:08Z,2003,2003-01-01,2003-12-31
8635682,GHED_OOP_pc_US_SHA2011,COUNTRY,PAK,EMR,Eastern Mediterranean,YEAR,2015,,,,,,,,,21.91,21.9053924,,,,2025-12-05T13:23:08Z,2015,2015-01-01,2015-12-31
8636809,GHED_OOP_pc_US_SHA2011,COUNTRY,ROU,EUR,Europe,YEAR,2005,,,,,,,,,47.09,47.08535443,,,,2025-12-05T13:23:08Z,2005,2005-01-01,2005-12-31
8640313,GHED_OOP_pc_US_SHA2011,COUNTRY,LSO,AFR,Africa,YEAR,2000,,,,,,,,,9.42,9.41984389,,,,2025-12-05T13:23:08Z,2000,2000-01-01,2000-12-31
8641680,GHED_OOP_pc_US_SHA2011,COUNTRY,LBR,AFR,Africa,YEAR,2019,,,,,,,,,27.99,27.9892619,,,,2025-12-05T13:23:08Z,2019,2019-01-01,2019-12-31
8642994,GHED_OOP_pc_US_SHA2011,COUNTRY,MNG,WPR,Western Pacific,YEAR,2003,,,,,,,,,6.50,6.5041012,,,,2025-12-05T13:23:08Z,2003,2003-01-01,2003-12-31
8645958,GHED_OOP_pc_US_SHA2011,COUNTRY,MLI,AFR,Africa,YEAR,2019,,,,,,,,,9.76,9.76166136,,,,2025-12-05T13:23:08Z,2019,2019-01-01,2019-12-31
8646119,GHED_OOP_pc_US_SHA2011,COUNTRY,SGP,WPR,Western Pacific,YEAR,2012,,,,,,,,,698.56,698.55655393,,,,2025-12-05T13:23:08Z,2012,2012-01-01,2012-12-31
8648765,GHED_OOP_pc_US_SHA2011,COUNTRY,SEN,AFR,Africa,YEAR,2002,,,,,,,,,14.64,14.6414429,,,,2025-12-05T13:23:08Z,2002,2002-01-01,2002-12-31
8652177,GHED_OOP_pc_US_SHA2011,COUNTRY,IND,SEAR,South-East Asia,YEAR,2004,,,,,,,,,18.07,18.06563805,,,,2025-12-05T13:23:08Z,2004,2004-01-01,2004-12-31
8653559,GHED_OOP_pc_US_SHA2011,COUNTRY,LVA,EUR,Europe,YEAR,2013,,,,,,,,,310.51,310.51487595,,,,2025-12-05T13:23:08Z,2013,2013-01-01,2013-12-31
8658094,GHED_OOP_pc_US_SHA2011,COUNTRY,TJK,EUR,Europe,YEAR,2014,,,,,,,,,45.44,45.43771327,,,,2025-12-05T13:23:08Z,2014,2014-01-01,2014-12-31
8660755,GHED_OOP_pc_US_SHA2011,COUNTRY,VUT,WPR,Western Pacific,YEAR,2003,,,,,,,,,5.29,5.28973108,,,,2025-12-05T13:23:08Z,2003,2003-01-01,2003-12-31
8667913,GHED_OOP_pc_US_SHA2011,COUNTRY,LUX,EUR,Europe,YEAR,2008,,,,,,,,,762.54,762.53533573,,,,2025-12-05T13:23:08Z,2008,2008-01-01,2008-12-31
8668616,GHED_OOP_pc_US_SHA2011,COUNTRY,FRA,EUR,Europe,YEAR,2020,,,,,,,,,448.58,448.58038657,,,,2025-12-05T13:23:08Z,2020,2020-01-01,2020-12-31
8670580,GHED_OOP_pc_US_SHA2011,COUNTRY,ARG,AMR,Americas,YEAR,2010,,,,,,,,,261.28,261.28269531,,,,2025-12-05T13:23:08Z,2010,2010-01-01,2010-12-31
8673569,GHED_OOP_pc_US_SHA2011,COUNTRY,NER,AFR,Africa,YEAR,2019,,,,,,,,,14.70,14.70174376,,,,2025-12-05T13:23:08Z,2019,2019-01-01,2019-12-31
8681435,GHED_OOP_pc_US_SHA2011,REGION,EUR,,,YEAR,2000,,,,,,,,,190.99,190.99294057,,,,2025-12-05T13:23:08Z,2000,2000-01-01,2000-12-31
8681595,GHED_OOP_pc_US_SHA2011,COUNTRY,NRU,WPR,Western Pacific,YEAR,2017,,,,,,,,,9.97,9.97477273,,,,2025-12-05T13:23:08Z,2017,2017-01-01,2017-12-31
8684846,GHED_OOP_pc_US_SHA2011,COUNTRY,FIN,EUR,Europe,YEAR,2019,,,,,,,,,777.10,777.09786447,,,,2025-12-05T13:23:08Z,2019,2019-01-01,2019-12-31
8685521,GHED_OOP_pc_US_SHA2011,COUNTRY,MDV,SEAR,South-East Asia,YEAR,2010,,,,,,,,,244.03,244.03449824,,,,2025-12-05T13:23:08Z,2010,2010-01-01,2010-12-31
8687021,GHED_OOP_pc_US_SHA2011,COUNTRY,AND,EUR,Europe,YEAR,2016,,,,,,,,,347.71,347.70684368,,,,2025-12-05T13:23:08Z,2016,2016-01-01,2016-12-31
8687486,GHED_OOP_pc_US_SHA2011,COUNTRY,QAT,EMR,Eastern Mediterranean,YEAR,2008,,,,,,,,,242.76,242.76224454,,,,2025-12-05T13:23:08Z,2008,2008-01-01,2008-12-31
8689539,GHED_OOP_pc_US_SHA2011,COUNTRY,GRD,AMR,Americas,YEAR,2007,,,,,,,,,199.07,199.07321535,,,,2025-12-05T13:23:08Z,2007,2007-01-01,2007-12-31
8692771,GHED_OOP_pc_US_SHA2011,COUNTRY,BWA,AFR,Africa,YEAR,2002,,,,,,,,,18.02,18.02455642,,,,2025-12-05T13:23:08Z,2002,2002-01-01,2002-12-31
8694391,GHED_OOP_pc_US_SHA2011,COUNTRY,CIV,AFR,Africa,YEAR,2011,,,,,,,,,40.25,40.24686192,,,,2025-12-05T13:23:08Z,2011,2011-01-01,2011-12-31
8697527,GHED_OOP_pc_US_SHA2011,COUNTRY,CPV,AFR,Africa,YEAR,2014,,,,,,,,,49.70,49.70063763,,,,2025-12-05T13:23:08Z,2014,2014-01-01,2014-12-31
8698735,GHED_OOP_pc_US_SHA2011,COUNTRY,UZB,EUR,Europe,YEAR,2004,,,,,,,,,16.69,16.69074963,,,,2025-12-05T13:23:08Z,2004,2004-01-01,2004-12-31
8704138,GHED_OOP_pc_US_SHA2011,COUNTRY,LUX,EUR,Europe,YEAR,2003,,,,,,,,,610.72,610.71554661,,,,2025-12-05T13:23:08Z,2003,2003-01-01,2003-12-31
8706618,GHED_OOP_pc_US_SHA2011,COUNTRY,AND,EUR,Europe,YEAR,2012,,,,,,,,,379.86,379.86440052,,,,2025-12-05T13:23:08Z,2012,2012-01-01,2012-12-31
8706800,GHED_OOP_pc_US_SHA2011,COUNTRY,SGP,WPR,Western Pacific,YEAR,2021,,,,,,,,,950.70,950.70044366,,,,2025-12-05T13:23:08Z,2021,2021-01-01,2021-12-31
8708490,GHED_OOP_pc_US_SHA2011,COUNTRY,AZE,EUR,Europe,YEAR,2023,,,,,,,,,193.77,193.77379005,,,,2025-12-05T13:23:08Z,2023,2023-01-01,2023-12-31
8713152,GHED_OOP_pc_US_SHA2011,COUNTRY,SYR,EMR,Eastern Mediterranean,YEAR,2011,,,,,,,,,39.69,39.69210289,,,,2025-12-05T13:23:08Z,2011,2011-01-01,2011-12-31
8716253,GHED_OOP_pc_US_SHA2011,COUNTRY,TUV,WPR,Western Pacific,YEAR,2007,,,,,,,,,13.60,13.59587258,,,,2025-12-05T13:23:08Z,2007,2007-01-01,2007-12-31
8716923,GHED_OOP_pc_US_SHA2011,COUNTRY,NLD,EUR,Europe,YEAR,2015,,,,,,,,,527.82,527.81683064,,,,2025-12-05T13:23:08Z,2015,2015-01-01,2015-12-31
8718811,GHED_OOP_pc_US_SHA2011,COUNTRY,LCA,AMR,Americas,YEAR,2001,,,,,,,,,162.13,162.13299818,,,,2025-12-05T13:23:08Z,2001,2001-01-01,2001-12-31
8721194,GHED_OOP_pc_US_SHA2011,COUNTRY,MWI,AFR,Africa,YEAR,2005,,,,,,,,,1.57,1.56883404,,,,2025-12-05T13:23:08Z,2005,2005-01-01,2005-12-31
8728373,GHED_OOP_pc_US_SHA2011,COUNTRY,MEX,AMR,Americas,YEAR,2012,,,,,,,,,236.73,236.72929741,,,,2025-12-05T13:23:08Z,2012,2012-01-01,2012-12-31
8730268,GHED_OOP_pc_US_SHA2011,COUNTRY,TUR,EUR,Europe,YEAR,2003,,,,,,,,,44.02,44.02420698,,,,2025-12-05T13:23:08Z,2003,2003-01-01,2003-12-31
8734615,GHED_OOP_pc_US_SHA2011,COUNTRY,SUR,AMR,Americas,YEAR,2016,,,,,,,,,73.81,73.80656302,,,,2025-12-05T13:23:08Z,2016,2016-01-01,2016-12-31
8735666,GHED_OOP_pc_US_SHA2011,COUNTRY,BRN,WPR,Western Pacific,YEAR,2022,,,,,,,,,50.99,50.99482327,,,,2025-12-05T13:23:08Z,2022,2022-01-01,2022-12-31
8736926,GHED_OOP_pc_US_SHA2011,COUNTRY,BDI,AFR,Africa,YEAR,2007,,,,,,,,,6.28,6.27778517,,,,2025-12-05T13:23:08Z,2007,2007-01-01,2007-12-31
8740293,GHED_OOP_pc_US_SHA2011,COUNTRY,FJI,WPR,Western Pacific,YEAR,2023,,,,,,,,,17.70,17.69986779,,,,2025-12-05T13:23:08Z,2023,2023-01-01,2023-12-31
8742359,GHED_OOP_pc_US_SHA2011,COUNTRY,GRD,AMR,Americas,YEAR,2012,,,,,,,,,226.19,226.19130582,,,,2025-12-05T13:23:08Z,2012,2012-01-01,2012-12-31
8747364,GHED_OOP_pc_US_SHA2011,COUNTRY,GNB,AFR,Africa,YEAR,2020,,,,,,,,,38.45,38.45206608,,,,2025-12-05T13:23:08Z,2020,2020-01-01,2020-12-31
8749639,GHED_OOP_pc_US_SHA2011,COUNTRY,TON,WPR,Western Pacific,YEAR,2006,,,,,,,,,11.81,11.80868517,,,,2025-12-05T13:23:08Z,2006,2006-01-01,2006-12-31
8749746,GHED_OOP_pc_US_SHA2011,COUNTRY,OMN,EMR,Eastern Mediterranean,YEAR,2006,,,,,,,,,39.25,39.25085429,,,,2025-12-05T13:23:08Z,2006,2006-01-01,2006-12-31
8750956,GHED_OOP_pc_US_SHA2011,COUNTRY,NIC,AMR,Americas,YEAR,2011,,,,,,,,,47.34,47.33993972,,,,2025-12-05T13:23:08Z,2011,2011-01-01,2011-12-31
8752710,GHED_OOP_pc_US_SHA2011,COUNTRY,PNG,WPR,Western Pacific,YEAR,2017,,,,,,,,,4.97,4.97144732,,,,2025-12-05T13:23:08Z,2017,2017-01-01,2017-12-31
8755519,GHED_OOP_pc_US_SHA2011,COUNTRY,KNA,AMR,Americas,YEAR,2007,,,,,,,,,361.70,361.70416951,,,,2025-12-05T13:23:08Z,2007,2007-01-01,2007-12-31
8761350,GHED_OOP_pc_US_SHA2011,COUNTRY,RUS,EUR,Europe,YEAR,2004,,,,,,,,,70.19,70.18591085,,,,2025-12-05T13:23:08Z,2004,2004-01-01,2004-12-31
8769050,GHED_OOP_pc_US_SHA2011,COUNTRY,BGD,SEAR,South-East Asia,YEAR,2018,,,,,,,,,31.66,31.65637831,,,,2025-12-05T13:23:08Z,2018,2018-01-01,2018-12-31
8769849,GHED_OOP_pc_US_SHA2011,COUNTRY,HRV,EUR,Europe,YEAR,2021,,,,,,,,,133.80,133.79570497,,,,2025-12-05T13:23:08Z,2021,2021-01-01,2021-12-31
8771423,GHED_OOP_pc_US_SHA2011,COUNTRY,LBN,EMR,Eastern Mediterranean,YEAR,2022,,,,,,,,,74.72,74.72323926,,,,2025-12-05T13:23:08Z,2022,2022-01-01,2022-12-31
8771875,GHED_OOP_pc_US_SHA2011,COUNTRY,COL,AMR,Americas,YEAR,2017,,,,,,,,,76.44,76.43714793,,,,2025-12-05T13:23:08Z,2017,2017-01-01,2017-12-31
8772633,GHED_OOP_pc_US_SHA2011,COUNTRY,KIR,WPR,Western Pacific,YEAR,2013,,,,,,,,,0.85,0.84804102,,,,2025-12-05T13:23:08Z,2013,2013-01-01,2013-12-31
8776498,GHED_OOP_pc_US_SHA2011,COUNTRY,MWI,AFR,Africa,YEAR,2017,,,,,,,,,4.77,4.77353161,,,,2025-12-05T13:23:08Z,2017,2017-01-01,2017-12-31
8777975,GHED_OOP_pc_US_SHA2011,COUNTRY,FRA,EUR,Europe,YEAR,2012,,,,,,,,,527.84,527.84028133,,,,2025-12-05T13:23:08Z,2012,2012-01-01,2012-12-31
8778322,GHED_OOP_pc_US_SHA2011,COUNTRY,KIR,WPR,Western Pacific,YEAR,2003,,,,,,,,,0.12,0.11776067,,,,2025-12-05T13:23:08Z,2003,2003-01-01,2003-12-31
8778873,GHED_OOP_pc_US_SHA2011,COUNTRY,NAM,AFR,Africa,YEAR,2000,,,,,,,,,14.21,14.21460986,,,,2025-12-05T13:23:08Z,2000,2000-01-01,2000-12-31
8780682,GHED_OOP_pc_US_SHA2011,COUNTRY,MKD,EUR,Europe,YEAR,2000,,,,,,,,,68.47,68.46676682,,,,2025-12-05T13:23:08Z,2000,2000-01-01,2000-12-31
8782635,GHED_OOP_pc_US_SHA2011,COUNTRY,LBR,AFR,Africa,YEAR,2006,,,,,,,,,11.83,11.8343927,,,,2025-12-05T13:23:08Z,2006,2006-01-01,2006-12-31
8784891,GHED_OOP_pc_US_SHA2011,REGION,AMR,,,YEAR,2005,,,,,,,,,155.21,155.20631665,,,,2025-12-05T13:23:08Z,2005,2005-01-01,2005-12-31
8792122,GHED_OOP_pc_US_SHA2011,COUNTRY,AZE,EUR,Europe,YEAR,2005,,,,,,,,,20.38,20.38321884,,,,2025-12-05T13:23:08Z,2005,2005-01-01,2005-12-31
8792841,GHED_OOP_pc_US_SHA2011,COUNTRY,ETH,AFR,Africa,YEAR,2000,,,,,,,,,1.90,1.90203629,,,,2025-12-05T13:23:08Z,2000,2000-01-01,2000-12-31
8795058,GHED_OOP_pc_US_SHA2011,COUNTRY,SEN,AFR,Africa,YEAR,2017,,,,,,,,,27.62,27.62211003,,,,2025-12-05T13:23:08Z,2017,2017-01-01,2017-12-31
8795127,GHED_OOP_pc_US_SHA2011,COUNTRY,CHL,AMR,Americas,YEAR,2020,,,,,,,,,369.12,369.12320921,,,,2025-12-05T13:23:08Z,2020,2020-01-01,2020-12-31
8799304,GHED_OOP_pc_US_SHA2011,COUNTRY,DJI,EMR,Eastern Mediterranean,YEAR,2016,,,,,,,,,15.95,15.95326032,,,,2025-12-05T13:23:08Z,2016,2016-01-01,2016-12-31
8804328,GHED_OOP_pc_US_SHA2011,COUNTRY,ESP,EUR,Europe,YEAR,2002,,,,,,,,,288.94,288.94126617,,,,2025-12-05T13:23:08Z,2002,2002-01-01,2002-12-31
8805403,GHED_OOP_pc_US_SHA2011,COUNTRY,STP,AFR,Africa,YEAR,2018,,,,,,,,,17.22,17.22089925,,,,2025-12-05T13:23:08Z,2018,2018-01-01,2018-12-31
8813415,GHED_OOP_pc_US_SHA2011,COUNTRY,DZA,AFR,Africa,YEAR,2005,,,,,,,,,28.33,28.32874172,,,,2025-12-05T13:23:08Z,2005,2005-01-01,2005-12-31
8816736,GHED_OOP_pc_US_SHA2011,COUNTRY,FIN,EUR,Europe,YEAR,2008,,,,,,,,,833.25,833.24705638,,,,2025-12-05T13:23:08Z,2008,2008-01-01,2008-12-31
8818680,GHED_OOP_pc_US_SHA2011,COUNTRY,MMR,SEAR,South-East Asia,YEAR,2013,,,,,,,,,27.22,27.22096367,,,,2025-12-05T13:23:08Z,2013,2013-01-01,2013-12-31
8820335,GHED_OOP_pc_US_SHA2011,COUNTRY,LBY,EMR,Eastern Mediterranean,YEAR,2005,,,,,,,,,74.19,74.18514886,,,,2025-12-05T13:23:08Z,2005,2005-01-01,2005-12-31
8822380,GHED_OOP_pc_US_SHA2011,COUNTRY,AND,EUR,Europe,YEAR,2008,,,,,,,,,434.13,434.12954748,,,,2025-12-05T13:23:08Z,2008,2008-01-01,2008-12-31
8822660,GHED_OOP_pc_US_SHA2011,COUNTRY,ZMB,AFR,Africa,YEAR,2021,,,,,,,,,5.30,5.29725562,,,,2025-12-05T13:23:08Z,2021,2021-01-01,2021-12-31
8823481,GHED_OOP_pc_US_SHA2011,COUNTRY,ROU,EUR,Europe,YEAR,2022,,,,,,,,,193.28,193.28083975,,,,2025-12-05T13:23:08Z,2022,2022-01-01,2022-12-31
8826187,GHED_OOP_pc_US_SHA2011,COUNTRY,MLI,AFR,Africa,YEAR,2005,,,,,,,,,13.67,13.66928501,,,,2025-12-05T13:23:08Z,2005,2005-01-01,2005-12-31
8839530,GHED_OOP_pc_US_SHA2011,COUNTRY,AND,EUR,Europe,YEAR,2014,,,,,,,,,383.22,383.21934549,,,,2025-12-05T13:23:08Z,2014,2014-01-01,2014-12-31
8843270,GHED_OOP_pc_US_SHA2011,COUNTRY,AUS,WPR,Western Pacific,YEAR,2020,,,,,,,,,909.22,909.22123786,,,,2025-12-05T13:23:08Z,2020,2020-01-01,2020-12-31
8844281,GHED_OOP_pc_US_SHA2011,COUNTRY,COD,AFR,Africa,YEAR,2014,,,,,,,,,7.06,7.0552183,,,,2025-12-05T13:23:08Z,2014,2014-01-01,2014-12-31
8847885,GHED_OOP_pc_US_SHA2011,COUNTRY,YEM,EMR,Eastern Mediterranean,YEAR,2020,,,,,,,,,51.35,51.34965288,,,,2025-12-05T13:23:08Z,2020,2020-01-01,2020-12-31
8855529,GHED_OOP_pc_US_SHA2011,COUNTRY,IRN,EMR,Eastern Mediterranean,YEAR,2005,,,,,,,,,95.26,95.25738952,,,,2025-12-05T13:23:08Z,2005,2005-01-01,2005-12-31
8864003,GHED_OOP_pc_US_SHA2011,COUNTRY,CHN,WPR,Western Pacific,YEAR,2002,,,,,,,,,31.38,31.37760717,,,,2025-12-05T13:23:08Z,2002,2002-01-01,2002-12-31
8879831,GHED_OOP_pc_US_SHA2011,COUNTRY,VNM,WPR,Western Pacific,YEAR,2017,,,,,,,,,62.82,62.82317501,,,,2025-12-05T13:23:08Z,2017,2017-01-01,2017-12-31
8885200,GHED_OOP_pc_US_SHA2011,COUNTRY,ARG,AMR,Americas,YEAR,2008,,,,,,,,,223.98,223.98083411,,,,2025-12-05T13:23:08Z,2008,2008-01-01,2008-12-31
8889038,GHED_OOP_pc_US_SHA2011,COUNTRY,GRD,AMR,Americas,YEAR,2015,,,,,,,,,218.08,218.07687565,,,,2025-12-05T13:23:08Z,2015,2015-01-01,2015-12-31
8889890,GHED_OOP_pc_US_SHA2011,COUNTRY,BDI,AFR,Africa,YEAR,2004,,,,,,,,,3.43,3.42806619,,,,2025-12-05T13:23:08Z,2004,2004-01-01,2004-12-31
8893734,GHED_OOP_pc_US_SHA2011,COUNTRY,STP,AFR,Africa,YEAR,2004,,,,,,,,,25.07,25.0678612,,,,2025-12-05T13:23:08Z,2004,2004-01-01,2004-12-31
8894054,GHED_OOP_pc_US_SHA2011,COUNTRY,NOR,EUR,Europe,YEAR,2011,,,,,,,,,1353.73,1353.73116021,,,,2025-12-05T13:23:08Z,2011,2011-01-01,2011-12-31
8895084,GHED_OOP_pc_US_SHA2011,COUNTRY,ESP,EUR,Europe,YEAR,2003,,,,,,,,,381.48,381.48208806,,,,2025-12-05T13:23:08Z,2003,2003-01-01,2003-12-31
8895374,GHED_OOP_pc_US_SHA2011,COUNTRY,JAM,AMR,Americas,YEAR,2010,,,,,,,,,114.99,114.99187871,,,,2025-12-05T13:23:08Z,2010,2010-01-01,2010-12-31
8895480,GHED_OOP_pc_US_SHA2011,COUNTRY,SVN,EUR,Europe,YEAR,2015,,,,,,,,,221.96,221.96087263,,,,2025-12-05T13:23:08Z,2015,2015-01-01,2015-12-31
8896320,GHED_OOP_pc_US_SHA2011,COUNTRY,TLS,SEAR,South-East Asia,YEAR,2010,,,,,,,,,6.08,6.08474669,,,,2025-12-05T13:23:08Z,2010,2010-01-01,2010-12-31
8897863,GHED_OOP_pc_US_SHA2011,COUNTRY,BFA,AFR,Africa,YEAR,2004,,,,,,,,,9.28,9.2767803,,,,2025-12-05T13:23:08Z,2004,2004-01-01,2004-12-31
8898647,GHED_OOP_pc_US_SHA2011,COUNTRY,MLI,AFR,Africa,YEAR,2015,,,,,,,,,9.90,9.90228705,,,,2025-12-05T13:23:08Z,2015,2015-01-01,2015-12-31
8900741,GHED_OOP_pc_US_SHA2011,GLOBAL,GLOBAL,,,YEAR,2004,,,,,,,,,140.37,140.37080757,,,,2025-12-05T13:23:08Z,2004,2004-01-01,2004-12-31
8901366,GHED_OOP_pc_US_SHA2011,COUNTRY,AND,EUR,Europe,YEAR,2018,,,,,,,,,390.15,390.15177305,,,,2025-12-05T13:23:08Z,2018,2018-01-01,2018-12-31
8904144,GHED_OOP_pc_US_SHA2011,COUNTRY,AUT,EUR,Europe,YEAR,2006,,,,,,,,,747.56,747.56110198,,,,2025-12-05T13:23:08Z,2006,2006-01-01,2006-12-31
8906124,GHED_OOP_pc_US_SHA2011,COUNTRY,CIV,AFR,Africa,YEAR,2022,,,,,,,,,27.63,27.63403329,,,,2026-01-12T13:50:53Z,2022,2022-01-01,2022-12-31
8906899,GHED_OOP_pc_US_SHA2011,COUNTRY,GBR,EUR,Europe,YEAR,2001,,,,,,,,,374.41,374.40840988,,,,2025-12-05T13:23:08Z,2001,2001-01-01,2001-12-31
8906966,GHED_OOP_pc_US_SHA2011,COUNTRY,AUS,WPR,Western Pacific,YEAR,2003,,,,,,,,,426.44,426.44126738,,,,2025-12-05T13:23:08Z,2003,2003-01-01,2003-12-31
8911477,GHED_OOP_pc_US_SHA2011,COUNTRY,SLV,AMR,Americas,YEAR,2008,,,,,,,,,106.47,106.4690941,,,,2025-12-05T13:23:08Z,2008,2008-01-01,2008-12-31
8912439,GHED_OOP_pc_US_SHA2011,WORLDBANKINCOMEGROUP,WB_LI,,,YEAR,2010,,,,,,,,,17.17,17.16991674,,,,2025-12-05T13:23:08Z,2010,2010-01-01,2010-12-31
8914043,GHED_OOP_pc_US_SHA2011,COUNTRY,NER,AFR,Africa,YEAR,2015,,,,,,,,,13.42,13.42227399,,,,2025-12-05T13:23:08Z,2015,2015-01-01,2015-12-31
8914055,GHED_OOP_pc_US_SHA2011,COUNTRY,NGA,AFR,Africa,YEAR,2012,,,,,,,,,64.03,64.02669846,,,,2025-12-05T13:23:08Z,2012,2012-01-01,2012-12-31
8914254,GHED_OOP_pc_US_SHA2011,COUNTRY,USA,AMR,Americas,YEAR,2018,,,,,,,,,1152.51,1152.51307122,,,,2025-12-05T13:23:08Z,2018,2018-01-01,2018-12-31
8918096,GHED_OOP_pc_US_SHA2011,COUNTRY,COK,WPR,Western Pacific,YEAR,2002,,,,,,,,,23.02,23.0245951,,,,2025-12-05T13:23:08Z,2002,2002-01-01,2002-12-31
8921318,GHED_OOP_pc_US_SHA2011,COUNTRY,GNB,AFR,Africa,YEAR,2012,,,,,,,,,22.17,22.17429409,,,,2025-12-05T13:23:08Z,2012,2012-01-01,2012-12-31
8921398,GHED_OOP_pc_US_SHA2011,COUNTRY,LVA,EUR,Europe,YEAR,2001,,,,,,,,,100.15,100.15413198,,,,2025-12-05T13:23:08Z,2001,2001-01-01,2001-12-31
8921476,GHED_OOP_pc_US_SHA2011,COUNTRY,BWA,AFR,Africa,YEAR,2017,,,,,,,,,14.10,14.09968477,,,,2025-12-05T13:23:08Z,2017,2017-01-01,2017-12-31
8921712,GHED_OOP_pc_US_SHA2011,COUNTRY,GAB,AFR,Africa,YEAR,2022,,,,,,,,,43.55,43.55433031,,,,2025-12-05T13:23:08Z,2022,2022-01-01,2022-12-31
8923216,GHED_OOP_pc_US_SHA2011,COUNTRY,NIC,AMR,Americas,YEAR,2004,,,,,,,,,27.65,27.65491508,,,,2025-12-05T13:23:08Z,2004,2004-01-01,2004-12-31
8923234,GHED_OOP_pc_US_SHA2011,COUNTRY,UKR,EUR,Europe,YEAR,2019,,,,,,,,,124.12,124.12383718,,,,2025-12-05T13:23:08Z,2019,2019-01-01,2019-12-31
8924781,GHED_OOP_pc_US_SHA2011,COUNTRY,MDA,EUR,Europe,YEAR,2021,,,,,,,,,118.80,118.80441772,,,,2025-12-05T13:23:08Z,2021,2021-01-01,2021-12-31
8924862,GHED_OOP_pc_US_SHA2011,COUNTRY,BLR,EUR,Europe,YEAR,2012,,,,,,,,,112.05,112.04660614,,,,2025-12-05T13:23:08Z,2012,2012-01-01,2012-12-31
8925364,GHED_OOP_pc_US_SHA2011,COUNTRY,LUX,EUR,Europe,YEAR,2021,,,,,,,,,671.54,671.5419229,,,,2025-12-05T13:23:08Z,2021,2021-01-01,2021-12-31
8925975,GHED_OOP_pc_US_SHA2011,COUNTRY,DEU,EUR,Europe,YEAR,2011,,,,,,,,,668.32,668.31902379,,,,2025-12-05T13:23:08Z,2011,2011-01-01,2011-12-31
8930465,GHED_OOP_pc_US_SHA2011,COUNTRY,URY,AMR,Americas,YEAR,2010,,,,,,,,,213.58,213.58489413,,,,2025-12-05T13:23:08Z,2010,2010-01-01,2010-12-31
8930985,GHED_OOP_pc_US_SHA2011,COUNTRY,KGZ,EUR,Europe,YEAR,2015,,,,,,,,,43.39,43.38579449,,,,2025-12-05T13:23:08Z,2015,2015-01-01,2015-12-31
8933183,GHED_OOP_pc_US_SHA2011,COUNTRY,CIV,AFR,Africa,YEAR,2016,,,,,,,,,24.75,24.75054913,,,,2025-12-05T13:23:08Z,2016,2016-01-01,2016-12-31
8933666,GHED_OOP_pc_US_SHA2011,COUNTRY,JOR,EMR,Eastern Mediterranean,YEAR,2013,,,,,,,,,68.38,68.3798716,,,,2025-12-05T13:23:08Z,2013,2013-01-01,2013-12-31
8936137,GHED_OOP_pc_US_SHA2011,COUNTRY,KGZ,EUR,Europe,YEAR,2000,,,,,,,,,6.22,6.21562281,,,,2025-12-05T13:23:08Z,2000,2000-01-01,2000-12-31
8937171,GHED_OOP_pc_US_SHA2011,COUNTRY,LSO,AFR,Africa,YEAR,2017,,,,,,,,,18.21,18.21002639,,,,2025-12-05T13:23:08Z,2017,2017-01-01,2017-12-31
8937401,GHED_OOP_pc_US_SHA2011,COUNTRY,HTI,AMR,Americas,YEAR,2012,,,,,,,,,21.35,21.35416957,,,,2025-12-05T13:23:08Z,2012,2012-01-01,2012-12-31
8949788,GHED_OOP_pc_US_SHA2011,COUNTRY,TLS,SEAR,South-East Asia,YEAR,2017,,,,,,,,,7.19,7.19020407,,,,2025-12-05T13:23:08Z,2017,2017-01-01,2017-12-31
8950046,GHED_OOP_pc_US_SHA2011,COUNTRY,IRL,EUR,Europe,YEAR,2019,,,,,,,,,690.33,690.32952061,,,,2025-12-05T13:23:08Z,2019,2019-01-01,2019-12-31
8954916,GHED_OOP_pc_US_SHA2011,COUNTRY,ZWE,AFR,Africa,YEAR,2022,,,,,,,,,6.01,6.01170933,,,,2025-12-05T13:23:08Z,2022,2022-01-01,2022-12-31
8955817,GHED_OOP_pc_US_SHA2011,COUNTRY,VCT,AMR,Americas,YEAR,2008,,,,,,,,,88.21,88.20745901,,,,2025-12-05T13:23:08Z,2008,2008-01-01,2008-12-31
8956275,GHED_OOP_pc_US_SHA2011,COUNTRY,NLD,EUR,Europe,YEAR,2012,,,,,,,,,533.26,533.25691065,,,,2025-12-05T13:23:08Z,2012,2012-01-01,2012-12-31
8961364,GHED_OOP_pc_US_SHA2011,COUNTRY,NIU,WPR,Western Pacific,YEAR,2012,,,,,,,,,17.43,17.43237813,,,,2025-12-05T13:23:08Z,2012,2012-01-01,2012-12-31
8961395,GHED_OOP_pc_US_SHA2011,COUNTRY,BDI,AFR,Africa,YEAR,2000,,,,,,,,,3.47,3.47223709,,,,2025-12-05T13:23:08Z,2000,2000-01-01,2000-12-31
8961431,GHED_OOP_pc_US_SHA2011,COUNTRY,GAB,AFR,Africa,YEAR,2023,,,,,,,,,43.69,43.6939619,,,,2025-12-05T13:23:08Z,2023,2023-01-01,2023-12-31
8965141,GHED_OOP_pc_US_SHA2011,COUNTRY,GEO,EUR,Europe,YEAR,2000,,,,,,,,,42.32,42.32086165,,,,2025-12-05T13:23:08Z,2000,2000-01-01,2000-12-31
8965201,GHED_OOP_pc_US_SHA2011,COUNTRY,MNE,EUR,Europe,YEAR,2022,,,,,,,,,263.08,263.08336146,,,,2025-12-05T13:23:08Z,2022,2022-01-01,2022-12-31
8975903,GHED_OOP_pc_US_SHA2011,COUNTRY,ALB,EUR,Europe,YEAR,2006,,,,,,,,,80.55,80.54789045,,,,2025-12-05T13:23:08Z,2006,2006-01-01,2006-12-31
8976518,GHED_OOP_pc_US_SHA2011,COUNTRY,CAF,AFR,Africa,YEAR,2006,,,,,,,,,7.81,7.81201189,,,,2025-12-05T13:23:08Z,2006,2006-01-01,2006-12-31
8983422,GHED_OOP_pc_US_SHA2011,COUNTRY,CHL,AMR,Americas,YEAR,2004,,,,,,,,,176.99,176.9859005,,,,2025-12-05T13:23:08Z,2004,2004-01-01,2004-12-31
8984600,GHED_OOP_pc_US_SHA2011,COUNTRY,HTI,AMR,Americas,YEAR,2013,,,,,,,,,21.52,21.52129544,,,,2025-12-05T13:23:08Z,2013,2013-01-01,2013-12-31
8986807,GHED_OOP_pc_US_SHA2011,COUNTRY,GBR,EUR,Europe,YEAR,2006,,,,,,,,,469.62,469.62161925,,,,2025-12-05T13:23:08Z,2006,2006-01-01,2006-12-31
8988582,GHED_OOP_pc_US_SHA2011,COUNTRY,NIC,AMR,Americas,YEAR,2006,,,,,,,,,33.32,33.31607919,,,,2025-12-05T13:23:08Z,2006,2006-01-01,2006-12-31
8991257,GHED_OOP_pc_US_SHA2011,COUNTRY,CMR,AFR,Africa,YEAR,2023,,,,,,,,,53.51,53.51206694,,,,2025-12-05T13:23:08Z,2023,2023-01-01,2023-12-31
8991305,GHED_OOP_pc_US_SHA2011,COUNTRY,SVK,EUR,Europe,YEAR,2016,,,,,,,,,210.30,210.30356251,,,,2025-12-05T13:23:08Z,2016,2016-01-01,2016-12-31
8996098,GHED_OOP_pc_US_SHA2011,COUNTRY,MNG,WPR,Western Pacific,YEAR,2017,,,,,,,,,61.06,61.06258985,,,,2025-12-05T13:23:08Z,2017,2017-01-01,2017-12-31
9001109,GHED_OOP_pc_US_SHA2011,COUNTRY,PRY,AMR,Americas,YEAR,2023,,,,,,,,,191.24,191.24366365,,,,2025-12-05T13:23:08Z,2023,2023-01-01,2023-12-31
9002520,GHED_OOP_pc_US_SHA2011,COUNTRY,HRV,EUR,Europe,YEAR,2019,,,,,,,,,121.93,121.93280006,,,,2025-12-05T13:23:08Z,2019,2019-01-01,2019-12-31
9007364,GHED_OOP_pc_US_SHA2011,COUNTRY,FIN,EUR,Europe,YEAR,2003,,,,,,,,,531.58,531.58370547,,,,2025-12-05T13:23:08Z,2003,2003-01-01,2003-12-31
9008791,GHED_OOP_pc_US_SHA2011,COUNTRY,DMA,AMR,Americas,YEAR,2018,,,,,,,,,155.60,155.59901609,,,,2025-12-05T13:23:08Z,2018,2018-01-01,2018-12-31
9012837,GHED_OOP_pc_US_SHA2011,COUNTRY,AGO,AFR,Africa,YEAR,2018,,,,,,,,,30.40,30.40265523,,,,2025-12-05T13:23:08Z,2018,2018-01-01,2018-12-31
9013015,GHED_OOP_pc_US_SHA2011,COUNTRY,LKA,SEAR,South-East Asia,YEAR,2001,,,,,,,,,16.38,16.38387151,,,,2025-12-05T13:23:08Z,2001,2001-01-01,2001-12-31
9013582,GHED_OOP_pc_US_SHA2011,REGION,AMR,,,YEAR,2018,,,,,,,,,250.24,250.24323368,,,,2025-12-05T13:23:08Z,2018,2018-01-01,2018-12-31
9014825,GHED_OOP_pc_US_SHA2011,COUNTRY,HND,AMR,Americas,YEAR,2000,,,,,,,,,31.47,31.46747501,,,,2025-12-05T13:23:08Z,2000,2000-01-01,2000-12-31
9015877,GHED_OOP_pc_US_SHA2011,COUNTRY,POL,EUR,Europe,YEAR,2003,,,,,,,,,93.59,93.59185121,,,,2025-12-05T13:23:08Z,2003,2003-01-01,2003-12-31
9020399,GHED_OOP_pc_US_SHA2011,COUNTRY,BDI,AFR,Africa,YEAR,2017,,,,,,,,,5.56,5.55807373,,,,2025-12-05T13:23:08Z,2017,2017-01-01,2017-12-31
9025668,GHED_OOP_pc_US_SHA2011,COUNTRY,FIN,EUR,Europe,YEAR,2015,,,,,,,,,769.04,769.03950557,,,,2025-12-05T13:23:08Z,2015,2015-01-01,2015-12-31
9028503,GHED_OOP_pc_US_SHA2011,COUNTRY,BLZ,AMR,Americas,YEAR,2000,,,,,,,,,53.02,53.02040492,,,,2025-12-05T13:23:08Z,2000,2000-01-01,2000-12-31
9031037,GHED_OOP_pc_US_SHA2011,COUNTRY,SOM,EMR,Eastern Mediterranean,YEAR,2019,,,,,,,,,5.84,5.84477786,,,,2025-12-05T13:23:08Z,2019,2019-01-01,2019-12-31
9032899,GHED_OOP_pc_US_SHA2011,COUNTRY,KHM,WPR,Western Pacific,YEAR,2016,,,,,,,,,42.17,42.16666031,,,,2025-12-05T13:23:08Z,2016,2016-01-01,2016-12-31
9034583,GHED_OOP_pc_US_SHA2011,COUNTRY,KWT,EMR,Eastern Mediterranean,YEAR,2007,,,,,,,,,188.00,187.99725799,,,,2025-12-05T13:23:08Z,2007,2007-01-01,2007-12-31
9035876,GHED_OOP_pc_US_SHA2011,COUNTRY,COM,AFR,Africa,YEAR,2022,,,,,,,,,54.01,54.00698202,,,,2025-12-05T13:23:08Z,2022,2022-01-01,2022-12-31
9037639,GHED_OOP_pc_US_SHA2011,COUNTRY,COD,AFR,Africa,YEAR,2012,,,,,,,,,5.32,5.31870256,,,,2025-12-05T13:23:08Z,2012,2012-01-01,2012-12-31
9038075,GHED_OOP_pc_US_SHA2011,WORLDBANKINCOMEGROUP,WB_HI,,,YEAR,2023,,,,,,,,,615.95,615.94620483,,,,2025-12-05T13:23:08Z,2023,2023-01-01,2023-12-31
9039840,GHED_OOP_pc_US_SHA2011,COUNTRY,HND,AMR,Americas,YEAR,2015,,,,,,,,,86.11,86.1138172,,,,2025-12-05T13:23:08Z,2015,2015-01-01,2015-12-31
9040039,GHED_OOP_pc_US_SHA2011,COUNTRY,LUX,EUR,Europe,YEAR,2020,,,,,,,,,569.15,569.14999484,,,,2025-12-05T13:23:08Z,2020,2020-01-01,2020-12-31
9043945,GHED_OOP_pc_US_SHA2011,COUNTRY,SOM,EMR,Eastern Mediterranean,YEAR,2020,,,,,,,,,6.02,6.02452649,,,,2025-12-05T13:23:08Z,2020,2020-01-01,2020-12-31
9056234,GHED_OOP_pc_US_SHA2011,REGION,WPR,,,YEAR,2023,,,,,,,,,195.48,195.47715651,,,,2025-12-05T13:23:08Z,2023,2023-01-01,2023-12-31
9060387,GHED_OOP_pc_US_SHA2011,COUNTRY,USA,AMR,Americas,YEAR,2012,,,,,,,,,1019.18,1019.1807003,,,,2025-12-05T13:23:08Z,2012,2012-01-01,2012-12-31
9062839,GHED_OOP_pc_US_SHA2011,COUNTRY,ZMB,AFR,Africa,YEAR,2014,,,,,,,,,9.04,9.03709007,,,,2025-12-05T13:23:08Z,2014,2014-01-01,2014-12-31
9069862,GHED_OOP_pc_US_SHA2011,COUNTRY,CZE,EUR,Europe,YEAR,2004,,,,,,,,,79.89,79.89461689,,,,2025-12-05T13:23:08Z,2004,2004-01-01,2004-12-31
9072938,GHED_OOP_pc_US_SHA2011,COUNTRY,ITA,EUR,Europe,YEAR,2015,,,,,,,,,644.27,644.26507193,,,,2025-12-05T13:23:08Z,2015,2015-01-01,2015-12-31
9075260,GHED_OOP_pc_US_SHA2011,COUNTRY,KAZ,EUR,Europe,YEAR,2016,,,,,,,,,91.27,91.26563355,,,,2025-12-05T13:23:08Z,2016,2016-01-01,2016-12-31
9085996,GHED_OOP_pc_US_SHA2011,COUNTRY,PER,AMR,Americas,YEAR,2005,,,,,,,,,41.93,41.93206569,,,,2025-12-05T13:23:08Z,2005,2005-01-01,2005-12-31
9088007,GHED_OOP_pc_US_SHA2011,COUNTRY,ERI,AFR,Africa,YEAR,2003,,,,,,,,,7.71,7.7145082,,,,2025-12-05T13:23:08Z,2003,2003-01-01,2003-12-31
9089824,GHED_OOP_pc_US_SHA2011,COUNTRY,CYP,EUR,Europe,YEAR,2021,,,,,,,,,478.46,478.4619738,,,,2025-12-05T13:23:08Z,2021,2021-01-01,2021-12-31
9091328,GHED_OOP_pc_US_SHA2011,COUNTRY,GBR,EUR,Europe,YEAR,2010,,,,,,,,,510.66,510.65808894,,,,2025-12-05T13:23:08Z,2010,2010-01-01,2010-12-31
9097193,GHED_OOP_pc_US_SHA2011,WORLDBANKINCOMEGROUP,WB_LI,,,YEAR,2021,,,,,,,,,19.85,19.85074601,,,,2025-12-05T13:23:08Z,2021,2021-01-01,2021-12-31
9097293,GHED_OOP_pc_US_SHA2011,COUNTRY,MAR,EMR,Eastern Mediterranean,YEAR,2020,,,,,,,,,83.36,83.36054899,,,,2025-12-05T13:23:08Z,2020,2020-01-01,2020-12-31
9098693,GHED_OOP_pc_US_SHA2011,COUNTRY,AUS,WPR,Western Pacific,YEAR,2012,,,,,,,,,1203.81,1203.80915596,,,,2025-12-05T13:23:08Z,2012,2012-01-01,2012-12-31
9101170,GHED_OOP_pc_US_SHA2011,COUNTRY,GAB,AFR,Africa,YEAR,2008,,,,,,,,,145.43,145.42500501,,,,2025-12-05T13:23:08Z,2008,2008-01-01,2008-12-31
9101534,GHED_OOP_pc_US_SHA2011,COUNTRY,KNA,AMR,Americas,YEAR,2017,,,,,,,,,633.14,633.14228825,,,,2025-12-05T13:23:08Z,2017,2017-01-01,2017-12-31
9103858,GHED_OOP_pc_US_SHA2011,COUNTRY,LUX,EUR,Europe,YEAR,2009,,,,,,,,,759.03,759.02700546,,,,2025-12-05T13:23:08Z,2009,2009-01-01,2009-12-31
9105266,GHED_OOP_pc_US_SHA2011,COUNTRY,GUY,AMR,Americas,YEAR,2015,,,,,,,,,76.50,76.49670429,,,,2025-12-05T13:23:08Z,2015,2015-01-01,2015-12-31
9110620,GHED_OOP_pc_US_SHA2011,COUNTRY,BHR,EMR,Eastern Mediterranean,YEAR,2021,,,,,,,,,303.25,303.2513558,,,,2025-12-05T13:23:08Z,2021,2021-01-01,2021-12-31
9111183,GHED_OOP_pc_US_SHA2011,COUNTRY,HTI,AMR,Americas,YEAR,2020,,,,,,,,,21.93,21.93025411,,,,2025-12-05T13:23:08Z,2020,2020-01-01,2020-12-31
9113074,GHED_OOP_pc_US_SHA2011,COUNTRY,CZE,EUR,Europe,YEAR,2021,,,,,,,,,316.79,316.79212633,,,,2025-12-05T13:23:08Z,2021,2021-01-01,2021-12-31
9114529,GHED_OOP_pc_US_SHA2011,COUNTRY,BHS,AMR,Americas,YEAR,2007,,,,,,,,,388.18,388.17816802,,,,2025-12-05T13:23:08Z,2007,2007-01-01,2007-12-31
9115620,GHED_OOP_pc_US_SHA2011,COUNTRY,PRY,AMR,Americas,YEAR,2022,,,,,,,,,186.84,186.84298276,,,,2025-12-05T13:23:08Z,2022,2022-01-01,2022-12-31
9116623,GHED_OOP_pc_US_SHA2011,COUNTRY,TUN,EMR,Eastern Mediterranean,YEAR,2013,,,,,,,,,111.19,111.19383341,,,,2025-12-05T13:23:08Z,2013,2013-01-01,2013-12-31
9117672,GHED_OOP_pc_US_SHA2011,COUNTRY,SAU,EMR,Eastern Mediterranean,YEAR,2017,,,,,,,,,200.66,200.65883072,,,,2025-12-05T13:23:08Z,2017,2017-01-01,2017-12-31
9127308,GHED_OOP_pc_US_SHA2011,COUNTRY,MMR,SEAR,South-East Asia,YEAR,2007,,,,,,,,,8.15,8.14559972,,,,2025-12-05T13:23:08Z,2007,2007-01-01,2007-12-31
9128928,GHED_OOP_pc_US_SHA2011,COUNTRY,KEN,AFR,Africa,YEAR,2004,,,,,,,,,12.30,12.29570348,,,,2025-12-05T13:23:08Z,2004,2004-01-01,2004-12-31
9138994,GHED_OOP_pc_US_SHA2011,COUNTRY,DOM,AMR,Americas,YEAR,2001,,,,,,,,,78.12,78.1175303,,,,2025-12-05T13:23:08Z,2001,2001-01-01,2001-12-31
9139453,GHED_OOP_pc_US_SHA2011,COUNTRY,STP,AFR,Africa,YEAR,2019,,,,,,,,,18.16,18.15834616,,,,2025-12-05T13:23:08Z,2019,2019-01-01,2019-12-31
9140003,GHED_OOP_pc_US_SHA2011,COUNTRY,ARG,AMR,Americas,YEAR,2016,,,,,,,,,338.04,338.03953974,,,,2025-12-05T13:23:08Z,2016,2016-01-01,2016-12-31
9140117,GHED_OOP_pc_US_SHA2011,COUNTRY,KOR,WPR,Western Pacific,YEAR,2007,,,,,,,,,509.77,509.76615475,,,,2025-12-05T13:23:08Z,2007,2007-01-01,2007-12-31
9140664,GHED_OOP_pc_US_SHA2011,COUNTRY,AZE,EUR,Europe,YEAR,2000,,,,,,,,,13.05,13.04895263,,,,2025-12-05T13:23:08Z,2000,2000-01-01,2000-12-31
9143149,GHED_OOP_pc_US_SHA2011,COUNTRY,PRT,EUR,Europe,YEAR,2004,,,,,,,,,405.17,405.16702893,,,,2025-12-05T13:23:08Z,2004,2004-01-01,2004-12-31
9144556,GHED_OOP_pc_US_SHA2011,COUNTRY,ITA,EUR,Europe,YEAR,2002,,,,,,,,,425.18,425.17682435,,,,2025-12-05T13:23:08Z,2002,2002-01-01,2002-12-31
9157992,GHED_OOP_pc_US_SHA2011,COUNTRY,SWE,EUR,Europe,YEAR,2006,,,,,,,,,629.24,629.24144886,,,,2025-12-05T13:23:08Z,2006,2006-01-01,2006-12-31
9161974,GHED_OOP_pc_US_SHA2011,COUNTRY,GHA,AFR,Africa,YEAR,2006,,,,,,,,,17.37,17.37168924,,,,2025-12-05T13:23:08Z,2006,2006-01-01,2006-12-31
9164192,GHED_OOP_pc_US_SHA2011,COUNTRY,URY,AMR,Americas,YEAR,2017,,,,,,,,,275.90,275.90236136,,,,2025-12-05T13:23:08Z,2017,2017-01-01,2017-12-31
9164311,GHED_OOP_pc_US_SHA2011,COUNTRY,SWZ,AFR,Africa,YEAR,2004,,,,,,,,,25.76,25.7580715,,,,2025-12-05T13:23:08Z,2004,2004-01-01,2004-12-31
9171135,GHED_OOP_pc_US_SHA2011,REGION,SEAR,,,YEAR,2009,,,,,,,,,43.12,43.11763678,,,,2025-12-05T13:23:08Z,2009,2009-01-01,2009-12-31
9171599,GHED_OOP_pc_US_SHA2011,COUNTRY,DZA,AFR,Africa,YEAR,2011,,,,,,,,,79.58,79.579319,,,,2025-12-05T13:23:08Z,2011,2011-01-01,2011-12-31
9174133,GHED_OOP_pc_US_SHA2011,COUNTRY,ZAF,AFR,Africa,YEAR,2009,,,,,,,,,39.55,39.5454947,,,,2025-12-05T13:23:08Z,2009,2009-01-01,2009-12-31
9177865,GHED_OOP_pc_US_SHA2011,COUNTRY,JAM,AMR,Americas,YEAR,2012,,,,,,,,,126.23,126.22864865,,,,2025-12-05T13:23:08Z,2012,2012-01-01,2012-12-31
9179556,GHED_OOP_pc_US_SHA2011,COUNTRY,DZA,AFR,Africa,YEAR,2004,,,,,,,,,24.19,24.1862135,,,,2025-12-05T13:23:08Z,2004,2004-01-01,2004-12-31
9184871,GHED_OOP_pc_US_SHA2011,COUNTRY,AFG,EMR,Eastern Mediterranean,YEAR,2007,,,,,,,,,25.57,25.56856604,,,,2025-12-05T13:23:08Z,2007,2007-01-01,2007-12-31
9186519,GHED_OOP_pc_US_SHA2011,COUNTRY,KEN,AFR,Africa,YEAR,2021,,,,,,,,,21.34,21.33874063,,,,2025-12-05T13:23:08Z,2021,2021-01-01,2021-12-31
9187255,GHED_OOP_pc_US_SHA2011,COUNTRY,BEN,AFR,Africa,YEAR,2005,,,,,,,,,11.69,11.68940071,,,,2025-12-05T13:23:08Z,2005,2005-01-01,2005-12-31
9189542,GHED_OOP_pc_US_SHA2011,COUNTRY,EGY,EMR,Eastern Mediterranean,YEAR,2001,,,,,,,,,43.83,43.83118086,,,,2025-12-05T13:23:08Z,2001,2001-01-01,2001-12-31
9189735,GHED_OOP_pc_US_SHA2011,COUNTRY,AZE,EUR,Europe,YEAR,2016,,,,,,,,,118.84,118.83644961,,,,2025-12-05T13:23:08Z,2016,2016-01-01,2016-12-31
9193566,GHED_OOP_pc_US_SHA2011,COUNTRY,SRB,EUR,Europe,YEAR,2012,,,,,,,,,198.38,198.37584049,,,,2025-12-05T13:23:08Z,2012,2012-01-01,2012-12-31
9199039,GHED_OOP_pc_US_SHA2011,COUNTRY,URY,AMR,Americas,YEAR,2013,,,,,,,,,268.38,268.37916398,,,,2025-12-05T13:23:08Z,2013,2013-01-01,2013-12-31
9199081,GHED_OOP_pc_US_SHA2011,COUNTRY,NAM,AFR,Africa,YEAR,2017,,,,,,,,,34.97,34.96533472,,,,2025-12-05T13:23:08Z,2017,2017-01-01,2017-12-31
9200291,GHED_OOP_pc_US_SHA2011,COUNTRY,GTM,AMR,Americas,YEAR,2009,,,,,,,,,96.41,96.41400896,,,,2025-12-05T13:23:08Z,2009,2009-01-01,2009-12-31
9204872,GHED_OOP_pc_US_SHA2011,COUNTRY,ALB,EUR,Europe,YEAR,2009,,,,,,,,,133.95,133.95260472,,,,2025-12-05T13:23:08Z,2009,2009-01-01,2009-12-31
9210740,GHED_OOP_pc_US_SHA2011,COUNTRY,BEL,EUR,Europe,YEAR,2017,,,,,,,,,923.31,923.30840495,,,,2025-12-05T13:23:08Z,2017,2017-01-01,2017-12-31
9215951,GHED_OOP_pc_US_SHA2011,COUNTRY,GNB,AFR,Africa,YEAR,2007,,,,,,,,,12.29,12.29254311,,,,2025-12-05T13:23:08Z,2007,2007-01-01,2007-12-31
9217360,GHED_OOP_pc_US_SHA2011,COUNTRY,ERI,AFR,Africa,YEAR,2005,,,,,,,,,7.73,7.72666716,,,,2025-12-05T13:23:08Z,2005,2005-01-01,2005-12-31
9218824,GHED_OOP_pc_US_SHA2011,REGION,EUR,,,YEAR,2017,,,,,,,,,477.46,477.4643263,,,,2025-12-05T13:23:08Z,2017,2017-01-01,2017-12-31
9221692,GHED_OOP_pc_US_SHA2011,COUNTRY,BGD,SEAR,South-East Asia,YEAR,2017,,,,,,,,,29.56,29.56038338,,,,2025-12-05T13:23:08Z,2017,2017-01-01,2017-12-31
9223284,GHED_OOP_pc_US_SHA2011,COUNTRY,SLB,WPR,Western Pacific,YEAR,2021,,,,,,,,,3.59,3.59260612,,,,2025-12-05T13:23:08Z,2021,2021-01-01,2021-12-31
9223879,GHED_OOP_pc_US_SHA2011,COUNTRY,TKM,EUR,Europe,YEAR,2018,,,,,,,,,315.18,315.18026742,,,,2025-12-05T13:23:08Z,2018,2018-01-01,2018-12-31
9224750,GHED_OOP_pc_US_SHA2011,COUNTRY,TON,WPR,Western Pacific,YEAR,2014,,,,,,,,,15.16,15.1613086,,,,2025-12-05T13:23:08Z,2014,2014-01-01,2014-12-31
9228961,GHED_OOP_pc_US_SHA2011,COUNTRY,BRB,AMR,Americas,YEAR,2020,,,,,,,,,529.90,529.89978708,,,,2025-12-05T13:23:08Z,2020,2020-01-01,2020-12-31
9229635,GHED_OOP_pc_US_SHA2011,COUNTRY,GBR,EUR,Europe,YEAR,2019,,,,,,,,,683.17,683.17369124,,,,2025-12-05T13:23:08Z,2019,2019-01-01,2019-12-31
9233589,GHED_OOP_pc_US_SHA2011,COUNTRY,JOR,EMR,Eastern Mediterranean,YEAR,2000,,,,,,,,,59.17,59.17245965,,,,2025-12-05T13:23:08Z,2000,2000-01-01,2000-12-31
9236744,GHED_OOP_pc_US_SHA2011,COUNTRY,AND,EUR,Europe,YEAR,2013,,,,,,,,,385.23,385.22633831,,,,2025-12-05T13:23:08Z,2013,2013-01-01,2013-12-31
9238362,GHED_OOP_pc_US_SHA2011,COUNTRY,DMA,AMR,Americas,YEAR,2002,,,,,,,,,94.61,94.61484093,,,,2025-12-05T13:23:08Z,2002,2002-01-01,2002-12-31
9240137,GHED_OOP_pc_US_SHA2011,COUNTRY,LVA,EUR,Europe,YEAR,2016,,,,,,,,,378.99,378.98834004,,,,2025-12-05T13:23:08Z,2016,2016-01-01,2016-12-31
9241076,GHED_OOP_pc_US_SHA2011,COUNTRY,GBR,EUR,Europe,YEAR,2005,,,,,,,,,473.84,473.84331717,,,,2025-12-05T13:23:08Z,2005,2005-01-01,2005-12-31
9242309,GHED_OOP_pc_US_SHA2011,COUNTRY,TJK,EUR,Europe,YEAR,2020,,,,,,,,,50.41,50.40742347,,,,2025-12-05T13:23:08Z,2020,2020-01-01,2020-12-31
9244703,GHED_OOP_pc_US_SHA2011,COUNTRY,MLI,AFR,Africa,YEAR,2009,,,,,,,,,21.42,21.42422817,,,,2025-12-05T13:23:08Z,2009,2009-01-01,2009-12-31
9247665,GHED_OOP_pc_US_SHA2011,COUNTRY,JOR,EMR,Eastern Mediterranean,YEAR,2010,,,,,,,,,66.40,66.39771878,,,,2025-12-05T13:23:08Z,2010,2010-01-01,2010-12-31
9256318,GHED_OOP_pc_US_SHA2011,COUNTRY,NRU,WPR,Western Pacific,YEAR,2014,,,,,,,,,9.98,9.98050307,,,,2025-12-05T13:23:08Z,2014,2014-01-01,2014-12-31
9256792,GHED_OOP_pc_US_SHA2011,COUNTRY,CAN,AMR,Americas,YEAR,2004,,,,,,,,,442.77,442.76626977,,,,2025-12-05T13:23:08Z,2004,2004-01-01,2004-12-31
9260750,GHED_OOP_pc_US_SHA2011,COUNTRY,TLS,SEAR,South-East Asia,YEAR,2012,,,,,,,,,6.78,6.78482842,,,,2025-12-05T13:23:08Z,2012,2012-01-01,2012-12-31
9264165,GHED_OOP_pc_US_SHA2011,COUNTRY,FRA,EUR,Europe,YEAR,2008,,,,,,,,,482.17,482.1667737,,,,2025-12-05T13:23:08Z,2008,2008-01-01,2008-12-31
9266542,GHED_OOP_pc_US_SHA2011,COUNTRY,TJK,EUR,Europe,YEAR,2017,,,,,,,,,35.90,35.90273114,,,,2025-12-05T13:23:08Z,2017,2017-01-01,2017-12-31
9267191,GHED_OOP_pc_US_SHA2011,COUNTRY,SMR,EUR,Europe,YEAR,2007,,,,,,,,,761.91,761.90827951000006,,,,2025-12-05T13:23:08Z,2007,2007-01-01,2007-12-31
9272845,GHED_OOP_pc_US_SHA2011,GLOBAL,GLOBAL,,,YEAR,2003,,,,,,,,,123.18,123.18180795,,,,2025-12-05T13:23:08Z,2003,2003-01-01,2003-12-31
9274227,GHED_OOP_pc_US_SHA2011,COUNTRY,MRT,AFR,Africa,YEAR,2015,,,,,,,,,27.27,27.27180261,,,,2025-12-05T13:23:08Z,2015,2015-01-01,2015-12-31
9274788,GHED_OOP_pc_US_SHA2011,COUNTRY,BLZ,AMR,Americas,YEAR,2023,,,,,,,,,82.86,82.86385869,,,,2025-12-05T13:23:08Z,2023,2023-01-01,2023-12-31
9276563,GHED_OOP_pc_US_SHA2011,COUNTRY,ARE,EMR,Eastern Mediterranean,YEAR,2008,,,,,,,,,368.46,368.45721666,,,,2025-12-05T13:23:08Z,2008,2008-01-01,2008-12-31
9278120,GHED_OOP_pc_US_SHA2011,COUNTRY,ITA,EUR,Europe,YEAR,2001,,,,,,,,,388.36,388.35824897,,,,2025-12-05T13:23:08Z,2001,2001-01-01,2001-12-31
9278813,GHED_OOP_pc_US_SHA2011,COUNTRY,SVN,EUR,Europe,YEAR,2004,,,,,,,,,166.55,166.5518705,,,,2025-12-05T13:23:08Z,2004,2004-01-01,2004-12-31
9280792,GHED_OOP_pc_US_SHA2011,COUNTRY,BOL,AMR,Americas,YEAR,2013,,,,,,,,,54.41,54.41255747,,,,2025-12-05T13:23:08Z,2013,2013-01-01,2013-12-31
9283129,GHED_OOP_pc_US_SHA2011,COUNTRY,BRB,AMR,Americas,YEAR,2004,,,,,,,,,316.63,316.62958297,,,,2025-12-05T13:23:08Z,2004,2004-01-01,2004-12-31
9286603,GHED_OOP_pc_US_SHA2011,COUNTRY,SGP,WPR,Western Pacific,YEAR,2023,,,,,,,,,996.81,996.81262477,,,,2025-12-05T13:23:08Z,2023,2023-01-01,2023-12-31
9287845,GHED_OOP_pc_US_SHA2011,COUNTRY,TZA,AFR,Africa,YEAR,2011,,,,,,,,,10.55,10.55337168,,,,2025-12-05T13:23:08Z,2011,2011-01-01,2011-12-31
9293246,GHED_OOP_pc_US_SHA2011,COUNTRY,MHL,WPR,Western Pacific,YEAR,2011,,,,,,,,,6.24,6.23623446,,,,2025-12-05T13:23:08Z,2011,2011-01-01,2011-12-31
9294001,GHED_OOP_pc_US_SHA2011,COUNTRY,AUS,WPR,Western Pacific,YEAR,2015,,,,,,,,,891.82,891.82491591,,,,2025-12-05T13:23:08Z,2015,2015-01-01,2015-12-31
9294319,GHED_OOP_pc_US_SHA2011,COUNTRY,NGA,AFR,Africa,YEAR,2016,,,,,,,,,56.78,56.78371675,,,,2025-12-05T13:23:08Z,2016,2016-01-01,2016-12-31
9297091,GHED_OOP_pc_US_SHA2011,COUNTRY,GRC,EUR,Europe,YEAR,2015,,,,,,,,,533.82,533.82056638,,,,2025-12-05T13:23:08Z,2015,2015-01-01,2015-12-31
9306661,GHED_OOP_pc_US_SHA2011,COUNTRY,BLR,EUR,Europe,YEAR,2011,,,,,,,,,106.75,106.74742946,,,,2025-12-05T13:23:08Z,2011,2011-01-01,2011-12-31
9307868,GHED_OOP_pc_US_SHA2011,COUNTRY,GRD,AMR,Americas,YEAR,2011,,,,,,,,,218.84,218.83752413,,,,2025-12-05T13:23:08Z,2011,2011-01-01,2011-12-31
9307965,GHED_OOP_pc_US_SHA2011,COUNTRY,YEM,EMR,Eastern Mediterranean,YEAR,2017,,,,,,,,,76.74,76.73987317,,,,2025-12-05T13:23:08Z,2017,2017-01-01,2017-12-31
9310257,GHED_OOP_pc_US_SHA2011,COUNTRY,PSE,EMR,Eastern Mediterranean,YEAR,2000,,,,,,,,,49.87,49.87495211,,,,2025-12-05T13:23:08Z,2000,2000-01-01,2000-12-31
9312019,GHED_OOP_pc_US_SHA2011,COUNTRY,QAT,EMR,Eastern Mediterranean,YEAR,2000,,,,,,,,,166.12,166.11578979,,,,2025-12-05T13:23:08Z,2000,2000-01-01,2000-12-31
9314812,GHED_OOP_pc_US_SHA2011,COUNTRY,BLR,EUR,Europe,YEAR,2015,,,,,,,,,130.66,130.6633778,,,,2025-12-05T13:23:08Z,2015,2015-01-01,2015-12-31
9317037,GHED_OOP_pc_US_SHA2011,COUNTRY,GRC,EUR,Europe,YEAR,2005,,,,,,,,,713.63,713.63468147,,,,2025-12-05T13:23:08Z,2005,2005-01-01,2005-12-31
9321208,GHED_OOP_pc_US_SHA2011,COUNTRY,CPV,AFR,Africa,YEAR,2000,,,,,,,,,15.04,15.03934922,,,,2025-12-05T13:23:08Z,2000,2000-01-01,2000-12-31
9332316,GHED_OOP_pc_US_SHA2011,COUNTRY,HTI,AMR,Americas,YEAR,2002,,,,,,,,,10.78,10.77538017,,,,2025-12-05T13:23:08Z,2002,2002-01-01,2002-12-31
9338046,GHED_OOP_pc_US_SHA2011,COUNTRY,BRN,WPR,Western Pacific,YEAR,2002,,,,,,,,,79.19,79.18521752,,,,2025-12-05T13:23:08Z,2002,2002-01-01,2002-12-31
9338886,GHED_OOP_pc_US_SHA2011,COUNTRY,NRU,WPR,Western Pacific,YEAR,2010,,,,,,,,,15.14,15.14311802,,,,2025-12-05T13:23:08Z,2010,2010-01-01,2010-12-31
9344615,GHED_OOP_pc_US_SHA2011,REGION,WPR,,,YEAR,2016,,,,,,,,,162.53,162.5306457,,,,2025-12-05T13:23:08Z,2016,2016-01-01,2016-12-31
9349198,GHED_OOP_pc_US_SHA2011,COUNTRY,PNG,WPR,Western Pacific,YEAR,2014,,,,,,,,,5.30,5.30497724,,,,2025-12-05T13:23:08Z,2014,2014-01-01,2014-12-31
9350072,GHED_OOP_pc_US_SHA2011,COUNTRY,SWZ,AFR,Africa,YEAR,2018,,,,,,,,,29.67,29.6651224,,,,2025-12-05T13:23:08Z,2018,2018-01-01,2018-12-31
9354199,GHED_OOP_pc_US_SHA2011,COUNTRY,ALB,EUR,Europe,YEAR,2010,,,,,,,,,152.31,152.30517043,,,,2025-12-05T13:23:08Z,2010,2010-01-01,2010-12-31
9357827,GHED_OOP_pc_US_SHA2011,COUNTRY,DJI,EMR,Eastern Mediterranean,YEAR,2020,,,,,,,,,21.25,21.24796087,,,,2025-12-05T13:23:08Z,2020,2020-01-01,2020-12-31
9358804,GHED_OOP_pc_US_SHA2011,COUNTRY,NOR,EUR,Europe,YEAR,2008,,,,,,,,,1216.24,1216.23748763,,,,2025-12-05T13:23:08Z,2008,2008-01-01,2008-12-31
9358925,GHED_OOP_pc_US_SHA2011,REGION,WPR,,,YEAR,2018,,,,,,,,,175.20,175.20117098,,,,2025-12-05T13:23:08Z,2018,2018-01-01,2018-12-31
9360425,GHED_OOP_pc_US_SHA2011,COUNTRY,TON,WPR,Western Pacific,YEAR,2016,,,,,,,,,14.37,14.36614127,,,,2025-12-05T13:23:08Z,2016,2016-01-01,2016-12-31
9361043,GHED_OOP_pc_US_SHA2011,COUNTRY,GTM,AMR,Americas,YEAR,2004,,,,,,,,,73.34,73.34077469,,,,2025-12-05T13:23:08Z,2004,2004-01-01,2004-12-31
9362586,GHED_OOP_pc_US_SHA2011,COUNTRY,BFA,AFR,Africa,YEAR,2008,,,,,,,,,10.89,10.89114276,,,,2025-12-05T13:23:08Z,2008,2008-01-01,2008-12-31
9366881,GHED_OOP_pc_US_SHA2011,COUNTRY,LBY,EMR,Eastern Mediterranean,YEAR,2018,,,,,,,,,153.88,153.88012212,,,,2025-12-05T13:23:08Z,2018,2018-01-01,2018-12-31
9367928,GHED_OOP_pc_US_SHA2011,COUNTRY,SLB,WPR,Western Pacific,YEAR,2011,,,,,,,,,3.09,3.08664004,,,,2025-12-05T13:23:08Z,2011,2011-01-01,2011-12-31
9367948,GHED_OOP_pc_US_SHA2011,COUNTRY,COL,AMR,Americas,YEAR,2010,,,,,,,,,76.93,76.93136117,,,,2025-12-05T13:23:08Z,2010,2010-01-01,2010-12-31
9374514,GHED_OOP_pc_US_SHA2011,COUNTRY,ERI,AFR,Africa,YEAR,2019,,,,,,,,,13.20,13.20276233,,,,2025-12-05T13:23:08Z,2019,2019-01-01,2019-12-31
9383052,GHED_OOP_pc_US_SHA2011,COUNTRY,RWA,AFR,Africa,YEAR,2023,,,,,,,,,2.16,2.15890858,,,,2025-12-05T13:23:08Z,2023,2023-01-01,2023-12-31
9386784,GHED_OOP_pc_US_SHA2011,COUNTRY,SRB,EUR,Europe,YEAR,2016,,,,,,,,,196.78,196.77857203,,,,2025-12-05T13:23:08Z,2016,2016-01-01,2016-12-31
9388856,GHED_OOP_pc_US_SHA2011,COUNTRY,ALB,EUR,Europe,YEAR,2012,,,,,,,,,151.75,151.75040567,,,,2025-12-05T13:23:08Z,2012,2012-01-01,2012-12-31
9392917,GHED_OOP_pc_US_SHA2011,COUNTRY,KHM,WPR,Western Pacific,YEAR,2018,,,,,,,,,55.84,55.84181964,,,,2025-12-05T13:23:08Z,2018,2018-01-01,2018-12-31
9398936,GHED_OOP_pc_US_SHA2011,COUNTRY,GNQ,AFR,Africa,YEAR,2021,,,,,,,,,158.22,158.21901761,,,,2025-12-05T13:23:08Z,2021,2021-01-01,2021-12-31
9400234,GHED_OOP_pc_US_SHA2011,COUNTRY,NGA,AFR,Africa,YEAR,2009,,,,,,,,,48.94,48.94352778,,,,2025-12-05T13:23:08Z,2009,2009-01-01,2009-12-31
9400512,GHED_OOP_pc_US_SHA2011,COUNTRY,LBR,AFR,Africa,YEAR,2023,,,,,,,,,65.73,65.73126371,,,,2025-12-05T13:23:08Z,2023,2023-01-01,2023-12-31
9408189,GHED_OOP_pc_US_SHA2011,COUNTRY,CIV,AFR,Africa,YEAR,2020,,,,,,,,,25.27,25.26659012,,,,2025-12-05T13:23:08Z,2020,2020-01-01,2020-12-31
9409523,GHED_OOP_pc_US_SHA2011,COUNTRY,SWZ,AFR,Africa,YEAR,2023,,,,,,,,,32.62,32.61945561,,,,2025-12-05T13:23:08Z,2023,2023-01-01,2023-12-31
9409630,GHED_OOP_pc_US_SHA2011,COUNTRY,MWI,AFR,Africa,YEAR,2021,,,,,,,,,5.35,5.35429482,,,,2025-12-05T13:23:08Z,2021,2021-01-01,2021-12-31
9414869,GHED_OOP_pc_US_SHA2011,GLOBAL,GLOBAL,,,YEAR,2018,,,,,,,,,233.40,233.40035269,,,,2025-12-05T13:23:08Z,2018,2018-01-01,2018-12-31
9417704,GHED_OOP_pc_US_SHA2011,COUNTRY,OMN,EMR,Eastern Mediterranean,YEAR,2014,,,,,,,,,41.30,41.3031731,,,,2025-12-05T13:23:08Z,2014,2014-01-01,2014-12-31
9418814,GHED_OOP_pc_US_SHA2011,COUNTRY,LSO,AFR,Africa,YEAR,2014,,,,,,,,,17.20,17.20073485,,,,2025-12-05T13:23:08Z,2014,2014-01-01,2014-12-31
9418886,GHED_OOP_pc_US_SHA2011,COUNTRY,CHN,WPR,Western Pacific,YEAR,2008,,,,,,,,,63.40,63.39766349,,,,2025-12-05T13:23:08Z,2008,2008-01-01,2008-12-31
9420360,GHED_OOP_pc_US_SHA2011,COUNTRY,SVK,EUR,Europe,YEAR,2002,,,,,,,,,28.00,27.99696797,,,,2025-12-05T13:23:08Z,2002,2002-01-01,2002-12-31
9421353,GHED_OOP_pc_US_SHA2011,COUNTRY,CHN,WPR,Western Pacific,YEAR,2023,,,,,,,,,245.61,245.60566007,,,,2025-12-05T13:23:08Z,2023,2023-01-01,2023-12-31
9422012,GHED_OOP_pc_US_SHA2011,COUNTRY,LSO,AFR,Africa,YEAR,2015,,,,,,,,,16.33,16.32704453,,,,2025-12-05T13:23:08Z,2015,2015-01-01,2015-12-31
9425113,GHED_OOP_pc_US_SHA2011,COUNTRY,VNM,WPR,Western Pacific,YEAR,2016,,,,,,,,,55.09,55.08518297,,,,2025-12-05T13:23:08Z,2016,2016-01-01,2016-12-31
9425656,GHED_OOP_pc_US_SHA2011,COUNTRY,SUR,AMR,Americas,YEAR,2009,,,,,,,,,83.49,83.48905127,,,,2025-12-05T13:23:08Z,2009,2009-01-01,2009-12-31
9426869,GHED_OOP_pc_US_SHA2011,COUNTRY,LVA,EUR,Europe,YEAR,2023,,,,,,,,,576.84,576.84307389,,,,2025-12-05T13:23:08Z,2023,2023-01-01,2023-12-31
9427886,GHED_OOP_pc_US_SHA2011,COUNTRY,SWE,EUR,Europe,YEAR,2005,,,,,,,,,597.95,597.95443814,,,,2025-12-05T13:23:08Z,2005,2005-01-01,2005-12-31
9431302,GHED_OOP_pc_US_SHA2011,COUNTRY,TTO,AMR,Americas,YEAR,2010,,,,,,,,,384.26,384.26120983,,,,2025-12-05T13:23:08Z,2010,2010-01-01,2010-12-31
9431978,GHED_OOP_pc_US_SHA2011,COUNTRY,VCT,AMR,Americas,YEAR,2019,,,,,,,,,104.51,104.51020779,,,,2025-12-05T13:23:08Z,2019,2019-01-01,2019-12-31
9432114,GHED_OOP_pc_US_SHA2011,COUNTRY,NLD,EUR,Europe,YEAR,2017,,,,,,,,,545.21,545.21457948,,,,2025-12-05T13:23:08Z,2017,2017-01-01,2017-12-31
9432172,GHED_OOP_pc_US_SHA2011,COUNTRY,DEU,EUR,Europe,YEAR,2009,,,,,,,,,617.43,617.42837702,,,,2025-12-05T13:23:08Z,2009,2009-01-01,2009-12-31
9447401,GHED_OOP_pc_US_SHA2011,COUNTRY,PNG,WPR,Western Pacific,YEAR,2022,,,,,,,,,7.51,7.50613575,,,,2025-12-05T13:23:08Z,2022,2022-01-01,2022-12-31
9447657,GHED_OOP_pc_US_SHA2011,COUNTRY,FJI,WPR,Western Pacific,YEAR,2009,,,,,,,,,29.77,29.76706172,,,,2025-12-05T13:23:08Z,2009,2009-01-01,2009-12-31
9447717,GHED_OOP_pc_US_SHA2011,COUNTRY,PHL,WPR,Western Pacific,YEAR,2015,,,,,,,,,58.05,58.05407426,,,,2025-12-05T13:23:08Z,2015,2015-01-01,2015-12-31
9450948,GHED_OOP_pc_US_SHA2011,COUNTRY,CAN,AMR,Americas,YEAR,2013,,,,,,,,,795.11,795.11230134,,,,2025-12-05T13:23:08Z,2013,2013-01-01,2013-12-31
9456142,GHED_OOP_pc_US_SHA2011,COUNTRY,DZA,AFR,Africa,YEAR,2006,,,,,,,,,34.01,34.00648037,,,,2025-12-05T13:23:08Z,2006,2006-01-01,2006-12-31
9456789,GHED_OOP_pc_US_SHA2011,COUNTRY,PLW,WPR,Western Pacific,YEAR,2007,,,,,,,,,161.97,161.9722205,,,,2025-12-05T13:23:08Z,2007,2007-01-01,2007-12-31
9458712,GHED_OOP_pc_US_SHA2011,COUNTRY,SEN,AFR,Africa,YEAR,2009,,,,,,,,,22.93,22.93287736,,,,2025-12-05T13:23:08Z,2009,2009-01-01,2009-12-31
9459284,GHED_OOP_pc_US_SHA2011,COUNTRY,TKM,EUR,Europe,YEAR,2004,,,,,,,,,218.63,218.6340791,,,,2025-12-05T13:23:08Z,2004,2004-01-01,2004-12-31
9464240,GHED_OOP_pc_US_SHA2011,COUNTRY,MHL,WPR,Western Pacific,YEAR,2023,,,,,,,,,9.42,9.4156198,,,,2025-12-05T13:23:08Z,2023,2023-01-01,2023-12-31
9470074,GHED_OOP_pc_US_SHA2011,COUNTRY,THA,SEAR,South-East Asia,YEAR,2021,,,,,,,,,32.90,32.8974029,,,,2025-12-05T13:23:08Z,2021,2021-01-01,2021-12-31
9474903,GHED_OOP_pc_US_SHA2011,COUNTRY,SVN,EUR,Europe,YEAR,2019,,,,,,,,,258.77,258.77432426,,,,2025-12-05T13:23:08Z,2019,2019-01-01,2019-12-31
9475075,GHED_OOP_pc_US_SHA2011,COUNTRY,SUR,AMR,Americas,YEAR,2015,,,,,,,,,112.61,112.61322089,,,,2025-12-05T13:23:08Z,2015,2015-01-01,2015-12-31
9475140,GHED_OOP_pc_US_SHA2011,COUNTRY,HUN,EUR,Europe,YEAR,2017,,,,,,,,,270.02,270.01721861,,,,2025-12-05T13:23:08Z,2017,2017-01-01,2017-12-31
9475201,GHED_OOP_pc_US_SHA2011,COUNTRY,ATG,AMR,Americas,YEAR,2016,,,,,,,,,225.08,225.07974969,,,,2025-12-05T13:23:08Z,2016,2016-01-01,2016-12-31
9475508,GHED_OOP_pc_US_SHA2011,COUNTRY,LBY,EMR,Eastern Mediterranean,YEAR,2022,,,,,,,,,90.46,90.46090282,,,,2025-12-05T13:23:08Z,2022,2022-01-01,2022-12-31
9476059,GHED_OOP_pc_US_SHA2011,COUNTRY,MAR,EMR,Eastern Mediterranean,YEAR,2014,,,,,,,,,92.73,92.72920163,,,,2025-12-05T13:23:08Z,2014,2014-01-01,2014-12-31
9482091,GHED_OOP_pc_US_SHA2011,COUNTRY,PAN,AMR,Americas,YEAR,2018,,,,,,,,,438.20,438.20192344,,,,2025-12-05T13:23:08Z,2018,2018-01-01,2018-12-31
9490536,GHED_OOP_pc_US_SHA2011,COUNTRY,USA,AMR,Americas,YEAR,2009,,,,,,,,,963.10,963.096231,,,,2025-12-05T13:23:08Z,2009,2009-01-01,2009-12-31
9491560,GHED_OOP_pc_US_SHA2011,COUNTRY,PHL,WPR,Western Pacific,YEAR,2003,,,,,,,,,15.08,15.07534073,,,,2025-12-05T13:23:08Z,2003,2003-01-01,2003-12-31
9491829,GHED_OOP_pc_US_SHA2011,COUNTRY,MYS,WPR,Western Pacific,YEAR,2015,,,,,,,,,124.30,124.30424758,,,,2025-12-05T13:23:08Z,2015,2015-01-01,2015-12-31
9495328,GHED_OOP_pc_US_SHA2011,COUNTRY,UGA,AFR,Africa,YEAR,2013,,,,,,,,,22.49,22.49460613,,,,2025-12-05T13:23:08Z,2013,2013-01-01,2013-12-31
9496705,GHED_OOP_pc_US_SHA2011,COUNTRY,HRV,EUR,Europe,YEAR,2011,,,,,,,,,136.78,136.77998934,,,,2025-12-05T13:23:08Z,2011,2011-01-01,2011-12-31
9502020,GHED_OOP_pc_US_SHA2011,COUNTRY,DJI,EMR,Eastern Mediterranean,YEAR,2006,,,,,,,,,16.59,16.5947746,,,,2025-12-05T13:23:08Z,2006,2006-01-01,2006-12-31
9508297,GHED_OOP_pc_US_SHA2011,COUNTRY,IRL,EUR,Europe,YEAR,2006,,,,,,,,,577.68,577.6774005,,,,2025-12-05T13:23:08Z,2006,2006-01-01,2006-12-31
9509516,GHED_OOP_pc_US_SHA2011,COUNTRY,ATG,AMR,Americas,YEAR,2002,,,,,,,,,127.14,127.13619737,,,,2025-12-05T13:23:08Z,2002,2002-01-01,2002-12-31
9509622,GHED_OOP_pc_US_SHA2011,COUNTRY,IND,SEAR,South-East Asia,YEAR,2006,,,,,,,,,21.23,21.22624493,,,,2025-12-05T13:23:08Z,2006,2006-01-01,2006-12-31
9510416,GHED_OOP_pc_US_SHA2011,COUNTRY,MLT,EUR,Europe,YEAR,2018,,,,,,,,,946.53,946.52956406,,,,2025-12-05T13:23:08Z,2018,2018-01-01,2018-12-31
9516775,GHED_OOP_pc_US_SHA2011,COUNTRY,SYC,AFR,Africa,YEAR,2012,,,,,,,,,106.21,106.2116718,,,,2025-12-05T13:23:08Z,2012,2012-01-01,2012-12-31
9520530,GHED_OOP_pc_US_SHA2011,COUNTRY,ESP,EUR,Europe,YEAR,2020,,,,,,,,,637.40,637.3953016,,,,2025-12-05T13:23:08Z,2020,2020-01-01,2020-12-31
9526376,GHED_OOP_pc_US_SHA2011,COUNTRY,ISR,EUR,Europe,YEAR,2013,,,,,,,,,605.62,605.6223722,,,,2025-12-05T13:23:08Z,2013,2013-01-01,2013-12-31
9526631,GHED_OOP_pc_US_SHA2011,COUNTRY,MDG,AFR,Africa,YEAR,2020,,,,,,,,,5.19,5.1923801,,,,2025-12-05T13:23:08Z,2020,2020-01-01,2020-12-31
9529222,GHED_OOP_pc_US_SHA2011,COUNTRY,KAZ,EUR,Europe,YEAR,2003,,,,,,,,,32.48,32.47716421,,,,2025-12-05T13:23:08Z,2003,2003-01-01,2003-12-31
9529237,GHED_OOP_pc_US_SHA2011,COUNTRY,BEN,AFR,Africa,YEAR,2001,,,,,,,,,7.98,7.98121434,,,,2025-12-05T13:23:08Z,2001,2001-01-01,2001-12-31
9531685,GHED_OOP_pc_US_SHA2011,COUNTRY,MCO,EUR,Europe,YEAR,2012,,,,,,,,,437.06,437.06440751,,,,2025-12-05T13:23:08Z,2012,2012-01-01,2012-12-31
9531868,GHED_OOP_pc_US_SHA2011,COUNTRY,SYC,AFR,Africa,YEAR,2010,,,,,,,,,99.59,99.58605666,,,,2025-12-05T13:23:08Z,2010,2010-01-01,2010-12-31
9534330,GHED_OOP_pc_US_SHA2011,COUNTRY,ECU,AMR,Americas,YEAR,2017,,,,,,,,,140.54,140.54464459,,,,2025-12-05T13:23:08Z,2017,2017-01-01,2017-12-31
9535504,GHED_OOP_pc_US_SHA2011,COUNTRY,SWE,EUR,Europe,YEAR,2015,,,,,,,,,845.68,845.68482438,,,,2025-12-05T13:23:08Z,2015,2015-01-01,2015-12-31
9535815,GHED_OOP_pc_US_SHA2011,COUNTRY,NPL,SEAR,South-East Asia,YEAR,2021,,,,,,,,,36.76,36.75659088,,,,2025-12-05T13:23:08Z,2021,2021-01-01,2021-12-31
9537825,GHED_OOP_pc_US_SHA2011,COUNTRY,SVN,EUR,Europe,YEAR,2022,,,,,,,,,340.37,340.36591783,,,,2025-12-05T13:23:08Z,2022,2022-01-01,2022-12-31
9540903,GHED_OOP_pc_US_SHA2011,COUNTRY,UGA,AFR,Africa,YEAR,2021,,,,,,,,,13.96,13.96098938,,,,2025-12-05T13:23:08Z,2021,2021-01-01,2021-12-31
9548666,GHED_OOP_pc_US_SHA2011,COUNTRY,PAK,EMR,Eastern Mediterranean,YEAR,2009,,,,,,,,,15.71,15.71084941,,,,2025-12-05T13:23:08Z,2009,2009-01-01,2009-12-31
9557152,GHED_OOP_pc_US_SHA2011,COUNTRY,GHA,AFR,Africa,YEAR,2004,,,,,,,,,7.65,7.64868723,,,,2025-12-05T13:23:08Z,2004,2004-01-01,2004-12-31
9559227,GHED_OOP_pc_US_SHA2011,COUNTRY,NLD,EUR,Europe,YEAR,2002,,,,,,,,,249.70,249.70219417,,,,2025-12-05T13:23:08Z,2002,2002-01-01,2002-12-31
9559338,GHED_OOP_pc_US_SHA2011,COUNTRY,TLS,SEAR,South-East Asia,YEAR,2019,,,,,,,,,8.18,8.18173335,,,,2025-12-05T13:23:08Z,2019,2019-01-01,2019-12-31
9560920,GHED_OOP_pc_US_SHA2011,COUNTRY,CAF,AFR,Africa,YEAR,2012,,,,,,,,,12.39,12.3888016,,,,2025-12-05T13:23:08Z,2012,2012-01-01,2012-12-31
9563694,GHED_OOP_pc_US_SHA2011,COUNTRY,LIE,EUR,Europe,YEAR,2018,,,,,,,,,2254.45,2254.44984905,,,,2025-12-05T13:23:08Z,2018,2018-01-01,2018-12-31
9573182,GHED_OOP_pc_US_SHA2011,COUNTRY,MNG,WPR,Western Pacific,YEAR,2008,,,,,,,,,20.84,20.83939522,,,,2025-12-05T13:23:08Z,2008,2008-01-01,2008-12-31
9577279,GHED_OOP_pc_US_SHA2011,COUNTRY,DZA,AFR,Africa,YEAR,2001,,,,,,,,,14.53,14.53060822,,,,2025-12-05T13:23:08Z,2001,2001-01-01,2001-12-31
9579627,GHED_OOP_pc_US_SHA2011,COUNTRY,MCO,EUR,Europe,YEAR,2015,,,,,,,,,445.61,445.61313116,,,,2025-12-05T13:23:08Z,2015,2015-01-01,2015-12-31
9582384,GHED_OOP_pc_US_SHA2011,COUNTRY,COM,AFR,Africa,YEAR,2002,,,,,,,,,38.95,38.95129574,,,,2025-12-05T13:23:08Z,2002,2002-01-01,2002-12-31
9583035,GHED_OOP_pc_US_SHA2011,COUNTRY,IND,SEAR,South-East Asia,YEAR,2012,,,,,,,,,30.53,30.52522797,,,,2025-12-05T13:23:08Z,2012,2012-01-01,2012-12-31
9583106,GHED_OOP_pc_US_SHA2011,COUNTRY,SLE,AFR,Africa,YEAR,2012,,,,,,,,,35.19,35.19258061,,,,2025-12-05T13:23:08Z,2012,2012-01-01,2012-12-31
9588885,GHED_OOP_pc_US_SHA2011,COUNTRY,VUT,WPR,Western Pacific,YEAR,2014,,,,,,,,,9.58,9.57965048,,,,2025-12-05T13:23:08Z,2014,2014-01-01,2014-12-31
9590466,GHED_OOP_pc_US_SHA2011,REGION,WPR,,,YEAR,2012,,,,,,,,,165.21,165.20684498,,,,2025-12-05T13:23:08Z,2012,2012-01-01,2012-12-31
9591224,GHED_OOP_pc_US_SHA2011,COUNTRY,CIV,AFR,Africa,YEAR,2018,,,,,,,,,25.88,25.8809812,,,,2025-12-05T13:23:08Z,2018,2018-01-01,2018-12-31
9591616,GHED_OOP_pc_US_SHA2011,COUNTRY,MNG,WPR,Western Pacific,YEAR,2013,,,,,,,,,66.93,66.93335892,,,,2025-12-05T13:23:08Z,2013,2013-01-01,2013-12-31
9592031,GHED_OOP_pc_US_SHA2011,COUNTRY,DOM,AMR,Americas,YEAR,2017,,,,,,,,,95.34,95.34227641,,,,2025-12-05T13:23:08Z,2017,2017-01-01,2017-12-31
9594520,GHED_OOP_pc_US_SHA2011,COUNTRY,CUB,AMR,Americas,YEAR,2011,,,,,,,,,75.26,75.26204499,,,,2025-12-05T13:23:08Z,2011,2011-01-01,2011-12-31
9594903,GHED_OOP_pc_US_SHA2011,COUNTRY,PLW,WPR,Western Pacific,YEAR,2008,,,,,,,,,170.91,170.91068206,,,,2025-12-05T13:23:08Z,2008,2008-01-01,2008-12-31
9595598,GHED_OOP_pc_US_SHA2011,COUNTRY,SMR,EUR,Europe,YEAR,2006,,,,,,,,,684.00,683.999232,,,,2025-12-05T13:23:08Z,2006,2006-01-01,2006-12-31
9598828,GHED_OOP_pc_US_SHA2011,COUNTRY,GEO,EUR,Europe,YEAR,2019,,,,,,,,,193.72,193.71854198,,,,2025-12-05T13:23:08Z,2019,2019-01-01,2019-12-31
9600739,GHED_OOP_pc_US_SHA2011,COUNTRY,GUY,AMR,Americas,YEAR,2011,,,,,,,,,64.79,64.79343238,,,,2025-12-05T13:23:08Z,2011,2011-01-01,2011-12-31
9602799,GHED_OOP_pc_US_SHA2011,COUNTRY,ATG,AMR,Americas,YEAR,2012,,,,,,,,,202.66,202.65872106,,,,2025-12-05T13:23:08Z,2012,2012-01-01,2012-12-31
9603093,GHED_OOP_pc_US_SHA2011,COUNTRY,CMR,AFR,Africa,YEAR,2006,,,,,,,,,33.10,33.10440076,,,,2025-12-05T13:23:08Z,2006,2006-01-01,2006-12-31
9603647,GHED_OOP_pc_US_SHA2011,COUNTRY,TUN,EMR,Eastern Mediterranean,YEAR,2009,,,,,,,,,98.38,98.37690146,,,,2025-12-05T13:23:08Z,2009,2009-01-01,2009-12-31
9605646,GHED_OOP_pc_US_SHA2011,COUNTRY,TKM,EUR,Europe,YEAR,2023,,,,,,,,,449.95,449.95077859,,,,2025-12-05T13:23:08Z,2023,2023-01-01,2023-12-31
9608051,GHED_OOP_pc_US_SHA2011,COUNTRY,ROU,EUR,Europe,YEAR,2021,,,,,,,,,201.68,201.67854299,,,,2025-12-05T13:23:08Z,2021,2021-01-01,2021-12-31
9608400,GHED_OOP_pc_US_SHA2011,COUNTRY,LBY,EMR,Eastern Mediterranean,YEAR,2008,,,,,,,,,100.71,100.70504449,,,,2025-12-05T13:23:08Z,2008,2008-01-01,2008-12-31
9608470,GHED_OOP_pc_US_SHA2011,COUNTRY,PLW,WPR,Western Pacific,YEAR,2003,,,,,,,,,114.96,114.95896536,,,,2025-12-05T13:23:08Z,2003,2003-01-01,2003-12-31
9608696,GHED_OOP_pc_US_SHA2011,COUNTRY,PLW,WPR,Western Pacific,YEAR,2012,,,,,,,,,206.07,206.06516,,,,2025-12-05T13:23:08Z,2012,2012-01-01,2012-12-31
9613530,GHED_OOP_pc_US_SHA2011,COUNTRY,PER,AMR,Americas,YEAR,2022,,,,,,,,,120.34,120.34373405,,,,2025-12-05T13:23:08Z,2022,2022-01-01,2022-12-31
9613925,GHED_OOP_pc_US_SHA2011,REGION,AFR,,,YEAR,2010,,,,,,,,,30.54,30.54204194,,,,2025-12-05T13:23:08Z,2010,2010-01-01,2010-12-31
9619852,GHED_OOP_pc_US_SHA2011,COUNTRY,SOM,EMR,Eastern Mediterranean,YEAR,2022,,,,,,,,,6.65,6.64704341,,,,2025-12-05T13:23:08Z,2022,2022-01-01,2022-12-31
9620964,GHED_OOP_pc_US_SHA2011,COUNTRY,SEN,AFR,Africa,YEAR,2007,,,,,,,,,17.98,17.97551353,,,,2025-12-05T13:23:08Z,2007,2007-01-01,2007-12-31
9622947,GHED_OOP_pc_US_SHA2011,COUNTRY,NER,AFR,Africa,YEAR,2022,,,,,,,,,10.69,10.69304883,,,,2025-12-05T13:23:08Z,2022,2022-01-01,2022-12-31
9623782,GHED_OOP_pc_US_SHA2011,COUNTRY,ARM,EUR,Europe,YEAR,2011,,,,,,,,,255.09,255.09199244,,,,2025-12-05T13:23:08Z,2011,2011-01-01,2011-12-31
9624673,GHED_OOP_pc_US_SHA2011,COUNTRY,ERI,AFR,Africa,YEAR,2020,,,,,,,,,13.43,13.43426766,,,,2025-12-05T13:23:08Z,2020,2020-01-01,2020-12-31
9627400,GHED_OOP_pc_US_SHA2011,COUNTRY,IRN,EMR,Eastern Mediterranean,YEAR,2014,,,,,,,,,158.44,158.44341676,,,,2025-12-05T13:23:08Z,2014,2014-01-01,2014-12-31
9628140,GHED_OOP_pc_US_SHA2011,COUNTRY,LCA,AMR,Americas,YEAR,2021,,,,,,,,,218.99,218.99429308,,,,2025-12-05T13:23:08Z,2021,2021-01-01,2021-12-31
9629123,GHED_OOP_pc_US_SHA2011,WORLDBANKINCOMEGROUP,WB_HI,,,YEAR,2003,,,,,,,,,297.29,297.28947302,,,,2025-12-05T13:23:08Z,2003,2003-01-01,2003-12-31
9629373,GHED_OOP_pc_US_SHA2011,COUNTRY,SAU,EMR,Eastern Mediterranean,YEAR,2010,,,,,,,,,145.10,145.10400104000001,,,,2025-12-05T13:23:08Z,2010,2010-01-01,2010-12-31
9633308,GHED_OOP_pc_US_SHA2011,COUNTRY,SRB,EUR,Europe,YEAR,2014,,,,,,,,,243.21,243.20705829,,,,2025-12-05T13:23:08Z,2014,2014-01-01,2014-12-31
9634562,GHED_OOP_pc_US_SHA2011,COUNTRY,ARE,EMR,Eastern Mediterranean,YEAR,2023,,,,,,,,,232.13,232.13498249,,,,2025-12-05T13:23:08Z,2023,2023-01-01,2023-12-31
9637295,GHED_OOP_pc_US_SHA2011,COUNTRY,GTM,AMR,Americas,YEAR,2002,,,,,,,,,66.85,66.84659174,,,,2025-12-05T13:23:08Z,2002,2002-01-01,2002-12-31
9638672,GHED_OOP_pc_US_SHA2011,COUNTRY,EST,EUR,Europe,YEAR,2022,,,,,,,,,462.56,462.5554863,,,,2025-12-05T13:23:08Z,2022,2022-01-01,2022-12-31
9639273,GHED_OOP_pc_US_SHA2011,COUNTRY,ITA,EUR,Europe,YEAR,2006,,,,,,,,,601.53,601.53011767,,,,2025-12-05T13:23:08Z,2006,2006-01-01,2006-12-31
9639450,GHED_OOP_pc_US_SHA2011,COUNTRY,ERI,AFR,Africa,YEAR,2009,,,,,,,,,11.16,11.15809108,,,,2025-12-05T13:23:08Z,2009,2009-01-01,2009-12-31
9642477,GHED_OOP_pc_US_SHA2011,COUNTRY,BHS,AMR,Americas,YEAR,2009,,,,,,,,,382.77,382.77045431,,,,2025-12-05T13:23:08Z,2009,2009-01-01,2009-12-31
9642971,GHED_OOP_pc_US_SHA2011,COUNTRY,BDI,AFR,Africa,YEAR,2015,,,,,,,,,5.52,5.51651371,,,,2025-12-05T13:23:08Z,2015,2015-01-01,2015-12-31
9647181,GHED_OOP_pc_US_SHA2011,COUNTRY,KAZ,EUR,Europe,YEAR,2005,,,,,,,,,48.03,48.03247701,,,,2025-12-05T13:23:08Z,2005,2005-01-01,2005-12-31
9649772,GHED_OOP_pc_US_SHA2011,COUNTRY,TKM,EUR,Europe,YEAR,2010,,,,,,,,,143.97,143.97138379,,,,2025-12-05T13:23:08Z,2010,2010-01-01,2010-12-31
9652127,GHED_OOP_pc_US_SHA2011,COUNTRY,COD,AFR,Africa,YEAR,2023,,,,,,,,,8.90,8.90479714,,,,2025-12-05T13:23:08Z,2023,2023-01-01,2023-12-31
9654240,GHED_OOP_pc_US_SHA2011,COUNTRY,THA,SEAR,South-East Asia,YEAR,2007,,,,,,,,,18.53,18.53350644,,,,2025-12-05T13:23:08Z,2007,2007-01-01,2007-12-31
9655271,GHED_OOP_pc_US_SHA2011,COUNTRY,VUT,WPR,Western Pacific,YEAR,2007,,,,,,,,,6.84,6.83814673,,,,2025-12-05T13:23:08Z,2007,2007-01-01,2007-12-31
9655286,GHED_OOP_pc_US_SHA2011,REGION,SEAR,,,YEAR,2017,,,,,,,,,50.29,50.28724484,,,,2025-12-05T13:23:08Z,2017,2017-01-01,2017-12-31
9658216,GHED_OOP_pc_US_SHA2011,COUNTRY,BEL,EUR,Europe,YEAR,2007,,,,,,,,,837.92,837.92006919,,,,2025-12-05T13:23:08Z,2007,2007-01-01,2007-12-31
9662404,GHED_OOP_pc_US_SHA2011,COUNTRY,ATG,AMR,Americas,YEAR,2019,,,,,,,,,196.10,196.09840022,,,,2025-12-05T13:23:08Z,2019,2019-01-01,2019-12-31
9665415,GHED_OOP_pc_US_SHA2011,COUNTRY,TUV,WPR,Western Pacific,YEAR,2019,,,,,,,,,4.07,4.07361417,,,,2025-12-05T13:23:08Z,2019,2019-01-01,2019-12-31
9668195,GHED_OOP_pc_US_SHA2011,COUNTRY,CYP,EUR,Europe,YEAR,2017,,,,,,,,,779.99,779.99307562,,,,2025-12-05T13:23:08Z,2017,2017-01-01,2017-12-31
9668510,GHED_OOP_pc_US_SHA2011,COUNTRY,EGY,EMR,Eastern Mediterranean,YEAR,2017,,,,,,,,,59.78,59.78377347,,,,2025-12-05T13:23:08Z,2017,2017-01-01,2017-12-31
9671612,GHED_OOP_pc_US_SHA2011,COUNTRY,FJI,WPR,Western Pacific,YEAR,2004,,,,,,,,,14.26,14.259739,,,,2025-12-05T13:23:08Z,2004,2004-01-01,2004-12-31
9673532,GHED_OOP_pc_US_SHA2011,COUNTRY,HND,AMR,Americas,YEAR,2008,,,,,,,,,76.64,76.63862577,,,,2025-12-05T13:23:08Z,2008,2008-01-01,2008-12-31
9673783,GHED_OOP_pc_US_SHA2011,COUNTRY,CHN,WPR,Western Pacific,YEAR,2001,,,,,,,,,28.48,28.47558952,,,,2025-12-05T13:23:08Z,2001,2001-01-01,2001-12-31
9677640,GHED_OOP_pc_US_SHA2011,COUNTRY,TUR,EUR,Europe,YEAR,2014,,,,,,,,,92.24,92.24442336,,,,2025-12-05T13:23:08Z,2014,2014-01-01,2014-12-31
9678465,GHED_OOP_pc_US_SHA2011,COUNTRY,BIH,EUR,Europe,YEAR,2023,,,,,,,,,239.29,239.28990378,,,,2025-12-05T13:23:08Z,2023,2023-01-01,2023-12-31
9683109,GHED_OOP_pc_US_SHA2011,COUNTRY,AZE,EUR,Europe,YEAR,2015,,,,,,,,,163.32,163.32335539,,,,2025-12-05T13:23:08Z,2015,2015-01-01,2015-12-31
9687923,GHED_OOP_pc_US_SHA2011,COUNTRY,SRB,EUR,Europe,YEAR,2008,,,,,,,,,236.15,236.14883589,,,,2025-12-05T13:23:08Z,2008,2008-01-01,2008-12-31
9690349,GHED_OOP_pc_US_SHA2011,COUNTRY,GTM,AMR,Americas,YEAR,2021,,,,,,,,,211.29,211.28828881,,,,2025-12-05T13:23:08Z,2021,2021-01-01,2021-12-31
9690724,GHED_OOP_pc_US_SHA2011,COUNTRY,TUN,EMR,Eastern Mediterranean,YEAR,2005,,,,,,,,,71.53,71.53163162,,,,2025-12-05T13:23:08Z,2005,2005-01-01,2005-12-31
9693262,GHED_OOP_pc_US_SHA2011,COUNTRY,TUV,WPR,Western Pacific,YEAR,2016,,,,,,,,,4.96,4.96307915,,,,2025-12-05T13:23:08Z,2016,2016-01-01,2016-12-31
9694502,GHED_OOP_pc_US_SHA2011,COUNTRY,EST,EUR,Europe,YEAR,2016,,,,,,,,,291.05,291.04974325,,,,2025-12-05T13:23:08Z,2016,2016-01-01,2016-12-31
9695939,GHED_OOP_pc_US_SHA2011,COUNTRY,MWI,AFR,Africa,YEAR,2019,,,,,,,,,4.38,4.37599918,,,,2025-12-05T13:23:08Z,2019,2019-01-01,2019-12-31
9696782,GHED_OOP_pc_US_SHA2011,COUNTRY,LBR,AFR,Africa,YEAR,2010,,,,,,,,,17.45,17.45440059,,,,2025-12-05T13:23:08Z,2010,2010-01-01,2010-12-31
9697410,GHED_OOP_pc_US_SHA2011,COUNTRY,KOR,WPR,Western Pacific,YEAR,2012,,,,,,,,,620.27,620.2746047,,,,2025-12-05T13:23:08Z,2012,2012-01-01,2012-12-31
9697965,GHED_OOP_pc_US_SHA2011,COUNTRY,GNB,AFR,Africa,YEAR,2009,,,,,,,,,14.25,14.25479915,,,,2025-12-05T13:23:08Z,2009,2009-01-01,2009-12-31
9712417,GHED_OOP_pc_US_SHA2011,COUNTRY,CMR,AFR,Africa,YEAR,2008,,,,,,,,,40.53,40.52999714,,,,2025-12-05T13:23:08Z,2008,2008-01-01,2008-12-31
9713704,GHED_OOP_pc_US_SHA2011,COUNTRY,GTM,AMR,Americas,YEAR,2010,,,,,,,,,103.35,103.34562223,,,,2025-12-05T13:23:08Z,2010,2010-01-01,2010-12-31
9716847,GHED_OOP_pc_US_SHA2011,COUNTRY,GTM,AMR,Americas,YEAR,2000,,,,,,,,,49.33,49.32702071,,,,2025-12-05T13:23:08Z,2000,2000-01-01,2000-12-31
9723319,GHED_OOP_pc_US_SHA2011,COUNTRY,BHR,EMR,Eastern Mediterranean,YEAR,2012,,,,,,,,,278.27,278.26831836,,,,2025-12-05T13:23:08Z,2012,2012-01-01,2012-12-31
9723371,GHED_OOP_pc_US_SHA2011,COUNTRY,BGR,EUR,Europe,YEAR,2004,,,,,,,,,91.39,91.38802304,,,,2025-12-05T13:23:08Z,2004,2004-01-01,2004-12-31
9724924,GHED_OOP_pc_US_SHA2011,COUNTRY,NIC,AMR,Americas,YEAR,2013,,,,,,,,,51.73,51.72896617,,,,2025-12-05T13:23:08Z,2013,2013-01-01,2013-12-31
9730765,GHED_OOP_pc_US_SHA2011,COUNTRY,PAN,AMR,Americas,YEAR,2006,,,,,,,,,123.58,123.57680818,,,,2025-12-05T13:23:08Z,2006,2006-01-01,2006-12-31
9734091,GHED_OOP_pc_US_SHA2011,COUNTRY,ISR,EUR,Europe,YEAR,2014,,,,,,,,,645.25,645.25458786,,,,2025-12-05T13:23:08Z,2014,2014-01-01,2014-12-31
9734975,GHED_OOP_pc_US_SHA2011,COUNTRY,CUB,AMR,Americas,YEAR,2007,,,,,,,,,55.71,55.70876401,,,,2025-12-05T13:23:08Z,2007,2007-01-01,2007-12-31
9735794,GHED_OOP_pc_US_SHA2011,COUNTRY,CHN,WPR,Western Pacific,YEAR,2016,,,,,,,,,142.97,142.96940878,,,,2025-12-05T13:23:08Z,2016,2016-01-01,2016-12-31
9737395,GHED_OOP_pc_US_SHA2011,COUNTRY,TJK,EUR,Europe,YEAR,2009,,,,,,,,,27.10,27.10299955,,,,2025-12-05T13:23:08Z,2009,2009-01-01,2009-12-31
9741130,GHED_OOP_pc_US_SHA2011,COUNTRY,HND,AMR,Americas,YEAR,2020,,,,,,,,,106.46,106.4608768,,,,2025-12-05T13:23:08Z,2020,2020-01-01,2020-12-31
9741559,GHED_OOP_pc_US_SHA2011,COUNTRY,MOZ,AFR,Africa,YEAR,2018,,,,,,,,,3.85,3.85099172,,,,2025-12-05T13:23:08Z,2018,2018-01-01,2018-12-31
9748936,GHED_OOP_pc_US_SHA2011,COUNTRY,COK,WPR,Western Pacific,YEAR,2006,,,,,,,,,41.32,41.32228393,,,,2025-12-05T13:23:08Z,2006,2006-01-01,2006-12-31
9751215,GHED_OOP_pc_US_SHA2011,COUNTRY,MYS,WPR,Western Pacific,YEAR,2008,,,,,,,,,93.70,93.70075759,,,,2025-12-05T13:23:08Z,2008,2008-01-01,2008-12-31
9753107,GHED_OOP_pc_US_SHA2011,COUNTRY,KIR,WPR,Western Pacific,YEAR,2011,,,,,,,,,0.93,0.93223857,,,,2025-12-05T13:23:08Z,2011,2011-01-01,2011-12-31
9757188,GHED_OOP_pc_US_SHA2011,COUNTRY,UGA,AFR,Africa,YEAR,2015,,,,,,,,,15.83,15.82719408,,,,2025-12-05T13:23:08Z,2015,2015-01-01,2015-12-31
9760243,GHED_OOP_pc_US_SHA2011,COUNTRY,SYC,AFR,Africa,YEAR,2013,,,,,,,,,103.97,103.9718006,,,,2025-12-05T13:23:08Z,2013,2013-01-01,2013-12-31
9761348,GHED_OOP_pc_US_SHA2011,COUNTRY,EST,EUR,Europe,YEAR,2014,,,,,,,,,302.91,302.90933581,,,,2025-12-05T13:23:08Z,2014,2014-01-01,2014-12-31
9762016,GHED_OOP_pc_US_SHA2011,COUNTRY,NIC,AMR,Americas,YEAR,2014,,,,,,,,,55.19,55.19350998,,,,2025-12-05T13:23:08Z,2014,2014-01-01,2014-12-31
9765420,GHED_OOP_pc_US_SHA2011,COUNTRY,NPL,SEAR,South-East Asia,YEAR,2004,,,,,,,,,6.67,6.66950372,,,,2025-12-05T13:23:08Z,2004,2004-01-01,2004-12-31
9769045,GHED_OOP_pc_US_SHA2011,COUNTRY,DEU,EUR,Europe,YEAR,2004,,,,,,,,,465.18,465.17638396,,,,2025-12-05T13:23:08Z,2004,2004-01-01,2004-12-31
9770389,GHED_OOP_pc_US_SHA2011,COUNTRY,ETH,AFR,Africa,YEAR,2012,,,,,,,,,8.43,8.43440936,,,,2025-12-05T13:23:08Z,2012,2012-01-01,2012-12-31
9773655,GHED_OOP_pc_US_SHA2011,COUNTRY,CZE,EUR,Europe,YEAR,2014,,,,,,,,,218.70,218.70063005,,,,2025-12-05T13:23:08Z,2014,2014-01-01,2014-12-31
9778983,GHED_OOP_pc_US_SHA2011,COUNTRY,COD,AFR,Africa,YEAR,2005,,,,,,,,,5.93,5.93104434,,,,2025-12-05T13:23:08Z,2005,2005-01-01,2005-12-31
9779022,GHED_OOP_pc_US_SHA2011,COUNTRY,MOZ,AFR,Africa,YEAR,2003,,,,,,,,,2.34,2.34142341,,,,2025-12-05T13:23:08Z,2003,2003-01-01,2003-12-31
9779064,GHED_OOP_pc_US_SHA2011,REGION,WPR,,,YEAR,2010,,,,,,,,,140.16,140.15948786,,,,2025-12-05T13:23:08Z,2010,2010-01-01,2010-12-31
9783072,GHED_OOP_pc_US_SHA2011,COUNTRY,LVA,EUR,Europe,YEAR,2011,,,,,,,,,262.23,262.23015659,,,,2025-12-05T13:23:08Z,2011,2011-01-01,2011-12-31
9787879,GHED_OOP_pc_US_SHA2011,COUNTRY,BWA,AFR,Africa,YEAR,2016,,,,,,,,,12.88,12.87643028,,,,2025-12-05T13:23:08Z,2016,2016-01-01,2016-12-31
9791049,GHED_OOP_pc_US_SHA2011,COUNTRY,CYP,EUR,Europe,YEAR,2010,,,,,,,,,881.64,881.6430818,,,,2025-12-05T13:23:08Z,2010,2010-01-01,2010-12-31
9791573,GHED_OOP_pc_US_SHA2011,COUNTRY,DMA,AMR,Americas,YEAR,2019,,,,,,,,,157.66,157.66325304,,,,2025-12-05T13:23:08Z,2019,2019-01-01,2019-12-31
9791798,GHED_OOP_pc_US_SHA2011,COUNTRY,KNA,AMR,Americas,YEAR,2015,,,,,,,,,594.77,594.77127035,,,,2025-12-05T13:23:08Z,2015,2015-01-01,2015-12-31
9801797,GHED_OOP_pc_US_SHA2011,COUNTRY,COL,AMR,Americas,YEAR,2019,,,,,,,,,74.79,74.79242395,,,,2025-12-05T13:23:08Z,2019,2019-01-01,2019-12-31
9807317,GHED_OOP_pc_US_SHA2011,COUNTRY,JAM,AMR,Americas,YEAR,2007,,,,,,,,,119.24,119.24032551,,,,2025-12-05T13:23:08Z,2007,2007-01-01,2007-12-31
9807323,GHED_OOP_pc_US_SHA2011,COUNTRY,KEN,AFR,Africa,YEAR,2006,,,,,,,,,15.80,15.79602389,,,,2025-12-05T13:23:08Z,2006,2006-01-01,2006-12-31
9808382,GHED_OOP_pc_US_SHA2011,COUNTRY,DOM,AMR,Americas,YEAR,2009,,,,,,,,,92.32,92.32090752,,,,2025-12-05T13:23:08Z,2009,2009-01-01,2009-12-31
9814297,GHED_OOP_pc_US_SHA2011,COUNTRY,CRI,AMR,Americas,YEAR,2015,,,,,,,,,200.99,200.99220276,,,,2025-12-05T13:23:08Z,2015,2015-01-01,2015-12-31
9817576,GHED_OOP_pc_US_SHA2011,COUNTRY,ERI,AFR,Africa,YEAR,2001,,,,,,,,,8.34,8.33704899,,,,2025-12-05T13:23:08Z,2001,2001-01-01,2001-12-31
9817666,GHED_OOP_pc_US_SHA2011,COUNTRY,KNA,AMR,Americas,YEAR,2003,,,,,,,,,244.55,244.55153475,,,,2025-12-05T13:23:08Z,2003,2003-01-01,2003-12-31
9818323,GHED_OOP_pc_US_SHA2011,REGION,AFR,,,YEAR,2007,,,,,,,,,27.35,27.35109689,,,,2025-12-05T13:23:08Z,2007,2007-01-01,2007-12-31
9823676,GHED_OOP_pc_US_SHA2011,COUNTRY,PLW,WPR,Western Pacific,YEAR,2018,,,,,,,,,299.39,299.39119201,,,,2025-12-05T13:23:08Z,2018,2018-01-01,2018-12-31
9827205,GHED_OOP_pc_US_SHA2011,COUNTRY,PNG,WPR,Western Pacific,YEAR,2018,,,,,,,,,5.67,5.66757452,,,,2025-12-05T13:23:08Z,2018,2018-01-01,2018-12-31
9828735,GHED_OOP_pc_US_SHA2011,COUNTRY,BRB,AMR,Americas,YEAR,2017,,,,,,,,,538.46,538.4630236,,,,2025-12-05T13:23:08Z,2017,2017-01-01,2017-12-31
9829887,GHED_OOP_pc_US_SHA2011,COUNTRY,DOM,AMR,Americas,YEAR,2014,,,,,,,,,97.02,97.02471838,,,,2025-12-05T13:23:08Z,2014,2014-01-01,2014-12-31
9835763,GHED_OOP_pc_US_SHA2011,COUNTRY,PAK,EMR,Eastern Mediterranean,YEAR,2013,,,,,,,,,17.70,17.70018532,,,,2025-12-05T13:23:08Z,2013,2013-01-01,2013-12-31
9838081,GHED_OOP_pc_US_SHA2011,COUNTRY,SYC,AFR,Africa,YEAR,2002,,,,,,,,,42.54,42.54229559,,,,2025-12-05T13:23:08Z,2002,2002-01-01,2002-12-31
9838476,GHED_OOP_pc_US_SHA2011,COUNTRY,BLZ,AMR,Americas,YEAR,2003,,,,,,,,,60.14,60.13944181,,,,2025-12-05T13:23:08Z,2003,2003-01-01,2003-12-31
9842080,GHED_OOP_pc_US_SHA2011,COUNTRY,SAU,EMR,Eastern Mediterranean,YEAR,2023,,,,,,,,,257.65,257.65366257,,,,2025-12-05T13:23:08Z,2023,2023-01-01,2023-12-31
9844090,GHED_OOP_pc_US_SHA2011,COUNTRY,COK,WPR,Western Pacific,YEAR,2012,,,,,,,,,24.04,24.03638985,,,,2025-12-05T13:23:08Z,2012,2012-01-01,2012-12-31
9845149,GHED_OOP_pc_US_SHA2011,COUNTRY,ISR,EUR,Europe,YEAR,2007,,,,,,,,,471.92,471.9194069,,,,2025-12-05T13:23:08Z,2007,2007-01-01,2007-12-31
9849719,GHED_OOP_pc_US_SHA2011,COUNTRY,GUY,AMR,Americas,YEAR,2010,,,,,,,,,56.53,56.53452535,,,,2025-12-05T13:23:08Z,2010,2010-01-01,2010-12-31
9851390,GHED_OOP_pc_US_SHA2011,WORLDBANKINCOMEGROUP,WB_LMI,,,YEAR,2007,,,,,,,,,29.13,29.1269699,,,,2025-12-05T13:23:08Z,2007,2007-01-01,2007-12-31
9855399,GHED_OOP_pc_US_SHA2011,COUNTRY,BIH,EUR,Europe,YEAR,2000,,,,,,,,,44.75,44.75095952,,,,2025-12-05T13:23:08Z,2000,2000-01-01,2000-12-31
9856841,GHED_OOP_pc_US_SHA2011,COUNTRY,FSM,WPR,Western Pacific,YEAR,2003,,,,,,,,,10.22,10.22282584,,,,2025-12-05T13:23:08Z,2003,2003-01-01,2003-12-31
9862049,GHED_OOP_pc_US_SHA2011,COUNTRY,FRA,EUR,Europe,YEAR,2016,,,,,,,,,459.56,459.56023517,,,,2025-12-05T13:23:08Z,2016,2016-01-01,2016-12-31
9862421,GHED_OOP_pc_US_SHA2011,COUNTRY,GRD,AMR,Americas,YEAR,2019,,,,,,,,,280.78,280.78343925,,,,2025-12-05T13:23:08Z,2019,2019-01-01,2019-12-31
9862906,GHED_OOP_pc_US_SHA2011,COUNTRY,TCD,AFR,Africa,YEAR,2011,,,,,,,,,22.70,22.70293005,,,,2025-12-05T13:23:08Z,2011,2011-01-01,2011-12-31
9867169,GHED_OOP_pc_US_SHA2011,COUNTRY,RWA,AFR,Africa,YEAR,2005,,,,,,,,,5.95,5.95499909,,,,2025-12-05T13:23:08Z,2005,2005-01-01,2005-12-31
9869122,GHED_OOP_pc_US_SHA2011,COUNTRY,MCO,EUR,Europe,YEAR,2005,,,,,,,,,341.21,341.20673548,,,,2025-12-05T13:23:08Z,2005,2005-01-01,2005-12-31
9869304,GHED_OOP_pc_US_SHA2011,COUNTRY,THA,SEAR,South-East Asia,YEAR,2001,,,,,,,,,19.44,19.43940828,,,,2025-12-05T13:23:08Z,2001,2001-01-01,2001-12-31
9871753,GHED_OOP_pc_US_SHA2011,COUNTRY,PSE,EMR,Eastern Mediterranean,YEAR,2023,,,,,,,,,145.43,145.43329197,,,,2025-12-05T13:23:08Z,2023,2023-01-01,2023-12-31
9876425,GHED_OOP_pc_US_SHA2011,COUNTRY,PAK,EMR,Eastern Mediterranean,YEAR,2016,,,,,,,,,22.66,22.6576723,,,,2025-12-05T13:23:08Z,2016,2016-01-01,2016-12-31
9879799,GHED_OOP_pc_US_SHA2011,COUNTRY,JPN,WPR,Western Pacific,YEAR,2019,,,,,,,,,571.72,571.71618565000006,,,,2025-12-05T13:23:08Z,2019,2019-01-01,2019-12-31
9880446,GHED_OOP_pc_US_SHA2011,COUNTRY,JOR,EMR,Eastern Mediterranean,YEAR,2012,,,,,,,,,70.36,70.35637887,,,,2025-12-05T13:23:08Z,2012,2012-01-01,2012-12-31
9881207,GHED_OOP_pc_US_SHA2011,COUNTRY,EGY,EMR,Eastern Mediterranean,YEAR,2021,,,,,,,,,97.14,97.14172629,,,,2025-12-05T13:23:08Z,2021,2021-01-01,2021-12-31
9882041,GHED_OOP_pc_US_SHA2011,COUNTRY,BRA,AMR,Americas,YEAR,2020,,,,,,,,,177.62,177.61837681,,,,2025-12-05T13:23:08Z,2020,2020-01-01,2020-12-31
9882819,GHED_OOP_pc_US_SHA2011,COUNTRY,MKD,EUR,Europe,YEAR,2019,,,,,,,,,183.51,183.50808028,,,,2025-12-05T13:23:08Z,2019,2019-01-01,2019-12-31
9886379,GHED_OOP_pc_US_SHA2011,COUNTRY,HTI,AMR,Americas,YEAR,2014,,,,,,,,,20.19,20.19363408,,,,2025-12-05T13:23:08Z,2014,2014-01-01,2014-12-31
9889849,GHED_OOP_pc_US_SHA2011,REGION,EMR,,,YEAR,2015,,,,,,,,,110.80,110.7986908,,,,2025-12-05T13:23:08Z,2015,2015-01-01,2015-12-31
9900787,GHED_OOP_pc_US_SHA2011,COUNTRY,MLI,AFR,Africa,YEAR,2017,,,,,,,,,10.69,10.68619907,,,,2025-12-05T13:23:08Z,2017,2017-01-01,2017-12-31
9902836,GHED_OOP_pc_US_SHA2011,COUNTRY,DEU,EUR,Europe,YEAR,2022,,,,,,,,,649.51,649.51190563,,,,2025-12-05T13:23:08Z,2022,2022-01-01,2022-12-31
9903228,GHED_OOP_pc_US_SHA2011,COUNTRY,MDA,EUR,Europe,YEAR,2014,,,,,,,,,88.50,88.49746325,,,,2025-12-05T13:23:08Z,2014,2014-01-01,2014-12-31
9914828,GHED_OOP_pc_US_SHA2011,COUNTRY,LAO,WPR,Western Pacific,YEAR,2022,,,,,,,,,11.86,11.86094019,,,,2025-12-05T13:23:08Z,2022,2022-01-01,2022-12-31
9915634,GHED_OOP_pc_US_SHA2011,COUNTRY,BFA,AFR,Africa,YEAR,2018,,,,,,,,,13.94,13.94385387,,,,2025-12-05T13:23:08Z,2018,2018-01-01,2018-12-31
9919386,GHED_OOP_pc_US_SHA2011,COUNTRY,COD,AFR,Africa,YEAR,2011,,,,,,,,,4.62,4.61984641,,,,2025-12-05T13:23:08Z,2011,2011-01-01,2011-12-31
9921041,GHED_OOP_pc_US_SHA2011,COUNTRY,OMN,EMR,Eastern Mediterranean,YEAR,2018,,,,,,,,,41.56,41.56491624,,,,2025-12-05T13:23:08Z,2018,2018-01-01,2018-12-31
9921936,GHED_OOP_pc_US_SHA2011,COUNTRY,BRB,AMR,Americas,YEAR,2015,,,,,,,,,512.83,512.82619813,,,,2025-12-05T13:23:08Z,2015,2015-01-01,2015-12-31
9931023,GHED_OOP_pc_US_SHA2011,WORLDBANKINCOMEGROUP,WB_UMI,,,YEAR,2012,,,,,,,,,132.64,132.63786222,,,,2025-12-05T13:23:08Z,2012,2012-01-01,2012-12-31
9936498,GHED_OOP_pc_US_SHA2011,COUNTRY,TCD,AFR,Africa,YEAR,2016,,,,,,,,,17.62,17.62489299,,,,2025-12-05T13:23:08Z,2016,2016-01-01,2016-12-31
9940070,GHED_OOP_pc_US_SHA2011,COUNTRY,SRB,EUR,Europe,YEAR,2011,,,,,,,,,225.31,225.30714558,,,,2025-12-05T13:23:08Z,2011,2011-01-01,2011-12-31
9943558,GHED_OOP_pc_US_SHA2011,COUNTRY,ATG,AMR,Americas,YEAR,2010,,,,,,,,,178.73,178.73260888,,,,2025-12-05T13:23:08Z,2010,2010-01-01,2010-12-31
9944765,GHED_OOP_pc_US_SHA2011,COUNTRY,KHM,WPR,Western Pacific,YEAR,2008,,,,,,,,,24.84,24.83538957,,,,2025-12-05T13:23:08Z,2008,2008-01-01,2008-12-31
9947333,GHED_OOP_pc_US_SHA2011,COUNTRY,COG,AFR,Africa,YEAR,2015,,,,,,,,,18.60,18.60059095,,,,2025-12-05T13:23:08Z,2015,2015-01-01,2015-12-31
9949270,GHED_OOP_pc_US_SHA2011,COUNTRY,GHA,AFR,Africa,YEAR,2003,,,,,,,,,6.83,6.82900097,,,,2025-12-05T13:23:08Z,2003,2003-01-01,2003-12-31
9949647,GHED_OOP_pc_US_SHA2011,COUNTRY,BRB,AMR,Americas,YEAR,2009,,,,,,,,,422.88,422.88124619,,,,2025-12-05T13:23:08Z,2009,2009-01-01,2009-12-31
9950404,GHED_OOP_pc_US_SHA2011,COUNTRY,NZL,WPR,Western Pacific,YEAR,2009,,,,,,,,,310.98,310.97771198,,,,2025-12-05T13:23:08Z,2009,2009-01-01,2009-12-31
9951499,GHED_OOP_pc_US_SHA2011,COUNTRY,ETH,AFR,Africa,YEAR,2014,,,,,,,,,8.31,8.31288034,,,,2025-12-05T13:23:08Z,2014,2014-01-01,2014-12-31
9952087,GHED_OOP_pc_US_SHA2011,COUNTRY,LAO,WPR,Western Pacific,YEAR,2023,,,,,,,,,12.29,12.29432805,,,,2025-12-05T13:23:08Z,2023,2023-01-01,2023-12-31
9957122,GHED_OOP_pc_US_SHA2011,COUNTRY,SDN,EMR,Eastern Mediterranean,YEAR,2019,,,,,,,,,21.46,21.46217573,,,,2025-12-05T13:23:08Z,2019,2019-01-01,2019-12-31
9962879,GHED_OOP_pc_US_SHA2011,COUNTRY,AUT,EUR,Europe,YEAR,2019,,,,,,,,,996.71,996.71454158,,,,2025-12-05T13:23:08Z,2019,2019-01-01,2019-12-31
9965164,GHED_OOP_pc_US_SHA2011,COUNTRY,AGO,AFR,Africa,YEAR,2005,,,,,,,,,23.14,23.1396319,,,,2025-12-05T13:23:08Z,2005,2005-01-01,2005-12-31
9968704,GHED_OOP_pc_US_SHA2011,COUNTRY,LBY,EMR,Eastern Mediterranean,YEAR,2002,,,,,,,,,60.13,60.13343694,,,,2025-12-05T13:23:08Z,2002,2002-01-01,2002-12-31
9969005,GHED_OOP_pc_US_SHA2011,COUNTRY,CIV,AFR,Africa,YEAR,2001,,,,,,,,,23.62,23.61691029,,,,2025-12-05T13:23:08Z,2001,2001-01-01,2001-12-31
9971272,GHED_OOP_pc_US_SHA2011,COUNTRY,PRY,AMR,Americas,YEAR,2013,,,,,,,,,186.12,186.12167129,,,,2025-12-05T13:23:08Z,2013,2013-01-01,2013-12-31
9972595,GHED_OOP_pc_US_SHA2011,COUNTRY,SVN,EUR,Europe,YEAR,2017,,,,,,,,,237.21,237.21111039,,,,2025-12-05T13:23:08Z,2017,2017-01-01,2017-12-31
9975111,GHED_OOP_pc_US_SHA2011,COUNTRY,MDA,EUR,Europe,YEAR,2018,,,,,,,,,110.66,110.66364829,,,,2025-12-05T13:23:08Z,2018,2018-01-01,2018-12-31
9975235,GHED_OOP_pc_US_SHA2011,COUNTRY,BOL,AMR,Americas,YEAR,2014,,,,,,,,,55.42,55.41998753,,,,2025-12-05T13:23:08Z,2014,2014-01-01,2014-12-31
9975870,GHED_OOP_pc_US_SHA2011,COUNTRY,TTO,AMR,Americas,YEAR,2011,,,,,,,,,391.23,391.22861968,,,,2025-12-05T13:23:08Z,2011,2011-01-01,2011-12-31
9978328,GHED_OOP_pc_US_SHA2011,COUNTRY,QAT,EMR,Eastern Mediterranean,YEAR,2014,,,,,,,,,127.21,127.20941402,,,,2025-12-05T13:23:08Z,2014,2014-01-01,2014-12-31
9980958,GHED_OOP_pc_US_SHA2011,COUNTRY,BOL,AMR,Americas,YEAR,2009,,,,,,,,,26.96,26.96279187,,,,2025-12-05T13:23:08Z,2009,2009-01-01,2009-12-31
9982368,GHED_OOP_pc_US_SHA2011,COUNTRY,FJI,WPR,Western Pacific,YEAR,2019,,,,,,,,,48.80,48.7976028,,,,2025-12-05T13:23:08Z,2019,2019-01-01,2019-12-31
9983233,GHED_OOP_pc_US_SHA2011,COUNTRY,BRB,AMR,Americas,YEAR,2008,,,,,,,,,402.91,402.91415425,,,,2025-12-05T13:23:08Z,2008,2008-01-01,2008-12-31
9984914,GHED_OOP_pc_US_SHA2011,COUNTRY,LBN,EMR,Eastern Mediterranean,YEAR,2004,,,,,,,,,179.89,179.89145299,,,,2025-12-05T13:23:08Z,2004,2004-01-01,2004-12-31
9985226,GHED_OOP_pc_US_SHA2011,COUNTRY,DZA,AFR,Africa,YEAR,2021,,,,,,,,,84.62,84.62377408,,,,2025-12-05T13:23:08Z,2021,2021-01-01,2021-12-31
9987653,GHED_OOP_pc_US_SHA2011,COUNTRY,BHS,AMR,Americas,YEAR,2022,,,,,,,,,560.31,560.31172022,,,,2025-12-05T13:23:08Z,2022,2022-01-01,2022-12-31
9988986,GHED_OOP_pc_US_SHA2011,COUNTRY,ROU,EUR,Europe,YEAR,2014,,,,,,,,,102.25,102.24849977,,,,2025-12-05T13:23:08Z,2014,2014-01-01,2014-12-31
9992123,GHED_OOP_pc_US_SHA2011,COUNTRY,HND,AMR,Americas,YEAR,2019,,,,,,,,,96.15,96.14970545,,,,2025-12-05T13:23:08Z,2019,2019-01-01,2019-12-31
9997009,GHED_OOP_pc_US_SHA2011,COUNTRY,KHM,WPR,Western Pacific,YEAR,2002,,,,,,,,,14.76,14.75682424,,,,2025-12-05T13:23:08Z,2002,2002-01-01,2002-12-31
10000219,GHED_OOP_pc_US_SHA2011,COUNTRY,ITA,EUR,Europe,YEAR,2023,,,,,,,,,776.42,776.42401629,,,,2025-12-05T13:23:08Z,2023,2023-01-01,2023-12-31
10006130,GHED_OOP_pc_US_SHA2011,COUNTRY,CHN,WPR,Western Pacific,YEAR,2022,,,,,,,,,238.93,238.9268083,,,,2025-12-05T13:23:08Z,2022,2022-01-01,2022-12-31
10007521,GHED_OOP_pc_US_SHA2011,COUNTRY,BTN,SEAR,South-East Asia,YEAR,2022,,,,,,,,,38.66,38.65866869,,,,2025-12-05T13:23:08Z,2022,2022-01-01,2022-12-31
10010356,GHED_OOP_pc_US_SHA2011,COUNTRY,TTO,AMR,Americas,YEAR,2009,,,,,,,,,368.98,368.98266366,,,,2025-12-05T13:23:08Z,2009,2009-01-01,2009-12-31
10010940,GHED_OOP_pc_US_SHA2011,REGION,AMR,,,YEAR,2002,,,,,,,,,121.88,121.87625482,,,,2025-12-05T13:23:08Z,2002,2002-01-01,2002-12-31
10012512,GHED_OOP_pc_US_SHA2011,COUNTRY,PNG,WPR,Western Pacific,YEAR,2004,,,,,,,,,2.18,2.18113584,,,,2025-12-05T13:23:08Z,2004,2004-01-01,2004-12-31
10013925,GHED_OOP_pc_US_SHA2011,COUNTRY,BRA,AMR,Americas,YEAR,2006,,,,,,,,,168.26,168.26070267,,,,2025-12-05T13:23:08Z,2006,2006-01-01,2006-12-31
10014673,GHED_OOP_pc_US_SHA2011,COUNTRY,SUR,AMR,Americas,YEAR,2014,,,,,,,,,127.80,127.80019174,,,,2025-12-05T13:23:08Z,2014,2014-01-01,2014-12-31
10014992,GHED_OOP_pc_US_SHA2011,COUNTRY,DMA,AMR,Americas,YEAR,2005,,,,,,,,,105.53,105.52911161,,,,2025-12-05T13:23:08Z,2005,2005-01-01,2005-12-31
10016962,GHED_OOP_pc_US_SHA2011,COUNTRY,SYC,AFR,Africa,YEAR,2022,,,,,,,,,211.95,211.95416168,,,,2025-12-05T13:23:08Z,2022,2022-01-01,2022-12-31
10019968,GHED_OOP_pc_US_SHA2011,COUNTRY,CPV,AFR,Africa,YEAR,2021,,,,,,,,,60.38,60.38219924,,,,2025-12-05T13:23:08Z,2021,2021-01-01,2021-12-31
10021130,GHED_OOP_pc_US_SHA2011,COUNTRY,BRB,AMR,Americas,YEAR,2002,,,,,,,,,251.75,251.74712578,,,,2025-12-05T13:23:08Z,2002,2002-01-01,2002-12-31
10022848,GHED_OOP_pc_US_SHA2011,COUNTRY,ITA,EUR,Europe,YEAR,2017,,,,,,,,,687.94,687.94460729,,,,2025-12-05T13:23:08Z,2017,2017-01-01,2017-12-31
10023075,GHED_OOP_pc_US_SHA2011,COUNTRY,MMR,SEAR,South-East Asia,YEAR,2003,,,,,,,,,5.47,5.46806041,,,,2025-12-05T13:23:08Z,2003,2003-01-01,2003-12-31
10024947,GHED_OOP_pc_US_SHA2011,COUNTRY,DZA,AFR,Africa,YEAR,2017,,,,,,,,,91.95,91.94632591,,,,2025-12-05T13:23:08Z,2017,2017-01-01,2017-12-31
10029816,GHED_OOP_pc_US_SHA2011,REGION,AFR,,,YEAR,2005,,,,,,,,,23.09,23.0944556,,,,2025-12-05T13:23:08Z,2005,2005-01-01,2005-12-31
10029938,GHED_OOP_pc_US_SHA2011,COUNTRY,NER,AFR,Africa,YEAR,2000,,,,,,,,,5.46,5.45675325,,,,2025-12-05T13:23:08Z,2000,2000-01-01,2000-12-31
10030008,GHED_OOP_pc_US_SHA2011,COUNTRY,CHN,WPR,Western Pacific,YEAR,2018,,,,,,,,,180.22,180.22161452,,,,2025-12-05T13:23:08Z,2018,2018-01-01,2018-12-31
10031299,GHED_OOP_pc_US_SHA2011,COUNTRY,CPV,AFR,Africa,YEAR,2023,,,,,,,,,74.68,74.67812252,,,,2025-12-05T13:23:08Z,2023,2023-01-01,2023-12-31
10033065,GHED_OOP_pc_US_SHA2011,COUNTRY,BHS,AMR,Americas,YEAR,2002,,,,,,,,,294.13,294.12842688,,,,2025-12-05T13:23:08Z,2002,2002-01-01,2002-12-31
10033577,GHED_OOP_pc_US_SHA2011,COUNTRY,HRV,EUR,Europe,YEAR,2017,,,,,,,,,100.81,100.80760042,,,,2025-12-05T13:23:08Z,2017,2017-01-01,2017-12-31
10037489,GHED_OOP_pc_US_SHA2011,COUNTRY,CAN,AMR,Americas,YEAR,2011,,,,,,,,,818.83,818.82940018,,,,2025-12-05T13:23:08Z,2011,2011-01-01,2011-12-31
10041008,GHED_OOP_pc_US_SHA2011,COUNTRY,LBR,AFR,Africa,YEAR,2001,,,,,,,,,3.70,3.70321624,,,,2025-12-05T13:23:08Z,2001,2001-01-01,2001-12-31
10041892,GHED_OOP_pc_US_SHA2011,COUNTRY,AND,EUR,Europe,YEAR,2003,,,,,,,,,303.43,303.43373752,,,,2025-12-05T13:23:08Z,2003,2003-01-01,2003-12-31
10042216,GHED_OOP_pc_US_SHA2011,COUNTRY,TCD,AFR,Africa,YEAR,2005,,,,,,,,,17.58,17.58420258,,,,2025-12-05T13:23:08Z,2005,2005-01-01,2005-12-31
10045311,GHED_OOP_pc_US_SHA2011,COUNTRY,AFG,EMR,Eastern Mediterranean,YEAR,2010,,,,,,,,,36.67,36.67371379,,,,2025-12-05T13:23:08Z,2010,2010-01-01,2010-12-31
10053747,GHED_OOP_pc_US_SHA2011,WORLDBANKINCOMEGROUP,WB_HI,,,YEAR,2002,,,,,,,,,249.43,249.43016513,,,,2025-12-05T13:23:08Z,2002,2002-01-01,2002-12-31
10058805,GHED_OOP_pc_US_SHA2011,COUNTRY,BGR,EUR,Europe,YEAR,2014,,,,,,,,,247.95,247.94975437,,,,2025-12-05T13:23:08Z,2014,2014-01-01,2014-12-31
10059653,GHED_OOP_pc_US_SHA2011,COUNTRY,SVK,EUR,Europe,YEAR,2010,,,,,,,,,295.62,295.6197047,,,,2025-12-05T13:23:08Z,2010,2010-01-01,2010-12-31
10060841,GHED_OOP_pc_US_SHA2011,COUNTRY,TKM,EUR,Europe,YEAR,2001,,,,,,,,,74.04,74.03711828,,,,2025-12-05T13:23:08Z,2001,2001-01-01,2001-12-31
10065765,GHED_OOP_pc_US_SHA2011,COUNTRY,AGO,AFR,Africa,YEAR,2000,,,,,,,,,3.59,3.59329317,,,,2025-12-05T13:23:08Z,2000,2000-01-01,2000-12-31
10065948,GHED_OOP_pc_US_SHA2011,COUNTRY,ZAF,AFR,Africa,YEAR,2022,,,,,,,,,38.33,38.32649915,,,,2025-12-05T13:23:08Z,2022,2022-01-01,2022-12-31
10069685,GHED_OOP_pc_US_SHA2011,COUNTRY,PSE,EMR,Eastern Mediterranean,YEAR,2010,,,,,,,,,79.00,79.00091501,,,,2025-12-05T13:23:08Z,2010,2010-01-01,2010-12-31
10073920,GHED_OOP_pc_US_SHA2011,COUNTRY,WSM,WPR,Western Pacific,YEAR,2016,,,,,,,,,26.92,26.91773935,,,,2025-12-05T13:23:08Z,2016,2016-01-01,2016-12-31
10076983,GHED_OOP_pc_US_SHA2011,COUNTRY,PRT,EUR,Europe,YEAR,2021,,,,,,,,,804.85,804.84969521,,,,2025-12-05T13:23:08Z,2021,2021-01-01,2021-12-31
10077599,GHED_OOP_pc_US_SHA2011,COUNTRY,TCD,AFR,Africa,YEAR,2017,,,,,,,,,17.96,17.95993992,,,,2025-12-05T13:23:08Z,2017,2017-01-01,2017-12-31
10078959,GHED_OOP_pc_US_SHA2011,COUNTRY,RWA,AFR,Africa,YEAR,2013,,,,,,,,,5.88,5.87719337,,,,2025-12-05T13:23:08Z,2013,2013-01-01,2013-12-31
10079327,GHED_OOP_pc_US_SHA2011,COUNTRY,MLT,EUR,Europe,YEAR,2003,,,,,,,,,312.22,312.22183505,,,,2025-12-05T13:23:08Z,2003,2003-01-01,2003-12-31
10082429,GHED_OOP_pc_US_SHA2011,COUNTRY,ARM,EUR,Europe,YEAR,2020,,,,,,,,,416.70,416.69788517,,,,2025-12-05T13:23:08Z,2020,2020-01-01,2020-12-31
10082939,GHED_OOP_pc_US_SHA2011,COUNTRY,MNE,EUR,Europe,YEAR,2013,,,,,,,,,251.27,251.27476075,,,,2025-12-05T13:23:08Z,2013,2013-01-01,2013-12-31
10092210,GHED_OOP_pc_US_SHA2011,COUNTRY,JAM,AMR,Americas,YEAR,2008,,,,,,,,,137.68,137.67817467,,,,2025-12-05T13:23:08Z,2008,2008-01-01,2008-12-31
10092869,GHED_OOP_pc_US_SHA2011,COUNTRY,BLZ,AMR,Americas,YEAR,2013,,,,,,,,,66.73,66.73477364,,,,2025-12-05T13:23:08Z,2013,2013-01-01,2013-12-31
10096460,GHED_OOP_pc_US_SHA2011,COUNTRY,DNK,EUR,Europe,YEAR,2011,,,,,,,,,893.13,893.12982179,,,,2025-12-05T13:23:08Z,2011,2011-01-01,2011-12-31
10097879,GHED_OOP_pc_US_SHA2011,COUNTRY,SUR,AMR,Americas,YEAR,2004,,,,,,,,,43.99,43.98541131,,,,2025-12-05T13:23:08Z,2004,2004-01-01,2004-12-31
10104424,GHED_OOP_pc_US_SHA2011,COUNTRY,LIE,EUR,Europe,YEAR,2017,,,,,,,,,2262.42,2262.42308981,,,,2025-12-05T13:23:08Z,2017,2017-01-01,2017-12-31
10107817,GHED_OOP_pc_US_SHA2011,COUNTRY,LSO,AFR,Africa,YEAR,2019,,,,,,,,,17.21,17.20855148,,,,2025-12-05T13:23:08Z,2019,2019-01-01,2019-12-31
10110304,GHED_OOP_pc_US_SHA2011,COUNTRY,NGA,AFR,Africa,YEAR,2007,,,,,,,,,47.46,47.46188905,,,,2025-12-05T13:23:08Z,2007,2007-01-01,2007-12-31
10114419,GHED_OOP_pc_US_SHA2011,COUNTRY,ARE,EMR,Eastern Mediterranean,YEAR,2012,,,,,,,,,286.47,286.46540378,,,,2025-12-05T13:23:08Z,2012,2012-01-01,2012-12-31
10124695,GHED_OOP_pc_US_SHA2011,COUNTRY,GBR,EUR,Europe,YEAR,2004,,,,,,,,,494.07,494.07192286,,,,2025-12-05T13:23:08Z,2004,2004-01-01,2004-12-31
10127276,GHED_OOP_pc_US_SHA2011,COUNTRY,CHL,AMR,Americas,YEAR,2005,,,,,,,,,210.47,210.46865864,,,,2025-12-05T13:23:08Z,2005,2005-01-01,2005-12-31
10130400,GHED_OOP_pc_US_SHA2011,COUNTRY,TON,WPR,Western Pacific,YEAR,2001,,,,,,,,,6.67,6.66523553,,,,2025-12-05T13:23:08Z,2001,2001-01-01,2001-12-31
10130672,GHED_OOP_pc_US_SHA2011,COUNTRY,CAF,AFR,Africa,YEAR,2016,,,,,,,,,11.64,11.63704855,,,,2025-12-05T13:23:08Z,2016,2016-01-01,2016-12-31
10132552,GHED_OOP_pc_US_SHA2011,COUNTRY,GEO,EUR,Europe,YEAR,2016,,,,,,,,,224.30,224.29815815,,,,2025-12-05T13:23:08Z,2016,2016-01-01,2016-12-31
10134016,GHED_OOP_pc_US_SHA2011,COUNTRY,KWT,EMR,Eastern Mediterranean,YEAR,2023,,,,,,,,,167.97,167.97104501,,,,2025-12-05T13:23:08Z,2023,2023-01-01,2023-12-31
10136188,GHED_OOP_pc_US_SHA2011,COUNTRY,EGY,EMR,Eastern Mediterranean,YEAR,2020,,,,,,,,,87.99,87.99321874,,,,2025-12-05T13:23:08Z,2020,2020-01-01,2020-12-31
10137380,GHED_OOP_pc_US_SHA2011,COUNTRY,VUT,WPR,Western Pacific,YEAR,2005,,,,,,,,,6.08,6.0804393900000004,,,,2025-12-05T13:23:08Z,2005,2005-01-01,2005-12-31
10138914,GHED_OOP_pc_US_SHA2011,COUNTRY,PRT,EUR,Europe,YEAR,2014,,,,,,,,,603.30,603.30262335,,,,2025-12-05T13:23:08Z,2014,2014-01-01,2014-12-31
10139441,GHED_OOP_pc_US_SHA2011,COUNTRY,KEN,AFR,Africa,YEAR,2003,,,,,,,,,11.61,11.6127141,,,,2025-12-05T13:23:08Z,2003,2003-01-01,2003-12-31
10139492,GHED_OOP_pc_US_SHA2011,COUNTRY,TKM,EUR,Europe,YEAR,2011,,,,,,,,,173.71,173.70846055,,,,2025-12-05T13:23:08Z,2011,2011-01-01,2011-12-31
10142656,GHED_OOP_pc_US_SHA2011,COUNTRY,BEL,EUR,Europe,YEAR,2013,,,,,,,,,1028.80,1028.800206,,,,2025-12-05T13:23:08Z,2013,2013-01-01,2013-12-31
10143011,GHED_OOP_pc_US_SHA2011,COUNTRY,SLE,AFR,Africa,YEAR,2009,,,,,,,,,25.68,25.68037762,,,,2025-12-05T13:23:08Z,2009,2009-01-01,2009-12-31
10143664,GHED_OOP_pc_US_SHA2011,COUNTRY,LKA,SEAR,South-East Asia,YEAR,2007,,,,,,,,,32.02,32.01870456,,,,2025-12-05T13:23:08Z,2007,2007-01-01,2007-12-31
10147411,GHED_OOP_pc_US_SHA2011,COUNTRY,NAM,AFR,Africa,YEAR,2010,,,,,,,,,48.20,48.19520662,,,,2025-12-05T13:23:08Z,2010,2010-01-01,2010-12-31
10148138,GHED_OOP_pc_US_SHA2011,COUNTRY,HRV,EUR,Europe,YEAR,2000,,,,,,,,,53.47,53.4744103,,,,2025-12-05T13:23:08Z,2000,2000-01-01,2000-12-31
10151808,GHED_OOP_pc_US_SHA2011,REGION,WPR,,,YEAR,2015,,,,,,,,,155.85,155.84746604,,,,2025-12-05T13:23:08Z,2015,2015-01-01,2015-12-31
10155865,GHED_OOP_pc_US_SHA2011,COUNTRY,BHR,EMR,Eastern Mediterranean,YEAR,2004,,,,,,,,,161.95,161.9472777,,,,2025-12-05T13:23:08Z,2004,2004-01-01,2004-12-31
10158719,GHED_OOP_pc_US_SHA2011,COUNTRY,PRY,AMR,Americas,YEAR,2005,,,,,,,,,55.13,55.13303548,,,,2025-12-05T13:23:08Z,2005,2005-01-01,2005-12-31
10159428,GHED_OOP_pc_US_SHA2011,COUNTRY,SLE,AFR,Africa,YEAR,2020,,,,,,,,,25.06,25.06383033,,,,2025-12-05T13:23:08Z,2020,2020-01-01,2020-12-31
10160490,GHED_OOP_pc_US_SHA2011,COUNTRY,GTM,AMR,Americas,YEAR,2017,,,,,,,,,143.65,143.65347542,,,,2025-12-05T13:23:08Z,2017,2017-01-01,2017-12-31
10168790,GHED_OOP_pc_US_SHA2011,COUNTRY,PRT,EUR,Europe,YEAR,2018,,,,,,,,,660.19,660.1892305,,,,2025-12-05T13:23:08Z,2018,2018-01-01,2018-12-31
10171111,GHED_OOP_pc_US_SHA2011,COUNTRY,TUV,WPR,Western Pacific,YEAR,2004,,,,,,,,,3.22,3.22015695,,,,2025-12-05T13:23:08Z,2004,2004-01-01,2004-12-31
10171143,GHED_OOP_pc_US_SHA2011,COUNTRY,GAB,AFR,Africa,YEAR,2001,,,,,,,,,61.45,61.44606128,,,,2025-12-05T13:23:08Z,2001,2001-01-01,2001-12-31
10171571,GHED_OOP_pc_US_SHA2011,REGION,WPR,,,YEAR,2003,,,,,,,,,82.72,82.71522678,,,,2025-12-05T13:23:08Z,2003,2003-01-01,2003-12-31
10173577,GHED_OOP_pc_US_SHA2011,COUNTRY,MDA,EUR,Europe,YEAR,2012,,,,,,,,,94.41,94.40711835,,,,2025-12-05T13:23:08Z,2012,2012-01-01,2012-12-31
10174457,GHED_OOP_pc_US_SHA2011,COUNTRY,COL,AMR,Americas,YEAR,2022,,,,,,,,,72.89,72.88533279,,,,2025-12-05T13:23:08Z,2022,2022-01-01,2022-12-31
10177187,GHED_OOP_pc_US_SHA2011,COUNTRY,ISR,EUR,Europe,YEAR,2017,,,,,,,,,689.63,689.62986465,,,,2025-12-05T13:23:08Z,2017,2017-01-01,2017-12-31
10177229,GHED_OOP_pc_US_SHA2011,COUNTRY,ETH,AFR,Africa,YEAR,2015,,,,,,,,,8.53,8.53116483,,,,2025-12-05T13:23:08Z,2015,2015-01-01,2015-12-31
10177556,GHED_OOP_pc_US_SHA2011,COUNTRY,SAU,EMR,Eastern Mediterranean,YEAR,2003,,,,,,,,,82.04,82.04356686,,,,2025-12-05T13:23:08Z,2003,2003-01-01,2003-12-31
10181730,GHED_OOP_pc_US_SHA2011,COUNTRY,MAR,EMR,Eastern Mediterranean,YEAR,2023,,,,,,,,,86.52,86.52225918,,,,2025-12-05T13:23:08Z,2023,2023-01-01,2023-12-31
10183908,GHED_OOP_pc_US_SHA2011,COUNTRY,MEX,AMR,Americas,YEAR,2004,,,,,,,,,239.54,239.54248506,,,,2025-12-05T13:23:08Z,2004,2004-01-01,2004-12-31
10183963,GHED_OOP_pc_US_SHA2011,COUNTRY,GNB,AFR,Africa,YEAR,2013,,,,,,,,,29.64,29.63508035,,,,2025-12-05T13:23:08Z,2013,2013-01-01,2013-12-31
10184694,GHED_OOP_pc_US_SHA2011,REGION,AMR,,,YEAR,2009,,,,,,,,,197.37,197.3706925,,,,2025-12-05T13:23:08Z,2009,2009-01-01,2009-12-31
10184945,GHED_OOP_pc_US_SHA2011,COUNTRY,KHM,WPR,Western Pacific,YEAR,2021,,,,,,,,,57.25,57.24746446,,,,2025-12-05T13:23:08Z,2021,2021-01-01,2021-12-31
10185231,GHED_OOP_pc_US_SHA2011,COUNTRY,AFG,EMR,Eastern Mediterranean,YEAR,2021,,,,,,,,,62.95,62.94576762,,,,2025-12-05T13:23:08Z,2021,2021-01-01,2021-12-31
10186552,GHED_OOP_pc_US_SHA2011,GLOBAL,GLOBAL,,,YEAR,2016,,,,,,,,,214.69,214.68548634,,,,2025-12-05T13:23:08Z,2016,2016-01-01,2016-12-31
10187747,GHED_OOP_pc_US_SHA2011,COUNTRY,PNG,WPR,Western Pacific,YEAR,2008,,,,,,,,,3.02,3.01664345,,,,2025-12-05T13:23:08Z,2008,2008-01-01,2008-12-31
10187892,GHED_OOP_pc_US_SHA2011,COUNTRY,CHL,AMR,Americas,YEAR,2009,,,,,,,,,252.72,252.7183179,,,,2025-12-05T13:23:08Z,2009,2009-01-01,2009-12-31
10190063,GHED_OOP_pc_US_SHA2011,COUNTRY,NRU,WPR,Western Pacific,YEAR,2007,,,,,,,,,13.51,13.50505593,,,,2025-12-05T13:23:08Z,2007,2007-01-01,2007-12-31
10191092,GHED_OOP_pc_US_SHA2011,COUNTRY,CRI,AMR,Americas,YEAR,2009,,,,,,,,,141.80,141.79676375,,,,2025-12-05T13:23:08Z,2009,2009-01-01,2009-12-31
10191120,GHED_OOP_pc_US_SHA2011,COUNTRY,MDA,EUR,Europe,YEAR,2019,,,,,,,,,101.36,101.36449453,,,,2025-12-05T13:23:08Z,2019,2019-01-01,2019-12-31
10192101,GHED_OOP_pc_US_SHA2011,COUNTRY,ARM,EUR,Europe,YEAR,2015,,,,,,,,,298.37,298.3731243,,,,2025-12-05T13:23:08Z,2015,2015-01-01,2015-12-31
10192969,GHED_OOP_pc_US_SHA2011,COUNTRY,SVK,EUR,Europe,YEAR,2005,,,,,,,,,141.97,141.96715882,,,,2025-12-05T13:23:08Z,2005,2005-01-01,2005-12-31
10193017,GHED_OOP_pc_US_SHA2011,COUNTRY,LKA,SEAR,South-East Asia,YEAR,2006,,,,,,,,,25.92,25.9165152,,,,2025-12-05T13:23:08Z,2006,2006-01-01,2006-12-31
10194222,GHED_OOP_pc_US_SHA2011,COUNTRY,ARG,AMR,Americas,YEAR,2000,,,,,,,,,204.38,204.38023785,,,,2025-12-05T13:23:08Z,2000,2000-01-01,2000-12-31
10195639,GHED_OOP_pc_US_SHA2011,COUNTRY,BLR,EUR,Europe,YEAR,2022,,,,,,,,,146.11,146.10722978,,,,2025-12-05T13:23:08Z,2022,2022-01-01,2022-12-31
10196582,GHED_OOP_pc_US_SHA2011,COUNTRY,LKA,SEAR,South-East Asia,YEAR,2004,,,,,,,,,20.17,20.16672395,,,,2025-12-05T13:23:08Z,2004,2004-01-01,2004-12-31
10200089,GHED_OOP_pc_US_SHA2011,COUNTRY,LBY,EMR,Eastern Mediterranean,YEAR,2020,,,,,,,,,99.92,99.91876382,,,,2025-12-05T13:23:08Z,2020,2020-01-01,2020-12-31
10202397,GHED_OOP_pc_US_SHA2011,COUNTRY,BIH,EUR,Europe,YEAR,2012,,,,,,,,,129.98,129.97741112,,,,2025-12-05T13:23:08Z,2012,2012-01-01,2012-12-31
10203545,GHED_OOP_pc_US_SHA2011,COUNTRY,KNA,AMR,Americas,YEAR,2023,,,,,,,,,541.26,541.26376972,,,,2025-12-05T13:23:08Z,2023,2023-01-01,2023-12-31
10204637,GHED_OOP_pc_US_SHA2011,COUNTRY,MUS,AFR,Africa,YEAR,2009,,,,,,,,,176.10,176.09637588,,,,2025-12-05T13:23:08Z,2009,2009-01-01,2009-12-31
10205923,GHED_OOP_pc_US_SHA2011,COUNTRY,SLV,AMR,Americas,YEAR,2022,,,,,,,,,155.55,155.55492603,,,,2025-12-05T13:23:08Z,2022,2022-01-01,2022-12-31
10205994,GHED_OOP_pc_US_SHA2011,COUNTRY,VCT,AMR,Americas,YEAR,2023,,,,,,,,,124.69,124.68536201,,,,2025-12-05T13:23:08Z,2023,2023-01-01,2023-12-31
10206867,GHED_OOP_pc_US_SHA2011,COUNTRY,TUN,EMR,Eastern Mediterranean,YEAR,2023,,,,,,,,,120.54,120.53860661,,,,2025-12-05T13:23:08Z,2023,2023-01-01,2023-12-31
10211584,GHED_OOP_pc_US_SHA2011,COUNTRY,SGP,WPR,Western Pacific,YEAR,2019,,,,,,,,,830.21,830.21073249,,,,2025-12-05T13:23:08Z,2019,2019-01-01,2019-12-31
10211612,GHED_OOP_pc_US_SHA2011,WORLDBANKINCOMEGROUP,WB_LMI,,,YEAR,2021,,,,,,,,,43.87,43.87285766,,,,2025-12-05T13:23:08Z,2021,2021-01-01,2021-12-31
10211783,GHED_OOP_pc_US_SHA2011,COUNTRY,NPL,SEAR,South-East Asia,YEAR,2005,,,,,,,,,6.96,6.96283169,,,,2025-12-05T13:23:08Z,2005,2005-01-01,2005-12-31
10215363,GHED_OOP_pc_US_SHA2011,COUNTRY,LTU,EUR,Europe,YEAR,2007,,,,,,,,,200.05,200.04737292,,,,2025-12-05T13:23:08Z,2007,2007-01-01,2007-12-31
10217139,GHED_OOP_pc_US_SHA2011,COUNTRY,BRA,AMR,Americas,YEAR,2005,,,,,,,,,139.18,139.17591891,,,,2025-12-05T13:23:08Z,2005,2005-01-01,2005-12-31
10231770,GHED_OOP_pc_US_SHA2011,COUNTRY,TUR,EUR,Europe,YEAR,2001,,,,,,,,,34.88,34.88147326,,,,2025-12-05T13:23:08Z,2001,2001-01-01,2001-12-31
10232352,GHED_OOP_pc_US_SHA2011,COUNTRY,TJK,EUR,Europe,YEAR,2022,,,,,,,,,51.24,51.24050186,,,,2025-12-05T13:23:08Z,2022,2022-01-01,2022-12-31
10234784,GHED_OOP_pc_US_SHA2011,WORLDBANKINCOMEGROUP,WB_LI,,,YEAR,2006,,,,,,,,,12.97,12.97239189,,,,2025-12-05T13:23:08Z,2006,2006-01-01,2006-12-31
10240566,GHED_OOP_pc_US_SHA2011,COUNTRY,CHE,EUR,Europe,YEAR,2000,,,,,,,,,1101.98,1101.98097484,,,,2025-12-05T13:23:08Z,2000,2000-01-01,2000-12-31
10241582,GHED_OOP_pc_US_SHA2011,COUNTRY,TON,WPR,Western Pacific,YEAR,2010,,,,,,,,,14.16,14.16260746,,,,2025-12-05T13:23:08Z,2010,2010-01-01,2010-12-31
10247289,GHED_OOP_pc_US_SHA2011,COUNTRY,IRN,EMR,Eastern Mediterranean,YEAR,2002,,,,,,,,,57.29,57.28689105,,,,2025-12-05T13:23:08Z,2002,2002-01-01,2002-12-31
10248076,GHED_OOP_pc_US_SHA2011,COUNTRY,BGR,EUR,Europe,YEAR,2003,,,,,,,,,74.50,74.50168036,,,,2025-12-05T13:23:08Z,2003,2003-01-01,2003-12-31
10248734,GHED_OOP_pc_US_SHA2011,COUNTRY,SLE,AFR,Africa,YEAR,2017,,,,,,,,,25.82,25.81882721,,,,2025-12-05T13:23:08Z,2017,2017-01-01,2017-12-31
10249420,GHED_OOP_pc_US_SHA2011,COUNTRY,LTU,EUR,Europe,YEAR,2014,,,,,,,,,321.14,321.13549704,,,,2025-12-05T13:23:08Z,2014,2014-01-01,2014-12-31
10250335,GHED_OOP_pc_US_SHA2011,COUNTRY,BRN,WPR,Western Pacific,YEAR,2006,,,,,,,,,97.64,97.64124527,,,,2025-12-05T13:23:08Z,2006,2006-01-01,2006-12-31
2278463,GHED_OOP_pc_US_SHA2011,COUNTRY,MWI,AFR,Africa,YEAR,2007,,,,,,,,,2.93,2.93134225,,,,2025-12-05T13:23:08Z,2007,2007-01-01,2007-12-31
2290978,GHED_OOP_pc_US_SHA2011,COUNTRY,KGZ,EUR,Europe,YEAR,2006,,,,,,,,,17.47,17.47241342,,,,2025-12-05T13:23:08Z,2006,2006-01-01,2006-12-31
2291300,GHED_OOP_pc_US_SHA2011,COUNTRY,ARG,AMR,Americas,YEAR,2022,,,,,,,,,356.96,356.96405862,,,,2025-12-05T13:23:08Z,2022,2022-01-01,2022-12-31
2303681,GHED_OOP_pc_US_SHA2011,COUNTRY,OMN,EMR,Eastern Mediterranean,YEAR,2000,,,,,,,,,30.77,30.76994745,,,,2025-12-05T13:23:08Z,2000,2000-01-01,2000-12-31
2304022,GHED_OOP_pc_US_SHA2011,COUNTRY,DOM,AMR,Americas,YEAR,2003,,,,,,,,,64.49,64.48645748,,,,2025-12-05T13:23:08Z,2003,2003-01-01,2003-12-31
2310290,GHED_OOP_pc_US_SHA2011,COUNTRY,PAN,AMR,Americas,YEAR,2010,,,,,,,,,190.98,190.97532143,,,,2025-12-05T13:23:08Z,2010,2010-01-01,2010-12-31
2316469,GHED_OOP_pc_US_SHA2011,COUNTRY,GTM,AMR,Americas,YEAR,2003,,,,,,,,,69.87,69.87024418,,,,2025-12-05T13:23:08Z,2003,2003-01-01,2003-12-31
2322765,GHED_OOP_pc_US_SHA2011,COUNTRY,CRI,AMR,Americas,YEAR,2010,,,,,,,,,168.47,168.47356878,,,,2025-12-05T13:23:08Z,2010,2010-01-01,2010-12-31
2322918,GHED_OOP_pc_US_SHA2011,COUNTRY,BHS,AMR,Americas,YEAR,2004,,,,,,,,,319.19,319.18521478,,,,2025-12-05T13:23:08Z,2004,2004-01-01,2004-12-31
2329764,GHED_OOP_pc_US_SHA2011,COUNTRY,NER,AFR,Africa,YEAR,2003,,,,,,,,,7.67,7.66613306,,,,2025-12-05T13:23:08Z,2003,2003-01-01,2003-12-31
2335349,GHED_OOP_pc_US_SHA2011,COUNTRY,AFG,EMR,Eastern Mediterranean,YEAR,2009,,,,,,,,,31.39,31.39224717,,,,2025-12-05T13:23:08Z,2009,2009-01-01,2009-12-31
2336312,GHED_OOP_pc_US_SHA2011,COUNTRY,LTU,EUR,Europe,YEAR,2017,,,,,,,,,346.63,346.62548937,,,,2025-12-05T13:23:08Z,2017,2017-01-01,2017-12-31
2367133,GHED_OOP_pc_US_SHA2011,COUNTRY,PSE,EMR,Eastern Mediterranean,YEAR,2009,,,,,,,,,87.01,87.01234251,,,,2025-12-05T13:23:08Z,2009,2009-01-01,2009-12-31
2367616,GHED_OOP_pc_US_SHA2011,COUNTRY,PNG,WPR,Western Pacific,YEAR,2019,,,,,,,,,5.71,5.70632066,,,,2025-12-05T13:23:08Z,2019,2019-01-01,2019-12-31
2367980,GHED_OOP_pc_US_SHA2011,COUNTRY,GHA,AFR,Africa,YEAR,2012,,,,,,,,,30.23,30.23097007,,,,2025-12-05T13:23:08Z,2012,2012-01-01,2012-12-31
2386299,GHED_OOP_pc_US_SHA2011,COUNTRY,UZB,EUR,Europe,YEAR,2001,,,,,,,,,18.53,18.53479574,,,,2025-12-05T13:23:08Z,2001,2001-01-01,2001-12-31
2393112,GHED_OOP_pc_US_SHA2011,COUNTRY,SVK,EUR,Europe,YEAR,2022,,,,,,,,,316.36,316.36450548,,,,2025-12-05T13:23:08Z,2022,2022-01-01,2022-12-31
2431600,GHED_OOP_pc_US_SHA2011,COUNTRY,LAO,WPR,Western Pacific,YEAR,2014,,,,,,,,,23.17,23.16710259,,,,2025-12-05T13:23:08Z,2014,2014-01-01,2014-12-31
2450507,GHED_OOP_pc_US_SHA2011,COUNTRY,GIN,AFR,Africa,YEAR,2012,,,,,,,,,14.79,14.78871215,,,,2025-12-05T13:23:08Z,2012,2012-01-01,2012-12-31
2457180,GHED_OOP_pc_US_SHA2011,COUNTRY,PAK,EMR,Eastern Mediterranean,YEAR,2001,,,,,,,,,7.49,7.4851306,,,,2025-12-05T13:23:08Z,2001,2001-01-01,2001-12-31
2463312,GHED_OOP_pc_US_SHA2011,COUNTRY,LBY,EMR,Eastern Mediterranean,YEAR,2012,,,,,,,,,154.66,154.66340545,,,,2025-12-05T13:23:08Z,2012,2012-01-01,2012-12-31
2486930,GHED_OOP_pc_US_SHA2011,COUNTRY,HND,AMR,Americas,YEAR,2018,,,,,,,,,92.89,92.89456078,,,,2025-12-05T13:23:08Z,2018,2018-01-01,2018-12-31
2511782,GHED_OOP_pc_US_SHA2011,COUNTRY,BEN,AFR,Africa,YEAR,2012,,,,,,,,,13.69,13.68593248,,,,2025-12-05T13:23:08Z,2012,2012-01-01,2012-12-31
2537721,GHED_OOP_pc_US_SHA2011,COUNTRY,MHL,WPR,Western Pacific,YEAR,2018,,,,,,,,,8.28,8.2838218,,,,2025-12-05T13:23:08Z,2018,2018-01-01,2018-12-31
2543747,GHED_OOP_pc_US_SHA2011,COUNTRY,RUS,EUR,Europe,YEAR,2013,,,,,,,,,280.58,280.58125526,,,,2025-12-05T13:23:08Z,2013,2013-01-01,2013-12-31
2543918,GHED_OOP_pc_US_SHA2011,COUNTRY,SMR,EUR,Europe,YEAR,2020,,,,,,,,,385.46,385.46457474,,,,2025-12-05T13:23:08Z,2020,2020-01-01,2020-12-31
2555894,GHED_OOP_pc_US_SHA2011,COUNTRY,SWE,EUR,Europe,YEAR,2022,,,,,,,,,790.74,790.73984354,,,,2025-12-05T13:23:08Z,2022,2022-01-01,2022-12-31
2568392,GHED_OOP_pc_US_SHA2011,COUNTRY,LVA,EUR,Europe,YEAR,2012,,,,,,,,,281.98,281.98021906,,,,2025-12-05T13:23:08Z,2012,2012-01-01,2012-12-31
2575342,GHED_OOP_pc_US_SHA2011,COUNTRY,JOR,EMR,Eastern Mediterranean,YEAR,2015,,,,,,,,,88.48,88.48140693,,,,2025-12-05T13:23:08Z,2015,2015-01-01,2015-12-31
2587440,GHED_OOP_pc_US_SHA2011,COUNTRY,USA,AMR,Americas,YEAR,2017,,,,,,,,,1114.75,1114.74975147,,,,2025-12-05T13:23:08Z,2017,2017-01-01,2017-12-31
2593895,GHED_OOP_pc_US_SHA2011,COUNTRY,ISR,EUR,Europe,YEAR,2003,,,,,,,,,396.27,396.27270643,,,,2025-12-05T13:23:08Z,2003,2003-01-01,2003-12-31
2594105,GHED_OOP_pc_US_SHA2011,COUNTRY,ARM,EUR,Europe,YEAR,2021,,,,,,,,,468.66,468.66316009,,,,2025-12-05T13:23:08Z,2021,2021-01-01,2021-12-31
2594120,GHED_OOP_pc_US_SHA2011,COUNTRY,BRN,WPR,Western Pacific,YEAR,2021,,,,,,,,,46.13,46.12658951,,,,2025-12-05T13:23:08Z,2021,2021-01-01,2021-12-31
2594389,GHED_OOP_pc_US_SHA2011,COUNTRY,TZA,AFR,Africa,YEAR,2022,,,,,,,,,10.05,10.04919617,,,,2025-12-05T13:23:08Z,2022,2022-01-01,2022-12-31
2600870,GHED_OOP_pc_US_SHA2011,COUNTRY,MCO,EUR,Europe,YEAR,2006,,,,,,,,,374.59,374.58919326,,,,2025-12-05T13:23:08Z,2006,2006-01-01,2006-12-31
2606700,GHED_OOP_pc_US_SHA2011,COUNTRY,CMR,AFR,Africa,YEAR,2020,,,,,,,,,47.56,47.56219652,,,,2025-12-05T13:23:08Z,2020,2020-01-01,2020-12-31
2606816,GHED_OOP_pc_US_SHA2011,COUNTRY,JPN,WPR,Western Pacific,YEAR,2020,,,,,,,,,529.57,529.5720414,,,,2025-12-05T13:23:08Z,2020,2020-01-01,2020-12-31
2607080,GHED_OOP_pc_US_SHA2011,COUNTRY,POL,EUR,Europe,YEAR,2022,,,,,,,,,224.78,224.7756723,,,,2025-12-05T13:23:08Z,2022,2022-01-01,2022-12-31
2638110,GHED_OOP_pc_US_SHA2011,WORLDBANKINCOMEGROUP,WB_LI,,,YEAR,2007,,,,,,,,,14.84,14.84082389,,,,2025-12-05T13:23:08Z,2007,2007-01-01,2007-12-31
2662624,GHED_OOP_pc_US_SHA2011,COUNTRY,GIN,AFR,Africa,YEAR,2021,,,,,,,,,23.58,23.58154941,,,,2025-12-05T13:23:08Z,2021,2021-01-01,2021-12-31
2669634,GHED_OOP_pc_US_SHA2011,COUNTRY,UZB,EUR,Europe,YEAR,2013,,,,,,,,,78.87,78.87119141,,,,2025-12-05T13:23:08Z,2013,2013-01-01,2013-12-31
2682223,GHED_OOP_pc_US_SHA2011,COUNTRY,MEX,AMR,Americas,YEAR,2020,,,,,,,,,207.42,207.4183974,,,,2025-12-05T13:23:08Z,2020,2020-01-01,2020-12-31
2694148,GHED_OOP_pc_US_SHA2011,COUNTRY,MDA,EUR,Europe,YEAR,2001,,,,,,,,,13.19,13.19233961,,,,2025-12-05T13:23:08Z,2001,2001-01-01,2001-12-31
2694873,GHED_OOP_pc_US_SHA2011,COUNTRY,TKM,EUR,Europe,YEAR,2021,,,,,,,,,365.58,365.58442535,,,,2025-12-05T13:23:08Z,2021,2021-01-01,2021-12-31
2757201,GHED_OOP_pc_US_SHA2011,COUNTRY,NLD,EUR,Europe,YEAR,2021,,,,,,,,,732.91,732.90948319,,,,2025-12-05T13:23:08Z,2021,2021-01-01,2021-12-31
2763529,GHED_OOP_pc_US_SHA2011,COUNTRY,KNA,AMR,Americas,YEAR,2004,,,,,,,,,226.78,226.77681272,,,,2025-12-05T13:23:08Z,2004,2004-01-01,2004-12-31
2782669,GHED_OOP_pc_US_SHA2011,COUNTRY,GAB,AFR,Africa,YEAR,2007,,,,,,,,,122.16,122.15757032,,,,2025-12-05T13:23:08Z,2007,2007-01-01,2007-12-31
2783362,GHED_OOP_pc_US_SHA2011,COUNTRY,CZE,EUR,Europe,YEAR,2019,,,,,,,,,258.34,258.34084521,,,,2025-12-05T13:23:08Z,2019,2019-01-01,2019-12-31
2788969,GHED_OOP_pc_US_SHA2011,COUNTRY,FIN,EUR,Europe,YEAR,2011,,,,,,,,,856.32,856.32419974,,,,2025-12-05T13:23:08Z,2011,2011-01-01,2011-12-31
2815008,GHED_OOP_pc_US_SHA2011,COUNTRY,IRQ,EMR,Eastern Mediterranean,YEAR,2010,,,,,,,,,37.63,37.62665685,,,,2025-12-05T13:23:08Z,2010,2010-01-01,2010-12-31
2815051,GHED_OOP_pc_US_SHA2011,COUNTRY,ISR,EUR,Europe,YEAR,2009,,,,,,,,,517.14,517.13704081,,,,2025-12-05T13:23:08Z,2009,2009-01-01,2009-12-31
2821717,GHED_OOP_pc_US_SHA2011,COUNTRY,QAT,EMR,Eastern Mediterranean,YEAR,2016,,,,,,,,,130.12,130.11988388,,,,2025-12-05T13:23:08Z,2016,2016-01-01,2016-12-31
2834420,GHED_OOP_pc_US_SHA2011,COUNTRY,JAM,AMR,Americas,YEAR,2001,,,,,,,,,69.40,69.40446402,,,,2025-12-05T13:23:08Z,2001,2001-01-01,2001-12-31
2840033,GHED_OOP_pc_US_SHA2011,COUNTRY,LVA,EUR,Europe,YEAR,2010,,,,,,,,,256.24,256.23781942,,,,2025-12-05T13:23:08Z,2010,2010-01-01,2010-12-31
2865795,GHED_OOP_pc_US_SHA2011,COUNTRY,LBN,EMR,Eastern Mediterranean,YEAR,2005,,,,,,,,,164.40,164.40267351,,,,2025-12-05T13:23:08Z,2005,2005-01-01,2005-12-31
2876292,GHED_OOP_pc_US_SHA2011,COUNTRY,HUN,EUR,Europe,YEAR,2019,,,,,,,,,295.14,295.13843291,,,,2025-12-05T13:23:08Z,2019,2019-01-01,2019-12-31
2881526,GHED_OOP_pc_US_SHA2011,COUNTRY,DEU,EUR,Europe,YEAR,2023,,,,,,,,,706.79,706.79163145,,,,2025-12-05T13:23:08Z,2023,2023-01-01,2023-12-31
2882457,GHED_OOP_pc_US_SHA2011,COUNTRY,NIU,WPR,Western Pacific,YEAR,2020,,,,,,,,,11.16,11.16053471,,,,2025-12-05T13:23:08Z,2020,2020-01-01,2020-12-31
2913693,GHED_OOP_pc_US_SHA2011,COUNTRY,SLB,WPR,Western Pacific,YEAR,2009,,,,,,,,,2.55,2.55259226,,,,2025-12-05T13:23:08Z,2009,2009-01-01,2009-12-31
2919610,GHED_OOP_pc_US_SHA2011,COUNTRY,AUT,EUR,Europe,YEAR,2003,,,,,,,,,610.58,610.58366755,,,,2025-12-05T13:23:08Z,2003,2003-01-01,2003-12-31
2951091,GHED_OOP_pc_US_SHA2011,COUNTRY,ECU,AMR,Americas,YEAR,2015,,,,,,,,,156.81,156.80737233,,,,2025-12-05T13:23:08Z,2015,2015-01-01,2015-12-31
2952119,GHED_OOP_pc_US_SHA2011,COUNTRY,NAM,AFR,Africa,YEAR,2008,,,,,,,,,28.40,28.40376215,,,,2025-12-05T13:23:08Z,2008,2008-01-01,2008-12-31
2964659,GHED_OOP_pc_US_SHA2011,WORLDBANKINCOMEGROUP,WB_LI,,,YEAR,2017,,,,,,,,,18.84,18.83895,,,,2025-12-05T13:23:08Z,2017,2017-01-01,2017-12-31
2983576,GHED_OOP_pc_US_SHA2011,COUNTRY,QAT,EMR,Eastern Mediterranean,YEAR,2015,,,,,,,,,128.79,128.79033633,,,,2025-12-05T13:23:08Z,2015,2015-01-01,2015-12-31
2989211,GHED_OOP_pc_US_SHA2011,COUNTRY,NIC,AMR,Americas,YEAR,2023,,,,,,,,,81.50,81.49587299,,,,2025-12-05T13:23:08Z,2023,2023-01-01,2023-12-31
2996249,GHED_OOP_pc_US_SHA2011,COUNTRY,GHA,AFR,Africa,YEAR,2020,,,,,,,,,23.13,23.12733893,,,,2025-12-05T13:23:08Z,2020,2020-01-01,2020-12-31
3002903,GHED_OOP_pc_US_SHA2011,COUNTRY,DJI,EMR,Eastern Mediterranean,YEAR,2008,,,,,,,,,15.60,15.59985693,,,,2025-12-05T13:23:08Z,2008,2008-01-01,2008-12-31
3014547,GHED_OOP_pc_US_SHA2011,COUNTRY,EST,EUR,Europe,YEAR,2020,,,,,,,,,383.36,383.35921082,,,,2025-12-05T13:23:08Z,2020,2020-01-01,2020-12-31
3015344,GHED_OOP_pc_US_SHA2011,COUNTRY,SGP,WPR,Western Pacific,YEAR,2022,,,,,,,,,916.38,916.38442137,,,,2025-12-05T13:23:08Z,2022,2022-01-01,2022-12-31
3021163,GHED_OOP_pc_US_SHA2011,COUNTRY,NLD,EUR,Europe,YEAR,2009,,,,,,,,,479.12,479.11875135,,,,2025-12-05T13:23:08Z,2009,2009-01-01,2009-12-31
3039933,GHED_OOP_pc_US_SHA2011,COUNTRY,SLB,WPR,Western Pacific,YEAR,2012,,,,,,,,,3.05,3.04837915,,,,2025-12-05T13:23:08Z,2012,2012-01-01,2012-12-31
3040083,GHED_OOP_pc_US_SHA2011,COUNTRY,TZA,AFR,Africa,YEAR,2002,,,,,,,,,7.24,7.24345513,,,,2025-12-05T13:23:08Z,2002,2002-01-01,2002-12-31
3040411,GHED_OOP_pc_US_SHA2011,COUNTRY,BHS,AMR,Americas,YEAR,2012,,,,,,,,,436.55,436.55452552,,,,2025-12-05T13:23:08Z,2012,2012-01-01,2012-12-31
3040487,GHED_OOP_pc_US_SHA2011,COUNTRY,TTO,AMR,Americas,YEAR,2017,,,,,,,,,442.08,442.08094504,,,,2025-12-05T13:23:08Z,2017,2017-01-01,2017-12-31
3040770,GHED_OOP_pc_US_SHA2011,COUNTRY,ISL,EUR,Europe,YEAR,2014,,,,,,,,,807.19,807.19291266,,,,2025-12-05T13:23:08Z,2014,2014-01-01,2014-12-31
3065370,GHED_OOP_pc_US_SHA2011,COUNTRY,LIE,EUR,Europe,YEAR,2020,,,,,,,,,1804.87,1804.87405599,,,,2025-12-05T13:23:08Z,2020,2020-01-01,2020-12-31
3071894,GHED_OOP_pc_US_SHA2011,COUNTRY,MLI,AFR,Africa,YEAR,2020,,,,,,,,,12.62,12.61679719,,,,2025-12-05T13:23:08Z,2020,2020-01-01,2020-12-31
3081895,GHED_OOP_pc_US_SHA2011,COUNTRY,UGA,AFR,Africa,YEAR,2009,,,,,,,,,19.01,19.01092129,,,,2025-12-05T13:23:08Z,2009,2009-01-01,2009-12-31
3094759,GHED_OOP_pc_US_SHA2011,COUNTRY,PNG,WPR,Western Pacific,YEAR,2021,,,,,,,,,6.32,6.31885121,,,,2025-12-05T13:23:08Z,2021,2021-01-01,2021-12-31
3106917,GHED_OOP_pc_US_SHA2011,WORLDBANKINCOMEGROUP,WB_HI,,,YEAR,2004,,,,,,,,,338.96,338.9608885,,,,2025-12-05T13:23:08Z,2004,2004-01-01,2004-12-31
3114108,GHED_OOP_pc_US_SHA2011,COUNTRY,TGO,AFR,Africa,YEAR,2009,,,,,,,,,18.51,18.50622994,,,,2025-12-05T13:23:08Z,2009,2009-01-01,2009-12-31
3151749,GHED_OOP_pc_US_SHA2011,COUNTRY,NLD,EUR,Europe,YEAR,2014,,,,,,,,,649.12,649.12219123,,,,2025-12-05T13:23:08Z,2014,2014-01-01,2014-12-31
3158450,GHED_OOP_pc_US_SHA2011,COUNTRY,BLZ,AMR,Americas,YEAR,2005,,,,,,,,,60.01,60.01000493,,,,2025-12-05T13:23:08Z,2005,2005-01-01,2005-12-31
3177182,GHED_OOP_pc_US_SHA2011,COUNTRY,NIU,WPR,Western Pacific,YEAR,2013,,,,,,,,,17.27,17.26671023,,,,2025-12-05T13:23:08Z,2013,2013-01-01,2013-12-31
3177444,GHED_OOP_pc_US_SHA2011,COUNTRY,BLR,EUR,Europe,YEAR,2008,,,,,,,,,104.12,104.11770775,,,,2025-12-05T13:23:08Z,2008,2008-01-01,2008-12-31
3183321,GHED_OOP_pc_US_SHA2011,COUNTRY,TUN,EMR,Eastern Mediterranean,YEAR,2021,,,,,,,,,106.16,106.16144465000001,,,,2025-12-05T13:23:08Z,2021,2021-01-01,2021-12-31
3196521,GHED_OOP_pc_US_SHA2011,COUNTRY,GMB,AFR,Africa,YEAR,2012,,,,,,,,,5.75,5.74920754,,,,2025-12-05T13:23:08Z,2012,2012-01-01,2012-12-31
3209139,GHED_OOP_pc_US_SHA2011,WORLDBANKINCOMEGROUP,WB_LMI,,,YEAR,2016,,,,,,,,,40.66,40.66377665,,,,2025-12-05T13:23:08Z,2016,2016-01-01,2016-12-31
3215248,GHED_OOP_pc_US_SHA2011,COUNTRY,VUT,WPR,Western Pacific,YEAR,2016,,,,,,,,,9.28,9.28349786,,,,2025-12-05T13:23:08Z,2016,2016-01-01,2016-12-31
3228186,GHED_OOP_pc_US_SHA2011,COUNTRY,EGY,EMR,Eastern Mediterranean,YEAR,2023,,,,,,,,,80.88,80.88017839,,,,2025-12-05T13:23:08Z,2023,2023-01-01,2023-12-31
3233426,GHED_OOP_pc_US_SHA2011,COUNTRY,IRQ,EMR,Eastern Mediterranean,YEAR,2014,,,,,,,,,111.02,111.02126044,,,,2025-12-05T13:23:08Z,2014,2014-01-01,2014-12-31
3233630,GHED_OOP_pc_US_SHA2011,COUNTRY,LKA,SEAR,South-East Asia,YEAR,2010,,,,,,,,,56.00,56.00213778,,,,2025-12-05T13:23:08Z,2010,2010-01-01,2010-12-31
3239780,GHED_OOP_pc_US_SHA2011,COUNTRY,MUS,AFR,Africa,YEAR,2014,,,,,,,,,273.20,273.20191043,,,,2025-12-05T13:23:08Z,2014,2014-01-01,2014-12-31
3240425,GHED_OOP_pc_US_SHA2011,COUNTRY,LAO,WPR,Western Pacific,YEAR,2013,,,,,,,,,21.18,21.18482824,,,,2025-12-05T13:23:08Z,2013,2013-01-01,2013-12-31
3253063,GHED_OOP_pc_US_SHA2011,COUNTRY,POL,EUR,Europe,YEAR,2002,,,,,,,,,83.54,83.53552851,,,,2025-12-05T13:23:08Z,2002,2002-01-01,2002-12-31
3275205,GHED_OOP_pc_US_SHA2011,COUNTRY,ARE,EMR,Eastern Mediterranean,YEAR,2006,,,,,,,,,306.35,306.35032532,,,,2025-12-05T13:23:08Z,2006,2006-01-01,2006-12-31
3287686,GHED_OOP_pc_US_SHA2011,COUNTRY,ETH,AFR,Africa,YEAR,2003,,,,,,,,,1.97,1.96755089,,,,2025-12-05T13:23:08Z,2003,2003-01-01,2003-12-31
3293919,GHED_OOP_pc_US_SHA2011,COUNTRY,ALB,EUR,Europe,YEAR,2008,,,,,,,,,133.33,133.32579587,,,,2025-12-05T13:23:08Z,2008,2008-01-01,2008-12-31
3293967,GHED_OOP_pc_US_SHA2011,COUNTRY,TJK,EUR,Europe,YEAR,2007,,,,,,,,,20.19,20.18816273,,,,2025-12-05T13:23:08Z,2007,2007-01-01,2007-12-31
3294713,GHED_OOP_pc_US_SHA2011,COUNTRY,LBR,AFR,Africa,YEAR,2003,,,,,,,,,3.30,3.29534083,,,,2025-12-05T13:23:08Z,2003,2003-01-01,2003-12-31
3313357,GHED_OOP_pc_US_SHA2011,COUNTRY,UKR,EUR,Europe,YEAR,2005,,,,,,,,,43.51,43.51236808,,,,2025-12-05T13:23:08Z,2005,2005-01-01,2005-12-31
3325860,GHED_OOP_pc_US_SHA2011,REGION,AFR,,,YEAR,2016,,,,,,,,,34.11,34.11267906,,,,2025-12-05T13:23:08Z,2016,2016-01-01,2016-12-31
3332394,GHED_OOP_pc_US_SHA2011,COUNTRY,IRL,EUR,Europe,YEAR,2004,,,,,,,,,425.60,425.59593704,,,,2025-12-05T13:23:08Z,2004,2004-01-01,2004-12-31
3350724,GHED_OOP_pc_US_SHA2011,REGION,EMR,,,YEAR,2018,,,,,,,,,113.91,113.91205636,,,,2025-12-05T13:23:08Z,2018,2018-01-01,2018-12-31
3351371,GHED_OOP_pc_US_SHA2011,COUNTRY,BEL,EUR,Europe,YEAR,2014,,,,,,,,,1022.46,1022.45858543,,,,2025-12-05T13:23:08Z,2014,2014-01-01,2014-12-31
3357752,GHED_OOP_pc_US_SHA2011,COUNTRY,BIH,EUR,Europe,YEAR,2021,,,,,,,,,214.10,214.1029602,,,,2025-12-05T13:23:08Z,2021,2021-01-01,2021-12-31
3370785,GHED_OOP_pc_US_SHA2011,COUNTRY,JPN,WPR,Western Pacific,YEAR,2004,,,,,,,,,478.54,478.53695346,,,,2025-12-05T13:23:08Z,2004,2004-01-01,2004-12-31
3377048,GHED_OOP_pc_US_SHA2011,COUNTRY,LBR,AFR,Africa,YEAR,2002,,,,,,,,,3.53,3.5339744,,,,2025-12-05T13:23:08Z,2002,2002-01-01,2002-12-31
3382700,GHED_OOP_pc_US_SHA2011,COUNTRY,MUS,AFR,Africa,YEAR,2006,,,,,,,,,107.54,107.54132788,,,,2025-12-05T13:23:08Z,2006,2006-01-01,2006-12-31
3382961,GHED_OOP_pc_US_SHA2011,COUNTRY,NGA,AFR,Africa,YEAR,2019,,,,,,,,,48.35,48.35017884,,,,2025-12-05T13:23:08Z,2019,2019-01-01,2019-12-31
3383146,GHED_OOP_pc_US_SHA2011,COUNTRY,TLS,SEAR,South-East Asia,YEAR,2015,,,,,,,,,7.47,7.46806469,,,,2025-12-05T13:23:08Z,2015,2015-01-01,2015-12-31
3389033,GHED_OOP_pc_US_SHA2011,COUNTRY,GUY,AMR,Americas,YEAR,2000,,,,,,,,,25.11,25.10634631,,,,2025-12-05T13:23:08Z,2000,2000-01-01,2000-12-31
3408615,GHED_OOP_pc_US_SHA2011,COUNTRY,SLE,AFR,Africa,YEAR,2001,,,,,,,,,15.03,15.02614123,,,,2025-12-05T13:23:08Z,2001,2001-01-01,2001-12-31
3420736,GHED_OOP_pc_US_SHA2011,COUNTRY,SVK,EUR,Europe,YEAR,2011,,,,,,,,,318.79,318.7912259,,,,2025-12-05T13:23:08Z,2011,2011-01-01,2011-12-31
3420921,GHED_OOP_pc_US_SHA2011,COUNTRY,PHL,WPR,Western Pacific,YEAR,2019,,,,,,,,,69.13,69.12736773,,,,2025-12-05T13:23:08Z,2019,2019-01-01,2019-12-31
3440529,GHED_OOP_pc_US_SHA2011,COUNTRY,ETH,AFR,Africa,YEAR,2022,,,,,,,,,12.07,12.07151494,,,,2025-12-05T13:23:08Z,2022,2022-01-01,2022-12-31
3452360,GHED_OOP_pc_US_SHA2011,COUNTRY,HUN,EUR,Europe,YEAR,2003,,,,,,,,,179.97,179.97059235,,,,2025-12-05T13:23:08Z,2003,2003-01-01,2003-12-31
3471233,GHED_OOP_pc_US_SHA2011,COUNTRY,ISL,EUR,Europe,YEAR,2004,,,,,,,,,781.52,781.51556727,,,,2025-12-05T13:23:08Z,2004,2004-01-01,2004-12-31
3471915,GHED_OOP_pc_US_SHA2011,COUNTRY,MAR,EMR,Eastern Mediterranean,YEAR,2002,,,,,,,,,34.24,34.23566277,,,,2025-12-05T13:23:08Z,2002,2002-01-01,2002-12-31
3687,GHED_OOP_pc_US_SHA2011,COUNTRY,KAZ,EUR,Europe,YEAR,2007,,,,,,,,,57.14,57.13793894,,,,2025-12-05T13:23:08Z,2007,2007-01-01,2007-12-31
29903,GHED_OOP_pc_US_SHA2011,COUNTRY,TCD,AFR,Africa,YEAR,2014,,,,,,,,,23.49,23.49359966,,,,2025-12-05T13:23:08Z,2014,2014-01-01,2014-12-31
36281,GHED_OOP_pc_US_SHA2011,COUNTRY,WSM,WPR,Western Pacific,YEAR,2021,,,,,,,,,35.25,35.24723325,,,,2025-12-05T13:23:08Z,2021,2021-01-01,2021-12-31
41943,GHED_OOP_pc_US_SHA2011,COUNTRY,KGZ,EUR,Europe,YEAR,2002,,,,,,,,,7.45,7.44559079,,,,2025-12-05T13:23:08Z,2002,2002-01-01,2002-12-31
48721,GHED_OOP_pc_US_SHA2011,COUNTRY,GBR,EUR,Europe,YEAR,2017,,,,,,,,,623.43,623.43176183,,,,2025-12-05T13:23:08Z,2017,2017-01-01,2017-12-31
49351,GHED_OOP_pc_US_SHA2011,COUNTRY,PLW,WPR,Western Pacific,YEAR,2022,,,,,,,,,338.98,338.98398615,,,,2025-12-05T13:23:08Z,2022,2022-01-01,2022-12-31
54986,GHED_OOP_pc_US_SHA2011,COUNTRY,SAU,EMR,Eastern Mediterranean,YEAR,2002,,,,,,,,,83.00,83.00341569,,,,2025-12-05T13:23:08Z,2002,2002-01-01,2002-12-31
67873,GHED_OOP_pc_US_SHA2011,COUNTRY,WSM,WPR,Western Pacific,YEAR,2012,,,,,,,,,27.43,27.42683818,,,,2025-12-05T13:23:08Z,2012,2012-01-01,2012-12-31
73805,GHED_OOP_pc_US_SHA2011,COUNTRY,BLZ,AMR,Americas,YEAR,2011,,,,,,,,,60.77,60.76604431,,,,2025-12-05T13:23:08Z,2011,2011-01-01,2011-12-31
80037,GHED_OOP_pc_US_SHA2011,COUNTRY,JAM,AMR,Americas,YEAR,2020,,,,,,,,,89.14,89.1355426,,,,2025-12-05T13:23:08Z,2020,2020-01-01,2020-12-31
118258,GHED_OOP_pc_US_SHA2011,COUNTRY,AFG,EMR,Eastern Mediterranean,YEAR,2017,,,,,,,,,50.44,50.44039361,,,,2025-12-05T13:23:08Z,2017,2017-01-01,2017-12-31
143228,GHED_OOP_pc_US_SHA2011,COUNTRY,BGD,SEAR,South-East Asia,YEAR,2007,,,,,,,,,9.32,9.32374711,,,,2025-12-05T13:23:08Z,2007,2007-01-01,2007-12-31
163108,GHED_OOP_pc_US_SHA2011,COUNTRY,BEN,AFR,Africa,YEAR,2020,,,,,,,,,19.60,19.59604185,,,,2025-12-05T13:23:08Z,2020,2020-01-01,2020-12-31
163169,GHED_OOP_pc_US_SHA2011,WORLDBANKINCOMEGROUP,WB_UMI,,,YEAR,2018,,,,,,,,,137.14,137.13836178,,,,2025-12-05T13:23:08Z,2018,2018-01-01,2018-12-31
187850,GHED_OOP_pc_US_SHA2011,COUNTRY,ITA,EUR,Europe,YEAR,2011,,,,,,,,,739.88,739.87922099,,,,2025-12-05T13:23:08Z,2011,2011-01-01,2011-12-31
187970,GHED_OOP_pc_US_SHA2011,COUNTRY,SLB,WPR,Western Pacific,YEAR,2023,,,,,,,,,3.52,3.51937787,,,,2025-12-05T13:23:08Z,2023,2023-01-01,2023-12-31
200309,GHED_OOP_pc_US_SHA2011,COUNTRY,KEN,AFR,Africa,YEAR,2000,,,,,,,,,10.19,10.19234879,,,,2025-12-05T13:23:08Z,2000,2000-01-01,2000-12-31
200314,GHED_OOP_pc_US_SHA2011,COUNTRY,IRQ,EMR,Eastern Mediterranean,YEAR,2015,,,,,,,,,113.58,113.58470947,,,,2025-12-05T13:23:08Z,2015,2015-01-01,2015-12-31
200721,GHED_OOP_pc_US_SHA2011,COUNTRY,SLE,AFR,Africa,YEAR,2005,,,,,,,,,18.33,18.32511861,,,,2025-12-05T13:23:08Z,2005,2005-01-01,2005-12-31
207001,GHED_OOP_pc_US_SHA2011,COUNTRY,SVK,EUR,Europe,YEAR,2013,,,,,,,,,319.62,319.61565897,,,,2025-12-05T13:23:08Z,2013,2013-01-01,2013-12-31
219914,GHED_OOP_pc_US_SHA2011,COUNTRY,SGP,WPR,Western Pacific,YEAR,2010,,,,,,,,,627.16,627.16424632,,,,2025-12-05T13:23:08Z,2010,2010-01-01,2010-12-31
245319,GHED_OOP_pc_US_SHA2011,REGION,AMR,,,YEAR,2021,,,,,,,,,266.10,266.09797274,,,,2025-12-05T13:23:08Z,2021,2021-01-01,2021-12-31
276496,GHED_OOP_pc_US_SHA2011,REGION,EMR,,,YEAR,2019,,,,,,,,,107.35,107.35478429,,,,2025-12-05T13:23:08Z,2019,2019-01-01,2019-12-31
307505,GHED_OOP_pc_US_SHA2011,REGION,EMR,,,YEAR,2004,,,,,,,,,78.10,78.10199578,,,,2025-12-05T13:23:08Z,2004,2004-01-01,2004-12-31
320523,GHED_OOP_pc_US_SHA2011,COUNTRY,ECU,AMR,Americas,YEAR,2014,,,,,,,,,134.18,134.17600842,,,,2025-12-05T13:23:08Z,2014,2014-01-01,2014-12-31
339137,GHED_OOP_pc_US_SHA2011,COUNTRY,MAR,EMR,Eastern Mediterranean,YEAR,2021,,,,,,,,,87.59,87.59184161,,,,2025-12-05T13:23:08Z,2021,2021-01-01,2021-12-31
365036,GHED_OOP_pc_US_SHA2011,COUNTRY,SWZ,AFR,Africa,YEAR,2021,,,,,,,,,32.06,32.05833203,,,,2025-12-05T13:23:08Z,2021,2021-01-01,2021-12-31
371614,GHED_OOP_pc_US_SHA2011,COUNTRY,SDN,EMR,Eastern Mediterranean,YEAR,2015,,,,,,,,,74.40,74.39607975,,,,2025-12-05T13:23:08Z,2015,2015-01-01,2015-12-31
384025,GHED_OOP_pc_US_SHA2011,COUNTRY,IDN,WPR,Western Pacific,YEAR,2022,,,,,,,,,42.01,42.00919965,,,,2025-12-05T13:23:08Z,2022,2022-01-01,2022-12-31
384266,GHED_OOP_pc_US_SHA2011,COUNTRY,KAZ,EUR,Europe,YEAR,2012,,,,,,,,,101.56,101.55596243,,,,2025-12-05T13:23:08Z,2012,2012-01-01,2012-12-31
408598,GHED_OOP_pc_US_SHA2011,COUNTRY,BGD,SEAR,South-East Asia,YEAR,2003,,,,,,,,,6.29,6.29121179,,,,2025-12-05T13:23:08Z,2003,2003-01-01,2003-12-31
409006,GHED_OOP_pc_US_SHA2011,COUNTRY,BTN,SEAR,South-East Asia,YEAR,2011,,,,,,,,,12.71,12.70810939,,,,2025-12-05T13:23:08Z,2011,2011-01-01,2011-12-31
415053,GHED_OOP_pc_US_SHA2011,COUNTRY,LBN,EMR,Eastern Mediterranean,YEAR,2009,,,,,,,,,221.46,221.45939001,,,,2025-12-05T13:23:08Z,2009,2009-01-01,2009-12-31
415388,GHED_OOP_pc_US_SHA2011,COUNTRY,HRV,EUR,Europe,YEAR,2004,,,,,,,,,114.89,114.88773859,,,,2025-12-05T13:23:08Z,2004,2004-01-01,2004-12-31
452741,GHED_OOP_pc_US_SHA2011,COUNTRY,SWE,EUR,Europe,YEAR,2001,,,,,,,,,370.54,370.54408564,,,,2025-12-05T13:23:08Z,2001,2001-01-01,2001-12-31
459421,GHED_OOP_pc_US_SHA2011,COUNTRY,UGA,AFR,Africa,YEAR,2003,,,,,,,,,6.46,6.46472966,,,,2025-12-05T13:23:08Z,2003,2003-01-01,2003-12-31
465439,GHED_OOP_pc_US_SHA2011,COUNTRY,DEU,EUR,Europe,YEAR,2014,,,,,,,,,653.00,653.00423806,,,,2025-12-05T13:23:08Z,2014,2014-01-01,2014-12-31
478715,GHED_OOP_pc_US_SHA2011,COUNTRY,ESP,EUR,Europe,YEAR,2023,,,,,,,,,647.90,647.89805934,,,,2025-12-05T13:23:08Z,2023,2023-01-01,2023-12-31
491424,GHED_OOP_pc_US_SHA2011,COUNTRY,SYR,EMR,Eastern Mediterranean,YEAR,2014,,,,,,,,,22.95,22.95253113,,,,2025-12-05T13:23:08Z,2014,2014-01-01,2014-12-31
503520,GHED_OOP_pc_US_SHA2011,COUNTRY,HUN,EUR,Europe,YEAR,2004,,,,,,,,,206.26,206.256823,,,,2025-12-05T13:23:08Z,2004,2004-01-01,2004-12-31
529099,GHED_OOP_pc_US_SHA2011,COUNTRY,JPN,WPR,Western Pacific,YEAR,2013,,,,,,,,,553.29,553.28754931,,,,2025-12-05T13:23:08Z,2013,2013-01-01,2013-12-31
548004,GHED_OOP_pc_US_SHA2011,COUNTRY,BOL,AMR,Americas,YEAR,2004,,,,,,,,,15.11,15.10866988,,,,2025-12-05T13:23:08Z,2004,2004-01-01,2004-12-31
554147,GHED_OOP_pc_US_SHA2011,COUNTRY,DNK,EUR,Europe,YEAR,2003,,,,,,,,,524.39,524.39134823,,,,2025-12-05T13:23:08Z,2003,2003-01-01,2003-12-31
574373,GHED_OOP_pc_US_SHA2011,COUNTRY,IRL,EUR,Europe,YEAR,2020,,,,,,,,,694.49,694.49398789,,,,2025-12-05T13:23:08Z,2020,2020-01-01,2020-12-31
587128,GHED_OOP_pc_US_SHA2011,COUNTRY,MUS,AFR,Africa,YEAR,2015,,,,,,,,,255.68,255.67832161,,,,2025-12-05T13:23:08Z,2015,2015-01-01,2015-12-31
599138,GHED_OOP_pc_US_SHA2011,COUNTRY,NPL,SEAR,South-East Asia,YEAR,2002,,,,,,,,,5.44,5.43679873,,,,2025-12-05T13:23:08Z,2002,2002-01-01,2002-12-31
605647,GHED_OOP_pc_US_SHA2011,COUNTRY,ARG,AMR,Americas,YEAR,2003,,,,,,,,,73.45,73.44695059,,,,2025-12-05T13:23:08Z,2003,2003-01-01,2003-12-31
611905,GHED_OOP_pc_US_SHA2011,COUNTRY,TGO,AFR,Africa,YEAR,2014,,,,,,,,,24.05,24.04747874,,,,2025-12-05T13:23:08Z,2014,2014-01-01,2014-12-31
618045,GHED_OOP_pc_US_SHA2011,COUNTRY,BEN,AFR,Africa,YEAR,2000,,,,,,,,,7.92,7.92009685,,,,2025-12-05T13:23:08Z,2000,2000-01-01,2000-12-31
625066,GHED_OOP_pc_US_SHA2011,COUNTRY,MDV,SEAR,South-East Asia,YEAR,2009,,,,,,,,,233.24,233.23721624,,,,2025-12-05T13:23:08Z,2009,2009-01-01,2009-12-31
637739,GHED_OOP_pc_US_SHA2011,REGION,EUR,,,YEAR,2013,,,,,,,,,486.07,486.07388038,,,,2026-01-12T13:50:53Z,2013,2013-01-01,2013-12-31
643572,GHED_OOP_pc_US_SHA2011,COUNTRY,BHS,AMR,Americas,YEAR,2005,,,,,,,,,350.17,350.17256489,,,,2025-12-05T13:23:08Z,2005,2005-01-01,2005-12-31
643607,GHED_OOP_pc_US_SHA2011,COUNTRY,TUV,WPR,Western Pacific,YEAR,2020,,,,,,,,,2.49,2.49313022,,,,2025-12-05T13:23:08Z,2020,2020-01-01,2020-12-31
649452,GHED_OOP_pc_US_SHA2011,COUNTRY,ITA,EUR,Europe,YEAR,2010,,,,,,,,,655.66,655.65880407,,,,2025-12-05T13:23:08Z,2010,2010-01-01,2010-12-31
662939,GHED_OOP_pc_US_SHA2011,COUNTRY,GIN,AFR,Africa,YEAR,2015,,,,,,,,,21.43,21.42654748,,,,2025-12-05T13:23:08Z,2015,2015-01-01,2015-12-31
668614,GHED_OOP_pc_US_SHA2011,COUNTRY,ARG,AMR,Americas,YEAR,2005,,,,,,,,,128.75,128.74968308,,,,2025-12-05T13:23:08Z,2005,2005-01-01,2005-12-31
674689,GHED_OOP_pc_US_SHA2011,REGION,EUR,,,YEAR,2005,,,,,,,,,332.97,332.97213205,,,,2025-12-05T13:23:08Z,2005,2005-01-01,2005-12-31
687575,GHED_OOP_pc_US_SHA2011,COUNTRY,NIU,WPR,Western Pacific,YEAR,2009,,,,,,,,,11.98,11.98263433,,,,2025-12-05T13:23:08Z,2009,2009-01-01,2009-12-31
687755,GHED_OOP_pc_US_SHA2011,COUNTRY,TON,WPR,Western Pacific,YEAR,2011,,,,,,,,,14.90,14.8995273,,,,2025-12-05T13:23:08Z,2011,2011-01-01,2011-12-31
725676,GHED_OOP_pc_US_SHA2011,COUNTRY,POL,EUR,Europe,YEAR,2014,,,,,,,,,207.21,207.20606431,,,,2025-12-05T13:23:08Z,2014,2014-01-01,2014-12-31
732043,GHED_OOP_pc_US_SHA2011,COUNTRY,UZB,EUR,Europe,YEAR,2017,,,,,,,,,52.96,52.95509877,,,,2025-12-05T13:23:08Z,2017,2017-01-01,2017-12-31
738746,GHED_OOP_pc_US_SHA2011,COUNTRY,SAU,EMR,Eastern Mediterranean,YEAR,2013,,,,,,,,,170.84,170.83632964,,,,2025-12-05T13:23:08Z,2013,2013-01-01,2013-12-31
757275,GHED_OOP_pc_US_SHA2011,COUNTRY,MDG,AFR,Africa,YEAR,2008,,,,,,,,,7.78,7.77956272,,,,2025-12-05T13:23:08Z,2008,2008-01-01,2008-12-31
763848,GHED_OOP_pc_US_SHA2011,COUNTRY,COD,AFR,Africa,YEAR,2010,,,,,,,,,4.50,4.49876249,,,,2025-12-05T13:23:08Z,2010,2010-01-01,2010-12-31
807808,GHED_OOP_pc_US_SHA2011,COUNTRY,CPV,AFR,Africa,YEAR,2006,,,,,,,,,26.92,26.92468986,,,,2025-12-05T13:23:08Z,2006,2006-01-01,2006-12-31
826833,GHED_OOP_pc_US_SHA2011,COUNTRY,BLR,EUR,Europe,YEAR,2002,,,,,,,,,19.79,19.79355257,,,,2025-12-05T13:23:08Z,2002,2002-01-01,2002-12-31
852365,GHED_OOP_pc_US_SHA2011,COUNTRY,KWT,EMR,Eastern Mediterranean,YEAR,2003,,,,,,,,,130.41,130.41358649,,,,2025-12-05T13:23:08Z,2003,2003-01-01,2003-12-31
871388,GHED_OOP_pc_US_SHA2011,COUNTRY,TUR,EUR,Europe,YEAR,2004,,,,,,,,,59.06,59.06036477,,,,2025-12-05T13:23:08Z,2004,2004-01-01,2004-12-31
871457,GHED_OOP_pc_US_SHA2011,REGION,WPR,,,YEAR,2019,,,,,,,,,172.62,172.62283436,,,,2025-12-05T13:23:08Z,2019,2019-01-01,2019-12-31
872153,GHED_OOP_pc_US_SHA2011,COUNTRY,TGO,AFR,Africa,YEAR,2000,,,,,,,,,10.65,10.65462051,,,,2025-12-05T13:23:08Z,2000,2000-01-01,2000-12-31
890550,GHED_OOP_pc_US_SHA2011,COUNTRY,IND,SEAR,South-East Asia,YEAR,2010,,,,,,,,,29.20,29.20007681,,,,2025-12-05T13:23:08Z,2010,2010-01-01,2010-12-31
921886,GHED_OOP_pc_US_SHA2011,COUNTRY,NZL,WPR,Western Pacific,YEAR,2021,,,,,,,,,644.23,644.23016433,,,,2025-12-05T13:23:08Z,2021,2021-01-01,2021-12-31
947526,GHED_OOP_pc_US_SHA2011,COUNTRY,STP,AFR,Africa,YEAR,2014,,,,,,,,,17.86,17.8560334,,,,2025-12-05T13:23:08Z,2014,2014-01-01,2014-12-31
953931,GHED_OOP_pc_US_SHA2011,COUNTRY,RWA,AFR,Africa,YEAR,2014,,,,,,,,,6.10,6.10458265,,,,2025-12-05T13:23:08Z,2014,2014-01-01,2014-12-31
954374,GHED_OOP_pc_US_SHA2011,COUNTRY,MLI,AFR,Africa,YEAR,2023,,,,,,,,,16.05,16.04885499,,,,2026-01-12T13:50:53Z,2023,2023-01-01,2023-12-31
960310,GHED_OOP_pc_US_SHA2011,COUNTRY,BRB,AMR,Americas,YEAR,2006,,,,,,,,,363.84,363.83657176,,,,2025-12-05T13:23:08Z,2006,2006-01-01,2006-12-31
979211,GHED_OOP_pc_US_SHA2011,COUNTRY,CYP,EUR,Europe,YEAR,2002,,,,,,,,,469.92,469.92229881,,,,2025-12-05T13:23:08Z,2002,2002-01-01,2002-12-31
979953,GHED_OOP_pc_US_SHA2011,COUNTRY,DMA,AMR,Americas,YEAR,2007,,,,,,,,,126.01,126.00636893,,,,2025-12-05T13:23:08Z,2007,2007-01-01,2007-12-31
1004772,GHED_OOP_pc_US_SHA2011,COUNTRY,MDG,AFR,Africa,YEAR,2018,,,,,,,,,6.20,6.19615614,,,,2025-12-05T13:23:08Z,2018,2018-01-01,2018-12-31
1010799,GHED_OOP_pc_US_SHA2011,COUNTRY,TUN,EMR,Eastern Mediterranean,YEAR,2017,,,,,,,,,90.71,90.70695115,,,,2025-12-05T13:23:08Z,2017,2017-01-01,2017-12-31
1011081,GHED_OOP_pc_US_SHA2011,COUNTRY,STP,AFR,Africa,YEAR,2001,,,,,,,,,20.57,20.56615695,,,,2025-12-05T13:23:08Z,2001,2001-01-01,2001-12-31
1024234,GHED_OOP_pc_US_SHA2011,COUNTRY,STP,AFR,Africa,YEAR,2015,,,,,,,,,13.68,13.67596712,,,,2025-12-05T13:23:08Z,2015,2015-01-01,2015-12-31
1036238,GHED_OOP_pc_US_SHA2011,COUNTRY,LTU,EUR,Europe,YEAR,2000,,,,,,,,,58.97,58.96802679,,,,2025-12-05T13:23:08Z,2000,2000-01-01,2000-12-31
1042753,GHED_OOP_pc_US_SHA2011,COUNTRY,AFG,EMR,Eastern Mediterranean,YEAR,2018,,,,,,,,,54.29,54.28991757,,,,2025-12-05T13:23:08Z,2018,2018-01-01,2018-12-31
1049140,GHED_OOP_pc_US_SHA2011,COUNTRY,PAN,AMR,Americas,YEAR,2002,,,,,,,,,100.61,100.60971511,,,,2025-12-05T13:23:08Z,2002,2002-01-01,2002-12-31
1062308,GHED_OOP_pc_US_SHA2011,COUNTRY,GRC,EUR,Europe,YEAR,2012,,,,,,,,,593.22,593.22098371,,,,2025-12-05T13:23:08Z,2012,2012-01-01,2012-12-31
1080810,GHED_OOP_pc_US_SHA2011,COUNTRY,USA,AMR,Americas,YEAR,2015,,,,,,,,,1081.45,1081.45353932,,,,2025-12-05T13:23:08Z,2015,2015-01-01,2015-12-31
1087454,GHED_OOP_pc_US_SHA2011,COUNTRY,ROU,EUR,Europe,YEAR,2003,,,,,,,,,21.71,21.71438551,,,,2025-12-05T13:23:08Z,2003,2003-01-01,2003-12-31
1093410,GHED_OOP_pc_US_SHA2011,COUNTRY,MDA,EUR,Europe,YEAR,2004,,,,,,,,,24.66,24.6607072,,,,2025-12-05T13:23:08Z,2004,2004-01-01,2004-12-31
1093734,GHED_OOP_pc_US_SHA2011,COUNTRY,CHE,EUR,Europe,YEAR,2023,,,,,,,,,2595.63,2595.63316909,,,,2025-12-05T13:23:08Z,2023,2023-01-01,2023-12-31
1132086,GHED_OOP_pc_US_SHA2011,COUNTRY,TON,WPR,Western Pacific,YEAR,2013,,,,,,,,,15.22,15.21696697,,,,2025-12-05T13:23:08Z,2013,2013-01-01,2013-12-31
1137849,GHED_OOP_pc_US_SHA2011,COUNTRY,PSE,EMR,Eastern Mediterranean,YEAR,2011,,,,,,,,,137.53,137.53059319,,,,2025-12-05T13:23:08Z,2011,2011-01-01,2011-12-31
1144775,GHED_OOP_pc_US_SHA2011,COUNTRY,GRD,AMR,Americas,YEAR,2009,,,,,,,,,205.59,205.58834196,,,,2025-12-05T13:23:08Z,2009,2009-01-01,2009-12-31
1151412,GHED_OOP_pc_US_SHA2011,COUNTRY,TTO,AMR,Americas,YEAR,2006,,,,,,,,,280.52,280.52442382,,,,2025-12-05T13:23:08Z,2006,2006-01-01,2006-12-31
1157077,GHED_OOP_pc_US_SHA2011,COUNTRY,MKD,EUR,Europe,YEAR,2015,,,,,,,,,110.41,110.40980963,,,,2025-12-05T13:23:08Z,2015,2015-01-01,2015-12-31
1157528,GHED_OOP_pc_US_SHA2011,COUNTRY,NIU,WPR,Western Pacific,YEAR,2008,,,,,,,,,12.03,12.03135692,,,,2025-12-05T13:23:08Z,2008,2008-01-01,2008-12-31
1169670,GHED_OOP_pc_US_SHA2011,COUNTRY,HND,AMR,Americas,YEAR,2009,,,,,,,,,71.96,71.95848448,,,,2025-12-05T13:23:08Z,2009,2009-01-01,2009-12-31
1226899,GHED_OOP_pc_US_SHA2011,COUNTRY,ROU,EUR,Europe,YEAR,2002,,,,,,,,,17.22,17.22464827,,,,2025-12-05T13:23:08Z,2002,2002-01-01,2002-12-31
1252647,GHED_OOP_pc_US_SHA2011,COUNTRY,URY,AMR,Americas,YEAR,2023,,,,,,,,,354.97,354.97291572,,,,2025-12-05T13:23:08Z,2023,2023-01-01,2023-12-31
1258791,GHED_OOP_pc_US_SHA2011,COUNTRY,COG,AFR,Africa,YEAR,2013,,,,,,,,,22.03,22.02641174,,,,2025-12-05T13:23:08Z,2013,2013-01-01,2013-12-31
1265191,GHED_OOP_pc_US_SHA2011,COUNTRY,SYR,EMR,Eastern Mediterranean,YEAR,2022,,,,,,,,,31.93,31.92856253,,,,2025-12-05T13:23:08Z,2022,2022-01-01,2022-12-31
1302414,GHED_OOP_pc_US_SHA2011,COUNTRY,ZMB,AFR,Africa,YEAR,2004,,,,,,,,,9.32,9.31813535,,,,2025-12-05T13:23:08Z,2004,2004-01-01,2004-12-31
1302698,GHED_OOP_pc_US_SHA2011,COUNTRY,CHE,EUR,Europe,YEAR,2010,,,,,,,,,1839.94,1839.9354245,,,,2025-12-05T13:23:08Z,2010,2010-01-01,2010-12-31
1309613,GHED_OOP_pc_US_SHA2011,COUNTRY,BDI,AFR,Africa,YEAR,2013,,,,,,,,,4.23,4.2272891,,,,2025-12-05T13:23:08Z,2013,2013-01-01,2013-12-31
1315364,GHED_OOP_pc_US_SHA2011,COUNTRY,KHM,WPR,Western Pacific,YEAR,2015,,,,,,,,,41.03,41.02872873,,,,2025-12-05T13:23:08Z,2015,2015-01-01,2015-12-31
1321837,GHED_OOP_pc_US_SHA2011,COUNTRY,NAM,AFR,Africa,YEAR,2019,,,,,,,,,31.55,31.54868249,,,,2025-12-05T13:23:08Z,2019,2019-01-01,2019-12-31
1352903,GHED_OOP_pc_US_SHA2011,COUNTRY,DEU,EUR,Europe,YEAR,2006,,,,,,,,,511.53,511.52716452,,,,2025-12-05T13:23:08Z,2006,2006-01-01,2006-12-31
1372262,GHED_OOP_pc_US_SHA2011,COUNTRY,SWZ,AFR,Africa,YEAR,2014,,,,,,,,,29.80,29.79817928,,,,2025-12-05T13:23:08Z,2014,2014-01-01,2014-12-31
1410246,GHED_OOP_pc_US_SHA2011,COUNTRY,LIE,EUR,Europe,YEAR,2019,,,,,,,,,2091.92,2091.920744,,,,2025-12-05T13:23:08Z,2019,2019-01-01,2019-12-31
1410404,GHED_OOP_pc_US_SHA2011,COUNTRY,COD,AFR,Africa,YEAR,2009,,,,,,,,,5.79,5.79325374,,,,2025-12-05T13:23:08Z,2009,2009-01-01,2009-12-31
1422405,GHED_OOP_pc_US_SHA2011,COUNTRY,SMR,EUR,Europe,YEAR,2023,,,,,,,,,513.66,513.65935629,,,,2025-12-05T13:23:08Z,2023,2023-01-01,2023-12-31
1429445,GHED_OOP_pc_US_SHA2011,COUNTRY,URY,AMR,Americas,YEAR,2014,,,,,,,,,255.68,255.67905191,,,,2025-12-05T13:23:08Z,2014,2014-01-01,2014-12-31
1429465,GHED_OOP_pc_US_SHA2011,COUNTRY,DOM,AMR,Americas,YEAR,2007,,,,,,,,,87.81,87.80793336,,,,2025-12-05T13:23:08Z,2007,2007-01-01,2007-12-31
1447808,GHED_OOP_pc_US_SHA2011,COUNTRY,SLE,AFR,Africa,YEAR,2008,,,,,,,,,26.66,26.6589862,,,,2025-12-05T13:23:08Z,2008,2008-01-01,2008-12-31
1460908,GHED_OOP_pc_US_SHA2011,COUNTRY,BTN,SEAR,South-East Asia,YEAR,2021,,,,,,,,,46.06,46.05795001,,,,2025-12-05T13:23:08Z,2021,2021-01-01,2021-12-31
1473161,GHED_OOP_pc_US_SHA2011,WORLDBANKINCOMEGROUP,WB_HI,,,YEAR,2011,,,,,,,,,493.04,493.04015034,,,,2025-12-05T13:23:08Z,2011,2011-01-01,2011-12-31
1479626,GHED_OOP_pc_US_SHA2011,COUNTRY,COL,AMR,Americas,YEAR,2005,,,,,,,,,34.40,34.40469039,,,,2025-12-05T13:23:08Z,2005,2005-01-01,2005-12-31
1480288,GHED_OOP_pc_US_SHA2011,COUNTRY,BRN,WPR,Western Pacific,YEAR,2009,,,,,,,,,70.23,70.22719327,,,,2025-12-05T13:23:08Z,2009,2009-01-01,2009-12-31
1486264,GHED_OOP_pc_US_SHA2011,COUNTRY,BLR,EUR,Europe,YEAR,2016,,,,,,,,,79.33,79.3270171,,,,2025-12-05T13:23:08Z,2016,2016-01-01,2016-12-31
1524297,GHED_OOP_pc_US_SHA2011,COUNTRY,ZWE,AFR,Africa,YEAR,2021,,,,,,,,,5.41,5.41156764,,,,2025-12-05T13:23:08Z,2021,2021-01-01,2021-12-31
1529973,GHED_OOP_pc_US_SHA2011,COUNTRY,KGZ,EUR,Europe,YEAR,2004,,,,,,,,,12.29,12.28881122,,,,2025-12-05T13:23:08Z,2004,2004-01-01,2004-12-31
1537178,GHED_OOP_pc_US_SHA2011,COUNTRY,SLV,AMR,Americas,YEAR,2009,,,,,,,,,98.85,98.84759193,,,,2025-12-05T13:23:08Z,2009,2009-01-01,2009-12-31
1567833,GHED_OOP_pc_US_SHA2011,COUNTRY,MNG,WPR,Western Pacific,YEAR,2012,,,,,,,,,53.46,53.4562076,,,,2025-12-05T13:23:08Z,2012,2012-01-01,2012-12-31
1574665,GHED_OOP_pc_US_SHA2011,COUNTRY,SRB,EUR,Europe,YEAR,2005,,,,,,,,,91.71,91.70543377,,,,2025-12-05T13:23:08Z,2005,2005-01-01,2005-12-31
1593417,GHED_OOP_pc_US_SHA2011,COUNTRY,OMN,EMR,Eastern Mediterranean,YEAR,2017,,,,,,,,,41.83,41.83297244,,,,2025-12-05T13:23:08Z,2017,2017-01-01,2017-12-31
1593439,GHED_OOP_pc_US_SHA2011,COUNTRY,PNG,WPR,Western Pacific,YEAR,2003,,,,,,,,,1.93,1.93100822,,,,2025-12-05T13:23:08Z,2003,2003-01-01,2003-12-31
1605207,GHED_OOP_pc_US_SHA2011,COUNTRY,GIN,AFR,Africa,YEAR,2006,,,,,,,,,11.44,11.4426927,,,,2025-12-05T13:23:08Z,2006,2006-01-01,2006-12-31
1643709,GHED_OOP_pc_US_SHA2011,COUNTRY,BLR,EUR,Europe,YEAR,2014,,,,,,,,,156.42,156.42261816,,,,2025-12-05T13:23:08Z,2014,2014-01-01,2014-12-31
1644282,GHED_OOP_pc_US_SHA2011,COUNTRY,MNG,WPR,Western Pacific,YEAR,2018,,,,,,,,,82.89,82.88873833,,,,2025-12-05T13:23:08Z,2018,2018-01-01,2018-12-31
1662540,GHED_OOP_pc_US_SHA2011,COUNTRY,BRN,WPR,Western Pacific,YEAR,2020,,,,,,,,,38.25,38.25401758,,,,2025-12-05T13:23:08Z,2020,2020-01-01,2020-12-31
1681323,GHED_OOP_pc_US_SHA2011,COUNTRY,NOR,EUR,Europe,YEAR,2022,,,,,,,,,1223.52,1223.51743363,,,,2025-12-05T13:23:08Z,2022,2022-01-01,2022-12-31
1682246,GHED_OOP_pc_US_SHA2011,COUNTRY,TUN,EMR,Eastern Mediterranean,YEAR,2003,,,,,,,,,60.91,60.90884178,,,,2025-12-05T13:23:08Z,2003,2003-01-01,2003-12-31
1700305,GHED_OOP_pc_US_SHA2011,COUNTRY,DMA,AMR,Americas,YEAR,2017,,,,,,,,,118.76,118.76350124,,,,2025-12-05T13:23:08Z,2017,2017-01-01,2017-12-31
1725923,GHED_OOP_pc_US_SHA2011,COUNTRY,UKR,EUR,Europe,YEAR,2013,,,,,,,,,132.88,132.87811286,,,,2025-12-05T13:23:08Z,2013,2013-01-01,2013-12-31
1732361,GHED_OOP_pc_US_SHA2011,COUNTRY,PER,AMR,Americas,YEAR,2002,,,,,,,,,39.01,39.00643549,,,,2025-12-05T13:23:08Z,2002,2002-01-01,2002-12-31
1732390,GHED_OOP_pc_US_SHA2011,COUNTRY,ERI,AFR,Africa,YEAR,2006,,,,,,,,,8.19,8.19172372,,,,2025-12-05T13:23:08Z,2006,2006-01-01,2006-12-31
1777009,GHED_OOP_pc_US_SHA2011,COUNTRY,DOM,AMR,Americas,YEAR,2015,,,,,,,,,96.59,96.59213956,,,,2025-12-05T13:23:08Z,2015,2015-01-01,2015-12-31
1796105,GHED_OOP_pc_US_SHA2011,COUNTRY,IND,SEAR,South-East Asia,YEAR,2018,,,,,,,,,30.59,30.58885887,,,,2025-12-05T13:23:08Z,2018,2018-01-01,2018-12-31
1802635,GHED_OOP_pc_US_SHA2011,COUNTRY,CRI,AMR,Americas,YEAR,2001,,,,,,,,,81.61,81.61298139,,,,2025-12-05T13:23:08Z,2001,2001-01-01,2001-12-31
1815398,GHED_OOP_pc_US_SHA2011,COUNTRY,MEX,AMR,Americas,YEAR,2017,,,,,,,,,214.19,214.18615243,,,,2025-12-05T13:23:08Z,2017,2017-01-01,2017-12-31
1821436,GHED_OOP_pc_US_SHA2011,COUNTRY,GAB,AFR,Africa,YEAR,2002,,,,,,,,,71.50,71.50010429,,,,2025-12-05T13:23:08Z,2002,2002-01-01,2002-12-31
1839950,GHED_OOP_pc_US_SHA2011,COUNTRY,NER,AFR,Africa,YEAR,2010,,,,,,,,,13.04,13.03786803,,,,2025-12-05T13:23:08Z,2010,2010-01-01,2010-12-31
1840771,GHED_OOP_pc_US_SHA2011,COUNTRY,NLD,EUR,Europe,YEAR,2001,,,,,,,,,227.73,227.72984917,,,,2025-12-05T13:23:08Z,2001,2001-01-01,2001-12-31
1846503,GHED_OOP_pc_US_SHA2011,COUNTRY,DNK,EUR,Europe,YEAR,2012,,,,,,,,,831.86,831.85805084,,,,2025-12-05T13:23:08Z,2012,2012-01-01,2012-12-31
1852862,GHED_OOP_pc_US_SHA2011,COUNTRY,ALB,EUR,Europe,YEAR,2000,,,,,,,,,33.93,33.92624886,,,,2025-12-05T13:23:08Z,2000,2000-01-01,2000-12-31
1865407,GHED_OOP_pc_US_SHA2011,COUNTRY,GNQ,AFR,Africa,YEAR,2023,,,,,,,,,154.19,154.19199645,,,,2025-12-05T13:23:08Z,2023,2023-01-01,2023-12-31
1866088,GHED_OOP_pc_US_SHA2011,COUNTRY,SDN,EMR,Eastern Mediterranean,YEAR,2014,,,,,,,,,59.51,59.51415228,,,,2025-12-05T13:23:08Z,2014,2014-01-01,2014-12-31
1884767,GHED_OOP_pc_US_SHA2011,COUNTRY,YEM,EMR,Eastern Mediterranean,YEAR,2018,,,,,,,,,117.63,117.629881,,,,2025-12-05T13:23:08Z,2018,2018-01-01,2018-12-31
1891480,GHED_OOP_pc_US_SHA2011,COUNTRY,ISL,EUR,Europe,YEAR,2003,,,,,,,,,667.63,667.63250465,,,,2025-12-05T13:23:08Z,2003,2003-01-01,2003-12-31
1916482,GHED_OOP_pc_US_SHA2011,COUNTRY,MUS,AFR,Africa,YEAR,2018,,,,,,,,,300.58,300.57724295,,,,2025-12-05T13:23:08Z,2018,2018-01-01,2018-12-31
1954352,GHED_OOP_pc_US_SHA2011,COUNTRY,RUS,EUR,Europe,YEAR,2012,,,,,,,,,252.31,252.31361738,,,,2025-12-05T13:23:08Z,2012,2012-01-01,2012-12-31
1955019,GHED_OOP_pc_US_SHA2011,COUNTRY,EST,EUR,Europe,YEAR,2019,,,,,,,,,382.64,382.63787842,,,,2025-12-05T13:23:08Z,2019,2019-01-01,2019-12-31
1980106,GHED_OOP_pc_US_SHA2011,COUNTRY,TUR,EUR,Europe,YEAR,2006,,,,,,,,,96.79,96.78532836,,,,2025-12-05T13:23:08Z,2006,2006-01-01,2006-12-31
1980562,GHED_OOP_pc_US_SHA2011,COUNTRY,BHR,EMR,Eastern Mediterranean,YEAR,2022,,,,,,,,,328.81,328.81291492,,,,2025-12-05T13:23:08Z,2022,2022-01-01,2022-12-31
2024819,GHED_OOP_pc_US_SHA2011,COUNTRY,TUV,WPR,Western Pacific,YEAR,2021,,,,,,,,,1.91,1.90984799,,,,2025-12-05T13:23:08Z,2021,2021-01-01,2021-12-31
2030597,GHED_OOP_pc_US_SHA2011,COUNTRY,TKM,EUR,Europe,YEAR,2020,,,,,,,,,320.72,320.71985466,,,,2025-12-05T13:23:08Z,2020,2020-01-01,2020-12-31
2036626,GHED_OOP_pc_US_SHA2011,COUNTRY,ALB,EUR,Europe,YEAR,2021,,,,,,,,,277.97,277.96526639,,,,2025-12-05T13:23:08Z,2021,2021-01-01,2021-12-31
2049957,GHED_OOP_pc_US_SHA2011,REGION,AFR,,,YEAR,2022,,,,,,,,,37.38,37.38018799,,,,2026-01-12T13:50:53Z,2022,2022-01-01,2022-12-31
2074953,GHED_OOP_pc_US_SHA2011,COUNTRY,HUN,EUR,Europe,YEAR,2000,,,,,,,,,85.56,85.56218311,,,,2025-12-05T13:23:08Z,2000,2000-01-01,2000-12-31
2094693,GHED_OOP_pc_US_SHA2011,COUNTRY,NRU,WPR,Western Pacific,YEAR,2023,,,,,,,,,16.77,16.77442348,,,,2025-12-05T13:23:08Z,2023,2023-01-01,2023-12-31
2094714,GHED_OOP_pc_US_SHA2011,COUNTRY,NPL,SEAR,South-East Asia,YEAR,2017,,,,,,,,,28.48,28.47594121,,,,2025-12-05T13:23:08Z,2017,2017-01-01,2017-12-31
2100600,GHED_OOP_pc_US_SHA2011,WORLDBANKINCOMEGROUP,WB_LI,,,YEAR,2001,,,,,,,,,7.59,7.59021696,,,,2025-12-05T13:23:08Z,2001,2001-01-01,2001-12-31
2119414,GHED_OOP_pc_US_SHA2011,COUNTRY,LBR,AFR,Africa,YEAR,2015,,,,,,,,,31.21,31.21219492,,,,2025-12-05T13:23:08Z,2015,2015-01-01,2015-12-31
2131518,GHED_OOP_pc_US_SHA2011,COUNTRY,TLS,SEAR,South-East Asia,YEAR,2003,,,,,,,,,6.22,6.21675197,,,,2025-12-05T13:23:08Z,2003,2003-01-01,2003-12-31
2132177,GHED_OOP_pc_US_SHA2011,COUNTRY,SAU,EMR,Eastern Mediterranean,YEAR,2016,,,,,,,,,195.56,195.55922144,,,,2025-12-05T13:23:08Z,2016,2016-01-01,2016-12-31
2145079,GHED_OOP_pc_US_SHA2011,COUNTRY,SWE,EUR,Europe,YEAR,2012,,,,,,,,,929.44,929.4359498,,,,2025-12-05T13:23:08Z,2012,2012-01-01,2012-12-31
2169824,GHED_OOP_pc_US_SHA2011,COUNTRY,EST,EUR,Europe,YEAR,2015,,,,,,,,,274.24,274.23883071,,,,2025-12-05T13:23:08Z,2015,2015-01-01,2015-12-31
2170455,GHED_OOP_pc_US_SHA2011,COUNTRY,ARE,EMR,Eastern Mediterranean,YEAR,2010,,,,,,,,,290.72,290.71903954,,,,2025-12-05T13:23:08Z,2010,2010-01-01,2010-12-31
2182444,GHED_OOP_pc_US_SHA2011,COUNTRY,EST,EUR,Europe,YEAR,2003,,,,,,,,,77.84,77.83637953,,,,2025-12-05T13:23:08Z,2003,2003-01-01,2003-12-31
2182687,GHED_OOP_pc_US_SHA2011,COUNTRY,URY,AMR,Americas,YEAR,2011,,,,,,,,,241.90,241.89728488,,,,2025-12-05T13:23:08Z,2011,2011-01-01,2011-12-31
2201618,GHED_OOP_pc_US_SHA2011,COUNTRY,NER,AFR,Africa,YEAR,2021,,,,,,,,,15.05,15.05227978,,,,2025-12-05T13:23:08Z,2021,2021-01-01,2021-12-31
2207658,GHED_OOP_pc_US_SHA2011,COUNTRY,MMR,SEAR,South-East Asia,YEAR,2016,,,,,,,,,45.76,45.75759676,,,,2025-12-05T13:23:08Z,2016,2016-01-01,2016-12-31
2214698,GHED_OOP_pc_US_SHA2011,COUNTRY,MHL,WPR,Western Pacific,YEAR,2010,,,,,,,,,5.89,5.88599633,,,,2025-12-05T13:23:08Z,2010,2010-01-01,2010-12-31
2227284,GHED_OOP_pc_US_SHA2011,COUNTRY,ZAF,AFR,Africa,YEAR,2019,,,,,,,,,30.93,30.93339619,,,,2025-12-05T13:23:08Z,2019,2019-01-01,2019-12-31
2232804,GHED_OOP_pc_US_SHA2011,COUNTRY,LVA,EUR,Europe,YEAR,2019,,,,,,,,,415.33,415.33261892,,,,2025-12-05T13:23:08Z,2019,2019-01-01,2019-12-31
2233084,GHED_OOP_pc_US_SHA2011,COUNTRY,MLT,EUR,Europe,YEAR,2002,,,,,,,,,238.69,238.69146346,,,,2025-12-05T13:23:08Z,2002,2002-01-01,2002-12-31
2233777,GHED_OOP_pc_US_SHA2011,COUNTRY,LCA,AMR,Americas,YEAR,2006,,,,,,,,,228.83,228.82638638,,,,2025-12-05T13:23:08Z,2006,2006-01-01,2006-12-31
2252385,GHED_OOP_pc_US_SHA2011,COUNTRY,NOR,EUR,Europe,YEAR,2023,,,,,,,,,1135.54,1135.5427814,,,,2025-12-05T13:23:08Z,2023,2023-01-01,2023-12-31
2258208,GHED_OOP_pc_US_SHA2011,COUNTRY,KIR,WPR,Western Pacific,YEAR,2022,,,,,,,,,1.71,1.71474791,,,,2025-12-05T13:23:08Z,2022,2022-01-01,2022-12-31
3491773,GHED_OOP_pc_US_SHA2011,COUNTRY,SYC,AFR,Africa,YEAR,2008,,,,,,,,,114.46,114.46309473,,,,2025-12-05T13:23:08Z,2008,2008-01-01,2008-12-31
3491787,GHED_OOP_pc_US_SHA2011,WORLDBANKINCOMEGROUP,WB_LMI,,,YEAR,2004,,,,,,,,,23.25,23.25465658,,,,2025-12-05T13:23:08Z,2004,2004-01-01,2004-12-31
3498253,GHED_OOP_pc_US_SHA2011,COUNTRY,URY,AMR,Americas,YEAR,2001,,,,,,,,,163.49,163.48999903,,,,2025-12-05T13:23:08Z,2001,2001-01-01,2001-12-31
3505079,GHED_OOP_pc_US_SHA2011,COUNTRY,YEM,EMR,Eastern Mediterranean,YEAR,2004,,,,,,,,,20.93,20.93350639,,,,2025-12-05T13:23:08Z,2004,2004-01-01,2004-12-31
3511199,GHED_OOP_pc_US_SHA2011,COUNTRY,PER,AMR,Americas,YEAR,2014,,,,,,,,,105.54,105.54265194,,,,2025-12-05T13:23:08Z,2014,2014-01-01,2014-12-31
3524067,GHED_OOP_pc_US_SHA2011,COUNTRY,GHA,AFR,Africa,YEAR,2021,,,,,,,,,25.02,25.01559431,,,,2025-12-05T13:23:08Z,2021,2021-01-01,2021-12-31
3530769,GHED_OOP_pc_US_SHA2011,COUNTRY,FRA,EUR,Europe,YEAR,2017,,,,,,,,,472.06,472.0576289,,,,2025-12-05T13:23:08Z,2017,2017-01-01,2017-12-31
3555018,GHED_OOP_pc_US_SHA2011,COUNTRY,IDN,WPR,Western Pacific,YEAR,2016,,,,,,,,,40.56,40.56417573,,,,2025-12-05T13:23:08Z,2016,2016-01-01,2016-12-31
3568044,GHED_OOP_pc_US_SHA2011,COUNTRY,COG,AFR,Africa,YEAR,2004,,,,,,,,,15.29,15.29262911,,,,2025-12-05T13:23:08Z,2004,2004-01-01,2004-12-31
3580501,GHED_OOP_pc_US_SHA2011,COUNTRY,NAM,AFR,Africa,YEAR,2014,,,,,,,,,40.87,40.87009184,,,,2025-12-05T13:23:08Z,2014,2014-01-01,2014-12-31
3587060,GHED_OOP_pc_US_SHA2011,COUNTRY,SYC,AFR,Africa,YEAR,2019,,,,,,,,,177.48,177.48143642,,,,2025-12-05T13:23:08Z,2019,2019-01-01,2019-12-31
3593244,GHED_OOP_pc_US_SHA2011,COUNTRY,JAM,AMR,Americas,YEAR,2017,,,,,,,,,98.16,98.15540122,,,,2025-12-05T13:23:08Z,2017,2017-01-01,2017-12-31
3605552,GHED_OOP_pc_US_SHA2011,COUNTRY,TTO,AMR,Americas,YEAR,2022,,,,,,,,,610.38,610.38272601,,,,2025-12-05T13:23:08Z,2022,2022-01-01,2022-12-31
3612658,GHED_OOP_pc_US_SHA2011,COUNTRY,SDN,EMR,Eastern Mediterranean,YEAR,2009,,,,,,,,,41.98,41.98297907,,,,2025-12-05T13:23:08Z,2009,2009-01-01,2009-12-31
3624754,GHED_OOP_pc_US_SHA2011,COUNTRY,VUT,WPR,Western Pacific,YEAR,2006,,,,,,,,,6.15,6.15321352,,,,2025-12-05T13:23:08Z,2006,2006-01-01,2006-12-31
3624997,GHED_OOP_pc_US_SHA2011,COUNTRY,SOM,EMR,Eastern Mediterranean,YEAR,2021,,,,,,,,,6.23,6.23322272,,,,2025-12-05T13:23:08Z,2021,2021-01-01,2021-12-31
3651107,GHED_OOP_pc_US_SHA2011,WORLDBANKINCOMEGROUP,WB_UMI,,,YEAR,2023,,,,,,,,,171.87,171.86578438,,,,2025-12-05T13:23:08Z,2023,2023-01-01,2023-12-31
3675885,GHED_OOP_pc_US_SHA2011,COUNTRY,JPN,WPR,Western Pacific,YEAR,2007,,,,,,,,,431.55,431.55035728,,,,2025-12-05T13:23:08Z,2007,2007-01-01,2007-12-31
3682153,GHED_OOP_pc_US_SHA2011,COUNTRY,BRN,WPR,Western Pacific,YEAR,2005,,,,,,,,,107.37,107.36631322,,,,2025-12-05T13:23:08Z,2005,2005-01-01,2005-12-31
3689088,GHED_OOP_pc_US_SHA2011,COUNTRY,KGZ,EUR,Europe,YEAR,2020,,,,,,,,,28.19,28.1892236,,,,2025-12-05T13:23:08Z,2020,2020-01-01,2020-12-31
3695147,GHED_OOP_pc_US_SHA2011,COUNTRY,SAU,EMR,Eastern Mediterranean,YEAR,2020,,,,,,,,,158.75,158.75470742,,,,2025-12-05T13:23:08Z,2020,2020-01-01,2020-12-31
3714615,GHED_OOP_pc_US_SHA2011,COUNTRY,MNG,WPR,Western Pacific,YEAR,2010,,,,,,,,,27.92,27.91739248,,,,2025-12-05T13:23:08Z,2010,2010-01-01,2010-12-31
3726922,GHED_OOP_pc_US_SHA2011,WORLDBANKINCOMEGROUP,WB_HI,,,YEAR,2010,,,,,,,,,453.79,453.79343794,,,,2025-12-05T13:23:08Z,2010,2010-01-01,2010-12-31
3727032,GHED_OOP_pc_US_SHA2011,COUNTRY,SDN,EMR,Eastern Mediterranean,YEAR,2016,,,,,,,,,63.64,63.63758115,,,,2025-12-05T13:23:08Z,2016,2016-01-01,2016-12-31
3739332,GHED_OOP_pc_US_SHA2011,COUNTRY,ITA,EUR,Europe,YEAR,2005,,,,,,,,,576.82,576.81678661,,,,2025-12-05T13:23:08Z,2005,2005-01-01,2005-12-31
3739334,GHED_OOP_pc_US_SHA2011,COUNTRY,CIV,AFR,Africa,YEAR,2005,,,,,,,,,35.83,35.83122661,,,,2025-12-05T13:23:08Z,2005,2005-01-01,2005-12-31
3751798,GHED_OOP_pc_US_SHA2011,REGION,AMR,,,YEAR,2000,,,,,,,,,119.80,119.80162196,,,,2025-12-05T13:23:08Z,2000,2000-01-01,2000-12-31
3752525,GHED_OOP_pc_US_SHA2011,COUNTRY,NRU,WPR,Western Pacific,YEAR,2012,,,,,,,,,6.83,6.83247535,,,,2025-12-05T13:23:08Z,2012,2012-01-01,2012-12-31
3758172,GHED_OOP_pc_US_SHA2011,COUNTRY,LCA,AMR,Americas,YEAR,2011,,,,,,,,,254.32,254.31527752,,,,2025-12-05T13:23:08Z,2011,2011-01-01,2011-12-31
3771224,GHED_OOP_pc_US_SHA2011,COUNTRY,GRD,AMR,Americas,YEAR,2022,,,,,,,,,284.85,284.85377154,,,,2025-12-05T13:23:08Z,2022,2022-01-01,2022-12-31
3771653,GHED_OOP_pc_US_SHA2011,WORLDBANKINCOMEGROUP,WB_LMI,,,YEAR,2019,,,,,,,,,42.18,42.18129559,,,,2025-12-05T13:23:08Z,2019,2019-01-01,2019-12-31
3777292,GHED_OOP_pc_US_SHA2011,COUNTRY,MMR,SEAR,South-East Asia,YEAR,2002,,,,,,,,,5.82,5.82367245,,,,2025-12-05T13:23:08Z,2002,2002-01-01,2002-12-31
3784161,GHED_OOP_pc_US_SHA2011,COUNTRY,DZA,AFR,Africa,YEAR,2012,,,,,,,,,92.56,92.5592168,,,,2025-12-05T13:23:08Z,2012,2012-01-01,2012-12-31
3790283,GHED_OOP_pc_US_SHA2011,COUNTRY,ESP,EUR,Europe,YEAR,2007,,,,,,,,,575.21,575.2052832,,,,2025-12-05T13:23:08Z,2007,2007-01-01,2007-12-31
3809495,GHED_OOP_pc_US_SHA2011,COUNTRY,PLW,WPR,Western Pacific,YEAR,2000,,,,,,,,,109.21,109.20762312,,,,2025-12-05T13:23:08Z,2000,2000-01-01,2000-12-31
3821972,GHED_OOP_pc_US_SHA2011,COUNTRY,KAZ,EUR,Europe,YEAR,2001,,,,,,,,,21.09,21.08598898,,,,2025-12-05T13:23:08Z,2001,2001-01-01,2001-12-31
3828321,GHED_OOP_pc_US_SHA2011,COUNTRY,SWE,EUR,Europe,YEAR,2019,,,,,,,,,792.03,792.02640913,,,,2025-12-05T13:23:08Z,2019,2019-01-01,2019-12-31
3834555,GHED_OOP_pc_US_SHA2011,COUNTRY,LAO,WPR,Western Pacific,YEAR,2004,,,,,,,,,7.67,7.67148414,,,,2025-12-05T13:23:08Z,2004,2004-01-01,2004-12-31
3834871,GHED_OOP_pc_US_SHA2011,COUNTRY,JAM,AMR,Americas,YEAR,2009,,,,,,,,,106.53,106.52793263,,,,2025-12-05T13:23:08Z,2009,2009-01-01,2009-12-31
3853508,GHED_OOP_pc_US_SHA2011,COUNTRY,COD,AFR,Africa,YEAR,2006,,,,,,,,,7.11,7.10911883,,,,2025-12-05T13:23:08Z,2006,2006-01-01,2006-12-31
3916730,GHED_OOP_pc_US_SHA2011,COUNTRY,GUY,AMR,Americas,YEAR,2005,,,,,,,,,29.97,29.97491759,,,,2025-12-05T13:23:08Z,2005,2005-01-01,2005-12-31
3916898,GHED_OOP_pc_US_SHA2011,COUNTRY,LTU,EUR,Europe,YEAR,2020,,,,,,,,,433.29,433.29449478,,,,2025-12-05T13:23:08Z,2020,2020-01-01,2020-12-31
3935893,GHED_OOP_pc_US_SHA2011,COUNTRY,EST,EUR,Europe,YEAR,2010,,,,,,,,,220.43,220.42653373,,,,2025-12-05T13:23:08Z,2010,2010-01-01,2010-12-31
3955346,GHED_OOP_pc_US_SHA2011,COUNTRY,COG,AFR,Africa,YEAR,2001,,,,,,,,,9.30,9.29614906,,,,2025-12-05T13:23:08Z,2001,2001-01-01,2001-12-31
3955656,GHED_OOP_pc_US_SHA2011,COUNTRY,GNQ,AFR,Africa,YEAR,2005,,,,,,,,,83.06,83.05661907,,,,2025-12-05T13:23:08Z,2005,2005-01-01,2005-12-31
3961615,GHED_OOP_pc_US_SHA2011,COUNTRY,LTU,EUR,Europe,YEAR,2013,,,,,,,,,314.44,314.43922015,,,,2025-12-05T13:23:08Z,2013,2013-01-01,2013-12-31
3961711,GHED_OOP_pc_US_SHA2011,COUNTRY,BRB,AMR,Americas,YEAR,2001,,,,,,,,,244.76,244.76091489,,,,2025-12-05T13:23:08Z,2001,2001-01-01,2001-12-31
3967280,GHED_OOP_pc_US_SHA2011,COUNTRY,CYP,EUR,Europe,YEAR,2001,,,,,,,,,431.88,431.87938607,,,,2025-12-05T13:23:08Z,2001,2001-01-01,2001-12-31
3967489,GHED_OOP_pc_US_SHA2011,COUNTRY,CAF,AFR,Africa,YEAR,2013,,,,,,,,,7.86,7.8569698,,,,2025-12-05T13:23:08Z,2013,2013-01-01,2013-12-31
3967810,GHED_OOP_pc_US_SHA2011,COUNTRY,SRB,EUR,Europe,YEAR,2013,,,,,,,,,237.63,237.62565438,,,,2025-12-05T13:23:08Z,2013,2013-01-01,2013-12-31
3980086,GHED_OOP_pc_US_SHA2011,COUNTRY,HND,AMR,Americas,YEAR,2006,,,,,,,,,55.90,55.90436377,,,,2025-12-05T13:23:08Z,2006,2006-01-01,2006-12-31
3980983,GHED_OOP_pc_US_SHA2011,COUNTRY,IRL,EUR,Europe,YEAR,2013,,,,,,,,,728.68,728.67632113,,,,2025-12-05T13:23:08Z,2013,2013-01-01,2013-12-31
3993294,GHED_OOP_pc_US_SHA2011,COUNTRY,MMR,SEAR,South-East Asia,YEAR,2012,,,,,,,,,28.58,28.57518706,,,,2025-12-05T13:23:08Z,2012,2012-01-01,2012-12-31
4018203,GHED_OOP_pc_US_SHA2011,COUNTRY,LSO,AFR,Africa,YEAR,2010,,,,,,,,,20.15,20.14737682,,,,2025-12-05T13:23:08Z,2010,2010-01-01,2010-12-31
4018495,GHED_OOP_pc_US_SHA2011,COUNTRY,FRA,EUR,Europe,YEAR,2010,,,,,,,,,525.73,525.73129677,,,,2025-12-05T13:23:08Z,2010,2010-01-01,2010-12-31
4030903,GHED_OOP_pc_US_SHA2011,COUNTRY,PRT,EUR,Europe,YEAR,2005,,,,,,,,,429.65,429.64727929,,,,2025-12-05T13:23:08Z,2005,2005-01-01,2005-12-31
4075731,GHED_OOP_pc_US_SHA2011,COUNTRY,GAB,AFR,Africa,YEAR,2011,,,,,,,,,72.48,72.48354881,,,,2025-12-05T13:23:08Z,2011,2011-01-01,2011-12-31
4087652,GHED_OOP_pc_US_SHA2011,COUNTRY,VUT,WPR,Western Pacific,YEAR,2009,,,,,,,,,7.41,7.40685651,,,,2025-12-05T13:23:08Z,2009,2009-01-01,2009-12-31
4088473,GHED_OOP_pc_US_SHA2011,COUNTRY,SSD,AFR,Africa,YEAR,2022,,,,,,,,,15.27,15.26556339,,,,2025-12-05T13:23:08Z,2022,2022-01-01,2022-12-31
4119639,GHED_OOP_pc_US_SHA2011,COUNTRY,NPL,SEAR,South-East Asia,YEAR,2020,,,,,,,,,32.00,32.00389257,,,,2025-12-05T13:23:08Z,2020,2020-01-01,2020-12-31
4133056,GHED_OOP_pc_US_SHA2011,COUNTRY,LVA,EUR,Europe,YEAR,2014,,,,,,,,,335.05,335.04717375,,,,2025-12-05T13:23:08Z,2014,2014-01-01,2014-12-31
4133074,GHED_OOP_pc_US_SHA2011,COUNTRY,PAN,AMR,Americas,YEAR,2000,,,,,,,,,92.34,92.34436581,,,,2025-12-05T13:23:08Z,2000,2000-01-01,2000-12-31
4138446,GHED_OOP_pc_US_SHA2011,COUNTRY,LCA,AMR,Americas,YEAR,2017,,,,,,,,,232.87,232.8716463,,,,2025-12-05T13:23:08Z,2017,2017-01-01,2017-12-31
4158264,GHED_OOP_pc_US_SHA2011,COUNTRY,RUS,EUR,Europe,YEAR,2020,,,,,,,,,202.80,202.79523773,,,,2025-12-05T13:23:08Z,2020,2020-01-01,2020-12-31
4182934,GHED_OOP_pc_US_SHA2011,COUNTRY,MRT,AFR,Africa,YEAR,2000,,,,,,,,,17.90,17.90109292,,,,2025-12-05T13:23:08Z,2000,2000-01-01,2000-12-31
4196202,GHED_OOP_pc_US_SHA2011,COUNTRY,CZE,EUR,Europe,YEAR,2013,,,,,,,,,216.24,216.2368856,,,,2025-12-05T13:23:08Z,2013,2013-01-01,2013-12-31
4234617,GHED_OOP_pc_US_SHA2011,COUNTRY,MNG,WPR,Western Pacific,YEAR,2005,,,,,,,,,11.98,11.98212362,,,,2025-12-05T13:23:08Z,2005,2005-01-01,2005-12-31
4259759,GHED_OOP_pc_US_SHA2011,COUNTRY,NPL,SEAR,South-East Asia,YEAR,2009,,,,,,,,,12.02,12.02378374,,,,2025-12-05T13:23:08Z,2009,2009-01-01,2009-12-31
4265656,GHED_OOP_pc_US_SHA2011,COUNTRY,CAN,AMR,Americas,YEAR,2015,,,,,,,,,684.94,684.94250736,,,,2025-12-05T13:23:08Z,2015,2015-01-01,2015-12-31
4278193,GHED_OOP_pc_US_SHA2011,REGION,WPR,,,YEAR,2020,,,,,,,,,176.49,176.49418,,,,2025-12-05T13:23:08Z,2020,2020-01-01,2020-12-31
4297768,GHED_OOP_pc_US_SHA2011,COUNTRY,NRU,WPR,Western Pacific,YEAR,2001,,,,,,,,,10.57,10.56924266,,,,2025-12-05T13:23:08Z,2001,2001-01-01,2001-12-31
4303594,GHED_OOP_pc_US_SHA2011,COUNTRY,TGO,AFR,Africa,YEAR,2006,,,,,,,,,16.75,16.75071415,,,,2025-12-05T13:23:08Z,2006,2006-01-01,2006-12-31
4304072,GHED_OOP_pc_US_SHA2011,COUNTRY,CRI,AMR,Americas,YEAR,2003,,,,,,,,,89.47,89.47483709,,,,2025-12-05T13:23:08Z,2003,2003-01-01,2003-12-31
4322225,GHED_OOP_pc_US_SHA2011,COUNTRY,SYR,EMR,Eastern Mediterranean,YEAR,2018,,,,,,,,,19.92,19.91830174,,,,2025-12-05T13:23:08Z,2018,2018-01-01,2018-12-31
4328935,GHED_OOP_pc_US_SHA2011,COUNTRY,LTU,EUR,Europe,YEAR,2003,,,,,,,,,81.94,81.94214952,,,,2025-12-05T13:23:08Z,2003,2003-01-01,2003-12-31
4335463,GHED_OOP_pc_US_SHA2011,COUNTRY,DNK,EUR,Europe,YEAR,2001,,,,,,,,,392.71,392.70821472,,,,2025-12-05T13:23:08Z,2001,2001-01-01,2001-12-31
4335716,GHED_OOP_pc_US_SHA2011,COUNTRY,DEU,EUR,Europe,YEAR,2000,,,,,,,,,275.78,275.77932833,,,,2025-12-05T13:23:08Z,2000,2000-01-01,2000-12-31
4341742,GHED_OOP_pc_US_SHA2011,COUNTRY,TUV,WPR,Western Pacific,YEAR,2001,,,,,,,,,1.87,1.86748639,,,,2025-12-05T13:23:08Z,2001,2001-01-01,2001-12-31
4380077,GHED_OOP_pc_US_SHA2011,COUNTRY,FSM,WPR,Western Pacific,YEAR,2005,,,,,,,,,12.74,12.74431839,,,,2025-12-05T13:23:08Z,2005,2005-01-01,2005-12-31
4386498,GHED_OOP_pc_US_SHA2011,COUNTRY,POL,EUR,Europe,YEAR,2013,,,,,,,,,207.63,207.62902526,,,,2025-12-05T13:23:08Z,2013,2013-01-01,2013-12-31
4392084,GHED_OOP_pc_US_SHA2011,COUNTRY,MEX,AMR,Americas,YEAR,2013,,,,,,,,,249.48,249.48248619,,,,2025-12-05T13:23:08Z,2013,2013-01-01,2013-12-31
4392302,GHED_OOP_pc_US_SHA2011,COUNTRY,BGR,EUR,Europe,YEAR,2009,,,,,,,,,203.78,203.77928443,,,,2025-12-05T13:23:08Z,2009,2009-01-01,2009-12-31
4417179,GHED_OOP_pc_US_SHA2011,COUNTRY,IDN,WPR,Western Pacific,YEAR,2021,,,,,,,,,43.17,43.16824171,,,,2025-12-05T13:23:08Z,2021,2021-01-01,2021-12-31
4417833,GHED_OOP_pc_US_SHA2011,REGION,AMR,,,YEAR,2014,,,,,,,,,241.31,241.31056136,,,,2025-12-05T13:23:08Z,2014,2014-01-01,2014-12-31
4424249,GHED_OOP_pc_US_SHA2011,COUNTRY,COG,AFR,Africa,YEAR,2006,,,,,,,,,17.50,17.49734935,,,,2025-12-05T13:23:08Z,2006,2006-01-01,2006-12-31
4448891,GHED_OOP_pc_US_SHA2011,COUNTRY,MEX,AMR,Americas,YEAR,2015,,,,,,,,,227.35,227.34663243,,,,2025-12-05T13:23:08Z,2015,2015-01-01,2015-12-31
4455186,GHED_OOP_pc_US_SHA2011,COUNTRY,UGA,AFR,Africa,YEAR,2001,,,,,,,,,6.94,6.94068785,,,,2025-12-05T13:23:08Z,2001,2001-01-01,2001-12-31
4462197,GHED_OOP_pc_US_SHA2011,COUNTRY,RWA,AFR,Africa,YEAR,2022,,,,,,,,,2.43,2.42890294,,,,2025-12-05T13:23:08Z,2022,2022-01-01,2022-12-31
4468537,GHED_OOP_pc_US_SHA2011,COUNTRY,BGR,EUR,Europe,YEAR,2001,,,,,,,,,52.37,52.37304568,,,,2025-12-05T13:23:08Z,2001,2001-01-01,2001-12-31
4506557,GHED_OOP_pc_US_SHA2011,COUNTRY,CAF,AFR,Africa,YEAR,2003,,,,,,,,,5.96,5.96149869,,,,2025-12-05T13:23:08Z,2003,2003-01-01,2003-12-31
4531186,GHED_OOP_pc_US_SHA2011,COUNTRY,YEM,EMR,Eastern Mediterranean,YEAR,2022,,,,,,,,,38.75,38.75104319,,,,2025-12-05T13:23:08Z,2022,2022-01-01,2022-12-31
4537839,GHED_OOP_pc_US_SHA2011,COUNTRY,MDV,SEAR,South-East Asia,YEAR,2004,,,,,,,,,181.24,181.23554696,,,,2025-12-05T13:23:08Z,2004,2004-01-01,2004-12-31
4544429,GHED_OOP_pc_US_SHA2011,COUNTRY,FJI,WPR,Western Pacific,YEAR,2015,,,,,,,,,35.63,35.63392964,,,,2025-12-05T13:23:08Z,2015,2015-01-01,2015-12-31
4544810,GHED_OOP_pc_US_SHA2011,COUNTRY,CMR,AFR,Africa,YEAR,2010,,,,,,,,,38.04,38.03603848,,,,2025-12-05T13:23:08Z,2010,2010-01-01,2010-12-31
4576602,GHED_OOP_pc_US_SHA2011,COUNTRY,BRN,WPR,Western Pacific,YEAR,2019,,,,,,,,,37.34,37.33592746,,,,2025-12-05T13:23:08Z,2019,2019-01-01,2019-12-31
4582724,GHED_OOP_pc_US_SHA2011,COUNTRY,MKD,EUR,Europe,YEAR,2003,,,,,,,,,93.84,93.84065184,,,,2025-12-05T13:23:08Z,2003,2003-01-01,2003-12-31
4613840,GHED_OOP_pc_US_SHA2011,COUNTRY,VEN,AMR,Americas,YEAR,2018,,,,,,,,,60.77,60.77118282,,,,2025-12-05T13:23:08Z,2018,2018-01-01,2018-12-31
4633458,GHED_OOP_pc_US_SHA2011,COUNTRY,KWT,EMR,Eastern Mediterranean,YEAR,2008,,,,,,,,,211.85,211.847449,,,,2025-12-05T13:23:08Z,2008,2008-01-01,2008-12-31
4639432,GHED_OOP_pc_US_SHA2011,COUNTRY,GTM,AMR,Americas,YEAR,2014,,,,,,,,,120.69,120.68741391,,,,2025-12-05T13:23:08Z,2014,2014-01-01,2014-12-31
4645981,GHED_OOP_pc_US_SHA2011,COUNTRY,LSO,AFR,Africa,YEAR,2006,,,,,,,,,14.91,14.91494556,,,,2025-12-05T13:23:08Z,2006,2006-01-01,2006-12-31
4665299,GHED_OOP_pc_US_SHA2011,COUNTRY,CZE,EUR,Europe,YEAR,2018,,,,,,,,,247.84,247.83607515,,,,2025-12-05T13:23:08Z,2018,2018-01-01,2018-12-31
4677881,GHED_OOP_pc_US_SHA2011,COUNTRY,SWZ,AFR,Africa,YEAR,2010,,,,,,,,,35.87,35.86657565,,,,2025-12-05T13:23:08Z,2010,2010-01-01,2010-12-31
4678171,GHED_OOP_pc_US_SHA2011,COUNTRY,LBN,EMR,Eastern Mediterranean,YEAR,2016,,,,,,,,,204.95,204.94758712,,,,2025-12-05T13:23:08Z,2016,2016-01-01,2016-12-31
4690065,GHED_OOP_pc_US_SHA2011,COUNTRY,KNA,AMR,Americas,YEAR,2011,,,,,,,,,511.21,511.20848782,,,,2025-12-05T13:23:08Z,2011,2011-01-01,2011-12-31
4690154,GHED_OOP_pc_US_SHA2011,COUNTRY,ALB,EUR,Europe,YEAR,2022,,,,,,,,,245.00,245.00127755,,,,2025-12-05T13:23:08Z,2022,2022-01-01,2022-12-31
4709666,GHED_OOP_pc_US_SHA2011,COUNTRY,DMA,AMR,Americas,YEAR,2023,,,,,,,,,144.42,144.41845584,,,,2025-12-05T13:23:08Z,2023,2023-01-01,2023-12-31
4709762,GHED_OOP_pc_US_SHA2011,COUNTRY,PHL,WPR,Western Pacific,YEAR,2002,,,,,,,,,12.79,12.78711972,,,,2025-12-05T13:23:08Z,2002,2002-01-01,2002-12-31
4709917,GHED_OOP_pc_US_SHA2011,COUNTRY,COM,AFR,Africa,YEAR,2000,,,,,,,,,37.94,37.94173776,,,,2025-12-05T13:23:08Z,2000,2000-01-01,2000-12-31
4716279,GHED_OOP_pc_US_SHA2011,COUNTRY,BDI,AFR,Africa,YEAR,2018,,,,,,,,,5.06,5.06471549,,,,2025-12-05T13:23:08Z,2018,2018-01-01,2018-12-31
4716315,GHED_OOP_pc_US_SHA2011,COUNTRY,BRA,AMR,Americas,YEAR,2002,,,,,,,,,90.42,90.42481228,,,,2025-12-05T13:23:08Z,2002,2002-01-01,2002-12-31
4722688,GHED_OOP_pc_US_SHA2011,COUNTRY,LCA,AMR,Americas,YEAR,2019,,,,,,,,,211.66,211.66333843,,,,2025-12-05T13:23:08Z,2019,2019-01-01,2019-12-31
4767211,GHED_OOP_pc_US_SHA2011,COUNTRY,COG,AFR,Africa,YEAR,2011,,,,,,,,,24.45,24.45489192,,,,2025-12-05T13:23:08Z,2011,2011-01-01,2011-12-31
4772745,GHED_OOP_pc_US_SHA2011,COUNTRY,ROU,EUR,Europe,YEAR,2007,,,,,,,,,73.04,73.03566203,,,,2025-12-05T13:23:08Z,2007,2007-01-01,2007-12-31
4779071,GHED_OOP_pc_US_SHA2011,COUNTRY,GBR,EUR,Europe,YEAR,2022,,,,,,,,,735.15,735.14513422,,,,2025-12-05T13:23:08Z,2022,2022-01-01,2022-12-31
4784922,GHED_OOP_pc_US_SHA2011,COUNTRY,SMR,EUR,Europe,YEAR,2016,,,,,,,,,447.79,447.78774308,,,,2025-12-05T13:23:08Z,2016,2016-01-01,2016-12-31
4791646,GHED_OOP_pc_US_SHA2011,COUNTRY,COM,AFR,Africa,YEAR,2003,,,,,,,,,46.74,46.73515408,,,,2025-12-05T13:23:08Z,2003,2003-01-01,2003-12-31
4792202,GHED_OOP_pc_US_SHA2011,COUNTRY,CAN,AMR,Americas,YEAR,2018,,,,,,,,,786.71,786.70979504,,,,2025-12-05T13:23:08Z,2018,2018-01-01,2018-12-31
4797700,GHED_OOP_pc_US_SHA2011,COUNTRY,TUN,EMR,Eastern Mediterranean,YEAR,2000,,,,,,,,,42.88,42.88447385,,,,2025-12-05T13:23:08Z,2000,2000-01-01,2000-12-31
4798245,GHED_OOP_pc_US_SHA2011,COUNTRY,EGY,EMR,Eastern Mediterranean,YEAR,2015,,,,,,,,,100.16,100.16115759,,,,2025-12-05T13:23:08Z,2015,2015-01-01,2015-12-31
4798581,GHED_OOP_pc_US_SHA2011,COUNTRY,KAZ,EUR,Europe,YEAR,2013,,,,,,,,,93.16,93.15698466,,,,2025-12-05T13:23:08Z,2013,2013-01-01,2013-12-31
4810939,GHED_OOP_pc_US_SHA2011,COUNTRY,KEN,AFR,Africa,YEAR,2011,,,,,,,,,17.66,17.65777925,,,,2025-12-05T13:23:08Z,2011,2011-01-01,2011-12-31
4830120,GHED_OOP_pc_US_SHA2011,COUNTRY,MKD,EUR,Europe,YEAR,2016,,,,,,,,,122.72,122.71683012,,,,2025-12-05T13:23:08Z,2016,2016-01-01,2016-12-31
4843001,GHED_OOP_pc_US_SHA2011,COUNTRY,SYR,EMR,Eastern Mediterranean,YEAR,2019,,,,,,,,,23.01,23.00602122,,,,2025-12-05T13:23:08Z,2019,2019-01-01,2019-12-31
4843147,GHED_OOP_pc_US_SHA2011,COUNTRY,SMR,EUR,Europe,YEAR,2005,,,,,,,,,668.26,668.26378546,,,,2025-12-05T13:23:08Z,2005,2005-01-01,2005-12-31
4849335,GHED_OOP_pc_US_SHA2011,COUNTRY,ALB,EUR,Europe,YEAR,2015,,,,,,,,,145.61,145.60724429,,,,2025-12-05T13:23:08Z,2015,2015-01-01,2015-12-31
4849467,GHED_OOP_pc_US_SHA2011,COUNTRY,BEL,EUR,Europe,YEAR,2002,,,,,,,,,434.61,434.60864352,,,,2025-12-05T13:23:08Z,2002,2002-01-01,2002-12-31
4855575,GHED_OOP_pc_US_SHA2011,COUNTRY,TUN,EMR,Eastern Mediterranean,YEAR,2007,,,,,,,,,86.73,86.73090495,,,,2025-12-05T13:23:08Z,2007,2007-01-01,2007-12-31
4861755,GHED_OOP_pc_US_SHA2011,COUNTRY,ERI,AFR,Africa,YEAR,2004,,,,,,,,,8.14,8.13704089,,,,2025-12-05T13:23:08Z,2004,2004-01-01,2004-12-31
4867935,GHED_OOP_pc_US_SHA2011,COUNTRY,PAN,AMR,Americas,YEAR,2015,,,,,,,,,324.44,324.43948109,,,,2025-12-05T13:23:08Z,2015,2015-01-01,2015-12-31
4874465,GHED_OOP_pc_US_SHA2011,COUNTRY,MOZ,AFR,Africa,YEAR,2004,,,,,,,,,2.20,2.20431697,,,,2025-12-05T13:23:08Z,2004,2004-01-01,2004-12-31
4886949,GHED_OOP_pc_US_SHA2011,COUNTRY,BHS,AMR,Americas,YEAR,2021,,,,,,,,,521.35,521.35084928,,,,2025-12-05T13:23:08Z,2021,2021-01-01,2021-12-31
4893319,GHED_OOP_pc_US_SHA2011,COUNTRY,SUR,AMR,Americas,YEAR,2006,,,,,,,,,56.73,56.72537354,,,,2025-12-05T13:23:08Z,2006,2006-01-01,2006-12-31
4893626,GHED_OOP_pc_US_SHA2011,COUNTRY,QAT,EMR,Eastern Mediterranean,YEAR,2012,,,,,,,,,186.40,186.40414065,,,,2025-12-05T13:23:08Z,2012,2012-01-01,2012-12-31
4893632,GHED_OOP_pc_US_SHA2011,COUNTRY,ECU,AMR,Americas,YEAR,2023,,,,,,,,,157.38,157.37504197,,,,2025-12-05T13:23:08Z,2023,2023-01-01,2023-12-31
4912284,GHED_OOP_pc_US_SHA2011,COUNTRY,SYR,EMR,Eastern Mediterranean,YEAR,2009,,,,,,,,,47.15,47.15347964,,,,2025-12-05T13:23:08Z,2009,2009-01-01,2009-12-31
4912407,GHED_OOP_pc_US_SHA2011,COUNTRY,CAF,AFR,Africa,YEAR,2019,,,,,,,,,21.66,21.65622811,,,,2025-12-05T13:23:08Z,2019,2019-01-01,2019-12-31
4918347,GHED_OOP_pc_US_SHA2011,COUNTRY,KEN,AFR,Africa,YEAR,2001,,,,,,,,,10.26,10.26082988,,,,2025-12-05T13:23:08Z,2001,2001-01-01,2001-12-31
4919005,GHED_OOP_pc_US_SHA2011,COUNTRY,THA,SEAR,South-East Asia,YEAR,2023,,,,,,,,,32.44,32.4351482,,,,2025-12-05T13:23:08Z,2023,2023-01-01,2023-12-31
4919231,GHED_OOP_pc_US_SHA2011,COUNTRY,YEM,EMR,Eastern Mediterranean,YEAR,2010,,,,,,,,,44.11,44.11460766,,,,2025-12-05T13:23:08Z,2010,2010-01-01,2010-12-31
4937957,GHED_OOP_pc_US_SHA2011,COUNTRY,COM,AFR,Africa,YEAR,2010,,,,,,,,,55.69,55.69115361,,,,2025-12-05T13:23:08Z,2010,2010-01-01,2010-12-31
4969050,GHED_OOP_pc_US_SHA2011,COUNTRY,NER,AFR,Africa,YEAR,2009,,,,,,,,,13.18,13.17510477,,,,2025-12-05T13:23:08Z,2009,2009-01-01,2009-12-31
4969472,GHED_OOP_pc_US_SHA2011,COUNTRY,BRB,AMR,Americas,YEAR,2021,,,,,,,,,539.54,539.54217963,,,,2025-12-05T13:23:08Z,2021,2021-01-01,2021-12-31
4969851,GHED_OOP_pc_US_SHA2011,COUNTRY,MOZ,AFR,Africa,YEAR,2006,,,,,,,,,2.30,2.30088589,,,,2025-12-05T13:23:08Z,2006,2006-01-01,2006-12-31
4976358,GHED_OOP_pc_US_SHA2011,WORLDBANKINCOMEGROUP,WB_LMI,,,YEAR,2005,,,,,,,,,24.42,24.41621477,,,,2025-12-05T13:23:08Z,2005,2005-01-01,2005-12-31
4982497,GHED_OOP_pc_US_SHA2011,COUNTRY,KIR,WPR,Western Pacific,YEAR,2015,,,,,,,,,1.29,1.28624552,,,,2025-12-05T13:23:08Z,2015,2015-01-01,2015-12-31
5007173,GHED_OOP_pc_US_SHA2011,COUNTRY,DNK,EUR,Europe,YEAR,2007,,,,,,,,,794.18,794.17841951,,,,2025-12-05T13:23:08Z,2007,2007-01-01,2007-12-31
5020843,GHED_OOP_pc_US_SHA2011,COUNTRY,TGO,AFR,Africa,YEAR,2023,,,,,,,,,38.35,38.35060538,,,,2025-12-05T13:23:08Z,2023,2023-01-01,2023-12-31
5026704,GHED_OOP_pc_US_SHA2011,COUNTRY,HND,AMR,Americas,YEAR,2010,,,,,,,,,76.43,76.42555368,,,,2025-12-05T13:23:08Z,2010,2010-01-01,2010-12-31
5027184,GHED_OOP_pc_US_SHA2011,COUNTRY,MMR,SEAR,South-East Asia,YEAR,2011,,,,,,,,,21.18,21.17845361,,,,2025-12-05T13:23:08Z,2011,2011-01-01,2011-12-31
5039518,GHED_OOP_pc_US_SHA2011,COUNTRY,UGA,AFR,Africa,YEAR,2007,,,,,,,,,19.67,19.66936071,,,,2025-12-05T13:23:08Z,2007,2007-01-01,2007-12-31
5045804,GHED_OOP_pc_US_SHA2011,COUNTRY,WSM,WPR,Western Pacific,YEAR,2008,,,,,,,,,22.39,22.39213846,,,,2025-12-05T13:23:08Z,2008,2008-01-01,2008-12-31
5095795,GHED_OOP_pc_US_SHA2011,COUNTRY,ZWE,AFR,Africa,YEAR,2015,,,,,,,,,26.64,26.64162989,,,,2025-12-05T13:23:08Z,2015,2015-01-01,2015-12-31
5134565,GHED_OOP_pc_US_SHA2011,COUNTRY,USA,AMR,Americas,YEAR,2003,,,,,,,,,811.12,811.11592945,,,,2025-12-05T13:23:08Z,2003,2003-01-01,2003-12-31
5141262,GHED_OOP_pc_US_SHA2011,REGION,SEAR,,,YEAR,2016,,,,,,,,,50.57,50.56871732,,,,2025-12-05T13:23:08Z,2016,2016-01-01,2016-12-31
5147067,GHED_OOP_pc_US_SHA2011,COUNTRY,MAR,EMR,Eastern Mediterranean,YEAR,2010,,,,,,,,,93.63,93.63290057,,,,2025-12-05T13:23:08Z,2010,2010-01-01,2010-12-31
5178864,GHED_OOP_pc_US_SHA2011,COUNTRY,BHR,EMR,Eastern Mediterranean,YEAR,2008,,,,,,,,,205.14,205.14334386,,,,2025-12-05T13:23:08Z,2008,2008-01-01,2008-12-31
5178979,GHED_OOP_pc_US_SHA2011,COUNTRY,CAN,AMR,Americas,YEAR,2009,,,,,,,,,660.88,660.87554641,,,,2025-12-05T13:23:08Z,2009,2009-01-01,2009-12-31
5179122,GHED_OOP_pc_US_SHA2011,COUNTRY,NGA,AFR,Africa,YEAR,2021,,,,,,,,,62.42,62.42290286,,,,2025-12-05T13:23:08Z,2021,2021-01-01,2021-12-31
5191671,GHED_OOP_pc_US_SHA2011,COUNTRY,GEO,EUR,Europe,YEAR,2010,,,,,,,,,207.38,207.38204512,,,,2025-12-05T13:23:08Z,2010,2010-01-01,2010-12-31
5204589,GHED_OOP_pc_US_SHA2011,COUNTRY,WSM,WPR,Western Pacific,YEAR,2010,,,,,,,,,23.42,23.42394894,,,,2025-12-05T13:23:08Z,2010,2010-01-01,2010-12-31
5210356,GHED_OOP_pc_US_SHA2011,COUNTRY,ITA,EUR,Europe,YEAR,2000,,,,,,,,,403.38,403.3821392,,,,2025-12-05T13:23:08Z,2000,2000-01-01,2000-12-31
5223134,GHED_OOP_pc_US_SHA2011,COUNTRY,SVK,EUR,Europe,YEAR,2004,,,,,,,,,108.62,108.61561043,,,,2025-12-05T13:23:08Z,2004,2004-01-01,2004-12-31
5223238,GHED_OOP_pc_US_SHA2011,COUNTRY,MEX,AMR,Americas,YEAR,2023,,,,,,,,,313.80,313.79911595,,,,2025-12-05T13:23:08Z,2023,2023-01-01,2023-12-31
5229757,GHED_OOP_pc_US_SHA2011,REGION,SEAR,,,YEAR,2014,,,,,,,,,48.54,48.5370237,,,,2025-12-05T13:23:08Z,2014,2014-01-01,2014-12-31
5247890,GHED_OOP_pc_US_SHA2011,COUNTRY,IRL,EUR,Europe,YEAR,2007,,,,,,,,,562.21,562.20531516,,,,2025-12-05T13:23:08Z,2007,2007-01-01,2007-12-31
5254281,GHED_OOP_pc_US_SHA2011,COUNTRY,CPV,AFR,Africa,YEAR,2020,,,,,,,,,60.24,60.24338952,,,,2025-12-05T13:23:08Z,2020,2020-01-01,2020-12-31
5254777,GHED_OOP_pc_US_SHA2011,COUNTRY,KIR,WPR,Western Pacific,YEAR,2020,,,,,,,,,1.64,1.63726341,,,,2025-12-05T13:23:08Z,2020,2020-01-01,2020-12-31
5273550,GHED_OOP_pc_US_SHA2011,COUNTRY,JAM,AMR,Americas,YEAR,2023,,,,,,,,,105.31,105.30789053,,,,2025-12-05T13:23:08Z,2023,2023-01-01,2023-12-31
5286529,GHED_OOP_pc_US_SHA2011,COUNTRY,LVA,EUR,Europe,YEAR,2003,,,,,,,,,136.22,136.22170375,,,,2025-12-05T13:23:08Z,2003,2003-01-01,2003-12-31
5342801,GHED_OOP_pc_US_SHA2011,WORLDBANKINCOMEGROUP,WB_LMI,,,YEAR,2010,,,,,,,,,35.52,35.51544727,,,,2025-12-05T13:23:08Z,2010,2010-01-01,2010-12-31
5343698,GHED_OOP_pc_US_SHA2011,COUNTRY,USA,AMR,Americas,YEAR,2014,,,,,,,,,1053.46,1053.45567937,,,,2025-12-05T13:23:08Z,2014,2014-01-01,2014-12-31
5355978,GHED_OOP_pc_US_SHA2011,COUNTRY,CAF,AFR,Africa,YEAR,2014,,,,,,,,,8.69,8.69424952,,,,2025-12-05T13:23:08Z,2014,2014-01-01,2014-12-31
5362662,GHED_OOP_pc_US_SHA2011,COUNTRY,MDG,AFR,Africa,YEAR,2015,,,,,,,,,5.61,5.61201952,,,,2025-12-05T13:23:08Z,2015,2015-01-01,2015-12-31
5369068,GHED_OOP_pc_US_SHA2011,COUNTRY,PNG,WPR,Western Pacific,YEAR,2009,,,,,,,,,3.80,3.79735206,,,,2025-12-05T13:23:08Z,2009,2009-01-01,2009-12-31
5374497,GHED_OOP_pc_US_SHA2011,COUNTRY,CAF,AFR,Africa,YEAR,2015,,,,,,,,,9.00,8.99537419,,,,2025-12-05T13:23:08Z,2015,2015-01-01,2015-12-31
5374743,GHED_OOP_pc_US_SHA2011,COUNTRY,ZAF,AFR,Africa,YEAR,2002,,,,,,,,,24.34,24.33803201,,,,2025-12-05T13:23:08Z,2002,2002-01-01,2002-12-31
5380874,GHED_OOP_pc_US_SHA2011,COUNTRY,ARG,AMR,Americas,YEAR,2023,,,,,,,,,356.52,356.51891705,,,,2025-12-05T13:23:08Z,2023,2023-01-01,2023-12-31
5438490,GHED_OOP_pc_US_SHA2011,COUNTRY,JOR,EMR,Eastern Mediterranean,YEAR,2022,,,,,,,,,120.13,120.1312033,,,,2025-12-05T13:23:08Z,2022,2022-01-01,2022-12-31
5445263,GHED_OOP_pc_US_SHA2011,COUNTRY,TTO,AMR,Americas,YEAR,2016,,,,,,,,,458.94,458.94440473,,,,2025-12-05T13:23:08Z,2016,2016-01-01,2016-12-31
5451264,GHED_OOP_pc_US_SHA2011,COUNTRY,ARM,EUR,Europe,YEAR,2014,,,,,,,,,333.50,333.5041354,,,,2025-12-05T13:23:08Z,2014,2014-01-01,2014-12-31
5456949,GHED_OOP_pc_US_SHA2011,COUNTRY,JAM,AMR,Americas,YEAR,2019,,,,,,,,,105.09,105.09430413,,,,2025-12-05T13:23:08Z,2019,2019-01-01,2019-12-31
5464252,GHED_OOP_pc_US_SHA2011,REGION,SEAR,,,YEAR,2006,,,,,,,,,33.48,33.47561435,,,,2025-12-05T13:23:08Z,2006,2006-01-01,2006-12-31
5470519,GHED_OOP_pc_US_SHA2011,COUNTRY,MNE,EUR,Europe,YEAR,2012,,,,,,,,,192.20,192.19841857,,,,2025-12-05T13:23:08Z,2012,2012-01-01,2012-12-31
5488840,GHED_OOP_pc_US_SHA2011,COUNTRY,FJI,WPR,Western Pacific,YEAR,2007,,,,,,,,,21.87,21.869019,,,,2025-12-05T13:23:08Z,2007,2007-01-01,2007-12-31
5488949,GHED_OOP_pc_US_SHA2011,COUNTRY,UZB,EUR,Europe,YEAR,2021,,,,,,,,,94.36,94.35871247,,,,2025-12-05T13:23:08Z,2021,2021-01-01,2021-12-31
5495921,GHED_OOP_pc_US_SHA2011,COUNTRY,BEL,EUR,Europe,YEAR,2015,,,,,,,,,868.07,868.06502477,,,,2025-12-05T13:23:08Z,2015,2015-01-01,2015-12-31
5533508,GHED_OOP_pc_US_SHA2011,COUNTRY,DEU,EUR,Europe,YEAR,2020,,,,,,,,,669.72,669.71600674,,,,2025-12-05T13:23:08Z,2020,2020-01-01,2020-12-31
5558769,GHED_OOP_pc_US_SHA2011,COUNTRY,USA,AMR,Americas,YEAR,2010,,,,,,,,,969.16,969.15858421,,,,2025-12-05T13:23:08Z,2010,2010-01-01,2010-12-31
5571281,GHED_OOP_pc_US_SHA2011,COUNTRY,LBN,EMR,Eastern Mediterranean,YEAR,2014,,,,,,,,,202.71,202.70610077,,,,2025-12-05T13:23:08Z,2014,2014-01-01,2014-12-31
5571824,GHED_OOP_pc_US_SHA2011,COUNTRY,ROU,EUR,Europe,YEAR,2015,,,,,,,,,94.12,94.1170118,,,,2025-12-05T13:23:08Z,2015,2015-01-01,2015-12-31
5609435,GHED_OOP_pc_US_SHA2011,COUNTRY,MWI,AFR,Africa,YEAR,2018,,,,,,,,,4.70,4.69842914,,,,2025-12-05T13:23:08Z,2018,2018-01-01,2018-12-31
5615614,GHED_OOP_pc_US_SHA2011,COUNTRY,NOR,EUR,Europe,YEAR,2019,,,,,,,,,1114.52,1114.52190016,,,,2025-12-05T13:23:08Z,2019,2019-01-01,2019-12-31
5621971,GHED_OOP_pc_US_SHA2011,COUNTRY,FSM,WPR,Western Pacific,YEAR,2007,,,,,,,,,11.55,11.55215211,,,,2025-12-05T13:23:08Z,2007,2007-01-01,2007-12-31
5628723,GHED_OOP_pc_US_SHA2011,COUNTRY,SMR,EUR,Europe,YEAR,2012,,,,,,,,,488.57,488.57147349,,,,2025-12-05T13:23:08Z,2012,2012-01-01,2012-12-31
5628872,GHED_OOP_pc_US_SHA2011,COUNTRY,COG,AFR,Africa,YEAR,2021,,,,,,,,,18.53,18.53230509,,,,2025-12-05T13:23:08Z,2021,2021-01-01,2021-12-31
5634373,GHED_OOP_pc_US_SHA2011,COUNTRY,CAF,AFR,Africa,YEAR,2002,,,,,,,,,5.18,5.17867188,,,,2025-12-05T13:23:08Z,2002,2002-01-01,2002-12-31
5653624,GHED_OOP_pc_US_SHA2011,COUNTRY,SLV,AMR,Americas,YEAR,2014,,,,,,,,,115.29,115.29434183,,,,2025-12-05T13:23:08Z,2014,2014-01-01,2014-12-31
5666182,GHED_OOP_pc_US_SHA2011,COUNTRY,USA,AMR,Americas,YEAR,2000,,,,,,,,,687.62,687.62210681,,,,2025-12-05T13:23:08Z,2000,2000-01-01,2000-12-31
5704078,GHED_OOP_pc_US_SHA2011,COUNTRY,LTU,EUR,Europe,YEAR,2009,,,,,,,,,231.90,231.89706075,,,,2025-12-05T13:23:08Z,2009,2009-01-01,2009-12-31
5704559,GHED_OOP_pc_US_SHA2011,COUNTRY,PRT,EUR,Europe,YEAR,2007,,,,,,,,,547.28,547.28130758,,,,2025-12-05T13:23:08Z,2007,2007-01-01,2007-12-31
5716927,GHED_OOP_pc_US_SHA2011,COUNTRY,GRC,EUR,Europe,YEAR,2017,,,,,,,,,528.35,528.35230601,,,,2025-12-05T13:23:08Z,2017,2017-01-01,2017-12-31
5729805,GHED_OOP_pc_US_SHA2011,COUNTRY,AZE,EUR,Europe,YEAR,2002,,,,,,,,,14.80,14.79780561,,,,2025-12-05T13:23:08Z,2002,2002-01-01,2002-12-31
5742407,GHED_OOP_pc_US_SHA2011,COUNTRY,MDG,AFR,Africa,YEAR,2016,,,,,,,,,5.58,5.58176123,,,,2025-12-05T13:23:08Z,2016,2016-01-01,2016-12-31
5767919,GHED_OOP_pc_US_SHA2011,COUNTRY,ECU,AMR,Americas,YEAR,2021,,,,,,,,,149.39,149.39479024,,,,2025-12-05T13:23:08Z,2021,2021-01-01,2021-12-31
5787341,GHED_OOP_pc_US_SHA2011,COUNTRY,AND,EUR,Europe,YEAR,2023,,,,,,,,,401.83,401.83338457,,,,2025-12-05T13:23:08Z,2023,2023-01-01,2023-12-31
5793238,GHED_OOP_pc_US_SHA2011,COUNTRY,GEO,EUR,Europe,YEAR,2003,,,,,,,,,63.88,63.88455277,,,,2025-12-05T13:23:08Z,2003,2003-01-01,2003-12-31
5800158,GHED_OOP_pc_US_SHA2011,COUNTRY,HTI,AMR,Americas,YEAR,2021,,,,,,,,,27.22,27.22347416,,,,2025-12-05T13:23:08Z,2021,2021-01-01,2021-12-31
5812956,GHED_OOP_pc_US_SHA2011,COUNTRY,COD,AFR,Africa,YEAR,2020,,,,,,,,,8.17,8.1657335,,,,2025-12-05T13:23:08Z,2020,2020-01-01,2020-12-31
5818269,GHED_OOP_pc_US_SHA2011,COUNTRY,PER,AMR,Americas,YEAR,2017,,,,,,,,,96.26,96.26237224,,,,2025-12-05T13:23:08Z,2017,2017-01-01,2017-12-31
5818318,GHED_OOP_pc_US_SHA2011,COUNTRY,COG,AFR,Africa,YEAR,2012,,,,,,,,,21.20,21.19624531,,,,2025-12-05T13:23:08Z,2012,2012-01-01,2012-12-31
5819367,GHED_OOP_pc_US_SHA2011,COUNTRY,BHR,EMR,Eastern Mediterranean,YEAR,2013,,,,,,,,,300.18,300.18093948,,,,2025-12-05T13:23:08Z,2013,2013-01-01,2013-12-31
5824486,GHED_OOP_pc_US_SHA2011,COUNTRY,LBR,AFR,Africa,YEAR,2014,,,,,,,,,24.54,24.5357569,,,,2025-12-05T13:23:08Z,2014,2014-01-01,2014-12-31
5825098,GHED_OOP_pc_US_SHA2011,COUNTRY,COG,AFR,Africa,YEAR,2019,,,,,,,,,24.64,24.63735248,,,,2025-12-05T13:23:08Z,2019,2019-01-01,2019-12-31
5825444,GHED_OOP_pc_US_SHA2011,COUNTRY,GNQ,AFR,Africa,YEAR,2012,,,,,,,,,149.86,149.8621711,,,,2025-12-05T13:23:08Z,2012,2012-01-01,2012-12-31
5849816,GHED_OOP_pc_US_SHA2011,COUNTRY,UKR,EUR,Europe,YEAR,2009,,,,,,,,,62.07,62.07025536,,,,2025-12-05T13:23:08Z,2009,2009-01-01,2009-12-31
5868720,GHED_OOP_pc_US_SHA2011,COUNTRY,LCA,AMR,Americas,YEAR,2002,,,,,,,,,170.60,170.60414153,,,,2025-12-05T13:23:08Z,2002,2002-01-01,2002-12-31
5869325,GHED_OOP_pc_US_SHA2011,COUNTRY,PER,AMR,Americas,YEAR,2020,,,,,,,,,89.80,89.80073756,,,,2025-12-05T13:23:08Z,2020,2020-01-01,2020-12-31
5876008,GHED_OOP_pc_US_SHA2011,COUNTRY,GUY,AMR,Americas,YEAR,2003,,,,,,,,,26.23,26.22995246,,,,2025-12-05T13:23:08Z,2003,2003-01-01,2003-12-31
5888067,GHED_OOP_pc_US_SHA2011,COUNTRY,COG,AFR,Africa,YEAR,2020,,,,,,,,,20.18,20.17670853,,,,2025-12-05T13:23:08Z,2020,2020-01-01,2020-12-31
5888430,GHED_OOP_pc_US_SHA2011,COUNTRY,NAM,AFR,Africa,YEAR,2020,,,,,,,,,25.84,25.84058887,,,,2025-12-05T13:23:08Z,2020,2020-01-01,2020-12-31
5888704,GHED_OOP_pc_US_SHA2011,COUNTRY,CHN,WPR,Western Pacific,YEAR,2021,,,,,,,,,230.53,230.53398881,,,,2025-12-05T13:23:08Z,2021,2021-01-01,2021-12-31
5895131,GHED_OOP_pc_US_SHA2011,COUNTRY,ARM,EUR,Europe,YEAR,2004,,,,,,,,,51.29,51.29383785,,,,2025-12-05T13:23:08Z,2004,2004-01-01,2004-12-31
5945168,GHED_OOP_pc_US_SHA2011,COUNTRY,NIC,AMR,Americas,YEAR,2009,,,,,,,,,43.21,43.2067182,,,,2025-12-05T13:23:08Z,2009,2009-01-01,2009-12-31
5945336,GHED_OOP_pc_US_SHA2011,COUNTRY,MLI,AFR,Africa,YEAR,2011,,,,,,,,,15.84,15.84062234,,,,2025-12-05T13:23:08Z,2011,2011-01-01,2011-12-31
5957492,GHED_OOP_pc_US_SHA2011,COUNTRY,BHR,EMR,Eastern Mediterranean,YEAR,2006,,,,,,,,,154.38,154.38408664,,,,2025-12-05T13:23:08Z,2006,2006-01-01,2006-12-31
5958486,GHED_OOP_pc_US_SHA2011,COUNTRY,SWZ,AFR,Africa,YEAR,2006,,,,,,,,,29.46,29.46123216,,,,2025-12-05T13:23:08Z,2006,2006-01-01,2006-12-31
5963815,GHED_OOP_pc_US_SHA2011,COUNTRY,LSO,AFR,Africa,YEAR,2023,,,,,,,,,16.18,16.18488254,,,,2025-12-05T13:23:08Z,2023,2023-01-01,2023-12-31
5971108,GHED_OOP_pc_US_SHA2011,COUNTRY,SDN,EMR,Eastern Mediterranean,YEAR,2021,,,,,,,,,12.63,12.634177,,,,2025-12-05T13:23:08Z,2021,2021-01-01,2021-12-31
6001880,GHED_OOP_pc_US_SHA2011,COUNTRY,NZL,WPR,Western Pacific,YEAR,2004,,,,,,,,,279.59,279.59097096,,,,2025-12-05T13:23:08Z,2004,2004-01-01,2004-12-31
6002559,GHED_OOP_pc_US_SHA2011,COUNTRY,URY,AMR,Americas,YEAR,2004,,,,,,,,,91.34,91.33684274,,,,2025-12-05T13:23:08Z,2004,2004-01-01,2004-12-31
6020403,GHED_OOP_pc_US_SHA2011,COUNTRY,CHE,EUR,Europe,YEAR,2013,,,,,,,,,2105.70,2105.70005833,,,,2025-12-05T13:23:08Z,2013,2013-01-01,2013-12-31
6033658,GHED_OOP_pc_US_SHA2011,COUNTRY,HRV,EUR,Europe,YEAR,2018,,,,,,,,,119.01,119.0137753,,,,2025-12-05T13:23:08Z,2018,2018-01-01,2018-12-31
6052608,GHED_OOP_pc_US_SHA2011,COUNTRY,TJK,EUR,Europe,YEAR,2023,,,,,,,,,53.10,53.09856026,,,,2025-12-05T13:23:08Z,2023,2023-01-01,2023-12-31
6090626,GHED_OOP_pc_US_SHA2011,COUNTRY,UGA,AFR,Africa,YEAR,2022,,,,,,,,,15.05,15.04972156,,,,2025-12-05T13:23:08Z,2022,2022-01-01,2022-12-31
6096542,GHED_OOP_pc_US_SHA2011,COUNTRY,RWA,AFR,Africa,YEAR,2018,,,,,,,,,4.85,4.84575899,,,,2025-12-05T13:23:08Z,2018,2018-01-01,2018-12-31
6109461,GHED_OOP_pc_US_SHA2011,COUNTRY,EGY,EMR,Eastern Mediterranean,YEAR,2010,,,,,,,,,65.81,65.80846731,,,,2025-12-05T13:23:08Z,2010,2010-01-01,2010-12-31
6135408,GHED_OOP_pc_US_SHA2011,COUNTRY,PHL,WPR,Western Pacific,YEAR,2013,,,,,,,,,68.44,68.44118086,,,,2025-12-05T13:23:08Z,2013,2013-01-01,2013-12-31
6141320,GHED_OOP_pc_US_SHA2011,COUNTRY,MCO,EUR,Europe,YEAR,2008,,,,,,,,,536.82,536.82082236,,,,2025-12-05T13:23:08Z,2008,2008-01-01,2008-12-31
6153557,GHED_OOP_pc_US_SHA2011,COUNTRY,LBN,EMR,Eastern Mediterranean,YEAR,2000,,,,,,,,,246.02,246.01634545,,,,2025-12-05T13:23:08Z,2000,2000-01-01,2000-12-31
6153769,GHED_OOP_pc_US_SHA2011,COUNTRY,GTM,AMR,Americas,YEAR,2015,,,,,,,,,130.30,130.30484267,,,,2025-12-05T13:23:08Z,2015,2015-01-01,2015-12-31
6166769,GHED_OOP_pc_US_SHA2011,COUNTRY,POL,EUR,Europe,YEAR,2020,,,,,,,,,200.43,200.42594162,,,,2025-12-05T13:23:08Z,2020,2020-01-01,2020-12-31
6167312,GHED_OOP_pc_US_SHA2011,COUNTRY,EST,EUR,Europe,YEAR,2023,,,,,,,,,499.12,499.11767455,,,,2025-12-05T13:23:08Z,2023,2023-01-01,2023-12-31
6172968,GHED_OOP_pc_US_SHA2011,COUNTRY,BTN,SEAR,South-East Asia,YEAR,2003,,,,,,,,,7.06,7.06253012,,,,2025-12-05T13:23:08Z,2003,2003-01-01,2003-12-31
6204402,GHED_OOP_pc_US_SHA2011,COUNTRY,COM,AFR,Africa,YEAR,2011,,,,,,,,,52.00,52.00269521,,,,2025-12-05T13:23:08Z,2011,2011-01-01,2011-12-31
6236255,GHED_OOP_pc_US_SHA2011,COUNTRY,OMN,EMR,Eastern Mediterranean,YEAR,2004,,,,,,,,,34.17,34.16897192,,,,2025-12-05T13:23:08Z,2004,2004-01-01,2004-12-31
6242986,GHED_OOP_pc_US_SHA2011,COUNTRY,DZA,AFR,Africa,YEAR,2023,,,,,,,,,105.03,105.02581835,,,,2025-12-05T13:23:08Z,2023,2023-01-01,2023-12-31
6261622,GHED_OOP_pc_US_SHA2011,COUNTRY,URY,AMR,Americas,YEAR,2008,,,,,,,,,172.83,172.83453194,,,,2025-12-05T13:23:08Z,2008,2008-01-01,2008-12-31
6268201,GHED_OOP_pc_US_SHA2011,COUNTRY,PSE,EMR,Eastern Mediterranean,YEAR,2019,,,,,,,,,122.84,122.84229516,,,,2025-12-05T13:23:08Z,2019,2019-01-01,2019-12-31
6268609,GHED_OOP_pc_US_SHA2011,COUNTRY,BRA,AMR,Americas,YEAR,2010,,,,,,,,,266.23,266.23285281,,,,2025-12-05T13:23:08Z,2010,2010-01-01,2010-12-31
6286904,GHED_OOP_pc_US_SHA2011,COUNTRY,VCT,AMR,Americas,YEAR,2020,,,,,,,,,109.31,109.30890505,,,,2025-12-05T13:23:08Z,2020,2020-01-01,2020-12-31
6299702,GHED_OOP_pc_US_SHA2011,COUNTRY,RUS,EUR,Europe,YEAR,2022,,,,,,,,,298.71,298.70719885,,,,2025-12-05T13:23:08Z,2022,2022-01-01,2022-12-31
6318448,GHED_OOP_pc_US_SHA2011,COUNTRY,SAU,EMR,Eastern Mediterranean,YEAR,2004,,,,,,,,,85.57,85.57419922,,,,2025-12-05T13:23:08Z,2004,2004-01-01,2004-12-31
6331341,GHED_OOP_pc_US_SHA2011,COUNTRY,SWE,EUR,Europe,YEAR,2009,,,,,,,,,682.21,682.20821945,,,,2025-12-05T13:23:08Z,2009,2009-01-01,2009-12-31
6370088,GHED_OOP_pc_US_SHA2011,COUNTRY,FIN,EUR,Europe,YEAR,2004,,,,,,,,,604.55,604.54979122,,,,2025-12-05T13:23:08Z,2004,2004-01-01,2004-12-31
6401408,GHED_OOP_pc_US_SHA2011,COUNTRY,MOZ,AFR,Africa,YEAR,2020,,,,,,,,,3.60,3.59935021,,,,2025-12-05T13:23:08Z,2020,2020-01-01,2020-12-31
6407668,GHED_OOP_pc_US_SHA2011,COUNTRY,FJI,WPR,Western Pacific,YEAR,2002,,,,,,,,,8.55,8.54997203,,,,2025-12-05T13:23:08Z,2002,2002-01-01,2002-12-31
6408205,GHED_OOP_pc_US_SHA2011,COUNTRY,BWA,AFR,Africa,YEAR,2020,,,,,,,,,19.13,19.127267,,,,2025-12-05T13:23:08Z,2020,2020-01-01,2020-12-31
6413730,GHED_OOP_pc_US_SHA2011,COUNTRY,BFA,AFR,Africa,YEAR,2010,,,,,,,,,10.19,10.19183466,,,,2025-12-05T13:23:08Z,2010,2010-01-01,2010-12-31
6420973,GHED_OOP_pc_US_SHA2011,COUNTRY,DNK,EUR,Europe,YEAR,2020,,,,,,,,,872.27,872.27232035,,,,2025-12-05T13:23:08Z,2020,2020-01-01,2020-12-31
6426545,GHED_OOP_pc_US_SHA2011,GLOBAL,GLOBAL,,,YEAR,2011,,,,,,,,,213.53,213.52671344,,,,2025-12-05T13:23:08Z,2011,2011-01-01,2011-12-31
6427256,GHED_OOP_pc_US_SHA2011,COUNTRY,MOZ,AFR,Africa,YEAR,2016,,,,,,,,,3.36,3.35707718,,,,2025-12-05T13:23:08Z,2016,2016-01-01,2016-12-31
6432833,GHED_OOP_pc_US_SHA2011,COUNTRY,TZA,AFR,Africa,YEAR,2018,,,,,,,,,8.58,8.58190254,,,,2025-12-05T13:23:08Z,2018,2018-01-01,2018-12-31
6445922,GHED_OOP_pc_US_SHA2011,COUNTRY,PER,AMR,Americas,YEAR,2010,,,,,,,,,95.40,95.40263237,,,,2025-12-05T13:23:08Z,2010,2010-01-01,2010-12-31
6464709,GHED_OOP_pc_US_SHA2011,COUNTRY,DZA,AFR,Africa,YEAR,2007,,,,,,,,,42.38,42.37626411,,,,2025-12-05T13:23:08Z,2007,2007-01-01,2007-12-31
6464869,GHED_OOP_pc_US_SHA2011,COUNTRY,CAF,AFR,Africa,YEAR,2009,,,,,,,,,10.23,10.22796326,,,,2025-12-05T13:23:08Z,2009,2009-01-01,2009-12-31
6471730,GHED_OOP_pc_US_SHA2011,COUNTRY,MRT,AFR,Africa,YEAR,2001,,,,,,,,,17.96,17.95615594,,,,2025-12-05T13:23:08Z,2001,2001-01-01,2001-12-31
6477342,GHED_OOP_pc_US_SHA2011,COUNTRY,COG,AFR,Africa,YEAR,2003,,,,,,,,,13.22,13.21750807,,,,2025-12-05T13:23:08Z,2003,2003-01-01,2003-12-31
6502998,GHED_OOP_pc_US_SHA2011,COUNTRY,ARE,EMR,Eastern Mediterranean,YEAR,2018,,,,,,,,,237.75,237.74539445,,,,2025-12-05T13:23:08Z,2018,2018-01-01,2018-12-31
6539847,GHED_OOP_pc_US_SHA2011,COUNTRY,GTM,AMR,Americas,YEAR,2013,,,,,,,,,108.58,108.57968975,,,,2025-12-05T13:23:08Z,2013,2013-01-01,2013-12-31
6546300,GHED_OOP_pc_US_SHA2011,COUNTRY,MLT,EUR,Europe,YEAR,2013,,,,,,,,,642.85,642.84522653,,,,2025-12-05T13:23:08Z,2013,2013-01-01,2013-12-31
6553092,GHED_OOP_pc_US_SHA2011,COUNTRY,GNB,AFR,Africa,YEAR,2014,,,,,,,,,36.00,36.00245524,,,,2025-12-05T13:23:08Z,2014,2014-01-01,2014-12-31
6553316,GHED_OOP_pc_US_SHA2011,COUNTRY,TON,WPR,Western Pacific,YEAR,2000,,,,,,,,,7.74,7.73500458,,,,2025-12-05T13:23:08Z,2000,2000-01-01,2000-12-31
6559104,GHED_OOP_pc_US_SHA2011,COUNTRY,THA,SEAR,South-East Asia,YEAR,2013,,,,,,,,,26.06,26.06016257,,,,2025-12-05T13:23:08Z,2013,2013-01-01,2013-12-31
6578491,GHED_OOP_pc_US_SHA2011,COUNTRY,SLB,WPR,Western Pacific,YEAR,2016,,,,,,,,,2.81,2.81364938,,,,2025-12-05T13:23:08Z,2016,2016-01-01,2016-12-31
6629669,GHED_OOP_pc_US_SHA2011,COUNTRY,TCD,AFR,Africa,YEAR,2006,,,,,,,,,21.56,21.55865143,,,,2025-12-05T13:23:08Z,2006,2006-01-01,2006-12-31
6660586,GHED_OOP_pc_US_SHA2011,COUNTRY,NER,AFR,Africa,YEAR,2012,,,,,,,,,13.81,13.81211884,,,,2025-12-05T13:23:08Z,2012,2012-01-01,2012-12-31
6660857,GHED_OOP_pc_US_SHA2011,COUNTRY,SLB,WPR,Western Pacific,YEAR,2018,,,,,,,,,3.18,3.18121361,,,,2025-12-05T13:23:08Z,2018,2018-01-01,2018-12-31
6661438,GHED_OOP_pc_US_SHA2011,COUNTRY,CPV,AFR,Africa,YEAR,2011,,,,,,,,,40.67,40.66997325,,,,2025-12-05T13:23:08Z,2011,2011-01-01,2011-12-31
6692859,GHED_OOP_pc_US_SHA2011,COUNTRY,LKA,SEAR,South-East Asia,YEAR,2014,,,,,,,,,64.66,64.66110238,,,,2025-12-05T13:23:08Z,2014,2014-01-01,2014-12-31
6705694,GHED_OOP_pc_US_SHA2011,REGION,WPR,,,YEAR,2017,,,,,,,,,169.50,169.50182294,,,,2025-12-05T13:23:08Z,2017,2017-01-01,2017-12-31
6717568,GHED_OOP_pc_US_SHA2011,COUNTRY,NIU,WPR,Western Pacific,YEAR,2005,,,,,,,,,9.17,9.16885483,,,,2025-12-05T13:23:08Z,2005,2005-01-01,2005-12-31
6743965,GHED_OOP_pc_US_SHA2011,COUNTRY,AUT,EUR,Europe,YEAR,2012,,,,,,,,,954.09,954.08913331,,,,2025-12-05T13:23:08Z,2012,2012-01-01,2012-12-31
6762011,GHED_OOP_pc_US_SHA2011,COUNTRY,BDI,AFR,Africa,YEAR,2014,,,,,,,,,5.60,5.60065579,,,,2025-12-05T13:23:08Z,2014,2014-01-01,2014-12-31
6781871,GHED_OOP_pc_US_SHA2011,COUNTRY,SLV,AMR,Americas,YEAR,2016,,,,,,,,,117.42,117.42273549,,,,2025-12-05T13:23:08Z,2016,2016-01-01,2016-12-31
6788348,GHED_OOP_pc_US_SHA2011,COUNTRY,BEN,AFR,Africa,YEAR,2023,,,,,,,,,19.73,19.73044207,,,,2025-12-05T13:23:08Z,2023,2023-01-01,2023-12-31
6819382,GHED_OOP_pc_US_SHA2011,COUNTRY,SYR,EMR,Eastern Mediterranean,YEAR,2010,,,,,,,,,47.58,47.58375961,,,,2025-12-05T13:23:08Z,2010,2010-01-01,2010-12-31
6832283,GHED_OOP_pc_US_SHA2011,COUNTRY,ISR,EUR,Europe,YEAR,2010,,,,,,,,,532.88,532.88384906,,,,2025-12-05T13:23:08Z,2010,2010-01-01,2010-12-31
6851010,GHED_OOP_pc_US_SHA2011,COUNTRY,SMR,EUR,Europe,YEAR,2018,,,,,,,,,441.09,441.08977012,,,,2025-12-05T13:23:08Z,2018,2018-01-01,2018-12-31
6857213,GHED_OOP_pc_US_SHA2011,COUNTRY,TUN,EMR,Eastern Mediterranean,YEAR,2014,,,,,,,,,109.31,109.30518164,,,,2025-12-05T13:23:08Z,2014,2014-01-01,2014-12-31
6864302,GHED_OOP_pc_US_SHA2011,COUNTRY,LSO,AFR,Africa,YEAR,2013,,,,,,,,,18.30,18.30213978,,,,2025-12-05T13:23:08Z,2013,2013-01-01,2013-12-31
6869787,GHED_OOP_pc_US_SHA2011,REGION,EMR,,,YEAR,2006,,,,,,,,,88.91,88.90514838,,,,2025-12-05T13:23:08Z,2006,2006-01-01,2006-12-31
6883112,GHED_OOP_pc_US_SHA2011,COUNTRY,AUT,EUR,Europe,YEAR,2020,,,,,,,,,956.56,956.55875857,,,,2025-12-05T13:23:08Z,2020,2020-01-01,2020-12-31
6889582,GHED_OOP_pc_US_SHA2011,COUNTRY,DZA,AFR,Africa,YEAR,2016,,,,,,,,,87.35,87.3475106,,,,2025-12-05T13:23:08Z,2016,2016-01-01,2016-12-31
6914295,GHED_OOP_pc_US_SHA2011,COUNTRY,VEN,AMR,Americas,YEAR,2019,,,,,,,,,38.47,38.46509978,,,,2025-12-05T13:23:08Z,2019,2019-01-01,2019-12-31
6964826,GHED_OOP_pc_US_SHA2011,COUNTRY,MLT,EUR,Europe,YEAR,2001,,,,,,,,,203.51,203.50858891,,,,2025-12-05T13:23:08Z,2001,2001-01-01,2001-12-31
6971787,GHED_OOP_pc_US_SHA2011,COUNTRY,BFA,AFR,Africa,YEAR,2005,,,,,,,,,9.27,9.26543592,,,,2025-12-05T13:23:08Z,2005,2005-01-01,2005-12-31
6984038,GHED_OOP_pc_US_SHA2011,COUNTRY,SDN,EMR,Eastern Mediterranean,YEAR,2013,,,,,,,,,72.96,72.95830297,,,,2025-12-05T13:23:08Z,2013,2013-01-01,2013-12-31
6990644,GHED_OOP_pc_US_SHA2011,COUNTRY,IRN,EMR,Eastern Mediterranean,YEAR,2022,,,,,,,,,104.06,104.06433429,,,,2025-12-05T13:23:08Z,2022,2022-01-01,2022-12-31
6997245,GHED_OOP_pc_US_SHA2011,COUNTRY,BGD,SEAR,South-East Asia,YEAR,2000,,,,,,,,,5.12,5.11630496,,,,2025-12-05T13:23:08Z,2000,2000-01-01,2000-12-31
7002879,GHED_OOP_pc_US_SHA2011,COUNTRY,TJK,EUR,Europe,YEAR,2004,,,,,,,,,10.51,10.50997243,,,,2025-12-05T13:23:08Z,2004,2004-01-01,2004-12-31
7010018,GHED_OOP_pc_US_SHA2011,COUNTRY,MDV,SEAR,South-East Asia,YEAR,2008,,,,,,,,,256.58,256.57520632,,,,2025-12-05T13:23:08Z,2008,2008-01-01,2008-12-31
7016160,GHED_OOP_pc_US_SHA2011,COUNTRY,COD,AFR,Africa,YEAR,2018,,,,,,,,,7.19,7.194801,,,,2025-12-05T13:23:08Z,2018,2018-01-01,2018-12-31
7021903,GHED_OOP_pc_US_SHA2011,COUNTRY,GMB,AFR,Africa,YEAR,2008,,,,,,,,,6.58,6.58076808,,,,2025-12-05T13:23:08Z,2008,2008-01-01,2008-12-31
7035221,GHED_OOP_pc_US_SHA2011,COUNTRY,TON,WPR,Western Pacific,YEAR,2007,,,,,,,,,13.23,13.22920416,,,,2025-12-05T13:23:08Z,2007,2007-01-01,2007-12-31
7053830,GHED_OOP_pc_US_SHA2011,COUNTRY,BTN,SEAR,South-East Asia,YEAR,2013,,,,,,,,,17.55,17.55418395,,,,2025-12-05T13:23:08Z,2013,2013-01-01,2013-12-31
7060510,GHED_OOP_pc_US_SHA2011,COUNTRY,LTU,EUR,Europe,YEAR,2006,,,,,,,,,170.76,170.76433194,,,,2025-12-05T13:23:08Z,2006,2006-01-01,2006-12-31
7073626,GHED_OOP_pc_US_SHA2011,COUNTRY,CHN,WPR,Western Pacific,YEAR,2019,,,,,,,,,189.89,189.88684592,,,,2025-12-05T13:23:08Z,2019,2019-01-01,2019-12-31
7092537,GHED_OOP_pc_US_SHA2011,COUNTRY,RWA,AFR,Africa,YEAR,2009,,,,,,,,,5.01,5.00716026,,,,2025-12-05T13:23:08Z,2009,2009-01-01,2009-12-31
7117221,GHED_OOP_pc_US_SHA2011,COUNTRY,TTO,AMR,Americas,YEAR,2000,,,,,,,,,152.63,152.63259661,,,,2025-12-05T13:23:08Z,2000,2000-01-01,2000-12-31
7123443,GHED_OOP_pc_US_SHA2011,COUNTRY,SUR,AMR,Americas,YEAR,2020,,,,,,,,,73.59,73.58639462,,,,2025-12-05T13:23:08Z,2020,2020-01-01,2020-12-31
7148661,GHED_OOP_pc_US_SHA2011,COUNTRY,CAN,AMR,Americas,YEAR,2010,,,,,,,,,790.23,790.23480661,,,,2025-12-05T13:23:08Z,2010,2010-01-01,2010-12-31
7149318,GHED_OOP_pc_US_SHA2011,COUNTRY,LUX,EUR,Europe,YEAR,2007,,,,,,,,,687.64,687.63534285,,,,2025-12-05T13:23:08Z,2007,2007-01-01,2007-12-31
7161713,GHED_OOP_pc_US_SHA2011,COUNTRY,GTM,AMR,Americas,YEAR,2012,,,,,,,,,117.13,117.13485634,,,,2025-12-05T13:23:08Z,2012,2012-01-01,2012-12-31
7175062,GHED_OOP_pc_US_SHA2011,COUNTRY,UZB,EUR,Europe,YEAR,2002,,,,,,,,,15.21,15.2116903,,,,2025-12-05T13:23:08Z,2002,2002-01-01,2002-12-31
7175158,GHED_OOP_pc_US_SHA2011,COUNTRY,STP,AFR,Africa,YEAR,2008,,,,,,,,,19.53,19.52645971,,,,2025-12-05T13:23:08Z,2008,2008-01-01,2008-12-31
7180471,GHED_OOP_pc_US_SHA2011,COUNTRY,GEO,EUR,Europe,YEAR,2009,,,,,,,,,186.20,186.20380693,,,,2025-12-05T13:23:08Z,2009,2009-01-01,2009-12-31
7180616,GHED_OOP_pc_US_SHA2011,REGION,SEAR,,,YEAR,2018,,,,,,,,,47.18,47.18151044,,,,2025-12-05T13:23:08Z,2018,2018-01-01,2018-12-31
7181313,GHED_OOP_pc_US_SHA2011,COUNTRY,GHA,AFR,Africa,YEAR,2015,,,,,,,,,28.00,28.0038742,,,,2025-12-05T13:23:08Z,2015,2015-01-01,2015-12-31
7187500,GHED_OOP_pc_US_SHA2011,COUNTRY,MDA,EUR,Europe,YEAR,2023,,,,,,,,,124.09,124.08506874,,,,2025-12-05T13:23:08Z,2023,2023-01-01,2023-12-31
7193817,GHED_OOP_pc_US_SHA2011,COUNTRY,KOR,WPR,Western Pacific,YEAR,2005,,,,,,,,,419.56,419.55726784,,,,2025-12-05T13:23:08Z,2005,2005-01-01,2005-12-31
7200289,GHED_OOP_pc_US_SHA2011,COUNTRY,AUT,EUR,Europe,YEAR,2015,,,,,,,,,922.72,922.71624854,,,,2025-12-05T13:23:08Z,2015,2015-01-01,2015-12-31
7206033,GHED_OOP_pc_US_SHA2011,COUNTRY,ARE,EMR,Eastern Mediterranean,YEAR,2019,,,,,,,,,240.04,240.04156615,,,,2025-12-05T13:23:08Z,2019,2019-01-01,2019-12-31
7231281,GHED_OOP_pc_US_SHA2011,WORLDBANKINCOMEGROUP,WB_LMI,,,YEAR,2018,,,,,,,,,42.02,42.01843615,,,,2025-12-05T13:23:08Z,2018,2018-01-01,2018-12-31
7243633,GHED_OOP_pc_US_SHA2011,COUNTRY,MDG,AFR,Africa,YEAR,2001,,,,,,,,,5.09,5.09458587,,,,2025-12-05T13:23:08Z,2001,2001-01-01,2001-12-31
7256025,GHED_OOP_pc_US_SHA2011,COUNTRY,KWT,EMR,Eastern Mediterranean,YEAR,2019,,,,,,,,,176.16,176.15658044,,,,2025-12-05T13:23:08Z,2019,2019-01-01,2019-12-31
7312800,GHED_OOP_pc_US_SHA2011,COUNTRY,KIR,WPR,Western Pacific,YEAR,2018,,,,,,,,,1.22,1.22400489,,,,2025-12-05T13:23:08Z,2018,2018-01-01,2018-12-31
7313209,GHED_OOP_pc_US_SHA2011,WORLDBANKINCOMEGROUP,WB_HI,,,YEAR,2019,,,,,,,,,534.97,534.96708106,,,,2025-12-05T13:23:08Z,2019,2019-01-01,2019-12-31
7357904,GHED_OOP_pc_US_SHA2011,COUNTRY,ATG,AMR,Americas,YEAR,2013,,,,,,,,,197.81,197.80956004,,,,2025-12-05T13:23:08Z,2013,2013-01-01,2013-12-31
7382690,GHED_OOP_pc_US_SHA2011,COUNTRY,DNK,EUR,Europe,YEAR,2022,,,,,,,,,850.76,850.75847322,,,,2025-12-05T13:23:08Z,2022,2022-01-01,2022-12-31
7408390,GHED_OOP_pc_US_SHA2011,COUNTRY,LSO,AFR,Africa,YEAR,2020,,,,,,,,,15.52,15.51538324,,,,2025-12-05T13:23:08Z,2020,2020-01-01,2020-12-31
7420251,GHED_OOP_pc_US_SHA2011,COUNTRY,GRC,EUR,Europe,YEAR,2004,,,,,,,,,694.56,694.55821012,,,,2025-12-05T13:23:08Z,2004,2004-01-01,2004-12-31
7427215,GHED_OOP_pc_US_SHA2011,COUNTRY,VUT,WPR,Western Pacific,YEAR,2001,,,,,,,,,4.98,4.98160695,,,,2025-12-05T13:23:08Z,2001,2001-01-01,2001-12-31
7439653,GHED_OOP_pc_US_SHA2011,COUNTRY,NIC,AMR,Americas,YEAR,2008,,,,,,,,,44.67,44.67311438,,,,2025-12-05T13:23:08Z,2008,2008-01-01,2008-12-31
7452609,GHED_OOP_pc_US_SHA2011,COUNTRY,BTN,SEAR,South-East Asia,YEAR,2015,,,,,,,,,19.17,19.17443465,,,,2025-12-05T13:23:08Z,2015,2015-01-01,2015-12-31
7452848,GHED_OOP_pc_US_SHA2011,COUNTRY,GRC,EUR,Europe,YEAR,2021,,,,,,,,,615.19,615.18982883,,,,2025-12-05T13:23:08Z,2021,2021-01-01,2021-12-31
7465456,GHED_OOP_pc_US_SHA2011,COUNTRY,CUB,AMR,Americas,YEAR,2003,,,,,,,,,46.24,46.2380469,,,,2025-12-05T13:23:08Z,2003,2003-01-01,2003-12-31
7465615,GHED_OOP_pc_US_SHA2011,COUNTRY,GBR,EUR,Europe,YEAR,2008,,,,,,,,,577.16,577.16411415,,,,2025-12-05T13:23:08Z,2008,2008-01-01,2008-12-31
7490508,GHED_OOP_pc_US_SHA2011,COUNTRY,MYS,WPR,Western Pacific,YEAR,2006,,,,,,,,,69.65,69.65380954,,,,2025-12-05T13:23:08Z,2006,2006-01-01,2006-12-31
7490820,GHED_OOP_pc_US_SHA2011,COUNTRY,ECU,AMR,Americas,YEAR,2018,,,,,,,,,142.17,142.16760107,,,,2025-12-05T13:23:08Z,2018,2018-01-01,2018-12-31
7566946,GHED_OOP_pc_US_SHA2011,COUNTRY,ISR,EUR,Europe,YEAR,2004,,,,,,,,,413.36,413.35692596,,,,2025-12-05T13:23:08Z,2004,2004-01-01,2004-12-31
7585869,GHED_OOP_pc_US_SHA2011,COUNTRY,LKA,SEAR,South-East Asia,YEAR,2003,,,,,,,,,15.35,15.35378684,,,,2025-12-05T13:23:08Z,2003,2003-01-01,2003-12-31
7585976,GHED_OOP_pc_US_SHA2011,COUNTRY,KWT,EMR,Eastern Mediterranean,YEAR,2014,,,,,,,,,180.22,180.22223091,,,,2025-12-05T13:23:08Z,2014,2014-01-01,2014-12-31
7604366,GHED_OOP_pc_US_SHA2011,COUNTRY,ETH,AFR,Africa,YEAR,2017,,,,,,,,,8.32,8.31913488,,,,2025-12-05T13:23:08Z,2017,2017-01-01,2017-12-31
7617480,GHED_OOP_pc_US_SHA2011,WORLDBANKINCOMEGROUP,WB_HI,,,YEAR,2020,,,,,,,,,516.48,516.48177874,,,,2025-12-05T13:23:08Z,2020,2020-01-01,2020-12-31
7622914,GHED_OOP_pc_US_SHA2011,COUNTRY,SVN,EUR,Europe,YEAR,2013,,,,,,,,,255.99,255.9949531,,,,2025-12-05T13:23:08Z,2013,2013-01-01,2013-12-31
7642735,GHED_OOP_pc_US_SHA2011,COUNTRY,MUS,AFR,Africa,YEAR,2011,,,,,,,,,204.73,204.73005727,,,,2025-12-05T13:23:08Z,2011,2011-01-01,2011-12-31
7655218,GHED_OOP_pc_US_SHA2011,COUNTRY,MEX,AMR,Americas,YEAR,2021,,,,,,,,,250.76,250.76203056,,,,2025-12-05T13:23:08Z,2021,2021-01-01,2021-12-31
7661507,GHED_OOP_pc_US_SHA2011,COUNTRY,HRV,EUR,Europe,YEAR,2010,,,,,,,,,157.27,157.26773546,,,,2025-12-05T13:23:08Z,2010,2010-01-01,2010-12-31
7680934,GHED_OOP_pc_US_SHA2011,COUNTRY,HUN,EUR,Europe,YEAR,2013,,,,,,,,,281.33,281.33179583,,,,2025-12-05T13:23:08Z,2013,2013-01-01,2013-12-31
7687258,GHED_OOP_pc_US_SHA2011,COUNTRY,CAF,AFR,Africa,YEAR,2007,,,,,,,,,9.07,9.06983414,,,,2025-12-05T13:23:08Z,2007,2007-01-01,2007-12-31
7699796,GHED_OOP_pc_US_SHA2011,COUNTRY,AZE,EUR,Europe,YEAR,2004,,,,,,,,,17.92,17.92407629,,,,2025-12-05T13:23:08Z,2004,2004-01-01,2004-12-31
7699896,GHED_OOP_pc_US_SHA2011,COUNTRY,IRQ,EMR,Eastern Mediterranean,YEAR,2004,,,,,,,,,14.83,14.82759847,,,,2025-12-05T13:23:08Z,2004,2004-01-01,2004-12-31
7718949,GHED_OOP_pc_US_SHA2011,COUNTRY,SVN,EUR,Europe,YEAR,2010,,,,,,,,,254.97,254.97061823,,,,2025-12-05T13:23:08Z,2010,2010-01-01,2010-12-31
7762535,GHED_OOP_pc_US_SHA2011,COUNTRY,NER,AFR,Africa,YEAR,2016,,,,,,,,,13.27,13.27293268,,,,2025-12-05T13:23:08Z,2016,2016-01-01,2016-12-31
7763460,GHED_OOP_pc_US_SHA2011,COUNTRY,ECU,AMR,Americas,YEAR,2007,,,,,,,,,102.67,102.67061946,,,,2025-12-05T13:23:08Z,2007,2007-01-01,2007-12-31
7763593,GHED_OOP_pc_US_SHA2011,COUNTRY,NRU,WPR,Western Pacific,YEAR,2008,,,,,,,,,17.74,17.73955137,,,,2025-12-05T13:23:08Z,2008,2008-01-01,2008-12-31
7776280,GHED_OOP_pc_US_SHA2011,COUNTRY,ARE,EMR,Eastern Mediterranean,YEAR,2001,,,,,,,,,103.99,103.98624079,,,,2025-12-05T13:23:08Z,2001,2001-01-01,2001-12-31
7801090,GHED_OOP_pc_US_SHA2011,COUNTRY,GAB,AFR,Africa,YEAR,2016,,,,,,,,,46.79,46.79372152,,,,2025-12-05T13:23:08Z,2016,2016-01-01,2016-12-31
7838990,GHED_OOP_pc_US_SHA2011,COUNTRY,BGD,SEAR,South-East Asia,YEAR,2006,,,,,,,,,7.92,7.91584756,,,,2025-12-05T13:23:08Z,2006,2006-01-01,2006-12-31
7844982,GHED_OOP_pc_US_SHA2011,COUNTRY,BGR,EUR,Europe,YEAR,2007,,,,,,,,,153.86,153.85973502,,,,2025-12-05T13:23:08Z,2007,2007-01-01,2007-12-31
7858202,GHED_OOP_pc_US_SHA2011,COUNTRY,CHN,WPR,Western Pacific,YEAR,2006,,,,,,,,,46.18,46.1829643,,,,2025-12-05T13:23:08Z,2006,2006-01-01,2006-12-31
7870393,GHED_OOP_pc_US_SHA2011,COUNTRY,NGA,AFR,Africa,YEAR,2022,,,,,,,,,61.71,61.70652031,,,,2026-01-12T13:50:53Z,2022,2022-01-01,2022-12-31
7909337,GHED_OOP_pc_US_SHA2011,COUNTRY,ERI,AFR,Africa,YEAR,2014,,,,,,,,,16.78,16.78410339,,,,2025-12-05T13:23:08Z,2014,2014-01-01,2014-12-31
7914903,GHED_OOP_pc_US_SHA2011,COUNTRY,FJI,WPR,Western Pacific,YEAR,2011,,,,,,,,,35.68,35.68072764,,,,2025-12-05T13:23:08Z,2011,2011-01-01,2011-12-31
7915032,GHED_OOP_pc_US_SHA2011,COUNTRY,OMN,EMR,Eastern Mediterranean,YEAR,2003,,,,,,,,,30.71,30.71455752,,,,2025-12-05T13:23:08Z,2003,2003-01-01,2003-12-31
7927658,GHED_OOP_pc_US_SHA2011,COUNTRY,WSM,WPR,Western Pacific,YEAR,2004,,,,,,,,,13.57,13.56811055,,,,2025-12-05T13:23:08Z,2004,2004-01-01,2004-12-31
7958996,GHED_OOP_pc_US_SHA2011,COUNTRY,JOR,EMR,Eastern Mediterranean,YEAR,2011,,,,,,,,,67.22,67.21770068,,,,2025-12-05T13:23:08Z,2011,2011-01-01,2011-12-31
7984512,GHED_OOP_pc_US_SHA2011,COUNTRY,AGO,AFR,Africa,YEAR,2022,,,,,,,,,31.22,31.22365679,,,,2025-12-05T13:23:08Z,2022,2022-01-01,2022-12-31
7997224,GHED_OOP_pc_US_SHA2011,COUNTRY,ARM,EUR,Europe,YEAR,2002,,,,,,,,,44.55,44.54622166,,,,2025-12-05T13:23:08Z,2002,2002-01-01,2002-12-31
8010114,GHED_OOP_pc_US_SHA2011,COUNTRY,NGA,AFR,Africa,YEAR,2020,,,,,,,,,50.72,50.71519817,,,,2025-12-05T13:23:08Z,2020,2020-01-01,2020-12-31
8010712,GHED_OOP_pc_US_SHA2011,COUNTRY,CHL,AMR,Americas,YEAR,2012,,,,,,,,,357.63,357.63315183,,,,2025-12-05T13:23:08Z,2012,2012-01-01,2012-12-31
8022558,GHED_OOP_pc_US_SHA2011,WORLDBANKINCOMEGROUP,WB_LMI,,,YEAR,2015,,,,,,,,,40.38,40.37615771,,,,2025-12-05T13:23:08Z,2015,2015-01-01,2015-12-31
8029765,GHED_OOP_pc_US_SHA2011,COUNTRY,IRN,EMR,Eastern Mediterranean,YEAR,2012,,,,,,,,,274.93,274.92734084,,,,2025-12-05T13:23:08Z,2012,2012-01-01,2012-12-31
8054260,GHED_OOP_pc_US_SHA2011,COUNTRY,NRU,WPR,Western Pacific,YEAR,2015,,,,,,,,,10.47,10.4738691,,,,2025-12-05T13:23:08Z,2015,2015-01-01,2015-12-31
8054439,GHED_OOP_pc_US_SHA2011,COUNTRY,NER,AFR,Africa,YEAR,2023,,,,,,,,,13.39,13.39155909,,,,2025-12-05T13:23:08Z,2023,2023-01-01,2023-12-31
8060974,GHED_OOP_pc_US_SHA2011,COUNTRY,OMN,EMR,Eastern Mediterranean,YEAR,2010,,,,,,,,,60.73,60.7338838,,,,2025-12-05T13:23:08Z,2010,2010-01-01,2010-12-31
8067096,GHED_OOP_pc_US_SHA2011,COUNTRY,BHR,EMR,Eastern Mediterranean,YEAR,2018,,,,,,,,,312.59,312.59409592,,,,2025-12-05T13:23:08Z,2018,2018-01-01,2018-12-31
8073793,GHED_OOP_pc_US_SHA2011,COUNTRY,MOZ,AFR,Africa,YEAR,2021,,,,,,,,,4.17,4.16567333,,,,2025-12-05T13:23:08Z,2021,2021-01-01,2021-12-31
8105093,GHED_OOP_pc_US_SHA2011,COUNTRY,BEN,AFR,Africa,YEAR,2010,,,,,,,,,12.75,12.74687059,,,,2025-12-05T13:23:08Z,2010,2010-01-01,2010-12-31
8105930,GHED_OOP_pc_US_SHA2011,COUNTRY,EST,EUR,Europe,YEAR,2012,,,,,,,,,238.64,238.64249025,,,,2025-12-05T13:23:08Z,2012,2012-01-01,2012-12-31
8117632,GHED_OOP_pc_US_SHA2011,COUNTRY,EGY,EMR,Eastern Mediterranean,YEAR,2003,,,,,,,,,32.93,32.93002269,,,,2025-12-05T13:23:08Z,2003,2003-01-01,2003-12-31
8123924,GHED_OOP_pc_US_SHA2011,COUNTRY,FSM,WPR,Western Pacific,YEAR,2018,,,,,,,,,11.50,11.496137,,,,2025-12-05T13:23:08Z,2018,2018-01-01,2018-12-31
8150205,GHED_OOP_pc_US_SHA2011,COUNTRY,CRI,AMR,Americas,YEAR,2006,,,,,,,,,113.28,113.28304938,,,,2025-12-05T13:23:08Z,2006,2006-01-01,2006-12-31
8162363,GHED_OOP_pc_US_SHA2011,COUNTRY,NAM,AFR,Africa,YEAR,2018,,,,,,,,,35.62,35.62384729,,,,2025-12-05T13:23:08Z,2018,2018-01-01,2018-12-31
8168837,GHED_OOP_pc_US_SHA2011,COUNTRY,ROU,EUR,Europe,YEAR,2019,,,,,,,,,139.42,139.41883148,,,,2025-12-05T13:23:08Z,2019,2019-01-01,2019-12-31
8194462,GHED_OOP_pc_US_SHA2011,COUNTRY,SLB,WPR,Western Pacific,YEAR,2003,,,,,,,,,1.57,1.565798,,,,2025-12-05T13:23:08Z,2003,2003-01-01,2003-12-31
8200001,GHED_OOP_pc_US_SHA2011,WORLDBANKINCOMEGROUP,WB_HI,,,YEAR,2012,,,,,,,,,481.98,481.98118943,,,,2025-12-05T13:23:08Z,2012,2012-01-01,2012-12-31
8200134,GHED_OOP_pc_US_SHA2011,COUNTRY,PNG,WPR,Western Pacific,YEAR,2023,,,,,,,,,7.28,7.28385807,,,,2025-12-05T13:23:08Z,2023,2023-01-01,2023-12-31
8206594,GHED_OOP_pc_US_SHA2011,COUNTRY,PNG,WPR,Western Pacific,YEAR,2000,,,,,,,,,1.78,1.77914631,,,,2025-12-05T13:23:08Z,2000,2000-01-01,2000-12-31
8226006,GHED_OOP_pc_US_SHA2011,COUNTRY,RUS,EUR,Europe,YEAR,2021,,,,,,,,,253.39,253.3923509,,,,2025-12-05T13:23:08Z,2021,2021-01-01,2021-12-31
8238001,GHED_OOP_pc_US_SHA2011,COUNTRY,KGZ,EUR,Europe,YEAR,2010,,,,,,,,,26.15,26.14638766,,,,2025-12-05T13:23:08Z,2010,2010-01-01,2010-12-31
8244790,GHED_OOP_pc_US_SHA2011,COUNTRY,COM,AFR,Africa,YEAR,2012,,,,,,,,,52.40,52.40322176,,,,2025-12-05T13:23:08Z,2012,2012-01-01,2012-12-31
8251399,GHED_OOP_pc_US_SHA2011,COUNTRY,KNA,AMR,Americas,YEAR,2013,,,,,,,,,529.99,529.98603705,,,,2025-12-05T13:23:08Z,2013,2013-01-01,2013-12-31
8263813,GHED_OOP_pc_US_SHA2011,COUNTRY,URY,AMR,Americas,YEAR,2009,,,,,,,,,171.42,171.4206504,,,,2025-12-05T13:23:08Z,2009,2009-01-01,2009-12-31
8264002,GHED_OOP_pc_US_SHA2011,COUNTRY,VCT,AMR,Americas,YEAR,2010,,,,,,,,,90.88,90.8754812,,,,2025-12-05T13:23:08Z,2010,2010-01-01,2010-12-31
8282805,GHED_OOP_pc_US_SHA2011,COUNTRY,NLD,EUR,Europe,YEAR,2003,,,,,,,,,311.63,311.63092255,,,,2025-12-05T13:23:08Z,2003,2003-01-01,2003-12-31
8308396,GHED_OOP_pc_US_SHA2011,COUNTRY,BLZ,AMR,Americas,YEAR,2006,,,,,,,,,59.14,59.14445664,,,,2025-12-05T13:23:08Z,2006,2006-01-01,2006-12-31
8314763,GHED_OOP_pc_US_SHA2011,COUNTRY,TUR,EUR,Europe,YEAR,2015,,,,,,,,,75.37,75.37237439,,,,2025-12-05T13:23:08Z,2015,2015-01-01,2015-12-31
8327225,GHED_OOP_pc_US_SHA2011,COUNTRY,TKM,EUR,Europe,YEAR,2013,,,,,,,,,227.23,227.22798498,,,,2025-12-05T13:23:08Z,2013,2013-01-01,2013-12-31
8327388,GHED_OOP_pc_US_SHA2011,COUNTRY,ZAF,AFR,Africa,YEAR,2016,,,,,,,,,26.41,26.41488488,,,,2025-12-05T13:23:08Z,2016,2016-01-01,2016-12-31
8334302,GHED_OOP_pc_US_SHA2011,COUNTRY,KIR,WPR,Western Pacific,YEAR,2004,,,,,,,,,0.13,0.12782131,,,,2025-12-05T13:23:08Z,2004,2004-01-01,2004-12-31
8339949,GHED_OOP_pc_US_SHA2011,COUNTRY,CUB,AMR,Americas,YEAR,2004,,,,,,,,,45.51,45.51215455,,,,2025-12-05T13:23:08Z,2004,2004-01-01,2004-12-31
8340585,GHED_OOP_pc_US_SHA2011,COUNTRY,PRT,EUR,Europe,YEAR,2015,,,,,,,,,527.80,527.80095535,,,,2025-12-05T13:23:08Z,2015,2015-01-01,2015-12-31
8346364,GHED_OOP_pc_US_SHA2011,WORLDBANKINCOMEGROUP,WB_LI,,,YEAR,2009,,,,,,,,,16.92,16.91567755,,,,2025-12-05T13:23:08Z,2009,2009-01-01,2009-12-31
8352578,GHED_OOP_pc_US_SHA2011,COUNTRY,SOM,EMR,Eastern Mediterranean,YEAR,2016,,,,,,,,,5.29,5.29330025,,,,2025-12-05T13:23:08Z,2016,2016-01-01,2016-12-31
8352730,GHED_OOP_pc_US_SHA2011,COUNTRY,NGA,AFR,Africa,YEAR,2023,,,,,,,,,43.67,43.67487902,,,,2026-01-12T13:50:53Z,2023,2023-01-01,2023-12-31
8358843,GHED_OOP_pc_US_SHA2011,COUNTRY,MMR,SEAR,South-East Asia,YEAR,2001,,,,,,,,,3.97,3.97448703,,,,2025-12-05T13:23:08Z,2001,2001-01-01,2001-12-31
8358967,GHED_OOP_pc_US_SHA2011,COUNTRY,LUX,EUR,Europe,YEAR,2002,,,,,,,,,499.14,499.14282067,,,,2025-12-05T13:23:08Z,2002,2002-01-01,2002-12-31
8378037,GHED_OOP_pc_US_SHA2011,COUNTRY,AZE,EUR,Europe,YEAR,2019,,,,,,,,,142.15,142.15307752,,,,2025-12-05T13:23:08Z,2019,2019-01-01,2019-12-31
8403816,GHED_OOP_pc_US_SHA2011,COUNTRY,AUS,WPR,Western Pacific,YEAR,2004,,,,,,,,,527.38,527.37658137,,,,2025-12-05T13:23:08Z,2004,2004-01-01,2004-12-31
8434820,GHED_OOP_pc_US_SHA2011,COUNTRY,PSE,EMR,Eastern Mediterranean,YEAR,2020,,,,,,,,,120.87,120.86655363,,,,2025-12-05T13:23:08Z,2020,2020-01-01,2020-12-31
8447660,GHED_OOP_pc_US_SHA2011,COUNTRY,DJI,EMR,Eastern Mediterranean,YEAR,2004,,,,,,,,,15.54,15.54133294,,,,2025-12-05T13:23:08Z,2004,2004-01-01,2004-12-31
8453886,GHED_OOP_pc_US_SHA2011,COUNTRY,NZL,WPR,Western Pacific,YEAR,2020,,,,,,,,,551.78,551.77739418,,,,2025-12-05T13:23:08Z,2020,2020-01-01,2020-12-31
8453967,GHED_OOP_pc_US_SHA2011,COUNTRY,COK,WPR,Western Pacific,YEAR,2023,,,,,,,,,39.96,39.96456443,,,,2025-12-05T13:23:08Z,2023,2023-01-01,2023-12-31
8454108,GHED_OOP_pc_US_SHA2011,WORLDBANKINCOMEGROUP,WB_LI,,,YEAR,2018,,,,,,,,,20.34,20.3378522,,,,2025-12-05T13:23:08Z,2018,2018-01-01,2018-12-31
8467255,GHED_OOP_pc_US_SHA2011,REGION,EMR,,,YEAR,2000,,,,,,,,,73.65,73.64777748,,,,2025-12-05T13:23:08Z,2000,2000-01-01,2000-12-31
8492121,GHED_OOP_pc_US_SHA2011,COUNTRY,GNB,AFR,Africa,YEAR,2016,,,,,,,,,36.56,36.55939144,,,,2025-12-05T13:23:08Z,2016,2016-01-01,2016-12-31
8498182,GHED_OOP_pc_US_SHA2011,COUNTRY,ERI,AFR,Africa,YEAR,2008,,,,,,,,,7.02,7.02464958,,,,2025-12-05T13:23:08Z,2008,2008-01-01,2008-12-31
8498978,GHED_OOP_pc_US_SHA2011,COUNTRY,AFG,EMR,Eastern Mediterranean,YEAR,2016,,,,,,,,,46.63,46.62723365,,,,2025-12-05T13:23:08Z,2016,2016-01-01,2016-12-31
8517635,GHED_OOP_pc_US_SHA2011,COUNTRY,GNQ,AFR,Africa,YEAR,2014,,,,,,,,,185.71,185.7148096,,,,2025-12-05T13:23:08Z,2014,2014-01-01,2014-12-31
8523523,GHED_OOP_pc_US_SHA2011,COUNTRY,NRU,WPR,Western Pacific,YEAR,2005,,,,,,,,,14.57,14.56558196,,,,2025-12-05T13:23:08Z,2005,2005-01-01,2005-12-31
8548801,GHED_OOP_pc_US_SHA2011,COUNTRY,AUT,EUR,Europe,YEAR,2016,,,,,,,,,953.95,953.95198746,,,,2025-12-05T13:23:08Z,2016,2016-01-01,2016-12-31
8562279,GHED_OOP_pc_US_SHA2011,COUNTRY,SMR,EUR,Europe,YEAR,2013,,,,,,,,,450.07,450.07021998,,,,2025-12-05T13:23:08Z,2013,2013-01-01,2013-12-31
8605932,GHED_OOP_pc_US_SHA2011,COUNTRY,TJK,EUR,Europe,YEAR,2006,,,,,,,,,13.79,13.78944324,,,,2025-12-05T13:23:08Z,2006,2006-01-01,2006-12-31
8612845,GHED_OOP_pc_US_SHA2011,COUNTRY,BLR,EUR,Europe,YEAR,2009,,,,,,,,,89.18,89.18275875,,,,2025-12-05T13:23:08Z,2009,2009-01-01,2009-12-31
8618418,GHED_OOP_pc_US_SHA2011,COUNTRY,NGA,AFR,Africa,YEAR,2002,,,,,,,,,11.41,11.40801396,,,,2025-12-05T13:23:08Z,2002,2002-01-01,2002-12-31
8618734,GHED_OOP_pc_US_SHA2011,REGION,EMR,,,YEAR,2021,,,,,,,,,96.35,96.34593317,,,,2025-12-05T13:23:08Z,2021,2021-01-01,2021-12-31
8650297,GHED_OOP_pc_US_SHA2011,COUNTRY,ZAF,AFR,Africa,YEAR,2023,,,,,,,,,35.91,35.91188845,,,,2025-12-05T13:23:08Z,2023,2023-01-01,2023-12-31
8656425,GHED_OOP_pc_US_SHA2011,COUNTRY,NRU,WPR,Western Pacific,YEAR,2003,,,,,,,,,13.35,13.34838619,,,,2025-12-05T13:23:08Z,2003,2003-01-01,2003-12-31
8695205,GHED_OOP_pc_US_SHA2011,COUNTRY,EGY,EMR,Eastern Mediterranean,YEAR,2008,,,,,,,,,55.74,55.73891408,,,,2025-12-05T13:23:08Z,2008,2008-01-01,2008-12-31
8700801,GHED_OOP_pc_US_SHA2011,COUNTRY,NIU,WPR,Western Pacific,YEAR,2007,,,,,,,,,11.45,11.44553601,,,,2025-12-05T13:23:08Z,2007,2007-01-01,2007-12-31
8708023,GHED_OOP_pc_US_SHA2011,COUNTRY,BLZ,AMR,Americas,YEAR,2022,,,,,,,,,79.92,79.91627341,,,,2025-12-05T13:23:08Z,2022,2022-01-01,2022-12-31
8713314,GHED_OOP_pc_US_SHA2011,COUNTRY,JAM,AMR,Americas,YEAR,2015,,,,,,,,,104.15,104.15402977,,,,2025-12-05T13:23:08Z,2015,2015-01-01,2015-12-31
8726552,GHED_OOP_pc_US_SHA2011,COUNTRY,NIU,WPR,Western Pacific,YEAR,2004,,,,,,,,,8.04,8.0444021,,,,2025-12-05T13:23:08Z,2004,2004-01-01,2004-12-31
8738853,GHED_OOP_pc_US_SHA2011,COUNTRY,ROU,EUR,Europe,YEAR,2004,,,,,,,,,46.41,46.41468649,,,,2025-12-05T13:23:08Z,2004,2004-01-01,2004-12-31
8758290,GHED_OOP_pc_US_SHA2011,COUNTRY,ARG,AMR,Americas,YEAR,2018,,,,,,,,,287.28,287.27654235,,,,2025-12-05T13:23:08Z,2018,2018-01-01,2018-12-31
8758865,GHED_OOP_pc_US_SHA2011,COUNTRY,EST,EUR,Europe,YEAR,2021,,,,,,,,,463.29,463.29327859,,,,2025-12-05T13:23:08Z,2021,2021-01-01,2021-12-31
8764579,GHED_OOP_pc_US_SHA2011,COUNTRY,MLI,AFR,Africa,YEAR,2016,,,,,,,,,9.86,9.86031145,,,,2025-12-05T13:23:08Z,2016,2016-01-01,2016-12-31
8776649,GHED_OOP_pc_US_SHA2011,COUNTRY,GBR,EUR,Europe,YEAR,2002,,,,,,,,,411.07,411.07117065,,,,2025-12-05T13:23:08Z,2002,2002-01-01,2002-12-31
8790297,GHED_OOP_pc_US_SHA2011,COUNTRY,NAM,AFR,Africa,YEAR,2003,,,,,,,,,18.41,18.41090342,,,,2025-12-05T13:23:08Z,2003,2003-01-01,2003-12-31
8790309,GHED_OOP_pc_US_SHA2011,COUNTRY,SYC,AFR,Africa,YEAR,2001,,,,,,,,,57.18,57.18478519,,,,2025-12-05T13:23:08Z,2001,2001-01-01,2001-12-31
8808096,GHED_OOP_pc_US_SHA2011,COUNTRY,KWT,EMR,Eastern Mediterranean,YEAR,2004,,,,,,,,,139.99,139.98941556,,,,2025-12-05T13:23:08Z,2004,2004-01-01,2004-12-31
8809107,GHED_OOP_pc_US_SHA2011,COUNTRY,SVN,EUR,Europe,YEAR,2021,,,,,,,,,357.90,357.90119679,,,,2025-12-05T13:23:08Z,2021,2021-01-01,2021-12-31
8821013,GHED_OOP_pc_US_SHA2011,COUNTRY,IRQ,EMR,Eastern Mediterranean,YEAR,2011,,,,,,,,,40.52,40.5212323,,,,2025-12-05T13:23:08Z,2011,2011-01-01,2011-12-31
8833514,GHED_OOP_pc_US_SHA2011,GLOBAL,GLOBAL,,,YEAR,2010,,,,,,,,,195.67,195.6688857,,,,2025-12-05T13:23:08Z,2010,2010-01-01,2010-12-31
8833804,GHED_OOP_pc_US_SHA2011,COUNTRY,LBY,EMR,Eastern Mediterranean,YEAR,2006,,,,,,,,,80.03,80.02978483,,,,2025-12-05T13:23:08Z,2006,2006-01-01,2006-12-31
8834181,GHED_OOP_pc_US_SHA2011,COUNTRY,CAF,AFR,Africa,YEAR,2023,,,,,,,,,24.23,24.22751329,,,,2025-12-05T13:23:08Z,2023,2023-01-01,2023-12-31
8840229,GHED_OOP_pc_US_SHA2011,COUNTRY,HRV,EUR,Europe,YEAR,2014,,,,,,,,,103.20,103.20299643,,,,2025-12-05T13:23:08Z,2014,2014-01-01,2014-12-31
8859280,GHED_OOP_pc_US_SHA2011,COUNTRY,KEN,AFR,Africa,YEAR,2015,,,,,,,,,19.08,19.08348321,,,,2025-12-05T13:23:08Z,2015,2015-01-01,2015-12-31
8859460,GHED_OOP_pc_US_SHA2011,COUNTRY,BIH,EUR,Europe,YEAR,2019,,,,,,,,,160.40,160.39869304,,,,2025-12-05T13:23:08Z,2019,2019-01-01,2019-12-31
8859676,GHED_OOP_pc_US_SHA2011,COUNTRY,TON,WPR,Western Pacific,YEAR,2015,,,,,,,,,14.39,14.39013346,,,,2025-12-05T13:23:08Z,2015,2015-01-01,2015-12-31
8865220,GHED_OOP_pc_US_SHA2011,COUNTRY,GIN,AFR,Africa,YEAR,2010,,,,,,,,,15.66,15.65827829,,,,2025-12-05T13:23:08Z,2010,2010-01-01,2010-12-31
8866018,GHED_OOP_pc_US_SHA2011,COUNTRY,BLZ,AMR,Americas,YEAR,2004,,,,,,,,,60.40,60.39835057,,,,2025-12-05T13:23:08Z,2004,2004-01-01,2004-12-31
8872160,GHED_OOP_pc_US_SHA2011,COUNTRY,IRL,EUR,Europe,YEAR,2011,,,,,,,,,752.24,752.23749245,,,,2025-12-05T13:23:08Z,2011,2011-01-01,2011-12-31
8896535,GHED_OOP_pc_US_SHA2011,COUNTRY,BRA,AMR,Americas,YEAR,2015,,,,,,,,,196.71,196.70826043,,,,2025-12-05T13:23:08Z,2015,2015-01-01,2015-12-31
8902837,GHED_OOP_pc_US_SHA2011,COUNTRY,TJK,EUR,Europe,YEAR,2008,,,,,,,,,28.36,28.36050183,,,,2025-12-05T13:23:08Z,2008,2008-01-01,2008-12-31
8903315,GHED_OOP_pc_US_SHA2011,COUNTRY,CAN,AMR,Americas,YEAR,2023,,,,,,,,,940.56,940.5610094,,,,2025-12-05T13:23:08Z,2023,2023-01-01,2023-12-31
8903470,GHED_OOP_pc_US_SHA2011,COUNTRY,GUY,AMR,Americas,YEAR,2016,,,,,,,,,70.62,70.62274055,,,,2025-12-05T13:23:08Z,2016,2016-01-01,2016-12-31
8922387,GHED_OOP_pc_US_SHA2011,COUNTRY,SVN,EUR,Europe,YEAR,2001,,,,,,,,,106.61,106.61186477,,,,2025-12-05T13:23:08Z,2001,2001-01-01,2001-12-31
8928275,GHED_OOP_pc_US_SHA2011,COUNTRY,NOR,EUR,Europe,YEAR,2005,,,,,,,,,933.43,933.43236148,,,,2025-12-05T13:23:08Z,2005,2005-01-01,2005-12-31
8928331,GHED_OOP_pc_US_SHA2011,COUNTRY,BRN,WPR,Western Pacific,YEAR,2014,,,,,,,,,57.61,57.60683441,,,,2025-12-05T13:23:08Z,2014,2014-01-01,2014-12-31
8928702,GHED_OOP_pc_US_SHA2011,COUNTRY,BRB,AMR,Americas,YEAR,2022,,,,,,,,,608.63,608.62989652,,,,2025-12-05T13:23:08Z,2022,2022-01-01,2022-12-31
8929007,GHED_OOP_pc_US_SHA2011,COUNTRY,GRD,AMR,Americas,YEAR,2021,,,,,,,,,261.70,261.70282542,,,,2025-12-05T13:23:08Z,2021,2021-01-01,2021-12-31
8934760,GHED_OOP_pc_US_SHA2011,COUNTRY,COK,WPR,Western Pacific,YEAR,2022,,,,,,,,,27.16,27.16429548,,,,2025-12-05T13:23:08Z,2022,2022-01-01,2022-12-31
8934905,GHED_OOP_pc_US_SHA2011,COUNTRY,CRI,AMR,Americas,YEAR,2005,,,,,,,,,102.74,102.74052289,,,,2025-12-05T13:23:08Z,2005,2005-01-01,2005-12-31
8935525,GHED_OOP_pc_US_SHA2011,COUNTRY,GHA,AFR,Africa,YEAR,2023,,,,,,,,,18.74,18.74270668,,,,2026-01-12T13:50:53Z,2023,2023-01-01,2023-12-31
8947924,GHED_OOP_pc_US_SHA2011,COUNTRY,POL,EUR,Europe,YEAR,2004,,,,,,,,,115.42,115.42186806,,,,2025-12-05T13:23:08Z,2004,2004-01-01,2004-12-31
8953831,GHED_OOP_pc_US_SHA2011,COUNTRY,ITA,EUR,Europe,YEAR,2012,,,,,,,,,692.51,692.50770916,,,,2025-12-05T13:23:08Z,2012,2012-01-01,2012-12-31
8960046,GHED_OOP_pc_US_SHA2011,COUNTRY,SYC,AFR,Africa,YEAR,2020,,,,,,,,,144.91,144.90560574,,,,2025-12-05T13:23:08Z,2020,2020-01-01,2020-12-31
8960712,GHED_OOP_pc_US_SHA2011,COUNTRY,CRI,AMR,Americas,YEAR,2000,,,,,,,,,79.03,79.03490795,,,,2025-12-05T13:23:08Z,2000,2000-01-01,2000-12-31
8967062,GHED_OOP_pc_US_SHA2011,COUNTRY,IRN,EMR,Eastern Mediterranean,YEAR,2004,,,,,,,,,79.05,79.04737897,,,,2025-12-05T13:23:08Z,2004,2004-01-01,2004-12-31
8972535,GHED_OOP_pc_US_SHA2011,COUNTRY,VCT,AMR,Americas,YEAR,2022,,,,,,,,,120.13,120.12528192,,,,2025-12-05T13:23:08Z,2022,2022-01-01,2022-12-31
9024223,GHED_OOP_pc_US_SHA2011,COUNTRY,MOZ,AFR,Africa,YEAR,2013,,,,,,,,,3.33,3.3273245,,,,2025-12-05T13:23:08Z,2013,2013-01-01,2013-12-31
9024349,GHED_OOP_pc_US_SHA2011,COUNTRY,MWI,AFR,Africa,YEAR,2012,,,,,,,,,3.33,3.33238232,,,,2025-12-05T13:23:08Z,2012,2012-01-01,2012-12-31
9035986,GHED_OOP_pc_US_SHA2011,COUNTRY,PRY,AMR,Americas,YEAR,2015,,,,,,,,,172.35,172.3480947,,,,2025-12-05T13:23:08Z,2015,2015-01-01,2015-12-31
9043251,GHED_OOP_pc_US_SHA2011,COUNTRY,TUR,EUR,Europe,YEAR,2022,,,,,,,,,75.16,75.16339636,,,,2025-12-05T13:23:08Z,2022,2022-01-01,2022-12-31
9061432,GHED_OOP_pc_US_SHA2011,COUNTRY,OMN,EMR,Eastern Mediterranean,YEAR,2015,,,,,,,,,40.66,40.66478219,,,,2025-12-05T13:23:08Z,2015,2015-01-01,2015-12-31
9068678,GHED_OOP_pc_US_SHA2011,COUNTRY,ECU,AMR,Americas,YEAR,2016,,,,,,,,,134.75,134.75446432,,,,2025-12-05T13:23:08Z,2016,2016-01-01,2016-12-31
9092873,GHED_OOP_pc_US_SHA2011,COUNTRY,PRT,EUR,Europe,YEAR,2012,,,,,,,,,584.84,584.83660409,,,,2025-12-05T13:23:08Z,2012,2012-01-01,2012-12-31
9093449,GHED_OOP_pc_US_SHA2011,COUNTRY,CHL,AMR,Americas,YEAR,2022,,,,,,,,,548.72,548.72070792,,,,2025-12-05T13:23:08Z,2022,2022-01-01,2022-12-31
9099228,GHED_OOP_pc_US_SHA2011,COUNTRY,BEL,EUR,Europe,YEAR,2006,,,,,,,,,718.22,718.22343808,,,,2025-12-05T13:23:08Z,2006,2006-01-01,2006-12-31
9118510,GHED_OOP_pc_US_SHA2011,COUNTRY,HTI,AMR,Americas,YEAR,2000,,,,,,,,,13.47,13.47113622,,,,2025-12-05T13:23:08Z,2000,2000-01-01,2000-12-31
9124730,GHED_OOP_pc_US_SHA2011,COUNTRY,BEN,AFR,Africa,YEAR,2014,,,,,,,,,15.07,15.06955816,,,,2025-12-05T13:23:08Z,2014,2014-01-01,2014-12-31
9130937,GHED_OOP_pc_US_SHA2011,COUNTRY,ISL,EUR,Europe,YEAR,2010,,,,,,,,,674.42,674.4227021,,,,2025-12-05T13:23:08Z,2010,2010-01-01,2010-12-31
9131287,GHED_OOP_pc_US_SHA2011,COUNTRY,THA,SEAR,South-East Asia,YEAR,2000,,,,,,,,,21.27,21.2670019,,,,2025-12-05T13:23:08Z,2000,2000-01-01,2000-12-31
9137591,GHED_OOP_pc_US_SHA2011,COUNTRY,DEU,EUR,Europe,YEAR,2013,,,,,,,,,644.50,644.49992513,,,,2025-12-05T13:23:08Z,2013,2013-01-01,2013-12-31
9201152,GHED_OOP_pc_US_SHA2011,COUNTRY,IRQ,EMR,Eastern Mediterranean,YEAR,2008,,,,,,,,,29.69,29.69006707,,,,2025-12-05T13:23:08Z,2008,2008-01-01,2008-12-31
9201292,GHED_OOP_pc_US_SHA2011,COUNTRY,PRT,EUR,Europe,YEAR,2000,,,,,,,,,255.95,255.95071513,,,,2025-12-05T13:23:08Z,2000,2000-01-01,2000-12-31
9219828,GHED_OOP_pc_US_SHA2011,COUNTRY,STP,AFR,Africa,YEAR,2011,,,,,,,,,16.53,16.52674691,,,,2025-12-05T13:23:08Z,2011,2011-01-01,2011-12-31
9245719,GHED_OOP_pc_US_SHA2011,COUNTRY,CAF,AFR,Africa,YEAR,2000,,,,,,,,,4.79,4.78549085,,,,2025-12-05T13:23:08Z,2000,2000-01-01,2000-12-31
9252399,GHED_OOP_pc_US_SHA2011,COUNTRY,DNK,EUR,Europe,YEAR,2015,,,,,,,,,741.37,741.37121751,,,,2025-12-05T13:23:08Z,2015,2015-01-01,2015-12-31
9270831,GHED_OOP_pc_US_SHA2011,COUNTRY,COD,AFR,Africa,YEAR,2004,,,,,,,,,5.65,5.64870708,,,,2025-12-05T13:23:08Z,2004,2004-01-01,2004-12-31
9283415,GHED_OOP_pc_US_SHA2011,COUNTRY,UKR,EUR,Europe,YEAR,2004,,,,,,,,,34.47,34.4693025,,,,2025-12-05T13:23:08Z,2004,2004-01-01,2004-12-31
9295972,GHED_OOP_pc_US_SHA2011,COUNTRY,ISL,EUR,Europe,YEAR,2022,,,,,,,,,936.86,936.86204182,,,,2025-12-05T13:23:08Z,2022,2022-01-01,2022-12-31
9296612,GHED_OOP_pc_US_SHA2011,COUNTRY,SGP,WPR,Western Pacific,YEAR,2020,,,,,,,,,862.61,862.61194882,,,,2025-12-05T13:23:08Z,2020,2020-01-01,2020-12-31
9321303,GHED_OOP_pc_US_SHA2011,COUNTRY,LAO,WPR,Western Pacific,YEAR,2012,,,,,,,,,15.79,15.78857347,,,,2025-12-05T13:23:08Z,2012,2012-01-01,2012-12-31
9321951,GHED_OOP_pc_US_SHA2011,COUNTRY,NGA,AFR,Africa,YEAR,2013,,,,,,,,,69.01,69.00879162,,,,2025-12-05T13:23:08Z,2013,2013-01-01,2013-12-31
9322137,GHED_OOP_pc_US_SHA2011,COUNTRY,MDV,SEAR,South-East Asia,YEAR,2006,,,,,,,,,201.66,201.65545763,,,,2025-12-05T13:23:08Z,2006,2006-01-01,2006-12-31
9322324,GHED_OOP_pc_US_SHA2011,COUNTRY,MLI,AFR,Africa,YEAR,2022,,,,,,,,,15.81,15.81094869,,,,2025-12-05T13:23:08Z,2022,2022-01-01,2022-12-31
9333621,GHED_OOP_pc_US_SHA2011,COUNTRY,ARM,EUR,Europe,YEAR,2008,,,,,,,,,186.88,186.87897295,,,,2025-12-05T13:23:08Z,2008,2008-01-01,2008-12-31
9340750,GHED_OOP_pc_US_SHA2011,COUNTRY,MNG,WPR,Western Pacific,YEAR,2009,,,,,,,,,17.46,17.45652543,,,,2025-12-05T13:23:08Z,2009,2009-01-01,2009-12-31
9340915,GHED_OOP_pc_US_SHA2011,COUNTRY,GUY,AMR,Americas,YEAR,2018,,,,,,,,,100.07,100.06764634,,,,2025-12-05T13:23:08Z,2018,2018-01-01,2018-12-31
9353410,GHED_OOP_pc_US_SHA2011,COUNTRY,IND,SEAR,South-East Asia,YEAR,2015,,,,,,,,,37.59,37.58555322,,,,2025-12-05T13:23:08Z,2015,2015-01-01,2015-12-31
9378353,GHED_OOP_pc_US_SHA2011,COUNTRY,HRV,EUR,Europe,YEAR,2005,,,,,,,,,97.30,97.29759744,,,,2025-12-05T13:23:08Z,2005,2005-01-01,2005-12-31
9384934,GHED_OOP_pc_US_SHA2011,COUNTRY,SGP,WPR,Western Pacific,YEAR,2017,,,,,,,,,857.24,857.23750778,,,,2025-12-05T13:23:08Z,2017,2017-01-01,2017-12-31
9391670,GHED_OOP_pc_US_SHA2011,COUNTRY,RUS,EUR,Europe,YEAR,2019,,,,,,,,,237.90,237.90144377,,,,2025-12-05T13:23:08Z,2019,2019-01-01,2019-12-31
9404481,GHED_OOP_pc_US_SHA2011,COUNTRY,TUV,WPR,Western Pacific,YEAR,2022,,,,,,,,,0.58,0.58407116,,,,2025-12-05T13:23:08Z,2022,2022-01-01,2022-12-31
9435975,GHED_OOP_pc_US_SHA2011,COUNTRY,IND,SEAR,South-East Asia,YEAR,2002,,,,,,,,,14.79,14.78963437,,,,2025-12-05T13:23:08Z,2002,2002-01-01,2002-12-31
9442063,GHED_OOP_pc_US_SHA2011,COUNTRY,VCT,AMR,Americas,YEAR,2000,,,,,,,,,40.90,40.89792841,,,,2025-12-05T13:23:08Z,2000,2000-01-01,2000-12-31
9442200,GHED_OOP_pc_US_SHA2011,COUNTRY,DOM,AMR,Americas,YEAR,2010,,,,,,,,,98.42,98.41936067,,,,2025-12-05T13:23:08Z,2010,2010-01-01,2010-12-31
9447826,GHED_OOP_pc_US_SHA2011,COUNTRY,BWA,AFR,Africa,YEAR,2019,,,,,,,,,19.70,19.70491939,,,,2025-12-05T13:23:08Z,2019,2019-01-01,2019-12-31
9448909,GHED_OOP_pc_US_SHA2011,COUNTRY,GHA,AFR,Africa,YEAR,2016,,,,,,,,,24.53,24.53398566,,,,2025-12-05T13:23:08Z,2016,2016-01-01,2016-12-31
9467608,GHED_OOP_pc_US_SHA2011,COUNTRY,IDN,WPR,Western Pacific,YEAR,2018,,,,,,,,,39.02,39.01576819,,,,2025-12-05T13:23:08Z,2018,2018-01-01,2018-12-31
9473006,GHED_OOP_pc_US_SHA2011,COUNTRY,STP,AFR,Africa,YEAR,2020,,,,,,,,,18.94,18.93773893,,,,2025-12-05T13:23:08Z,2020,2020-01-01,2020-12-31
9473230,GHED_OOP_pc_US_SHA2011,COUNTRY,QAT,EMR,Eastern Mediterranean,YEAR,2013,,,,,,,,,140.25,140.2522224,,,,2025-12-05T13:23:08Z,2013,2013-01-01,2013-12-31
9473377,GHED_OOP_pc_US_SHA2011,COUNTRY,ERI,AFR,Africa,YEAR,2015,,,,,,,,,12.54,12.53753119,,,,2025-12-05T13:23:08Z,2015,2015-01-01,2015-12-31
9498225,GHED_OOP_pc_US_SHA2011,COUNTRY,TTO,AMR,Americas,YEAR,2023,,,,,,,,,577.85,577.84927148,,,,2025-12-05T13:23:08Z,2023,2023-01-01,2023-12-31
9517807,GHED_OOP_pc_US_SHA2011,COUNTRY,TUV,WPR,Western Pacific,YEAR,2023,,,,,,,,,0.77,0.76846785,,,,2025-12-05T13:23:08Z,2023,2023-01-01,2023-12-31
9574370,GHED_OOP_pc_US_SHA2011,COUNTRY,BHS,AMR,Americas,YEAR,2001,,,,,,,,,281.11,281.1081431,,,,2025-12-05T13:23:08Z,2001,2001-01-01,2001-12-31
9581146,GHED_OOP_pc_US_SHA2011,COUNTRY,MRT,AFR,Africa,YEAR,2002,,,,,,,,,18.18,18.17501425,,,,2025-12-05T13:23:08Z,2002,2002-01-01,2002-12-31
9593570,GHED_OOP_pc_US_SHA2011,COUNTRY,ESP,EUR,Europe,YEAR,2017,,,,,,,,,617.80,617.800714,,,,2025-12-05T13:23:08Z,2017,2017-01-01,2017-12-31
9606320,GHED_OOP_pc_US_SHA2011,COUNTRY,GNQ,AFR,Africa,YEAR,2003,,,,,,,,,65.87,65.86947922,,,,2025-12-05T13:23:08Z,2003,2003-01-01,2003-12-31
9606369,GHED_OOP_pc_US_SHA2011,COUNTRY,MDA,EUR,Europe,YEAR,2000,,,,,,,,,10.09,10.08544122,,,,2025-12-05T13:23:08Z,2000,2000-01-01,2000-12-31
9606450,GHED_OOP_pc_US_SHA2011,COUNTRY,COD,AFR,Africa,YEAR,2013,,,,,,,,,6.06,6.06440345,,,,2025-12-05T13:23:08Z,2013,2013-01-01,2013-12-31
9625423,GHED_OOP_pc_US_SHA2011,COUNTRY,CAF,AFR,Africa,YEAR,2011,,,,,,,,,11.50,11.4999759,,,,2025-12-05T13:23:08Z,2011,2011-01-01,2011-12-31
9663987,GHED_OOP_pc_US_SHA2011,COUNTRY,GRC,EUR,Europe,YEAR,2019,,,,,,,,,527.86,527.8641261,,,,2025-12-05T13:23:08Z,2019,2019-01-01,2019-12-31
9682899,GHED_OOP_pc_US_SHA2011,COUNTRY,COM,AFR,Africa,YEAR,2017,,,,,,,,,47.89,47.89186523,,,,2025-12-05T13:23:08Z,2017,2017-01-01,2017-12-31
9688377,GHED_OOP_pc_US_SHA2011,COUNTRY,CUB,AMR,Americas,YEAR,2018,,,,,,,,,109.72,109.71649669,,,,2025-12-05T13:23:08Z,2018,2018-01-01,2018-12-31
9701710,GHED_OOP_pc_US_SHA2011,COUNTRY,MRT,AFR,Africa,YEAR,2018,,,,,,,,,32.27,32.26914185,,,,2025-12-05T13:23:08Z,2018,2018-01-01,2018-12-31
9708041,GHED_OOP_pc_US_SHA2011,COUNTRY,OMN,EMR,Eastern Mediterranean,YEAR,2020,,,,,,,,,44.75,44.74550786,,,,2025-12-05T13:23:08Z,2020,2020-01-01,2020-12-31
9733550,GHED_OOP_pc_US_SHA2011,COUNTRY,GNQ,AFR,Africa,YEAR,2010,,,,,,,,,138.10,138.10445088,,,,2025-12-05T13:23:08Z,2010,2010-01-01,2010-12-31
9758732,GHED_OOP_pc_US_SHA2011,COUNTRY,SLE,AFR,Africa,YEAR,2000,,,,,,,,,15.15,15.14642322,,,,2025-12-05T13:23:08Z,2000,2000-01-01,2000-12-31
9764656,GHED_OOP_pc_US_SHA2011,COUNTRY,LUX,EUR,Europe,YEAR,2005,,,,,,,,,752.18,752.18078767,,,,2025-12-05T13:23:08Z,2005,2005-01-01,2005-12-31
9770464,GHED_OOP_pc_US_SHA2011,COUNTRY,CIV,AFR,Africa,YEAR,2007,,,,,,,,,38.61,38.60651593,,,,2025-12-05T13:23:08Z,2007,2007-01-01,2007-12-31
9771127,GHED_OOP_pc_US_SHA2011,COUNTRY,MMR,SEAR,South-East Asia,YEAR,2021,,,,,,,,,52.40,52.40396996,,,,2025-12-05T13:23:08Z,2021,2021-01-01,2021-12-31
9795965,GHED_OOP_pc_US_SHA2011,COUNTRY,LKA,SEAR,South-East Asia,YEAR,2017,,,,,,,,,70.10,70.0984667,,,,2025-12-05T13:23:08Z,2017,2017-01-01,2017-12-31
9796281,GHED_OOP_pc_US_SHA2011,COUNTRY,CHE,EUR,Europe,YEAR,2012,,,,,,,,,2071.22,2071.2237947,,,,2025-12-05T13:23:08Z,2012,2012-01-01,2012-12-31
9809411,GHED_OOP_pc_US_SHA2011,COUNTRY,USA,AMR,Americas,YEAR,2008,,,,,,,,,983.91,983.90866255,,,,2025-12-05T13:23:08Z,2008,2008-01-01,2008-12-31
9821420,GHED_OOP_pc_US_SHA2011,REGION,AFR,,,YEAR,2008,,,,,,,,,31.99,31.98695764,,,,2025-12-05T13:23:08Z,2008,2008-01-01,2008-12-31
9828592,GHED_OOP_pc_US_SHA2011,COUNTRY,AUS,WPR,Western Pacific,YEAR,2019,,,,,,,,,832.42,832.41673079,,,,2025-12-05T13:23:08Z,2019,2019-01-01,2019-12-31
9846583,GHED_OOP_pc_US_SHA2011,COUNTRY,HRV,EUR,Europe,YEAR,2002,,,,,,,,,72.00,71.99884701,,,,2025-12-05T13:23:08Z,2002,2002-01-01,2002-12-31
9853407,GHED_OOP_pc_US_SHA2011,COUNTRY,GRD,AMR,Americas,YEAR,2004,,,,,,,,,138.90,138.90265211,,,,2025-12-05T13:23:08Z,2004,2004-01-01,2004-12-31
9871900,GHED_OOP_pc_US_SHA2011,COUNTRY,JAM,AMR,Americas,YEAR,2014,,,,,,,,,110.80,110.80222761,,,,2025-12-05T13:23:08Z,2014,2014-01-01,2014-12-31
9891102,GHED_OOP_pc_US_SHA2011,COUNTRY,JAM,AMR,Americas,YEAR,2002,,,,,,,,,77.75,77.74947807,,,,2025-12-05T13:23:08Z,2002,2002-01-01,2002-12-31
9897491,GHED_OOP_pc_US_SHA2011,COUNTRY,KNA,AMR,Americas,YEAR,2012,,,,,,,,,487.68,487.67972676,,,,2025-12-05T13:23:08Z,2012,2012-01-01,2012-12-31
9898084,GHED_OOP_pc_US_SHA2011,COUNTRY,IRL,EUR,Europe,YEAR,2018,,,,,,,,,695.55,695.54555045,,,,2025-12-05T13:23:08Z,2018,2018-01-01,2018-12-31
9903840,GHED_OOP_pc_US_SHA2011,COUNTRY,ARG,AMR,Americas,YEAR,2015,,,,,,,,,393.48,393.48176448,,,,2025-12-05T13:23:08Z,2015,2015-01-01,2015-12-31
9904036,GHED_OOP_pc_US_SHA2011,COUNTRY,LAO,WPR,Western Pacific,YEAR,2017,,,,,,,,,28.40,28.39997965,,,,2025-12-05T13:23:08Z,2017,2017-01-01,2017-12-31
9911010,GHED_OOP_pc_US_SHA2011,COUNTRY,MKD,EUR,Europe,YEAR,2004,,,,,,,,,98.11,98.11433468,,,,2025-12-05T13:23:08Z,2004,2004-01-01,2004-12-31
9923017,GHED_OOP_pc_US_SHA2011,COUNTRY,KWT,EMR,Eastern Mediterranean,YEAR,2018,,,,,,,,,176.59,176.59212576,,,,2025-12-05T13:23:08Z,2018,2018-01-01,2018-12-31
9923545,GHED_OOP_pc_US_SHA2011,COUNTRY,COL,AMR,Americas,YEAR,2008,,,,,,,,,79.07,79.06698526,,,,2025-12-05T13:23:08Z,2008,2008-01-01,2008-12-31
9923769,GHED_OOP_pc_US_SHA2011,COUNTRY,MRT,AFR,Africa,YEAR,2007,,,,,,,,,26.39,26.39264566,,,,2025-12-05T13:23:08Z,2007,2007-01-01,2007-12-31
9935179,GHED_OOP_pc_US_SHA2011,COUNTRY,AUS,WPR,Western Pacific,YEAR,2000,,,,,,,,,341.57,341.56759049,,,,2025-12-05T13:23:08Z,2000,2000-01-01,2000-12-31
9948633,GHED_OOP_pc_US_SHA2011,COUNTRY,MOZ,AFR,Africa,YEAR,2010,,,,,,,,,1.87,1.86768616,,,,2025-12-05T13:23:08Z,2010,2010-01-01,2010-12-31
9954443,GHED_OOP_pc_US_SHA2011,COUNTRY,BLZ,AMR,Americas,YEAR,2014,,,,,,,,,68.01,68.00805162,,,,2025-12-05T13:23:08Z,2014,2014-01-01,2014-12-31
9954474,GHED_OOP_pc_US_SHA2011,COUNTRY,NRU,WPR,Western Pacific,YEAR,2002,,,,,,,,,11.37,11.36760058,,,,2025-12-05T13:23:08Z,2002,2002-01-01,2002-12-31
9954738,GHED_OOP_pc_US_SHA2011,COUNTRY,SYR,EMR,Eastern Mediterranean,YEAR,2017,,,,,,,,,15.58,15.5811271,,,,2025-12-05T13:23:08Z,2017,2017-01-01,2017-12-31
9967113,GHED_OOP_pc_US_SHA2011,COUNTRY,MDA,EUR,Europe,YEAR,2007,,,,,,,,,61.08,61.08439024,,,,2025-12-05T13:23:08Z,2007,2007-01-01,2007-12-31
9992440,GHED_OOP_pc_US_SHA2011,COUNTRY,TUR,EUR,Europe,YEAR,2019,,,,,,,,,66.26,66.25987159,,,,2025-12-05T13:23:08Z,2019,2019-01-01,2019-12-31
9999231,GHED_OOP_pc_US_SHA2011,WORLDBANKINCOMEGROUP,WB_LI,,,YEAR,2011,,,,,,,,,17.65,17.64851681,,,,2025-12-05T13:23:08Z,2011,2011-01-01,2011-12-31
10004797,GHED_OOP_pc_US_SHA2011,COUNTRY,ARE,EMR,Eastern Mediterranean,YEAR,2000,,,,,,,,,155.92,155.91592121,,,,2025-12-05T13:23:08Z,2000,2000-01-01,2000-12-31
10017672,GHED_OOP_pc_US_SHA2011,COUNTRY,HND,AMR,Americas,YEAR,2005,,,,,,,,,48.02,48.01649804,,,,2025-12-05T13:23:08Z,2005,2005-01-01,2005-12-31
10050018,GHED_OOP_pc_US_SHA2011,COUNTRY,MNG,WPR,Western Pacific,YEAR,2020,,,,,,,,,82.51,82.51491637,,,,2025-12-05T13:23:08Z,2020,2020-01-01,2020-12-31
10056328,GHED_OOP_pc_US_SHA2011,COUNTRY,IRL,EUR,Europe,YEAR,2003,,,,,,,,,382.74,382.73750077,,,,2025-12-05T13:23:08Z,2003,2003-01-01,2003-12-31
10061896,GHED_OOP_pc_US_SHA2011,COUNTRY,LAO,WPR,Western Pacific,YEAR,2005,,,,,,,,,7.58,7.57746,,,,2025-12-05T13:23:08Z,2005,2005-01-01,2005-12-31
10068957,GHED_OOP_pc_US_SHA2011,COUNTRY,LVA,EUR,Europe,YEAR,2002,,,,,,,,,112.91,112.9089905,,,,2025-12-05T13:23:08Z,2002,2002-01-01,2002-12-31
10075239,GHED_OOP_pc_US_SHA2011,COUNTRY,SLE,AFR,Africa,YEAR,2023,,,,,,,,,19.48,19.47931624,,,,2025-12-05T13:23:08Z,2023,2023-01-01,2023-12-31
10087718,GHED_OOP_pc_US_SHA2011,COUNTRY,TKM,EUR,Europe,YEAR,2019,,,,,,,,,331.67,331.66529435,,,,2025-12-05T13:23:08Z,2019,2019-01-01,2019-12-31
10093423,GHED_OOP_pc_US_SHA2011,COUNTRY,ERI,AFR,Africa,YEAR,2000,,,,,,,,,8.95,8.94687083,,,,2025-12-05T13:23:08Z,2000,2000-01-01,2000-12-31
10106834,GHED_OOP_pc_US_SHA2011,COUNTRY,IRN,EMR,Eastern Mediterranean,YEAR,2018,,,,,,,,,97.69,97.68607014,,,,2025-12-05T13:23:08Z,2018,2018-01-01,2018-12-31
10119506,GHED_OOP_pc_US_SHA2011,COUNTRY,GAB,AFR,Africa,YEAR,2003,,,,,,,,,83.51,83.51124849,,,,2025-12-05T13:23:08Z,2003,2003-01-01,2003-12-31
10131604,GHED_OOP_pc_US_SHA2011,COUNTRY,URY,AMR,Americas,YEAR,2021,,,,,,,,,252.23,252.23309087,,,,2025-12-05T13:23:08Z,2021,2021-01-01,2021-12-31
10157202,GHED_OOP_pc_US_SHA2011,COUNTRY,SRB,EUR,Europe,YEAR,2001,,,,,,,,,31.96,31.96471942,,,,2025-12-05T13:23:08Z,2001,2001-01-01,2001-12-31
10157578,GHED_OOP_pc_US_SHA2011,COUNTRY,DNK,EUR,Europe,YEAR,2009,,,,,,,,,849.61,849.60665386,,,,2025-12-05T13:23:08Z,2009,2009-01-01,2009-12-31
10188209,GHED_OOP_pc_US_SHA2011,WORLDBANKINCOMEGROUP,WB_HI,,,YEAR,2016,,,,,,,,,496.87,496.86548937,,,,2025-12-05T13:23:08Z,2016,2016-01-01,2016-12-31
10195493,GHED_OOP_pc_US_SHA2011,COUNTRY,TTO,AMR,Americas,YEAR,2020,,,,,,,,,492.49,492.49252308,,,,2025-12-05T13:23:08Z,2020,2020-01-01,2020-12-31
10207415,GHED_OOP_pc_US_SHA2011,COUNTRY,DMA,AMR,Americas,YEAR,2000,,,,,,,,,85.54,85.54091265,,,,2025-12-05T13:23:08Z,2000,2000-01-01,2000-12-31
10220247,GHED_OOP_pc_US_SHA2011,COUNTRY,GMB,AFR,Africa,YEAR,2004,,,,,,,,,3.17,3.16677775,,,,2025-12-05T13:23:08Z,2004,2004-01-01,2004-12-31
10226417,GHED_OOP_pc_US_SHA2011,COUNTRY,NZL,WPR,Western Pacific,YEAR,2015,,,,,,,,,473.86,473.85898195,,,,2025-12-05T13:23:08Z,2015,2015-01-01,2015-12-31
10238975,GHED_OOP_pc_US_SHA2011,COUNTRY,UGA,AFR,Africa,YEAR,2000,,,,,,,,,7.07,7.06832753,,,,2025-12-05T13:23:08Z,2000,2000-01-01,2000-12-31
10245732,GHED_OOP_pc_US_SHA2011,COUNTRY,TUV,WPR,Western Pacific,YEAR,2006,,,,,,,,,8.72,8.72384878,,,,2025-12-05T13:23:08Z,2006,2006-01-01,2006-12-31
10245880,GHED_OOP_pc_US_SHA2011,COUNTRY,AND,EUR,Europe,YEAR,2009,,,,,,,,,384.98,384.97596421,,,,2025-12-05T13:23:08Z,2009,2009-01-01,2009-12-31
