Id,IndicatorCode,SpatialDimension,SpatialDimensionValueCode,ParentLocationCode,ParentLocation,TimeDimension,TimeDim,DisaggregatingDimension1,DisaggregatingDimension1ValueCode,DisaggregatingDimension2,DisaggregatingDimension2ValueCode,DisaggregatingDimension3,DisaggregatingDimension3ValueCode,DataSourceDimension,DataSourceDimensionValueCode,Value,NumericValue,Low,High,Comments,Date,TimeDimensionValue,TimeDimensionBegin,TimeDimensionEnd
2272148,GHED_GGHE-D_pc_US_SHA2011,COUNTRY,PLW,WPR,Western Pacific,YEAR,2018,,,,,,,,,979.58,979.57809649,,,,2025-12-05T13:23:08Z,2018,2018-01-01,2018-12-31
2273467,GHED_GGHE-D_pc_US_SHA2011,COUNTRY,BOL,AMR,Americas,YEAR,2008,,,,,,,,,45.73,45.73420926,,,,2025-12-05T13:23:08Z,2008,2008-01-01,2008-12-31
2275326,GHED_GGHE-D_pc_US_SHA2011,WORLDBANKINCOMEGROUP,WB_HI,,,YEAR,2015,,,,,,,,,1889.05,1889.05423652,,,,2026-01-12T13:50:53Z,2015,2015-01-01,2015-12-31
2281128,GHED_GGHE-D_pc_US_SHA2011,COUNTRY,GMB,AFR,Africa,YEAR,2019,,,,,,,,,9.50,9.50421633,,,,2025-12-05T13:23:08Z,2019,2019-01-01,2019-12-31
2285047,GHED_GGHE-D_pc_US_SHA2011,COUNTRY,MLT,EUR,Europe,YEAR,2001,,,,,,,,,471.04,471.04235186,,,,2025-12-05T13:23:08Z,2001,2001-01-01,2001-12-31
2285694,GHED_GGHE-D_pc_US_SHA2011,COUNTRY,KGZ,EUR,Europe,YEAR,2022,,,,,,,,,46.12,46.11660697,,,,2025-12-05T13:23:08Z,2022,2022-01-01,2022-12-31
2289063,GHED_GGHE-D_pc_US_SHA2011,COUNTRY,JPN,WPR,Western Pacific,YEAR,2004,,,,,,,,,2315.65,2315.6487219,,,,2025-12-05T13:23:08Z,2004,2004-01-01,2004-12-31
2290530,GHED_GGHE-D_pc_US_SHA2011,COUNTRY,MDV,SEAR,South-East Asia,YEAR,2000,,,,,,,,,72.88,72.87554358,,,,2025-12-05T13:23:08Z,2000,2000-01-01,2000-12-31
2294820,GHED_GGHE-D_pc_US_SHA2011,COUNTRY,GNQ,AFR,Africa,YEAR,2004,,,,,,,,,23.32,23.31647894,,,,2025-12-05T13:23:08Z,2004,2004-01-01,2004-12-31
2296668,GHED_GGHE-D_pc_US_SHA2011,COUNTRY,GRC,EUR,Europe,YEAR,2003,,,,,,,,,937.71,937.71393693,,,,2025-12-05T13:23:08Z,2003,2003-01-01,2003-12-31
2297272,GHED_GGHE-D_pc_US_SHA2011,COUNTRY,ARG,AMR,Americas,YEAR,2019,,,,,,,,,619.20,619.19929423,,,,2025-12-05T13:23:08Z,2019,2019-01-01,2019-12-31
2301632,GHED_GGHE-D_pc_US_SHA2011,COUNTRY,DZA,AFR,Africa,YEAR,2019,,,,,,,,,146.39,146.38565972,,,,2025-12-05T13:23:08Z,2019,2019-01-01,2019-12-31
2302554,GHED_GGHE-D_pc_US_SHA2011,COUNTRY,DMA,AMR,Americas,YEAR,2005,,,,,,,,,148.01,148.01131067,,,,2025-12-05T13:23:08Z,2005,2005-01-01,2005-12-31
2302715,GHED_GGHE-D_pc_US_SHA2011,COUNTRY,MCO,EUR,Europe,YEAR,2013,,,,,,,,,6861.09,6861.08771445,,,,2025-12-05T13:23:08Z,2013,2013-01-01,2013-12-31
2302794,GHED_GGHE-D_pc_US_SHA2011,COUNTRY,OMN,EMR,Eastern Mediterranean,YEAR,2004,,,,,,,,,251.01,251.00861602,,,,2025-12-05T13:23:08Z,2004,2004-01-01,2004-12-31
2302904,GHED_GGHE-D_pc_US_SHA2011,COUNTRY,COK,WPR,Western Pacific,YEAR,2014,,,,,,,,,552.33,552.32594273,,,,2025-12-05T13:23:08Z,2014,2014-01-01,2014-12-31
2305270,GHED_GGHE-D_pc_US_SHA2011,WORLDBANKINCOMEGROUP,WB_UMI,,,YEAR,2016,,,,,,,,,243.43,243.43443381,,,,2025-12-05T13:23:08Z,2016,2016-01-01,2016-12-31
2307363,GHED_GGHE-D_pc_US_SHA2011,COUNTRY,MAR,EMR,Eastern Mediterranean,YEAR,2002,,,,,,,,,16.93,16.92715658,,,,2025-12-05T13:23:08Z,2002,2002-01-01,2002-12-31
2312430,GHED_GGHE-D_pc_US_SHA2011,COUNTRY,BEL,EUR,Europe,YEAR,2018,,,,,,,,,3964.88,3964.87564851,,,,2025-12-05T13:23:08Z,2018,2018-01-01,2018-12-31
2314609,GHED_GGHE-D_pc_US_SHA2011,COUNTRY,NRU,WPR,Western Pacific,YEAR,2015,,,,,,,,,590.12,590.12331332,,,,2025-12-05T13:23:08Z,2015,2015-01-01,2015-12-31
2317289,GHED_GGHE-D_pc_US_SHA2011,COUNTRY,YEM,EMR,Eastern Mediterranean,YEAR,2002,,,,,,,,,11.96,11.96342687,,,,2025-12-05T13:23:08Z,2002,2002-01-01,2002-12-31
2317732,GHED_GGHE-D_pc_US_SHA2011,COUNTRY,HTI,AMR,Americas,YEAR,2004,,,,,,,,,4.11,4.11086243,,,,2025-12-05T13:23:08Z,2004,2004-01-01,2004-12-31
2318319,GHED_GGHE-D_pc_US_SHA2011,COUNTRY,UZB,EUR,Europe,YEAR,2022,,,,,,,,,57.62,57.61652843,,,,2025-12-05T13:23:08Z,2022,2022-01-01,2022-12-31
2321252,GHED_GGHE-D_pc_US_SHA2011,COUNTRY,TCD,AFR,Africa,YEAR,2010,,,,,,,,,7.40,7.39813023,,,,2025-12-05T13:23:08Z,2010,2010-01-01,2010-12-31
2324890,GHED_GGHE-D_pc_US_SHA2011,COUNTRY,COD,AFR,Africa,YEAR,2017,,,,,,,,,1.81,1.80539544,,,,2025-12-05T13:23:08Z,2017,2017-01-01,2017-12-31
2325766,GHED_GGHE-D_pc_US_SHA2011,COUNTRY,SVN,EUR,Europe,YEAR,2005,,,,,,,,,1046.63,1046.62710475,,,,2025-12-05T13:23:08Z,2005,2005-01-01,2005-12-31
2329404,GHED_GGHE-D_pc_US_SHA2011,COUNTRY,TZA,AFR,Africa,YEAR,2011,,,,,,,,,9.61,9.60834108,,,,2025-12-05T13:23:08Z,2011,2011-01-01,2011-12-31
2332160,GHED_GGHE-D_pc_US_SHA2011,COUNTRY,TUR,EUR,Europe,YEAR,2011,,,,,,,,,416.12,416.12256377,,,,2025-12-05T13:23:08Z,2011,2011-01-01,2011-12-31
2332177,GHED_GGHE-D_pc_US_SHA2011,COUNTRY,SYC,AFR,Africa,YEAR,2016,,,,,,,,,465.50,465.50486554,,,,2025-12-05T13:23:08Z,2016,2016-01-01,2016-12-31
2337459,GHED_GGHE-D_pc_US_SHA2011,COUNTRY,DNK,EUR,Europe,YEAR,2004,,,,,,,,,3500.27,3500.26591511,,,,2025-12-05T13:23:08Z,2004,2004-01-01,2004-12-31
2341227,GHED_GGHE-D_pc_US_SHA2011,COUNTRY,DZA,AFR,Africa,YEAR,2018,,,,,,,,,175.98,175.9806211,,,,2025-12-05T13:23:08Z,2018,2018-01-01,2018-12-31
2344348,GHED_GGHE-D_pc_US_SHA2011,COUNTRY,GEO,EUR,Europe,YEAR,2009,,,,,,,,,57.89,57.89273407,,,,2025-12-05T13:23:08Z,2009,2009-01-01,2009-12-31
2345080,GHED_GGHE-D_pc_US_SHA2011,COUNTRY,KWT,EMR,Eastern Mediterranean,YEAR,2011,,,,,,,,,969.04,969.0364226,,,,2025-12-05T13:23:08Z,2011,2011-01-01,2011-12-31
2345411,GHED_GGHE-D_pc_US_SHA2011,COUNTRY,SSD,AFR,Africa,YEAR,2019,,,,,,,,,3.85,3.85164254,,,,2025-12-05T13:23:08Z,2019,2019-01-01,2019-12-31
2349405,GHED_GGHE-D_pc_US_SHA2011,COUNTRY,HRV,EUR,Europe,YEAR,2020,,,,,,,,,918.67,918.66886222,,,,2025-12-05T13:23:08Z,2020,2020-01-01,2020-12-31
2354567,GHED_GGHE-D_pc_US_SHA2011,COUNTRY,PHL,WPR,Western Pacific,YEAR,2002,,,,,,,,,9.92,9.91624901,,,,2025-12-05T13:23:08Z,2002,2002-01-01,2002-12-31
2356296,GHED_GGHE-D_pc_US_SHA2011,COUNTRY,MLI,AFR,Africa,YEAR,2008,,,,,,,,,4.72,4.71582954,,,,2025-12-05T13:23:08Z,2008,2008-01-01,2008-12-31
2358509,GHED_GGHE-D_pc_US_SHA2011,COUNTRY,LTU,EUR,Europe,YEAR,2006,,,,,,,,,334.66,334.65510434,,,,2025-12-05T13:23:08Z,2006,2006-01-01,2006-12-31
2359170,GHED_GGHE-D_pc_US_SHA2011,COUNTRY,SVK,EUR,Europe,YEAR,2004,,,,,,,,,402.65,402.65350987,,,,2025-12-05T13:23:08Z,2004,2004-01-01,2004-12-31
2360522,GHED_GGHE-D_pc_US_SHA2011,COUNTRY,GNQ,AFR,Africa,YEAR,2015,,,,,,,,,67.41,67.40756821,,,,2025-12-05T13:23:08Z,2015,2015-01-01,2015-12-31
2364034,GHED_GGHE-D_pc_US_SHA2011,COUNTRY,RWA,AFR,Africa,YEAR,2010,,,,,,,,,12.10,12.10347888,,,,2025-12-05T13:23:08Z,2010,2010-01-01,2010-12-31
2365766,GHED_GGHE-D_pc_US_SHA2011,COUNTRY,NPL,SEAR,South-East Asia,YEAR,2013,,,,,,,,,5.74,5.74402642,,,,2025-12-05T13:23:08Z,2013,2013-01-01,2013-12-31
2365859,GHED_GGHE-D_pc_US_SHA2011,COUNTRY,MMR,SEAR,South-East Asia,YEAR,2006,,,,,,,,,1.01,1.01247138,,,,2025-12-05T13:23:08Z,2006,2006-01-01,2006-12-31
2366047,GHED_GGHE-D_pc_US_SHA2011,COUNTRY,TTO,AMR,Americas,YEAR,2022,,,,,,,,,575.70,575.69841843,,,,2025-12-05T13:23:08Z,2022,2022-01-01,2022-12-31
2366833,GHED_GGHE-D_pc_US_SHA2011,COUNTRY,NAM,AFR,Africa,YEAR,2007,,,,,,,,,232.94,232.94096583,,,,2025-12-05T13:23:08Z,2007,2007-01-01,2007-12-31
2366890,GHED_GGHE-D_pc_US_SHA2011,REGION,SEAR,,,YEAR,2011,,,,,,,,,65.25,65.24538204,,,,2025-12-05T13:23:08Z,2011,2011-01-01,2011-12-31
2367958,GHED_GGHE-D_pc_US_SHA2011,COUNTRY,KWT,EMR,Eastern Mediterranean,YEAR,2022,,,,,,,,,1483.31,1483.30686037,,,,2025-12-05T13:23:08Z,2022,2022-01-01,2022-12-31
2369047,GHED_GGHE-D_pc_US_SHA2011,COUNTRY,BRN,WPR,Western Pacific,YEAR,2018,,,,,,,,,711.40,711.39822878,,,,2025-12-05T13:23:08Z,2018,2018-01-01,2018-12-31
2369807,GHED_GGHE-D_pc_US_SHA2011,COUNTRY,VCT,AMR,Americas,YEAR,2020,,,,,,,,,273.49,273.48841336,,,,2025-12-05T13:23:08Z,2020,2020-01-01,2020-12-31
2372912,GHED_GGHE-D_pc_US_SHA2011,COUNTRY,CYP,EUR,Europe,YEAR,2002,,,,,,,,,395.19,395.19348466,,,,2025-12-05T13:23:08Z,2002,2002-01-01,2002-12-31
2375243,GHED_GGHE-D_pc_US_SHA2011,COUNTRY,MRT,AFR,Africa,YEAR,2005,,,,,,,,,8.19,8.18935537,,,,2025-12-05T13:23:08Z,2005,2005-01-01,2005-12-31
2375265,GHED_GGHE-D_pc_US_SHA2011,COUNTRY,MKD,EUR,Europe,YEAR,2023,,,,,,,,,368.12,368.11655317,,,,2025-12-05T13:23:08Z,2023,2023-01-01,2023-12-31
2376878,GHED_GGHE-D_pc_US_SHA2011,COUNTRY,GEO,EUR,Europe,YEAR,2011,,,,,,,,,54.72,54.71597254,,,,2025-12-05T13:23:08Z,2011,2011-01-01,2011-12-31
2378319,GHED_GGHE-D_pc_US_SHA2011,COUNTRY,VUT,WPR,Western Pacific,YEAR,2013,,,,,,,,,66.92,66.91781078,,,,2025-12-05T13:23:08Z,2013,2013-01-01,2013-12-31
2380263,GHED_GGHE-D_pc_US_SHA2011,REGION,AFR,,,YEAR,2007,,,,,,,,,42.05,42.04917163,,,,2025-12-05T13:23:08Z,2007,2007-01-01,2007-12-31
2382533,GHED_GGHE-D_pc_US_SHA2011,COUNTRY,NLD,EUR,Europe,YEAR,2006,,,,,,,,,2692.81,2692.80664231,,,,2025-12-05T13:23:08Z,2006,2006-01-01,2006-12-31
2383639,GHED_GGHE-D_pc_US_SHA2011,COUNTRY,PSE,EMR,Eastern Mediterranean,YEAR,2010,,,,,,,,,79.32,79.32187961,,,,2025-12-05T13:23:08Z,2010,2010-01-01,2010-12-31
2384200,GHED_GGHE-D_pc_US_SHA2011,COUNTRY,LKA,SEAR,South-East Asia,YEAR,2008,,,,,,,,,38.90,38.89765992,,,,2025-12-05T13:23:08Z,2008,2008-01-01,2008-12-31
2388143,GHED_GGHE-D_pc_US_SHA2011,COUNTRY,MEX,AMR,Americas,YEAR,2002,,,,,,,,,164.62,164.61687202,,,,2025-12-05T13:23:08Z,2002,2002-01-01,2002-12-31
2392828,GHED_GGHE-D_pc_US_SHA2011,COUNTRY,MLT,EUR,Europe,YEAR,2019,,,,,,,,,1842.33,1842.33065976,,,,2025-12-05T13:23:08Z,2019,2019-01-01,2019-12-31
2394797,GHED_GGHE-D_pc_US_SHA2011,COUNTRY,KWT,EMR,Eastern Mediterranean,YEAR,2015,,,,,,,,,1068.85,1068.85099257,,,,2025-12-05T13:23:08Z,2015,2015-01-01,2015-12-31
2397882,GHED_GGHE-D_pc_US_SHA2011,COUNTRY,GIN,AFR,Africa,YEAR,2018,,,,,,,,,5.76,5.76204271,,,,2025-12-05T13:23:08Z,2018,2018-01-01,2018-12-31
2401633,GHED_GGHE-D_pc_US_SHA2011,COUNTRY,TZA,AFR,Africa,YEAR,2001,,,,,,,,,3.90,3.90170452,,,,2025-12-05T13:23:08Z,2001,2001-01-01,2001-12-31
2402771,GHED_GGHE-D_pc_US_SHA2011,COUNTRY,ARM,EUR,Europe,YEAR,2012,,,,,,,,,57.34,57.34451567,,,,2025-12-05T13:23:08Z,2012,2012-01-01,2012-12-31
2407193,GHED_GGHE-D_pc_US_SHA2011,COUNTRY,TUN,EMR,Eastern Mediterranean,YEAR,2015,,,,,,,,,134.20,134.2013903,,,,2025-12-05T13:23:08Z,2015,2015-01-01,2015-12-31
2408060,GHED_GGHE-D_pc_US_SHA2011,COUNTRY,PSE,EMR,Eastern Mediterranean,YEAR,2023,,,,,,,,,143.23,143.22911205,,,,2025-12-05T13:23:08Z,2023,2023-01-01,2023-12-31
2409287,GHED_GGHE-D_pc_US_SHA2011,COUNTRY,HND,AMR,Americas,YEAR,2021,,,,,,,,,95.16,95.15781199,,,,2025-12-05T13:23:08Z,2021,2021-01-01,2021-12-31
2411226,GHED_GGHE-D_pc_US_SHA2011,COUNTRY,POL,EUR,Europe,YEAR,2001,,,,,,,,,198.94,198.94274278,,,,2025-12-05T13:23:08Z,2001,2001-01-01,2001-12-31
2412119,GHED_GGHE-D_pc_US_SHA2011,COUNTRY,NLD,EUR,Europe,YEAR,2004,,,,,,,,,2526.05,2526.05363859,,,,2025-12-05T13:23:08Z,2004,2004-01-01,2004-12-31
2413912,GHED_GGHE-D_pc_US_SHA2011,COUNTRY,BTN,SEAR,South-East Asia,YEAR,2015,,,,,,,,,71.93,71.92506831,,,,2025-12-05T13:23:08Z,2015,2015-01-01,2015-12-31
2415214,GHED_GGHE-D_pc_US_SHA2011,REGION,SEAR,,,YEAR,2000,,,,,,,,,20.30,20.30412243,,,,2025-12-05T13:23:08Z,2000,2000-01-01,2000-12-31
2423316,GHED_GGHE-D_pc_US_SHA2011,COUNTRY,COD,AFR,Africa,YEAR,2021,,,,,,,,,3.62,3.61909578,,,,2025-12-05T13:23:08Z,2021,2021-01-01,2021-12-31
2423980,GHED_GGHE-D_pc_US_SHA2011,COUNTRY,NLD,EUR,Europe,YEAR,2000,,,,,,,,,1397.53,1397.53320468,,,,2025-12-05T13:23:08Z,2000,2000-01-01,2000-12-31
2423989,GHED_GGHE-D_pc_US_SHA2011,COUNTRY,PAN,AMR,Americas,YEAR,2007,,,,,,,,,311.69,311.69044755,,,,2025-12-05T13:23:08Z,2007,2007-01-01,2007-12-31
2426392,GHED_GGHE-D_pc_US_SHA2011,COUNTRY,MUS,AFR,Africa,YEAR,2005,,,,,,,,,92.58,92.58404927,,,,2025-12-05T13:23:08Z,2005,2005-01-01,2005-12-31
2426397,GHED_GGHE-D_pc_US_SHA2011,COUNTRY,DJI,EMR,Eastern Mediterranean,YEAR,2015,,,,,,,,,40.58,40.57703751,,,,2025-12-05T13:23:08Z,2015,2015-01-01,2015-12-31
2427158,GHED_GGHE-D_pc_US_SHA2011,COUNTRY,IRL,EUR,Europe,YEAR,2012,,,,,,,,,3747.08,3747.07580606,,,,2025-12-05T13:23:08Z,2012,2012-01-01,2012-12-31
2427353,GHED_GGHE-D_pc_US_SHA2011,COUNTRY,NER,AFR,Africa,YEAR,2020,,,,,,,,,13.41,13.40747041,,,,2025-12-05T13:23:08Z,2020,2020-01-01,2020-12-31
2427721,GHED_GGHE-D_pc_US_SHA2011,GLOBAL,GLOBAL,,,YEAR,2019,,,,,,,,,809.67,809.66874857,,,,2025-12-05T13:23:08Z,2019,2019-01-01,2019-12-31
2428265,GHED_GGHE-D_pc_US_SHA2011,COUNTRY,GNQ,AFR,Africa,YEAR,2000,,,,,,,,,8.62,8.6164431,,,,2025-12-05T13:23:08Z,2000,2000-01-01,2000-12-31
2429143,GHED_GGHE-D_pc_US_SHA2011,COUNTRY,BTN,SEAR,South-East Asia,YEAR,2018,,,,,,,,,81.15,81.15022211,,,,2025-12-05T13:23:08Z,2018,2018-01-01,2018-12-31
2430061,GHED_GGHE-D_pc_US_SHA2011,COUNTRY,MMR,SEAR,South-East Asia,YEAR,2005,,,,,,,,,0.56,0.55796402,,,,2025-12-05T13:23:08Z,2005,2005-01-01,2005-12-31
2434407,GHED_GGHE-D_pc_US_SHA2011,COUNTRY,NPL,SEAR,South-East Asia,YEAR,2001,,,,,,,,,1.57,1.5735765,,,,2025-12-05T13:23:08Z,2001,2001-01-01,2001-12-31
2435284,GHED_GGHE-D_pc_US_SHA2011,COUNTRY,SLV,AMR,Americas,YEAR,2015,,,,,,,,,182.27,182.27123448,,,,2025-12-05T13:23:08Z,2015,2015-01-01,2015-12-31
2437561,GHED_GGHE-D_pc_US_SHA2011,WORLDBANKINCOMEGROUP,WB_LMI,,,YEAR,2013,,,,,,,,,54.15,54.15328254,,,,2025-12-05T13:23:08Z,2013,2013-01-01,2013-12-31
2438059,GHED_GGHE-D_pc_US_SHA2011,COUNTRY,HND,AMR,Americas,YEAR,2020,,,,,,,,,80.93,80.93218263,,,,2025-12-05T13:23:08Z,2020,2020-01-01,2020-12-31
2440427,GHED_GGHE-D_pc_US_SHA2011,COUNTRY,KWT,EMR,Eastern Mediterranean,YEAR,2005,,,,,,,,,554.24,554.24386549,,,,2025-12-05T13:23:08Z,2005,2005-01-01,2005-12-31
2447488,GHED_GGHE-D_pc_US_SHA2011,COUNTRY,PER,AMR,Americas,YEAR,2017,,,,,,,,,208.62,208.62458516,,,,2025-12-05T13:23:08Z,2017,2017-01-01,2017-12-31
2451323,GHED_GGHE-D_pc_US_SHA2011,COUNTRY,ARG,AMR,Americas,YEAR,2001,,,,,,,,,357.63,357.62808331,,,,2025-12-05T13:23:08Z,2001,2001-01-01,2001-12-31
2454815,GHED_GGHE-D_pc_US_SHA2011,COUNTRY,VNM,WPR,Western Pacific,YEAR,2017,,,,,,,,,64.24,64.23639922,,,,2025-12-05T13:23:08Z,2017,2017-01-01,2017-12-31
2455250,GHED_GGHE-D_pc_US_SHA2011,COUNTRY,BHR,EMR,Eastern Mediterranean,YEAR,2001,,,,,,,,,328.03,328.03367074,,,,2025-12-05T13:23:08Z,2001,2001-01-01,2001-12-31
2455944,GHED_GGHE-D_pc_US_SHA2011,COUNTRY,PRY,AMR,Americas,YEAR,2012,,,,,,,,,171.25,171.24767631,,,,2025-12-05T13:23:08Z,2012,2012-01-01,2012-12-31
2465084,GHED_GGHE-D_pc_US_SHA2011,COUNTRY,GHA,AFR,Africa,YEAR,2018,,,,,,,,,30.11,30.11186253,,,,2025-12-05T13:23:08Z,2018,2018-01-01,2018-12-31
2466345,GHED_GGHE-D_pc_US_SHA2011,REGION,AMR,,,YEAR,2020,,,,,,,,,676.09,676.09348447,,,,2025-12-05T13:23:08Z,2020,2020-01-01,2020-12-31
2466668,GHED_GGHE-D_pc_US_SHA2011,COUNTRY,MWI,AFR,Africa,YEAR,2021,,,,,,,,,8.41,8.40634952,,,,2025-12-05T13:23:08Z,2021,2021-01-01,2021-12-31
2470171,GHED_GGHE-D_pc_US_SHA2011,COUNTRY,SWE,EUR,Europe,YEAR,2022,,,,,,,,,5171.12,5171.12358619,,,,2025-12-05T13:23:08Z,2022,2022-01-01,2022-12-31
2471728,GHED_GGHE-D_pc_US_SHA2011,COUNTRY,TLS,SEAR,South-East Asia,YEAR,2012,,,,,,,,,42.41,42.4079453,,,,2025-12-05T13:23:08Z,2012,2012-01-01,2012-12-31
2474190,GHED_GGHE-D_pc_US_SHA2011,COUNTRY,ATG,AMR,Americas,YEAR,2010,,,,,,,,,422.26,422.26287035,,,,2025-12-05T13:23:08Z,2010,2010-01-01,2010-12-31
2474998,GHED_GGHE-D_pc_US_SHA2011,COUNTRY,BDI,AFR,Africa,YEAR,2009,,,,,,,,,4.13,4.12895605,,,,2025-12-05T13:23:08Z,2009,2009-01-01,2009-12-31
2478713,GHED_GGHE-D_pc_US_SHA2011,COUNTRY,MWI,AFR,Africa,YEAR,2003,,,,,,,,,4.36,4.35893498,,,,2025-12-05T13:23:08Z,2003,2003-01-01,2003-12-31
2481452,GHED_GGHE-D_pc_US_SHA2011,COUNTRY,SLE,AFR,Africa,YEAR,2020,,,,,,,,,7.00,7.00420642,,,,2025-12-05T13:23:08Z,2020,2020-01-01,2020-12-31
2485662,GHED_GGHE-D_pc_US_SHA2011,COUNTRY,LAO,WPR,Western Pacific,YEAR,2011,,,,,,,,,5.12,5.11728268,,,,2025-12-05T13:23:08Z,2011,2011-01-01,2011-12-31
2487090,GHED_GGHE-D_pc_US_SHA2011,COUNTRY,CPV,AFR,Africa,YEAR,2023,,,,,,,,,169.94,169.93649485,,,,2025-12-05T13:23:08Z,2023,2023-01-01,2023-12-31
2487946,GHED_GGHE-D_pc_US_SHA2011,COUNTRY,BRN,WPR,Western Pacific,YEAR,2011,,,,,,,,,791.39,791.38684344,,,,2025-12-05T13:23:08Z,2011,2011-01-01,2011-12-31
2488764,GHED_GGHE-D_pc_US_SHA2011,COUNTRY,BIH,EUR,Europe,YEAR,2003,,,,,,,,,111.43,111.43070231,,,,2025-12-05T13:23:08Z,2003,2003-01-01,2003-12-31
2489624,GHED_GGHE-D_pc_US_SHA2011,COUNTRY,DNK,EUR,Europe,YEAR,2013,,,,,,,,,5338.04,5338.04253156,,,,2025-12-05T13:23:08Z,2013,2013-01-01,2013-12-31
2491967,GHED_GGHE-D_pc_US_SHA2011,COUNTRY,NER,AFR,Africa,YEAR,2014,,,,,,,,,7.20,7.19601241,,,,2025-12-05T13:23:08Z,2014,2014-01-01,2014-12-31
2493157,GHED_GGHE-D_pc_US_SHA2011,COUNTRY,AZE,EUR,Europe,YEAR,2003,,,,,,,,,6.70,6.70258595,,,,2025-12-05T13:23:08Z,2003,2003-01-01,2003-12-31
2496592,GHED_GGHE-D_pc_US_SHA2011,COUNTRY,UGA,AFR,Africa,YEAR,2007,,,,,,,,,6.09,6.08958411,,,,2025-12-05T13:23:08Z,2007,2007-01-01,2007-12-31
2497223,GHED_GGHE-D_pc_US_SHA2011,COUNTRY,SEN,AFR,Africa,YEAR,2000,,,,,,,,,7.56,7.55697021,,,,2025-12-05T13:23:08Z,2000,2000-01-01,2000-12-31
2498724,GHED_GGHE-D_pc_US_SHA2011,COUNTRY,CAF,AFR,Africa,YEAR,2020,,,,,,,,,5.80,5.79582938,,,,2025-12-05T13:23:08Z,2020,2020-01-01,2020-12-31
2501686,GHED_GGHE-D_pc_US_SHA2011,COUNTRY,MHL,WPR,Western Pacific,YEAR,2011,,,,,,,,,172.07,172.06632067,,,,2025-12-05T13:23:08Z,2011,2011-01-01,2011-12-31
2504225,GHED_GGHE-D_pc_US_SHA2011,COUNTRY,GUY,AMR,Americas,YEAR,2004,,,,,,,,,37.80,37.80133184,,,,2025-12-05T13:23:08Z,2004,2004-01-01,2004-12-31
2504934,GHED_GGHE-D_pc_US_SHA2011,COUNTRY,KGZ,EUR,Europe,YEAR,2020,,,,,,,,,27.53,27.53223833,,,,2025-12-05T13:23:08Z,2020,2020-01-01,2020-12-31
2507215,GHED_GGHE-D_pc_US_SHA2011,COUNTRY,TCD,AFR,Africa,YEAR,2011,,,,,,,,,7.88,7.88114988,,,,2025-12-05T13:23:08Z,2011,2011-01-01,2011-12-31
2511506,GHED_GGHE-D_pc_US_SHA2011,COUNTRY,MDG,AFR,Africa,YEAR,2018,,,,,,,,,7.49,7.4906166,,,,2025-12-05T13:23:08Z,2018,2018-01-01,2018-12-31
2513525,GHED_GGHE-D_pc_US_SHA2011,COUNTRY,SWE,EUR,Europe,YEAR,2019,,,,,,,,,4827.80,4827.79869762,,,,2025-12-05T13:23:08Z,2019,2019-01-01,2019-12-31
2514421,GHED_GGHE-D_pc_US_SHA2011,COUNTRY,BGD,SEAR,South-East Asia,YEAR,2021,,,,,,,,,9.60,9.60347392,,,,2025-12-05T13:23:08Z,2021,2021-01-01,2021-12-31
2518288,GHED_GGHE-D_pc_US_SHA2011,COUNTRY,GMB,AFR,Africa,YEAR,2011,,,,,,,,,7.42,7.41701824,,,,2025-12-05T13:23:08Z,2011,2011-01-01,2011-12-31
2518676,GHED_GGHE-D_pc_US_SHA2011,COUNTRY,RUS,EUR,Europe,YEAR,2003,,,,,,,,,94.88,94.88243574,,,,2025-12-05T13:23:08Z,2003,2003-01-01,2003-12-31
2519478,GHED_GGHE-D_pc_US_SHA2011,COUNTRY,LIE,EUR,Europe,YEAR,2013,,,,,,,,,6634.03,6634.02748385,,,,2026-01-12T13:50:53Z,2013,2013-01-01,2013-12-31
2519664,GHED_GGHE-D_pc_US_SHA2011,COUNTRY,COD,AFR,Africa,YEAR,2010,,,,,,,,,1.25,1.25141795,,,,2025-12-05T13:23:08Z,2010,2010-01-01,2010-12-31
2520293,GHED_GGHE-D_pc_US_SHA2011,COUNTRY,DNK,EUR,Europe,YEAR,2002,,,,,,,,,2423.42,2423.42086804,,,,2025-12-05T13:23:08Z,2002,2002-01-01,2002-12-31
2520311,GHED_GGHE-D_pc_US_SHA2011,COUNTRY,KEN,AFR,Africa,YEAR,2001,,,,,,,,,6.26,6.26233129,,,,2025-12-05T13:23:08Z,2001,2001-01-01,2001-12-31
2523924,GHED_GGHE-D_pc_US_SHA2011,COUNTRY,MYS,WPR,Western Pacific,YEAR,2017,,,,,,,,,189.58,189.57659607,,,,2025-12-05T13:23:08Z,2017,2017-01-01,2017-12-31
2526258,GHED_GGHE-D_pc_US_SHA2011,COUNTRY,LBN,EMR,Eastern Mediterranean,YEAR,2007,,,,,,,,,180.05,180.05421017,,,,2025-12-05T13:23:08Z,2007,2007-01-01,2007-12-31
2527774,GHED_GGHE-D_pc_US_SHA2011,COUNTRY,NLD,EUR,Europe,YEAR,2003,,,,,,,,,2272.37,2272.36993493,,,,2025-12-05T13:23:08Z,2003,2003-01-01,2003-12-31
2528484,GHED_GGHE-D_pc_US_SHA2011,COUNTRY,GHA,AFR,Africa,YEAR,2014,,,,,,,,,27.52,27.52356634,,,,2025-12-05T13:23:08Z,2014,2014-01-01,2014-12-31
2530544,GHED_GGHE-D_pc_US_SHA2011,COUNTRY,COL,AMR,Americas,YEAR,2000,,,,,,,,,100.41,100.40738585,,,,2025-12-05T13:23:08Z,2000,2000-01-01,2000-12-31
2532074,GHED_GGHE-D_pc_US_SHA2011,COUNTRY,SMR,EUR,Europe,YEAR,2015,,,,,,,,,3049.88,3049.88282515,,,,2025-12-05T13:23:08Z,2015,2015-01-01,2015-12-31
2532666,GHED_GGHE-D_pc_US_SHA2011,COUNTRY,LUX,EUR,Europe,YEAR,2003,,,,,,,,,3862.40,3862.39765794,,,,2025-12-05T13:23:08Z,2003,2003-01-01,2003-12-31
2534652,GHED_GGHE-D_pc_US_SHA2011,COUNTRY,AND,EUR,Europe,YEAR,2015,,,,,,,,,1921.97,1921.96854101,,,,2025-12-05T13:23:08Z,2015,2015-01-01,2015-12-31
2535232,GHED_GGHE-D_pc_US_SHA2011,COUNTRY,MCO,EUR,Europe,YEAR,2015,,,,,,,,,5945.86,5945.85657186,,,,2025-12-05T13:23:08Z,2015,2015-01-01,2015-12-31
2538023,GHED_GGHE-D_pc_US_SHA2011,COUNTRY,SYR,EMR,Eastern Mediterranean,YEAR,2023,,,,,,,,,4.98,4.98055828,,,,2025-12-05T13:23:08Z,2023,2023-01-01,2023-12-31
2540007,GHED_GGHE-D_pc_US_SHA2011,COUNTRY,ECU,AMR,Americas,YEAR,2022,,,,,,,,,307.37,307.37076412,,,,2025-12-05T13:23:08Z,2022,2022-01-01,2022-12-31
2542464,GHED_GGHE-D_pc_US_SHA2011,COUNTRY,ISR,EUR,Europe,YEAR,2016,,,,,,,,,1762.61,1762.61026004,,,,2025-12-05T13:23:08Z,2016,2016-01-01,2016-12-31
2545357,GHED_GGHE-D_pc_US_SHA2011,COUNTRY,PSE,EMR,Eastern Mediterranean,YEAR,2005,,,,,,,,,57.10,57.09535025,,,,2025-12-05T13:23:08Z,2005,2005-01-01,2005-12-31
2547531,GHED_GGHE-D_pc_US_SHA2011,COUNTRY,RUS,EUR,Europe,YEAR,2017,,,,,,,,,329.44,329.44096293,,,,2025-12-05T13:23:08Z,2017,2017-01-01,2017-12-31
2549206,GHED_GGHE-D_pc_US_SHA2011,COUNTRY,RUS,EUR,Europe,YEAR,2021,,,,,,,,,613.35,613.35029675,,,,2025-12-05T13:23:08Z,2021,2021-01-01,2021-12-31
2551141,GHED_GGHE-D_pc_US_SHA2011,COUNTRY,MKD,EUR,Europe,YEAR,2015,,,,,,,,,209.30,209.30231077,,,,2025-12-05T13:23:08Z,2015,2015-01-01,2015-12-31
2554337,GHED_GGHE-D_pc_US_SHA2011,COUNTRY,MAR,EMR,Eastern Mediterranean,YEAR,2022,,,,,,,,,101.93,101.93332672,,,,2025-12-05T13:23:08Z,2022,2022-01-01,2022-12-31
2555569,GHED_GGHE-D_pc_US_SHA2011,COUNTRY,THA,SEAR,South-East Asia,YEAR,2021,,,,,,,,,255.93,255.92688932,,,,2025-12-05T13:23:08Z,2021,2021-01-01,2021-12-31
2557159,GHED_GGHE-D_pc_US_SHA2011,COUNTRY,LCA,AMR,Americas,YEAR,2020,,,,,,,,,254.62,254.62370867,,,,2025-12-05T13:23:08Z,2020,2020-01-01,2020-12-31
2559163,GHED_GGHE-D_pc_US_SHA2011,COUNTRY,NLD,EUR,Europe,YEAR,2023,,,,,,,,,4356.33,4356.3266795,,,,2025-12-05T13:23:08Z,2023,2023-01-01,2023-12-31
2563140,GHED_GGHE-D_pc_US_SHA2011,COUNTRY,AFG,EMR,Eastern Mediterranean,YEAR,2008,,,,,,,,,2.44,2.44143601,,,,2025-12-05T13:23:08Z,2008,2008-01-01,2008-12-31
2565548,GHED_GGHE-D_pc_US_SHA2011,COUNTRY,TZA,AFR,Africa,YEAR,2017,,,,,,,,,15.11,15.10554132,,,,2025-12-05T13:23:08Z,2017,2017-01-01,2017-12-31
2567375,GHED_GGHE-D_pc_US_SHA2011,COUNTRY,NRU,WPR,Western Pacific,YEAR,2022,,,,,,,,,1967.64,1967.63786976,,,,2025-12-05T13:23:08Z,2022,2022-01-01,2022-12-31
2571112,GHED_GGHE-D_pc_US_SHA2011,COUNTRY,MCO,EUR,Europe,YEAR,2001,,,,,,,,,2443.27,2443.26585887,,,,2025-12-05T13:23:08Z,2001,2001-01-01,2001-12-31
2573179,GHED_GGHE-D_pc_US_SHA2011,COUNTRY,VUT,WPR,Western Pacific,YEAR,2006,,,,,,,,,43.66,43.65851495,,,,2025-12-05T13:23:08Z,2006,2006-01-01,2006-12-31
2574328,GHED_GGHE-D_pc_US_SHA2011,COUNTRY,GNQ,AFR,Africa,YEAR,2020,,,,,,,,,59.59,59.59175318,,,,2025-12-05T13:23:08Z,2020,2020-01-01,2020-12-31
2579725,GHED_GGHE-D_pc_US_SHA2011,COUNTRY,CHE,EUR,Europe,YEAR,2004,,,,,,,,,1727.56,1727.56303464,,,,2025-12-05T13:23:08Z,2004,2004-01-01,2004-12-31
2582093,GHED_GGHE-D_pc_US_SHA2011,COUNTRY,CHN,WPR,Western Pacific,YEAR,2002,,,,,,,,,12.67,12.67360924,,,,2025-12-05T13:23:08Z,2002,2002-01-01,2002-12-31
2584728,GHED_GGHE-D_pc_US_SHA2011,COUNTRY,KAZ,EUR,Europe,YEAR,2009,,,,,,,,,185.04,185.039202,,,,2025-12-05T13:23:08Z,2009,2009-01-01,2009-12-31
2587833,GHED_GGHE-D_pc_US_SHA2011,COUNTRY,ARE,EMR,Eastern Mediterranean,YEAR,2016,,,,,,,,,1215.02,1215.02139075,,,,2025-12-05T13:23:08Z,2016,2016-01-01,2016-12-31
2589273,GHED_GGHE-D_pc_US_SHA2011,COUNTRY,ECU,AMR,Americas,YEAR,2002,,,,,,,,,30.70,30.69991701,,,,2025-12-05T13:23:08Z,2002,2002-01-01,2002-12-31
2589821,GHED_GGHE-D_pc_US_SHA2011,COUNTRY,GBR,EUR,Europe,YEAR,2016,,,,,,,,,3239.75,3239.74663357,,,,2025-12-05T13:23:08Z,2016,2016-01-01,2016-12-31
2592683,GHED_GGHE-D_pc_US_SHA2011,COUNTRY,CYP,EUR,Europe,YEAR,2020,,,,,,,,,1755.49,1755.48726609,,,,2025-12-05T13:23:08Z,2020,2020-01-01,2020-12-31
2593547,GHED_GGHE-D_pc_US_SHA2011,COUNTRY,TCD,AFR,Africa,YEAR,2020,,,,,,,,,4.78,4.78277479,,,,2025-12-05T13:23:08Z,2020,2020-01-01,2020-12-31
2595982,GHED_GGHE-D_pc_US_SHA2011,COUNTRY,JPN,WPR,Western Pacific,YEAR,2022,,,,,,,,,3614.40,3614.39740008,,,,2025-12-05T13:23:08Z,2022,2022-01-01,2022-12-31
2601176,GHED_GGHE-D_pc_US_SHA2011,COUNTRY,AZE,EUR,Europe,YEAR,2001,,,,,,,,,5.57,5.56928255,,,,2025-12-05T13:23:08Z,2001,2001-01-01,2001-12-31
2603819,GHED_GGHE-D_pc_US_SHA2011,COUNTRY,UKR,EUR,Europe,YEAR,2018,,,,,,,,,101.38,101.37753789,,,,2025-12-05T13:23:08Z,2018,2018-01-01,2018-12-31
2605508,GHED_GGHE-D_pc_US_SHA2011,COUNTRY,GNB,AFR,Africa,YEAR,2011,,,,,,,,,3.14,3.14370932,,,,2025-12-05T13:23:08Z,2011,2011-01-01,2011-12-31
2606482,GHED_GGHE-D_pc_US_SHA2011,COUNTRY,VNM,WPR,Western Pacific,YEAR,2006,,,,,,,,,18.46,18.46331209,,,,2025-12-05T13:23:08Z,2006,2006-01-01,2006-12-31
2607518,GHED_GGHE-D_pc_US_SHA2011,REGION,SEAR,,,YEAR,2001,,,,,,,,,20.00,20.00404446,,,,2025-12-05T13:23:08Z,2001,2001-01-01,2001-12-31
2610284,GHED_GGHE-D_pc_US_SHA2011,COUNTRY,UKR,EUR,Europe,YEAR,2013,,,,,,,,,132.77,132.77471236,,,,2025-12-05T13:23:08Z,2013,2013-01-01,2013-12-31
2615282,GHED_GGHE-D_pc_US_SHA2011,COUNTRY,HRV,EUR,Europe,YEAR,2015,,,,,,,,,667.76,667.75891014,,,,2025-12-05T13:23:08Z,2015,2015-01-01,2015-12-31
2619968,GHED_GGHE-D_pc_US_SHA2011,COUNTRY,AND,EUR,Europe,YEAR,2020,,,,,,,,,2382.40,2382.4043855,,,,2025-12-05T13:23:08Z,2020,2020-01-01,2020-12-31
2620303,GHED_GGHE-D_pc_US_SHA2011,COUNTRY,PAK,EMR,Eastern Mediterranean,YEAR,2000,,,,,,,,,5.36,5.35904171,,,,2025-12-05T13:23:08Z,2000,2000-01-01,2000-12-31
2621135,GHED_GGHE-D_pc_US_SHA2011,COUNTRY,SEN,AFR,Africa,YEAR,2008,,,,,,,,,19.40,19.4032372,,,,2025-12-05T13:23:08Z,2008,2008-01-01,2008-12-31
2621790,GHED_GGHE-D_pc_US_SHA2011,COUNTRY,SGP,WPR,Western Pacific,YEAR,2017,,,,,,,,,1293.15,1293.15328429,,,,2025-12-05T13:23:08Z,2017,2017-01-01,2017-12-31
2623515,GHED_GGHE-D_pc_US_SHA2011,COUNTRY,FIN,EUR,Europe,YEAR,2004,,,,,,,,,2369.49,2369.48990028,,,,2025-12-05T13:23:08Z,2004,2004-01-01,2004-12-31
2627111,GHED_GGHE-D_pc_US_SHA2011,COUNTRY,AFG,EMR,Eastern Mediterranean,YEAR,2003,,,,,,,,,1.29,1.2919895,,,,2025-12-05T13:23:08Z,2003,2003-01-01,2003-12-31
2630721,GHED_GGHE-D_pc_US_SHA2011,COUNTRY,PLW,WPR,Western Pacific,YEAR,2007,,,,,,,,,345.34,345.33721894,,,,2025-12-05T13:23:08Z,2007,2007-01-01,2007-12-31
2632549,GHED_GGHE-D_pc_US_SHA2011,COUNTRY,MMR,SEAR,South-East Asia,YEAR,2020,,,,,,,,,10.99,10.99452676,,,,2025-12-05T13:23:08Z,2020,2020-01-01,2020-12-31
2633883,GHED_GGHE-D_pc_US_SHA2011,COUNTRY,ITA,EUR,Europe,YEAR,2015,,,,,,,,,2003.93,2003.93450427,,,,2025-12-05T13:23:08Z,2015,2015-01-01,2015-12-31
2637108,GHED_GGHE-D_pc_US_SHA2011,COUNTRY,JOR,EMR,Eastern Mediterranean,YEAR,2005,,,,,,,,,95.67,95.67301732,,,,2025-12-05T13:23:08Z,2005,2005-01-01,2005-12-31
2638074,GHED_GGHE-D_pc_US_SHA2011,COUNTRY,DZA,AFR,Africa,YEAR,2008,,,,,,,,,148.58,148.5784402,,,,2025-12-05T13:23:08Z,2008,2008-01-01,2008-12-31
2639196,GHED_GGHE-D_pc_US_SHA2011,COUNTRY,QAT,EMR,Eastern Mediterranean,YEAR,2017,,,,,,,,,1614.45,1614.44557121,,,,2025-12-05T13:23:08Z,2017,2017-01-01,2017-12-31
2640441,GHED_GGHE-D_pc_US_SHA2011,COUNTRY,FIN,EUR,Europe,YEAR,2007,,,,,,,,,3080.90,3080.89860615,,,,2025-12-05T13:23:08Z,2007,2007-01-01,2007-12-31
2641580,GHED_GGHE-D_pc_US_SHA2011,COUNTRY,JOR,EMR,Eastern Mediterranean,YEAR,2017,,,,,,,,,129.50,129.50106026,,,,2025-12-05T13:23:08Z,2017,2017-01-01,2017-12-31
2643194,GHED_GGHE-D_pc_US_SHA2011,COUNTRY,BFA,AFR,Africa,YEAR,2009,,,,,,,,,9.88,9.87644001,,,,2025-12-05T13:23:08Z,2009,2009-01-01,2009-12-31
2648588,GHED_GGHE-D_pc_US_SHA2011,COUNTRY,TUV,WPR,Western Pacific,YEAR,2011,,,,,,,,,432.46,432.463709,,,,2025-12-05T13:23:08Z,2011,2011-01-01,2011-12-31
2657352,GHED_GGHE-D_pc_US_SHA2011,COUNTRY,BRB,AMR,Americas,YEAR,2007,,,,,,,,,568.34,568.33513346,,,,2025-12-05T13:23:08Z,2007,2007-01-01,2007-12-31
2661563,GHED_GGHE-D_pc_US_SHA2011,COUNTRY,LCA,AMR,Americas,YEAR,2001,,,,,,,,,99.49,99.49237933,,,,2025-12-05T13:23:08Z,2001,2001-01-01,2001-12-31
2662461,GHED_GGHE-D_pc_US_SHA2011,COUNTRY,SUR,AMR,Americas,YEAR,2013,,,,,,,,,182.96,182.95957369,,,,2025-12-05T13:23:08Z,2013,2013-01-01,2013-12-31
2664188,GHED_GGHE-D_pc_US_SHA2011,COUNTRY,UZB,EUR,Europe,YEAR,2001,,,,,,,,,11.83,11.83223332,,,,2025-12-05T13:23:08Z,2001,2001-01-01,2001-12-31
2664945,GHED_GGHE-D_pc_US_SHA2011,COUNTRY,SLB,WPR,Western Pacific,YEAR,2019,,,,,,,,,72.47,72.47213478,,,,2025-12-05T13:23:08Z,2019,2019-01-01,2019-12-31
2665563,GHED_GGHE-D_pc_US_SHA2011,COUNTRY,HTI,AMR,Americas,YEAR,2013,,,,,,,,,6.88,6.87817062,,,,2025-12-05T13:23:08Z,2013,2013-01-01,2013-12-31
2665759,GHED_GGHE-D_pc_US_SHA2011,COUNTRY,ROU,EUR,Europe,YEAR,2009,,,,,,,,,353.49,353.48690714,,,,2025-12-05T13:23:08Z,2009,2009-01-01,2009-12-31
2669473,GHED_GGHE-D_pc_US_SHA2011,COUNTRY,NIC,AMR,Americas,YEAR,2011,,,,,,,,,59.30,59.30127722,,,,2025-12-05T13:23:08Z,2011,2011-01-01,2011-12-31
2677518,GHED_GGHE-D_pc_US_SHA2011,COUNTRY,MLI,AFR,Africa,YEAR,2002,,,,,,,,,3.53,3.52976186,,,,2025-12-05T13:23:08Z,2002,2002-01-01,2002-12-31
2679196,GHED_GGHE-D_pc_US_SHA2011,COUNTRY,AUS,WPR,Western Pacific,YEAR,2009,,,,,,,,,2912.71,2912.71258865,,,,2025-12-05T13:23:08Z,2009,2009-01-01,2009-12-31
2679906,GHED_GGHE-D_pc_US_SHA2011,COUNTRY,ARE,EMR,Eastern Mediterranean,YEAR,2004,,,,,,,,,469.28,469.27888475,,,,2025-12-05T13:23:08Z,2004,2004-01-01,2004-12-31
2680585,GHED_GGHE-D_pc_US_SHA2011,COUNTRY,TUN,EMR,Eastern Mediterranean,YEAR,2013,,,,,,,,,168.20,168.20038633,,,,2025-12-05T13:23:08Z,2013,2013-01-01,2013-12-31
2684300,GHED_GGHE-D_pc_US_SHA2011,COUNTRY,DJI,EMR,Eastern Mediterranean,YEAR,2006,,,,,,,,,21.77,21.7729202,,,,2025-12-05T13:23:08Z,2006,2006-01-01,2006-12-31
2684524,GHED_GGHE-D_pc_US_SHA2011,COUNTRY,STP,AFR,Africa,YEAR,2018,,,,,,,,,48.27,48.26725195,,,,2025-12-05T13:23:08Z,2018,2018-01-01,2018-12-31
2690469,GHED_GGHE-D_pc_US_SHA2011,COUNTRY,NIU,WPR,Western Pacific,YEAR,2006,,,,,,,,,3149.53,3149.52600932,,,,2025-12-05T13:23:08Z,2006,2006-01-01,2006-12-31
2695765,GHED_GGHE-D_pc_US_SHA2011,COUNTRY,JAM,AMR,Americas,YEAR,2020,,,,,,,,,220.68,220.67967477,,,,2025-12-05T13:23:08Z,2020,2020-01-01,2020-12-31
2696758,GHED_GGHE-D_pc_US_SHA2011,WORLDBANKINCOMEGROUP,WB_HI,,,YEAR,2006,,,,,,,,,1458.02,1458.02175757,,,,2025-12-05T13:23:08Z,2006,2006-01-01,2006-12-31
2696759,GHED_GGHE-D_pc_US_SHA2011,COUNTRY,TJK,EUR,Europe,YEAR,2000,,,,,,,,,1.23,1.226207,,,,2025-12-05T13:23:08Z,2000,2000-01-01,2000-12-31
2698975,GHED_GGHE-D_pc_US_SHA2011,COUNTRY,RWA,AFR,Africa,YEAR,2014,,,,,,,,,15.90,15.90090046,,,,2025-12-05T13:23:08Z,2014,2014-01-01,2014-12-31
2700944,GHED_GGHE-D_pc_US_SHA2011,COUNTRY,ALB,EUR,Europe,YEAR,2021,,,,,,,,,184.77,184.771879,,,,2025-12-05T13:23:08Z,2021,2021-01-01,2021-12-31
2704200,GHED_GGHE-D_pc_US_SHA2011,COUNTRY,ISL,EUR,Europe,YEAR,2016,,,,,,,,,4125.77,4125.76760305,,,,2025-12-05T13:23:08Z,2016,2016-01-01,2016-12-31
2704220,GHED_GGHE-D_pc_US_SHA2011,COUNTRY,KEN,AFR,Africa,YEAR,2021,,,,,,,,,45.95,45.95190943,,,,2025-12-05T13:23:08Z,2021,2021-01-01,2021-12-31
2705485,GHED_GGHE-D_pc_US_SHA2011,COUNTRY,AUT,EUR,Europe,YEAR,2014,,,,,,,,,3916.92,3916.9193493,,,,2025-12-05T13:23:08Z,2014,2014-01-01,2014-12-31
2708703,GHED_GGHE-D_pc_US_SHA2011,COUNTRY,LAO,WPR,Western Pacific,YEAR,2009,,,,,,,,,11.83,11.82570841,,,,2025-12-05T13:23:08Z,2009,2009-01-01,2009-12-31
2714972,GHED_GGHE-D_pc_US_SHA2011,COUNTRY,NIC,AMR,Americas,YEAR,2008,,,,,,,,,48.61,48.61368055,,,,2025-12-05T13:23:08Z,2008,2008-01-01,2008-12-31
2716248,GHED_GGHE-D_pc_US_SHA2011,COUNTRY,BWA,AFR,Africa,YEAR,2009,,,,,,,,,173.34,173.33739027,,,,2025-12-05T13:23:08Z,2009,2009-01-01,2009-12-31
2716703,GHED_GGHE-D_pc_US_SHA2011,COUNTRY,ARG,AMR,Americas,YEAR,2021,,,,,,,,,681.66,681.66021311,,,,2025-12-05T13:23:08Z,2021,2021-01-01,2021-12-31
2718885,GHED_GGHE-D_pc_US_SHA2011,COUNTRY,VUT,WPR,Western Pacific,YEAR,2023,,,,,,,,,81.16,81.15797834,,,,2025-12-05T13:23:08Z,2023,2023-01-01,2023-12-31
2719959,GHED_GGHE-D_pc_US_SHA2011,COUNTRY,SAU,EMR,Eastern Mediterranean,YEAR,2006,,,,,,,,,463.31,463.30521541,,,,2025-12-05T13:23:08Z,2006,2006-01-01,2006-12-31
2721507,GHED_GGHE-D_pc_US_SHA2011,COUNTRY,BFA,AFR,Africa,YEAR,2003,,,,,,,,,3.55,3.5519426,,,,2025-12-05T13:23:08Z,2003,2003-01-01,2003-12-31
2724305,GHED_GGHE-D_pc_US_SHA2011,COUNTRY,EGY,EMR,Eastern Mediterranean,YEAR,2018,,,,,,,,,33.59,33.59406733,,,,2025-12-05T13:23:08Z,2018,2018-01-01,2018-12-31
2725094,GHED_GGHE-D_pc_US_SHA2011,COUNTRY,IND,SEAR,South-East Asia,YEAR,2014,,,,,,,,,13.33,13.33445508,,,,2025-12-05T13:23:08Z,2014,2014-01-01,2014-12-31
2728783,GHED_GGHE-D_pc_US_SHA2011,COUNTRY,MAR,EMR,Eastern Mediterranean,YEAR,2015,,,,,,,,,63.24,63.23974847,,,,2025-12-05T13:23:08Z,2015,2015-01-01,2015-12-31
2729812,GHED_GGHE-D_pc_US_SHA2011,COUNTRY,GHA,AFR,Africa,YEAR,2005,,,,,,,,,20.67,20.67171981,,,,2025-12-05T13:23:08Z,2005,2005-01-01,2005-12-31
2731039,GHED_GGHE-D_pc_US_SHA2011,COUNTRY,KWT,EMR,Eastern Mediterranean,YEAR,2004,,,,,,,,,495.28,495.27940642,,,,2025-12-05T13:23:08Z,2004,2004-01-01,2004-12-31
2733008,GHED_GGHE-D_pc_US_SHA2011,COUNTRY,AZE,EUR,Europe,YEAR,2011,,,,,,,,,67.69,67.68953062,,,,2025-12-05T13:23:08Z,2011,2011-01-01,2011-12-31
2733228,GHED_GGHE-D_pc_US_SHA2011,COUNTRY,MCO,EUR,Europe,YEAR,2002,,,,,,,,,2707.10,2707.0972314,,,,2025-12-05T13:23:08Z,2002,2002-01-01,2002-12-31
2736432,GHED_GGHE-D_pc_US_SHA2011,COUNTRY,TZA,AFR,Africa,YEAR,2014,,,,,,,,,11.91,11.90651572,,,,2025-12-05T13:23:08Z,2014,2014-01-01,2014-12-31
2741065,GHED_GGHE-D_pc_US_SHA2011,COUNTRY,MYS,WPR,Western Pacific,YEAR,2004,,,,,,,,,78.37,78.37275052,,,,2025-12-05T13:23:08Z,2004,2004-01-01,2004-12-31
2745267,GHED_GGHE-D_pc_US_SHA2011,COUNTRY,EGY,EMR,Eastern Mediterranean,YEAR,2011,,,,,,,,,39.34,39.33650886,,,,2025-12-05T13:23:08Z,2011,2011-01-01,2011-12-31
2747954,GHED_GGHE-D_pc_US_SHA2011,COUNTRY,GEO,EUR,Europe,YEAR,2006,,,,,,,,,23.61,23.6103234,,,,2025-12-05T13:23:08Z,2006,2006-01-01,2006-12-31
2748419,GHED_GGHE-D_pc_US_SHA2011,COUNTRY,ZMB,AFR,Africa,YEAR,2015,,,,,,,,,27.08,27.08312389,,,,2025-12-05T13:23:08Z,2015,2015-01-01,2015-12-31
2754772,GHED_GGHE-D_pc_US_SHA2011,WORLDBANKINCOMEGROUP,WB_UMI,,,YEAR,2020,,,,,,,,,278.07,278.07212874,,,,2025-12-05T13:23:08Z,2020,2020-01-01,2020-12-31
2757941,GHED_GGHE-D_pc_US_SHA2011,COUNTRY,SEN,AFR,Africa,YEAR,2013,,,,,,,,,16.15,16.15466656,,,,2025-12-05T13:23:08Z,2013,2013-01-01,2013-12-31
2759054,GHED_GGHE-D_pc_US_SHA2011,COUNTRY,ISR,EUR,Europe,YEAR,2003,,,,,,,,,865.29,865.28629858,,,,2025-12-05T13:23:08Z,2003,2003-01-01,2003-12-31
2760103,GHED_GGHE-D_pc_US_SHA2011,COUNTRY,BEL,EUR,Europe,YEAR,2017,,,,,,,,,3670.27,3670.27462054,,,,2025-12-05T13:23:08Z,2017,2017-01-01,2017-12-31
2762139,GHED_GGHE-D_pc_US_SHA2011,COUNTRY,SMR,EUR,Europe,YEAR,2014,,,,,,,,,3626.58,3626.5795762,,,,2025-12-05T13:23:08Z,2014,2014-01-01,2014-12-31
2763846,GHED_GGHE-D_pc_US_SHA2011,COUNTRY,LUX,EUR,Europe,YEAR,2000,,,,,,,,,2415.33,2415.32846258,,,,2025-12-05T13:23:08Z,2000,2000-01-01,2000-12-31
2767611,GHED_GGHE-D_pc_US_SHA2011,COUNTRY,GNB,AFR,Africa,YEAR,2001,,,,,,,,,1.57,1.57466133,,,,2025-12-05T13:23:08Z,2001,2001-01-01,2001-12-31
2767931,GHED_GGHE-D_pc_US_SHA2011,COUNTRY,MDG,AFR,Africa,YEAR,2000,,,,,,,,,5.17,5.17371463,,,,2025-12-05T13:23:08Z,2000,2000-01-01,2000-12-31
2768741,GHED_GGHE-D_pc_US_SHA2011,COUNTRY,BOL,AMR,Americas,YEAR,2017,,,,,,,,,147.05,147.05067897,,,,2025-12-05T13:23:08Z,2017,2017-01-01,2017-12-31
2771544,GHED_GGHE-D_pc_US_SHA2011,COUNTRY,OMN,EMR,Eastern Mediterranean,YEAR,2020,,,,,,,,,765.79,765.78978619,,,,2025-12-05T13:23:08Z,2020,2020-01-01,2020-12-31
2775602,GHED_GGHE-D_pc_US_SHA2011,COUNTRY,VCT,AMR,Americas,YEAR,2007,,,,,,,,,136.50,136.50215148,,,,2025-12-05T13:23:08Z,2007,2007-01-01,2007-12-31
2776687,GHED_GGHE-D_pc_US_SHA2011,COUNTRY,WSM,WPR,Western Pacific,YEAR,2015,,,,,,,,,162.56,162.55506672,,,,2025-12-05T13:23:08Z,2015,2015-01-01,2015-12-31
2779015,GHED_GGHE-D_pc_US_SHA2011,COUNTRY,ITA,EUR,Europe,YEAR,2021,,,,,,,,,2544.73,2544.73192995,,,,2025-12-05T13:23:08Z,2021,2021-01-01,2021-12-31
2782341,GHED_GGHE-D_pc_US_SHA2011,COUNTRY,NPL,SEAR,South-East Asia,YEAR,2022,,,,,,,,,27.91,27.90797831,,,,2025-12-05T13:23:08Z,2022,2022-01-01,2022-12-31
2782489,GHED_GGHE-D_pc_US_SHA2011,COUNTRY,MDG,AFR,Africa,YEAR,2003,,,,,,,,,7.66,7.66168508,,,,2025-12-05T13:23:08Z,2003,2003-01-01,2003-12-31
2784979,GHED_GGHE-D_pc_US_SHA2011,COUNTRY,FJI,WPR,Western Pacific,YEAR,2015,,,,,,,,,106.97,106.96940233,,,,2025-12-05T13:23:08Z,2015,2015-01-01,2015-12-31
2788205,GHED_GGHE-D_pc_US_SHA2011,COUNTRY,PRT,EUR,Europe,YEAR,2018,,,,,,,,,1349.59,1349.59218379,,,,2025-12-05T13:23:08Z,2018,2018-01-01,2018-12-31
2789782,GHED_GGHE-D_pc_US_SHA2011,COUNTRY,URY,AMR,Americas,YEAR,2006,,,,,,,,,238.75,238.74835565,,,,2025-12-05T13:23:08Z,2006,2006-01-01,2006-12-31
2790033,GHED_GGHE-D_pc_US_SHA2011,COUNTRY,UKR,EUR,Europe,YEAR,2014,,,,,,,,,100.37,100.36678328,,,,2025-12-05T13:23:08Z,2014,2014-01-01,2014-12-31
2791767,GHED_GGHE-D_pc_US_SHA2011,COUNTRY,COD,AFR,Africa,YEAR,2009,,,,,,,,,0.88,0.87506385,,,,2025-12-05T13:23:08Z,2009,2009-01-01,2009-12-31
2793658,GHED_GGHE-D_pc_US_SHA2011,COUNTRY,GRC,EUR,Europe,YEAR,2005,,,,,,,,,1177.30,1177.30245837,,,,2025-12-05T13:23:08Z,2005,2005-01-01,2005-12-31
2794570,GHED_GGHE-D_pc_US_SHA2011,COUNTRY,BEN,AFR,Africa,YEAR,2011,,,,,,,,,6.90,6.90207939,,,,2025-12-05T13:23:08Z,2011,2011-01-01,2011-12-31
2795068,GHED_GGHE-D_pc_US_SHA2011,GLOBAL,GLOBAL,,,YEAR,2003,,,,,,,,,402.85,402.84885541,,,,2025-12-05T13:23:08Z,2003,2003-01-01,2003-12-31
2795688,GHED_GGHE-D_pc_US_SHA2011,COUNTRY,SLE,AFR,Africa,YEAR,2009,,,,,,,,,3.97,3.96979859,,,,2025-12-05T13:23:08Z,2009,2009-01-01,2009-12-31
2796083,GHED_GGHE-D_pc_US_SHA2011,COUNTRY,BOL,AMR,Americas,YEAR,2002,,,,,,,,,23.11,23.1126794,,,,2025-12-05T13:23:08Z,2002,2002-01-01,2002-12-31
2797081,GHED_GGHE-D_pc_US_SHA2011,COUNTRY,MKD,EUR,Europe,YEAR,2016,,,,,,,,,221.16,221.15949842,,,,2025-12-05T13:23:08Z,2016,2016-01-01,2016-12-31
2800180,GHED_GGHE-D_pc_US_SHA2011,COUNTRY,CHL,AMR,Americas,YEAR,2016,,,,,,,,,579.89,579.89235989,,,,2025-12-05T13:23:08Z,2016,2016-01-01,2016-12-31
2802239,GHED_GGHE-D_pc_US_SHA2011,COUNTRY,VUT,WPR,Western Pacific,YEAR,2005,,,,,,,,,40.13,40.13089999,,,,2025-12-05T13:23:08Z,2005,2005-01-01,2005-12-31
2805989,GHED_GGHE-D_pc_US_SHA2011,COUNTRY,SYR,EMR,Eastern Mediterranean,YEAR,2021,,,,,,,,,16.70,16.70459338,,,,2025-12-05T13:23:08Z,2021,2021-01-01,2021-12-31
2806817,GHED_GGHE-D_pc_US_SHA2011,REGION,AFR,,,YEAR,2021,,,,,,,,,66.85,66.84764647,,,,2025-12-05T13:23:08Z,2021,2021-01-01,2021-12-31
2806996,GHED_GGHE-D_pc_US_SHA2011,COUNTRY,COK,WPR,Western Pacific,YEAR,2019,,,,,,,,,638.16,638.16150981,,,,2025-12-05T13:23:08Z,2019,2019-01-01,2019-12-31
2807911,GHED_GGHE-D_pc_US_SHA2011,COUNTRY,DOM,AMR,Americas,YEAR,2002,,,,,,,,,51.49,51.48847748,,,,2025-12-05T13:23:08Z,2002,2002-01-01,2002-12-31
2809648,GHED_GGHE-D_pc_US_SHA2011,COUNTRY,MDG,AFR,Africa,YEAR,2022,,,,,,,,,4.51,4.51059549,,,,2025-12-05T13:23:08Z,2022,2022-01-01,2022-12-31
2809676,GHED_GGHE-D_pc_US_SHA2011,COUNTRY,AUT,EUR,Europe,YEAR,2006,,,,,,,,,2836.42,2836.42470278,,,,2025-12-05T13:23:08Z,2006,2006-01-01,2006-12-31
2817289,GHED_GGHE-D_pc_US_SHA2011,COUNTRY,BWA,AFR,Africa,YEAR,2000,,,,,,,,,110.24,110.23638869,,,,2025-12-05T13:23:08Z,2000,2000-01-01,2000-12-31
2819032,GHED_GGHE-D_pc_US_SHA2011,COUNTRY,PNG,WPR,Western Pacific,YEAR,2017,,,,,,,,,41.66,41.66334546,,,,2025-12-05T13:23:08Z,2017,2017-01-01,2017-12-31
2819787,GHED_GGHE-D_pc_US_SHA2011,COUNTRY,URY,AMR,Americas,YEAR,2005,,,,,,,,,201.16,201.16197532,,,,2025-12-05T13:23:08Z,2005,2005-01-01,2005-12-31
2821089,GHED_GGHE-D_pc_US_SHA2011,COUNTRY,KWT,EMR,Eastern Mediterranean,YEAR,2019,,,,,,,,,1448.42,1448.41896689,,,,2025-12-05T13:23:08Z,2019,2019-01-01,2019-12-31
2821806,GHED_GGHE-D_pc_US_SHA2011,COUNTRY,TTO,AMR,Americas,YEAR,2005,,,,,,,,,256.69,256.68987245,,,,2025-12-05T13:23:08Z,2005,2005-01-01,2005-12-31
2823750,GHED_GGHE-D_pc_US_SHA2011,COUNTRY,MMR,SEAR,South-East Asia,YEAR,2008,,,,,,,,,1.19,1.19224526,,,,2025-12-05T13:23:08Z,2008,2008-01-01,2008-12-31
2824564,GHED_GGHE-D_pc_US_SHA2011,COUNTRY,JPN,WPR,Western Pacific,YEAR,2019,,,,,,,,,3720.69,3720.69443495,,,,2025-12-05T13:23:08Z,2019,2019-01-01,2019-12-31
2828294,GHED_GGHE-D_pc_US_SHA2011,COUNTRY,BFA,AFR,Africa,YEAR,2016,,,,,,,,,15.84,15.84240991,,,,2025-12-05T13:23:08Z,2016,2016-01-01,2016-12-31
2828487,GHED_GGHE-D_pc_US_SHA2011,COUNTRY,AZE,EUR,Europe,YEAR,2008,,,,,,,,,47.26,47.26319132,,,,2025-12-05T13:23:08Z,2008,2008-01-01,2008-12-31
2831430,GHED_GGHE-D_pc_US_SHA2011,COUNTRY,PAN,AMR,Americas,YEAR,2002,,,,,,,,,193.42,193.42485515,,,,2025-12-05T13:23:08Z,2002,2002-01-01,2002-12-31
2836439,GHED_GGHE-D_pc_US_SHA2011,COUNTRY,CMR,AFR,Africa,YEAR,2014,,,,,,,,,9.73,9.72798401,,,,2025-12-05T13:23:08Z,2014,2014-01-01,2014-12-31
2838149,GHED_GGHE-D_pc_US_SHA2011,COUNTRY,MRT,AFR,Africa,YEAR,2006,,,,,,,,,8.79,8.79465345,,,,2025-12-05T13:23:08Z,2006,2006-01-01,2006-12-31
2839861,GHED_GGHE-D_pc_US_SHA2011,COUNTRY,SGP,WPR,Western Pacific,YEAR,2010,,,,,,,,,542.77,542.76913954,,,,2025-12-05T13:23:08Z,2010,2010-01-01,2010-12-31
2840363,GHED_GGHE-D_pc_US_SHA2011,COUNTRY,BRB,AMR,Americas,YEAR,2003,,,,,,,,,454.85,454.84827528,,,,2025-12-05T13:23:08Z,2003,2003-01-01,2003-12-31
2846305,GHED_GGHE-D_pc_US_SHA2011,COUNTRY,PSE,EMR,Eastern Mediterranean,YEAR,2004,,,,,,,,,47.76,47.76312603,,,,2025-12-05T13:23:08Z,2004,2004-01-01,2004-12-31
2850014,GHED_GGHE-D_pc_US_SHA2011,COUNTRY,ARG,AMR,Americas,YEAR,2022,,,,,,,,,830.16,830.15628961,,,,2025-12-05T13:23:08Z,2022,2022-01-01,2022-12-31
2853662,GHED_GGHE-D_pc_US_SHA2011,COUNTRY,CRI,AMR,Americas,YEAR,2007,,,,,,,,,284.32,284.32230155,,,,2025-12-05T13:23:08Z,2007,2007-01-01,2007-12-31
2855216,GHED_GGHE-D_pc_US_SHA2011,COUNTRY,LAO,WPR,Western Pacific,YEAR,2014,,,,,,,,,13.55,13.54502293,,,,2025-12-05T13:23:08Z,2014,2014-01-01,2014-12-31
2855910,GHED_GGHE-D_pc_US_SHA2011,COUNTRY,ATG,AMR,Americas,YEAR,2022,,,,,,,,,573.11,573.10819036,,,,2025-12-05T13:23:08Z,2022,2022-01-01,2022-12-31
2856215,GHED_GGHE-D_pc_US_SHA2011,COUNTRY,COL,AMR,Americas,YEAR,2006,,,,,,,,,173.08,173.08110105,,,,2025-12-05T13:23:08Z,2006,2006-01-01,2006-12-31
2856614,GHED_GGHE-D_pc_US_SHA2011,COUNTRY,RUS,EUR,Europe,YEAR,2001,,,,,,,,,68.42,68.41776042,,,,2025-12-05T13:23:08Z,2001,2001-01-01,2001-12-31
2859021,GHED_GGHE-D_pc_US_SHA2011,COUNTRY,PRT,EUR,Europe,YEAR,2020,,,,,,,,,1495.38,1495.37848488,,,,2025-12-05T13:23:08Z,2020,2020-01-01,2020-12-31
2859744,GHED_GGHE-D_pc_US_SHA2011,COUNTRY,MYS,WPR,Western Pacific,YEAR,2014,,,,,,,,,226.84,226.84452415,,,,2025-12-05T13:23:08Z,2014,2014-01-01,2014-12-31
2860361,GHED_GGHE-D_pc_US_SHA2011,COUNTRY,MMR,SEAR,South-East Asia,YEAR,2017,,,,,,,,,8.81,8.80553855,,,,2025-12-05T13:23:08Z,2017,2017-01-01,2017-12-31
2862565,GHED_GGHE-D_pc_US_SHA2011,COUNTRY,MLI,AFR,Africa,YEAR,2005,,,,,,,,,6.45,6.44752841,,,,2025-12-05T13:23:08Z,2005,2005-01-01,2005-12-31
2863118,GHED_GGHE-D_pc_US_SHA2011,COUNTRY,BTN,SEAR,South-East Asia,YEAR,2016,,,,,,,,,72.05,72.05198345,,,,2025-12-05T13:23:08Z,2016,2016-01-01,2016-12-31
2865809,GHED_GGHE-D_pc_US_SHA2011,COUNTRY,ALB,EUR,Europe,YEAR,2010,,,,,,,,,96.87,96.8704002,,,,2025-12-05T13:23:08Z,2010,2010-01-01,2010-12-31
2866270,GHED_GGHE-D_pc_US_SHA2011,COUNTRY,LSO,AFR,Africa,YEAR,2018,,,,,,,,,65.85,65.84758819,,,,2025-12-05T13:23:08Z,2018,2018-01-01,2018-12-31
2873363,GHED_GGHE-D_pc_US_SHA2011,COUNTRY,DOM,AMR,Americas,YEAR,2012,,,,,,,,,166.53,166.53377452,,,,2025-12-05T13:23:08Z,2012,2012-01-01,2012-12-31
2875661,GHED_GGHE-D_pc_US_SHA2011,COUNTRY,ERI,AFR,Africa,YEAR,2023,,,,,,,,,6.52,6.52497396,,,,2025-12-05T13:23:08Z,2023,2023-01-01,2023-12-31
2876760,GHED_GGHE-D_pc_US_SHA2011,COUNTRY,COG,AFR,Africa,YEAR,2019,,,,,,,,,25.61,25.61217073,,,,2025-12-05T13:23:08Z,2019,2019-01-01,2019-12-31
2878375,GHED_GGHE-D_pc_US_SHA2011,COUNTRY,NAM,AFR,Africa,YEAR,2008,,,,,,,,,202.98,202.98397633,,,,2025-12-05T13:23:08Z,2008,2008-01-01,2008-12-31
2883132,GHED_GGHE-D_pc_US_SHA2011,COUNTRY,TUR,EUR,Europe,YEAR,2013,,,,,,,,,429.33,429.32579479,,,,2025-12-05T13:23:08Z,2013,2013-01-01,2013-12-31
2886423,GHED_GGHE-D_pc_US_SHA2011,COUNTRY,PAK,EMR,Eastern Mediterranean,YEAR,2008,,,,,,,,,3.80,3.80099296,,,,2025-12-05T13:23:08Z,2008,2008-01-01,2008-12-31
2886568,GHED_GGHE-D_pc_US_SHA2011,COUNTRY,GTM,AMR,Americas,YEAR,2000,,,,,,,,,29.64,29.63558368,,,,2025-12-05T13:23:08Z,2000,2000-01-01,2000-12-31
2889951,GHED_GGHE-D_pc_US_SHA2011,COUNTRY,TON,WPR,Western Pacific,YEAR,2013,,,,,,,,,114.42,114.41962198,,,,2025-12-05T13:23:08Z,2013,2013-01-01,2013-12-31
2890149,GHED_GGHE-D_pc_US_SHA2011,COUNTRY,KNA,AMR,Americas,YEAR,2002,,,,,,,,,201.61,201.60689033,,,,2025-12-05T13:23:08Z,2002,2002-01-01,2002-12-31
2891293,GHED_GGHE-D_pc_US_SHA2011,COUNTRY,SOM,EMR,Eastern Mediterranean,YEAR,2014,,,,,,,,,0.46,0.45925519,,,,2025-12-05T13:23:08Z,2014,2014-01-01,2014-12-31
2892805,GHED_GGHE-D_pc_US_SHA2011,COUNTRY,MLT,EUR,Europe,YEAR,2013,,,,,,,,,1436.95,1436.94815342,,,,2025-12-05T13:23:08Z,2013,2013-01-01,2013-12-31
2893638,GHED_GGHE-D_pc_US_SHA2011,COUNTRY,GIN,AFR,Africa,YEAR,2022,,,,,,,,,10.13,10.13259497,,,,2025-12-05T13:23:08Z,2022,2022-01-01,2022-12-31
2896652,GHED_GGHE-D_pc_US_SHA2011,COUNTRY,MDG,AFR,Africa,YEAR,2020,,,,,,,,,3.11,3.10980719,,,,2025-12-05T13:23:08Z,2020,2020-01-01,2020-12-31
2901357,GHED_GGHE-D_pc_US_SHA2011,COUNTRY,SLE,AFR,Africa,YEAR,2016,,,,,,,,,5.56,5.56160756,,,,2025-12-05T13:23:08Z,2016,2016-01-01,2016-12-31
2901965,GHED_GGHE-D_pc_US_SHA2011,COUNTRY,ERI,AFR,Africa,YEAR,2009,,,,,,,,,4.79,4.7878307,,,,2025-12-05T13:23:08Z,2009,2009-01-01,2009-12-31
2903978,GHED_GGHE-D_pc_US_SHA2011,COUNTRY,FJI,WPR,Western Pacific,YEAR,2013,,,,,,,,,92.70,92.70246171,,,,2025-12-05T13:23:08Z,2013,2013-01-01,2013-12-31
2908509,GHED_GGHE-D_pc_US_SHA2011,COUNTRY,DJI,EMR,Eastern Mediterranean,YEAR,2008,,,,,,,,,28.32,28.3243147,,,,2025-12-05T13:23:08Z,2008,2008-01-01,2008-12-31
2913646,GHED_GGHE-D_pc_US_SHA2011,COUNTRY,USA,AMR,Americas,YEAR,2011,,,,,,,,,3938.64,3938.64340937,,,,2025-12-05T13:23:08Z,2011,2011-01-01,2011-12-31
2915724,GHED_GGHE-D_pc_US_SHA2011,COUNTRY,BLZ,AMR,Americas,YEAR,2003,,,,,,,,,86.97,86.97103931,,,,2025-12-05T13:23:08Z,2003,2003-01-01,2003-12-31
2917823,GHED_GGHE-D_pc_US_SHA2011,COUNTRY,FSM,WPR,Western Pacific,YEAR,2003,,,,,,,,,45.98,45.98263348,,,,2025-12-05T13:23:08Z,2003,2003-01-01,2003-12-31
2919945,GHED_GGHE-D_pc_US_SHA2011,REGION,AFR,,,YEAR,2004,,,,,,,,,34.21,34.20924184,,,,2025-12-05T13:23:08Z,2004,2004-01-01,2004-12-31
2921437,GHED_GGHE-D_pc_US_SHA2011,COUNTRY,CYP,EUR,Europe,YEAR,2006,,,,,,,,,631.34,631.33856537,,,,2025-12-05T13:23:08Z,2006,2006-01-01,2006-12-31
2921503,GHED_GGHE-D_pc_US_SHA2011,COUNTRY,MHL,WPR,Western Pacific,YEAR,2008,,,,,,,,,169.68,169.68454988,,,,2025-12-05T13:23:08Z,2008,2008-01-01,2008-12-31
2921537,GHED_GGHE-D_pc_US_SHA2011,COUNTRY,UKR,EUR,Europe,YEAR,2011,,,,,,,,,120.65,120.64857284,,,,2025-12-05T13:23:08Z,2011,2011-01-01,2011-12-31
2922475,GHED_GGHE-D_pc_US_SHA2011,COUNTRY,COM,AFR,Africa,YEAR,2017,,,,,,,,,9.62,9.62355554,,,,2025-12-05T13:23:08Z,2017,2017-01-01,2017-12-31
2925884,GHED_GGHE-D_pc_US_SHA2011,COUNTRY,NAM,AFR,Africa,YEAR,2005,,,,,,,,,194.93,194.92925491,,,,2025-12-05T13:23:08Z,2005,2005-01-01,2005-12-31
2926396,GHED_GGHE-D_pc_US_SHA2011,COUNTRY,GIN,AFR,Africa,YEAR,2019,,,,,,,,,9.50,9.49816282,,,,2025-12-05T13:23:08Z,2019,2019-01-01,2019-12-31
2928536,GHED_GGHE-D_pc_US_SHA2011,COUNTRY,AGO,AFR,Africa,YEAR,2010,,,,,,,,,60.22,60.22295928,,,,2025-12-05T13:23:08Z,2010,2010-01-01,2010-12-31
2928977,GHED_GGHE-D_pc_US_SHA2011,COUNTRY,MOZ,AFR,Africa,YEAR,2021,,,,,,,,,11.65,11.65001571,,,,2025-12-05T13:23:08Z,2021,2021-01-01,2021-12-31
2929900,GHED_GGHE-D_pc_US_SHA2011,COUNTRY,SYC,AFR,Africa,YEAR,2008,,,,,,,,,251.11,251.11452886,,,,2025-12-05T13:23:08Z,2008,2008-01-01,2008-12-31
2931532,GHED_GGHE-D_pc_US_SHA2011,COUNTRY,TCD,AFR,Africa,YEAR,2004,,,,,,,,,9.68,9.67698823,,,,2025-12-05T13:23:08Z,2004,2004-01-01,2004-12-31
2932416,GHED_GGHE-D_pc_US_SHA2011,COUNTRY,COD,AFR,Africa,YEAR,2001,,,,,,,,,0.22,0.22044757,,,,2025-12-05T13:23:08Z,2001,2001-01-01,2001-12-31
2933866,GHED_GGHE-D_pc_US_SHA2011,COUNTRY,STP,AFR,Africa,YEAR,2012,,,,,,,,,28.13,28.12966907,,,,2025-12-05T13:23:08Z,2012,2012-01-01,2012-12-31
2934486,GHED_GGHE-D_pc_US_SHA2011,COUNTRY,CHL,AMR,Americas,YEAR,2021,,,,,,,,,846.10,846.09572147,,,,2025-12-05T13:23:08Z,2021,2021-01-01,2021-12-31
2935531,GHED_GGHE-D_pc_US_SHA2011,WORLDBANKINCOMEGROUP,WB_LI,,,YEAR,2008,,,,,,,,,8.08,8.07939196,,,,2025-12-05T13:23:08Z,2008,2008-01-01,2008-12-31
2936956,GHED_GGHE-D_pc_US_SHA2011,COUNTRY,CHN,WPR,Western Pacific,YEAR,2007,,,,,,,,,38.46,38.46292616,,,,2025-12-05T13:23:08Z,2007,2007-01-01,2007-12-31
2945902,GHED_GGHE-D_pc_US_SHA2011,COUNTRY,SVK,EUR,Europe,YEAR,2019,,,,,,,,,1057.77,1057.76821277,,,,2025-12-05T13:23:08Z,2019,2019-01-01,2019-12-31
2947207,GHED_GGHE-D_pc_US_SHA2011,COUNTRY,IRL,EUR,Europe,YEAR,2009,,,,,,,,,4241.17,4241.16941183,,,,2025-12-05T13:23:08Z,2009,2009-01-01,2009-12-31
2948012,GHED_GGHE-D_pc_US_SHA2011,COUNTRY,COD,AFR,Africa,YEAR,2003,,,,,,,,,0.37,0.37090691,,,,2025-12-05T13:23:08Z,2003,2003-01-01,2003-12-31
2950414,GHED_GGHE-D_pc_US_SHA2011,COUNTRY,LTU,EUR,Europe,YEAR,2014,,,,,,,,,678.86,678.86288743,,,,2025-12-05T13:23:08Z,2014,2014-01-01,2014-12-31
2953753,GHED_GGHE-D_pc_US_SHA2011,COUNTRY,MLT,EUR,Europe,YEAR,2022,,,,,,,,,2253.16,2253.16141285,,,,2025-12-05T13:23:08Z,2022,2022-01-01,2022-12-31
2957713,GHED_GGHE-D_pc_US_SHA2011,COUNTRY,SWZ,AFR,Africa,YEAR,2003,,,,,,,,,60.10,60.09539152,,,,2025-12-05T13:23:08Z,2003,2003-01-01,2003-12-31
2959029,GHED_GGHE-D_pc_US_SHA2011,COUNTRY,SRB,EUR,Europe,YEAR,2023,,,,,,,,,644.76,644.76479916,,,,2025-12-05T13:23:08Z,2023,2023-01-01,2023-12-31
2959574,GHED_GGHE-D_pc_US_SHA2011,REGION,AFR,,,YEAR,2019,,,,,,,,,60.14,60.13632001,,,,2025-12-05T13:23:08Z,2019,2019-01-01,2019-12-31
2960846,GHED_GGHE-D_pc_US_SHA2011,WORLDBANKINCOMEGROUP,WB_UMI,,,YEAR,2002,,,,,,,,,75.26,75.26495377,,,,2025-12-05T13:23:08Z,2002,2002-01-01,2002-12-31
2962512,GHED_GGHE-D_pc_US_SHA2011,COUNTRY,SAU,EMR,Eastern Mediterranean,YEAR,2001,,,,,,,,,349.72,349.72093739,,,,2025-12-05T13:23:08Z,2001,2001-01-01,2001-12-31
2968916,GHED_GGHE-D_pc_US_SHA2011,COUNTRY,SRB,EUR,Europe,YEAR,2011,,,,,,,,,378.28,378.2750829,,,,2025-12-05T13:23:08Z,2011,2011-01-01,2011-12-31
2970076,GHED_GGHE-D_pc_US_SHA2011,COUNTRY,GRC,EUR,Europe,YEAR,2006,,,,,,,,,1264.76,1264.7585618,,,,2025-12-05T13:23:08Z,2006,2006-01-01,2006-12-31
2971444,GHED_GGHE-D_pc_US_SHA2011,COUNTRY,MOZ,AFR,Africa,YEAR,2002,,,,,,,,,3.69,3.69111126,,,,2025-12-05T13:23:08Z,2002,2002-01-01,2002-12-31
2973694,GHED_GGHE-D_pc_US_SHA2011,WORLDBANKINCOMEGROUP,WB_UMI,,,YEAR,2023,,,,,,,,,344.12,344.11593357,,,,2025-12-05T13:23:08Z,2023,2023-01-01,2023-12-31
2973789,GHED_GGHE-D_pc_US_SHA2011,COUNTRY,JAM,AMR,Americas,YEAR,2001,,,,,,,,,84.10,84.10162646,,,,2025-12-05T13:23:08Z,2001,2001-01-01,2001-12-31
2974628,GHED_GGHE-D_pc_US_SHA2011,COUNTRY,GRD,AMR,Americas,YEAR,2014,,,,,,,,,167.16,167.16353018,,,,2025-12-05T13:23:08Z,2014,2014-01-01,2014-12-31
2976269,GHED_GGHE-D_pc_US_SHA2011,COUNTRY,UGA,AFR,Africa,YEAR,2003,,,,,,,,,4.88,4.87692997,,,,2025-12-05T13:23:08Z,2003,2003-01-01,2003-12-31
2976285,GHED_GGHE-D_pc_US_SHA2011,COUNTRY,SVN,EUR,Europe,YEAR,2022,,,,,,,,,2011.01,2011.00581832,,,,2025-12-05T13:23:08Z,2022,2022-01-01,2022-12-31
2977417,GHED_GGHE-D_pc_US_SHA2011,COUNTRY,HND,AMR,Americas,YEAR,2005,,,,,,,,,38.09,38.09424346,,,,2025-12-05T13:23:08Z,2005,2005-01-01,2005-12-31
2979133,GHED_GGHE-D_pc_US_SHA2011,COUNTRY,FSM,WPR,Western Pacific,YEAR,2000,,,,,,,,,36.35,36.35366463,,,,2025-12-05T13:23:08Z,2000,2000-01-01,2000-12-31
2981157,GHED_GGHE-D_pc_US_SHA2011,COUNTRY,GRC,EUR,Europe,YEAR,2017,,,,,,,,,799.35,799.35427765,,,,2025-12-05T13:23:08Z,2017,2017-01-01,2017-12-31
2982342,GHED_GGHE-D_pc_US_SHA2011,COUNTRY,NAM,AFR,Africa,YEAR,2001,,,,,,,,,110.34,110.34184845,,,,2025-12-05T13:23:08Z,2001,2001-01-01,2001-12-31
2985826,GHED_GGHE-D_pc_US_SHA2011,COUNTRY,IRN,EMR,Eastern Mediterranean,YEAR,2002,,,,,,,,,41.09,41.08619166,,,,2025-12-05T13:23:08Z,2002,2002-01-01,2002-12-31
2990010,GHED_GGHE-D_pc_US_SHA2011,COUNTRY,SOM,EMR,Eastern Mediterranean,YEAR,2013,,,,,,,,,0.52,0.52391006,,,,2025-12-05T13:23:08Z,2013,2013-01-01,2013-12-31
2992044,GHED_GGHE-D_pc_US_SHA2011,COUNTRY,NPL,SEAR,South-East Asia,YEAR,2019,,,,,,,,,13.30,13.30052833,,,,2025-12-05T13:23:08Z,2019,2019-01-01,2019-12-31
2992228,GHED_GGHE-D_pc_US_SHA2011,COUNTRY,QAT,EMR,Eastern Mediterranean,YEAR,2015,,,,,,,,,2128.93,2128.93331369,,,,2025-12-05T13:23:08Z,2015,2015-01-01,2015-12-31
3000134,GHED_GGHE-D_pc_US_SHA2011,COUNTRY,NIC,AMR,Americas,YEAR,2022,,,,,,,,,120.13,120.12721059,,,,2025-12-05T13:23:08Z,2022,2022-01-01,2022-12-31
3000753,GHED_GGHE-D_pc_US_SHA2011,COUNTRY,ZMB,AFR,Africa,YEAR,2020,,,,,,,,,34.20,34.19879606,,,,2025-12-05T13:23:08Z,2020,2020-01-01,2020-12-31
3003416,GHED_GGHE-D_pc_US_SHA2011,COUNTRY,SOM,EMR,Eastern Mediterranean,YEAR,2017,,,,,,,,,0.75,0.75412048,,,,2025-12-05T13:23:08Z,2017,2017-01-01,2017-12-31
3007733,GHED_GGHE-D_pc_US_SHA2011,COUNTRY,GNQ,AFR,Africa,YEAR,2005,,,,,,,,,34.66,34.6570512,,,,2025-12-05T13:23:08Z,2005,2005-01-01,2005-12-31
3008364,GHED_GGHE-D_pc_US_SHA2011,COUNTRY,KIR,WPR,Western Pacific,YEAR,2006,,,,,,,,,105.63,105.62895921,,,,2025-12-05T13:23:08Z,2006,2006-01-01,2006-12-31
3008521,GHED_GGHE-D_pc_US_SHA2011,COUNTRY,LKA,SEAR,South-East Asia,YEAR,2015,,,,,,,,,63.43,63.4277652,,,,2025-12-05T13:23:08Z,2015,2015-01-01,2015-12-31
3009927,GHED_GGHE-D_pc_US_SHA2011,COUNTRY,FSM,WPR,Western Pacific,YEAR,2011,,,,,,,,,54.17,54.17336831,,,,2025-12-05T13:23:08Z,2011,2011-01-01,2011-12-31
3018862,GHED_GGHE-D_pc_US_SHA2011,REGION,EUR,,,YEAR,2019,,,,,,,,,1915.79,1915.79296914,,,,2025-12-05T13:23:08Z,2019,2019-01-01,2019-12-31
3018941,GHED_GGHE-D_pc_US_SHA2011,COUNTRY,MDG,AFR,Africa,YEAR,2010,,,,,,,,,8.41,8.4054618,,,,2025-12-05T13:23:08Z,2010,2010-01-01,2010-12-31
3022861,GHED_GGHE-D_pc_US_SHA2011,COUNTRY,NIU,WPR,Western Pacific,YEAR,2008,,,,,,,,,1376.92,1376.91717441,,,,2025-12-05T13:23:08Z,2008,2008-01-01,2008-12-31
3025605,GHED_GGHE-D_pc_US_SHA2011,COUNTRY,SVN,EUR,Europe,YEAR,2008,,,,,,,,,1572.71,1572.70827225,,,,2025-12-05T13:23:08Z,2008,2008-01-01,2008-12-31
3025635,GHED_GGHE-D_pc_US_SHA2011,COUNTRY,ZMB,AFR,Africa,YEAR,2012,,,,,,,,,26.37,26.37169782,,,,2025-12-05T13:23:08Z,2012,2012-01-01,2012-12-31
3031778,GHED_GGHE-D_pc_US_SHA2011,COUNTRY,GIN,AFR,Africa,YEAR,2020,,,,,,,,,8.19,8.18969766,,,,2025-12-05T13:23:08Z,2020,2020-01-01,2020-12-31
3034955,GHED_GGHE-D_pc_US_SHA2011,COUNTRY,COM,AFR,Africa,YEAR,2009,,,,,,,,,5.35,5.34607209,,,,2025-12-05T13:23:08Z,2009,2009-01-01,2009-12-31
3038550,GHED_GGHE-D_pc_US_SHA2011,COUNTRY,FJI,WPR,Western Pacific,YEAR,2014,,,,,,,,,109.37,109.36605032,,,,2025-12-05T13:23:08Z,2014,2014-01-01,2014-12-31
3040059,GHED_GGHE-D_pc_US_SHA2011,COUNTRY,URY,AMR,Americas,YEAR,2010,,,,,,,,,625.98,625.97800573,,,,2025-12-05T13:23:08Z,2010,2010-01-01,2010-12-31
3042590,GHED_GGHE-D_pc_US_SHA2011,COUNTRY,AGO,AFR,Africa,YEAR,2005,,,,,,,,,24.51,24.50699757,,,,2025-12-05T13:23:08Z,2005,2005-01-01,2005-12-31
3044019,GHED_GGHE-D_pc_US_SHA2011,COUNTRY,COD,AFR,Africa,YEAR,2012,,,,,,,,,2.13,2.13075712,,,,2025-12-05T13:23:08Z,2012,2012-01-01,2012-12-31
3045486,GHED_GGHE-D_pc_US_SHA2011,COUNTRY,QAT,EMR,Eastern Mediterranean,YEAR,2018,,,,,,,,,1665.01,1665.00888376,,,,2025-12-05T13:23:08Z,2018,2018-01-01,2018-12-31
3046881,GHED_GGHE-D_pc_US_SHA2011,COUNTRY,LBY,EMR,Eastern Mediterranean,YEAR,2015,,,,,,,,,299.97,299.97084703,,,,2025-12-05T13:23:08Z,2015,2015-01-01,2015-12-31
3048810,GHED_GGHE-D_pc_US_SHA2011,COUNTRY,DZA,AFR,Africa,YEAR,2000,,,,,,,,,44.52,44.51503652,,,,2025-12-05T13:23:08Z,2000,2000-01-01,2000-12-31
3051212,GHED_GGHE-D_pc_US_SHA2011,COUNTRY,HRV,EUR,Europe,YEAR,2018,,,,,,,,,861.73,861.73199895,,,,2025-12-05T13:23:08Z,2018,2018-01-01,2018-12-31
3051588,GHED_GGHE-D_pc_US_SHA2011,COUNTRY,TUN,EMR,Eastern Mediterranean,YEAR,2022,,,,,,,,,145.56,145.5626508,,,,2025-12-05T13:23:08Z,2022,2022-01-01,2022-12-31
3053819,GHED_GGHE-D_pc_US_SHA2011,COUNTRY,MDG,AFR,Africa,YEAR,2017,,,,,,,,,11.05,11.04807326,,,,2025-12-05T13:23:08Z,2017,2017-01-01,2017-12-31
3056530,GHED_GGHE-D_pc_US_SHA2011,WORLDBANKINCOMEGROUP,WB_UMI,,,YEAR,2012,,,,,,,,,225.75,225.75104838,,,,2025-12-05T13:23:08Z,2012,2012-01-01,2012-12-31
3062746,GHED_GGHE-D_pc_US_SHA2011,COUNTRY,ESP,EUR,Europe,YEAR,2021,,,,,,,,,2315.47,2315.47279529,,,,2025-12-05T13:23:08Z,2021,2021-01-01,2021-12-31
3063097,GHED_GGHE-D_pc_US_SHA2011,COUNTRY,NGA,AFR,Africa,YEAR,2006,,,,,,,,,13.48,13.47811309,,,,2025-12-05T13:23:08Z,2006,2006-01-01,2006-12-31
3064820,GHED_GGHE-D_pc_US_SHA2011,GLOBAL,GLOBAL,,,YEAR,2015,,,,,,,,,715.99,715.98963955,,,,2026-01-12T13:50:53Z,2015,2015-01-01,2015-12-31
3064827,GHED_GGHE-D_pc_US_SHA2011,COUNTRY,ESP,EUR,Europe,YEAR,2002,,,,,,,,,834.43,834.42633754,,,,2025-12-05T13:23:08Z,2002,2002-01-01,2002-12-31
3069765,GHED_GGHE-D_pc_US_SHA2011,COUNTRY,NLD,EUR,Europe,YEAR,2005,,,,,,,,,2611.32,2611.32331952,,,,2025-12-05T13:23:08Z,2005,2005-01-01,2005-12-31
3071080,GHED_GGHE-D_pc_US_SHA2011,COUNTRY,GEO,EUR,Europe,YEAR,2014,,,,,,,,,101.39,101.38639704,,,,2025-12-05T13:23:08Z,2014,2014-01-01,2014-12-31
3074418,GHED_GGHE-D_pc_US_SHA2011,COUNTRY,KGZ,EUR,Europe,YEAR,2016,,,,,,,,,27.85,27.85296831,,,,2025-12-05T13:23:08Z,2016,2016-01-01,2016-12-31
3075017,GHED_GGHE-D_pc_US_SHA2011,COUNTRY,VUT,WPR,Western Pacific,YEAR,2014,,,,,,,,,17.46,17.45713166,,,,2025-12-05T13:23:08Z,2014,2014-01-01,2014-12-31
3079313,GHED_GGHE-D_pc_US_SHA2011,COUNTRY,CAF,AFR,Africa,YEAR,2008,,,,,,,,,3.79,3.79158801,,,,2025-12-05T13:23:08Z,2008,2008-01-01,2008-12-31
3082317,GHED_GGHE-D_pc_US_SHA2011,COUNTRY,BDI,AFR,Africa,YEAR,2015,,,,,,,,,6.80,6.7989748,,,,2025-12-05T13:23:08Z,2015,2015-01-01,2015-12-31
3082475,GHED_GGHE-D_pc_US_SHA2011,COUNTRY,ITA,EUR,Europe,YEAR,2011,,,,,,,,,2586.83,2586.82580044,,,,2025-12-05T13:23:08Z,2011,2011-01-01,2011-12-31
3083149,GHED_GGHE-D_pc_US_SHA2011,COUNTRY,SYC,AFR,Africa,YEAR,2012,,,,,,,,,427.88,427.88126776,,,,2025-12-05T13:23:08Z,2012,2012-01-01,2012-12-31
3084338,GHED_GGHE-D_pc_US_SHA2011,COUNTRY,HTI,AMR,Americas,YEAR,2011,,,,,,,,,5.50,5.50073422,,,,2025-12-05T13:23:08Z,2011,2011-01-01,2011-12-31
3087452,GHED_GGHE-D_pc_US_SHA2011,COUNTRY,SVN,EUR,Europe,YEAR,2019,,,,,,,,,1605.97,1605.97139936,,,,2025-12-05T13:23:08Z,2019,2019-01-01,2019-12-31
3090036,GHED_GGHE-D_pc_US_SHA2011,WORLDBANKINCOMEGROUP,WB_LMI,,,YEAR,2009,,,,,,,,,42.31,42.30902633,,,,2025-12-05T13:23:08Z,2009,2009-01-01,2009-12-31
3093110,GHED_GGHE-D_pc_US_SHA2011,COUNTRY,ARM,EUR,Europe,YEAR,2008,,,,,,,,,58.63,58.63086242,,,,2025-12-05T13:23:08Z,2008,2008-01-01,2008-12-31
3098438,GHED_GGHE-D_pc_US_SHA2011,COUNTRY,LBN,EMR,Eastern Mediterranean,YEAR,2015,,,,,,,,,260.35,260.3535841,,,,2025-12-05T13:23:08Z,2015,2015-01-01,2015-12-31
3101197,GHED_GGHE-D_pc_US_SHA2011,COUNTRY,MNG,WPR,Western Pacific,YEAR,2010,,,,,,,,,65.06,65.05885374,,,,2025-12-05T13:23:08Z,2010,2010-01-01,2010-12-31
3104318,GHED_GGHE-D_pc_US_SHA2011,COUNTRY,MUS,AFR,Africa,YEAR,2003,,,,,,,,,82.70,82.6986805,,,,2025-12-05T13:23:08Z,2003,2003-01-01,2003-12-31
3105810,GHED_GGHE-D_pc_US_SHA2011,GLOBAL,GLOBAL,,,YEAR,2022,,,,,,,,,951.81,951.80759557,,,,2026-01-12T13:50:53Z,2022,2022-01-01,2022-12-31
3111525,GHED_GGHE-D_pc_US_SHA2011,REGION,AFR,,,YEAR,2022,,,,,,,,,63.77,63.76817529,,,,2026-01-12T13:50:53Z,2022,2022-01-01,2022-12-31
3122863,GHED_GGHE-D_pc_US_SHA2011,COUNTRY,BFA,AFR,Africa,YEAR,2023,,,,,,,,,22.56,22.55664526,,,,2025-12-05T13:23:08Z,2023,2023-01-01,2023-12-31
3123009,GHED_GGHE-D_pc_US_SHA2011,COUNTRY,QAT,EMR,Eastern Mediterranean,YEAR,2010,,,,,,,,,929.83,929.82581583,,,,2025-12-05T13:23:08Z,2010,2010-01-01,2010-12-31
3123335,GHED_GGHE-D_pc_US_SHA2011,COUNTRY,IDN,WPR,Western Pacific,YEAR,2018,,,,,,,,,53.89,53.89327374,,,,2025-12-05T13:23:08Z,2018,2018-01-01,2018-12-31
3127887,GHED_GGHE-D_pc_US_SHA2011,COUNTRY,PER,AMR,Americas,YEAR,2012,,,,,,,,,162.33,162.32845544,,,,2025-12-05T13:23:08Z,2012,2012-01-01,2012-12-31
3129656,GHED_GGHE-D_pc_US_SHA2011,COUNTRY,MDV,SEAR,South-East Asia,YEAR,2018,,,,,,,,,643.95,643.95016998,,,,2025-12-05T13:23:08Z,2018,2018-01-01,2018-12-31
3130545,GHED_GGHE-D_pc_US_SHA2011,COUNTRY,MOZ,AFR,Africa,YEAR,2011,,,,,,,,,7.76,7.7609665,,,,2025-12-05T13:23:08Z,2011,2011-01-01,2011-12-31
3131373,GHED_GGHE-D_pc_US_SHA2011,COUNTRY,MDA,EUR,Europe,YEAR,2008,,,,,,,,,89.47,89.46787131,,,,2025-12-05T13:23:08Z,2008,2008-01-01,2008-12-31
3132154,GHED_GGHE-D_pc_US_SHA2011,COUNTRY,AUT,EUR,Europe,YEAR,2015,,,,,,,,,3348.36,3348.35675575,,,,2025-12-05T13:23:08Z,2015,2015-01-01,2015-12-31
3132835,GHED_GGHE-D_pc_US_SHA2011,COUNTRY,AND,EUR,Europe,YEAR,2001,,,,,,,,,899.00,899.00248346,,,,2025-12-05T13:23:08Z,2001,2001-01-01,2001-12-31
3136007,GHED_GGHE-D_pc_US_SHA2011,COUNTRY,TLS,SEAR,South-East Asia,YEAR,2020,,,,,,,,,65.50,65.50183356,,,,2025-12-05T13:23:08Z,2020,2020-01-01,2020-12-31
3136920,GHED_GGHE-D_pc_US_SHA2011,COUNTRY,ZAF,AFR,Africa,YEAR,2018,,,,,,,,,318.76,318.75981908,,,,2025-12-05T13:23:08Z,2018,2018-01-01,2018-12-31
3137023,GHED_GGHE-D_pc_US_SHA2011,COUNTRY,IRN,EMR,Eastern Mediterranean,YEAR,2019,,,,,,,,,98.65,98.65036151,,,,2025-12-05T13:23:08Z,2019,2019-01-01,2019-12-31
3143063,GHED_GGHE-D_pc_US_SHA2011,COUNTRY,ISL,EUR,Europe,YEAR,2023,,,,,,,,,5907.82,5907.81825433,,,,2025-12-05T13:23:08Z,2023,2023-01-01,2023-12-31
3143994,GHED_GGHE-D_pc_US_SHA2011,COUNTRY,BHS,AMR,Americas,YEAR,2006,,,,,,,,,483.66,483.66019821,,,,2025-12-05T13:23:08Z,2006,2006-01-01,2006-12-31
3146808,GHED_GGHE-D_pc_US_SHA2011,COUNTRY,CRI,AMR,Americas,YEAR,2012,,,,,,,,,557.34,557.33734039,,,,2025-12-05T13:23:08Z,2012,2012-01-01,2012-12-31
3151715,GHED_GGHE-D_pc_US_SHA2011,COUNTRY,KOR,WPR,Western Pacific,YEAR,2016,,,,,,,,,1123.99,1123.98713943,,,,2025-12-05T13:23:08Z,2016,2016-01-01,2016-12-31
3152767,GHED_GGHE-D_pc_US_SHA2011,COUNTRY,NLD,EUR,Europe,YEAR,2008,,,,,,,,,3636.77,3636.76849733,,,,2025-12-05T13:23:08Z,2008,2008-01-01,2008-12-31
3153560,GHED_GGHE-D_pc_US_SHA2011,COUNTRY,TZA,AFR,Africa,YEAR,2006,,,,,,,,,11.15,11.15014998,,,,2025-12-05T13:23:08Z,2006,2006-01-01,2006-12-31
3154649,GHED_GGHE-D_pc_US_SHA2011,COUNTRY,LSO,AFR,Africa,YEAR,2002,,,,,,,,,12.60,12.60379941,,,,2025-12-05T13:23:08Z,2002,2002-01-01,2002-12-31
3159662,GHED_GGHE-D_pc_US_SHA2011,COUNTRY,SLE,AFR,Africa,YEAR,2002,,,,,,,,,2.75,2.75203698,,,,2025-12-05T13:23:08Z,2002,2002-01-01,2002-12-31
3160784,GHED_GGHE-D_pc_US_SHA2011,COUNTRY,NGA,AFR,Africa,YEAR,2023,,,,,,,,,8.70,8.70499919,,,,2026-01-12T13:50:53Z,2023,2023-01-01,2023-12-31
3162151,GHED_GGHE-D_pc_US_SHA2011,COUNTRY,BHS,AMR,Americas,YEAR,2002,,,,,,,,,404.24,404.24328644,,,,2025-12-05T13:23:08Z,2002,2002-01-01,2002-12-31
3164072,GHED_GGHE-D_pc_US_SHA2011,COUNTRY,TJK,EUR,Europe,YEAR,2013,,,,,,,,,19.67,19.67245071,,,,2025-12-05T13:23:08Z,2013,2013-01-01,2013-12-31
3165727,GHED_GGHE-D_pc_US_SHA2011,COUNTRY,BGD,SEAR,South-East Asia,YEAR,2004,,,,,,,,,2.60,2.59642283,,,,2025-12-05T13:23:08Z,2004,2004-01-01,2004-12-31
3168236,GHED_GGHE-D_pc_US_SHA2011,REGION,WPR,,,YEAR,2001,,,,,,,,,277.61,277.61315741,,,,2025-12-05T13:23:08Z,2001,2001-01-01,2001-12-31
3176319,GHED_GGHE-D_pc_US_SHA2011,COUNTRY,TGO,AFR,Africa,YEAR,2002,,,,,,,,,1.45,1.45098952,,,,2025-12-05T13:23:08Z,2002,2002-01-01,2002-12-31
3176322,GHED_GGHE-D_pc_US_SHA2011,COUNTRY,BGD,SEAR,South-East Asia,YEAR,2019,,,,,,,,,7.65,7.65134365,,,,2025-12-05T13:23:08Z,2019,2019-01-01,2019-12-31
3178249,GHED_GGHE-D_pc_US_SHA2011,COUNTRY,RWA,AFR,Africa,YEAR,2020,,,,,,,,,16.65,16.65234961,,,,2025-12-05T13:23:08Z,2020,2020-01-01,2020-12-31
3178598,GHED_GGHE-D_pc_US_SHA2011,COUNTRY,HRV,EUR,Europe,YEAR,2006,,,,,,,,,690.31,690.30552373,,,,2025-12-05T13:23:08Z,2006,2006-01-01,2006-12-31
3178748,GHED_GGHE-D_pc_US_SHA2011,COUNTRY,IRN,EMR,Eastern Mediterranean,YEAR,2017,,,,,,,,,248.50,248.50255228,,,,2025-12-05T13:23:08Z,2017,2017-01-01,2017-12-31
3181035,GHED_GGHE-D_pc_US_SHA2011,COUNTRY,BRN,WPR,Western Pacific,YEAR,2010,,,,,,,,,730.22,730.21917985,,,,2025-12-05T13:23:08Z,2010,2010-01-01,2010-12-31
3184512,GHED_GGHE-D_pc_US_SHA2011,COUNTRY,PHL,WPR,Western Pacific,YEAR,2010,,,,,,,,,28.51,28.5053484,,,,2025-12-05T13:23:08Z,2010,2010-01-01,2010-12-31
3186415,GHED_GGHE-D_pc_US_SHA2011,COUNTRY,SMR,EUR,Europe,YEAR,2019,,,,,,,,,3374.68,3374.68300332,,,,2025-12-05T13:23:08Z,2019,2019-01-01,2019-12-31
3187388,GHED_GGHE-D_pc_US_SHA2011,COUNTRY,DJI,EMR,Eastern Mediterranean,YEAR,2022,,,,,,,,,33.47,33.46917835,,,,2025-12-05T13:23:08Z,2022,2022-01-01,2022-12-31
3191053,GHED_GGHE-D_pc_US_SHA2011,COUNTRY,SGP,WPR,Western Pacific,YEAR,2012,,,,,,,,,729.11,729.11246043,,,,2025-12-05T13:23:08Z,2012,2012-01-01,2012-12-31
3194304,GHED_GGHE-D_pc_US_SHA2011,COUNTRY,TGO,AFR,Africa,YEAR,2018,,,,,,,,,8.78,8.7810651,,,,2025-12-05T13:23:08Z,2018,2018-01-01,2018-12-31
3198300,GHED_GGHE-D_pc_US_SHA2011,COUNTRY,SGP,WPR,Western Pacific,YEAR,2016,,,,,,,,,1189.26,1189.25865837,,,,2025-12-05T13:23:08Z,2016,2016-01-01,2016-12-31
3206220,GHED_GGHE-D_pc_US_SHA2011,COUNTRY,ARG,AMR,Americas,YEAR,2011,,,,,,,,,726.64,726.63572225,,,,2025-12-05T13:23:08Z,2011,2011-01-01,2011-12-31
3206714,GHED_GGHE-D_pc_US_SHA2011,COUNTRY,GRC,EUR,Europe,YEAR,2012,,,,,,,,,1239.16,1239.16277323,,,,2025-12-05T13:23:08Z,2012,2012-01-01,2012-12-31
3210452,GHED_GGHE-D_pc_US_SHA2011,COUNTRY,COL,AMR,Americas,YEAR,2015,,,,,,,,,332.98,332.97661424,,,,2025-12-05T13:23:08Z,2015,2015-01-01,2015-12-31
3211702,GHED_GGHE-D_pc_US_SHA2011,COUNTRY,FJI,WPR,Western Pacific,YEAR,2012,,,,,,,,,90.01,90.00943764,,,,2025-12-05T13:23:08Z,2012,2012-01-01,2012-12-31
3213225,GHED_GGHE-D_pc_US_SHA2011,COUNTRY,AUT,EUR,Europe,YEAR,2013,,,,,,,,,3782.08,3782.0809688,,,,2025-12-05T13:23:08Z,2013,2013-01-01,2013-12-31
3214402,GHED_GGHE-D_pc_US_SHA2011,COUNTRY,FJI,WPR,Western Pacific,YEAR,2005,,,,,,,,,89.21,89.21392923,,,,2025-12-05T13:23:08Z,2005,2005-01-01,2005-12-31
3215599,GHED_GGHE-D_pc_US_SHA2011,COUNTRY,ZMB,AFR,Africa,YEAR,2007,,,,,,,,,16.65,16.64833535,,,,2025-12-05T13:23:08Z,2007,2007-01-01,2007-12-31
3216901,GHED_GGHE-D_pc_US_SHA2011,COUNTRY,CUB,AMR,Americas,YEAR,2014,,,,,,,,,783.10,783.1042566,,,,2025-12-05T13:23:08Z,2014,2014-01-01,2014-12-31
3217536,GHED_GGHE-D_pc_US_SHA2011,COUNTRY,URY,AMR,Americas,YEAR,2002,,,,,,,,,209.21,209.20648242,,,,2025-12-05T13:23:08Z,2002,2002-01-01,2002-12-31
3220156,GHED_GGHE-D_pc_US_SHA2011,COUNTRY,AND,EUR,Europe,YEAR,2004,,,,,,,,,1277.87,1277.87388678,,,,2025-12-05T13:23:08Z,2004,2004-01-01,2004-12-31
3222587,GHED_GGHE-D_pc_US_SHA2011,COUNTRY,GEO,EUR,Europe,YEAR,2022,,,,,,,,,201.48,201.48472396,,,,2025-12-05T13:23:08Z,2022,2022-01-01,2022-12-31
3223449,GHED_GGHE-D_pc_US_SHA2011,COUNTRY,MRT,AFR,Africa,YEAR,2023,,,,,,,,,31.46,31.46490648,,,,2025-12-05T13:23:08Z,2023,2023-01-01,2023-12-31
3224396,GHED_GGHE-D_pc_US_SHA2011,COUNTRY,PHL,WPR,Western Pacific,YEAR,2009,,,,,,,,,23.80,23.79799198,,,,2025-12-05T13:23:08Z,2009,2009-01-01,2009-12-31
3227676,GHED_GGHE-D_pc_US_SHA2011,COUNTRY,KAZ,EUR,Europe,YEAR,2015,,,,,,,,,195.76,195.75609903,,,,2025-12-05T13:23:08Z,2015,2015-01-01,2015-12-31
3232184,GHED_GGHE-D_pc_US_SHA2011,COUNTRY,BEL,EUR,Europe,YEAR,2019,,,,,,,,,3787.67,3787.673403,,,,2025-12-05T13:23:08Z,2019,2019-01-01,2019-12-31
3234652,GHED_GGHE-D_pc_US_SHA2011,COUNTRY,TUR,EUR,Europe,YEAR,2019,,,,,,,,,301.94,301.9433535,,,,2025-12-05T13:23:08Z,2019,2019-01-01,2019-12-31
3235272,GHED_GGHE-D_pc_US_SHA2011,COUNTRY,BWA,AFR,Africa,YEAR,2020,,,,,,,,,283.34,283.33924769,,,,2025-12-05T13:23:08Z,2020,2020-01-01,2020-12-31
3238281,GHED_GGHE-D_pc_US_SHA2011,COUNTRY,TCD,AFR,Africa,YEAR,2002,,,,,,,,,5.20,5.19662296,,,,2025-12-05T13:23:08Z,2002,2002-01-01,2002-12-31
3239755,GHED_GGHE-D_pc_US_SHA2011,COUNTRY,DJI,EMR,Eastern Mediterranean,YEAR,2000,,,,,,,,,14.73,14.73145575,,,,2025-12-05T13:23:08Z,2000,2000-01-01,2000-12-31
3239784,GHED_GGHE-D_pc_US_SHA2011,COUNTRY,LBR,AFR,Africa,YEAR,2018,,,,,,,,,11.14,11.13752365,,,,2025-12-05T13:23:08Z,2018,2018-01-01,2018-12-31
3240246,GHED_GGHE-D_pc_US_SHA2011,COUNTRY,TON,WPR,Western Pacific,YEAR,2010,,,,,,,,,98.84,98.84283671,,,,2025-12-05T13:23:08Z,2010,2010-01-01,2010-12-31
3242016,GHED_GGHE-D_pc_US_SHA2011,COUNTRY,JAM,AMR,Americas,YEAR,2004,,,,,,,,,94.18,94.17610149,,,,2025-12-05T13:23:08Z,2004,2004-01-01,2004-12-31
3246464,GHED_GGHE-D_pc_US_SHA2011,COUNTRY,POL,EUR,Europe,YEAR,2013,,,,,,,,,617.25,617.25388536,,,,2025-12-05T13:23:08Z,2013,2013-01-01,2013-12-31
3246723,GHED_GGHE-D_pc_US_SHA2011,COUNTRY,STP,AFR,Africa,YEAR,2010,,,,,,,,,22.24,22.23828387,,,,2025-12-05T13:23:08Z,2010,2010-01-01,2010-12-31
3248388,GHED_GGHE-D_pc_US_SHA2011,COUNTRY,NPL,SEAR,South-East Asia,YEAR,2015,,,,,,,,,7.73,7.73443611,,,,2025-12-05T13:23:08Z,2015,2015-01-01,2015-12-31
3249745,GHED_GGHE-D_pc_US_SHA2011,COUNTRY,BDI,AFR,Africa,YEAR,2014,,,,,,,,,6.98,6.98205861,,,,2025-12-05T13:23:08Z,2014,2014-01-01,2014-12-31
3253328,GHED_GGHE-D_pc_US_SHA2011,COUNTRY,JOR,EMR,Eastern Mediterranean,YEAR,2008,,,,,,,,,166.52,166.51634202,,,,2025-12-05T13:23:08Z,2008,2008-01-01,2008-12-31
3253659,GHED_GGHE-D_pc_US_SHA2011,GLOBAL,GLOBAL,,,YEAR,2000,,,,,,,,,295.84,295.83527033,,,,2025-12-05T13:23:08Z,2000,2000-01-01,2000-12-31
3254618,GHED_GGHE-D_pc_US_SHA2011,COUNTRY,KNA,AMR,Americas,YEAR,2017,,,,,,,,,493.52,493.52388005,,,,2025-12-05T13:23:08Z,2017,2017-01-01,2017-12-31
3254967,GHED_GGHE-D_pc_US_SHA2011,COUNTRY,VNM,WPR,Western Pacific,YEAR,2003,,,,,,,,,10.03,10.03174284,,,,2025-12-05T13:23:08Z,2003,2003-01-01,2003-12-31
3262357,GHED_GGHE-D_pc_US_SHA2011,COUNTRY,VCT,AMR,Americas,YEAR,2017,,,,,,,,,215.00,215.00042907,,,,2025-12-05T13:23:08Z,2017,2017-01-01,2017-12-31
3262546,GHED_GGHE-D_pc_US_SHA2011,COUNTRY,GNB,AFR,Africa,YEAR,2012,,,,,,,,,3.21,3.20556723,,,,2025-12-05T13:23:08Z,2012,2012-01-01,2012-12-31
3263451,GHED_GGHE-D_pc_US_SHA2011,COUNTRY,SGP,WPR,Western Pacific,YEAR,2003,,,,,,,,,315.55,315.54661174,,,,2025-12-05T13:23:08Z,2003,2003-01-01,2003-12-31
3264820,GHED_GGHE-D_pc_US_SHA2011,COUNTRY,MNG,WPR,Western Pacific,YEAR,2012,,,,,,,,,103.12,103.12379174,,,,2025-12-05T13:23:08Z,2012,2012-01-01,2012-12-31
3266090,GHED_GGHE-D_pc_US_SHA2011,COUNTRY,COM,AFR,Africa,YEAR,2000,,,,,,,,,5.65,5.64738343,,,,2025-12-05T13:23:08Z,2000,2000-01-01,2000-12-31
3272154,GHED_GGHE-D_pc_US_SHA2011,COUNTRY,KAZ,EUR,Europe,YEAR,2019,,,,,,,,,158.01,158.00516307,,,,2025-12-05T13:23:08Z,2019,2019-01-01,2019-12-31
3280247,GHED_GGHE-D_pc_US_SHA2011,WORLDBANKINCOMEGROUP,WB_LMI,,,YEAR,2010,,,,,,,,,44.76,44.76172041,,,,2025-12-05T13:23:08Z,2010,2010-01-01,2010-12-31
3280439,GHED_GGHE-D_pc_US_SHA2011,COUNTRY,GRD,AMR,Americas,YEAR,2008,,,,,,,,,146.19,146.1929062,,,,2025-12-05T13:23:08Z,2008,2008-01-01,2008-12-31
3285183,GHED_GGHE-D_pc_US_SHA2011,COUNTRY,PRT,EUR,Europe,YEAR,2003,,,,,,,,,1019.10,1019.10207865,,,,2025-12-05T13:23:08Z,2003,2003-01-01,2003-12-31
3286710,GHED_GGHE-D_pc_US_SHA2011,COUNTRY,BHR,EMR,Eastern Mediterranean,YEAR,2010,,,,,,,,,565.07,565.07181689,,,,2025-12-05T13:23:08Z,2010,2010-01-01,2010-12-31
3286728,GHED_GGHE-D_pc_US_SHA2011,COUNTRY,WSM,WPR,Western Pacific,YEAR,2001,,,,,,,,,45.84,45.83565153,,,,2025-12-05T13:23:08Z,2001,2001-01-01,2001-12-31
3287541,GHED_GGHE-D_pc_US_SHA2011,COUNTRY,FIN,EUR,Europe,YEAR,2016,,,,,,,,,3197.97,3197.96978459,,,,2025-12-05T13:23:08Z,2016,2016-01-01,2016-12-31
3291026,GHED_GGHE-D_pc_US_SHA2011,COUNTRY,SLB,WPR,Western Pacific,YEAR,2009,,,,,,,,,44.10,44.10090521,,,,2025-12-05T13:23:08Z,2009,2009-01-01,2009-12-31
3291077,GHED_GGHE-D_pc_US_SHA2011,COUNTRY,SLV,AMR,Americas,YEAR,2023,,,,,,,,,303.15,303.14621927,,,,2025-12-05T13:23:08Z,2023,2023-01-01,2023-12-31
3291604,GHED_GGHE-D_pc_US_SHA2011,COUNTRY,CZE,EUR,Europe,YEAR,2011,,,,,,,,,1393.72,1393.71739579,,,,2025-12-05T13:23:08Z,2011,2011-01-01,2011-12-31
3293162,GHED_GGHE-D_pc_US_SHA2011,COUNTRY,BLR,EUR,Europe,YEAR,2019,,,,,,,,,281.61,281.60586919,,,,2025-12-05T13:23:08Z,2019,2019-01-01,2019-12-31
3293415,GHED_GGHE-D_pc_US_SHA2011,COUNTRY,TTO,AMR,Americas,YEAR,2007,,,,,,,,,308.19,308.19376046,,,,2025-12-05T13:23:08Z,2007,2007-01-01,2007-12-31
3299945,GHED_GGHE-D_pc_US_SHA2011,COUNTRY,BOL,AMR,Americas,YEAR,2015,,,,,,,,,129.02,129.02166391,,,,2025-12-05T13:23:08Z,2015,2015-01-01,2015-12-31
3306080,GHED_GGHE-D_pc_US_SHA2011,COUNTRY,LVA,EUR,Europe,YEAR,2017,,,,,,,,,533.07,533.06926915,,,,2025-12-05T13:23:08Z,2017,2017-01-01,2017-12-31
3307368,GHED_GGHE-D_pc_US_SHA2011,COUNTRY,NAM,AFR,Africa,YEAR,2010,,,,,,,,,260.78,260.77550284,,,,2025-12-05T13:23:08Z,2010,2010-01-01,2010-12-31
3311353,GHED_GGHE-D_pc_US_SHA2011,COUNTRY,FJI,WPR,Western Pacific,YEAR,2004,,,,,,,,,74.93,74.9305852,,,,2025-12-05T13:23:08Z,2004,2004-01-01,2004-12-31
3314521,GHED_GGHE-D_pc_US_SHA2011,COUNTRY,SRB,EUR,Europe,YEAR,2003,,,,,,,,,160.74,160.73910565,,,,2025-12-05T13:23:08Z,2003,2003-01-01,2003-12-31
3315117,GHED_GGHE-D_pc_US_SHA2011,COUNTRY,FJI,WPR,Western Pacific,YEAR,2008,,,,,,,,,93.40,93.39959363,,,,2025-12-05T13:23:08Z,2008,2008-01-01,2008-12-31
3315728,GHED_GGHE-D_pc_US_SHA2011,COUNTRY,SLV,AMR,Americas,YEAR,2016,,,,,,,,,189.11,189.1088269,,,,2025-12-05T13:23:08Z,2016,2016-01-01,2016-12-31
3316590,GHED_GGHE-D_pc_US_SHA2011,COUNTRY,ERI,AFR,Africa,YEAR,2005,,,,,,,,,2.72,2.72473052,,,,2025-12-05T13:23:08Z,2005,2005-01-01,2005-12-31
3317672,GHED_GGHE-D_pc_US_SHA2011,COUNTRY,BIH,EUR,Europe,YEAR,2008,,,,,,,,,255.76,255.75557203,,,,2025-12-05T13:23:08Z,2008,2008-01-01,2008-12-31
3318015,GHED_GGHE-D_pc_US_SHA2011,WORLDBANKINCOMEGROUP,WB_UMI,,,YEAR,2009,,,,,,,,,173.87,173.86952196,,,,2025-12-05T13:23:08Z,2009,2009-01-01,2009-12-31
3322096,GHED_GGHE-D_pc_US_SHA2011,COUNTRY,GHA,AFR,Africa,YEAR,2015,,,,,,,,,27.44,27.44006111,,,,2025-12-05T13:23:08Z,2015,2015-01-01,2015-12-31
3324636,GHED_GGHE-D_pc_US_SHA2011,COUNTRY,NZL,WPR,Western Pacific,YEAR,2019,,,,,,,,,2655.28,2655.28362995,,,,2025-12-05T13:23:08Z,2019,2019-01-01,2019-12-31
3326335,GHED_GGHE-D_pc_US_SHA2011,COUNTRY,AUT,EUR,Europe,YEAR,2008,,,,,,,,,3739.90,3739.8988765,,,,2025-12-05T13:23:08Z,2008,2008-01-01,2008-12-31
3326369,GHED_GGHE-D_pc_US_SHA2011,COUNTRY,MOZ,AFR,Africa,YEAR,2013,,,,,,,,,10.29,10.2891688,,,,2025-12-05T13:23:08Z,2013,2013-01-01,2013-12-31
3327757,GHED_GGHE-D_pc_US_SHA2011,COUNTRY,BLR,EUR,Europe,YEAR,2022,,,,,,,,,357.37,357.37170139,,,,2025-12-05T13:23:08Z,2022,2022-01-01,2022-12-31
3331146,GHED_GGHE-D_pc_US_SHA2011,COUNTRY,JOR,EMR,Eastern Mediterranean,YEAR,2016,,,,,,,,,127.32,127.31976343,,,,2025-12-05T13:23:08Z,2016,2016-01-01,2016-12-31
3332328,GHED_GGHE-D_pc_US_SHA2011,REGION,AFR,,,YEAR,2017,,,,,,,,,60.34,60.34162897,,,,2025-12-05T13:23:08Z,2017,2017-01-01,2017-12-31
3340511,GHED_GGHE-D_pc_US_SHA2011,COUNTRY,BRA,AMR,Americas,YEAR,2014,,,,,,,,,454.04,454.03524589,,,,2025-12-05T13:23:08Z,2014,2014-01-01,2014-12-31
3342987,GHED_GGHE-D_pc_US_SHA2011,COUNTRY,COK,WPR,Western Pacific,YEAR,2020,,,,,,,,,997.33,997.32574934,,,,2025-12-05T13:23:08Z,2020,2020-01-01,2020-12-31
3343847,GHED_GGHE-D_pc_US_SHA2011,COUNTRY,DOM,AMR,Americas,YEAR,2015,,,,,,,,,161.49,161.49429229,,,,2025-12-05T13:23:08Z,2015,2015-01-01,2015-12-31
3346887,GHED_GGHE-D_pc_US_SHA2011,COUNTRY,SLB,WPR,Western Pacific,YEAR,2008,,,,,,,,,43.37,43.36584695,,,,2025-12-05T13:23:08Z,2008,2008-01-01,2008-12-31
3347339,GHED_GGHE-D_pc_US_SHA2011,COUNTRY,QAT,EMR,Eastern Mediterranean,YEAR,2008,,,,,,,,,965.37,965.37072043,,,,2025-12-05T13:23:08Z,2008,2008-01-01,2008-12-31
3348930,GHED_GGHE-D_pc_US_SHA2011,COUNTRY,PHL,WPR,Western Pacific,YEAR,2003,,,,,,,,,11.45,11.4456153,,,,2025-12-05T13:23:08Z,2003,2003-01-01,2003-12-31
3350323,GHED_GGHE-D_pc_US_SHA2011,COUNTRY,GRD,AMR,Americas,YEAR,2020,,,,,,,,,205.19,205.19057802,,,,2025-12-05T13:23:08Z,2020,2020-01-01,2020-12-31
3354955,GHED_GGHE-D_pc_US_SHA2011,COUNTRY,SWE,EUR,Europe,YEAR,2010,,,,,,,,,3616.17,3616.16862178,,,,2025-12-05T13:23:08Z,2010,2010-01-01,2010-12-31
3355309,GHED_GGHE-D_pc_US_SHA2011,COUNTRY,UZB,EUR,Europe,YEAR,2015,,,,,,,,,66.01,66.01123728,,,,2025-12-05T13:23:08Z,2015,2015-01-01,2015-12-31
3355857,GHED_GGHE-D_pc_US_SHA2011,COUNTRY,GBR,EUR,Europe,YEAR,2023,,,,,,,,,4421.49,4421.48742582,,,,2025-12-05T13:23:08Z,2023,2023-01-01,2023-12-31
3363865,GHED_GGHE-D_pc_US_SHA2011,GLOBAL,GLOBAL,,,YEAR,2014,,,,,,,,,795.85,795.85028548,,,,2026-01-12T13:50:53Z,2014,2014-01-01,2014-12-31
3365264,GHED_GGHE-D_pc_US_SHA2011,COUNTRY,COK,WPR,Western Pacific,YEAR,2004,,,,,,,,,355.34,355.3382686,,,,2025-12-05T13:23:08Z,2004,2004-01-01,2004-12-31
3365483,GHED_GGHE-D_pc_US_SHA2011,COUNTRY,PHL,WPR,Western Pacific,YEAR,2016,,,,,,,,,43.99,43.99384575,,,,2025-12-05T13:23:08Z,2016,2016-01-01,2016-12-31
3365559,GHED_GGHE-D_pc_US_SHA2011,COUNTRY,BWA,AFR,Africa,YEAR,2021,,,,,,,,,376.99,376.98816882,,,,2025-12-05T13:23:08Z,2021,2021-01-01,2021-12-31
3365853,GHED_GGHE-D_pc_US_SHA2011,COUNTRY,DZA,AFR,Africa,YEAR,2009,,,,,,,,,146.87,146.87305666,,,,2025-12-05T13:23:08Z,2009,2009-01-01,2009-12-31
3368821,GHED_GGHE-D_pc_US_SHA2011,COUNTRY,SVN,EUR,Europe,YEAR,2015,,,,,,,,,1267.16,1267.15566429,,,,2025-12-05T13:23:08Z,2015,2015-01-01,2015-12-31
3369576,GHED_GGHE-D_pc_US_SHA2011,COUNTRY,NRU,WPR,Western Pacific,YEAR,2013,,,,,,,,,451.89,451.89207132,,,,2025-12-05T13:23:08Z,2013,2013-01-01,2013-12-31
3371147,GHED_GGHE-D_pc_US_SHA2011,COUNTRY,OMN,EMR,Eastern Mediterranean,YEAR,2019,,,,,,,,,639.18,639.17703908,,,,2025-12-05T13:23:08Z,2019,2019-01-01,2019-12-31
3371178,GHED_GGHE-D_pc_US_SHA2011,COUNTRY,ZAF,AFR,Africa,YEAR,2014,,,,,,,,,299.66,299.65550085,,,,2025-12-05T13:23:08Z,2014,2014-01-01,2014-12-31
3375543,GHED_GGHE-D_pc_US_SHA2011,COUNTRY,DNK,EUR,Europe,YEAR,2021,,,,,,,,,6278.87,6278.87289774,,,,2025-12-05T13:23:08Z,2021,2021-01-01,2021-12-31
3376758,GHED_GGHE-D_pc_US_SHA2011,COUNTRY,ARE,EMR,Eastern Mediterranean,YEAR,2015,,,,,,,,,1054.16,1054.15757799,,,,2025-12-05T13:23:08Z,2015,2015-01-01,2015-12-31
3378144,GHED_GGHE-D_pc_US_SHA2011,COUNTRY,KWT,EMR,Eastern Mediterranean,YEAR,2016,,,,,,,,,1102.90,1102.89951181,,,,2025-12-05T13:23:08Z,2016,2016-01-01,2016-12-31
3378370,GHED_GGHE-D_pc_US_SHA2011,COUNTRY,LBR,AFR,Africa,YEAR,2002,,,,,,,,,1.72,1.71858566,,,,2025-12-05T13:23:08Z,2002,2002-01-01,2002-12-31
3378757,GHED_GGHE-D_pc_US_SHA2011,WORLDBANKINCOMEGROUP,WB_LI,,,YEAR,2019,,,,,,,,,7.60,7.59729626,,,,2025-12-05T13:23:08Z,2019,2019-01-01,2019-12-31
3379823,GHED_GGHE-D_pc_US_SHA2011,COUNTRY,KGZ,EUR,Europe,YEAR,2006,,,,,,,,,22.60,22.59721466,,,,2025-12-05T13:23:08Z,2006,2006-01-01,2006-12-31
3381529,GHED_GGHE-D_pc_US_SHA2011,COUNTRY,SWZ,AFR,Africa,YEAR,2005,,,,,,,,,107.23,107.23089295,,,,2025-12-05T13:23:08Z,2005,2005-01-01,2005-12-31
3383121,GHED_GGHE-D_pc_US_SHA2011,COUNTRY,MYS,WPR,Western Pacific,YEAR,2023,,,,,,,,,225.30,225.29869968,,,,2025-12-05T13:23:08Z,2023,2023-01-01,2023-12-31
3385339,GHED_GGHE-D_pc_US_SHA2011,COUNTRY,UZB,EUR,Europe,YEAR,2014,,,,,,,,,61.83,61.83058248,,,,2025-12-05T13:23:08Z,2014,2014-01-01,2014-12-31
3390284,GHED_GGHE-D_pc_US_SHA2011,COUNTRY,TUV,WPR,Western Pacific,YEAR,2005,,,,,,,,,222.32,222.32001541,,,,2025-12-05T13:23:08Z,2005,2005-01-01,2005-12-31
3390711,GHED_GGHE-D_pc_US_SHA2011,COUNTRY,FRA,EUR,Europe,YEAR,2020,,,,,,,,,3632.97,3632.97014242,,,,2025-12-05T13:23:08Z,2020,2020-01-01,2020-12-31
3392041,GHED_GGHE-D_pc_US_SHA2011,COUNTRY,BGR,EUR,Europe,YEAR,2014,,,,,,,,,358.84,358.84463572,,,,2025-12-05T13:23:08Z,2014,2014-01-01,2014-12-31
3394196,GHED_GGHE-D_pc_US_SHA2011,COUNTRY,WSM,WPR,Western Pacific,YEAR,2010,,,,,,,,,139.85,139.84727214,,,,2025-12-05T13:23:08Z,2010,2010-01-01,2010-12-31
3396370,GHED_GGHE-D_pc_US_SHA2011,COUNTRY,RWA,AFR,Africa,YEAR,2009,,,,,,,,,10.61,10.6109672,,,,2025-12-05T13:23:08Z,2009,2009-01-01,2009-12-31
3398745,GHED_GGHE-D_pc_US_SHA2011,COUNTRY,COM,AFR,Africa,YEAR,2006,,,,,,,,,7.35,7.34747621,,,,2025-12-05T13:23:08Z,2006,2006-01-01,2006-12-31
3398941,GHED_GGHE-D_pc_US_SHA2011,COUNTRY,SYC,AFR,Africa,YEAR,2003,,,,,,,,,336.14,336.13733234,,,,2025-12-05T13:23:08Z,2003,2003-01-01,2003-12-31
3400928,GHED_GGHE-D_pc_US_SHA2011,COUNTRY,RUS,EUR,Europe,YEAR,2004,,,,,,,,,122.01,122.00802236,,,,2025-12-05T13:23:08Z,2004,2004-01-01,2004-12-31
3404575,GHED_GGHE-D_pc_US_SHA2011,COUNTRY,VCT,AMR,Americas,YEAR,2022,,,,,,,,,302.88,302.87637166,,,,2025-12-05T13:23:08Z,2022,2022-01-01,2022-12-31
3405749,GHED_GGHE-D_pc_US_SHA2011,COUNTRY,GUY,AMR,Americas,YEAR,2011,,,,,,,,,90.42,90.42254368,,,,2025-12-05T13:23:08Z,2011,2011-01-01,2011-12-31
3408720,GHED_GGHE-D_pc_US_SHA2011,COUNTRY,SYR,EMR,Eastern Mediterranean,YEAR,2011,,,,,,,,,33.62,33.61736511,,,,2025-12-05T13:23:08Z,2011,2011-01-01,2011-12-31
3412327,GHED_GGHE-D_pc_US_SHA2011,REGION,EUR,,,YEAR,2001,,,,,,,,,726.17,726.1721994,,,,2025-12-05T13:23:08Z,2001,2001-01-01,2001-12-31
3412344,GHED_GGHE-D_pc_US_SHA2011,COUNTRY,MHL,WPR,Western Pacific,YEAR,2023,,,,,,,,,671.07,671.06807196,,,,2025-12-05T13:23:08Z,2023,2023-01-01,2023-12-31
3413176,GHED_GGHE-D_pc_US_SHA2011,COUNTRY,LSO,AFR,Africa,YEAR,2012,,,,,,,,,70.63,70.63144877,,,,2025-12-05T13:23:08Z,2012,2012-01-01,2012-12-31
3417655,GHED_GGHE-D_pc_US_SHA2011,COUNTRY,TLS,SEAR,South-East Asia,YEAR,2006,,,,,,,,,11.14,11.14116263,,,,2025-12-05T13:23:08Z,2006,2006-01-01,2006-12-31
3418878,GHED_GGHE-D_pc_US_SHA2011,COUNTRY,SDN,EMR,Eastern Mediterranean,YEAR,2017,,,,,,,,,12.21,12.21247329,,,,2025-12-05T13:23:08Z,2017,2017-01-01,2017-12-31
3421961,GHED_GGHE-D_pc_US_SHA2011,COUNTRY,SEN,AFR,Africa,YEAR,2012,,,,,,,,,16.18,16.17716765,,,,2025-12-05T13:23:08Z,2012,2012-01-01,2012-12-31
3424962,GHED_GGHE-D_pc_US_SHA2011,COUNTRY,SMR,EUR,Europe,YEAR,2000,,,,,,,,,1618.99,1618.9865817,,,,2025-12-05T13:23:08Z,2000,2000-01-01,2000-12-31
3425778,GHED_GGHE-D_pc_US_SHA2011,COUNTRY,ITA,EUR,Europe,YEAR,2005,,,,,,,,,2068.73,2068.7343723,,,,2025-12-05T13:23:08Z,2005,2005-01-01,2005-12-31
3428121,GHED_GGHE-D_pc_US_SHA2011,REGION,AFR,,,YEAR,2015,,,,,,,,,54.61,54.60680234,,,,2025-12-05T13:23:08Z,2015,2015-01-01,2015-12-31
3430189,GHED_GGHE-D_pc_US_SHA2011,COUNTRY,KHM,WPR,Western Pacific,YEAR,2001,,,,,,,,,3.74,3.73665852,,,,2025-12-05T13:23:08Z,2001,2001-01-01,2001-12-31
3432308,GHED_GGHE-D_pc_US_SHA2011,COUNTRY,VCT,AMR,Americas,YEAR,2019,,,,,,,,,250.85,250.85019319,,,,2025-12-05T13:23:08Z,2019,2019-01-01,2019-12-31
3433082,GHED_GGHE-D_pc_US_SHA2011,COUNTRY,GNB,AFR,Africa,YEAR,2023,,,,,,,,,8.74,8.73638892,,,,2025-12-05T13:23:08Z,2023,2023-01-01,2023-12-31
3435438,GHED_GGHE-D_pc_US_SHA2011,COUNTRY,KOR,WPR,Western Pacific,YEAR,2009,,,,,,,,,633.02,633.01982139,,,,2025-12-05T13:23:08Z,2009,2009-01-01,2009-12-31
3436984,GHED_GGHE-D_pc_US_SHA2011,COUNTRY,ROU,EUR,Europe,YEAR,2017,,,,,,,,,436.24,436.24340617,,,,2025-12-05T13:23:08Z,2017,2017-01-01,2017-12-31
3437402,GHED_GGHE-D_pc_US_SHA2011,WORLDBANKINCOMEGROUP,WB_UMI,,,YEAR,2005,,,,,,,,,105.11,105.10500377,,,,2025-12-05T13:23:08Z,2005,2005-01-01,2005-12-31
3438791,GHED_GGHE-D_pc_US_SHA2011,COUNTRY,IND,SEAR,South-East Asia,YEAR,2023,,,,,,,,,33.05,33.04847848,,,,2025-12-05T13:23:08Z,2023,2023-01-01,2023-12-31
3447192,GHED_GGHE-D_pc_US_SHA2011,COUNTRY,DMA,AMR,Americas,YEAR,2009,,,,,,,,,189.88,189.87974069,,,,2025-12-05T13:23:08Z,2009,2009-01-01,2009-12-31
3447982,GHED_GGHE-D_pc_US_SHA2011,COUNTRY,PHL,WPR,Western Pacific,YEAR,2018,,,,,,,,,48.68,48.67870806,,,,2025-12-05T13:23:08Z,2018,2018-01-01,2018-12-31
3450033,GHED_GGHE-D_pc_US_SHA2011,COUNTRY,CHE,EUR,Europe,YEAR,2012,,,,,,,,,3047.74,3047.74201432,,,,2025-12-05T13:23:08Z,2012,2012-01-01,2012-12-31
3451902,GHED_GGHE-D_pc_US_SHA2011,COUNTRY,COK,WPR,Western Pacific,YEAR,2003,,,,,,,,,302.18,302.18235014,,,,2025-12-05T13:23:08Z,2003,2003-01-01,2003-12-31
3452166,GHED_GGHE-D_pc_US_SHA2011,COUNTRY,ESP,EUR,Europe,YEAR,2014,,,,,,,,,1883.93,1883.92522929,,,,2025-12-05T13:23:08Z,2014,2014-01-01,2014-12-31
3453201,GHED_GGHE-D_pc_US_SHA2011,COUNTRY,SYR,EMR,Eastern Mediterranean,YEAR,2002,,,,,,,,,28.39,28.38830533,,,,2025-12-05T13:23:08Z,2002,2002-01-01,2002-12-31
3454455,GHED_GGHE-D_pc_US_SHA2011,COUNTRY,NRU,WPR,Western Pacific,YEAR,2009,,,,,,,,,295.32,295.31606852,,,,2025-12-05T13:23:08Z,2009,2009-01-01,2009-12-31
3455862,GHED_GGHE-D_pc_US_SHA2011,COUNTRY,EGY,EMR,Eastern Mediterranean,YEAR,2023,,,,,,,,,45.60,45.60467351,,,,2025-12-05T13:23:08Z,2023,2023-01-01,2023-12-31
3459126,GHED_GGHE-D_pc_US_SHA2011,COUNTRY,LSO,AFR,Africa,YEAR,2010,,,,,,,,,46.18,46.17748578,,,,2025-12-05T13:23:08Z,2010,2010-01-01,2010-12-31
3459188,GHED_GGHE-D_pc_US_SHA2011,COUNTRY,LUX,EUR,Europe,YEAR,2009,,,,,,,,,6651.78,6651.78037262,,,,2025-12-05T13:23:08Z,2009,2009-01-01,2009-12-31
3461234,GHED_GGHE-D_pc_US_SHA2011,COUNTRY,HUN,EUR,Europe,YEAR,2020,,,,,,,,,833.38,833.37577186,,,,2025-12-05T13:23:08Z,2020,2020-01-01,2020-12-31
3465134,GHED_GGHE-D_pc_US_SHA2011,COUNTRY,MWI,AFR,Africa,YEAR,2015,,,,,,,,,10.02,10.0197614,,,,2025-12-05T13:23:08Z,2015,2015-01-01,2015-12-31
3466001,GHED_GGHE-D_pc_US_SHA2011,COUNTRY,FSM,WPR,Western Pacific,YEAR,2007,,,,,,,,,23.61,23.61021637,,,,2025-12-05T13:23:08Z,2007,2007-01-01,2007-12-31
3471099,GHED_GGHE-D_pc_US_SHA2011,GLOBAL,GLOBAL,,,YEAR,2011,,,,,,,,,745.76,745.75889961,,,,2025-12-05T13:23:08Z,2011,2011-01-01,2011-12-31
3472605,GHED_GGHE-D_pc_US_SHA2011,COUNTRY,PHL,WPR,Western Pacific,YEAR,2017,,,,,,,,,45.05,45.04678679,,,,2025-12-05T13:23:08Z,2017,2017-01-01,2017-12-31
3472937,GHED_GGHE-D_pc_US_SHA2011,COUNTRY,AFG,EMR,Eastern Mediterranean,YEAR,2018,,,,,,,,,2.77,2.76909213,,,,2025-12-05T13:23:08Z,2018,2018-01-01,2018-12-31
1949,GHED_GGHE-D_pc_US_SHA2011,COUNTRY,NIC,AMR,Americas,YEAR,2017,,,,,,,,,106.01,106.01365569,,,,2025-12-05T13:23:08Z,2017,2017-01-01,2017-12-31
8802,GHED_GGHE-D_pc_US_SHA2011,COUNTRY,ATG,AMR,Americas,YEAR,2014,,,,,,,,,489.11,489.10708112,,,,2025-12-05T13:23:08Z,2014,2014-01-01,2014-12-31
11465,GHED_GGHE-D_pc_US_SHA2011,REGION,AFR,,,YEAR,2012,,,,,,,,,60.78,60.78363634,,,,2025-12-05T13:23:08Z,2012,2012-01-01,2012-12-31
12944,GHED_GGHE-D_pc_US_SHA2011,COUNTRY,PSE,EMR,Eastern Mediterranean,YEAR,2014,,,,,,,,,99.85,99.85356265,,,,2025-12-05T13:23:08Z,2014,2014-01-01,2014-12-31
13579,GHED_GGHE-D_pc_US_SHA2011,COUNTRY,MDA,EUR,Europe,YEAR,2011,,,,,,,,,100.33,100.32626759,,,,2025-12-05T13:23:08Z,2011,2011-01-01,2011-12-31
13744,GHED_GGHE-D_pc_US_SHA2011,COUNTRY,GUY,AMR,Americas,YEAR,2021,,,,,,,,,315.10,315.10057225,,,,2025-12-05T13:23:08Z,2021,2021-01-01,2021-12-31
15440,GHED_GGHE-D_pc_US_SHA2011,COUNTRY,HRV,EUR,Europe,YEAR,2003,,,,,,,,,416.41,416.40847939,,,,2025-12-05T13:23:08Z,2003,2003-01-01,2003-12-31
16038,GHED_GGHE-D_pc_US_SHA2011,COUNTRY,HUN,EUR,Europe,YEAR,2021,,,,,,,,,1006.01,1006.00740334,,,,2025-12-05T13:23:08Z,2021,2021-01-01,2021-12-31
17336,GHED_GGHE-D_pc_US_SHA2011,COUNTRY,MEX,AMR,Americas,YEAR,2006,,,,,,,,,220.26,220.25913968,,,,2025-12-05T13:23:08Z,2006,2006-01-01,2006-12-31
19147,GHED_GGHE-D_pc_US_SHA2011,COUNTRY,DZA,AFR,Africa,YEAR,2020,,,,,,,,,123.98,123.98084324,,,,2025-12-05T13:23:08Z,2020,2020-01-01,2020-12-31
22938,GHED_GGHE-D_pc_US_SHA2011,COUNTRY,BEN,AFR,Africa,YEAR,2003,,,,,,,,,7.11,7.11383451,,,,2025-12-05T13:23:08Z,2003,2003-01-01,2003-12-31
23940,GHED_GGHE-D_pc_US_SHA2011,COUNTRY,SGP,WPR,Western Pacific,YEAR,2019,,,,,,,,,1515.89,1515.88985009,,,,2025-12-05T13:23:08Z,2019,2019-01-01,2019-12-31
29915,GHED_GGHE-D_pc_US_SHA2011,COUNTRY,DEU,EUR,Europe,YEAR,2020,,,,,,,,,4677.62,4677.61554533,,,,2025-12-05T13:23:08Z,2020,2020-01-01,2020-12-31
31798,GHED_GGHE-D_pc_US_SHA2011,COUNTRY,JOR,EMR,Eastern Mediterranean,YEAR,2014,,,,,,,,,194.81,194.80578396,,,,2025-12-05T13:23:08Z,2014,2014-01-01,2014-12-31
35894,GHED_GGHE-D_pc_US_SHA2011,COUNTRY,DNK,EUR,Europe,YEAR,2010,,,,,,,,,5188.02,5188.02012583,,,,2025-12-05T13:23:08Z,2010,2010-01-01,2010-12-31
36150,GHED_GGHE-D_pc_US_SHA2011,COUNTRY,SOM,EMR,Eastern Mediterranean,YEAR,2015,,,,,,,,,0.48,0.47546042,,,,2025-12-05T13:23:08Z,2015,2015-01-01,2015-12-31
36400,GHED_GGHE-D_pc_US_SHA2011,COUNTRY,ZAF,AFR,Africa,YEAR,2015,,,,,,,,,280.76,280.75873444,,,,2025-12-05T13:23:08Z,2015,2015-01-01,2015-12-31
40878,GHED_GGHE-D_pc_US_SHA2011,COUNTRY,DOM,AMR,Americas,YEAR,2010,,,,,,,,,138.01,138.01483421,,,,2025-12-05T13:23:08Z,2010,2010-01-01,2010-12-31
45440,GHED_GGHE-D_pc_US_SHA2011,COUNTRY,SLV,AMR,Americas,YEAR,2003,,,,,,,,,85.87,85.86750093,,,,2025-12-05T13:23:08Z,2003,2003-01-01,2003-12-31
49453,GHED_GGHE-D_pc_US_SHA2011,COUNTRY,JAM,AMR,Americas,YEAR,2013,,,,,,,,,152.30,152.3018721,,,,2025-12-05T13:23:08Z,2013,2013-01-01,2013-12-31
51539,GHED_GGHE-D_pc_US_SHA2011,COUNTRY,SGP,WPR,Western Pacific,YEAR,2023,,,,,,,,,2292.59,2292.59106053,,,,2025-12-05T13:23:08Z,2023,2023-01-01,2023-12-31
52113,GHED_GGHE-D_pc_US_SHA2011,COUNTRY,PRY,AMR,Americas,YEAR,2009,,,,,,,,,83.64,83.63687892,,,,2025-12-05T13:23:08Z,2009,2009-01-01,2009-12-31
52698,GHED_GGHE-D_pc_US_SHA2011,COUNTRY,GEO,EUR,Europe,YEAR,2020,,,,,,,,,154.45,154.44764166,,,,2025-12-05T13:23:08Z,2020,2020-01-01,2020-12-31
53019,GHED_GGHE-D_pc_US_SHA2011,COUNTRY,NOR,EUR,Europe,YEAR,2003,,,,,,,,,3852.76,3852.75865153,,,,2025-12-05T13:23:08Z,2003,2003-01-01,2003-12-31
53284,GHED_GGHE-D_pc_US_SHA2011,COUNTRY,RUS,EUR,Europe,YEAR,2006,,,,,,,,,216.57,216.57282346,,,,2025-12-05T13:23:08Z,2006,2006-01-01,2006-12-31
55278,GHED_GGHE-D_pc_US_SHA2011,COUNTRY,MOZ,AFR,Africa,YEAR,2005,,,,,,,,,6.23,6.22884759,,,,2025-12-05T13:23:08Z,2005,2005-01-01,2005-12-31
56770,GHED_GGHE-D_pc_US_SHA2011,COUNTRY,AZE,EUR,Europe,YEAR,2017,,,,,,,,,41.18,41.17815586,,,,2025-12-05T13:23:08Z,2017,2017-01-01,2017-12-31
56923,GHED_GGHE-D_pc_US_SHA2011,COUNTRY,DZA,AFR,Africa,YEAR,2003,,,,,,,,,58.25,58.25024877,,,,2025-12-05T13:23:08Z,2003,2003-01-01,2003-12-31
57543,GHED_GGHE-D_pc_US_SHA2011,COUNTRY,ITA,EUR,Europe,YEAR,2002,,,,,,,,,1321.04,1321.03950763,,,,2025-12-05T13:23:08Z,2002,2002-01-01,2002-12-31
59253,GHED_GGHE-D_pc_US_SHA2011,COUNTRY,NOR,EUR,Europe,YEAR,2019,,,,,,,,,6863.65,6863.65317491,,,,2025-12-05T13:23:08Z,2019,2019-01-01,2019-12-31
60649,GHED_GGHE-D_pc_US_SHA2011,COUNTRY,MHL,WPR,Western Pacific,YEAR,2014,,,,,,,,,188.17,188.17073902,,,,2025-12-05T13:23:08Z,2014,2014-01-01,2014-12-31
65895,GHED_GGHE-D_pc_US_SHA2011,COUNTRY,DZA,AFR,Africa,YEAR,2002,,,,,,,,,50.20,50.197046,,,,2025-12-05T13:23:08Z,2002,2002-01-01,2002-12-31
66356,GHED_GGHE-D_pc_US_SHA2011,COUNTRY,POL,EUR,Europe,YEAR,2007,,,,,,,,,460.57,460.57297701,,,,2025-12-05T13:23:08Z,2007,2007-01-01,2007-12-31
69642,GHED_GGHE-D_pc_US_SHA2011,COUNTRY,PNG,WPR,Western Pacific,YEAR,2015,,,,,,,,,34.23,34.23322526,,,,2025-12-05T13:23:08Z,2015,2015-01-01,2015-12-31
72141,GHED_GGHE-D_pc_US_SHA2011,COUNTRY,COG,AFR,Africa,YEAR,2000,,,,,,,,,5.93,5.93380231,,,,2025-12-05T13:23:08Z,2000,2000-01-01,2000-12-31
76977,GHED_GGHE-D_pc_US_SHA2011,COUNTRY,NOR,EUR,Europe,YEAR,2013,,,,,,,,,7857.19,7857.19468131,,,,2025-12-05T13:23:08Z,2013,2013-01-01,2013-12-31
77677,GHED_GGHE-D_pc_US_SHA2011,COUNTRY,SLE,AFR,Africa,YEAR,2013,,,,,,,,,5.91,5.90829347,,,,2025-12-05T13:23:08Z,2013,2013-01-01,2013-12-31
81435,GHED_GGHE-D_pc_US_SHA2011,COUNTRY,BEL,EUR,Europe,YEAR,2007,,,,,,,,,3013.79,3013.78913021,,,,2025-12-05T13:23:08Z,2007,2007-01-01,2007-12-31
82269,GHED_GGHE-D_pc_US_SHA2011,COUNTRY,BHS,AMR,Americas,YEAR,2005,,,,,,,,,454.10,454.09864281,,,,2025-12-05T13:23:08Z,2005,2005-01-01,2005-12-31
84234,GHED_GGHE-D_pc_US_SHA2011,COUNTRY,IRL,EUR,Europe,YEAR,2002,,,,,,,,,1738.09,1738.0890492,,,,2025-12-05T13:23:08Z,2002,2002-01-01,2002-12-31
88296,GHED_GGHE-D_pc_US_SHA2011,COUNTRY,JAM,AMR,Americas,YEAR,2002,,,,,,,,,101.63,101.63169277,,,,2025-12-05T13:23:08Z,2002,2002-01-01,2002-12-31
94778,GHED_GGHE-D_pc_US_SHA2011,COUNTRY,QAT,EMR,Eastern Mediterranean,YEAR,2013,,,,,,,,,1708.54,1708.5442746,,,,2025-12-05T13:23:08Z,2013,2013-01-01,2013-12-31
97085,GHED_GGHE-D_pc_US_SHA2011,COUNTRY,CMR,AFR,Africa,YEAR,2023,,,,,,,,,11.62,11.62274284,,,,2025-12-05T13:23:08Z,2023,2023-01-01,2023-12-31
101677,GHED_GGHE-D_pc_US_SHA2011,WORLDBANKINCOMEGROUP,WB_LMI,,,YEAR,2002,,,,,,,,,20.80,20.79533684,,,,2025-12-05T13:23:08Z,2002,2002-01-01,2002-12-31
102157,GHED_GGHE-D_pc_US_SHA2011,COUNTRY,BIH,EUR,Europe,YEAR,2012,,,,,,,,,305.44,305.44104329,,,,2025-12-05T13:23:08Z,2012,2012-01-01,2012-12-31
102397,GHED_GGHE-D_pc_US_SHA2011,COUNTRY,TON,WPR,Western Pacific,YEAR,2016,,,,,,,,,119.19,119.19497303,,,,2025-12-05T13:23:08Z,2016,2016-01-01,2016-12-31
106914,GHED_GGHE-D_pc_US_SHA2011,COUNTRY,COL,AMR,Americas,YEAR,2017,,,,,,,,,353.46,353.45732172,,,,2025-12-05T13:23:08Z,2017,2017-01-01,2017-12-31
108568,GHED_GGHE-D_pc_US_SHA2011,COUNTRY,SGP,WPR,Western Pacific,YEAR,2007,,,,,,,,,374.09,374.09262158,,,,2025-12-05T13:23:08Z,2007,2007-01-01,2007-12-31
109484,GHED_GGHE-D_pc_US_SHA2011,GLOBAL,GLOBAL,,,YEAR,2005,,,,,,,,,494.99,494.9868592,,,,2025-12-05T13:23:08Z,2005,2005-01-01,2005-12-31
110817,GHED_GGHE-D_pc_US_SHA2011,COUNTRY,LSO,AFR,Africa,YEAR,2019,,,,,,,,,72.69,72.69077603,,,,2025-12-05T13:23:08Z,2019,2019-01-01,2019-12-31
111910,GHED_GGHE-D_pc_US_SHA2011,COUNTRY,SLE,AFR,Africa,YEAR,2006,,,,,,,,,3.04,3.03928842,,,,2025-12-05T13:23:08Z,2006,2006-01-01,2006-12-31
114599,GHED_GGHE-D_pc_US_SHA2011,COUNTRY,SVK,EUR,Europe,YEAR,2018,,,,,,,,,1029.72,1029.72406,,,,2025-12-05T13:23:08Z,2018,2018-01-01,2018-12-31
115495,GHED_GGHE-D_pc_US_SHA2011,COUNTRY,MRT,AFR,Africa,YEAR,2003,,,,,,,,,5.65,5.6511191,,,,2025-12-05T13:23:08Z,2003,2003-01-01,2003-12-31
122686,GHED_GGHE-D_pc_US_SHA2011,COUNTRY,POL,EUR,Europe,YEAR,2012,,,,,,,,,569.20,569.20043115,,,,2025-12-05T13:23:08Z,2012,2012-01-01,2012-12-31
126128,GHED_GGHE-D_pc_US_SHA2011,COUNTRY,GUY,AMR,Americas,YEAR,2007,,,,,,,,,49.47,49.47081996,,,,2025-12-05T13:23:08Z,2007,2007-01-01,2007-12-31
128369,GHED_GGHE-D_pc_US_SHA2011,COUNTRY,BRN,WPR,Western Pacific,YEAR,2014,,,,,,,,,727.81,727.80525822,,,,2025-12-05T13:23:08Z,2014,2014-01-01,2014-12-31
128724,GHED_GGHE-D_pc_US_SHA2011,COUNTRY,MKD,EUR,Europe,YEAR,2005,,,,,,,,,130.95,130.95476724,,,,2025-12-05T13:23:08Z,2005,2005-01-01,2005-12-31
130877,GHED_GGHE-D_pc_US_SHA2011,COUNTRY,MUS,AFR,Africa,YEAR,2004,,,,,,,,,100.43,100.4314369,,,,2025-12-05T13:23:08Z,2004,2004-01-01,2004-12-31
130938,GHED_GGHE-D_pc_US_SHA2011,COUNTRY,DZA,AFR,Africa,YEAR,2023,,,,,,,,,123.87,123.8676409,,,,2025-12-05T13:23:08Z,2023,2023-01-01,2023-12-31
132599,GHED_GGHE-D_pc_US_SHA2011,COUNTRY,MKD,EUR,Europe,YEAR,2012,,,,,,,,,198.77,198.77422553,,,,2025-12-05T13:23:08Z,2012,2012-01-01,2012-12-31
140445,GHED_GGHE-D_pc_US_SHA2011,COUNTRY,LSO,AFR,Africa,YEAR,2022,,,,,,,,,67.72,67.72464022,,,,2025-12-05T13:23:08Z,2022,2022-01-01,2022-12-31
140826,GHED_GGHE-D_pc_US_SHA2011,COUNTRY,VUT,WPR,Western Pacific,YEAR,2000,,,,,,,,,36.06,36.05954836,,,,2025-12-05T13:23:08Z,2000,2000-01-01,2000-12-31
146633,GHED_GGHE-D_pc_US_SHA2011,COUNTRY,GUY,AMR,Americas,YEAR,2006,,,,,,,,,41.32,41.32315479,,,,2025-12-05T13:23:08Z,2006,2006-01-01,2006-12-31
146892,GHED_GGHE-D_pc_US_SHA2011,COUNTRY,KHM,WPR,Western Pacific,YEAR,2021,,,,,,,,,65.10,65.09872755,,,,2025-12-05T13:23:08Z,2021,2021-01-01,2021-12-31
150606,GHED_GGHE-D_pc_US_SHA2011,COUNTRY,IRL,EUR,Europe,YEAR,2000,,,,,,,,,1212.98,1212.97551135,,,,2025-12-05T13:23:08Z,2000,2000-01-01,2000-12-31
153192,GHED_GGHE-D_pc_US_SHA2011,COUNTRY,ETH,AFR,Africa,YEAR,2019,,,,,,,,,5.85,5.84531137,,,,2025-12-05T13:23:08Z,2019,2019-01-01,2019-12-31
157674,GHED_GGHE-D_pc_US_SHA2011,COUNTRY,GRC,EUR,Europe,YEAR,2020,,,,,,,,,904.11,904.1078785,,,,2025-12-05T13:23:08Z,2020,2020-01-01,2020-12-31
162962,GHED_GGHE-D_pc_US_SHA2011,COUNTRY,CAN,AMR,Americas,YEAR,2021,,,,,,,,,4734.20,4734.20062046,,,,2025-12-05T13:23:08Z,2021,2021-01-01,2021-12-31
165934,GHED_GGHE-D_pc_US_SHA2011,COUNTRY,TGO,AFR,Africa,YEAR,2015,,,,,,,,,6.94,6.94264793,,,,2025-12-05T13:23:08Z,2015,2015-01-01,2015-12-31
166279,GHED_GGHE-D_pc_US_SHA2011,COUNTRY,AUS,WPR,Western Pacific,YEAR,2004,,,,,,,,,1967.15,1967.15225145,,,,2025-12-05T13:23:08Z,2004,2004-01-01,2004-12-31
166512,GHED_GGHE-D_pc_US_SHA2011,COUNTRY,KIR,WPR,Western Pacific,YEAR,2012,,,,,,,,,129.56,129.5599538,,,,2025-12-05T13:23:08Z,2012,2012-01-01,2012-12-31
166963,GHED_GGHE-D_pc_US_SHA2011,COUNTRY,FIN,EUR,Europe,YEAR,2005,,,,,,,,,2518.53,2518.5325824,,,,2025-12-05T13:23:08Z,2005,2005-01-01,2005-12-31
171056,GHED_GGHE-D_pc_US_SHA2011,COUNTRY,UGA,AFR,Africa,YEAR,2015,,,,,,,,,6.08,6.07633779,,,,2025-12-05T13:23:08Z,2015,2015-01-01,2015-12-31
175385,GHED_GGHE-D_pc_US_SHA2011,COUNTRY,KGZ,EUR,Europe,YEAR,2013,,,,,,,,,49.94,49.93783877,,,,2025-12-05T13:23:08Z,2013,2013-01-01,2013-12-31
177090,GHED_GGHE-D_pc_US_SHA2011,WORLDBANKINCOMEGROUP,WB_LI,,,YEAR,2010,,,,,,,,,8.45,8.45277086,,,,2025-12-05T13:23:08Z,2010,2010-01-01,2010-12-31
178929,GHED_GGHE-D_pc_US_SHA2011,COUNTRY,BRB,AMR,Americas,YEAR,2019,,,,,,,,,524.25,524.24959818,,,,2025-12-05T13:23:08Z,2019,2019-01-01,2019-12-31
180282,GHED_GGHE-D_pc_US_SHA2011,COUNTRY,TJK,EUR,Europe,YEAR,2005,,,,,,,,,3.30,3.29910958,,,,2025-12-05T13:23:08Z,2005,2005-01-01,2005-12-31
180415,GHED_GGHE-D_pc_US_SHA2011,COUNTRY,GHA,AFR,Africa,YEAR,2003,,,,,,,,,8.32,8.32432277,,,,2025-12-05T13:23:08Z,2003,2003-01-01,2003-12-31
187449,GHED_GGHE-D_pc_US_SHA2011,COUNTRY,DOM,AMR,Americas,YEAR,2006,,,,,,,,,56.84,56.84173575,,,,2025-12-05T13:23:08Z,2006,2006-01-01,2006-12-31
193861,GHED_GGHE-D_pc_US_SHA2011,COUNTRY,IDN,WPR,Western Pacific,YEAR,2021,,,,,,,,,94.40,94.4040503,,,,2025-12-05T13:23:08Z,2021,2021-01-01,2021-12-31
194122,GHED_GGHE-D_pc_US_SHA2011,COUNTRY,UGA,AFR,Africa,YEAR,2019,,,,,,,,,5.04,5.04379338,,,,2025-12-05T13:23:08Z,2019,2019-01-01,2019-12-31
196729,GHED_GGHE-D_pc_US_SHA2011,COUNTRY,QAT,EMR,Eastern Mediterranean,YEAR,2022,,,,,,,,,1464.28,1464.28085894,,,,2025-12-05T13:23:08Z,2022,2022-01-01,2022-12-31
203637,GHED_GGHE-D_pc_US_SHA2011,COUNTRY,KHM,WPR,Western Pacific,YEAR,2010,,,,,,,,,10.57,10.56591111,,,,2025-12-05T13:23:08Z,2010,2010-01-01,2010-12-31
205782,GHED_GGHE-D_pc_US_SHA2011,COUNTRY,LTU,EUR,Europe,YEAR,2004,,,,,,,,,229.82,229.81608153,,,,2025-12-05T13:23:08Z,2004,2004-01-01,2004-12-31
207858,GHED_GGHE-D_pc_US_SHA2011,COUNTRY,WSM,WPR,Western Pacific,YEAR,2017,,,,,,,,,167.85,167.8463185,,,,2025-12-05T13:23:08Z,2017,2017-01-01,2017-12-31
208432,GHED_GGHE-D_pc_US_SHA2011,COUNTRY,ARM,EUR,Europe,YEAR,2014,,,,,,,,,59.81,59.80617709,,,,2025-12-05T13:23:08Z,2014,2014-01-01,2014-12-31
208648,GHED_GGHE-D_pc_US_SHA2011,COUNTRY,CAN,AMR,Americas,YEAR,2020,,,,,,,,,4170.61,4170.6082452,,,,2025-12-05T13:23:08Z,2020,2020-01-01,2020-12-31
209751,GHED_GGHE-D_pc_US_SHA2011,COUNTRY,MDV,SEAR,South-East Asia,YEAR,2004,,,,,,,,,94.06,94.06233152,,,,2025-12-05T13:23:08Z,2004,2004-01-01,2004-12-31
212108,GHED_GGHE-D_pc_US_SHA2011,COUNTRY,ETH,AFR,Africa,YEAR,2005,,,,,,,,,2.73,2.73156911,,,,2025-12-05T13:23:08Z,2005,2005-01-01,2005-12-31
216306,GHED_GGHE-D_pc_US_SHA2011,COUNTRY,URY,AMR,Americas,YEAR,2013,,,,,,,,,1007.77,1007.76725387,,,,2025-12-05T13:23:08Z,2013,2013-01-01,2013-12-31
222084,GHED_GGHE-D_pc_US_SHA2011,COUNTRY,ROU,EUR,Europe,YEAR,2001,,,,,,,,,62.86,62.85804966,,,,2025-12-05T13:23:08Z,2001,2001-01-01,2001-12-31
229692,GHED_GGHE-D_pc_US_SHA2011,COUNTRY,SWZ,AFR,Africa,YEAR,2004,,,,,,,,,78.06,78.05587061,,,,2025-12-05T13:23:08Z,2004,2004-01-01,2004-12-31
231787,GHED_GGHE-D_pc_US_SHA2011,COUNTRY,SLE,AFR,Africa,YEAR,2017,,,,,,,,,4.29,4.28908205,,,,2025-12-05T13:23:08Z,2017,2017-01-01,2017-12-31
232375,GHED_GGHE-D_pc_US_SHA2011,COUNTRY,BLZ,AMR,Americas,YEAR,2011,,,,,,,,,166.80,166.80130264,,,,2025-12-05T13:23:08Z,2011,2011-01-01,2011-12-31
232517,GHED_GGHE-D_pc_US_SHA2011,COUNTRY,ETH,AFR,Africa,YEAR,2008,,,,,,,,,1.57,1.56638038,,,,2025-12-05T13:23:08Z,2008,2008-01-01,2008-12-31
234602,GHED_GGHE-D_pc_US_SHA2011,COUNTRY,DMA,AMR,Americas,YEAR,2002,,,,,,,,,118.79,118.79072923,,,,2025-12-05T13:23:08Z,2002,2002-01-01,2002-12-31
234860,GHED_GGHE-D_pc_US_SHA2011,COUNTRY,BGR,EUR,Europe,YEAR,2011,,,,,,,,,300.94,300.93875305,,,,2025-12-05T13:23:08Z,2011,2011-01-01,2011-12-31
235012,GHED_GGHE-D_pc_US_SHA2011,COUNTRY,SGP,WPR,Western Pacific,YEAR,2011,,,,,,,,,631.86,631.86286927,,,,2025-12-05T13:23:08Z,2011,2011-01-01,2011-12-31
235893,GHED_GGHE-D_pc_US_SHA2011,COUNTRY,HTI,AMR,Americas,YEAR,2012,,,,,,,,,6.17,6.1738222,,,,2025-12-05T13:23:08Z,2012,2012-01-01,2012-12-31
239303,GHED_GGHE-D_pc_US_SHA2011,COUNTRY,LKA,SEAR,South-East Asia,YEAR,2022,,,,,,,,,49.84,49.83531888,,,,2025-12-05T13:23:08Z,2022,2022-01-01,2022-12-31
243162,GHED_GGHE-D_pc_US_SHA2011,COUNTRY,AZE,EUR,Europe,YEAR,2020,,,,,,,,,97.62,97.62265976,,,,2025-12-05T13:23:08Z,2020,2020-01-01,2020-12-31
243576,GHED_GGHE-D_pc_US_SHA2011,COUNTRY,TLS,SEAR,South-East Asia,YEAR,2010,,,,,,,,,26.74,26.73817197,,,,2025-12-05T13:23:08Z,2010,2010-01-01,2010-12-31
245531,GHED_GGHE-D_pc_US_SHA2011,COUNTRY,LAO,WPR,Western Pacific,YEAR,2004,,,,,,,,,3.64,3.64149587,,,,2025-12-05T13:23:08Z,2004,2004-01-01,2004-12-31
247014,GHED_GGHE-D_pc_US_SHA2011,COUNTRY,EGY,EMR,Eastern Mediterranean,YEAR,2005,,,,,,,,,19.20,19.20117717,,,,2025-12-05T13:23:08Z,2005,2005-01-01,2005-12-31
247614,GHED_GGHE-D_pc_US_SHA2011,COUNTRY,ERI,AFR,Africa,YEAR,2019,,,,,,,,,4.54,4.53627948,,,,2025-12-05T13:23:08Z,2019,2019-01-01,2019-12-31
249564,GHED_GGHE-D_pc_US_SHA2011,COUNTRY,GTM,AMR,Americas,YEAR,2019,,,,,,,,,107.05,107.04856274,,,,2025-12-05T13:23:08Z,2019,2019-01-01,2019-12-31
251709,GHED_GGHE-D_pc_US_SHA2011,COUNTRY,COK,WPR,Western Pacific,YEAR,2009,,,,,,,,,415.17,415.17180982,,,,2025-12-05T13:23:08Z,2009,2009-01-01,2009-12-31
253546,GHED_GGHE-D_pc_US_SHA2011,COUNTRY,PHL,WPR,Western Pacific,YEAR,2014,,,,,,,,,36.22,36.21594482,,,,2025-12-05T13:23:08Z,2014,2014-01-01,2014-12-31
259998,GHED_GGHE-D_pc_US_SHA2011,COUNTRY,IRQ,EMR,Eastern Mediterranean,YEAR,2021,,,,,,,,,124.14,124.14154289,,,,2025-12-05T13:23:08Z,2021,2021-01-01,2021-12-31
264084,GHED_GGHE-D_pc_US_SHA2011,COUNTRY,MDV,SEAR,South-East Asia,YEAR,2012,,,,,,,,,314.05,314.04610348,,,,2025-12-05T13:23:08Z,2012,2012-01-01,2012-12-31
264888,GHED_GGHE-D_pc_US_SHA2011,COUNTRY,KAZ,EUR,Europe,YEAR,2000,,,,,,,,,25.01,25.01199547,,,,2025-12-05T13:23:08Z,2000,2000-01-01,2000-12-31
269431,GHED_GGHE-D_pc_US_SHA2011,COUNTRY,VUT,WPR,Western Pacific,YEAR,2016,,,,,,,,,38.12,38.11675051,,,,2025-12-05T13:23:08Z,2016,2016-01-01,2016-12-31
271153,GHED_GGHE-D_pc_US_SHA2011,COUNTRY,LTU,EUR,Europe,YEAR,2013,,,,,,,,,628.39,628.38747771,,,,2025-12-05T13:23:08Z,2013,2013-01-01,2013-12-31
273095,GHED_GGHE-D_pc_US_SHA2011,COUNTRY,DJI,EMR,Eastern Mediterranean,YEAR,2001,,,,,,,,,13.16,13.15562484,,,,2025-12-05T13:23:08Z,2001,2001-01-01,2001-12-31
273418,GHED_GGHE-D_pc_US_SHA2011,REGION,EMR,,,YEAR,2006,,,,,,,,,198.89,198.88892077,,,,2025-12-05T13:23:08Z,2006,2006-01-01,2006-12-31
275707,GHED_GGHE-D_pc_US_SHA2011,COUNTRY,NRU,WPR,Western Pacific,YEAR,2014,,,,,,,,,558.96,558.9560015,,,,2025-12-05T13:23:08Z,2014,2014-01-01,2014-12-31
277021,GHED_GGHE-D_pc_US_SHA2011,COUNTRY,STP,AFR,Africa,YEAR,2004,,,,,,,,,34.38,34.38276705,,,,2025-12-05T13:23:08Z,2004,2004-01-01,2004-12-31
277032,GHED_GGHE-D_pc_US_SHA2011,COUNTRY,SMR,EUR,Europe,YEAR,2017,,,,,,,,,3217.44,3217.44075283,,,,2025-12-05T13:23:08Z,2017,2017-01-01,2017-12-31
281026,GHED_GGHE-D_pc_US_SHA2011,COUNTRY,SLB,WPR,Western Pacific,YEAR,2014,,,,,,,,,64.01,64.00582536,,,,2025-12-05T13:23:08Z,2014,2014-01-01,2014-12-31
281181,GHED_GGHE-D_pc_US_SHA2011,COUNTRY,VNM,WPR,Western Pacific,YEAR,2011,,,,,,,,,37.71,37.70937621,,,,2025-12-05T13:23:08Z,2011,2011-01-01,2011-12-31
286634,GHED_GGHE-D_pc_US_SHA2011,COUNTRY,IRL,EUR,Europe,YEAR,2017,,,,,,,,,3645.64,3645.63858195,,,,2025-12-05T13:23:08Z,2017,2017-01-01,2017-12-31
288702,GHED_GGHE-D_pc_US_SHA2011,COUNTRY,TKM,EUR,Europe,YEAR,2020,,,,,,,,,77.16,77.15557434,,,,2025-12-05T13:23:08Z,2020,2020-01-01,2020-12-31
290465,GHED_GGHE-D_pc_US_SHA2011,COUNTRY,AUT,EUR,Europe,YEAR,2001,,,,,,,,,1680.61,1680.61045571,,,,2025-12-05T13:23:08Z,2001,2001-01-01,2001-12-31
291337,GHED_GGHE-D_pc_US_SHA2011,COUNTRY,RWA,AFR,Africa,YEAR,2004,,,,,,,,,5.20,5.1970855,,,,2025-12-05T13:23:08Z,2004,2004-01-01,2004-12-31
291958,GHED_GGHE-D_pc_US_SHA2011,COUNTRY,GNQ,AFR,Africa,YEAR,2012,,,,,,,,,121.63,121.62574334,,,,2025-12-05T13:23:08Z,2012,2012-01-01,2012-12-31
295466,GHED_GGHE-D_pc_US_SHA2011,REGION,SEAR,,,YEAR,2017,,,,,,,,,122.57,122.56795635,,,,2025-12-05T13:23:08Z,2017,2017-01-01,2017-12-31
307062,GHED_GGHE-D_pc_US_SHA2011,COUNTRY,GUY,AMR,Americas,YEAR,2017,,,,,,,,,172.50,172.49570625,,,,2025-12-05T13:23:08Z,2017,2017-01-01,2017-12-31
309123,GHED_GGHE-D_pc_US_SHA2011,COUNTRY,CZE,EUR,Europe,YEAR,2015,,,,,,,,,1103.96,1103.96483111,,,,2025-12-05T13:23:08Z,2015,2015-01-01,2015-12-31
309629,GHED_GGHE-D_pc_US_SHA2011,COUNTRY,CHL,AMR,Americas,YEAR,2017,,,,,,,,,682.25,682.25412774,,,,2025-12-05T13:23:08Z,2017,2017-01-01,2017-12-31
309846,GHED_GGHE-D_pc_US_SHA2011,COUNTRY,SLE,AFR,Africa,YEAR,2004,,,,,,,,,2.67,2.67123949,,,,2025-12-05T13:23:08Z,2004,2004-01-01,2004-12-31
312047,GHED_GGHE-D_pc_US_SHA2011,COUNTRY,SWE,EUR,Europe,YEAR,2023,,,,,,,,,5342.43,5342.42715869,,,,2025-12-05T13:23:08Z,2023,2023-01-01,2023-12-31
316059,GHED_GGHE-D_pc_US_SHA2011,COUNTRY,NIC,AMR,Americas,YEAR,2020,,,,,,,,,102.58,102.57729743,,,,2025-12-05T13:23:08Z,2020,2020-01-01,2020-12-31
317483,GHED_GGHE-D_pc_US_SHA2011,COUNTRY,MEX,AMR,Americas,YEAR,2010,,,,,,,,,268.21,268.21091013,,,,2025-12-05T13:23:08Z,2010,2010-01-01,2010-12-31
317999,GHED_GGHE-D_pc_US_SHA2011,COUNTRY,SVN,EUR,Europe,YEAR,2021,,,,,,,,,2035.89,2035.88735237,,,,2025-12-05T13:23:08Z,2021,2021-01-01,2021-12-31
318740,GHED_GGHE-D_pc_US_SHA2011,COUNTRY,TUN,EMR,Eastern Mediterranean,YEAR,2009,,,,,,,,,127.33,127.3258742,,,,2025-12-05T13:23:08Z,2009,2009-01-01,2009-12-31
320904,GHED_GGHE-D_pc_US_SHA2011,COUNTRY,IRN,EMR,Eastern Mediterranean,YEAR,2006,,,,,,,,,80.04,80.04274357,,,,2025-12-05T13:23:08Z,2006,2006-01-01,2006-12-31
324971,GHED_GGHE-D_pc_US_SHA2011,COUNTRY,COK,WPR,Western Pacific,YEAR,2018,,,,,,,,,520.45,520.45147886,,,,2025-12-05T13:23:08Z,2018,2018-01-01,2018-12-31
327582,GHED_GGHE-D_pc_US_SHA2011,COUNTRY,HTI,AMR,Americas,YEAR,2020,,,,,,,,,6.69,6.69004963,,,,2025-12-05T13:23:08Z,2020,2020-01-01,2020-12-31
328781,GHED_GGHE-D_pc_US_SHA2011,WORLDBANKINCOMEGROUP,WB_LI,,,YEAR,2018,,,,,,,,,7.58,7.57911802,,,,2025-12-05T13:23:08Z,2018,2018-01-01,2018-12-31
328930,GHED_GGHE-D_pc_US_SHA2011,COUNTRY,ISR,EUR,Europe,YEAR,2019,,,,,,,,,2161.74,2161.74439942,,,,2025-12-05T13:23:08Z,2019,2019-01-01,2019-12-31
329956,GHED_GGHE-D_pc_US_SHA2011,REGION,EUR,,,YEAR,2004,,,,,,,,,1209.67,1209.6745451,,,,2025-12-05T13:23:08Z,2004,2004-01-01,2004-12-31
331087,GHED_GGHE-D_pc_US_SHA2011,COUNTRY,LAO,WPR,Western Pacific,YEAR,2006,,,,,,,,,4.21,4.21130751,,,,2025-12-05T13:23:08Z,2006,2006-01-01,2006-12-31
336949,GHED_GGHE-D_pc_US_SHA2011,COUNTRY,NZL,WPR,Western Pacific,YEAR,2005,,,,,,,,,1766.23,1766.23247771,,,,2025-12-05T13:23:08Z,2005,2005-01-01,2005-12-31
337169,GHED_GGHE-D_pc_US_SHA2011,COUNTRY,CAF,AFR,Africa,YEAR,2014,,,,,,,,,2.91,2.91429313,,,,2025-12-05T13:23:08Z,2014,2014-01-01,2014-12-31
338207,GHED_GGHE-D_pc_US_SHA2011,COUNTRY,GRC,EUR,Europe,YEAR,2015,,,,,,,,,854.29,854.2871057,,,,2025-12-05T13:23:08Z,2015,2015-01-01,2015-12-31
338341,GHED_GGHE-D_pc_US_SHA2011,COUNTRY,PLW,WPR,Western Pacific,YEAR,2021,,,,,,,,,1006.02,1006.01761739,,,,2025-12-05T13:23:08Z,2021,2021-01-01,2021-12-31
338637,GHED_GGHE-D_pc_US_SHA2011,COUNTRY,THA,SEAR,South-East Asia,YEAR,2002,,,,,,,,,43.39,43.3909695,,,,2025-12-05T13:23:08Z,2002,2002-01-01,2002-12-31
339104,GHED_GGHE-D_pc_US_SHA2011,COUNTRY,MAR,EMR,Eastern Mediterranean,YEAR,2010,,,,,,,,,54.10,54.09662786,,,,2025-12-05T13:23:08Z,2010,2010-01-01,2010-12-31
342195,GHED_GGHE-D_pc_US_SHA2011,COUNTRY,ITA,EUR,Europe,YEAR,2001,,,,,,,,,1184.01,1184.00601263,,,,2025-12-05T13:23:08Z,2001,2001-01-01,2001-12-31
345341,GHED_GGHE-D_pc_US_SHA2011,COUNTRY,SWE,EUR,Europe,YEAR,2021,,,,,,,,,5913.30,5913.29581511,,,,2025-12-05T13:23:08Z,2021,2021-01-01,2021-12-31
346000,GHED_GGHE-D_pc_US_SHA2011,COUNTRY,NRU,WPR,Western Pacific,YEAR,2000,,,,,,,,,407.58,407.57854967,,,,2025-12-05T13:23:08Z,2000,2000-01-01,2000-12-31
346383,GHED_GGHE-D_pc_US_SHA2011,COUNTRY,BEL,EUR,Europe,YEAR,2014,,,,,,,,,3866.05,3866.04774308,,,,2025-12-05T13:23:08Z,2014,2014-01-01,2014-12-31
346426,GHED_GGHE-D_pc_US_SHA2011,COUNTRY,KAZ,EUR,Europe,YEAR,2006,,,,,,,,,116.73,116.73138959,,,,2025-12-05T13:23:08Z,2006,2006-01-01,2006-12-31
352231,GHED_GGHE-D_pc_US_SHA2011,COUNTRY,ZWE,AFR,Africa,YEAR,2013,,,,,,,,,27.49,27.49215524,,,,2025-12-05T13:23:08Z,2013,2013-01-01,2013-12-31
354745,GHED_GGHE-D_pc_US_SHA2011,COUNTRY,MAR,EMR,Eastern Mediterranean,YEAR,2004,,,,,,,,,21.78,21.7769756,,,,2025-12-05T13:23:08Z,2004,2004-01-01,2004-12-31
355447,GHED_GGHE-D_pc_US_SHA2011,COUNTRY,TUN,EMR,Eastern Mediterranean,YEAR,2023,,,,,,,,,171.84,171.83541244,,,,2025-12-05T13:23:08Z,2023,2023-01-01,2023-12-31
358586,GHED_GGHE-D_pc_US_SHA2011,COUNTRY,ZWE,AFR,Africa,YEAR,2012,,,,,,,,,24.76,24.75716275,,,,2025-12-05T13:23:08Z,2012,2012-01-01,2012-12-31
359195,GHED_GGHE-D_pc_US_SHA2011,COUNTRY,MUS,AFR,Africa,YEAR,2000,,,,,,,,,62.04,62.03759119,,,,2025-12-05T13:23:08Z,2000,2000-01-01,2000-12-31
363721,GHED_GGHE-D_pc_US_SHA2011,COUNTRY,CHN,WPR,Western Pacific,YEAR,2012,,,,,,,,,158.68,158.67694616,,,,2025-12-05T13:23:08Z,2012,2012-01-01,2012-12-31
365608,GHED_GGHE-D_pc_US_SHA2011,COUNTRY,PNG,WPR,Western Pacific,YEAR,2008,,,,,,,,,24.60,24.60034403,,,,2025-12-05T13:23:08Z,2008,2008-01-01,2008-12-31
366103,GHED_GGHE-D_pc_US_SHA2011,COUNTRY,CHE,EUR,Europe,YEAR,2020,,,,,,,,,3678.53,3678.53349522,,,,2025-12-05T13:23:08Z,2020,2020-01-01,2020-12-31
368747,GHED_GGHE-D_pc_US_SHA2011,COUNTRY,NIC,AMR,Americas,YEAR,2021,,,,,,,,,129.47,129.47013035,,,,2025-12-05T13:23:08Z,2021,2021-01-01,2021-12-31
371128,GHED_GGHE-D_pc_US_SHA2011,COUNTRY,CRI,AMR,Americas,YEAR,2010,,,,,,,,,479.95,479.94859938,,,,2025-12-05T13:23:08Z,2010,2010-01-01,2010-12-31
371267,GHED_GGHE-D_pc_US_SHA2011,COUNTRY,DOM,AMR,Americas,YEAR,2004,,,,,,,,,28.14,28.13739979,,,,2025-12-05T13:23:08Z,2004,2004-01-01,2004-12-31
376585,GHED_GGHE-D_pc_US_SHA2011,COUNTRY,POL,EUR,Europe,YEAR,2006,,,,,,,,,361.51,361.50621221,,,,2025-12-05T13:23:08Z,2006,2006-01-01,2006-12-31
378072,GHED_GGHE-D_pc_US_SHA2011,COUNTRY,GAB,AFR,Africa,YEAR,2008,,,,,,,,,102.94,102.93916115,,,,2025-12-05T13:23:08Z,2008,2008-01-01,2008-12-31
378760,GHED_GGHE-D_pc_US_SHA2011,COUNTRY,TZA,AFR,Africa,YEAR,2015,,,,,,,,,11.46,11.46159996,,,,2025-12-05T13:23:08Z,2015,2015-01-01,2015-12-31
379021,GHED_GGHE-D_pc_US_SHA2011,COUNTRY,CHE,EUR,Europe,YEAR,2015,,,,,,,,,3077.03,3077.02894736,,,,2025-12-05T13:23:08Z,2015,2015-01-01,2015-12-31
384529,GHED_GGHE-D_pc_US_SHA2011,COUNTRY,LTU,EUR,Europe,YEAR,2009,,,,,,,,,621.53,621.53475345,,,,2025-12-05T13:23:08Z,2009,2009-01-01,2009-12-31
385231,GHED_GGHE-D_pc_US_SHA2011,COUNTRY,IRN,EMR,Eastern Mediterranean,YEAR,2009,,,,,,,,,129.84,129.83575958,,,,2025-12-05T13:23:08Z,2009,2009-01-01,2009-12-31
387102,GHED_GGHE-D_pc_US_SHA2011,COUNTRY,ZMB,AFR,Africa,YEAR,2021,,,,,,,,,31.82,31.82053032,,,,2025-12-05T13:23:08Z,2021,2021-01-01,2021-12-31
387568,GHED_GGHE-D_pc_US_SHA2011,COUNTRY,CZE,EUR,Europe,YEAR,2016,,,,,,,,,1161.87,1161.87396575,,,,2025-12-05T13:23:08Z,2016,2016-01-01,2016-12-31
388000,GHED_GGHE-D_pc_US_SHA2011,COUNTRY,TUN,EMR,Eastern Mediterranean,YEAR,2016,,,,,,,,,131.05,131.04868589,,,,2025-12-05T13:23:08Z,2016,2016-01-01,2016-12-31
388432,GHED_GGHE-D_pc_US_SHA2011,COUNTRY,KIR,WPR,Western Pacific,YEAR,2013,,,,,,,,,126.61,126.61252377,,,,2025-12-05T13:23:08Z,2013,2013-01-01,2013-12-31
390920,GHED_GGHE-D_pc_US_SHA2011,COUNTRY,ESP,EUR,Europe,YEAR,2016,,,,,,,,,1701.75,1701.75280177,,,,2025-12-05T13:23:08Z,2016,2016-01-01,2016-12-31
391424,GHED_GGHE-D_pc_US_SHA2011,COUNTRY,TJK,EUR,Europe,YEAR,2015,,,,,,,,,18.58,18.57982057,,,,2025-12-05T13:23:08Z,2015,2015-01-01,2015-12-31
392179,GHED_GGHE-D_pc_US_SHA2011,COUNTRY,NZL,WPR,Western Pacific,YEAR,2021,,,,,,,,,3533.35,3533.34605254,,,,2025-12-05T13:23:08Z,2021,2021-01-01,2021-12-31
393729,GHED_GGHE-D_pc_US_SHA2011,GLOBAL,GLOBAL,,,YEAR,2007,,,,,,,,,600.60,600.60268419,,,,2025-12-05T13:23:08Z,2007,2007-01-01,2007-12-31
394086,GHED_GGHE-D_pc_US_SHA2011,COUNTRY,DNK,EUR,Europe,YEAR,2011,,,,,,,,,5394.06,5394.06413851,,,,2025-12-05T13:23:08Z,2011,2011-01-01,2011-12-31
396861,GHED_GGHE-D_pc_US_SHA2011,COUNTRY,MRT,AFR,Africa,YEAR,2020,,,,,,,,,18.03,18.0258376,,,,2025-12-05T13:23:08Z,2020,2020-01-01,2020-12-31
398373,GHED_GGHE-D_pc_US_SHA2011,COUNTRY,SWE,EUR,Europe,YEAR,2003,,,,,,,,,2576.35,2576.35325491,,,,2025-12-05T13:23:08Z,2003,2003-01-01,2003-12-31
399401,GHED_GGHE-D_pc_US_SHA2011,COUNTRY,LKA,SEAR,South-East Asia,YEAR,2021,,,,,,,,,88.25,88.25310972,,,,2025-12-05T13:23:08Z,2021,2021-01-01,2021-12-31
400716,GHED_GGHE-D_pc_US_SHA2011,COUNTRY,IRL,EUR,Europe,YEAR,2019,,,,,,,,,4026.67,4026.67326653,,,,2025-12-05T13:23:08Z,2019,2019-01-01,2019-12-31
401886,GHED_GGHE-D_pc_US_SHA2011,REGION,SEAR,,,YEAR,2020,,,,,,,,,133.48,133.48173999,,,,2025-12-05T13:23:08Z,2020,2020-01-01,2020-12-31
404280,GHED_GGHE-D_pc_US_SHA2011,COUNTRY,ZAF,AFR,Africa,YEAR,2011,,,,,,,,,356.26,356.2614069,,,,2025-12-05T13:23:08Z,2011,2011-01-01,2011-12-31
407074,GHED_GGHE-D_pc_US_SHA2011,COUNTRY,MNG,WPR,Western Pacific,YEAR,2004,,,,,,,,,21.94,21.94308116,,,,2025-12-05T13:23:08Z,2004,2004-01-01,2004-12-31
407795,GHED_GGHE-D_pc_US_SHA2011,COUNTRY,DOM,AMR,Americas,YEAR,2000,,,,,,,,,48.43,48.43248393,,,,2025-12-05T13:23:08Z,2000,2000-01-01,2000-12-31
412296,GHED_GGHE-D_pc_US_SHA2011,COUNTRY,SWZ,AFR,Africa,YEAR,2007,,,,,,,,,119.41,119.41255653,,,,2025-12-05T13:23:08Z,2007,2007-01-01,2007-12-31
413665,GHED_GGHE-D_pc_US_SHA2011,COUNTRY,NOR,EUR,Europe,YEAR,2017,,,,,,,,,6652.85,6652.84980797,,,,2025-12-05T13:23:08Z,2017,2017-01-01,2017-12-31
415081,GHED_GGHE-D_pc_US_SHA2011,COUNTRY,TLS,SEAR,South-East Asia,YEAR,2019,,,,,,,,,45.00,44.9980764,,,,2025-12-05T13:23:08Z,2019,2019-01-01,2019-12-31
416134,GHED_GGHE-D_pc_US_SHA2011,COUNTRY,KWT,EMR,Eastern Mediterranean,YEAR,2020,,,,,,,,,1365.36,1365.35850189,,,,2025-12-05T13:23:08Z,2020,2020-01-01,2020-12-31
417733,GHED_GGHE-D_pc_US_SHA2011,COUNTRY,DMA,AMR,Americas,YEAR,2021,,,,,,,,,333.24,333.24483839,,,,2025-12-05T13:23:08Z,2021,2021-01-01,2021-12-31
421289,GHED_GGHE-D_pc_US_SHA2011,COUNTRY,MLI,AFR,Africa,YEAR,2001,,,,,,,,,3.07,3.06898081,,,,2025-12-05T13:23:08Z,2001,2001-01-01,2001-12-31
424304,GHED_GGHE-D_pc_US_SHA2011,COUNTRY,GRD,AMR,Americas,YEAR,2013,,,,,,,,,169.15,169.14836387,,,,2025-12-05T13:23:08Z,2013,2013-01-01,2013-12-31
425120,GHED_GGHE-D_pc_US_SHA2011,COUNTRY,ALB,EUR,Europe,YEAR,2023,,,,,,,,,292.92,292.92451014,,,,2025-12-05T13:23:08Z,2023,2023-01-01,2023-12-31
428303,GHED_GGHE-D_pc_US_SHA2011,COUNTRY,BDI,AFR,Africa,YEAR,2018,,,,,,,,,5.27,5.26884345,,,,2025-12-05T13:23:08Z,2018,2018-01-01,2018-12-31
431086,GHED_GGHE-D_pc_US_SHA2011,COUNTRY,MHL,WPR,Western Pacific,YEAR,2015,,,,,,,,,227.06,227.05751929,,,,2025-12-05T13:23:08Z,2015,2015-01-01,2015-12-31
434242,GHED_GGHE-D_pc_US_SHA2011,COUNTRY,SWZ,AFR,Africa,YEAR,2021,,,,,,,,,146.74,146.74192152,,,,2025-12-05T13:23:08Z,2021,2021-01-01,2021-12-31
434821,GHED_GGHE-D_pc_US_SHA2011,COUNTRY,HTI,AMR,Americas,YEAR,2000,,,,,,,,,6.62,6.62427758,,,,2025-12-05T13:23:08Z,2000,2000-01-01,2000-12-31
436254,GHED_GGHE-D_pc_US_SHA2011,COUNTRY,PHL,WPR,Western Pacific,YEAR,2015,,,,,,,,,42.73,42.73435278,,,,2025-12-05T13:23:08Z,2015,2015-01-01,2015-12-31
441664,GHED_GGHE-D_pc_US_SHA2011,COUNTRY,MDA,EUR,Europe,YEAR,2002,,,,,,,,,16.25,16.2498533,,,,2025-12-05T13:23:08Z,2002,2002-01-01,2002-12-31
445260,GHED_GGHE-D_pc_US_SHA2011,COUNTRY,MAR,EMR,Eastern Mediterranean,YEAR,2020,,,,,,,,,81.78,81.78385606,,,,2025-12-05T13:23:08Z,2020,2020-01-01,2020-12-31
446462,GHED_GGHE-D_pc_US_SHA2011,COUNTRY,SYR,EMR,Eastern Mediterranean,YEAR,2000,,,,,,,,,19.00,19.00161504,,,,2025-12-05T13:23:08Z,2000,2000-01-01,2000-12-31
456580,GHED_GGHE-D_pc_US_SHA2011,REGION,AFR,,,YEAR,2002,,,,,,,,,22.57,22.56660772,,,,2025-12-05T13:23:08Z,2002,2002-01-01,2002-12-31
458290,GHED_GGHE-D_pc_US_SHA2011,COUNTRY,FIN,EUR,Europe,YEAR,2017,,,,,,,,,3304.42,3304.41718868,,,,2025-12-05T13:23:08Z,2017,2017-01-01,2017-12-31
458589,GHED_GGHE-D_pc_US_SHA2011,COUNTRY,ARE,EMR,Eastern Mediterranean,YEAR,2021,,,,,,,,,1442.38,1442.37937172,,,,2025-12-05T13:23:08Z,2021,2021-01-01,2021-12-31
464647,GHED_GGHE-D_pc_US_SHA2011,COUNTRY,COG,AFR,Africa,YEAR,2014,,,,,,,,,34.09,34.08969078,,,,2025-12-05T13:23:08Z,2014,2014-01-01,2014-12-31
467328,GHED_GGHE-D_pc_US_SHA2011,COUNTRY,CHL,AMR,Americas,YEAR,2005,,,,,,,,,194.97,194.96569477,,,,2025-12-05T13:23:08Z,2005,2005-01-01,2005-12-31
470464,GHED_GGHE-D_pc_US_SHA2011,COUNTRY,CAN,AMR,Americas,YEAR,2008,,,,,,,,,3110.98,3110.97831331,,,,2025-12-05T13:23:08Z,2008,2008-01-01,2008-12-31
470735,GHED_GGHE-D_pc_US_SHA2011,COUNTRY,AFG,EMR,Eastern Mediterranean,YEAR,2023,,,,,,,,,0.98,0.97652657,,,,2025-12-05T13:23:08Z,2023,2023-01-01,2023-12-31
473385,GHED_GGHE-D_pc_US_SHA2011,COUNTRY,HTI,AMR,Americas,YEAR,2017,,,,,,,,,6.55,6.55129614,,,,2025-12-05T13:23:08Z,2017,2017-01-01,2017-12-31
473716,GHED_GGHE-D_pc_US_SHA2011,COUNTRY,COL,AMR,Americas,YEAR,2009,,,,,,,,,276.62,276.61989674,,,,2025-12-05T13:23:08Z,2009,2009-01-01,2009-12-31
476057,GHED_GGHE-D_pc_US_SHA2011,COUNTRY,MLI,AFR,Africa,YEAR,2006,,,,,,,,,6.04,6.0423036,,,,2025-12-05T13:23:08Z,2006,2006-01-01,2006-12-31
476272,GHED_GGHE-D_pc_US_SHA2011,COUNTRY,KNA,AMR,Americas,YEAR,2019,,,,,,,,,603.16,603.16007298,,,,2025-12-05T13:23:08Z,2019,2019-01-01,2019-12-31
478179,GHED_GGHE-D_pc_US_SHA2011,COUNTRY,PER,AMR,Americas,YEAR,2004,,,,,,,,,54.69,54.68929878,,,,2025-12-05T13:23:08Z,2004,2004-01-01,2004-12-31
478703,GHED_GGHE-D_pc_US_SHA2011,COUNTRY,BIH,EUR,Europe,YEAR,2016,,,,,,,,,319.35,319.35074948,,,,2025-12-05T13:23:08Z,2016,2016-01-01,2016-12-31
478739,GHED_GGHE-D_pc_US_SHA2011,WORLDBANKINCOMEGROUP,WB_HI,,,YEAR,2003,,,,,,,,,1101.41,1101.41443133,,,,2025-12-05T13:23:08Z,2003,2003-01-01,2003-12-31
481514,GHED_GGHE-D_pc_US_SHA2011,COUNTRY,DJI,EMR,Eastern Mediterranean,YEAR,2018,,,,,,,,,36.42,36.4200352,,,,2025-12-05T13:23:08Z,2018,2018-01-01,2018-12-31
481633,GHED_GGHE-D_pc_US_SHA2011,COUNTRY,TZA,AFR,Africa,YEAR,2018,,,,,,,,,15.51,15.51266249,,,,2025-12-05T13:23:08Z,2018,2018-01-01,2018-12-31
483373,GHED_GGHE-D_pc_US_SHA2011,COUNTRY,SGP,WPR,Western Pacific,YEAR,2020,,,,,,,,,2121.90,2121.90417191,,,,2025-12-05T13:23:08Z,2020,2020-01-01,2020-12-31
484894,GHED_GGHE-D_pc_US_SHA2011,COUNTRY,SLE,AFR,Africa,YEAR,2018,,,,,,,,,4.16,4.15661712,,,,2025-12-05T13:23:08Z,2018,2018-01-01,2018-12-31
486419,GHED_GGHE-D_pc_US_SHA2011,COUNTRY,ZWE,AFR,Africa,YEAR,2020,,,,,,,,,11.30,11.29845171,,,,2025-12-05T13:23:08Z,2020,2020-01-01,2020-12-31
487937,GHED_GGHE-D_pc_US_SHA2011,COUNTRY,NIC,AMR,Americas,YEAR,2004,,,,,,,,,24.98,24.98021181,,,,2025-12-05T13:23:08Z,2004,2004-01-01,2004-12-31
487979,GHED_GGHE-D_pc_US_SHA2011,COUNTRY,LAO,WPR,Western Pacific,YEAR,2018,,,,,,,,,22.12,22.12280188,,,,2025-12-05T13:23:08Z,2018,2018-01-01,2018-12-31
494366,GHED_GGHE-D_pc_US_SHA2011,COUNTRY,AFG,EMR,Eastern Mediterranean,YEAR,2015,,,,,,,,,3.10,3.09918546,,,,2025-12-05T13:23:08Z,2015,2015-01-01,2015-12-31
495538,GHED_GGHE-D_pc_US_SHA2011,COUNTRY,CIV,AFR,Africa,YEAR,2015,,,,,,,,,14.60,14.59856364,,,,2025-12-05T13:23:08Z,2015,2015-01-01,2015-12-31
499350,GHED_GGHE-D_pc_US_SHA2011,COUNTRY,GAB,AFR,Africa,YEAR,2015,,,,,,,,,110.32,110.32209961,,,,2025-12-05T13:23:08Z,2015,2015-01-01,2015-12-31
499946,GHED_GGHE-D_pc_US_SHA2011,COUNTRY,THA,SEAR,South-East Asia,YEAR,2018,,,,,,,,,194.68,194.67660805,,,,2025-12-05T13:23:08Z,2018,2018-01-01,2018-12-31
503604,GHED_GGHE-D_pc_US_SHA2011,COUNTRY,SGP,WPR,Western Pacific,YEAR,2001,,,,,,,,,192.41,192.41054366,,,,2025-12-05T13:23:08Z,2001,2001-01-01,2001-12-31
513314,GHED_GGHE-D_pc_US_SHA2011,COUNTRY,NIU,WPR,Western Pacific,YEAR,2010,,,,,,,,,1051.48,1051.47735111,,,,2025-12-05T13:23:08Z,2010,2010-01-01,2010-12-31
513788,GHED_GGHE-D_pc_US_SHA2011,COUNTRY,CYP,EUR,Europe,YEAR,2014,,,,,,,,,794.86,794.8599209,,,,2025-12-05T13:23:08Z,2014,2014-01-01,2014-12-31
515088,GHED_GGHE-D_pc_US_SHA2011,COUNTRY,NGA,AFR,Africa,YEAR,2013,,,,,,,,,13.92,13.9167045,,,,2025-12-05T13:23:08Z,2013,2013-01-01,2013-12-31
520332,GHED_GGHE-D_pc_US_SHA2011,COUNTRY,EST,EUR,Europe,YEAR,2016,,,,,,,,,912.33,912.33091325,,,,2025-12-05T13:23:08Z,2016,2016-01-01,2016-12-31
523077,GHED_GGHE-D_pc_US_SHA2011,COUNTRY,KAZ,EUR,Europe,YEAR,2021,,,,,,,,,255.98,255.97559837,,,,2025-12-05T13:23:08Z,2021,2021-01-01,2021-12-31
530674,GHED_GGHE-D_pc_US_SHA2011,COUNTRY,SLE,AFR,Africa,YEAR,2019,,,,,,,,,6.55,6.55219883,,,,2025-12-05T13:23:08Z,2019,2019-01-01,2019-12-31
532212,GHED_GGHE-D_pc_US_SHA2011,COUNTRY,CAN,AMR,Americas,YEAR,2012,,,,,,,,,3894.07,3894.0714465,,,,2025-12-05T13:23:08Z,2012,2012-01-01,2012-12-31
533501,GHED_GGHE-D_pc_US_SHA2011,COUNTRY,LVA,EUR,Europe,YEAR,2014,,,,,,,,,511.25,511.25311742,,,,2025-12-05T13:23:08Z,2014,2014-01-01,2014-12-31
534312,GHED_GGHE-D_pc_US_SHA2011,COUNTRY,TJK,EUR,Europe,YEAR,2016,,,,,,,,,15.69,15.69346077,,,,2025-12-05T13:23:08Z,2016,2016-01-01,2016-12-31
537550,GHED_GGHE-D_pc_US_SHA2011,COUNTRY,PLW,WPR,Western Pacific,YEAR,2008,,,,,,,,,318.29,318.2930268,,,,2025-12-05T13:23:08Z,2008,2008-01-01,2008-12-31
540912,GHED_GGHE-D_pc_US_SHA2011,COUNTRY,LVA,EUR,Europe,YEAR,2008,,,,,,,,,551.10,551.09921108,,,,2025-12-05T13:23:08Z,2008,2008-01-01,2008-12-31
541914,GHED_GGHE-D_pc_US_SHA2011,COUNTRY,CZE,EUR,Europe,YEAR,2000,,,,,,,,,304.19,304.18500068,,,,2025-12-05T13:23:08Z,2000,2000-01-01,2000-12-31
545975,GHED_GGHE-D_pc_US_SHA2011,COUNTRY,KGZ,EUR,Europe,YEAR,2012,,,,,,,,,48.94,48.94271279,,,,2025-12-05T13:23:08Z,2012,2012-01-01,2012-12-31
547031,GHED_GGHE-D_pc_US_SHA2011,COUNTRY,MLI,AFR,Africa,YEAR,2000,,,,,,,,,3.31,3.3132198,,,,2025-12-05T13:23:08Z,2000,2000-01-01,2000-12-31
549390,GHED_GGHE-D_pc_US_SHA2011,COUNTRY,PER,AMR,Americas,YEAR,2010,,,,,,,,,125.30,125.29731136,,,,2025-12-05T13:23:08Z,2010,2010-01-01,2010-12-31
550505,GHED_GGHE-D_pc_US_SHA2011,COUNTRY,IRN,EMR,Eastern Mediterranean,YEAR,2008,,,,,,,,,107.10,107.09726394,,,,2025-12-05T13:23:08Z,2008,2008-01-01,2008-12-31
550937,GHED_GGHE-D_pc_US_SHA2011,COUNTRY,MRT,AFR,Africa,YEAR,2011,,,,,,,,,14.48,14.47915548,,,,2025-12-05T13:23:08Z,2011,2011-01-01,2011-12-31
554260,GHED_GGHE-D_pc_US_SHA2011,COUNTRY,ISL,EUR,Europe,YEAR,2020,,,,,,,,,4750.33,4750.32921785,,,,2025-12-05T13:23:08Z,2020,2020-01-01,2020-12-31
554933,GHED_GGHE-D_pc_US_SHA2011,COUNTRY,ARE,EMR,Eastern Mediterranean,YEAR,2005,,,,,,,,,510.64,510.64004829,,,,2025-12-05T13:23:08Z,2005,2005-01-01,2005-12-31
555243,GHED_GGHE-D_pc_US_SHA2011,COUNTRY,LVA,EUR,Europe,YEAR,2005,,,,,,,,,245.52,245.52303025,,,,2025-12-05T13:23:08Z,2005,2005-01-01,2005-12-31
556369,GHED_GGHE-D_pc_US_SHA2011,COUNTRY,GEO,EUR,Europe,YEAR,2021,,,,,,,,,220.81,220.81342725,,,,2025-12-05T13:23:08Z,2021,2021-01-01,2021-12-31
557380,GHED_GGHE-D_pc_US_SHA2011,COUNTRY,SEN,AFR,Africa,YEAR,2015,,,,,,,,,13.13,13.13262801,,,,2025-12-05T13:23:08Z,2015,2015-01-01,2015-12-31
559301,GHED_GGHE-D_pc_US_SHA2011,COUNTRY,BEL,EUR,Europe,YEAR,2008,,,,,,,,,3523.98,3523.97784008,,,,2025-12-05T13:23:08Z,2008,2008-01-01,2008-12-31
559551,GHED_GGHE-D_pc_US_SHA2011,COUNTRY,CZE,EUR,Europe,YEAR,2010,,,,,,,,,1281.23,1281.23325893,,,,2025-12-05T13:23:08Z,2010,2010-01-01,2010-12-31
562815,GHED_GGHE-D_pc_US_SHA2011,COUNTRY,NER,AFR,Africa,YEAR,2006,,,,,,,,,6.84,6.84194483,,,,2025-12-05T13:23:08Z,2006,2006-01-01,2006-12-31
565175,GHED_GGHE-D_pc_US_SHA2011,COUNTRY,LBR,AFR,Africa,YEAR,2016,,,,,,,,,9.54,9.53848031,,,,2025-12-05T13:23:08Z,2016,2016-01-01,2016-12-31
569365,GHED_GGHE-D_pc_US_SHA2011,COUNTRY,EST,EUR,Europe,YEAR,2003,,,,,,,,,278.84,278.84142383,,,,2025-12-05T13:23:08Z,2003,2003-01-01,2003-12-31
575337,GHED_GGHE-D_pc_US_SHA2011,COUNTRY,BGD,SEAR,South-East Asia,YEAR,2010,,,,,,,,,4.24,4.24147434,,,,2025-12-05T13:23:08Z,2010,2010-01-01,2010-12-31
575565,GHED_GGHE-D_pc_US_SHA2011,COUNTRY,COD,AFR,Africa,YEAR,2014,,,,,,,,,2.52,2.52273228,,,,2025-12-05T13:23:08Z,2014,2014-01-01,2014-12-31
575670,GHED_GGHE-D_pc_US_SHA2011,COUNTRY,NIC,AMR,Americas,YEAR,2001,,,,,,,,,25.87,25.86707493,,,,2025-12-05T13:23:08Z,2001,2001-01-01,2001-12-31
576843,GHED_GGHE-D_pc_US_SHA2011,COUNTRY,MCO,EUR,Europe,YEAR,2019,,,,,,,,,6473.91,6473.9129789,,,,2025-12-05T13:23:08Z,2019,2019-01-01,2019-12-31
580615,GHED_GGHE-D_pc_US_SHA2011,COUNTRY,SVN,EUR,Europe,YEAR,2012,,,,,,,,,1399.21,1399.20840222,,,,2025-12-05T13:23:08Z,2012,2012-01-01,2012-12-31
580870,GHED_GGHE-D_pc_US_SHA2011,COUNTRY,POL,EUR,Europe,YEAR,2010,,,,,,,,,577.36,577.36409126,,,,2025-12-05T13:23:08Z,2010,2010-01-01,2010-12-31
580924,GHED_GGHE-D_pc_US_SHA2011,COUNTRY,NPL,SEAR,South-East Asia,YEAR,2000,,,,,,,,,1.29,1.29395059,,,,2025-12-05T13:23:08Z,2000,2000-01-01,2000-12-31
586159,GHED_GGHE-D_pc_US_SHA2011,COUNTRY,KWT,EMR,Eastern Mediterranean,YEAR,2000,,,,,,,,,308.47,308.46713216,,,,2025-12-05T13:23:08Z,2000,2000-01-01,2000-12-31
586262,GHED_GGHE-D_pc_US_SHA2011,COUNTRY,LTU,EUR,Europe,YEAR,2016,,,,,,,,,648.46,648.45709891,,,,2025-12-05T13:23:08Z,2016,2016-01-01,2016-12-31
586581,GHED_GGHE-D_pc_US_SHA2011,COUNTRY,HUN,EUR,Europe,YEAR,2008,,,,,,,,,756.87,756.86802819,,,,2025-12-05T13:23:08Z,2008,2008-01-01,2008-12-31
586751,GHED_GGHE-D_pc_US_SHA2011,REGION,EMR,,,YEAR,2007,,,,,,,,,215.67,215.67124287,,,,2025-12-05T13:23:08Z,2007,2007-01-01,2007-12-31
587532,GHED_GGHE-D_pc_US_SHA2011,WORLDBANKINCOMEGROUP,WB_UMI,,,YEAR,2006,,,,,,,,,119.61,119.60540202,,,,2025-12-05T13:23:08Z,2006,2006-01-01,2006-12-31
588531,GHED_GGHE-D_pc_US_SHA2011,COUNTRY,MHL,WPR,Western Pacific,YEAR,2012,,,,,,,,,187.07,187.07048698,,,,2025-12-05T13:23:08Z,2012,2012-01-01,2012-12-31
588845,GHED_GGHE-D_pc_US_SHA2011,COUNTRY,GRC,EUR,Europe,YEAR,2000,,,,,,,,,545.56,545.56033162,,,,2025-12-05T13:23:08Z,2000,2000-01-01,2000-12-31
590196,GHED_GGHE-D_pc_US_SHA2011,COUNTRY,MKD,EUR,Europe,YEAR,2003,,,,,,,,,117.85,117.84528819,,,,2025-12-05T13:23:08Z,2003,2003-01-01,2003-12-31
590807,GHED_GGHE-D_pc_US_SHA2011,COUNTRY,TUV,WPR,Western Pacific,YEAR,2006,,,,,,,,,236.89,236.89030842,,,,2025-12-05T13:23:08Z,2006,2006-01-01,2006-12-31
594813,GHED_GGHE-D_pc_US_SHA2011,COUNTRY,KWT,EMR,Eastern Mediterranean,YEAR,2008,,,,,,,,,835.17,835.16998618,,,,2025-12-05T13:23:08Z,2008,2008-01-01,2008-12-31
597403,GHED_GGHE-D_pc_US_SHA2011,COUNTRY,PAK,EMR,Eastern Mediterranean,YEAR,2002,,,,,,,,,5.57,5.56866331,,,,2025-12-05T13:23:08Z,2002,2002-01-01,2002-12-31
604461,GHED_GGHE-D_pc_US_SHA2011,COUNTRY,BTN,SEAR,South-East Asia,YEAR,2017,,,,,,,,,77.23,77.2277952,,,,2025-12-05T13:23:08Z,2017,2017-01-01,2017-12-31
605302,GHED_GGHE-D_pc_US_SHA2011,COUNTRY,GAB,AFR,Africa,YEAR,2000,,,,,,,,,45.12,45.12046386,,,,2025-12-05T13:23:08Z,2000,2000-01-01,2000-12-31
608850,GHED_GGHE-D_pc_US_SHA2011,COUNTRY,IRQ,EMR,Eastern Mediterranean,YEAR,2008,,,,,,,,,107.79,107.79322948,,,,2025-12-05T13:23:08Z,2008,2008-01-01,2008-12-31
608932,GHED_GGHE-D_pc_US_SHA2011,REGION,WPR,,,YEAR,2005,,,,,,,,,366.94,366.94193347,,,,2025-12-05T13:23:08Z,2005,2005-01-01,2005-12-31
610988,GHED_GGHE-D_pc_US_SHA2011,COUNTRY,BIH,EUR,Europe,YEAR,2021,,,,,,,,,476.12,476.119003,,,,2025-12-05T13:23:08Z,2021,2021-01-01,2021-12-31
613316,GHED_GGHE-D_pc_US_SHA2011,COUNTRY,GRC,EUR,Europe,YEAR,2013,,,,,,,,,1124.74,1124.73969807,,,,2025-12-05T13:23:08Z,2013,2013-01-01,2013-12-31
615126,GHED_GGHE-D_pc_US_SHA2011,COUNTRY,SYC,AFR,Africa,YEAR,2006,,,,,,,,,387.26,387.25586992,,,,2025-12-05T13:23:08Z,2006,2006-01-01,2006-12-31
618796,GHED_GGHE-D_pc_US_SHA2011,COUNTRY,CAN,AMR,Americas,YEAR,2016,,,,,,,,,3247.89,3247.89281318,,,,2025-12-05T13:23:08Z,2016,2016-01-01,2016-12-31
623658,GHED_GGHE-D_pc_US_SHA2011,COUNTRY,TGO,AFR,Africa,YEAR,2007,,,,,,,,,3.62,3.61508589,,,,2025-12-05T13:23:08Z,2007,2007-01-01,2007-12-31
624678,GHED_GGHE-D_pc_US_SHA2011,REGION,AMR,,,YEAR,2015,,,,,,,,,567.28,567.28088171,,,,2025-12-05T13:23:08Z,2015,2015-01-01,2015-12-31
627053,GHED_GGHE-D_pc_US_SHA2011,COUNTRY,MLT,EUR,Europe,YEAR,2011,,,,,,,,,1264.53,1264.53243102,,,,2025-12-05T13:23:08Z,2011,2011-01-01,2011-12-31
628282,GHED_GGHE-D_pc_US_SHA2011,COUNTRY,BRB,AMR,Americas,YEAR,2023,,,,,,,,,535.71,535.7071287,,,,2025-12-05T13:23:08Z,2023,2023-01-01,2023-12-31
631933,GHED_GGHE-D_pc_US_SHA2011,COUNTRY,DEU,EUR,Europe,YEAR,2010,,,,,,,,,3492.42,3492.42149602,,,,2025-12-05T13:23:08Z,2010,2010-01-01,2010-12-31
637506,GHED_GGHE-D_pc_US_SHA2011,COUNTRY,CHN,WPR,Western Pacific,YEAR,2021,,,,,,,,,362.40,362.39723925,,,,2025-12-05T13:23:08Z,2021,2021-01-01,2021-12-31
638973,GHED_GGHE-D_pc_US_SHA2011,COUNTRY,LKA,SEAR,South-East Asia,YEAR,2023,,,,,,,,,45.07,45.06793358,,,,2025-12-05T13:23:08Z,2023,2023-01-01,2023-12-31
642745,GHED_GGHE-D_pc_US_SHA2011,COUNTRY,LUX,EUR,Europe,YEAR,2014,,,,,,,,,5516.72,5516.71691701,,,,2025-12-05T13:23:08Z,2014,2014-01-01,2014-12-31
645655,GHED_GGHE-D_pc_US_SHA2011,COUNTRY,YEM,EMR,Eastern Mediterranean,YEAR,2007,,,,,,,,,13.93,13.92778889,,,,2025-12-05T13:23:08Z,2007,2007-01-01,2007-12-31
646940,GHED_GGHE-D_pc_US_SHA2011,COUNTRY,LBY,EMR,Eastern Mediterranean,YEAR,2018,,,,,,,,,389.81,389.81335232,,,,2025-12-05T13:23:08Z,2018,2018-01-01,2018-12-31
648058,GHED_GGHE-D_pc_US_SHA2011,COUNTRY,LUX,EUR,Europe,YEAR,2013,,,,,,,,,5330.71,5330.71477206,,,,2025-12-05T13:23:08Z,2013,2013-01-01,2013-12-31
649413,GHED_GGHE-D_pc_US_SHA2011,COUNTRY,BRB,AMR,Americas,YEAR,2001,,,,,,,,,342.71,342.70824567,,,,2025-12-05T13:23:08Z,2001,2001-01-01,2001-12-31
654377,GHED_GGHE-D_pc_US_SHA2011,COUNTRY,DEU,EUR,Europe,YEAR,2015,,,,,,,,,3564.46,3564.46086724,,,,2025-12-05T13:23:08Z,2015,2015-01-01,2015-12-31
662213,GHED_GGHE-D_pc_US_SHA2011,COUNTRY,MDA,EUR,Europe,YEAR,2020,,,,,,,,,198.01,198.00979454,,,,2025-12-05T13:23:08Z,2020,2020-01-01,2020-12-31
662698,GHED_GGHE-D_pc_US_SHA2011,COUNTRY,KNA,AMR,Americas,YEAR,2001,,,,,,,,,192.17,192.16930621,,,,2025-12-05T13:23:08Z,2001,2001-01-01,2001-12-31
663745,GHED_GGHE-D_pc_US_SHA2011,COUNTRY,BRB,AMR,Americas,YEAR,2015,,,,,,,,,540.02,540.01682008,,,,2025-12-05T13:23:08Z,2015,2015-01-01,2015-12-31
670276,GHED_GGHE-D_pc_US_SHA2011,COUNTRY,ITA,EUR,Europe,YEAR,2018,,,,,,,,,2224.02,2224.0157967,,,,2025-12-05T13:23:08Z,2018,2018-01-01,2018-12-31
675955,GHED_GGHE-D_pc_US_SHA2011,COUNTRY,ECU,AMR,Americas,YEAR,2023,,,,,,,,,315.64,315.6365676,,,,2025-12-05T13:23:08Z,2023,2023-01-01,2023-12-31
677962,GHED_GGHE-D_pc_US_SHA2011,COUNTRY,GBR,EUR,Europe,YEAR,2003,,,,,,,,,2173.39,2173.38635381,,,,2025-12-05T13:23:08Z,2003,2003-01-01,2003-12-31
680934,GHED_GGHE-D_pc_US_SHA2011,COUNTRY,ETH,AFR,Africa,YEAR,2022,,,,,,,,,6.84,6.83880189,,,,2025-12-05T13:23:08Z,2022,2022-01-01,2022-12-31
681454,GHED_GGHE-D_pc_US_SHA2011,COUNTRY,MEX,AMR,Americas,YEAR,2012,,,,,,,,,309.19,309.19431937,,,,2025-12-05T13:23:08Z,2012,2012-01-01,2012-12-31
681869,GHED_GGHE-D_pc_US_SHA2011,COUNTRY,GAB,AFR,Africa,YEAR,2007,,,,,,,,,98.72,98.72126863,,,,2025-12-05T13:23:08Z,2007,2007-01-01,2007-12-31
682288,GHED_GGHE-D_pc_US_SHA2011,COUNTRY,AUT,EUR,Europe,YEAR,2018,,,,,,,,,3978.72,3978.72045471,,,,2025-12-05T13:23:08Z,2018,2018-01-01,2018-12-31
682836,GHED_GGHE-D_pc_US_SHA2011,COUNTRY,ESP,EUR,Europe,YEAR,2004,,,,,,,,,1370.96,1370.96281382,,,,2025-12-05T13:23:08Z,2004,2004-01-01,2004-12-31
685507,GHED_GGHE-D_pc_US_SHA2011,COUNTRY,BDI,AFR,Africa,YEAR,2023,,,,,,,,,4.15,4.14727526,,,,2025-12-05T13:23:08Z,2023,2023-01-01,2023-12-31
687909,GHED_GGHE-D_pc_US_SHA2011,COUNTRY,COM,AFR,Africa,YEAR,2020,,,,,,,,,19.64,19.6432668,,,,2025-12-05T13:23:08Z,2020,2020-01-01,2020-12-31
688158,GHED_GGHE-D_pc_US_SHA2011,COUNTRY,POL,EUR,Europe,YEAR,2009,,,,,,,,,544.98,544.98155742,,,,2025-12-05T13:23:08Z,2009,2009-01-01,2009-12-31
693339,GHED_GGHE-D_pc_US_SHA2011,COUNTRY,CPV,AFR,Africa,YEAR,2007,,,,,,,,,90.78,90.77570509,,,,2025-12-05T13:23:08Z,2007,2007-01-01,2007-12-31
698181,GHED_GGHE-D_pc_US_SHA2011,COUNTRY,MLI,AFR,Africa,YEAR,2011,,,,,,,,,4.77,4.77197751,,,,2025-12-05T13:23:08Z,2011,2011-01-01,2011-12-31
699054,GHED_GGHE-D_pc_US_SHA2011,COUNTRY,SWE,EUR,Europe,YEAR,2008,,,,,,,,,3796.16,3796.16359976,,,,2025-12-05T13:23:08Z,2008,2008-01-01,2008-12-31
699896,GHED_GGHE-D_pc_US_SHA2011,COUNTRY,GBR,EUR,Europe,YEAR,2013,,,,,,,,,3449.16,3449.16474633,,,,2025-12-05T13:23:08Z,2013,2013-01-01,2013-12-31
704097,GHED_GGHE-D_pc_US_SHA2011,COUNTRY,PRT,EUR,Europe,YEAR,2001,,,,,,,,,712.63,712.62670682,,,,2025-12-05T13:23:08Z,2001,2001-01-01,2001-12-31
704656,GHED_GGHE-D_pc_US_SHA2011,COUNTRY,AND,EUR,Europe,YEAR,2009,,,,,,,,,1817.89,1817.89248125,,,,2025-12-05T13:23:08Z,2009,2009-01-01,2009-12-31
708837,GHED_GGHE-D_pc_US_SHA2011,COUNTRY,MHL,WPR,Western Pacific,YEAR,2013,,,,,,,,,224.84,224.84125511,,,,2025-12-05T13:23:08Z,2013,2013-01-01,2013-12-31
715678,GHED_GGHE-D_pc_US_SHA2011,COUNTRY,PAK,EMR,Eastern Mediterranean,YEAR,2006,,,,,,,,,4.15,4.1542567,,,,2025-12-05T13:23:08Z,2006,2006-01-01,2006-12-31
719082,GHED_GGHE-D_pc_US_SHA2011,COUNTRY,VUT,WPR,Western Pacific,YEAR,2008,,,,,,,,,59.19,59.1936861,,,,2025-12-05T13:23:08Z,2008,2008-01-01,2008-12-31
723197,GHED_GGHE-D_pc_US_SHA2011,COUNTRY,MNE,EUR,Europe,YEAR,2019,,,,,,,,,459.17,459.16769135,,,,2025-12-05T13:23:08Z,2019,2019-01-01,2019-12-31
724007,GHED_GGHE-D_pc_US_SHA2011,COUNTRY,COD,AFR,Africa,YEAR,2020,,,,,,,,,3.30,3.30221525,,,,2025-12-05T13:23:08Z,2020,2020-01-01,2020-12-31
724476,GHED_GGHE-D_pc_US_SHA2011,COUNTRY,DJI,EMR,Eastern Mediterranean,YEAR,2004,,,,,,,,,16.29,16.28800644,,,,2025-12-05T13:23:08Z,2004,2004-01-01,2004-12-31
728735,GHED_GGHE-D_pc_US_SHA2011,COUNTRY,BIH,EUR,Europe,YEAR,2006,,,,,,,,,153.47,153.46582695,,,,2025-12-05T13:23:08Z,2006,2006-01-01,2006-12-31
731038,GHED_GGHE-D_pc_US_SHA2011,COUNTRY,MLT,EUR,Europe,YEAR,2007,,,,,,,,,1073.08,1073.07779595,,,,2025-12-05T13:23:08Z,2007,2007-01-01,2007-12-31
733815,GHED_GGHE-D_pc_US_SHA2011,COUNTRY,GNQ,AFR,Africa,YEAR,2011,,,,,,,,,101.88,101.88086494,,,,2025-12-05T13:23:08Z,2011,2011-01-01,2011-12-31
737952,GHED_GGHE-D_pc_US_SHA2011,COUNTRY,IRQ,EMR,Eastern Mediterranean,YEAR,2015,,,,,,,,,34.52,34.51941747,,,,2025-12-05T13:23:08Z,2015,2015-01-01,2015-12-31
737996,GHED_GGHE-D_pc_US_SHA2011,COUNTRY,SLV,AMR,Americas,YEAR,2022,,,,,,,,,311.79,311.78931642,,,,2025-12-05T13:23:08Z,2022,2022-01-01,2022-12-31
744214,GHED_GGHE-D_pc_US_SHA2011,COUNTRY,MWI,AFR,Africa,YEAR,2007,,,,,,,,,3.38,3.37715081,,,,2025-12-05T13:23:08Z,2007,2007-01-01,2007-12-31
747801,GHED_GGHE-D_pc_US_SHA2011,COUNTRY,LSO,AFR,Africa,YEAR,2020,,,,,,,,,45.33,45.33159683,,,,2025-12-05T13:23:08Z,2020,2020-01-01,2020-12-31
750980,GHED_GGHE-D_pc_US_SHA2011,COUNTRY,LSO,AFR,Africa,YEAR,2009,,,,,,,,,43.92,43.92244742,,,,2025-12-05T13:23:08Z,2009,2009-01-01,2009-12-31
752945,GHED_GGHE-D_pc_US_SHA2011,COUNTRY,BOL,AMR,Americas,YEAR,2011,,,,,,,,,69.94,69.94304642,,,,2025-12-05T13:23:08Z,2011,2011-01-01,2011-12-31
753415,GHED_GGHE-D_pc_US_SHA2011,COUNTRY,KNA,AMR,Americas,YEAR,2011,,,,,,,,,342.24,342.2442927,,,,2025-12-05T13:23:08Z,2011,2011-01-01,2011-12-31
754348,GHED_GGHE-D_pc_US_SHA2011,COUNTRY,KAZ,EUR,Europe,YEAR,2022,,,,,,,,,259.13,259.13357412,,,,2025-12-05T13:23:08Z,2022,2022-01-01,2022-12-31
758389,GHED_GGHE-D_pc_US_SHA2011,COUNTRY,TLS,SEAR,South-East Asia,YEAR,2007,,,,,,,,,5.22,5.22236486,,,,2025-12-05T13:23:08Z,2007,2007-01-01,2007-12-31
764219,GHED_GGHE-D_pc_US_SHA2011,WORLDBANKINCOMEGROUP,WB_UMI,,,YEAR,2010,,,,,,,,,191.17,191.17162661,,,,2025-12-05T13:23:08Z,2010,2010-01-01,2010-12-31
768701,GHED_GGHE-D_pc_US_SHA2011,COUNTRY,NZL,WPR,Western Pacific,YEAR,2022,,,,,,,,,4208.92,4208.92482241,,,,2025-12-05T13:23:08Z,2022,2022-01-01,2022-12-31
769611,GHED_GGHE-D_pc_US_SHA2011,COUNTRY,CYP,EUR,Europe,YEAR,2023,,,,,,,,,2226.34,2226.34116142,,,,2025-12-05T13:23:08Z,2023,2023-01-01,2023-12-31
770046,GHED_GGHE-D_pc_US_SHA2011,COUNTRY,JAM,AMR,Americas,YEAR,2011,,,,,,,,,162.03,162.03236415,,,,2025-12-05T13:23:08Z,2011,2011-01-01,2011-12-31
771152,GHED_GGHE-D_pc_US_SHA2011,COUNTRY,LTU,EUR,Europe,YEAR,2019,,,,,,,,,885.99,885.990248,,,,2025-12-05T13:23:08Z,2019,2019-01-01,2019-12-31
771636,GHED_GGHE-D_pc_US_SHA2011,REGION,EMR,,,YEAR,2021,,,,,,,,,389.54,389.54485877,,,,2025-12-05T13:23:08Z,2021,2021-01-01,2021-12-31
775701,GHED_GGHE-D_pc_US_SHA2011,REGION,EMR,,,YEAR,2008,,,,,,,,,246.22,246.22091071,,,,2025-12-05T13:23:08Z,2008,2008-01-01,2008-12-31
775975,GHED_GGHE-D_pc_US_SHA2011,COUNTRY,TUV,WPR,Western Pacific,YEAR,2012,,,,,,,,,425.96,425.96091147,,,,2025-12-05T13:23:08Z,2012,2012-01-01,2012-12-31
777098,GHED_GGHE-D_pc_US_SHA2011,COUNTRY,ARE,EMR,Eastern Mediterranean,YEAR,2011,,,,,,,,,1294.60,1294.59726634,,,,2025-12-05T13:23:08Z,2011,2011-01-01,2011-12-31
780162,GHED_GGHE-D_pc_US_SHA2011,COUNTRY,ISR,EUR,Europe,YEAR,2023,,,,,,,,,2562.45,2562.44590575,,,,2025-12-05T13:23:08Z,2023,2023-01-01,2023-12-31
780889,GHED_GGHE-D_pc_US_SHA2011,COUNTRY,AND,EUR,Europe,YEAR,2002,,,,,,,,,1054.79,1054.79146477,,,,2025-12-05T13:23:08Z,2002,2002-01-01,2002-12-31
781381,GHED_GGHE-D_pc_US_SHA2011,COUNTRY,ISR,EUR,Europe,YEAR,2022,,,,,,,,,2550.14,2550.13617941,,,,2025-12-05T13:23:08Z,2022,2022-01-01,2022-12-31
781544,GHED_GGHE-D_pc_US_SHA2011,COUNTRY,BEN,AFR,Africa,YEAR,2000,,,,,,,,,5.53,5.5282638,,,,2025-12-05T13:23:08Z,2000,2000-01-01,2000-12-31
785278,GHED_GGHE-D_pc_US_SHA2011,COUNTRY,BHS,AMR,Americas,YEAR,2022,,,,,,,,,1319.24,1319.2390324,,,,2025-12-05T13:23:08Z,2022,2022-01-01,2022-12-31
790025,GHED_GGHE-D_pc_US_SHA2011,COUNTRY,SRB,EUR,Europe,YEAR,2002,,,,,,,,,125.04,125.03973607,,,,2025-12-05T13:23:08Z,2002,2002-01-01,2002-12-31
791286,GHED_GGHE-D_pc_US_SHA2011,COUNTRY,ECU,AMR,Americas,YEAR,2005,,,,,,,,,50.44,50.44458484,,,,2025-12-05T13:23:08Z,2005,2005-01-01,2005-12-31
791422,GHED_GGHE-D_pc_US_SHA2011,COUNTRY,VNM,WPR,Western Pacific,YEAR,2014,,,,,,,,,52.86,52.86261323,,,,2025-12-05T13:23:08Z,2014,2014-01-01,2014-12-31
795520,GHED_GGHE-D_pc_US_SHA2011,COUNTRY,AND,EUR,Europe,YEAR,2011,,,,,,,,,2616.26,2616.26483331,,,,2025-12-05T13:23:08Z,2011,2011-01-01,2011-12-31
796183,GHED_GGHE-D_pc_US_SHA2011,COUNTRY,PAN,AMR,Americas,YEAR,2011,,,,,,,,,412.27,412.2728523,,,,2025-12-05T13:23:08Z,2011,2011-01-01,2011-12-31
796320,GHED_GGHE-D_pc_US_SHA2011,COUNTRY,SYC,AFR,Africa,YEAR,2010,,,,,,,,,317.22,317.21803715,,,,2025-12-05T13:23:08Z,2010,2010-01-01,2010-12-31
798936,GHED_GGHE-D_pc_US_SHA2011,COUNTRY,IND,SEAR,South-East Asia,YEAR,2017,,,,,,,,,18.67,18.67114483,,,,2025-12-05T13:23:08Z,2017,2017-01-01,2017-12-31
802010,GHED_GGHE-D_pc_US_SHA2011,COUNTRY,ZAF,AFR,Africa,YEAR,2004,,,,,,,,,142.63,142.62744695,,,,2025-12-05T13:23:08Z,2004,2004-01-01,2004-12-31
802185,GHED_GGHE-D_pc_US_SHA2011,COUNTRY,KAZ,EUR,Europe,YEAR,2020,,,,,,,,,216.87,216.86857244,,,,2025-12-05T13:23:08Z,2020,2020-01-01,2020-12-31
802282,GHED_GGHE-D_pc_US_SHA2011,COUNTRY,TUR,EUR,Europe,YEAR,2008,,,,,,,,,408.34,408.34245861,,,,2025-12-05T13:23:08Z,2008,2008-01-01,2008-12-31
810605,GHED_GGHE-D_pc_US_SHA2011,COUNTRY,LKA,SEAR,South-East Asia,YEAR,2013,,,,,,,,,60.48,60.47791141,,,,2025-12-05T13:23:08Z,2013,2013-01-01,2013-12-31
810911,GHED_GGHE-D_pc_US_SHA2011,COUNTRY,PLW,WPR,Western Pacific,YEAR,2013,,,,,,,,,701.88,701.87958976,,,,2025-12-05T13:23:08Z,2013,2013-01-01,2013-12-31
811378,GHED_GGHE-D_pc_US_SHA2011,COUNTRY,AFG,EMR,Eastern Mediterranean,YEAR,2004,,,,,,,,,1.19,1.18582148,,,,2025-12-05T13:23:08Z,2004,2004-01-01,2004-12-31
812372,GHED_GGHE-D_pc_US_SHA2011,COUNTRY,BOL,AMR,Americas,YEAR,2012,,,,,,,,,77.17,77.17410375,,,,2025-12-05T13:23:08Z,2012,2012-01-01,2012-12-31
815682,GHED_GGHE-D_pc_US_SHA2011,COUNTRY,HRV,EUR,Europe,YEAR,2016,,,,,,,,,705.80,705.79735043,,,,2025-12-05T13:23:08Z,2016,2016-01-01,2016-12-31
818502,GHED_GGHE-D_pc_US_SHA2011,COUNTRY,KEN,AFR,Africa,YEAR,2006,,,,,,,,,9.48,9.48090332,,,,2025-12-05T13:23:08Z,2006,2006-01-01,2006-12-31
820311,GHED_GGHE-D_pc_US_SHA2011,COUNTRY,SUR,AMR,Americas,YEAR,2011,,,,,,,,,152.51,152.50526171,,,,2025-12-05T13:23:08Z,2011,2011-01-01,2011-12-31
821157,GHED_GGHE-D_pc_US_SHA2011,COUNTRY,CUB,AMR,Americas,YEAR,2012,,,,,,,,,521.74,521.73858222,,,,2025-12-05T13:23:08Z,2012,2012-01-01,2012-12-31
824091,GHED_GGHE-D_pc_US_SHA2011,COUNTRY,TLS,SEAR,South-East Asia,YEAR,2017,,,,,,,,,56.86,56.85837135,,,,2025-12-05T13:23:08Z,2017,2017-01-01,2017-12-31
826226,GHED_GGHE-D_pc_US_SHA2011,COUNTRY,MMR,SEAR,South-East Asia,YEAR,2016,,,,,,,,,8.35,8.34628996,,,,2025-12-05T13:23:08Z,2016,2016-01-01,2016-12-31
826695,GHED_GGHE-D_pc_US_SHA2011,COUNTRY,FJI,WPR,Western Pacific,YEAR,2010,,,,,,,,,81.57,81.5677238,,,,2025-12-05T13:23:08Z,2010,2010-01-01,2010-12-31
828507,GHED_GGHE-D_pc_US_SHA2011,COUNTRY,COL,AMR,Americas,YEAR,2012,,,,,,,,,382.15,382.14773981,,,,2025-12-05T13:23:08Z,2012,2012-01-01,2012-12-31
829038,GHED_GGHE-D_pc_US_SHA2011,COUNTRY,UZB,EUR,Europe,YEAR,2019,,,,,,,,,41.01,41.01432506,,,,2025-12-05T13:23:08Z,2019,2019-01-01,2019-12-31
830448,GHED_GGHE-D_pc_US_SHA2011,COUNTRY,GMB,AFR,Africa,YEAR,2001,,,,,,,,,4.09,4.09434851,,,,2025-12-05T13:23:08Z,2001,2001-01-01,2001-12-31
834176,GHED_GGHE-D_pc_US_SHA2011,COUNTRY,SVK,EUR,Europe,YEAR,2016,,,,,,,,,940.10,940.09658834,,,,2025-12-05T13:23:08Z,2016,2016-01-01,2016-12-31
834337,GHED_GGHE-D_pc_US_SHA2011,COUNTRY,AGO,AFR,Africa,YEAR,2007,,,,,,,,,54.09,54.0884263,,,,2025-12-05T13:23:08Z,2007,2007-01-01,2007-12-31
834390,GHED_GGHE-D_pc_US_SHA2011,COUNTRY,NGA,AFR,Africa,YEAR,2016,,,,,,,,,9.83,9.83383535,,,,2025-12-05T13:23:08Z,2016,2016-01-01,2016-12-31
840541,GHED_GGHE-D_pc_US_SHA2011,COUNTRY,SLB,WPR,Western Pacific,YEAR,2007,,,,,,,,,61.54,61.53692579,,,,2025-12-05T13:23:08Z,2007,2007-01-01,2007-12-31
843346,GHED_GGHE-D_pc_US_SHA2011,COUNTRY,NIU,WPR,Western Pacific,YEAR,2000,,,,,,,,,290.74,290.73948125,,,,2025-12-05T13:23:08Z,2000,2000-01-01,2000-12-31
846793,GHED_GGHE-D_pc_US_SHA2011,COUNTRY,AUS,WPR,Western Pacific,YEAR,2002,,,,,,,,,1261.02,1261.02385725,,,,2025-12-05T13:23:08Z,2002,2002-01-01,2002-12-31
847252,GHED_GGHE-D_pc_US_SHA2011,COUNTRY,URY,AMR,Americas,YEAR,2019,,,,,,,,,1127.22,1127.21565263,,,,2025-12-05T13:23:08Z,2019,2019-01-01,2019-12-31
847486,GHED_GGHE-D_pc_US_SHA2011,COUNTRY,BFA,AFR,Africa,YEAR,2018,,,,,,,,,16.54,16.54260849,,,,2025-12-05T13:23:08Z,2018,2018-01-01,2018-12-31
854533,GHED_GGHE-D_pc_US_SHA2011,COUNTRY,MLT,EUR,Europe,YEAR,2003,,,,,,,,,756.21,756.20701332,,,,2025-12-05T13:23:08Z,2003,2003-01-01,2003-12-31
863218,GHED_GGHE-D_pc_US_SHA2011,GLOBAL,GLOBAL,,,YEAR,2002,,,,,,,,,332.43,332.42525557,,,,2025-12-05T13:23:08Z,2002,2002-01-01,2002-12-31
863805,GHED_GGHE-D_pc_US_SHA2011,COUNTRY,LSO,AFR,Africa,YEAR,2001,,,,,,,,,15.44,15.44203825,,,,2025-12-05T13:23:08Z,2001,2001-01-01,2001-12-31
868515,GHED_GGHE-D_pc_US_SHA2011,COUNTRY,VUT,WPR,Western Pacific,YEAR,2001,,,,,,,,,33.97,33.97134159,,,,2025-12-05T13:23:08Z,2001,2001-01-01,2001-12-31
869187,GHED_GGHE-D_pc_US_SHA2011,COUNTRY,BWA,AFR,Africa,YEAR,2022,,,,,,,,,358.75,358.75471313,,,,2025-12-05T13:23:08Z,2022,2022-01-01,2022-12-31
871331,GHED_GGHE-D_pc_US_SHA2011,COUNTRY,DNK,EUR,Europe,YEAR,2005,,,,,,,,,3714.95,3714.94895921,,,,2025-12-05T13:23:08Z,2005,2005-01-01,2005-12-31
871651,GHED_GGHE-D_pc_US_SHA2011,COUNTRY,SLE,AFR,Africa,YEAR,2001,,,,,,,,,2.42,2.41954139,,,,2025-12-05T13:23:08Z,2001,2001-01-01,2001-12-31
876105,GHED_GGHE-D_pc_US_SHA2011,COUNTRY,DNK,EUR,Europe,YEAR,2022,,,,,,,,,5446.73,5446.73334422,,,,2025-12-05T13:23:08Z,2022,2022-01-01,2022-12-31
877850,GHED_GGHE-D_pc_US_SHA2011,COUNTRY,VNM,WPR,Western Pacific,YEAR,2016,,,,,,,,,58.35,58.34939658,,,,2025-12-05T13:23:08Z,2016,2016-01-01,2016-12-31
878576,GHED_GGHE-D_pc_US_SHA2011,COUNTRY,GRD,AMR,Americas,YEAR,2019,,,,,,,,,213.55,213.5535841,,,,2025-12-05T13:23:08Z,2019,2019-01-01,2019-12-31
880719,GHED_GGHE-D_pc_US_SHA2011,COUNTRY,RUS,EUR,Europe,YEAR,2012,,,,,,,,,481.30,481.3006771,,,,2025-12-05T13:23:08Z,2012,2012-01-01,2012-12-31
880892,GHED_GGHE-D_pc_US_SHA2011,COUNTRY,KNA,AMR,Americas,YEAR,2003,,,,,,,,,213.05,213.05015803,,,,2025-12-05T13:23:08Z,2003,2003-01-01,2003-12-31
881904,GHED_GGHE-D_pc_US_SHA2011,COUNTRY,LBY,EMR,Eastern Mediterranean,YEAR,2022,,,,,,,,,188.49,188.48684542,,,,2025-12-05T13:23:08Z,2022,2022-01-01,2022-12-31
884609,GHED_GGHE-D_pc_US_SHA2011,COUNTRY,MLT,EUR,Europe,YEAR,2005,,,,,,,,,952.74,952.7423299,,,,2025-12-05T13:23:08Z,2005,2005-01-01,2005-12-31
884951,GHED_GGHE-D_pc_US_SHA2011,COUNTRY,GHA,AFR,Africa,YEAR,2017,,,,,,,,,32.82,32.82320018,,,,2025-12-05T13:23:08Z,2017,2017-01-01,2017-12-31
887311,GHED_GGHE-D_pc_US_SHA2011,COUNTRY,BDI,AFR,Africa,YEAR,2000,,,,,,,,,1.97,1.9708445,,,,2025-12-05T13:23:08Z,2000,2000-01-01,2000-12-31
887940,GHED_GGHE-D_pc_US_SHA2011,COUNTRY,BTN,SEAR,South-East Asia,YEAR,2001,,,,,,,,,25.12,25.11518028,,,,2025-12-05T13:23:08Z,2001,2001-01-01,2001-12-31
889154,GHED_GGHE-D_pc_US_SHA2011,COUNTRY,JPN,WPR,Western Pacific,YEAR,2020,,,,,,,,,3912.57,3912.56946241,,,,2025-12-05T13:23:08Z,2020,2020-01-01,2020-12-31
889812,GHED_GGHE-D_pc_US_SHA2011,COUNTRY,HND,AMR,Americas,YEAR,2011,,,,,,,,,80.74,80.74228756,,,,2025-12-05T13:23:08Z,2011,2011-01-01,2011-12-31
890685,GHED_GGHE-D_pc_US_SHA2011,COUNTRY,MWI,AFR,Africa,YEAR,2004,,,,,,,,,3.36,3.35841844,,,,2025-12-05T13:23:08Z,2004,2004-01-01,2004-12-31
890737,GHED_GGHE-D_pc_US_SHA2011,COUNTRY,BGD,SEAR,South-East Asia,YEAR,2007,,,,,,,,,3.16,3.15697295,,,,2025-12-05T13:23:08Z,2007,2007-01-01,2007-12-31
891360,GHED_GGHE-D_pc_US_SHA2011,COUNTRY,MAR,EMR,Eastern Mediterranean,YEAR,2013,,,,,,,,,62.53,62.53064233,,,,2025-12-05T13:23:08Z,2013,2013-01-01,2013-12-31
897339,GHED_GGHE-D_pc_US_SHA2011,COUNTRY,SLV,AMR,Americas,YEAR,2009,,,,,,,,,119.47,119.46791663,,,,2025-12-05T13:23:08Z,2009,2009-01-01,2009-12-31
898326,GHED_GGHE-D_pc_US_SHA2011,REGION,WPR,,,YEAR,2011,,,,,,,,,666.67,666.67026172,,,,2025-12-05T13:23:08Z,2011,2011-01-01,2011-12-31
898902,GHED_GGHE-D_pc_US_SHA2011,REGION,SEAR,,,YEAR,2014,,,,,,,,,89.95,89.94574431,,,,2025-12-05T13:23:08Z,2014,2014-01-01,2014-12-31
900071,GHED_GGHE-D_pc_US_SHA2011,COUNTRY,MYS,WPR,Western Pacific,YEAR,2016,,,,,,,,,178.98,178.98322754,,,,2025-12-05T13:23:08Z,2016,2016-01-01,2016-12-31
909162,GHED_GGHE-D_pc_US_SHA2011,COUNTRY,KOR,WPR,Western Pacific,YEAR,2022,,,,,,,,,1919.30,1919.30339614,,,,2025-12-05T13:23:08Z,2022,2022-01-01,2022-12-31
910374,GHED_GGHE-D_pc_US_SHA2011,COUNTRY,ISL,EUR,Europe,YEAR,2015,,,,,,,,,3484.17,3484.16877013,,,,2025-12-05T13:23:08Z,2015,2015-01-01,2015-12-31
911011,GHED_GGHE-D_pc_US_SHA2011,COUNTRY,JAM,AMR,Americas,YEAR,2003,,,,,,,,,72.65,72.6509481,,,,2025-12-05T13:23:08Z,2003,2003-01-01,2003-12-31
912300,GHED_GGHE-D_pc_US_SHA2011,WORLDBANKINCOMEGROUP,WB_LI,,,YEAR,2023,,,,,,,,,8.25,8.24633799,,,,2026-01-12T13:50:53Z,2023,2023-01-01,2023-12-31
913985,GHED_GGHE-D_pc_US_SHA2011,COUNTRY,GEO,EUR,Europe,YEAR,2019,,,,,,,,,125.08,125.08350549,,,,2025-12-05T13:23:08Z,2019,2019-01-01,2019-12-31
914429,GHED_GGHE-D_pc_US_SHA2011,COUNTRY,PLW,WPR,Western Pacific,YEAR,2022,,,,,,,,,1077.27,1077.27013458,,,,2025-12-05T13:23:08Z,2022,2022-01-01,2022-12-31
918163,GHED_GGHE-D_pc_US_SHA2011,COUNTRY,BHS,AMR,Americas,YEAR,2000,,,,,,,,,375.55,375.55483546,,,,2025-12-05T13:23:08Z,2000,2000-01-01,2000-12-31
918761,GHED_GGHE-D_pc_US_SHA2011,COUNTRY,CPV,AFR,Africa,YEAR,2012,,,,,,,,,104.62,104.61692194,,,,2025-12-05T13:23:08Z,2012,2012-01-01,2012-12-31
925346,GHED_GGHE-D_pc_US_SHA2011,COUNTRY,TZA,AFR,Africa,YEAR,2004,,,,,,,,,8.04,8.03840021,,,,2025-12-05T13:23:08Z,2004,2004-01-01,2004-12-31
933665,GHED_GGHE-D_pc_US_SHA2011,COUNTRY,BHR,EMR,Eastern Mediterranean,YEAR,2002,,,,,,,,,334.28,334.28051575,,,,2025-12-05T13:23:08Z,2002,2002-01-01,2002-12-31
939091,GHED_GGHE-D_pc_US_SHA2011,COUNTRY,LKA,SEAR,South-East Asia,YEAR,2003,,,,,,,,,22.49,22.48666385,,,,2025-12-05T13:23:08Z,2003,2003-01-01,2003-12-31
939135,GHED_GGHE-D_pc_US_SHA2011,COUNTRY,USA,AMR,Americas,YEAR,2023,,,,,,,,,7269.29,7269.29118467,,,,2025-12-05T13:23:08Z,2023,2023-01-01,2023-12-31
940805,GHED_GGHE-D_pc_US_SHA2011,COUNTRY,LKA,SEAR,South-East Asia,YEAR,2000,,,,,,,,,22.82,22.81882447,,,,2025-12-05T13:23:08Z,2000,2000-01-01,2000-12-31
941002,GHED_GGHE-D_pc_US_SHA2011,COUNTRY,HTI,AMR,Americas,YEAR,2009,,,,,,,,,9.24,9.24497819,,,,2025-12-05T13:23:08Z,2009,2009-01-01,2009-12-31
942623,GHED_GGHE-D_pc_US_SHA2011,COUNTRY,BTN,SEAR,South-East Asia,YEAR,2022,,,,,,,,,75.33,75.32982891,,,,2025-12-05T13:23:08Z,2022,2022-01-01,2022-12-31
943286,GHED_GGHE-D_pc_US_SHA2011,COUNTRY,NZL,WPR,Western Pacific,YEAR,2007,,,,,,,,,2145.50,2145.50331649,,,,2025-12-05T13:23:08Z,2007,2007-01-01,2007-12-31
943711,GHED_GGHE-D_pc_US_SHA2011,COUNTRY,SWZ,AFR,Africa,YEAR,2012,,,,,,,,,148.41,148.41121369,,,,2025-12-05T13:23:08Z,2012,2012-01-01,2012-12-31
945725,GHED_GGHE-D_pc_US_SHA2011,COUNTRY,MNG,WPR,Western Pacific,YEAR,2007,,,,,,,,,46.80,46.79760328,,,,2025-12-05T13:23:08Z,2007,2007-01-01,2007-12-31
947130,GHED_GGHE-D_pc_US_SHA2011,COUNTRY,NLD,EUR,Europe,YEAR,2020,,,,,,,,,4043.39,4043.38593465,,,,2025-12-05T13:23:08Z,2020,2020-01-01,2020-12-31
949741,GHED_GGHE-D_pc_US_SHA2011,COUNTRY,KAZ,EUR,Europe,YEAR,2017,,,,,,,,,169.26,169.26313974,,,,2025-12-05T13:23:08Z,2017,2017-01-01,2017-12-31
950936,GHED_GGHE-D_pc_US_SHA2011,COUNTRY,BTN,SEAR,South-East Asia,YEAR,2020,,,,,,,,,104.64,104.63741452,,,,2025-12-05T13:23:08Z,2020,2020-01-01,2020-12-31
951588,GHED_GGHE-D_pc_US_SHA2011,COUNTRY,KOR,WPR,Western Pacific,YEAR,2000,,,,,,,,,240.54,240.53667132,,,,2025-12-05T13:23:08Z,2000,2000-01-01,2000-12-31
955640,GHED_GGHE-D_pc_US_SHA2011,COUNTRY,TUR,EUR,Europe,YEAR,2004,,,,,,,,,209.85,209.84582246,,,,2025-12-05T13:23:08Z,2004,2004-01-01,2004-12-31
958333,GHED_GGHE-D_pc_US_SHA2011,COUNTRY,AUS,WPR,Western Pacific,YEAR,2016,,,,,,,,,3869.02,3869.0194998,,,,2025-12-05T13:23:08Z,2016,2016-01-01,2016-12-31
961370,GHED_GGHE-D_pc_US_SHA2011,COUNTRY,CAN,AMR,Americas,YEAR,2018,,,,,,,,,3517.96,3517.9554276,,,,2025-12-05T13:23:08Z,2018,2018-01-01,2018-12-31
962253,GHED_GGHE-D_pc_US_SHA2011,COUNTRY,OMN,EMR,Eastern Mediterranean,YEAR,2010,,,,,,,,,482.69,482.69214831,,,,2025-12-05T13:23:08Z,2010,2010-01-01,2010-12-31
965342,GHED_GGHE-D_pc_US_SHA2011,COUNTRY,BHR,EMR,Eastern Mediterranean,YEAR,2000,,,,,,,,,320.98,320.9773936,,,,2025-12-05T13:23:08Z,2000,2000-01-01,2000-12-31
968887,GHED_GGHE-D_pc_US_SHA2011,COUNTRY,RUS,EUR,Europe,YEAR,2008,,,,,,,,,380.01,380.00736107,,,,2025-12-05T13:23:08Z,2008,2008-01-01,2008-12-31
969732,GHED_GGHE-D_pc_US_SHA2011,COUNTRY,LCA,AMR,Americas,YEAR,2021,,,,,,,,,287.89,287.88554985,,,,2025-12-05T13:23:08Z,2021,2021-01-01,2021-12-31
971254,GHED_GGHE-D_pc_US_SHA2011,COUNTRY,BGR,EUR,Europe,YEAR,2021,,,,,,,,,714.14,714.13662662,,,,2025-12-05T13:23:08Z,2021,2021-01-01,2021-12-31
971825,GHED_GGHE-D_pc_US_SHA2011,COUNTRY,COG,AFR,Africa,YEAR,2016,,,,,,,,,23.43,23.43401083,,,,2025-12-05T13:23:08Z,2016,2016-01-01,2016-12-31
972724,GHED_GGHE-D_pc_US_SHA2011,COUNTRY,UZB,EUR,Europe,YEAR,2017,,,,,,,,,38.77,38.7654045,,,,2025-12-05T13:23:08Z,2017,2017-01-01,2017-12-31
972962,GHED_GGHE-D_pc_US_SHA2011,COUNTRY,CHN,WPR,Western Pacific,YEAR,2004,,,,,,,,,19.44,19.44129987,,,,2025-12-05T13:23:08Z,2004,2004-01-01,2004-12-31
973430,GHED_GGHE-D_pc_US_SHA2011,COUNTRY,CHE,EUR,Europe,YEAR,2013,,,,,,,,,3098.29,3098.29310742,,,,2025-12-05T13:23:08Z,2013,2013-01-01,2013-12-31
976410,GHED_GGHE-D_pc_US_SHA2011,COUNTRY,MAR,EMR,Eastern Mediterranean,YEAR,2001,,,,,,,,,14.86,14.86070315,,,,2025-12-05T13:23:08Z,2001,2001-01-01,2001-12-31
976848,GHED_GGHE-D_pc_US_SHA2011,COUNTRY,GNB,AFR,Africa,YEAR,2003,,,,,,,,,1.80,1.80429914,,,,2025-12-05T13:23:08Z,2003,2003-01-01,2003-12-31
978448,GHED_GGHE-D_pc_US_SHA2011,COUNTRY,PLW,WPR,Western Pacific,YEAR,2005,,,,,,,,,326.00,326.00065595,,,,2025-12-05T13:23:08Z,2005,2005-01-01,2005-12-31
981502,GHED_GGHE-D_pc_US_SHA2011,COUNTRY,MDG,AFR,Africa,YEAR,2004,,,,,,,,,5.92,5.9157699,,,,2025-12-05T13:23:08Z,2004,2004-01-01,2004-12-31
985092,GHED_GGHE-D_pc_US_SHA2011,COUNTRY,COG,AFR,Africa,YEAR,2015,,,,,,,,,26.10,26.09707824,,,,2025-12-05T13:23:08Z,2015,2015-01-01,2015-12-31
988492,GHED_GGHE-D_pc_US_SHA2011,COUNTRY,ECU,AMR,Americas,YEAR,2006,,,,,,,,,60.39,60.38971069,,,,2025-12-05T13:23:08Z,2006,2006-01-01,2006-12-31
990563,GHED_GGHE-D_pc_US_SHA2011,COUNTRY,ARG,AMR,Americas,YEAR,2015,,,,,,,,,1009.12,1009.11611293,,,,2025-12-05T13:23:08Z,2015,2015-01-01,2015-12-31
990627,GHED_GGHE-D_pc_US_SHA2011,COUNTRY,COD,AFR,Africa,YEAR,2004,,,,,,,,,0.37,0.36617992,,,,2025-12-05T13:23:08Z,2004,2004-01-01,2004-12-31
994260,GHED_GGHE-D_pc_US_SHA2011,COUNTRY,FSM,WPR,Western Pacific,YEAR,2019,,,,,,,,,62.64,62.64259761,,,,2025-12-05T13:23:08Z,2019,2019-01-01,2019-12-31
994261,GHED_GGHE-D_pc_US_SHA2011,COUNTRY,UZB,EUR,Europe,YEAR,2010,,,,,,,,,37.20,37.20357901,,,,2025-12-05T13:23:08Z,2010,2010-01-01,2010-12-31
998933,GHED_GGHE-D_pc_US_SHA2011,COUNTRY,SWE,EUR,Europe,YEAR,2009,,,,,,,,,3391.44,3391.43530362,,,,2025-12-05T13:23:08Z,2009,2009-01-01,2009-12-31
999336,GHED_GGHE-D_pc_US_SHA2011,COUNTRY,TKM,EUR,Europe,YEAR,2016,,,,,,,,,69.98,69.97905155,,,,2025-12-05T13:23:08Z,2016,2016-01-01,2016-12-31
999839,GHED_GGHE-D_pc_US_SHA2011,COUNTRY,UGA,AFR,Africa,YEAR,2014,,,,,,,,,9.08,9.07878612,,,,2025-12-05T13:23:08Z,2014,2014-01-01,2014-12-31
1001696,GHED_GGHE-D_pc_US_SHA2011,COUNTRY,GMB,AFR,Africa,YEAR,2014,,,,,,,,,6.20,6.20423016,,,,2025-12-05T13:23:08Z,2014,2014-01-01,2014-12-31
1001778,GHED_GGHE-D_pc_US_SHA2011,COUNTRY,SRB,EUR,Europe,YEAR,2000,,,,,,,,,36.97,36.97342488,,,,2025-12-05T13:23:08Z,2000,2000-01-01,2000-12-31
1005688,GHED_GGHE-D_pc_US_SHA2011,COUNTRY,ECU,AMR,Americas,YEAR,2018,,,,,,,,,314.87,314.87282519,,,,2025-12-05T13:23:08Z,2018,2018-01-01,2018-12-31
1006461,GHED_GGHE-D_pc_US_SHA2011,COUNTRY,CMR,AFR,Africa,YEAR,2011,,,,,,,,,8.67,8.67433582,,,,2025-12-05T13:23:08Z,2011,2011-01-01,2011-12-31
1011052,GHED_GGHE-D_pc_US_SHA2011,COUNTRY,URY,AMR,Americas,YEAR,2022,,,,,,,,,1307.92,1307.92405535,,,,2025-12-05T13:23:08Z,2022,2022-01-01,2022-12-31
1011504,GHED_GGHE-D_pc_US_SHA2011,COUNTRY,JAM,AMR,Americas,YEAR,2008,,,,,,,,,148.45,148.44725603,,,,2025-12-05T13:23:08Z,2008,2008-01-01,2008-12-31
1017569,GHED_GGHE-D_pc_US_SHA2011,COUNTRY,ARE,EMR,Eastern Mediterranean,YEAR,2000,,,,,,,,,485.96,485.96447217,,,,2025-12-05T13:23:08Z,2000,2000-01-01,2000-12-31
1018764,GHED_GGHE-D_pc_US_SHA2011,COUNTRY,KAZ,EUR,Europe,YEAR,2002,,,,,,,,,30.43,30.42907388,,,,2025-12-05T13:23:08Z,2002,2002-01-01,2002-12-31
1019954,GHED_GGHE-D_pc_US_SHA2011,COUNTRY,BRN,WPR,Western Pacific,YEAR,2009,,,,,,,,,669.05,669.05298522,,,,2025-12-05T13:23:08Z,2009,2009-01-01,2009-12-31
1021704,GHED_GGHE-D_pc_US_SHA2011,COUNTRY,BTN,SEAR,South-East Asia,YEAR,2013,,,,,,,,,59.53,59.52579822,,,,2025-12-05T13:23:08Z,2013,2013-01-01,2013-12-31
1022888,GHED_GGHE-D_pc_US_SHA2011,COUNTRY,NER,AFR,Africa,YEAR,2005,,,,,,,,,6.10,6.09995969,,,,2025-12-05T13:23:08Z,2005,2005-01-01,2005-12-31
1025479,GHED_GGHE-D_pc_US_SHA2011,COUNTRY,CZE,EUR,Europe,YEAR,2007,,,,,,,,,930.24,930.24390895,,,,2025-12-05T13:23:08Z,2007,2007-01-01,2007-12-31
1025816,GHED_GGHE-D_pc_US_SHA2011,COUNTRY,ARE,EMR,Eastern Mediterranean,YEAR,2010,,,,,,,,,1147.83,1147.82942054,,,,2025-12-05T13:23:08Z,2010,2010-01-01,2010-12-31
1028700,GHED_GGHE-D_pc_US_SHA2011,COUNTRY,NER,AFR,Africa,YEAR,2023,,,,,,,,,6.24,6.24448994,,,,2025-12-05T13:23:08Z,2023,2023-01-01,2023-12-31
1030698,GHED_GGHE-D_pc_US_SHA2011,COUNTRY,AUS,WPR,Western Pacific,YEAR,2018,,,,,,,,,4165.00,4164.99577735,,,,2025-12-05T13:23:08Z,2018,2018-01-01,2018-12-31
1032915,GHED_GGHE-D_pc_US_SHA2011,COUNTRY,LBR,AFR,Africa,YEAR,2000,,,,,,,,,1.90,1.90359303,,,,2025-12-05T13:23:08Z,2000,2000-01-01,2000-12-31
1032948,GHED_GGHE-D_pc_US_SHA2011,COUNTRY,MLT,EUR,Europe,YEAR,2018,,,,,,,,,1751.93,1751.93177585,,,,2025-12-05T13:23:08Z,2018,2018-01-01,2018-12-31
1033761,GHED_GGHE-D_pc_US_SHA2011,COUNTRY,BRN,WPR,Western Pacific,YEAR,2023,,,,,,,,,678.29,678.28850969,,,,2025-12-05T13:23:08Z,2023,2023-01-01,2023-12-31
1034769,GHED_GGHE-D_pc_US_SHA2011,COUNTRY,LTU,EUR,Europe,YEAR,2005,,,,,,,,,266.45,266.45205559,,,,2025-12-05T13:23:08Z,2005,2005-01-01,2005-12-31
1042760,GHED_GGHE-D_pc_US_SHA2011,COUNTRY,PRY,AMR,Americas,YEAR,2005,,,,,,,,,31.25,31.25394243,,,,2025-12-05T13:23:08Z,2005,2005-01-01,2005-12-31
1044927,GHED_GGHE-D_pc_US_SHA2011,COUNTRY,PAK,EMR,Eastern Mediterranean,YEAR,2001,,,,,,,,,4.68,4.68273034,,,,2025-12-05T13:23:08Z,2001,2001-01-01,2001-12-31
1045139,GHED_GGHE-D_pc_US_SHA2011,COUNTRY,SWZ,AFR,Africa,YEAR,2008,,,,,,,,,133.61,133.60904457,,,,2025-12-05T13:23:08Z,2008,2008-01-01,2008-12-31
1048501,GHED_GGHE-D_pc_US_SHA2011,COUNTRY,MAR,EMR,Eastern Mediterranean,YEAR,2021,,,,,,,,,86.69,86.68943846,,,,2025-12-05T13:23:08Z,2021,2021-01-01,2021-12-31
1050576,GHED_GGHE-D_pc_US_SHA2011,COUNTRY,URY,AMR,Americas,YEAR,2020,,,,,,,,,1025.10,1025.10172318,,,,2025-12-05T13:23:08Z,2020,2020-01-01,2020-12-31
1050781,GHED_GGHE-D_pc_US_SHA2011,COUNTRY,NLD,EUR,Europe,YEAR,2017,,,,,,,,,3174.07,3174.06944777,,,,2025-12-05T13:23:08Z,2017,2017-01-01,2017-12-31
1051870,GHED_GGHE-D_pc_US_SHA2011,COUNTRY,LCA,AMR,Americas,YEAR,2017,,,,,,,,,230.91,230.91140272,,,,2025-12-05T13:23:08Z,2017,2017-01-01,2017-12-31
1058194,GHED_GGHE-D_pc_US_SHA2011,REGION,AMR,,,YEAR,2009,,,,,,,,,427.39,427.38624574,,,,2025-12-05T13:23:08Z,2009,2009-01-01,2009-12-31
1062358,GHED_GGHE-D_pc_US_SHA2011,COUNTRY,NZL,WPR,Western Pacific,YEAR,2002,,,,,,,,,936.78,936.7797119,,,,2025-12-05T13:23:08Z,2002,2002-01-01,2002-12-31
1063403,GHED_GGHE-D_pc_US_SHA2011,COUNTRY,QAT,EMR,Eastern Mediterranean,YEAR,2023,,,,,,,,,1498.00,1498.00321148,,,,2025-12-05T13:23:08Z,2023,2023-01-01,2023-12-31
1064257,GHED_GGHE-D_pc_US_SHA2011,COUNTRY,ARM,EUR,Europe,YEAR,2015,,,,,,,,,58.17,58.17199341,,,,2025-12-05T13:23:08Z,2015,2015-01-01,2015-12-31
1065503,GHED_GGHE-D_pc_US_SHA2011,COUNTRY,SMR,EUR,Europe,YEAR,2008,,,,,,,,,3515.77,3515.76985296,,,,2025-12-05T13:23:08Z,2008,2008-01-01,2008-12-31
1065670,GHED_GGHE-D_pc_US_SHA2011,COUNTRY,NIU,WPR,Western Pacific,YEAR,2004,,,,,,,,,744.04,744.04424438,,,,2025-12-05T13:23:08Z,2004,2004-01-01,2004-12-31
1067710,GHED_GGHE-D_pc_US_SHA2011,COUNTRY,MKD,EUR,Europe,YEAR,2018,,,,,,,,,248.22,248.2214782,,,,2025-12-05T13:23:08Z,2018,2018-01-01,2018-12-31
1068789,GHED_GGHE-D_pc_US_SHA2011,COUNTRY,COK,WPR,Western Pacific,YEAR,2015,,,,,,,,,433.61,433.61391104,,,,2025-12-05T13:23:08Z,2015,2015-01-01,2015-12-31
1069386,GHED_GGHE-D_pc_US_SHA2011,COUNTRY,USA,AMR,Americas,YEAR,2010,,,,,,,,,3836.59,3836.58617516,,,,2025-12-05T13:23:08Z,2010,2010-01-01,2010-12-31
1070062,GHED_GGHE-D_pc_US_SHA2011,COUNTRY,NPL,SEAR,South-East Asia,YEAR,2018,,,,,,,,,12.06,12.05807184,,,,2025-12-05T13:23:08Z,2018,2018-01-01,2018-12-31
1075508,GHED_GGHE-D_pc_US_SHA2011,COUNTRY,FJI,WPR,Western Pacific,YEAR,2001,,,,,,,,,44.16,44.16471914,,,,2025-12-05T13:23:08Z,2001,2001-01-01,2001-12-31
1076262,GHED_GGHE-D_pc_US_SHA2011,COUNTRY,ATG,AMR,Americas,YEAR,2013,,,,,,,,,414.50,414.50436345,,,,2025-12-05T13:23:08Z,2013,2013-01-01,2013-12-31
1080158,GHED_GGHE-D_pc_US_SHA2011,COUNTRY,BLR,EUR,Europe,YEAR,2007,,,,,,,,,195.56,195.55992686,,,,2025-12-05T13:23:08Z,2007,2007-01-01,2007-12-31
1081512,GHED_GGHE-D_pc_US_SHA2011,COUNTRY,VCT,AMR,Americas,YEAR,2016,,,,,,,,,198.03,198.03496119,,,,2025-12-05T13:23:08Z,2016,2016-01-01,2016-12-31
1083978,GHED_GGHE-D_pc_US_SHA2011,REGION,EUR,,,YEAR,2021,,,,,,,,,2400.62,2400.62066774,,,,2025-12-05T13:23:08Z,2021,2021-01-01,2021-12-31
1084256,GHED_GGHE-D_pc_US_SHA2011,COUNTRY,FJI,WPR,Western Pacific,YEAR,2019,,,,,,,,,157.25,157.24529404,,,,2025-12-05T13:23:08Z,2019,2019-01-01,2019-12-31
1088421,GHED_GGHE-D_pc_US_SHA2011,COUNTRY,CRI,AMR,Americas,YEAR,2008,,,,,,,,,351.38,351.38082252,,,,2025-12-05T13:23:08Z,2008,2008-01-01,2008-12-31
1089291,GHED_GGHE-D_pc_US_SHA2011,COUNTRY,AND,EUR,Europe,YEAR,2012,,,,,,,,,1938.35,1938.35381778,,,,2025-12-05T13:23:08Z,2012,2012-01-01,2012-12-31
1089571,GHED_GGHE-D_pc_US_SHA2011,COUNTRY,CHL,AMR,Americas,YEAR,2015,,,,,,,,,538.81,538.81190558,,,,2025-12-05T13:23:08Z,2015,2015-01-01,2015-12-31
1090770,GHED_GGHE-D_pc_US_SHA2011,COUNTRY,DMA,AMR,Americas,YEAR,2006,,,,,,,,,152.90,152.90050741,,,,2025-12-05T13:23:08Z,2006,2006-01-01,2006-12-31
1093916,GHED_GGHE-D_pc_US_SHA2011,COUNTRY,ARM,EUR,Europe,YEAR,2000,,,,,,,,,5.84,5.83862061,,,,2025-12-05T13:23:08Z,2000,2000-01-01,2000-12-31
1096501,GHED_GGHE-D_pc_US_SHA2011,COUNTRY,MNE,EUR,Europe,YEAR,2013,,,,,,,,,345.25,345.25118579,,,,2025-12-05T13:23:08Z,2013,2013-01-01,2013-12-31
1102038,GHED_GGHE-D_pc_US_SHA2011,COUNTRY,ETH,AFR,Africa,YEAR,2020,,,,,,,,,7.98,7.98433651,,,,2025-12-05T13:23:08Z,2020,2020-01-01,2020-12-31
1106777,GHED_GGHE-D_pc_US_SHA2011,COUNTRY,TUR,EUR,Europe,YEAR,2021,,,,,,,,,339.90,339.90366841,,,,2025-12-05T13:23:08Z,2021,2021-01-01,2021-12-31
1107735,GHED_GGHE-D_pc_US_SHA2011,COUNTRY,ROU,EUR,Europe,YEAR,2002,,,,,,,,,77.65,77.64548449,,,,2025-12-05T13:23:08Z,2002,2002-01-01,2002-12-31
1107898,GHED_GGHE-D_pc_US_SHA2011,COUNTRY,MMR,SEAR,South-East Asia,YEAR,2011,,,,,,,,,3.28,3.27739687,,,,2025-12-05T13:23:08Z,2011,2011-01-01,2011-12-31
1108162,GHED_GGHE-D_pc_US_SHA2011,COUNTRY,GNB,AFR,Africa,YEAR,2016,,,,,,,,,3.29,3.29394944,,,,2025-12-05T13:23:08Z,2016,2016-01-01,2016-12-31
1110991,GHED_GGHE-D_pc_US_SHA2011,COUNTRY,DZA,AFR,Africa,YEAR,2013,,,,,,,,,234.16,234.15631731,,,,2025-12-05T13:23:08Z,2013,2013-01-01,2013-12-31
1114156,GHED_GGHE-D_pc_US_SHA2011,COUNTRY,POL,EUR,Europe,YEAR,2022,,,,,,,,,899.92,899.91883102,,,,2025-12-05T13:23:08Z,2022,2022-01-01,2022-12-31
1119254,GHED_GGHE-D_pc_US_SHA2011,COUNTRY,MLI,AFR,Africa,YEAR,2015,,,,,,,,,6.48,6.47927415,,,,2025-12-05T13:23:08Z,2015,2015-01-01,2015-12-31
1121417,GHED_GGHE-D_pc_US_SHA2011,COUNTRY,ARE,EMR,Eastern Mediterranean,YEAR,2014,,,,,,,,,1261.06,1261.05950746,,,,2025-12-05T13:23:08Z,2014,2014-01-01,2014-12-31
1121884,GHED_GGHE-D_pc_US_SHA2011,COUNTRY,UZB,EUR,Europe,YEAR,2021,,,,,,,,,61.32,61.32478899,,,,2025-12-05T13:23:08Z,2021,2021-01-01,2021-12-31
1124916,GHED_GGHE-D_pc_US_SHA2011,COUNTRY,BLR,EUR,Europe,YEAR,2009,,,,,,,,,186.23,186.23154075,,,,2025-12-05T13:23:08Z,2009,2009-01-01,2009-12-31
1126580,GHED_GGHE-D_pc_US_SHA2011,COUNTRY,MUS,AFR,Africa,YEAR,2019,,,,,,,,,281.08,281.08156849,,,,2025-12-05T13:23:08Z,2019,2019-01-01,2019-12-31
1126907,GHED_GGHE-D_pc_US_SHA2011,COUNTRY,MNG,WPR,Western Pacific,YEAR,2003,,,,,,,,,18.87,18.86530851,,,,2025-12-05T13:23:08Z,2003,2003-01-01,2003-12-31
1132937,GHED_GGHE-D_pc_US_SHA2011,COUNTRY,EGY,EMR,Eastern Mediterranean,YEAR,2013,,,,,,,,,40.87,40.87499904,,,,2025-12-05T13:23:08Z,2013,2013-01-01,2013-12-31
1133817,GHED_GGHE-D_pc_US_SHA2011,COUNTRY,HRV,EUR,Europe,YEAR,2007,,,,,,,,,899.28,899.27924969,,,,2025-12-05T13:23:08Z,2007,2007-01-01,2007-12-31
1134066,GHED_GGHE-D_pc_US_SHA2011,COUNTRY,TUV,WPR,Western Pacific,YEAR,2017,,,,,,,,,797.63,797.62866764,,,,2025-12-05T13:23:08Z,2017,2017-01-01,2017-12-31
1135095,GHED_GGHE-D_pc_US_SHA2011,REGION,EUR,,,YEAR,2010,,,,,,,,,1715.16,1715.16182842,,,,2025-12-05T13:23:08Z,2010,2010-01-01,2010-12-31
1140790,GHED_GGHE-D_pc_US_SHA2011,COUNTRY,NZL,WPR,Western Pacific,YEAR,2013,,,,,,,,,2982.39,2982.38626805,,,,2025-12-05T13:23:08Z,2013,2013-01-01,2013-12-31
1141209,GHED_GGHE-D_pc_US_SHA2011,COUNTRY,BGR,EUR,Europe,YEAR,2003,,,,,,,,,118.84,118.84364516,,,,2025-12-05T13:23:08Z,2003,2003-01-01,2003-12-31
1141347,GHED_GGHE-D_pc_US_SHA2011,COUNTRY,MLT,EUR,Europe,YEAR,2016,,,,,,,,,1466.46,1466.45934656,,,,2025-12-05T13:23:08Z,2016,2016-01-01,2016-12-31
1143076,GHED_GGHE-D_pc_US_SHA2011,COUNTRY,BEN,AFR,Africa,YEAR,2018,,,,,,,,,7.67,7.6729052,,,,2025-12-05T13:23:08Z,2018,2018-01-01,2018-12-31
1145082,GHED_GGHE-D_pc_US_SHA2011,COUNTRY,LUX,EUR,Europe,YEAR,2007,,,,,,,,,5695.17,5695.17016176,,,,2025-12-05T13:23:08Z,2007,2007-01-01,2007-12-31
1145696,GHED_GGHE-D_pc_US_SHA2011,COUNTRY,BHS,AMR,Americas,YEAR,2019,,,,,,,,,947.81,947.80875347,,,,2025-12-05T13:23:08Z,2019,2019-01-01,2019-12-31
1146025,GHED_GGHE-D_pc_US_SHA2011,COUNTRY,BGD,SEAR,South-East Asia,YEAR,2005,,,,,,,,,2.48,2.47526197,,,,2025-12-05T13:23:08Z,2005,2005-01-01,2005-12-31
1146269,GHED_GGHE-D_pc_US_SHA2011,COUNTRY,STP,AFR,Africa,YEAR,2021,,,,,,,,,80.20,80.19544512,,,,2025-12-05T13:23:08Z,2021,2021-01-01,2021-12-31
1147131,GHED_GGHE-D_pc_US_SHA2011,COUNTRY,DOM,AMR,Americas,YEAR,2022,,,,,,,,,284.49,284.48919266,,,,2025-12-05T13:23:08Z,2022,2022-01-01,2022-12-31
1152456,GHED_GGHE-D_pc_US_SHA2011,COUNTRY,BLR,EUR,Europe,YEAR,2023,,,,,,,,,372.65,372.64830161,,,,2025-12-05T13:23:08Z,2023,2023-01-01,2023-12-31
1153738,GHED_GGHE-D_pc_US_SHA2011,COUNTRY,SAU,EMR,Eastern Mediterranean,YEAR,2002,,,,,,,,,325.30,325.29894699,,,,2025-12-05T13:23:08Z,2002,2002-01-01,2002-12-31
1156065,GHED_GGHE-D_pc_US_SHA2011,WORLDBANKINCOMEGROUP,WB_HI,,,YEAR,2001,,,,,,,,,818.07,818.0705129,,,,2025-12-05T13:23:08Z,2001,2001-01-01,2001-12-31
1156174,GHED_GGHE-D_pc_US_SHA2011,COUNTRY,BEL,EUR,Europe,YEAR,2010,,,,,,,,,3453.81,3453.80932392,,,,2025-12-05T13:23:08Z,2010,2010-01-01,2010-12-31
1158753,GHED_GGHE-D_pc_US_SHA2011,COUNTRY,MWI,AFR,Africa,YEAR,2006,,,,,,,,,4.02,4.02493303,,,,2025-12-05T13:23:08Z,2006,2006-01-01,2006-12-31
1162433,GHED_GGHE-D_pc_US_SHA2011,REGION,EMR,,,YEAR,2012,,,,,,,,,337.49,337.48834066,,,,2025-12-05T13:23:08Z,2012,2012-01-01,2012-12-31
1164158,GHED_GGHE-D_pc_US_SHA2011,COUNTRY,MLI,AFR,Africa,YEAR,2007,,,,,,,,,5.62,5.62305497,,,,2025-12-05T13:23:08Z,2007,2007-01-01,2007-12-31
1165934,GHED_GGHE-D_pc_US_SHA2011,REGION,EMR,,,YEAR,2022,,,,,,,,,379.22,379.22259898,,,,2025-12-05T13:23:08Z,2022,2022-01-01,2022-12-31
1168024,GHED_GGHE-D_pc_US_SHA2011,COUNTRY,HRV,EUR,Europe,YEAR,2019,,,,,,,,,867.25,867.24771041,,,,2025-12-05T13:23:08Z,2019,2019-01-01,2019-12-31
1168441,GHED_GGHE-D_pc_US_SHA2011,COUNTRY,DEU,EUR,Europe,YEAR,2001,,,,,,,,,1834.84,1834.84232241,,,,2025-12-05T13:23:08Z,2001,2001-01-01,2001-12-31
1169821,GHED_GGHE-D_pc_US_SHA2011,COUNTRY,BGR,EUR,Europe,YEAR,2007,,,,,,,,,201.38,201.38201398,,,,2025-12-05T13:23:08Z,2007,2007-01-01,2007-12-31
1171614,GHED_GGHE-D_pc_US_SHA2011,COUNTRY,IRQ,EMR,Eastern Mediterranean,YEAR,2014,,,,,,,,,66.61,66.60584828,,,,2025-12-05T13:23:08Z,2014,2014-01-01,2014-12-31
1173059,GHED_GGHE-D_pc_US_SHA2011,COUNTRY,CPV,AFR,Africa,YEAR,2009,,,,,,,,,93.17,93.16787029,,,,2025-12-05T13:23:08Z,2009,2009-01-01,2009-12-31
1177635,GHED_GGHE-D_pc_US_SHA2011,COUNTRY,LCA,AMR,Americas,YEAR,2010,,,,,,,,,157.49,157.49043492,,,,2025-12-05T13:23:08Z,2010,2010-01-01,2010-12-31
1178068,GHED_GGHE-D_pc_US_SHA2011,COUNTRY,SDN,EMR,Eastern Mediterranean,YEAR,2006,,,,,,,,,20.13,20.12819249,,,,2025-12-05T13:23:08Z,2006,2006-01-01,2006-12-31
1178921,GHED_GGHE-D_pc_US_SHA2011,COUNTRY,IRN,EMR,Eastern Mediterranean,YEAR,2015,,,,,,,,,212.99,212.99033037,,,,2025-12-05T13:23:08Z,2015,2015-01-01,2015-12-31
1179531,GHED_GGHE-D_pc_US_SHA2011,COUNTRY,NIU,WPR,Western Pacific,YEAR,2011,,,,,,,,,1921.38,1921.38424163,,,,2025-12-05T13:23:08Z,2011,2011-01-01,2011-12-31
1179583,GHED_GGHE-D_pc_US_SHA2011,COUNTRY,AFG,EMR,Eastern Mediterranean,YEAR,2019,,,,,,,,,2.48,2.48218497,,,,2025-12-05T13:23:08Z,2019,2019-01-01,2019-12-31
1180841,GHED_GGHE-D_pc_US_SHA2011,COUNTRY,CAF,AFR,Africa,YEAR,2023,,,,,,,,,7.73,7.72851315,,,,2025-12-05T13:23:08Z,2023,2023-01-01,2023-12-31
1183383,GHED_GGHE-D_pc_US_SHA2011,COUNTRY,BLZ,AMR,Americas,YEAR,2004,,,,,,,,,88.19,88.19314349,,,,2025-12-05T13:23:08Z,2004,2004-01-01,2004-12-31
1184612,GHED_GGHE-D_pc_US_SHA2011,COUNTRY,SOM,EMR,Eastern Mediterranean,YEAR,2023,,,,,,,,,3.17,3.1689155,,,,2025-12-05T13:23:08Z,2023,2023-01-01,2023-12-31
1191655,GHED_GGHE-D_pc_US_SHA2011,COUNTRY,POL,EUR,Europe,YEAR,2017,,,,,,,,,626.00,625.99755975,,,,2025-12-05T13:23:08Z,2017,2017-01-01,2017-12-31
1191948,GHED_GGHE-D_pc_US_SHA2011,COUNTRY,ZMB,AFR,Africa,YEAR,2016,,,,,,,,,21.25,21.2485313,,,,2025-12-05T13:23:08Z,2016,2016-01-01,2016-12-31
1193569,GHED_GGHE-D_pc_US_SHA2011,COUNTRY,RWA,AFR,Africa,YEAR,2012,,,,,,,,,14.52,14.52360075,,,,2025-12-05T13:23:08Z,2012,2012-01-01,2012-12-31
1202153,GHED_GGHE-D_pc_US_SHA2011,COUNTRY,TUN,EMR,Eastern Mediterranean,YEAR,2017,,,,,,,,,120.19,120.18954446,,,,2025-12-05T13:23:08Z,2017,2017-01-01,2017-12-31
1208214,GHED_GGHE-D_pc_US_SHA2011,COUNTRY,AZE,EUR,Europe,YEAR,2002,,,,,,,,,5.53,5.53471208,,,,2025-12-05T13:23:08Z,2002,2002-01-01,2002-12-31
1215966,GHED_GGHE-D_pc_US_SHA2011,COUNTRY,MUS,AFR,Africa,YEAR,2022,,,,,,,,,255.32,255.32347132,,,,2025-12-05T13:23:08Z,2022,2022-01-01,2022-12-31
1217775,GHED_GGHE-D_pc_US_SHA2011,COUNTRY,ERI,AFR,Africa,YEAR,2013,,,,,,,,,4.95,4.94571123,,,,2025-12-05T13:23:08Z,2013,2013-01-01,2013-12-31
1218682,GHED_GGHE-D_pc_US_SHA2011,COUNTRY,ARE,EMR,Eastern Mediterranean,YEAR,2009,,,,,,,,,1128.10,1128.10050761,,,,2025-12-05T13:23:08Z,2009,2009-01-01,2009-12-31
1219708,GHED_GGHE-D_pc_US_SHA2011,COUNTRY,ARM,EUR,Europe,YEAR,2016,,,,,,,,,59.16,59.16054853,,,,2025-12-05T13:23:08Z,2016,2016-01-01,2016-12-31
1226290,GHED_GGHE-D_pc_US_SHA2011,COUNTRY,CHN,WPR,Western Pacific,YEAR,2010,,,,,,,,,98.04,98.03610583,,,,2025-12-05T13:23:08Z,2010,2010-01-01,2010-12-31
1228204,GHED_GGHE-D_pc_US_SHA2011,COUNTRY,EST,EUR,Europe,YEAR,2012,,,,,,,,,795.68,795.68408718,,,,2025-12-05T13:23:08Z,2012,2012-01-01,2012-12-31
1230129,GHED_GGHE-D_pc_US_SHA2011,COUNTRY,CIV,AFR,Africa,YEAR,2008,,,,,,,,,10.62,10.61962714,,,,2025-12-05T13:23:08Z,2008,2008-01-01,2008-12-31
1231801,GHED_GGHE-D_pc_US_SHA2011,COUNTRY,KWT,EMR,Eastern Mediterranean,YEAR,2012,,,,,,,,,1015.62,1015.61634347,,,,2025-12-05T13:23:08Z,2012,2012-01-01,2012-12-31
1233015,GHED_GGHE-D_pc_US_SHA2011,COUNTRY,SLB,WPR,Western Pacific,YEAR,2020,,,,,,,,,74.77,74.77112089,,,,2025-12-05T13:23:08Z,2020,2020-01-01,2020-12-31
1236090,GHED_GGHE-D_pc_US_SHA2011,COUNTRY,KNA,AMR,Americas,YEAR,2016,,,,,,,,,466.36,466.35702651,,,,2025-12-05T13:23:08Z,2016,2016-01-01,2016-12-31
1248074,GHED_GGHE-D_pc_US_SHA2011,COUNTRY,AFG,EMR,Eastern Mediterranean,YEAR,2006,,,,,,,,,1.36,1.35634352,,,,2025-12-05T13:23:08Z,2006,2006-01-01,2006-12-31
1250204,GHED_GGHE-D_pc_US_SHA2011,COUNTRY,USA,AMR,Americas,YEAR,2002,,,,,,,,,2408.27,2408.27375933,,,,2025-12-05T13:23:08Z,2002,2002-01-01,2002-12-31
1252004,GHED_GGHE-D_pc_US_SHA2011,COUNTRY,CHL,AMR,Americas,YEAR,2010,,,,,,,,,405.91,405.91099327,,,,2025-12-05T13:23:08Z,2010,2010-01-01,2010-12-31
1253702,GHED_GGHE-D_pc_US_SHA2011,COUNTRY,ATG,AMR,Americas,YEAR,2017,,,,,,,,,444.31,444.31131937,,,,2025-12-05T13:23:08Z,2017,2017-01-01,2017-12-31
1256708,GHED_GGHE-D_pc_US_SHA2011,COUNTRY,KNA,AMR,Americas,YEAR,2013,,,,,,,,,357.59,357.58979127,,,,2025-12-05T13:23:08Z,2013,2013-01-01,2013-12-31
1256948,GHED_GGHE-D_pc_US_SHA2011,COUNTRY,CMR,AFR,Africa,YEAR,2013,,,,,,,,,7.57,7.57046427,,,,2025-12-05T13:23:08Z,2013,2013-01-01,2013-12-31
1257719,GHED_GGHE-D_pc_US_SHA2011,COUNTRY,CHL,AMR,Americas,YEAR,2004,,,,,,,,,166.93,166.92908151,,,,2025-12-05T13:23:08Z,2004,2004-01-01,2004-12-31
1260608,GHED_GGHE-D_pc_US_SHA2011,COUNTRY,TUV,WPR,Western Pacific,YEAR,2001,,,,,,,,,247.70,247.69835948,,,,2025-12-05T13:23:08Z,2001,2001-01-01,2001-12-31
1262593,GHED_GGHE-D_pc_US_SHA2011,COUNTRY,DZA,AFR,Africa,YEAR,2021,,,,,,,,,119.55,119.54725442,,,,2025-12-05T13:23:08Z,2021,2021-01-01,2021-12-31
1265275,GHED_GGHE-D_pc_US_SHA2011,COUNTRY,ARG,AMR,Americas,YEAR,2004,,,,,,,,,147.03,147.02607246,,,,2025-12-05T13:23:08Z,2004,2004-01-01,2004-12-31
1265576,GHED_GGHE-D_pc_US_SHA2011,COUNTRY,GMB,AFR,Africa,YEAR,2007,,,,,,,,,5.12,5.11804281,,,,2025-12-05T13:23:08Z,2007,2007-01-01,2007-12-31
1268318,GHED_GGHE-D_pc_US_SHA2011,COUNTRY,DZA,AFR,Africa,YEAR,2017,,,,,,,,,175.11,175.10578376,,,,2025-12-05T13:23:08Z,2017,2017-01-01,2017-12-31
1272619,GHED_GGHE-D_pc_US_SHA2011,COUNTRY,KGZ,EUR,Europe,YEAR,2008,,,,,,,,,27.86,27.86072512,,,,2025-12-05T13:23:08Z,2008,2008-01-01,2008-12-31
1273272,GHED_GGHE-D_pc_US_SHA2011,COUNTRY,LKA,SEAR,South-East Asia,YEAR,2011,,,,,,,,,49.14,49.14383276,,,,2025-12-05T13:23:08Z,2011,2011-01-01,2011-12-31
1273584,GHED_GGHE-D_pc_US_SHA2011,COUNTRY,PSE,EMR,Eastern Mediterranean,YEAR,2008,,,,,,,,,70.11,70.1079543,,,,2025-12-05T13:23:08Z,2008,2008-01-01,2008-12-31
1276254,GHED_GGHE-D_pc_US_SHA2011,COUNTRY,CIV,AFR,Africa,YEAR,2009,,,,,,,,,12.83,12.82684994,,,,2025-12-05T13:23:08Z,2009,2009-01-01,2009-12-31
1276452,GHED_GGHE-D_pc_US_SHA2011,COUNTRY,SAU,EMR,Eastern Mediterranean,YEAR,2013,,,,,,,,,827.95,827.94963704,,,,2025-12-05T13:23:08Z,2013,2013-01-01,2013-12-31
1278194,GHED_GGHE-D_pc_US_SHA2011,COUNTRY,PRT,EUR,Europe,YEAR,2012,,,,,,,,,1211.45,1211.44759898,,,,2025-12-05T13:23:08Z,2012,2012-01-01,2012-12-31
1279800,GHED_GGHE-D_pc_US_SHA2011,COUNTRY,ECU,AMR,Americas,YEAR,2014,,,,,,,,,266.28,266.28043954,,,,2025-12-05T13:23:08Z,2014,2014-01-01,2014-12-31
1279997,GHED_GGHE-D_pc_US_SHA2011,COUNTRY,VCT,AMR,Americas,YEAR,2010,,,,,,,,,166.97,166.97228665,,,,2025-12-05T13:23:08Z,2010,2010-01-01,2010-12-31
1281103,GHED_GGHE-D_pc_US_SHA2011,COUNTRY,NIC,AMR,Americas,YEAR,2002,,,,,,,,,24.97,24.97092666,,,,2025-12-05T13:23:08Z,2002,2002-01-01,2002-12-31
1282558,GHED_GGHE-D_pc_US_SHA2011,COUNTRY,BHS,AMR,Americas,YEAR,2018,,,,,,,,,897.66,897.6628836,,,,2025-12-05T13:23:08Z,2018,2018-01-01,2018-12-31
1284277,GHED_GGHE-D_pc_US_SHA2011,COUNTRY,BIH,EUR,Europe,YEAR,2011,,,,,,,,,309.24,309.23549575,,,,2025-12-05T13:23:08Z,2011,2011-01-01,2011-12-31
1284725,GHED_GGHE-D_pc_US_SHA2011,COUNTRY,AUT,EUR,Europe,YEAR,2004,,,,,,,,,2593.96,2593.96070461,,,,2025-12-05T13:23:08Z,2004,2004-01-01,2004-12-31
1285148,GHED_GGHE-D_pc_US_SHA2011,COUNTRY,MNE,EUR,Europe,YEAR,2018,,,,,,,,,444.10,444.10451061,,,,2025-12-05T13:23:08Z,2018,2018-01-01,2018-12-31
1286209,GHED_GGHE-D_pc_US_SHA2011,COUNTRY,TUV,WPR,Western Pacific,YEAR,2003,,,,,,,,,249.70,249.69786,,,,2025-12-05T13:23:08Z,2003,2003-01-01,2003-12-31
1286569,GHED_GGHE-D_pc_US_SHA2011,COUNTRY,GMB,AFR,Africa,YEAR,2021,,,,,,,,,10.23,10.23208837,,,,2025-12-05T13:23:08Z,2021,2021-01-01,2021-12-31
1289100,GHED_GGHE-D_pc_US_SHA2011,COUNTRY,IRL,EUR,Europe,YEAR,2015,,,,,,,,,3285.22,3285.21815664,,,,2025-12-05T13:23:08Z,2015,2015-01-01,2015-12-31
1289465,GHED_GGHE-D_pc_US_SHA2011,COUNTRY,TTO,AMR,Americas,YEAR,2008,,,,,,,,,359.14,359.13539338,,,,2025-12-05T13:23:08Z,2008,2008-01-01,2008-12-31
1293269,GHED_GGHE-D_pc_US_SHA2011,COUNTRY,BOL,AMR,Americas,YEAR,2020,,,,,,,,,179.87,179.87045259,,,,2025-12-05T13:23:08Z,2020,2020-01-01,2020-12-31
1294456,GHED_GGHE-D_pc_US_SHA2011,COUNTRY,NLD,EUR,Europe,YEAR,2009,,,,,,,,,3595.13,3595.1250399,,,,2025-12-05T13:23:08Z,2009,2009-01-01,2009-12-31
1295029,GHED_GGHE-D_pc_US_SHA2011,COUNTRY,CPV,AFR,Africa,YEAR,2022,,,,,,,,,184.74,184.73594136,,,,2025-12-05T13:23:08Z,2022,2022-01-01,2022-12-31
1295427,GHED_GGHE-D_pc_US_SHA2011,COUNTRY,STP,AFR,Africa,YEAR,2013,,,,,,,,,41.76,41.7556284,,,,2025-12-05T13:23:08Z,2013,2013-01-01,2013-12-31
1297368,GHED_GGHE-D_pc_US_SHA2011,COUNTRY,RUS,EUR,Europe,YEAR,2002,,,,,,,,,81.65,81.65273716,,,,2025-12-05T13:23:08Z,2002,2002-01-01,2002-12-31
1299250,GHED_GGHE-D_pc_US_SHA2011,COUNTRY,KEN,AFR,Africa,YEAR,2020,,,,,,,,,42.60,42.59929056,,,,2025-12-05T13:23:08Z,2020,2020-01-01,2020-12-31
1299654,GHED_GGHE-D_pc_US_SHA2011,COUNTRY,ISR,EUR,Europe,YEAR,2006,,,,,,,,,969.45,969.44842494,,,,2025-12-05T13:23:08Z,2006,2006-01-01,2006-12-31
1301251,GHED_GGHE-D_pc_US_SHA2011,COUNTRY,ZMB,AFR,Africa,YEAR,2005,,,,,,,,,8.84,8.83702237,,,,2025-12-05T13:23:08Z,2005,2005-01-01,2005-12-31
1301543,GHED_GGHE-D_pc_US_SHA2011,COUNTRY,MWI,AFR,Africa,YEAR,2009,,,,,,,,,6.39,6.39286987,,,,2025-12-05T13:23:08Z,2009,2009-01-01,2009-12-31
1302971,GHED_GGHE-D_pc_US_SHA2011,COUNTRY,NGA,AFR,Africa,YEAR,2010,,,,,,,,,9.93,9.93226423,,,,2025-12-05T13:23:08Z,2010,2010-01-01,2010-12-31
1304238,GHED_GGHE-D_pc_US_SHA2011,COUNTRY,EST,EUR,Europe,YEAR,2007,,,,,,,,,647.87,647.86504283,,,,2025-12-05T13:23:08Z,2007,2007-01-01,2007-12-31
1306211,GHED_GGHE-D_pc_US_SHA2011,COUNTRY,NLD,EUR,Europe,YEAR,2022,,,,,,,,,4042.02,4042.01872246,,,,2025-12-05T13:23:08Z,2022,2022-01-01,2022-12-31
1310012,GHED_GGHE-D_pc_US_SHA2011,COUNTRY,BRA,AMR,Americas,YEAR,2011,,,,,,,,,464.28,464.28411806,,,,2025-12-05T13:23:08Z,2011,2011-01-01,2011-12-31
1311617,GHED_GGHE-D_pc_US_SHA2011,COUNTRY,PRT,EUR,Europe,YEAR,2017,,,,,,,,,1217.45,1217.45195651,,,,2025-12-05T13:23:08Z,2017,2017-01-01,2017-12-31
1312833,GHED_GGHE-D_pc_US_SHA2011,COUNTRY,JPN,WPR,Western Pacific,YEAR,2001,,,,,,,,,2014.91,2014.91417001,,,,2025-12-05T13:23:08Z,2001,2001-01-01,2001-12-31
1313216,GHED_GGHE-D_pc_US_SHA2011,COUNTRY,MYS,WPR,Western Pacific,YEAR,2018,,,,,,,,,210.07,210.07481629,,,,2025-12-05T13:23:08Z,2018,2018-01-01,2018-12-31
1316074,GHED_GGHE-D_pc_US_SHA2011,COUNTRY,WSM,WPR,Western Pacific,YEAR,2005,,,,,,,,,83.15,83.15332299,,,,2025-12-05T13:23:08Z,2005,2005-01-01,2005-12-31
1316622,GHED_GGHE-D_pc_US_SHA2011,COUNTRY,SLB,WPR,Western Pacific,YEAR,2015,,,,,,,,,62.78,62.77922418,,,,2025-12-05T13:23:08Z,2015,2015-01-01,2015-12-31
1317368,GHED_GGHE-D_pc_US_SHA2011,COUNTRY,IRQ,EMR,Eastern Mediterranean,YEAR,2013,,,,,,,,,76.24,76.23593938,,,,2025-12-05T13:23:08Z,2013,2013-01-01,2013-12-31
1317763,GHED_GGHE-D_pc_US_SHA2011,COUNTRY,NER,AFR,Africa,YEAR,2013,,,,,,,,,7.39,7.38699263,,,,2025-12-05T13:23:08Z,2013,2013-01-01,2013-12-31
1319117,GHED_GGHE-D_pc_US_SHA2011,REGION,SEAR,,,YEAR,2007,,,,,,,,,46.27,46.26561401,,,,2025-12-05T13:23:08Z,2007,2007-01-01,2007-12-31
1322540,GHED_GGHE-D_pc_US_SHA2011,COUNTRY,TKM,EUR,Europe,YEAR,2009,,,,,,,,,43.28,43.27607325,,,,2025-12-05T13:23:08Z,2009,2009-01-01,2009-12-31
1324484,GHED_GGHE-D_pc_US_SHA2011,COUNTRY,HTI,AMR,Americas,YEAR,2006,,,,,,,,,2.42,2.4229817,,,,2025-12-05T13:23:08Z,2006,2006-01-01,2006-12-31
1331204,GHED_GGHE-D_pc_US_SHA2011,COUNTRY,MCO,EUR,Europe,YEAR,2012,,,,,,,,,6397.11,6397.10830224,,,,2025-12-05T13:23:08Z,2012,2012-01-01,2012-12-31
1332373,GHED_GGHE-D_pc_US_SHA2011,COUNTRY,SWE,EUR,Europe,YEAR,2016,,,,,,,,,4808.99,4808.98977699,,,,2025-12-05T13:23:08Z,2016,2016-01-01,2016-12-31
1333580,GHED_GGHE-D_pc_US_SHA2011,COUNTRY,CPV,AFR,Africa,YEAR,2003,,,,,,,,,62.10,62.10102193,,,,2025-12-05T13:23:08Z,2003,2003-01-01,2003-12-31
1334228,GHED_GGHE-D_pc_US_SHA2011,COUNTRY,KHM,WPR,Western Pacific,YEAR,2007,,,,,,,,,6.07,6.06662595,,,,2025-12-05T13:23:08Z,2007,2007-01-01,2007-12-31
1335340,GHED_GGHE-D_pc_US_SHA2011,COUNTRY,AZE,EUR,Europe,YEAR,2021,,,,,,,,,79.36,79.35650233,,,,2025-12-05T13:23:08Z,2021,2021-01-01,2021-12-31
1335434,GHED_GGHE-D_pc_US_SHA2011,COUNTRY,SGP,WPR,Western Pacific,YEAR,2021,,,,,,,,,2465.06,2465.05727684,,,,2025-12-05T13:23:08Z,2021,2021-01-01,2021-12-31
1336287,GHED_GGHE-D_pc_US_SHA2011,REGION,EUR,,,YEAR,2013,,,,,,,,,1892.27,1892.27292563,,,,2026-01-12T13:50:53Z,2013,2013-01-01,2013-12-31
1336386,GHED_GGHE-D_pc_US_SHA2011,COUNTRY,VUT,WPR,Western Pacific,YEAR,2009,,,,,,,,,51.00,51.00264783,,,,2025-12-05T13:23:08Z,2009,2009-01-01,2009-12-31
1340759,GHED_GGHE-D_pc_US_SHA2011,COUNTRY,SVN,EUR,Europe,YEAR,2004,,,,,,,,,985.28,985.27804369,,,,2025-12-05T13:23:08Z,2004,2004-01-01,2004-12-31
1342628,GHED_GGHE-D_pc_US_SHA2011,WORLDBANKINCOMEGROUP,WB_LI,,,YEAR,2003,,,,,,,,,5.15,5.15023538,,,,2025-12-05T13:23:08Z,2003,2003-01-01,2003-12-31
1342633,GHED_GGHE-D_pc_US_SHA2011,COUNTRY,BDI,AFR,Africa,YEAR,2002,,,,,,,,,1.86,1.85700695,,,,2025-12-05T13:23:08Z,2002,2002-01-01,2002-12-31
1343718,GHED_GGHE-D_pc_US_SHA2011,COUNTRY,SLB,WPR,Western Pacific,YEAR,2016,,,,,,,,,65.68,65.68378244,,,,2025-12-05T13:23:08Z,2016,2016-01-01,2016-12-31
1347138,GHED_GGHE-D_pc_US_SHA2011,COUNTRY,LAO,WPR,Western Pacific,YEAR,2015,,,,,,,,,18.32,18.32364502,,,,2025-12-05T13:23:08Z,2015,2015-01-01,2015-12-31
1348071,GHED_GGHE-D_pc_US_SHA2011,COUNTRY,SGP,WPR,Western Pacific,YEAR,2009,,,,,,,,,463.21,463.20852853,,,,2025-12-05T13:23:08Z,2009,2009-01-01,2009-12-31
1348452,GHED_GGHE-D_pc_US_SHA2011,COUNTRY,FJI,WPR,Western Pacific,YEAR,2002,,,,,,,,,51.22,51.22003336,,,,2025-12-05T13:23:08Z,2002,2002-01-01,2002-12-31
1350133,GHED_GGHE-D_pc_US_SHA2011,COUNTRY,NIU,WPR,Western Pacific,YEAR,2016,,,,,,,,,753.00,753.00260748,,,,2025-12-05T13:23:08Z,2016,2016-01-01,2016-12-31
1352154,GHED_GGHE-D_pc_US_SHA2011,COUNTRY,SLB,WPR,Western Pacific,YEAR,2002,,,,,,,,,43.43,43.43094172,,,,2025-12-05T13:23:08Z,2002,2002-01-01,2002-12-31
1352271,GHED_GGHE-D_pc_US_SHA2011,COUNTRY,KOR,WPR,Western Pacific,YEAR,2012,,,,,,,,,871.67,871.67285767,,,,2025-12-05T13:23:08Z,2012,2012-01-01,2012-12-31
1352693,GHED_GGHE-D_pc_US_SHA2011,COUNTRY,GHA,AFR,Africa,YEAR,2023,,,,,,,,,44.42,44.42064925,,,,2026-01-12T13:50:53Z,2023,2023-01-01,2023-12-31
1353970,GHED_GGHE-D_pc_US_SHA2011,COUNTRY,PNG,WPR,Western Pacific,YEAR,2009,,,,,,,,,24.42,24.424155120000002,,,,2025-12-05T13:23:08Z,2009,2009-01-01,2009-12-31
1357550,GHED_GGHE-D_pc_US_SHA2011,COUNTRY,GBR,EUR,Europe,YEAR,2020,,,,,,,,,4092.34,4092.3416587,,,,2025-12-05T13:23:08Z,2020,2020-01-01,2020-12-31
1360648,GHED_GGHE-D_pc_US_SHA2011,COUNTRY,BIH,EUR,Europe,YEAR,2018,,,,,,,,,370.19,370.19392623,,,,2025-12-05T13:23:08Z,2018,2018-01-01,2018-12-31
1361044,GHED_GGHE-D_pc_US_SHA2011,COUNTRY,DJI,EMR,Eastern Mediterranean,YEAR,2011,,,,,,,,,39.30,39.30130183,,,,2025-12-05T13:23:08Z,2011,2011-01-01,2011-12-31
1362540,GHED_GGHE-D_pc_US_SHA2011,COUNTRY,QAT,EMR,Eastern Mediterranean,YEAR,2000,,,,,,,,,329.17,329.17134831,,,,2025-12-05T13:23:08Z,2000,2000-01-01,2000-12-31
1365262,GHED_GGHE-D_pc_US_SHA2011,COUNTRY,PAK,EMR,Eastern Mediterranean,YEAR,2007,,,,,,,,,4.53,4.53114799,,,,2025-12-05T13:23:08Z,2007,2007-01-01,2007-12-31
1365722,GHED_GGHE-D_pc_US_SHA2011,COUNTRY,MYS,WPR,Western Pacific,YEAR,2013,,,,,,,,,205.75,205.75346753,,,,2025-12-05T13:23:08Z,2013,2013-01-01,2013-12-31
1366257,GHED_GGHE-D_pc_US_SHA2011,COUNTRY,MDG,AFR,Africa,YEAR,2007,,,,,,,,,7.99,7.98976086,,,,2025-12-05T13:23:08Z,2007,2007-01-01,2007-12-31
1368609,GHED_GGHE-D_pc_US_SHA2011,REGION,EMR,,,YEAR,2016,,,,,,,,,356.71,356.70583407,,,,2025-12-05T13:23:08Z,2016,2016-01-01,2016-12-31
1370542,GHED_GGHE-D_pc_US_SHA2011,COUNTRY,GHA,AFR,Africa,YEAR,2020,,,,,,,,,55.53,55.53292191,,,,2025-12-05T13:23:08Z,2020,2020-01-01,2020-12-31
1371450,GHED_GGHE-D_pc_US_SHA2011,COUNTRY,BRA,AMR,Americas,YEAR,2019,,,,,,,,,353.70,353.70049932,,,,2025-12-05T13:23:08Z,2019,2019-01-01,2019-12-31
1380460,GHED_GGHE-D_pc_US_SHA2011,COUNTRY,SLV,AMR,Americas,YEAR,2020,,,,,,,,,231.70,231.6974877,,,,2025-12-05T13:23:08Z,2020,2020-01-01,2020-12-31
1380579,GHED_GGHE-D_pc_US_SHA2011,COUNTRY,EST,EUR,Europe,YEAR,2006,,,,,,,,,466.20,466.19993419,,,,2025-12-05T13:23:08Z,2006,2006-01-01,2006-12-31
1383390,GHED_GGHE-D_pc_US_SHA2011,COUNTRY,BLZ,AMR,Americas,YEAR,2022,,,,,,,,,184.77,184.7670502,,,,2025-12-05T13:23:08Z,2022,2022-01-01,2022-12-31
1384069,GHED_GGHE-D_pc_US_SHA2011,COUNTRY,NAM,AFR,Africa,YEAR,2012,,,,,,,,,285.70,285.69595796,,,,2025-12-05T13:23:08Z,2012,2012-01-01,2012-12-31
1384691,GHED_GGHE-D_pc_US_SHA2011,COUNTRY,COG,AFR,Africa,YEAR,2017,,,,,,,,,20.07,20.06735896,,,,2025-12-05T13:23:08Z,2017,2017-01-01,2017-12-31
1396504,GHED_GGHE-D_pc_US_SHA2011,WORLDBANKINCOMEGROUP,WB_LI,,,YEAR,2011,,,,,,,,,8.42,8.42203768,,,,2025-12-05T13:23:08Z,2011,2011-01-01,2011-12-31
1397180,GHED_GGHE-D_pc_US_SHA2011,COUNTRY,AZE,EUR,Europe,YEAR,2005,,,,,,,,,13.72,13.72276402,,,,2025-12-05T13:23:08Z,2005,2005-01-01,2005-12-31
1400952,GHED_GGHE-D_pc_US_SHA2011,COUNTRY,CYP,EUR,Europe,YEAR,2022,,,,,,,,,2100.10,2100.10414826,,,,2025-12-05T13:23:08Z,2022,2022-01-01,2022-12-31
1401241,GHED_GGHE-D_pc_US_SHA2011,COUNTRY,LAO,WPR,Western Pacific,YEAR,2010,,,,,,,,,7.16,7.15780367,,,,2025-12-05T13:23:08Z,2010,2010-01-01,2010-12-31
1405635,GHED_GGHE-D_pc_US_SHA2011,COUNTRY,STP,AFR,Africa,YEAR,2020,,,,,,,,,64.81,64.80884234,,,,2025-12-05T13:23:08Z,2020,2020-01-01,2020-12-31
1408342,GHED_GGHE-D_pc_US_SHA2011,COUNTRY,ITA,EUR,Europe,YEAR,2009,,,,,,,,,2595.16,2595.15569686,,,,2025-12-05T13:23:08Z,2009,2009-01-01,2009-12-31
1409333,GHED_GGHE-D_pc_US_SHA2011,COUNTRY,CUB,AMR,Americas,YEAR,2015,,,,,,,,,895.25,895.25202869,,,,2025-12-05T13:23:08Z,2015,2015-01-01,2015-12-31
1411777,GHED_GGHE-D_pc_US_SHA2011,COUNTRY,BHR,EMR,Eastern Mediterranean,YEAR,2006,,,,,,,,,401.34,401.33937878,,,,2025-12-05T13:23:08Z,2006,2006-01-01,2006-12-31
1412333,GHED_GGHE-D_pc_US_SHA2011,COUNTRY,SGP,WPR,Western Pacific,YEAR,2000,,,,,,,,,289.22,289.22114726,,,,2025-12-05T13:23:08Z,2000,2000-01-01,2000-12-31
1417052,GHED_GGHE-D_pc_US_SHA2011,COUNTRY,RUS,EUR,Europe,YEAR,2005,,,,,,,,,165.18,165.17711425,,,,2025-12-05T13:23:08Z,2005,2005-01-01,2005-12-31
1418902,GHED_GGHE-D_pc_US_SHA2011,COUNTRY,TLS,SEAR,South-East Asia,YEAR,2015,,,,,,,,,58.28,58.28409597,,,,2025-12-05T13:23:08Z,2015,2015-01-01,2015-12-31
1423081,GHED_GGHE-D_pc_US_SHA2011,COUNTRY,SEN,AFR,Africa,YEAR,2021,,,,,,,,,19.23,19.22566739,,,,2025-12-05T13:23:08Z,2021,2021-01-01,2021-12-31
1424941,GHED_GGHE-D_pc_US_SHA2011,COUNTRY,HRV,EUR,Europe,YEAR,2010,,,,,,,,,939.87,939.86937691,,,,2025-12-05T13:23:08Z,2010,2010-01-01,2010-12-31
1425904,GHED_GGHE-D_pc_US_SHA2011,COUNTRY,LVA,EUR,Europe,YEAR,2002,,,,,,,,,117.65,117.65004443,,,,2025-12-05T13:23:08Z,2002,2002-01-01,2002-12-31
1426378,GHED_GGHE-D_pc_US_SHA2011,COUNTRY,COL,AMR,Americas,YEAR,2016,,,,,,,,,315.67,315.67104319,,,,2025-12-05T13:23:08Z,2016,2016-01-01,2016-12-31
1429066,GHED_GGHE-D_pc_US_SHA2011,COUNTRY,RWA,AFR,Africa,YEAR,2019,,,,,,,,,14.34,14.33773611,,,,2025-12-05T13:23:08Z,2019,2019-01-01,2019-12-31
1433216,GHED_GGHE-D_pc_US_SHA2011,COUNTRY,BGD,SEAR,South-East Asia,YEAR,2023,,,,,,,,,7.74,7.74334032,,,,2025-12-05T13:23:08Z,2023,2023-01-01,2023-12-31
1437350,GHED_GGHE-D_pc_US_SHA2011,COUNTRY,ETH,AFR,Africa,YEAR,2011,,,,,,,,,1.25,1.2472376,,,,2025-12-05T13:23:08Z,2011,2011-01-01,2011-12-31
1438616,GHED_GGHE-D_pc_US_SHA2011,COUNTRY,MDA,EUR,Europe,YEAR,2010,,,,,,,,,90.94,90.9393406,,,,2025-12-05T13:23:08Z,2010,2010-01-01,2010-12-31
1439073,GHED_GGHE-D_pc_US_SHA2011,COUNTRY,MHL,WPR,Western Pacific,YEAR,2006,,,,,,,,,179.61,179.60580853,,,,2025-12-05T13:23:08Z,2006,2006-01-01,2006-12-31
1440745,GHED_GGHE-D_pc_US_SHA2011,COUNTRY,JAM,AMR,Americas,YEAR,2012,,,,,,,,,148.61,148.60699729,,,,2025-12-05T13:23:08Z,2012,2012-01-01,2012-12-31
1441253,GHED_GGHE-D_pc_US_SHA2011,COUNTRY,TGO,AFR,Africa,YEAR,2005,,,,,,,,,2.65,2.65191091,,,,2025-12-05T13:23:08Z,2005,2005-01-01,2005-12-31
1442838,GHED_GGHE-D_pc_US_SHA2011,COUNTRY,AUT,EUR,Europe,YEAR,2002,,,,,,,,,1836.37,1836.37049358,,,,2025-12-05T13:23:08Z,2002,2002-01-01,2002-12-31
1446415,GHED_GGHE-D_pc_US_SHA2011,COUNTRY,IRL,EUR,Europe,YEAR,2007,,,,,,,,,3849.67,3849.66903993,,,,2025-12-05T13:23:08Z,2007,2007-01-01,2007-12-31
1449500,GHED_GGHE-D_pc_US_SHA2011,REGION,EMR,,,YEAR,2009,,,,,,,,,269.42,269.42409865,,,,2025-12-05T13:23:08Z,2009,2009-01-01,2009-12-31
1449843,GHED_GGHE-D_pc_US_SHA2011,GLOBAL,GLOBAL,,,YEAR,2006,,,,,,,,,535.38,535.3835589,,,,2025-12-05T13:23:08Z,2006,2006-01-01,2006-12-31
1456575,GHED_GGHE-D_pc_US_SHA2011,COUNTRY,BDI,AFR,Africa,YEAR,2013,,,,,,,,,3.62,3.61865319,,,,2025-12-05T13:23:08Z,2013,2013-01-01,2013-12-31
1457088,GHED_GGHE-D_pc_US_SHA2011,COUNTRY,NAM,AFR,Africa,YEAR,2011,,,,,,,,,294.50,294.50015766,,,,2025-12-05T13:23:08Z,2011,2011-01-01,2011-12-31
1457144,GHED_GGHE-D_pc_US_SHA2011,COUNTRY,GAB,AFR,Africa,YEAR,2010,,,,,,,,,131.47,131.47314819,,,,2025-12-05T13:23:08Z,2010,2010-01-01,2010-12-31
1457473,GHED_GGHE-D_pc_US_SHA2011,WORLDBANKINCOMEGROUP,WB_HI,,,YEAR,2004,,,,,,,,,1263.63,1263.62525338,,,,2025-12-05T13:23:08Z,2004,2004-01-01,2004-12-31
1457586,GHED_GGHE-D_pc_US_SHA2011,COUNTRY,LKA,SEAR,South-East Asia,YEAR,2018,,,,,,,,,70.66,70.66032894,,,,2025-12-05T13:23:08Z,2018,2018-01-01,2018-12-31
1459176,GHED_GGHE-D_pc_US_SHA2011,COUNTRY,DOM,AMR,Americas,YEAR,2005,,,,,,,,,54.03,54.02834783,,,,2025-12-05T13:23:08Z,2005,2005-01-01,2005-12-31
1463498,GHED_GGHE-D_pc_US_SHA2011,COUNTRY,YEM,EMR,Eastern Mediterranean,YEAR,2012,,,,,,,,,15.45,15.45153952,,,,2025-12-05T13:23:08Z,2012,2012-01-01,2012-12-31
1464737,GHED_GGHE-D_pc_US_SHA2011,COUNTRY,NRU,WPR,Western Pacific,YEAR,2006,,,,,,,,,318.27,318.27300355,,,,2025-12-05T13:23:08Z,2006,2006-01-01,2006-12-31
1468892,GHED_GGHE-D_pc_US_SHA2011,COUNTRY,PLW,WPR,Western Pacific,YEAR,2003,,,,,,,,,311.36,311.35683402,,,,2025-12-05T13:23:08Z,2003,2003-01-01,2003-12-31
1471226,GHED_GGHE-D_pc_US_SHA2011,COUNTRY,ECU,AMR,Americas,YEAR,2000,,,,,,,,,13.87,13.87399708,,,,2025-12-05T13:23:08Z,2000,2000-01-01,2000-12-31
1473096,GHED_GGHE-D_pc_US_SHA2011,COUNTRY,SDN,EMR,Eastern Mediterranean,YEAR,2013,,,,,,,,,16.12,16.12481003,,,,2025-12-05T13:23:08Z,2013,2013-01-01,2013-12-31
1476103,GHED_GGHE-D_pc_US_SHA2011,COUNTRY,LTU,EUR,Europe,YEAR,2010,,,,,,,,,572.43,572.43267481,,,,2025-12-05T13:23:08Z,2010,2010-01-01,2010-12-31
1478444,GHED_GGHE-D_pc_US_SHA2011,COUNTRY,BEN,AFR,Africa,YEAR,2022,,,,,,,,,6.42,6.42340842,,,,2025-12-05T13:23:08Z,2022,2022-01-01,2022-12-31
1488646,GHED_GGHE-D_pc_US_SHA2011,COUNTRY,RWA,AFR,Africa,YEAR,2002,,,,,,,,,1.77,1.77470847,,,,2025-12-05T13:23:08Z,2002,2002-01-01,2002-12-31
1488801,GHED_GGHE-D_pc_US_SHA2011,COUNTRY,TZA,AFR,Africa,YEAR,2012,,,,,,,,,9.84,9.84032792,,,,2025-12-05T13:23:08Z,2012,2012-01-01,2012-12-31
1492020,GHED_GGHE-D_pc_US_SHA2011,COUNTRY,MOZ,AFR,Africa,YEAR,2014,,,,,,,,,11.96,11.95881533,,,,2025-12-05T13:23:08Z,2014,2014-01-01,2014-12-31
1494630,GHED_GGHE-D_pc_US_SHA2011,COUNTRY,CMR,AFR,Africa,YEAR,2005,,,,,,,,,7.45,7.45090519,,,,2025-12-05T13:23:08Z,2005,2005-01-01,2005-12-31
1494911,GHED_GGHE-D_pc_US_SHA2011,COUNTRY,NGA,AFR,Africa,YEAR,2007,,,,,,,,,13.32,13.32343949,,,,2025-12-05T13:23:08Z,2007,2007-01-01,2007-12-31
1496256,GHED_GGHE-D_pc_US_SHA2011,COUNTRY,ISL,EUR,Europe,YEAR,2019,,,,,,,,,4902.79,4902.79060285,,,,2025-12-05T13:23:08Z,2019,2019-01-01,2019-12-31
1496275,GHED_GGHE-D_pc_US_SHA2011,COUNTRY,AND,EUR,Europe,YEAR,2005,,,,,,,,,1463.12,1463.12445309,,,,2025-12-05T13:23:08Z,2005,2005-01-01,2005-12-31
1496576,GHED_GGHE-D_pc_US_SHA2011,COUNTRY,JPN,WPR,Western Pacific,YEAR,2000,,,,,,,,,2212.95,2212.95313804,,,,2025-12-05T13:23:08Z,2000,2000-01-01,2000-12-31
1499065,GHED_GGHE-D_pc_US_SHA2011,COUNTRY,ROU,EUR,Europe,YEAR,2015,,,,,,,,,344.69,344.69443281,,,,2025-12-05T13:23:08Z,2015,2015-01-01,2015-12-31
1499938,GHED_GGHE-D_pc_US_SHA2011,COUNTRY,ISR,EUR,Europe,YEAR,2021,,,,,,,,,3069.12,3069.12185951,,,,2025-12-05T13:23:08Z,2021,2021-01-01,2021-12-31
1500211,GHED_GGHE-D_pc_US_SHA2011,COUNTRY,MEX,AMR,Americas,YEAR,2017,,,,,,,,,259.02,259.01890057,,,,2025-12-05T13:23:08Z,2017,2017-01-01,2017-12-31
1502202,GHED_GGHE-D_pc_US_SHA2011,COUNTRY,BLZ,AMR,Americas,YEAR,2010,,,,,,,,,162.42,162.41568983,,,,2025-12-05T13:23:08Z,2010,2010-01-01,2010-12-31
1502862,GHED_GGHE-D_pc_US_SHA2011,COUNTRY,JOR,EMR,Eastern Mediterranean,YEAR,2023,,,,,,,,,153.97,153.96711593,,,,2025-12-05T13:23:08Z,2023,2023-01-01,2023-12-31
1505147,GHED_GGHE-D_pc_US_SHA2011,COUNTRY,GMB,AFR,Africa,YEAR,2004,,,,,,,,,4.63,4.63246203,,,,2025-12-05T13:23:08Z,2004,2004-01-01,2004-12-31
1510278,GHED_GGHE-D_pc_US_SHA2011,COUNTRY,GMB,AFR,Africa,YEAR,2015,,,,,,,,,6.18,6.18477555,,,,2025-12-05T13:23:08Z,2015,2015-01-01,2015-12-31
1512957,GHED_GGHE-D_pc_US_SHA2011,COUNTRY,UZB,EUR,Europe,YEAR,2000,,,,,,,,,13.97,13.96603875,,,,2025-12-05T13:23:08Z,2000,2000-01-01,2000-12-31
1515903,GHED_GGHE-D_pc_US_SHA2011,COUNTRY,BWA,AFR,Africa,YEAR,2001,,,,,,,,,111.78,111.78326007,,,,2025-12-05T13:23:08Z,2001,2001-01-01,2001-12-31
1521709,GHED_GGHE-D_pc_US_SHA2011,COUNTRY,MNE,EUR,Europe,YEAR,2014,,,,,,,,,352.91,352.91320452,,,,2025-12-05T13:23:08Z,2014,2014-01-01,2014-12-31
1529224,GHED_GGHE-D_pc_US_SHA2011,COUNTRY,GNQ,AFR,Africa,YEAR,2016,,,,,,,,,64.49,64.49291983,,,,2025-12-05T13:23:08Z,2016,2016-01-01,2016-12-31
1529468,GHED_GGHE-D_pc_US_SHA2011,COUNTRY,MOZ,AFR,Africa,YEAR,2020,,,,,,,,,11.06,11.06038103,,,,2025-12-05T13:23:08Z,2020,2020-01-01,2020-12-31
1531654,GHED_GGHE-D_pc_US_SHA2011,COUNTRY,GTM,AMR,Americas,YEAR,2005,,,,,,,,,40.52,40.515292,,,,2025-12-05T13:23:08Z,2005,2005-01-01,2005-12-31
1532742,GHED_GGHE-D_pc_US_SHA2011,REGION,AFR,,,YEAR,2006,,,,,,,,,37.72,37.71891912,,,,2025-12-05T13:23:08Z,2006,2006-01-01,2006-12-31
1533743,GHED_GGHE-D_pc_US_SHA2011,COUNTRY,KWT,EMR,Eastern Mediterranean,YEAR,2014,,,,,,,,,1094.44,1094.43784233,,,,2025-12-05T13:23:08Z,2014,2014-01-01,2014-12-31
1534273,GHED_GGHE-D_pc_US_SHA2011,COUNTRY,CYP,EUR,Europe,YEAR,2012,,,,,,,,,872.11,872.10744523,,,,2025-12-05T13:23:08Z,2012,2012-01-01,2012-12-31
1536434,GHED_GGHE-D_pc_US_SHA2011,COUNTRY,LSO,AFR,Africa,YEAR,2000,,,,,,,,,13.37,13.37474018,,,,2025-12-05T13:23:08Z,2000,2000-01-01,2000-12-31
1537113,GHED_GGHE-D_pc_US_SHA2011,COUNTRY,RWA,AFR,Africa,YEAR,2022,,,,,,,,,23.73,23.72770061,,,,2025-12-05T13:23:08Z,2022,2022-01-01,2022-12-31
1537632,GHED_GGHE-D_pc_US_SHA2011,COUNTRY,GEO,EUR,Europe,YEAR,2023,,,,,,,,,186.67,186.66643475,,,,2025-12-05T13:23:08Z,2023,2023-01-01,2023-12-31
1539059,GHED_GGHE-D_pc_US_SHA2011,COUNTRY,GRD,AMR,Americas,YEAR,2011,,,,,,,,,167.83,167.82702376,,,,2025-12-05T13:23:08Z,2011,2011-01-01,2011-12-31
1539918,GHED_GGHE-D_pc_US_SHA2011,COUNTRY,FRA,EUR,Europe,YEAR,2018,,,,,,,,,3527.07,3527.07139554,,,,2025-12-05T13:23:08Z,2018,2018-01-01,2018-12-31
1540097,GHED_GGHE-D_pc_US_SHA2011,COUNTRY,AGO,AFR,Africa,YEAR,2009,,,,,,,,,81.57,81.56714082,,,,2025-12-05T13:23:08Z,2009,2009-01-01,2009-12-31
1541412,GHED_GGHE-D_pc_US_SHA2011,REGION,EUR,,,YEAR,2006,,,,,,,,,1356.99,1356.99160794,,,,2025-12-05T13:23:08Z,2006,2006-01-01,2006-12-31
1541584,GHED_GGHE-D_pc_US_SHA2011,COUNTRY,COD,AFR,Africa,YEAR,2022,,,,,,,,,4.48,4.4810363,,,,2025-12-05T13:23:08Z,2022,2022-01-01,2022-12-31
1542275,GHED_GGHE-D_pc_US_SHA2011,COUNTRY,MCO,EUR,Europe,YEAR,2000,,,,,,,,,2381.57,2381.56546116,,,,2025-12-05T13:23:08Z,2000,2000-01-01,2000-12-31
1545484,GHED_GGHE-D_pc_US_SHA2011,COUNTRY,PHL,WPR,Western Pacific,YEAR,2001,,,,,,,,,11.21,11.21005716,,,,2025-12-05T13:23:08Z,2001,2001-01-01,2001-12-31
1545899,GHED_GGHE-D_pc_US_SHA2011,COUNTRY,MEX,AMR,Americas,YEAR,2005,,,,,,,,,204.42,204.41630435,,,,2025-12-05T13:23:08Z,2005,2005-01-01,2005-12-31
1546220,GHED_GGHE-D_pc_US_SHA2011,COUNTRY,IND,SEAR,South-East Asia,YEAR,2013,,,,,,,,,12.80,12.79745235,,,,2025-12-05T13:23:08Z,2013,2013-01-01,2013-12-31
1546497,GHED_GGHE-D_pc_US_SHA2011,COUNTRY,PHL,WPR,Western Pacific,YEAR,2006,,,,,,,,,17.29,17.289051,,,,2025-12-05T13:23:08Z,2006,2006-01-01,2006-12-31
1546885,GHED_GGHE-D_pc_US_SHA2011,COUNTRY,HUN,EUR,Europe,YEAR,2018,,,,,,,,,752.88,752.88326626,,,,2025-12-05T13:23:08Z,2018,2018-01-01,2018-12-31
1548871,GHED_GGHE-D_pc_US_SHA2011,COUNTRY,GMB,AFR,Africa,YEAR,2012,,,,,,,,,8.35,8.35399973,,,,2025-12-05T13:23:08Z,2012,2012-01-01,2012-12-31
1552053,GHED_GGHE-D_pc_US_SHA2011,COUNTRY,NER,AFR,Africa,YEAR,2012,,,,,,,,,5.48,5.48414721,,,,2025-12-05T13:23:08Z,2012,2012-01-01,2012-12-31
1553490,GHED_GGHE-D_pc_US_SHA2011,COUNTRY,THA,SEAR,South-East Asia,YEAR,2011,,,,,,,,,146.54,146.54245148,,,,2025-12-05T13:23:08Z,2011,2011-01-01,2011-12-31
1557428,GHED_GGHE-D_pc_US_SHA2011,COUNTRY,ZMB,AFR,Africa,YEAR,2003,,,,,,,,,6.49,6.4880598,,,,2025-12-05T13:23:08Z,2003,2003-01-01,2003-12-31
1559870,GHED_GGHE-D_pc_US_SHA2011,COUNTRY,YEM,EMR,Eastern Mediterranean,YEAR,2018,,,,,,,,,12.16,12.15854158,,,,2025-12-05T13:23:08Z,2018,2018-01-01,2018-12-31
1563869,GHED_GGHE-D_pc_US_SHA2011,COUNTRY,ZAF,AFR,Africa,YEAR,2021,,,,,,,,,376.04,376.04215985,,,,2025-12-05T13:23:08Z,2021,2021-01-01,2021-12-31
1565880,GHED_GGHE-D_pc_US_SHA2011,COUNTRY,JAM,AMR,Americas,YEAR,2016,,,,,,,,,181.63,181.63252084,,,,2025-12-05T13:23:08Z,2016,2016-01-01,2016-12-31
1566769,GHED_GGHE-D_pc_US_SHA2011,COUNTRY,ISR,EUR,Europe,YEAR,2011,,,,,,,,,1528.60,1528.60122533,,,,2025-12-05T13:23:08Z,2011,2011-01-01,2011-12-31
1566981,GHED_GGHE-D_pc_US_SHA2011,COUNTRY,VUT,WPR,Western Pacific,YEAR,2004,,,,,,,,,41.25,41.24500933,,,,2025-12-05T13:23:08Z,2004,2004-01-01,2004-12-31
1567060,GHED_GGHE-D_pc_US_SHA2011,COUNTRY,LVA,EUR,Europe,YEAR,2021,,,,,,,,,1315.85,1315.84787165,,,,2025-12-05T13:23:08Z,2021,2021-01-01,2021-12-31
1568667,GHED_GGHE-D_pc_US_SHA2011,COUNTRY,BEN,AFR,Africa,YEAR,2005,,,,,,,,,8.17,8.16736696,,,,2025-12-05T13:23:08Z,2005,2005-01-01,2005-12-31
1569048,GHED_GGHE-D_pc_US_SHA2011,COUNTRY,MLT,EUR,Europe,YEAR,2014,,,,,,,,,1519.97,1519.97142891,,,,2025-12-05T13:23:08Z,2014,2014-01-01,2014-12-31
1572502,GHED_GGHE-D_pc_US_SHA2011,REGION,AMR,,,YEAR,2017,,,,,,,,,612.09,612.08906947,,,,2025-12-05T13:23:08Z,2017,2017-01-01,2017-12-31
1574883,GHED_GGHE-D_pc_US_SHA2011,COUNTRY,FSM,WPR,Western Pacific,YEAR,2006,,,,,,,,,24.19,24.19327132,,,,2025-12-05T13:23:08Z,2006,2006-01-01,2006-12-31
1582263,GHED_GGHE-D_pc_US_SHA2011,COUNTRY,GBR,EUR,Europe,YEAR,2018,,,,,,,,,3363.47,3363.47146341,,,,2025-12-05T13:23:08Z,2018,2018-01-01,2018-12-31
1582591,GHED_GGHE-D_pc_US_SHA2011,COUNTRY,KGZ,EUR,Europe,YEAR,2002,,,,,,,,,6.97,6.96670772,,,,2025-12-05T13:23:08Z,2002,2002-01-01,2002-12-31
1584172,GHED_GGHE-D_pc_US_SHA2011,COUNTRY,SRB,EUR,Europe,YEAR,2015,,,,,,,,,283.38,283.37759424,,,,2025-12-05T13:23:08Z,2015,2015-01-01,2015-12-31
1584602,GHED_GGHE-D_pc_US_SHA2011,REGION,EUR,,,YEAR,2005,,,,,,,,,1292.94,1292.94491211,,,,2025-12-05T13:23:08Z,2005,2005-01-01,2005-12-31
1585580,GHED_GGHE-D_pc_US_SHA2011,COUNTRY,MLI,AFR,Africa,YEAR,2013,,,,,,,,,6.19,6.18793405,,,,2025-12-05T13:23:08Z,2013,2013-01-01,2013-12-31
1587260,GHED_GGHE-D_pc_US_SHA2011,COUNTRY,SRB,EUR,Europe,YEAR,2004,,,,,,,,,186.24,186.2379431,,,,2025-12-05T13:23:08Z,2004,2004-01-01,2004-12-31
1589066,GHED_GGHE-D_pc_US_SHA2011,COUNTRY,LKA,SEAR,South-East Asia,YEAR,2002,,,,,,,,,22.04,22.04358087,,,,2025-12-05T13:23:08Z,2002,2002-01-01,2002-12-31
1592536,GHED_GGHE-D_pc_US_SHA2011,COUNTRY,TUN,EMR,Eastern Mediterranean,YEAR,2018,,,,,,,,,112.22,112.22465153,,,,2025-12-05T13:23:08Z,2018,2018-01-01,2018-12-31
1597890,GHED_GGHE-D_pc_US_SHA2011,COUNTRY,POL,EUR,Europe,YEAR,2008,,,,,,,,,635.57,635.5671054,,,,2025-12-05T13:23:08Z,2008,2008-01-01,2008-12-31
1598201,GHED_GGHE-D_pc_US_SHA2011,COUNTRY,NZL,WPR,Western Pacific,YEAR,2020,,,,,,,,,2886.03,2886.03227599,,,,2025-12-05T13:23:08Z,2020,2020-01-01,2020-12-31
1601053,GHED_GGHE-D_pc_US_SHA2011,COUNTRY,NLD,EUR,Europe,YEAR,2001,,,,,,,,,1512.20,1512.20462941,,,,2025-12-05T13:23:08Z,2001,2001-01-01,2001-12-31
1603092,GHED_GGHE-D_pc_US_SHA2011,COUNTRY,CAN,AMR,Americas,YEAR,2023,,,,,,,,,4349.83,4349.83230253,,,,2025-12-05T13:23:08Z,2023,2023-01-01,2023-12-31
1609516,GHED_GGHE-D_pc_US_SHA2011,COUNTRY,HUN,EUR,Europe,YEAR,2009,,,,,,,,,641.53,641.53479932,,,,2025-12-05T13:23:08Z,2009,2009-01-01,2009-12-31
1611750,GHED_GGHE-D_pc_US_SHA2011,COUNTRY,PLW,WPR,Western Pacific,YEAR,2020,,,,,,,,,1002.10,1002.09616682,,,,2025-12-05T13:23:08Z,2020,2020-01-01,2020-12-31
1613038,GHED_GGHE-D_pc_US_SHA2011,COUNTRY,TUV,WPR,Western Pacific,YEAR,2020,,,,,,,,,752.95,752.95048789,,,,2025-12-05T13:23:08Z,2020,2020-01-01,2020-12-31
1615191,GHED_GGHE-D_pc_US_SHA2011,COUNTRY,KHM,WPR,Western Pacific,YEAR,2002,,,,,,,,,4.67,4.67358699,,,,2025-12-05T13:23:08Z,2002,2002-01-01,2002-12-31
1616467,GHED_GGHE-D_pc_US_SHA2011,COUNTRY,GRC,EUR,Europe,YEAR,2021,,,,,,,,,1100.73,1100.73201301,,,,2025-12-05T13:23:08Z,2021,2021-01-01,2021-12-31
1617024,GHED_GGHE-D_pc_US_SHA2011,COUNTRY,CRI,AMR,Americas,YEAR,2002,,,,,,,,,186.82,186.8229964,,,,2025-12-05T13:23:08Z,2002,2002-01-01,2002-12-31
1617478,GHED_GGHE-D_pc_US_SHA2011,COUNTRY,LBR,AFR,Africa,YEAR,2003,,,,,,,,,0.95,0.95477203,,,,2025-12-05T13:23:08Z,2003,2003-01-01,2003-12-31
1619799,GHED_GGHE-D_pc_US_SHA2011,COUNTRY,PRY,AMR,Americas,YEAR,2019,,,,,,,,,193.20,193.19676697,,,,2025-12-05T13:23:08Z,2019,2019-01-01,2019-12-31
1624684,GHED_GGHE-D_pc_US_SHA2011,COUNTRY,ZMB,AFR,Africa,YEAR,2023,,,,,,,,,32.39,32.3916802,,,,2025-12-05T13:23:08Z,2023,2023-01-01,2023-12-31
1625338,GHED_GGHE-D_pc_US_SHA2011,GLOBAL,GLOBAL,,,YEAR,2001,,,,,,,,,308.06,308.06065794,,,,2025-12-05T13:23:08Z,2001,2001-01-01,2001-12-31
1628335,GHED_GGHE-D_pc_US_SHA2011,COUNTRY,YEM,EMR,Eastern Mediterranean,YEAR,2008,,,,,,,,,17.18,17.1762956,,,,2025-12-05T13:23:08Z,2008,2008-01-01,2008-12-31
1628711,GHED_GGHE-D_pc_US_SHA2011,COUNTRY,HRV,EUR,Europe,YEAR,2022,,,,,,,,,1122.33,1122.32631429,,,,2025-12-05T13:23:08Z,2022,2022-01-01,2022-12-31
1630316,GHED_GGHE-D_pc_US_SHA2011,COUNTRY,CAF,AFR,Africa,YEAR,2011,,,,,,,,,2.22,2.21734988,,,,2025-12-05T13:23:08Z,2011,2011-01-01,2011-12-31
1630577,GHED_GGHE-D_pc_US_SHA2011,COUNTRY,CAF,AFR,Africa,YEAR,2000,,,,,,,,,3.89,3.89199864,,,,2025-12-05T13:23:08Z,2000,2000-01-01,2000-12-31
1631199,GHED_GGHE-D_pc_US_SHA2011,COUNTRY,BRB,AMR,Americas,YEAR,2016,,,,,,,,,543.78,543.78245762,,,,2025-12-05T13:23:08Z,2016,2016-01-01,2016-12-31
1635712,GHED_GGHE-D_pc_US_SHA2011,COUNTRY,SUR,AMR,Americas,YEAR,2014,,,,,,,,,183.00,182.99975003,,,,2025-12-05T13:23:08Z,2014,2014-01-01,2014-12-31
1636861,GHED_GGHE-D_pc_US_SHA2011,COUNTRY,IRL,EUR,Europe,YEAR,2013,,,,,,,,,3762.07,3762.07113998,,,,2025-12-05T13:23:08Z,2013,2013-01-01,2013-12-31
1637510,GHED_GGHE-D_pc_US_SHA2011,COUNTRY,MDV,SEAR,South-East Asia,YEAR,2019,,,,,,,,,690.02,690.02194254,,,,2025-12-05T13:23:08Z,2019,2019-01-01,2019-12-31
1638929,GHED_GGHE-D_pc_US_SHA2011,REGION,SEAR,,,YEAR,2023,,,,,,,,,167.49,167.48524247,,,,2025-12-05T13:23:08Z,2023,2023-01-01,2023-12-31
1640596,GHED_GGHE-D_pc_US_SHA2011,REGION,WPR,,,YEAR,2008,,,,,,,,,481.06,481.05865173,,,,2025-12-05T13:23:08Z,2008,2008-01-01,2008-12-31
1646191,GHED_GGHE-D_pc_US_SHA2011,REGION,EMR,,,YEAR,2001,,,,,,,,,147.84,147.83502202,,,,2025-12-05T13:23:08Z,2001,2001-01-01,2001-12-31
1647309,GHED_GGHE-D_pc_US_SHA2011,COUNTRY,BDI,AFR,Africa,YEAR,2011,,,,,,,,,7.99,7.985924,,,,2025-12-05T13:23:08Z,2011,2011-01-01,2011-12-31
1647797,GHED_GGHE-D_pc_US_SHA2011,COUNTRY,ZMB,AFR,Africa,YEAR,2000,,,,,,,,,5.30,5.29778175,,,,2025-12-05T13:23:08Z,2000,2000-01-01,2000-12-31
1650847,GHED_GGHE-D_pc_US_SHA2011,COUNTRY,IND,SEAR,South-East Asia,YEAR,2010,,,,,,,,,11.74,11.73934408,,,,2025-12-05T13:23:08Z,2010,2010-01-01,2010-12-31
1653093,GHED_GGHE-D_pc_US_SHA2011,COUNTRY,TKM,EUR,Europe,YEAR,2005,,,,,,,,,68.68,68.68332641,,,,2025-12-05T13:23:08Z,2005,2005-01-01,2005-12-31
1653683,GHED_GGHE-D_pc_US_SHA2011,COUNTRY,JOR,EMR,Eastern Mediterranean,YEAR,2022,,,,,,,,,147.63,147.63184834,,,,2025-12-05T13:23:08Z,2022,2022-01-01,2022-12-31
1655557,GHED_GGHE-D_pc_US_SHA2011,COUNTRY,NER,AFR,Africa,YEAR,2022,,,,,,,,,9.35,9.35381614,,,,2025-12-05T13:23:08Z,2022,2022-01-01,2022-12-31
1657337,GHED_GGHE-D_pc_US_SHA2011,COUNTRY,GUY,AMR,Americas,YEAR,2010,,,,,,,,,70.16,70.16258223,,,,2025-12-05T13:23:08Z,2010,2010-01-01,2010-12-31
1660737,GHED_GGHE-D_pc_US_SHA2011,COUNTRY,MCO,EUR,Europe,YEAR,2010,,,,,,,,,6535.34,6535.34124204,,,,2025-12-05T13:23:08Z,2010,2010-01-01,2010-12-31
1661593,GHED_GGHE-D_pc_US_SHA2011,COUNTRY,CZE,EUR,Europe,YEAR,2014,,,,,,,,,1270.06,1270.06266703,,,,2025-12-05T13:23:08Z,2014,2014-01-01,2014-12-31
1661899,GHED_GGHE-D_pc_US_SHA2011,COUNTRY,ETH,AFR,Africa,YEAR,2006,,,,,,,,,2.12,2.11687247,,,,2025-12-05T13:23:08Z,2006,2006-01-01,2006-12-31
1662273,GHED_GGHE-D_pc_US_SHA2011,COUNTRY,CPV,AFR,Africa,YEAR,2001,,,,,,,,,46.40,46.40479522,,,,2025-12-05T13:23:08Z,2001,2001-01-01,2001-12-31
1662685,GHED_GGHE-D_pc_US_SHA2011,COUNTRY,GHA,AFR,Africa,YEAR,2016,,,,,,,,,24.88,24.8789485,,,,2025-12-05T13:23:08Z,2016,2016-01-01,2016-12-31
1665710,GHED_GGHE-D_pc_US_SHA2011,COUNTRY,MLI,AFR,Africa,YEAR,2016,,,,,,,,,8.83,8.83435412,,,,2025-12-05T13:23:08Z,2016,2016-01-01,2016-12-31
1665752,GHED_GGHE-D_pc_US_SHA2011,COUNTRY,JPN,WPR,Western Pacific,YEAR,2003,,,,,,,,,2119.23,2119.23175414,,,,2025-12-05T13:23:08Z,2003,2003-01-01,2003-12-31
1665849,GHED_GGHE-D_pc_US_SHA2011,COUNTRY,TKM,EUR,Europe,YEAR,2004,,,,,,,,,69.33,69.33109161,,,,2025-12-05T13:23:08Z,2004,2004-01-01,2004-12-31
1666165,GHED_GGHE-D_pc_US_SHA2011,COUNTRY,SWE,EUR,Europe,YEAR,2018,,,,,,,,,5104.47,5104.4676489,,,,2025-12-05T13:23:08Z,2018,2018-01-01,2018-12-31
1669800,GHED_GGHE-D_pc_US_SHA2011,COUNTRY,VUT,WPR,Western Pacific,YEAR,2017,,,,,,,,,46.49,46.4886162,,,,2025-12-05T13:23:08Z,2017,2017-01-01,2017-12-31
1677193,GHED_GGHE-D_pc_US_SHA2011,COUNTRY,MAR,EMR,Eastern Mediterranean,YEAR,2005,,,,,,,,,24.50,24.50282996,,,,2025-12-05T13:23:08Z,2005,2005-01-01,2005-12-31
1683643,GHED_GGHE-D_pc_US_SHA2011,COUNTRY,JOR,EMR,Eastern Mediterranean,YEAR,2000,,,,,,,,,68.07,68.0745111,,,,2025-12-05T13:23:08Z,2000,2000-01-01,2000-12-31
1683781,GHED_GGHE-D_pc_US_SHA2011,COUNTRY,CHN,WPR,Western Pacific,YEAR,2011,,,,,,,,,128.50,128.50229104,,,,2025-12-05T13:23:08Z,2011,2011-01-01,2011-12-31
1686826,GHED_GGHE-D_pc_US_SHA2011,COUNTRY,IND,SEAR,South-East Asia,YEAR,2019,,,,,,,,,21.28,21.28210144,,,,2025-12-05T13:23:08Z,2019,2019-01-01,2019-12-31
1688255,GHED_GGHE-D_pc_US_SHA2011,COUNTRY,GEO,EUR,Europe,YEAR,2010,,,,,,,,,60.77,60.77446044,,,,2025-12-05T13:23:08Z,2010,2010-01-01,2010-12-31
1689308,GHED_GGHE-D_pc_US_SHA2011,COUNTRY,ROU,EUR,Europe,YEAR,2018,,,,,,,,,547.60,547.59798255,,,,2025-12-05T13:23:08Z,2018,2018-01-01,2018-12-31
1689545,GHED_GGHE-D_pc_US_SHA2011,COUNTRY,BHR,EMR,Eastern Mediterranean,YEAR,2014,,,,,,,,,729.20,729.19875542,,,,2025-12-05T13:23:08Z,2014,2014-01-01,2014-12-31
1690141,GHED_GGHE-D_pc_US_SHA2011,COUNTRY,CZE,EUR,Europe,YEAR,2020,,,,,,,,,1853.10,1853.10118673,,,,2025-12-05T13:23:08Z,2020,2020-01-01,2020-12-31
1690707,GHED_GGHE-D_pc_US_SHA2011,COUNTRY,MEX,AMR,Americas,YEAR,2023,,,,,,,,,370.04,370.04429147,,,,2025-12-05T13:23:08Z,2023,2023-01-01,2023-12-31
1691372,GHED_GGHE-D_pc_US_SHA2011,COUNTRY,MOZ,AFR,Africa,YEAR,2019,,,,,,,,,9.48,9.47888607,,,,2025-12-05T13:23:08Z,2019,2019-01-01,2019-12-31
1693237,GHED_GGHE-D_pc_US_SHA2011,COUNTRY,TUR,EUR,Europe,YEAR,2015,,,,,,,,,347.46,347.46462423,,,,2025-12-05T13:23:08Z,2015,2015-01-01,2015-12-31
1697005,GHED_GGHE-D_pc_US_SHA2011,COUNTRY,PAN,AMR,Americas,YEAR,2022,,,,,,,,,827.44,827.44162768,,,,2025-12-05T13:23:08Z,2022,2022-01-01,2022-12-31
1699814,GHED_GGHE-D_pc_US_SHA2011,COUNTRY,FJI,WPR,Western Pacific,YEAR,2011,,,,,,,,,84.75,84.74937314,,,,2025-12-05T13:23:08Z,2011,2011-01-01,2011-12-31
1702431,GHED_GGHE-D_pc_US_SHA2011,REGION,SEAR,,,YEAR,2008,,,,,,,,,73.46,73.46371523,,,,2025-12-05T13:23:08Z,2008,2008-01-01,2008-12-31
1703526,GHED_GGHE-D_pc_US_SHA2011,COUNTRY,PAN,AMR,Americas,YEAR,2010,,,,,,,,,391.30,391.3047895,,,,2025-12-05T13:23:08Z,2010,2010-01-01,2010-12-31
1704746,GHED_GGHE-D_pc_US_SHA2011,COUNTRY,QAT,EMR,Eastern Mediterranean,YEAR,2007,,,,,,,,,973.01,973.0054566,,,,2025-12-05T13:23:08Z,2007,2007-01-01,2007-12-31
1705107,GHED_GGHE-D_pc_US_SHA2011,COUNTRY,PNG,WPR,Western Pacific,YEAR,2014,,,,,,,,,55.03,55.02648397,,,,2025-12-05T13:23:08Z,2014,2014-01-01,2014-12-31
1708534,GHED_GGHE-D_pc_US_SHA2011,REGION,WPR,,,YEAR,2003,,,,,,,,,297.41,297.4100342,,,,2025-12-05T13:23:08Z,2003,2003-01-01,2003-12-31
1708564,GHED_GGHE-D_pc_US_SHA2011,COUNTRY,GAB,AFR,Africa,YEAR,2004,,,,,,,,,74.31,74.31132495,,,,2025-12-05T13:23:08Z,2004,2004-01-01,2004-12-31
1710163,GHED_GGHE-D_pc_US_SHA2011,COUNTRY,THA,SEAR,South-East Asia,YEAR,2022,,,,,,,,,268.96,268.96381245,,,,2025-12-05T13:23:08Z,2022,2022-01-01,2022-12-31
1710225,GHED_GGHE-D_pc_US_SHA2011,COUNTRY,MWI,AFR,Africa,YEAR,2012,,,,,,,,,5.17,5.1677065,,,,2025-12-05T13:23:08Z,2012,2012-01-01,2012-12-31
1712705,GHED_GGHE-D_pc_US_SHA2011,COUNTRY,PNG,WPR,Western Pacific,YEAR,2018,,,,,,,,,41.45,41.45191445,,,,2025-12-05T13:23:08Z,2018,2018-01-01,2018-12-31
1713855,GHED_GGHE-D_pc_US_SHA2011,COUNTRY,KHM,WPR,Western Pacific,YEAR,2020,,,,,,,,,29.16,29.15918082,,,,2025-12-05T13:23:08Z,2020,2020-01-01,2020-12-31
1713948,GHED_GGHE-D_pc_US_SHA2011,COUNTRY,MHL,WPR,Western Pacific,YEAR,2016,,,,,,,,,274.05,274.04584187,,,,2025-12-05T13:23:08Z,2016,2016-01-01,2016-12-31
1714829,GHED_GGHE-D_pc_US_SHA2011,COUNTRY,IND,SEAR,South-East Asia,YEAR,2007,,,,,,,,,7.45,7.44656324,,,,2025-12-05T13:23:08Z,2007,2007-01-01,2007-12-31
1716408,GHED_GGHE-D_pc_US_SHA2011,COUNTRY,PRY,AMR,Americas,YEAR,2018,,,,,,,,,189.62,189.61797327,,,,2025-12-05T13:23:08Z,2018,2018-01-01,2018-12-31
1716819,GHED_GGHE-D_pc_US_SHA2011,COUNTRY,MAR,EMR,Eastern Mediterranean,YEAR,2009,,,,,,,,,54.01,54.01492798,,,,2025-12-05T13:23:08Z,2009,2009-01-01,2009-12-31
1719350,GHED_GGHE-D_pc_US_SHA2011,COUNTRY,LSO,AFR,Africa,YEAR,2004,,,,,,,,,23.50,23.49512842,,,,2025-12-05T13:23:08Z,2004,2004-01-01,2004-12-31
1724293,GHED_GGHE-D_pc_US_SHA2011,COUNTRY,NIU,WPR,Western Pacific,YEAR,2019,,,,,,,,,898.48,898.4759098,,,,2025-12-05T13:23:08Z,2019,2019-01-01,2019-12-31
1724661,GHED_GGHE-D_pc_US_SHA2011,COUNTRY,MUS,AFR,Africa,YEAR,2002,,,,,,,,,70.03,70.0322119,,,,2025-12-05T13:23:08Z,2002,2002-01-01,2002-12-31
1724923,GHED_GGHE-D_pc_US_SHA2011,COUNTRY,SUR,AMR,Americas,YEAR,2000,,,,,,,,,80.76,80.75600301,,,,2025-12-05T13:23:08Z,2000,2000-01-01,2000-12-31
1728471,GHED_GGHE-D_pc_US_SHA2011,COUNTRY,LSO,AFR,Africa,YEAR,2005,,,,,,,,,20.11,20.10522592,,,,2025-12-05T13:23:08Z,2005,2005-01-01,2005-12-31
1732237,GHED_GGHE-D_pc_US_SHA2011,COUNTRY,TGO,AFR,Africa,YEAR,2008,,,,,,,,,4.32,4.31500653,,,,2025-12-05T13:23:08Z,2008,2008-01-01,2008-12-31
1734169,GHED_GGHE-D_pc_US_SHA2011,COUNTRY,SRB,EUR,Europe,YEAR,2009,,,,,,,,,354.65,354.64959534,,,,2025-12-05T13:23:08Z,2009,2009-01-01,2009-12-31
1734839,GHED_GGHE-D_pc_US_SHA2011,COUNTRY,COM,AFR,Africa,YEAR,2022,,,,,,,,,12.80,12.79996089,,,,2025-12-05T13:23:08Z,2022,2022-01-01,2022-12-31
1736620,GHED_GGHE-D_pc_US_SHA2011,COUNTRY,IRQ,EMR,Eastern Mediterranean,YEAR,2012,,,,,,,,,65.36,65.35620143,,,,2025-12-05T13:23:08Z,2012,2012-01-01,2012-12-31
1739455,GHED_GGHE-D_pc_US_SHA2011,COUNTRY,SEN,AFR,Africa,YEAR,2006,,,,,,,,,17.90,17.89719237,,,,2025-12-05T13:23:08Z,2006,2006-01-01,2006-12-31
1740010,GHED_GGHE-D_pc_US_SHA2011,COUNTRY,MDA,EUR,Europe,YEAR,2018,,,,,,,,,156.28,156.27736486,,,,2025-12-05T13:23:08Z,2018,2018-01-01,2018-12-31
1743348,GHED_GGHE-D_pc_US_SHA2011,COUNTRY,ZAF,AFR,Africa,YEAR,2007,,,,,,,,,217.54,217.54000671,,,,2025-12-05T13:23:08Z,2007,2007-01-01,2007-12-31
1744013,GHED_GGHE-D_pc_US_SHA2011,COUNTRY,PSE,EMR,Eastern Mediterranean,YEAR,2003,,,,,,,,,35.93,35.93321822,,,,2025-12-05T13:23:08Z,2003,2003-01-01,2003-12-31
1747049,GHED_GGHE-D_pc_US_SHA2011,COUNTRY,AZE,EUR,Europe,YEAR,2009,,,,,,,,,55.50,55.49803183,,,,2025-12-05T13:23:08Z,2009,2009-01-01,2009-12-31
1747736,GHED_GGHE-D_pc_US_SHA2011,COUNTRY,COK,WPR,Western Pacific,YEAR,2005,,,,,,,,,387.27,387.27147057,,,,2025-12-05T13:23:08Z,2005,2005-01-01,2005-12-31
1749905,GHED_GGHE-D_pc_US_SHA2011,COUNTRY,NRU,WPR,Western Pacific,YEAR,2012,,,,,,,,,397.62,397.6201132,,,,2025-12-05T13:23:08Z,2012,2012-01-01,2012-12-31
1750771,GHED_GGHE-D_pc_US_SHA2011,COUNTRY,VUT,WPR,Western Pacific,YEAR,2020,,,,,,,,,78.27,78.27205525,,,,2025-12-05T13:23:08Z,2020,2020-01-01,2020-12-31
1751004,GHED_GGHE-D_pc_US_SHA2011,COUNTRY,MOZ,AFR,Africa,YEAR,2007,,,,,,,,,5.95,5.95318974,,,,2025-12-05T13:23:08Z,2007,2007-01-01,2007-12-31
1752322,GHED_GGHE-D_pc_US_SHA2011,COUNTRY,OMN,EMR,Eastern Mediterranean,YEAR,2002,,,,,,,,,228.80,228.8009488,,,,2025-12-05T13:23:08Z,2002,2002-01-01,2002-12-31
1752908,GHED_GGHE-D_pc_US_SHA2011,COUNTRY,KAZ,EUR,Europe,YEAR,2013,,,,,,,,,248.95,248.94652021,,,,2025-12-05T13:23:08Z,2013,2013-01-01,2013-12-31
1755188,GHED_GGHE-D_pc_US_SHA2011,COUNTRY,COK,WPR,Western Pacific,YEAR,2007,,,,,,,,,423.76,423.75788789,,,,2025-12-05T13:23:08Z,2007,2007-01-01,2007-12-31
1755835,GHED_GGHE-D_pc_US_SHA2011,COUNTRY,NAM,AFR,Africa,YEAR,2003,,,,,,,,,157.23,157.23350153,,,,2025-12-05T13:23:08Z,2003,2003-01-01,2003-12-31
1756961,GHED_GGHE-D_pc_US_SHA2011,COUNTRY,CHE,EUR,Europe,YEAR,2002,,,,,,,,,1316.73,1316.73336663,,,,2025-12-05T13:23:08Z,2002,2002-01-01,2002-12-31
1757177,GHED_GGHE-D_pc_US_SHA2011,COUNTRY,ETH,AFR,Africa,YEAR,2007,,,,,,,,,3.10,3.1004807,,,,2025-12-05T13:23:08Z,2007,2007-01-01,2007-12-31
1758513,GHED_GGHE-D_pc_US_SHA2011,COUNTRY,URY,AMR,Americas,YEAR,2009,,,,,,,,,490.12,490.12056202,,,,2025-12-05T13:23:08Z,2009,2009-01-01,2009-12-31
1766257,GHED_GGHE-D_pc_US_SHA2011,COUNTRY,NER,AFR,Africa,YEAR,2008,,,,,,,,,7.35,7.34736396,,,,2025-12-05T13:23:08Z,2008,2008-01-01,2008-12-31
1767868,GHED_GGHE-D_pc_US_SHA2011,COUNTRY,VNM,WPR,Western Pacific,YEAR,2023,,,,,,,,,87.36,87.36204214,,,,2025-12-05T13:23:08Z,2023,2023-01-01,2023-12-31
1768991,GHED_GGHE-D_pc_US_SHA2011,COUNTRY,BIH,EUR,Europe,YEAR,2014,,,,,,,,,346.96,346.95900236,,,,2025-12-05T13:23:08Z,2014,2014-01-01,2014-12-31
1774131,GHED_GGHE-D_pc_US_SHA2011,COUNTRY,ROU,EUR,Europe,YEAR,2016,,,,,,,,,372.34,372.34224337,,,,2025-12-05T13:23:08Z,2016,2016-01-01,2016-12-31
1774360,GHED_GGHE-D_pc_US_SHA2011,COUNTRY,BHS,AMR,Americas,YEAR,2004,,,,,,,,,429.50,429.50315814,,,,2025-12-05T13:23:08Z,2004,2004-01-01,2004-12-31
1776005,GHED_GGHE-D_pc_US_SHA2011,COUNTRY,MEX,AMR,Americas,YEAR,2011,,,,,,,,,298.51,298.50953132,,,,2025-12-05T13:23:08Z,2011,2011-01-01,2011-12-31
1778294,GHED_GGHE-D_pc_US_SHA2011,COUNTRY,NRU,WPR,Western Pacific,YEAR,2023,,,,,,,,,1917.50,1917.50341073,,,,2025-12-05T13:23:08Z,2023,2023-01-01,2023-12-31
1778995,GHED_GGHE-D_pc_US_SHA2011,COUNTRY,EST,EUR,Europe,YEAR,2013,,,,,,,,,889.54,889.54266561,,,,2025-12-05T13:23:08Z,2013,2013-01-01,2013-12-31
1779225,GHED_GGHE-D_pc_US_SHA2011,COUNTRY,CZE,EUR,Europe,YEAR,2002,,,,,,,,,438.38,438.38212793,,,,2025-12-05T13:23:08Z,2002,2002-01-01,2002-12-31
1779703,GHED_GGHE-D_pc_US_SHA2011,COUNTRY,ESP,EUR,Europe,YEAR,2010,,,,,,,,,2076.74,2076.74179852,,,,2025-12-05T13:23:08Z,2010,2010-01-01,2010-12-31
1781742,GHED_GGHE-D_pc_US_SHA2011,COUNTRY,JOR,EMR,Eastern Mediterranean,YEAR,2013,,,,,,,,,190.16,190.15948828,,,,2025-12-05T13:23:08Z,2013,2013-01-01,2013-12-31
1783810,GHED_GGHE-D_pc_US_SHA2011,COUNTRY,ARE,EMR,Eastern Mediterranean,YEAR,2018,,,,,,,,,965.85,965.85004893,,,,2025-12-05T13:23:08Z,2018,2018-01-01,2018-12-31
1786963,GHED_GGHE-D_pc_US_SHA2011,COUNTRY,GMB,AFR,Africa,YEAR,2020,,,,,,,,,14.06,14.05654111,,,,2025-12-05T13:23:08Z,2020,2020-01-01,2020-12-31
1789266,GHED_GGHE-D_pc_US_SHA2011,COUNTRY,GTM,AMR,Americas,YEAR,2017,,,,,,,,,95.12,95.1198005,,,,2025-12-05T13:23:08Z,2017,2017-01-01,2017-12-31
1790379,GHED_GGHE-D_pc_US_SHA2011,COUNTRY,MDG,AFR,Africa,YEAR,2014,,,,,,,,,8.84,8.84009234,,,,2025-12-05T13:23:08Z,2014,2014-01-01,2014-12-31
1791569,GHED_GGHE-D_pc_US_SHA2011,COUNTRY,SVN,EUR,Europe,YEAR,2010,,,,,,,,,1459.71,1459.7067523,,,,2025-12-05T13:23:08Z,2010,2010-01-01,2010-12-31
1791750,GHED_GGHE-D_pc_US_SHA2011,COUNTRY,ERI,AFR,Africa,YEAR,2001,,,,,,,,,4.51,4.51271459,,,,2025-12-05T13:23:08Z,2001,2001-01-01,2001-12-31
1792201,GHED_GGHE-D_pc_US_SHA2011,COUNTRY,KHM,WPR,Western Pacific,YEAR,2009,,,,,,,,,8.87,8.86967538,,,,2025-12-05T13:23:08Z,2009,2009-01-01,2009-12-31
1793055,GHED_GGHE-D_pc_US_SHA2011,COUNTRY,GHA,AFR,Africa,YEAR,2008,,,,,,,,,27.98,27.98314076,,,,2025-12-05T13:23:08Z,2008,2008-01-01,2008-12-31
1793664,GHED_GGHE-D_pc_US_SHA2011,COUNTRY,AGO,AFR,Africa,YEAR,2011,,,,,,,,,79.08,79.08060033,,,,2025-12-05T13:23:08Z,2011,2011-01-01,2011-12-31
1794050,GHED_GGHE-D_pc_US_SHA2011,COUNTRY,TJK,EUR,Europe,YEAR,2012,,,,,,,,,15.32,15.31539746,,,,2025-12-05T13:23:08Z,2012,2012-01-01,2012-12-31
1795577,GHED_GGHE-D_pc_US_SHA2011,REGION,AMR,,,YEAR,2021,,,,,,,,,716.56,716.55876168,,,,2025-12-05T13:23:08Z,2021,2021-01-01,2021-12-31
1796659,GHED_GGHE-D_pc_US_SHA2011,COUNTRY,AUS,WPR,Western Pacific,YEAR,2019,,,,,,,,,4074.82,4074.82175659,,,,2025-12-05T13:23:08Z,2019,2019-01-01,2019-12-31
1798827,GHED_GGHE-D_pc_US_SHA2011,COUNTRY,LIE,EUR,Europe,YEAR,2020,,,,,,,,,6866.63,6866.63098433,,,,2025-12-05T13:23:08Z,2020,2020-01-01,2020-12-31
1799715,GHED_GGHE-D_pc_US_SHA2011,COUNTRY,GAB,AFR,Africa,YEAR,2013,,,,,,,,,167.68,167.67653887,,,,2025-12-05T13:23:08Z,2013,2013-01-01,2013-12-31
1801600,GHED_GGHE-D_pc_US_SHA2011,COUNTRY,MLT,EUR,Europe,YEAR,2010,,,,,,,,,1120.70,1120.70185579,,,,2025-12-05T13:23:08Z,2010,2010-01-01,2010-12-31
1803251,GHED_GGHE-D_pc_US_SHA2011,COUNTRY,COL,AMR,Americas,YEAR,2010,,,,,,,,,326.78,326.77741708,,,,2025-12-05T13:23:08Z,2010,2010-01-01,2010-12-31
1808462,GHED_GGHE-D_pc_US_SHA2011,COUNTRY,SLV,AMR,Americas,YEAR,2008,,,,,,,,,121.99,121.98555792,,,,2025-12-05T13:23:08Z,2008,2008-01-01,2008-12-31
1808608,GHED_GGHE-D_pc_US_SHA2011,COUNTRY,BOL,AMR,Americas,YEAR,2019,,,,,,,,,171.57,171.57260293,,,,2025-12-05T13:23:08Z,2019,2019-01-01,2019-12-31
1809469,GHED_GGHE-D_pc_US_SHA2011,COUNTRY,BTN,SEAR,South-East Asia,YEAR,2021,,,,,,,,,78.18,78.17639166,,,,2025-12-05T13:23:08Z,2021,2021-01-01,2021-12-31
1809881,GHED_GGHE-D_pc_US_SHA2011,COUNTRY,KOR,WPR,Western Pacific,YEAR,2002,,,,,,,,,294.10,294.10417181,,,,2025-12-05T13:23:08Z,2002,2002-01-01,2002-12-31
1811152,GHED_GGHE-D_pc_US_SHA2011,COUNTRY,SRB,EUR,Europe,YEAR,2018,,,,,,,,,366.35,366.3522176,,,,2025-12-05T13:23:08Z,2018,2018-01-01,2018-12-31
1813037,GHED_GGHE-D_pc_US_SHA2011,COUNTRY,FIN,EUR,Europe,YEAR,2012,,,,,,,,,3649.61,3649.60680083,,,,2025-12-05T13:23:08Z,2012,2012-01-01,2012-12-31
1817631,GHED_GGHE-D_pc_US_SHA2011,COUNTRY,ECU,AMR,Americas,YEAR,2008,,,,,,,,,91.84,91.84483029,,,,2025-12-05T13:23:08Z,2008,2008-01-01,2008-12-31
1819953,GHED_GGHE-D_pc_US_SHA2011,REGION,AMR,,,YEAR,2001,,,,,,,,,229.55,229.55238512,,,,2025-12-05T13:23:08Z,2001,2001-01-01,2001-12-31
1821101,GHED_GGHE-D_pc_US_SHA2011,COUNTRY,DEU,EUR,Europe,YEAR,2021,,,,,,,,,5293.14,5293.13711176,,,,2025-12-05T13:23:08Z,2021,2021-01-01,2021-12-31
1823097,GHED_GGHE-D_pc_US_SHA2011,COUNTRY,SLB,WPR,Western Pacific,YEAR,2023,,,,,,,,,70.06,70.05639018,,,,2025-12-05T13:23:08Z,2023,2023-01-01,2023-12-31
1825168,GHED_GGHE-D_pc_US_SHA2011,COUNTRY,MNG,WPR,Western Pacific,YEAR,2002,,,,,,,,,21.62,21.62440731,,,,2025-12-05T13:23:08Z,2002,2002-01-01,2002-12-31
1825271,GHED_GGHE-D_pc_US_SHA2011,COUNTRY,ZAF,AFR,Africa,YEAR,2002,,,,,,,,,61.98,61.98269218,,,,2025-12-05T13:23:08Z,2002,2002-01-01,2002-12-31
1825736,GHED_GGHE-D_pc_US_SHA2011,COUNTRY,SLB,WPR,Western Pacific,YEAR,2006,,,,,,,,,57.54,57.54242063,,,,2025-12-05T13:23:08Z,2006,2006-01-01,2006-12-31
1826501,GHED_GGHE-D_pc_US_SHA2011,COUNTRY,SVK,EUR,Europe,YEAR,2020,,,,,,,,,1118.68,1118.68125252,,,,2025-12-05T13:23:08Z,2020,2020-01-01,2020-12-31
1828198,GHED_GGHE-D_pc_US_SHA2011,COUNTRY,BHS,AMR,Americas,YEAR,2017,,,,,,,,,1120.75,1120.74916035,,,,2025-12-05T13:23:08Z,2017,2017-01-01,2017-12-31
1831028,GHED_GGHE-D_pc_US_SHA2011,COUNTRY,GAB,AFR,Africa,YEAR,2012,,,,,,,,,137.86,137.86079499,,,,2025-12-05T13:23:08Z,2012,2012-01-01,2012-12-31
1831608,GHED_GGHE-D_pc_US_SHA2011,COUNTRY,COM,AFR,Africa,YEAR,2021,,,,,,,,,14.70,14.69715369,,,,2025-12-05T13:23:08Z,2021,2021-01-01,2021-12-31
1832746,GHED_GGHE-D_pc_US_SHA2011,COUNTRY,HTI,AMR,Americas,YEAR,2008,,,,,,,,,8.96,8.96035388,,,,2025-12-05T13:23:08Z,2008,2008-01-01,2008-12-31
1833163,GHED_GGHE-D_pc_US_SHA2011,COUNTRY,SRB,EUR,Europe,YEAR,2005,,,,,,,,,201.32,201.31897259,,,,2025-12-05T13:23:08Z,2005,2005-01-01,2005-12-31
1835647,GHED_GGHE-D_pc_US_SHA2011,COUNTRY,TLS,SEAR,South-East Asia,YEAR,2005,,,,,,,,,10.35,10.34812965,,,,2025-12-05T13:23:08Z,2005,2005-01-01,2005-12-31
1839048,GHED_GGHE-D_pc_US_SHA2011,COUNTRY,IRQ,EMR,Eastern Mediterranean,YEAR,2006,,,,,,,,,34.90,34.90189629,,,,2025-12-05T13:23:08Z,2006,2006-01-01,2006-12-31
1839697,GHED_GGHE-D_pc_US_SHA2011,COUNTRY,TGO,AFR,Africa,YEAR,2003,,,,,,,,,1.94,1.93717558,,,,2025-12-05T13:23:08Z,2003,2003-01-01,2003-12-31
1842799,GHED_GGHE-D_pc_US_SHA2011,COUNTRY,NER,AFR,Africa,YEAR,2021,,,,,,,,,12.92,12.91769892,,,,2025-12-05T13:23:08Z,2021,2021-01-01,2021-12-31
1846576,GHED_GGHE-D_pc_US_SHA2011,COUNTRY,PHL,WPR,Western Pacific,YEAR,2012,,,,,,,,,28.71,28.70916754,,,,2025-12-05T13:23:08Z,2012,2012-01-01,2012-12-31
1847563,GHED_GGHE-D_pc_US_SHA2011,COUNTRY,GAB,AFR,Africa,YEAR,2018,,,,,,,,,122.64,122.63933795,,,,2025-12-05T13:23:08Z,2018,2018-01-01,2018-12-31
1849264,GHED_GGHE-D_pc_US_SHA2011,COUNTRY,AND,EUR,Europe,YEAR,2018,,,,,,,,,2234.80,2234.79774116,,,,2025-12-05T13:23:08Z,2018,2018-01-01,2018-12-31
1850062,GHED_GGHE-D_pc_US_SHA2011,COUNTRY,KGZ,EUR,Europe,YEAR,2011,,,,,,,,,40.91,40.91361654,,,,2025-12-05T13:23:08Z,2011,2011-01-01,2011-12-31
1853712,GHED_GGHE-D_pc_US_SHA2011,COUNTRY,SVN,EUR,Europe,YEAR,2014,,,,,,,,,1454.48,1454.483113,,,,2025-12-05T13:23:08Z,2014,2014-01-01,2014-12-31
1854676,GHED_GGHE-D_pc_US_SHA2011,COUNTRY,TZA,AFR,Africa,YEAR,2002,,,,,,,,,4.84,4.83969226,,,,2025-12-05T13:23:08Z,2002,2002-01-01,2002-12-31
1856102,GHED_GGHE-D_pc_US_SHA2011,COUNTRY,TJK,EUR,Europe,YEAR,2003,,,,,,,,,1.80,1.79547644,,,,2025-12-05T13:23:08Z,2003,2003-01-01,2003-12-31
1856478,GHED_GGHE-D_pc_US_SHA2011,COUNTRY,GRD,AMR,Americas,YEAR,2021,,,,,,,,,208.65,208.64783352,,,,2025-12-05T13:23:08Z,2021,2021-01-01,2021-12-31
1857113,GHED_GGHE-D_pc_US_SHA2011,COUNTRY,LBY,EMR,Eastern Mediterranean,YEAR,2013,,,,,,,,,436.46,436.45618556,,,,2025-12-05T13:23:08Z,2013,2013-01-01,2013-12-31
1858043,GHED_GGHE-D_pc_US_SHA2011,COUNTRY,HND,AMR,Americas,YEAR,2017,,,,,,,,,68.87,68.86748267,,,,2025-12-05T13:23:08Z,2017,2017-01-01,2017-12-31
1858062,GHED_GGHE-D_pc_US_SHA2011,COUNTRY,MCO,EUR,Europe,YEAR,2021,,,,,,,,,7380.04,7380.03919769,,,,2025-12-05T13:23:08Z,2021,2021-01-01,2021-12-31
1860620,GHED_GGHE-D_pc_US_SHA2011,COUNTRY,DMA,AMR,Americas,YEAR,2010,,,,,,,,,212.19,212.190806,,,,2025-12-05T13:23:08Z,2010,2010-01-01,2010-12-31
1860737,GHED_GGHE-D_pc_US_SHA2011,COUNTRY,DNK,EUR,Europe,YEAR,2020,,,,,,,,,5499.69,5499.68936017,,,,2025-12-05T13:23:08Z,2020,2020-01-01,2020-12-31
1862000,GHED_GGHE-D_pc_US_SHA2011,COUNTRY,EST,EUR,Europe,YEAR,2015,,,,,,,,,860.56,860.56231806,,,,2025-12-05T13:23:08Z,2015,2015-01-01,2015-12-31
1862122,GHED_GGHE-D_pc_US_SHA2011,COUNTRY,NOR,EUR,Europe,YEAR,2008,,,,,,,,,6535.64,6535.64367985,,,,2025-12-05T13:23:08Z,2008,2008-01-01,2008-12-31
1866591,GHED_GGHE-D_pc_US_SHA2011,COUNTRY,BGD,SEAR,South-East Asia,YEAR,2008,,,,,,,,,3.26,3.25540289,,,,2025-12-05T13:23:08Z,2008,2008-01-01,2008-12-31
1870309,GHED_GGHE-D_pc_US_SHA2011,COUNTRY,LIE,EUR,Europe,YEAR,2014,,,,,,,,,6627.19,6627.19239758,,,,2026-01-12T13:50:53Z,2014,2014-01-01,2014-12-31
1870998,GHED_GGHE-D_pc_US_SHA2011,COUNTRY,SAU,EMR,Eastern Mediterranean,YEAR,2019,,,,,,,,,1110.15,1110.1483721,,,,2025-12-05T13:23:08Z,2019,2019-01-01,2019-12-31
1873100,GHED_GGHE-D_pc_US_SHA2011,COUNTRY,ERI,AFR,Africa,YEAR,2021,,,,,,,,,5.86,5.85700426,,,,2025-12-05T13:23:08Z,2021,2021-01-01,2021-12-31
1874373,GHED_GGHE-D_pc_US_SHA2011,COUNTRY,LBY,EMR,Eastern Mediterranean,YEAR,2017,,,,,,,,,308.47,308.47429713,,,,2025-12-05T13:23:08Z,2017,2017-01-01,2017-12-31
1875534,GHED_GGHE-D_pc_US_SHA2011,COUNTRY,TKM,EUR,Europe,YEAR,2015,,,,,,,,,86.87,86.86549488,,,,2025-12-05T13:23:08Z,2015,2015-01-01,2015-12-31
1877517,GHED_GGHE-D_pc_US_SHA2011,COUNTRY,BLR,EUR,Europe,YEAR,2005,,,,,,,,,146.12,146.12114365,,,,2025-12-05T13:23:08Z,2005,2005-01-01,2005-12-31
1881300,GHED_GGHE-D_pc_US_SHA2011,COUNTRY,ALB,EUR,Europe,YEAR,2013,,,,,,,,,113.27,113.26875916,,,,2025-12-05T13:23:08Z,2013,2013-01-01,2013-12-31
1882220,GHED_GGHE-D_pc_US_SHA2011,COUNTRY,MYS,WPR,Western Pacific,YEAR,2009,,,,,,,,,136.47,136.46582169,,,,2025-12-05T13:23:08Z,2009,2009-01-01,2009-12-31
1882319,GHED_GGHE-D_pc_US_SHA2011,COUNTRY,THA,SEAR,South-East Asia,YEAR,2017,,,,,,,,,177.99,177.99303422,,,,2025-12-05T13:23:08Z,2017,2017-01-01,2017-12-31
1884016,GHED_GGHE-D_pc_US_SHA2011,COUNTRY,TZA,AFR,Africa,YEAR,2005,,,,,,,,,10.13,10.13014957,,,,2025-12-05T13:23:08Z,2005,2005-01-01,2005-12-31
1884351,GHED_GGHE-D_pc_US_SHA2011,COUNTRY,LVA,EUR,Europe,YEAR,2003,,,,,,,,,139.78,139.77732255,,,,2025-12-05T13:23:08Z,2003,2003-01-01,2003-12-31
1888394,GHED_GGHE-D_pc_US_SHA2011,COUNTRY,BLZ,AMR,Americas,YEAR,2006,,,,,,,,,109.09,109.08657072,,,,2025-12-05T13:23:08Z,2006,2006-01-01,2006-12-31
1888862,GHED_GGHE-D_pc_US_SHA2011,COUNTRY,HND,AMR,Americas,YEAR,2019,,,,,,,,,72.49,72.48589623,,,,2025-12-05T13:23:08Z,2019,2019-01-01,2019-12-31
1889611,GHED_GGHE-D_pc_US_SHA2011,COUNTRY,ITA,EUR,Europe,YEAR,2020,,,,,,,,,2319.44,2319.44017275,,,,2025-12-05T13:23:08Z,2020,2020-01-01,2020-12-31
1889991,GHED_GGHE-D_pc_US_SHA2011,COUNTRY,BTN,SEAR,South-East Asia,YEAR,2008,,,,,,,,,39.81,39.81210414,,,,2025-12-05T13:23:08Z,2008,2008-01-01,2008-12-31
1889997,GHED_GGHE-D_pc_US_SHA2011,COUNTRY,BWA,AFR,Africa,YEAR,2013,,,,,,,,,277.00,276.99812575,,,,2025-12-05T13:23:08Z,2013,2013-01-01,2013-12-31
1891052,GHED_GGHE-D_pc_US_SHA2011,COUNTRY,LBY,EMR,Eastern Mediterranean,YEAR,2020,,,,,,,,,371.56,371.55503051,,,,2025-12-05T13:23:08Z,2020,2020-01-01,2020-12-31
1895203,GHED_GGHE-D_pc_US_SHA2011,COUNTRY,CAN,AMR,Americas,YEAR,2007,,,,,,,,,2918.29,2918.28924208,,,,2025-12-05T13:23:08Z,2007,2007-01-01,2007-12-31
1897725,GHED_GGHE-D_pc_US_SHA2011,COUNTRY,MAR,EMR,Eastern Mediterranean,YEAR,2019,,,,,,,,,72.04,72.03907914,,,,2025-12-05T13:23:08Z,2019,2019-01-01,2019-12-31
1898693,GHED_GGHE-D_pc_US_SHA2011,COUNTRY,MWI,AFR,Africa,YEAR,2002,,,,,,,,,4.04,4.03894077,,,,2025-12-05T13:23:08Z,2002,2002-01-01,2002-12-31
1900753,GHED_GGHE-D_pc_US_SHA2011,COUNTRY,TUR,EUR,Europe,YEAR,2002,,,,,,,,,126.93,126.92750407,,,,2025-12-05T13:23:08Z,2002,2002-01-01,2002-12-31
1903047,GHED_GGHE-D_pc_US_SHA2011,COUNTRY,COG,AFR,Africa,YEAR,2007,,,,,,,,,12.94,12.94136267,,,,2025-12-05T13:23:08Z,2007,2007-01-01,2007-12-31
1904649,GHED_GGHE-D_pc_US_SHA2011,REGION,WPR,,,YEAR,2012,,,,,,,,,654.38,654.37861389,,,,2025-12-05T13:23:08Z,2012,2012-01-01,2012-12-31
1905806,GHED_GGHE-D_pc_US_SHA2011,COUNTRY,ATG,AMR,Americas,YEAR,2015,,,,,,,,,471.91,471.90984369,,,,2025-12-05T13:23:08Z,2015,2015-01-01,2015-12-31
1907541,GHED_GGHE-D_pc_US_SHA2011,COUNTRY,AUS,WPR,Western Pacific,YEAR,2011,,,,,,,,,4305.42,4305.42356763,,,,2025-12-05T13:23:08Z,2011,2011-01-01,2011-12-31
1908309,GHED_GGHE-D_pc_US_SHA2011,COUNTRY,USA,AMR,Americas,YEAR,2017,,,,,,,,,5035.88,5035.88441637,,,,2025-12-05T13:23:08Z,2017,2017-01-01,2017-12-31
1910627,GHED_GGHE-D_pc_US_SHA2011,COUNTRY,IDN,WPR,Western Pacific,YEAR,2016,,,,,,,,,48.44,48.44073919,,,,2025-12-05T13:23:08Z,2016,2016-01-01,2016-12-31
1910979,GHED_GGHE-D_pc_US_SHA2011,COUNTRY,GRC,EUR,Europe,YEAR,2016,,,,,,,,,793.38,793.37819754,,,,2025-12-05T13:23:08Z,2016,2016-01-01,2016-12-31
1911916,GHED_GGHE-D_pc_US_SHA2011,COUNTRY,SLB,WPR,Western Pacific,YEAR,2022,,,,,,,,,66.61,66.6142404,,,,2025-12-05T13:23:08Z,2022,2022-01-01,2022-12-31
1915086,GHED_GGHE-D_pc_US_SHA2011,COUNTRY,HTI,AMR,Americas,YEAR,2005,,,,,,,,,4.46,4.4581442,,,,2025-12-05T13:23:08Z,2005,2005-01-01,2005-12-31
1915878,GHED_GGHE-D_pc_US_SHA2011,COUNTRY,SOM,EMR,Eastern Mediterranean,YEAR,2021,,,,,,,,,1.90,1.89745208,,,,2025-12-05T13:23:08Z,2021,2021-01-01,2021-12-31
1917788,GHED_GGHE-D_pc_US_SHA2011,COUNTRY,NGA,AFR,Africa,YEAR,2020,,,,,,,,,10.16,10.16464764,,,,2025-12-05T13:23:08Z,2020,2020-01-01,2020-12-31
1920160,GHED_GGHE-D_pc_US_SHA2011,COUNTRY,SWZ,AFR,Africa,YEAR,2009,,,,,,,,,144.54,144.53961117,,,,2025-12-05T13:23:08Z,2009,2009-01-01,2009-12-31
1925187,GHED_GGHE-D_pc_US_SHA2011,COUNTRY,TUN,EMR,Eastern Mediterranean,YEAR,2020,,,,,,,,,153.02,153.02479505,,,,2025-12-05T13:23:08Z,2020,2020-01-01,2020-12-31
1925346,GHED_GGHE-D_pc_US_SHA2011,COUNTRY,DZA,AFR,Africa,YEAR,2015,,,,,,,,,203.30,203.29667971,,,,2025-12-05T13:23:08Z,2015,2015-01-01,2015-12-31
1927502,GHED_GGHE-D_pc_US_SHA2011,COUNTRY,AGO,AFR,Africa,YEAR,2022,,,,,,,,,52.25,52.24886737,,,,2025-12-05T13:23:08Z,2022,2022-01-01,2022-12-31
1929205,GHED_GGHE-D_pc_US_SHA2011,COUNTRY,DMA,AMR,Americas,YEAR,2017,,,,,,,,,286.99,286.98800777,,,,2025-12-05T13:23:08Z,2017,2017-01-01,2017-12-31
1929411,GHED_GGHE-D_pc_US_SHA2011,COUNTRY,SMR,EUR,Europe,YEAR,2003,,,,,,,,,1911.04,1911.04242139,,,,2025-12-05T13:23:08Z,2003,2003-01-01,2003-12-31
1930112,GHED_GGHE-D_pc_US_SHA2011,COUNTRY,SUR,AMR,Americas,YEAR,2023,,,,,,,,,184.18,184.17990353,,,,2025-12-05T13:23:08Z,2023,2023-01-01,2023-12-31
1930798,GHED_GGHE-D_pc_US_SHA2011,WORLDBANKINCOMEGROUP,WB_UMI,,,YEAR,2008,,,,,,,,,171.80,171.79882799,,,,2025-12-05T13:23:08Z,2008,2008-01-01,2008-12-31
1931327,GHED_GGHE-D_pc_US_SHA2011,COUNTRY,NIU,WPR,Western Pacific,YEAR,2013,,,,,,,,,1005.15,1005.1509448,,,,2025-12-05T13:23:08Z,2013,2013-01-01,2013-12-31
1932379,GHED_GGHE-D_pc_US_SHA2011,REGION,WPR,,,YEAR,2021,,,,,,,,,917.03,917.03025982,,,,2025-12-05T13:23:08Z,2021,2021-01-01,2021-12-31
1933731,GHED_GGHE-D_pc_US_SHA2011,COUNTRY,AGO,AFR,Africa,YEAR,2014,,,,,,,,,70.72,70.71669421,,,,2025-12-05T13:23:08Z,2014,2014-01-01,2014-12-31
1934874,GHED_GGHE-D_pc_US_SHA2011,COUNTRY,CAN,AMR,Americas,YEAR,2003,,,,,,,,,1854.00,1853.99543802,,,,2025-12-05T13:23:08Z,2003,2003-01-01,2003-12-31
1938723,GHED_GGHE-D_pc_US_SHA2011,COUNTRY,HND,AMR,Americas,YEAR,2007,,,,,,,,,52.60,52.60089679,,,,2025-12-05T13:23:08Z,2007,2007-01-01,2007-12-31
1940690,GHED_GGHE-D_pc_US_SHA2011,COUNTRY,BLZ,AMR,Americas,YEAR,2016,,,,,,,,,205.78,205.78216367,,,,2025-12-05T13:23:08Z,2016,2016-01-01,2016-12-31
1944181,GHED_GGHE-D_pc_US_SHA2011,COUNTRY,UKR,EUR,Europe,YEAR,2002,,,,,,,,,26.71,26.70993653,,,,2025-12-05T13:23:08Z,2002,2002-01-01,2002-12-31
1944685,GHED_GGHE-D_pc_US_SHA2011,COUNTRY,TON,WPR,Western Pacific,YEAR,2022,,,,,,,,,184.74,184.74257781,,,,2025-12-05T13:23:08Z,2022,2022-01-01,2022-12-31
1949827,GHED_GGHE-D_pc_US_SHA2011,WORLDBANKINCOMEGROUP,WB_LI,,,YEAR,2009,,,,,,,,,8.36,8.35974299,,,,2025-12-05T13:23:08Z,2009,2009-01-01,2009-12-31
1950573,GHED_GGHE-D_pc_US_SHA2011,REGION,AMR,,,YEAR,2002,,,,,,,,,231.95,231.95196354,,,,2025-12-05T13:23:08Z,2002,2002-01-01,2002-12-31
1951848,GHED_GGHE-D_pc_US_SHA2011,COUNTRY,ETH,AFR,Africa,YEAR,2001,,,,,,,,,2.35,2.35099733,,,,2025-12-05T13:23:08Z,2001,2001-01-01,2001-12-31
1955060,GHED_GGHE-D_pc_US_SHA2011,WORLDBANKINCOMEGROUP,WB_LMI,,,YEAR,2003,,,,,,,,,22.85,22.84726644,,,,2025-12-05T13:23:08Z,2003,2003-01-01,2003-12-31
1956115,GHED_GGHE-D_pc_US_SHA2011,COUNTRY,LTU,EUR,Europe,YEAR,2021,,,,,,,,,1243.16,1243.15959926,,,,2025-12-05T13:23:08Z,2021,2021-01-01,2021-12-31
1959001,GHED_GGHE-D_pc_US_SHA2011,COUNTRY,CUB,AMR,Americas,YEAR,2009,,,,,,,,,620.15,620.15222494,,,,2025-12-05T13:23:08Z,2009,2009-01-01,2009-12-31
1961024,GHED_GGHE-D_pc_US_SHA2011,COUNTRY,BEL,EUR,Europe,YEAR,2022,,,,,,,,,4055.03,4055.03110045,,,,2025-12-05T13:23:08Z,2022,2022-01-01,2022-12-31
1962873,GHED_GGHE-D_pc_US_SHA2011,COUNTRY,SYC,AFR,Africa,YEAR,2018,,,,,,,,,490.85,490.84618281,,,,2025-12-05T13:23:08Z,2018,2018-01-01,2018-12-31
1969181,GHED_GGHE-D_pc_US_SHA2011,COUNTRY,JAM,AMR,Americas,YEAR,2005,,,,,,,,,93.46,93.46486002,,,,2025-12-05T13:23:08Z,2005,2005-01-01,2005-12-31
1973597,GHED_GGHE-D_pc_US_SHA2011,COUNTRY,ZWE,AFR,Africa,YEAR,2018,,,,,,,,,39.18,39.17712066,,,,2025-12-05T13:23:08Z,2018,2018-01-01,2018-12-31
1981327,GHED_GGHE-D_pc_US_SHA2011,COUNTRY,TUV,WPR,Western Pacific,YEAR,2007,,,,,,,,,263.97,263.9711016,,,,2025-12-05T13:23:08Z,2007,2007-01-01,2007-12-31
1983617,GHED_GGHE-D_pc_US_SHA2011,COUNTRY,ISR,EUR,Europe,YEAR,2009,,,,,,,,,1245.41,1245.41308225,,,,2025-12-05T13:23:08Z,2009,2009-01-01,2009-12-31
1985135,GHED_GGHE-D_pc_US_SHA2011,COUNTRY,COM,AFR,Africa,YEAR,2007,,,,,,,,,7.30,7.29965374,,,,2025-12-05T13:23:08Z,2007,2007-01-01,2007-12-31
1986200,GHED_GGHE-D_pc_US_SHA2011,COUNTRY,USA,AMR,Americas,YEAR,2000,,,,,,,,,2018.53,2018.53456016,,,,2025-12-05T13:23:08Z,2000,2000-01-01,2000-12-31
1991109,GHED_GGHE-D_pc_US_SHA2011,COUNTRY,AFG,EMR,Eastern Mediterranean,YEAR,2016,,,,,,,,,3.12,3.11639278,,,,2025-12-05T13:23:08Z,2016,2016-01-01,2016-12-31
1996326,GHED_GGHE-D_pc_US_SHA2011,COUNTRY,IDN,WPR,Western Pacific,YEAR,2011,,,,,,,,,25.12,25.12457349,,,,2025-12-05T13:23:08Z,2011,2011-01-01,2011-12-31
1999865,GHED_GGHE-D_pc_US_SHA2011,COUNTRY,CIV,AFR,Africa,YEAR,2016,,,,,,,,,15.89,15.88833059,,,,2025-12-05T13:23:08Z,2016,2016-01-01,2016-12-31
2004253,GHED_GGHE-D_pc_US_SHA2011,COUNTRY,QAT,EMR,Eastern Mediterranean,YEAR,2021,,,,,,,,,1570.44,1570.43502859,,,,2025-12-05T13:23:08Z,2021,2021-01-01,2021-12-31
2006741,GHED_GGHE-D_pc_US_SHA2011,COUNTRY,LBR,AFR,Africa,YEAR,2010,,,,,,,,,6.17,6.16699301,,,,2025-12-05T13:23:08Z,2010,2010-01-01,2010-12-31
2009205,GHED_GGHE-D_pc_US_SHA2011,COUNTRY,HUN,EUR,Europe,YEAR,2011,,,,,,,,,704.17,704.17323405,,,,2025-12-05T13:23:08Z,2011,2011-01-01,2011-12-31
2010032,GHED_GGHE-D_pc_US_SHA2011,COUNTRY,MAR,EMR,Eastern Mediterranean,YEAR,2008,,,,,,,,,47.56,47.55958554,,,,2025-12-05T13:23:08Z,2008,2008-01-01,2008-12-31
2011153,GHED_GGHE-D_pc_US_SHA2011,COUNTRY,NPL,SEAR,South-East Asia,YEAR,2004,,,,,,,,,2.07,2.06640114,,,,2025-12-05T13:23:08Z,2004,2004-01-01,2004-12-31
2012454,GHED_GGHE-D_pc_US_SHA2011,COUNTRY,NIC,AMR,Americas,YEAR,2013,,,,,,,,,71.01,71.01117633,,,,2025-12-05T13:23:08Z,2013,2013-01-01,2013-12-31
2013278,GHED_GGHE-D_pc_US_SHA2011,COUNTRY,TUR,EUR,Europe,YEAR,2009,,,,,,,,,396.30,396.29580014,,,,2025-12-05T13:23:08Z,2009,2009-01-01,2009-12-31
2014249,GHED_GGHE-D_pc_US_SHA2011,COUNTRY,STP,AFR,Africa,YEAR,2009,,,,,,,,,17.95,17.94695417,,,,2025-12-05T13:23:08Z,2009,2009-01-01,2009-12-31
2019578,GHED_GGHE-D_pc_US_SHA2011,COUNTRY,TUR,EUR,Europe,YEAR,2016,,,,,,,,,357.98,357.98411923,,,,2025-12-05T13:23:08Z,2016,2016-01-01,2016-12-31
2020801,GHED_GGHE-D_pc_US_SHA2011,COUNTRY,SMR,EUR,Europe,YEAR,2001,,,,,,,,,1664.79,1664.79137118,,,,2025-12-05T13:23:08Z,2001,2001-01-01,2001-12-31
2024296,GHED_GGHE-D_pc_US_SHA2011,COUNTRY,TUV,WPR,Western Pacific,YEAR,2019,,,,,,,,,879.82,879.81962503,,,,2025-12-05T13:23:08Z,2019,2019-01-01,2019-12-31
2025203,GHED_GGHE-D_pc_US_SHA2011,COUNTRY,PAN,AMR,Americas,YEAR,2004,,,,,,,,,217.92,217.92396301,,,,2025-12-05T13:23:08Z,2004,2004-01-01,2004-12-31
2025645,GHED_GGHE-D_pc_US_SHA2011,COUNTRY,MDG,AFR,Africa,YEAR,2012,,,,,,,,,7.35,7.35229202,,,,2025-12-05T13:23:08Z,2012,2012-01-01,2012-12-31
2026660,GHED_GGHE-D_pc_US_SHA2011,COUNTRY,CIV,AFR,Africa,YEAR,2012,,,,,,,,,11.77,11.77271491,,,,2025-12-05T13:23:08Z,2012,2012-01-01,2012-12-31
2028403,GHED_GGHE-D_pc_US_SHA2011,COUNTRY,SUR,AMR,Americas,YEAR,2022,,,,,,,,,241.15,241.14626782,,,,2025-12-05T13:23:08Z,2022,2022-01-01,2022-12-31
2031651,GHED_GGHE-D_pc_US_SHA2011,REGION,SEAR,,,YEAR,2022,,,,,,,,,139.18,139.1846239,,,,2025-12-05T13:23:08Z,2022,2022-01-01,2022-12-31
2034309,GHED_GGHE-D_pc_US_SHA2011,COUNTRY,NOR,EUR,Europe,YEAR,2018,,,,,,,,,7089.27,7089.27240819,,,,2025-12-05T13:23:08Z,2018,2018-01-01,2018-12-31
2035344,GHED_GGHE-D_pc_US_SHA2011,COUNTRY,IND,SEAR,South-East Asia,YEAR,2022,,,,,,,,,32.93,32.92679071,,,,2025-12-05T13:23:08Z,2022,2022-01-01,2022-12-31
2036717,GHED_GGHE-D_pc_US_SHA2011,COUNTRY,BRA,AMR,Americas,YEAR,2013,,,,,,,,,442.43,442.43258634,,,,2025-12-05T13:23:08Z,2013,2013-01-01,2013-12-31
2039779,GHED_GGHE-D_pc_US_SHA2011,COUNTRY,GBR,EUR,Europe,YEAR,2009,,,,,,,,,3155.06,3155.05634501,,,,2025-12-05T13:23:08Z,2009,2009-01-01,2009-12-31
2043048,GHED_GGHE-D_pc_US_SHA2011,COUNTRY,TUR,EUR,Europe,YEAR,2022,,,,,,,,,290.02,290.02229828,,,,2025-12-05T13:23:08Z,2022,2022-01-01,2022-12-31
2047848,GHED_GGHE-D_pc_US_SHA2011,COUNTRY,MLI,AFR,Africa,YEAR,2009,,,,,,,,,4.42,4.42499858,,,,2025-12-05T13:23:08Z,2009,2009-01-01,2009-12-31
2051016,GHED_GGHE-D_pc_US_SHA2011,COUNTRY,TUN,EMR,Eastern Mediterranean,YEAR,2002,,,,,,,,,64.52,64.5227548,,,,2025-12-05T13:23:08Z,2002,2002-01-01,2002-12-31
2052973,GHED_GGHE-D_pc_US_SHA2011,COUNTRY,ERI,AFR,Africa,YEAR,2008,,,,,,,,,5.39,5.39445523,,,,2025-12-05T13:23:08Z,2008,2008-01-01,2008-12-31
2054018,GHED_GGHE-D_pc_US_SHA2011,COUNTRY,BWA,AFR,Africa,YEAR,2006,,,,,,,,,147.69,147.69433394,,,,2025-12-05T13:23:08Z,2006,2006-01-01,2006-12-31
2054570,GHED_GGHE-D_pc_US_SHA2011,WORLDBANKINCOMEGROUP,WB_LI,,,YEAR,2016,,,,,,,,,7.43,7.43233013,,,,2025-12-05T13:23:08Z,2016,2016-01-01,2016-12-31
2056111,GHED_GGHE-D_pc_US_SHA2011,REGION,EUR,,,YEAR,2000,,,,,,,,,700.53,700.52628282,,,,2025-12-05T13:23:08Z,2000,2000-01-01,2000-12-31
2056181,GHED_GGHE-D_pc_US_SHA2011,COUNTRY,NER,AFR,Africa,YEAR,2016,,,,,,,,,5.51,5.50985518,,,,2025-12-05T13:23:08Z,2016,2016-01-01,2016-12-31
2063409,GHED_GGHE-D_pc_US_SHA2011,COUNTRY,MNE,EUR,Europe,YEAR,2020,,,,,,,,,559.85,559.84619551,,,,2025-12-05T13:23:08Z,2020,2020-01-01,2020-12-31
2064906,GHED_GGHE-D_pc_US_SHA2011,COUNTRY,TGO,AFR,Africa,YEAR,2014,,,,,,,,,8.54,8.54119467,,,,2025-12-05T13:23:08Z,2014,2014-01-01,2014-12-31
2066009,GHED_GGHE-D_pc_US_SHA2011,COUNTRY,NRU,WPR,Western Pacific,YEAR,2018,,,,,,,,,1075.82,1075.81948616,,,,2025-12-05T13:23:08Z,2018,2018-01-01,2018-12-31
2066628,GHED_GGHE-D_pc_US_SHA2011,COUNTRY,CZE,EUR,Europe,YEAR,2004,,,,,,,,,653.80,653.80273929,,,,2025-12-05T13:23:08Z,2004,2004-01-01,2004-12-31
2070242,GHED_GGHE-D_pc_US_SHA2011,COUNTRY,KOR,WPR,Western Pacific,YEAR,2021,,,,,,,,,1902.00,1902.00206098,,,,2025-12-05T13:23:08Z,2021,2021-01-01,2021-12-31
2070326,GHED_GGHE-D_pc_US_SHA2011,COUNTRY,PHL,WPR,Western Pacific,YEAR,2008,,,,,,,,,22.81,22.81172799,,,,2025-12-05T13:23:08Z,2008,2008-01-01,2008-12-31
2071743,GHED_GGHE-D_pc_US_SHA2011,COUNTRY,KWT,EMR,Eastern Mediterranean,YEAR,2021,,,,,,,,,1626.97,1626.96696115,,,,2025-12-05T13:23:08Z,2021,2021-01-01,2021-12-31
2074663,GHED_GGHE-D_pc_US_SHA2011,COUNTRY,NOR,EUR,Europe,YEAR,2015,,,,,,,,,6470.51,6470.51493059,,,,2025-12-05T13:23:08Z,2015,2015-01-01,2015-12-31
2085474,GHED_GGHE-D_pc_US_SHA2011,COUNTRY,NOR,EUR,Europe,YEAR,2009,,,,,,,,,6165.49,6165.48542499,,,,2025-12-05T13:23:08Z,2009,2009-01-01,2009-12-31
2094225,GHED_GGHE-D_pc_US_SHA2011,COUNTRY,POL,EUR,Europe,YEAR,2014,,,,,,,,,637.32,637.32155259,,,,2025-12-05T13:23:08Z,2014,2014-01-01,2014-12-31
2095234,GHED_GGHE-D_pc_US_SHA2011,COUNTRY,DOM,AMR,Americas,YEAR,2021,,,,,,,,,286.81,286.80811169,,,,2025-12-05T13:23:08Z,2021,2021-01-01,2021-12-31
2096793,GHED_GGHE-D_pc_US_SHA2011,COUNTRY,PLW,WPR,Western Pacific,YEAR,2000,,,,,,,,,358.90,358.90241677,,,,2025-12-05T13:23:08Z,2000,2000-01-01,2000-12-31
2096880,GHED_GGHE-D_pc_US_SHA2011,COUNTRY,NIU,WPR,Western Pacific,YEAR,2001,,,,,,,,,1343.13,1343.12862231,,,,2025-12-05T13:23:08Z,2001,2001-01-01,2001-12-31
2100531,GHED_GGHE-D_pc_US_SHA2011,COUNTRY,IRL,EUR,Europe,YEAR,2018,,,,,,,,,4044.09,4044.09452451,,,,2025-12-05T13:23:08Z,2018,2018-01-01,2018-12-31
2101701,GHED_GGHE-D_pc_US_SHA2011,COUNTRY,UKR,EUR,Europe,YEAR,2009,,,,,,,,,96.69,96.68601925,,,,2025-12-05T13:23:08Z,2009,2009-01-01,2009-12-31
2102582,GHED_GGHE-D_pc_US_SHA2011,COUNTRY,DZA,AFR,Africa,YEAR,2012,,,,,,,,,243.02,243.0186462,,,,2025-12-05T13:23:08Z,2012,2012-01-01,2012-12-31
2102638,GHED_GGHE-D_pc_US_SHA2011,COUNTRY,MEX,AMR,Americas,YEAR,2014,,,,,,,,,317.61,317.60583222,,,,2025-12-05T13:23:08Z,2014,2014-01-01,2014-12-31
2103891,GHED_GGHE-D_pc_US_SHA2011,COUNTRY,PHL,WPR,Western Pacific,YEAR,2005,,,,,,,,,15.12,15.11829055,,,,2025-12-05T13:23:08Z,2005,2005-01-01,2005-12-31
2104237,GHED_GGHE-D_pc_US_SHA2011,COUNTRY,AUS,WPR,Western Pacific,YEAR,2007,,,,,,,,,2765.19,2765.19345572,,,,2025-12-05T13:23:08Z,2007,2007-01-01,2007-12-31
2105592,GHED_GGHE-D_pc_US_SHA2011,COUNTRY,COK,WPR,Western Pacific,YEAR,2021,,,,,,,,,1048.10,1048.10079852,,,,2025-12-05T13:23:08Z,2021,2021-01-01,2021-12-31
2107033,GHED_GGHE-D_pc_US_SHA2011,COUNTRY,HTI,AMR,Americas,YEAR,2003,,,,,,,,,2.72,2.72004795,,,,2025-12-05T13:23:08Z,2003,2003-01-01,2003-12-31
2107126,GHED_GGHE-D_pc_US_SHA2011,COUNTRY,BEN,AFR,Africa,YEAR,2001,,,,,,,,,5.91,5.91192632,,,,2025-12-05T13:23:08Z,2001,2001-01-01,2001-12-31
2107751,GHED_GGHE-D_pc_US_SHA2011,REGION,WPR,,,YEAR,2004,,,,,,,,,341.92,341.92474203,,,,2025-12-05T13:23:08Z,2004,2004-01-01,2004-12-31
2107941,GHED_GGHE-D_pc_US_SHA2011,COUNTRY,NER,AFR,Africa,YEAR,2015,,,,,,,,,5.40,5.39845323,,,,2025-12-05T13:23:08Z,2015,2015-01-01,2015-12-31
2109936,GHED_GGHE-D_pc_US_SHA2011,COUNTRY,LIE,EUR,Europe,YEAR,2017,,,,,,,,,6136.45,6136.45450258,,,,2025-12-05T13:23:08Z,2017,2017-01-01,2017-12-31
2113359,GHED_GGHE-D_pc_US_SHA2011,COUNTRY,ARE,EMR,Eastern Mediterranean,YEAR,2022,,,,,,,,,1473.81,1473.80843182,,,,2025-12-05T13:23:08Z,2022,2022-01-01,2022-12-31
2115093,GHED_GGHE-D_pc_US_SHA2011,COUNTRY,NAM,AFR,Africa,YEAR,2009,,,,,,,,,183.20,183.1953689,,,,2025-12-05T13:23:08Z,2009,2009-01-01,2009-12-31
2116689,GHED_GGHE-D_pc_US_SHA2011,COUNTRY,MMR,SEAR,South-East Asia,YEAR,2014,,,,,,,,,13.13,13.12786925,,,,2025-12-05T13:23:08Z,2014,2014-01-01,2014-12-31
2121005,GHED_GGHE-D_pc_US_SHA2011,COUNTRY,SRB,EUR,Europe,YEAR,2008,,,,,,,,,415.75,415.75006246,,,,2025-12-05T13:23:08Z,2008,2008-01-01,2008-12-31
2121260,GHED_GGHE-D_pc_US_SHA2011,COUNTRY,SSD,AFR,Africa,YEAR,2020,,,,,,,,,3.58,3.57994165,,,,2025-12-05T13:23:08Z,2020,2020-01-01,2020-12-31
2122566,GHED_GGHE-D_pc_US_SHA2011,COUNTRY,COM,AFR,Africa,YEAR,2010,,,,,,,,,5.22,5.22299622,,,,2025-12-05T13:23:08Z,2010,2010-01-01,2010-12-31
2122809,GHED_GGHE-D_pc_US_SHA2011,COUNTRY,AUT,EUR,Europe,YEAR,2016,,,,,,,,,3415.27,3415.26886486,,,,2025-12-05T13:23:08Z,2016,2016-01-01,2016-12-31
2123128,GHED_GGHE-D_pc_US_SHA2011,COUNTRY,LSO,AFR,Africa,YEAR,2014,,,,,,,,,70.49,70.48545301,,,,2025-12-05T13:23:08Z,2014,2014-01-01,2014-12-31
2129998,GHED_GGHE-D_pc_US_SHA2011,COUNTRY,GAB,AFR,Africa,YEAR,2021,,,,,,,,,135.40,135.39569849,,,,2025-12-05T13:23:08Z,2021,2021-01-01,2021-12-31
2130108,GHED_GGHE-D_pc_US_SHA2011,COUNTRY,GAB,AFR,Africa,YEAR,2016,,,,,,,,,134.25,134.24558676,,,,2025-12-05T13:23:08Z,2016,2016-01-01,2016-12-31
2132454,GHED_GGHE-D_pc_US_SHA2011,COUNTRY,AUT,EUR,Europe,YEAR,2003,,,,,,,,,2259.78,2259.78355666,,,,2025-12-05T13:23:08Z,2003,2003-01-01,2003-12-31
2132759,GHED_GGHE-D_pc_US_SHA2011,COUNTRY,PLW,WPR,Western Pacific,YEAR,2001,,,,,,,,,325.47,325.46542993,,,,2025-12-05T13:23:08Z,2001,2001-01-01,2001-12-31
2134878,GHED_GGHE-D_pc_US_SHA2011,COUNTRY,AUS,WPR,Western Pacific,YEAR,2020,,,,,,,,,4378.67,4378.66729727,,,,2025-12-05T13:23:08Z,2020,2020-01-01,2020-12-31
2138690,GHED_GGHE-D_pc_US_SHA2011,COUNTRY,LTU,EUR,Europe,YEAR,2000,,,,,,,,,146.07,146.06617665,,,,2025-12-05T13:23:08Z,2000,2000-01-01,2000-12-31
2145050,GHED_GGHE-D_pc_US_SHA2011,COUNTRY,AFG,EMR,Eastern Mediterranean,YEAR,2002,,,,,,,,,0.15,0.14892995,,,,2025-12-05T13:23:08Z,2002,2002-01-01,2002-12-31
2150037,GHED_GGHE-D_pc_US_SHA2011,COUNTRY,BLZ,AMR,Americas,YEAR,2005,,,,,,,,,93.98,93.97618361,,,,2025-12-05T13:23:08Z,2005,2005-01-01,2005-12-31
2151136,GHED_GGHE-D_pc_US_SHA2011,COUNTRY,NZL,WPR,Western Pacific,YEAR,2000,,,,,,,,,785.34,785.34098494,,,,2025-12-05T13:23:08Z,2000,2000-01-01,2000-12-31
2152237,GHED_GGHE-D_pc_US_SHA2011,COUNTRY,TON,WPR,Western Pacific,YEAR,2004,,,,,,,,,55.96,55.95800884,,,,2025-12-05T13:23:08Z,2004,2004-01-01,2004-12-31
2152880,GHED_GGHE-D_pc_US_SHA2011,COUNTRY,ECU,AMR,Americas,YEAR,2021,,,,,,,,,322.14,322.14359263,,,,2025-12-05T13:23:08Z,2021,2021-01-01,2021-12-31
2153201,GHED_GGHE-D_pc_US_SHA2011,COUNTRY,EST,EUR,Europe,YEAR,2008,,,,,,,,,818.63,818.62908105,,,,2025-12-05T13:23:08Z,2008,2008-01-01,2008-12-31
2154203,GHED_GGHE-D_pc_US_SHA2011,COUNTRY,KGZ,EUR,Europe,YEAR,2015,,,,,,,,,30.17,30.17173304,,,,2025-12-05T13:23:08Z,2015,2015-01-01,2015-12-31
2156315,GHED_GGHE-D_pc_US_SHA2011,COUNTRY,TUR,EUR,Europe,YEAR,2023,,,,,,,,,415.92,415.91976091,,,,2025-12-05T13:23:08Z,2023,2023-01-01,2023-12-31
2160251,GHED_GGHE-D_pc_US_SHA2011,COUNTRY,SWZ,AFR,Africa,YEAR,2018,,,,,,,,,135.73,135.73398674,,,,2025-12-05T13:23:08Z,2018,2018-01-01,2018-12-31
2162639,GHED_GGHE-D_pc_US_SHA2011,COUNTRY,MUS,AFR,Africa,YEAR,2011,,,,,,,,,158.66,158.6551413,,,,2025-12-05T13:23:08Z,2011,2011-01-01,2011-12-31
2163417,GHED_GGHE-D_pc_US_SHA2011,COUNTRY,YEM,EMR,Eastern Mediterranean,YEAR,2004,,,,,,,,,12.26,12.26281459,,,,2025-12-05T13:23:08Z,2004,2004-01-01,2004-12-31
2163944,GHED_GGHE-D_pc_US_SHA2011,COUNTRY,GIN,AFR,Africa,YEAR,2021,,,,,,,,,8.08,8.08038393,,,,2025-12-05T13:23:08Z,2021,2021-01-01,2021-12-31
2164147,GHED_GGHE-D_pc_US_SHA2011,WORLDBANKINCOMEGROUP,WB_LMI,,,YEAR,2011,,,,,,,,,50.98,50.98304998,,,,2025-12-05T13:23:08Z,2011,2011-01-01,2011-12-31
2166834,GHED_GGHE-D_pc_US_SHA2011,COUNTRY,CMR,AFR,Africa,YEAR,2018,,,,,,,,,5.66,5.66157484,,,,2025-12-05T13:23:08Z,2018,2018-01-01,2018-12-31
2166996,GHED_GGHE-D_pc_US_SHA2011,COUNTRY,DOM,AMR,Americas,YEAR,2008,,,,,,,,,106.61,106.61089767,,,,2025-12-05T13:23:08Z,2008,2008-01-01,2008-12-31
2168978,GHED_GGHE-D_pc_US_SHA2011,COUNTRY,TJK,EUR,Europe,YEAR,2006,,,,,,,,,3.73,3.72873419,,,,2025-12-05T13:23:08Z,2006,2006-01-01,2006-12-31
2169383,GHED_GGHE-D_pc_US_SHA2011,COUNTRY,TON,WPR,Western Pacific,YEAR,2014,,,,,,,,,116.99,116.99331356,,,,2025-12-05T13:23:08Z,2014,2014-01-01,2014-12-31
2172366,GHED_GGHE-D_pc_US_SHA2011,COUNTRY,ROU,EUR,Europe,YEAR,2003,,,,,,,,,119.24,119.24171218,,,,2025-12-05T13:23:08Z,2003,2003-01-01,2003-12-31
2180827,GHED_GGHE-D_pc_US_SHA2011,COUNTRY,GUY,AMR,Americas,YEAR,2022,,,,,,,,,311.23,311.22799719,,,,2025-12-05T13:23:08Z,2022,2022-01-01,2022-12-31
2180878,GHED_GGHE-D_pc_US_SHA2011,COUNTRY,ZMB,AFR,Africa,YEAR,2002,,,,,,,,,7.48,7.47626369,,,,2025-12-05T13:23:08Z,2002,2002-01-01,2002-12-31
2182827,GHED_GGHE-D_pc_US_SHA2011,COUNTRY,CHL,AMR,Americas,YEAR,2012,,,,,,,,,513.16,513.15691899,,,,2025-12-05T13:23:08Z,2012,2012-01-01,2012-12-31
2185785,GHED_GGHE-D_pc_US_SHA2011,COUNTRY,COL,AMR,Americas,YEAR,2002,,,,,,,,,100.71,100.70741633,,,,2025-12-05T13:23:08Z,2002,2002-01-01,2002-12-31
2191686,GHED_GGHE-D_pc_US_SHA2011,COUNTRY,BHS,AMR,Americas,YEAR,2016,,,,,,,,,822.63,822.62537008,,,,2025-12-05T13:23:08Z,2016,2016-01-01,2016-12-31
2194546,GHED_GGHE-D_pc_US_SHA2011,COUNTRY,BGD,SEAR,South-East Asia,YEAR,2003,,,,,,,,,2.46,2.4573529,,,,2025-12-05T13:23:08Z,2003,2003-01-01,2003-12-31
2196372,GHED_GGHE-D_pc_US_SHA2011,COUNTRY,MUS,AFR,Africa,YEAR,2012,,,,,,,,,172.04,172.04140431,,,,2025-12-05T13:23:08Z,2012,2012-01-01,2012-12-31
2200868,GHED_GGHE-D_pc_US_SHA2011,COUNTRY,DJI,EMR,Eastern Mediterranean,YEAR,2012,,,,,,,,,37.15,37.14756023,,,,2025-12-05T13:23:08Z,2012,2012-01-01,2012-12-31
2204367,GHED_GGHE-D_pc_US_SHA2011,COUNTRY,SRB,EUR,Europe,YEAR,2001,,,,,,,,,74.99,74.98530344,,,,2025-12-05T13:23:08Z,2001,2001-01-01,2001-12-31
2206117,GHED_GGHE-D_pc_US_SHA2011,COUNTRY,GEO,EUR,Europe,YEAR,2002,,,,,,,,,9.49,9.488595,,,,2025-12-05T13:23:08Z,2002,2002-01-01,2002-12-31
2206632,GHED_GGHE-D_pc_US_SHA2011,COUNTRY,BHR,EMR,Eastern Mediterranean,YEAR,2017,,,,,,,,,614.39,614.39279359,,,,2025-12-05T13:23:08Z,2017,2017-01-01,2017-12-31
2207107,GHED_GGHE-D_pc_US_SHA2011,COUNTRY,PRT,EUR,Europe,YEAR,2021,,,,,,,,,1725.32,1725.32496252,,,,2025-12-05T13:23:08Z,2021,2021-01-01,2021-12-31
2207249,GHED_GGHE-D_pc_US_SHA2011,COUNTRY,GRD,AMR,Americas,YEAR,2004,,,,,,,,,142.23,142.23261641,,,,2025-12-05T13:23:08Z,2004,2004-01-01,2004-12-31
2207792,GHED_GGHE-D_pc_US_SHA2011,COUNTRY,EST,EUR,Europe,YEAR,2009,,,,,,,,,768.42,768.42249577,,,,2025-12-05T13:23:08Z,2009,2009-01-01,2009-12-31
2210556,GHED_GGHE-D_pc_US_SHA2011,COUNTRY,WSM,WPR,Western Pacific,YEAR,2000,,,,,,,,,50.58,50.5792672,,,,2025-12-05T13:23:08Z,2000,2000-01-01,2000-12-31
2211010,GHED_GGHE-D_pc_US_SHA2011,COUNTRY,BGD,SEAR,South-East Asia,YEAR,2011,,,,,,,,,4.65,4.64598895,,,,2025-12-05T13:23:08Z,2011,2011-01-01,2011-12-31
2229202,GHED_GGHE-D_pc_US_SHA2011,GLOBAL,GLOBAL,,,YEAR,2017,,,,,,,,,762.58,762.58034282,,,,2025-12-05T13:23:08Z,2017,2017-01-01,2017-12-31
2229971,GHED_GGHE-D_pc_US_SHA2011,COUNTRY,MRT,AFR,Africa,YEAR,2012,,,,,,,,,16.69,16.69002276,,,,2025-12-05T13:23:08Z,2012,2012-01-01,2012-12-31
2230679,GHED_GGHE-D_pc_US_SHA2011,COUNTRY,FSM,WPR,Western Pacific,YEAR,2004,,,,,,,,,24.13,24.13208947,,,,2025-12-05T13:23:08Z,2004,2004-01-01,2004-12-31
2234478,GHED_GGHE-D_pc_US_SHA2011,COUNTRY,LBY,EMR,Eastern Mediterranean,YEAR,2008,,,,,,,,,211.17,211.16919678,,,,2025-12-05T13:23:08Z,2008,2008-01-01,2008-12-31
2236323,GHED_GGHE-D_pc_US_SHA2011,COUNTRY,FJI,WPR,Western Pacific,YEAR,2003,,,,,,,,,64.39,64.38527784,,,,2025-12-05T13:23:08Z,2003,2003-01-01,2003-12-31
2236908,GHED_GGHE-D_pc_US_SHA2011,COUNTRY,TUV,WPR,Western Pacific,YEAR,2004,,,,,,,,,205.67,205.66787774,,,,2025-12-05T13:23:08Z,2004,2004-01-01,2004-12-31
2244748,GHED_GGHE-D_pc_US_SHA2011,COUNTRY,TUR,EUR,Europe,YEAR,2006,,,,,,,,,281.78,281.78082898,,,,2025-12-05T13:23:08Z,2006,2006-01-01,2006-12-31
2248654,GHED_GGHE-D_pc_US_SHA2011,COUNTRY,MNE,EUR,Europe,YEAR,2016,,,,,,,,,363.64,363.6407815,,,,2025-12-05T13:23:08Z,2016,2016-01-01,2016-12-31
2253055,GHED_GGHE-D_pc_US_SHA2011,COUNTRY,BHS,AMR,Americas,YEAR,2020,,,,,,,,,1100.20,1100.20343205,,,,2025-12-05T13:23:08Z,2020,2020-01-01,2020-12-31
2253945,GHED_GGHE-D_pc_US_SHA2011,COUNTRY,UKR,EUR,Europe,YEAR,2017,,,,,,,,,86.83,86.8345859,,,,2025-12-05T13:23:08Z,2017,2017-01-01,2017-12-31
2254210,GHED_GGHE-D_pc_US_SHA2011,COUNTRY,MNG,WPR,Western Pacific,YEAR,2011,,,,,,,,,80.84,80.84327018,,,,2025-12-05T13:23:08Z,2011,2011-01-01,2011-12-31
2257966,GHED_GGHE-D_pc_US_SHA2011,COUNTRY,COG,AFR,Africa,YEAR,2020,,,,,,,,,34.58,34.57776231,,,,2025-12-05T13:23:08Z,2020,2020-01-01,2020-12-31
2257973,GHED_GGHE-D_pc_US_SHA2011,COUNTRY,DNK,EUR,Europe,YEAR,2018,,,,,,,,,5208.51,5208.50899287,,,,2025-12-05T13:23:08Z,2018,2018-01-01,2018-12-31
2261027,GHED_GGHE-D_pc_US_SHA2011,COUNTRY,CMR,AFR,Africa,YEAR,2020,,,,,,,,,9.45,9.44591998,,,,2025-12-05T13:23:08Z,2020,2020-01-01,2020-12-31
2262370,GHED_GGHE-D_pc_US_SHA2011,COUNTRY,LTU,EUR,Europe,YEAR,2022,,,,,,,,,1196.79,1196.79102516,,,,2025-12-05T13:23:08Z,2022,2022-01-01,2022-12-31
2263538,GHED_GGHE-D_pc_US_SHA2011,COUNTRY,BGR,EUR,Europe,YEAR,2018,,,,,,,,,414.86,414.85630677,,,,2025-12-05T13:23:08Z,2018,2018-01-01,2018-12-31
2264615,GHED_GGHE-D_pc_US_SHA2011,COUNTRY,TJK,EUR,Europe,YEAR,2008,,,,,,,,,9.58,9.5806065,,,,2025-12-05T13:23:08Z,2008,2008-01-01,2008-12-31
2264750,GHED_GGHE-D_pc_US_SHA2011,COUNTRY,SLE,AFR,Africa,YEAR,2003,,,,,,,,,2.75,2.74664091,,,,2025-12-05T13:23:08Z,2003,2003-01-01,2003-12-31
2265178,GHED_GGHE-D_pc_US_SHA2011,COUNTRY,TTO,AMR,Americas,YEAR,2021,,,,,,,,,546.31,546.31229021,,,,2025-12-05T13:23:08Z,2021,2021-01-01,2021-12-31
2266187,GHED_GGHE-D_pc_US_SHA2011,COUNTRY,MUS,AFR,Africa,YEAR,2014,,,,,,,,,245.40,245.39548978,,,,2025-12-05T13:23:08Z,2014,2014-01-01,2014-12-31
2267797,GHED_GGHE-D_pc_US_SHA2011,COUNTRY,HTI,AMR,Americas,YEAR,2015,,,,,,,,,7.57,7.57107294,,,,2025-12-05T13:23:08Z,2015,2015-01-01,2015-12-31
2270880,GHED_GGHE-D_pc_US_SHA2011,COUNTRY,JOR,EMR,Eastern Mediterranean,YEAR,2020,,,,,,,,,137.37,137.36641002,,,,2025-12-05T13:23:08Z,2020,2020-01-01,2020-12-31
3475355,GHED_GGHE-D_pc_US_SHA2011,COUNTRY,MKD,EUR,Europe,YEAR,2006,,,,,,,,,138.51,138.5051615,,,,2025-12-05T13:23:08Z,2006,2006-01-01,2006-12-31
3477774,GHED_GGHE-D_pc_US_SHA2011,COUNTRY,IRQ,EMR,Eastern Mediterranean,YEAR,2020,,,,,,,,,111.71,111.70636628,,,,2025-12-05T13:23:08Z,2020,2020-01-01,2020-12-31
3479369,GHED_GGHE-D_pc_US_SHA2011,COUNTRY,VNM,WPR,Western Pacific,YEAR,2000,,,,,,,,,8.65,8.65305916,,,,2025-12-05T13:23:08Z,2000,2000-01-01,2000-12-31
3482883,GHED_GGHE-D_pc_US_SHA2011,COUNTRY,ZMB,AFR,Africa,YEAR,2011,,,,,,,,,25.56,25.56283354,,,,2025-12-05T13:23:08Z,2011,2011-01-01,2011-12-31
3484235,GHED_GGHE-D_pc_US_SHA2011,COUNTRY,GEO,EUR,Europe,YEAR,2017,,,,,,,,,112.49,112.48999685,,,,2025-12-05T13:23:08Z,2017,2017-01-01,2017-12-31
3486272,GHED_GGHE-D_pc_US_SHA2011,COUNTRY,QAT,EMR,Eastern Mediterranean,YEAR,2019,,,,,,,,,1715.94,1715.94417918,,,,2025-12-05T13:23:08Z,2019,2019-01-01,2019-12-31
3487286,GHED_GGHE-D_pc_US_SHA2011,COUNTRY,SYC,AFR,Africa,YEAR,2015,,,,,,,,,416.90,416.90320975,,,,2025-12-05T13:23:08Z,2015,2015-01-01,2015-12-31
3488107,GHED_GGHE-D_pc_US_SHA2011,COUNTRY,BRN,WPR,Western Pacific,YEAR,2001,,,,,,,,,394.43,394.43343764,,,,2025-12-05T13:23:08Z,2001,2001-01-01,2001-12-31
3488599,GHED_GGHE-D_pc_US_SHA2011,COUNTRY,SAU,EMR,Eastern Mediterranean,YEAR,2011,,,,,,,,,640.10,640.09655128,,,,2025-12-05T13:23:08Z,2011,2011-01-01,2011-12-31
3490088,GHED_GGHE-D_pc_US_SHA2011,COUNTRY,CIV,AFR,Africa,YEAR,2011,,,,,,,,,8.96,8.96405364,,,,2025-12-05T13:23:08Z,2011,2011-01-01,2011-12-31
3492703,GHED_GGHE-D_pc_US_SHA2011,COUNTRY,URY,AMR,Americas,YEAR,2016,,,,,,,,,1021.61,1021.61401434,,,,2025-12-05T13:23:08Z,2016,2016-01-01,2016-12-31
3492732,GHED_GGHE-D_pc_US_SHA2011,COUNTRY,NGA,AFR,Africa,YEAR,2002,,,,,,,,,3.74,3.74130693,,,,2025-12-05T13:23:08Z,2002,2002-01-01,2002-12-31
3493683,GHED_GGHE-D_pc_US_SHA2011,WORLDBANKINCOMEGROUP,WB_LI,,,YEAR,2013,,,,,,,,,7.79,7.7902079,,,,2025-12-05T13:23:08Z,2013,2013-01-01,2013-12-31
3498698,GHED_GGHE-D_pc_US_SHA2011,COUNTRY,GIN,AFR,Africa,YEAR,2017,,,,,,,,,5.01,5.00711269,,,,2025-12-05T13:23:08Z,2017,2017-01-01,2017-12-31
3498884,GHED_GGHE-D_pc_US_SHA2011,COUNTRY,NER,AFR,Africa,YEAR,2001,,,,,,,,,2.35,2.34674381,,,,2025-12-05T13:23:08Z,2001,2001-01-01,2001-12-31
3501561,GHED_GGHE-D_pc_US_SHA2011,COUNTRY,NIU,WPR,Western Pacific,YEAR,2017,,,,,,,,,819.60,819.59734858,,,,2025-12-05T13:23:08Z,2017,2017-01-01,2017-12-31
3504692,GHED_GGHE-D_pc_US_SHA2011,COUNTRY,TGO,AFR,Africa,YEAR,2011,,,,,,,,,8.09,8.09189603,,,,2025-12-05T13:23:08Z,2011,2011-01-01,2011-12-31
3505249,GHED_GGHE-D_pc_US_SHA2011,WORLDBANKINCOMEGROUP,WB_HI,,,YEAR,2023,,,,,,,,,2613.14,2613.14095032,,,,2025-12-05T13:23:08Z,2023,2023-01-01,2023-12-31
3505270,GHED_GGHE-D_pc_US_SHA2011,COUNTRY,ERI,AFR,Africa,YEAR,2011,,,,,,,,,5.27,5.27005086,,,,2025-12-05T13:23:08Z,2011,2011-01-01,2011-12-31
3507348,GHED_GGHE-D_pc_US_SHA2011,COUNTRY,GEO,EUR,Europe,YEAR,2005,,,,,,,,,19.73,19.73097997,,,,2025-12-05T13:23:08Z,2005,2005-01-01,2005-12-31
3508719,GHED_GGHE-D_pc_US_SHA2011,COUNTRY,BLZ,AMR,Americas,YEAR,2014,,,,,,,,,186.01,186.00852195,,,,2025-12-05T13:23:08Z,2014,2014-01-01,2014-12-31
3509304,GHED_GGHE-D_pc_US_SHA2011,COUNTRY,ISR,EUR,Europe,YEAR,2017,,,,,,,,,1964.03,1964.0347569,,,,2025-12-05T13:23:08Z,2017,2017-01-01,2017-12-31
3517203,GHED_GGHE-D_pc_US_SHA2011,COUNTRY,NPL,SEAR,South-East Asia,YEAR,2005,,,,,,,,,2.70,2.69703849,,,,2025-12-05T13:23:08Z,2005,2005-01-01,2005-12-31
3518558,GHED_GGHE-D_pc_US_SHA2011,COUNTRY,JOR,EMR,Eastern Mediterranean,YEAR,2010,,,,,,,,,202.67,202.66745558,,,,2025-12-05T13:23:08Z,2010,2010-01-01,2010-12-31
3520792,GHED_GGHE-D_pc_US_SHA2011,COUNTRY,SEN,AFR,Africa,YEAR,2016,,,,,,,,,13.53,13.52581725,,,,2025-12-05T13:23:08Z,2016,2016-01-01,2016-12-31
3522822,GHED_GGHE-D_pc_US_SHA2011,REGION,EMR,,,YEAR,2020,,,,,,,,,381.94,381.94333529,,,,2025-12-05T13:23:08Z,2020,2020-01-01,2020-12-31
3527934,GHED_GGHE-D_pc_US_SHA2011,COUNTRY,PRY,AMR,Americas,YEAR,2008,,,,,,,,,71.06,71.06050274,,,,2025-12-05T13:23:08Z,2008,2008-01-01,2008-12-31
3533429,GHED_GGHE-D_pc_US_SHA2011,COUNTRY,ISL,EUR,Europe,YEAR,2014,,,,,,,,,3647.22,3647.22160893,,,,2025-12-05T13:23:08Z,2014,2014-01-01,2014-12-31
3537214,GHED_GGHE-D_pc_US_SHA2011,COUNTRY,NIU,WPR,Western Pacific,YEAR,2023,,,,,,,,,1040.09,1040.08694178,,,,2025-12-05T13:23:08Z,2023,2023-01-01,2023-12-31
3539037,GHED_GGHE-D_pc_US_SHA2011,COUNTRY,KEN,AFR,Africa,YEAR,2011,,,,,,,,,17.60,17.60037975,,,,2025-12-05T13:23:08Z,2011,2011-01-01,2011-12-31
3540788,GHED_GGHE-D_pc_US_SHA2011,COUNTRY,IND,SEAR,South-East Asia,YEAR,2001,,,,,,,,,3.73,3.72714112,,,,2025-12-05T13:23:08Z,2001,2001-01-01,2001-12-31
3545419,GHED_GGHE-D_pc_US_SHA2011,COUNTRY,FIN,EUR,Europe,YEAR,2015,,,,,,,,,3243.26,3243.2617713,,,,2025-12-05T13:23:08Z,2015,2015-01-01,2015-12-31
3545583,GHED_GGHE-D_pc_US_SHA2011,COUNTRY,BRB,AMR,Americas,YEAR,2006,,,,,,,,,578.67,578.66602582,,,,2025-12-05T13:23:08Z,2006,2006-01-01,2006-12-31
3546546,GHED_GGHE-D_pc_US_SHA2011,COUNTRY,COM,AFR,Africa,YEAR,2004,,,,,,,,,8.49,8.48532596,,,,2025-12-05T13:23:08Z,2004,2004-01-01,2004-12-31
3546648,GHED_GGHE-D_pc_US_SHA2011,COUNTRY,PHL,WPR,Western Pacific,YEAR,2000,,,,,,,,,14.25,14.25318857,,,,2025-12-05T13:23:08Z,2000,2000-01-01,2000-12-31
3555616,GHED_GGHE-D_pc_US_SHA2011,COUNTRY,TON,WPR,Western Pacific,YEAR,2023,,,,,,,,,165.39,165.39214161,,,,2025-12-05T13:23:08Z,2023,2023-01-01,2023-12-31
3557702,GHED_GGHE-D_pc_US_SHA2011,COUNTRY,DZA,AFR,Africa,YEAR,2022,,,,,,,,,85.17,85.17147857,,,,2025-12-05T13:23:08Z,2022,2022-01-01,2022-12-31
3563613,GHED_GGHE-D_pc_US_SHA2011,COUNTRY,CHL,AMR,Americas,YEAR,2008,,,,,,,,,312.98,312.97886321,,,,2025-12-05T13:23:08Z,2008,2008-01-01,2008-12-31
3565227,GHED_GGHE-D_pc_US_SHA2011,COUNTRY,NAM,AFR,Africa,YEAR,2002,,,,,,,,,106.22,106.21913983,,,,2025-12-05T13:23:08Z,2002,2002-01-01,2002-12-31
3565393,GHED_GGHE-D_pc_US_SHA2011,COUNTRY,KIR,WPR,Western Pacific,YEAR,2002,,,,,,,,,89.33,89.332877,,,,2025-12-05T13:23:08Z,2002,2002-01-01,2002-12-31
3566430,GHED_GGHE-D_pc_US_SHA2011,COUNTRY,SDN,EMR,Eastern Mediterranean,YEAR,2007,,,,,,,,,29.60,29.60162681,,,,2025-12-05T13:23:08Z,2007,2007-01-01,2007-12-31
3572016,GHED_GGHE-D_pc_US_SHA2011,COUNTRY,TLS,SEAR,South-East Asia,YEAR,2023,,,,,,,,,112.06,112.05710272,,,,2025-12-05T13:23:08Z,2023,2023-01-01,2023-12-31
3574709,GHED_GGHE-D_pc_US_SHA2011,COUNTRY,PRT,EUR,Europe,YEAR,2006,,,,,,,,,1178.49,1178.48655403,,,,2025-12-05T13:23:08Z,2006,2006-01-01,2006-12-31
3578181,GHED_GGHE-D_pc_US_SHA2011,COUNTRY,HRV,EUR,Europe,YEAR,2017,,,,,,,,,761.59,761.59397475,,,,2025-12-05T13:23:08Z,2017,2017-01-01,2017-12-31
3582128,GHED_GGHE-D_pc_US_SHA2011,COUNTRY,RUS,EUR,Europe,YEAR,2014,,,,,,,,,454.95,454.94781904,,,,2025-12-05T13:23:08Z,2014,2014-01-01,2014-12-31
3582305,GHED_GGHE-D_pc_US_SHA2011,COUNTRY,SMR,EUR,Europe,YEAR,2013,,,,,,,,,3663.40,3663.39656828,,,,2025-12-05T13:23:08Z,2013,2013-01-01,2013-12-31
3584452,GHED_GGHE-D_pc_US_SHA2011,COUNTRY,BHR,EMR,Eastern Mediterranean,YEAR,2018,,,,,,,,,612.95,612.94845343,,,,2025-12-05T13:23:08Z,2018,2018-01-01,2018-12-31
3586928,GHED_GGHE-D_pc_US_SHA2011,COUNTRY,COL,AMR,Americas,YEAR,2001,,,,,,,,,103.93,103.92763536,,,,2025-12-05T13:23:08Z,2001,2001-01-01,2001-12-31
3588409,GHED_GGHE-D_pc_US_SHA2011,COUNTRY,ECU,AMR,Americas,YEAR,2010,,,,,,,,,134.98,134.98210317,,,,2025-12-05T13:23:08Z,2010,2010-01-01,2010-12-31
3589128,GHED_GGHE-D_pc_US_SHA2011,COUNTRY,FIN,EUR,Europe,YEAR,2013,,,,,,,,,3887.28,3887.28320277,,,,2025-12-05T13:23:08Z,2013,2013-01-01,2013-12-31
3590979,GHED_GGHE-D_pc_US_SHA2011,COUNTRY,TCD,AFR,Africa,YEAR,2015,,,,,,,,,7.19,7.1917615,,,,2025-12-05T13:23:08Z,2015,2015-01-01,2015-12-31
3592237,GHED_GGHE-D_pc_US_SHA2011,COUNTRY,SVN,EUR,Europe,YEAR,2011,,,,,,,,,1552.13,1552.12776842,,,,2025-12-05T13:23:08Z,2011,2011-01-01,2011-12-31
3594406,GHED_GGHE-D_pc_US_SHA2011,COUNTRY,LTU,EUR,Europe,YEAR,2008,,,,,,,,,662.32,662.31682073,,,,2025-12-05T13:23:08Z,2008,2008-01-01,2008-12-31
3596060,GHED_GGHE-D_pc_US_SHA2011,COUNTRY,MLT,EUR,Europe,YEAR,2009,,,,,,,,,1092.95,1092.94558982,,,,2025-12-05T13:23:08Z,2009,2009-01-01,2009-12-31
3599558,GHED_GGHE-D_pc_US_SHA2011,COUNTRY,BHR,EMR,Eastern Mediterranean,YEAR,2012,,,,,,,,,678.43,678.4250516,,,,2025-12-05T13:23:08Z,2012,2012-01-01,2012-12-31
3599947,GHED_GGHE-D_pc_US_SHA2011,COUNTRY,ROU,EUR,Europe,YEAR,2011,,,,,,,,,319.85,319.84833909,,,,2025-12-05T13:23:08Z,2011,2011-01-01,2011-12-31
3602273,GHED_GGHE-D_pc_US_SHA2011,COUNTRY,NRU,WPR,Western Pacific,YEAR,2010,,,,,,,,,374.44,374.44020413,,,,2025-12-05T13:23:08Z,2010,2010-01-01,2010-12-31
3604723,GHED_GGHE-D_pc_US_SHA2011,COUNTRY,LAO,WPR,Western Pacific,YEAR,2019,,,,,,,,,24.96,24.95913629,,,,2025-12-05T13:23:08Z,2019,2019-01-01,2019-12-31
3604860,GHED_GGHE-D_pc_US_SHA2011,COUNTRY,MWI,AFR,Africa,YEAR,2005,,,,,,,,,4.22,4.22039951,,,,2025-12-05T13:23:08Z,2005,2005-01-01,2005-12-31
3607913,GHED_GGHE-D_pc_US_SHA2011,COUNTRY,MNG,WPR,Western Pacific,YEAR,2006,,,,,,,,,32.91,32.90668843,,,,2025-12-05T13:23:08Z,2006,2006-01-01,2006-12-31
3613465,GHED_GGHE-D_pc_US_SHA2011,COUNTRY,SDN,EMR,Eastern Mediterranean,YEAR,2011,,,,,,,,,18.36,18.35939432,,,,2025-12-05T13:23:08Z,2011,2011-01-01,2011-12-31
3615603,GHED_GGHE-D_pc_US_SHA2011,COUNTRY,MYS,WPR,Western Pacific,YEAR,2006,,,,,,,,,108.04,108.03999038,,,,2025-12-05T13:23:08Z,2006,2006-01-01,2006-12-31
3618213,GHED_GGHE-D_pc_US_SHA2011,WORLDBANKINCOMEGROUP,WB_LI,,,YEAR,2005,,,,,,,,,6.07,6.06520726,,,,2025-12-05T13:23:08Z,2005,2005-01-01,2005-12-31
3622749,GHED_GGHE-D_pc_US_SHA2011,COUNTRY,NER,AFR,Africa,YEAR,2002,,,,,,,,,2.71,2.71237464,,,,2025-12-05T13:23:08Z,2002,2002-01-01,2002-12-31
3622964,GHED_GGHE-D_pc_US_SHA2011,COUNTRY,SOM,EMR,Eastern Mediterranean,YEAR,2018,,,,,,,,,0.71,0.70823206,,,,2025-12-05T13:23:08Z,2018,2018-01-01,2018-12-31
3623682,GHED_GGHE-D_pc_US_SHA2011,COUNTRY,PER,AMR,Americas,YEAR,2020,,,,,,,,,273.47,273.4661241,,,,2025-12-05T13:23:08Z,2020,2020-01-01,2020-12-31
3623752,GHED_GGHE-D_pc_US_SHA2011,COUNTRY,THA,SEAR,South-East Asia,YEAR,2020,,,,,,,,,214.18,214.17553686,,,,2025-12-05T13:23:08Z,2020,2020-01-01,2020-12-31
3624295,GHED_GGHE-D_pc_US_SHA2011,COUNTRY,ESP,EUR,Europe,YEAR,2007,,,,,,,,,1884.42,1884.41825554,,,,2025-12-05T13:23:08Z,2007,2007-01-01,2007-12-31
3626505,GHED_GGHE-D_pc_US_SHA2011,COUNTRY,SYC,AFR,Africa,YEAR,2023,,,,,,,,,538.46,538.46083483,,,,2025-12-05T13:23:08Z,2023,2023-01-01,2023-12-31
3633771,GHED_GGHE-D_pc_US_SHA2011,COUNTRY,BEN,AFR,Africa,YEAR,2006,,,,,,,,,8.60,8.6017994,,,,2025-12-05T13:23:08Z,2006,2006-01-01,2006-12-31
3636364,GHED_GGHE-D_pc_US_SHA2011,COUNTRY,ETH,AFR,Africa,YEAR,2021,,,,,,,,,7.96,7.95831654,,,,2025-12-05T13:23:08Z,2021,2021-01-01,2021-12-31
3638301,GHED_GGHE-D_pc_US_SHA2011,COUNTRY,EST,EUR,Europe,YEAR,2022,,,,,,,,,1494.71,1494.70676426,,,,2025-12-05T13:23:08Z,2022,2022-01-01,2022-12-31
3639070,GHED_GGHE-D_pc_US_SHA2011,WORLDBANKINCOMEGROUP,WB_HI,,,YEAR,2012,,,,,,,,,1928.98,1928.97932649,,,,2025-12-05T13:23:08Z,2012,2012-01-01,2012-12-31
3639783,GHED_GGHE-D_pc_US_SHA2011,COUNTRY,TUV,WPR,Western Pacific,YEAR,2023,,,,,,,,,1254.85,1254.84671869,,,,2025-12-05T13:23:08Z,2023,2023-01-01,2023-12-31
3641907,GHED_GGHE-D_pc_US_SHA2011,COUNTRY,BEN,AFR,Africa,YEAR,2013,,,,,,,,,8.94,8.93796979,,,,2025-12-05T13:23:08Z,2013,2013-01-01,2013-12-31
3642528,GHED_GGHE-D_pc_US_SHA2011,COUNTRY,GBR,EUR,Europe,YEAR,2022,,,,,,,,,4195.81,4195.81112146,,,,2025-12-05T13:23:08Z,2022,2022-01-01,2022-12-31
3644752,GHED_GGHE-D_pc_US_SHA2011,COUNTRY,KAZ,EUR,Europe,YEAR,2003,,,,,,,,,40.00,39.99571991,,,,2025-12-05T13:23:08Z,2003,2003-01-01,2003-12-31
3645240,GHED_GGHE-D_pc_US_SHA2011,COUNTRY,GAB,AFR,Africa,YEAR,2017,,,,,,,,,121.81,121.80838845,,,,2025-12-05T13:23:08Z,2017,2017-01-01,2017-12-31
3647787,GHED_GGHE-D_pc_US_SHA2011,COUNTRY,SVK,EUR,Europe,YEAR,2003,,,,,,,,,299.69,299.69049484,,,,2025-12-05T13:23:08Z,2003,2003-01-01,2003-12-31
3649086,GHED_GGHE-D_pc_US_SHA2011,COUNTRY,ARE,EMR,Eastern Mediterranean,YEAR,2019,,,,,,,,,1004.27,1004.27129642,,,,2025-12-05T13:23:08Z,2019,2019-01-01,2019-12-31
3651369,GHED_GGHE-D_pc_US_SHA2011,COUNTRY,LUX,EUR,Europe,YEAR,2006,,,,,,,,,5087.10,5087.10097592,,,,2025-12-05T13:23:08Z,2006,2006-01-01,2006-12-31
3656763,GHED_GGHE-D_pc_US_SHA2011,COUNTRY,AFG,EMR,Eastern Mediterranean,YEAR,2017,,,,,,,,,3.41,3.40522414,,,,2025-12-05T13:23:08Z,2017,2017-01-01,2017-12-31
3657193,GHED_GGHE-D_pc_US_SHA2011,COUNTRY,TCD,AFR,Africa,YEAR,2009,,,,,,,,,7.26,7.26124749,,,,2025-12-05T13:23:08Z,2009,2009-01-01,2009-12-31
3657234,GHED_GGHE-D_pc_US_SHA2011,COUNTRY,LUX,EUR,Europe,YEAR,2017,,,,,,,,,4843.68,4843.67847118,,,,2025-12-05T13:23:08Z,2017,2017-01-01,2017-12-31
3660181,GHED_GGHE-D_pc_US_SHA2011,COUNTRY,POL,EUR,Europe,YEAR,2018,,,,,,,,,695.75,695.7482027,,,,2025-12-05T13:23:08Z,2018,2018-01-01,2018-12-31
3660784,GHED_GGHE-D_pc_US_SHA2011,COUNTRY,BDI,AFR,Africa,YEAR,2019,,,,,,,,,5.59,5.59227403,,,,2025-12-05T13:23:08Z,2019,2019-01-01,2019-12-31
3662203,GHED_GGHE-D_pc_US_SHA2011,COUNTRY,ECU,AMR,Americas,YEAR,2015,,,,,,,,,268.87,268.86723871,,,,2025-12-05T13:23:08Z,2015,2015-01-01,2015-12-31
3662839,GHED_GGHE-D_pc_US_SHA2011,COUNTRY,GIN,AFR,Africa,YEAR,2005,,,,,,,,,1.27,1.27350527,,,,2025-12-05T13:23:08Z,2005,2005-01-01,2005-12-31
3663056,GHED_GGHE-D_pc_US_SHA2011,WORLDBANKINCOMEGROUP,WB_LMI,,,YEAR,2016,,,,,,,,,51.42,51.41979336,,,,2025-12-05T13:23:08Z,2016,2016-01-01,2016-12-31
3664439,GHED_GGHE-D_pc_US_SHA2011,COUNTRY,CPV,AFR,Africa,YEAR,2008,,,,,,,,,87.48,87.47573312,,,,2025-12-05T13:23:08Z,2008,2008-01-01,2008-12-31
3664705,GHED_GGHE-D_pc_US_SHA2011,COUNTRY,NAM,AFR,Africa,YEAR,2014,,,,,,,,,268.98,268.97815925,,,,2025-12-05T13:23:08Z,2014,2014-01-01,2014-12-31
3673367,GHED_GGHE-D_pc_US_SHA2011,COUNTRY,BHR,EMR,Eastern Mediterranean,YEAR,2003,,,,,,,,,349.99,349.99440765,,,,2025-12-05T13:23:08Z,2003,2003-01-01,2003-12-31
3677138,GHED_GGHE-D_pc_US_SHA2011,COUNTRY,USA,AMR,Americas,YEAR,2020,,,,,,,,,6631.05,6631.04748969,,,,2025-12-05T13:23:08Z,2020,2020-01-01,2020-12-31
3677672,GHED_GGHE-D_pc_US_SHA2011,COUNTRY,MYS,WPR,Western Pacific,YEAR,2020,,,,,,,,,216.67,216.67458374,,,,2025-12-05T13:23:08Z,2020,2020-01-01,2020-12-31
3678817,GHED_GGHE-D_pc_US_SHA2011,COUNTRY,MLT,EUR,Europe,YEAR,2000,,,,,,,,,464.59,464.58569134,,,,2025-12-05T13:23:08Z,2000,2000-01-01,2000-12-31
3683501,GHED_GGHE-D_pc_US_SHA2011,COUNTRY,CAF,AFR,Africa,YEAR,2016,,,,,,,,,2.32,2.3212538,,,,2025-12-05T13:23:08Z,2016,2016-01-01,2016-12-31
3684847,GHED_GGHE-D_pc_US_SHA2011,COUNTRY,CPV,AFR,Africa,YEAR,2002,,,,,,,,,50.32,50.31913328,,,,2025-12-05T13:23:08Z,2002,2002-01-01,2002-12-31
3688282,GHED_GGHE-D_pc_US_SHA2011,COUNTRY,DOM,AMR,Americas,YEAR,2011,,,,,,,,,159.01,159.00806002,,,,2025-12-05T13:23:08Z,2011,2011-01-01,2011-12-31
3688983,GHED_GGHE-D_pc_US_SHA2011,COUNTRY,SLE,AFR,Africa,YEAR,2015,,,,,,,,,7.77,7.76828426,,,,2025-12-05T13:23:08Z,2015,2015-01-01,2015-12-31
3690432,GHED_GGHE-D_pc_US_SHA2011,WORLDBANKINCOMEGROUP,WB_LI,,,YEAR,2012,,,,,,,,,8.38,8.38220579,,,,2025-12-05T13:23:08Z,2012,2012-01-01,2012-12-31
3690468,GHED_GGHE-D_pc_US_SHA2011,COUNTRY,GNB,AFR,Africa,YEAR,2013,,,,,,,,,3.61,3.60915766,,,,2025-12-05T13:23:08Z,2013,2013-01-01,2013-12-31
3692419,GHED_GGHE-D_pc_US_SHA2011,COUNTRY,PSE,EMR,Eastern Mediterranean,YEAR,2009,,,,,,,,,75.45,75.44533494,,,,2025-12-05T13:23:08Z,2009,2009-01-01,2009-12-31
3693656,GHED_GGHE-D_pc_US_SHA2011,COUNTRY,LBR,AFR,Africa,YEAR,2021,,,,,,,,,7.41,7.4117148,,,,2025-12-05T13:23:08Z,2021,2021-01-01,2021-12-31
3693988,GHED_GGHE-D_pc_US_SHA2011,COUNTRY,BOL,AMR,Americas,YEAR,2018,,,,,,,,,167.96,167.96498983,,,,2025-12-05T13:23:08Z,2018,2018-01-01,2018-12-31
3695860,GHED_GGHE-D_pc_US_SHA2011,COUNTRY,BIH,EUR,Europe,YEAR,2015,,,,,,,,,298.21,298.21296523,,,,2025-12-05T13:23:08Z,2015,2015-01-01,2015-12-31
3695949,GHED_GGHE-D_pc_US_SHA2011,COUNTRY,BRN,WPR,Western Pacific,YEAR,2021,,,,,,,,,619.41,619.41420193,,,,2025-12-05T13:23:08Z,2021,2021-01-01,2021-12-31
3697303,GHED_GGHE-D_pc_US_SHA2011,COUNTRY,ZMB,AFR,Africa,YEAR,2006,,,,,,,,,13.98,13.97853116,,,,2025-12-05T13:23:08Z,2006,2006-01-01,2006-12-31
3698185,GHED_GGHE-D_pc_US_SHA2011,COUNTRY,HTI,AMR,Americas,YEAR,2014,,,,,,,,,6.75,6.74574577,,,,2025-12-05T13:23:08Z,2014,2014-01-01,2014-12-31
3700636,GHED_GGHE-D_pc_US_SHA2011,COUNTRY,CMR,AFR,Africa,YEAR,2021,,,,,,,,,8.17,8.1746975,,,,2025-12-05T13:23:08Z,2021,2021-01-01,2021-12-31
3702117,GHED_GGHE-D_pc_US_SHA2011,COUNTRY,NZL,WPR,Western Pacific,YEAR,2008,,,,,,,,,2109.72,2109.72266669,,,,2025-12-05T13:23:08Z,2008,2008-01-01,2008-12-31
3703055,GHED_GGHE-D_pc_US_SHA2011,COUNTRY,FIN,EUR,Europe,YEAR,2010,,,,,,,,,3339.29,3339.29231525,,,,2025-12-05T13:23:08Z,2010,2010-01-01,2010-12-31
3703705,GHED_GGHE-D_pc_US_SHA2011,COUNTRY,NOR,EUR,Europe,YEAR,2005,,,,,,,,,4638.15,4638.14894635,,,,2025-12-05T13:23:08Z,2005,2005-01-01,2005-12-31
3703791,GHED_GGHE-D_pc_US_SHA2011,COUNTRY,USA,AMR,Americas,YEAR,2018,,,,,,,,,5253.52,5253.52347981,,,,2025-12-05T13:23:08Z,2018,2018-01-01,2018-12-31
3706779,GHED_GGHE-D_pc_US_SHA2011,COUNTRY,PRY,AMR,Americas,YEAR,2013,,,,,,,,,171.39,171.38982551,,,,2025-12-05T13:23:08Z,2013,2013-01-01,2013-12-31
3707498,GHED_GGHE-D_pc_US_SHA2011,COUNTRY,KOR,WPR,Western Pacific,YEAR,2017,,,,,,,,,1258.05,1258.05426752,,,,2025-12-05T13:23:08Z,2017,2017-01-01,2017-12-31
3711274,GHED_GGHE-D_pc_US_SHA2011,COUNTRY,SDN,EMR,Eastern Mediterranean,YEAR,2023,,,,,,,,,4.37,4.37346736,,,,2025-12-05T13:23:08Z,2023,2023-01-01,2023-12-31
3711299,GHED_GGHE-D_pc_US_SHA2011,COUNTRY,SYR,EMR,Eastern Mediterranean,YEAR,2013,,,,,,,,,22.69,22.68955346,,,,2025-12-05T13:23:08Z,2013,2013-01-01,2013-12-31
3711653,GHED_GGHE-D_pc_US_SHA2011,COUNTRY,ARE,EMR,Eastern Mediterranean,YEAR,2017,,,,,,,,,929.16,929.16449253,,,,2025-12-05T13:23:08Z,2017,2017-01-01,2017-12-31
3711931,GHED_GGHE-D_pc_US_SHA2011,COUNTRY,SUR,AMR,Americas,YEAR,2016,,,,,,,,,209.40,209.4008557,,,,2025-12-05T13:23:08Z,2016,2016-01-01,2016-12-31
3714373,GHED_GGHE-D_pc_US_SHA2011,COUNTRY,TTO,AMR,Americas,YEAR,2015,,,,,,,,,546.47,546.46694074,,,,2025-12-05T13:23:08Z,2015,2015-01-01,2015-12-31
3715882,GHED_GGHE-D_pc_US_SHA2011,COUNTRY,NAM,AFR,Africa,YEAR,2020,,,,,,,,,252.66,252.65630987,,,,2025-12-05T13:23:08Z,2020,2020-01-01,2020-12-31
3718441,GHED_GGHE-D_pc_US_SHA2011,COUNTRY,AFG,EMR,Eastern Mediterranean,YEAR,2011,,,,,,,,,2.93,2.92573274,,,,2025-12-05T13:23:08Z,2011,2011-01-01,2011-12-31
3720747,GHED_GGHE-D_pc_US_SHA2011,COUNTRY,WSM,WPR,Western Pacific,YEAR,2018,,,,,,,,,155.13,155.13348896,,,,2025-12-05T13:23:08Z,2018,2018-01-01,2018-12-31
3720832,GHED_GGHE-D_pc_US_SHA2011,COUNTRY,ERI,AFR,Africa,YEAR,2012,,,,,,,,,5.87,5.87047411,,,,2025-12-05T13:23:08Z,2012,2012-01-01,2012-12-31
3721227,GHED_GGHE-D_pc_US_SHA2011,COUNTRY,EST,EUR,Europe,YEAR,2020,,,,,,,,,1377.96,1377.96368986,,,,2025-12-05T13:23:08Z,2020,2020-01-01,2020-12-31
3721306,GHED_GGHE-D_pc_US_SHA2011,WORLDBANKINCOMEGROUP,WB_LMI,,,YEAR,2019,,,,,,,,,60.73,60.73135295,,,,2025-12-05T13:23:08Z,2019,2019-01-01,2019-12-31
3724070,GHED_GGHE-D_pc_US_SHA2011,COUNTRY,ESP,EUR,Europe,YEAR,2019,,,,,,,,,1914.16,1914.15666659,,,,2025-12-05T13:23:08Z,2019,2019-01-01,2019-12-31
3725481,GHED_GGHE-D_pc_US_SHA2011,COUNTRY,GTM,AMR,Americas,YEAR,2011,,,,,,,,,63.93,63.9345405,,,,2025-12-05T13:23:08Z,2011,2011-01-01,2011-12-31
3727709,GHED_GGHE-D_pc_US_SHA2011,COUNTRY,SMR,EUR,Europe,YEAR,2005,,,,,,,,,2387.37,2387.36871272,,,,2025-12-05T13:23:08Z,2005,2005-01-01,2005-12-31
3735489,GHED_GGHE-D_pc_US_SHA2011,COUNTRY,LUX,EUR,Europe,YEAR,2022,,,,,,,,,6115.49,6115.49238138,,,,2025-12-05T13:23:08Z,2022,2022-01-01,2022-12-31
3740434,GHED_GGHE-D_pc_US_SHA2011,COUNTRY,IRN,EMR,Eastern Mediterranean,YEAR,2022,,,,,,,,,116.93,116.93330201,,,,2025-12-05T13:23:08Z,2022,2022-01-01,2022-12-31
3748682,GHED_GGHE-D_pc_US_SHA2011,COUNTRY,FRA,EUR,Europe,YEAR,2000,,,,,,,,,1572.30,1572.29592159,,,,2025-12-05T13:23:08Z,2000,2000-01-01,2000-12-31
3751443,GHED_GGHE-D_pc_US_SHA2011,COUNTRY,CHL,AMR,Americas,YEAR,2007,,,,,,,,,271.75,271.7496466,,,,2025-12-05T13:23:08Z,2007,2007-01-01,2007-12-31
3751886,GHED_GGHE-D_pc_US_SHA2011,COUNTRY,MDA,EUR,Europe,YEAR,2009,,,,,,,,,88.93,88.93436404,,,,2025-12-05T13:23:08Z,2009,2009-01-01,2009-12-31
3753040,GHED_GGHE-D_pc_US_SHA2011,COUNTRY,IRN,EMR,Eastern Mediterranean,YEAR,2011,,,,,,,,,168.34,168.34221511,,,,2025-12-05T13:23:08Z,2011,2011-01-01,2011-12-31
3753106,GHED_GGHE-D_pc_US_SHA2011,COUNTRY,NLD,EUR,Europe,YEAR,2007,,,,,,,,,3093.51,3093.50671927,,,,2025-12-05T13:23:08Z,2007,2007-01-01,2007-12-31
3755159,GHED_GGHE-D_pc_US_SHA2011,COUNTRY,IRL,EUR,Europe,YEAR,2005,,,,,,,,,3105.97,3105.96680743,,,,2025-12-05T13:23:08Z,2005,2005-01-01,2005-12-31
3758260,GHED_GGHE-D_pc_US_SHA2011,COUNTRY,BRA,AMR,Americas,YEAR,2001,,,,,,,,,111.58,111.58262103,,,,2025-12-05T13:23:08Z,2001,2001-01-01,2001-12-31
3763463,GHED_GGHE-D_pc_US_SHA2011,COUNTRY,EGY,EMR,Eastern Mediterranean,YEAR,2020,,,,,,,,,47.36,47.3635777,,,,2025-12-05T13:23:08Z,2020,2020-01-01,2020-12-31
3763519,GHED_GGHE-D_pc_US_SHA2011,COUNTRY,IDN,WPR,Western Pacific,YEAR,2014,,,,,,,,,34.16,34.15973169,,,,2025-12-05T13:23:08Z,2014,2014-01-01,2014-12-31
3764450,GHED_GGHE-D_pc_US_SHA2011,COUNTRY,HUN,EUR,Europe,YEAR,2022,,,,,,,,,892.51,892.50577734,,,,2025-12-05T13:23:08Z,2022,2022-01-01,2022-12-31
3765200,GHED_GGHE-D_pc_US_SHA2011,COUNTRY,SYC,AFR,Africa,YEAR,2019,,,,,,,,,483.21,483.20827875,,,,2025-12-05T13:23:08Z,2019,2019-01-01,2019-12-31
3766664,GHED_GGHE-D_pc_US_SHA2011,COUNTRY,MEX,AMR,Americas,YEAR,2020,,,,,,,,,282.98,282.98171745,,,,2025-12-05T13:23:08Z,2020,2020-01-01,2020-12-31
3770463,GHED_GGHE-D_pc_US_SHA2011,COUNTRY,SUR,AMR,Americas,YEAR,2007,,,,,,,,,153.02,153.01632334,,,,2025-12-05T13:23:08Z,2007,2007-01-01,2007-12-31
3770889,GHED_GGHE-D_pc_US_SHA2011,COUNTRY,FIN,EUR,Europe,YEAR,2021,,,,,,,,,4280.39,4280.39130888,,,,2025-12-05T13:23:08Z,2021,2021-01-01,2021-12-31
3772326,GHED_GGHE-D_pc_US_SHA2011,COUNTRY,MAR,EMR,Eastern Mediterranean,YEAR,2017,,,,,,,,,66.25,66.25321817,,,,2025-12-05T13:23:08Z,2017,2017-01-01,2017-12-31
3775479,GHED_GGHE-D_pc_US_SHA2011,COUNTRY,TLS,SEAR,South-East Asia,YEAR,2008,,,,,,,,,21.33,21.32943315,,,,2025-12-05T13:23:08Z,2008,2008-01-01,2008-12-31
3776299,GHED_GGHE-D_pc_US_SHA2011,COUNTRY,AZE,EUR,Europe,YEAR,2019,,,,,,,,,50.95,50.94737249,,,,2025-12-05T13:23:08Z,2019,2019-01-01,2019-12-31
3776433,GHED_GGHE-D_pc_US_SHA2011,COUNTRY,MNG,WPR,Western Pacific,YEAR,2018,,,,,,,,,87.17,87.16720631,,,,2025-12-05T13:23:08Z,2018,2018-01-01,2018-12-31
3777023,GHED_GGHE-D_pc_US_SHA2011,COUNTRY,LUX,EUR,Europe,YEAR,2012,,,,,,,,,5042.71,5042.71014073,,,,2025-12-05T13:23:08Z,2012,2012-01-01,2012-12-31
3779657,GHED_GGHE-D_pc_US_SHA2011,COUNTRY,MMR,SEAR,South-East Asia,YEAR,2002,,,,,,,,,0.99,0.98547386,,,,2025-12-05T13:23:08Z,2002,2002-01-01,2002-12-31
3780694,GHED_GGHE-D_pc_US_SHA2011,COUNTRY,SLB,WPR,Western Pacific,YEAR,2018,,,,,,,,,67.50,67.50120435,,,,2025-12-05T13:23:08Z,2018,2018-01-01,2018-12-31
3781409,GHED_GGHE-D_pc_US_SHA2011,COUNTRY,NAM,AFR,Africa,YEAR,2021,,,,,,,,,287.67,287.66584771,,,,2025-12-05T13:23:08Z,2021,2021-01-01,2021-12-31
3781829,GHED_GGHE-D_pc_US_SHA2011,COUNTRY,TUN,EMR,Eastern Mediterranean,YEAR,2014,,,,,,,,,167.20,167.19781221,,,,2025-12-05T13:23:08Z,2014,2014-01-01,2014-12-31
3784801,GHED_GGHE-D_pc_US_SHA2011,COUNTRY,FSM,WPR,Western Pacific,YEAR,2016,,,,,,,,,60.14,60.14185992,,,,2025-12-05T13:23:08Z,2016,2016-01-01,2016-12-31
3789057,GHED_GGHE-D_pc_US_SHA2011,COUNTRY,GMB,AFR,Africa,YEAR,2005,,,,,,,,,5.04,5.03538719,,,,2025-12-05T13:23:08Z,2005,2005-01-01,2005-12-31
3789132,GHED_GGHE-D_pc_US_SHA2011,COUNTRY,KHM,WPR,Western Pacific,YEAR,2017,,,,,,,,,20.67,20.67466934,,,,2025-12-05T13:23:08Z,2017,2017-01-01,2017-12-31
3790538,GHED_GGHE-D_pc_US_SHA2011,COUNTRY,MNG,WPR,Western Pacific,YEAR,2021,,,,,,,,,192.80,192.79961052,,,,2025-12-05T13:23:08Z,2021,2021-01-01,2021-12-31
3791368,GHED_GGHE-D_pc_US_SHA2011,COUNTRY,STP,AFR,Africa,YEAR,2006,,,,,,,,,4.42,4.42199857,,,,2025-12-05T13:23:08Z,2006,2006-01-01,2006-12-31
3793199,GHED_GGHE-D_pc_US_SHA2011,COUNTRY,BTN,SEAR,South-East Asia,YEAR,2009,,,,,,,,,44.12,44.12301313,,,,2025-12-05T13:23:08Z,2009,2009-01-01,2009-12-31
3793772,GHED_GGHE-D_pc_US_SHA2011,COUNTRY,BEL,EUR,Europe,YEAR,2013,,,,,,,,,3763.99,3763.9872348,,,,2025-12-05T13:23:08Z,2013,2013-01-01,2013-12-31
3794487,GHED_GGHE-D_pc_US_SHA2011,COUNTRY,AZE,EUR,Europe,YEAR,2014,,,,,,,,,88.29,88.28912615,,,,2025-12-05T13:23:08Z,2014,2014-01-01,2014-12-31
3794978,GHED_GGHE-D_pc_US_SHA2011,COUNTRY,CYP,EUR,Europe,YEAR,2009,,,,,,,,,895.44,895.4440157,,,,2025-12-05T13:23:08Z,2009,2009-01-01,2009-12-31
3795450,GHED_GGHE-D_pc_US_SHA2011,COUNTRY,CHE,EUR,Europe,YEAR,2023,,,,,,,,,3898.34,3898.34094916,,,,2025-12-05T13:23:08Z,2023,2023-01-01,2023-12-31
3799778,GHED_GGHE-D_pc_US_SHA2011,COUNTRY,IDN,WPR,Western Pacific,YEAR,2003,,,,,,,,,9.28,9.27955947,,,,2025-12-05T13:23:08Z,2003,2003-01-01,2003-12-31
3801493,GHED_GGHE-D_pc_US_SHA2011,COUNTRY,MYS,WPR,Western Pacific,YEAR,2005,,,,,,,,,79.30,79.30427229,,,,2025-12-05T13:23:08Z,2005,2005-01-01,2005-12-31
3808146,GHED_GGHE-D_pc_US_SHA2011,COUNTRY,JPN,WPR,Western Pacific,YEAR,2018,,,,,,,,,3573.48,3573.48371736,,,,2025-12-05T13:23:08Z,2018,2018-01-01,2018-12-31
3808227,GHED_GGHE-D_pc_US_SHA2011,COUNTRY,ESP,EUR,Europe,YEAR,2008,,,,,,,,,2194.99,2194.99221153,,,,2025-12-05T13:23:08Z,2008,2008-01-01,2008-12-31
3809056,GHED_GGHE-D_pc_US_SHA2011,COUNTRY,SMR,EUR,Europe,YEAR,2004,,,,,,,,,2279.06,2279.06025152,,,,2025-12-05T13:23:08Z,2004,2004-01-01,2004-12-31
3812207,GHED_GGHE-D_pc_US_SHA2011,WORLDBANKINCOMEGROUP,WB_HI,,,YEAR,2011,,,,,,,,,2004.94,2004.93920707,,,,2025-12-05T13:23:08Z,2011,2011-01-01,2011-12-31
3812674,GHED_GGHE-D_pc_US_SHA2011,REGION,WPR,,,YEAR,2020,,,,,,,,,800.30,800.29998275,,,,2025-12-05T13:23:08Z,2020,2020-01-01,2020-12-31
3813939,GHED_GGHE-D_pc_US_SHA2011,COUNTRY,RUS,EUR,Europe,YEAR,2011,,,,,,,,,426.68,426.67774593,,,,2025-12-05T13:23:08Z,2011,2011-01-01,2011-12-31
3814362,GHED_GGHE-D_pc_US_SHA2011,COUNTRY,NZL,WPR,Western Pacific,YEAR,2006,,,,,,,,,1779.17,1779.16570455,,,,2025-12-05T13:23:08Z,2006,2006-01-01,2006-12-31
3814495,GHED_GGHE-D_pc_US_SHA2011,COUNTRY,PER,AMR,Americas,YEAR,2005,,,,,,,,,67.78,67.77659125,,,,2025-12-05T13:23:08Z,2005,2005-01-01,2005-12-31
3814765,GHED_GGHE-D_pc_US_SHA2011,COUNTRY,MDV,SEAR,South-East Asia,YEAR,2002,,,,,,,,,72.41,72.41436512,,,,2025-12-05T13:23:08Z,2002,2002-01-01,2002-12-31
3815933,GHED_GGHE-D_pc_US_SHA2011,COUNTRY,LSO,AFR,Africa,YEAR,2003,,,,,,,,,18.86,18.86423616,,,,2025-12-05T13:23:08Z,2003,2003-01-01,2003-12-31
3816174,GHED_GGHE-D_pc_US_SHA2011,COUNTRY,BEL,EUR,Europe,YEAR,2000,,,,,,,,,1378.76,1378.75932165,,,,2025-12-05T13:23:08Z,2000,2000-01-01,2000-12-31
3819350,GHED_GGHE-D_pc_US_SHA2011,COUNTRY,ARM,EUR,Europe,YEAR,2009,,,,,,,,,53.19,53.1906267,,,,2025-12-05T13:23:08Z,2009,2009-01-01,2009-12-31
3826770,GHED_GGHE-D_pc_US_SHA2011,COUNTRY,KEN,AFR,Africa,YEAR,2002,,,,,,,,,6.47,6.47059444,,,,2025-12-05T13:23:08Z,2002,2002-01-01,2002-12-31
3828501,GHED_GGHE-D_pc_US_SHA2011,COUNTRY,MUS,AFR,Africa,YEAR,2007,,,,,,,,,95.85,95.84571124,,,,2025-12-05T13:23:08Z,2007,2007-01-01,2007-12-31
3836212,GHED_GGHE-D_pc_US_SHA2011,COUNTRY,HTI,AMR,Americas,YEAR,2023,,,,,,,,,5.08,5.08234898,,,,2025-12-05T13:23:08Z,2023,2023-01-01,2023-12-31
3836892,GHED_GGHE-D_pc_US_SHA2011,COUNTRY,MYS,WPR,Western Pacific,YEAR,2019,,,,,,,,,219.45,219.4521194,,,,2025-12-05T13:23:08Z,2019,2019-01-01,2019-12-31
3838473,GHED_GGHE-D_pc_US_SHA2011,COUNTRY,KAZ,EUR,Europe,YEAR,2008,,,,,,,,,185.00,185.00045746,,,,2025-12-05T13:23:08Z,2008,2008-01-01,2008-12-31
3838534,GHED_GGHE-D_pc_US_SHA2011,REGION,EMR,,,YEAR,2018,,,,,,,,,354.80,354.79535521,,,,2025-12-05T13:23:08Z,2018,2018-01-01,2018-12-31
3846055,GHED_GGHE-D_pc_US_SHA2011,COUNTRY,PER,AMR,Americas,YEAR,2001,,,,,,,,,46.86,46.86081517,,,,2025-12-05T13:23:08Z,2001,2001-01-01,2001-12-31
3848840,GHED_GGHE-D_pc_US_SHA2011,COUNTRY,GNB,AFR,Africa,YEAR,2018,,,,,,,,,4.09,4.08529907,,,,2025-12-05T13:23:08Z,2018,2018-01-01,2018-12-31
3850698,GHED_GGHE-D_pc_US_SHA2011,COUNTRY,TUN,EMR,Eastern Mediterranean,YEAR,2008,,,,,,,,,125.11,125.10540272,,,,2025-12-05T13:23:08Z,2008,2008-01-01,2008-12-31
3850800,GHED_GGHE-D_pc_US_SHA2011,COUNTRY,SAU,EMR,Eastern Mediterranean,YEAR,2003,,,,,,,,,330.81,330.81442372,,,,2025-12-05T13:23:08Z,2003,2003-01-01,2003-12-31
3851574,GHED_GGHE-D_pc_US_SHA2011,COUNTRY,TJK,EUR,Europe,YEAR,2020,,,,,,,,,17.95,17.9466832,,,,2025-12-05T13:23:08Z,2020,2020-01-01,2020-12-31
3851608,GHED_GGHE-D_pc_US_SHA2011,COUNTRY,UGA,AFR,Africa,YEAR,2017,,,,,,,,,5.02,5.02142047,,,,2025-12-05T13:23:08Z,2017,2017-01-01,2017-12-31
3863385,GHED_GGHE-D_pc_US_SHA2011,COUNTRY,TKM,EUR,Europe,YEAR,2014,,,,,,,,,106.19,106.19312939,,,,2025-12-05T13:23:08Z,2014,2014-01-01,2014-12-31
3865959,GHED_GGHE-D_pc_US_SHA2011,COUNTRY,SLV,AMR,Americas,YEAR,2002,,,,,,,,,84.68,84.68420721,,,,2025-12-05T13:23:08Z,2002,2002-01-01,2002-12-31
3866803,GHED_GGHE-D_pc_US_SHA2011,COUNTRY,COD,AFR,Africa,YEAR,2019,,,,,,,,,3.04,3.03834808,,,,2025-12-05T13:23:08Z,2019,2019-01-01,2019-12-31
3867680,GHED_GGHE-D_pc_US_SHA2011,COUNTRY,CAN,AMR,Americas,YEAR,2015,,,,,,,,,3302.73,3302.72908502,,,,2025-12-05T13:23:08Z,2015,2015-01-01,2015-12-31
3868720,GHED_GGHE-D_pc_US_SHA2011,COUNTRY,LAO,WPR,Western Pacific,YEAR,2008,,,,,,,,,4.96,4.96198679,,,,2025-12-05T13:23:08Z,2008,2008-01-01,2008-12-31
3873587,GHED_GGHE-D_pc_US_SHA2011,WORLDBANKINCOMEGROUP,WB_UMI,,,YEAR,2011,,,,,,,,,213.77,213.77355014,,,,2025-12-05T13:23:08Z,2011,2011-01-01,2011-12-31
3875055,GHED_GGHE-D_pc_US_SHA2011,COUNTRY,KNA,AMR,Americas,YEAR,2021,,,,,,,,,651.58,651.57928696,,,,2025-12-05T13:23:08Z,2021,2021-01-01,2021-12-31
3875999,GHED_GGHE-D_pc_US_SHA2011,COUNTRY,VCT,AMR,Americas,YEAR,2018,,,,,,,,,236.01,236.00835178,,,,2025-12-05T13:23:08Z,2018,2018-01-01,2018-12-31
3876151,GHED_GGHE-D_pc_US_SHA2011,COUNTRY,JAM,AMR,Americas,YEAR,2006,,,,,,,,,88.36,88.36229825,,,,2025-12-05T13:23:08Z,2006,2006-01-01,2006-12-31
3876502,GHED_GGHE-D_pc_US_SHA2011,COUNTRY,GBR,EUR,Europe,YEAR,2000,,,,,,,,,1532.63,1532.6348205,,,,2025-12-05T13:23:08Z,2000,2000-01-01,2000-12-31
3876921,GHED_GGHE-D_pc_US_SHA2011,COUNTRY,FSM,WPR,Western Pacific,YEAR,2002,,,,,,,,,36.53,36.53173022,,,,2025-12-05T13:23:08Z,2002,2002-01-01,2002-12-31
3877816,GHED_GGHE-D_pc_US_SHA2011,COUNTRY,IRN,EMR,Eastern Mediterranean,YEAR,2014,,,,,,,,,189.93,189.9317243,,,,2025-12-05T13:23:08Z,2014,2014-01-01,2014-12-31
3880057,GHED_GGHE-D_pc_US_SHA2011,COUNTRY,GUY,AMR,Americas,YEAR,2015,,,,,,,,,132.93,132.93206482,,,,2025-12-05T13:23:08Z,2015,2015-01-01,2015-12-31
3880807,GHED_GGHE-D_pc_US_SHA2011,COUNTRY,MKD,EUR,Europe,YEAR,2008,,,,,,,,,202.55,202.54953072,,,,2025-12-05T13:23:08Z,2008,2008-01-01,2008-12-31
3885998,GHED_GGHE-D_pc_US_SHA2011,COUNTRY,SUR,AMR,Americas,YEAR,2006,,,,,,,,,145.55,145.55195743,,,,2025-12-05T13:23:08Z,2006,2006-01-01,2006-12-31
3886788,GHED_GGHE-D_pc_US_SHA2011,COUNTRY,CHN,WPR,Western Pacific,YEAR,2006,,,,,,,,,28.98,28.9842905,,,,2025-12-05T13:23:08Z,2006,2006-01-01,2006-12-31
3888623,GHED_GGHE-D_pc_US_SHA2011,COUNTRY,GIN,AFR,Africa,YEAR,2009,,,,,,,,,1.72,1.723324,,,,2025-12-05T13:23:08Z,2009,2009-01-01,2009-12-31
3889815,GHED_GGHE-D_pc_US_SHA2011,COUNTRY,BRA,AMR,Americas,YEAR,2021,,,,,,,,,343.36,343.35640636,,,,2025-12-05T13:23:08Z,2021,2021-01-01,2021-12-31
3891293,GHED_GGHE-D_pc_US_SHA2011,COUNTRY,LCA,AMR,Americas,YEAR,2012,,,,,,,,,188.83,188.82633005,,,,2025-12-05T13:23:08Z,2012,2012-01-01,2012-12-31
3893453,GHED_GGHE-D_pc_US_SHA2011,COUNTRY,MKD,EUR,Europe,YEAR,2019,,,,,,,,,282.85,282.84876871,,,,2025-12-05T13:23:08Z,2019,2019-01-01,2019-12-31
3894413,GHED_GGHE-D_pc_US_SHA2011,COUNTRY,ETH,AFR,Africa,YEAR,2023,,,,,,,,,7.63,7.62540015,,,,2025-12-05T13:23:08Z,2023,2023-01-01,2023-12-31
3896111,GHED_GGHE-D_pc_US_SHA2011,COUNTRY,KNA,AMR,Americas,YEAR,2006,,,,,,,,,308.70,308.69682622,,,,2025-12-05T13:23:08Z,2006,2006-01-01,2006-12-31
3899951,GHED_GGHE-D_pc_US_SHA2011,COUNTRY,LBR,AFR,Africa,YEAR,2014,,,,,,,,,5.58,5.57560503,,,,2025-12-05T13:23:08Z,2014,2014-01-01,2014-12-31
3901417,GHED_GGHE-D_pc_US_SHA2011,COUNTRY,AZE,EUR,Europe,YEAR,2012,,,,,,,,,82.91,82.9135293,,,,2025-12-05T13:23:08Z,2012,2012-01-01,2012-12-31
3902806,GHED_GGHE-D_pc_US_SHA2011,COUNTRY,SGP,WPR,Western Pacific,YEAR,2014,,,,,,,,,1005.90,1005.90041209,,,,2025-12-05T13:23:08Z,2014,2014-01-01,2014-12-31
3903628,GHED_GGHE-D_pc_US_SHA2011,COUNTRY,ATG,AMR,Americas,YEAR,2020,,,,,,,,,550.28,550.27520503,,,,2025-12-05T13:23:08Z,2020,2020-01-01,2020-12-31
3903660,GHED_GGHE-D_pc_US_SHA2011,COUNTRY,ALB,EUR,Europe,YEAR,2014,,,,,,,,,118.15,118.15369652,,,,2025-12-05T13:23:08Z,2014,2014-01-01,2014-12-31
3904067,GHED_GGHE-D_pc_US_SHA2011,COUNTRY,DZA,AFR,Africa,YEAR,2005,,,,,,,,,69.87,69.87079668,,,,2025-12-05T13:23:08Z,2005,2005-01-01,2005-12-31
3905040,GHED_GGHE-D_pc_US_SHA2011,REGION,AMR,,,YEAR,2022,,,,,,,,,733.41,733.41446547,,,,2025-12-05T13:23:08Z,2022,2022-01-01,2022-12-31
3905070,GHED_GGHE-D_pc_US_SHA2011,COUNTRY,AGO,AFR,Africa,YEAR,2018,,,,,,,,,35.75,35.74916779,,,,2025-12-05T13:23:08Z,2018,2018-01-01,2018-12-31
3906215,GHED_GGHE-D_pc_US_SHA2011,REGION,EMR,,,YEAR,2003,,,,,,,,,158.29,158.28766748,,,,2025-12-05T13:23:08Z,2003,2003-01-01,2003-12-31
3910289,GHED_GGHE-D_pc_US_SHA2011,COUNTRY,SRB,EUR,Europe,YEAR,2016,,,,,,,,,280.08,280.07852075,,,,2025-12-05T13:23:08Z,2016,2016-01-01,2016-12-31
3910915,GHED_GGHE-D_pc_US_SHA2011,COUNTRY,PSE,EMR,Eastern Mediterranean,YEAR,2017,,,,,,,,,108.52,108.51641218,,,,2025-12-05T13:23:08Z,2017,2017-01-01,2017-12-31
3912414,GHED_GGHE-D_pc_US_SHA2011,COUNTRY,BGR,EUR,Europe,YEAR,2005,,,,,,,,,159.50,159.49854216,,,,2025-12-05T13:23:08Z,2005,2005-01-01,2005-12-31
3912665,GHED_GGHE-D_pc_US_SHA2011,COUNTRY,LBR,AFR,Africa,YEAR,2005,,,,,,,,,1.56,1.55965701,,,,2025-12-05T13:23:08Z,2005,2005-01-01,2005-12-31
3914977,GHED_GGHE-D_pc_US_SHA2011,COUNTRY,SMR,EUR,Europe,YEAR,2020,,,,,,,,,3373.14,3373.14494003,,,,2025-12-05T13:23:08Z,2020,2020-01-01,2020-12-31
3915432,GHED_GGHE-D_pc_US_SHA2011,COUNTRY,PLW,WPR,Western Pacific,YEAR,2014,,,,,,,,,769.88,769.87863393,,,,2025-12-05T13:23:08Z,2014,2014-01-01,2014-12-31
3916806,GHED_GGHE-D_pc_US_SHA2011,COUNTRY,ALB,EUR,Europe,YEAR,2015,,,,,,,,,106.37,106.37124893,,,,2025-12-05T13:23:08Z,2015,2015-01-01,2015-12-31
3918503,GHED_GGHE-D_pc_US_SHA2011,COUNTRY,KHM,WPR,Western Pacific,YEAR,2018,,,,,,,,,24.63,24.62935498,,,,2025-12-05T13:23:08Z,2018,2018-01-01,2018-12-31
3918841,GHED_GGHE-D_pc_US_SHA2011,COUNTRY,SLV,AMR,Americas,YEAR,2005,,,,,,,,,103.97,103.97126435,,,,2025-12-05T13:23:08Z,2005,2005-01-01,2005-12-31
3921396,GHED_GGHE-D_pc_US_SHA2011,COUNTRY,GRC,EUR,Europe,YEAR,2019,,,,,,,,,765.28,765.27970573,,,,2025-12-05T13:23:08Z,2019,2019-01-01,2019-12-31
3924259,GHED_GGHE-D_pc_US_SHA2011,COUNTRY,ISR,EUR,Europe,YEAR,2005,,,,,,,,,904.42,904.42293996,,,,2025-12-05T13:23:08Z,2005,2005-01-01,2005-12-31
3925839,GHED_GGHE-D_pc_US_SHA2011,COUNTRY,FRA,EUR,Europe,YEAR,2010,,,,,,,,,3199.38,3199.37990496,,,,2025-12-05T13:23:08Z,2010,2010-01-01,2010-12-31
3926432,GHED_GGHE-D_pc_US_SHA2011,COUNTRY,DJI,EMR,Eastern Mediterranean,YEAR,2017,,,,,,,,,30.02,30.01998296,,,,2025-12-05T13:23:08Z,2017,2017-01-01,2017-12-31
3926729,GHED_GGHE-D_pc_US_SHA2011,COUNTRY,NOR,EUR,Europe,YEAR,2016,,,,,,,,,6396.69,6396.69339547,,,,2025-12-05T13:23:08Z,2016,2016-01-01,2016-12-31
3929667,GHED_GGHE-D_pc_US_SHA2011,COUNTRY,TJK,EUR,Europe,YEAR,2011,,,,,,,,,10.88,10.88046493,,,,2025-12-05T13:23:08Z,2011,2011-01-01,2011-12-31
3930602,GHED_GGHE-D_pc_US_SHA2011,COUNTRY,SUR,AMR,Americas,YEAR,2015,,,,,,,,,278.89,278.88808466,,,,2025-12-05T13:23:08Z,2015,2015-01-01,2015-12-31
3930797,GHED_GGHE-D_pc_US_SHA2011,COUNTRY,EGY,EMR,Eastern Mediterranean,YEAR,2014,,,,,,,,,45.81,45.80963486,,,,2025-12-05T13:23:08Z,2014,2014-01-01,2014-12-31
3932625,GHED_GGHE-D_pc_US_SHA2011,COUNTRY,ARG,AMR,Americas,YEAR,2012,,,,,,,,,847.23,847.22902495,,,,2025-12-05T13:23:08Z,2012,2012-01-01,2012-12-31
3932735,GHED_GGHE-D_pc_US_SHA2011,COUNTRY,LCA,AMR,Americas,YEAR,2009,,,,,,,,,149.68,149.68414664,,,,2025-12-05T13:23:08Z,2009,2009-01-01,2009-12-31
3935565,GHED_GGHE-D_pc_US_SHA2011,COUNTRY,BGD,SEAR,South-East Asia,YEAR,2009,,,,,,,,,3.53,3.52907081,,,,2025-12-05T13:23:08Z,2009,2009-01-01,2009-12-31
3936122,GHED_GGHE-D_pc_US_SHA2011,COUNTRY,HND,AMR,Americas,YEAR,2003,,,,,,,,,30.21,30.20979677,,,,2025-12-05T13:23:08Z,2003,2003-01-01,2003-12-31
3941905,GHED_GGHE-D_pc_US_SHA2011,COUNTRY,NZL,WPR,Western Pacific,YEAR,2015,,,,,,,,,2540.81,2540.81466703,,,,2025-12-05T13:23:08Z,2015,2015-01-01,2015-12-31
3944017,GHED_GGHE-D_pc_US_SHA2011,COUNTRY,PRY,AMR,Americas,YEAR,2021,,,,,,,,,266.94,266.93586901,,,,2025-12-05T13:23:08Z,2021,2021-01-01,2021-12-31
3946345,GHED_GGHE-D_pc_US_SHA2011,COUNTRY,LUX,EUR,Europe,YEAR,2010,,,,,,,,,6409.66,6409.65582571,,,,2025-12-05T13:23:08Z,2010,2010-01-01,2010-12-31
3952093,GHED_GGHE-D_pc_US_SHA2011,COUNTRY,KGZ,EUR,Europe,YEAR,2010,,,,,,,,,29.81,29.81480508,,,,2025-12-05T13:23:08Z,2010,2010-01-01,2010-12-31
3953757,GHED_GGHE-D_pc_US_SHA2011,COUNTRY,MDG,AFR,Africa,YEAR,2001,,,,,,,,,5.85,5.85219295,,,,2025-12-05T13:23:08Z,2001,2001-01-01,2001-12-31
3955631,GHED_GGHE-D_pc_US_SHA2011,COUNTRY,BHS,AMR,Americas,YEAR,2014,,,,,,,,,727.94,727.93674984,,,,2025-12-05T13:23:08Z,2014,2014-01-01,2014-12-31
3959624,GHED_GGHE-D_pc_US_SHA2011,COUNTRY,MDV,SEAR,South-East Asia,YEAR,2022,,,,,,,,,657.00,657.00251291,,,,2025-12-05T13:23:08Z,2022,2022-01-01,2022-12-31
3961833,GHED_GGHE-D_pc_US_SHA2011,COUNTRY,ATG,AMR,Americas,YEAR,2011,,,,,,,,,408.48,408.47963405,,,,2025-12-05T13:23:08Z,2011,2011-01-01,2011-12-31
3966297,GHED_GGHE-D_pc_US_SHA2011,COUNTRY,KAZ,EUR,Europe,YEAR,2023,,,,,,,,,322.39,322.38538673,,,,2025-12-05T13:23:08Z,2023,2023-01-01,2023-12-31
3966496,GHED_GGHE-D_pc_US_SHA2011,COUNTRY,MOZ,AFR,Africa,YEAR,2004,,,,,,,,,4.49,4.48982846,,,,2025-12-05T13:23:08Z,2004,2004-01-01,2004-12-31
3967823,GHED_GGHE-D_pc_US_SHA2011,COUNTRY,SVK,EUR,Europe,YEAR,2011,,,,,,,,,975.22,975.21669138,,,,2025-12-05T13:23:08Z,2011,2011-01-01,2011-12-31
3971156,GHED_GGHE-D_pc_US_SHA2011,COUNTRY,TUR,EUR,Europe,YEAR,2005,,,,,,,,,242.13,242.12557055,,,,2025-12-05T13:23:08Z,2005,2005-01-01,2005-12-31
3980464,GHED_GGHE-D_pc_US_SHA2011,COUNTRY,KWT,EMR,Eastern Mediterranean,YEAR,2001,,,,,,,,,436.84,436.84051073,,,,2025-12-05T13:23:08Z,2001,2001-01-01,2001-12-31
3981275,GHED_GGHE-D_pc_US_SHA2011,COUNTRY,GBR,EUR,Europe,YEAR,2014,,,,,,,,,3766.50,3766.50391342,,,,2025-12-05T13:23:08Z,2014,2014-01-01,2014-12-31
3984461,GHED_GGHE-D_pc_US_SHA2011,COUNTRY,BRA,AMR,Americas,YEAR,2003,,,,,,,,,108.47,108.46625487,,,,2025-12-05T13:23:08Z,2003,2003-01-01,2003-12-31
3988896,GHED_GGHE-D_pc_US_SHA2011,COUNTRY,KIR,WPR,Western Pacific,YEAR,2017,,,,,,,,,154.21,154.20974209,,,,2025-12-05T13:23:08Z,2017,2017-01-01,2017-12-31
3991304,GHED_GGHE-D_pc_US_SHA2011,COUNTRY,ARM,EUR,Europe,YEAR,2020,,,,,,,,,103.06,103.05868926,,,,2025-12-05T13:23:08Z,2020,2020-01-01,2020-12-31
3992514,GHED_GGHE-D_pc_US_SHA2011,COUNTRY,CHL,AMR,Americas,YEAR,2023,,,,,,,,,896.15,896.14836959,,,,2025-12-05T13:23:08Z,2023,2023-01-01,2023-12-31
3996046,GHED_GGHE-D_pc_US_SHA2011,COUNTRY,SLE,AFR,Africa,YEAR,2011,,,,,,,,,5.30,5.30426107,,,,2025-12-05T13:23:08Z,2011,2011-01-01,2011-12-31
4001632,GHED_GGHE-D_pc_US_SHA2011,COUNTRY,FIN,EUR,Europe,YEAR,2000,,,,,,,,,1307.64,1307.64391808,,,,2025-12-05T13:23:08Z,2000,2000-01-01,2000-12-31
4007418,GHED_GGHE-D_pc_US_SHA2011,COUNTRY,COD,AFR,Africa,YEAR,2000,,,,,,,,,0.74,0.74352572,,,,2025-12-05T13:23:08Z,2000,2000-01-01,2000-12-31
4009389,GHED_GGHE-D_pc_US_SHA2011,WORLDBANKINCOMEGROUP,WB_HI,,,YEAR,2005,,,,,,,,,1351.83,1351.83224984,,,,2025-12-05T13:23:08Z,2005,2005-01-01,2005-12-31
4009403,GHED_GGHE-D_pc_US_SHA2011,COUNTRY,COG,AFR,Africa,YEAR,2012,,,,,,,,,30.57,30.56539207,,,,2025-12-05T13:23:08Z,2012,2012-01-01,2012-12-31
4010038,GHED_GGHE-D_pc_US_SHA2011,COUNTRY,ITA,EUR,Europe,YEAR,2006,,,,,,,,,2193.94,2193.94243456,,,,2025-12-05T13:23:08Z,2006,2006-01-01,2006-12-31
4013445,GHED_GGHE-D_pc_US_SHA2011,COUNTRY,LBR,AFR,Africa,YEAR,2023,,,,,,,,,10.40,10.39694964,,,,2025-12-05T13:23:08Z,2023,2023-01-01,2023-12-31
4013540,GHED_GGHE-D_pc_US_SHA2011,COUNTRY,PNG,WPR,Western Pacific,YEAR,2004,,,,,,,,,16.87,16.86856871,,,,2025-12-05T13:23:08Z,2004,2004-01-01,2004-12-31
4013770,GHED_GGHE-D_pc_US_SHA2011,COUNTRY,MRT,AFR,Africa,YEAR,2008,,,,,,,,,14.52,14.51998651,,,,2025-12-05T13:23:08Z,2008,2008-01-01,2008-12-31
4013993,GHED_GGHE-D_pc_US_SHA2011,COUNTRY,MRT,AFR,Africa,YEAR,2016,,,,,,,,,18.78,18.77898371,,,,2025-12-05T13:23:08Z,2016,2016-01-01,2016-12-31
4020374,GHED_GGHE-D_pc_US_SHA2011,COUNTRY,SAU,EMR,Eastern Mediterranean,YEAR,2014,,,,,,,,,973.18,973.17544705,,,,2025-12-05T13:23:08Z,2014,2014-01-01,2014-12-31
4026008,GHED_GGHE-D_pc_US_SHA2011,COUNTRY,NGA,AFR,Africa,YEAR,2008,,,,,,,,,13.84,13.84370424,,,,2025-12-05T13:23:08Z,2008,2008-01-01,2008-12-31
4028158,GHED_GGHE-D_pc_US_SHA2011,COUNTRY,GMB,AFR,Africa,YEAR,2002,,,,,,,,,3.13,3.1310128,,,,2025-12-05T13:23:08Z,2002,2002-01-01,2002-12-31
4029093,GHED_GGHE-D_pc_US_SHA2011,COUNTRY,USA,AMR,Americas,YEAR,2007,,,,,,,,,3315.05,3315.05268752,,,,2025-12-05T13:23:08Z,2007,2007-01-01,2007-12-31
4031364,GHED_GGHE-D_pc_US_SHA2011,REGION,WPR,,,YEAR,2016,,,,,,,,,651.12,651.11506653,,,,2025-12-05T13:23:08Z,2016,2016-01-01,2016-12-31
4037923,GHED_GGHE-D_pc_US_SHA2011,COUNTRY,COG,AFR,Africa,YEAR,2023,,,,,,,,,25.68,25.68402894,,,,2025-12-05T13:23:08Z,2023,2023-01-01,2023-12-31
4038428,GHED_GGHE-D_pc_US_SHA2011,COUNTRY,GTM,AMR,Americas,YEAR,2014,,,,,,,,,82.56,82.56163165,,,,2025-12-05T13:23:08Z,2014,2014-01-01,2014-12-31
4044714,GHED_GGHE-D_pc_US_SHA2011,COUNTRY,RWA,AFR,Africa,YEAR,2007,,,,,,,,,7.44,7.44195548,,,,2025-12-05T13:23:08Z,2007,2007-01-01,2007-12-31
4045098,GHED_GGHE-D_pc_US_SHA2011,REGION,EUR,,,YEAR,2017,,,,,,,,,1790.93,1790.92970717,,,,2025-12-05T13:23:08Z,2017,2017-01-01,2017-12-31
4045250,GHED_GGHE-D_pc_US_SHA2011,COUNTRY,MKD,EUR,Europe,YEAR,2001,,,,,,,,,81.80,81.80431326,,,,2025-12-05T13:23:08Z,2001,2001-01-01,2001-12-31
4047532,GHED_GGHE-D_pc_US_SHA2011,COUNTRY,ERI,AFR,Africa,YEAR,2017,,,,,,,,,6.09,6.09362846,,,,2025-12-05T13:23:08Z,2017,2017-01-01,2017-12-31
4047834,GHED_GGHE-D_pc_US_SHA2011,COUNTRY,MRT,AFR,Africa,YEAR,2021,,,,,,,,,29.16,29.15847917,,,,2025-12-05T13:23:08Z,2021,2021-01-01,2021-12-31
4052975,GHED_GGHE-D_pc_US_SHA2011,COUNTRY,TCD,AFR,Africa,YEAR,2006,,,,,,,,,6.93,6.92683679,,,,2025-12-05T13:23:08Z,2006,2006-01-01,2006-12-31
4054915,GHED_GGHE-D_pc_US_SHA2011,COUNTRY,SAU,EMR,Eastern Mediterranean,YEAR,2015,,,,,,,,,896.51,896.50894357,,,,2025-12-05T13:23:08Z,2015,2015-01-01,2015-12-31
4060216,GHED_GGHE-D_pc_US_SHA2011,COUNTRY,ZAF,AFR,Africa,YEAR,2008,,,,,,,,,209.35,209.3500365,,,,2025-12-05T13:23:08Z,2008,2008-01-01,2008-12-31
4061342,GHED_GGHE-D_pc_US_SHA2011,COUNTRY,BRA,AMR,Americas,YEAR,2005,,,,,,,,,161.50,161.50153192,,,,2025-12-05T13:23:08Z,2005,2005-01-01,2005-12-31
4062414,GHED_GGHE-D_pc_US_SHA2011,COUNTRY,PAN,AMR,Americas,YEAR,2000,,,,,,,,,194.05,194.04767222,,,,2025-12-05T13:23:08Z,2000,2000-01-01,2000-12-31
4064794,GHED_GGHE-D_pc_US_SHA2011,COUNTRY,PAN,AMR,Americas,YEAR,2003,,,,,,,,,188.15,188.14818555,,,,2025-12-05T13:23:08Z,2003,2003-01-01,2003-12-31
4065331,GHED_GGHE-D_pc_US_SHA2011,COUNTRY,ARG,AMR,Americas,YEAR,2023,,,,,,,,,877.49,877.48707575,,,,2025-12-05T13:23:08Z,2023,2023-01-01,2023-12-31
4067328,GHED_GGHE-D_pc_US_SHA2011,COUNTRY,NZL,WPR,Western Pacific,YEAR,2017,,,,,,,,,2752.19,2752.18729481,,,,2025-12-05T13:23:08Z,2017,2017-01-01,2017-12-31
4069528,GHED_GGHE-D_pc_US_SHA2011,COUNTRY,HND,AMR,Americas,YEAR,2012,,,,,,,,,71.92,71.92481366,,,,2025-12-05T13:23:08Z,2012,2012-01-01,2012-12-31
4076823,GHED_GGHE-D_pc_US_SHA2011,COUNTRY,ATG,AMR,Americas,YEAR,2023,,,,,,,,,496.17,496.16586761,,,,2025-12-05T13:23:08Z,2023,2023-01-01,2023-12-31
4078829,GHED_GGHE-D_pc_US_SHA2011,COUNTRY,NOR,EUR,Europe,YEAR,2010,,,,,,,,,6655.48,6655.48139179,,,,2025-12-05T13:23:08Z,2010,2010-01-01,2010-12-31
4084817,GHED_GGHE-D_pc_US_SHA2011,COUNTRY,SWZ,AFR,Africa,YEAR,2000,,,,,,,,,40.24,40.23559627,,,,2025-12-05T13:23:08Z,2000,2000-01-01,2000-12-31
4086000,GHED_GGHE-D_pc_US_SHA2011,COUNTRY,ZMB,AFR,Africa,YEAR,2019,,,,,,,,,28.43,28.43190593,,,,2025-12-05T13:23:08Z,2019,2019-01-01,2019-12-31
4087898,GHED_GGHE-D_pc_US_SHA2011,COUNTRY,PNG,WPR,Western Pacific,YEAR,2002,,,,,,,,,13.07,13.0656022,,,,2025-12-05T13:23:08Z,2002,2002-01-01,2002-12-31
4095790,GHED_GGHE-D_pc_US_SHA2011,COUNTRY,BEN,AFR,Africa,YEAR,2016,,,,,,,,,7.21,7.21412329,,,,2025-12-05T13:23:08Z,2016,2016-01-01,2016-12-31
4098226,GHED_GGHE-D_pc_US_SHA2011,COUNTRY,ISL,EUR,Europe,YEAR,2000,,,,,,,,,2306.65,2306.64976107,,,,2025-12-05T13:23:08Z,2000,2000-01-01,2000-12-31
4098285,GHED_GGHE-D_pc_US_SHA2011,COUNTRY,WSM,WPR,Western Pacific,YEAR,2004,,,,,,,,,69.70,69.70382681,,,,2025-12-05T13:23:08Z,2004,2004-01-01,2004-12-31
4099520,GHED_GGHE-D_pc_US_SHA2011,COUNTRY,TCD,AFR,Africa,YEAR,2008,,,,,,,,,7.23,7.22890088,,,,2025-12-05T13:23:08Z,2008,2008-01-01,2008-12-31
4100205,GHED_GGHE-D_pc_US_SHA2011,COUNTRY,POL,EUR,Europe,YEAR,2019,,,,,,,,,723.87,723.87111172,,,,2025-12-05T13:23:08Z,2019,2019-01-01,2019-12-31
4103127,GHED_GGHE-D_pc_US_SHA2011,COUNTRY,MOZ,AFR,Africa,YEAR,2022,,,,,,,,,13.24,13.2351455,,,,2025-12-05T13:23:08Z,2022,2022-01-01,2022-12-31
4110615,GHED_GGHE-D_pc_US_SHA2011,COUNTRY,CIV,AFR,Africa,YEAR,2004,,,,,,,,,6.55,6.55058921,,,,2025-12-05T13:23:08Z,2004,2004-01-01,2004-12-31
4113744,GHED_GGHE-D_pc_US_SHA2011,COUNTRY,DEU,EUR,Europe,YEAR,2012,,,,,,,,,3597.50,3597.50279187,,,,2025-12-05T13:23:08Z,2012,2012-01-01,2012-12-31
4113888,GHED_GGHE-D_pc_US_SHA2011,COUNTRY,MDG,AFR,Africa,YEAR,2005,,,,,,,,,5.92,5.9159373,,,,2025-12-05T13:23:08Z,2005,2005-01-01,2005-12-31
4114330,GHED_GGHE-D_pc_US_SHA2011,COUNTRY,RUS,EUR,Europe,YEAR,2000,,,,,,,,,56.51,56.51271067,,,,2025-12-05T13:23:08Z,2000,2000-01-01,2000-12-31
4116001,GHED_GGHE-D_pc_US_SHA2011,COUNTRY,CHE,EUR,Europe,YEAR,2022,,,,,,,,,3812.20,3812.2027632,,,,2025-12-05T13:23:08Z,2022,2022-01-01,2022-12-31
4117079,GHED_GGHE-D_pc_US_SHA2011,COUNTRY,HND,AMR,Americas,YEAR,2009,,,,,,,,,70.66,70.66384212,,,,2025-12-05T13:23:08Z,2009,2009-01-01,2009-12-31
4117810,GHED_GGHE-D_pc_US_SHA2011,COUNTRY,GUY,AMR,Americas,YEAR,2023,,,,,,,,,354.25,354.25441944,,,,2025-12-05T13:23:08Z,2023,2023-01-01,2023-12-31
4118671,GHED_GGHE-D_pc_US_SHA2011,COUNTRY,MDA,EUR,Europe,YEAR,2005,,,,,,,,,41.83,41.8276157,,,,2025-12-05T13:23:08Z,2005,2005-01-01,2005-12-31
4119188,GHED_GGHE-D_pc_US_SHA2011,COUNTRY,LBY,EMR,Eastern Mediterranean,YEAR,2002,,,,,,,,,121.60,121.59764521,,,,2025-12-05T13:23:08Z,2002,2002-01-01,2002-12-31
4119397,GHED_GGHE-D_pc_US_SHA2011,COUNTRY,BWA,AFR,Africa,YEAR,2018,,,,,,,,,306.88,306.876523,,,,2025-12-05T13:23:08Z,2018,2018-01-01,2018-12-31
4120151,GHED_GGHE-D_pc_US_SHA2011,COUNTRY,COM,AFR,Africa,YEAR,2013,,,,,,,,,10.58,10.57847839,,,,2025-12-05T13:23:08Z,2013,2013-01-01,2013-12-31
4127181,GHED_GGHE-D_pc_US_SHA2011,COUNTRY,NER,AFR,Africa,YEAR,2017,,,,,,,,,9.84,9.8367553,,,,2025-12-05T13:23:08Z,2017,2017-01-01,2017-12-31
4128428,GHED_GGHE-D_pc_US_SHA2011,COUNTRY,KGZ,EUR,Europe,YEAR,2005,,,,,,,,,17.81,17.81452382,,,,2025-12-05T13:23:08Z,2005,2005-01-01,2005-12-31
4134235,GHED_GGHE-D_pc_US_SHA2011,COUNTRY,CYP,EUR,Europe,YEAR,2016,,,,,,,,,680.80,680.80040955,,,,2025-12-05T13:23:08Z,2016,2016-01-01,2016-12-31
4134342,GHED_GGHE-D_pc_US_SHA2011,COUNTRY,CRI,AMR,Americas,YEAR,2020,,,,,,,,,696.44,696.44386906,,,,2025-12-05T13:23:08Z,2020,2020-01-01,2020-12-31
4134434,GHED_GGHE-D_pc_US_SHA2011,COUNTRY,BDI,AFR,Africa,YEAR,2017,,,,,,,,,5.55,5.55134919,,,,2025-12-05T13:23:08Z,2017,2017-01-01,2017-12-31
4135520,GHED_GGHE-D_pc_US_SHA2011,COUNTRY,CHN,WPR,Western Pacific,YEAR,2005,,,,,,,,,23.91,23.91401916,,,,2025-12-05T13:23:08Z,2005,2005-01-01,2005-12-31
4136969,GHED_GGHE-D_pc_US_SHA2011,COUNTRY,MNE,EUR,Europe,YEAR,2012,,,,,,,,,342.23,342.23365129,,,,2025-12-05T13:23:08Z,2012,2012-01-01,2012-12-31
4138012,GHED_GGHE-D_pc_US_SHA2011,COUNTRY,IRQ,EMR,Eastern Mediterranean,YEAR,2016,,,,,,,,,110.85,110.84821467,,,,2025-12-05T13:23:08Z,2016,2016-01-01,2016-12-31
4138472,GHED_GGHE-D_pc_US_SHA2011,COUNTRY,TTO,AMR,Americas,YEAR,2006,,,,,,,,,255.19,255.19076409,,,,2025-12-05T13:23:08Z,2006,2006-01-01,2006-12-31
4139399,GHED_GGHE-D_pc_US_SHA2011,COUNTRY,BRN,WPR,Western Pacific,YEAR,2005,,,,,,,,,549.95,549.95310591,,,,2025-12-05T13:23:08Z,2005,2005-01-01,2005-12-31
4141302,GHED_GGHE-D_pc_US_SHA2011,COUNTRY,HUN,EUR,Europe,YEAR,2019,,,,,,,,,725.72,725.72459498,,,,2025-12-05T13:23:08Z,2019,2019-01-01,2019-12-31
4141486,GHED_GGHE-D_pc_US_SHA2011,COUNTRY,IDN,WPR,Western Pacific,YEAR,2002,,,,,,,,,6.46,6.4607096,,,,2025-12-05T13:23:08Z,2002,2002-01-01,2002-12-31
4148642,GHED_GGHE-D_pc_US_SHA2011,COUNTRY,UZB,EUR,Europe,YEAR,2004,,,,,,,,,10.45,10.44902808,,,,2025-12-05T13:23:08Z,2004,2004-01-01,2004-12-31
4150941,GHED_GGHE-D_pc_US_SHA2011,COUNTRY,AUS,WPR,Western Pacific,YEAR,2006,,,,,,,,,2275.31,2275.31144077,,,,2025-12-05T13:23:08Z,2006,2006-01-01,2006-12-31
4152971,GHED_GGHE-D_pc_US_SHA2011,COUNTRY,HND,AMR,Americas,YEAR,2008,,,,,,,,,57.50,57.49718854,,,,2025-12-05T13:23:08Z,2008,2008-01-01,2008-12-31
4156416,GHED_GGHE-D_pc_US_SHA2011,COUNTRY,BOL,AMR,Americas,YEAR,2004,,,,,,,,,24.17,24.16749834,,,,2025-12-05T13:23:08Z,2004,2004-01-01,2004-12-31
4157954,GHED_GGHE-D_pc_US_SHA2011,COUNTRY,BRN,WPR,Western Pacific,YEAR,2016,,,,,,,,,645.63,645.63297272,,,,2025-12-05T13:23:08Z,2016,2016-01-01,2016-12-31
4159840,GHED_GGHE-D_pc_US_SHA2011,COUNTRY,OMN,EMR,Eastern Mediterranean,YEAR,2009,,,,,,,,,414.69,414.68549378,,,,2025-12-05T13:23:08Z,2009,2009-01-01,2009-12-31
4159884,GHED_GGHE-D_pc_US_SHA2011,COUNTRY,MHL,WPR,Western Pacific,YEAR,2022,,,,,,,,,369.15,369.14588392,,,,2025-12-05T13:23:08Z,2022,2022-01-01,2022-12-31
4160212,GHED_GGHE-D_pc_US_SHA2011,COUNTRY,GNB,AFR,Africa,YEAR,2008,,,,,,,,,3.51,3.51461292,,,,2025-12-05T13:23:08Z,2008,2008-01-01,2008-12-31
4160852,GHED_GGHE-D_pc_US_SHA2011,COUNTRY,MDV,SEAR,South-East Asia,YEAR,2015,,,,,,,,,601.41,601.41131985,,,,2025-12-05T13:23:08Z,2015,2015-01-01,2015-12-31
4161556,GHED_GGHE-D_pc_US_SHA2011,COUNTRY,MYS,WPR,Western Pacific,YEAR,2010,,,,,,,,,151.55,151.55233444,,,,2025-12-05T13:23:08Z,2010,2010-01-01,2010-12-31
4161666,GHED_GGHE-D_pc_US_SHA2011,COUNTRY,KNA,AMR,Americas,YEAR,2015,,,,,,,,,394.49,394.4944471,,,,2025-12-05T13:23:08Z,2015,2015-01-01,2015-12-31
4163913,GHED_GGHE-D_pc_US_SHA2011,COUNTRY,KGZ,EUR,Europe,YEAR,2019,,,,,,,,,31.57,31.57121039,,,,2025-12-05T13:23:08Z,2019,2019-01-01,2019-12-31
4165740,GHED_GGHE-D_pc_US_SHA2011,REGION,EUR,,,YEAR,2008,,,,,,,,,1782.36,1782.35803947,,,,2025-12-05T13:23:08Z,2008,2008-01-01,2008-12-31
4166124,GHED_GGHE-D_pc_US_SHA2011,COUNTRY,AFG,EMR,Eastern Mediterranean,YEAR,2012,,,,,,,,,2.28,2.27743104,,,,2025-12-05T13:23:08Z,2012,2012-01-01,2012-12-31
4166264,GHED_GGHE-D_pc_US_SHA2011,COUNTRY,BRN,WPR,Western Pacific,YEAR,2012,,,,,,,,,792.41,792.40988711,,,,2025-12-05T13:23:08Z,2012,2012-01-01,2012-12-31
4171137,GHED_GGHE-D_pc_US_SHA2011,COUNTRY,NAM,AFR,Africa,YEAR,2000,,,,,,,,,121.70,121.69667936,,,,2025-12-05T13:23:08Z,2000,2000-01-01,2000-12-31
4171153,GHED_GGHE-D_pc_US_SHA2011,COUNTRY,BRN,WPR,Western Pacific,YEAR,2019,,,,,,,,,640.49,640.49040236,,,,2025-12-05T13:23:08Z,2019,2019-01-01,2019-12-31
4181231,GHED_GGHE-D_pc_US_SHA2011,COUNTRY,VEN,AMR,Americas,YEAR,2018,,,,,,,,,84.87,84.87375516,,,,2025-12-05T13:23:08Z,2018,2018-01-01,2018-12-31
4182549,GHED_GGHE-D_pc_US_SHA2011,COUNTRY,GHA,AFR,Africa,YEAR,2001,,,,,,,,,5.47,5.4701222,,,,2025-12-05T13:23:08Z,2001,2001-01-01,2001-12-31
4182769,GHED_GGHE-D_pc_US_SHA2011,COUNTRY,MCO,EUR,Europe,YEAR,2018,,,,,,,,,6613.96,6613.95936859,,,,2025-12-05T13:23:08Z,2018,2018-01-01,2018-12-31
4186625,GHED_GGHE-D_pc_US_SHA2011,COUNTRY,PRY,AMR,Americas,YEAR,2011,,,,,,,,,142.81,142.81334241,,,,2025-12-05T13:23:08Z,2011,2011-01-01,2011-12-31
4188268,GHED_GGHE-D_pc_US_SHA2011,COUNTRY,MUS,AFR,Africa,YEAR,2016,,,,,,,,,238.38,238.38038862,,,,2025-12-05T13:23:08Z,2016,2016-01-01,2016-12-31
4193524,GHED_GGHE-D_pc_US_SHA2011,COUNTRY,TGO,AFR,Africa,YEAR,2006,,,,,,,,,2.98,2.97900124,,,,2025-12-05T13:23:08Z,2006,2006-01-01,2006-12-31
4194526,GHED_GGHE-D_pc_US_SHA2011,COUNTRY,BLR,EUR,Europe,YEAR,2017,,,,,,,,,229.40,229.4034401,,,,2025-12-05T13:23:08Z,2017,2017-01-01,2017-12-31
4194619,GHED_GGHE-D_pc_US_SHA2011,COUNTRY,HUN,EUR,Europe,YEAR,2007,,,,,,,,,680.09,680.09437144,,,,2025-12-05T13:23:08Z,2007,2007-01-01,2007-12-31
4196594,GHED_GGHE-D_pc_US_SHA2011,COUNTRY,KEN,AFR,Africa,YEAR,2014,,,,,,,,,27.25,27.24943859,,,,2025-12-05T13:23:08Z,2014,2014-01-01,2014-12-31
4196788,GHED_GGHE-D_pc_US_SHA2011,COUNTRY,SAU,EMR,Eastern Mediterranean,YEAR,2010,,,,,,,,,474.35,474.35196483,,,,2025-12-05T13:23:08Z,2010,2010-01-01,2010-12-31
4197923,GHED_GGHE-D_pc_US_SHA2011,COUNTRY,TGO,AFR,Africa,YEAR,2019,,,,,,,,,7.37,7.36573559,,,,2025-12-05T13:23:08Z,2019,2019-01-01,2019-12-31
4198292,GHED_GGHE-D_pc_US_SHA2011,REGION,AMR,,,YEAR,2007,,,,,,,,,371.40,371.40239891,,,,2025-12-05T13:23:08Z,2007,2007-01-01,2007-12-31
4200601,GHED_GGHE-D_pc_US_SHA2011,COUNTRY,DJI,EMR,Eastern Mediterranean,YEAR,2007,,,,,,,,,23.61,23.61336094,,,,2025-12-05T13:23:08Z,2007,2007-01-01,2007-12-31
4200751,GHED_GGHE-D_pc_US_SHA2011,COUNTRY,KGZ,EUR,Europe,YEAR,2017,,,,,,,,,29.07,29.07324679,,,,2025-12-05T13:23:08Z,2017,2017-01-01,2017-12-31
4207669,GHED_GGHE-D_pc_US_SHA2011,COUNTRY,OMN,EMR,Eastern Mediterranean,YEAR,2005,,,,,,,,,269.19,269.19018355,,,,2025-12-05T13:23:08Z,2005,2005-01-01,2005-12-31
4208743,GHED_GGHE-D_pc_US_SHA2011,COUNTRY,TJK,EUR,Europe,YEAR,2007,,,,,,,,,5.56,5.55982001,,,,2025-12-05T13:23:08Z,2007,2007-01-01,2007-12-31
4209349,GHED_GGHE-D_pc_US_SHA2011,COUNTRY,OMN,EMR,Eastern Mediterranean,YEAR,2000,,,,,,,,,214.09,214.09362174,,,,2025-12-05T13:23:08Z,2000,2000-01-01,2000-12-31
4211684,GHED_GGHE-D_pc_US_SHA2011,COUNTRY,STP,AFR,Africa,YEAR,2000,,,,,,,,,18.71,18.70930694,,,,2025-12-05T13:23:08Z,2000,2000-01-01,2000-12-31
4213593,GHED_GGHE-D_pc_US_SHA2011,COUNTRY,ISR,EUR,Europe,YEAR,2015,,,,,,,,,1677.87,1677.87475045,,,,2025-12-05T13:23:08Z,2015,2015-01-01,2015-12-31
4214400,GHED_GGHE-D_pc_US_SHA2011,COUNTRY,CHN,WPR,Western Pacific,YEAR,2017,,,,,,,,,249.33,249.32875592,,,,2025-12-05T13:23:08Z,2017,2017-01-01,2017-12-31
4217159,GHED_GGHE-D_pc_US_SHA2011,COUNTRY,PAK,EMR,Eastern Mediterranean,YEAR,2021,,,,,,,,,15.91,15.9089096,,,,2025-12-05T13:23:08Z,2021,2021-01-01,2021-12-31
4218640,GHED_GGHE-D_pc_US_SHA2011,COUNTRY,ISR,EUR,Europe,YEAR,2012,,,,,,,,,1505.81,1505.8117566,,,,2025-12-05T13:23:08Z,2012,2012-01-01,2012-12-31
4220354,GHED_GGHE-D_pc_US_SHA2011,COUNTRY,AGO,AFR,Africa,YEAR,2012,,,,,,,,,79.51,79.51167853,,,,2025-12-05T13:23:08Z,2012,2012-01-01,2012-12-31
4221205,GHED_GGHE-D_pc_US_SHA2011,COUNTRY,CPV,AFR,Africa,YEAR,2011,,,,,,,,,104.52,104.5245189,,,,2025-12-05T13:23:08Z,2011,2011-01-01,2011-12-31
4221600,GHED_GGHE-D_pc_US_SHA2011,COUNTRY,CHE,EUR,Europe,YEAR,2011,,,,,,,,,3073.86,3073.85796119,,,,2025-12-05T13:23:08Z,2011,2011-01-01,2011-12-31
4222297,GHED_GGHE-D_pc_US_SHA2011,REGION,EUR,,,YEAR,2014,,,,,,,,,1926.48,1926.48113447,,,,2026-01-12T13:50:53Z,2014,2014-01-01,2014-12-31
4224670,GHED_GGHE-D_pc_US_SHA2011,REGION,EUR,,,YEAR,2015,,,,,,,,,1677.58,1677.5777697,,,,2026-01-12T13:50:53Z,2015,2015-01-01,2015-12-31
4228561,GHED_GGHE-D_pc_US_SHA2011,WORLDBANKINCOMEGROUP,WB_LI,,,YEAR,2020,,,,,,,,,8.62,8.62081486,,,,2025-12-05T13:23:08Z,2020,2020-01-01,2020-12-31
4233294,GHED_GGHE-D_pc_US_SHA2011,COUNTRY,BRB,AMR,Americas,YEAR,2000,,,,,,,,,322.78,322.77685917,,,,2025-12-05T13:23:08Z,2000,2000-01-01,2000-12-31
4233953,GHED_GGHE-D_pc_US_SHA2011,COUNTRY,VCT,AMR,Americas,YEAR,2023,,,,,,,,,324.16,324.16476542,,,,2025-12-05T13:23:08Z,2023,2023-01-01,2023-12-31
4234981,GHED_GGHE-D_pc_US_SHA2011,REGION,SEAR,,,YEAR,2021,,,,,,,,,131.49,131.48740657,,,,2025-12-05T13:23:08Z,2021,2021-01-01,2021-12-31
4235578,GHED_GGHE-D_pc_US_SHA2011,COUNTRY,ATG,AMR,Americas,YEAR,2018,,,,,,,,,514.46,514.45988256,,,,2025-12-05T13:23:08Z,2018,2018-01-01,2018-12-31
4237394,GHED_GGHE-D_pc_US_SHA2011,COUNTRY,NRU,WPR,Western Pacific,YEAR,2004,,,,,,,,,153.71,153.70825419,,,,2025-12-05T13:23:08Z,2004,2004-01-01,2004-12-31
4237986,GHED_GGHE-D_pc_US_SHA2011,COUNTRY,KOR,WPR,Western Pacific,YEAR,2023,,,,,,,,,1783.33,1783.33310153,,,,2025-12-05T13:23:08Z,2023,2023-01-01,2023-12-31
4238489,GHED_GGHE-D_pc_US_SHA2011,COUNTRY,CYP,EUR,Europe,YEAR,2018,,,,,,,,,835.36,835.35844578,,,,2025-12-05T13:23:08Z,2018,2018-01-01,2018-12-31
4243647,GHED_GGHE-D_pc_US_SHA2011,COUNTRY,PLW,WPR,Western Pacific,YEAR,2006,,,,,,,,,354.45,354.45225336,,,,2025-12-05T13:23:08Z,2006,2006-01-01,2006-12-31
4246054,GHED_GGHE-D_pc_US_SHA2011,COUNTRY,PSE,EMR,Eastern Mediterranean,YEAR,2019,,,,,,,,,126.55,126.55153328,,,,2025-12-05T13:23:08Z,2019,2019-01-01,2019-12-31
4250463,GHED_GGHE-D_pc_US_SHA2011,COUNTRY,THA,SEAR,South-East Asia,YEAR,2001,,,,,,,,,31.47,31.46506267,,,,2025-12-05T13:23:08Z,2001,2001-01-01,2001-12-31
4253202,GHED_GGHE-D_pc_US_SHA2011,COUNTRY,DJI,EMR,Eastern Mediterranean,YEAR,2023,,,,,,,,,35.75,35.75288516,,,,2025-12-05T13:23:08Z,2023,2023-01-01,2023-12-31
4254033,GHED_GGHE-D_pc_US_SHA2011,COUNTRY,UZB,EUR,Europe,YEAR,2016,,,,,,,,,56.59,56.59291757,,,,2025-12-05T13:23:08Z,2016,2016-01-01,2016-12-31
4258415,GHED_GGHE-D_pc_US_SHA2011,COUNTRY,NGA,AFR,Africa,YEAR,2003,,,,,,,,,6.98,6.97598615,,,,2025-12-05T13:23:08Z,2003,2003-01-01,2003-12-31
4259795,GHED_GGHE-D_pc_US_SHA2011,COUNTRY,JPN,WPR,Western Pacific,YEAR,2005,,,,,,,,,2347.87,2347.86832652,,,,2025-12-05T13:23:08Z,2005,2005-01-01,2005-12-31
4261678,GHED_GGHE-D_pc_US_SHA2011,COUNTRY,OMN,EMR,Eastern Mediterranean,YEAR,2011,,,,,,,,,460.86,460.85679046,,,,2025-12-05T13:23:08Z,2011,2011-01-01,2011-12-31
4262717,GHED_GGHE-D_pc_US_SHA2011,WORLDBANKINCOMEGROUP,WB_UMI,,,YEAR,2021,,,,,,,,,290.20,290.20337558,,,,2025-12-05T13:23:08Z,2021,2021-01-01,2021-12-31
4264531,GHED_GGHE-D_pc_US_SHA2011,COUNTRY,BEL,EUR,Europe,YEAR,2016,,,,,,,,,3486.93,3486.9325843,,,,2025-12-05T13:23:08Z,2016,2016-01-01,2016-12-31
4268247,GHED_GGHE-D_pc_US_SHA2011,COUNTRY,MDG,AFR,Africa,YEAR,2023,,,,,,,,,5.03,5.02601,,,,2025-12-05T13:23:08Z,2023,2023-01-01,2023-12-31
4269498,GHED_GGHE-D_pc_US_SHA2011,COUNTRY,TUV,WPR,Western Pacific,YEAR,2014,,,,,,,,,426.32,426.31938961,,,,2025-12-05T13:23:08Z,2014,2014-01-01,2014-12-31
4271692,GHED_GGHE-D_pc_US_SHA2011,COUNTRY,SWE,EUR,Europe,YEAR,2020,,,,,,,,,5189.78,5189.77622537,,,,2025-12-05T13:23:08Z,2020,2020-01-01,2020-12-31
4277109,GHED_GGHE-D_pc_US_SHA2011,COUNTRY,ISL,EUR,Europe,YEAR,2003,,,,,,,,,3120.74,3120.73674816,,,,2025-12-05T13:23:08Z,2003,2003-01-01,2003-12-31
4278189,GHED_GGHE-D_pc_US_SHA2011,COUNTRY,MEX,AMR,Americas,YEAR,2000,,,,,,,,,144.40,144.4005213,,,,2025-12-05T13:23:08Z,2000,2000-01-01,2000-12-31
4279721,GHED_GGHE-D_pc_US_SHA2011,COUNTRY,VUT,WPR,Western Pacific,YEAR,2010,,,,,,,,,54.62,54.61812837,,,,2025-12-05T13:23:08Z,2010,2010-01-01,2010-12-31
4281896,GHED_GGHE-D_pc_US_SHA2011,COUNTRY,BLR,EUR,Europe,YEAR,2003,,,,,,,,,82.46,82.45937135,,,,2025-12-05T13:23:08Z,2003,2003-01-01,2003-12-31
4288078,GHED_GGHE-D_pc_US_SHA2011,COUNTRY,CAF,AFR,Africa,YEAR,2019,,,,,,,,,3.77,3.77337779,,,,2025-12-05T13:23:08Z,2019,2019-01-01,2019-12-31
4290125,GHED_GGHE-D_pc_US_SHA2011,REGION,WPR,,,YEAR,2022,,,,,,,,,933.29,933.28602124,,,,2025-12-05T13:23:08Z,2022,2022-01-01,2022-12-31
4293718,GHED_GGHE-D_pc_US_SHA2011,COUNTRY,EGY,EMR,Eastern Mediterranean,YEAR,2003,,,,,,,,,16.07,16.07204641,,,,2025-12-05T13:23:08Z,2003,2003-01-01,2003-12-31
4295026,GHED_GGHE-D_pc_US_SHA2011,COUNTRY,SLV,AMR,Americas,YEAR,2007,,,,,,,,,116.20,116.19778943,,,,2025-12-05T13:23:08Z,2007,2007-01-01,2007-12-31
4297047,GHED_GGHE-D_pc_US_SHA2011,COUNTRY,DEU,EUR,Europe,YEAR,2008,,,,,,,,,3516.45,3516.45216565,,,,2025-12-05T13:23:08Z,2008,2008-01-01,2008-12-31
4303688,GHED_GGHE-D_pc_US_SHA2011,COUNTRY,GNB,AFR,Africa,YEAR,2006,,,,,,,,,2.24,2.24186714,,,,2025-12-05T13:23:08Z,2006,2006-01-01,2006-12-31
4304607,GHED_GGHE-D_pc_US_SHA2011,COUNTRY,MCO,EUR,Europe,YEAR,2007,,,,,,,,,5640.75,5640.75201429,,,,2025-12-05T13:23:08Z,2007,2007-01-01,2007-12-31
4308918,GHED_GGHE-D_pc_US_SHA2011,COUNTRY,ZWE,AFR,Africa,YEAR,2015,,,,,,,,,21.51,21.50839213,,,,2025-12-05T13:23:08Z,2015,2015-01-01,2015-12-31
4309560,GHED_GGHE-D_pc_US_SHA2011,COUNTRY,GNQ,AFR,Africa,YEAR,2022,,,,,,,,,65.85,65.84550723,,,,2025-12-05T13:23:08Z,2022,2022-01-01,2022-12-31
4310034,GHED_GGHE-D_pc_US_SHA2011,COUNTRY,TJK,EUR,Europe,YEAR,2004,,,,,,,,,2.73,2.7316013200000002,,,,2025-12-05T13:23:08Z,2004,2004-01-01,2004-12-31
4310614,GHED_GGHE-D_pc_US_SHA2011,COUNTRY,DNK,EUR,Europe,YEAR,2006,,,,,,,,,4000.73,4000.72631175,,,,2025-12-05T13:23:08Z,2006,2006-01-01,2006-12-31
4314392,GHED_GGHE-D_pc_US_SHA2011,COUNTRY,BOL,AMR,Americas,YEAR,2005,,,,,,,,,28.09,28.09116303,,,,2025-12-05T13:23:08Z,2005,2005-01-01,2005-12-31
4315401,GHED_GGHE-D_pc_US_SHA2011,COUNTRY,PNG,WPR,Western Pacific,YEAR,2020,,,,,,,,,38.44,38.43816036,,,,2025-12-05T13:23:08Z,2020,2020-01-01,2020-12-31
4316736,GHED_GGHE-D_pc_US_SHA2011,COUNTRY,ERI,AFR,Africa,YEAR,2016,,,,,,,,,5.11,5.10648069,,,,2025-12-05T13:23:08Z,2016,2016-01-01,2016-12-31
4317438,GHED_GGHE-D_pc_US_SHA2011,COUNTRY,LTU,EUR,Europe,YEAR,2001,,,,,,,,,153.62,153.61994723,,,,2025-12-05T13:23:08Z,2001,2001-01-01,2001-12-31
4319104,GHED_GGHE-D_pc_US_SHA2011,COUNTRY,TKM,EUR,Europe,YEAR,2011,,,,,,,,,65.42,65.42269957,,,,2025-12-05T13:23:08Z,2011,2011-01-01,2011-12-31
4323923,GHED_GGHE-D_pc_US_SHA2011,COUNTRY,DOM,AMR,Americas,YEAR,2017,,,,,,,,,193.35,193.35203367,,,,2025-12-05T13:23:08Z,2017,2017-01-01,2017-12-31
4325214,GHED_GGHE-D_pc_US_SHA2011,COUNTRY,LCA,AMR,Americas,YEAR,2005,,,,,,,,,109.96,109.95681983,,,,2025-12-05T13:23:08Z,2005,2005-01-01,2005-12-31
4326799,GHED_GGHE-D_pc_US_SHA2011,COUNTRY,TJK,EUR,Europe,YEAR,2010,,,,,,,,,8.70,8.7022116,,,,2025-12-05T13:23:08Z,2010,2010-01-01,2010-12-31
4329046,GHED_GGHE-D_pc_US_SHA2011,COUNTRY,NZL,WPR,Western Pacific,YEAR,2016,,,,,,,,,2571.03,2571.03453038,,,,2025-12-05T13:23:08Z,2016,2016-01-01,2016-12-31
4329738,GHED_GGHE-D_pc_US_SHA2011,COUNTRY,UGA,AFR,Africa,YEAR,2006,,,,,,,,,4.80,4.79512908,,,,2025-12-05T13:23:08Z,2006,2006-01-01,2006-12-31
4330155,GHED_GGHE-D_pc_US_SHA2011,WORLDBANKINCOMEGROUP,WB_LI,,,YEAR,2014,,,,,,,,,8.63,8.63068018,,,,2025-12-05T13:23:08Z,2014,2014-01-01,2014-12-31
4330326,GHED_GGHE-D_pc_US_SHA2011,COUNTRY,COM,AFR,Africa,YEAR,2011,,,,,,,,,14.65,14.65160628,,,,2025-12-05T13:23:08Z,2011,2011-01-01,2011-12-31
4331962,GHED_GGHE-D_pc_US_SHA2011,COUNTRY,MCO,EUR,Europe,YEAR,2016,,,,,,,,,6199.00,6198.99592687,,,,2025-12-05T13:23:08Z,2016,2016-01-01,2016-12-31
4337610,GHED_GGHE-D_pc_US_SHA2011,COUNTRY,DZA,AFR,Africa,YEAR,2006,,,,,,,,,79.95,79.94733251,,,,2025-12-05T13:23:08Z,2006,2006-01-01,2006-12-31
4342082,GHED_GGHE-D_pc_US_SHA2011,WORLDBANKINCOMEGROUP,WB_HI,,,YEAR,2019,,,,,,,,,2154.87,2154.86942594,,,,2025-12-05T13:23:08Z,2019,2019-01-01,2019-12-31
4343437,GHED_GGHE-D_pc_US_SHA2011,COUNTRY,CMR,AFR,Africa,YEAR,2010,,,,,,,,,5.68,5.68323096,,,,2025-12-05T13:23:08Z,2010,2010-01-01,2010-12-31
4344108,GHED_GGHE-D_pc_US_SHA2011,COUNTRY,KGZ,EUR,Europe,YEAR,2007,,,,,,,,,22.08,22.08041774,,,,2025-12-05T13:23:08Z,2007,2007-01-01,2007-12-31
4348152,GHED_GGHE-D_pc_US_SHA2011,COUNTRY,GTM,AMR,Americas,YEAR,2021,,,,,,,,,130.83,130.83494523,,,,2025-12-05T13:23:08Z,2021,2021-01-01,2021-12-31
4353641,GHED_GGHE-D_pc_US_SHA2011,WORLDBANKINCOMEGROUP,WB_HI,,,YEAR,2014,,,,,,,,,2118.51,2118.5053507,,,,2026-01-12T13:50:53Z,2014,2014-01-01,2014-12-31
4354835,GHED_GGHE-D_pc_US_SHA2011,COUNTRY,IRL,EUR,Europe,YEAR,2014,,,,,,,,,3785.22,3785.21536723,,,,2025-12-05T13:23:08Z,2014,2014-01-01,2014-12-31
4356553,GHED_GGHE-D_pc_US_SHA2011,COUNTRY,TUN,EMR,Eastern Mediterranean,YEAR,2001,,,,,,,,,59.49,59.49349291,,,,2025-12-05T13:23:08Z,2001,2001-01-01,2001-12-31
4358272,GHED_GGHE-D_pc_US_SHA2011,COUNTRY,BLR,EUR,Europe,YEAR,2014,,,,,,,,,280.62,280.62313847,,,,2025-12-05T13:23:08Z,2014,2014-01-01,2014-12-31
4361921,GHED_GGHE-D_pc_US_SHA2011,COUNTRY,YEM,EMR,Eastern Mediterranean,YEAR,2020,,,,,,,,,4.81,4.80992085,,,,2025-12-05T13:23:08Z,2020,2020-01-01,2020-12-31
4366838,GHED_GGHE-D_pc_US_SHA2011,COUNTRY,FRA,EUR,Europe,YEAR,2006,,,,,,,,,2716.63,2716.63050663,,,,2025-12-05T13:23:08Z,2006,2006-01-01,2006-12-31
4367706,GHED_GGHE-D_pc_US_SHA2011,REGION,EUR,,,YEAR,2020,,,,,,,,,2097.64,2097.6353311,,,,2025-12-05T13:23:08Z,2020,2020-01-01,2020-12-31
4369205,GHED_GGHE-D_pc_US_SHA2011,COUNTRY,SUR,AMR,Americas,YEAR,2001,,,,,,,,,44.59,44.59378285,,,,2025-12-05T13:23:08Z,2001,2001-01-01,2001-12-31
4369387,GHED_GGHE-D_pc_US_SHA2011,COUNTRY,ETH,AFR,Africa,YEAR,2017,,,,,,,,,6.03,6.03107857,,,,2025-12-05T13:23:08Z,2017,2017-01-01,2017-12-31
4370319,GHED_GGHE-D_pc_US_SHA2011,COUNTRY,TJK,EUR,Europe,YEAR,2023,,,,,,,,,21.81,21.80662717,,,,2025-12-05T13:23:08Z,2023,2023-01-01,2023-12-31
4370620,GHED_GGHE-D_pc_US_SHA2011,COUNTRY,ATG,AMR,Americas,YEAR,2021,,,,,,,,,531.45,531.44510542,,,,2025-12-05T13:23:08Z,2021,2021-01-01,2021-12-31
4375229,GHED_GGHE-D_pc_US_SHA2011,COUNTRY,CIV,AFR,Africa,YEAR,2014,,,,,,,,,15.50,15.49741397,,,,2025-12-05T13:23:08Z,2014,2014-01-01,2014-12-31
4375599,GHED_GGHE-D_pc_US_SHA2011,COUNTRY,SEN,AFR,Africa,YEAR,2010,,,,,,,,,14.82,14.82068376,,,,2025-12-05T13:23:08Z,2010,2010-01-01,2010-12-31
4375607,GHED_GGHE-D_pc_US_SHA2011,COUNTRY,CRI,AMR,Americas,YEAR,2019,,,,,,,,,674.90,674.89936683,,,,2025-12-05T13:23:08Z,2019,2019-01-01,2019-12-31
4376024,GHED_GGHE-D_pc_US_SHA2011,COUNTRY,GRC,EUR,Europe,YEAR,2023,,,,,,,,,993.60,993.59722851,,,,2025-12-05T13:23:08Z,2023,2023-01-01,2023-12-31
4377401,GHED_GGHE-D_pc_US_SHA2011,COUNTRY,MKD,EUR,Europe,YEAR,2013,,,,,,,,,237.08,237.07799235,,,,2025-12-05T13:23:08Z,2013,2013-01-01,2013-12-31
4384396,GHED_GGHE-D_pc_US_SHA2011,COUNTRY,MDG,AFR,Africa,YEAR,2011,,,,,,,,,8.49,8.49410854,,,,2025-12-05T13:23:08Z,2011,2011-01-01,2011-12-31
4385449,GHED_GGHE-D_pc_US_SHA2011,REGION,AFR,,,YEAR,2009,,,,,,,,,43.19,43.191118,,,,2025-12-05T13:23:08Z,2009,2009-01-01,2009-12-31
4386815,GHED_GGHE-D_pc_US_SHA2011,COUNTRY,MAR,EMR,Eastern Mediterranean,YEAR,2023,,,,,,,,,131.30,131.29648272,,,,2025-12-05T13:23:08Z,2023,2023-01-01,2023-12-31
4386834,GHED_GGHE-D_pc_US_SHA2011,REGION,WPR,,,YEAR,2009,,,,,,,,,484.62,484.62227364,,,,2025-12-05T13:23:08Z,2009,2009-01-01,2009-12-31
4387760,GHED_GGHE-D_pc_US_SHA2011,COUNTRY,KWT,EMR,Eastern Mediterranean,YEAR,2018,,,,,,,,,1463.38,1463.37627262,,,,2025-12-05T13:23:08Z,2018,2018-01-01,2018-12-31
4388469,GHED_GGHE-D_pc_US_SHA2011,COUNTRY,COK,WPR,Western Pacific,YEAR,2017,,,,,,,,,427.03,427.03055694,,,,2025-12-05T13:23:08Z,2017,2017-01-01,2017-12-31
4388785,GHED_GGHE-D_pc_US_SHA2011,COUNTRY,COL,AMR,Americas,YEAR,2013,,,,,,,,,405.85,405.84693844,,,,2025-12-05T13:23:08Z,2013,2013-01-01,2013-12-31
4389302,GHED_GGHE-D_pc_US_SHA2011,COUNTRY,GNQ,AFR,Africa,YEAR,2008,,,,,,,,,88.43,88.42804103,,,,2025-12-05T13:23:08Z,2008,2008-01-01,2008-12-31
4390347,GHED_GGHE-D_pc_US_SHA2011,COUNTRY,CZE,EUR,Europe,YEAR,2003,,,,,,,,,560.46,560.46039781,,,,2025-12-05T13:23:08Z,2003,2003-01-01,2003-12-31
4391308,GHED_GGHE-D_pc_US_SHA2011,COUNTRY,TCD,AFR,Africa,YEAR,2005,,,,,,,,,9.24,9.23835261,,,,2025-12-05T13:23:08Z,2005,2005-01-01,2005-12-31
4393678,GHED_GGHE-D_pc_US_SHA2011,COUNTRY,ERI,AFR,Africa,YEAR,2010,,,,,,,,,5.44,5.43564044,,,,2025-12-05T13:23:08Z,2010,2010-01-01,2010-12-31
4395166,GHED_GGHE-D_pc_US_SHA2011,COUNTRY,LBR,AFR,Africa,YEAR,2011,,,,,,,,,8.42,8.41662548,,,,2025-12-05T13:23:08Z,2011,2011-01-01,2011-12-31
4395883,GHED_GGHE-D_pc_US_SHA2011,COUNTRY,MWI,AFR,Africa,YEAR,2019,,,,,,,,,8.89,8.8854186,,,,2025-12-05T13:23:08Z,2019,2019-01-01,2019-12-31
4397579,GHED_GGHE-D_pc_US_SHA2011,COUNTRY,TUR,EUR,Europe,YEAR,2003,,,,,,,,,165.60,165.59663221,,,,2025-12-05T13:23:08Z,2003,2003-01-01,2003-12-31
4397918,GHED_GGHE-D_pc_US_SHA2011,COUNTRY,TON,WPR,Western Pacific,YEAR,2000,,,,,,,,,42.35,42.35052472,,,,2025-12-05T13:23:08Z,2000,2000-01-01,2000-12-31
4400002,GHED_GGHE-D_pc_US_SHA2011,COUNTRY,OMN,EMR,Eastern Mediterranean,YEAR,2018,,,,,,,,,552.96,552.9640446,,,,2025-12-05T13:23:08Z,2018,2018-01-01,2018-12-31
4401319,GHED_GGHE-D_pc_US_SHA2011,COUNTRY,ISL,EUR,Europe,YEAR,2021,,,,,,,,,5632.17,5632.17457236,,,,2025-12-05T13:23:08Z,2021,2021-01-01,2021-12-31
4403031,GHED_GGHE-D_pc_US_SHA2011,COUNTRY,MWI,AFR,Africa,YEAR,2014,,,,,,,,,8.03,8.03348862,,,,2025-12-05T13:23:08Z,2014,2014-01-01,2014-12-31
4405694,GHED_GGHE-D_pc_US_SHA2011,COUNTRY,TON,WPR,Western Pacific,YEAR,2008,,,,,,,,,91.24,91.24236771,,,,2025-12-05T13:23:08Z,2008,2008-01-01,2008-12-31
4407828,GHED_GGHE-D_pc_US_SHA2011,COUNTRY,COD,AFR,Africa,YEAR,2023,,,,,,,,,4.39,4.3869015,,,,2025-12-05T13:23:08Z,2023,2023-01-01,2023-12-31
4409715,GHED_GGHE-D_pc_US_SHA2011,COUNTRY,MOZ,AFR,Africa,YEAR,2000,,,,,,,,,3.55,3.55273952,,,,2025-12-05T13:23:08Z,2000,2000-01-01,2000-12-31
4409846,GHED_GGHE-D_pc_US_SHA2011,COUNTRY,LBR,AFR,Africa,YEAR,2022,,,,,,,,,9.54,9.54080257,,,,2025-12-05T13:23:08Z,2022,2022-01-01,2022-12-31
4413245,GHED_GGHE-D_pc_US_SHA2011,COUNTRY,BRB,AMR,Americas,YEAR,2017,,,,,,,,,532.54,532.53663605,,,,2025-12-05T13:23:08Z,2017,2017-01-01,2017-12-31
4414120,GHED_GGHE-D_pc_US_SHA2011,COUNTRY,CAN,AMR,Americas,YEAR,2009,,,,,,,,,3061.31,3061.30568339,,,,2025-12-05T13:23:08Z,2009,2009-01-01,2009-12-31
4414455,GHED_GGHE-D_pc_US_SHA2011,COUNTRY,DZA,AFR,Africa,YEAR,2011,,,,,,,,,201.61,201.61418878,,,,2025-12-05T13:23:08Z,2011,2011-01-01,2011-12-31
4417694,GHED_GGHE-D_pc_US_SHA2011,COUNTRY,GRC,EUR,Europe,YEAR,2011,,,,,,,,,1536.74,1536.74028917,,,,2025-12-05T13:23:08Z,2011,2011-01-01,2011-12-31
4421386,GHED_GGHE-D_pc_US_SHA2011,COUNTRY,PRT,EUR,Europe,YEAR,2014,,,,,,,,,1269.76,1269.76064793,,,,2025-12-05T13:23:08Z,2014,2014-01-01,2014-12-31
4426932,GHED_GGHE-D_pc_US_SHA2011,COUNTRY,SVK,EUR,Europe,YEAR,2010,,,,,,,,,920.51,920.50811308,,,,2025-12-05T13:23:08Z,2010,2010-01-01,2010-12-31
4427444,GHED_GGHE-D_pc_US_SHA2011,COUNTRY,AUT,EUR,Europe,YEAR,2017,,,,,,,,,3649.15,3649.14887179,,,,2025-12-05T13:23:08Z,2017,2017-01-01,2017-12-31
4431250,GHED_GGHE-D_pc_US_SHA2011,COUNTRY,BGD,SEAR,South-East Asia,YEAR,2020,,,,,,,,,7.99,7.99174165,,,,2025-12-05T13:23:08Z,2020,2020-01-01,2020-12-31
4431416,GHED_GGHE-D_pc_US_SHA2011,COUNTRY,IND,SEAR,South-East Asia,YEAR,2009,,,,,,,,,9.75,9.74715444,,,,2025-12-05T13:23:08Z,2009,2009-01-01,2009-12-31
4433117,GHED_GGHE-D_pc_US_SHA2011,COUNTRY,STP,AFR,Africa,YEAR,2015,,,,,,,,,26.83,26.83455592,,,,2025-12-05T13:23:08Z,2015,2015-01-01,2015-12-31
4433601,GHED_GGHE-D_pc_US_SHA2011,COUNTRY,ISR,EUR,Europe,YEAR,2018,,,,,,,,,2068.90,2068.89750545,,,,2025-12-05T13:23:08Z,2018,2018-01-01,2018-12-31
4441728,GHED_GGHE-D_pc_US_SHA2011,COUNTRY,DOM,AMR,Americas,YEAR,2007,,,,,,,,,78.34,78.336858,,,,2025-12-05T13:23:08Z,2007,2007-01-01,2007-12-31
4442949,GHED_GGHE-D_pc_US_SHA2011,REGION,AMR,,,YEAR,2023,,,,,,,,,751.90,751.8971522,,,,2025-12-05T13:23:08Z,2023,2023-01-01,2023-12-31
4443557,GHED_GGHE-D_pc_US_SHA2011,COUNTRY,BRA,AMR,Americas,YEAR,2000,,,,,,,,,130.70,130.7047909,,,,2025-12-05T13:23:08Z,2000,2000-01-01,2000-12-31
4444209,GHED_GGHE-D_pc_US_SHA2011,COUNTRY,UZB,EUR,Europe,YEAR,2012,,,,,,,,,53.87,53.87040176,,,,2025-12-05T13:23:08Z,2012,2012-01-01,2012-12-31
4444566,GHED_GGHE-D_pc_US_SHA2011,COUNTRY,LVA,EUR,Europe,YEAR,2013,,,,,,,,,484.39,484.39171388,,,,2025-12-05T13:23:08Z,2013,2013-01-01,2013-12-31
4452323,GHED_GGHE-D_pc_US_SHA2011,COUNTRY,CAN,AMR,Americas,YEAR,2011,,,,,,,,,3795.19,3795.19306293,,,,2025-12-05T13:23:08Z,2011,2011-01-01,2011-12-31
4454451,GHED_GGHE-D_pc_US_SHA2011,COUNTRY,BEL,EUR,Europe,YEAR,2023,,,,,,,,,4368.56,4368.56495307,,,,2025-12-05T13:23:08Z,2023,2023-01-01,2023-12-31
4458254,GHED_GGHE-D_pc_US_SHA2011,COUNTRY,BWA,AFR,Africa,YEAR,2011,,,,,,,,,262.68,262.67839923,,,,2025-12-05T13:23:08Z,2011,2011-01-01,2011-12-31
4463976,GHED_GGHE-D_pc_US_SHA2011,COUNTRY,IND,SEAR,South-East Asia,YEAR,2020,,,,,,,,,23.14,23.14088483,,,,2025-12-05T13:23:08Z,2020,2020-01-01,2020-12-31
4465099,GHED_GGHE-D_pc_US_SHA2011,COUNTRY,TZA,AFR,Africa,YEAR,2023,,,,,,,,,11.48,11.48315586,,,,2025-12-05T13:23:08Z,2023,2023-01-01,2023-12-31
4468485,GHED_GGHE-D_pc_US_SHA2011,COUNTRY,CHN,WPR,Western Pacific,YEAR,2019,,,,,,,,,301.72,301.72231266,,,,2025-12-05T13:23:08Z,2019,2019-01-01,2019-12-31
4468873,GHED_GGHE-D_pc_US_SHA2011,COUNTRY,PSE,EMR,Eastern Mediterranean,YEAR,2006,,,,,,,,,47.99,47.98513298,,,,2025-12-05T13:23:08Z,2006,2006-01-01,2006-12-31
4473668,GHED_GGHE-D_pc_US_SHA2011,COUNTRY,BLZ,AMR,Americas,YEAR,2018,,,,,,,,,197.65,197.64960183,,,,2025-12-05T13:23:08Z,2018,2018-01-01,2018-12-31
4474902,GHED_GGHE-D_pc_US_SHA2011,COUNTRY,ZWE,AFR,Africa,YEAR,2023,,,,,,,,,20.36,20.35901935,,,,2025-12-05T13:23:08Z,2023,2023-01-01,2023-12-31
4475184,GHED_GGHE-D_pc_US_SHA2011,COUNTRY,NPL,SEAR,South-East Asia,YEAR,2021,,,,,,,,,22.09,22.09205281,,,,2025-12-05T13:23:08Z,2021,2021-01-01,2021-12-31
4478450,GHED_GGHE-D_pc_US_SHA2011,COUNTRY,MMR,SEAR,South-East Asia,YEAR,2015,,,,,,,,,13.99,13.99230808,,,,2025-12-05T13:23:08Z,2015,2015-01-01,2015-12-31
4478474,GHED_GGHE-D_pc_US_SHA2011,COUNTRY,LVA,EUR,Europe,YEAR,2000,,,,,,,,,92.15,92.15300861,,,,2025-12-05T13:23:08Z,2000,2000-01-01,2000-12-31
4481148,GHED_GGHE-D_pc_US_SHA2011,COUNTRY,TUV,WPR,Western Pacific,YEAR,2013,,,,,,,,,347.15,347.15000855,,,,2025-12-05T13:23:08Z,2013,2013-01-01,2013-12-31
4481219,GHED_GGHE-D_pc_US_SHA2011,COUNTRY,SWE,EUR,Europe,YEAR,2000,,,,,,,,,1858.90,1858.89623658,,,,2025-12-05T13:23:08Z,2000,2000-01-01,2000-12-31
4486162,GHED_GGHE-D_pc_US_SHA2011,COUNTRY,EST,EUR,Europe,YEAR,2001,,,,,,,,,167.34,167.34152149,,,,2025-12-05T13:23:08Z,2001,2001-01-01,2001-12-31
4487230,GHED_GGHE-D_pc_US_SHA2011,WORLDBANKINCOMEGROUP,WB_HI,,,YEAR,2010,,,,,,,,,1823.82,1823.82476822,,,,2025-12-05T13:23:08Z,2010,2010-01-01,2010-12-31
4488694,GHED_GGHE-D_pc_US_SHA2011,COUNTRY,BIH,EUR,Europe,YEAR,2001,,,,,,,,,59.93,59.92858653,,,,2025-12-05T13:23:08Z,2001,2001-01-01,2001-12-31
4489806,GHED_GGHE-D_pc_US_SHA2011,COUNTRY,PAK,EMR,Eastern Mediterranean,YEAR,2016,,,,,,,,,9.95,9.95227682,,,,2025-12-05T13:23:08Z,2016,2016-01-01,2016-12-31
4491306,GHED_GGHE-D_pc_US_SHA2011,COUNTRY,CAF,AFR,Africa,YEAR,2009,,,,,,,,,3.34,3.34143171,,,,2025-12-05T13:23:08Z,2009,2009-01-01,2009-12-31
4495758,GHED_GGHE-D_pc_US_SHA2011,COUNTRY,MMR,SEAR,South-East Asia,YEAR,2018,,,,,,,,,9.02,9.02074375,,,,2025-12-05T13:23:08Z,2018,2018-01-01,2018-12-31
4500335,GHED_GGHE-D_pc_US_SHA2011,COUNTRY,GUY,AMR,Americas,YEAR,2002,,,,,,,,,35.34,35.34352126,,,,2025-12-05T13:23:08Z,2002,2002-01-01,2002-12-31
4501131,GHED_GGHE-D_pc_US_SHA2011,COUNTRY,GRD,AMR,Americas,YEAR,2002,,,,,,,,,135.17,135.16871143,,,,2025-12-05T13:23:08Z,2002,2002-01-01,2002-12-31
4502195,GHED_GGHE-D_pc_US_SHA2011,COUNTRY,MMR,SEAR,South-East Asia,YEAR,2000,,,,,,,,,0.59,0.58849542,,,,2025-12-05T13:23:08Z,2000,2000-01-01,2000-12-31
4504321,GHED_GGHE-D_pc_US_SHA2011,COUNTRY,MLT,EUR,Europe,YEAR,2008,,,,,,,,,1139.58,1139.58323383,,,,2025-12-05T13:23:08Z,2008,2008-01-01,2008-12-31
4504926,GHED_GGHE-D_pc_US_SHA2011,COUNTRY,MLI,AFR,Africa,YEAR,2004,,,,,,,,,6.61,6.61264054,,,,2025-12-05T13:23:08Z,2004,2004-01-01,2004-12-31
4505750,GHED_GGHE-D_pc_US_SHA2011,COUNTRY,MEX,AMR,Americas,YEAR,2009,,,,,,,,,229.89,229.88837361,,,,2025-12-05T13:23:08Z,2009,2009-01-01,2009-12-31
4506063,GHED_GGHE-D_pc_US_SHA2011,COUNTRY,PRY,AMR,Americas,YEAR,2002,,,,,,,,,20.07,20.06862151,,,,2025-12-05T13:23:08Z,2002,2002-01-01,2002-12-31
4508113,GHED_GGHE-D_pc_US_SHA2011,GLOBAL,GLOBAL,,,YEAR,2023,,,,,,,,,989.49,989.48961143,,,,2026-01-12T13:50:53Z,2023,2023-01-01,2023-12-31
4509615,GHED_GGHE-D_pc_US_SHA2011,COUNTRY,BHR,EMR,Eastern Mediterranean,YEAR,2004,,,,,,,,,355.42,355.42058588,,,,2025-12-05T13:23:08Z,2004,2004-01-01,2004-12-31
4510035,GHED_GGHE-D_pc_US_SHA2011,COUNTRY,CAF,AFR,Africa,YEAR,2021,,,,,,,,,6.39,6.38819603,,,,2025-12-05T13:23:08Z,2021,2021-01-01,2021-12-31
4510764,GHED_GGHE-D_pc_US_SHA2011,COUNTRY,URY,AMR,Americas,YEAR,2015,,,,,,,,,974.69,974.68581992,,,,2025-12-05T13:23:08Z,2015,2015-01-01,2015-12-31
4512377,GHED_GGHE-D_pc_US_SHA2011,COUNTRY,GTM,AMR,Americas,YEAR,2009,,,,,,,,,60.38,60.37570809,,,,2025-12-05T13:23:08Z,2009,2009-01-01,2009-12-31
4514006,GHED_GGHE-D_pc_US_SHA2011,REGION,EMR,,,YEAR,2000,,,,,,,,,134.17,134.16502395,,,,2025-12-05T13:23:08Z,2000,2000-01-01,2000-12-31
4519170,GHED_GGHE-D_pc_US_SHA2011,COUNTRY,ATG,AMR,Americas,YEAR,2003,,,,,,,,,367.63,367.62998538,,,,2025-12-05T13:23:08Z,2003,2003-01-01,2003-12-31
4520647,GHED_GGHE-D_pc_US_SHA2011,COUNTRY,AUT,EUR,Europe,YEAR,2009,,,,,,,,,3596.72,3596.72002953,,,,2025-12-05T13:23:08Z,2009,2009-01-01,2009-12-31
4523933,GHED_GGHE-D_pc_US_SHA2011,WORLDBANKINCOMEGROUP,WB_HI,,,YEAR,2021,,,,,,,,,2676.65,2676.64640288,,,,2025-12-05T13:23:08Z,2021,2021-01-01,2021-12-31
4526481,GHED_GGHE-D_pc_US_SHA2011,COUNTRY,ARG,AMR,Americas,YEAR,2007,,,,,,,,,307.41,307.40615582,,,,2025-12-05T13:23:08Z,2007,2007-01-01,2007-12-31
4527192,GHED_GGHE-D_pc_US_SHA2011,COUNTRY,WSM,WPR,Western Pacific,YEAR,2016,,,,,,,,,161.04,161.04234172,,,,2025-12-05T13:23:08Z,2016,2016-01-01,2016-12-31
4528211,GHED_GGHE-D_pc_US_SHA2011,REGION,WPR,,,YEAR,2019,,,,,,,,,743.01,743.01073249,,,,2025-12-05T13:23:08Z,2019,2019-01-01,2019-12-31
4534691,GHED_GGHE-D_pc_US_SHA2011,COUNTRY,KIR,WPR,Western Pacific,YEAR,2019,,,,,,,,,161.56,161.56135615,,,,2025-12-05T13:23:08Z,2019,2019-01-01,2019-12-31
4540518,GHED_GGHE-D_pc_US_SHA2011,COUNTRY,BIH,EUR,Europe,YEAR,2009,,,,,,,,,278.46,278.45961435,,,,2025-12-05T13:23:08Z,2009,2009-01-01,2009-12-31
4540946,GHED_GGHE-D_pc_US_SHA2011,COUNTRY,KAZ,EUR,Europe,YEAR,2007,,,,,,,,,115.82,115.82321567,,,,2025-12-05T13:23:08Z,2007,2007-01-01,2007-12-31
4541176,GHED_GGHE-D_pc_US_SHA2011,COUNTRY,EGY,EMR,Eastern Mediterranean,YEAR,2002,,,,,,,,,22.06,22.05504877,,,,2025-12-05T13:23:08Z,2002,2002-01-01,2002-12-31
4541720,GHED_GGHE-D_pc_US_SHA2011,COUNTRY,NGA,AFR,Africa,YEAR,2021,,,,,,,,,10.87,10.86676015,,,,2025-12-05T13:23:08Z,2021,2021-01-01,2021-12-31
4541725,GHED_GGHE-D_pc_US_SHA2011,COUNTRY,JPN,WPR,Western Pacific,YEAR,2012,,,,,,,,,4391.56,4391.55803062,,,,2025-12-05T13:23:08Z,2012,2012-01-01,2012-12-31
4542737,GHED_GGHE-D_pc_US_SHA2011,COUNTRY,COM,AFR,Africa,YEAR,2018,,,,,,,,,11.69,11.69287192,,,,2025-12-05T13:23:08Z,2018,2018-01-01,2018-12-31
4542964,GHED_GGHE-D_pc_US_SHA2011,COUNTRY,BWA,AFR,Africa,YEAR,2015,,,,,,,,,253.95,253.95015474,,,,2025-12-05T13:23:08Z,2015,2015-01-01,2015-12-31
4556120,GHED_GGHE-D_pc_US_SHA2011,COUNTRY,CPV,AFR,Africa,YEAR,2005,,,,,,,,,66.40,66.39965555,,,,2025-12-05T13:23:08Z,2005,2005-01-01,2005-12-31
4556480,GHED_GGHE-D_pc_US_SHA2011,COUNTRY,SLV,AMR,Americas,YEAR,2021,,,,,,,,,298.05,298.04894056,,,,2025-12-05T13:23:08Z,2021,2021-01-01,2021-12-31
4560916,GHED_GGHE-D_pc_US_SHA2011,COUNTRY,PAK,EMR,Eastern Mediterranean,YEAR,2015,,,,,,,,,9.36,9.35555059,,,,2025-12-05T13:23:08Z,2015,2015-01-01,2015-12-31
4568581,GHED_GGHE-D_pc_US_SHA2011,COUNTRY,GRD,AMR,Americas,YEAR,2017,,,,,,,,,184.08,184.08218489,,,,2025-12-05T13:23:08Z,2017,2017-01-01,2017-12-31
4568602,GHED_GGHE-D_pc_US_SHA2011,COUNTRY,LBY,EMR,Eastern Mediterranean,YEAR,2003,,,,,,,,,125.68,125.68459704,,,,2025-12-05T13:23:08Z,2003,2003-01-01,2003-12-31
4570849,GHED_GGHE-D_pc_US_SHA2011,COUNTRY,KOR,WPR,Western Pacific,YEAR,2020,,,,,,,,,1570.88,1570.87524483,,,,2025-12-05T13:23:08Z,2020,2020-01-01,2020-12-31
4571229,GHED_GGHE-D_pc_US_SHA2011,COUNTRY,BLR,EUR,Europe,YEAR,2018,,,,,,,,,246.96,246.96385176,,,,2025-12-05T13:23:08Z,2018,2018-01-01,2018-12-31
4571976,GHED_GGHE-D_pc_US_SHA2011,COUNTRY,BTN,SEAR,South-East Asia,YEAR,2000,,,,,,,,,24.37,24.3707823,,,,2025-12-05T13:23:08Z,2000,2000-01-01,2000-12-31
4572177,GHED_GGHE-D_pc_US_SHA2011,COUNTRY,CHE,EUR,Europe,YEAR,2006,,,,,,,,,1731.63,1731.63475024,,,,2025-12-05T13:23:08Z,2006,2006-01-01,2006-12-31
4575569,GHED_GGHE-D_pc_US_SHA2011,COUNTRY,GNB,AFR,Africa,YEAR,2005,,,,,,,,,2.36,2.35662591,,,,2025-12-05T13:23:08Z,2005,2005-01-01,2005-12-31
4576045,GHED_GGHE-D_pc_US_SHA2011,COUNTRY,SEN,AFR,Africa,YEAR,2022,,,,,,,,,17.05,17.05482407,,,,2026-01-12T13:50:53Z,2022,2022-01-01,2022-12-31
4580834,GHED_GGHE-D_pc_US_SHA2011,COUNTRY,DNK,EUR,Europe,YEAR,2016,,,,,,,,,4717.34,4717.33644882,,,,2025-12-05T13:23:08Z,2016,2016-01-01,2016-12-31
4581390,GHED_GGHE-D_pc_US_SHA2011,COUNTRY,MWI,AFR,Africa,YEAR,2011,,,,,,,,,8.51,8.50770903,,,,2025-12-05T13:23:08Z,2011,2011-01-01,2011-12-31
4581905,GHED_GGHE-D_pc_US_SHA2011,COUNTRY,MWI,AFR,Africa,YEAR,2016,,,,,,,,,8.42,8.4163429,,,,2025-12-05T13:23:08Z,2016,2016-01-01,2016-12-31
4589498,GHED_GGHE-D_pc_US_SHA2011,COUNTRY,THA,SEAR,South-East Asia,YEAR,2009,,,,,,,,,109.46,109.45764336,,,,2025-12-05T13:23:08Z,2009,2009-01-01,2009-12-31
4593838,GHED_GGHE-D_pc_US_SHA2011,COUNTRY,SMR,EUR,Europe,YEAR,2010,,,,,,,,,3290.10,3290.10291707,,,,2025-12-05T13:23:08Z,2010,2010-01-01,2010-12-31
4594209,GHED_GGHE-D_pc_US_SHA2011,COUNTRY,LTU,EUR,Europe,YEAR,2011,,,,,,,,,650.90,650.90012872,,,,2025-12-05T13:23:08Z,2011,2011-01-01,2011-12-31
4600183,GHED_GGHE-D_pc_US_SHA2011,COUNTRY,BHR,EMR,Eastern Mediterranean,YEAR,2015,,,,,,,,,733.57,733.56992119,,,,2025-12-05T13:23:08Z,2015,2015-01-01,2015-12-31
4601382,GHED_GGHE-D_pc_US_SHA2011,COUNTRY,LVA,EUR,Europe,YEAR,2010,,,,,,,,,414.72,414.72000041,,,,2025-12-05T13:23:08Z,2010,2010-01-01,2010-12-31
4605984,GHED_GGHE-D_pc_US_SHA2011,COUNTRY,NIU,WPR,Western Pacific,YEAR,2021,,,,,,,,,1150.62,1150.61926702,,,,2025-12-05T13:23:08Z,2021,2021-01-01,2021-12-31
4608266,GHED_GGHE-D_pc_US_SHA2011,COUNTRY,AGO,AFR,Africa,YEAR,2021,,,,,,,,,37.06,37.06001743,,,,2025-12-05T13:23:08Z,2021,2021-01-01,2021-12-31
4612474,GHED_GGHE-D_pc_US_SHA2011,COUNTRY,ISL,EUR,Europe,YEAR,2022,,,,,,,,,5802.03,5802.032895,,,,2025-12-05T13:23:08Z,2022,2022-01-01,2022-12-31
4617616,GHED_GGHE-D_pc_US_SHA2011,COUNTRY,TON,WPR,Western Pacific,YEAR,2017,,,,,,,,,127.31,127.3132913,,,,2025-12-05T13:23:08Z,2017,2017-01-01,2017-12-31
4620146,GHED_GGHE-D_pc_US_SHA2011,COUNTRY,TTO,AMR,Americas,YEAR,2019,,,,,,,,,504.48,504.48000303,,,,2025-12-05T13:23:08Z,2019,2019-01-01,2019-12-31
4620655,GHED_GGHE-D_pc_US_SHA2011,COUNTRY,COD,AFR,Africa,YEAR,2015,,,,,,,,,3.10,3.09762851,,,,2025-12-05T13:23:08Z,2015,2015-01-01,2015-12-31
4622097,GHED_GGHE-D_pc_US_SHA2011,COUNTRY,IRQ,EMR,Eastern Mediterranean,YEAR,2017,,,,,,,,,81.74,81.74344886,,,,2025-12-05T13:23:08Z,2017,2017-01-01,2017-12-31
4625443,GHED_GGHE-D_pc_US_SHA2011,COUNTRY,SWZ,AFR,Africa,YEAR,2015,,,,,,,,,104.69,104.6915212,,,,2025-12-05T13:23:08Z,2015,2015-01-01,2015-12-31
4627292,GHED_GGHE-D_pc_US_SHA2011,COUNTRY,VEN,AMR,Americas,YEAR,2020,,,,,,,,,57.13,57.13228598,,,,2025-12-05T13:23:08Z,2020,2020-01-01,2020-12-31
4632277,GHED_GGHE-D_pc_US_SHA2011,COUNTRY,GMB,AFR,Africa,YEAR,2008,,,,,,,,,6.26,6.26168298,,,,2025-12-05T13:23:08Z,2008,2008-01-01,2008-12-31
4634286,GHED_GGHE-D_pc_US_SHA2011,COUNTRY,BEL,EUR,Europe,YEAR,2011,,,,,,,,,3754.83,3754.83249855,,,,2025-12-05T13:23:08Z,2011,2011-01-01,2011-12-31
4637465,GHED_GGHE-D_pc_US_SHA2011,COUNTRY,IND,SEAR,South-East Asia,YEAR,2008,,,,,,,,,8.52,8.52019224,,,,2025-12-05T13:23:08Z,2008,2008-01-01,2008-12-31
4637609,GHED_GGHE-D_pc_US_SHA2011,COUNTRY,PSE,EMR,Eastern Mediterranean,YEAR,2007,,,,,,,,,53.40,53.40296647,,,,2025-12-05T13:23:08Z,2007,2007-01-01,2007-12-31
4640836,GHED_GGHE-D_pc_US_SHA2011,COUNTRY,LBR,AFR,Africa,YEAR,2004,,,,,,,,,1.47,1.46912248,,,,2025-12-05T13:23:08Z,2004,2004-01-01,2004-12-31
4641655,GHED_GGHE-D_pc_US_SHA2011,COUNTRY,VNM,WPR,Western Pacific,YEAR,2002,,,,,,,,,9.62,9.62075034,,,,2025-12-05T13:23:08Z,2002,2002-01-01,2002-12-31
4642249,GHED_GGHE-D_pc_US_SHA2011,COUNTRY,UGA,AFR,Africa,YEAR,2000,,,,,,,,,4.10,4.10003514,,,,2025-12-05T13:23:08Z,2000,2000-01-01,2000-12-31
4643132,GHED_GGHE-D_pc_US_SHA2011,COUNTRY,POL,EUR,Europe,YEAR,2015,,,,,,,,,557.41,557.41096237,,,,2025-12-05T13:23:08Z,2015,2015-01-01,2015-12-31
4647761,GHED_GGHE-D_pc_US_SHA2011,COUNTRY,FJI,WPR,Western Pacific,YEAR,2016,,,,,,,,,112.41,112.41456465,,,,2025-12-05T13:23:08Z,2016,2016-01-01,2016-12-31
4647809,GHED_GGHE-D_pc_US_SHA2011,COUNTRY,PRY,AMR,Americas,YEAR,2022,,,,,,,,,253.47,253.47093692,,,,2025-12-05T13:23:08Z,2022,2022-01-01,2022-12-31
4649343,GHED_GGHE-D_pc_US_SHA2011,COUNTRY,BIH,EUR,Europe,YEAR,2002,,,,,,,,,71.04,71.03812427,,,,2025-12-05T13:23:08Z,2002,2002-01-01,2002-12-31
4663997,GHED_GGHE-D_pc_US_SHA2011,COUNTRY,CZE,EUR,Europe,YEAR,2013,,,,,,,,,1274.33,1274.33149255,,,,2025-12-05T13:23:08Z,2013,2013-01-01,2013-12-31
4666156,GHED_GGHE-D_pc_US_SHA2011,COUNTRY,WSM,WPR,Western Pacific,YEAR,2022,,,,,,,,,181.76,181.764297,,,,2025-12-05T13:23:08Z,2022,2022-01-01,2022-12-31
4668280,GHED_GGHE-D_pc_US_SHA2011,COUNTRY,AUS,WPR,Western Pacific,YEAR,2022,,,,,,,,,4995.15,4995.14757496,,,,2025-12-05T13:23:08Z,2022,2022-01-01,2022-12-31
4669606,GHED_GGHE-D_pc_US_SHA2011,COUNTRY,ITA,EUR,Europe,YEAR,2007,,,,,,,,,2384.62,2384.61756863,,,,2025-12-05T13:23:08Z,2007,2007-01-01,2007-12-31
4670217,GHED_GGHE-D_pc_US_SHA2011,COUNTRY,JPN,WPR,Western Pacific,YEAR,2007,,,,,,,,,2259.94,2259.943693,,,,2025-12-05T13:23:08Z,2007,2007-01-01,2007-12-31
4673287,GHED_GGHE-D_pc_US_SHA2011,COUNTRY,CIV,AFR,Africa,YEAR,2023,,,,,,,,,35.80,35.79705825,,,,2026-01-12T13:50:53Z,2023,2023-01-01,2023-12-31
4674414,GHED_GGHE-D_pc_US_SHA2011,COUNTRY,GUY,AMR,Americas,YEAR,2003,,,,,,,,,36.07,36.07439118,,,,2025-12-05T13:23:08Z,2003,2003-01-01,2003-12-31
4675299,GHED_GGHE-D_pc_US_SHA2011,COUNTRY,BTN,SEAR,South-East Asia,YEAR,2003,,,,,,,,,25.70,25.69859652,,,,2025-12-05T13:23:08Z,2003,2003-01-01,2003-12-31
4679693,GHED_GGHE-D_pc_US_SHA2011,COUNTRY,LVA,EUR,Europe,YEAR,2020,,,,,,,,,833.20,833.20197511,,,,2025-12-05T13:23:08Z,2020,2020-01-01,2020-12-31
4686267,GHED_GGHE-D_pc_US_SHA2011,COUNTRY,HTI,AMR,Americas,YEAR,2018,,,,,,,,,7.60,7.59955591,,,,2025-12-05T13:23:08Z,2018,2018-01-01,2018-12-31
4688161,GHED_GGHE-D_pc_US_SHA2011,COUNTRY,BFA,AFR,Africa,YEAR,2021,,,,,,,,,24.50,24.50182223,,,,2025-12-05T13:23:08Z,2021,2021-01-01,2021-12-31
4690042,GHED_GGHE-D_pc_US_SHA2011,COUNTRY,CHN,WPR,Western Pacific,YEAR,2000,,,,,,,,,9.41,9.4071758,,,,2025-12-05T13:23:08Z,2000,2000-01-01,2000-12-31
4691538,GHED_GGHE-D_pc_US_SHA2011,COUNTRY,KEN,AFR,Africa,YEAR,2013,,,,,,,,,22.77,22.76911348,,,,2025-12-05T13:23:08Z,2013,2013-01-01,2013-12-31
4698576,GHED_GGHE-D_pc_US_SHA2011,COUNTRY,ISR,EUR,Europe,YEAR,2001,,,,,,,,,946.15,946.15122816,,,,2025-12-05T13:23:08Z,2001,2001-01-01,2001-12-31
4699682,GHED_GGHE-D_pc_US_SHA2011,COUNTRY,PLW,WPR,Western Pacific,YEAR,2009,,,,,,,,,392.98,392.98110586,,,,2025-12-05T13:23:08Z,2009,2009-01-01,2009-12-31
4700259,GHED_GGHE-D_pc_US_SHA2011,COUNTRY,MDV,SEAR,South-East Asia,YEAR,2014,,,,,,,,,438.41,438.4059683,,,,2025-12-05T13:23:08Z,2014,2014-01-01,2014-12-31
4706260,GHED_GGHE-D_pc_US_SHA2011,COUNTRY,MDA,EUR,Europe,YEAR,2015,,,,,,,,,84.90,84.90088497,,,,2025-12-05T13:23:08Z,2015,2015-01-01,2015-12-31
4707433,GHED_GGHE-D_pc_US_SHA2011,COUNTRY,TUN,EMR,Eastern Mediterranean,YEAR,2019,,,,,,,,,125.88,125.87926176,,,,2025-12-05T13:23:08Z,2019,2019-01-01,2019-12-31
4708511,GHED_GGHE-D_pc_US_SHA2011,COUNTRY,DNK,EUR,Europe,YEAR,2017,,,,,,,,,4884.12,4884.11867115,,,,2025-12-05T13:23:08Z,2017,2017-01-01,2017-12-31
4709266,GHED_GGHE-D_pc_US_SHA2011,COUNTRY,HRV,EUR,Europe,YEAR,2023,,,,,,,,,1300.85,1300.85404911,,,,2025-12-05T13:23:08Z,2023,2023-01-01,2023-12-31
4715282,GHED_GGHE-D_pc_US_SHA2011,COUNTRY,SWZ,AFR,Africa,YEAR,2013,,,,,,,,,135.28,135.28117951,,,,2025-12-05T13:23:08Z,2013,2013-01-01,2013-12-31
4715339,GHED_GGHE-D_pc_US_SHA2011,COUNTRY,GTM,AMR,Americas,YEAR,2006,,,,,,,,,48.40,48.40127516,,,,2025-12-05T13:23:08Z,2006,2006-01-01,2006-12-31
4715617,GHED_GGHE-D_pc_US_SHA2011,COUNTRY,UZB,EUR,Europe,YEAR,2009,,,,,,,,,29.96,29.96146455,,,,2025-12-05T13:23:08Z,2009,2009-01-01,2009-12-31
4718396,GHED_GGHE-D_pc_US_SHA2011,COUNTRY,NOR,EUR,Europe,YEAR,2007,,,,,,,,,5771.66,5771.65932873,,,,2025-12-05T13:23:08Z,2007,2007-01-01,2007-12-31
4718904,GHED_GGHE-D_pc_US_SHA2011,COUNTRY,AZE,EUR,Europe,YEAR,2023,,,,,,,,,97.82,97.81896226,,,,2025-12-05T13:23:08Z,2023,2023-01-01,2023-12-31
4721496,GHED_GGHE-D_pc_US_SHA2011,COUNTRY,NZL,WPR,Western Pacific,YEAR,2011,,,,,,,,,2755.88,2755.88323402,,,,2025-12-05T13:23:08Z,2011,2011-01-01,2011-12-31
4723235,GHED_GGHE-D_pc_US_SHA2011,COUNTRY,COL,AMR,Americas,YEAR,2022,,,,,,,,,357.20,357.19962773,,,,2025-12-05T13:23:08Z,2022,2022-01-01,2022-12-31
4724000,GHED_GGHE-D_pc_US_SHA2011,COUNTRY,ARG,AMR,Americas,YEAR,2013,,,,,,,,,906.67,906.6709457,,,,2025-12-05T13:23:08Z,2013,2013-01-01,2013-12-31
4725944,GHED_GGHE-D_pc_US_SHA2011,COUNTRY,CAF,AFR,Africa,YEAR,2013,,,,,,,,,3.59,3.58603686,,,,2025-12-05T13:23:08Z,2013,2013-01-01,2013-12-31
4729653,GHED_GGHE-D_pc_US_SHA2011,COUNTRY,THA,SEAR,South-East Asia,YEAR,2005,,,,,,,,,57.73,57.72864733,,,,2025-12-05T13:23:08Z,2005,2005-01-01,2005-12-31
4733981,GHED_GGHE-D_pc_US_SHA2011,COUNTRY,BRB,AMR,Americas,YEAR,2011,,,,,,,,,563.92,563.91879861,,,,2025-12-05T13:23:08Z,2011,2011-01-01,2011-12-31
4734775,GHED_GGHE-D_pc_US_SHA2011,COUNTRY,CMR,AFR,Africa,YEAR,2016,,,,,,,,,5.28,5.27569638,,,,2025-12-05T13:23:08Z,2016,2016-01-01,2016-12-31
4740184,GHED_GGHE-D_pc_US_SHA2011,COUNTRY,SOM,EMR,Eastern Mediterranean,YEAR,2022,,,,,,,,,1.79,1.78770458,,,,2025-12-05T13:23:08Z,2022,2022-01-01,2022-12-31
4742153,GHED_GGHE-D_pc_US_SHA2011,COUNTRY,PRT,EUR,Europe,YEAR,2022,,,,,,,,,1620.75,1620.75268192,,,,2025-12-05T13:23:08Z,2022,2022-01-01,2022-12-31
4746592,GHED_GGHE-D_pc_US_SHA2011,COUNTRY,SUR,AMR,Americas,YEAR,2008,,,,,,,,,147.71,147.71242094,,,,2025-12-05T13:23:08Z,2008,2008-01-01,2008-12-31
4749381,GHED_GGHE-D_pc_US_SHA2011,COUNTRY,CMR,AFR,Africa,YEAR,2003,,,,,,,,,8.48,8.47586388,,,,2025-12-05T13:23:08Z,2003,2003-01-01,2003-12-31
4754961,GHED_GGHE-D_pc_US_SHA2011,COUNTRY,SVN,EUR,Europe,YEAR,2009,,,,,,,,,1530.37,1530.36865553,,,,2025-12-05T13:23:08Z,2009,2009-01-01,2009-12-31
4758768,GHED_GGHE-D_pc_US_SHA2011,COUNTRY,MNE,EUR,Europe,YEAR,2022,,,,,,,,,734.49,734.49197398,,,,2025-12-05T13:23:08Z,2022,2022-01-01,2022-12-31
4760056,GHED_GGHE-D_pc_US_SHA2011,COUNTRY,YEM,EMR,Eastern Mediterranean,YEAR,2022,,,,,,,,,5.66,5.6550905,,,,2025-12-05T13:23:08Z,2022,2022-01-01,2022-12-31
4761286,GHED_GGHE-D_pc_US_SHA2011,COUNTRY,SDN,EMR,Eastern Mediterranean,YEAR,2022,,,,,,,,,5.61,5.60501076,,,,2025-12-05T13:23:08Z,2022,2022-01-01,2022-12-31
4761369,GHED_GGHE-D_pc_US_SHA2011,COUNTRY,GIN,AFR,Africa,YEAR,2006,,,,,,,,,1.11,1.11011723,,,,2025-12-05T13:23:08Z,2006,2006-01-01,2006-12-31
4764164,GHED_GGHE-D_pc_US_SHA2011,COUNTRY,GUY,AMR,Americas,YEAR,2014,,,,,,,,,119.04,119.0366173,,,,2025-12-05T13:23:08Z,2014,2014-01-01,2014-12-31
4764798,GHED_GGHE-D_pc_US_SHA2011,COUNTRY,PAN,AMR,Americas,YEAR,2012,,,,,,,,,435.21,435.21477062,,,,2025-12-05T13:23:08Z,2012,2012-01-01,2012-12-31
4766064,GHED_GGHE-D_pc_US_SHA2011,COUNTRY,COK,WPR,Western Pacific,YEAR,2012,,,,,,,,,478.51,478.50770874,,,,2025-12-05T13:23:08Z,2012,2012-01-01,2012-12-31
4766857,GHED_GGHE-D_pc_US_SHA2011,COUNTRY,NLD,EUR,Europe,YEAR,2012,,,,,,,,,3617.99,3617.99147916,,,,2025-12-05T13:23:08Z,2012,2012-01-01,2012-12-31
4767735,GHED_GGHE-D_pc_US_SHA2011,COUNTRY,VNM,WPR,Western Pacific,YEAR,2008,,,,,,,,,25.66,25.65600077,,,,2025-12-05T13:23:08Z,2008,2008-01-01,2008-12-31
4767828,GHED_GGHE-D_pc_US_SHA2011,COUNTRY,BFA,AFR,Africa,YEAR,2011,,,,,,,,,9.76,9.76029624,,,,2025-12-05T13:23:08Z,2011,2011-01-01,2011-12-31
4770135,GHED_GGHE-D_pc_US_SHA2011,COUNTRY,BFA,AFR,Africa,YEAR,2002,,,,,,,,,3.02,3.02219274,,,,2025-12-05T13:23:08Z,2002,2002-01-01,2002-12-31
4770242,GHED_GGHE-D_pc_US_SHA2011,COUNTRY,LKA,SEAR,South-East Asia,YEAR,2004,,,,,,,,,25.90,25.90285403,,,,2025-12-05T13:23:08Z,2004,2004-01-01,2004-12-31
4770605,GHED_GGHE-D_pc_US_SHA2011,COUNTRY,IRN,EMR,Eastern Mediterranean,YEAR,2000,,,,,,,,,30.13,30.12665695,,,,2025-12-05T13:23:08Z,2000,2000-01-01,2000-12-31
4773419,GHED_GGHE-D_pc_US_SHA2011,COUNTRY,OMN,EMR,Eastern Mediterranean,YEAR,2012,,,,,,,,,464.26,464.26314757,,,,2025-12-05T13:23:08Z,2012,2012-01-01,2012-12-31
4777010,GHED_GGHE-D_pc_US_SHA2011,COUNTRY,NOR,EUR,Europe,YEAR,2012,,,,,,,,,7602.65,7602.64522428,,,,2025-12-05T13:23:08Z,2012,2012-01-01,2012-12-31
4778965,GHED_GGHE-D_pc_US_SHA2011,COUNTRY,IRN,EMR,Eastern Mediterranean,YEAR,2020,,,,,,,,,92.27,92.26521895,,,,2025-12-05T13:23:08Z,2020,2020-01-01,2020-12-31
4780692,GHED_GGHE-D_pc_US_SHA2011,COUNTRY,NPL,SEAR,South-East Asia,YEAR,2011,,,,,,,,,6.11,6.109925,,,,2025-12-05T13:23:08Z,2011,2011-01-01,2011-12-31
4785224,GHED_GGHE-D_pc_US_SHA2011,COUNTRY,MAR,EMR,Eastern Mediterranean,YEAR,2007,,,,,,,,,38.84,38.84416668,,,,2025-12-05T13:23:08Z,2007,2007-01-01,2007-12-31
4794458,GHED_GGHE-D_pc_US_SHA2011,COUNTRY,MLI,AFR,Africa,YEAR,2003,,,,,,,,,5.25,5.24900238,,,,2025-12-05T13:23:08Z,2003,2003-01-01,2003-12-31
4796160,GHED_GGHE-D_pc_US_SHA2011,COUNTRY,NGA,AFR,Africa,YEAR,2000,,,,,,,,,3.14,3.14261231,,,,2025-12-05T13:23:08Z,2000,2000-01-01,2000-12-31
4798205,GHED_GGHE-D_pc_US_SHA2011,COUNTRY,ITA,EUR,Europe,YEAR,2023,,,,,,,,,2399.45,2399.44784811,,,,2025-12-05T13:23:08Z,2023,2023-01-01,2023-12-31
4798938,GHED_GGHE-D_pc_US_SHA2011,COUNTRY,SEN,AFR,Africa,YEAR,2005,,,,,,,,,15.63,15.62958927,,,,2025-12-05T13:23:08Z,2005,2005-01-01,2005-12-31
4798976,GHED_GGHE-D_pc_US_SHA2011,COUNTRY,EGY,EMR,Eastern Mediterranean,YEAR,2007,,,,,,,,,25.86,25.86469834,,,,2025-12-05T13:23:08Z,2007,2007-01-01,2007-12-31
4799105,GHED_GGHE-D_pc_US_SHA2011,COUNTRY,DOM,AMR,Americas,YEAR,2009,,,,,,,,,115.99,115.990517,,,,2025-12-05T13:23:08Z,2009,2009-01-01,2009-12-31
4799989,GHED_GGHE-D_pc_US_SHA2011,COUNTRY,CRI,AMR,Americas,YEAR,2004,,,,,,,,,193.94,193.94200191,,,,2025-12-05T13:23:08Z,2004,2004-01-01,2004-12-31
4800142,GHED_GGHE-D_pc_US_SHA2011,COUNTRY,BEL,EUR,Europe,YEAR,2015,,,,,,,,,3392.30,3392.301489,,,,2025-12-05T13:23:08Z,2015,2015-01-01,2015-12-31
4800667,GHED_GGHE-D_pc_US_SHA2011,COUNTRY,ITA,EUR,Europe,YEAR,2000,,,,,,,,,1107.18,1107.17939875,,,,2025-12-05T13:23:08Z,2000,2000-01-01,2000-12-31
4801637,GHED_GGHE-D_pc_US_SHA2011,COUNTRY,KIR,WPR,Western Pacific,YEAR,2007,,,,,,,,,119.37,119.36514148,,,,2025-12-05T13:23:08Z,2007,2007-01-01,2007-12-31
4804647,GHED_GGHE-D_pc_US_SHA2011,COUNTRY,RUS,EUR,Europe,YEAR,2013,,,,,,,,,502.49,502.48935786,,,,2025-12-05T13:23:08Z,2013,2013-01-01,2013-12-31
4811055,GHED_GGHE-D_pc_US_SHA2011,COUNTRY,BRB,AMR,Americas,YEAR,2010,,,,,,,,,595.41,595.40937697,,,,2025-12-05T13:23:08Z,2010,2010-01-01,2010-12-31
4816348,GHED_GGHE-D_pc_US_SHA2011,COUNTRY,NPL,SEAR,South-East Asia,YEAR,2012,,,,,,,,,5.90,5.89512704,,,,2025-12-05T13:23:08Z,2012,2012-01-01,2012-12-31
4818841,GHED_GGHE-D_pc_US_SHA2011,COUNTRY,IRQ,EMR,Eastern Mediterranean,YEAR,2022,,,,,,,,,129.58,129.58181815,,,,2025-12-05T13:23:08Z,2022,2022-01-01,2022-12-31
4818855,GHED_GGHE-D_pc_US_SHA2011,COUNTRY,ERI,AFR,Africa,YEAR,2004,,,,,,,,,5.15,5.15109645,,,,2025-12-05T13:23:08Z,2004,2004-01-01,2004-12-31
4820027,GHED_GGHE-D_pc_US_SHA2011,COUNTRY,TZA,AFR,Africa,YEAR,2021,,,,,,,,,10.22,10.22188383,,,,2025-12-05T13:23:08Z,2021,2021-01-01,2021-12-31
4822312,GHED_GGHE-D_pc_US_SHA2011,COUNTRY,SLV,AMR,Americas,YEAR,2011,,,,,,,,,159.83,159.83470935,,,,2025-12-05T13:23:08Z,2011,2011-01-01,2011-12-31
4823458,GHED_GGHE-D_pc_US_SHA2011,COUNTRY,CIV,AFR,Africa,YEAR,2006,,,,,,,,,6.69,6.68587072,,,,2025-12-05T13:23:08Z,2006,2006-01-01,2006-12-31
4825244,GHED_GGHE-D_pc_US_SHA2011,COUNTRY,AFG,EMR,Eastern Mediterranean,YEAR,2005,,,,,,,,,1.34,1.33589505,,,,2025-12-05T13:23:08Z,2005,2005-01-01,2005-12-31
4826047,GHED_GGHE-D_pc_US_SHA2011,COUNTRY,PNG,WPR,Western Pacific,YEAR,2001,,,,,,,,,13.19,13.19046604,,,,2025-12-05T13:23:08Z,2001,2001-01-01,2001-12-31
4826562,GHED_GGHE-D_pc_US_SHA2011,COUNTRY,FIN,EUR,Europe,YEAR,2020,,,,,,,,,3852.12,3852.11884365,,,,2025-12-05T13:23:08Z,2020,2020-01-01,2020-12-31
4827631,GHED_GGHE-D_pc_US_SHA2011,COUNTRY,MEX,AMR,Americas,YEAR,2001,,,,,,,,,159.45,159.45134712,,,,2025-12-05T13:23:08Z,2001,2001-01-01,2001-12-31
4830472,GHED_GGHE-D_pc_US_SHA2011,COUNTRY,IRL,EUR,Europe,YEAR,2001,,,,,,,,,1430.51,1430.5123903,,,,2025-12-05T13:23:08Z,2001,2001-01-01,2001-12-31
4830698,GHED_GGHE-D_pc_US_SHA2011,COUNTRY,MAR,EMR,Eastern Mediterranean,YEAR,2006,,,,,,,,,31.43,31.42799066,,,,2025-12-05T13:23:08Z,2006,2006-01-01,2006-12-31
4830987,GHED_GGHE-D_pc_US_SHA2011,COUNTRY,TUV,WPR,Western Pacific,YEAR,2016,,,,,,,,,583.28,583.27740576,,,,2025-12-05T13:23:08Z,2016,2016-01-01,2016-12-31
4832392,GHED_GGHE-D_pc_US_SHA2011,COUNTRY,TGO,AFR,Africa,YEAR,2000,,,,,,,,,1.14,1.13918856,,,,2025-12-05T13:23:08Z,2000,2000-01-01,2000-12-31
4834291,GHED_GGHE-D_pc_US_SHA2011,COUNTRY,LBN,EMR,Eastern Mediterranean,YEAR,2005,,,,,,,,,133.45,133.44859952,,,,2025-12-05T13:23:08Z,2005,2005-01-01,2005-12-31
4836340,GHED_GGHE-D_pc_US_SHA2011,COUNTRY,THA,SEAR,South-East Asia,YEAR,2019,,,,,,,,,206.60,206.60111442,,,,2025-12-05T13:23:08Z,2019,2019-01-01,2019-12-31
4843188,GHED_GGHE-D_pc_US_SHA2011,COUNTRY,BRB,AMR,Americas,YEAR,2005,,,,,,,,,551.26,551.25629182,,,,2025-12-05T13:23:08Z,2005,2005-01-01,2005-12-31
4844083,GHED_GGHE-D_pc_US_SHA2011,WORLDBANKINCOMEGROUP,WB_HI,,,YEAR,2008,,,,,,,,,1824.20,1824.20213975,,,,2025-12-05T13:23:08Z,2008,2008-01-01,2008-12-31
4844692,GHED_GGHE-D_pc_US_SHA2011,COUNTRY,CAF,AFR,Africa,YEAR,2022,,,,,,,,,7.20,7.19933295,,,,2025-12-05T13:23:08Z,2022,2022-01-01,2022-12-31
4845058,GHED_GGHE-D_pc_US_SHA2011,COUNTRY,NOR,EUR,Europe,YEAR,2000,,,,,,,,,2408.76,2408.76093822,,,,2025-12-05T13:23:08Z,2000,2000-01-01,2000-12-31
4848645,GHED_GGHE-D_pc_US_SHA2011,COUNTRY,CYP,EUR,Europe,YEAR,2007,,,,,,,,,731.30,731.29557152,,,,2025-12-05T13:23:08Z,2007,2007-01-01,2007-12-31
4848829,GHED_GGHE-D_pc_US_SHA2011,COUNTRY,GEO,EUR,Europe,YEAR,2003,,,,,,,,,11.52,11.52203541,,,,2025-12-05T13:23:08Z,2003,2003-01-01,2003-12-31
4852703,GHED_GGHE-D_pc_US_SHA2011,COUNTRY,GAB,AFR,Africa,YEAR,2001,,,,,,,,,48.45,48.44568124,,,,2025-12-05T13:23:08Z,2001,2001-01-01,2001-12-31
4853207,GHED_GGHE-D_pc_US_SHA2011,COUNTRY,TJK,EUR,Europe,YEAR,2001,,,,,,,,,1.45,1.44740844,,,,2025-12-05T13:23:08Z,2001,2001-01-01,2001-12-31
4853561,GHED_GGHE-D_pc_US_SHA2011,COUNTRY,ARM,EUR,Europe,YEAR,2017,,,,,,,,,54.28,54.27700523,,,,2025-12-05T13:23:08Z,2017,2017-01-01,2017-12-31
4853606,GHED_GGHE-D_pc_US_SHA2011,COUNTRY,NOR,EUR,Europe,YEAR,2023,,,,,,,,,7143.67,7143.66978368,,,,2025-12-05T13:23:08Z,2023,2023-01-01,2023-12-31
4856103,GHED_GGHE-D_pc_US_SHA2011,COUNTRY,DJI,EMR,Eastern Mediterranean,YEAR,2020,,,,,,,,,30.52,30.52297744,,,,2025-12-05T13:23:08Z,2020,2020-01-01,2020-12-31
4856509,GHED_GGHE-D_pc_US_SHA2011,COUNTRY,PLW,WPR,Western Pacific,YEAR,2015,,,,,,,,,787.31,787.30769014,,,,2025-12-05T13:23:08Z,2015,2015-01-01,2015-12-31
4856898,GHED_GGHE-D_pc_US_SHA2011,COUNTRY,MRT,AFR,Africa,YEAR,2002,,,,,,,,,5.67,5.66648985,,,,2025-12-05T13:23:08Z,2002,2002-01-01,2002-12-31
4857332,GHED_GGHE-D_pc_US_SHA2011,COUNTRY,COL,AMR,Americas,YEAR,2011,,,,,,,,,368.85,368.85335119,,,,2025-12-05T13:23:08Z,2011,2011-01-01,2011-12-31
4857830,GHED_GGHE-D_pc_US_SHA2011,COUNTRY,ETH,AFR,Africa,YEAR,2010,,,,,,,,,2.79,2.7925004,,,,2025-12-05T13:23:08Z,2010,2010-01-01,2010-12-31
4860693,GHED_GGHE-D_pc_US_SHA2011,COUNTRY,SAU,EMR,Eastern Mediterranean,YEAR,2020,,,,,,,,,1232.84,1232.84172529,,,,2025-12-05T13:23:08Z,2020,2020-01-01,2020-12-31
4862174,GHED_GGHE-D_pc_US_SHA2011,COUNTRY,GMB,AFR,Africa,YEAR,2010,,,,,,,,,7.36,7.35539384,,,,2025-12-05T13:23:08Z,2010,2010-01-01,2010-12-31
4862513,GHED_GGHE-D_pc_US_SHA2011,COUNTRY,MKD,EUR,Europe,YEAR,2020,,,,,,,,,308.51,308.50728035,,,,2025-12-05T13:23:08Z,2020,2020-01-01,2020-12-31
4862815,GHED_GGHE-D_pc_US_SHA2011,COUNTRY,CUB,AMR,Americas,YEAR,2006,,,,,,,,,331.11,331.11070345,,,,2025-12-05T13:23:08Z,2006,2006-01-01,2006-12-31
4863489,GHED_GGHE-D_pc_US_SHA2011,COUNTRY,ERI,AFR,Africa,YEAR,2015,,,,,,,,,4.78,4.78124934,,,,2025-12-05T13:23:08Z,2015,2015-01-01,2015-12-31
4864246,GHED_GGHE-D_pc_US_SHA2011,COUNTRY,UGA,AFR,Africa,YEAR,2020,,,,,,,,,10.17,10.17083024,,,,2025-12-05T13:23:08Z,2020,2020-01-01,2020-12-31
4864249,GHED_GGHE-D_pc_US_SHA2011,COUNTRY,ZWE,AFR,Africa,YEAR,2014,,,,,,,,,37.48,37.48382595,,,,2025-12-05T13:23:08Z,2014,2014-01-01,2014-12-31
4864926,GHED_GGHE-D_pc_US_SHA2011,COUNTRY,MMR,SEAR,South-East Asia,YEAR,2021,,,,,,,,,16.09,16.09075214,,,,2025-12-05T13:23:08Z,2021,2021-01-01,2021-12-31
4867891,GHED_GGHE-D_pc_US_SHA2011,COUNTRY,OMN,EMR,Eastern Mediterranean,YEAR,2014,,,,,,,,,653.53,653.53012621,,,,2025-12-05T13:23:08Z,2014,2014-01-01,2014-12-31
4870367,GHED_GGHE-D_pc_US_SHA2011,COUNTRY,NRU,WPR,Western Pacific,YEAR,2007,,,,,,,,,407.33,407.3267772,,,,2025-12-05T13:23:08Z,2007,2007-01-01,2007-12-31
4877294,GHED_GGHE-D_pc_US_SHA2011,COUNTRY,LIE,EUR,Europe,YEAR,2021,,,,,,,,,7486.44,7486.43911286,,,,2025-12-05T13:23:08Z,2021,2021-01-01,2021-12-31
4877994,GHED_GGHE-D_pc_US_SHA2011,COUNTRY,SAU,EMR,Eastern Mediterranean,YEAR,2000,,,,,,,,,355.48,355.48474212,,,,2025-12-05T13:23:08Z,2000,2000-01-01,2000-12-31
4881437,GHED_GGHE-D_pc_US_SHA2011,COUNTRY,LCA,AMR,Americas,YEAR,2011,,,,,,,,,165.84,165.84044971,,,,2025-12-05T13:23:08Z,2011,2011-01-01,2011-12-31
4883624,GHED_GGHE-D_pc_US_SHA2011,COUNTRY,UGA,AFR,Africa,YEAR,2008,,,,,,,,,6.89,6.89107875,,,,2025-12-05T13:23:08Z,2008,2008-01-01,2008-12-31
4884072,GHED_GGHE-D_pc_US_SHA2011,COUNTRY,CAF,AFR,Africa,YEAR,2001,,,,,,,,,3.48,3.48332084,,,,2025-12-05T13:23:08Z,2001,2001-01-01,2001-12-31
4886933,GHED_GGHE-D_pc_US_SHA2011,COUNTRY,NAM,AFR,Africa,YEAR,2023,,,,,,,,,232.33,232.3342768,,,,2025-12-05T13:23:08Z,2023,2023-01-01,2023-12-31
4888495,GHED_GGHE-D_pc_US_SHA2011,COUNTRY,ISL,EUR,Europe,YEAR,2006,,,,,,,,,4012.43,4012.42904749,,,,2025-12-05T13:23:08Z,2006,2006-01-01,2006-12-31
4892002,GHED_GGHE-D_pc_US_SHA2011,COUNTRY,LKA,SEAR,South-East Asia,YEAR,2020,,,,,,,,,80.56,80.55663172,,,,2025-12-05T13:23:08Z,2020,2020-01-01,2020-12-31
4897352,GHED_GGHE-D_pc_US_SHA2011,COUNTRY,AUT,EUR,Europe,YEAR,2007,,,,,,,,,3262.99,3262.9883222,,,,2025-12-05T13:23:08Z,2007,2007-01-01,2007-12-31
4900926,GHED_GGHE-D_pc_US_SHA2011,COUNTRY,SWE,EUR,Europe,YEAR,2001,,,,,,,,,1763.24,1763.2396663,,,,2025-12-05T13:23:08Z,2001,2001-01-01,2001-12-31
4901134,GHED_GGHE-D_pc_US_SHA2011,COUNTRY,IND,SEAR,South-East Asia,YEAR,2021,,,,,,,,,30.52,30.52121945,,,,2025-12-05T13:23:08Z,2021,2021-01-01,2021-12-31
4902259,GHED_GGHE-D_pc_US_SHA2011,COUNTRY,IDN,WPR,Western Pacific,YEAR,2005,,,,,,,,,9.86,9.85975332,,,,2025-12-05T13:23:08Z,2005,2005-01-01,2005-12-31
4903823,GHED_GGHE-D_pc_US_SHA2011,COUNTRY,SRB,EUR,Europe,YEAR,2019,,,,,,,,,374.05,374.04786261,,,,2025-12-05T13:23:08Z,2019,2019-01-01,2019-12-31
4906318,GHED_GGHE-D_pc_US_SHA2011,COUNTRY,BOL,AMR,Americas,YEAR,2022,,,,,,,,,168.19,168.18526058,,,,2025-12-05T13:23:08Z,2022,2022-01-01,2022-12-31
4907616,GHED_GGHE-D_pc_US_SHA2011,COUNTRY,HRV,EUR,Europe,YEAR,2004,,,,,,,,,506.04,506.0373981,,,,2025-12-05T13:23:08Z,2004,2004-01-01,2004-12-31
4907855,GHED_GGHE-D_pc_US_SHA2011,COUNTRY,KAZ,EUR,Europe,YEAR,2010,,,,,,,,,162.14,162.14391607,,,,2025-12-05T13:23:08Z,2010,2010-01-01,2010-12-31
4908234,GHED_GGHE-D_pc_US_SHA2011,COUNTRY,AGO,AFR,Africa,YEAR,2017,,,,,,,,,52.18,52.18087028,,,,2025-12-05T13:23:08Z,2017,2017-01-01,2017-12-31
4909892,GHED_GGHE-D_pc_US_SHA2011,COUNTRY,BIH,EUR,Europe,YEAR,2022,,,,,,,,,439.01,439.01327117,,,,2025-12-05T13:23:08Z,2022,2022-01-01,2022-12-31
4912903,GHED_GGHE-D_pc_US_SHA2011,COUNTRY,JAM,AMR,Americas,YEAR,2021,,,,,,,,,264.24,264.23526808,,,,2025-12-05T13:23:08Z,2021,2021-01-01,2021-12-31
4913270,GHED_GGHE-D_pc_US_SHA2011,COUNTRY,VUT,WPR,Western Pacific,YEAR,2003,,,,,,,,,39.00,39.00294421,,,,2025-12-05T13:23:08Z,2003,2003-01-01,2003-12-31
4914101,GHED_GGHE-D_pc_US_SHA2011,COUNTRY,BTN,SEAR,South-East Asia,YEAR,2002,,,,,,,,,25.82,25.81509331,,,,2025-12-05T13:23:08Z,2002,2002-01-01,2002-12-31
4914230,GHED_GGHE-D_pc_US_SHA2011,COUNTRY,MCO,EUR,Europe,YEAR,2003,,,,,,,,,3914.49,3914.48683784,,,,2025-12-05T13:23:08Z,2003,2003-01-01,2003-12-31
4916465,GHED_GGHE-D_pc_US_SHA2011,COUNTRY,AUT,EUR,Europe,YEAR,2005,,,,,,,,,2699.20,2699.1989081,,,,2025-12-05T13:23:08Z,2005,2005-01-01,2005-12-31
4916943,GHED_GGHE-D_pc_US_SHA2011,COUNTRY,PER,AMR,Americas,YEAR,2016,,,,,,,,,193.43,193.42919857,,,,2025-12-05T13:23:08Z,2016,2016-01-01,2016-12-31
4917139,GHED_GGHE-D_pc_US_SHA2011,COUNTRY,ROU,EUR,Europe,YEAR,2005,,,,,,,,,203.05,203.05204028,,,,2025-12-05T13:23:08Z,2005,2005-01-01,2005-12-31
4918348,GHED_GGHE-D_pc_US_SHA2011,COUNTRY,CMR,AFR,Africa,YEAR,2009,,,,,,,,,6.55,6.54714725,,,,2025-12-05T13:23:08Z,2009,2009-01-01,2009-12-31
4920424,GHED_GGHE-D_pc_US_SHA2011,WORLDBANKINCOMEGROUP,WB_LI,,,YEAR,2002,,,,,,,,,4.50,4.50077149,,,,2025-12-05T13:23:08Z,2002,2002-01-01,2002-12-31
4920798,GHED_GGHE-D_pc_US_SHA2011,COUNTRY,SUR,AMR,Americas,YEAR,2009,,,,,,,,,174.65,174.65425,,,,2025-12-05T13:23:08Z,2009,2009-01-01,2009-12-31
4924103,GHED_GGHE-D_pc_US_SHA2011,COUNTRY,GHA,AFR,Africa,YEAR,2007,,,,,,,,,25.30,25.29703945,,,,2025-12-05T13:23:08Z,2007,2007-01-01,2007-12-31
4926047,GHED_GGHE-D_pc_US_SHA2011,COUNTRY,LTU,EUR,Europe,YEAR,2018,,,,,,,,,819.21,819.21379933,,,,2025-12-05T13:23:08Z,2018,2018-01-01,2018-12-31
4928598,GHED_GGHE-D_pc_US_SHA2011,COUNTRY,URY,AMR,Americas,YEAR,2007,,,,,,,,,280.68,280.68480902,,,,2025-12-05T13:23:08Z,2007,2007-01-01,2007-12-31
4930513,GHED_GGHE-D_pc_US_SHA2011,COUNTRY,GRC,EUR,Europe,YEAR,2009,,,,,,,,,1919.17,1919.17343748,,,,2025-12-05T13:23:08Z,2009,2009-01-01,2009-12-31
4935074,GHED_GGHE-D_pc_US_SHA2011,COUNTRY,AGO,AFR,Africa,YEAR,2002,,,,,,,,,11.54,11.54402398,,,,2025-12-05T13:23:08Z,2002,2002-01-01,2002-12-31
4936935,GHED_GGHE-D_pc_US_SHA2011,COUNTRY,ZMB,AFR,Africa,YEAR,2004,,,,,,,,,7.22,7.21766002,,,,2025-12-05T13:23:08Z,2004,2004-01-01,2004-12-31
4941968,GHED_GGHE-D_pc_US_SHA2011,COUNTRY,ITA,EUR,Europe,YEAR,2012,,,,,,,,,2314.22,2314.21596518,,,,2025-12-05T13:23:08Z,2012,2012-01-01,2012-12-31
4942222,GHED_GGHE-D_pc_US_SHA2011,COUNTRY,VCT,AMR,Americas,YEAR,2012,,,,,,,,,185.31,185.30916436,,,,2025-12-05T13:23:08Z,2012,2012-01-01,2012-12-31
4945236,GHED_GGHE-D_pc_US_SHA2011,REGION,AMR,,,YEAR,2006,,,,,,,,,331.86,331.8584118,,,,2025-12-05T13:23:08Z,2006,2006-01-01,2006-12-31
4947361,GHED_GGHE-D_pc_US_SHA2011,COUNTRY,LVA,EUR,Europe,YEAR,2012,,,,,,,,,449.90,449.90359409,,,,2025-12-05T13:23:08Z,2012,2012-01-01,2012-12-31
4953388,GHED_GGHE-D_pc_US_SHA2011,COUNTRY,TCD,AFR,Africa,YEAR,2017,,,,,,,,,4.49,4.49283184,,,,2025-12-05T13:23:08Z,2017,2017-01-01,2017-12-31
4955356,GHED_GGHE-D_pc_US_SHA2011,COUNTRY,MNG,WPR,Western Pacific,YEAR,2009,,,,,,,,,53.34,53.34414553,,,,2025-12-05T13:23:08Z,2009,2009-01-01,2009-12-31
4955859,GHED_GGHE-D_pc_US_SHA2011,COUNTRY,EST,EUR,Europe,YEAR,2004,,,,,,,,,348.77,348.77124581,,,,2025-12-05T13:23:08Z,2004,2004-01-01,2004-12-31
4957639,GHED_GGHE-D_pc_US_SHA2011,COUNTRY,MDA,EUR,Europe,YEAR,2007,,,,,,,,,69.19,69.19142047,,,,2025-12-05T13:23:08Z,2007,2007-01-01,2007-12-31
4957829,GHED_GGHE-D_pc_US_SHA2011,COUNTRY,KHM,WPR,Western Pacific,YEAR,2008,,,,,,,,,7.55,7.54517173,,,,2025-12-05T13:23:08Z,2008,2008-01-01,2008-12-31
4958488,GHED_GGHE-D_pc_US_SHA2011,COUNTRY,MYS,WPR,Western Pacific,YEAR,2003,,,,,,,,,73.87,73.86633164,,,,2025-12-05T13:23:08Z,2003,2003-01-01,2003-12-31
4961009,GHED_GGHE-D_pc_US_SHA2011,COUNTRY,TJK,EUR,Europe,YEAR,2022,,,,,,,,,18.41,18.41149911,,,,2025-12-05T13:23:08Z,2022,2022-01-01,2022-12-31
4961870,GHED_GGHE-D_pc_US_SHA2011,COUNTRY,GNB,AFR,Africa,YEAR,2014,,,,,,,,,3.89,3.88930809,,,,2025-12-05T13:23:08Z,2014,2014-01-01,2014-12-31
4962705,GHED_GGHE-D_pc_US_SHA2011,GLOBAL,GLOBAL,,,YEAR,2012,,,,,,,,,723.86,723.86380154,,,,2025-12-05T13:23:08Z,2012,2012-01-01,2012-12-31
4977078,GHED_GGHE-D_pc_US_SHA2011,REGION,SEAR,,,YEAR,2010,,,,,,,,,65.73,65.73176967,,,,2025-12-05T13:23:08Z,2010,2010-01-01,2010-12-31
4981614,GHED_GGHE-D_pc_US_SHA2011,COUNTRY,MKD,EUR,Europe,YEAR,2010,,,,,,,,,186.62,186.61668491,,,,2025-12-05T13:23:08Z,2010,2010-01-01,2010-12-31
4981949,GHED_GGHE-D_pc_US_SHA2011,COUNTRY,BGR,EUR,Europe,YEAR,2017,,,,,,,,,355.74,355.7351097,,,,2025-12-05T13:23:08Z,2017,2017-01-01,2017-12-31
4982194,GHED_GGHE-D_pc_US_SHA2011,COUNTRY,BOL,AMR,Americas,YEAR,2007,,,,,,,,,37.60,37.59602028,,,,2025-12-05T13:23:08Z,2007,2007-01-01,2007-12-31
4988046,GHED_GGHE-D_pc_US_SHA2011,COUNTRY,PHL,WPR,Western Pacific,YEAR,2021,,,,,,,,,93.07,93.06838537,,,,2025-12-05T13:23:08Z,2021,2021-01-01,2021-12-31
4989938,GHED_GGHE-D_pc_US_SHA2011,COUNTRY,SWE,EUR,Europe,YEAR,2015,,,,,,,,,4715.06,4715.06082294,,,,2025-12-05T13:23:08Z,2015,2015-01-01,2015-12-31
4990949,GHED_GGHE-D_pc_US_SHA2011,COUNTRY,ARM,EUR,Europe,YEAR,2007,,,,,,,,,49.95,49.94578514,,,,2025-12-05T13:23:08Z,2007,2007-01-01,2007-12-31
4999029,GHED_GGHE-D_pc_US_SHA2011,COUNTRY,KIR,WPR,Western Pacific,YEAR,2000,,,,,,,,,63.43,63.43345306,,,,2025-12-05T13:23:08Z,2000,2000-01-01,2000-12-31
4999195,GHED_GGHE-D_pc_US_SHA2011,COUNTRY,FRA,EUR,Europe,YEAR,2011,,,,,,,,,3429.84,3429.84260563,,,,2025-12-05T13:23:08Z,2011,2011-01-01,2011-12-31
4999316,GHED_GGHE-D_pc_US_SHA2011,COUNTRY,JPN,WPR,Western Pacific,YEAR,2021,,,,,,,,,4178.58,4178.57744132,,,,2025-12-05T13:23:08Z,2021,2021-01-01,2021-12-31
4999687,GHED_GGHE-D_pc_US_SHA2011,COUNTRY,HUN,EUR,Europe,YEAR,2001,,,,,,,,,240.65,240.6453906,,,,2025-12-05T13:23:08Z,2001,2001-01-01,2001-12-31
5001866,GHED_GGHE-D_pc_US_SHA2011,COUNTRY,KOR,WPR,Western Pacific,YEAR,2007,,,,,,,,,690.28,690.27580417,,,,2025-12-05T13:23:08Z,2007,2007-01-01,2007-12-31
5004349,GHED_GGHE-D_pc_US_SHA2011,COUNTRY,MUS,AFR,Africa,YEAR,2001,,,,,,,,,62.58,62.58302821,,,,2025-12-05T13:23:08Z,2001,2001-01-01,2001-12-31
5004425,GHED_GGHE-D_pc_US_SHA2011,COUNTRY,PAK,EMR,Eastern Mediterranean,YEAR,2011,,,,,,,,,5.11,5.11231129,,,,2025-12-05T13:23:08Z,2011,2011-01-01,2011-12-31
5005985,GHED_GGHE-D_pc_US_SHA2011,COUNTRY,ROU,EUR,Europe,YEAR,2023,,,,,,,,,797.33,797.32959272,,,,2025-12-05T13:23:08Z,2023,2023-01-01,2023-12-31
5006738,GHED_GGHE-D_pc_US_SHA2011,COUNTRY,TZA,AFR,Africa,YEAR,2022,,,,,,,,,11.25,11.25410135,,,,2025-12-05T13:23:08Z,2022,2022-01-01,2022-12-31
5008736,GHED_GGHE-D_pc_US_SHA2011,COUNTRY,BEN,AFR,Africa,YEAR,2019,,,,,,,,,5.16,5.15910829,,,,2025-12-05T13:23:08Z,2019,2019-01-01,2019-12-31
5012751,GHED_GGHE-D_pc_US_SHA2011,COUNTRY,BLR,EUR,Europe,YEAR,2016,,,,,,,,,210.66,210.65683064,,,,2025-12-05T13:23:08Z,2016,2016-01-01,2016-12-31
5013223,GHED_GGHE-D_pc_US_SHA2011,COUNTRY,VUT,WPR,Western Pacific,YEAR,2012,,,,,,,,,69.09,69.09280812,,,,2025-12-05T13:23:08Z,2012,2012-01-01,2012-12-31
5014822,GHED_GGHE-D_pc_US_SHA2011,COUNTRY,EGY,EMR,Eastern Mediterranean,YEAR,2021,,,,,,,,,66.67,66.66658437,,,,2025-12-05T13:23:08Z,2021,2021-01-01,2021-12-31
5015052,GHED_GGHE-D_pc_US_SHA2011,COUNTRY,SWE,EUR,Europe,YEAR,2005,,,,,,,,,2910.82,2910.81808951,,,,2025-12-05T13:23:08Z,2005,2005-01-01,2005-12-31
5020090,GHED_GGHE-D_pc_US_SHA2011,COUNTRY,COL,AMR,Americas,YEAR,2003,,,,,,,,,100.38,100.37665322,,,,2025-12-05T13:23:08Z,2003,2003-01-01,2003-12-31
5020392,GHED_GGHE-D_pc_US_SHA2011,COUNTRY,SEN,AFR,Africa,YEAR,2007,,,,,,,,,15.68,15.67979119,,,,2025-12-05T13:23:08Z,2007,2007-01-01,2007-12-31
5021583,GHED_GGHE-D_pc_US_SHA2011,COUNTRY,MDV,SEAR,South-East Asia,YEAR,2003,,,,,,,,,76.23,76.23018068,,,,2025-12-05T13:23:08Z,2003,2003-01-01,2003-12-31
5026337,GHED_GGHE-D_pc_US_SHA2011,COUNTRY,ERI,AFR,Africa,YEAR,2014,,,,,,,,,4.31,4.31211135,,,,2025-12-05T13:23:08Z,2014,2014-01-01,2014-12-31
5027037,GHED_GGHE-D_pc_US_SHA2011,COUNTRY,HUN,EUR,Europe,YEAR,2002,,,,,,,,,327.59,327.59431636,,,,2025-12-05T13:23:08Z,2002,2002-01-01,2002-12-31
5028777,GHED_GGHE-D_pc_US_SHA2011,COUNTRY,BEN,AFR,Africa,YEAR,2008,,,,,,,,,7.88,7.87507709,,,,2025-12-05T13:23:08Z,2008,2008-01-01,2008-12-31
5032912,GHED_GGHE-D_pc_US_SHA2011,COUNTRY,OMN,EMR,Eastern Mediterranean,YEAR,2008,,,,,,,,,367.84,367.8404796,,,,2025-12-05T13:23:08Z,2008,2008-01-01,2008-12-31
5037820,GHED_GGHE-D_pc_US_SHA2011,COUNTRY,ARG,AMR,Americas,YEAR,2008,,,,,,,,,405.03,405.0315394,,,,2025-12-05T13:23:08Z,2008,2008-01-01,2008-12-31
5039842,GHED_GGHE-D_pc_US_SHA2011,WORLDBANKINCOMEGROUP,WB_LI,,,YEAR,2015,,,,,,,,,7.30,7.29941849,,,,2025-12-05T13:23:08Z,2015,2015-01-01,2015-12-31
5042469,GHED_GGHE-D_pc_US_SHA2011,COUNTRY,MDA,EUR,Europe,YEAR,2016,,,,,,,,,83.53,83.52591214,,,,2025-12-05T13:23:08Z,2016,2016-01-01,2016-12-31
5043631,GHED_GGHE-D_pc_US_SHA2011,COUNTRY,CPV,AFR,Africa,YEAR,2004,,,,,,,,,66.67,66.67031858,,,,2025-12-05T13:23:08Z,2004,2004-01-01,2004-12-31
5047031,GHED_GGHE-D_pc_US_SHA2011,COUNTRY,MCO,EUR,Europe,YEAR,2020,,,,,,,,,6672.22,6672.22234845,,,,2025-12-05T13:23:08Z,2020,2020-01-01,2020-12-31
5047845,GHED_GGHE-D_pc_US_SHA2011,COUNTRY,LAO,WPR,Western Pacific,YEAR,2000,,,,,,,,,4.07,4.06770942,,,,2025-12-05T13:23:08Z,2000,2000-01-01,2000-12-31
5049019,GHED_GGHE-D_pc_US_SHA2011,COUNTRY,FJI,WPR,Western Pacific,YEAR,2006,,,,,,,,,93.45,93.45045223,,,,2025-12-05T13:23:08Z,2006,2006-01-01,2006-12-31
5054044,GHED_GGHE-D_pc_US_SHA2011,COUNTRY,STP,AFR,Africa,YEAR,2003,,,,,,,,,37.61,37.60682569,,,,2025-12-05T13:23:08Z,2003,2003-01-01,2003-12-31
5054524,GHED_GGHE-D_pc_US_SHA2011,COUNTRY,KEN,AFR,Africa,YEAR,2015,,,,,,,,,28.65,28.64894796,,,,2025-12-05T13:23:08Z,2015,2015-01-01,2015-12-31
5056707,GHED_GGHE-D_pc_US_SHA2011,COUNTRY,LUX,EUR,Europe,YEAR,2018,,,,,,,,,5288.11,5288.11161522,,,,2025-12-05T13:23:08Z,2018,2018-01-01,2018-12-31
5056885,GHED_GGHE-D_pc_US_SHA2011,COUNTRY,LBR,AFR,Africa,YEAR,2008,,,,,,,,,4.03,4.03108817,,,,2025-12-05T13:23:08Z,2008,2008-01-01,2008-12-31
5059064,GHED_GGHE-D_pc_US_SHA2011,COUNTRY,RUS,EUR,Europe,YEAR,2015,,,,,,,,,291.80,291.80145991,,,,2025-12-05T13:23:08Z,2015,2015-01-01,2015-12-31
5060559,GHED_GGHE-D_pc_US_SHA2011,COUNTRY,KOR,WPR,Western Pacific,YEAR,2008,,,,,,,,,633.58,633.57669194,,,,2025-12-05T13:23:08Z,2008,2008-01-01,2008-12-31
5060878,GHED_GGHE-D_pc_US_SHA2011,COUNTRY,HTI,AMR,Americas,YEAR,2019,,,,,,,,,5.14,5.13920596,,,,2025-12-05T13:23:08Z,2019,2019-01-01,2019-12-31
5061891,GHED_GGHE-D_pc_US_SHA2011,COUNTRY,MDA,EUR,Europe,YEAR,2000,,,,,,,,,10.47,10.46627459,,,,2025-12-05T13:23:08Z,2000,2000-01-01,2000-12-31
5062634,GHED_GGHE-D_pc_US_SHA2011,COUNTRY,KWT,EMR,Eastern Mediterranean,YEAR,2006,,,,,,,,,598.58,598.58104611,,,,2025-12-05T13:23:08Z,2006,2006-01-01,2006-12-31
5063644,GHED_GGHE-D_pc_US_SHA2011,WORLDBANKINCOMEGROUP,WB_UMI,,,YEAR,2013,,,,,,,,,237.02,237.02175847,,,,2025-12-05T13:23:08Z,2013,2013-01-01,2013-12-31
5065681,GHED_GGHE-D_pc_US_SHA2011,COUNTRY,GUY,AMR,Americas,YEAR,2016,,,,,,,,,148.65,148.6457001,,,,2025-12-05T13:23:08Z,2016,2016-01-01,2016-12-31
5067822,GHED_GGHE-D_pc_US_SHA2011,COUNTRY,CIV,AFR,Africa,YEAR,2010,,,,,,,,,12.86,12.86064945,,,,2025-12-05T13:23:08Z,2010,2010-01-01,2010-12-31
5068209,GHED_GGHE-D_pc_US_SHA2011,COUNTRY,SDN,EMR,Eastern Mediterranean,YEAR,2009,,,,,,,,,32.89,32.89474536,,,,2025-12-05T13:23:08Z,2009,2009-01-01,2009-12-31
5069234,GHED_GGHE-D_pc_US_SHA2011,COUNTRY,ARM,EUR,Europe,YEAR,2006,,,,,,,,,33.87,33.86978734,,,,2025-12-05T13:23:08Z,2006,2006-01-01,2006-12-31
5073587,GHED_GGHE-D_pc_US_SHA2011,COUNTRY,SEN,AFR,Africa,YEAR,2018,,,,,,,,,16.25,16.25321664,,,,2025-12-05T13:23:08Z,2018,2018-01-01,2018-12-31
5074377,GHED_GGHE-D_pc_US_SHA2011,COUNTRY,FRA,EUR,Europe,YEAR,2001,,,,,,,,,1595.38,1595.38415234,,,,2025-12-05T13:23:08Z,2001,2001-01-01,2001-12-31
5075244,GHED_GGHE-D_pc_US_SHA2011,COUNTRY,BWA,AFR,Africa,YEAR,2014,,,,,,,,,284.21,284.21060237,,,,2025-12-05T13:23:08Z,2014,2014-01-01,2014-12-31
5082481,GHED_GGHE-D_pc_US_SHA2011,COUNTRY,ECU,AMR,Americas,YEAR,2020,,,,,,,,,288.44,288.44364034,,,,2025-12-05T13:23:08Z,2020,2020-01-01,2020-12-31
5084289,GHED_GGHE-D_pc_US_SHA2011,COUNTRY,SDN,EMR,Eastern Mediterranean,YEAR,2005,,,,,,,,,14.49,14.48552016,,,,2025-12-05T13:23:08Z,2005,2005-01-01,2005-12-31
5084602,GHED_GGHE-D_pc_US_SHA2011,COUNTRY,GAB,AFR,Africa,YEAR,2023,,,,,,,,,166.17,166.17179936,,,,2025-12-05T13:23:08Z,2023,2023-01-01,2023-12-31
5085795,GHED_GGHE-D_pc_US_SHA2011,COUNTRY,BHS,AMR,Americas,YEAR,2013,,,,,,,,,711.51,711.51427385,,,,2025-12-05T13:23:08Z,2013,2013-01-01,2013-12-31
5086990,GHED_GGHE-D_pc_US_SHA2011,COUNTRY,GRC,EUR,Europe,YEAR,2018,,,,,,,,,829.12,829.11790642,,,,2025-12-05T13:23:08Z,2018,2018-01-01,2018-12-31
5087428,GHED_GGHE-D_pc_US_SHA2011,COUNTRY,MDA,EUR,Europe,YEAR,2001,,,,,,,,,11.68,11.67509098,,,,2025-12-05T13:23:08Z,2001,2001-01-01,2001-12-31
5094918,GHED_GGHE-D_pc_US_SHA2011,COUNTRY,MMR,SEAR,South-East Asia,YEAR,2007,,,,,,,,,1.00,0.99563144,,,,2025-12-05T13:23:08Z,2007,2007-01-01,2007-12-31
5096554,GHED_GGHE-D_pc_US_SHA2011,COUNTRY,CIV,AFR,Africa,YEAR,2020,,,,,,,,,29.03,29.03030455,,,,2025-12-05T13:23:08Z,2020,2020-01-01,2020-12-31
5098277,GHED_GGHE-D_pc_US_SHA2011,COUNTRY,ZWE,AFR,Africa,YEAR,2011,,,,,,,,,21.99,21.98633569,,,,2025-12-05T13:23:08Z,2011,2011-01-01,2011-12-31
5098416,GHED_GGHE-D_pc_US_SHA2011,COUNTRY,BWA,AFR,Africa,YEAR,2002,,,,,,,,,116.37,116.37255173,,,,2025-12-05T13:23:08Z,2002,2002-01-01,2002-12-31
5100499,GHED_GGHE-D_pc_US_SHA2011,COUNTRY,SVK,EUR,Europe,YEAR,2012,,,,,,,,,938.43,938.4266963,,,,2025-12-05T13:23:08Z,2012,2012-01-01,2012-12-31
5100606,GHED_GGHE-D_pc_US_SHA2011,COUNTRY,TCD,AFR,Africa,YEAR,2019,,,,,,,,,4.59,4.58725909,,,,2025-12-05T13:23:08Z,2019,2019-01-01,2019-12-31
5100752,GHED_GGHE-D_pc_US_SHA2011,COUNTRY,ECU,AMR,Americas,YEAR,2016,,,,,,,,,273.66,273.65877014,,,,2025-12-05T13:23:08Z,2016,2016-01-01,2016-12-31
5102496,GHED_GGHE-D_pc_US_SHA2011,COUNTRY,MRT,AFR,Africa,YEAR,2007,,,,,,,,,10.73,10.73361212,,,,2025-12-05T13:23:08Z,2007,2007-01-01,2007-12-31
5104004,GHED_GGHE-D_pc_US_SHA2011,COUNTRY,GBR,EUR,Europe,YEAR,2001,,,,,,,,,1575.00,1574.9989332,,,,2025-12-05T13:23:08Z,2001,2001-01-01,2001-12-31
5105135,GHED_GGHE-D_pc_US_SHA2011,COUNTRY,DOM,AMR,Americas,YEAR,2016,,,,,,,,,191.19,191.18508402,,,,2025-12-05T13:23:08Z,2016,2016-01-01,2016-12-31
5110764,GHED_GGHE-D_pc_US_SHA2011,COUNTRY,BLR,EUR,Europe,YEAR,2015,,,,,,,,,219.38,219.38252684,,,,2025-12-05T13:23:08Z,2015,2015-01-01,2015-12-31
5110886,GHED_GGHE-D_pc_US_SHA2011,COUNTRY,AUS,WPR,Western Pacific,YEAR,2010,,,,,,,,,3580.21,3580.21155105,,,,2025-12-05T13:23:08Z,2010,2010-01-01,2010-12-31
5111794,GHED_GGHE-D_pc_US_SHA2011,COUNTRY,KEN,AFR,Africa,YEAR,2005,,,,,,,,,8.23,8.23078961,,,,2025-12-05T13:23:08Z,2005,2005-01-01,2005-12-31
5112573,GHED_GGHE-D_pc_US_SHA2011,COUNTRY,SDN,EMR,Eastern Mediterranean,YEAR,2021,,,,,,,,,5.65,5.65297739,,,,2025-12-05T13:23:08Z,2021,2021-01-01,2021-12-31
5112648,GHED_GGHE-D_pc_US_SHA2011,COUNTRY,HND,AMR,Americas,YEAR,2001,,,,,,,,,28.20,28.20475986,,,,2025-12-05T13:23:08Z,2001,2001-01-01,2001-12-31
5118137,GHED_GGHE-D_pc_US_SHA2011,COUNTRY,UKR,EUR,Europe,YEAR,2000,,,,,,,,,16.38,16.38408919,,,,2025-12-05T13:23:08Z,2000,2000-01-01,2000-12-31
5118253,GHED_GGHE-D_pc_US_SHA2011,COUNTRY,ZMB,AFR,Africa,YEAR,2022,,,,,,,,,36.28,36.27853454,,,,2025-12-05T13:23:08Z,2022,2022-01-01,2022-12-31
5120222,GHED_GGHE-D_pc_US_SHA2011,COUNTRY,BWA,AFR,Africa,YEAR,2016,,,,,,,,,258.98,258.97910501,,,,2025-12-05T13:23:08Z,2016,2016-01-01,2016-12-31
5120600,GHED_GGHE-D_pc_US_SHA2011,COUNTRY,PRY,AMR,Americas,YEAR,2000,,,,,,,,,40.36,40.36280259,,,,2025-12-05T13:23:08Z,2000,2000-01-01,2000-12-31
5120997,GHED_GGHE-D_pc_US_SHA2011,COUNTRY,SUR,AMR,Americas,YEAR,2004,,,,,,,,,94.58,94.57624459,,,,2025-12-05T13:23:08Z,2004,2004-01-01,2004-12-31
5122130,GHED_GGHE-D_pc_US_SHA2011,COUNTRY,MEX,AMR,Americas,YEAR,2007,,,,,,,,,244.53,244.53485543,,,,2025-12-05T13:23:08Z,2007,2007-01-01,2007-12-31
5123684,GHED_GGHE-D_pc_US_SHA2011,COUNTRY,SYC,AFR,Africa,YEAR,2000,,,,,,,,,279.37,279.37433247,,,,2025-12-05T13:23:08Z,2000,2000-01-01,2000-12-31
5124889,GHED_GGHE-D_pc_US_SHA2011,COUNTRY,NIU,WPR,Western Pacific,YEAR,2015,,,,,,,,,760.47,760.47370495,,,,2025-12-05T13:23:08Z,2015,2015-01-01,2015-12-31
5125873,GHED_GGHE-D_pc_US_SHA2011,COUNTRY,TTO,AMR,Americas,YEAR,2012,,,,,,,,,436.84,436.84235812,,,,2025-12-05T13:23:08Z,2012,2012-01-01,2012-12-31
5127102,GHED_GGHE-D_pc_US_SHA2011,COUNTRY,USA,AMR,Americas,YEAR,2014,,,,,,,,,4467.73,4467.72836011,,,,2025-12-05T13:23:08Z,2014,2014-01-01,2014-12-31
5130235,GHED_GGHE-D_pc_US_SHA2011,COUNTRY,COM,AFR,Africa,YEAR,2003,,,,,,,,,8.19,8.18558995,,,,2025-12-05T13:23:08Z,2003,2003-01-01,2003-12-31
5135102,GHED_GGHE-D_pc_US_SHA2011,COUNTRY,TKM,EUR,Europe,YEAR,2000,,,,,,,,,35.23,35.22882099,,,,2025-12-05T13:23:08Z,2000,2000-01-01,2000-12-31
5135105,GHED_GGHE-D_pc_US_SHA2011,COUNTRY,COG,AFR,Africa,YEAR,2004,,,,,,,,,6.23,6.22817259,,,,2025-12-05T13:23:08Z,2004,2004-01-01,2004-12-31
5135469,GHED_GGHE-D_pc_US_SHA2011,COUNTRY,CUB,AMR,Americas,YEAR,2010,,,,,,,,,552.46,552.46493607,,,,2025-12-05T13:23:08Z,2010,2010-01-01,2010-12-31
5138406,GHED_GGHE-D_pc_US_SHA2011,COUNTRY,AND,EUR,Europe,YEAR,2023,,,,,,,,,2552.57,2552.56689617,,,,2025-12-05T13:23:08Z,2023,2023-01-01,2023-12-31
5139981,GHED_GGHE-D_pc_US_SHA2011,COUNTRY,BRB,AMR,Americas,YEAR,2013,,,,,,,,,640.84,640.83732114,,,,2025-12-05T13:23:08Z,2013,2013-01-01,2013-12-31
5140373,GHED_GGHE-D_pc_US_SHA2011,COUNTRY,ZAF,AFR,Africa,YEAR,2022,,,,,,,,,351.16,351.16288508,,,,2025-12-05T13:23:08Z,2022,2022-01-01,2022-12-31
5140658,GHED_GGHE-D_pc_US_SHA2011,COUNTRY,OMN,EMR,Eastern Mediterranean,YEAR,2006,,,,,,,,,275.94,275.93684316,,,,2025-12-05T13:23:08Z,2006,2006-01-01,2006-12-31
5143117,GHED_GGHE-D_pc_US_SHA2011,COUNTRY,SSD,AFR,Africa,YEAR,2023,,,,,,,,,3.14,3.14048574,,,,2025-12-05T13:23:08Z,2023,2023-01-01,2023-12-31
5144636,GHED_GGHE-D_pc_US_SHA2011,COUNTRY,SDN,EMR,Eastern Mediterranean,YEAR,2004,,,,,,,,,11.09,11.09162193,,,,2025-12-05T13:23:08Z,2004,2004-01-01,2004-12-31
5145846,GHED_GGHE-D_pc_US_SHA2011,COUNTRY,TJK,EUR,Europe,YEAR,2009,,,,,,,,,7.21,7.20598181,,,,2025-12-05T13:23:08Z,2009,2009-01-01,2009-12-31
5146766,GHED_GGHE-D_pc_US_SHA2011,COUNTRY,FIN,EUR,Europe,YEAR,2014,,,,,,,,,3916.09,3916.08901762,,,,2025-12-05T13:23:08Z,2014,2014-01-01,2014-12-31
5146814,GHED_GGHE-D_pc_US_SHA2011,COUNTRY,USA,AMR,Americas,YEAR,2008,,,,,,,,,3497.73,3497.73292592,,,,2025-12-05T13:23:08Z,2008,2008-01-01,2008-12-31
5147680,GHED_GGHE-D_pc_US_SHA2011,COUNTRY,KAZ,EUR,Europe,YEAR,2014,,,,,,,,,265.12,265.12192784,,,,2025-12-05T13:23:08Z,2014,2014-01-01,2014-12-31
5149109,GHED_GGHE-D_pc_US_SHA2011,COUNTRY,PRY,AMR,Americas,YEAR,2006,,,,,,,,,42.99,42.99105307,,,,2025-12-05T13:23:08Z,2006,2006-01-01,2006-12-31
5150562,GHED_GGHE-D_pc_US_SHA2011,COUNTRY,CHL,AMR,Americas,YEAR,2019,,,,,,,,,691.55,691.55450938,,,,2025-12-05T13:23:08Z,2019,2019-01-01,2019-12-31
5152464,GHED_GGHE-D_pc_US_SHA2011,COUNTRY,MMR,SEAR,South-East Asia,YEAR,2022,,,,,,,,,6.41,6.4066502,,,,2025-12-05T13:23:08Z,2022,2022-01-01,2022-12-31
5157947,GHED_GGHE-D_pc_US_SHA2011,COUNTRY,AZE,EUR,Europe,YEAR,2022,,,,,,,,,72.96,72.95872942,,,,2025-12-05T13:23:08Z,2022,2022-01-01,2022-12-31
5158067,GHED_GGHE-D_pc_US_SHA2011,COUNTRY,LCA,AMR,Americas,YEAR,2003,,,,,,,,,99.45,99.45382465,,,,2025-12-05T13:23:08Z,2003,2003-01-01,2003-12-31
5161338,GHED_GGHE-D_pc_US_SHA2011,COUNTRY,MDA,EUR,Europe,YEAR,2013,,,,,,,,,108.19,108.18710393,,,,2025-12-05T13:23:08Z,2013,2013-01-01,2013-12-31
5164746,GHED_GGHE-D_pc_US_SHA2011,COUNTRY,SMR,EUR,Europe,YEAR,2002,,,,,,,,,1685.55,1685.54722074,,,,2025-12-05T13:23:08Z,2002,2002-01-01,2002-12-31
5169234,GHED_GGHE-D_pc_US_SHA2011,COUNTRY,BWA,AFR,Africa,YEAR,2012,,,,,,,,,270.15,270.15368942,,,,2025-12-05T13:23:08Z,2012,2012-01-01,2012-12-31
5169330,GHED_GGHE-D_pc_US_SHA2011,COUNTRY,MUS,AFR,Africa,YEAR,2015,,,,,,,,,214.93,214.93031666,,,,2025-12-05T13:23:08Z,2015,2015-01-01,2015-12-31
5170037,GHED_GGHE-D_pc_US_SHA2011,COUNTRY,MUS,AFR,Africa,YEAR,2013,,,,,,,,,183.94,183.93819534,,,,2025-12-05T13:23:08Z,2013,2013-01-01,2013-12-31
5170368,GHED_GGHE-D_pc_US_SHA2011,COUNTRY,BEN,AFR,Africa,YEAR,2023,,,,,,,,,6.82,6.8243476,,,,2025-12-05T13:23:08Z,2023,2023-01-01,2023-12-31
5173939,GHED_GGHE-D_pc_US_SHA2011,REGION,AFR,,,YEAR,2010,,,,,,,,,51.56,51.5647227,,,,2025-12-05T13:23:08Z,2010,2010-01-01,2010-12-31
5180329,GHED_GGHE-D_pc_US_SHA2011,COUNTRY,HND,AMR,Americas,YEAR,2015,,,,,,,,,66.95,66.9542315,,,,2025-12-05T13:23:08Z,2015,2015-01-01,2015-12-31
5184187,GHED_GGHE-D_pc_US_SHA2011,COUNTRY,DZA,AFR,Africa,YEAR,2001,,,,,,,,,51.12,51.11676805,,,,2025-12-05T13:23:08Z,2001,2001-01-01,2001-12-31
5186470,GHED_GGHE-D_pc_US_SHA2011,COUNTRY,CUB,AMR,Americas,YEAR,2020,,,,,,,,,1091.70,1091.70347288,,,,2025-12-05T13:23:08Z,2020,2020-01-01,2020-12-31
5191826,GHED_GGHE-D_pc_US_SHA2011,COUNTRY,SEN,AFR,Africa,YEAR,2014,,,,,,,,,15.11,15.10854432,,,,2025-12-05T13:23:08Z,2014,2014-01-01,2014-12-31
5191944,GHED_GGHE-D_pc_US_SHA2011,COUNTRY,WSM,WPR,Western Pacific,YEAR,2003,,,,,,,,,55.34,55.33916275,,,,2025-12-05T13:23:08Z,2003,2003-01-01,2003-12-31
5192235,GHED_GGHE-D_pc_US_SHA2011,COUNTRY,FJI,WPR,Western Pacific,YEAR,2007,,,,,,,,,101.40,101.39838317,,,,2025-12-05T13:23:08Z,2007,2007-01-01,2007-12-31
5192699,GHED_GGHE-D_pc_US_SHA2011,COUNTRY,LTU,EUR,Europe,YEAR,2012,,,,,,,,,597.50,597.50173685,,,,2025-12-05T13:23:08Z,2012,2012-01-01,2012-12-31
5200420,GHED_GGHE-D_pc_US_SHA2011,COUNTRY,CYP,EUR,Europe,YEAR,2021,,,,,,,,,2317.88,2317.88152731,,,,2025-12-05T13:23:08Z,2021,2021-01-01,2021-12-31
5202150,GHED_GGHE-D_pc_US_SHA2011,COUNTRY,TZA,AFR,Africa,YEAR,2000,,,,,,,,,2.69,2.6928073,,,,2025-12-05T13:23:08Z,2000,2000-01-01,2000-12-31
5203334,GHED_GGHE-D_pc_US_SHA2011,COUNTRY,KIR,WPR,Western Pacific,YEAR,2022,,,,,,,,,176.01,176.01387232,,,,2025-12-05T13:23:08Z,2022,2022-01-01,2022-12-31
5204370,GHED_GGHE-D_pc_US_SHA2011,COUNTRY,PAK,EMR,Eastern Mediterranean,YEAR,2019,,,,,,,,,11.93,11.9312959,,,,2025-12-05T13:23:08Z,2019,2019-01-01,2019-12-31
5206365,GHED_GGHE-D_pc_US_SHA2011,COUNTRY,SYC,AFR,Africa,YEAR,2011,,,,,,,,,316.33,316.32840153,,,,2025-12-05T13:23:08Z,2011,2011-01-01,2011-12-31
5209558,GHED_GGHE-D_pc_US_SHA2011,REGION,WPR,,,YEAR,2018,,,,,,,,,717.79,717.78617214,,,,2025-12-05T13:23:08Z,2018,2018-01-01,2018-12-31
5210909,GHED_GGHE-D_pc_US_SHA2011,COUNTRY,MDA,EUR,Europe,YEAR,2023,,,,,,,,,314.26,314.26020905,,,,2025-12-05T13:23:08Z,2023,2023-01-01,2023-12-31
5211983,GHED_GGHE-D_pc_US_SHA2011,COUNTRY,NIU,WPR,Western Pacific,YEAR,2018,,,,,,,,,932.33,932.33158817,,,,2025-12-05T13:23:08Z,2018,2018-01-01,2018-12-31
5218563,GHED_GGHE-D_pc_US_SHA2011,COUNTRY,TLS,SEAR,South-East Asia,YEAR,2011,,,,,,,,,33.49,33.49003497,,,,2025-12-05T13:23:08Z,2011,2011-01-01,2011-12-31
5219514,GHED_GGHE-D_pc_US_SHA2011,COUNTRY,SLE,AFR,Africa,YEAR,2007,,,,,,,,,2.65,2.65106935,,,,2025-12-05T13:23:08Z,2007,2007-01-01,2007-12-31
5220298,GHED_GGHE-D_pc_US_SHA2011,COUNTRY,CAN,AMR,Americas,YEAR,2019,,,,,,,,,3545.63,3545.62883963,,,,2025-12-05T13:23:08Z,2019,2019-01-01,2019-12-31
5221032,GHED_GGHE-D_pc_US_SHA2011,COUNTRY,YEM,EMR,Eastern Mediterranean,YEAR,2003,,,,,,,,,13.20,13.19639367,,,,2025-12-05T13:23:08Z,2003,2003-01-01,2003-12-31
5222111,GHED_GGHE-D_pc_US_SHA2011,COUNTRY,PNG,WPR,Western Pacific,YEAR,2021,,,,,,,,,30.51,30.51265088,,,,2025-12-05T13:23:08Z,2021,2021-01-01,2021-12-31
5222849,GHED_GGHE-D_pc_US_SHA2011,COUNTRY,LVA,EUR,Europe,YEAR,2004,,,,,,,,,220.93,220.93495632,,,,2025-12-05T13:23:08Z,2004,2004-01-01,2004-12-31
5224456,GHED_GGHE-D_pc_US_SHA2011,COUNTRY,IND,SEAR,South-East Asia,YEAR,2015,,,,,,,,,14.90,14.90307278,,,,2025-12-05T13:23:08Z,2015,2015-01-01,2015-12-31
5225060,GHED_GGHE-D_pc_US_SHA2011,COUNTRY,CZE,EUR,Europe,YEAR,2021,,,,,,,,,2195.57,2195.5748864,,,,2025-12-05T13:23:08Z,2021,2021-01-01,2021-12-31
5233795,GHED_GGHE-D_pc_US_SHA2011,COUNTRY,AUS,WPR,Western Pacific,YEAR,2008,,,,,,,,,2953.54,2953.54116811,,,,2025-12-05T13:23:08Z,2008,2008-01-01,2008-12-31
5235769,GHED_GGHE-D_pc_US_SHA2011,COUNTRY,BFA,AFR,Africa,YEAR,2004,,,,,,,,,6.86,6.86392641,,,,2025-12-05T13:23:08Z,2004,2004-01-01,2004-12-31
5236168,GHED_GGHE-D_pc_US_SHA2011,COUNTRY,CYP,EUR,Europe,YEAR,2011,,,,,,,,,1002.42,1002.41883006,,,,2025-12-05T13:23:08Z,2011,2011-01-01,2011-12-31
5244099,GHED_GGHE-D_pc_US_SHA2011,COUNTRY,JOR,EMR,Eastern Mediterranean,YEAR,2021,,,,,,,,,139.34,139.34470758,,,,2025-12-05T13:23:08Z,2021,2021-01-01,2021-12-31
5254489,GHED_GGHE-D_pc_US_SHA2011,COUNTRY,LBN,EMR,Eastern Mediterranean,YEAR,2013,,,,,,,,,254.73,254.72584752,,,,2025-12-05T13:23:08Z,2013,2013-01-01,2013-12-31
5257243,GHED_GGHE-D_pc_US_SHA2011,COUNTRY,RWA,AFR,Africa,YEAR,2021,,,,,,,,,21.85,21.84829527,,,,2025-12-05T13:23:08Z,2021,2021-01-01,2021-12-31
5258680,GHED_GGHE-D_pc_US_SHA2011,COUNTRY,LSO,AFR,Africa,YEAR,2011,,,,,,,,,64.54,64.5415346,,,,2025-12-05T13:23:08Z,2011,2011-01-01,2011-12-31
5259601,GHED_GGHE-D_pc_US_SHA2011,COUNTRY,NLD,EUR,Europe,YEAR,2014,,,,,,,,,3799.85,3799.84747626,,,,2025-12-05T13:23:08Z,2014,2014-01-01,2014-12-31
5260805,GHED_GGHE-D_pc_US_SHA2011,COUNTRY,PER,AMR,Americas,YEAR,2007,,,,,,,,,77.17,77.17038805,,,,2025-12-05T13:23:08Z,2007,2007-01-01,2007-12-31
5264617,GHED_GGHE-D_pc_US_SHA2011,COUNTRY,PER,AMR,Americas,YEAR,2015,,,,,,,,,190.18,190.17809364,,,,2025-12-05T13:23:08Z,2015,2015-01-01,2015-12-31
5265421,GHED_GGHE-D_pc_US_SHA2011,COUNTRY,AZE,EUR,Europe,YEAR,2013,,,,,,,,,83.20,83.19700495,,,,2025-12-05T13:23:08Z,2013,2013-01-01,2013-12-31
5268345,GHED_GGHE-D_pc_US_SHA2011,COUNTRY,ECU,AMR,Americas,YEAR,2009,,,,,,,,,103.69,103.68937798,,,,2025-12-05T13:23:08Z,2009,2009-01-01,2009-12-31
5276326,GHED_GGHE-D_pc_US_SHA2011,REGION,EUR,,,YEAR,2009,,,,,,,,,1717.25,1717.25278772,,,,2025-12-05T13:23:08Z,2009,2009-01-01,2009-12-31
5276456,GHED_GGHE-D_pc_US_SHA2011,COUNTRY,TON,WPR,Western Pacific,YEAR,2018,,,,,,,,,145.54,145.53681709,,,,2025-12-05T13:23:08Z,2018,2018-01-01,2018-12-31
5277768,GHED_GGHE-D_pc_US_SHA2011,COUNTRY,CMR,AFR,Africa,YEAR,2000,,,,,,,,,4.57,4.57101766,,,,2025-12-05T13:23:08Z,2000,2000-01-01,2000-12-31
5278780,GHED_GGHE-D_pc_US_SHA2011,COUNTRY,TUR,EUR,Europe,YEAR,2010,,,,,,,,,414.82,414.81780181,,,,2025-12-05T13:23:08Z,2010,2010-01-01,2010-12-31
5281125,GHED_GGHE-D_pc_US_SHA2011,COUNTRY,GTM,AMR,Americas,YEAR,2016,,,,,,,,,92.88,92.88068468,,,,2025-12-05T13:23:08Z,2016,2016-01-01,2016-12-31
5281198,GHED_GGHE-D_pc_US_SHA2011,COUNTRY,ARM,EUR,Europe,YEAR,2022,,,,,,,,,116.19,116.19006285,,,,2025-12-05T13:23:08Z,2022,2022-01-01,2022-12-31
5286975,GHED_GGHE-D_pc_US_SHA2011,COUNTRY,BHS,AMR,Americas,YEAR,2015,,,,,,,,,704.57,704.56515814,,,,2025-12-05T13:23:08Z,2015,2015-01-01,2015-12-31
5290684,GHED_GGHE-D_pc_US_SHA2011,COUNTRY,LBY,EMR,Eastern Mediterranean,YEAR,2009,,,,,,,,,235.41,235.41205576,,,,2025-12-05T13:23:08Z,2009,2009-01-01,2009-12-31
5291025,GHED_GGHE-D_pc_US_SHA2011,COUNTRY,ALB,EUR,Europe,YEAR,2007,,,,,,,,,97.08,97.07583389,,,,2025-12-05T13:23:08Z,2007,2007-01-01,2007-12-31
5293077,GHED_GGHE-D_pc_US_SHA2011,COUNTRY,NRU,WPR,Western Pacific,YEAR,2003,,,,,,,,,204.96,204.95581655,,,,2025-12-05T13:23:08Z,2003,2003-01-01,2003-12-31
5293748,GHED_GGHE-D_pc_US_SHA2011,COUNTRY,SRB,EUR,Europe,YEAR,2021,,,,,,,,,581.65,581.64926701,,,,2025-12-05T13:23:08Z,2021,2021-01-01,2021-12-31
5293972,GHED_GGHE-D_pc_US_SHA2011,WORLDBANKINCOMEGROUP,WB_HI,,,YEAR,2013,,,,,,,,,2066.06,2066.06381561,,,,2026-01-12T13:50:53Z,2013,2013-01-01,2013-12-31
5296265,GHED_GGHE-D_pc_US_SHA2011,COUNTRY,BOL,AMR,Americas,YEAR,2021,,,,,,,,,199.11,199.11450071,,,,2025-12-05T13:23:08Z,2021,2021-01-01,2021-12-31
5297010,GHED_GGHE-D_pc_US_SHA2011,COUNTRY,KEN,AFR,Africa,YEAR,2003,,,,,,,,,7.15,7.14817998,,,,2025-12-05T13:23:08Z,2003,2003-01-01,2003-12-31
5297279,GHED_GGHE-D_pc_US_SHA2011,COUNTRY,BFA,AFR,Africa,YEAR,2000,,,,,,,,,2.39,2.39274067,,,,2025-12-05T13:23:08Z,2000,2000-01-01,2000-12-31
5297462,GHED_GGHE-D_pc_US_SHA2011,COUNTRY,LKA,SEAR,South-East Asia,YEAR,2007,,,,,,,,,34.62,34.61988242,,,,2025-12-05T13:23:08Z,2007,2007-01-01,2007-12-31
5298206,GHED_GGHE-D_pc_US_SHA2011,WORLDBANKINCOMEGROUP,WB_LI,,,YEAR,2006,,,,,,,,,6.31,6.31351435,,,,2025-12-05T13:23:08Z,2006,2006-01-01,2006-12-31
5303796,GHED_GGHE-D_pc_US_SHA2011,COUNTRY,HND,AMR,Americas,YEAR,2010,,,,,,,,,69.98,69.97848005,,,,2025-12-05T13:23:08Z,2010,2010-01-01,2010-12-31
5307017,GHED_GGHE-D_pc_US_SHA2011,COUNTRY,IRN,EMR,Eastern Mediterranean,YEAR,2013,,,,,,,,,156.18,156.18158183,,,,2025-12-05T13:23:08Z,2013,2013-01-01,2013-12-31
5307200,GHED_GGHE-D_pc_US_SHA2011,COUNTRY,UGA,AFR,Africa,YEAR,2012,,,,,,,,,8.33,8.33309033,,,,2025-12-05T13:23:08Z,2012,2012-01-01,2012-12-31
5308331,GHED_GGHE-D_pc_US_SHA2011,COUNTRY,BRB,AMR,Americas,YEAR,2004,,,,,,,,,559.48,559.48136237,,,,2025-12-05T13:23:08Z,2004,2004-01-01,2004-12-31
5308537,GHED_GGHE-D_pc_US_SHA2011,COUNTRY,BGD,SEAR,South-East Asia,YEAR,2002,,,,,,,,,2.20,2.20077331,,,,2025-12-05T13:23:08Z,2002,2002-01-01,2002-12-31
5310321,GHED_GGHE-D_pc_US_SHA2011,COUNTRY,SVK,EUR,Europe,YEAR,2001,,,,,,,,,187.04,187.04082893,,,,2025-12-05T13:23:08Z,2001,2001-01-01,2001-12-31
5311724,GHED_GGHE-D_pc_US_SHA2011,COUNTRY,BWA,AFR,Africa,YEAR,2005,,,,,,,,,153.17,153.17272958,,,,2025-12-05T13:23:08Z,2005,2005-01-01,2005-12-31
5313169,GHED_GGHE-D_pc_US_SHA2011,COUNTRY,ECU,AMR,Americas,YEAR,2013,,,,,,,,,235.86,235.86201857,,,,2025-12-05T13:23:08Z,2013,2013-01-01,2013-12-31
5316949,GHED_GGHE-D_pc_US_SHA2011,COUNTRY,BEL,EUR,Europe,YEAR,2020,,,,,,,,,4011.12,4011.11677269,,,,2025-12-05T13:23:08Z,2020,2020-01-01,2020-12-31
5319545,GHED_GGHE-D_pc_US_SHA2011,COUNTRY,MKD,EUR,Europe,YEAR,2011,,,,,,,,,208.57,208.56785527,,,,2025-12-05T13:23:08Z,2011,2011-01-01,2011-12-31
5322510,GHED_GGHE-D_pc_US_SHA2011,COUNTRY,COG,AFR,Africa,YEAR,2002,,,,,,,,,4.31,4.31311127,,,,2025-12-05T13:23:08Z,2002,2002-01-01,2002-12-31
5323565,GHED_GGHE-D_pc_US_SHA2011,GLOBAL,GLOBAL,,,YEAR,2004,,,,,,,,,461.00,461.00318573,,,,2025-12-05T13:23:08Z,2004,2004-01-01,2004-12-31
5328078,GHED_GGHE-D_pc_US_SHA2011,COUNTRY,PAN,AMR,Americas,YEAR,2013,,,,,,,,,503.82,503.8209675,,,,2025-12-05T13:23:08Z,2013,2013-01-01,2013-12-31
5331297,GHED_GGHE-D_pc_US_SHA2011,COUNTRY,STP,AFR,Africa,YEAR,2023,,,,,,,,,63.23,63.22889128,,,,2025-12-05T13:23:08Z,2023,2023-01-01,2023-12-31
5332575,GHED_GGHE-D_pc_US_SHA2011,COUNTRY,LVA,EUR,Europe,YEAR,2018,,,,,,,,,657.77,657.76697114,,,,2025-12-05T13:23:08Z,2018,2018-01-01,2018-12-31
5333753,GHED_GGHE-D_pc_US_SHA2011,COUNTRY,FRA,EUR,Europe,YEAR,2013,,,,,,,,,3430.21,3430.2052447,,,,2025-12-05T13:23:08Z,2013,2013-01-01,2013-12-31
5335958,GHED_GGHE-D_pc_US_SHA2011,COUNTRY,SGP,WPR,Western Pacific,YEAR,2006,,,,,,,,,335.72,335.72350368,,,,2025-12-05T13:23:08Z,2006,2006-01-01,2006-12-31
5336093,GHED_GGHE-D_pc_US_SHA2011,COUNTRY,AGO,AFR,Africa,YEAR,2020,,,,,,,,,29.04,29.04446365,,,,2025-12-05T13:23:08Z,2020,2020-01-01,2020-12-31
5336805,GHED_GGHE-D_pc_US_SHA2011,COUNTRY,IRQ,EMR,Eastern Mediterranean,YEAR,2009,,,,,,,,,107.43,107.43352921,,,,2025-12-05T13:23:08Z,2009,2009-01-01,2009-12-31
5344252,GHED_GGHE-D_pc_US_SHA2011,COUNTRY,TZA,AFR,Africa,YEAR,2019,,,,,,,,,16.21,16.20863437,,,,2025-12-05T13:23:08Z,2019,2019-01-01,2019-12-31
5346233,GHED_GGHE-D_pc_US_SHA2011,COUNTRY,AUS,WPR,Western Pacific,YEAR,2003,,,,,,,,,1588.86,1588.86086887,,,,2025-12-05T13:23:08Z,2003,2003-01-01,2003-12-31
5349410,GHED_GGHE-D_pc_US_SHA2011,COUNTRY,SLE,AFR,Africa,YEAR,2022,,,,,,,,,7.48,7.48306966,,,,2025-12-05T13:23:08Z,2022,2022-01-01,2022-12-31
5349788,GHED_GGHE-D_pc_US_SHA2011,COUNTRY,SVN,EUR,Europe,YEAR,2007,,,,,,,,,1261.46,1261.46027463,,,,2025-12-05T13:23:08Z,2007,2007-01-01,2007-12-31
5352172,GHED_GGHE-D_pc_US_SHA2011,WORLDBANKINCOMEGROUP,WB_HI,,,YEAR,2018,,,,,,,,,2153.46,2153.45939909,,,,2025-12-05T13:23:08Z,2018,2018-01-01,2018-12-31
5353855,GHED_GGHE-D_pc_US_SHA2011,COUNTRY,MDA,EUR,Europe,YEAR,2019,,,,,,,,,169.46,169.46479484,,,,2025-12-05T13:23:08Z,2019,2019-01-01,2019-12-31
5354684,GHED_GGHE-D_pc_US_SHA2011,COUNTRY,GHA,AFR,Africa,YEAR,2011,,,,,,,,,48.37,48.36866992,,,,2025-12-05T13:23:08Z,2011,2011-01-01,2011-12-31
5356195,GHED_GGHE-D_pc_US_SHA2011,COUNTRY,IRN,EMR,Eastern Mediterranean,YEAR,2016,,,,,,,,,229.44,229.43568112,,,,2025-12-05T13:23:08Z,2016,2016-01-01,2016-12-31
5356631,GHED_GGHE-D_pc_US_SHA2011,COUNTRY,PRT,EUR,Europe,YEAR,2009,,,,,,,,,1497.21,1497.20648807,,,,2025-12-05T13:23:08Z,2009,2009-01-01,2009-12-31
5357040,GHED_GGHE-D_pc_US_SHA2011,COUNTRY,DMA,AMR,Americas,YEAR,2011,,,,,,,,,228.67,228.66831381,,,,2025-12-05T13:23:08Z,2011,2011-01-01,2011-12-31
5359453,GHED_GGHE-D_pc_US_SHA2011,COUNTRY,TZA,AFR,Africa,YEAR,2009,,,,,,,,,9.97,9.97101013,,,,2025-12-05T13:23:08Z,2009,2009-01-01,2009-12-31
5360196,GHED_GGHE-D_pc_US_SHA2011,COUNTRY,ZAF,AFR,Africa,YEAR,2013,,,,,,,,,303.75,303.75176668,,,,2025-12-05T13:23:08Z,2013,2013-01-01,2013-12-31
5361595,GHED_GGHE-D_pc_US_SHA2011,COUNTRY,SYR,EMR,Eastern Mediterranean,YEAR,2006,,,,,,,,,29.92,29.91508739,,,,2025-12-05T13:23:08Z,2006,2006-01-01,2006-12-31
5362362,GHED_GGHE-D_pc_US_SHA2011,REGION,AFR,,,YEAR,2020,,,,,,,,,60.89,60.89079748,,,,2025-12-05T13:23:08Z,2020,2020-01-01,2020-12-31
5365423,GHED_GGHE-D_pc_US_SHA2011,COUNTRY,PAN,AMR,Americas,YEAR,2006,,,,,,,,,230.07,230.06711926,,,,2025-12-05T13:23:08Z,2006,2006-01-01,2006-12-31
5367882,GHED_GGHE-D_pc_US_SHA2011,COUNTRY,TKM,EUR,Europe,YEAR,2003,,,,,,,,,63.62,63.61670094,,,,2025-12-05T13:23:08Z,2003,2003-01-01,2003-12-31
5368502,GHED_GGHE-D_pc_US_SHA2011,COUNTRY,MNG,WPR,Western Pacific,YEAR,2014,,,,,,,,,100.98,100.98195177,,,,2025-12-05T13:23:08Z,2014,2014-01-01,2014-12-31
5369094,GHED_GGHE-D_pc_US_SHA2011,COUNTRY,USA,AMR,Americas,YEAR,2012,,,,,,,,,4035.92,4035.91577438,,,,2025-12-05T13:23:08Z,2012,2012-01-01,2012-12-31
5369881,GHED_GGHE-D_pc_US_SHA2011,COUNTRY,KIR,WPR,Western Pacific,YEAR,2020,,,,,,,,,166.46,166.45511354,,,,2025-12-05T13:23:08Z,2020,2020-01-01,2020-12-31
5372087,GHED_GGHE-D_pc_US_SHA2011,COUNTRY,DEU,EUR,Europe,YEAR,2014,,,,,,,,,4091.85,4091.85285375,,,,2025-12-05T13:23:08Z,2014,2014-01-01,2014-12-31
5373702,GHED_GGHE-D_pc_US_SHA2011,COUNTRY,LBR,AFR,Africa,YEAR,2006,,,,,,,,,1.50,1.4992463,,,,2025-12-05T13:23:08Z,2006,2006-01-01,2006-12-31
5376635,GHED_GGHE-D_pc_US_SHA2011,COUNTRY,SYC,AFR,Africa,YEAR,2014,,,,,,,,,422.15,422.14803468,,,,2025-12-05T13:23:08Z,2014,2014-01-01,2014-12-31
5378175,GHED_GGHE-D_pc_US_SHA2011,COUNTRY,MDV,SEAR,South-East Asia,YEAR,2001,,,,,,,,,74.92,74.91529378,,,,2025-12-05T13:23:08Z,2001,2001-01-01,2001-12-31
5380934,GHED_GGHE-D_pc_US_SHA2011,COUNTRY,PAK,EMR,Eastern Mediterranean,YEAR,2012,,,,,,,,,7.10,7.09679522,,,,2025-12-05T13:23:08Z,2012,2012-01-01,2012-12-31
5381104,GHED_GGHE-D_pc_US_SHA2011,COUNTRY,CZE,EUR,Europe,YEAR,2018,,,,,,,,,1482.13,1482.13329662,,,,2025-12-05T13:23:08Z,2018,2018-01-01,2018-12-31
5386615,GHED_GGHE-D_pc_US_SHA2011,COUNTRY,LBN,EMR,Eastern Mediterranean,YEAR,2006,,,,,,,,,164.63,164.62624466,,,,2025-12-05T13:23:08Z,2006,2006-01-01,2006-12-31
5388303,GHED_GGHE-D_pc_US_SHA2011,GLOBAL,GLOBAL,,,YEAR,2008,,,,,,,,,676.74,676.74428331,,,,2025-12-05T13:23:08Z,2008,2008-01-01,2008-12-31
5389231,GHED_GGHE-D_pc_US_SHA2011,REGION,AMR,,,YEAR,2008,,,,,,,,,410.27,410.27435594,,,,2025-12-05T13:23:08Z,2008,2008-01-01,2008-12-31
5389739,GHED_GGHE-D_pc_US_SHA2011,COUNTRY,MNG,WPR,Western Pacific,YEAR,2022,,,,,,,,,157.99,157.98868359,,,,2025-12-05T13:23:08Z,2022,2022-01-01,2022-12-31
5394283,GHED_GGHE-D_pc_US_SHA2011,COUNTRY,CPV,AFR,Africa,YEAR,2016,,,,,,,,,99.94,99.944698,,,,2025-12-05T13:23:08Z,2016,2016-01-01,2016-12-31
5397873,GHED_GGHE-D_pc_US_SHA2011,COUNTRY,GNB,AFR,Africa,YEAR,2007,,,,,,,,,3.10,3.10302679,,,,2025-12-05T13:23:08Z,2007,2007-01-01,2007-12-31
5399218,GHED_GGHE-D_pc_US_SHA2011,COUNTRY,FJI,WPR,Western Pacific,YEAR,2000,,,,,,,,,57.08,57.08143921,,,,2025-12-05T13:23:08Z,2000,2000-01-01,2000-12-31
5400885,GHED_GGHE-D_pc_US_SHA2011,WORLDBANKINCOMEGROUP,WB_LMI,,,YEAR,2004,,,,,,,,,25.21,25.2083984,,,,2025-12-05T13:23:08Z,2004,2004-01-01,2004-12-31
5401415,GHED_GGHE-D_pc_US_SHA2011,COUNTRY,COL,AMR,Americas,YEAR,2018,,,,,,,,,367.33,367.32788741,,,,2025-12-05T13:23:08Z,2018,2018-01-01,2018-12-31
5401416,GHED_GGHE-D_pc_US_SHA2011,COUNTRY,COG,AFR,Africa,YEAR,2021,,,,,,,,,39.06,39.0631843,,,,2025-12-05T13:23:08Z,2021,2021-01-01,2021-12-31
5402336,GHED_GGHE-D_pc_US_SHA2011,COUNTRY,TZA,AFR,Africa,YEAR,2008,,,,,,,,,14.73,14.73325013,,,,2025-12-05T13:23:08Z,2008,2008-01-01,2008-12-31
5403434,GHED_GGHE-D_pc_US_SHA2011,REGION,WPR,,,YEAR,2000,,,,,,,,,262.97,262.97055916,,,,2025-12-05T13:23:08Z,2000,2000-01-01,2000-12-31
5405492,GHED_GGHE-D_pc_US_SHA2011,COUNTRY,SOM,EMR,Eastern Mediterranean,YEAR,2016,,,,,,,,,0.55,0.55149667,,,,2025-12-05T13:23:08Z,2016,2016-01-01,2016-12-31
5409656,GHED_GGHE-D_pc_US_SHA2011,COUNTRY,THA,SEAR,South-East Asia,YEAR,2008,,,,,,,,,112.35,112.35050109,,,,2025-12-05T13:23:08Z,2008,2008-01-01,2008-12-31
5413937,GHED_GGHE-D_pc_US_SHA2011,COUNTRY,BRN,WPR,Western Pacific,YEAR,2002,,,,,,,,,403.34,403.34104378,,,,2025-12-05T13:23:08Z,2002,2002-01-01,2002-12-31
5422708,GHED_GGHE-D_pc_US_SHA2011,COUNTRY,ALB,EUR,Europe,YEAR,2005,,,,,,,,,70.34,70.34032402,,,,2025-12-05T13:23:08Z,2005,2005-01-01,2005-12-31
5423107,GHED_GGHE-D_pc_US_SHA2011,COUNTRY,FSM,WPR,Western Pacific,YEAR,2017,,,,,,,,,50.50,50.50383453,,,,2025-12-05T13:23:08Z,2017,2017-01-01,2017-12-31
5424664,GHED_GGHE-D_pc_US_SHA2011,COUNTRY,GEO,EUR,Europe,YEAR,2001,,,,,,,,,8.93,8.92675384,,,,2025-12-05T13:23:08Z,2001,2001-01-01,2001-12-31
5425695,GHED_GGHE-D_pc_US_SHA2011,COUNTRY,AND,EUR,Europe,YEAR,2014,,,,,,,,,2135.54,2135.5440396,,,,2025-12-05T13:23:08Z,2014,2014-01-01,2014-12-31
5426839,GHED_GGHE-D_pc_US_SHA2011,COUNTRY,TON,WPR,Western Pacific,YEAR,2015,,,,,,,,,105.08,105.08053064,,,,2025-12-05T13:23:08Z,2015,2015-01-01,2015-12-31
5426939,GHED_GGHE-D_pc_US_SHA2011,COUNTRY,LIE,EUR,Europe,YEAR,2022,,,,,,,,,7185.58,7185.58463455,,,,2025-12-05T13:23:08Z,2022,2022-01-01,2022-12-31
5428779,GHED_GGHE-D_pc_US_SHA2011,REGION,WPR,,,YEAR,2017,,,,,,,,,679.83,679.82858494,,,,2025-12-05T13:23:08Z,2017,2017-01-01,2017-12-31
5430058,GHED_GGHE-D_pc_US_SHA2011,COUNTRY,CZE,EUR,Europe,YEAR,2017,,,,,,,,,1281.97,1281.97429012,,,,2025-12-05T13:23:08Z,2017,2017-01-01,2017-12-31
5434139,GHED_GGHE-D_pc_US_SHA2011,WORLDBANKINCOMEGROUP,WB_HI,,,YEAR,2022,,,,,,,,,2532.47,2532.47110813,,,,2025-12-05T13:23:08Z,2022,2022-01-01,2022-12-31
5440445,GHED_GGHE-D_pc_US_SHA2011,COUNTRY,DEU,EUR,Europe,YEAR,2023,,,,,,,,,5059.26,5059.26060095,,,,2025-12-05T13:23:08Z,2023,2023-01-01,2023-12-31
5440540,GHED_GGHE-D_pc_US_SHA2011,COUNTRY,DEU,EUR,Europe,YEAR,2006,,,,,,,,,2783.19,2783.18906897,,,,2025-12-05T13:23:08Z,2006,2006-01-01,2006-12-31
5442260,GHED_GGHE-D_pc_US_SHA2011,COUNTRY,VNM,WPR,Western Pacific,YEAR,2001,,,,,,,,,8.38,8.37880658,,,,2025-12-05T13:23:08Z,2001,2001-01-01,2001-12-31
5442963,GHED_GGHE-D_pc_US_SHA2011,COUNTRY,KNA,AMR,Americas,YEAR,2023,,,,,,,,,702.53,702.53182137,,,,2025-12-05T13:23:08Z,2023,2023-01-01,2023-12-31
5443102,GHED_GGHE-D_pc_US_SHA2011,COUNTRY,GEO,EUR,Europe,YEAR,2015,,,,,,,,,104.14,104.13500251,,,,2025-12-05T13:23:08Z,2015,2015-01-01,2015-12-31
5444990,GHED_GGHE-D_pc_US_SHA2011,COUNTRY,BLZ,AMR,Americas,YEAR,2000,,,,,,,,,63.99,63.98850728,,,,2025-12-05T13:23:08Z,2000,2000-01-01,2000-12-31
5445121,GHED_GGHE-D_pc_US_SHA2011,COUNTRY,GRD,AMR,Americas,YEAR,2023,,,,,,,,,237.86,237.86276908,,,,2025-12-05T13:23:08Z,2023,2023-01-01,2023-12-31
5446231,GHED_GGHE-D_pc_US_SHA2011,COUNTRY,RUS,EUR,Europe,YEAR,2018,,,,,,,,,360.37,360.37465495,,,,2025-12-05T13:23:08Z,2018,2018-01-01,2018-12-31
5448811,GHED_GGHE-D_pc_US_SHA2011,COUNTRY,CUB,AMR,Americas,YEAR,2008,,,,,,,,,554.25,554.2521611,,,,2025-12-05T13:23:08Z,2008,2008-01-01,2008-12-31
5452310,GHED_GGHE-D_pc_US_SHA2011,COUNTRY,TGO,AFR,Africa,YEAR,2021,,,,,,,,,5.24,5.2372968,,,,2025-12-05T13:23:08Z,2021,2021-01-01,2021-12-31
5452728,GHED_GGHE-D_pc_US_SHA2011,COUNTRY,PER,AMR,Americas,YEAR,2019,,,,,,,,,232.75,232.74947163,,,,2025-12-05T13:23:08Z,2019,2019-01-01,2019-12-31
5453523,GHED_GGHE-D_pc_US_SHA2011,COUNTRY,SWZ,AFR,Africa,YEAR,2002,,,,,,,,,32.75,32.75072984,,,,2025-12-05T13:23:08Z,2002,2002-01-01,2002-12-31
5455367,GHED_GGHE-D_pc_US_SHA2011,COUNTRY,DEU,EUR,Europe,YEAR,2018,,,,,,,,,4263.12,4263.12431921,,,,2025-12-05T13:23:08Z,2018,2018-01-01,2018-12-31
5458569,GHED_GGHE-D_pc_US_SHA2011,COUNTRY,IRN,EMR,Eastern Mediterranean,YEAR,2012,,,,,,,,,167.83,167.83278223,,,,2025-12-05T13:23:08Z,2012,2012-01-01,2012-12-31
5467158,GHED_GGHE-D_pc_US_SHA2011,COUNTRY,MLI,AFR,Africa,YEAR,2023,,,,,,,,,12.02,12.02465332,,,,2026-01-12T13:50:53Z,2023,2023-01-01,2023-12-31
5472291,GHED_GGHE-D_pc_US_SHA2011,COUNTRY,TUV,WPR,Western Pacific,YEAR,2009,,,,,,,,,269.20,269.20118264,,,,2025-12-05T13:23:08Z,2009,2009-01-01,2009-12-31
5474286,GHED_GGHE-D_pc_US_SHA2011,COUNTRY,HUN,EUR,Europe,YEAR,2017,,,,,,,,,678.39,678.38616183,,,,2025-12-05T13:23:08Z,2017,2017-01-01,2017-12-31
5475443,GHED_GGHE-D_pc_US_SHA2011,COUNTRY,SYC,AFR,Africa,YEAR,2021,,,,,,,,,450.01,450.00630881,,,,2025-12-05T13:23:08Z,2021,2021-01-01,2021-12-31
5476765,GHED_GGHE-D_pc_US_SHA2011,COUNTRY,BGR,EUR,Europe,YEAR,2020,,,,,,,,,542.48,542.47800799,,,,2025-12-05T13:23:08Z,2020,2020-01-01,2020-12-31
5479890,GHED_GGHE-D_pc_US_SHA2011,COUNTRY,TLS,SEAR,South-East Asia,YEAR,2013,,,,,,,,,53.56,53.56025529,,,,2025-12-05T13:23:08Z,2013,2013-01-01,2013-12-31
5482661,GHED_GGHE-D_pc_US_SHA2011,COUNTRY,BEL,EUR,Europe,YEAR,2004,,,,,,,,,2483.52,2483.52330602,,,,2025-12-05T13:23:08Z,2004,2004-01-01,2004-12-31
5483258,GHED_GGHE-D_pc_US_SHA2011,COUNTRY,PAK,EMR,Eastern Mediterranean,YEAR,2004,,,,,,,,,4.17,4.17314125,,,,2025-12-05T13:23:08Z,2004,2004-01-01,2004-12-31
5483944,GHED_GGHE-D_pc_US_SHA2011,COUNTRY,MDG,AFR,Africa,YEAR,2016,,,,,,,,,10.77,10.76794099,,,,2025-12-05T13:23:08Z,2016,2016-01-01,2016-12-31
5484495,GHED_GGHE-D_pc_US_SHA2011,COUNTRY,PRT,EUR,Europe,YEAR,2015,,,,,,,,,1102.06,1102.06110892,,,,2025-12-05T13:23:08Z,2015,2015-01-01,2015-12-31
5487579,GHED_GGHE-D_pc_US_SHA2011,COUNTRY,GNB,AFR,Africa,YEAR,2019,,,,,,,,,3.47,3.46580799,,,,2025-12-05T13:23:08Z,2019,2019-01-01,2019-12-31
5487673,GHED_GGHE-D_pc_US_SHA2011,COUNTRY,TUR,EUR,Europe,YEAR,2007,,,,,,,,,346.93,346.92899464,,,,2025-12-05T13:23:08Z,2007,2007-01-01,2007-12-31
5488086,GHED_GGHE-D_pc_US_SHA2011,COUNTRY,GIN,AFR,Africa,YEAR,2014,,,,,,,,,4.68,4.67905309,,,,2025-12-05T13:23:08Z,2014,2014-01-01,2014-12-31
5489096,GHED_GGHE-D_pc_US_SHA2011,COUNTRY,SVN,EUR,Europe,YEAR,2003,,,,,,,,,865.82,865.82318482,,,,2025-12-05T13:23:08Z,2003,2003-01-01,2003-12-31
5490886,GHED_GGHE-D_pc_US_SHA2011,COUNTRY,GEO,EUR,Europe,YEAR,2004,,,,,,,,,15.31,15.3076901,,,,2025-12-05T13:23:08Z,2004,2004-01-01,2004-12-31
5492561,GHED_GGHE-D_pc_US_SHA2011,COUNTRY,SRB,EUR,Europe,YEAR,2013,,,,,,,,,375.64,375.64128415,,,,2025-12-05T13:23:08Z,2013,2013-01-01,2013-12-31
5494764,GHED_GGHE-D_pc_US_SHA2011,COUNTRY,LBN,EMR,Eastern Mediterranean,YEAR,2019,,,,,,,,,393.42,393.4240656,,,,2025-12-05T13:23:08Z,2019,2019-01-01,2019-12-31
5497308,GHED_GGHE-D_pc_US_SHA2011,COUNTRY,NOR,EUR,Europe,YEAR,2014,,,,,,,,,7775.26,7775.26208719,,,,2025-12-05T13:23:08Z,2014,2014-01-01,2014-12-31
5498279,GHED_GGHE-D_pc_US_SHA2011,COUNTRY,PRT,EUR,Europe,YEAR,2002,,,,,,,,,820.28,820.27834113,,,,2025-12-05T13:23:08Z,2002,2002-01-01,2002-12-31
5499670,GHED_GGHE-D_pc_US_SHA2011,COUNTRY,MDA,EUR,Europe,YEAR,2004,,,,,,,,,38.23,38.22981482,,,,2025-12-05T13:23:08Z,2004,2004-01-01,2004-12-31
5500767,GHED_GGHE-D_pc_US_SHA2011,COUNTRY,MOZ,AFR,Africa,YEAR,2018,,,,,,,,,9.24,9.24448061,,,,2025-12-05T13:23:08Z,2018,2018-01-01,2018-12-31
5505966,GHED_GGHE-D_pc_US_SHA2011,COUNTRY,SLB,WPR,Western Pacific,YEAR,2005,,,,,,,,,63.19,63.18908578,,,,2025-12-05T13:23:08Z,2005,2005-01-01,2005-12-31
5506835,GHED_GGHE-D_pc_US_SHA2011,COUNTRY,SYR,EMR,Eastern Mediterranean,YEAR,2020,,,,,,,,,15.05,15.04987387,,,,2025-12-05T13:23:08Z,2020,2020-01-01,2020-12-31
5508448,GHED_GGHE-D_pc_US_SHA2011,COUNTRY,MWI,AFR,Africa,YEAR,2008,,,,,,,,,7.33,7.33034415,,,,2025-12-05T13:23:08Z,2008,2008-01-01,2008-12-31
5508497,GHED_GGHE-D_pc_US_SHA2011,COUNTRY,LAO,WPR,Western Pacific,YEAR,2001,,,,,,,,,4.48,4.4832065,,,,2025-12-05T13:23:08Z,2001,2001-01-01,2001-12-31
5509040,GHED_GGHE-D_pc_US_SHA2011,REGION,EMR,,,YEAR,2013,,,,,,,,,349.55,349.55370326,,,,2025-12-05T13:23:08Z,2013,2013-01-01,2013-12-31
5516476,GHED_GGHE-D_pc_US_SHA2011,COUNTRY,MDG,AFR,Africa,YEAR,2008,,,,,,,,,7.23,7.22920101,,,,2025-12-05T13:23:08Z,2008,2008-01-01,2008-12-31
5519458,GHED_GGHE-D_pc_US_SHA2011,COUNTRY,MKD,EUR,Europe,YEAR,2009,,,,,,,,,186.71,186.70602237,,,,2025-12-05T13:23:08Z,2009,2009-01-01,2009-12-31
5524959,GHED_GGHE-D_pc_US_SHA2011,COUNTRY,BOL,AMR,Americas,YEAR,2001,,,,,,,,,24.31,24.31462855,,,,2025-12-05T13:23:08Z,2001,2001-01-01,2001-12-31
5525424,GHED_GGHE-D_pc_US_SHA2011,COUNTRY,KNA,AMR,Americas,YEAR,2004,,,,,,,,,236.56,236.56093296,,,,2025-12-05T13:23:08Z,2004,2004-01-01,2004-12-31
5527663,GHED_GGHE-D_pc_US_SHA2011,COUNTRY,ZAF,AFR,Africa,YEAR,2016,,,,,,,,,258.41,258.41388519,,,,2025-12-05T13:23:08Z,2016,2016-01-01,2016-12-31
5527940,GHED_GGHE-D_pc_US_SHA2011,COUNTRY,MCO,EUR,Europe,YEAR,2023,,,,,,,,,6855.68,6855.68135071,,,,2025-12-05T13:23:08Z,2023,2023-01-01,2023-12-31
5528531,GHED_GGHE-D_pc_US_SHA2011,COUNTRY,UKR,EUR,Europe,YEAR,2001,,,,,,,,,21.59,21.58906061,,,,2025-12-05T13:23:08Z,2001,2001-01-01,2001-12-31
5528782,GHED_GGHE-D_pc_US_SHA2011,COUNTRY,BGD,SEAR,South-East Asia,YEAR,2017,,,,,,,,,8.95,8.95284991,,,,2025-12-05T13:23:08Z,2017,2017-01-01,2017-12-31
5530191,GHED_GGHE-D_pc_US_SHA2011,COUNTRY,TUN,EMR,Eastern Mediterranean,YEAR,2010,,,,,,,,,134.23,134.22998752,,,,2025-12-05T13:23:08Z,2010,2010-01-01,2010-12-31
5530579,GHED_GGHE-D_pc_US_SHA2011,COUNTRY,OMN,EMR,Eastern Mediterranean,YEAR,2001,,,,,,,,,212.94,212.93844389,,,,2025-12-05T13:23:08Z,2001,2001-01-01,2001-12-31
5533954,GHED_GGHE-D_pc_US_SHA2011,COUNTRY,BGR,EUR,Europe,YEAR,2016,,,,,,,,,319.65,319.645078,,,,2025-12-05T13:23:08Z,2016,2016-01-01,2016-12-31
5534619,GHED_GGHE-D_pc_US_SHA2011,COUNTRY,JPN,WPR,Western Pacific,YEAR,2010,,,,,,,,,3335.92,3335.9150402,,,,2025-12-05T13:23:08Z,2010,2010-01-01,2010-12-31
5536793,GHED_GGHE-D_pc_US_SHA2011,COUNTRY,SGP,WPR,Western Pacific,YEAR,2013,,,,,,,,,877.78,877.7777331,,,,2025-12-05T13:23:08Z,2013,2013-01-01,2013-12-31
5537373,GHED_GGHE-D_pc_US_SHA2011,COUNTRY,VEN,AMR,Americas,YEAR,2021,,,,,,,,,54.46,54.45724308,,,,2025-12-05T13:23:08Z,2021,2021-01-01,2021-12-31
5537562,GHED_GGHE-D_pc_US_SHA2011,COUNTRY,NAM,AFR,Africa,YEAR,2018,,,,,,,,,274.02,274.0200636,,,,2025-12-05T13:23:08Z,2018,2018-01-01,2018-12-31
5539438,GHED_GGHE-D_pc_US_SHA2011,WORLDBANKINCOMEGROUP,WB_UMI,,,YEAR,2015,,,,,,,,,237.42,237.41519162,,,,2025-12-05T13:23:08Z,2015,2015-01-01,2015-12-31
5540744,GHED_GGHE-D_pc_US_SHA2011,COUNTRY,BRB,AMR,Americas,YEAR,2014,,,,,,,,,553.98,553.97723197,,,,2025-12-05T13:23:08Z,2014,2014-01-01,2014-12-31
5541716,GHED_GGHE-D_pc_US_SHA2011,REGION,AMR,,,YEAR,2003,,,,,,,,,251.93,251.92777152,,,,2025-12-05T13:23:08Z,2003,2003-01-01,2003-12-31
5543477,GHED_GGHE-D_pc_US_SHA2011,COUNTRY,THA,SEAR,South-East Asia,YEAR,2013,,,,,,,,,157.84,157.83929712,,,,2025-12-05T13:23:08Z,2013,2013-01-01,2013-12-31
5545301,GHED_GGHE-D_pc_US_SHA2011,COUNTRY,CZE,EUR,Europe,YEAR,2019,,,,,,,,,1526.63,1526.63381613,,,,2025-12-05T13:23:08Z,2019,2019-01-01,2019-12-31
5545891,GHED_GGHE-D_pc_US_SHA2011,COUNTRY,SRB,EUR,Europe,YEAR,2010,,,,,,,,,332.68,332.67634917,,,,2025-12-05T13:23:08Z,2010,2010-01-01,2010-12-31
5546500,GHED_GGHE-D_pc_US_SHA2011,COUNTRY,MEX,AMR,Americas,YEAR,2018,,,,,,,,,262.17,262.16812184,,,,2025-12-05T13:23:08Z,2018,2018-01-01,2018-12-31
5548042,GHED_GGHE-D_pc_US_SHA2011,COUNTRY,BOL,AMR,Americas,YEAR,2000,,,,,,,,,23.73,23.73083727,,,,2025-12-05T13:23:08Z,2000,2000-01-01,2000-12-31
5548383,GHED_GGHE-D_pc_US_SHA2011,COUNTRY,GEO,EUR,Europe,YEAR,2012,,,,,,,,,67.20,67.19577641,,,,2025-12-05T13:23:08Z,2012,2012-01-01,2012-12-31
5548944,GHED_GGHE-D_pc_US_SHA2011,COUNTRY,DOM,AMR,Americas,YEAR,2003,,,,,,,,,27.64,27.64360676,,,,2025-12-05T13:23:08Z,2003,2003-01-01,2003-12-31
5562576,GHED_GGHE-D_pc_US_SHA2011,COUNTRY,BRA,AMR,Americas,YEAR,2023,,,,,,,,,445.61,445.6055761,,,,2025-12-05T13:23:08Z,2023,2023-01-01,2023-12-31
5564539,GHED_GGHE-D_pc_US_SHA2011,COUNTRY,SVN,EUR,Europe,YEAR,2018,,,,,,,,,1570.97,1570.96796032,,,,2025-12-05T13:23:08Z,2018,2018-01-01,2018-12-31
5565061,GHED_GGHE-D_pc_US_SHA2011,COUNTRY,CUB,AMR,Americas,YEAR,2018,,,,,,,,,871.32,871.32175963,,,,2025-12-05T13:23:08Z,2018,2018-01-01,2018-12-31
5570891,GHED_GGHE-D_pc_US_SHA2011,COUNTRY,SLB,WPR,Western Pacific,YEAR,2001,,,,,,,,,54.93,54.92738819,,,,2025-12-05T13:23:08Z,2001,2001-01-01,2001-12-31
5575061,GHED_GGHE-D_pc_US_SHA2011,COUNTRY,PNG,WPR,Western Pacific,YEAR,2005,,,,,,,,,18.11,18.11134269,,,,2025-12-05T13:23:08Z,2005,2005-01-01,2005-12-31
5575813,GHED_GGHE-D_pc_US_SHA2011,COUNTRY,LCA,AMR,Americas,YEAR,2015,,,,,,,,,205.88,205.88038973,,,,2025-12-05T13:23:08Z,2015,2015-01-01,2015-12-31
5575887,GHED_GGHE-D_pc_US_SHA2011,COUNTRY,IRN,EMR,Eastern Mediterranean,YEAR,2003,,,,,,,,,45.52,45.52186244,,,,2025-12-05T13:23:08Z,2003,2003-01-01,2003-12-31
5576292,GHED_GGHE-D_pc_US_SHA2011,COUNTRY,BRA,AMR,Americas,YEAR,2017,,,,,,,,,398.50,398.49780034,,,,2025-12-05T13:23:08Z,2017,2017-01-01,2017-12-31
5579473,GHED_GGHE-D_pc_US_SHA2011,COUNTRY,MDG,AFR,Africa,YEAR,2006,,,,,,,,,6.14,6.13655578,,,,2025-12-05T13:23:08Z,2006,2006-01-01,2006-12-31
5581168,GHED_GGHE-D_pc_US_SHA2011,COUNTRY,LBY,EMR,Eastern Mediterranean,YEAR,2011,,,,,,,,,193.17,193.17331314,,,,2025-12-05T13:23:08Z,2011,2011-01-01,2011-12-31
5581221,GHED_GGHE-D_pc_US_SHA2011,REGION,SEAR,,,YEAR,2012,,,,,,,,,71.71,71.71463236,,,,2025-12-05T13:23:08Z,2012,2012-01-01,2012-12-31
5583367,GHED_GGHE-D_pc_US_SHA2011,COUNTRY,UKR,EUR,Europe,YEAR,2005,,,,,,,,,67.31,67.31074009,,,,2025-12-05T13:23:08Z,2005,2005-01-01,2005-12-31
5586783,GHED_GGHE-D_pc_US_SHA2011,COUNTRY,LBY,EMR,Eastern Mediterranean,YEAR,2023,,,,,,,,,377.02,377.01951102,,,,2025-12-05T13:23:08Z,2023,2023-01-01,2023-12-31
5587141,GHED_GGHE-D_pc_US_SHA2011,COUNTRY,OMN,EMR,Eastern Mediterranean,YEAR,2013,,,,,,,,,514.52,514.52179935,,,,2025-12-05T13:23:08Z,2013,2013-01-01,2013-12-31
5591177,GHED_GGHE-D_pc_US_SHA2011,COUNTRY,USA,AMR,Americas,YEAR,2006,,,,,,,,,3150.05,3150.05226307,,,,2025-12-05T13:23:08Z,2006,2006-01-01,2006-12-31
5591865,GHED_GGHE-D_pc_US_SHA2011,COUNTRY,BRB,AMR,Americas,YEAR,2008,,,,,,,,,628.81,628.8085765,,,,2025-12-05T13:23:08Z,2008,2008-01-01,2008-12-31
5594530,GHED_GGHE-D_pc_US_SHA2011,COUNTRY,HUN,EUR,Europe,YEAR,2023,,,,,,,,,1041.71,1041.71057846,,,,2025-12-05T13:23:08Z,2023,2023-01-01,2023-12-31
5594605,GHED_GGHE-D_pc_US_SHA2011,COUNTRY,GTM,AMR,Americas,YEAR,2001,,,,,,,,,32.65,32.65024116,,,,2025-12-05T13:23:08Z,2001,2001-01-01,2001-12-31
5595107,GHED_GGHE-D_pc_US_SHA2011,COUNTRY,SVN,EUR,Europe,YEAR,2006,,,,,,,,,1106.03,1106.02709129,,,,2025-12-05T13:23:08Z,2006,2006-01-01,2006-12-31
5596178,GHED_GGHE-D_pc_US_SHA2011,COUNTRY,WSM,WPR,Western Pacific,YEAR,2008,,,,,,,,,120.04,120.03745867,,,,2025-12-05T13:23:08Z,2008,2008-01-01,2008-12-31
5597209,GHED_GGHE-D_pc_US_SHA2011,COUNTRY,CRI,AMR,Americas,YEAR,2013,,,,,,,,,589.26,589.25795236,,,,2025-12-05T13:23:08Z,2013,2013-01-01,2013-12-31
5598611,GHED_GGHE-D_pc_US_SHA2011,COUNTRY,BLZ,AMR,Americas,YEAR,2021,,,,,,,,,215.23,215.23325007,,,,2025-12-05T13:23:08Z,2021,2021-01-01,2021-12-31
5600223,GHED_GGHE-D_pc_US_SHA2011,COUNTRY,BDI,AFR,Africa,YEAR,2001,,,,,,,,,2.24,2.23645831,,,,2025-12-05T13:23:08Z,2001,2001-01-01,2001-12-31
5601308,GHED_GGHE-D_pc_US_SHA2011,COUNTRY,BGR,EUR,Europe,YEAR,2010,,,,,,,,,267.77,267.77277696,,,,2025-12-05T13:23:08Z,2010,2010-01-01,2010-12-31
5602116,GHED_GGHE-D_pc_US_SHA2011,COUNTRY,GTM,AMR,Americas,YEAR,2004,,,,,,,,,39.48,39.48321029,,,,2025-12-05T13:23:08Z,2004,2004-01-01,2004-12-31
5603310,GHED_GGHE-D_pc_US_SHA2011,COUNTRY,YEM,EMR,Eastern Mediterranean,YEAR,2013,,,,,,,,,13.51,13.5063422,,,,2025-12-05T13:23:08Z,2013,2013-01-01,2013-12-31
5605525,GHED_GGHE-D_pc_US_SHA2011,COUNTRY,EGY,EMR,Eastern Mediterranean,YEAR,2006,,,,,,,,,23.89,23.89402884,,,,2025-12-05T13:23:08Z,2006,2006-01-01,2006-12-31
5608388,GHED_GGHE-D_pc_US_SHA2011,COUNTRY,LBR,AFR,Africa,YEAR,2020,,,,,,,,,7.80,7.80286407,,,,2025-12-05T13:23:08Z,2020,2020-01-01,2020-12-31
5609370,GHED_GGHE-D_pc_US_SHA2011,COUNTRY,GHA,AFR,Africa,YEAR,2004,,,,,,,,,9.46,9.45951182,,,,2025-12-05T13:23:08Z,2004,2004-01-01,2004-12-31
5610861,GHED_GGHE-D_pc_US_SHA2011,COUNTRY,EGY,EMR,Eastern Mediterranean,YEAR,2004,,,,,,,,,16.36,16.36270219,,,,2025-12-05T13:23:08Z,2004,2004-01-01,2004-12-31
5612208,GHED_GGHE-D_pc_US_SHA2011,COUNTRY,GHA,AFR,Africa,YEAR,2006,,,,,,,,,22.20,22.20413707,,,,2025-12-05T13:23:08Z,2006,2006-01-01,2006-12-31
5612322,GHED_GGHE-D_pc_US_SHA2011,COUNTRY,BEL,EUR,Europe,YEAR,2021,,,,,,,,,4398.04,4398.03893114,,,,2025-12-05T13:23:08Z,2021,2021-01-01,2021-12-31
5613063,GHED_GGHE-D_pc_US_SHA2011,COUNTRY,VUT,WPR,Western Pacific,YEAR,2015,,,,,,,,,57.65,57.65094553,,,,2025-12-05T13:23:08Z,2015,2015-01-01,2015-12-31
5617637,GHED_GGHE-D_pc_US_SHA2011,COUNTRY,HUN,EUR,Europe,YEAR,2003,,,,,,,,,477.88,477.88231171,,,,2025-12-05T13:23:08Z,2003,2003-01-01,2003-12-31
5619966,GHED_GGHE-D_pc_US_SHA2011,COUNTRY,GIN,AFR,Africa,YEAR,2012,,,,,,,,,3.48,3.47869741,,,,2025-12-05T13:23:08Z,2012,2012-01-01,2012-12-31
5621147,GHED_GGHE-D_pc_US_SHA2011,COUNTRY,JAM,AMR,Americas,YEAR,2019,,,,,,,,,223.09,223.090646,,,,2025-12-05T13:23:08Z,2019,2019-01-01,2019-12-31
5621294,GHED_GGHE-D_pc_US_SHA2011,COUNTRY,BHR,EMR,Eastern Mediterranean,YEAR,2021,,,,,,,,,750.22,750.21906439,,,,2025-12-05T13:23:08Z,2021,2021-01-01,2021-12-31
5622267,GHED_GGHE-D_pc_US_SHA2011,COUNTRY,TZA,AFR,Africa,YEAR,2016,,,,,,,,,14.89,14.889817,,,,2025-12-05T13:23:08Z,2016,2016-01-01,2016-12-31
5622374,GHED_GGHE-D_pc_US_SHA2011,COUNTRY,ZAF,AFR,Africa,YEAR,2020,,,,,,,,,326.19,326.19200345,,,,2025-12-05T13:23:08Z,2020,2020-01-01,2020-12-31
5628424,GHED_GGHE-D_pc_US_SHA2011,REGION,EUR,,,YEAR,2018,,,,,,,,,1927.53,1927.53300551,,,,2025-12-05T13:23:08Z,2018,2018-01-01,2018-12-31
5632131,GHED_GGHE-D_pc_US_SHA2011,REGION,EUR,,,YEAR,2007,,,,,,,,,1569.12,1569.12100369,,,,2025-12-05T13:23:08Z,2007,2007-01-01,2007-12-31
5634433,GHED_GGHE-D_pc_US_SHA2011,REGION,AMR,,,YEAR,2014,,,,,,,,,562.97,562.97198769,,,,2025-12-05T13:23:08Z,2014,2014-01-01,2014-12-31
5635905,GHED_GGHE-D_pc_US_SHA2011,COUNTRY,ETH,AFR,Africa,YEAR,2012,,,,,,,,,4.70,4.69974841,,,,2025-12-05T13:23:08Z,2012,2012-01-01,2012-12-31
5639319,GHED_GGHE-D_pc_US_SHA2011,COUNTRY,LVA,EUR,Europe,YEAR,2016,,,,,,,,,488.53,488.53240109,,,,2025-12-05T13:23:08Z,2016,2016-01-01,2016-12-31
5639389,GHED_GGHE-D_pc_US_SHA2011,COUNTRY,MDA,EUR,Europe,YEAR,2022,,,,,,,,,255.69,255.68795138,,,,2025-12-05T13:23:08Z,2022,2022-01-01,2022-12-31
5643860,GHED_GGHE-D_pc_US_SHA2011,COUNTRY,BLR,EUR,Europe,YEAR,2002,,,,,,,,,62.36,62.35794734,,,,2025-12-05T13:23:08Z,2002,2002-01-01,2002-12-31
5646846,GHED_GGHE-D_pc_US_SHA2011,COUNTRY,ITA,EUR,Europe,YEAR,2022,,,,,,,,,2325.25,2325.24614265,,,,2025-12-05T13:23:08Z,2022,2022-01-01,2022-12-31
5653249,GHED_GGHE-D_pc_US_SHA2011,COUNTRY,LBY,EMR,Eastern Mediterranean,YEAR,2007,,,,,,,,,179.38,179.38320259,,,,2025-12-05T13:23:08Z,2007,2007-01-01,2007-12-31
5659879,GHED_GGHE-D_pc_US_SHA2011,COUNTRY,DNK,EUR,Europe,YEAR,2007,,,,,,,,,4565.32,4565.31506924,,,,2025-12-05T13:23:08Z,2007,2007-01-01,2007-12-31
5660962,GHED_GGHE-D_pc_US_SHA2011,COUNTRY,UZB,EUR,Europe,YEAR,2011,,,,,,,,,43.61,43.60839657,,,,2025-12-05T13:23:08Z,2011,2011-01-01,2011-12-31
5661727,GHED_GGHE-D_pc_US_SHA2011,COUNTRY,EST,EUR,Europe,YEAR,2014,,,,,,,,,959.61,959.61215815,,,,2025-12-05T13:23:08Z,2014,2014-01-01,2014-12-31
5662297,GHED_GGHE-D_pc_US_SHA2011,COUNTRY,ERI,AFR,Africa,YEAR,2022,,,,,,,,,6.29,6.29442834,,,,2025-12-05T13:23:08Z,2022,2022-01-01,2022-12-31
5664540,GHED_GGHE-D_pc_US_SHA2011,COUNTRY,UKR,EUR,Europe,YEAR,2020,,,,,,,,,130.65,130.64660846,,,,2025-12-05T13:23:08Z,2020,2020-01-01,2020-12-31
5665507,GHED_GGHE-D_pc_US_SHA2011,COUNTRY,TGO,AFR,Africa,YEAR,2013,,,,,,,,,7.94,7.94052263,,,,2025-12-05T13:23:08Z,2013,2013-01-01,2013-12-31
5666730,GHED_GGHE-D_pc_US_SHA2011,COUNTRY,GTM,AMR,Americas,YEAR,2015,,,,,,,,,88.70,88.70191738,,,,2025-12-05T13:23:08Z,2015,2015-01-01,2015-12-31
5666978,GHED_GGHE-D_pc_US_SHA2011,COUNTRY,MLI,AFR,Africa,YEAR,2019,,,,,,,,,9.18,9.18026044,,,,2025-12-05T13:23:08Z,2019,2019-01-01,2019-12-31
5669875,GHED_GGHE-D_pc_US_SHA2011,COUNTRY,AUS,WPR,Western Pacific,YEAR,2012,,,,,,,,,4301.77,4301.76938843,,,,2025-12-05T13:23:08Z,2012,2012-01-01,2012-12-31
5669980,GHED_GGHE-D_pc_US_SHA2011,COUNTRY,EGY,EMR,Eastern Mediterranean,YEAR,2009,,,,,,,,,34.66,34.66297151,,,,2025-12-05T13:23:08Z,2009,2009-01-01,2009-12-31
5670098,GHED_GGHE-D_pc_US_SHA2011,COUNTRY,CUB,AMR,Americas,YEAR,2019,,,,,,,,,911.00,911.00330121,,,,2025-12-05T13:23:08Z,2019,2019-01-01,2019-12-31
5671648,GHED_GGHE-D_pc_US_SHA2011,COUNTRY,RUS,EUR,Europe,YEAR,2016,,,,,,,,,263.85,263.84540904,,,,2025-12-05T13:23:08Z,2016,2016-01-01,2016-12-31
5673231,GHED_GGHE-D_pc_US_SHA2011,COUNTRY,HRV,EUR,Europe,YEAR,2001,,,,,,,,,318.78,318.78127352,,,,2025-12-05T13:23:08Z,2001,2001-01-01,2001-12-31
5673826,GHED_GGHE-D_pc_US_SHA2011,COUNTRY,TTO,AMR,Americas,YEAR,2016,,,,,,,,,533.45,533.45413162,,,,2025-12-05T13:23:08Z,2016,2016-01-01,2016-12-31
5677918,GHED_GGHE-D_pc_US_SHA2011,COUNTRY,VNM,WPR,Western Pacific,YEAR,2012,,,,,,,,,48.79,48.79025587,,,,2025-12-05T13:23:08Z,2012,2012-01-01,2012-12-31
5683960,GHED_GGHE-D_pc_US_SHA2011,COUNTRY,BGD,SEAR,South-East Asia,YEAR,2022,,,,,,,,,8.74,8.73902363,,,,2025-12-05T13:23:08Z,2022,2022-01-01,2022-12-31
5688445,GHED_GGHE-D_pc_US_SHA2011,COUNTRY,PER,AMR,Americas,YEAR,2021,,,,,,,,,304.43,304.42866934,,,,2025-12-05T13:23:08Z,2021,2021-01-01,2021-12-31
5688999,GHED_GGHE-D_pc_US_SHA2011,COUNTRY,EGY,EMR,Eastern Mediterranean,YEAR,2008,,,,,,,,,31.01,31.00798666,,,,2025-12-05T13:23:08Z,2008,2008-01-01,2008-12-31
5696653,GHED_GGHE-D_pc_US_SHA2011,COUNTRY,LUX,EUR,Europe,YEAR,2023,,,,,,,,,6505.12,6505.11877183,,,,2025-12-05T13:23:08Z,2023,2023-01-01,2023-12-31
5697249,GHED_GGHE-D_pc_US_SHA2011,COUNTRY,ATG,AMR,Americas,YEAR,2019,,,,,,,,,472.28,472.28092501,,,,2025-12-05T13:23:08Z,2019,2019-01-01,2019-12-31
5697847,GHED_GGHE-D_pc_US_SHA2011,COUNTRY,MDA,EUR,Europe,YEAR,2006,,,,,,,,,49.32,49.31735443,,,,2025-12-05T13:23:08Z,2006,2006-01-01,2006-12-31
5700869,GHED_GGHE-D_pc_US_SHA2011,COUNTRY,MEX,AMR,Americas,YEAR,2016,,,,,,,,,251.23,251.23077765,,,,2025-12-05T13:23:08Z,2016,2016-01-01,2016-12-31
5709331,GHED_GGHE-D_pc_US_SHA2011,COUNTRY,UZB,EUR,Europe,YEAR,2023,,,,,,,,,67.93,67.93420322,,,,2025-12-05T13:23:08Z,2023,2023-01-01,2023-12-31
5714158,GHED_GGHE-D_pc_US_SHA2011,COUNTRY,BGR,EUR,Europe,YEAR,2000,,,,,,,,,56.29,56.2850303,,,,2025-12-05T13:23:08Z,2000,2000-01-01,2000-12-31
5714259,GHED_GGHE-D_pc_US_SHA2011,COUNTRY,LTU,EUR,Europe,YEAR,2023,,,,,,,,,1329.23,1329.23222573,,,,2025-12-05T13:23:08Z,2023,2023-01-01,2023-12-31
5714554,GHED_GGHE-D_pc_US_SHA2011,COUNTRY,ECU,AMR,Americas,YEAR,2004,,,,,,,,,46.59,46.58783941,,,,2025-12-05T13:23:08Z,2004,2004-01-01,2004-12-31
5716306,GHED_GGHE-D_pc_US_SHA2011,COUNTRY,IDN,WPR,Western Pacific,YEAR,2023,,,,,,,,,70.65,70.64936824,,,,2025-12-05T13:23:08Z,2023,2023-01-01,2023-12-31
5716516,GHED_GGHE-D_pc_US_SHA2011,COUNTRY,MRT,AFR,Africa,YEAR,2010,,,,,,,,,12.14,12.14262464,,,,2025-12-05T13:23:08Z,2010,2010-01-01,2010-12-31
5720112,GHED_GGHE-D_pc_US_SHA2011,COUNTRY,ECU,AMR,Americas,YEAR,2019,,,,,,,,,304.78,304.78419622,,,,2025-12-05T13:23:08Z,2019,2019-01-01,2019-12-31
5720443,GHED_GGHE-D_pc_US_SHA2011,COUNTRY,FIN,EUR,Europe,YEAR,2009,,,,,,,,,3437.55,3437.54895294,,,,2025-12-05T13:23:08Z,2009,2009-01-01,2009-12-31
5720685,GHED_GGHE-D_pc_US_SHA2011,COUNTRY,DMA,AMR,Americas,YEAR,2013,,,,,,,,,234.47,234.47332515,,,,2025-12-05T13:23:08Z,2013,2013-01-01,2013-12-31
5722224,GHED_GGHE-D_pc_US_SHA2011,COUNTRY,RWA,AFR,Africa,YEAR,2005,,,,,,,,,5.23,5.23198185,,,,2025-12-05T13:23:08Z,2005,2005-01-01,2005-12-31
5727217,GHED_GGHE-D_pc_US_SHA2011,COUNTRY,VCT,AMR,Americas,YEAR,2004,,,,,,,,,120.31,120.31223334,,,,2025-12-05T13:23:08Z,2004,2004-01-01,2004-12-31
5727726,GHED_GGHE-D_pc_US_SHA2011,COUNTRY,CRI,AMR,Americas,YEAR,2011,,,,,,,,,528.85,528.85321544,,,,2025-12-05T13:23:08Z,2011,2011-01-01,2011-12-31
5728115,GHED_GGHE-D_pc_US_SHA2011,COUNTRY,DMA,AMR,Americas,YEAR,2001,,,,,,,,,128.15,128.14751803,,,,2025-12-05T13:23:08Z,2001,2001-01-01,2001-12-31
5730762,GHED_GGHE-D_pc_US_SHA2011,COUNTRY,SWZ,AFR,Africa,YEAR,2010,,,,,,,,,168.82,168.82466174,,,,2025-12-05T13:23:08Z,2010,2010-01-01,2010-12-31
5731182,GHED_GGHE-D_pc_US_SHA2011,COUNTRY,SVK,EUR,Europe,YEAR,2017,,,,,,,,,939.92,939.91826922,,,,2025-12-05T13:23:08Z,2017,2017-01-01,2017-12-31
5732908,GHED_GGHE-D_pc_US_SHA2011,COUNTRY,MCO,EUR,Europe,YEAR,2004,,,,,,,,,4608.69,4608.68550275,,,,2025-12-05T13:23:08Z,2004,2004-01-01,2004-12-31
5737054,GHED_GGHE-D_pc_US_SHA2011,COUNTRY,NIC,AMR,Americas,YEAR,2016,,,,,,,,,99.15,99.14960496,,,,2025-12-05T13:23:08Z,2016,2016-01-01,2016-12-31
5742349,GHED_GGHE-D_pc_US_SHA2011,COUNTRY,EST,EUR,Europe,YEAR,2023,,,,,,,,,1711.17,1711.16641134,,,,2025-12-05T13:23:08Z,2023,2023-01-01,2023-12-31
5743085,GHED_GGHE-D_pc_US_SHA2011,COUNTRY,NZL,WPR,Western Pacific,YEAR,2018,,,,,,,,,2696.09,2696.08854583,,,,2025-12-05T13:23:08Z,2018,2018-01-01,2018-12-31
5744288,GHED_GGHE-D_pc_US_SHA2011,COUNTRY,FRA,EUR,Europe,YEAR,2017,,,,,,,,,3338.45,3338.45429733,,,,2025-12-05T13:23:08Z,2017,2017-01-01,2017-12-31
5744636,GHED_GGHE-D_pc_US_SHA2011,COUNTRY,NRU,WPR,Western Pacific,YEAR,2021,,,,,,,,,1419.03,1419.02854411,,,,2025-12-05T13:23:08Z,2021,2021-01-01,2021-12-31
5747968,GHED_GGHE-D_pc_US_SHA2011,COUNTRY,GEO,EUR,Europe,YEAR,2007,,,,,,,,,28.82,28.81775205,,,,2025-12-05T13:23:08Z,2007,2007-01-01,2007-12-31
5748838,GHED_GGHE-D_pc_US_SHA2011,COUNTRY,FSM,WPR,Western Pacific,YEAR,2013,,,,,,,,,45.17,45.16637566,,,,2025-12-05T13:23:08Z,2013,2013-01-01,2013-12-31
5754184,GHED_GGHE-D_pc_US_SHA2011,COUNTRY,UKR,EUR,Europe,YEAR,2007,,,,,,,,,108.45,108.44700826,,,,2025-12-05T13:23:08Z,2007,2007-01-01,2007-12-31
5755629,GHED_GGHE-D_pc_US_SHA2011,COUNTRY,PER,AMR,Americas,YEAR,2009,,,,,,,,,105.36,105.35592994,,,,2025-12-05T13:23:08Z,2009,2009-01-01,2009-12-31
5756304,GHED_GGHE-D_pc_US_SHA2011,COUNTRY,PAN,AMR,Americas,YEAR,2014,,,,,,,,,563.07,563.07394187,,,,2025-12-05T13:23:08Z,2014,2014-01-01,2014-12-31
5756990,GHED_GGHE-D_pc_US_SHA2011,COUNTRY,USA,AMR,Americas,YEAR,2013,,,,,,,,,4165.61,4165.60990747,,,,2025-12-05T13:23:08Z,2013,2013-01-01,2013-12-31
5758444,GHED_GGHE-D_pc_US_SHA2011,COUNTRY,JAM,AMR,Americas,YEAR,2009,,,,,,,,,130.54,130.5382036,,,,2025-12-05T13:23:08Z,2009,2009-01-01,2009-12-31
5760170,GHED_GGHE-D_pc_US_SHA2011,COUNTRY,COG,AFR,Africa,YEAR,2011,,,,,,,,,22.12,22.12056528,,,,2025-12-05T13:23:08Z,2011,2011-01-01,2011-12-31
5761231,GHED_GGHE-D_pc_US_SHA2011,COUNTRY,VNM,WPR,Western Pacific,YEAR,2019,,,,,,,,,69.52,69.52231544,,,,2025-12-05T13:23:08Z,2019,2019-01-01,2019-12-31
5762870,GHED_GGHE-D_pc_US_SHA2011,COUNTRY,THA,SEAR,South-East Asia,YEAR,2000,,,,,,,,,34.33,34.33290711,,,,2025-12-05T13:23:08Z,2000,2000-01-01,2000-12-31
5763119,GHED_GGHE-D_pc_US_SHA2011,COUNTRY,NIU,WPR,Western Pacific,YEAR,2007,,,,,,,,,1121.76,1121.75596045,,,,2025-12-05T13:23:08Z,2007,2007-01-01,2007-12-31
5772580,GHED_GGHE-D_pc_US_SHA2011,COUNTRY,BLZ,AMR,Americas,YEAR,2001,,,,,,,,,83.28,83.28400369,,,,2025-12-05T13:23:08Z,2001,2001-01-01,2001-12-31
5775512,GHED_GGHE-D_pc_US_SHA2011,COUNTRY,GRD,AMR,Americas,YEAR,2003,,,,,,,,,117.33,117.33471591,,,,2025-12-05T13:23:08Z,2003,2003-01-01,2003-12-31
5776718,GHED_GGHE-D_pc_US_SHA2011,COUNTRY,LCA,AMR,Americas,YEAR,2014,,,,,,,,,192.33,192.32991,,,,2025-12-05T13:23:08Z,2014,2014-01-01,2014-12-31
5776892,GHED_GGHE-D_pc_US_SHA2011,COUNTRY,TON,WPR,Western Pacific,YEAR,2003,,,,,,,,,48.00,47.99515711,,,,2025-12-05T13:23:08Z,2003,2003-01-01,2003-12-31
5781544,GHED_GGHE-D_pc_US_SHA2011,COUNTRY,PER,AMR,Americas,YEAR,2011,,,,,,,,,134.77,134.76794511,,,,2025-12-05T13:23:08Z,2011,2011-01-01,2011-12-31
5782341,GHED_GGHE-D_pc_US_SHA2011,COUNTRY,SYR,EMR,Eastern Mediterranean,YEAR,2001,,,,,,,,,23.81,23.81171187,,,,2025-12-05T13:23:08Z,2001,2001-01-01,2001-12-31
5784849,GHED_GGHE-D_pc_US_SHA2011,COUNTRY,NZL,WPR,Western Pacific,YEAR,2003,,,,,,,,,1216.08,1216.07996526,,,,2025-12-05T13:23:08Z,2003,2003-01-01,2003-12-31
5785027,GHED_GGHE-D_pc_US_SHA2011,COUNTRY,NRU,WPR,Western Pacific,YEAR,2005,,,,,,,,,295.62,295.61741795,,,,2025-12-05T13:23:08Z,2005,2005-01-01,2005-12-31
5785790,GHED_GGHE-D_pc_US_SHA2011,COUNTRY,BLZ,AMR,Americas,YEAR,2017,,,,,,,,,195.31,195.30603776,,,,2025-12-05T13:23:08Z,2017,2017-01-01,2017-12-31
5791360,GHED_GGHE-D_pc_US_SHA2011,REGION,AFR,,,YEAR,2018,,,,,,,,,60.84,60.83652787,,,,2025-12-05T13:23:08Z,2018,2018-01-01,2018-12-31
5793511,GHED_GGHE-D_pc_US_SHA2011,COUNTRY,NIU,WPR,Western Pacific,YEAR,2014,,,,,,,,,1063.36,1063.35505888,,,,2025-12-05T13:23:08Z,2014,2014-01-01,2014-12-31
5793638,GHED_GGHE-D_pc_US_SHA2011,COUNTRY,ZAF,AFR,Africa,YEAR,2010,,,,,,,,,318.97,318.9651985,,,,2025-12-05T13:23:08Z,2010,2010-01-01,2010-12-31
5796683,GHED_GGHE-D_pc_US_SHA2011,COUNTRY,LBN,EMR,Eastern Mediterranean,YEAR,2010,,,,,,,,,228.66,228.65752654,,,,2025-12-05T13:23:08Z,2010,2010-01-01,2010-12-31
5797727,GHED_GGHE-D_pc_US_SHA2011,COUNTRY,ECU,AMR,Americas,YEAR,2011,,,,,,,,,162.62,162.61850234,,,,2025-12-05T13:23:08Z,2011,2011-01-01,2011-12-31
5798352,GHED_GGHE-D_pc_US_SHA2011,COUNTRY,QAT,EMR,Eastern Mediterranean,YEAR,2016,,,,,,,,,1777.97,1777.97488465,,,,2025-12-05T13:23:08Z,2016,2016-01-01,2016-12-31
5802576,GHED_GGHE-D_pc_US_SHA2011,COUNTRY,CAN,AMR,Americas,YEAR,2006,,,,,,,,,2612.98,2612.97748912,,,,2025-12-05T13:23:08Z,2006,2006-01-01,2006-12-31
5802602,GHED_GGHE-D_pc_US_SHA2011,COUNTRY,BRA,AMR,Americas,YEAR,2008,,,,,,,,,312.19,312.18528874,,,,2025-12-05T13:23:08Z,2008,2008-01-01,2008-12-31
5803051,GHED_GGHE-D_pc_US_SHA2011,COUNTRY,SMR,EUR,Europe,YEAR,2022,,,,,,,,,3431.86,3431.85547135,,,,2025-12-05T13:23:08Z,2022,2022-01-01,2022-12-31
5803234,GHED_GGHE-D_pc_US_SHA2011,COUNTRY,JAM,AMR,Americas,YEAR,2014,,,,,,,,,152.30,152.29888734,,,,2025-12-05T13:23:08Z,2014,2014-01-01,2014-12-31
5807080,GHED_GGHE-D_pc_US_SHA2011,COUNTRY,URY,AMR,Americas,YEAR,2011,,,,,,,,,765.53,765.53223485,,,,2025-12-05T13:23:08Z,2011,2011-01-01,2011-12-31
5807290,GHED_GGHE-D_pc_US_SHA2011,COUNTRY,DNK,EUR,Europe,YEAR,2015,,,,,,,,,4641.24,4641.23759123,,,,2025-12-05T13:23:08Z,2015,2015-01-01,2015-12-31
5810639,GHED_GGHE-D_pc_US_SHA2011,REGION,EMR,,,YEAR,2004,,,,,,,,,167.80,167.79765779,,,,2025-12-05T13:23:08Z,2004,2004-01-01,2004-12-31
5811786,GHED_GGHE-D_pc_US_SHA2011,COUNTRY,JAM,AMR,Americas,YEAR,2023,,,,,,,,,334.71,334.70554084,,,,2025-12-05T13:23:08Z,2023,2023-01-01,2023-12-31
5813245,GHED_GGHE-D_pc_US_SHA2011,COUNTRY,GRD,AMR,Americas,YEAR,2010,,,,,,,,,142.13,142.12806429,,,,2025-12-05T13:23:08Z,2010,2010-01-01,2010-12-31
5816005,GHED_GGHE-D_pc_US_SHA2011,COUNTRY,DJI,EMR,Eastern Mediterranean,YEAR,2019,,,,,,,,,36.48,36.47724261,,,,2025-12-05T13:23:08Z,2019,2019-01-01,2019-12-31
5822153,GHED_GGHE-D_pc_US_SHA2011,COUNTRY,KIR,WPR,Western Pacific,YEAR,2014,,,,,,,,,128.03,128.02977873,,,,2025-12-05T13:23:08Z,2014,2014-01-01,2014-12-31
5822501,GHED_GGHE-D_pc_US_SHA2011,COUNTRY,RWA,AFR,Africa,YEAR,2016,,,,,,,,,11.42,11.42369052,,,,2025-12-05T13:23:08Z,2016,2016-01-01,2016-12-31
5824981,GHED_GGHE-D_pc_US_SHA2011,COUNTRY,KIR,WPR,Western Pacific,YEAR,2011,,,,,,,,,133.40,133.40333895,,,,2025-12-05T13:23:08Z,2011,2011-01-01,2011-12-31
5826670,GHED_GGHE-D_pc_US_SHA2011,COUNTRY,MYS,WPR,Western Pacific,YEAR,2011,,,,,,,,,182.88,182.87534783,,,,2025-12-05T13:23:08Z,2011,2011-01-01,2011-12-31
5826900,GHED_GGHE-D_pc_US_SHA2011,COUNTRY,GNQ,AFR,Africa,YEAR,2002,,,,,,,,,9.34,9.34394933,,,,2025-12-05T13:23:08Z,2002,2002-01-01,2002-12-31
5832278,GHED_GGHE-D_pc_US_SHA2011,COUNTRY,CRI,AMR,Americas,YEAR,2023,,,,,,,,,781.24,781.23759736,,,,2025-12-05T13:23:08Z,2023,2023-01-01,2023-12-31
5832411,GHED_GGHE-D_pc_US_SHA2011,COUNTRY,SEN,AFR,Africa,YEAR,2009,,,,,,,,,18.41,18.40751544,,,,2025-12-05T13:23:08Z,2009,2009-01-01,2009-12-31
5833274,GHED_GGHE-D_pc_US_SHA2011,COUNTRY,ERI,AFR,Africa,YEAR,2018,,,,,,,,,3.93,3.92875035,,,,2025-12-05T13:23:08Z,2018,2018-01-01,2018-12-31
5834206,GHED_GGHE-D_pc_US_SHA2011,COUNTRY,BLR,EUR,Europe,YEAR,2010,,,,,,,,,232.12,232.12447887,,,,2025-12-05T13:23:08Z,2010,2010-01-01,2010-12-31
5835547,GHED_GGHE-D_pc_US_SHA2011,COUNTRY,PRT,EUR,Europe,YEAR,2005,,,,,,,,,1286.41,1286.41445909,,,,2025-12-05T13:23:08Z,2005,2005-01-01,2005-12-31
5836169,GHED_GGHE-D_pc_US_SHA2011,GLOBAL,GLOBAL,,,YEAR,2018,,,,,,,,,805.65,805.65131342,,,,2025-12-05T13:23:08Z,2018,2018-01-01,2018-12-31
5837878,GHED_GGHE-D_pc_US_SHA2011,COUNTRY,SUR,AMR,Americas,YEAR,2003,,,,,,,,,72.97,72.97464367,,,,2025-12-05T13:23:08Z,2003,2003-01-01,2003-12-31
5838413,GHED_GGHE-D_pc_US_SHA2011,COUNTRY,NAM,AFR,Africa,YEAR,2017,,,,,,,,,274.58,274.5796862,,,,2025-12-05T13:23:08Z,2017,2017-01-01,2017-12-31
5841298,GHED_GGHE-D_pc_US_SHA2011,COUNTRY,LUX,EUR,Europe,YEAR,2002,,,,,,,,,3022.51,3022.50951241,,,,2025-12-05T13:23:08Z,2002,2002-01-01,2002-12-31
5844873,GHED_GGHE-D_pc_US_SHA2011,COUNTRY,LBY,EMR,Eastern Mediterranean,YEAR,2006,,,,,,,,,151.06,151.05659311,,,,2025-12-05T13:23:08Z,2006,2006-01-01,2006-12-31
5844989,GHED_GGHE-D_pc_US_SHA2011,COUNTRY,COM,AFR,Africa,YEAR,2012,,,,,,,,,11.85,11.85313767,,,,2025-12-05T13:23:08Z,2012,2012-01-01,2012-12-31
5845526,GHED_GGHE-D_pc_US_SHA2011,COUNTRY,IRN,EMR,Eastern Mediterranean,YEAR,2001,,,,,,,,,35.67,35.66935466,,,,2025-12-05T13:23:08Z,2001,2001-01-01,2001-12-31
5848036,GHED_GGHE-D_pc_US_SHA2011,COUNTRY,CIV,AFR,Africa,YEAR,2021,,,,,,,,,39.05,39.05283135,,,,2025-12-05T13:23:08Z,2021,2021-01-01,2021-12-31
5850583,GHED_GGHE-D_pc_US_SHA2011,GLOBAL,GLOBAL,,,YEAR,2009,,,,,,,,,664.69,664.6873005,,,,2025-12-05T13:23:08Z,2009,2009-01-01,2009-12-31
5850728,GHED_GGHE-D_pc_US_SHA2011,COUNTRY,BWA,AFR,Africa,YEAR,2010,,,,,,,,,224.21,224.20551517,,,,2025-12-05T13:23:08Z,2010,2010-01-01,2010-12-31
5850859,GHED_GGHE-D_pc_US_SHA2011,COUNTRY,HUN,EUR,Europe,YEAR,2014,,,,,,,,,673.17,673.17499071,,,,2025-12-05T13:23:08Z,2014,2014-01-01,2014-12-31
5851297,GHED_GGHE-D_pc_US_SHA2011,COUNTRY,IDN,WPR,Western Pacific,YEAR,2020,,,,,,,,,72.73,72.72923157,,,,2025-12-05T13:23:08Z,2020,2020-01-01,2020-12-31
5858060,GHED_GGHE-D_pc_US_SHA2011,COUNTRY,UGA,AFR,Africa,YEAR,2023,,,,,,,,,9.86,9.8558581,,,,2025-12-05T13:23:08Z,2023,2023-01-01,2023-12-31
5860487,GHED_GGHE-D_pc_US_SHA2011,COUNTRY,ARM,EUR,Europe,YEAR,2023,,,,,,,,,120.49,120.49340595,,,,2025-12-05T13:23:08Z,2023,2023-01-01,2023-12-31
5860968,GHED_GGHE-D_pc_US_SHA2011,COUNTRY,IND,SEAR,South-East Asia,YEAR,2003,,,,,,,,,4.10,4.097732,,,,2025-12-05T13:23:08Z,2003,2003-01-01,2003-12-31
5862748,GHED_GGHE-D_pc_US_SHA2011,COUNTRY,CPV,AFR,Africa,YEAR,2006,,,,,,,,,74.95,74.95369671,,,,2025-12-05T13:23:08Z,2006,2006-01-01,2006-12-31
5865043,GHED_GGHE-D_pc_US_SHA2011,COUNTRY,BHS,AMR,Americas,YEAR,2008,,,,,,,,,612.69,612.6918242,,,,2025-12-05T13:23:08Z,2008,2008-01-01,2008-12-31
5872436,GHED_GGHE-D_pc_US_SHA2011,COUNTRY,DOM,AMR,Americas,YEAR,2013,,,,,,,,,170.83,170.83046825,,,,2025-12-05T13:23:08Z,2013,2013-01-01,2013-12-31
5873593,GHED_GGHE-D_pc_US_SHA2011,COUNTRY,NLD,EUR,Europe,YEAR,2018,,,,,,,,,3503.80,3503.80280653,,,,2025-12-05T13:23:08Z,2018,2018-01-01,2018-12-31
5873975,GHED_GGHE-D_pc_US_SHA2011,COUNTRY,KNA,AMR,Americas,YEAR,2012,,,,,,,,,345.49,345.49461922,,,,2025-12-05T13:23:08Z,2012,2012-01-01,2012-12-31
5876149,GHED_GGHE-D_pc_US_SHA2011,COUNTRY,PRT,EUR,Europe,YEAR,2007,,,,,,,,,1324.77,1324.76989684,,,,2025-12-05T13:23:08Z,2007,2007-01-01,2007-12-31
5877898,GHED_GGHE-D_pc_US_SHA2011,COUNTRY,LCA,AMR,Americas,YEAR,2022,,,,,,,,,295.89,295.8896631,,,,2025-12-05T13:23:08Z,2022,2022-01-01,2022-12-31
5879957,GHED_GGHE-D_pc_US_SHA2011,COUNTRY,MDV,SEAR,South-East Asia,YEAR,2023,,,,,,,,,914.53,914.52677497,,,,2025-12-05T13:23:08Z,2023,2023-01-01,2023-12-31
5882932,GHED_GGHE-D_pc_US_SHA2011,COUNTRY,MMR,SEAR,South-East Asia,YEAR,2023,,,,,,,,,6.24,6.24284704,,,,2025-12-05T13:23:08Z,2023,2023-01-01,2023-12-31
5885697,GHED_GGHE-D_pc_US_SHA2011,COUNTRY,TZA,AFR,Africa,YEAR,2010,,,,,,,,,10.32,10.3212329,,,,2025-12-05T13:23:08Z,2010,2010-01-01,2010-12-31
5891818,GHED_GGHE-D_pc_US_SHA2011,COUNTRY,ISL,EUR,Europe,YEAR,2009,,,,,,,,,2957.74,2957.74045354,,,,2025-12-05T13:23:08Z,2009,2009-01-01,2009-12-31
5892170,GHED_GGHE-D_pc_US_SHA2011,REGION,EMR,,,YEAR,2011,,,,,,,,,309.02,309.02380244,,,,2025-12-05T13:23:08Z,2011,2011-01-01,2011-12-31
5893249,GHED_GGHE-D_pc_US_SHA2011,COUNTRY,COK,WPR,Western Pacific,YEAR,2001,,,,,,,,,200.54,200.54266212,,,,2025-12-05T13:23:08Z,2001,2001-01-01,2001-12-31
5898144,GHED_GGHE-D_pc_US_SHA2011,COUNTRY,GUY,AMR,Americas,YEAR,2001,,,,,,,,,32.11,32.109084,,,,2025-12-05T13:23:08Z,2001,2001-01-01,2001-12-31
5898959,GHED_GGHE-D_pc_US_SHA2011,COUNTRY,BRN,WPR,Western Pacific,YEAR,2000,,,,,,,,,436.88,436.87793072,,,,2025-12-05T13:23:08Z,2000,2000-01-01,2000-12-31
5900416,GHED_GGHE-D_pc_US_SHA2011,COUNTRY,NLD,EUR,Europe,YEAR,2015,,,,,,,,,3089.04,3089.04143646,,,,2025-12-05T13:23:08Z,2015,2015-01-01,2015-12-31
5901973,GHED_GGHE-D_pc_US_SHA2011,COUNTRY,AUS,WPR,Western Pacific,YEAR,2021,,,,,,,,,5353.38,5353.37648184,,,,2025-12-05T13:23:08Z,2021,2021-01-01,2021-12-31
5908506,GHED_GGHE-D_pc_US_SHA2011,COUNTRY,CHN,WPR,Western Pacific,YEAR,2008,,,,,,,,,59.59,59.58877775,,,,2025-12-05T13:23:08Z,2008,2008-01-01,2008-12-31
5910518,GHED_GGHE-D_pc_US_SHA2011,COUNTRY,SWE,EUR,Europe,YEAR,2002,,,,,,,,,2021.82,2021.81525972,,,,2025-12-05T13:23:08Z,2002,2002-01-01,2002-12-31
5910870,GHED_GGHE-D_pc_US_SHA2011,COUNTRY,FJI,WPR,Western Pacific,YEAR,2021,,,,,,,,,171.75,171.74768011,,,,2025-12-05T13:23:08Z,2021,2021-01-01,2021-12-31
5913507,GHED_GGHE-D_pc_US_SHA2011,COUNTRY,MRT,AFR,Africa,YEAR,2017,,,,,,,,,19.88,19.88436923,,,,2025-12-05T13:23:08Z,2017,2017-01-01,2017-12-31
5914167,GHED_GGHE-D_pc_US_SHA2011,COUNTRY,IDN,WPR,Western Pacific,YEAR,2019,,,,,,,,,57.41,57.41171538,,,,2025-12-05T13:23:08Z,2019,2019-01-01,2019-12-31
5916068,GHED_GGHE-D_pc_US_SHA2011,COUNTRY,BRB,AMR,Americas,YEAR,2012,,,,,,,,,716.44,716.4432408,,,,2025-12-05T13:23:08Z,2012,2012-01-01,2012-12-31
5916449,GHED_GGHE-D_pc_US_SHA2011,COUNTRY,SLV,AMR,Americas,YEAR,2019,,,,,,,,,203.69,203.68691397,,,,2025-12-05T13:23:08Z,2019,2019-01-01,2019-12-31
5917608,GHED_GGHE-D_pc_US_SHA2011,COUNTRY,KEN,AFR,Africa,YEAR,2019,,,,,,,,,39.38,39.37885207,,,,2025-12-05T13:23:08Z,2019,2019-01-01,2019-12-31
5917875,GHED_GGHE-D_pc_US_SHA2011,COUNTRY,TUN,EMR,Eastern Mediterranean,YEAR,2000,,,,,,,,,58.47,58.47010699,,,,2025-12-05T13:23:08Z,2000,2000-01-01,2000-12-31
5917970,GHED_GGHE-D_pc_US_SHA2011,COUNTRY,BIH,EUR,Europe,YEAR,2010,,,,,,,,,276.44,276.44014979,,,,2025-12-05T13:23:08Z,2010,2010-01-01,2010-12-31
5918144,GHED_GGHE-D_pc_US_SHA2011,REGION,SEAR,,,YEAR,2004,,,,,,,,,24.60,24.59934947,,,,2025-12-05T13:23:08Z,2004,2004-01-01,2004-12-31
5918451,GHED_GGHE-D_pc_US_SHA2011,COUNTRY,BLZ,AMR,Americas,YEAR,2020,,,,,,,,,198.59,198.58630003,,,,2025-12-05T13:23:08Z,2020,2020-01-01,2020-12-31
5921359,GHED_GGHE-D_pc_US_SHA2011,COUNTRY,MNG,WPR,Western Pacific,YEAR,2019,,,,,,,,,93.17,93.17155167,,,,2025-12-05T13:23:08Z,2019,2019-01-01,2019-12-31
5922613,GHED_GGHE-D_pc_US_SHA2011,COUNTRY,CAF,AFR,Africa,YEAR,2007,,,,,,,,,5.00,5.00488744,,,,2025-12-05T13:23:08Z,2007,2007-01-01,2007-12-31
5925393,GHED_GGHE-D_pc_US_SHA2011,COUNTRY,YEM,EMR,Eastern Mediterranean,YEAR,2001,,,,,,,,,12.07,12.07253589,,,,2025-12-05T13:23:08Z,2001,2001-01-01,2001-12-31
5927021,GHED_GGHE-D_pc_US_SHA2011,COUNTRY,BHS,AMR,Americas,YEAR,2001,,,,,,,,,397.38,397.3784646,,,,2025-12-05T13:23:08Z,2001,2001-01-01,2001-12-31
5927949,GHED_GGHE-D_pc_US_SHA2011,COUNTRY,AND,EUR,Europe,YEAR,2017,,,,,,,,,2069.02,2069.02390856,,,,2025-12-05T13:23:08Z,2017,2017-01-01,2017-12-31
5928709,GHED_GGHE-D_pc_US_SHA2011,COUNTRY,SGP,WPR,Western Pacific,YEAR,2004,,,,,,,,,281.93,281.92751725,,,,2025-12-05T13:23:08Z,2004,2004-01-01,2004-12-31
5929982,GHED_GGHE-D_pc_US_SHA2011,COUNTRY,MYS,WPR,Western Pacific,YEAR,2022,,,,,,,,,231.81,231.81124004,,,,2025-12-05T13:23:08Z,2022,2022-01-01,2022-12-31
5931337,GHED_GGHE-D_pc_US_SHA2011,COUNTRY,CHN,WPR,Western Pacific,YEAR,2016,,,,,,,,,231.35,231.34530889,,,,2025-12-05T13:23:08Z,2016,2016-01-01,2016-12-31
5932297,GHED_GGHE-D_pc_US_SHA2011,COUNTRY,CYP,EUR,Europe,YEAR,2013,,,,,,,,,876.06,876.06203195,,,,2025-12-05T13:23:08Z,2013,2013-01-01,2013-12-31
5934097,GHED_GGHE-D_pc_US_SHA2011,COUNTRY,RWA,AFR,Africa,YEAR,2006,,,,,,,,,5.29,5.2921454,,,,2025-12-05T13:23:08Z,2006,2006-01-01,2006-12-31
5934539,GHED_GGHE-D_pc_US_SHA2011,COUNTRY,KHM,WPR,Western Pacific,YEAR,2004,,,,,,,,,5.53,5.53247995,,,,2025-12-05T13:23:08Z,2004,2004-01-01,2004-12-31
5937659,GHED_GGHE-D_pc_US_SHA2011,COUNTRY,ESP,EUR,Europe,YEAR,2006,,,,,,,,,1616.59,1616.59029895,,,,2025-12-05T13:23:08Z,2006,2006-01-01,2006-12-31
5938558,GHED_GGHE-D_pc_US_SHA2011,COUNTRY,CMR,AFR,Africa,YEAR,2008,,,,,,,,,8.22,8.21752337,,,,2025-12-05T13:23:08Z,2008,2008-01-01,2008-12-31
5943054,GHED_GGHE-D_pc_US_SHA2011,COUNTRY,BDI,AFR,Africa,YEAR,2021,,,,,,,,,5.75,5.75012206,,,,2025-12-05T13:23:08Z,2021,2021-01-01,2021-12-31
5944630,GHED_GGHE-D_pc_US_SHA2011,COUNTRY,BFA,AFR,Africa,YEAR,2013,,,,,,,,,12.25,12.25013884,,,,2025-12-05T13:23:08Z,2013,2013-01-01,2013-12-31
5947119,GHED_GGHE-D_pc_US_SHA2011,COUNTRY,TCD,AFR,Africa,YEAR,2003,,,,,,,,,5.68,5.6824739,,,,2025-12-05T13:23:08Z,2003,2003-01-01,2003-12-31
5951508,GHED_GGHE-D_pc_US_SHA2011,COUNTRY,SUR,AMR,Americas,YEAR,2021,,,,,,,,,176.28,176.27657016,,,,2025-12-05T13:23:08Z,2021,2021-01-01,2021-12-31
5956914,GHED_GGHE-D_pc_US_SHA2011,COUNTRY,CIV,AFR,Africa,YEAR,2019,,,,,,,,,20.63,20.63144067,,,,2025-12-05T13:23:08Z,2019,2019-01-01,2019-12-31
5956972,GHED_GGHE-D_pc_US_SHA2011,COUNTRY,YEM,EMR,Eastern Mediterranean,YEAR,2014,,,,,,,,,11.21,11.20511537,,,,2025-12-05T13:23:08Z,2014,2014-01-01,2014-12-31
5957917,GHED_GGHE-D_pc_US_SHA2011,COUNTRY,SLV,AMR,Americas,YEAR,2018,,,,,,,,,190.10,190.09626773,,,,2025-12-05T13:23:08Z,2018,2018-01-01,2018-12-31
5958232,GHED_GGHE-D_pc_US_SHA2011,COUNTRY,LKA,SEAR,South-East Asia,YEAR,2016,,,,,,,,,62.67,62.66619057,,,,2025-12-05T13:23:08Z,2016,2016-01-01,2016-12-31
5962644,GHED_GGHE-D_pc_US_SHA2011,COUNTRY,MOZ,AFR,Africa,YEAR,2023,,,,,,,,,14.01,14.01214479,,,,2025-12-05T13:23:08Z,2023,2023-01-01,2023-12-31
5963015,GHED_GGHE-D_pc_US_SHA2011,COUNTRY,SYR,EMR,Eastern Mediterranean,YEAR,2022,,,,,,,,,12.99,12.98584713,,,,2025-12-05T13:23:08Z,2022,2022-01-01,2022-12-31
5964792,GHED_GGHE-D_pc_US_SHA2011,COUNTRY,MLT,EUR,Europe,YEAR,2023,,,,,,,,,2392.15,2392.15374118,,,,2025-12-05T13:23:08Z,2023,2023-01-01,2023-12-31
5967757,GHED_GGHE-D_pc_US_SHA2011,COUNTRY,TKM,EUR,Europe,YEAR,2012,,,,,,,,,77.28,77.27707376,,,,2025-12-05T13:23:08Z,2012,2012-01-01,2012-12-31
5967958,GHED_GGHE-D_pc_US_SHA2011,COUNTRY,TGO,AFR,Africa,YEAR,2010,,,,,,,,,7.92,7.92045765,,,,2025-12-05T13:23:08Z,2010,2010-01-01,2010-12-31
5968053,GHED_GGHE-D_pc_US_SHA2011,WORLDBANKINCOMEGROUP,WB_UMI,,,YEAR,2019,,,,,,,,,273.39,273.39233338,,,,2025-12-05T13:23:08Z,2019,2019-01-01,2019-12-31
5968691,GHED_GGHE-D_pc_US_SHA2011,COUNTRY,MCO,EUR,Europe,YEAR,2006,,,,,,,,,4967.95,4967.95305206,,,,2025-12-05T13:23:08Z,2006,2006-01-01,2006-12-31
5968970,GHED_GGHE-D_pc_US_SHA2011,COUNTRY,ISL,EUR,Europe,YEAR,2007,,,,,,,,,4760.15,4760.14682926,,,,2025-12-05T13:23:08Z,2007,2007-01-01,2007-12-31
5970094,GHED_GGHE-D_pc_US_SHA2011,COUNTRY,ESP,EUR,Europe,YEAR,2001,,,,,,,,,742.29,742.29241556,,,,2025-12-05T13:23:08Z,2001,2001-01-01,2001-12-31
5971146,GHED_GGHE-D_pc_US_SHA2011,COUNTRY,STP,AFR,Africa,YEAR,2016,,,,,,,,,44.24,44.23699364,,,,2025-12-05T13:23:08Z,2016,2016-01-01,2016-12-31
5971964,GHED_GGHE-D_pc_US_SHA2011,COUNTRY,COG,AFR,Africa,YEAR,2006,,,,,,,,,11.67,11.67323897,,,,2025-12-05T13:23:08Z,2006,2006-01-01,2006-12-31
5972144,GHED_GGHE-D_pc_US_SHA2011,COUNTRY,TGO,AFR,Africa,YEAR,2020,,,,,,,,,7.78,7.77705603,,,,2025-12-05T13:23:08Z,2020,2020-01-01,2020-12-31
5974253,GHED_GGHE-D_pc_US_SHA2011,COUNTRY,MHL,WPR,Western Pacific,YEAR,2017,,,,,,,,,224.65,224.646295,,,,2025-12-05T13:23:08Z,2017,2017-01-01,2017-12-31
5974616,GHED_GGHE-D_pc_US_SHA2011,COUNTRY,TCD,AFR,Africa,YEAR,2022,,,,,,,,,8.94,8.94444453,,,,2025-12-05T13:23:08Z,2022,2022-01-01,2022-12-31
5974977,GHED_GGHE-D_pc_US_SHA2011,COUNTRY,MRT,AFR,Africa,YEAR,2015,,,,,,,,,22.06,22.06227246,,,,2025-12-05T13:23:08Z,2015,2015-01-01,2015-12-31
5975994,GHED_GGHE-D_pc_US_SHA2011,COUNTRY,NLD,EUR,Europe,YEAR,2002,,,,,,,,,1777.27,1777.27136601,,,,2025-12-05T13:23:08Z,2002,2002-01-01,2002-12-31
5976937,GHED_GGHE-D_pc_US_SHA2011,COUNTRY,DJI,EMR,Eastern Mediterranean,YEAR,2013,,,,,,,,,37.49,37.48983419,,,,2025-12-05T13:23:08Z,2013,2013-01-01,2013-12-31
5978655,GHED_GGHE-D_pc_US_SHA2011,COUNTRY,ZWE,AFR,Africa,YEAR,2019,,,,,,,,,7.86,7.86121479,,,,2025-12-05T13:23:08Z,2019,2019-01-01,2019-12-31
5982753,GHED_GGHE-D_pc_US_SHA2011,COUNTRY,MNE,EUR,Europe,YEAR,2023,,,,,,,,,795.73,795.72953746,,,,2025-12-05T13:23:08Z,2023,2023-01-01,2023-12-31
5984553,GHED_GGHE-D_pc_US_SHA2011,COUNTRY,VCT,AMR,Americas,YEAR,2000,,,,,,,,,104.78,104.77638535,,,,2025-12-05T13:23:08Z,2000,2000-01-01,2000-12-31
5984845,GHED_GGHE-D_pc_US_SHA2011,COUNTRY,FRA,EUR,Europe,YEAR,2022,,,,,,,,,3657.48,3657.48328114,,,,2025-12-05T13:23:08Z,2022,2022-01-01,2022-12-31
5985110,GHED_GGHE-D_pc_US_SHA2011,COUNTRY,JPN,WPR,Western Pacific,YEAR,2023,,,,,,,,,3086.11,3086.11473234,,,,2025-12-05T13:23:08Z,2023,2023-01-01,2023-12-31
5986254,GHED_GGHE-D_pc_US_SHA2011,COUNTRY,KIR,WPR,Western Pacific,YEAR,2015,,,,,,,,,99.81,99.81265273,,,,2025-12-05T13:23:08Z,2015,2015-01-01,2015-12-31
5987417,GHED_GGHE-D_pc_US_SHA2011,COUNTRY,IRN,EMR,Eastern Mediterranean,YEAR,2007,,,,,,,,,94.58,94.5840196,,,,2025-12-05T13:23:08Z,2007,2007-01-01,2007-12-31
5989342,GHED_GGHE-D_pc_US_SHA2011,COUNTRY,SWE,EUR,Europe,YEAR,2004,,,,,,,,,2876.18,2876.17637531,,,,2025-12-05T13:23:08Z,2004,2004-01-01,2004-12-31
5995781,GHED_GGHE-D_pc_US_SHA2011,COUNTRY,GUY,AMR,Americas,YEAR,2008,,,,,,,,,55.94,55.94062489,,,,2025-12-05T13:23:08Z,2008,2008-01-01,2008-12-31
5996009,GHED_GGHE-D_pc_US_SHA2011,COUNTRY,UZB,EUR,Europe,YEAR,2020,,,,,,,,,55.52,55.52282776,,,,2025-12-05T13:23:08Z,2020,2020-01-01,2020-12-31
5996117,GHED_GGHE-D_pc_US_SHA2011,COUNTRY,FSM,WPR,Western Pacific,YEAR,2023,,,,,,,,,72.27,72.26876716,,,,2025-12-05T13:23:08Z,2023,2023-01-01,2023-12-31
5997978,GHED_GGHE-D_pc_US_SHA2011,COUNTRY,UZB,EUR,Europe,YEAR,2003,,,,,,,,,9.36,9.36102807,,,,2025-12-05T13:23:08Z,2003,2003-01-01,2003-12-31
5999292,GHED_GGHE-D_pc_US_SHA2011,COUNTRY,MRT,AFR,Africa,YEAR,2022,,,,,,,,,33.44,33.43987382,,,,2025-12-05T13:23:08Z,2022,2022-01-01,2022-12-31
5999625,GHED_GGHE-D_pc_US_SHA2011,COUNTRY,BLR,EUR,Europe,YEAR,2013,,,,,,,,,284.79,284.78596825,,,,2025-12-05T13:23:08Z,2013,2013-01-01,2013-12-31
6000244,GHED_GGHE-D_pc_US_SHA2011,COUNTRY,PHL,WPR,Western Pacific,YEAR,2013,,,,,,,,,31.16,31.16276143,,,,2025-12-05T13:23:08Z,2013,2013-01-01,2013-12-31
6003442,GHED_GGHE-D_pc_US_SHA2011,COUNTRY,AUT,EUR,Europe,YEAR,2021,,,,,,,,,5089.46,5089.4557852,,,,2025-12-05T13:23:08Z,2021,2021-01-01,2021-12-31
6007316,GHED_GGHE-D_pc_US_SHA2011,COUNTRY,LCA,AMR,Americas,YEAR,2004,,,,,,,,,101.86,101.86071646,,,,2025-12-05T13:23:08Z,2004,2004-01-01,2004-12-31
6011130,GHED_GGHE-D_pc_US_SHA2011,COUNTRY,ZAF,AFR,Africa,YEAR,2023,,,,,,,,,330.61,330.61154429,,,,2025-12-05T13:23:08Z,2023,2023-01-01,2023-12-31
6011133,GHED_GGHE-D_pc_US_SHA2011,COUNTRY,VUT,WPR,Western Pacific,YEAR,2021,,,,,,,,,38.29,38.29372253,,,,2025-12-05T13:23:08Z,2021,2021-01-01,2021-12-31
6011945,GHED_GGHE-D_pc_US_SHA2011,COUNTRY,OMN,EMR,Eastern Mediterranean,YEAR,2023,,,,,,,,,624.72,624.72444486,,,,2025-12-05T13:23:08Z,2023,2023-01-01,2023-12-31
6012886,GHED_GGHE-D_pc_US_SHA2011,COUNTRY,URY,AMR,Americas,YEAR,2000,,,,,,,,,290.49,290.49380566,,,,2025-12-05T13:23:08Z,2000,2000-01-01,2000-12-31
6017928,GHED_GGHE-D_pc_US_SHA2011,COUNTRY,ZMB,AFR,Africa,YEAR,2001,,,,,,,,,7.63,7.63380623,,,,2025-12-05T13:23:08Z,2001,2001-01-01,2001-12-31
6018921,GHED_GGHE-D_pc_US_SHA2011,COUNTRY,LKA,SEAR,South-East Asia,YEAR,2017,,,,,,,,,58.36,58.36072678,,,,2025-12-05T13:23:08Z,2017,2017-01-01,2017-12-31
6020778,GHED_GGHE-D_pc_US_SHA2011,COUNTRY,SAU,EMR,Eastern Mediterranean,YEAR,2004,,,,,,,,,337.00,336.99586025,,,,2025-12-05T13:23:08Z,2004,2004-01-01,2004-12-31
6023118,GHED_GGHE-D_pc_US_SHA2011,COUNTRY,MLI,AFR,Africa,YEAR,2021,,,,,,,,,11.69,11.68972866,,,,2025-12-05T13:23:08Z,2021,2021-01-01,2021-12-31
6024397,GHED_GGHE-D_pc_US_SHA2011,COUNTRY,PAK,EMR,Eastern Mediterranean,YEAR,2010,,,,,,,,,5.15,5.14742128,,,,2025-12-05T13:23:08Z,2010,2010-01-01,2010-12-31
6024514,GHED_GGHE-D_pc_US_SHA2011,COUNTRY,SEN,AFR,Africa,YEAR,2004,,,,,,,,,14.94,14.93796329,,,,2025-12-05T13:23:08Z,2004,2004-01-01,2004-12-31
6024825,GHED_GGHE-D_pc_US_SHA2011,COUNTRY,MMR,SEAR,South-East Asia,YEAR,2009,,,,,,,,,1.62,1.62008442,,,,2025-12-05T13:23:08Z,2009,2009-01-01,2009-12-31
6028972,GHED_GGHE-D_pc_US_SHA2011,COUNTRY,AUT,EUR,Europe,YEAR,2012,,,,,,,,,3623.49,3623.48750004,,,,2025-12-05T13:23:08Z,2012,2012-01-01,2012-12-31
6030257,GHED_GGHE-D_pc_US_SHA2011,COUNTRY,SYR,EMR,Eastern Mediterranean,YEAR,2014,,,,,,,,,22.94,22.93765003,,,,2025-12-05T13:23:08Z,2014,2014-01-01,2014-12-31
6031886,GHED_GGHE-D_pc_US_SHA2011,COUNTRY,PSE,EMR,Eastern Mediterranean,YEAR,2000,,,,,,,,,37.26,37.25914263,,,,2025-12-05T13:23:08Z,2000,2000-01-01,2000-12-31
6035544,GHED_GGHE-D_pc_US_SHA2011,COUNTRY,IND,SEAR,South-East Asia,YEAR,2011,,,,,,,,,13.91,13.91175177,,,,2025-12-05T13:23:08Z,2011,2011-01-01,2011-12-31
6037607,GHED_GGHE-D_pc_US_SHA2011,COUNTRY,AGO,AFR,Africa,YEAR,2023,,,,,,,,,33.87,33.87099617,,,,2025-12-05T13:23:08Z,2023,2023-01-01,2023-12-31
6037707,GHED_GGHE-D_pc_US_SHA2011,COUNTRY,ISL,EUR,Europe,YEAR,2001,,,,,,,,,2039.07,2039.06628603,,,,2025-12-05T13:23:08Z,2001,2001-01-01,2001-12-31
6038263,GHED_GGHE-D_pc_US_SHA2011,COUNTRY,TCD,AFR,Africa,YEAR,2023,,,,,,,,,11.98,11.9777011,,,,2025-12-05T13:23:08Z,2023,2023-01-01,2023-12-31
6040459,GHED_GGHE-D_pc_US_SHA2011,COUNTRY,PSE,EMR,Eastern Mediterranean,YEAR,2021,,,,,,,,,149.02,149.01855434,,,,2025-12-05T13:23:08Z,2021,2021-01-01,2021-12-31
6041558,GHED_GGHE-D_pc_US_SHA2011,COUNTRY,CPV,AFR,Africa,YEAR,2000,,,,,,,,,42.45,42.45136274,,,,2025-12-05T13:23:08Z,2000,2000-01-01,2000-12-31
6044341,GHED_GGHE-D_pc_US_SHA2011,COUNTRY,ATG,AMR,Americas,YEAR,2001,,,,,,,,,338.05,338.0523402,,,,2025-12-05T13:23:08Z,2001,2001-01-01,2001-12-31
6044700,GHED_GGHE-D_pc_US_SHA2011,COUNTRY,MWI,AFR,Africa,YEAR,2022,,,,,,,,,5.30,5.29930194,,,,2025-12-05T13:23:08Z,2022,2022-01-01,2022-12-31
6051575,GHED_GGHE-D_pc_US_SHA2011,COUNTRY,CHN,WPR,Western Pacific,YEAR,2014,,,,,,,,,211.63,211.63169496,,,,2025-12-05T13:23:08Z,2014,2014-01-01,2014-12-31
6051651,GHED_GGHE-D_pc_US_SHA2011,COUNTRY,GMB,AFR,Africa,YEAR,2013,,,,,,,,,7.09,7.08639615,,,,2025-12-05T13:23:08Z,2013,2013-01-01,2013-12-31
6061121,GHED_GGHE-D_pc_US_SHA2011,COUNTRY,BRN,WPR,Western Pacific,YEAR,2006,,,,,,,,,567.10,567.10374942,,,,2025-12-05T13:23:08Z,2006,2006-01-01,2006-12-31
6062052,GHED_GGHE-D_pc_US_SHA2011,COUNTRY,KNA,AMR,Americas,YEAR,2007,,,,,,,,,307.42,307.4246069,,,,2025-12-05T13:23:08Z,2007,2007-01-01,2007-12-31
6064579,GHED_GGHE-D_pc_US_SHA2011,COUNTRY,UGA,AFR,Africa,YEAR,2002,,,,,,,,,4.84,4.83842043,,,,2025-12-05T13:23:08Z,2002,2002-01-01,2002-12-31
6066063,GHED_GGHE-D_pc_US_SHA2011,COUNTRY,ETH,AFR,Africa,YEAR,2009,,,,,,,,,2.95,2.95425199,,,,2025-12-05T13:23:08Z,2009,2009-01-01,2009-12-31
6068564,GHED_GGHE-D_pc_US_SHA2011,COUNTRY,SVN,EUR,Europe,YEAR,2020,,,,,,,,,1754.28,1754.27938972,,,,2025-12-05T13:23:08Z,2020,2020-01-01,2020-12-31
6070647,GHED_GGHE-D_pc_US_SHA2011,COUNTRY,ARE,EMR,Eastern Mediterranean,YEAR,2013,,,,,,,,,1288.07,1288.0679343,,,,2025-12-05T13:23:08Z,2013,2013-01-01,2013-12-31
6070800,GHED_GGHE-D_pc_US_SHA2011,COUNTRY,NPL,SEAR,South-East Asia,YEAR,2003,,,,,,,,,1.90,1.89521437,,,,2025-12-05T13:23:08Z,2003,2003-01-01,2003-12-31
6073494,GHED_GGHE-D_pc_US_SHA2011,COUNTRY,HTI,AMR,Americas,YEAR,2002,,,,,,,,,3.19,3.18572581,,,,2025-12-05T13:23:08Z,2002,2002-01-01,2002-12-31
6073880,GHED_GGHE-D_pc_US_SHA2011,WORLDBANKINCOMEGROUP,WB_LMI,,,YEAR,2008,,,,,,,,,40.73,40.72735061,,,,2025-12-05T13:23:08Z,2008,2008-01-01,2008-12-31
6079085,GHED_GGHE-D_pc_US_SHA2011,COUNTRY,PRY,AMR,Americas,YEAR,2015,,,,,,,,,185.59,185.58551491,,,,2025-12-05T13:23:08Z,2015,2015-01-01,2015-12-31
6080206,GHED_GGHE-D_pc_US_SHA2011,COUNTRY,MOZ,AFR,Africa,YEAR,2017,,,,,,,,,8.18,8.17915694,,,,2025-12-05T13:23:08Z,2017,2017-01-01,2017-12-31
6080556,GHED_GGHE-D_pc_US_SHA2011,COUNTRY,BFA,AFR,Africa,YEAR,2007,,,,,,,,,7.37,7.37094309,,,,2025-12-05T13:23:08Z,2007,2007-01-01,2007-12-31
6083713,GHED_GGHE-D_pc_US_SHA2011,COUNTRY,DEU,EUR,Europe,YEAR,2002,,,,,,,,,1998.51,1998.5091196,,,,2025-12-05T13:23:08Z,2002,2002-01-01,2002-12-31
6084497,GHED_GGHE-D_pc_US_SHA2011,COUNTRY,CHL,AMR,Americas,YEAR,2000,,,,,,,,,126.44,126.44497018,,,,2025-12-05T13:23:08Z,2000,2000-01-01,2000-12-31
6084549,GHED_GGHE-D_pc_US_SHA2011,COUNTRY,SVN,EUR,Europe,YEAR,2016,,,,,,,,,1330.02,1330.02085591,,,,2025-12-05T13:23:08Z,2016,2016-01-01,2016-12-31
6094193,GHED_GGHE-D_pc_US_SHA2011,COUNTRY,CRI,AMR,Americas,YEAR,2014,,,,,,,,,593.90,593.90397716,,,,2025-12-05T13:23:08Z,2014,2014-01-01,2014-12-31
6096264,GHED_GGHE-D_pc_US_SHA2011,COUNTRY,CPV,AFR,Africa,YEAR,2018,,,,,,,,,133.25,133.24628142,,,,2025-12-05T13:23:08Z,2018,2018-01-01,2018-12-31
6100878,GHED_GGHE-D_pc_US_SHA2011,COUNTRY,SGP,WPR,Western Pacific,YEAR,2015,,,,,,,,,1097.11,1097.11039266,,,,2025-12-05T13:23:08Z,2015,2015-01-01,2015-12-31
6104097,GHED_GGHE-D_pc_US_SHA2011,COUNTRY,ITA,EUR,Europe,YEAR,2017,,,,,,,,,2090.65,2090.65273465,,,,2025-12-05T13:23:08Z,2017,2017-01-01,2017-12-31
6104108,GHED_GGHE-D_pc_US_SHA2011,COUNTRY,YEM,EMR,Eastern Mediterranean,YEAR,2015,,,,,,,,,5.90,5.89882135,,,,2025-12-05T13:23:08Z,2015,2015-01-01,2015-12-31
6106127,GHED_GGHE-D_pc_US_SHA2011,COUNTRY,SYR,EMR,Eastern Mediterranean,YEAR,2007,,,,,,,,,33.98,33.97666328,,,,2025-12-05T13:23:08Z,2007,2007-01-01,2007-12-31
6112797,GHED_GGHE-D_pc_US_SHA2011,WORLDBANKINCOMEGROUP,WB_LI,,,YEAR,2004,,,,,,,,,5.76,5.76130287,,,,2025-12-05T13:23:08Z,2004,2004-01-01,2004-12-31
6114307,GHED_GGHE-D_pc_US_SHA2011,COUNTRY,DNK,EUR,Europe,YEAR,2014,,,,,,,,,5444.86,5444.85864728,,,,2025-12-05T13:23:08Z,2014,2014-01-01,2014-12-31
6119217,GHED_GGHE-D_pc_US_SHA2011,COUNTRY,SYR,EMR,Eastern Mediterranean,YEAR,2015,,,,,,,,,18.29,18.28609937,,,,2025-12-05T13:23:08Z,2015,2015-01-01,2015-12-31
6121626,GHED_GGHE-D_pc_US_SHA2011,COUNTRY,THA,SEAR,South-East Asia,YEAR,2023,,,,,,,,,254.29,254.2905458,,,,2025-12-05T13:23:08Z,2023,2023-01-01,2023-12-31
6123567,GHED_GGHE-D_pc_US_SHA2011,COUNTRY,CHL,AMR,Americas,YEAR,2022,,,,,,,,,784.19,784.19192875,,,,2025-12-05T13:23:08Z,2022,2022-01-01,2022-12-31
6129129,GHED_GGHE-D_pc_US_SHA2011,COUNTRY,GIN,AFR,Africa,YEAR,2003,,,,,,,,,2.26,2.26466407,,,,2025-12-05T13:23:08Z,2003,2003-01-01,2003-12-31
6132867,GHED_GGHE-D_pc_US_SHA2011,COUNTRY,VNM,WPR,Western Pacific,YEAR,2022,,,,,,,,,81.73,81.73497448,,,,2025-12-05T13:23:08Z,2022,2022-01-01,2022-12-31
6133615,GHED_GGHE-D_pc_US_SHA2011,COUNTRY,CAF,AFR,Africa,YEAR,2018,,,,,,,,,3.22,3.21596194,,,,2025-12-05T13:23:08Z,2018,2018-01-01,2018-12-31
6137159,GHED_GGHE-D_pc_US_SHA2011,COUNTRY,HTI,AMR,Americas,YEAR,2010,,,,,,,,,9.96,9.95830398,,,,2025-12-05T13:23:08Z,2010,2010-01-01,2010-12-31
6141880,GHED_GGHE-D_pc_US_SHA2011,COUNTRY,GAB,AFR,Africa,YEAR,2003,,,,,,,,,67.61,67.61276069,,,,2025-12-05T13:23:08Z,2003,2003-01-01,2003-12-31
6142271,GHED_GGHE-D_pc_US_SHA2011,COUNTRY,SLE,AFR,Africa,YEAR,2010,,,,,,,,,5.46,5.45719057,,,,2025-12-05T13:23:08Z,2010,2010-01-01,2010-12-31
6144430,GHED_GGHE-D_pc_US_SHA2011,COUNTRY,MLT,EUR,Europe,YEAR,2004,,,,,,,,,853.50,853.49529836,,,,2025-12-05T13:23:08Z,2004,2004-01-01,2004-12-31
6145556,GHED_GGHE-D_pc_US_SHA2011,COUNTRY,ISR,EUR,Europe,YEAR,2020,,,,,,,,,2455.00,2455.00278784,,,,2025-12-05T13:23:08Z,2020,2020-01-01,2020-12-31
6146512,GHED_GGHE-D_pc_US_SHA2011,COUNTRY,JPN,WPR,Western Pacific,YEAR,2006,,,,,,,,,2219.71,2219.71262423,,,,2025-12-05T13:23:08Z,2006,2006-01-01,2006-12-31
6148915,GHED_GGHE-D_pc_US_SHA2011,COUNTRY,HND,AMR,Americas,YEAR,2023,,,,,,,,,79.54,79.54002834,,,,2025-12-05T13:23:08Z,2023,2023-01-01,2023-12-31
6153510,GHED_GGHE-D_pc_US_SHA2011,REGION,SEAR,,,YEAR,2018,,,,,,,,,120.98,120.9799038,,,,2025-12-05T13:23:08Z,2018,2018-01-01,2018-12-31
6158757,GHED_GGHE-D_pc_US_SHA2011,COUNTRY,JOR,EMR,Eastern Mediterranean,YEAR,2001,,,,,,,,,73.62,73.61572995,,,,2025-12-05T13:23:08Z,2001,2001-01-01,2001-12-31
6159810,GHED_GGHE-D_pc_US_SHA2011,COUNTRY,GRD,AMR,Americas,YEAR,2001,,,,,,,,,103.58,103.57745531,,,,2025-12-05T13:23:08Z,2001,2001-01-01,2001-12-31
6168175,GHED_GGHE-D_pc_US_SHA2011,COUNTRY,ITA,EUR,Europe,YEAR,2014,,,,,,,,,2390.76,2390.759392,,,,2025-12-05T13:23:08Z,2014,2014-01-01,2014-12-31
6169226,GHED_GGHE-D_pc_US_SHA2011,COUNTRY,PER,AMR,Americas,YEAR,2018,,,,,,,,,225.04,225.03835462,,,,2025-12-05T13:23:08Z,2018,2018-01-01,2018-12-31
6170962,GHED_GGHE-D_pc_US_SHA2011,COUNTRY,AUT,EUR,Europe,YEAR,2011,,,,,,,,,3761.46,3761.45774606,,,,2025-12-05T13:23:08Z,2011,2011-01-01,2011-12-31
6171143,GHED_GGHE-D_pc_US_SHA2011,COUNTRY,BLZ,AMR,Americas,YEAR,2007,,,,,,,,,136.92,136.91970821,,,,2025-12-05T13:23:08Z,2007,2007-01-01,2007-12-31
6173980,GHED_GGHE-D_pc_US_SHA2011,COUNTRY,BEN,AFR,Africa,YEAR,2014,,,,,,,,,6.93,6.92921333,,,,2025-12-05T13:23:08Z,2014,2014-01-01,2014-12-31
6177451,GHED_GGHE-D_pc_US_SHA2011,COUNTRY,BFA,AFR,Africa,YEAR,2006,,,,,,,,,6.52,6.5183009,,,,2025-12-05T13:23:08Z,2006,2006-01-01,2006-12-31
6181013,GHED_GGHE-D_pc_US_SHA2011,COUNTRY,HUN,EUR,Europe,YEAR,2004,,,,,,,,,555.92,555.92112751,,,,2025-12-05T13:23:08Z,2004,2004-01-01,2004-12-31
6181310,GHED_GGHE-D_pc_US_SHA2011,COUNTRY,DEU,EUR,Europe,YEAR,2009,,,,,,,,,3538.37,3538.37487172,,,,2025-12-05T13:23:08Z,2009,2009-01-01,2009-12-31
6182002,GHED_GGHE-D_pc_US_SHA2011,COUNTRY,BRA,AMR,Americas,YEAR,2010,,,,,,,,,407.90,407.89699037,,,,2025-12-05T13:23:08Z,2010,2010-01-01,2010-12-31
6182392,GHED_GGHE-D_pc_US_SHA2011,COUNTRY,OMN,EMR,Eastern Mediterranean,YEAR,2016,,,,,,,,,642.08,642.08332592,,,,2025-12-05T13:23:08Z,2016,2016-01-01,2016-12-31
6186218,GHED_GGHE-D_pc_US_SHA2011,COUNTRY,EST,EUR,Europe,YEAR,2018,,,,,,,,,1143.17,1143.16683814,,,,2025-12-05T13:23:08Z,2018,2018-01-01,2018-12-31
6188646,GHED_GGHE-D_pc_US_SHA2011,COUNTRY,SAU,EMR,Eastern Mediterranean,YEAR,2021,,,,,,,,,1273.88,1273.88326268,,,,2025-12-05T13:23:08Z,2021,2021-01-01,2021-12-31
6192292,GHED_GGHE-D_pc_US_SHA2011,COUNTRY,IDN,WPR,Western Pacific,YEAR,2004,,,,,,,,,9.18,9.1828513,,,,2025-12-05T13:23:08Z,2004,2004-01-01,2004-12-31
6199626,GHED_GGHE-D_pc_US_SHA2011,COUNTRY,TZA,AFR,Africa,YEAR,2013,,,,,,,,,11.09,11.08776226,,,,2025-12-05T13:23:08Z,2013,2013-01-01,2013-12-31
6200223,GHED_GGHE-D_pc_US_SHA2011,COUNTRY,CIV,AFR,Africa,YEAR,2001,,,,,,,,,4.34,4.34234234,,,,2025-12-05T13:23:08Z,2001,2001-01-01,2001-12-31
6201535,GHED_GGHE-D_pc_US_SHA2011,COUNTRY,DJI,EMR,Eastern Mediterranean,YEAR,2010,,,,,,,,,30.80,30.80122574,,,,2025-12-05T13:23:08Z,2010,2010-01-01,2010-12-31
6202017,GHED_GGHE-D_pc_US_SHA2011,COUNTRY,ARE,EMR,Eastern Mediterranean,YEAR,2006,,,,,,,,,590.89,590.89190145,,,,2025-12-05T13:23:08Z,2006,2006-01-01,2006-12-31
6209641,GHED_GGHE-D_pc_US_SHA2011,COUNTRY,NER,AFR,Africa,YEAR,2019,,,,,,,,,11.38,11.38316508,,,,2025-12-05T13:23:08Z,2019,2019-01-01,2019-12-31
6216539,GHED_GGHE-D_pc_US_SHA2011,REGION,AFR,,,YEAR,2014,,,,,,,,,61.57,61.57146181,,,,2025-12-05T13:23:08Z,2014,2014-01-01,2014-12-31
6219870,GHED_GGHE-D_pc_US_SHA2011,GLOBAL,GLOBAL,,,YEAR,2021,,,,,,,,,992.62,992.62151632,,,,2025-12-05T13:23:08Z,2021,2021-01-01,2021-12-31
6224159,GHED_GGHE-D_pc_US_SHA2011,COUNTRY,EST,EUR,Europe,YEAR,2000,,,,,,,,,159.25,159.24748813,,,,2025-12-05T13:23:08Z,2000,2000-01-01,2000-12-31
6227621,GHED_GGHE-D_pc_US_SHA2011,COUNTRY,BLR,EUR,Europe,YEAR,2008,,,,,,,,,229.53,229.53084847,,,,2025-12-05T13:23:08Z,2008,2008-01-01,2008-12-31
6229094,GHED_GGHE-D_pc_US_SHA2011,COUNTRY,NGA,AFR,Africa,YEAR,2009,,,,,,,,,10.46,10.46315192,,,,2025-12-05T13:23:08Z,2009,2009-01-01,2009-12-31
6230039,GHED_GGHE-D_pc_US_SHA2011,COUNTRY,ZWE,AFR,Africa,YEAR,2022,,,,,,,,,20.67,20.66689952,,,,2025-12-05T13:23:08Z,2022,2022-01-01,2022-12-31
6232446,GHED_GGHE-D_pc_US_SHA2011,COUNTRY,COM,AFR,Africa,YEAR,2019,,,,,,,,,12.57,12.57189089,,,,2025-12-05T13:23:08Z,2019,2019-01-01,2019-12-31
6237315,GHED_GGHE-D_pc_US_SHA2011,COUNTRY,PRY,AMR,Americas,YEAR,2017,,,,,,,,,186.21,186.21236825,,,,2025-12-05T13:23:08Z,2017,2017-01-01,2017-12-31
6237617,GHED_GGHE-D_pc_US_SHA2011,REGION,WPR,,,YEAR,2010,,,,,,,,,544.09,544.09260944,,,,2025-12-05T13:23:08Z,2010,2010-01-01,2010-12-31
6238181,GHED_GGHE-D_pc_US_SHA2011,COUNTRY,DJI,EMR,Eastern Mediterranean,YEAR,2009,,,,,,,,,29.78,29.77602738,,,,2025-12-05T13:23:08Z,2009,2009-01-01,2009-12-31
6239562,GHED_GGHE-D_pc_US_SHA2011,COUNTRY,JOR,EMR,Eastern Mediterranean,YEAR,2003,,,,,,,,,75.41,75.41225436,,,,2025-12-05T13:23:08Z,2003,2003-01-01,2003-12-31
6239977,GHED_GGHE-D_pc_US_SHA2011,COUNTRY,TUV,WPR,Western Pacific,YEAR,2015,,,,,,,,,340.55,340.55117031,,,,2025-12-05T13:23:08Z,2015,2015-01-01,2015-12-31
6239993,GHED_GGHE-D_pc_US_SHA2011,COUNTRY,NIC,AMR,Americas,YEAR,2000,,,,,,,,,26.12,26.11624316,,,,2025-12-05T13:23:08Z,2000,2000-01-01,2000-12-31
6242285,GHED_GGHE-D_pc_US_SHA2011,COUNTRY,PAN,AMR,Americas,YEAR,2001,,,,,,,,,188.23,188.23194768,,,,2025-12-05T13:23:08Z,2001,2001-01-01,2001-12-31
6245409,GHED_GGHE-D_pc_US_SHA2011,COUNTRY,MOZ,AFR,Africa,YEAR,2006,,,,,,,,,5.23,5.22652685,,,,2025-12-05T13:23:08Z,2006,2006-01-01,2006-12-31
6246702,GHED_GGHE-D_pc_US_SHA2011,COUNTRY,DMA,AMR,Americas,YEAR,2008,,,,,,,,,173.99,173.99451674,,,,2025-12-05T13:23:08Z,2008,2008-01-01,2008-12-31
6246988,GHED_GGHE-D_pc_US_SHA2011,COUNTRY,DMA,AMR,Americas,YEAR,2014,,,,,,,,,237.45,237.44828077,,,,2025-12-05T13:23:08Z,2014,2014-01-01,2014-12-31
6247318,GHED_GGHE-D_pc_US_SHA2011,COUNTRY,MDV,SEAR,South-East Asia,YEAR,2021,,,,,,,,,598.93,598.92768836,,,,2025-12-05T13:23:08Z,2021,2021-01-01,2021-12-31
6249111,GHED_GGHE-D_pc_US_SHA2011,COUNTRY,ARG,AMR,Americas,YEAR,2018,,,,,,,,,718.22,718.21522553,,,,2025-12-05T13:23:08Z,2018,2018-01-01,2018-12-31
6249477,GHED_GGHE-D_pc_US_SHA2011,COUNTRY,BDI,AFR,Africa,YEAR,2012,,,,,,,,,6.18,6.18481601,,,,2025-12-05T13:23:08Z,2012,2012-01-01,2012-12-31
6255269,GHED_GGHE-D_pc_US_SHA2011,COUNTRY,CAF,AFR,Africa,YEAR,2002,,,,,,,,,3.53,3.53497367,,,,2025-12-05T13:23:08Z,2002,2002-01-01,2002-12-31
6256310,GHED_GGHE-D_pc_US_SHA2011,COUNTRY,CIV,AFR,Africa,YEAR,2003,,,,,,,,,5.72,5.71556382,,,,2025-12-05T13:23:08Z,2003,2003-01-01,2003-12-31
6257414,GHED_GGHE-D_pc_US_SHA2011,COUNTRY,KGZ,EUR,Europe,YEAR,2021,,,,,,,,,40.12,40.12222565,,,,2025-12-05T13:23:08Z,2021,2021-01-01,2021-12-31
6259048,GHED_GGHE-D_pc_US_SHA2011,COUNTRY,NLD,EUR,Europe,YEAR,2019,,,,,,,,,3524.48,3524.4793705,,,,2025-12-05T13:23:08Z,2019,2019-01-01,2019-12-31
6260079,GHED_GGHE-D_pc_US_SHA2011,COUNTRY,KAZ,EUR,Europe,YEAR,2012,,,,,,,,,248.78,248.77575101,,,,2025-12-05T13:23:08Z,2012,2012-01-01,2012-12-31
6261470,GHED_GGHE-D_pc_US_SHA2011,COUNTRY,TUR,EUR,Europe,YEAR,2014,,,,,,,,,403.86,403.8646702,,,,2025-12-05T13:23:08Z,2014,2014-01-01,2014-12-31
6263577,GHED_GGHE-D_pc_US_SHA2011,COUNTRY,OMN,EMR,Eastern Mediterranean,YEAR,2007,,,,,,,,,322.30,322.29803617,,,,2025-12-05T13:23:08Z,2007,2007-01-01,2007-12-31
6263906,GHED_GGHE-D_pc_US_SHA2011,COUNTRY,NZL,WPR,Western Pacific,YEAR,2014,,,,,,,,,3082.14,3082.13920112,,,,2025-12-05T13:23:08Z,2014,2014-01-01,2014-12-31
6265678,GHED_GGHE-D_pc_US_SHA2011,COUNTRY,SYC,AFR,Africa,YEAR,2001,,,,,,,,,276.44,276.443628,,,,2025-12-05T13:23:08Z,2001,2001-01-01,2001-12-31
6267399,GHED_GGHE-D_pc_US_SHA2011,COUNTRY,MDA,EUR,Europe,YEAR,2012,,,,,,,,,108.52,108.52114491,,,,2025-12-05T13:23:08Z,2012,2012-01-01,2012-12-31
6271015,GHED_GGHE-D_pc_US_SHA2011,COUNTRY,KNA,AMR,Americas,YEAR,2000,,,,,,,,,187.25,187.25159221,,,,2025-12-05T13:23:08Z,2000,2000-01-01,2000-12-31
6271129,GHED_GGHE-D_pc_US_SHA2011,COUNTRY,GRC,EUR,Europe,YEAR,2014,,,,,,,,,967.13,967.13479464,,,,2025-12-05T13:23:08Z,2014,2014-01-01,2014-12-31
6272013,GHED_GGHE-D_pc_US_SHA2011,COUNTRY,FSM,WPR,Western Pacific,YEAR,2021,,,,,,,,,40.50,40.5027261,,,,2025-12-05T13:23:08Z,2021,2021-01-01,2021-12-31
6276057,GHED_GGHE-D_pc_US_SHA2011,COUNTRY,CUB,AMR,Americas,YEAR,2000,,,,,,,,,151.57,151.5693181,,,,2025-12-05T13:23:08Z,2000,2000-01-01,2000-12-31
6276144,GHED_GGHE-D_pc_US_SHA2011,COUNTRY,IRQ,EMR,Eastern Mediterranean,YEAR,2023,,,,,,,,,153.37,153.37380591,,,,2025-12-05T13:23:08Z,2023,2023-01-01,2023-12-31
6278838,GHED_GGHE-D_pc_US_SHA2011,COUNTRY,BTN,SEAR,South-East Asia,YEAR,2011,,,,,,,,,57.09,57.08608745,,,,2025-12-05T13:23:08Z,2011,2011-01-01,2011-12-31
6279879,GHED_GGHE-D_pc_US_SHA2011,COUNTRY,TON,WPR,Western Pacific,YEAR,2006,,,,,,,,,77.73,77.73320871,,,,2025-12-05T13:23:08Z,2006,2006-01-01,2006-12-31
6279916,GHED_GGHE-D_pc_US_SHA2011,COUNTRY,BOL,AMR,Americas,YEAR,2023,,,,,,,,,171.60,171.59748467,,,,2025-12-05T13:23:08Z,2023,2023-01-01,2023-12-31
6280561,GHED_GGHE-D_pc_US_SHA2011,COUNTRY,TUR,EUR,Europe,YEAR,2018,,,,,,,,,294.27,294.26800546,,,,2025-12-05T13:23:08Z,2018,2018-01-01,2018-12-31
6281050,GHED_GGHE-D_pc_US_SHA2011,COUNTRY,BEN,AFR,Africa,YEAR,2004,,,,,,,,,8.75,8.75393837,,,,2025-12-05T13:23:08Z,2004,2004-01-01,2004-12-31
6281534,GHED_GGHE-D_pc_US_SHA2011,COUNTRY,AGO,AFR,Africa,YEAR,2006,,,,,,,,,37.79,37.79336142,,,,2025-12-05T13:23:08Z,2006,2006-01-01,2006-12-31
6284883,GHED_GGHE-D_pc_US_SHA2011,COUNTRY,TTO,AMR,Americas,YEAR,2004,,,,,,,,,186.00,186.00135927,,,,2025-12-05T13:23:08Z,2004,2004-01-01,2004-12-31
6286923,GHED_GGHE-D_pc_US_SHA2011,COUNTRY,MDG,AFR,Africa,YEAR,2021,,,,,,,,,3.61,3.61345018,,,,2025-12-05T13:23:08Z,2021,2021-01-01,2021-12-31
6287260,GHED_GGHE-D_pc_US_SHA2011,REGION,AFR,,,YEAR,2008,,,,,,,,,43.81,43.80596846,,,,2025-12-05T13:23:08Z,2008,2008-01-01,2008-12-31
6287971,GHED_GGHE-D_pc_US_SHA2011,COUNTRY,RUS,EUR,Europe,YEAR,2019,,,,,,,,,397.78,397.77517834,,,,2025-12-05T13:23:08Z,2019,2019-01-01,2019-12-31
6288807,GHED_GGHE-D_pc_US_SHA2011,COUNTRY,GEO,EUR,Europe,YEAR,2013,,,,,,,,,83.81,83.805515,,,,2025-12-05T13:23:08Z,2013,2013-01-01,2013-12-31
6289145,GHED_GGHE-D_pc_US_SHA2011,COUNTRY,BEL,EUR,Europe,YEAR,2001,,,,,,,,,1416.19,1416.1947546,,,,2025-12-05T13:23:08Z,2001,2001-01-01,2001-12-31
6289465,GHED_GGHE-D_pc_US_SHA2011,COUNTRY,MLI,AFR,Africa,YEAR,2014,,,,,,,,,7.11,7.10873177,,,,2025-12-05T13:23:08Z,2014,2014-01-01,2014-12-31
6294694,GHED_GGHE-D_pc_US_SHA2011,COUNTRY,GNB,AFR,Africa,YEAR,2010,,,,,,,,,2.81,2.80935656,,,,2025-12-05T13:23:08Z,2010,2010-01-01,2010-12-31
6299427,GHED_GGHE-D_pc_US_SHA2011,COUNTRY,MHL,WPR,Western Pacific,YEAR,2000,,,,,,,,,185.80,185.79652155,,,,2025-12-05T13:23:08Z,2000,2000-01-01,2000-12-31
6300059,GHED_GGHE-D_pc_US_SHA2011,COUNTRY,IRL,EUR,Europe,YEAR,2023,,,,,,,,,5268.05,5268.04876726,,,,2025-12-05T13:23:08Z,2023,2023-01-01,2023-12-31
6305636,GHED_GGHE-D_pc_US_SHA2011,COUNTRY,AUS,WPR,Western Pacific,YEAR,2001,,,,,,,,,1102.45,1102.44736392,,,,2025-12-05T13:23:08Z,2001,2001-01-01,2001-12-31
6306146,GHED_GGHE-D_pc_US_SHA2011,COUNTRY,NRU,WPR,Western Pacific,YEAR,2016,,,,,,,,,881.84,881.83940118,,,,2025-12-05T13:23:08Z,2016,2016-01-01,2016-12-31
6307199,GHED_GGHE-D_pc_US_SHA2011,COUNTRY,BTN,SEAR,South-East Asia,YEAR,2023,,,,,,,,,108.11,108.10589116,,,,2025-12-05T13:23:08Z,2023,2023-01-01,2023-12-31
6308958,GHED_GGHE-D_pc_US_SHA2011,COUNTRY,PRT,EUR,Europe,YEAR,2010,,,,,,,,,1502.78,1502.7827684,,,,2025-12-05T13:23:08Z,2010,2010-01-01,2010-12-31
6309071,GHED_GGHE-D_pc_US_SHA2011,COUNTRY,IDN,WPR,Western Pacific,YEAR,2008,,,,,,,,,20.87,20.87363773,,,,2025-12-05T13:23:08Z,2008,2008-01-01,2008-12-31
6311774,GHED_GGHE-D_pc_US_SHA2011,COUNTRY,MDV,SEAR,South-East Asia,YEAR,2010,,,,,,,,,322.47,322.46591786,,,,2025-12-05T13:23:08Z,2010,2010-01-01,2010-12-31
6311880,GHED_GGHE-D_pc_US_SHA2011,COUNTRY,CAN,AMR,Americas,YEAR,2022,,,,,,,,,4438.94,4438.94384539,,,,2025-12-05T13:23:08Z,2022,2022-01-01,2022-12-31
6312579,GHED_GGHE-D_pc_US_SHA2011,COUNTRY,CYP,EUR,Europe,YEAR,2004,,,,,,,,,531.35,531.35339519,,,,2025-12-05T13:23:08Z,2004,2004-01-01,2004-12-31
6316433,GHED_GGHE-D_pc_US_SHA2011,COUNTRY,USA,AMR,Americas,YEAR,2019,,,,,,,,,5482.01,5482.00657433,,,,2025-12-05T13:23:08Z,2019,2019-01-01,2019-12-31
6319651,GHED_GGHE-D_pc_US_SHA2011,WORLDBANKINCOMEGROUP,WB_LMI,,,YEAR,2007,,,,,,,,,34.81,34.80936587,,,,2025-12-05T13:23:08Z,2007,2007-01-01,2007-12-31
6320036,GHED_GGHE-D_pc_US_SHA2011,COUNTRY,AGO,AFR,Africa,YEAR,2003,,,,,,,,,14.55,14.54896293,,,,2025-12-05T13:23:08Z,2003,2003-01-01,2003-12-31
6320796,GHED_GGHE-D_pc_US_SHA2011,COUNTRY,CIV,AFR,Africa,YEAR,2007,,,,,,,,,9.10,9.0999999,,,,2025-12-05T13:23:08Z,2007,2007-01-01,2007-12-31
6321274,GHED_GGHE-D_pc_US_SHA2011,COUNTRY,GTM,AMR,Americas,YEAR,2002,,,,,,,,,34.81,34.80604831,,,,2025-12-05T13:23:08Z,2002,2002-01-01,2002-12-31
6331803,GHED_GGHE-D_pc_US_SHA2011,REGION,WPR,,,YEAR,2013,,,,,,,,,632.91,632.90687601,,,,2025-12-05T13:23:08Z,2013,2013-01-01,2013-12-31
6332057,GHED_GGHE-D_pc_US_SHA2011,COUNTRY,ROU,EUR,Europe,YEAR,2012,,,,,,,,,308.74,308.7417069,,,,2025-12-05T13:23:08Z,2012,2012-01-01,2012-12-31
6334816,GHED_GGHE-D_pc_US_SHA2011,COUNTRY,MMR,SEAR,South-East Asia,YEAR,2010,,,,,,,,,1.99,1.99105567,,,,2025-12-05T13:23:08Z,2010,2010-01-01,2010-12-31
6337197,GHED_GGHE-D_pc_US_SHA2011,COUNTRY,UGA,AFR,Africa,YEAR,2001,,,,,,,,,4.27,4.27466108,,,,2025-12-05T13:23:08Z,2001,2001-01-01,2001-12-31
6339572,GHED_GGHE-D_pc_US_SHA2011,COUNTRY,MKD,EUR,Europe,YEAR,2004,,,,,,,,,128.61,128.61293331,,,,2025-12-05T13:23:08Z,2004,2004-01-01,2004-12-31
6340618,GHED_GGHE-D_pc_US_SHA2011,GLOBAL,GLOBAL,,,YEAR,2013,,,,,,,,,776.19,776.19214307,,,,2026-01-12T13:50:53Z,2013,2013-01-01,2013-12-31
6342451,GHED_GGHE-D_pc_US_SHA2011,COUNTRY,VCT,AMR,Americas,YEAR,2005,,,,,,,,,124.03,124.02987791,,,,2025-12-05T13:23:08Z,2005,2005-01-01,2005-12-31
6344324,GHED_GGHE-D_pc_US_SHA2011,COUNTRY,TTO,AMR,Americas,YEAR,2010,,,,,,,,,397.40,397.39769267,,,,2025-12-05T13:23:08Z,2010,2010-01-01,2010-12-31
6345129,GHED_GGHE-D_pc_US_SHA2011,COUNTRY,NIU,WPR,Western Pacific,YEAR,2022,,,,,,,,,946.87,946.86530904,,,,2025-12-05T13:23:08Z,2022,2022-01-01,2022-12-31
6347515,GHED_GGHE-D_pc_US_SHA2011,COUNTRY,FRA,EUR,Europe,YEAR,2007,,,,,,,,,3065.91,3065.91108961,,,,2025-12-05T13:23:08Z,2007,2007-01-01,2007-12-31
6347584,GHED_GGHE-D_pc_US_SHA2011,COUNTRY,ERI,AFR,Africa,YEAR,2007,,,,,,,,,4.52,4.51709857,,,,2025-12-05T13:23:08Z,2007,2007-01-01,2007-12-31
6352541,GHED_GGHE-D_pc_US_SHA2011,COUNTRY,ZAF,AFR,Africa,YEAR,2000,,,,,,,,,86.39,86.39281809,,,,2025-12-05T13:23:08Z,2000,2000-01-01,2000-12-31
6353014,GHED_GGHE-D_pc_US_SHA2011,COUNTRY,BEN,AFR,Africa,YEAR,2012,,,,,,,,,8.00,8.00284663,,,,2025-12-05T13:23:08Z,2012,2012-01-01,2012-12-31
6354565,GHED_GGHE-D_pc_US_SHA2011,COUNTRY,CZE,EUR,Europe,YEAR,2022,,,,,,,,,2060.88,2060.87545841,,,,2025-12-05T13:23:08Z,2022,2022-01-01,2022-12-31
6354703,GHED_GGHE-D_pc_US_SHA2011,COUNTRY,TLS,SEAR,South-East Asia,YEAR,2018,,,,,,,,,48.20,48.20494075,,,,2025-12-05T13:23:08Z,2018,2018-01-01,2018-12-31
6358095,GHED_GGHE-D_pc_US_SHA2011,COUNTRY,SLE,AFR,Africa,YEAR,2005,,,,,,,,,2.95,2.9496001,,,,2025-12-05T13:23:08Z,2005,2005-01-01,2005-12-31
6358368,GHED_GGHE-D_pc_US_SHA2011,COUNTRY,JAM,AMR,Americas,YEAR,2010,,,,,,,,,146.53,146.52629776,,,,2025-12-05T13:23:08Z,2010,2010-01-01,2010-12-31
6362154,GHED_GGHE-D_pc_US_SHA2011,COUNTRY,GIN,AFR,Africa,YEAR,2023,,,,,,,,,12.96,12.95543335,,,,2025-12-05T13:23:08Z,2023,2023-01-01,2023-12-31
6364429,GHED_GGHE-D_pc_US_SHA2011,COUNTRY,PSE,EMR,Eastern Mediterranean,YEAR,2016,,,,,,,,,88.53,88.53112597,,,,2025-12-05T13:23:08Z,2016,2016-01-01,2016-12-31
6365776,GHED_GGHE-D_pc_US_SHA2011,COUNTRY,DNK,EUR,Europe,YEAR,2003,,,,,,,,,3022.67,3022.67035329,,,,2025-12-05T13:23:08Z,2003,2003-01-01,2003-12-31
6366751,GHED_GGHE-D_pc_US_SHA2011,COUNTRY,NAM,AFR,Africa,YEAR,2015,,,,,,,,,257.52,257.51539673,,,,2025-12-05T13:23:08Z,2015,2015-01-01,2015-12-31
6366799,GHED_GGHE-D_pc_US_SHA2011,COUNTRY,BTN,SEAR,South-East Asia,YEAR,2005,,,,,,,,,29.91,29.90558604,,,,2025-12-05T13:23:08Z,2005,2005-01-01,2005-12-31
6367787,GHED_GGHE-D_pc_US_SHA2011,REGION,AFR,,,YEAR,2005,,,,,,,,,35.72,35.72062681,,,,2025-12-05T13:23:08Z,2005,2005-01-01,2005-12-31
6367838,GHED_GGHE-D_pc_US_SHA2011,COUNTRY,SGP,WPR,Western Pacific,YEAR,2005,,,,,,,,,299.64,299.63879927,,,,2025-12-05T13:23:08Z,2005,2005-01-01,2005-12-31
6370173,GHED_GGHE-D_pc_US_SHA2011,COUNTRY,SLE,AFR,Africa,YEAR,2021,,,,,,,,,10.16,10.16191359,,,,2025-12-05T13:23:08Z,2021,2021-01-01,2021-12-31
6370269,GHED_GGHE-D_pc_US_SHA2011,COUNTRY,PER,AMR,Americas,YEAR,2023,,,,,,,,,283.25,283.24729748,,,,2025-12-05T13:23:08Z,2023,2023-01-01,2023-12-31
6373513,GHED_GGHE-D_pc_US_SHA2011,COUNTRY,MMR,SEAR,South-East Asia,YEAR,2001,,,,,,,,,0.52,0.52142357,,,,2025-12-05T13:23:08Z,2001,2001-01-01,2001-12-31
6374630,GHED_GGHE-D_pc_US_SHA2011,COUNTRY,ROU,EUR,Europe,YEAR,2021,,,,,,,,,728.49,728.49351795,,,,2025-12-05T13:23:08Z,2021,2021-01-01,2021-12-31
6374708,GHED_GGHE-D_pc_US_SHA2011,COUNTRY,LBN,EMR,Eastern Mediterranean,YEAR,2004,,,,,,,,,136.62,136.61787482,,,,2025-12-05T13:23:08Z,2004,2004-01-01,2004-12-31
6374820,GHED_GGHE-D_pc_US_SHA2011,COUNTRY,DMA,AMR,Americas,YEAR,2018,,,,,,,,,334.21,334.20846015,,,,2025-12-05T13:23:08Z,2018,2018-01-01,2018-12-31
6374960,GHED_GGHE-D_pc_US_SHA2011,COUNTRY,LKA,SEAR,South-East Asia,YEAR,2005,,,,,,,,,29.16,29.16213366,,,,2025-12-05T13:23:08Z,2005,2005-01-01,2005-12-31
6376021,GHED_GGHE-D_pc_US_SHA2011,COUNTRY,SMR,EUR,Europe,YEAR,2016,,,,,,,,,3173.45,3173.44501121,,,,2025-12-05T13:23:08Z,2016,2016-01-01,2016-12-31
6377630,GHED_GGHE-D_pc_US_SHA2011,COUNTRY,KHM,WPR,Western Pacific,YEAR,2000,,,,,,,,,3.80,3.80307124,,,,2025-12-05T13:23:08Z,2000,2000-01-01,2000-12-31
6378372,GHED_GGHE-D_pc_US_SHA2011,COUNTRY,IRL,EUR,Europe,YEAR,2016,,,,,,,,,3425.19,3425.18857325,,,,2025-12-05T13:23:08Z,2016,2016-01-01,2016-12-31
6381867,GHED_GGHE-D_pc_US_SHA2011,COUNTRY,MHL,WPR,Western Pacific,YEAR,2019,,,,,,,,,352.92,352.91552384,,,,2025-12-05T13:23:08Z,2019,2019-01-01,2019-12-31
6383817,GHED_GGHE-D_pc_US_SHA2011,COUNTRY,HRV,EUR,Europe,YEAR,2021,,,,,,,,,1197.23,1197.22721072,,,,2025-12-05T13:23:08Z,2021,2021-01-01,2021-12-31
6384421,GHED_GGHE-D_pc_US_SHA2011,COUNTRY,HUN,EUR,Europe,YEAR,2010,,,,,,,,,655.00,655.00322753,,,,2025-12-05T13:23:08Z,2010,2010-01-01,2010-12-31
6388844,GHED_GGHE-D_pc_US_SHA2011,COUNTRY,AGO,AFR,Africa,YEAR,2008,,,,,,,,,87.74,87.7414427,,,,2025-12-05T13:23:08Z,2008,2008-01-01,2008-12-31
6391127,GHED_GGHE-D_pc_US_SHA2011,COUNTRY,USA,AMR,Americas,YEAR,2009,,,,,,,,,3700.16,3700.1556927,,,,2025-12-05T13:23:08Z,2009,2009-01-01,2009-12-31
6394754,GHED_GGHE-D_pc_US_SHA2011,COUNTRY,BWA,AFR,Africa,YEAR,2004,,,,,,,,,167.60,167.59717272,,,,2025-12-05T13:23:08Z,2004,2004-01-01,2004-12-31
6398389,GHED_GGHE-D_pc_US_SHA2011,COUNTRY,BTN,SEAR,South-East Asia,YEAR,2007,,,,,,,,,41.78,41.78113403,,,,2025-12-05T13:23:08Z,2007,2007-01-01,2007-12-31
6399999,GHED_GGHE-D_pc_US_SHA2011,COUNTRY,GNB,AFR,Africa,YEAR,2021,,,,,,,,,9.52,9.51939357,,,,2025-12-05T13:23:08Z,2021,2021-01-01,2021-12-31
6403820,GHED_GGHE-D_pc_US_SHA2011,COUNTRY,QAT,EMR,Eastern Mediterranean,YEAR,2009,,,,,,,,,941.24,941.24246618,,,,2025-12-05T13:23:08Z,2009,2009-01-01,2009-12-31
6404702,GHED_GGHE-D_pc_US_SHA2011,COUNTRY,SAU,EMR,Eastern Mediterranean,YEAR,2012,,,,,,,,,746.44,746.44161677,,,,2025-12-05T13:23:08Z,2012,2012-01-01,2012-12-31
6409938,GHED_GGHE-D_pc_US_SHA2011,COUNTRY,SEN,AFR,Africa,YEAR,2017,,,,,,,,,13.71,13.71204289,,,,2025-12-05T13:23:08Z,2017,2017-01-01,2017-12-31
6410543,GHED_GGHE-D_pc_US_SHA2011,COUNTRY,PHL,WPR,Western Pacific,YEAR,2019,,,,,,,,,57.53,57.53314736,,,,2025-12-05T13:23:08Z,2019,2019-01-01,2019-12-31
6413567,GHED_GGHE-D_pc_US_SHA2011,COUNTRY,IRQ,EMR,Eastern Mediterranean,YEAR,2004,,,,,,,,,36.20,36.20302463,,,,2025-12-05T13:23:08Z,2004,2004-01-01,2004-12-31
6413628,GHED_GGHE-D_pc_US_SHA2011,COUNTRY,LKA,SEAR,South-East Asia,YEAR,2019,,,,,,,,,68.88,68.88390354,,,,2025-12-05T13:23:08Z,2019,2019-01-01,2019-12-31
6415163,GHED_GGHE-D_pc_US_SHA2011,COUNTRY,UGA,AFR,Africa,YEAR,2013,,,,,,,,,8.91,8.91441013,,,,2025-12-05T13:23:08Z,2013,2013-01-01,2013-12-31
6419184,GHED_GGHE-D_pc_US_SHA2011,COUNTRY,BDI,AFR,Africa,YEAR,2007,,,,,,,,,4.09,4.09397167,,,,2025-12-05T13:23:08Z,2007,2007-01-01,2007-12-31
6420552,GHED_GGHE-D_pc_US_SHA2011,COUNTRY,RWA,AFR,Africa,YEAR,2011,,,,,,,,,14.31,14.30779297,,,,2025-12-05T13:23:08Z,2011,2011-01-01,2011-12-31
6420682,GHED_GGHE-D_pc_US_SHA2011,COUNTRY,ARE,EMR,Eastern Mediterranean,YEAR,2007,,,,,,,,,690.29,690.29218744,,,,2025-12-05T13:23:08Z,2007,2007-01-01,2007-12-31
6422233,GHED_GGHE-D_pc_US_SHA2011,COUNTRY,PLW,WPR,Western Pacific,YEAR,2017,,,,,,,,,921.14,921.13816528,,,,2025-12-05T13:23:08Z,2017,2017-01-01,2017-12-31
6423369,GHED_GGHE-D_pc_US_SHA2011,COUNTRY,ESP,EUR,Europe,YEAR,2017,,,,,,,,,1781.74,1781.73592023,,,,2025-12-05T13:23:08Z,2017,2017-01-01,2017-12-31
6424621,GHED_GGHE-D_pc_US_SHA2011,COUNTRY,BLZ,AMR,Americas,YEAR,2002,,,,,,,,,88.94,88.93868584,,,,2025-12-05T13:23:08Z,2002,2002-01-01,2002-12-31
6427935,GHED_GGHE-D_pc_US_SHA2011,COUNTRY,VCT,AMR,Americas,YEAR,2003,,,,,,,,,118.29,118.28807218,,,,2025-12-05T13:23:08Z,2003,2003-01-01,2003-12-31
6430239,GHED_GGHE-D_pc_US_SHA2011,COUNTRY,BGR,EUR,Europe,YEAR,2006,,,,,,,,,163.76,163.76174839,,,,2025-12-05T13:23:08Z,2006,2006-01-01,2006-12-31
6434366,GHED_GGHE-D_pc_US_SHA2011,COUNTRY,VCT,AMR,Americas,YEAR,2021,,,,,,,,,307.96,307.96009446,,,,2025-12-05T13:23:08Z,2021,2021-01-01,2021-12-31
6434543,GHED_GGHE-D_pc_US_SHA2011,COUNTRY,KAZ,EUR,Europe,YEAR,2005,,,,,,,,,90.77,90.7706041,,,,2025-12-05T13:23:08Z,2005,2005-01-01,2005-12-31
6438076,GHED_GGHE-D_pc_US_SHA2011,COUNTRY,GBR,EUR,Europe,YEAR,2005,,,,,,,,,2867.39,2867.39056008,,,,2025-12-05T13:23:08Z,2005,2005-01-01,2005-12-31
6439343,GHED_GGHE-D_pc_US_SHA2011,COUNTRY,KHM,WPR,Western Pacific,YEAR,2012,,,,,,,,,12.91,12.90672576,,,,2025-12-05T13:23:08Z,2012,2012-01-01,2012-12-31
6440465,GHED_GGHE-D_pc_US_SHA2011,WORLDBANKINCOMEGROUP,WB_LI,,,YEAR,2021,,,,,,,,,8.81,8.80831502,,,,2025-12-05T13:23:08Z,2021,2021-01-01,2021-12-31
6444314,GHED_GGHE-D_pc_US_SHA2011,COUNTRY,LIE,EUR,Europe,YEAR,2015,,,,,,,,,6332.52,6332.52028804,,,,2026-01-12T13:50:53Z,2015,2015-01-01,2015-12-31
6445083,GHED_GGHE-D_pc_US_SHA2011,COUNTRY,FRA,EUR,Europe,YEAR,2008,,,,,,,,,3395.29,3395.28622912,,,,2025-12-05T13:23:08Z,2008,2008-01-01,2008-12-31
6445691,GHED_GGHE-D_pc_US_SHA2011,COUNTRY,MNG,WPR,Western Pacific,YEAR,2005,,,,,,,,,23.45,23.44802734,,,,2025-12-05T13:23:08Z,2005,2005-01-01,2005-12-31
6451134,GHED_GGHE-D_pc_US_SHA2011,COUNTRY,ETH,AFR,Africa,YEAR,2018,,,,,,,,,5.46,5.45651043,,,,2025-12-05T13:23:08Z,2018,2018-01-01,2018-12-31
6452604,GHED_GGHE-D_pc_US_SHA2011,COUNTRY,MLT,EUR,Europe,YEAR,2002,,,,,,,,,584.79,584.79408547,,,,2025-12-05T13:23:08Z,2002,2002-01-01,2002-12-31
6455384,GHED_GGHE-D_pc_US_SHA2011,COUNTRY,CHL,AMR,Americas,YEAR,2014,,,,,,,,,543.55,543.54993869,,,,2025-12-05T13:23:08Z,2014,2014-01-01,2014-12-31
6456945,GHED_GGHE-D_pc_US_SHA2011,COUNTRY,JOR,EMR,Eastern Mediterranean,YEAR,2015,,,,,,,,,161.49,161.49311876,,,,2025-12-05T13:23:08Z,2015,2015-01-01,2015-12-31
6458085,GHED_GGHE-D_pc_US_SHA2011,COUNTRY,MRT,AFR,Africa,YEAR,2019,,,,,,,,,19.46,19.45967919,,,,2025-12-05T13:23:08Z,2019,2019-01-01,2019-12-31
6460087,GHED_GGHE-D_pc_US_SHA2011,COUNTRY,SLB,WPR,Western Pacific,YEAR,2013,,,,,,,,,59.95,59.94570442,,,,2025-12-05T13:23:08Z,2013,2013-01-01,2013-12-31
6462190,GHED_GGHE-D_pc_US_SHA2011,COUNTRY,GRD,AMR,Americas,YEAR,2018,,,,,,,,,188.10,188.09740634,,,,2025-12-05T13:23:08Z,2018,2018-01-01,2018-12-31
6463884,GHED_GGHE-D_pc_US_SHA2011,COUNTRY,TZA,AFR,Africa,YEAR,2007,,,,,,,,,10.22,10.21694775,,,,2025-12-05T13:23:08Z,2007,2007-01-01,2007-12-31
6465591,GHED_GGHE-D_pc_US_SHA2011,COUNTRY,KIR,WPR,Western Pacific,YEAR,2021,,,,,,,,,197.19,197.19298209,,,,2025-12-05T13:23:08Z,2021,2021-01-01,2021-12-31
6466943,GHED_GGHE-D_pc_US_SHA2011,WORLDBANKINCOMEGROUP,WB_UMI,,,YEAR,2007,,,,,,,,,145.59,145.58687884,,,,2025-12-05T13:23:08Z,2007,2007-01-01,2007-12-31
6468349,GHED_GGHE-D_pc_US_SHA2011,COUNTRY,ARE,EMR,Eastern Mediterranean,YEAR,2020,,,,,,,,,1313.89,1313.89126482,,,,2025-12-05T13:23:08Z,2020,2020-01-01,2020-12-31
6469953,GHED_GGHE-D_pc_US_SHA2011,COUNTRY,TKM,EUR,Europe,YEAR,2006,,,,,,,,,64.22,64.21803146,,,,2025-12-05T13:23:08Z,2006,2006-01-01,2006-12-31
6472494,GHED_GGHE-D_pc_US_SHA2011,COUNTRY,CHN,WPR,Western Pacific,YEAR,2009,,,,,,,,,81.45,81.44606071,,,,2025-12-05T13:23:08Z,2009,2009-01-01,2009-12-31
6477281,GHED_GGHE-D_pc_US_SHA2011,COUNTRY,ARE,EMR,Eastern Mediterranean,YEAR,2003,,,,,,,,,480.94,480.94414437,,,,2025-12-05T13:23:08Z,2003,2003-01-01,2003-12-31
6479063,GHED_GGHE-D_pc_US_SHA2011,COUNTRY,CHE,EUR,Europe,YEAR,2001,,,,,,,,,1124.24,1124.23802074,,,,2025-12-05T13:23:08Z,2001,2001-01-01,2001-12-31
6480350,GHED_GGHE-D_pc_US_SHA2011,COUNTRY,RWA,AFR,Africa,YEAR,2017,,,,,,,,,11.85,11.85407936,,,,2025-12-05T13:23:08Z,2017,2017-01-01,2017-12-31
6482121,GHED_GGHE-D_pc_US_SHA2011,COUNTRY,COK,WPR,Western Pacific,YEAR,2010,,,,,,,,,459.09,459.08713173,,,,2025-12-05T13:23:08Z,2010,2010-01-01,2010-12-31
6482132,GHED_GGHE-D_pc_US_SHA2011,COUNTRY,SUR,AMR,Americas,YEAR,2018,,,,,,,,,298.59,298.59347357,,,,2025-12-05T13:23:08Z,2018,2018-01-01,2018-12-31
6484116,GHED_GGHE-D_pc_US_SHA2011,COUNTRY,GHA,AFR,Africa,YEAR,2002,,,,,,,,,4.78,4.77714885,,,,2025-12-05T13:23:08Z,2002,2002-01-01,2002-12-31
6485312,GHED_GGHE-D_pc_US_SHA2011,COUNTRY,TCD,AFR,Africa,YEAR,2007,,,,,,,,,8.02,8.01685338,,,,2025-12-05T13:23:08Z,2007,2007-01-01,2007-12-31
6485841,GHED_GGHE-D_pc_US_SHA2011,COUNTRY,MUS,AFR,Africa,YEAR,2021,,,,,,,,,301.35,301.34919243,,,,2025-12-05T13:23:08Z,2021,2021-01-01,2021-12-31
6490588,GHED_GGHE-D_pc_US_SHA2011,COUNTRY,DNK,EUR,Europe,YEAR,2001,,,,,,,,,2166.86,2166.85697948,,,,2025-12-05T13:23:08Z,2001,2001-01-01,2001-12-31
6491081,GHED_GGHE-D_pc_US_SHA2011,COUNTRY,LBN,EMR,Eastern Mediterranean,YEAR,2023,,,,,,,,,98.86,98.85938534,,,,2025-12-05T13:23:08Z,2023,2023-01-01,2023-12-31
6491646,GHED_GGHE-D_pc_US_SHA2011,COUNTRY,ITA,EUR,Europe,YEAR,2019,,,,,,,,,2130.53,2130.52667982,,,,2025-12-05T13:23:08Z,2019,2019-01-01,2019-12-31
6492334,GHED_GGHE-D_pc_US_SHA2011,COUNTRY,TJK,EUR,Europe,YEAR,2017,,,,,,,,,16.49,16.48899545,,,,2025-12-05T13:23:08Z,2017,2017-01-01,2017-12-31
6493248,GHED_GGHE-D_pc_US_SHA2011,COUNTRY,AUT,EUR,Europe,YEAR,2022,,,,,,,,,4548.23,4548.22639814,,,,2025-12-05T13:23:08Z,2022,2022-01-01,2022-12-31
6493939,GHED_GGHE-D_pc_US_SHA2011,COUNTRY,GUY,AMR,Americas,YEAR,2000,,,,,,,,,35.00,34.99683273,,,,2025-12-05T13:23:08Z,2000,2000-01-01,2000-12-31
6497117,GHED_GGHE-D_pc_US_SHA2011,COUNTRY,USA,AMR,Americas,YEAR,2016,,,,,,,,,4888.90,4888.89963622,,,,2025-12-05T13:23:08Z,2016,2016-01-01,2016-12-31
6499516,GHED_GGHE-D_pc_US_SHA2011,COUNTRY,PNG,WPR,Western Pacific,YEAR,2013,,,,,,,,,50.82,50.81979163,,,,2025-12-05T13:23:08Z,2013,2013-01-01,2013-12-31
6501329,GHED_GGHE-D_pc_US_SHA2011,COUNTRY,RWA,AFR,Africa,YEAR,2008,,,,,,,,,9.58,9.58436116,,,,2025-12-05T13:23:08Z,2008,2008-01-01,2008-12-31
6501676,GHED_GGHE-D_pc_US_SHA2011,COUNTRY,MMR,SEAR,South-East Asia,YEAR,2012,,,,,,,,,6.41,6.41495388,,,,2025-12-05T13:23:08Z,2012,2012-01-01,2012-12-31
6503583,GHED_GGHE-D_pc_US_SHA2011,COUNTRY,CHN,WPR,Western Pacific,YEAR,2018,,,,,,,,,284.40,284.40070347,,,,2025-12-05T13:23:08Z,2018,2018-01-01,2018-12-31
6507216,GHED_GGHE-D_pc_US_SHA2011,COUNTRY,SLB,WPR,Western Pacific,YEAR,2012,,,,,,,,,60.90,60.90024964,,,,2025-12-05T13:23:08Z,2012,2012-01-01,2012-12-31
6508908,GHED_GGHE-D_pc_US_SHA2011,COUNTRY,BIH,EUR,Europe,YEAR,2005,,,,,,,,,131.88,131.88266765,,,,2025-12-05T13:23:08Z,2005,2005-01-01,2005-12-31
6509565,GHED_GGHE-D_pc_US_SHA2011,COUNTRY,CUB,AMR,Americas,YEAR,2003,,,,,,,,,180.93,180.92877276,,,,2025-12-05T13:23:08Z,2003,2003-01-01,2003-12-31
6511197,GHED_GGHE-D_pc_US_SHA2011,COUNTRY,NRU,WPR,Western Pacific,YEAR,2020,,,,,,,,,1086.22,1086.22240592,,,,2025-12-05T13:23:08Z,2020,2020-01-01,2020-12-31
6513258,GHED_GGHE-D_pc_US_SHA2011,COUNTRY,ROU,EUR,Europe,YEAR,2022,,,,,,,,,700.75,700.74887818,,,,2025-12-05T13:23:08Z,2022,2022-01-01,2022-12-31
6514366,GHED_GGHE-D_pc_US_SHA2011,COUNTRY,ZAF,AFR,Africa,YEAR,2019,,,,,,,,,313.62,313.62231793,,,,2025-12-05T13:23:08Z,2019,2019-01-01,2019-12-31
6514815,GHED_GGHE-D_pc_US_SHA2011,COUNTRY,MAR,EMR,Eastern Mediterranean,YEAR,2000,,,,,,,,,13.86,13.8553056,,,,2025-12-05T13:23:08Z,2000,2000-01-01,2000-12-31
6519381,GHED_GGHE-D_pc_US_SHA2011,COUNTRY,QAT,EMR,Eastern Mediterranean,YEAR,2003,,,,,,,,,836.83,836.82817329,,,,2025-12-05T13:23:08Z,2003,2003-01-01,2003-12-31
6525382,GHED_GGHE-D_pc_US_SHA2011,COUNTRY,NIU,WPR,Western Pacific,YEAR,2012,,,,,,,,,979.42,979.41703095,,,,2025-12-05T13:23:08Z,2012,2012-01-01,2012-12-31
6526740,GHED_GGHE-D_pc_US_SHA2011,COUNTRY,BDI,AFR,Africa,YEAR,2020,,,,,,,,,5.28,5.28159969,,,,2025-12-05T13:23:08Z,2020,2020-01-01,2020-12-31
6528358,GHED_GGHE-D_pc_US_SHA2011,COUNTRY,MYS,WPR,Western Pacific,YEAR,2007,,,,,,,,,122.01,122.00604356,,,,2025-12-05T13:23:08Z,2007,2007-01-01,2007-12-31
6529180,GHED_GGHE-D_pc_US_SHA2011,COUNTRY,BGR,EUR,Europe,YEAR,2019,,,,,,,,,433.65,433.65173031,,,,2025-12-05T13:23:08Z,2019,2019-01-01,2019-12-31
6531144,GHED_GGHE-D_pc_US_SHA2011,COUNTRY,BHR,EMR,Eastern Mediterranean,YEAR,2009,,,,,,,,,554.73,554.72910636,,,,2025-12-05T13:23:08Z,2009,2009-01-01,2009-12-31
6531512,GHED_GGHE-D_pc_US_SHA2011,COUNTRY,CHE,EUR,Europe,YEAR,2021,,,,,,,,,3994.24,3994.24155376,,,,2025-12-05T13:23:08Z,2021,2021-01-01,2021-12-31
6533431,GHED_GGHE-D_pc_US_SHA2011,COUNTRY,KHM,WPR,Western Pacific,YEAR,2003,,,,,,,,,5.31,5.30864041,,,,2025-12-05T13:23:08Z,2003,2003-01-01,2003-12-31
6543283,GHED_GGHE-D_pc_US_SHA2011,COUNTRY,AGO,AFR,Africa,YEAR,2015,,,,,,,,,50.93,50.93115862,,,,2025-12-05T13:23:08Z,2015,2015-01-01,2015-12-31
6543769,GHED_GGHE-D_pc_US_SHA2011,COUNTRY,JOR,EMR,Eastern Mediterranean,YEAR,2006,,,,,,,,,96.77,96.7740653,,,,2025-12-05T13:23:08Z,2006,2006-01-01,2006-12-31
6544594,GHED_GGHE-D_pc_US_SHA2011,COUNTRY,DMA,AMR,Americas,YEAR,2016,,,,,,,,,275.75,275.74504717,,,,2025-12-05T13:23:08Z,2016,2016-01-01,2016-12-31
6544614,GHED_GGHE-D_pc_US_SHA2011,COUNTRY,AFG,EMR,Eastern Mediterranean,YEAR,2009,,,,,,,,,2.34,2.33670096,,,,2025-12-05T13:23:08Z,2009,2009-01-01,2009-12-31
6546488,GHED_GGHE-D_pc_US_SHA2011,COUNTRY,CRI,AMR,Americas,YEAR,2021,,,,,,,,,687.33,687.33012202,,,,2025-12-05T13:23:08Z,2021,2021-01-01,2021-12-31
6547447,GHED_GGHE-D_pc_US_SHA2011,COUNTRY,CZE,EUR,Europe,YEAR,2001,,,,,,,,,339.77,339.77447985,,,,2025-12-05T13:23:08Z,2001,2001-01-01,2001-12-31
6551058,GHED_GGHE-D_pc_US_SHA2011,COUNTRY,HUN,EUR,Europe,YEAR,2006,,,,,,,,,628.40,628.40214179,,,,2025-12-05T13:23:08Z,2006,2006-01-01,2006-12-31
6555340,GHED_GGHE-D_pc_US_SHA2011,COUNTRY,SWZ,AFR,Africa,YEAR,2019,,,,,,,,,167.95,167.95304845,,,,2025-12-05T13:23:08Z,2019,2019-01-01,2019-12-31
6557480,GHED_GGHE-D_pc_US_SHA2011,COUNTRY,KHM,WPR,Western Pacific,YEAR,2005,,,,,,,,,5.72,5.71523562,,,,2025-12-05T13:23:08Z,2005,2005-01-01,2005-12-31
6558640,GHED_GGHE-D_pc_US_SHA2011,COUNTRY,MDV,SEAR,South-East Asia,YEAR,2006,,,,,,,,,148.56,148.55775511,,,,2025-12-05T13:23:08Z,2006,2006-01-01,2006-12-31
6564037,GHED_GGHE-D_pc_US_SHA2011,COUNTRY,BEN,AFR,Africa,YEAR,2009,,,,,,,,,8.89,8.88763568,,,,2025-12-05T13:23:08Z,2009,2009-01-01,2009-12-31
6564672,GHED_GGHE-D_pc_US_SHA2011,COUNTRY,COK,WPR,Western Pacific,YEAR,2013,,,,,,,,,470.10,470.10198138,,,,2025-12-05T13:23:08Z,2013,2013-01-01,2013-12-31
6564958,GHED_GGHE-D_pc_US_SHA2011,COUNTRY,KAZ,EUR,Europe,YEAR,2011,,,,,,,,,207.96,207.95875733,,,,2025-12-05T13:23:08Z,2011,2011-01-01,2011-12-31
6565198,GHED_GGHE-D_pc_US_SHA2011,COUNTRY,GHA,AFR,Africa,YEAR,2000,,,,,,,,,4.60,4.59614791,,,,2025-12-05T13:23:08Z,2000,2000-01-01,2000-12-31
6567652,GHED_GGHE-D_pc_US_SHA2011,COUNTRY,VUT,WPR,Western Pacific,YEAR,2002,,,,,,,,,35.17,35.17396287,,,,2025-12-05T13:23:08Z,2002,2002-01-01,2002-12-31
6571669,GHED_GGHE-D_pc_US_SHA2011,COUNTRY,BEL,EUR,Europe,YEAR,2005,,,,,,,,,2546.18,2546.18121975,,,,2025-12-05T13:23:08Z,2005,2005-01-01,2005-12-31
6573291,GHED_GGHE-D_pc_US_SHA2011,COUNTRY,SSD,AFR,Africa,YEAR,2022,,,,,,,,,4.57,4.57209366,,,,2025-12-05T13:23:08Z,2022,2022-01-01,2022-12-31
6575839,GHED_GGHE-D_pc_US_SHA2011,COUNTRY,ISL,EUR,Europe,YEAR,2004,,,,,,,,,3573.29,3573.28541507,,,,2025-12-05T13:23:08Z,2004,2004-01-01,2004-12-31
6578587,GHED_GGHE-D_pc_US_SHA2011,COUNTRY,QAT,EMR,Eastern Mediterranean,YEAR,2006,,,,,,,,,1031.94,1031.94216596,,,,2025-12-05T13:23:08Z,2006,2006-01-01,2006-12-31
6579225,GHED_GGHE-D_pc_US_SHA2011,REGION,EMR,,,YEAR,2015,,,,,,,,,362.79,362.78948236,,,,2025-12-05T13:23:08Z,2015,2015-01-01,2015-12-31
6582639,GHED_GGHE-D_pc_US_SHA2011,COUNTRY,TCD,AFR,Africa,YEAR,2021,,,,,,,,,6.97,6.96970123,,,,2025-12-05T13:23:08Z,2021,2021-01-01,2021-12-31
6583455,GHED_GGHE-D_pc_US_SHA2011,GLOBAL,GLOBAL,,,YEAR,2016,,,,,,,,,735.11,735.1079668,,,,2025-12-05T13:23:08Z,2016,2016-01-01,2016-12-31
6585885,GHED_GGHE-D_pc_US_SHA2011,COUNTRY,RUS,EUR,Europe,YEAR,2020,,,,,,,,,599.60,599.59765014,,,,2025-12-05T13:23:08Z,2020,2020-01-01,2020-12-31
6591432,GHED_GGHE-D_pc_US_SHA2011,COUNTRY,TCD,AFR,Africa,YEAR,2000,,,,,,,,,3.83,3.83142667,,,,2025-12-05T13:23:08Z,2000,2000-01-01,2000-12-31
6592400,GHED_GGHE-D_pc_US_SHA2011,COUNTRY,CAF,AFR,Africa,YEAR,2012,,,,,,,,,3.39,3.38952886,,,,2025-12-05T13:23:08Z,2012,2012-01-01,2012-12-31
6594063,GHED_GGHE-D_pc_US_SHA2011,COUNTRY,VCT,AMR,Americas,YEAR,2009,,,,,,,,,161.65,161.64821585,,,,2025-12-05T13:23:08Z,2009,2009-01-01,2009-12-31
6595673,GHED_GGHE-D_pc_US_SHA2011,COUNTRY,BIH,EUR,Europe,YEAR,2019,,,,,,,,,375.54,375.53892962,,,,2025-12-05T13:23:08Z,2019,2019-01-01,2019-12-31
6597507,GHED_GGHE-D_pc_US_SHA2011,COUNTRY,ETH,AFR,Africa,YEAR,2000,,,,,,,,,2.18,2.1806855,,,,2025-12-05T13:23:08Z,2000,2000-01-01,2000-12-31
6598511,GHED_GGHE-D_pc_US_SHA2011,COUNTRY,PNG,WPR,Western Pacific,YEAR,2011,,,,,,,,,34.26,34.25812455,,,,2025-12-05T13:23:08Z,2011,2011-01-01,2011-12-31
6599755,GHED_GGHE-D_pc_US_SHA2011,COUNTRY,PAK,EMR,Eastern Mediterranean,YEAR,2009,,,,,,,,,4.75,4.7464519,,,,2025-12-05T13:23:08Z,2009,2009-01-01,2009-12-31
6600497,GHED_GGHE-D_pc_US_SHA2011,COUNTRY,BRN,WPR,Western Pacific,YEAR,2013,,,,,,,,,756.74,756.74198864,,,,2025-12-05T13:23:08Z,2013,2013-01-01,2013-12-31
6601062,GHED_GGHE-D_pc_US_SHA2011,COUNTRY,VCT,AMR,Americas,YEAR,2013,,,,,,,,,189.23,189.23349803,,,,2025-12-05T13:23:08Z,2013,2013-01-01,2013-12-31
6601753,GHED_GGHE-D_pc_US_SHA2011,COUNTRY,GTM,AMR,Americas,YEAR,2023,,,,,,,,,140.39,140.38817208,,,,2025-12-05T13:23:08Z,2023,2023-01-01,2023-12-31
6602035,GHED_GGHE-D_pc_US_SHA2011,COUNTRY,NER,AFR,Africa,YEAR,2007,,,,,,,,,5.80,5.79807125,,,,2025-12-05T13:23:08Z,2007,2007-01-01,2007-12-31
6602219,GHED_GGHE-D_pc_US_SHA2011,COUNTRY,BRB,AMR,Americas,YEAR,2009,,,,,,,,,635.22,635.21991847,,,,2025-12-05T13:23:08Z,2009,2009-01-01,2009-12-31
6603643,GHED_GGHE-D_pc_US_SHA2011,COUNTRY,BFA,AFR,Africa,YEAR,2019,,,,,,,,,17.16,17.16469763,,,,2025-12-05T13:23:08Z,2019,2019-01-01,2019-12-31
6609554,GHED_GGHE-D_pc_US_SHA2011,COUNTRY,JAM,AMR,Americas,YEAR,2022,,,,,,,,,356.97,356.97012816,,,,2025-12-05T13:23:08Z,2022,2022-01-01,2022-12-31
6610017,GHED_GGHE-D_pc_US_SHA2011,COUNTRY,ZAF,AFR,Africa,YEAR,2005,,,,,,,,,160.22,160.2239226,,,,2025-12-05T13:23:08Z,2005,2005-01-01,2005-12-31
6610888,GHED_GGHE-D_pc_US_SHA2011,COUNTRY,FRA,EUR,Europe,YEAR,2012,,,,,,,,,3243.68,3243.67923689,,,,2025-12-05T13:23:08Z,2012,2012-01-01,2012-12-31
6610918,GHED_GGHE-D_pc_US_SHA2011,COUNTRY,MEX,AMR,Americas,YEAR,2013,,,,,,,,,336.27,336.26597037,,,,2025-12-05T13:23:08Z,2013,2013-01-01,2013-12-31
6611108,GHED_GGHE-D_pc_US_SHA2011,COUNTRY,STP,AFR,Africa,YEAR,2005,,,,,,,,,38.95,38.94584836,,,,2025-12-05T13:23:08Z,2005,2005-01-01,2005-12-31
6612728,GHED_GGHE-D_pc_US_SHA2011,COUNTRY,TTO,AMR,Americas,YEAR,2000,,,,,,,,,98.48,98.48488636,,,,2025-12-05T13:23:08Z,2000,2000-01-01,2000-12-31
6612823,GHED_GGHE-D_pc_US_SHA2011,COUNTRY,DNK,EUR,Europe,YEAR,2008,,,,,,,,,5140.08,5140.08052171,,,,2025-12-05T13:23:08Z,2008,2008-01-01,2008-12-31
6614650,GHED_GGHE-D_pc_US_SHA2011,COUNTRY,EGY,EMR,Eastern Mediterranean,YEAR,2022,,,,,,,,,61.29,61.28761395,,,,2025-12-05T13:23:08Z,2022,2022-01-01,2022-12-31
6619155,GHED_GGHE-D_pc_US_SHA2011,COUNTRY,WSM,WPR,Western Pacific,YEAR,2023,,,,,,,,,202.73,202.73019191,,,,2025-12-05T13:23:08Z,2023,2023-01-01,2023-12-31
6621763,GHED_GGHE-D_pc_US_SHA2011,COUNTRY,BLR,EUR,Europe,YEAR,2000,,,,,,,,,44.86,44.86246789,,,,2025-12-05T13:23:08Z,2000,2000-01-01,2000-12-31
6627933,GHED_GGHE-D_pc_US_SHA2011,COUNTRY,LAO,WPR,Western Pacific,YEAR,2023,,,,,,,,,10.91,10.91121176,,,,2025-12-05T13:23:08Z,2023,2023-01-01,2023-12-31
6628406,GHED_GGHE-D_pc_US_SHA2011,COUNTRY,PAN,AMR,Americas,YEAR,2021,,,,,,,,,787.32,787.32124514,,,,2025-12-05T13:23:08Z,2021,2021-01-01,2021-12-31
6633265,GHED_GGHE-D_pc_US_SHA2011,COUNTRY,BDI,AFR,Africa,YEAR,2004,,,,,,,,,2.96,2.96452195,,,,2025-12-05T13:23:08Z,2004,2004-01-01,2004-12-31
6635238,GHED_GGHE-D_pc_US_SHA2011,COUNTRY,GRD,AMR,Americas,YEAR,2022,,,,,,,,,210.44,210.43659933,,,,2025-12-05T13:23:08Z,2022,2022-01-01,2022-12-31
6636392,GHED_GGHE-D_pc_US_SHA2011,COUNTRY,CRI,AMR,Americas,YEAR,2022,,,,,,,,,674.98,674.97706544,,,,2025-12-05T13:23:08Z,2022,2022-01-01,2022-12-31
6637419,GHED_GGHE-D_pc_US_SHA2011,COUNTRY,BHR,EMR,Eastern Mediterranean,YEAR,2008,,,,,,,,,479.25,479.25233874,,,,2025-12-05T13:23:08Z,2008,2008-01-01,2008-12-31
6644687,GHED_GGHE-D_pc_US_SHA2011,COUNTRY,CPV,AFR,Africa,YEAR,2019,,,,,,,,,141.89,141.88993757,,,,2025-12-05T13:23:08Z,2019,2019-01-01,2019-12-31
6646688,GHED_GGHE-D_pc_US_SHA2011,COUNTRY,CHE,EUR,Europe,YEAR,2003,,,,,,,,,1571.89,1571.8945545,,,,2025-12-05T13:23:08Z,2003,2003-01-01,2003-12-31
6647270,GHED_GGHE-D_pc_US_SHA2011,COUNTRY,WSM,WPR,Western Pacific,YEAR,2013,,,,,,,,,160.34,160.3371693,,,,2025-12-05T13:23:08Z,2013,2013-01-01,2013-12-31
6649882,GHED_GGHE-D_pc_US_SHA2011,COUNTRY,KEN,AFR,Africa,YEAR,2022,,,,,,,,,42.27,42.26814462,,,,2025-12-05T13:23:08Z,2022,2022-01-01,2022-12-31
6651584,GHED_GGHE-D_pc_US_SHA2011,COUNTRY,MRT,AFR,Africa,YEAR,2001,,,,,,,,,3.55,3.55302269,,,,2025-12-05T13:23:08Z,2001,2001-01-01,2001-12-31
6652130,GHED_GGHE-D_pc_US_SHA2011,COUNTRY,NRU,WPR,Western Pacific,YEAR,2011,,,,,,,,,382.53,382.52547123,,,,2025-12-05T13:23:08Z,2011,2011-01-01,2011-12-31
6653080,GHED_GGHE-D_pc_US_SHA2011,COUNTRY,MLI,AFR,Africa,YEAR,2018,,,,,,,,,9.61,9.61338054,,,,2025-12-05T13:23:08Z,2018,2018-01-01,2018-12-31
6655279,GHED_GGHE-D_pc_US_SHA2011,COUNTRY,UZB,EUR,Europe,YEAR,2005,,,,,,,,,12.34,12.34298353,,,,2025-12-05T13:23:08Z,2005,2005-01-01,2005-12-31
6658919,GHED_GGHE-D_pc_US_SHA2011,COUNTRY,GHA,AFR,Africa,YEAR,2019,,,,,,,,,43.11,43.11295258,,,,2025-12-05T13:23:08Z,2019,2019-01-01,2019-12-31
6659505,GHED_GGHE-D_pc_US_SHA2011,COUNTRY,NPL,SEAR,South-East Asia,YEAR,2023,,,,,,,,,26.28,26.28426818,,,,2025-12-05T13:23:08Z,2023,2023-01-01,2023-12-31
6660759,GHED_GGHE-D_pc_US_SHA2011,WORLDBANKINCOMEGROUP,WB_HI,,,YEAR,2017,,,,,,,,,2020.22,2020.21858982,,,,2025-12-05T13:23:08Z,2017,2017-01-01,2017-12-31
6662296,GHED_GGHE-D_pc_US_SHA2011,COUNTRY,MRT,AFR,Africa,YEAR,2004,,,,,,,,,6.00,6.00305046,,,,2025-12-05T13:23:08Z,2004,2004-01-01,2004-12-31
6667114,GHED_GGHE-D_pc_US_SHA2011,COUNTRY,CHL,AMR,Americas,YEAR,2013,,,,,,,,,558.34,558.34094083,,,,2025-12-05T13:23:08Z,2013,2013-01-01,2013-12-31
6668311,GHED_GGHE-D_pc_US_SHA2011,COUNTRY,GMB,AFR,Africa,YEAR,2017,,,,,,,,,6.82,6.81701102,,,,2025-12-05T13:23:08Z,2017,2017-01-01,2017-12-31
6671152,GHED_GGHE-D_pc_US_SHA2011,COUNTRY,ECU,AMR,Americas,YEAR,2003,,,,,,,,,40.46,40.45674846,,,,2025-12-05T13:23:08Z,2003,2003-01-01,2003-12-31
6673628,GHED_GGHE-D_pc_US_SHA2011,COUNTRY,URY,AMR,Americas,YEAR,2014,,,,,,,,,1018.80,1018.80326195,,,,2025-12-05T13:23:08Z,2014,2014-01-01,2014-12-31
6677121,GHED_GGHE-D_pc_US_SHA2011,COUNTRY,GBR,EUR,Europe,YEAR,2002,,,,,,,,,1816.42,1816.41629156,,,,2025-12-05T13:23:08Z,2002,2002-01-01,2002-12-31
6679588,GHED_GGHE-D_pc_US_SHA2011,COUNTRY,POL,EUR,Europe,YEAR,2004,,,,,,,,,264.45,264.4544581,,,,2025-12-05T13:23:08Z,2004,2004-01-01,2004-12-31
6683091,GHED_GGHE-D_pc_US_SHA2011,COUNTRY,NAM,AFR,Africa,YEAR,2016,,,,,,,,,253.38,253.38050914,,,,2025-12-05T13:23:08Z,2016,2016-01-01,2016-12-31
6687094,GHED_GGHE-D_pc_US_SHA2011,COUNTRY,BRN,WPR,Western Pacific,YEAR,2007,,,,,,,,,619.60,619.59545084,,,,2025-12-05T13:23:08Z,2007,2007-01-01,2007-12-31
6688161,GHED_GGHE-D_pc_US_SHA2011,COUNTRY,KEN,AFR,Africa,YEAR,2000,,,,,,,,,5.94,5.93606644,,,,2025-12-05T13:23:08Z,2000,2000-01-01,2000-12-31
6688240,GHED_GGHE-D_pc_US_SHA2011,COUNTRY,BHS,AMR,Americas,YEAR,2009,,,,,,,,,645.80,645.79583311,,,,2025-12-05T13:23:08Z,2009,2009-01-01,2009-12-31
6690271,GHED_GGHE-D_pc_US_SHA2011,COUNTRY,AUS,WPR,Western Pacific,YEAR,2017,,,,,,,,,4127.53,4127.52550317,,,,2025-12-05T13:23:08Z,2017,2017-01-01,2017-12-31
6693628,GHED_GGHE-D_pc_US_SHA2011,COUNTRY,COK,WPR,Western Pacific,YEAR,2011,,,,,,,,,491.83,491.82677187,,,,2025-12-05T13:23:08Z,2011,2011-01-01,2011-12-31
6697320,GHED_GGHE-D_pc_US_SHA2011,COUNTRY,ESP,EUR,Europe,YEAR,2023,,,,,,,,,2273.54,2273.54125161,,,,2025-12-05T13:23:08Z,2023,2023-01-01,2023-12-31
6697350,GHED_GGHE-D_pc_US_SHA2011,COUNTRY,MMR,SEAR,South-East Asia,YEAR,2003,,,,,,,,,0.67,0.6710175,,,,2025-12-05T13:23:08Z,2003,2003-01-01,2003-12-31
6700548,GHED_GGHE-D_pc_US_SHA2011,COUNTRY,CPV,AFR,Africa,YEAR,2020,,,,,,,,,164.79,164.79145092,,,,2025-12-05T13:23:08Z,2020,2020-01-01,2020-12-31
6704406,GHED_GGHE-D_pc_US_SHA2011,COUNTRY,TLS,SEAR,South-East Asia,YEAR,2003,,,,,,,,,6.96,6.96498605,,,,2025-12-05T13:23:08Z,2003,2003-01-01,2003-12-31
6707842,GHED_GGHE-D_pc_US_SHA2011,COUNTRY,CAF,AFR,Africa,YEAR,2010,,,,,,,,,2.75,2.75021569,,,,2025-12-05T13:23:08Z,2010,2010-01-01,2010-12-31
6709642,GHED_GGHE-D_pc_US_SHA2011,COUNTRY,WSM,WPR,Western Pacific,YEAR,2014,,,,,,,,,193.46,193.46217779,,,,2025-12-05T13:23:08Z,2014,2014-01-01,2014-12-31
6710992,GHED_GGHE-D_pc_US_SHA2011,COUNTRY,USA,AMR,Americas,YEAR,2015,,,,,,,,,4729.45,4729.45395327,,,,2025-12-05T13:23:08Z,2015,2015-01-01,2015-12-31
6712574,GHED_GGHE-D_pc_US_SHA2011,COUNTRY,MUS,AFR,Africa,YEAR,2020,,,,,,,,,260.76,260.75567198,,,,2025-12-05T13:23:08Z,2020,2020-01-01,2020-12-31
6713528,GHED_GGHE-D_pc_US_SHA2011,COUNTRY,FJI,WPR,Western Pacific,YEAR,2023,,,,,,,,,159.15,159.14599294,,,,2025-12-05T13:23:08Z,2023,2023-01-01,2023-12-31
6728245,GHED_GGHE-D_pc_US_SHA2011,REGION,WPR,,,YEAR,2002,,,,,,,,,255.35,255.34604185,,,,2025-12-05T13:23:08Z,2002,2002-01-01,2002-12-31
6737387,GHED_GGHE-D_pc_US_SHA2011,COUNTRY,TKM,EUR,Europe,YEAR,2013,,,,,,,,,97.00,97.00081659,,,,2025-12-05T13:23:08Z,2013,2013-01-01,2013-12-31
6744664,GHED_GGHE-D_pc_US_SHA2011,COUNTRY,BRA,AMR,Americas,YEAR,2009,,,,,,,,,321.75,321.75429444,,,,2025-12-05T13:23:08Z,2009,2009-01-01,2009-12-31
6746371,GHED_GGHE-D_pc_US_SHA2011,COUNTRY,VNM,WPR,Western Pacific,YEAR,2020,,,,,,,,,63.28,63.2821638,,,,2025-12-05T13:23:08Z,2020,2020-01-01,2020-12-31
6747792,GHED_GGHE-D_pc_US_SHA2011,COUNTRY,COG,AFR,Africa,YEAR,2013,,,,,,,,,34.63,34.63185457,,,,2025-12-05T13:23:08Z,2013,2013-01-01,2013-12-31
6750289,GHED_GGHE-D_pc_US_SHA2011,COUNTRY,SWE,EUR,Europe,YEAR,2013,,,,,,,,,5643.39,5643.38890603,,,,2025-12-05T13:23:08Z,2013,2013-01-01,2013-12-31
6755352,GHED_GGHE-D_pc_US_SHA2011,COUNTRY,PSE,EMR,Eastern Mediterranean,YEAR,2001,,,,,,,,,31.61,31.61368563,,,,2025-12-05T13:23:08Z,2001,2001-01-01,2001-12-31
6758379,GHED_GGHE-D_pc_US_SHA2011,COUNTRY,SWE,EUR,Europe,YEAR,2017,,,,,,,,,4963.87,4963.87421732,,,,2025-12-05T13:23:08Z,2017,2017-01-01,2017-12-31
6765269,GHED_GGHE-D_pc_US_SHA2011,COUNTRY,LUX,EUR,Europe,YEAR,2004,,,,,,,,,4741.40,4741.40321386,,,,2025-12-05T13:23:08Z,2004,2004-01-01,2004-12-31
6766174,GHED_GGHE-D_pc_US_SHA2011,REGION,EUR,,,YEAR,2003,,,,,,,,,1046.10,1046.09676208,,,,2025-12-05T13:23:08Z,2003,2003-01-01,2003-12-31
6769422,GHED_GGHE-D_pc_US_SHA2011,COUNTRY,VNM,WPR,Western Pacific,YEAR,2004,,,,,,,,,13.21,13.21386915,,,,2025-12-05T13:23:08Z,2004,2004-01-01,2004-12-31
6770209,GHED_GGHE-D_pc_US_SHA2011,COUNTRY,MRT,AFR,Africa,YEAR,2013,,,,,,,,,20.95,20.94549516,,,,2025-12-05T13:23:08Z,2013,2013-01-01,2013-12-31
6771007,GHED_GGHE-D_pc_US_SHA2011,COUNTRY,GAB,AFR,Africa,YEAR,2014,,,,,,,,,139.56,139.55570321,,,,2025-12-05T13:23:08Z,2014,2014-01-01,2014-12-31
6773112,GHED_GGHE-D_pc_US_SHA2011,COUNTRY,GNB,AFR,Africa,YEAR,2022,,,,,,,,,8.47,8.46863386,,,,2025-12-05T13:23:08Z,2022,2022-01-01,2022-12-31
6776464,GHED_GGHE-D_pc_US_SHA2011,COUNTRY,SUR,AMR,Americas,YEAR,2012,,,,,,,,,166.48,166.47613048,,,,2025-12-05T13:23:08Z,2012,2012-01-01,2012-12-31
6778776,GHED_GGHE-D_pc_US_SHA2011,COUNTRY,BRA,AMR,Americas,YEAR,2007,,,,,,,,,258.20,258.20006698,,,,2025-12-05T13:23:08Z,2007,2007-01-01,2007-12-31
6781259,GHED_GGHE-D_pc_US_SHA2011,COUNTRY,LBN,EMR,Eastern Mediterranean,YEAR,2016,,,,,,,,,301.31,301.31155278,,,,2025-12-05T13:23:08Z,2016,2016-01-01,2016-12-31
6783623,GHED_GGHE-D_pc_US_SHA2011,COUNTRY,JOR,EMR,Eastern Mediterranean,YEAR,2011,,,,,,,,,216.90,216.90417699,,,,2025-12-05T13:23:08Z,2011,2011-01-01,2011-12-31
6784544,GHED_GGHE-D_pc_US_SHA2011,COUNTRY,NZL,WPR,Western Pacific,YEAR,2012,,,,,,,,,2893.10,2893.10169677,,,,2025-12-05T13:23:08Z,2012,2012-01-01,2012-12-31
6784807,GHED_GGHE-D_pc_US_SHA2011,COUNTRY,ITA,EUR,Europe,YEAR,2003,,,,,,,,,1627.89,1627.89401524,,,,2025-12-05T13:23:08Z,2003,2003-01-01,2003-12-31
6785407,GHED_GGHE-D_pc_US_SHA2011,COUNTRY,SRB,EUR,Europe,YEAR,2017,,,,,,,,,296.50,296.50162964,,,,2025-12-05T13:23:08Z,2017,2017-01-01,2017-12-31
6795494,GHED_GGHE-D_pc_US_SHA2011,COUNTRY,ALB,EUR,Europe,YEAR,2012,,,,,,,,,103.94,103.94307838,,,,2025-12-05T13:23:08Z,2012,2012-01-01,2012-12-31
6798050,GHED_GGHE-D_pc_US_SHA2011,COUNTRY,LBR,AFR,Africa,YEAR,2017,,,,,,,,,9.50,9.50261204,,,,2025-12-05T13:23:08Z,2017,2017-01-01,2017-12-31
6800784,GHED_GGHE-D_pc_US_SHA2011,COUNTRY,KOR,WPR,Western Pacific,YEAR,2019,,,,,,,,,1499.23,1499.2304191,,,,2025-12-05T13:23:08Z,2019,2019-01-01,2019-12-31
6801911,GHED_GGHE-D_pc_US_SHA2011,COUNTRY,LUX,EUR,Europe,YEAR,2019,,,,,,,,,5342.75,5342.75189951,,,,2025-12-05T13:23:08Z,2019,2019-01-01,2019-12-31
6802774,GHED_GGHE-D_pc_US_SHA2011,COUNTRY,KAZ,EUR,Europe,YEAR,2001,,,,,,,,,27.96,27.96423433,,,,2025-12-05T13:23:08Z,2001,2001-01-01,2001-12-31
6805012,GHED_GGHE-D_pc_US_SHA2011,COUNTRY,SLV,AMR,Americas,YEAR,2014,,,,,,,,,171.85,171.84777763,,,,2025-12-05T13:23:08Z,2014,2014-01-01,2014-12-31
6805032,GHED_GGHE-D_pc_US_SHA2011,COUNTRY,SRB,EUR,Europe,YEAR,2006,,,,,,,,,232.18,232.17672494,,,,2025-12-05T13:23:08Z,2006,2006-01-01,2006-12-31
6806271,GHED_GGHE-D_pc_US_SHA2011,COUNTRY,BTN,SEAR,South-East Asia,YEAR,2019,,,,,,,,,85.13,85.13131815,,,,2025-12-05T13:23:08Z,2019,2019-01-01,2019-12-31
6808338,GHED_GGHE-D_pc_US_SHA2011,COUNTRY,TJK,EUR,Europe,YEAR,2019,,,,,,,,,16.53,16.53003157,,,,2025-12-05T13:23:08Z,2019,2019-01-01,2019-12-31
6810610,GHED_GGHE-D_pc_US_SHA2011,COUNTRY,KHM,WPR,Western Pacific,YEAR,2014,,,,,,,,,14.53,14.53134425,,,,2025-12-05T13:23:08Z,2014,2014-01-01,2014-12-31
6816133,GHED_GGHE-D_pc_US_SHA2011,COUNTRY,SYC,AFR,Africa,YEAR,2020,,,,,,,,,514.55,514.55152112,,,,2025-12-05T13:23:08Z,2020,2020-01-01,2020-12-31
6817697,GHED_GGHE-D_pc_US_SHA2011,COUNTRY,ISL,EUR,Europe,YEAR,2017,,,,,,,,,4913.48,4913.47566094,,,,2025-12-05T13:23:08Z,2017,2017-01-01,2017-12-31
6821380,GHED_GGHE-D_pc_US_SHA2011,COUNTRY,MUS,AFR,Africa,YEAR,2006,,,,,,,,,91.22,91.2153648,,,,2025-12-05T13:23:08Z,2006,2006-01-01,2006-12-31
6821715,GHED_GGHE-D_pc_US_SHA2011,COUNTRY,OMN,EMR,Eastern Mediterranean,YEAR,2022,,,,,,,,,609.39,609.39487937,,,,2025-12-05T13:23:08Z,2022,2022-01-01,2022-12-31
6822575,GHED_GGHE-D_pc_US_SHA2011,COUNTRY,AGO,AFR,Africa,YEAR,2001,,,,,,,,,13.35,13.3549479,,,,2025-12-05T13:23:08Z,2001,2001-01-01,2001-12-31
6823335,GHED_GGHE-D_pc_US_SHA2011,COUNTRY,KNA,AMR,Americas,YEAR,2022,,,,,,,,,610.39,610.38843458,,,,2025-12-05T13:23:08Z,2022,2022-01-01,2022-12-31
6832034,GHED_GGHE-D_pc_US_SHA2011,COUNTRY,CMR,AFR,Africa,YEAR,2022,,,,,,,,,10.73,10.72591004,,,,2025-12-05T13:23:08Z,2022,2022-01-01,2022-12-31
6832682,GHED_GGHE-D_pc_US_SHA2011,COUNTRY,PER,AMR,Americas,YEAR,2000,,,,,,,,,44.35,44.34769783,,,,2025-12-05T13:23:08Z,2000,2000-01-01,2000-12-31
6832959,GHED_GGHE-D_pc_US_SHA2011,COUNTRY,ESP,EUR,Europe,YEAR,2012,,,,,,,,,1868.28,1868.27513131,,,,2025-12-05T13:23:08Z,2012,2012-01-01,2012-12-31
6833189,GHED_GGHE-D_pc_US_SHA2011,COUNTRY,MEX,AMR,Americas,YEAR,2003,,,,,,,,,170.95,170.94811625,,,,2025-12-05T13:23:08Z,2003,2003-01-01,2003-12-31
6834325,GHED_GGHE-D_pc_US_SHA2011,REGION,AMR,,,YEAR,2000,,,,,,,,,221.40,221.4001653,,,,2025-12-05T13:23:08Z,2000,2000-01-01,2000-12-31
6836486,GHED_GGHE-D_pc_US_SHA2011,COUNTRY,ARG,AMR,Americas,YEAR,2005,,,,,,,,,201.14,201.14393658,,,,2025-12-05T13:23:08Z,2005,2005-01-01,2005-12-31
6837187,GHED_GGHE-D_pc_US_SHA2011,COUNTRY,AFG,EMR,Eastern Mediterranean,YEAR,2010,,,,,,,,,2.54,2.54156102,,,,2025-12-05T13:23:08Z,2010,2010-01-01,2010-12-31
6838629,GHED_GGHE-D_pc_US_SHA2011,COUNTRY,QAT,EMR,Eastern Mediterranean,YEAR,2002,,,,,,,,,420.81,420.80767892,,,,2025-12-05T13:23:08Z,2002,2002-01-01,2002-12-31
6843918,GHED_GGHE-D_pc_US_SHA2011,WORLDBANKINCOMEGROUP,WB_LI,,,YEAR,2000,,,,,,,,,4.10,4.097099,,,,2025-12-05T13:23:08Z,2000,2000-01-01,2000-12-31
6848065,GHED_GGHE-D_pc_US_SHA2011,COUNTRY,ALB,EUR,Europe,YEAR,2006,,,,,,,,,76.90,76.89747398,,,,2025-12-05T13:23:08Z,2006,2006-01-01,2006-12-31
6848461,GHED_GGHE-D_pc_US_SHA2011,COUNTRY,NZL,WPR,Western Pacific,YEAR,2023,,,,,,,,,3882.15,3882.1539925,,,,2025-12-05T13:23:08Z,2023,2023-01-01,2023-12-31
6850082,GHED_GGHE-D_pc_US_SHA2011,COUNTRY,MWI,AFR,Africa,YEAR,2000,,,,,,,,,3.82,3.81986418,,,,2025-12-05T13:23:08Z,2000,2000-01-01,2000-12-31
6852630,GHED_GGHE-D_pc_US_SHA2011,WORLDBANKINCOMEGROUP,WB_LMI,,,YEAR,2023,,,,,,,,,64.75,64.74992839,,,,2026-01-12T13:50:53Z,2023,2023-01-01,2023-12-31
6853052,GHED_GGHE-D_pc_US_SHA2011,COUNTRY,SEN,AFR,Africa,YEAR,2020,,,,,,,,,25.12,25.12153543,,,,2025-12-05T13:23:08Z,2020,2020-01-01,2020-12-31
6855035,GHED_GGHE-D_pc_US_SHA2011,COUNTRY,ALB,EUR,Europe,YEAR,2011,,,,,,,,,106.17,106.17220272,,,,2025-12-05T13:23:08Z,2011,2011-01-01,2011-12-31
6857147,GHED_GGHE-D_pc_US_SHA2011,COUNTRY,PLW,WPR,Western Pacific,YEAR,2002,,,,,,,,,299.38,299.38187412,,,,2025-12-05T13:23:08Z,2002,2002-01-01,2002-12-31
6858967,GHED_GGHE-D_pc_US_SHA2011,COUNTRY,SLE,AFR,Africa,YEAR,2008,,,,,,,,,3.03,3.03154384,,,,2025-12-05T13:23:08Z,2008,2008-01-01,2008-12-31
6865315,GHED_GGHE-D_pc_US_SHA2011,COUNTRY,HRV,EUR,Europe,YEAR,2012,,,,,,,,,854.64,854.64136333,,,,2025-12-05T13:23:08Z,2012,2012-01-01,2012-12-31
6865348,GHED_GGHE-D_pc_US_SHA2011,COUNTRY,TUN,EMR,Eastern Mediterranean,YEAR,2005,,,,,,,,,86.32,86.3170726,,,,2025-12-05T13:23:08Z,2005,2005-01-01,2005-12-31
6868161,GHED_GGHE-D_pc_US_SHA2011,COUNTRY,HRV,EUR,Europe,YEAR,2014,,,,,,,,,769.18,769.18447036,,,,2025-12-05T13:23:08Z,2014,2014-01-01,2014-12-31
6868961,GHED_GGHE-D_pc_US_SHA2011,COUNTRY,BGR,EUR,Europe,YEAR,2008,,,,,,,,,252.37,252.36699808,,,,2025-12-05T13:23:08Z,2008,2008-01-01,2008-12-31
6870979,GHED_GGHE-D_pc_US_SHA2011,COUNTRY,BFA,AFR,Africa,YEAR,2014,,,,,,,,,12.44,12.44316982,,,,2025-12-05T13:23:08Z,2014,2014-01-01,2014-12-31
6871053,GHED_GGHE-D_pc_US_SHA2011,COUNTRY,VCT,AMR,Americas,YEAR,2008,,,,,,,,,152.32,152.32368943,,,,2025-12-05T13:23:08Z,2008,2008-01-01,2008-12-31
6874741,GHED_GGHE-D_pc_US_SHA2011,COUNTRY,DNK,EUR,Europe,YEAR,2000,,,,,,,,,2070.65,2070.65463306,,,,2025-12-05T13:23:08Z,2000,2000-01-01,2000-12-31
6875546,GHED_GGHE-D_pc_US_SHA2011,COUNTRY,IND,SEAR,South-East Asia,YEAR,2016,,,,,,,,,16.03,16.02965318,,,,2025-12-05T13:23:08Z,2016,2016-01-01,2016-12-31
6876640,GHED_GGHE-D_pc_US_SHA2011,COUNTRY,ALB,EUR,Europe,YEAR,2002,,,,,,,,,35.98,35.97817773,,,,2025-12-05T13:23:08Z,2002,2002-01-01,2002-12-31
6878269,GHED_GGHE-D_pc_US_SHA2011,REGION,AFR,,,YEAR,2000,,,,,,,,,22.13,22.12541919,,,,2025-12-05T13:23:08Z,2000,2000-01-01,2000-12-31
6879546,GHED_GGHE-D_pc_US_SHA2011,COUNTRY,QAT,EMR,Eastern Mediterranean,YEAR,2020,,,,,,,,,1705.06,1705.06127011,,,,2025-12-05T13:23:08Z,2020,2020-01-01,2020-12-31
6880025,GHED_GGHE-D_pc_US_SHA2011,COUNTRY,THA,SEAR,South-East Asia,YEAR,2015,,,,,,,,,156.37,156.36960576,,,,2025-12-05T13:23:08Z,2015,2015-01-01,2015-12-31
6881103,GHED_GGHE-D_pc_US_SHA2011,COUNTRY,CHL,AMR,Americas,YEAR,2020,,,,,,,,,718.23,718.23489415,,,,2025-12-05T13:23:08Z,2020,2020-01-01,2020-12-31
6881328,GHED_GGHE-D_pc_US_SHA2011,COUNTRY,SVK,EUR,Europe,YEAR,2021,,,,,,,,,1343.14,1343.14176143,,,,2025-12-05T13:23:08Z,2021,2021-01-01,2021-12-31
6887249,GHED_GGHE-D_pc_US_SHA2011,COUNTRY,PAN,AMR,Americas,YEAR,2019,,,,,,,,,760.01,760.01072943,,,,2025-12-05T13:23:08Z,2019,2019-01-01,2019-12-31
6891262,GHED_GGHE-D_pc_US_SHA2011,COUNTRY,CAN,AMR,Americas,YEAR,2017,,,,,,,,,3409.46,3409.4560567,,,,2025-12-05T13:23:08Z,2017,2017-01-01,2017-12-31
6893023,GHED_GGHE-D_pc_US_SHA2011,COUNTRY,LIE,EUR,Europe,YEAR,2023,,,,,,,,,7936.66,7936.66082552,,,,2025-12-05T13:23:08Z,2023,2023-01-01,2023-12-31
6894686,GHED_GGHE-D_pc_US_SHA2011,COUNTRY,GAB,AFR,Africa,YEAR,2009,,,,,,,,,113.13,113.13444589,,,,2025-12-05T13:23:08Z,2009,2009-01-01,2009-12-31
6897633,GHED_GGHE-D_pc_US_SHA2011,COUNTRY,THA,SEAR,South-East Asia,YEAR,2003,,,,,,,,,48.02,48.02053166,,,,2025-12-05T13:23:08Z,2003,2003-01-01,2003-12-31
6899276,GHED_GGHE-D_pc_US_SHA2011,COUNTRY,NGA,AFR,Africa,YEAR,2001,,,,,,,,,4.83,4.82983931,,,,2025-12-05T13:23:08Z,2001,2001-01-01,2001-12-31
6900219,GHED_GGHE-D_pc_US_SHA2011,COUNTRY,JPN,WPR,Western Pacific,YEAR,2008,,,,,,,,,2616.37,2616.3652289,,,,2025-12-05T13:23:08Z,2008,2008-01-01,2008-12-31
6902204,GHED_GGHE-D_pc_US_SHA2011,COUNTRY,GNQ,AFR,Africa,YEAR,2021,,,,,,,,,79.46,79.4583788,,,,2025-12-05T13:23:08Z,2021,2021-01-01,2021-12-31
6904717,GHED_GGHE-D_pc_US_SHA2011,COUNTRY,NLD,EUR,Europe,YEAR,2016,,,,,,,,,3067.55,3067.54680901,,,,2025-12-05T13:23:08Z,2016,2016-01-01,2016-12-31
6907105,GHED_GGHE-D_pc_US_SHA2011,COUNTRY,MRT,AFR,Africa,YEAR,2014,,,,,,,,,21.45,21.45281982,,,,2025-12-05T13:23:08Z,2014,2014-01-01,2014-12-31
6907784,GHED_GGHE-D_pc_US_SHA2011,COUNTRY,OMN,EMR,Eastern Mediterranean,YEAR,2003,,,,,,,,,240.65,240.6515098,,,,2025-12-05T13:23:08Z,2003,2003-01-01,2003-12-31
6910678,GHED_GGHE-D_pc_US_SHA2011,COUNTRY,LKA,SEAR,South-East Asia,YEAR,2001,,,,,,,,,20.96,20.95949514,,,,2025-12-05T13:23:08Z,2001,2001-01-01,2001-12-31
6912792,GHED_GGHE-D_pc_US_SHA2011,COUNTRY,LTU,EUR,Europe,YEAR,2020,,,,,,,,,1038.53,1038.53496955,,,,2025-12-05T13:23:08Z,2020,2020-01-01,2020-12-31
6913391,GHED_GGHE-D_pc_US_SHA2011,COUNTRY,NOR,EUR,Europe,YEAR,2022,,,,,,,,,7447.64,7447.64329586,,,,2025-12-05T13:23:08Z,2022,2022-01-01,2022-12-31
6913459,GHED_GGHE-D_pc_US_SHA2011,COUNTRY,STP,AFR,Africa,YEAR,2008,,,,,,,,,13.23,13.23108556,,,,2025-12-05T13:23:08Z,2008,2008-01-01,2008-12-31
6915970,GHED_GGHE-D_pc_US_SHA2011,COUNTRY,MAR,EMR,Eastern Mediterranean,YEAR,2011,,,,,,,,,60.30,60.30192345,,,,2025-12-05T13:23:08Z,2011,2011-01-01,2011-12-31
6919538,GHED_GGHE-D_pc_US_SHA2011,COUNTRY,PSE,EMR,Eastern Mediterranean,YEAR,2011,,,,,,,,,89.30,89.30284244,,,,2025-12-05T13:23:08Z,2011,2011-01-01,2011-12-31
6920085,GHED_GGHE-D_pc_US_SHA2011,COUNTRY,UKR,EUR,Europe,YEAR,2012,,,,,,,,,142.33,142.33256132,,,,2025-12-05T13:23:08Z,2012,2012-01-01,2012-12-31
6922967,GHED_GGHE-D_pc_US_SHA2011,COUNTRY,BIH,EUR,Europe,YEAR,2013,,,,,,,,,331.19,331.19226529,,,,2025-12-05T13:23:08Z,2013,2013-01-01,2013-12-31
6925803,GHED_GGHE-D_pc_US_SHA2011,COUNTRY,VUT,WPR,Western Pacific,YEAR,2022,,,,,,,,,54.64,54.63516748,,,,2025-12-05T13:23:08Z,2022,2022-01-01,2022-12-31
6925828,GHED_GGHE-D_pc_US_SHA2011,COUNTRY,BHR,EMR,Eastern Mediterranean,YEAR,2011,,,,,,,,,602.18,602.1758052,,,,2025-12-05T13:23:08Z,2011,2011-01-01,2011-12-31
6926921,GHED_GGHE-D_pc_US_SHA2011,REGION,SEAR,,,YEAR,2003,,,,,,,,,20.95,20.9469195,,,,2025-12-05T13:23:08Z,2003,2003-01-01,2003-12-31
6927600,GHED_GGHE-D_pc_US_SHA2011,COUNTRY,IDN,WPR,Western Pacific,YEAR,2013,,,,,,,,,29.13,29.1344458,,,,2025-12-05T13:23:08Z,2013,2013-01-01,2013-12-31
6928108,GHED_GGHE-D_pc_US_SHA2011,COUNTRY,KIR,WPR,Western Pacific,YEAR,2001,,,,,,,,,82.94,82.93934035,,,,2025-12-05T13:23:08Z,2001,2001-01-01,2001-12-31
6931425,GHED_GGHE-D_pc_US_SHA2011,COUNTRY,KOR,WPR,Western Pacific,YEAR,2014,,,,,,,,,1048.92,1048.91846667,,,,2025-12-05T13:23:08Z,2014,2014-01-01,2014-12-31
6932765,GHED_GGHE-D_pc_US_SHA2011,COUNTRY,ISR,EUR,Europe,YEAR,2014,,,,,,,,,1770.38,1770.38011456,,,,2025-12-05T13:23:08Z,2014,2014-01-01,2014-12-31
6938494,GHED_GGHE-D_pc_US_SHA2011,COUNTRY,TUV,WPR,Western Pacific,YEAR,2008,,,,,,,,,288.21,288.20739749,,,,2025-12-05T13:23:08Z,2008,2008-01-01,2008-12-31
6941861,GHED_GGHE-D_pc_US_SHA2011,COUNTRY,ARG,AMR,Americas,YEAR,2009,,,,,,,,,473.10,473.09602805,,,,2025-12-05T13:23:08Z,2009,2009-01-01,2009-12-31
6943276,GHED_GGHE-D_pc_US_SHA2011,COUNTRY,BHR,EMR,Eastern Mediterranean,YEAR,2007,,,,,,,,,435.10,435.10104685,,,,2025-12-05T13:23:08Z,2007,2007-01-01,2007-12-31
6943516,GHED_GGHE-D_pc_US_SHA2011,COUNTRY,ALB,EUR,Europe,YEAR,2000,,,,,,,,,30.47,30.46627641,,,,2025-12-05T13:23:08Z,2000,2000-01-01,2000-12-31
6945364,GHED_GGHE-D_pc_US_SHA2011,COUNTRY,BHS,AMR,Americas,YEAR,2023,,,,,,,,,1143.80,1143.8040243,,,,2025-12-05T13:23:08Z,2023,2023-01-01,2023-12-31
6947581,GHED_GGHE-D_pc_US_SHA2011,COUNTRY,IRN,EMR,Eastern Mediterranean,YEAR,2010,,,,,,,,,137.38,137.38360424,,,,2025-12-05T13:23:08Z,2010,2010-01-01,2010-12-31
6950651,GHED_GGHE-D_pc_US_SHA2011,COUNTRY,GBR,EUR,Europe,YEAR,2010,,,,,,,,,3180.15,3180.15425368,,,,2025-12-05T13:23:08Z,2010,2010-01-01,2010-12-31
6953401,GHED_GGHE-D_pc_US_SHA2011,COUNTRY,MLI,AFR,Africa,YEAR,2012,,,,,,,,,3.03,3.03417257,,,,2025-12-05T13:23:08Z,2012,2012-01-01,2012-12-31
6954556,GHED_GGHE-D_pc_US_SHA2011,WORLDBANKINCOMEGROUP,WB_UMI,,,YEAR,2014,,,,,,,,,243.23,243.23050026,,,,2025-12-05T13:23:08Z,2014,2014-01-01,2014-12-31
6958204,GHED_GGHE-D_pc_US_SHA2011,COUNTRY,PLW,WPR,Western Pacific,YEAR,2010,,,,,,,,,415.57,415.57149458,,,,2025-12-05T13:23:08Z,2010,2010-01-01,2010-12-31
6958645,GHED_GGHE-D_pc_US_SHA2011,COUNTRY,FRA,EUR,Europe,YEAR,2016,,,,,,,,,3192.10,3192.09516521,,,,2025-12-05T13:23:08Z,2016,2016-01-01,2016-12-31
6958762,GHED_GGHE-D_pc_US_SHA2011,COUNTRY,KEN,AFR,Africa,YEAR,2017,,,,,,,,,28.54,28.54007223,,,,2025-12-05T13:23:08Z,2017,2017-01-01,2017-12-31
6962091,GHED_GGHE-D_pc_US_SHA2011,COUNTRY,GIN,AFR,Africa,YEAR,2000,,,,,,,,,1.44,1.44369482,,,,2025-12-05T13:23:08Z,2000,2000-01-01,2000-12-31
6963469,GHED_GGHE-D_pc_US_SHA2011,COUNTRY,STP,AFR,Africa,YEAR,2019,,,,,,,,,43.53,43.5287584,,,,2025-12-05T13:23:08Z,2019,2019-01-01,2019-12-31
6966001,GHED_GGHE-D_pc_US_SHA2011,COUNTRY,BHR,EMR,Eastern Mediterranean,YEAR,2019,,,,,,,,,600.37,600.37062918,,,,2025-12-05T13:23:08Z,2019,2019-01-01,2019-12-31
6966253,GHED_GGHE-D_pc_US_SHA2011,COUNTRY,COM,AFR,Africa,YEAR,2001,,,,,,,,,3.64,3.639677,,,,2025-12-05T13:23:08Z,2001,2001-01-01,2001-12-31
6966354,GHED_GGHE-D_pc_US_SHA2011,COUNTRY,ZMB,AFR,Africa,YEAR,2009,,,,,,,,,18.95,18.9534015,,,,2025-12-05T13:23:08Z,2009,2009-01-01,2009-12-31
6966651,GHED_GGHE-D_pc_US_SHA2011,COUNTRY,IRQ,EMR,Eastern Mediterranean,YEAR,2003,,,,,,,,,12.21,12.21198878,,,,2025-12-05T13:23:08Z,2003,2003-01-01,2003-12-31
6968154,GHED_GGHE-D_pc_US_SHA2011,REGION,EMR,,,YEAR,2002,,,,,,,,,139.36,139.35955349,,,,2025-12-05T13:23:08Z,2002,2002-01-01,2002-12-31
6968553,GHED_GGHE-D_pc_US_SHA2011,COUNTRY,YEM,EMR,Eastern Mediterranean,YEAR,2006,,,,,,,,,13.18,13.17680825,,,,2025-12-05T13:23:08Z,2006,2006-01-01,2006-12-31
6974054,GHED_GGHE-D_pc_US_SHA2011,COUNTRY,UZB,EUR,Europe,YEAR,2006,,,,,,,,,15.41,15.40750072,,,,2025-12-05T13:23:08Z,2006,2006-01-01,2006-12-31
6974133,GHED_GGHE-D_pc_US_SHA2011,COUNTRY,SVN,EUR,Europe,YEAR,2001,,,,,,,,,582.99,582.99423936,,,,2025-12-05T13:23:08Z,2001,2001-01-01,2001-12-31
6976471,GHED_GGHE-D_pc_US_SHA2011,COUNTRY,COK,WPR,Western Pacific,YEAR,2023,,,,,,,,,949.12,949.11894433,,,,2025-12-05T13:23:08Z,2023,2023-01-01,2023-12-31
6977479,GHED_GGHE-D_pc_US_SHA2011,COUNTRY,IRQ,EMR,Eastern Mediterranean,YEAR,2007,,,,,,,,,63.76,63.76042449,,,,2025-12-05T13:23:08Z,2007,2007-01-01,2007-12-31
6980328,GHED_GGHE-D_pc_US_SHA2011,COUNTRY,GBR,EUR,Europe,YEAR,2008,,,,,,,,,3479.21,3479.20546857,,,,2025-12-05T13:23:08Z,2008,2008-01-01,2008-12-31
6980507,GHED_GGHE-D_pc_US_SHA2011,COUNTRY,POL,EUR,Europe,YEAR,2020,,,,,,,,,737.62,737.62386354,,,,2025-12-05T13:23:08Z,2020,2020-01-01,2020-12-31
6984359,GHED_GGHE-D_pc_US_SHA2011,REGION,AFR,,,YEAR,2001,,,,,,,,,22.03,22.03290519,,,,2025-12-05T13:23:08Z,2001,2001-01-01,2001-12-31
6996819,GHED_GGHE-D_pc_US_SHA2011,COUNTRY,KIR,WPR,Western Pacific,YEAR,2016,,,,,,,,,134.27,134.27176167,,,,2025-12-05T13:23:08Z,2016,2016-01-01,2016-12-31
6997085,GHED_GGHE-D_pc_US_SHA2011,COUNTRY,VNM,WPR,Western Pacific,YEAR,2021,,,,,,,,,72.61,72.61316012,,,,2025-12-05T13:23:08Z,2021,2021-01-01,2021-12-31
6998270,GHED_GGHE-D_pc_US_SHA2011,COUNTRY,BRA,AMR,Americas,YEAR,2016,,,,,,,,,348.86,348.85604514,,,,2025-12-05T13:23:08Z,2016,2016-01-01,2016-12-31
6998434,GHED_GGHE-D_pc_US_SHA2011,COUNTRY,GIN,AFR,Africa,YEAR,2001,,,,,,,,,1.65,1.65380834,,,,2025-12-05T13:23:08Z,2001,2001-01-01,2001-12-31
6998513,GHED_GGHE-D_pc_US_SHA2011,COUNTRY,NOR,EUR,Europe,YEAR,2021,,,,,,,,,7871.24,7871.24498816,,,,2025-12-05T13:23:08Z,2021,2021-01-01,2021-12-31
6998861,GHED_GGHE-D_pc_US_SHA2011,COUNTRY,ITA,EUR,Europe,YEAR,2010,,,,,,,,,2503.23,2503.23473085,,,,2025-12-05T13:23:08Z,2010,2010-01-01,2010-12-31
7002206,GHED_GGHE-D_pc_US_SHA2011,COUNTRY,CHE,EUR,Europe,YEAR,2018,,,,,,,,,3198.15,3198.14767363,,,,2025-12-05T13:23:08Z,2018,2018-01-01,2018-12-31
7008653,GHED_GGHE-D_pc_US_SHA2011,COUNTRY,BFA,AFR,Africa,YEAR,2010,,,,,,,,,8.16,8.16387231,,,,2025-12-05T13:23:08Z,2010,2010-01-01,2010-12-31
7009165,GHED_GGHE-D_pc_US_SHA2011,COUNTRY,PHL,WPR,Western Pacific,YEAR,2004,,,,,,,,,11.97,11.96873276,,,,2025-12-05T13:23:08Z,2004,2004-01-01,2004-12-31
7010195,GHED_GGHE-D_pc_US_SHA2011,COUNTRY,SDN,EMR,Eastern Mediterranean,YEAR,2018,,,,,,,,,7.89,7.88856853,,,,2025-12-05T13:23:08Z,2018,2018-01-01,2018-12-31
7013700,GHED_GGHE-D_pc_US_SHA2011,COUNTRY,KIR,WPR,Western Pacific,YEAR,2009,,,,,,,,,107.02,107.02450227,,,,2025-12-05T13:23:08Z,2009,2009-01-01,2009-12-31
7014718,GHED_GGHE-D_pc_US_SHA2011,COUNTRY,SVK,EUR,Europe,YEAR,2000,,,,,,,,,178.04,178.0445037,,,,2025-12-05T13:23:08Z,2000,2000-01-01,2000-12-31
7015568,GHED_GGHE-D_pc_US_SHA2011,COUNTRY,MOZ,AFR,Africa,YEAR,2015,,,,,,,,,10.91,10.9084789,,,,2025-12-05T13:23:08Z,2015,2015-01-01,2015-12-31
7016725,GHED_GGHE-D_pc_US_SHA2011,COUNTRY,PER,AMR,Americas,YEAR,2013,,,,,,,,,180.00,179.99733294,,,,2025-12-05T13:23:08Z,2013,2013-01-01,2013-12-31
7018202,GHED_GGHE-D_pc_US_SHA2011,COUNTRY,CRI,AMR,Americas,YEAR,2001,,,,,,,,,169.14,169.13648238,,,,2025-12-05T13:23:08Z,2001,2001-01-01,2001-12-31
7020619,GHED_GGHE-D_pc_US_SHA2011,COUNTRY,LBN,EMR,Eastern Mediterranean,YEAR,2003,,,,,,,,,126.57,126.57170084,,,,2025-12-05T13:23:08Z,2003,2003-01-01,2003-12-31
7021468,GHED_GGHE-D_pc_US_SHA2011,COUNTRY,PNG,WPR,Western Pacific,YEAR,2003,,,,,,,,,12.77,12.77299741,,,,2025-12-05T13:23:08Z,2003,2003-01-01,2003-12-31
7024036,GHED_GGHE-D_pc_US_SHA2011,COUNTRY,LBN,EMR,Eastern Mediterranean,YEAR,2018,,,,,,,,,346.01,346.01374701,,,,2025-12-05T13:23:08Z,2018,2018-01-01,2018-12-31
7024333,GHED_GGHE-D_pc_US_SHA2011,COUNTRY,LBR,AFR,Africa,YEAR,2013,,,,,,,,,2.16,2.16164337,,,,2025-12-05T13:23:08Z,2013,2013-01-01,2013-12-31
7025573,GHED_GGHE-D_pc_US_SHA2011,COUNTRY,LVA,EUR,Europe,YEAR,2006,,,,,,,,,339.86,339.86212504,,,,2025-12-05T13:23:08Z,2006,2006-01-01,2006-12-31
7026081,GHED_GGHE-D_pc_US_SHA2011,COUNTRY,TKM,EUR,Europe,YEAR,2007,,,,,,,,,68.68,68.67873039,,,,2025-12-05T13:23:08Z,2007,2007-01-01,2007-12-31
7028647,GHED_GGHE-D_pc_US_SHA2011,WORLDBANKINCOMEGROUP,WB_HI,,,YEAR,2002,,,,,,,,,893.79,893.78938906,,,,2025-12-05T13:23:08Z,2002,2002-01-01,2002-12-31
7028656,GHED_GGHE-D_pc_US_SHA2011,COUNTRY,SLB,WPR,Western Pacific,YEAR,2003,,,,,,,,,39.61,39.61460186,,,,2025-12-05T13:23:08Z,2003,2003-01-01,2003-12-31
7028701,GHED_GGHE-D_pc_US_SHA2011,COUNTRY,TKM,EUR,Europe,YEAR,2018,,,,,,,,,73.31,73.30579027,,,,2025-12-05T13:23:08Z,2018,2018-01-01,2018-12-31
7029265,GHED_GGHE-D_pc_US_SHA2011,COUNTRY,ETH,AFR,Africa,YEAR,2002,,,,,,,,,2.27,2.27421536,,,,2025-12-05T13:23:08Z,2002,2002-01-01,2002-12-31
7036210,GHED_GGHE-D_pc_US_SHA2011,COUNTRY,THA,SEAR,South-East Asia,YEAR,2007,,,,,,,,,94.60,94.59549825,,,,2025-12-05T13:23:08Z,2007,2007-01-01,2007-12-31
7036767,GHED_GGHE-D_pc_US_SHA2011,COUNTRY,IRL,EUR,Europe,YEAR,2006,,,,,,,,,3227.52,3227.51968658,,,,2025-12-05T13:23:08Z,2006,2006-01-01,2006-12-31
7036974,GHED_GGHE-D_pc_US_SHA2011,COUNTRY,VUT,WPR,Western Pacific,YEAR,2011,,,,,,,,,74.69,74.6900004,,,,2025-12-05T13:23:08Z,2011,2011-01-01,2011-12-31
7038891,GHED_GGHE-D_pc_US_SHA2011,COUNTRY,COD,AFR,Africa,YEAR,2006,,,,,,,,,0.54,0.5396442,,,,2025-12-05T13:23:08Z,2006,2006-01-01,2006-12-31
7039504,GHED_GGHE-D_pc_US_SHA2011,REGION,AFR,,,YEAR,2013,,,,,,,,,60.88,60.87906426,,,,2025-12-05T13:23:08Z,2013,2013-01-01,2013-12-31
7042439,GHED_GGHE-D_pc_US_SHA2011,COUNTRY,ATG,AMR,Americas,YEAR,2000,,,,,,,,,300.87,300.87047954,,,,2025-12-05T13:23:08Z,2000,2000-01-01,2000-12-31
7042482,GHED_GGHE-D_pc_US_SHA2011,COUNTRY,CZE,EUR,Europe,YEAR,2005,,,,,,,,,726.68,726.68378866,,,,2025-12-05T13:23:08Z,2005,2005-01-01,2005-12-31
7044661,GHED_GGHE-D_pc_US_SHA2011,COUNTRY,MWI,AFR,Africa,YEAR,2001,,,,,,,,,3.01,3.01497628,,,,2025-12-05T13:23:08Z,2001,2001-01-01,2001-12-31
7048500,GHED_GGHE-D_pc_US_SHA2011,COUNTRY,IRL,EUR,Europe,YEAR,2008,,,,,,,,,4472.76,4472.76311394,,,,2025-12-05T13:23:08Z,2008,2008-01-01,2008-12-31
7049342,GHED_GGHE-D_pc_US_SHA2011,COUNTRY,AZE,EUR,Europe,YEAR,2004,,,,,,,,,8.81,8.80982186,,,,2025-12-05T13:23:08Z,2004,2004-01-01,2004-12-31
7051723,GHED_GGHE-D_pc_US_SHA2011,COUNTRY,FSM,WPR,Western Pacific,YEAR,2014,,,,,,,,,58.89,58.88980793,,,,2025-12-05T13:23:08Z,2014,2014-01-01,2014-12-31
7056457,GHED_GGHE-D_pc_US_SHA2011,COUNTRY,CMR,AFR,Africa,YEAR,2004,,,,,,,,,8.00,7.9964917,,,,2025-12-05T13:23:08Z,2004,2004-01-01,2004-12-31
7061027,GHED_GGHE-D_pc_US_SHA2011,COUNTRY,MEX,AMR,Americas,YEAR,2008,,,,,,,,,263.14,263.13584656,,,,2025-12-05T13:23:08Z,2008,2008-01-01,2008-12-31
7065524,GHED_GGHE-D_pc_US_SHA2011,COUNTRY,TON,WPR,Western Pacific,YEAR,2005,,,,,,,,,64.49,64.48823346,,,,2025-12-05T13:23:08Z,2005,2005-01-01,2005-12-31
7066686,GHED_GGHE-D_pc_US_SHA2011,COUNTRY,ETH,AFR,Africa,YEAR,2013,,,,,,,,,5.20,5.19927014,,,,2025-12-05T13:23:08Z,2013,2013-01-01,2013-12-31
7070826,GHED_GGHE-D_pc_US_SHA2011,COUNTRY,DMA,AMR,Americas,YEAR,2004,,,,,,,,,137.56,137.56195699,,,,2025-12-05T13:23:08Z,2004,2004-01-01,2004-12-31
7073372,GHED_GGHE-D_pc_US_SHA2011,COUNTRY,CPV,AFR,Africa,YEAR,2010,,,,,,,,,92.37,92.36904474,,,,2025-12-05T13:23:08Z,2010,2010-01-01,2010-12-31
7079310,GHED_GGHE-D_pc_US_SHA2011,COUNTRY,TUN,EMR,Eastern Mediterranean,YEAR,2011,,,,,,,,,152.70,152.69720838,,,,2025-12-05T13:23:08Z,2011,2011-01-01,2011-12-31
7079889,GHED_GGHE-D_pc_US_SHA2011,COUNTRY,EGY,EMR,Eastern Mediterranean,YEAR,2017,,,,,,,,,32.83,32.83118329,,,,2025-12-05T13:23:08Z,2017,2017-01-01,2017-12-31
7079990,GHED_GGHE-D_pc_US_SHA2011,COUNTRY,MKD,EUR,Europe,YEAR,2000,,,,,,,,,86.43,86.42501068,,,,2025-12-05T13:23:08Z,2000,2000-01-01,2000-12-31
7080849,GHED_GGHE-D_pc_US_SHA2011,COUNTRY,SMR,EUR,Europe,YEAR,2021,,,,,,,,,3554.95,3554.94670492,,,,2025-12-05T13:23:08Z,2021,2021-01-01,2021-12-31
7085570,GHED_GGHE-D_pc_US_SHA2011,COUNTRY,FRA,EUR,Europe,YEAR,2003,,,,,,,,,2183.64,2183.64314549,,,,2025-12-05T13:23:08Z,2003,2003-01-01,2003-12-31
7087367,GHED_GGHE-D_pc_US_SHA2011,COUNTRY,BIH,EUR,Europe,YEAR,2023,,,,,,,,,520.09,520.09468993,,,,2025-12-05T13:23:08Z,2023,2023-01-01,2023-12-31
7089652,GHED_GGHE-D_pc_US_SHA2011,COUNTRY,USA,AMR,Americas,YEAR,2022,,,,,,,,,6944.46,6944.45576417,,,,2025-12-05T13:23:08Z,2022,2022-01-01,2022-12-31
7099630,GHED_GGHE-D_pc_US_SHA2011,COUNTRY,KOR,WPR,Western Pacific,YEAR,2001,,,,,,,,,272.56,272.55635343,,,,2025-12-05T13:23:08Z,2001,2001-01-01,2001-12-31
7099753,GHED_GGHE-D_pc_US_SHA2011,COUNTRY,BEL,EUR,Europe,YEAR,2003,,,,,,,,,2085.49,2085.49441037,,,,2025-12-05T13:23:08Z,2003,2003-01-01,2003-12-31
7100704,GHED_GGHE-D_pc_US_SHA2011,COUNTRY,HRV,EUR,Europe,YEAR,2009,,,,,,,,,983.48,983.4791201,,,,2025-12-05T13:23:08Z,2009,2009-01-01,2009-12-31
7101962,GHED_GGHE-D_pc_US_SHA2011,COUNTRY,ARM,EUR,Europe,YEAR,2003,,,,,,,,,11.14,11.14312379,,,,2025-12-05T13:23:08Z,2003,2003-01-01,2003-12-31
7102970,GHED_GGHE-D_pc_US_SHA2011,COUNTRY,CHE,EUR,Europe,YEAR,2005,,,,,,,,,1757.68,1757.68192247,,,,2025-12-05T13:23:08Z,2005,2005-01-01,2005-12-31
7107275,GHED_GGHE-D_pc_US_SHA2011,COUNTRY,ARE,EMR,Eastern Mediterranean,YEAR,2012,,,,,,,,,1241.52,1241.52078625,,,,2025-12-05T13:23:08Z,2012,2012-01-01,2012-12-31
7107994,GHED_GGHE-D_pc_US_SHA2011,COUNTRY,SYC,AFR,Africa,YEAR,2022,,,,,,,,,482.32,482.32263458,,,,2025-12-05T13:23:08Z,2022,2022-01-01,2022-12-31
7108483,GHED_GGHE-D_pc_US_SHA2011,COUNTRY,FJI,WPR,Western Pacific,YEAR,2020,,,,,,,,,145.33,145.33445184,,,,2025-12-05T13:23:08Z,2020,2020-01-01,2020-12-31
7110486,GHED_GGHE-D_pc_US_SHA2011,COUNTRY,GRC,EUR,Europe,YEAR,2007,,,,,,,,,1537.01,1537.00647527,,,,2025-12-05T13:23:08Z,2007,2007-01-01,2007-12-31
7114461,GHED_GGHE-D_pc_US_SHA2011,COUNTRY,GBR,EUR,Europe,YEAR,2007,,,,,,,,,3552.01,3552.00832191,,,,2025-12-05T13:23:08Z,2007,2007-01-01,2007-12-31
7118408,GHED_GGHE-D_pc_US_SHA2011,COUNTRY,AZE,EUR,Europe,YEAR,2015,,,,,,,,,71.03,71.03499415,,,,2025-12-05T13:23:08Z,2015,2015-01-01,2015-12-31
7118785,GHED_GGHE-D_pc_US_SHA2011,COUNTRY,NAM,AFR,Africa,YEAR,2022,,,,,,,,,252.56,252.55717181,,,,2025-12-05T13:23:08Z,2022,2022-01-01,2022-12-31
7120957,GHED_GGHE-D_pc_US_SHA2011,COUNTRY,TKM,EUR,Europe,YEAR,2002,,,,,,,,,44.35,44.35266042,,,,2025-12-05T13:23:08Z,2002,2002-01-01,2002-12-31
7122143,GHED_GGHE-D_pc_US_SHA2011,COUNTRY,SWZ,AFR,Africa,YEAR,2022,,,,,,,,,127.50,127.50130835,,,,2025-12-05T13:23:08Z,2022,2022-01-01,2022-12-31
7122383,GHED_GGHE-D_pc_US_SHA2011,COUNTRY,IND,SEAR,South-East Asia,YEAR,2006,,,,,,,,,6.02,6.02389091,,,,2025-12-05T13:23:08Z,2006,2006-01-01,2006-12-31
7129428,GHED_GGHE-D_pc_US_SHA2011,COUNTRY,HND,AMR,Americas,YEAR,2002,,,,,,,,,28.77,28.76696883,,,,2025-12-05T13:23:08Z,2002,2002-01-01,2002-12-31
7132083,GHED_GGHE-D_pc_US_SHA2011,COUNTRY,FIN,EUR,Europe,YEAR,2011,,,,,,,,,3734.67,3734.66854441,,,,2025-12-05T13:23:08Z,2011,2011-01-01,2011-12-31
7133314,GHED_GGHE-D_pc_US_SHA2011,COUNTRY,KWT,EMR,Eastern Mediterranean,YEAR,2017,,,,,,,,,1158.55,1158.55218715,,,,2025-12-05T13:23:08Z,2017,2017-01-01,2017-12-31
7134124,GHED_GGHE-D_pc_US_SHA2011,COUNTRY,GTM,AMR,Americas,YEAR,2022,,,,,,,,,132.50,132.49639616,,,,2025-12-05T13:23:08Z,2022,2022-01-01,2022-12-31
7134719,GHED_GGHE-D_pc_US_SHA2011,COUNTRY,ROU,EUR,Europe,YEAR,2008,,,,,,,,,422.76,422.75919666,,,,2025-12-05T13:23:08Z,2008,2008-01-01,2008-12-31
7137700,GHED_GGHE-D_pc_US_SHA2011,COUNTRY,HUN,EUR,Europe,YEAR,2016,,,,,,,,,622.23,622.22798205,,,,2025-12-05T13:23:08Z,2016,2016-01-01,2016-12-31
7137971,GHED_GGHE-D_pc_US_SHA2011,COUNTRY,MDA,EUR,Europe,YEAR,2003,,,,,,,,,17.59,17.59301958,,,,2025-12-05T13:23:08Z,2003,2003-01-01,2003-12-31
7141620,GHED_GGHE-D_pc_US_SHA2011,COUNTRY,GIN,AFR,Africa,YEAR,2002,,,,,,,,,2.97,2.96833681,,,,2025-12-05T13:23:08Z,2002,2002-01-01,2002-12-31
7144341,GHED_GGHE-D_pc_US_SHA2011,COUNTRY,KOR,WPR,Western Pacific,YEAR,2011,,,,,,,,,856.58,856.57813633,,,,2025-12-05T13:23:08Z,2011,2011-01-01,2011-12-31
7146457,GHED_GGHE-D_pc_US_SHA2011,COUNTRY,NPL,SEAR,South-East Asia,YEAR,2020,,,,,,,,,17.76,17.75511182,,,,2025-12-05T13:23:08Z,2020,2020-01-01,2020-12-31
7149050,GHED_GGHE-D_pc_US_SHA2011,COUNTRY,VNM,WPR,Western Pacific,YEAR,2010,,,,,,,,,34.36,34.35888588,,,,2025-12-05T13:23:08Z,2010,2010-01-01,2010-12-31
7150902,GHED_GGHE-D_pc_US_SHA2011,COUNTRY,BLR,EUR,Europe,YEAR,2011,,,,,,,,,201.37,201.3683102,,,,2025-12-05T13:23:08Z,2011,2011-01-01,2011-12-31
7152444,GHED_GGHE-D_pc_US_SHA2011,COUNTRY,NIC,AMR,Americas,YEAR,2010,,,,,,,,,54.26,54.26436574,,,,2025-12-05T13:23:08Z,2010,2010-01-01,2010-12-31
7155385,GHED_GGHE-D_pc_US_SHA2011,COUNTRY,BHS,AMR,Americas,YEAR,2010,,,,,,,,,650.93,650.93151439,,,,2025-12-05T13:23:08Z,2010,2010-01-01,2010-12-31
7156977,GHED_GGHE-D_pc_US_SHA2011,COUNTRY,CUB,AMR,Americas,YEAR,2002,,,,,,,,,172.13,172.132777,,,,2025-12-05T13:23:08Z,2002,2002-01-01,2002-12-31
7158147,GHED_GGHE-D_pc_US_SHA2011,COUNTRY,NLD,EUR,Europe,YEAR,2010,,,,,,,,,3552.12,3552.12314838,,,,2025-12-05T13:23:08Z,2010,2010-01-01,2010-12-31
7160140,GHED_GGHE-D_pc_US_SHA2011,COUNTRY,ITA,EUR,Europe,YEAR,2013,,,,,,,,,2360.60,2360.59980159,,,,2025-12-05T13:23:08Z,2013,2013-01-01,2013-12-31
7160162,GHED_GGHE-D_pc_US_SHA2011,COUNTRY,UKR,EUR,Europe,YEAR,2021,,,,,,,,,192.81,192.80544005,,,,2025-12-05T13:23:08Z,2021,2021-01-01,2021-12-31
7160848,GHED_GGHE-D_pc_US_SHA2011,COUNTRY,MLI,AFR,Africa,YEAR,2017,,,,,,,,,9.13,9.13188526,,,,2025-12-05T13:23:08Z,2017,2017-01-01,2017-12-31
7162479,GHED_GGHE-D_pc_US_SHA2011,COUNTRY,CUB,AMR,Americas,YEAR,2017,,,,,,,,,881.34,881.34265741,,,,2025-12-05T13:23:08Z,2017,2017-01-01,2017-12-31
7162986,GHED_GGHE-D_pc_US_SHA2011,COUNTRY,STP,AFR,Africa,YEAR,2011,,,,,,,,,28.25,28.25323918,,,,2025-12-05T13:23:08Z,2011,2011-01-01,2011-12-31
7165883,GHED_GGHE-D_pc_US_SHA2011,COUNTRY,BGD,SEAR,South-East Asia,YEAR,2018,,,,,,,,,9.39,9.39170455,,,,2025-12-05T13:23:08Z,2018,2018-01-01,2018-12-31
7169178,GHED_GGHE-D_pc_US_SHA2011,COUNTRY,ALB,EUR,Europe,YEAR,2022,,,,,,,,,250.70,250.70115568,,,,2025-12-05T13:23:08Z,2022,2022-01-01,2022-12-31
7169290,GHED_GGHE-D_pc_US_SHA2011,COUNTRY,AGO,AFR,Africa,YEAR,2016,,,,,,,,,41.50,41.49649962,,,,2025-12-05T13:23:08Z,2016,2016-01-01,2016-12-31
7170568,GHED_GGHE-D_pc_US_SHA2011,COUNTRY,NLD,EUR,Europe,YEAR,2013,,,,,,,,,3817.92,3817.92216601,,,,2025-12-05T13:23:08Z,2013,2013-01-01,2013-12-31
7171410,GHED_GGHE-D_pc_US_SHA2011,COUNTRY,KEN,AFR,Africa,YEAR,2004,,,,,,,,,7.09,7.088611,,,,2025-12-05T13:23:08Z,2004,2004-01-01,2004-12-31
7171834,GHED_GGHE-D_pc_US_SHA2011,COUNTRY,CHL,AMR,Americas,YEAR,2011,,,,,,,,,464.24,464.24057547,,,,2025-12-05T13:23:08Z,2011,2011-01-01,2011-12-31
7172663,GHED_GGHE-D_pc_US_SHA2011,COUNTRY,SVK,EUR,Europe,YEAR,2007,,,,,,,,,707.33,707.33320417,,,,2025-12-05T13:23:08Z,2007,2007-01-01,2007-12-31
7177409,GHED_GGHE-D_pc_US_SHA2011,COUNTRY,PSE,EMR,Eastern Mediterranean,YEAR,2018,,,,,,,,,95.63,95.62992562,,,,2025-12-05T13:23:08Z,2018,2018-01-01,2018-12-31
7177603,GHED_GGHE-D_pc_US_SHA2011,COUNTRY,CUB,AMR,Americas,YEAR,2016,,,,,,,,,887.94,887.94128219,,,,2025-12-05T13:23:08Z,2016,2016-01-01,2016-12-31
7184252,GHED_GGHE-D_pc_US_SHA2011,COUNTRY,BLZ,AMR,Americas,YEAR,2019,,,,,,,,,205.17,205.17323733,,,,2025-12-05T13:23:08Z,2019,2019-01-01,2019-12-31
7185585,GHED_GGHE-D_pc_US_SHA2011,COUNTRY,BHR,EMR,Eastern Mediterranean,YEAR,2022,,,,,,,,,720.95,720.94673098,,,,2025-12-05T13:23:08Z,2022,2022-01-01,2022-12-31
7186390,GHED_GGHE-D_pc_US_SHA2011,COUNTRY,SAU,EMR,Eastern Mediterranean,YEAR,2023,,,,,,,,,1419.44,1419.43889462,,,,2025-12-05T13:23:08Z,2023,2023-01-01,2023-12-31
7186859,GHED_GGHE-D_pc_US_SHA2011,COUNTRY,DEU,EUR,Europe,YEAR,2011,,,,,,,,,3801.46,3801.45593592,,,,2025-12-05T13:23:08Z,2011,2011-01-01,2011-12-31
7188910,GHED_GGHE-D_pc_US_SHA2011,COUNTRY,COG,AFR,Africa,YEAR,2018,,,,,,,,,16.71,16.71232748,,,,2025-12-05T13:23:08Z,2018,2018-01-01,2018-12-31
7192699,GHED_GGHE-D_pc_US_SHA2011,COUNTRY,DMA,AMR,Americas,YEAR,2019,,,,,,,,,300.15,300.15431803,,,,2025-12-05T13:23:08Z,2019,2019-01-01,2019-12-31
7192937,GHED_GGHE-D_pc_US_SHA2011,COUNTRY,BHS,AMR,Americas,YEAR,2003,,,,,,,,,430.39,430.38549501,,,,2025-12-05T13:23:08Z,2003,2003-01-01,2003-12-31
7200480,GHED_GGHE-D_pc_US_SHA2011,COUNTRY,BRB,AMR,Americas,YEAR,2002,,,,,,,,,368.89,368.88900656,,,,2025-12-05T13:23:08Z,2002,2002-01-01,2002-12-31
7202975,GHED_GGHE-D_pc_US_SHA2011,COUNTRY,FRA,EUR,Europe,YEAR,2014,,,,,,,,,3493.96,3493.96311431,,,,2025-12-05T13:23:08Z,2014,2014-01-01,2014-12-31
7205702,GHED_GGHE-D_pc_US_SHA2011,COUNTRY,AZE,EUR,Europe,YEAR,2018,,,,,,,,,41.70,41.70082716,,,,2025-12-05T13:23:08Z,2018,2018-01-01,2018-12-31
7206391,GHED_GGHE-D_pc_US_SHA2011,COUNTRY,SVK,EUR,Europe,YEAR,2014,,,,,,,,,1022.89,1022.89493017,,,,2025-12-05T13:23:08Z,2014,2014-01-01,2014-12-31
7208352,GHED_GGHE-D_pc_US_SHA2011,COUNTRY,BEL,EUR,Europe,YEAR,2002,,,,,,,,,1536.92,1536.92386402,,,,2025-12-05T13:23:08Z,2002,2002-01-01,2002-12-31
7208995,GHED_GGHE-D_pc_US_SHA2011,COUNTRY,MHL,WPR,Western Pacific,YEAR,2004,,,,,,,,,148.48,148.48393269,,,,2025-12-05T13:23:08Z,2004,2004-01-01,2004-12-31
7210383,GHED_GGHE-D_pc_US_SHA2011,COUNTRY,LIE,EUR,Europe,YEAR,2019,,,,,,,,,6296.26,6296.26084606,,,,2025-12-05T13:23:08Z,2019,2019-01-01,2019-12-31
7211628,GHED_GGHE-D_pc_US_SHA2011,COUNTRY,MNG,WPR,Western Pacific,YEAR,2020,,,,,,,,,103.94,103.93992468,,,,2025-12-05T13:23:08Z,2020,2020-01-01,2020-12-31
7211871,GHED_GGHE-D_pc_US_SHA2011,COUNTRY,EST,EUR,Europe,YEAR,2010,,,,,,,,,709.19,709.1854657,,,,2025-12-05T13:23:08Z,2010,2010-01-01,2010-12-31
7213613,GHED_GGHE-D_pc_US_SHA2011,COUNTRY,YEM,EMR,Eastern Mediterranean,YEAR,2005,,,,,,,,,12.17,12.16673397,,,,2025-12-05T13:23:08Z,2005,2005-01-01,2005-12-31
7219048,GHED_GGHE-D_pc_US_SHA2011,COUNTRY,ZAF,AFR,Africa,YEAR,2017,,,,,,,,,301.92,301.91560518,,,,2025-12-05T13:23:08Z,2017,2017-01-01,2017-12-31
7222911,GHED_GGHE-D_pc_US_SHA2011,COUNTRY,BRA,AMR,Americas,YEAR,2012,,,,,,,,,420.06,420.05788202,,,,2025-12-05T13:23:08Z,2012,2012-01-01,2012-12-31
7224094,GHED_GGHE-D_pc_US_SHA2011,COUNTRY,DJI,EMR,Eastern Mediterranean,YEAR,2016,,,,,,,,,33.37,33.36855742,,,,2025-12-05T13:23:08Z,2016,2016-01-01,2016-12-31
7224892,GHED_GGHE-D_pc_US_SHA2011,COUNTRY,WSM,WPR,Western Pacific,YEAR,2019,,,,,,,,,185.95,185.95301029,,,,2025-12-05T13:23:08Z,2019,2019-01-01,2019-12-31
7229075,GHED_GGHE-D_pc_US_SHA2011,COUNTRY,LBY,EMR,Eastern Mediterranean,YEAR,2005,,,,,,,,,135.69,135.69332399,,,,2025-12-05T13:23:08Z,2005,2005-01-01,2005-12-31
7229681,GHED_GGHE-D_pc_US_SHA2011,COUNTRY,ARE,EMR,Eastern Mediterranean,YEAR,2008,,,,,,,,,936.81,936.81406947,,,,2025-12-05T13:23:08Z,2008,2008-01-01,2008-12-31
7232194,GHED_GGHE-D_pc_US_SHA2011,COUNTRY,GRC,EUR,Europe,YEAR,2001,,,,,,,,,635.11,635.10747114,,,,2025-12-05T13:23:08Z,2001,2001-01-01,2001-12-31
7233836,GHED_GGHE-D_pc_US_SHA2011,COUNTRY,MEX,AMR,Americas,YEAR,2015,,,,,,,,,289.15,289.14772386,,,,2025-12-05T13:23:08Z,2015,2015-01-01,2015-12-31
7234526,GHED_GGHE-D_pc_US_SHA2011,COUNTRY,MYS,WPR,Western Pacific,YEAR,2000,,,,,,,,,52.18,52.18056238,,,,2025-12-05T13:23:08Z,2000,2000-01-01,2000-12-31
7235715,GHED_GGHE-D_pc_US_SHA2011,COUNTRY,KNA,AMR,Americas,YEAR,2020,,,,,,,,,575.04,575.03849829,,,,2025-12-05T13:23:08Z,2020,2020-01-01,2020-12-31
7235797,GHED_GGHE-D_pc_US_SHA2011,COUNTRY,GNQ,AFR,Africa,YEAR,2019,,,,,,,,,54.78,54.77774925,,,,2025-12-05T13:23:08Z,2019,2019-01-01,2019-12-31
7236429,GHED_GGHE-D_pc_US_SHA2011,COUNTRY,BFA,AFR,Africa,YEAR,2015,,,,,,,,,9.18,9.17579828,,,,2025-12-05T13:23:08Z,2015,2015-01-01,2015-12-31
7236959,GHED_GGHE-D_pc_US_SHA2011,COUNTRY,MKD,EUR,Europe,YEAR,2007,,,,,,,,,161.87,161.86600165,,,,2025-12-05T13:23:08Z,2007,2007-01-01,2007-12-31
7237279,GHED_GGHE-D_pc_US_SHA2011,COUNTRY,AFG,EMR,Eastern Mediterranean,YEAR,2022,,,,,,,,,0.63,0.63391294,,,,2025-12-05T13:23:08Z,2022,2022-01-01,2022-12-31
7237844,GHED_GGHE-D_pc_US_SHA2011,COUNTRY,COM,AFR,Africa,YEAR,2005,,,,,,,,,7.68,7.67737513,,,,2025-12-05T13:23:08Z,2005,2005-01-01,2005-12-31
7239476,GHED_GGHE-D_pc_US_SHA2011,COUNTRY,HRV,EUR,Europe,YEAR,2000,,,,,,,,,328.01,328.0131546,,,,2025-12-05T13:23:08Z,2000,2000-01-01,2000-12-31
7241792,GHED_GGHE-D_pc_US_SHA2011,COUNTRY,FSM,WPR,Western Pacific,YEAR,2020,,,,,,,,,59.30,59.30484193,,,,2025-12-05T13:23:08Z,2020,2020-01-01,2020-12-31
7245066,GHED_GGHE-D_pc_US_SHA2011,COUNTRY,LIE,EUR,Europe,YEAR,2016,,,,,,,,,6300.74,6300.73769505,,,,2025-12-05T13:23:08Z,2016,2016-01-01,2016-12-31
7245194,GHED_GGHE-D_pc_US_SHA2011,COUNTRY,UGA,AFR,Africa,YEAR,2010,,,,,,,,,8.36,8.36115907,,,,2025-12-05T13:23:08Z,2010,2010-01-01,2010-12-31
7248639,GHED_GGHE-D_pc_US_SHA2011,COUNTRY,NIU,WPR,Western Pacific,YEAR,2005,,,,,,,,,608.13,608.13026907,,,,2025-12-05T13:23:08Z,2005,2005-01-01,2005-12-31
7248756,GHED_GGHE-D_pc_US_SHA2011,COUNTRY,MMR,SEAR,South-East Asia,YEAR,2013,,,,,,,,,7.11,7.1128767,,,,2025-12-05T13:23:08Z,2013,2013-01-01,2013-12-31
7256044,GHED_GGHE-D_pc_US_SHA2011,COUNTRY,PRT,EUR,Europe,YEAR,2019,,,,,,,,,1342.83,1342.82867559,,,,2025-12-05T13:23:08Z,2019,2019-01-01,2019-12-31
7259211,GHED_GGHE-D_pc_US_SHA2011,COUNTRY,COM,AFR,Africa,YEAR,2014,,,,,,,,,8.97,8.96585132,,,,2025-12-05T13:23:08Z,2014,2014-01-01,2014-12-31
7259474,GHED_GGHE-D_pc_US_SHA2011,COUNTRY,KGZ,EUR,Europe,YEAR,2009,,,,,,,,,30.24,30.24223317,,,,2025-12-05T13:23:08Z,2009,2009-01-01,2009-12-31
7262037,GHED_GGHE-D_pc_US_SHA2011,COUNTRY,GIN,AFR,Africa,YEAR,2004,,,,,,,,,1.34,1.33633442,,,,2025-12-05T13:23:08Z,2004,2004-01-01,2004-12-31
7262970,GHED_GGHE-D_pc_US_SHA2011,COUNTRY,SLB,WPR,Western Pacific,YEAR,2011,,,,,,,,,54.51,54.51190936,,,,2025-12-05T13:23:08Z,2011,2011-01-01,2011-12-31
7263754,GHED_GGHE-D_pc_US_SHA2011,COUNTRY,BGR,EUR,Europe,YEAR,2022,,,,,,,,,667.20,667.20066801,,,,2025-12-05T13:23:08Z,2022,2022-01-01,2022-12-31
7264579,GHED_GGHE-D_pc_US_SHA2011,COUNTRY,FRA,EUR,Europe,YEAR,2015,,,,,,,,,3026.14,3026.14036622,,,,2025-12-05T13:23:08Z,2015,2015-01-01,2015-12-31
7265019,GHED_GGHE-D_pc_US_SHA2011,COUNTRY,JPN,WPR,Western Pacific,YEAR,2009,,,,,,,,,3005.11,3005.10773078,,,,2025-12-05T13:23:08Z,2009,2009-01-01,2009-12-31
7267203,GHED_GGHE-D_pc_US_SHA2011,COUNTRY,KGZ,EUR,Europe,YEAR,2003,,,,,,,,,8.44,8.44136694,,,,2025-12-05T13:23:08Z,2003,2003-01-01,2003-12-31
7268365,GHED_GGHE-D_pc_US_SHA2011,COUNTRY,PNG,WPR,Western Pacific,YEAR,2016,,,,,,,,,38.87,38.86814186,,,,2025-12-05T13:23:08Z,2016,2016-01-01,2016-12-31
7269511,GHED_GGHE-D_pc_US_SHA2011,COUNTRY,KWT,EMR,Eastern Mediterranean,YEAR,2003,,,,,,,,,481.62,481.62373656,,,,2025-12-05T13:23:08Z,2003,2003-01-01,2003-12-31
7270400,GHED_GGHE-D_pc_US_SHA2011,COUNTRY,DEU,EUR,Europe,YEAR,2007,,,,,,,,,3145.24,3145.23697223,,,,2025-12-05T13:23:08Z,2007,2007-01-01,2007-12-31
7272479,GHED_GGHE-D_pc_US_SHA2011,COUNTRY,ISR,EUR,Europe,YEAR,2013,,,,,,,,,1695.39,1695.39240616,,,,2025-12-05T13:23:08Z,2013,2013-01-01,2013-12-31
7272632,GHED_GGHE-D_pc_US_SHA2011,COUNTRY,PRT,EUR,Europe,YEAR,2011,,,,,,,,,1455.23,1455.22582242,,,,2025-12-05T13:23:08Z,2011,2011-01-01,2011-12-31
7274509,GHED_GGHE-D_pc_US_SHA2011,COUNTRY,DMA,AMR,Americas,YEAR,2012,,,,,,,,,244.70,244.69852299,,,,2025-12-05T13:23:08Z,2012,2012-01-01,2012-12-31
7275692,GHED_GGHE-D_pc_US_SHA2011,COUNTRY,DZA,AFR,Africa,YEAR,2004,,,,,,,,,66.14,66.13586817,,,,2025-12-05T13:23:08Z,2004,2004-01-01,2004-12-31
7276578,GHED_GGHE-D_pc_US_SHA2011,COUNTRY,THA,SEAR,South-East Asia,YEAR,2010,,,,,,,,,124.39,124.39438599,,,,2025-12-05T13:23:08Z,2010,2010-01-01,2010-12-31
7276807,GHED_GGHE-D_pc_US_SHA2011,COUNTRY,PRT,EUR,Europe,YEAR,2004,,,,,,,,,1216.33,1216.32892542,,,,2025-12-05T13:23:08Z,2004,2004-01-01,2004-12-31
7278910,GHED_GGHE-D_pc_US_SHA2011,COUNTRY,ARM,EUR,Europe,YEAR,2011,,,,,,,,,58.04,58.03911051,,,,2025-12-05T13:23:08Z,2011,2011-01-01,2011-12-31
7280842,GHED_GGHE-D_pc_US_SHA2011,COUNTRY,SVK,EUR,Europe,YEAR,2005,,,,,,,,,451.80,451.79789437,,,,2025-12-05T13:23:08Z,2005,2005-01-01,2005-12-31
7281674,GHED_GGHE-D_pc_US_SHA2011,COUNTRY,NZL,WPR,Western Pacific,YEAR,2004,,,,,,,,,1526.86,1526.86281661,,,,2025-12-05T13:23:08Z,2004,2004-01-01,2004-12-31
7282306,GHED_GGHE-D_pc_US_SHA2011,COUNTRY,DMA,AMR,Americas,YEAR,2015,,,,,,,,,249.80,249.80269532,,,,2025-12-05T13:23:08Z,2015,2015-01-01,2015-12-31
7286793,GHED_GGHE-D_pc_US_SHA2011,COUNTRY,SDN,EMR,Eastern Mediterranean,YEAR,2002,,,,,,,,,5.71,5.7139129,,,,2025-12-05T13:23:08Z,2002,2002-01-01,2002-12-31
7288036,GHED_GGHE-D_pc_US_SHA2011,COUNTRY,AUS,WPR,Western Pacific,YEAR,2000,,,,,,,,,1168.59,1168.58582352,,,,2025-12-05T13:23:08Z,2000,2000-01-01,2000-12-31
7292440,GHED_GGHE-D_pc_US_SHA2011,COUNTRY,BRA,AMR,Americas,YEAR,2004,,,,,,,,,127.02,127.02191701,,,,2025-12-05T13:23:08Z,2004,2004-01-01,2004-12-31
7292899,GHED_GGHE-D_pc_US_SHA2011,COUNTRY,KWT,EMR,Eastern Mediterranean,YEAR,2010,,,,,,,,,884.46,884.45843716,,,,2025-12-05T13:23:08Z,2010,2010-01-01,2010-12-31
7297031,GHED_GGHE-D_pc_US_SHA2011,COUNTRY,NGA,AFR,Africa,YEAR,2011,,,,,,,,,11.58,11.58286836,,,,2025-12-05T13:23:08Z,2011,2011-01-01,2011-12-31
7297385,GHED_GGHE-D_pc_US_SHA2011,COUNTRY,BLR,EUR,Europe,YEAR,2012,,,,,,,,,239.04,239.03829472,,,,2025-12-05T13:23:08Z,2012,2012-01-01,2012-12-31
7297686,GHED_GGHE-D_pc_US_SHA2011,COUNTRY,MHL,WPR,Western Pacific,YEAR,2018,,,,,,,,,316.20,316.2011262,,,,2025-12-05T13:23:08Z,2018,2018-01-01,2018-12-31
7298591,GHED_GGHE-D_pc_US_SHA2011,COUNTRY,PHL,WPR,Western Pacific,YEAR,2023,,,,,,,,,82.27,82.26637722,,,,2025-12-05T13:23:08Z,2023,2023-01-01,2023-12-31
7298680,GHED_GGHE-D_pc_US_SHA2011,COUNTRY,CYP,EUR,Europe,YEAR,2019,,,,,,,,,1115.48,1115.48316185,,,,2025-12-05T13:23:08Z,2019,2019-01-01,2019-12-31
7302099,GHED_GGHE-D_pc_US_SHA2011,COUNTRY,NIU,WPR,Western Pacific,YEAR,2020,,,,,,,,,994.34,994.34291406,,,,2025-12-05T13:23:08Z,2020,2020-01-01,2020-12-31
7302624,GHED_GGHE-D_pc_US_SHA2011,COUNTRY,PAK,EMR,Eastern Mediterranean,YEAR,2005,,,,,,,,,4.25,4.25438089,,,,2025-12-05T13:23:08Z,2005,2005-01-01,2005-12-31
7303884,GHED_GGHE-D_pc_US_SHA2011,COUNTRY,YEM,EMR,Eastern Mediterranean,YEAR,2010,,,,,,,,,13.43,13.42543135,,,,2025-12-05T13:23:08Z,2010,2010-01-01,2010-12-31
7308164,GHED_GGHE-D_pc_US_SHA2011,COUNTRY,GRC,EUR,Europe,YEAR,2004,,,,,,,,,1045.12,1045.11512219,,,,2025-12-05T13:23:08Z,2004,2004-01-01,2004-12-31
7308674,GHED_GGHE-D_pc_US_SHA2011,COUNTRY,MDV,SEAR,South-East Asia,YEAR,2008,,,,,,,,,432.30,432.30158383,,,,2025-12-05T13:23:08Z,2008,2008-01-01,2008-12-31
7319037,GHED_GGHE-D_pc_US_SHA2011,COUNTRY,ISL,EUR,Europe,YEAR,2008,,,,,,,,,3904.86,3904.86421346,,,,2025-12-05T13:23:08Z,2008,2008-01-01,2008-12-31
7319431,GHED_GGHE-D_pc_US_SHA2011,COUNTRY,KHM,WPR,Western Pacific,YEAR,2015,,,,,,,,,15.54,15.53511347,,,,2025-12-05T13:23:08Z,2015,2015-01-01,2015-12-31
7323081,GHED_GGHE-D_pc_US_SHA2011,COUNTRY,SAU,EMR,Eastern Mediterranean,YEAR,2008,,,,,,,,,421.72,421.7244215,,,,2025-12-05T13:23:08Z,2008,2008-01-01,2008-12-31
7328391,GHED_GGHE-D_pc_US_SHA2011,COUNTRY,NRU,WPR,Western Pacific,YEAR,2008,,,,,,,,,443.52,443.52163402,,,,2025-12-05T13:23:08Z,2008,2008-01-01,2008-12-31
7328568,GHED_GGHE-D_pc_US_SHA2011,COUNTRY,KGZ,EUR,Europe,YEAR,2023,,,,,,,,,51.55,51.54706484,,,,2025-12-05T13:23:08Z,2023,2023-01-01,2023-12-31
7333714,GHED_GGHE-D_pc_US_SHA2011,COUNTRY,STP,AFR,Africa,YEAR,2014,,,,,,,,,41.94,41.94376012,,,,2025-12-05T13:23:08Z,2014,2014-01-01,2014-12-31
7334724,GHED_GGHE-D_pc_US_SHA2011,COUNTRY,KHM,WPR,Western Pacific,YEAR,2011,,,,,,,,,11.15,11.15304321,,,,2025-12-05T13:23:08Z,2011,2011-01-01,2011-12-31
7336297,GHED_GGHE-D_pc_US_SHA2011,COUNTRY,DZA,AFR,Africa,YEAR,2010,,,,,,,,,158.39,158.38740503,,,,2025-12-05T13:23:08Z,2010,2010-01-01,2010-12-31
7340167,GHED_GGHE-D_pc_US_SHA2011,COUNTRY,GNB,AFR,Africa,YEAR,2015,,,,,,,,,3.47,3.46916113,,,,2025-12-05T13:23:08Z,2015,2015-01-01,2015-12-31
7343550,GHED_GGHE-D_pc_US_SHA2011,COUNTRY,KOR,WPR,Western Pacific,YEAR,2018,,,,,,,,,1425.63,1425.63318978,,,,2025-12-05T13:23:08Z,2018,2018-01-01,2018-12-31
7343774,GHED_GGHE-D_pc_US_SHA2011,COUNTRY,BGR,EUR,Europe,YEAR,2002,,,,,,,,,87.91,87.91286595,,,,2025-12-05T13:23:08Z,2002,2002-01-01,2002-12-31
7344390,GHED_GGHE-D_pc_US_SHA2011,COUNTRY,EGY,EMR,Eastern Mediterranean,YEAR,2015,,,,,,,,,53.19,53.19364678,,,,2025-12-05T13:23:08Z,2015,2015-01-01,2015-12-31
7352600,GHED_GGHE-D_pc_US_SHA2011,COUNTRY,TUN,EMR,Eastern Mediterranean,YEAR,2003,,,,,,,,,76.57,76.56874533,,,,2025-12-05T13:23:08Z,2003,2003-01-01,2003-12-31
7352785,GHED_GGHE-D_pc_US_SHA2011,COUNTRY,FSM,WPR,Western Pacific,YEAR,2012,,,,,,,,,42.33,42.33464974,,,,2025-12-05T13:23:08Z,2012,2012-01-01,2012-12-31
7353703,GHED_GGHE-D_pc_US_SHA2011,COUNTRY,HRV,EUR,Europe,YEAR,2008,,,,,,,,,1054.67,1054.66724629,,,,2025-12-05T13:23:08Z,2008,2008-01-01,2008-12-31
7358656,GHED_GGHE-D_pc_US_SHA2011,COUNTRY,MKD,EUR,Europe,YEAR,2002,,,,,,,,,91.10,91.1010242,,,,2025-12-05T13:23:08Z,2002,2002-01-01,2002-12-31
7358761,GHED_GGHE-D_pc_US_SHA2011,COUNTRY,CRI,AMR,Americas,YEAR,2000,,,,,,,,,162.51,162.50844846,,,,2025-12-05T13:23:08Z,2000,2000-01-01,2000-12-31
7360010,GHED_GGHE-D_pc_US_SHA2011,COUNTRY,CMR,AFR,Africa,YEAR,2006,,,,,,,,,7.72,7.72186307,,,,2025-12-05T13:23:08Z,2006,2006-01-01,2006-12-31
7361917,GHED_GGHE-D_pc_US_SHA2011,COUNTRY,CZE,EUR,Europe,YEAR,2012,,,,,,,,,1277.40,1277.39978362,,,,2025-12-05T13:23:08Z,2012,2012-01-01,2012-12-31
7361920,GHED_GGHE-D_pc_US_SHA2011,COUNTRY,MNE,EUR,Europe,YEAR,2021,,,,,,,,,626.60,626.59986233,,,,2025-12-05T13:23:08Z,2021,2021-01-01,2021-12-31
7362923,GHED_GGHE-D_pc_US_SHA2011,COUNTRY,BLZ,AMR,Americas,YEAR,2023,,,,,,,,,201.35,201.35335536,,,,2025-12-05T13:23:08Z,2023,2023-01-01,2023-12-31
7363430,GHED_GGHE-D_pc_US_SHA2011,COUNTRY,TON,WPR,Western Pacific,YEAR,2002,,,,,,,,,45.25,45.24574692,,,,2025-12-05T13:23:08Z,2002,2002-01-01,2002-12-31
7363581,GHED_GGHE-D_pc_US_SHA2011,WORLDBANKINCOMEGROUP,WB_HI,,,YEAR,2020,,,,,,,,,2365.81,2365.80725776,,,,2025-12-05T13:23:08Z,2020,2020-01-01,2020-12-31
7363839,GHED_GGHE-D_pc_US_SHA2011,COUNTRY,NPL,SEAR,South-East Asia,YEAR,2010,,,,,,,,,5.37,5.37007987,,,,2025-12-05T13:23:08Z,2010,2010-01-01,2010-12-31
7365160,GHED_GGHE-D_pc_US_SHA2011,COUNTRY,CHL,AMR,Americas,YEAR,2018,,,,,,,,,733.10,733.09528331,,,,2025-12-05T13:23:08Z,2018,2018-01-01,2018-12-31
7368467,GHED_GGHE-D_pc_US_SHA2011,COUNTRY,GAB,AFR,Africa,YEAR,2005,,,,,,,,,68.17,68.17090127,,,,2025-12-05T13:23:08Z,2005,2005-01-01,2005-12-31
7369585,GHED_GGHE-D_pc_US_SHA2011,COUNTRY,TKM,EUR,Europe,YEAR,2010,,,,,,,,,48.77,48.77057179,,,,2025-12-05T13:23:08Z,2010,2010-01-01,2010-12-31
7372729,GHED_GGHE-D_pc_US_SHA2011,COUNTRY,NER,AFR,Africa,YEAR,2003,,,,,,,,,2.83,2.83118623,,,,2025-12-05T13:23:08Z,2003,2003-01-01,2003-12-31
7375542,GHED_GGHE-D_pc_US_SHA2011,COUNTRY,NZL,WPR,Western Pacific,YEAR,2009,,,,,,,,,2007.60,2007.59613276,,,,2025-12-05T13:23:08Z,2009,2009-01-01,2009-12-31
7375549,GHED_GGHE-D_pc_US_SHA2011,COUNTRY,ARE,EMR,Eastern Mediterranean,YEAR,2023,,,,,,,,,1603.72,1603.71980058,,,,2025-12-05T13:23:08Z,2023,2023-01-01,2023-12-31
7377472,GHED_GGHE-D_pc_US_SHA2011,COUNTRY,TKM,EUR,Europe,YEAR,2017,,,,,,,,,90.24,90.23951247,,,,2025-12-05T13:23:08Z,2017,2017-01-01,2017-12-31
7377997,GHED_GGHE-D_pc_US_SHA2011,COUNTRY,BRB,AMR,Americas,YEAR,2020,,,,,,,,,609.52,609.5229833,,,,2025-12-05T13:23:08Z,2020,2020-01-01,2020-12-31
7381549,GHED_GGHE-D_pc_US_SHA2011,COUNTRY,FIN,EUR,Europe,YEAR,2019,,,,,,,,,3576.54,3576.53564749,,,,2025-12-05T13:23:08Z,2019,2019-01-01,2019-12-31
7387207,GHED_GGHE-D_pc_US_SHA2011,COUNTRY,DOM,AMR,Americas,YEAR,2023,,,,,,,,,313.34,313.33953936,,,,2025-12-05T13:23:08Z,2023,2023-01-01,2023-12-31
7392498,GHED_GGHE-D_pc_US_SHA2011,COUNTRY,FRA,EUR,Europe,YEAR,2019,,,,,,,,,3370.96,3370.96404977,,,,2025-12-05T13:23:08Z,2019,2019-01-01,2019-12-31
7392738,GHED_GGHE-D_pc_US_SHA2011,COUNTRY,GAB,AFR,Africa,YEAR,2006,,,,,,,,,82.03,82.02632128,,,,2025-12-05T13:23:08Z,2006,2006-01-01,2006-12-31
7395330,GHED_GGHE-D_pc_US_SHA2011,COUNTRY,ARE,EMR,Eastern Mediterranean,YEAR,2001,,,,,,,,,530.83,530.82708996,,,,2025-12-05T13:23:08Z,2001,2001-01-01,2001-12-31
7400587,GHED_GGHE-D_pc_US_SHA2011,COUNTRY,COK,WPR,Western Pacific,YEAR,2000,,,,,,,,,172.76,172.75544023,,,,2025-12-05T13:23:08Z,2000,2000-01-01,2000-12-31
7400937,GHED_GGHE-D_pc_US_SHA2011,WORLDBANKINCOMEGROUP,WB_LMI,,,YEAR,2000,,,,,,,,,19.86,19.86104352,,,,2025-12-05T13:23:08Z,2000,2000-01-01,2000-12-31
7400997,GHED_GGHE-D_pc_US_SHA2011,COUNTRY,CYP,EUR,Europe,YEAR,2003,,,,,,,,,503.29,503.29116735,,,,2025-12-05T13:23:08Z,2003,2003-01-01,2003-12-31
7403014,GHED_GGHE-D_pc_US_SHA2011,COUNTRY,ARG,AMR,Americas,YEAR,2003,,,,,,,,,141.90,141.90096464,,,,2025-12-05T13:23:08Z,2003,2003-01-01,2003-12-31
7407461,GHED_GGHE-D_pc_US_SHA2011,COUNTRY,CMR,AFR,Africa,YEAR,2002,,,,,,,,,7.04,7.04151132,,,,2025-12-05T13:23:08Z,2002,2002-01-01,2002-12-31
7409595,GHED_GGHE-D_pc_US_SHA2011,COUNTRY,DEU,EUR,Europe,YEAR,2016,,,,,,,,,3672.86,3672.85563704,,,,2025-12-05T13:23:08Z,2016,2016-01-01,2016-12-31
7410970,GHED_GGHE-D_pc_US_SHA2011,COUNTRY,BEL,EUR,Europe,YEAR,2006,,,,,,,,,2643.31,2643.30572674,,,,2025-12-05T13:23:08Z,2006,2006-01-01,2006-12-31
7413021,GHED_GGHE-D_pc_US_SHA2011,COUNTRY,AFG,EMR,Eastern Mediterranean,YEAR,2013,,,,,,,,,2.83,2.82754417,,,,2025-12-05T13:23:08Z,2013,2013-01-01,2013-12-31
7418672,GHED_GGHE-D_pc_US_SHA2011,COUNTRY,DEU,EUR,Europe,YEAR,2004,,,,,,,,,2626.56,2626.56455521,,,,2025-12-05T13:23:08Z,2004,2004-01-01,2004-12-31
7420071,GHED_GGHE-D_pc_US_SHA2011,COUNTRY,CAN,AMR,Americas,YEAR,2001,,,,,,,,,1486.52,1486.51749815,,,,2025-12-05T13:23:08Z,2001,2001-01-01,2001-12-31
7425493,GHED_GGHE-D_pc_US_SHA2011,REGION,SEAR,,,YEAR,2005,,,,,,,,,27.90,27.89698784,,,,2025-12-05T13:23:08Z,2005,2005-01-01,2005-12-31
7425589,GHED_GGHE-D_pc_US_SHA2011,COUNTRY,TCD,AFR,Africa,YEAR,2012,,,,,,,,,8.89,8.88821185,,,,2025-12-05T13:23:08Z,2012,2012-01-01,2012-12-31
7428160,GHED_GGHE-D_pc_US_SHA2011,COUNTRY,LSO,AFR,Africa,YEAR,2007,,,,,,,,,42.27,42.27232076,,,,2025-12-05T13:23:08Z,2007,2007-01-01,2007-12-31
7432108,GHED_GGHE-D_pc_US_SHA2011,COUNTRY,VNM,WPR,Western Pacific,YEAR,2018,,,,,,,,,67.43,67.42883343,,,,2025-12-05T13:23:08Z,2018,2018-01-01,2018-12-31
7434528,GHED_GGHE-D_pc_US_SHA2011,COUNTRY,TGO,AFR,Africa,YEAR,2023,,,,,,,,,6.64,6.64101291,,,,2025-12-05T13:23:08Z,2023,2023-01-01,2023-12-31
7438072,GHED_GGHE-D_pc_US_SHA2011,COUNTRY,TLS,SEAR,South-East Asia,YEAR,2016,,,,,,,,,46.01,46.01438642,,,,2025-12-05T13:23:08Z,2016,2016-01-01,2016-12-31
7438538,GHED_GGHE-D_pc_US_SHA2011,COUNTRY,PRY,AMR,Americas,YEAR,2007,,,,,,,,,55.75,55.75127367,,,,2025-12-05T13:23:08Z,2007,2007-01-01,2007-12-31
7440294,GHED_GGHE-D_pc_US_SHA2011,COUNTRY,FIN,EUR,Europe,YEAR,2006,,,,,,,,,2689.06,2689.06148233,,,,2025-12-05T13:23:08Z,2006,2006-01-01,2006-12-31
7440461,GHED_GGHE-D_pc_US_SHA2011,COUNTRY,MNG,WPR,Western Pacific,YEAR,2023,,,,,,,,,161.67,161.67140397,,,,2025-12-05T13:23:08Z,2023,2023-01-01,2023-12-31
7442245,GHED_GGHE-D_pc_US_SHA2011,COUNTRY,KNA,AMR,Americas,YEAR,2008,,,,,,,,,298.59,298.59478405,,,,2025-12-05T13:23:08Z,2008,2008-01-01,2008-12-31
7443069,GHED_GGHE-D_pc_US_SHA2011,COUNTRY,MNG,WPR,Western Pacific,YEAR,2008,,,,,,,,,68.69,68.69282607,,,,2025-12-05T13:23:08Z,2008,2008-01-01,2008-12-31
7447748,GHED_GGHE-D_pc_US_SHA2011,COUNTRY,HTI,AMR,Americas,YEAR,2021,,,,,,,,,6.85,6.85114324,,,,2025-12-05T13:23:08Z,2021,2021-01-01,2021-12-31
7449957,GHED_GGHE-D_pc_US_SHA2011,COUNTRY,BLR,EUR,Europe,YEAR,2021,,,,,,,,,359.29,359.29131376,,,,2025-12-05T13:23:08Z,2021,2021-01-01,2021-12-31
7451688,GHED_GGHE-D_pc_US_SHA2011,COUNTRY,COL,AMR,Americas,YEAR,2005,,,,,,,,,150.60,150.59505253,,,,2025-12-05T13:23:08Z,2005,2005-01-01,2005-12-31
7454201,GHED_GGHE-D_pc_US_SHA2011,COUNTRY,SRB,EUR,Europe,YEAR,2012,,,,,,,,,347.79,347.79420749,,,,2025-12-05T13:23:08Z,2012,2012-01-01,2012-12-31
7458227,GHED_GGHE-D_pc_US_SHA2011,COUNTRY,MDA,EUR,Europe,YEAR,2017,,,,,,,,,123.47,123.47200568,,,,2025-12-05T13:23:08Z,2017,2017-01-01,2017-12-31
7461656,GHED_GGHE-D_pc_US_SHA2011,COUNTRY,FIN,EUR,Europe,YEAR,2002,,,,,,,,,1581.99,1581.99064554,,,,2025-12-05T13:23:08Z,2002,2002-01-01,2002-12-31
7464110,GHED_GGHE-D_pc_US_SHA2011,COUNTRY,QAT,EMR,Eastern Mediterranean,YEAR,2001,,,,,,,,,377.48,377.47610865,,,,2025-12-05T13:23:08Z,2001,2001-01-01,2001-12-31
7466059,GHED_GGHE-D_pc_US_SHA2011,COUNTRY,BWA,AFR,Africa,YEAR,2019,,,,,,,,,313.07,313.07052014,,,,2025-12-05T13:23:08Z,2019,2019-01-01,2019-12-31
7466693,GHED_GGHE-D_pc_US_SHA2011,COUNTRY,LBN,EMR,Eastern Mediterranean,YEAR,2008,,,,,,,,,181.82,181.82214664,,,,2025-12-05T13:23:08Z,2008,2008-01-01,2008-12-31
7472479,GHED_GGHE-D_pc_US_SHA2011,COUNTRY,COD,AFR,Africa,YEAR,2016,,,,,,,,,2.44,2.4381246,,,,2025-12-05T13:23:08Z,2016,2016-01-01,2016-12-31
7475049,GHED_GGHE-D_pc_US_SHA2011,COUNTRY,ROU,EUR,Europe,YEAR,2010,,,,,,,,,377.25,377.25195694,,,,2025-12-05T13:23:08Z,2010,2010-01-01,2010-12-31
7475836,GHED_GGHE-D_pc_US_SHA2011,COUNTRY,SWE,EUR,Europe,YEAR,2007,,,,,,,,,3531.99,3531.9927139,,,,2025-12-05T13:23:08Z,2007,2007-01-01,2007-12-31
7481324,GHED_GGHE-D_pc_US_SHA2011,COUNTRY,AZE,EUR,Europe,YEAR,2010,,,,,,,,,58.62,58.6200347,,,,2025-12-05T13:23:08Z,2010,2010-01-01,2010-12-31
7483242,GHED_GGHE-D_pc_US_SHA2011,COUNTRY,URY,AMR,Americas,YEAR,2021,,,,,,,,,1171.15,1171.14895729,,,,2025-12-05T13:23:08Z,2021,2021-01-01,2021-12-31
7486506,GHED_GGHE-D_pc_US_SHA2011,COUNTRY,GRD,AMR,Americas,YEAR,2006,,,,,,,,,129.65,129.64699224,,,,2025-12-05T13:23:08Z,2006,2006-01-01,2006-12-31
7492639,GHED_GGHE-D_pc_US_SHA2011,COUNTRY,MLI,AFR,Africa,YEAR,2020,,,,,,,,,11.28,11.28247208,,,,2025-12-05T13:23:08Z,2020,2020-01-01,2020-12-31
7495440,GHED_GGHE-D_pc_US_SHA2011,COUNTRY,CUB,AMR,Americas,YEAR,2013,,,,,,,,,624.00,624.00091201,,,,2025-12-05T13:23:08Z,2013,2013-01-01,2013-12-31
7500278,GHED_GGHE-D_pc_US_SHA2011,COUNTRY,UKR,EUR,Europe,YEAR,2003,,,,,,,,,37.84,37.83741992,,,,2025-12-05T13:23:08Z,2003,2003-01-01,2003-12-31
7500458,GHED_GGHE-D_pc_US_SHA2011,COUNTRY,FSM,WPR,Western Pacific,YEAR,2009,,,,,,,,,25.59,25.59399412,,,,2025-12-05T13:23:08Z,2009,2009-01-01,2009-12-31
7500537,GHED_GGHE-D_pc_US_SHA2011,COUNTRY,HTI,AMR,Americas,YEAR,2001,,,,,,,,,5.31,5.31148359,,,,2025-12-05T13:23:08Z,2001,2001-01-01,2001-12-31
7501685,GHED_GGHE-D_pc_US_SHA2011,COUNTRY,GHA,AFR,Africa,YEAR,2021,,,,,,,,,51.34,51.34003029,,,,2025-12-05T13:23:08Z,2021,2021-01-01,2021-12-31
7503442,GHED_GGHE-D_pc_US_SHA2011,COUNTRY,YEM,EMR,Eastern Mediterranean,YEAR,2019,,,,,,,,,6.72,6.72272729,,,,2025-12-05T13:23:08Z,2019,2019-01-01,2019-12-31
7505696,GHED_GGHE-D_pc_US_SHA2011,COUNTRY,BRN,WPR,Western Pacific,YEAR,2015,,,,,,,,,694.69,694.69043779,,,,2025-12-05T13:23:08Z,2015,2015-01-01,2015-12-31
7505974,GHED_GGHE-D_pc_US_SHA2011,COUNTRY,THA,SEAR,South-East Asia,YEAR,2016,,,,,,,,,166.34,166.33857866,,,,2025-12-05T13:23:08Z,2016,2016-01-01,2016-12-31
7510809,GHED_GGHE-D_pc_US_SHA2011,REGION,AFR,,,YEAR,2023,,,,,,,,,65.14,65.14212446,,,,2026-01-12T13:50:53Z,2023,2023-01-01,2023-12-31
7510866,GHED_GGHE-D_pc_US_SHA2011,COUNTRY,ISL,EUR,Europe,YEAR,2010,,,,,,,,,2886.19,2886.1925629,,,,2025-12-05T13:23:08Z,2010,2010-01-01,2010-12-31
7520647,GHED_GGHE-D_pc_US_SHA2011,COUNTRY,AND,EUR,Europe,YEAR,2019,,,,,,,,,2154.82,2154.82026195,,,,2025-12-05T13:23:08Z,2019,2019-01-01,2019-12-31
7526518,GHED_GGHE-D_pc_US_SHA2011,COUNTRY,PRY,AMR,Americas,YEAR,2023,,,,,,,,,291.79,291.79130718,,,,2025-12-05T13:23:08Z,2023,2023-01-01,2023-12-31
7526662,GHED_GGHE-D_pc_US_SHA2011,COUNTRY,SDN,EMR,Eastern Mediterranean,YEAR,2015,,,,,,,,,13.30,13.29970564,,,,2025-12-05T13:23:08Z,2015,2015-01-01,2015-12-31
7528479,GHED_GGHE-D_pc_US_SHA2011,COUNTRY,SRB,EUR,Europe,YEAR,2020,,,,,,,,,408.44,408.44368784,,,,2025-12-05T13:23:08Z,2020,2020-01-01,2020-12-31
7529666,GHED_GGHE-D_pc_US_SHA2011,COUNTRY,PRT,EUR,Europe,YEAR,2008,,,,,,,,,1495.03,1495.02653771,,,,2025-12-05T13:23:08Z,2008,2008-01-01,2008-12-31
7530919,GHED_GGHE-D_pc_US_SHA2011,COUNTRY,AGO,AFR,Africa,YEAR,2013,,,,,,,,,88.57,88.56893309,,,,2025-12-05T13:23:08Z,2013,2013-01-01,2013-12-31
7531795,GHED_GGHE-D_pc_US_SHA2011,COUNTRY,IDN,WPR,Western Pacific,YEAR,2012,,,,,,,,,27.87,27.86857621,,,,2025-12-05T13:23:08Z,2012,2012-01-01,2012-12-31
7533106,GHED_GGHE-D_pc_US_SHA2011,COUNTRY,PSE,EMR,Eastern Mediterranean,YEAR,2013,,,,,,,,,101.03,101.03402324,,,,2025-12-05T13:23:08Z,2013,2013-01-01,2013-12-31
7534128,GHED_GGHE-D_pc_US_SHA2011,COUNTRY,TJK,EUR,Europe,YEAR,2002,,,,,,,,,1.50,1.49549803,,,,2025-12-05T13:23:08Z,2002,2002-01-01,2002-12-31
7538217,GHED_GGHE-D_pc_US_SHA2011,COUNTRY,BEL,EUR,Europe,YEAR,2012,,,,,,,,,3597.31,3597.31125556,,,,2025-12-05T13:23:08Z,2012,2012-01-01,2012-12-31
7540563,GHED_GGHE-D_pc_US_SHA2011,COUNTRY,MNE,EUR,Europe,YEAR,2015,,,,,,,,,348.18,348.18251363,,,,2025-12-05T13:23:08Z,2015,2015-01-01,2015-12-31
7542311,GHED_GGHE-D_pc_US_SHA2011,COUNTRY,GIN,AFR,Africa,YEAR,2013,,,,,,,,,3.66,3.65686342,,,,2025-12-05T13:23:08Z,2013,2013-01-01,2013-12-31
7549504,GHED_GGHE-D_pc_US_SHA2011,COUNTRY,BDI,AFR,Africa,YEAR,2008,,,,,,,,,2.95,2.95459941,,,,2025-12-05T13:23:08Z,2008,2008-01-01,2008-12-31
7551346,GHED_GGHE-D_pc_US_SHA2011,COUNTRY,KOR,WPR,Western Pacific,YEAR,2013,,,,,,,,,950.58,950.57525998,,,,2025-12-05T13:23:08Z,2013,2013-01-01,2013-12-31
7551820,GHED_GGHE-D_pc_US_SHA2011,COUNTRY,DMA,AMR,Americas,YEAR,2022,,,,,,,,,409.63,409.62558377,,,,2025-12-05T13:23:08Z,2022,2022-01-01,2022-12-31
7556654,GHED_GGHE-D_pc_US_SHA2011,COUNTRY,DEU,EUR,Europe,YEAR,2022,,,,,,,,,5010.45,5010.45173701,,,,2025-12-05T13:23:08Z,2022,2022-01-01,2022-12-31
7558324,GHED_GGHE-D_pc_US_SHA2011,COUNTRY,SYR,EMR,Eastern Mediterranean,YEAR,2004,,,,,,,,,28.60,28.59638062,,,,2025-12-05T13:23:08Z,2004,2004-01-01,2004-12-31
7564588,GHED_GGHE-D_pc_US_SHA2011,COUNTRY,BRA,AMR,Americas,YEAR,2020,,,,,,,,,295.13,295.12869329,,,,2025-12-05T13:23:08Z,2020,2020-01-01,2020-12-31
7566042,GHED_GGHE-D_pc_US_SHA2011,COUNTRY,GTM,AMR,Americas,YEAR,2020,,,,,,,,,110.70,110.69767336,,,,2025-12-05T13:23:08Z,2020,2020-01-01,2020-12-31
7571184,GHED_GGHE-D_pc_US_SHA2011,COUNTRY,GHA,AFR,Africa,YEAR,2010,,,,,,,,,40.32,40.31735702,,,,2025-12-05T13:23:08Z,2010,2010-01-01,2010-12-31
7571735,GHED_GGHE-D_pc_US_SHA2011,COUNTRY,LKA,SEAR,South-East Asia,YEAR,2009,,,,,,,,,39.49,39.48943785,,,,2025-12-05T13:23:08Z,2009,2009-01-01,2009-12-31
7575854,GHED_GGHE-D_pc_US_SHA2011,COUNTRY,MOZ,AFR,Africa,YEAR,2001,,,,,,,,,4.00,3.998366,,,,2025-12-05T13:23:08Z,2001,2001-01-01,2001-12-31
7576004,GHED_GGHE-D_pc_US_SHA2011,COUNTRY,GMB,AFR,Africa,YEAR,2006,,,,,,,,,5.44,5.43609979,,,,2025-12-05T13:23:08Z,2006,2006-01-01,2006-12-31
7577565,GHED_GGHE-D_pc_US_SHA2011,COUNTRY,GEO,EUR,Europe,YEAR,2008,,,,,,,,,51.23,51.22938394,,,,2025-12-05T13:23:08Z,2008,2008-01-01,2008-12-31
7579664,GHED_GGHE-D_pc_US_SHA2011,COUNTRY,BTN,SEAR,South-East Asia,YEAR,2006,,,,,,,,,30.30,30.29675759,,,,2025-12-05T13:23:08Z,2006,2006-01-01,2006-12-31
7584279,GHED_GGHE-D_pc_US_SHA2011,COUNTRY,ITA,EUR,Europe,YEAR,2016,,,,,,,,,2022.42,2022.42152428,,,,2025-12-05T13:23:08Z,2016,2016-01-01,2016-12-31
7586437,GHED_GGHE-D_pc_US_SHA2011,COUNTRY,EST,EUR,Europe,YEAR,2017,,,,,,,,,992.23,992.23492391,,,,2025-12-05T13:23:08Z,2017,2017-01-01,2017-12-31
7586798,GHED_GGHE-D_pc_US_SHA2011,COUNTRY,COG,AFR,Africa,YEAR,2001,,,,,,,,,8.97,8.96703294,,,,2025-12-05T13:23:08Z,2001,2001-01-01,2001-12-31
7587641,GHED_GGHE-D_pc_US_SHA2011,COUNTRY,TTO,AMR,Americas,YEAR,2013,,,,,,,,,500.14,500.137827,,,,2025-12-05T13:23:08Z,2013,2013-01-01,2013-12-31
7590792,GHED_GGHE-D_pc_US_SHA2011,COUNTRY,ARM,EUR,Europe,YEAR,2019,,,,,,,,,66.21,66.20586604,,,,2025-12-05T13:23:08Z,2019,2019-01-01,2019-12-31
7593316,GHED_GGHE-D_pc_US_SHA2011,COUNTRY,SLV,AMR,Americas,YEAR,2010,,,,,,,,,132.92,132.92256493,,,,2025-12-05T13:23:08Z,2010,2010-01-01,2010-12-31
7593850,GHED_GGHE-D_pc_US_SHA2011,COUNTRY,MUS,AFR,Africa,YEAR,2017,,,,,,,,,262.95,262.95240586,,,,2025-12-05T13:23:08Z,2017,2017-01-01,2017-12-31
7594030,GHED_GGHE-D_pc_US_SHA2011,COUNTRY,BIH,EUR,Europe,YEAR,2007,,,,,,,,,201.34,201.33524137,,,,2025-12-05T13:23:08Z,2007,2007-01-01,2007-12-31
7595060,GHED_GGHE-D_pc_US_SHA2011,COUNTRY,MDV,SEAR,South-East Asia,YEAR,2005,,,,,,,,,112.66,112.66374103,,,,2025-12-05T13:23:08Z,2005,2005-01-01,2005-12-31
7596616,GHED_GGHE-D_pc_US_SHA2011,COUNTRY,MHL,WPR,Western Pacific,YEAR,2020,,,,,,,,,297.65,297.6547364,,,,2025-12-05T13:23:08Z,2020,2020-01-01,2020-12-31
7597987,GHED_GGHE-D_pc_US_SHA2011,COUNTRY,CUB,AMR,Americas,YEAR,2004,,,,,,,,,185.88,185.8835622,,,,2025-12-05T13:23:08Z,2004,2004-01-01,2004-12-31
7605547,GHED_GGHE-D_pc_US_SHA2011,COUNTRY,UZB,EUR,Europe,YEAR,2007,,,,,,,,,18.56,18.55747255,,,,2025-12-05T13:23:08Z,2007,2007-01-01,2007-12-31
7614263,GHED_GGHE-D_pc_US_SHA2011,COUNTRY,URY,AMR,Americas,YEAR,2018,,,,,,,,,1184.21,1184.20950842,,,,2025-12-05T13:23:08Z,2018,2018-01-01,2018-12-31
7614760,GHED_GGHE-D_pc_US_SHA2011,COUNTRY,MRT,AFR,Africa,YEAR,2009,,,,,,,,,12.62,12.61536327,,,,2025-12-05T13:23:08Z,2009,2009-01-01,2009-12-31
7622533,GHED_GGHE-D_pc_US_SHA2011,COUNTRY,PAN,AMR,Americas,YEAR,2020,,,,,,,,,737.06,737.06378746,,,,2025-12-05T13:23:08Z,2020,2020-01-01,2020-12-31
7624880,GHED_GGHE-D_pc_US_SHA2011,COUNTRY,IND,SEAR,South-East Asia,YEAR,2004,,,,,,,,,4.48,4.48195072,,,,2025-12-05T13:23:08Z,2004,2004-01-01,2004-12-31
7625272,GHED_GGHE-D_pc_US_SHA2011,COUNTRY,NOR,EUR,Europe,YEAR,2006,,,,,,,,,4911.31,4911.31009382,,,,2025-12-05T13:23:08Z,2006,2006-01-01,2006-12-31
7625564,GHED_GGHE-D_pc_US_SHA2011,COUNTRY,LKA,SEAR,South-East Asia,YEAR,2006,,,,,,,,,32.25,32.25451555,,,,2025-12-05T13:23:08Z,2006,2006-01-01,2006-12-31
7629025,GHED_GGHE-D_pc_US_SHA2011,COUNTRY,URY,AMR,Americas,YEAR,2008,,,,,,,,,457.11,457.10775568,,,,2025-12-05T13:23:08Z,2008,2008-01-01,2008-12-31
7633437,GHED_GGHE-D_pc_US_SHA2011,COUNTRY,SSD,AFR,Africa,YEAR,2018,,,,,,,,,3.16,3.160311,,,,2025-12-05T13:23:08Z,2018,2018-01-01,2018-12-31
7635314,GHED_GGHE-D_pc_US_SHA2011,COUNTRY,BLR,EUR,Europe,YEAR,2001,,,,,,,,,54.74,54.74235614,,,,2025-12-05T13:23:08Z,2001,2001-01-01,2001-12-31
7635604,GHED_GGHE-D_pc_US_SHA2011,COUNTRY,TUN,EMR,Eastern Mediterranean,YEAR,2006,,,,,,,,,93.46,93.45848136,,,,2025-12-05T13:23:08Z,2006,2006-01-01,2006-12-31
7636969,GHED_GGHE-D_pc_US_SHA2011,COUNTRY,MMR,SEAR,South-East Asia,YEAR,2019,,,,,,,,,8.57,8.57371805,,,,2025-12-05T13:23:08Z,2019,2019-01-01,2019-12-31
7640680,GHED_GGHE-D_pc_US_SHA2011,COUNTRY,NAM,AFR,Africa,YEAR,2013,,,,,,,,,278.32,278.32402647,,,,2025-12-05T13:23:08Z,2013,2013-01-01,2013-12-31
7645891,GHED_GGHE-D_pc_US_SHA2011,COUNTRY,NER,AFR,Africa,YEAR,2004,,,,,,,,,3.34,3.3364617,,,,2025-12-05T13:23:08Z,2004,2004-01-01,2004-12-31
7648996,GHED_GGHE-D_pc_US_SHA2011,COUNTRY,IDN,WPR,Western Pacific,YEAR,2001,,,,,,,,,6.15,6.15055822,,,,2025-12-05T13:23:08Z,2001,2001-01-01,2001-12-31
7652075,GHED_GGHE-D_pc_US_SHA2011,COUNTRY,GIN,AFR,Africa,YEAR,2015,,,,,,,,,3.21,3.20848647,,,,2025-12-05T13:23:08Z,2015,2015-01-01,2015-12-31
7653471,GHED_GGHE-D_pc_US_SHA2011,COUNTRY,HND,AMR,Americas,YEAR,2000,,,,,,,,,33.03,33.02660962,,,,2025-12-05T13:23:08Z,2000,2000-01-01,2000-12-31
7657383,GHED_GGHE-D_pc_US_SHA2011,COUNTRY,PER,AMR,Americas,YEAR,2022,,,,,,,,,285.51,285.50703915,,,,2025-12-05T13:23:08Z,2022,2022-01-01,2022-12-31
7659861,GHED_GGHE-D_pc_US_SHA2011,COUNTRY,LBN,EMR,Eastern Mediterranean,YEAR,2002,,,,,,,,,128.71,128.71220609,,,,2025-12-05T13:23:08Z,2002,2002-01-01,2002-12-31
7660162,GHED_GGHE-D_pc_US_SHA2011,COUNTRY,UGA,AFR,Africa,YEAR,2021,,,,,,,,,10.70,10.69664949,,,,2025-12-05T13:23:08Z,2021,2021-01-01,2021-12-31
7663360,GHED_GGHE-D_pc_US_SHA2011,COUNTRY,SGP,WPR,Western Pacific,YEAR,2002,,,,,,,,,234.79,234.78631802,,,,2025-12-05T13:23:08Z,2002,2002-01-01,2002-12-31
7665895,GHED_GGHE-D_pc_US_SHA2011,COUNTRY,URY,AMR,Americas,YEAR,2012,,,,,,,,,865.07,865.07083187,,,,2025-12-05T13:23:08Z,2012,2012-01-01,2012-12-31
7669813,GHED_GGHE-D_pc_US_SHA2011,COUNTRY,CYP,EUR,Europe,YEAR,2001,,,,,,,,,327.19,327.18671488,,,,2025-12-05T13:23:08Z,2001,2001-01-01,2001-12-31
7672746,GHED_GGHE-D_pc_US_SHA2011,COUNTRY,BIH,EUR,Europe,YEAR,2020,,,,,,,,,414.01,414.0052326,,,,2025-12-05T13:23:08Z,2020,2020-01-01,2020-12-31
7672910,GHED_GGHE-D_pc_US_SHA2011,COUNTRY,GHA,AFR,Africa,YEAR,2013,,,,,,,,,42.63,42.62643601,,,,2025-12-05T13:23:08Z,2013,2013-01-01,2013-12-31
7673725,GHED_GGHE-D_pc_US_SHA2011,COUNTRY,GAB,AFR,Africa,YEAR,2011,,,,,,,,,162.03,162.03263156,,,,2025-12-05T13:23:08Z,2011,2011-01-01,2011-12-31
7679672,GHED_GGHE-D_pc_US_SHA2011,COUNTRY,MOZ,AFR,Africa,YEAR,2010,,,,,,,,,6.17,6.17109126,,,,2025-12-05T13:23:08Z,2010,2010-01-01,2010-12-31
7683582,GHED_GGHE-D_pc_US_SHA2011,COUNTRY,CRI,AMR,Americas,YEAR,2017,,,,,,,,,637.89,637.88943251,,,,2025-12-05T13:23:08Z,2017,2017-01-01,2017-12-31
7685815,GHED_GGHE-D_pc_US_SHA2011,COUNTRY,CUB,AMR,Americas,YEAR,2011,,,,,,,,,619.19,619.18614156,,,,2025-12-05T13:23:08Z,2011,2011-01-01,2011-12-31
7686571,GHED_GGHE-D_pc_US_SHA2011,COUNTRY,IRN,EMR,Eastern Mediterranean,YEAR,2004,,,,,,,,,50.92,50.91885105,,,,2025-12-05T13:23:08Z,2004,2004-01-01,2004-12-31
7695459,GHED_GGHE-D_pc_US_SHA2011,COUNTRY,WSM,WPR,Western Pacific,YEAR,2006,,,,,,,,,94.02,94.0198209,,,,2025-12-05T13:23:08Z,2006,2006-01-01,2006-12-31
7700013,GHED_GGHE-D_pc_US_SHA2011,COUNTRY,BGR,EUR,Europe,YEAR,2001,,,,,,,,,67.18,67.18396259,,,,2025-12-05T13:23:08Z,2001,2001-01-01,2001-12-31
7701778,GHED_GGHE-D_pc_US_SHA2011,REGION,SEAR,,,YEAR,2013,,,,,,,,,79.59,79.59143227,,,,2025-12-05T13:23:08Z,2013,2013-01-01,2013-12-31
7704471,GHED_GGHE-D_pc_US_SHA2011,COUNTRY,BHR,EMR,Eastern Mediterranean,YEAR,2013,,,,,,,,,726.88,726.882032,,,,2025-12-05T13:23:08Z,2013,2013-01-01,2013-12-31
7706990,GHED_GGHE-D_pc_US_SHA2011,COUNTRY,ESP,EUR,Europe,YEAR,2003,,,,,,,,,1166.76,1166.75624729,,,,2025-12-05T13:23:08Z,2003,2003-01-01,2003-12-31
7708428,GHED_GGHE-D_pc_US_SHA2011,COUNTRY,CYP,EUR,Europe,YEAR,2017,,,,,,,,,722.76,722.76444967,,,,2025-12-05T13:23:08Z,2017,2017-01-01,2017-12-31
7711218,GHED_GGHE-D_pc_US_SHA2011,COUNTRY,BGR,EUR,Europe,YEAR,2015,,,,,,,,,298.61,298.61154382,,,,2025-12-05T13:23:08Z,2015,2015-01-01,2015-12-31
7713987,GHED_GGHE-D_pc_US_SHA2011,WORLDBANKINCOMEGROUP,WB_LMI,,,YEAR,2021,,,,,,,,,63.16,63.16308489,,,,2025-12-05T13:23:08Z,2021,2021-01-01,2021-12-31
7715850,GHED_GGHE-D_pc_US_SHA2011,COUNTRY,TTO,AMR,Americas,YEAR,2001,,,,,,,,,117.80,117.79825844,,,,2025-12-05T13:23:08Z,2001,2001-01-01,2001-12-31
7716536,GHED_GGHE-D_pc_US_SHA2011,COUNTRY,UGA,AFR,Africa,YEAR,2018,,,,,,,,,5.53,5.52751581,,,,2025-12-05T13:23:08Z,2018,2018-01-01,2018-12-31
7721164,GHED_GGHE-D_pc_US_SHA2011,COUNTRY,KWT,EMR,Eastern Mediterranean,YEAR,2023,,,,,,,,,1486.86,1486.85936485,,,,2025-12-05T13:23:08Z,2023,2023-01-01,2023-12-31
7723969,GHED_GGHE-D_pc_US_SHA2011,COUNTRY,LVA,EUR,Europe,YEAR,2007,,,,,,,,,471.77,471.77392264,,,,2025-12-05T13:23:08Z,2007,2007-01-01,2007-12-31
7724898,GHED_GGHE-D_pc_US_SHA2011,COUNTRY,NGA,AFR,Africa,YEAR,2022,,,,,,,,,11.98,11.98241979,,,,2026-01-12T13:50:53Z,2022,2022-01-01,2022-12-31
7730833,GHED_GGHE-D_pc_US_SHA2011,COUNTRY,JAM,AMR,Americas,YEAR,2018,,,,,,,,,216.92,216.92141828,,,,2025-12-05T13:23:08Z,2018,2018-01-01,2018-12-31
7731168,GHED_GGHE-D_pc_US_SHA2011,COUNTRY,BRN,WPR,Western Pacific,YEAR,2017,,,,,,,,,601.80,601.80063493,,,,2025-12-05T13:23:08Z,2017,2017-01-01,2017-12-31
7733623,GHED_GGHE-D_pc_US_SHA2011,COUNTRY,BEN,AFR,Africa,YEAR,2010,,,,,,,,,7.32,7.32166396,,,,2025-12-05T13:23:08Z,2010,2010-01-01,2010-12-31
7735358,GHED_GGHE-D_pc_US_SHA2011,REGION,AMR,,,YEAR,2012,,,,,,,,,525.68,525.68443033,,,,2025-12-05T13:23:08Z,2012,2012-01-01,2012-12-31
7739415,GHED_GGHE-D_pc_US_SHA2011,WORLDBANKINCOMEGROUP,WB_LMI,,,YEAR,2014,,,,,,,,,54.86,54.86087185,,,,2025-12-05T13:23:08Z,2014,2014-01-01,2014-12-31
7739461,GHED_GGHE-D_pc_US_SHA2011,COUNTRY,AGO,AFR,Africa,YEAR,2019,,,,,,,,,29.33,29.33039764,,,,2025-12-05T13:23:08Z,2019,2019-01-01,2019-12-31
7742346,GHED_GGHE-D_pc_US_SHA2011,COUNTRY,CYP,EUR,Europe,YEAR,2000,,,,,,,,,308.28,308.27648521,,,,2025-12-05T13:23:08Z,2000,2000-01-01,2000-12-31
7742923,GHED_GGHE-D_pc_US_SHA2011,COUNTRY,COD,AFR,Africa,YEAR,2005,,,,,,,,,0.44,0.44389999,,,,2025-12-05T13:23:08Z,2005,2005-01-01,2005-12-31
7747290,GHED_GGHE-D_pc_US_SHA2011,COUNTRY,FSM,WPR,Western Pacific,YEAR,2015,,,,,,,,,54.34,54.34381675,,,,2025-12-05T13:23:08Z,2015,2015-01-01,2015-12-31
7748086,GHED_GGHE-D_pc_US_SHA2011,COUNTRY,TLS,SEAR,South-East Asia,YEAR,2014,,,,,,,,,50.53,50.52865991,,,,2025-12-05T13:23:08Z,2014,2014-01-01,2014-12-31
7749655,GHED_GGHE-D_pc_US_SHA2011,COUNTRY,SYC,AFR,Africa,YEAR,2004,,,,,,,,,362.99,362.99493509,,,,2025-12-05T13:23:08Z,2004,2004-01-01,2004-12-31
7750269,GHED_GGHE-D_pc_US_SHA2011,COUNTRY,COD,AFR,Africa,YEAR,2011,,,,,,,,,1.29,1.29141919,,,,2025-12-05T13:23:08Z,2011,2011-01-01,2011-12-31
7754965,GHED_GGHE-D_pc_US_SHA2011,COUNTRY,GTM,AMR,Americas,YEAR,2010,,,,,,,,,59.00,59.00426673,,,,2025-12-05T13:23:08Z,2010,2010-01-01,2010-12-31
7759307,GHED_GGHE-D_pc_US_SHA2011,COUNTRY,EST,EUR,Europe,YEAR,2011,,,,,,,,,786.47,786.46956597,,,,2025-12-05T13:23:08Z,2011,2011-01-01,2011-12-31
7759692,GHED_GGHE-D_pc_US_SHA2011,COUNTRY,ARG,AMR,Americas,YEAR,2002,,,,,,,,,116.35,116.35328229,,,,2025-12-05T13:23:08Z,2002,2002-01-01,2002-12-31
7759739,GHED_GGHE-D_pc_US_SHA2011,COUNTRY,GBR,EUR,Europe,YEAR,2011,,,,,,,,,3373.33,3373.3280263,,,,2025-12-05T13:23:08Z,2011,2011-01-01,2011-12-31
7767020,GHED_GGHE-D_pc_US_SHA2011,COUNTRY,ROU,EUR,Europe,YEAR,2000,,,,,,,,,55.40,55.39739126,,,,2025-12-05T13:23:08Z,2000,2000-01-01,2000-12-31
7767534,GHED_GGHE-D_pc_US_SHA2011,COUNTRY,ZWE,AFR,Africa,YEAR,2017,,,,,,,,,23.08,23.07750517,,,,2025-12-05T13:23:08Z,2017,2017-01-01,2017-12-31
7771987,GHED_GGHE-D_pc_US_SHA2011,COUNTRY,SUR,AMR,Americas,YEAR,2010,,,,,,,,,169.33,169.32581739,,,,2025-12-05T13:23:08Z,2010,2010-01-01,2010-12-31
7772507,GHED_GGHE-D_pc_US_SHA2011,COUNTRY,IND,SEAR,South-East Asia,YEAR,2002,,,,,,,,,3.66,3.66131509,,,,2025-12-05T13:23:08Z,2002,2002-01-01,2002-12-31
7774182,GHED_GGHE-D_pc_US_SHA2011,COUNTRY,VEN,AMR,Americas,YEAR,2019,,,,,,,,,41.87,41.86820896,,,,2025-12-05T13:23:08Z,2019,2019-01-01,2019-12-31
7774668,GHED_GGHE-D_pc_US_SHA2011,COUNTRY,SWZ,AFR,Africa,YEAR,2014,,,,,,,,,106.64,106.64200368,,,,2025-12-05T13:23:08Z,2014,2014-01-01,2014-12-31
7775797,GHED_GGHE-D_pc_US_SHA2011,REGION,EUR,,,YEAR,2022,,,,,,,,,2264.87,2264.86985835,,,,2025-12-05T13:23:08Z,2022,2022-01-01,2022-12-31
7778960,GHED_GGHE-D_pc_US_SHA2011,COUNTRY,ERI,AFR,Africa,YEAR,2000,,,,,,,,,4.99,4.99360232,,,,2025-12-05T13:23:08Z,2000,2000-01-01,2000-12-31
7781520,GHED_GGHE-D_pc_US_SHA2011,COUNTRY,GEO,EUR,Europe,YEAR,2018,,,,,,,,,130.18,130.18115834,,,,2025-12-05T13:23:08Z,2018,2018-01-01,2018-12-31
7782306,GHED_GGHE-D_pc_US_SHA2011,COUNTRY,MNG,WPR,Western Pacific,YEAR,2013,,,,,,,,,100.80,100.80083545,,,,2025-12-05T13:23:08Z,2013,2013-01-01,2013-12-31
7782573,GHED_GGHE-D_pc_US_SHA2011,COUNTRY,BGR,EUR,Europe,YEAR,2013,,,,,,,,,313.18,313.18160924,,,,2025-12-05T13:23:08Z,2013,2013-01-01,2013-12-31
7784568,GHED_GGHE-D_pc_US_SHA2011,COUNTRY,BHR,EMR,Eastern Mediterranean,YEAR,2005,,,,,,,,,389.87,389.86822441,,,,2025-12-05T13:23:08Z,2005,2005-01-01,2005-12-31
7788655,GHED_GGHE-D_pc_US_SHA2011,COUNTRY,KGZ,EUR,Europe,YEAR,2004,,,,,,,,,9.94,9.93649752,,,,2025-12-05T13:23:08Z,2004,2004-01-01,2004-12-31
7788658,GHED_GGHE-D_pc_US_SHA2011,COUNTRY,MYS,WPR,Western Pacific,YEAR,2012,,,,,,,,,200.50,200.49544164,,,,2025-12-05T13:23:08Z,2012,2012-01-01,2012-12-31
7788738,GHED_GGHE-D_pc_US_SHA2011,COUNTRY,SEN,AFR,Africa,YEAR,2023,,,,,,,,,20.19,20.19133338,,,,2026-01-12T13:50:53Z,2023,2023-01-01,2023-12-31
7789869,GHED_GGHE-D_pc_US_SHA2011,COUNTRY,MEX,AMR,Americas,YEAR,2019,,,,,,,,,270.29,270.28539045,,,,2025-12-05T13:23:08Z,2019,2019-01-01,2019-12-31
7790107,GHED_GGHE-D_pc_US_SHA2011,COUNTRY,ATG,AMR,Americas,YEAR,2012,,,,,,,,,424.19,424.18586689,,,,2025-12-05T13:23:08Z,2012,2012-01-01,2012-12-31
7790798,GHED_GGHE-D_pc_US_SHA2011,COUNTRY,DEU,EUR,Europe,YEAR,2017,,,,,,,,,3938.01,3938.0051213,,,,2025-12-05T13:23:08Z,2017,2017-01-01,2017-12-31
7791965,GHED_GGHE-D_pc_US_SHA2011,COUNTRY,SLE,AFR,Africa,YEAR,2000,,,,,,,,,1.87,1.87062185,,,,2025-12-05T13:23:08Z,2000,2000-01-01,2000-12-31
7794901,GHED_GGHE-D_pc_US_SHA2011,COUNTRY,NGA,AFR,Africa,YEAR,2019,,,,,,,,,10.64,10.64177071,,,,2025-12-05T13:23:08Z,2019,2019-01-01,2019-12-31
7796304,GHED_GGHE-D_pc_US_SHA2011,COUNTRY,LBY,EMR,Eastern Mediterranean,YEAR,2019,,,,,,,,,394.08,394.07827253,,,,2025-12-05T13:23:08Z,2019,2019-01-01,2019-12-31
7797667,GHED_GGHE-D_pc_US_SHA2011,COUNTRY,LCA,AMR,Americas,YEAR,2013,,,,,,,,,198.73,198.72796017,,,,2025-12-05T13:23:08Z,2013,2013-01-01,2013-12-31
7798782,GHED_GGHE-D_pc_US_SHA2011,WORLDBANKINCOMEGROUP,WB_HI,,,YEAR,2000,,,,,,,,,781.01,781.00892817,,,,2025-12-05T13:23:08Z,2000,2000-01-01,2000-12-31
7800139,GHED_GGHE-D_pc_US_SHA2011,COUNTRY,SLV,AMR,Americas,YEAR,2004,,,,,,,,,91.81,91.80617772,,,,2025-12-05T13:23:08Z,2004,2004-01-01,2004-12-31
7802797,GHED_GGHE-D_pc_US_SHA2011,COUNTRY,LTU,EUR,Europe,YEAR,2015,,,,,,,,,607.02,607.02060621,,,,2025-12-05T13:23:08Z,2015,2015-01-01,2015-12-31
7805463,GHED_GGHE-D_pc_US_SHA2011,COUNTRY,IRL,EUR,Europe,YEAR,2021,,,,,,,,,5179.09,5179.09193883,,,,2025-12-05T13:23:08Z,2021,2021-01-01,2021-12-31
7806795,GHED_GGHE-D_pc_US_SHA2011,COUNTRY,ZMB,AFR,Africa,YEAR,2013,,,,,,,,,23.85,23.85359769,,,,2025-12-05T13:23:08Z,2013,2013-01-01,2013-12-31
7807998,GHED_GGHE-D_pc_US_SHA2011,COUNTRY,CAN,AMR,Americas,YEAR,2010,,,,,,,,,3539.22,3539.21546668,,,,2025-12-05T13:23:08Z,2010,2010-01-01,2010-12-31
7809019,GHED_GGHE-D_pc_US_SHA2011,COUNTRY,DJI,EMR,Eastern Mediterranean,YEAR,2005,,,,,,,,,16.57,16.56994689,,,,2025-12-05T13:23:08Z,2005,2005-01-01,2005-12-31
7812556,GHED_GGHE-D_pc_US_SHA2011,COUNTRY,HTI,AMR,Americas,YEAR,2016,,,,,,,,,6.62,6.61920207,,,,2025-12-05T13:23:08Z,2016,2016-01-01,2016-12-31
7814421,GHED_GGHE-D_pc_US_SHA2011,COUNTRY,SDN,EMR,Eastern Mediterranean,YEAR,2003,,,,,,,,,7.33,7.33121181,,,,2025-12-05T13:23:08Z,2003,2003-01-01,2003-12-31
7815368,GHED_GGHE-D_pc_US_SHA2011,COUNTRY,PHL,WPR,Western Pacific,YEAR,2007,,,,,,,,,20.13,20.13007831,,,,2025-12-05T13:23:08Z,2007,2007-01-01,2007-12-31
7816402,GHED_GGHE-D_pc_US_SHA2011,COUNTRY,GNQ,AFR,Africa,YEAR,2009,,,,,,,,,102.19,102.19443472,,,,2025-12-05T13:23:08Z,2009,2009-01-01,2009-12-31
7819398,GHED_GGHE-D_pc_US_SHA2011,COUNTRY,IDN,WPR,Western Pacific,YEAR,2006,,,,,,,,,14.08,14.0816861,,,,2025-12-05T13:23:08Z,2006,2006-01-01,2006-12-31
7825962,GHED_GGHE-D_pc_US_SHA2011,COUNTRY,SDN,EMR,Eastern Mediterranean,YEAR,2008,,,,,,,,,26.46,26.45692884,,,,2025-12-05T13:23:08Z,2008,2008-01-01,2008-12-31
7826543,GHED_GGHE-D_pc_US_SHA2011,COUNTRY,GNB,AFR,Africa,YEAR,2002,,,,,,,,,1.28,1.28402814,,,,2025-12-05T13:23:08Z,2002,2002-01-01,2002-12-31
7830711,GHED_GGHE-D_pc_US_SHA2011,COUNTRY,AFG,EMR,Eastern Mediterranean,YEAR,2014,,,,,,,,,2.98,2.97861076,,,,2025-12-05T13:23:08Z,2014,2014-01-01,2014-12-31
7831311,GHED_GGHE-D_pc_US_SHA2011,COUNTRY,NIC,AMR,Americas,YEAR,2019,,,,,,,,,102.51,102.50521696,,,,2025-12-05T13:23:08Z,2019,2019-01-01,2019-12-31
7834508,GHED_GGHE-D_pc_US_SHA2011,COUNTRY,COL,AMR,Americas,YEAR,2021,,,,,,,,,413.49,413.49412526,,,,2025-12-05T13:23:08Z,2021,2021-01-01,2021-12-31
7836871,GHED_GGHE-D_pc_US_SHA2011,COUNTRY,MHL,WPR,Western Pacific,YEAR,2010,,,,,,,,,149.25,149.24588316,,,,2025-12-05T13:23:08Z,2010,2010-01-01,2010-12-31
7840099,GHED_GGHE-D_pc_US_SHA2011,COUNTRY,DOM,AMR,Americas,YEAR,2001,,,,,,,,,50.01,50.01033448,,,,2025-12-05T13:23:08Z,2001,2001-01-01,2001-12-31
7842100,GHED_GGHE-D_pc_US_SHA2011,COUNTRY,NGA,AFR,Africa,YEAR,2017,,,,,,,,,9.99,9.99456509,,,,2025-12-05T13:23:08Z,2017,2017-01-01,2017-12-31
7843884,GHED_GGHE-D_pc_US_SHA2011,COUNTRY,PAN,AMR,Americas,YEAR,2023,,,,,,,,,797.88,797.88028463,,,,2025-12-05T13:23:08Z,2023,2023-01-01,2023-12-31
7853407,GHED_GGHE-D_pc_US_SHA2011,COUNTRY,MAR,EMR,Eastern Mediterranean,YEAR,2016,,,,,,,,,63.88,63.87855692,,,,2025-12-05T13:23:08Z,2016,2016-01-01,2016-12-31
7856054,GHED_GGHE-D_pc_US_SHA2011,COUNTRY,TKM,EUR,Europe,YEAR,2022,,,,,,,,,86.13,86.13319423,,,,2025-12-05T13:23:08Z,2022,2022-01-01,2022-12-31
7860247,GHED_GGHE-D_pc_US_SHA2011,COUNTRY,TUR,EUR,Europe,YEAR,2020,,,,,,,,,304.55,304.54764834,,,,2025-12-05T13:23:08Z,2020,2020-01-01,2020-12-31
7860469,GHED_GGHE-D_pc_US_SHA2011,COUNTRY,STP,AFR,Africa,YEAR,2017,,,,,,,,,53.89,53.8876186,,,,2025-12-05T13:23:08Z,2017,2017-01-01,2017-12-31
7861032,GHED_GGHE-D_pc_US_SHA2011,COUNTRY,THA,SEAR,South-East Asia,YEAR,2006,,,,,,,,,74.30,74.29895295,,,,2025-12-05T13:23:08Z,2006,2006-01-01,2006-12-31
7862664,GHED_GGHE-D_pc_US_SHA2011,COUNTRY,MHL,WPR,Western Pacific,YEAR,2002,,,,,,,,,194.85,194.85372206,,,,2025-12-05T13:23:08Z,2002,2002-01-01,2002-12-31
7863342,GHED_GGHE-D_pc_US_SHA2011,COUNTRY,DZA,AFR,Africa,YEAR,2016,,,,,,,,,174.49,174.48679725,,,,2025-12-05T13:23:08Z,2016,2016-01-01,2016-12-31
7865056,GHED_GGHE-D_pc_US_SHA2011,COUNTRY,DNK,EUR,Europe,YEAR,2019,,,,,,,,,5064.37,5064.36615717,,,,2025-12-05T13:23:08Z,2019,2019-01-01,2019-12-31
7865315,GHED_GGHE-D_pc_US_SHA2011,COUNTRY,KIR,WPR,Western Pacific,YEAR,2023,,,,,,,,,186.84,186.83986366,,,,2025-12-05T13:23:08Z,2023,2023-01-01,2023-12-31
7867414,GHED_GGHE-D_pc_US_SHA2011,COUNTRY,SVN,EUR,Europe,YEAR,2023,,,,,,,,,2222.21,2222.21060136,,,,2025-12-05T13:23:08Z,2023,2023-01-01,2023-12-31
7877587,GHED_GGHE-D_pc_US_SHA2011,WORLDBANKINCOMEGROUP,WB_LMI,,,YEAR,2012,,,,,,,,,51.88,51.87672357,,,,2025-12-05T13:23:08Z,2012,2012-01-01,2012-12-31
7878810,GHED_GGHE-D_pc_US_SHA2011,COUNTRY,IRN,EMR,Eastern Mediterranean,YEAR,2021,,,,,,,,,92.17,92.16755425,,,,2025-12-05T13:23:08Z,2021,2021-01-01,2021-12-31
7882915,GHED_GGHE-D_pc_US_SHA2011,COUNTRY,SYR,EMR,Eastern Mediterranean,YEAR,2010,,,,,,,,,39.47,39.47131899,,,,2025-12-05T13:23:08Z,2010,2010-01-01,2010-12-31
7885075,GHED_GGHE-D_pc_US_SHA2011,REGION,AMR,,,YEAR,2013,,,,,,,,,549.82,549.82387595,,,,2025-12-05T13:23:08Z,2013,2013-01-01,2013-12-31
7886069,GHED_GGHE-D_pc_US_SHA2011,COUNTRY,HUN,EUR,Europe,YEAR,2012,,,,,,,,,623.21,623.20523213,,,,2025-12-05T13:23:08Z,2012,2012-01-01,2012-12-31
7886358,GHED_GGHE-D_pc_US_SHA2011,COUNTRY,RUS,EUR,Europe,YEAR,2007,,,,,,,,,285.20,285.20308598,,,,2025-12-05T13:23:08Z,2007,2007-01-01,2007-12-31
7889649,GHED_GGHE-D_pc_US_SHA2011,COUNTRY,LBR,AFR,Africa,YEAR,2019,,,,,,,,,8.28,8.28228745,,,,2025-12-05T13:23:08Z,2019,2019-01-01,2019-12-31
7890182,GHED_GGHE-D_pc_US_SHA2011,COUNTRY,MYS,WPR,Western Pacific,YEAR,2008,,,,,,,,,140.07,140.06843686,,,,2025-12-05T13:23:08Z,2008,2008-01-01,2008-12-31
7892265,GHED_GGHE-D_pc_US_SHA2011,COUNTRY,MOZ,AFR,Africa,YEAR,2009,,,,,,,,,6.99,6.98638441,,,,2025-12-05T13:23:08Z,2009,2009-01-01,2009-12-31
7896009,GHED_GGHE-D_pc_US_SHA2011,COUNTRY,CIV,AFR,Africa,YEAR,2022,,,,,,,,,34.78,34.78299225,,,,2026-01-12T13:50:53Z,2022,2022-01-01,2022-12-31
7904411,GHED_GGHE-D_pc_US_SHA2011,COUNTRY,OMN,EMR,Eastern Mediterranean,YEAR,2015,,,,,,,,,692.01,692.01485577,,,,2025-12-05T13:23:08Z,2015,2015-01-01,2015-12-31
7905713,GHED_GGHE-D_pc_US_SHA2011,COUNTRY,HRV,EUR,Europe,YEAR,2011,,,,,,,,,930.28,930.28349538,,,,2025-12-05T13:23:08Z,2011,2011-01-01,2011-12-31
7909271,GHED_GGHE-D_pc_US_SHA2011,COUNTRY,CHE,EUR,Europe,YEAR,2000,,,,,,,,,1014.13,1014.13297466,,,,2025-12-05T13:23:08Z,2000,2000-01-01,2000-12-31
7911244,GHED_GGHE-D_pc_US_SHA2011,COUNTRY,SVK,EUR,Europe,YEAR,2008,,,,,,,,,935.30,935.30106146,,,,2025-12-05T13:23:08Z,2008,2008-01-01,2008-12-31
7913410,GHED_GGHE-D_pc_US_SHA2011,COUNTRY,DJI,EMR,Eastern Mediterranean,YEAR,2002,,,,,,,,,13.53,13.53287244,,,,2025-12-05T13:23:08Z,2002,2002-01-01,2002-12-31
7915838,GHED_GGHE-D_pc_US_SHA2011,COUNTRY,PRT,EUR,Europe,YEAR,2016,,,,,,,,,1151.63,1151.6286032,,,,2025-12-05T13:23:08Z,2016,2016-01-01,2016-12-31
7916906,GHED_GGHE-D_pc_US_SHA2011,COUNTRY,MLT,EUR,Europe,YEAR,2017,,,,,,,,,1611.98,1611.97841769,,,,2025-12-05T13:23:08Z,2017,2017-01-01,2017-12-31
7917643,GHED_GGHE-D_pc_US_SHA2011,COUNTRY,SRB,EUR,Europe,YEAR,2022,,,,,,,,,567.42,567.41835411,,,,2025-12-05T13:23:08Z,2022,2022-01-01,2022-12-31
7923207,GHED_GGHE-D_pc_US_SHA2011,COUNTRY,VNM,WPR,Western Pacific,YEAR,2013,,,,,,,,,47.10,47.09572885,,,,2025-12-05T13:23:08Z,2013,2013-01-01,2013-12-31
7925465,GHED_GGHE-D_pc_US_SHA2011,COUNTRY,ALB,EUR,Europe,YEAR,2004,,,,,,,,,65.34,65.33530667,,,,2025-12-05T13:23:08Z,2004,2004-01-01,2004-12-31
7927862,GHED_GGHE-D_pc_US_SHA2011,COUNTRY,LUX,EUR,Europe,YEAR,2016,,,,,,,,,4623.00,4623.00443968,,,,2025-12-05T13:23:08Z,2016,2016-01-01,2016-12-31
7928657,GHED_GGHE-D_pc_US_SHA2011,COUNTRY,COK,WPR,Western Pacific,YEAR,2008,,,,,,,,,405.47,405.46808517,,,,2025-12-05T13:23:08Z,2008,2008-01-01,2008-12-31
7930111,GHED_GGHE-D_pc_US_SHA2011,COUNTRY,SAU,EMR,Eastern Mediterranean,YEAR,2022,,,,,,,,,1412.30,1412.30034426,,,,2025-12-05T13:23:08Z,2022,2022-01-01,2022-12-31
7935082,GHED_GGHE-D_pc_US_SHA2011,COUNTRY,FRA,EUR,Europe,YEAR,2002,,,,,,,,,1788.37,1788.37250336,,,,2025-12-05T13:23:08Z,2002,2002-01-01,2002-12-31
7938173,GHED_GGHE-D_pc_US_SHA2011,COUNTRY,TKM,EUR,Europe,YEAR,2021,,,,,,,,,81.03,81.03021833,,,,2025-12-05T13:23:08Z,2021,2021-01-01,2021-12-31
7939297,GHED_GGHE-D_pc_US_SHA2011,COUNTRY,ZAF,AFR,Africa,YEAR,2001,,,,,,,,,68.41,68.41444306,,,,2025-12-05T13:23:08Z,2001,2001-01-01,2001-12-31
7939826,GHED_GGHE-D_pc_US_SHA2011,COUNTRY,IRQ,EMR,Eastern Mediterranean,YEAR,2019,,,,,,,,,119.33,119.32911099,,,,2025-12-05T13:23:08Z,2019,2019-01-01,2019-12-31
7939891,GHED_GGHE-D_pc_US_SHA2011,COUNTRY,TUN,EMR,Eastern Mediterranean,YEAR,2012,,,,,,,,,153.97,153.96982507,,,,2025-12-05T13:23:08Z,2012,2012-01-01,2012-12-31
7941087,GHED_GGHE-D_pc_US_SHA2011,COUNTRY,UZB,EUR,Europe,YEAR,2013,,,,,,,,,59.08,59.07867044,,,,2025-12-05T13:23:08Z,2013,2013-01-01,2013-12-31
7941154,GHED_GGHE-D_pc_US_SHA2011,COUNTRY,NOR,EUR,Europe,YEAR,2001,,,,,,,,,2565.98,2565.97750841,,,,2025-12-05T13:23:08Z,2001,2001-01-01,2001-12-31
7941911,GHED_GGHE-D_pc_US_SHA2011,COUNTRY,COD,AFR,Africa,YEAR,2013,,,,,,,,,2.15,2.14920562,,,,2025-12-05T13:23:08Z,2013,2013-01-01,2013-12-31
7943514,GHED_GGHE-D_pc_US_SHA2011,COUNTRY,BGR,EUR,Europe,YEAR,2009,,,,,,,,,247.13,247.12506234,,,,2025-12-05T13:23:08Z,2009,2009-01-01,2009-12-31
7943551,GHED_GGHE-D_pc_US_SHA2011,COUNTRY,COL,AMR,Americas,YEAR,2023,,,,,,,,,401.70,401.69897033,,,,2025-12-05T13:23:08Z,2023,2023-01-01,2023-12-31
7948122,GHED_GGHE-D_pc_US_SHA2011,COUNTRY,JOR,EMR,Eastern Mediterranean,YEAR,2009,,,,,,,,,212.60,212.59622852,,,,2025-12-05T13:23:08Z,2009,2009-01-01,2009-12-31
7949404,GHED_GGHE-D_pc_US_SHA2011,COUNTRY,LVA,EUR,Europe,YEAR,2011,,,,,,,,,485.50,485.49612889,,,,2025-12-05T13:23:08Z,2011,2011-01-01,2011-12-31
7950588,GHED_GGHE-D_pc_US_SHA2011,COUNTRY,RUS,EUR,Europe,YEAR,2023,,,,,,,,,702.76,702.76491386,,,,2025-12-05T13:23:08Z,2023,2023-01-01,2023-12-31
7958090,GHED_GGHE-D_pc_US_SHA2011,COUNTRY,SYR,EMR,Eastern Mediterranean,YEAR,2012,,,,,,,,,28.40,28.39890873,,,,2025-12-05T13:23:08Z,2012,2012-01-01,2012-12-31
7960635,GHED_GGHE-D_pc_US_SHA2011,COUNTRY,LBN,EMR,Eastern Mediterranean,YEAR,2017,,,,,,,,,316.51,316.51469399,,,,2025-12-05T13:23:08Z,2017,2017-01-01,2017-12-31
7962090,GHED_GGHE-D_pc_US_SHA2011,COUNTRY,IRN,EMR,Eastern Mediterranean,YEAR,2018,,,,,,,,,116.67,116.6687932,,,,2025-12-05T13:23:08Z,2018,2018-01-01,2018-12-31
7962300,GHED_GGHE-D_pc_US_SHA2011,COUNTRY,UGA,AFR,Africa,YEAR,2022,,,,,,,,,9.83,9.82832152,,,,2025-12-05T13:23:08Z,2022,2022-01-01,2022-12-31
7962329,GHED_GGHE-D_pc_US_SHA2011,COUNTRY,THA,SEAR,South-East Asia,YEAR,2012,,,,,,,,,153.46,153.45788728,,,,2025-12-05T13:23:08Z,2012,2012-01-01,2012-12-31
7962853,GHED_GGHE-D_pc_US_SHA2011,COUNTRY,NPL,SEAR,South-East Asia,YEAR,2002,,,,,,,,,2.11,2.10612544,,,,2025-12-05T13:23:08Z,2002,2002-01-01,2002-12-31
7964083,GHED_GGHE-D_pc_US_SHA2011,COUNTRY,TLS,SEAR,South-East Asia,YEAR,2009,,,,,,,,,22.29,22.28590683,,,,2025-12-05T13:23:08Z,2009,2009-01-01,2009-12-31
7964646,GHED_GGHE-D_pc_US_SHA2011,COUNTRY,MNG,WPR,Western Pacific,YEAR,2000,,,,,,,,,21.35,21.35266712,,,,2025-12-05T13:23:08Z,2000,2000-01-01,2000-12-31
7967237,GHED_GGHE-D_pc_US_SHA2011,COUNTRY,PLW,WPR,Western Pacific,YEAR,2004,,,,,,,,,347.44,347.44007467,,,,2025-12-05T13:23:08Z,2004,2004-01-01,2004-12-31
7970355,GHED_GGHE-D_pc_US_SHA2011,COUNTRY,CHL,AMR,Americas,YEAR,2003,,,,,,,,,132.40,132.39955067,,,,2025-12-05T13:23:08Z,2003,2003-01-01,2003-12-31
7974698,GHED_GGHE-D_pc_US_SHA2011,COUNTRY,CMR,AFR,Africa,YEAR,2017,,,,,,,,,2.11,2.11259902,,,,2025-12-05T13:23:08Z,2017,2017-01-01,2017-12-31
7977331,GHED_GGHE-D_pc_US_SHA2011,COUNTRY,FIN,EUR,Europe,YEAR,2003,,,,,,,,,2020.88,2020.88210561,,,,2025-12-05T13:23:08Z,2003,2003-01-01,2003-12-31
7978084,GHED_GGHE-D_pc_US_SHA2011,COUNTRY,VUT,WPR,Western Pacific,YEAR,2019,,,,,,,,,61.07,61.07442332,,,,2025-12-05T13:23:08Z,2019,2019-01-01,2019-12-31
7978120,GHED_GGHE-D_pc_US_SHA2011,COUNTRY,MWI,AFR,Africa,YEAR,2017,,,,,,,,,8.52,8.52325603,,,,2025-12-05T13:23:08Z,2017,2017-01-01,2017-12-31
7979341,GHED_GGHE-D_pc_US_SHA2011,COUNTRY,UGA,AFR,Africa,YEAR,2005,,,,,,,,,4.60,4.60114606,,,,2025-12-05T13:23:08Z,2005,2005-01-01,2005-12-31
7979390,GHED_GGHE-D_pc_US_SHA2011,COUNTRY,MCO,EUR,Europe,YEAR,2022,,,,,,,,,6643.17,6643.17445732,,,,2025-12-05T13:23:08Z,2022,2022-01-01,2022-12-31
7981954,GHED_GGHE-D_pc_US_SHA2011,COUNTRY,PSE,EMR,Eastern Mediterranean,YEAR,2020,,,,,,,,,118.07,118.07163039,,,,2025-12-05T13:23:08Z,2020,2020-01-01,2020-12-31
7984510,GHED_GGHE-D_pc_US_SHA2011,REGION,SEAR,,,YEAR,2006,,,,,,,,,34.40,34.39963666,,,,2025-12-05T13:23:08Z,2006,2006-01-01,2006-12-31
7986546,GHED_GGHE-D_pc_US_SHA2011,COUNTRY,CHL,AMR,Americas,YEAR,2009,,,,,,,,,342.38,342.38391234,,,,2025-12-05T13:23:08Z,2009,2009-01-01,2009-12-31
7990637,GHED_GGHE-D_pc_US_SHA2011,COUNTRY,MNG,WPR,Western Pacific,YEAR,2017,,,,,,,,,83.58,83.57559211,,,,2025-12-05T13:23:08Z,2017,2017-01-01,2017-12-31
7995105,GHED_GGHE-D_pc_US_SHA2011,REGION,EUR,,,YEAR,2016,,,,,,,,,1715.16,1715.16495117,,,,2025-12-05T13:23:08Z,2016,2016-01-01,2016-12-31
7998925,GHED_GGHE-D_pc_US_SHA2011,COUNTRY,CYP,EUR,Europe,YEAR,2005,,,,,,,,,566.51,566.50520102,,,,2025-12-05T13:23:08Z,2005,2005-01-01,2005-12-31
7998931,GHED_GGHE-D_pc_US_SHA2011,COUNTRY,AZE,EUR,Europe,YEAR,2006,,,,,,,,,20.90,20.90210055,,,,2025-12-05T13:23:08Z,2006,2006-01-01,2006-12-31
7999442,GHED_GGHE-D_pc_US_SHA2011,COUNTRY,LCA,AMR,Americas,YEAR,2018,,,,,,,,,230.62,230.62121169,,,,2025-12-05T13:23:08Z,2018,2018-01-01,2018-12-31
8001982,GHED_GGHE-D_pc_US_SHA2011,COUNTRY,EGY,EMR,Eastern Mediterranean,YEAR,2001,,,,,,,,,23.50,23.5002562,,,,2025-12-05T13:23:08Z,2001,2001-01-01,2001-12-31
8002710,GHED_GGHE-D_pc_US_SHA2011,COUNTRY,GEO,EUR,Europe,YEAR,2016,,,,,,,,,117.00,116.99605865,,,,2025-12-05T13:23:08Z,2016,2016-01-01,2016-12-31
8010332,GHED_GGHE-D_pc_US_SHA2011,REGION,EUR,,,YEAR,2011,,,,,,,,,1829.21,1829.21183218,,,,2025-12-05T13:23:08Z,2011,2011-01-01,2011-12-31
8011254,GHED_GGHE-D_pc_US_SHA2011,COUNTRY,KGZ,EUR,Europe,YEAR,2014,,,,,,,,,34.81,34.80675565,,,,2025-12-05T13:23:08Z,2014,2014-01-01,2014-12-31
8011935,GHED_GGHE-D_pc_US_SHA2011,COUNTRY,LBR,AFR,Africa,YEAR,2009,,,,,,,,,5.36,5.36269723,,,,2025-12-05T13:23:08Z,2009,2009-01-01,2009-12-31
8013091,GHED_GGHE-D_pc_US_SHA2011,COUNTRY,SDN,EMR,Eastern Mediterranean,YEAR,2020,,,,,,,,,7.83,7.83273023,,,,2025-12-05T13:23:08Z,2020,2020-01-01,2020-12-31
8013267,GHED_GGHE-D_pc_US_SHA2011,COUNTRY,STP,AFR,Africa,YEAR,2007,,,,,,,,,14.19,14.18523647,,,,2025-12-05T13:23:08Z,2007,2007-01-01,2007-12-31
8013537,GHED_GGHE-D_pc_US_SHA2011,COUNTRY,ESP,EUR,Europe,YEAR,2018,,,,,,,,,1926.19,1926.19276526,,,,2025-12-05T13:23:08Z,2018,2018-01-01,2018-12-31
8017285,GHED_GGHE-D_pc_US_SHA2011,COUNTRY,LTU,EUR,Europe,YEAR,2003,,,,,,,,,251.83,251.82568954,,,,2025-12-05T13:23:08Z,2003,2003-01-01,2003-12-31
8022510,GHED_GGHE-D_pc_US_SHA2011,COUNTRY,ROU,EUR,Europe,YEAR,2013,,,,,,,,,391.00,391.0020406,,,,2025-12-05T13:23:08Z,2013,2013-01-01,2013-12-31
8027044,GHED_GGHE-D_pc_US_SHA2011,COUNTRY,LUX,EUR,Europe,YEAR,2015,,,,,,,,,4581.85,4581.85288046,,,,2025-12-05T13:23:08Z,2015,2015-01-01,2015-12-31
8029204,GHED_GGHE-D_pc_US_SHA2011,COUNTRY,BLZ,AMR,Americas,YEAR,2013,,,,,,,,,174.06,174.06021772,,,,2025-12-05T13:23:08Z,2013,2013-01-01,2013-12-31
8031091,GHED_GGHE-D_pc_US_SHA2011,COUNTRY,BTN,SEAR,South-East Asia,YEAR,2010,,,,,,,,,52.16,52.15700954,,,,2025-12-05T13:23:08Z,2010,2010-01-01,2010-12-31
8031238,GHED_GGHE-D_pc_US_SHA2011,COUNTRY,BIH,EUR,Europe,YEAR,2004,,,,,,,,,126.61,126.60674576,,,,2025-12-05T13:23:08Z,2004,2004-01-01,2004-12-31
8032476,GHED_GGHE-D_pc_US_SHA2011,COUNTRY,TGO,AFR,Africa,YEAR,2022,,,,,,,,,5.95,5.9483952,,,,2025-12-05T13:23:08Z,2022,2022-01-01,2022-12-31
8033559,GHED_GGHE-D_pc_US_SHA2011,COUNTRY,BIH,EUR,Europe,YEAR,2017,,,,,,,,,330.52,330.51764373,,,,2025-12-05T13:23:08Z,2017,2017-01-01,2017-12-31
8043318,GHED_GGHE-D_pc_US_SHA2011,COUNTRY,BRN,WPR,Western Pacific,YEAR,2020,,,,,,,,,619.65,619.64980633,,,,2025-12-05T13:23:08Z,2020,2020-01-01,2020-12-31
8044346,GHED_GGHE-D_pc_US_SHA2011,COUNTRY,DJI,EMR,Eastern Mediterranean,YEAR,2021,,,,,,,,,23.20,23.1981639,,,,2025-12-05T13:23:08Z,2021,2021-01-01,2021-12-31
8045141,GHED_GGHE-D_pc_US_SHA2011,COUNTRY,BGD,SEAR,South-East Asia,YEAR,2012,,,,,,,,,4.68,4.67684189,,,,2025-12-05T13:23:08Z,2012,2012-01-01,2012-12-31
8045850,GHED_GGHE-D_pc_US_SHA2011,COUNTRY,ESP,EUR,Europe,YEAR,2022,,,,,,,,,2150.59,2150.58583052,,,,2025-12-05T13:23:08Z,2022,2022-01-01,2022-12-31
8046724,GHED_GGHE-D_pc_US_SHA2011,COUNTRY,TCD,AFR,Africa,YEAR,2013,,,,,,,,,10.90,10.90157904,,,,2025-12-05T13:23:08Z,2013,2013-01-01,2013-12-31
8046961,GHED_GGHE-D_pc_US_SHA2011,COUNTRY,PRY,AMR,Americas,YEAR,2003,,,,,,,,,23.54,23.53767305,,,,2025-12-05T13:23:08Z,2003,2003-01-01,2003-12-31
8048728,GHED_GGHE-D_pc_US_SHA2011,COUNTRY,THA,SEAR,South-East Asia,YEAR,2004,,,,,,,,,53.16,53.16292567,,,,2025-12-05T13:23:08Z,2004,2004-01-01,2004-12-31
8052033,GHED_GGHE-D_pc_US_SHA2011,COUNTRY,BWA,AFR,Africa,YEAR,2023,,,,,,,,,369.46,369.45645879,,,,2025-12-05T13:23:08Z,2023,2023-01-01,2023-12-31
8054837,GHED_GGHE-D_pc_US_SHA2011,COUNTRY,RWA,AFR,Africa,YEAR,2018,,,,,,,,,12.68,12.68199256,,,,2025-12-05T13:23:08Z,2018,2018-01-01,2018-12-31
8059204,GHED_GGHE-D_pc_US_SHA2011,COUNTRY,PNG,WPR,Western Pacific,YEAR,2010,,,,,,,,,24.28,24.2752458,,,,2025-12-05T13:23:08Z,2010,2010-01-01,2010-12-31
8062941,GHED_GGHE-D_pc_US_SHA2011,COUNTRY,MHL,WPR,Western Pacific,YEAR,2003,,,,,,,,,213.66,213.66319839,,,,2025-12-05T13:23:08Z,2003,2003-01-01,2003-12-31
8071943,GHED_GGHE-D_pc_US_SHA2011,COUNTRY,GNB,AFR,Africa,YEAR,2000,,,,,,,,,1.88,1.88070972,,,,2025-12-05T13:23:08Z,2000,2000-01-01,2000-12-31
8072134,GHED_GGHE-D_pc_US_SHA2011,COUNTRY,FSM,WPR,Western Pacific,YEAR,2018,,,,,,,,,50.46,50.46174744,,,,2025-12-05T13:23:08Z,2018,2018-01-01,2018-12-31
8072817,GHED_GGHE-D_pc_US_SHA2011,COUNTRY,HND,AMR,Americas,YEAR,2018,,,,,,,,,70.22,70.21578193,,,,2025-12-05T13:23:08Z,2018,2018-01-01,2018-12-31
8083173,GHED_GGHE-D_pc_US_SHA2011,COUNTRY,ALB,EUR,Europe,YEAR,2003,,,,,,,,,47.63,47.62878791,,,,2025-12-05T13:23:08Z,2003,2003-01-01,2003-12-31
8083335,GHED_GGHE-D_pc_US_SHA2011,COUNTRY,LBY,EMR,Eastern Mediterranean,YEAR,2001,,,,,,,,,139.32,139.32377318,,,,2025-12-05T13:23:08Z,2001,2001-01-01,2001-12-31
8083373,GHED_GGHE-D_pc_US_SHA2011,COUNTRY,COK,WPR,Western Pacific,YEAR,2022,,,,,,,,,1046.85,1046.84944396,,,,2025-12-05T13:23:08Z,2022,2022-01-01,2022-12-31
8085806,GHED_GGHE-D_pc_US_SHA2011,COUNTRY,POL,EUR,Europe,YEAR,2011,,,,,,,,,615.15,615.15040439,,,,2025-12-05T13:23:08Z,2011,2011-01-01,2011-12-31
8086457,GHED_GGHE-D_pc_US_SHA2011,COUNTRY,SWZ,AFR,Africa,YEAR,2006,,,,,,,,,105.00,104.99565926,,,,2025-12-05T13:23:08Z,2006,2006-01-01,2006-12-31
8086693,GHED_GGHE-D_pc_US_SHA2011,REGION,AFR,,,YEAR,2011,,,,,,,,,57.47,57.47130172,,,,2025-12-05T13:23:08Z,2011,2011-01-01,2011-12-31
8091473,GHED_GGHE-D_pc_US_SHA2011,COUNTRY,AND,EUR,Europe,YEAR,2010,,,,,,,,,2431.74,2431.739854,,,,2025-12-05T13:23:08Z,2010,2010-01-01,2010-12-31
8091609,GHED_GGHE-D_pc_US_SHA2011,COUNTRY,PAN,AMR,Americas,YEAR,2016,,,,,,,,,645.22,645.21661094,,,,2025-12-05T13:23:08Z,2016,2016-01-01,2016-12-31
8092813,GHED_GGHE-D_pc_US_SHA2011,COUNTRY,MLT,EUR,Europe,YEAR,2021,,,,,,,,,2452.94,2452.94464206,,,,2025-12-05T13:23:08Z,2021,2021-01-01,2021-12-31
8093973,GHED_GGHE-D_pc_US_SHA2011,COUNTRY,BGD,SEAR,South-East Asia,YEAR,2015,,,,,,,,,5.68,5.67753408,,,,2025-12-05T13:23:08Z,2015,2015-01-01,2015-12-31
8101897,GHED_GGHE-D_pc_US_SHA2011,COUNTRY,GRD,AMR,Americas,YEAR,2005,,,,,,,,,153.45,153.44875735,,,,2025-12-05T13:23:08Z,2005,2005-01-01,2005-12-31
8110265,GHED_GGHE-D_pc_US_SHA2011,COUNTRY,MNG,WPR,Western Pacific,YEAR,2016,,,,,,,,,94.28,94.27861965,,,,2025-12-05T13:23:08Z,2016,2016-01-01,2016-12-31
8110925,GHED_GGHE-D_pc_US_SHA2011,COUNTRY,CHN,WPR,Western Pacific,YEAR,2022,,,,,,,,,435.83,435.83493412,,,,2025-12-05T13:23:08Z,2022,2022-01-01,2022-12-31
8111167,GHED_GGHE-D_pc_US_SHA2011,COUNTRY,KOR,WPR,Western Pacific,YEAR,2006,,,,,,,,,600.77,600.76553974,,,,2025-12-05T13:23:08Z,2006,2006-01-01,2006-12-31
8111945,GHED_GGHE-D_pc_US_SHA2011,COUNTRY,UKR,EUR,Europe,YEAR,2019,,,,,,,,,108.76,108.75746001,,,,2025-12-05T13:23:08Z,2019,2019-01-01,2019-12-31
8112608,GHED_GGHE-D_pc_US_SHA2011,COUNTRY,SYR,EMR,Eastern Mediterranean,YEAR,2005,,,,,,,,,31.23,31.22998097,,,,2025-12-05T13:23:08Z,2005,2005-01-01,2005-12-31
8113418,GHED_GGHE-D_pc_US_SHA2011,COUNTRY,NIC,AMR,Americas,YEAR,2003,,,,,,,,,26.12,26.11688539,,,,2025-12-05T13:23:08Z,2003,2003-01-01,2003-12-31
8116283,GHED_GGHE-D_pc_US_SHA2011,COUNTRY,CMR,AFR,Africa,YEAR,2001,,,,,,,,,5.58,5.58268912,,,,2025-12-05T13:23:08Z,2001,2001-01-01,2001-12-31
8121995,GHED_GGHE-D_pc_US_SHA2011,COUNTRY,BGD,SEAR,South-East Asia,YEAR,2013,,,,,,,,,5.14,5.13671364,,,,2025-12-05T13:23:08Z,2013,2013-01-01,2013-12-31
8125097,GHED_GGHE-D_pc_US_SHA2011,COUNTRY,EST,EUR,Europe,YEAR,2005,,,,,,,,,405.14,405.13700618,,,,2025-12-05T13:23:08Z,2005,2005-01-01,2005-12-31
8130060,GHED_GGHE-D_pc_US_SHA2011,COUNTRY,TJK,EUR,Europe,YEAR,2021,,,,,,,,,17.40,17.40381779,,,,2025-12-05T13:23:08Z,2021,2021-01-01,2021-12-31
8130187,GHED_GGHE-D_pc_US_SHA2011,COUNTRY,PAK,EMR,Eastern Mediterranean,YEAR,2013,,,,,,,,,7.40,7.39920153,,,,2025-12-05T13:23:08Z,2013,2013-01-01,2013-12-31
8131409,GHED_GGHE-D_pc_US_SHA2011,COUNTRY,MOZ,AFR,Africa,YEAR,2016,,,,,,,,,7.61,7.60744897,,,,2025-12-05T13:23:08Z,2016,2016-01-01,2016-12-31
8133463,GHED_GGHE-D_pc_US_SHA2011,COUNTRY,BOL,AMR,Americas,YEAR,2006,,,,,,,,,31.40,31.40362449,,,,2025-12-05T13:23:08Z,2006,2006-01-01,2006-12-31
8134193,GHED_GGHE-D_pc_US_SHA2011,COUNTRY,TLS,SEAR,South-East Asia,YEAR,2021,,,,,,,,,83.80,83.79508176,,,,2025-12-05T13:23:08Z,2021,2021-01-01,2021-12-31
8134272,GHED_GGHE-D_pc_US_SHA2011,COUNTRY,ESP,EUR,Europe,YEAR,2005,,,,,,,,,1476.36,1476.35610718,,,,2025-12-05T13:23:08Z,2005,2005-01-01,2005-12-31
8134708,GHED_GGHE-D_pc_US_SHA2011,COUNTRY,GRC,EUR,Europe,YEAR,2008,,,,,,,,,1855.84,1855.8395566,,,,2025-12-05T13:23:08Z,2008,2008-01-01,2008-12-31
8136367,GHED_GGHE-D_pc_US_SHA2011,COUNTRY,NIC,AMR,Americas,YEAR,2005,,,,,,,,,29.68,29.67843576,,,,2025-12-05T13:23:08Z,2005,2005-01-01,2005-12-31
8141545,GHED_GGHE-D_pc_US_SHA2011,COUNTRY,MKD,EUR,Europe,YEAR,2021,,,,,,,,,346.89,346.8857104,,,,2025-12-05T13:23:08Z,2021,2021-01-01,2021-12-31
8143145,GHED_GGHE-D_pc_US_SHA2011,COUNTRY,WSM,WPR,Western Pacific,YEAR,2012,,,,,,,,,154.56,154.56179976,,,,2025-12-05T13:23:08Z,2012,2012-01-01,2012-12-31
8143942,GHED_GGHE-D_pc_US_SHA2011,COUNTRY,GMB,AFR,Africa,YEAR,2022,,,,,,,,,12.90,12.90234417,,,,2025-12-05T13:23:08Z,2022,2022-01-01,2022-12-31
8145046,GHED_GGHE-D_pc_US_SHA2011,COUNTRY,BEN,AFR,Africa,YEAR,2007,,,,,,,,,8.71,8.7111773,,,,2025-12-05T13:23:08Z,2007,2007-01-01,2007-12-31
8146881,GHED_GGHE-D_pc_US_SHA2011,COUNTRY,CHL,AMR,Americas,YEAR,2006,,,,,,,,,233.97,233.97249812,,,,2025-12-05T13:23:08Z,2006,2006-01-01,2006-12-31
8147469,GHED_GGHE-D_pc_US_SHA2011,COUNTRY,HUN,EUR,Europe,YEAR,2000,,,,,,,,,215.56,215.56372563,,,,2025-12-05T13:23:08Z,2000,2000-01-01,2000-12-31
8151858,GHED_GGHE-D_pc_US_SHA2011,COUNTRY,TON,WPR,Western Pacific,YEAR,2021,,,,,,,,,162.00,162.00139348,,,,2025-12-05T13:23:08Z,2021,2021-01-01,2021-12-31
8152546,GHED_GGHE-D_pc_US_SHA2011,COUNTRY,COL,AMR,Americas,YEAR,2004,,,,,,,,,117.37,117.36533099,,,,2025-12-05T13:23:08Z,2004,2004-01-01,2004-12-31
8154768,GHED_GGHE-D_pc_US_SHA2011,COUNTRY,LAO,WPR,Western Pacific,YEAR,2016,,,,,,,,,17.62,17.61847227,,,,2025-12-05T13:23:08Z,2016,2016-01-01,2016-12-31
8156108,GHED_GGHE-D_pc_US_SHA2011,COUNTRY,KGZ,EUR,Europe,YEAR,2000,,,,,,,,,5.82,5.81932471,,,,2025-12-05T13:23:08Z,2000,2000-01-01,2000-12-31
8156718,GHED_GGHE-D_pc_US_SHA2011,COUNTRY,KEN,AFR,Africa,YEAR,2009,,,,,,,,,15.30,15.29922611,,,,2025-12-05T13:23:08Z,2009,2009-01-01,2009-12-31
8157572,GHED_GGHE-D_pc_US_SHA2011,COUNTRY,SYR,EMR,Eastern Mediterranean,YEAR,2008,,,,,,,,,38.09,38.08803272,,,,2025-12-05T13:23:08Z,2008,2008-01-01,2008-12-31
8161566,GHED_GGHE-D_pc_US_SHA2011,COUNTRY,WSM,WPR,Western Pacific,YEAR,2021,,,,,,,,,201.65,201.64545648,,,,2025-12-05T13:23:08Z,2021,2021-01-01,2021-12-31
8162613,GHED_GGHE-D_pc_US_SHA2011,COUNTRY,SYC,AFR,Africa,YEAR,2009,,,,,,,,,216.04,216.04401359,,,,2025-12-05T13:23:08Z,2009,2009-01-01,2009-12-31
8176972,GHED_GGHE-D_pc_US_SHA2011,COUNTRY,MDV,SEAR,South-East Asia,YEAR,2009,,,,,,,,,392.18,392.18044514,,,,2025-12-05T13:23:08Z,2009,2009-01-01,2009-12-31
8178260,GHED_GGHE-D_pc_US_SHA2011,COUNTRY,UKR,EUR,Europe,YEAR,2016,,,,,,,,,74.61,74.60953581,,,,2025-12-05T13:23:08Z,2016,2016-01-01,2016-12-31
8179059,GHED_GGHE-D_pc_US_SHA2011,COUNTRY,JAM,AMR,Americas,YEAR,2007,,,,,,,,,125.66,125.65951492,,,,2025-12-05T13:23:08Z,2007,2007-01-01,2007-12-31
8180090,GHED_GGHE-D_pc_US_SHA2011,COUNTRY,UZB,EUR,Europe,YEAR,2018,,,,,,,,,31.50,31.50110187,,,,2025-12-05T13:23:08Z,2018,2018-01-01,2018-12-31
8184250,GHED_GGHE-D_pc_US_SHA2011,COUNTRY,ISL,EUR,Europe,YEAR,2012,,,,,,,,,3029.10,3029.09628515,,,,2025-12-05T13:23:08Z,2012,2012-01-01,2012-12-31
8184550,GHED_GGHE-D_pc_US_SHA2011,COUNTRY,LAO,WPR,Western Pacific,YEAR,2020,,,,,,,,,19.98,19.98432799,,,,2025-12-05T13:23:08Z,2020,2020-01-01,2020-12-31
8184579,GHED_GGHE-D_pc_US_SHA2011,COUNTRY,JPN,WPR,Western Pacific,YEAR,2017,,,,,,,,,3482.48,3482.4822418,,,,2025-12-05T13:23:08Z,2017,2017-01-01,2017-12-31
8193701,GHED_GGHE-D_pc_US_SHA2011,COUNTRY,COL,AMR,Americas,YEAR,2008,,,,,,,,,262.99,262.9948719,,,,2025-12-05T13:23:08Z,2008,2008-01-01,2008-12-31
8194201,GHED_GGHE-D_pc_US_SHA2011,COUNTRY,LSO,AFR,Africa,YEAR,2006,,,,,,,,,28.02,28.02025244,,,,2025-12-05T13:23:08Z,2006,2006-01-01,2006-12-31
8196049,GHED_GGHE-D_pc_US_SHA2011,COUNTRY,NAM,AFR,Africa,YEAR,2006,,,,,,,,,195.29,195.28689495,,,,2025-12-05T13:23:08Z,2006,2006-01-01,2006-12-31
8199357,GHED_GGHE-D_pc_US_SHA2011,COUNTRY,IDN,WPR,Western Pacific,YEAR,2017,,,,,,,,,51.28,51.27903008,,,,2025-12-05T13:23:08Z,2017,2017-01-01,2017-12-31
8201891,GHED_GGHE-D_pc_US_SHA2011,COUNTRY,GAB,AFR,Africa,YEAR,2019,,,,,,,,,124.24,124.24018612,,,,2025-12-05T13:23:08Z,2019,2019-01-01,2019-12-31
8202810,GHED_GGHE-D_pc_US_SHA2011,COUNTRY,SWE,EUR,Europe,YEAR,2006,,,,,,,,,3084.97,3084.96982482,,,,2025-12-05T13:23:08Z,2006,2006-01-01,2006-12-31
8203675,GHED_GGHE-D_pc_US_SHA2011,COUNTRY,IRL,EUR,Europe,YEAR,2011,,,,,,,,,3996.62,3996.62234431,,,,2025-12-05T13:23:08Z,2011,2011-01-01,2011-12-31
8206558,GHED_GGHE-D_pc_US_SHA2011,COUNTRY,BRA,AMR,Americas,YEAR,2015,,,,,,,,,344.40,344.39804222,,,,2025-12-05T13:23:08Z,2015,2015-01-01,2015-12-31
8207480,GHED_GGHE-D_pc_US_SHA2011,COUNTRY,CHL,AMR,Americas,YEAR,2001,,,,,,,,,117.69,117.68631938,,,,2025-12-05T13:23:08Z,2001,2001-01-01,2001-12-31
8208363,GHED_GGHE-D_pc_US_SHA2011,COUNTRY,BDI,AFR,Africa,YEAR,2010,,,,,,,,,4.30,4.30267791,,,,2025-12-05T13:23:08Z,2010,2010-01-01,2010-12-31
8209121,GHED_GGHE-D_pc_US_SHA2011,COUNTRY,PAK,EMR,Eastern Mediterranean,YEAR,2022,,,,,,,,,14.79,14.78932112,,,,2025-12-05T13:23:08Z,2022,2022-01-01,2022-12-31
8209334,GHED_GGHE-D_pc_US_SHA2011,COUNTRY,LSO,AFR,Africa,YEAR,2016,,,,,,,,,55.35,55.3486118,,,,2025-12-05T13:23:08Z,2016,2016-01-01,2016-12-31
8211624,GHED_GGHE-D_pc_US_SHA2011,COUNTRY,GTM,AMR,Americas,YEAR,2007,,,,,,,,,50.78,50.78056842,,,,2025-12-05T13:23:08Z,2007,2007-01-01,2007-12-31
8215072,GHED_GGHE-D_pc_US_SHA2011,COUNTRY,USA,AMR,Americas,YEAR,2005,,,,,,,,,2923.48,2923.48379124,,,,2025-12-05T13:23:08Z,2005,2005-01-01,2005-12-31
8215193,GHED_GGHE-D_pc_US_SHA2011,COUNTRY,PAK,EMR,Eastern Mediterranean,YEAR,2003,,,,,,,,,3.49,3.49066139,,,,2025-12-05T13:23:08Z,2003,2003-01-01,2003-12-31
8220132,GHED_GGHE-D_pc_US_SHA2011,COUNTRY,HND,AMR,Americas,YEAR,2022,,,,,,,,,96.14,96.14446243,,,,2025-12-05T13:23:08Z,2022,2022-01-01,2022-12-31
8221668,GHED_GGHE-D_pc_US_SHA2011,COUNTRY,ERI,AFR,Africa,YEAR,2020,,,,,,,,,5.40,5.400379,,,,2025-12-05T13:23:08Z,2020,2020-01-01,2020-12-31
8226462,GHED_GGHE-D_pc_US_SHA2011,COUNTRY,FRA,EUR,Europe,YEAR,2021,,,,,,,,,4051.64,4051.64141165,,,,2025-12-05T13:23:08Z,2021,2021-01-01,2021-12-31
8230566,GHED_GGHE-D_pc_US_SHA2011,COUNTRY,PAN,AMR,Americas,YEAR,2018,,,,,,,,,711.88,711.87998046,,,,2025-12-05T13:23:08Z,2018,2018-01-01,2018-12-31
8233796,GHED_GGHE-D_pc_US_SHA2011,COUNTRY,AND,EUR,Europe,YEAR,2000,,,,,,,,,846.49,846.48664869,,,,2025-12-05T13:23:08Z,2000,2000-01-01,2000-12-31
8233968,GHED_GGHE-D_pc_US_SHA2011,COUNTRY,VEN,AMR,Americas,YEAR,2023,,,,,,,,,59.02,59.01582553,,,,2025-12-05T13:23:08Z,2023,2023-01-01,2023-12-31
8235149,GHED_GGHE-D_pc_US_SHA2011,REGION,EUR,,,YEAR,2023,,,,,,,,,2381.47,2381.46679169,,,,2025-12-05T13:23:08Z,2023,2023-01-01,2023-12-31
8236120,GHED_GGHE-D_pc_US_SHA2011,COUNTRY,BDI,AFR,Africa,YEAR,2022,,,,,,,,,4.67,4.66674344,,,,2025-12-05T13:23:08Z,2022,2022-01-01,2022-12-31
8237988,GHED_GGHE-D_pc_US_SHA2011,REGION,EMR,,,YEAR,2005,,,,,,,,,185.14,185.14146554,,,,2025-12-05T13:23:08Z,2005,2005-01-01,2005-12-31
8238912,GHED_GGHE-D_pc_US_SHA2011,REGION,WPR,,,YEAR,2023,,,,,,,,,922.37,922.37381589,,,,2025-12-05T13:23:08Z,2023,2023-01-01,2023-12-31
8240611,GHED_GGHE-D_pc_US_SHA2011,COUNTRY,PER,AMR,Americas,YEAR,2006,,,,,,,,,68.42,68.42278118,,,,2025-12-05T13:23:08Z,2006,2006-01-01,2006-12-31
8241843,GHED_GGHE-D_pc_US_SHA2011,COUNTRY,MCO,EUR,Europe,YEAR,2005,,,,,,,,,4765.28,4765.27903654,,,,2025-12-05T13:23:08Z,2005,2005-01-01,2005-12-31
8246097,GHED_GGHE-D_pc_US_SHA2011,COUNTRY,PLW,WPR,Western Pacific,YEAR,2023,,,,,,,,,1024.76,1024.75596221,,,,2025-12-05T13:23:08Z,2023,2023-01-01,2023-12-31
8247557,GHED_GGHE-D_pc_US_SHA2011,COUNTRY,ISR,EUR,Europe,YEAR,2002,,,,,,,,,867.57,867.5749961,,,,2025-12-05T13:23:08Z,2002,2002-01-01,2002-12-31
8249354,GHED_GGHE-D_pc_US_SHA2011,COUNTRY,SYC,AFR,Africa,YEAR,2013,,,,,,,,,416.97,416.97273848,,,,2025-12-05T13:23:08Z,2013,2013-01-01,2013-12-31
8253581,GHED_GGHE-D_pc_US_SHA2011,COUNTRY,AFG,EMR,Eastern Mediterranean,YEAR,2020,,,,,,,,,6.12,6.11595245,,,,2025-12-05T13:23:08Z,2020,2020-01-01,2020-12-31
8254163,GHED_GGHE-D_pc_US_SHA2011,COUNTRY,COG,AFR,Africa,YEAR,2010,,,,,,,,,24.41,24.4089272,,,,2025-12-05T13:23:08Z,2010,2010-01-01,2010-12-31
8255512,GHED_GGHE-D_pc_US_SHA2011,COUNTRY,TON,WPR,Western Pacific,YEAR,2019,,,,,,,,,139.15,139.14756202,,,,2025-12-05T13:23:08Z,2019,2019-01-01,2019-12-31
8259858,GHED_GGHE-D_pc_US_SHA2011,COUNTRY,MYS,WPR,Western Pacific,YEAR,2001,,,,,,,,,58.05,58.04792697,,,,2025-12-05T13:23:08Z,2001,2001-01-01,2001-12-31
8260053,GHED_GGHE-D_pc_US_SHA2011,COUNTRY,FJI,WPR,Western Pacific,YEAR,2017,,,,,,,,,122.99,122.98842114,,,,2025-12-05T13:23:08Z,2017,2017-01-01,2017-12-31
8260139,GHED_GGHE-D_pc_US_SHA2011,COUNTRY,AND,EUR,Europe,YEAR,2021,,,,,,,,,2616.83,2616.82594187,,,,2025-12-05T13:23:08Z,2021,2021-01-01,2021-12-31
8261227,GHED_GGHE-D_pc_US_SHA2011,COUNTRY,RWA,AFR,Africa,YEAR,2000,,,,,,,,,1.63,1.6273144,,,,2025-12-05T13:23:08Z,2000,2000-01-01,2000-12-31
8265702,GHED_GGHE-D_pc_US_SHA2011,COUNTRY,SMR,EUR,Europe,YEAR,2012,,,,,,,,,3821.53,3821.52864276,,,,2025-12-05T13:23:08Z,2012,2012-01-01,2012-12-31
8266101,GHED_GGHE-D_pc_US_SHA2011,COUNTRY,CRI,AMR,Americas,YEAR,2003,,,,,,,,,193.04,193.03972676,,,,2025-12-05T13:23:08Z,2003,2003-01-01,2003-12-31
8266708,GHED_GGHE-D_pc_US_SHA2011,COUNTRY,MUS,AFR,Africa,YEAR,2018,,,,,,,,,283.78,283.7764988,,,,2025-12-05T13:23:08Z,2018,2018-01-01,2018-12-31
8268910,GHED_GGHE-D_pc_US_SHA2011,COUNTRY,JAM,AMR,Americas,YEAR,2000,,,,,,,,,110.06,110.0632041,,,,2025-12-05T13:23:08Z,2000,2000-01-01,2000-12-31
8269567,GHED_GGHE-D_pc_US_SHA2011,WORLDBANKINCOMEGROUP,WB_LMI,,,YEAR,2001,,,,,,,,,20.63,20.62547936,,,,2025-12-05T13:23:08Z,2001,2001-01-01,2001-12-31
8272446,GHED_GGHE-D_pc_US_SHA2011,COUNTRY,GNQ,AFR,Africa,YEAR,2014,,,,,,,,,101.24,101.24445194,,,,2025-12-05T13:23:08Z,2014,2014-01-01,2014-12-31
8278731,GHED_GGHE-D_pc_US_SHA2011,COUNTRY,ECU,AMR,Americas,YEAR,2001,,,,,,,,,23.79,23.78639707,,,,2025-12-05T13:23:08Z,2001,2001-01-01,2001-12-31
8282435,GHED_GGHE-D_pc_US_SHA2011,COUNTRY,IRQ,EMR,Eastern Mediterranean,YEAR,2018,,,,,,,,,114.36,114.3614471,,,,2025-12-05T13:23:08Z,2018,2018-01-01,2018-12-31
8287266,GHED_GGHE-D_pc_US_SHA2011,COUNTRY,TKM,EUR,Europe,YEAR,2001,,,,,,,,,41.79,41.7898401,,,,2025-12-05T13:23:08Z,2001,2001-01-01,2001-12-31
8292160,GHED_GGHE-D_pc_US_SHA2011,COUNTRY,KEN,AFR,Africa,YEAR,2010,,,,,,,,,17.03,17.03454118,,,,2025-12-05T13:23:08Z,2010,2010-01-01,2010-12-31
8293251,GHED_GGHE-D_pc_US_SHA2011,COUNTRY,JOR,EMR,Eastern Mediterranean,YEAR,2004,,,,,,,,,68.82,68.81864234,,,,2025-12-05T13:23:08Z,2004,2004-01-01,2004-12-31
8298366,GHED_GGHE-D_pc_US_SHA2011,COUNTRY,SLV,AMR,Americas,YEAR,2017,,,,,,,,,184.24,184.23773142,,,,2025-12-05T13:23:08Z,2017,2017-01-01,2017-12-31
8304039,GHED_GGHE-D_pc_US_SHA2011,COUNTRY,LUX,EUR,Europe,YEAR,2020,,,,,,,,,5928.15,5928.14562267,,,,2025-12-05T13:23:08Z,2020,2020-01-01,2020-12-31
8304138,GHED_GGHE-D_pc_US_SHA2011,COUNTRY,CHE,EUR,Europe,YEAR,2014,,,,,,,,,3185.13,3185.12976489,,,,2025-12-05T13:23:08Z,2014,2014-01-01,2014-12-31
8306087,GHED_GGHE-D_pc_US_SHA2011,COUNTRY,VNM,WPR,Western Pacific,YEAR,2009,,,,,,,,,26.65,26.64664827,,,,2025-12-05T13:23:08Z,2009,2009-01-01,2009-12-31
8308196,GHED_GGHE-D_pc_US_SHA2011,COUNTRY,PAN,AMR,Americas,YEAR,2005,,,,,,,,,191.70,191.70487055,,,,2025-12-05T13:23:08Z,2005,2005-01-01,2005-12-31
8309353,GHED_GGHE-D_pc_US_SHA2011,COUNTRY,DMA,AMR,Americas,YEAR,2020,,,,,,,,,283.12,283.12391532,,,,2025-12-05T13:23:08Z,2020,2020-01-01,2020-12-31
8310621,GHED_GGHE-D_pc_US_SHA2011,COUNTRY,UGA,AFR,Africa,YEAR,2009,,,,,,,,,6.34,6.33736176,,,,2025-12-05T13:23:08Z,2009,2009-01-01,2009-12-31
8311502,GHED_GGHE-D_pc_US_SHA2011,COUNTRY,SLV,AMR,Americas,YEAR,2012,,,,,,,,,155.81,155.8129502,,,,2025-12-05T13:23:08Z,2012,2012-01-01,2012-12-31
8313910,GHED_GGHE-D_pc_US_SHA2011,COUNTRY,CPV,AFR,Africa,YEAR,2013,,,,,,,,,110.40,110.39780548,,,,2025-12-05T13:23:08Z,2013,2013-01-01,2013-12-31
8313968,GHED_GGHE-D_pc_US_SHA2011,COUNTRY,BTN,SEAR,South-East Asia,YEAR,2004,,,,,,,,,30.42,30.42451506,,,,2025-12-05T13:23:08Z,2004,2004-01-01,2004-12-31
8315821,GHED_GGHE-D_pc_US_SHA2011,COUNTRY,ROU,EUR,Europe,YEAR,2007,,,,,,,,,338.08,338.07742142,,,,2025-12-05T13:23:08Z,2007,2007-01-01,2007-12-31
8316108,GHED_GGHE-D_pc_US_SHA2011,COUNTRY,GNQ,AFR,Africa,YEAR,2013,,,,,,,,,100.74,100.73986929,,,,2025-12-05T13:23:08Z,2013,2013-01-01,2013-12-31
8319602,GHED_GGHE-D_pc_US_SHA2011,COUNTRY,TGO,AFR,Africa,YEAR,2017,,,,,,,,,8.32,8.32077869,,,,2025-12-05T13:23:08Z,2017,2017-01-01,2017-12-31
8321659,GHED_GGHE-D_pc_US_SHA2011,COUNTRY,ATG,AMR,Americas,YEAR,2002,,,,,,,,,326.72,326.7167496,,,,2025-12-05T13:23:08Z,2002,2002-01-01,2002-12-31
8323154,GHED_GGHE-D_pc_US_SHA2011,COUNTRY,BDI,AFR,Africa,YEAR,2016,,,,,,,,,5.89,5.88765435,,,,2025-12-05T13:23:08Z,2016,2016-01-01,2016-12-31
8326242,GHED_GGHE-D_pc_US_SHA2011,COUNTRY,VCT,AMR,Americas,YEAR,2015,,,,,,,,,185.74,185.73729387,,,,2025-12-05T13:23:08Z,2015,2015-01-01,2015-12-31
8332907,GHED_GGHE-D_pc_US_SHA2011,COUNTRY,GNB,AFR,Africa,YEAR,2009,,,,,,,,,3.03,3.03272665,,,,2025-12-05T13:23:08Z,2009,2009-01-01,2009-12-31
8333373,GHED_GGHE-D_pc_US_SHA2011,COUNTRY,NIC,AMR,Americas,YEAR,2012,,,,,,,,,66.91,66.91205177,,,,2025-12-05T13:23:08Z,2012,2012-01-01,2012-12-31
8334979,GHED_GGHE-D_pc_US_SHA2011,COUNTRY,LTU,EUR,Europe,YEAR,2007,,,,,,,,,463.65,463.64663757,,,,2025-12-05T13:23:08Z,2007,2007-01-01,2007-12-31
8335849,GHED_GGHE-D_pc_US_SHA2011,COUNTRY,GHA,AFR,Africa,YEAR,2022,,,,,,,,,45.64,45.63646943,,,,2025-12-05T13:23:08Z,2022,2022-01-01,2022-12-31
8337789,GHED_GGHE-D_pc_US_SHA2011,COUNTRY,EST,EUR,Europe,YEAR,2002,,,,,,,,,190.54,190.54303005,,,,2025-12-05T13:23:08Z,2002,2002-01-01,2002-12-31
8338880,GHED_GGHE-D_pc_US_SHA2011,COUNTRY,SWZ,AFR,Africa,YEAR,2016,,,,,,,,,94.48,94.47781462,,,,2025-12-05T13:23:08Z,2016,2016-01-01,2016-12-31
8340305,GHED_GGHE-D_pc_US_SHA2011,COUNTRY,NLD,EUR,Europe,YEAR,2021,,,,,,,,,4645.98,4645.97879613,,,,2025-12-05T13:23:08Z,2021,2021-01-01,2021-12-31
8346674,GHED_GGHE-D_pc_US_SHA2011,COUNTRY,NIU,WPR,Western Pacific,YEAR,2002,,,,,,,,,423.80,423.80387133,,,,2025-12-05T13:23:08Z,2002,2002-01-01,2002-12-31
8349637,GHED_GGHE-D_pc_US_SHA2011,COUNTRY,KGZ,EUR,Europe,YEAR,2001,,,,,,,,,6.03,6.03168108,,,,2025-12-05T13:23:08Z,2001,2001-01-01,2001-12-31
8349728,GHED_GGHE-D_pc_US_SHA2011,COUNTRY,BOL,AMR,Americas,YEAR,2013,,,,,,,,,93.63,93.63241661,,,,2025-12-05T13:23:08Z,2013,2013-01-01,2013-12-31
8351998,GHED_GGHE-D_pc_US_SHA2011,COUNTRY,LBY,EMR,Eastern Mediterranean,YEAR,2000,,,,,,,,,120.37,120.36621216,,,,2025-12-05T13:23:08Z,2000,2000-01-01,2000-12-31
8354646,GHED_GGHE-D_pc_US_SHA2011,COUNTRY,ATG,AMR,Americas,YEAR,2006,,,,,,,,,352.21,352.20952806,,,,2025-12-05T13:23:08Z,2006,2006-01-01,2006-12-31
8361974,GHED_GGHE-D_pc_US_SHA2011,COUNTRY,BTN,SEAR,South-East Asia,YEAR,2014,,,,,,,,,60.17,60.17081829,,,,2025-12-05T13:23:08Z,2014,2014-01-01,2014-12-31
8362330,GHED_GGHE-D_pc_US_SHA2011,COUNTRY,SDN,EMR,Eastern Mediterranean,YEAR,2000,,,,,,,,,4.73,4.73373894,,,,2025-12-05T13:23:08Z,2000,2000-01-01,2000-12-31
8366383,GHED_GGHE-D_pc_US_SHA2011,COUNTRY,GTM,AMR,Americas,YEAR,2018,,,,,,,,,95.72,95.71797077,,,,2025-12-05T13:23:08Z,2018,2018-01-01,2018-12-31
8369961,GHED_GGHE-D_pc_US_SHA2011,COUNTRY,TKM,EUR,Europe,YEAR,2008,,,,,,,,,37.81,37.80582579,,,,2025-12-05T13:23:08Z,2008,2008-01-01,2008-12-31
8370167,GHED_GGHE-D_pc_US_SHA2011,COUNTRY,TZA,AFR,Africa,YEAR,2003,,,,,,,,,5.69,5.69415175,,,,2025-12-05T13:23:08Z,2003,2003-01-01,2003-12-31
8375431,GHED_GGHE-D_pc_US_SHA2011,COUNTRY,LUX,EUR,Europe,YEAR,2005,,,,,,,,,4895.90,4895.9016668,,,,2025-12-05T13:23:08Z,2005,2005-01-01,2005-12-31
8375725,GHED_GGHE-D_pc_US_SHA2011,COUNTRY,ROU,EUR,Europe,YEAR,2006,,,,,,,,,230.74,230.73812349,,,,2025-12-05T13:23:08Z,2006,2006-01-01,2006-12-31
8388890,GHED_GGHE-D_pc_US_SHA2011,COUNTRY,URY,AMR,Americas,YEAR,2023,,,,,,,,,1502.22,1502.22396968,,,,2025-12-05T13:23:08Z,2023,2023-01-01,2023-12-31
8390724,GHED_GGHE-D_pc_US_SHA2011,COUNTRY,GNQ,AFR,Africa,YEAR,2010,,,,,,,,,88.52,88.51553608,,,,2025-12-05T13:23:08Z,2010,2010-01-01,2010-12-31
8392495,GHED_GGHE-D_pc_US_SHA2011,COUNTRY,NPL,SEAR,South-East Asia,YEAR,2008,,,,,,,,,3.51,3.51431455,,,,2025-12-05T13:23:08Z,2008,2008-01-01,2008-12-31
8392934,GHED_GGHE-D_pc_US_SHA2011,COUNTRY,CZE,EUR,Europe,YEAR,2023,,,,,,,,,2252.80,2252.80114474,,,,2025-12-05T13:23:08Z,2023,2023-01-01,2023-12-31
8394429,GHED_GGHE-D_pc_US_SHA2011,COUNTRY,NPL,SEAR,South-East Asia,YEAR,2016,,,,,,,,,8.76,8.75530119,,,,2025-12-05T13:23:08Z,2016,2016-01-01,2016-12-31
8395004,GHED_GGHE-D_pc_US_SHA2011,COUNTRY,AZE,EUR,Europe,YEAR,2016,,,,,,,,,44.72,44.72077091,,,,2025-12-05T13:23:08Z,2016,2016-01-01,2016-12-31
8399636,GHED_GGHE-D_pc_US_SHA2011,COUNTRY,PRY,AMR,Americas,YEAR,2004,,,,,,,,,28.54,28.53967904,,,,2025-12-05T13:23:08Z,2004,2004-01-01,2004-12-31
8401894,GHED_GGHE-D_pc_US_SHA2011,COUNTRY,BFA,AFR,Africa,YEAR,2001,,,,,,,,,2.52,2.52121085,,,,2025-12-05T13:23:08Z,2001,2001-01-01,2001-12-31
8403862,GHED_GGHE-D_pc_US_SHA2011,COUNTRY,SWZ,AFR,Africa,YEAR,2023,,,,,,,,,126.50,126.5018177,,,,2025-12-05T13:23:08Z,2023,2023-01-01,2023-12-31
8405503,GHED_GGHE-D_pc_US_SHA2011,COUNTRY,DOM,AMR,Americas,YEAR,2014,,,,,,,,,160.27,160.26554604,,,,2025-12-05T13:23:08Z,2014,2014-01-01,2014-12-31
8406646,GHED_GGHE-D_pc_US_SHA2011,COUNTRY,MWI,AFR,Africa,YEAR,2023,,,,,,,,,5.29,5.28969102,,,,2025-12-05T13:23:08Z,2023,2023-01-01,2023-12-31
8407399,GHED_GGHE-D_pc_US_SHA2011,COUNTRY,NRU,WPR,Western Pacific,YEAR,2001,,,,,,,,,278.84,278.83560818,,,,2025-12-05T13:23:08Z,2001,2001-01-01,2001-12-31
8409680,GHED_GGHE-D_pc_US_SHA2011,COUNTRY,PAK,EMR,Eastern Mediterranean,YEAR,2020,,,,,,,,,13.00,12.99695614,,,,2025-12-05T13:23:08Z,2020,2020-01-01,2020-12-31
8410637,GHED_GGHE-D_pc_US_SHA2011,COUNTRY,SDN,EMR,Eastern Mediterranean,YEAR,2014,,,,,,,,,22.44,22.43848227,,,,2025-12-05T13:23:08Z,2014,2014-01-01,2014-12-31
8413047,GHED_GGHE-D_pc_US_SHA2011,COUNTRY,SMR,EUR,Europe,YEAR,2007,,,,,,,,,3042.60,3042.59791052,,,,2025-12-05T13:23:08Z,2007,2007-01-01,2007-12-31
8418654,GHED_GGHE-D_pc_US_SHA2011,COUNTRY,PSE,EMR,Eastern Mediterranean,YEAR,2022,,,,,,,,,141.47,141.46688104,,,,2025-12-05T13:23:08Z,2022,2022-01-01,2022-12-31
8422241,GHED_GGHE-D_pc_US_SHA2011,COUNTRY,DMA,AMR,Americas,YEAR,2000,,,,,,,,,163.49,163.4889762,,,,2025-12-05T13:23:08Z,2000,2000-01-01,2000-12-31
8422693,GHED_GGHE-D_pc_US_SHA2011,REGION,SEAR,,,YEAR,2009,,,,,,,,,69.63,69.63249273,,,,2025-12-05T13:23:08Z,2009,2009-01-01,2009-12-31
8423634,GHED_GGHE-D_pc_US_SHA2011,COUNTRY,NIC,AMR,Americas,YEAR,2014,,,,,,,,,81.43,81.43117465,,,,2025-12-05T13:23:08Z,2014,2014-01-01,2014-12-31
8425153,GHED_GGHE-D_pc_US_SHA2011,COUNTRY,CMR,AFR,Africa,YEAR,2019,,,,,,,,,6.33,6.32829881,,,,2025-12-05T13:23:08Z,2019,2019-01-01,2019-12-31
8429009,GHED_GGHE-D_pc_US_SHA2011,COUNTRY,SDN,EMR,Eastern Mediterranean,YEAR,2012,,,,,,,,,19.80,19.79718033,,,,2025-12-05T13:23:08Z,2012,2012-01-01,2012-12-31
8429302,GHED_GGHE-D_pc_US_SHA2011,COUNTRY,SGP,WPR,Western Pacific,YEAR,2018,,,,,,,,,1366.28,1366.2755402,,,,2025-12-05T13:23:08Z,2018,2018-01-01,2018-12-31
8429331,GHED_GGHE-D_pc_US_SHA2011,COUNTRY,FIN,EUR,Europe,YEAR,2001,,,,,,,,,1379.84,1379.83701351,,,,2025-12-05T13:23:08Z,2001,2001-01-01,2001-12-31
8430045,GHED_GGHE-D_pc_US_SHA2011,COUNTRY,PAN,AMR,Americas,YEAR,2017,,,,,,,,,694.23,694.23221707,,,,2025-12-05T13:23:08Z,2017,2017-01-01,2017-12-31
8431529,GHED_GGHE-D_pc_US_SHA2011,COUNTRY,NGA,AFR,Africa,YEAR,2012,,,,,,,,,14.24,14.24091812,,,,2025-12-05T13:23:08Z,2012,2012-01-01,2012-12-31
8431541,GHED_GGHE-D_pc_US_SHA2011,COUNTRY,SWE,EUR,Europe,YEAR,2014,,,,,,,,,5571.66,5571.65699179,,,,2025-12-05T13:23:08Z,2014,2014-01-01,2014-12-31
8434022,GHED_GGHE-D_pc_US_SHA2011,COUNTRY,MUS,AFR,Africa,YEAR,2008,,,,,,,,,110.39,110.38717169,,,,2025-12-05T13:23:08Z,2008,2008-01-01,2008-12-31
8434117,GHED_GGHE-D_pc_US_SHA2011,REGION,AFR,,,YEAR,2016,,,,,,,,,55.18,55.17608876,,,,2025-12-05T13:23:08Z,2016,2016-01-01,2016-12-31
8438073,GHED_GGHE-D_pc_US_SHA2011,COUNTRY,AZE,EUR,Europe,YEAR,2007,,,,,,,,,34.06,34.06126835,,,,2025-12-05T13:23:08Z,2007,2007-01-01,2007-12-31
8439683,GHED_GGHE-D_pc_US_SHA2011,COUNTRY,KWT,EMR,Eastern Mediterranean,YEAR,2013,,,,,,,,,1037.26,1037.25550534,,,,2025-12-05T13:23:08Z,2013,2013-01-01,2013-12-31
8440735,GHED_GGHE-D_pc_US_SHA2011,WORLDBANKINCOMEGROUP,WB_LI,,,YEAR,2022,,,,,,,,,8.57,8.5679825,,,,2025-12-05T13:23:08Z,2022,2022-01-01,2022-12-31
8442503,GHED_GGHE-D_pc_US_SHA2011,COUNTRY,BDI,AFR,Africa,YEAR,2005,,,,,,,,,3.04,3.03668547,,,,2025-12-05T13:23:08Z,2005,2005-01-01,2005-12-31
8444300,GHED_GGHE-D_pc_US_SHA2011,WORLDBANKINCOMEGROUP,WB_UMI,,,YEAR,2001,,,,,,,,,75.23,75.22872618,,,,2025-12-05T13:23:08Z,2001,2001-01-01,2001-12-31
8446731,GHED_GGHE-D_pc_US_SHA2011,COUNTRY,GRC,EUR,Europe,YEAR,2002,,,,,,,,,706.64,706.64398271,,,,2025-12-05T13:23:08Z,2002,2002-01-01,2002-12-31
8449108,GHED_GGHE-D_pc_US_SHA2011,COUNTRY,JPN,WPR,Western Pacific,YEAR,2013,,,,,,,,,3670.54,3670.53638744,,,,2025-12-05T13:23:08Z,2013,2013-01-01,2013-12-31
8452870,GHED_GGHE-D_pc_US_SHA2011,COUNTRY,DJI,EMR,Eastern Mediterranean,YEAR,2003,,,,,,,,,16.29,16.28638513,,,,2025-12-05T13:23:08Z,2003,2003-01-01,2003-12-31
8454092,GHED_GGHE-D_pc_US_SHA2011,COUNTRY,NOR,EUR,Europe,YEAR,2011,,,,,,,,,7513.97,7513.96764741,,,,2025-12-05T13:23:08Z,2011,2011-01-01,2011-12-31
8454281,GHED_GGHE-D_pc_US_SHA2011,COUNTRY,TGO,AFR,Africa,YEAR,2009,,,,,,,,,4.92,4.91923664,,,,2025-12-05T13:23:08Z,2009,2009-01-01,2009-12-31
8455912,GHED_GGHE-D_pc_US_SHA2011,COUNTRY,CIV,AFR,Africa,YEAR,2018,,,,,,,,,19.15,19.1485171,,,,2025-12-05T13:23:08Z,2018,2018-01-01,2018-12-31
8457882,GHED_GGHE-D_pc_US_SHA2011,COUNTRY,GBR,EUR,Europe,YEAR,2017,,,,,,,,,3138.38,3138.37630161,,,,2025-12-05T13:23:08Z,2017,2017-01-01,2017-12-31
8461545,GHED_GGHE-D_pc_US_SHA2011,COUNTRY,TTO,AMR,Americas,YEAR,2020,,,,,,,,,488.34,488.33829388,,,,2025-12-05T13:23:08Z,2020,2020-01-01,2020-12-31
8464495,GHED_GGHE-D_pc_US_SHA2011,COUNTRY,SUR,AMR,Americas,YEAR,2019,,,,,,,,,428.00,427.99640383,,,,2025-12-05T13:23:08Z,2019,2019-01-01,2019-12-31
8464566,GHED_GGHE-D_pc_US_SHA2011,COUNTRY,JOR,EMR,Eastern Mediterranean,YEAR,2007,,,,,,,,,117.96,117.96296253,,,,2025-12-05T13:23:08Z,2007,2007-01-01,2007-12-31
8465456,GHED_GGHE-D_pc_US_SHA2011,COUNTRY,PRT,EUR,Europe,YEAR,2023,,,,,,,,,1697.09,1697.08771256,,,,2025-12-05T13:23:08Z,2023,2023-01-01,2023-12-31
8468676,GHED_GGHE-D_pc_US_SHA2011,COUNTRY,JPN,WPR,Western Pacific,YEAR,2014,,,,,,,,,3466.67,3466.6747269,,,,2025-12-05T13:23:08Z,2014,2014-01-01,2014-12-31
8475028,GHED_GGHE-D_pc_US_SHA2011,COUNTRY,GTM,AMR,Americas,YEAR,2012,,,,,,,,,67.01,67.01159249,,,,2025-12-05T13:23:08Z,2012,2012-01-01,2012-12-31
8477257,GHED_GGHE-D_pc_US_SHA2011,COUNTRY,GNB,AFR,Africa,YEAR,2004,,,,,,,,,2.50,2.50075615,,,,2025-12-05T13:23:08Z,2004,2004-01-01,2004-12-31
8481363,GHED_GGHE-D_pc_US_SHA2011,COUNTRY,COK,WPR,Western Pacific,YEAR,2006,,,,,,,,,395.11,395.10588033,,,,2025-12-05T13:23:08Z,2006,2006-01-01,2006-12-31
8483316,GHED_GGHE-D_pc_US_SHA2011,COUNTRY,WSM,WPR,Western Pacific,YEAR,2011,,,,,,,,,144.33,144.33499201,,,,2025-12-05T13:23:08Z,2011,2011-01-01,2011-12-31
8483826,GHED_GGHE-D_pc_US_SHA2011,COUNTRY,ZAF,AFR,Africa,YEAR,2003,,,,,,,,,113.37,113.36700186,,,,2025-12-05T13:23:08Z,2003,2003-01-01,2003-12-31
8487497,GHED_GGHE-D_pc_US_SHA2011,COUNTRY,LAO,WPR,Western Pacific,YEAR,2021,,,,,,,,,17.99,17.98611834,,,,2025-12-05T13:23:08Z,2021,2021-01-01,2021-12-31
8491395,GHED_GGHE-D_pc_US_SHA2011,COUNTRY,GTM,AMR,Americas,YEAR,2003,,,,,,,,,37.62,37.61718376,,,,2025-12-05T13:23:08Z,2003,2003-01-01,2003-12-31
8491897,GHED_GGHE-D_pc_US_SHA2011,COUNTRY,SAU,EMR,Eastern Mediterranean,YEAR,2005,,,,,,,,,395.63,395.63116988,,,,2025-12-05T13:23:08Z,2005,2005-01-01,2005-12-31
8493271,GHED_GGHE-D_pc_US_SHA2011,COUNTRY,TON,WPR,Western Pacific,YEAR,2020,,,,,,,,,141.04,141.03965237,,,,2025-12-05T13:23:08Z,2020,2020-01-01,2020-12-31
8494873,GHED_GGHE-D_pc_US_SHA2011,COUNTRY,USA,AMR,Americas,YEAR,2021,,,,,,,,,6698.67,6698.66563897,,,,2025-12-05T13:23:08Z,2021,2021-01-01,2021-12-31
8496139,GHED_GGHE-D_pc_US_SHA2011,COUNTRY,CAN,AMR,Americas,YEAR,2013,,,,,,,,,3874.36,3874.36167502,,,,2025-12-05T13:23:08Z,2013,2013-01-01,2013-12-31
8496869,GHED_GGHE-D_pc_US_SHA2011,COUNTRY,SLB,WPR,Western Pacific,YEAR,2021,,,,,,,,,68.91,68.91271737,,,,2025-12-05T13:23:08Z,2021,2021-01-01,2021-12-31
8497440,GHED_GGHE-D_pc_US_SHA2011,COUNTRY,ISL,EUR,Europe,YEAR,2018,,,,,,,,,5181.42,5181.41801689,,,,2025-12-05T13:23:08Z,2018,2018-01-01,2018-12-31
8500270,GHED_GGHE-D_pc_US_SHA2011,COUNTRY,NPL,SEAR,South-East Asia,YEAR,2009,,,,,,,,,4.26,4.2596786,,,,2025-12-05T13:23:08Z,2009,2009-01-01,2009-12-31
8501714,GHED_GGHE-D_pc_US_SHA2011,COUNTRY,TTO,AMR,Americas,YEAR,2017,,,,,,,,,566.51,566.51131332,,,,2025-12-05T13:23:08Z,2017,2017-01-01,2017-12-31
8503207,GHED_GGHE-D_pc_US_SHA2011,COUNTRY,JPN,WPR,Western Pacific,YEAR,2002,,,,,,,,,1948.05,1948.04530723,,,,2025-12-05T13:23:08Z,2002,2002-01-01,2002-12-31
8508855,GHED_GGHE-D_pc_US_SHA2011,COUNTRY,BWA,AFR,Africa,YEAR,2008,,,,,,,,,201.86,201.85658374,,,,2025-12-05T13:23:08Z,2008,2008-01-01,2008-12-31
8510808,GHED_GGHE-D_pc_US_SHA2011,COUNTRY,IRN,EMR,Eastern Mediterranean,YEAR,2023,,,,,,,,,124.78,124.78116253,,,,2025-12-05T13:23:08Z,2023,2023-01-01,2023-12-31
8512803,GHED_GGHE-D_pc_US_SHA2011,COUNTRY,CUB,AMR,Americas,YEAR,2005,,,,,,,,,281.33,281.33074478,,,,2025-12-05T13:23:08Z,2005,2005-01-01,2005-12-31
8514034,GHED_GGHE-D_pc_US_SHA2011,COUNTRY,PNG,WPR,Western Pacific,YEAR,2022,,,,,,,,,47.46,47.46472809,,,,2025-12-05T13:23:08Z,2022,2022-01-01,2022-12-31
8514392,GHED_GGHE-D_pc_US_SHA2011,COUNTRY,CZE,EUR,Europe,YEAR,2008,,,,,,,,,1173.89,1173.89027622,,,,2025-12-05T13:23:08Z,2008,2008-01-01,2008-12-31
8515602,GHED_GGHE-D_pc_US_SHA2011,COUNTRY,SYC,AFR,Africa,YEAR,2005,,,,,,,,,372.74,372.73684575,,,,2025-12-05T13:23:08Z,2005,2005-01-01,2005-12-31
8516045,GHED_GGHE-D_pc_US_SHA2011,COUNTRY,SDN,EMR,Eastern Mediterranean,YEAR,2010,,,,,,,,,23.96,23.95597544,,,,2025-12-05T13:23:08Z,2010,2010-01-01,2010-12-31
8517166,GHED_GGHE-D_pc_US_SHA2011,COUNTRY,SVK,EUR,Europe,YEAR,2009,,,,,,,,,945.70,945.70255925,,,,2025-12-05T13:23:08Z,2009,2009-01-01,2009-12-31
8517567,GHED_GGHE-D_pc_US_SHA2011,COUNTRY,SLV,AMR,Americas,YEAR,2013,,,,,,,,,170.63,170.63277,,,,2025-12-05T13:23:08Z,2013,2013-01-01,2013-12-31
8517810,GHED_GGHE-D_pc_US_SHA2011,COUNTRY,CMR,AFR,Africa,YEAR,2007,,,,,,,,,7.54,7.54214712,,,,2025-12-05T13:23:08Z,2007,2007-01-01,2007-12-31
8520804,GHED_GGHE-D_pc_US_SHA2011,COUNTRY,UZB,EUR,Europe,YEAR,2008,,,,,,,,,24.96,24.96285993,,,,2025-12-05T13:23:08Z,2008,2008-01-01,2008-12-31
8520976,GHED_GGHE-D_pc_US_SHA2011,COUNTRY,COL,AMR,Americas,YEAR,2014,,,,,,,,,414.18,414.18487043,,,,2025-12-05T13:23:08Z,2014,2014-01-01,2014-12-31
8522102,GHED_GGHE-D_pc_US_SHA2011,COUNTRY,SYR,EMR,Eastern Mediterranean,YEAR,2018,,,,,,,,,22.11,22.11368976,,,,2025-12-05T13:23:08Z,2018,2018-01-01,2018-12-31
8525470,GHED_GGHE-D_pc_US_SHA2011,COUNTRY,AUS,WPR,Western Pacific,YEAR,2014,,,,,,,,,4275.77,4275.7677148,,,,2025-12-05T13:23:08Z,2014,2014-01-01,2014-12-31
8527190,GHED_GGHE-D_pc_US_SHA2011,COUNTRY,PRY,AMR,Americas,YEAR,2014,,,,,,,,,210.32,210.32399939,,,,2025-12-05T13:23:08Z,2014,2014-01-01,2014-12-31
8529132,GHED_GGHE-D_pc_US_SHA2011,COUNTRY,NRU,WPR,Western Pacific,YEAR,2017,,,,,,,,,827.25,827.25444384,,,,2025-12-05T13:23:08Z,2017,2017-01-01,2017-12-31
8540974,GHED_GGHE-D_pc_US_SHA2011,COUNTRY,COK,WPR,Western Pacific,YEAR,2002,,,,,,,,,248.67,248.66704703,,,,2025-12-05T13:23:08Z,2002,2002-01-01,2002-12-31
8543221,GHED_GGHE-D_pc_US_SHA2011,COUNTRY,NER,AFR,Africa,YEAR,2018,,,,,,,,,10.20,10.19804371,,,,2025-12-05T13:23:08Z,2018,2018-01-01,2018-12-31
8543396,GHED_GGHE-D_pc_US_SHA2011,WORLDBANKINCOMEGROUP,WB_HI,,,YEAR,2007,,,,,,,,,1625.49,1625.48999666,,,,2025-12-05T13:23:08Z,2007,2007-01-01,2007-12-31
8543466,GHED_GGHE-D_pc_US_SHA2011,COUNTRY,ALB,EUR,Europe,YEAR,2009,,,,,,,,,95.92,95.91939419,,,,2025-12-05T13:23:08Z,2009,2009-01-01,2009-12-31
8543637,GHED_GGHE-D_pc_US_SHA2011,REGION,SEAR,,,YEAR,2015,,,,,,,,,110.41,110.41391179,,,,2025-12-05T13:23:08Z,2015,2015-01-01,2015-12-31
8545406,GHED_GGHE-D_pc_US_SHA2011,COUNTRY,USA,AMR,Americas,YEAR,2003,,,,,,,,,2578.05,2578.05488947,,,,2025-12-05T13:23:08Z,2003,2003-01-01,2003-12-31
8550411,GHED_GGHE-D_pc_US_SHA2011,COUNTRY,PER,AMR,Americas,YEAR,2002,,,,,,,,,49.88,49.88213101,,,,2025-12-05T13:23:08Z,2002,2002-01-01,2002-12-31
8554077,GHED_GGHE-D_pc_US_SHA2011,COUNTRY,FIN,EUR,Europe,YEAR,2023,,,,,,,,,4475.68,4475.68307624,,,,2025-12-05T13:23:08Z,2023,2023-01-01,2023-12-31
8557823,GHED_GGHE-D_pc_US_SHA2011,COUNTRY,FSM,WPR,Western Pacific,YEAR,2010,,,,,,,,,32.99,32.98805527,,,,2025-12-05T13:23:08Z,2010,2010-01-01,2010-12-31
8558411,GHED_GGHE-D_pc_US_SHA2011,COUNTRY,FSM,WPR,Western Pacific,YEAR,2001,,,,,,,,,39.13,39.1293591,,,,2025-12-05T13:23:08Z,2001,2001-01-01,2001-12-31
8558607,GHED_GGHE-D_pc_US_SHA2011,COUNTRY,ISR,EUR,Europe,YEAR,2000,,,,,,,,,929.50,929.4965993,,,,2025-12-05T13:23:08Z,2000,2000-01-01,2000-12-31
8566342,GHED_GGHE-D_pc_US_SHA2011,COUNTRY,BHS,AMR,Americas,YEAR,2012,,,,,,,,,660.58,660.57532665,,,,2025-12-05T13:23:08Z,2012,2012-01-01,2012-12-31
8566625,GHED_GGHE-D_pc_US_SHA2011,COUNTRY,DNK,EUR,Europe,YEAR,2023,,,,,,,,,5422.36,5422.36178536,,,,2025-12-05T13:23:08Z,2023,2023-01-01,2023-12-31
8567159,GHED_GGHE-D_pc_US_SHA2011,COUNTRY,CHE,EUR,Europe,YEAR,2008,,,,,,,,,2236.33,2236.33255839,,,,2025-12-05T13:23:08Z,2008,2008-01-01,2008-12-31
8567514,GHED_GGHE-D_pc_US_SHA2011,COUNTRY,CAF,AFR,Africa,YEAR,2005,,,,,,,,,3.41,3.41263081,,,,2025-12-05T13:23:08Z,2005,2005-01-01,2005-12-31
8577134,GHED_GGHE-D_pc_US_SHA2011,COUNTRY,CPV,AFR,Africa,YEAR,2021,,,,,,,,,182.09,182.09204234,,,,2025-12-05T13:23:08Z,2021,2021-01-01,2021-12-31
8577568,GHED_GGHE-D_pc_US_SHA2011,COUNTRY,BEN,AFR,Africa,YEAR,2021,,,,,,,,,4.40,4.40088277,,,,2025-12-05T13:23:08Z,2021,2021-01-01,2021-12-31
8578826,GHED_GGHE-D_pc_US_SHA2011,COUNTRY,KEN,AFR,Africa,YEAR,2008,,,,,,,,,14.20,14.20469416,,,,2025-12-05T13:23:08Z,2008,2008-01-01,2008-12-31
8582871,GHED_GGHE-D_pc_US_SHA2011,COUNTRY,SMR,EUR,Europe,YEAR,2018,,,,,,,,,3528.27,3528.27487132,,,,2025-12-05T13:23:08Z,2018,2018-01-01,2018-12-31
8582937,GHED_GGHE-D_pc_US_SHA2011,COUNTRY,CYP,EUR,Europe,YEAR,2008,,,,,,,,,896.84,896.84198561,,,,2025-12-05T13:23:08Z,2008,2008-01-01,2008-12-31
8586041,GHED_GGHE-D_pc_US_SHA2011,COUNTRY,AUT,EUR,Europe,YEAR,2020,,,,,,,,,4250.85,4250.84977062,,,,2025-12-05T13:23:08Z,2020,2020-01-01,2020-12-31
8587661,GHED_GGHE-D_pc_US_SHA2011,COUNTRY,KHM,WPR,Western Pacific,YEAR,2016,,,,,,,,,17.47,17.473714,,,,2025-12-05T13:23:08Z,2016,2016-01-01,2016-12-31
8588786,GHED_GGHE-D_pc_US_SHA2011,COUNTRY,TUV,WPR,Western Pacific,YEAR,2018,,,,,,,,,690.26,690.25848322,,,,2025-12-05T13:23:08Z,2018,2018-01-01,2018-12-31
8588894,GHED_GGHE-D_pc_US_SHA2011,COUNTRY,GUY,AMR,Americas,YEAR,2018,,,,,,,,,178.52,178.5177209,,,,2025-12-05T13:23:08Z,2018,2018-01-01,2018-12-31
8593323,GHED_GGHE-D_pc_US_SHA2011,COUNTRY,MRT,AFR,Africa,YEAR,2018,,,,,,,,,15.70,15.69535372,,,,2025-12-05T13:23:08Z,2018,2018-01-01,2018-12-31
8597072,GHED_GGHE-D_pc_US_SHA2011,COUNTRY,GAB,AFR,Africa,YEAR,2020,,,,,,,,,125.30,125.29810525,,,,2025-12-05T13:23:08Z,2020,2020-01-01,2020-12-31
8600282,GHED_GGHE-D_pc_US_SHA2011,COUNTRY,ZAF,AFR,Africa,YEAR,2006,,,,,,,,,196.31,196.30659369,,,,2025-12-05T13:23:08Z,2006,2006-01-01,2006-12-31
8600380,GHED_GGHE-D_pc_US_SHA2011,COUNTRY,LSO,AFR,Africa,YEAR,2015,,,,,,,,,63.53,63.53356918,,,,2025-12-05T13:23:08Z,2015,2015-01-01,2015-12-31
8605045,GHED_GGHE-D_pc_US_SHA2011,COUNTRY,SWZ,AFR,Africa,YEAR,2001,,,,,,,,,34.99,34.98955807,,,,2025-12-05T13:23:08Z,2001,2001-01-01,2001-12-31
8607459,GHED_GGHE-D_pc_US_SHA2011,COUNTRY,AGO,AFR,Africa,YEAR,2000,,,,,,,,,7.66,7.66037142,,,,2025-12-05T13:23:08Z,2000,2000-01-01,2000-12-31
8607683,GHED_GGHE-D_pc_US_SHA2011,COUNTRY,ISR,EUR,Europe,YEAR,2004,,,,,,,,,888.97,888.96613686,,,,2025-12-05T13:23:08Z,2004,2004-01-01,2004-12-31
8613808,GHED_GGHE-D_pc_US_SHA2011,COUNTRY,SVN,EUR,Europe,YEAR,2013,,,,,,,,,1445.01,1445.00847054,,,,2025-12-05T13:23:08Z,2013,2013-01-01,2013-12-31
8616624,GHED_GGHE-D_pc_US_SHA2011,COUNTRY,GIN,AFR,Africa,YEAR,2011,,,,,,,,,3.25,3.24950878,,,,2025-12-05T13:23:08Z,2011,2011-01-01,2011-12-31
8616922,GHED_GGHE-D_pc_US_SHA2011,COUNTRY,COM,AFR,Africa,YEAR,2008,,,,,,,,,6.31,6.30570119,,,,2025-12-05T13:23:08Z,2008,2008-01-01,2008-12-31
8619499,GHED_GGHE-D_pc_US_SHA2011,COUNTRY,TON,WPR,Western Pacific,YEAR,2007,,,,,,,,,90.40,90.4041694,,,,2025-12-05T13:23:08Z,2007,2007-01-01,2007-12-31
8621925,GHED_GGHE-D_pc_US_SHA2011,COUNTRY,KAZ,EUR,Europe,YEAR,2018,,,,,,,,,162.39,162.38650563,,,,2025-12-05T13:23:08Z,2018,2018-01-01,2018-12-31
8626380,GHED_GGHE-D_pc_US_SHA2011,COUNTRY,TZA,AFR,Africa,YEAR,2020,,,,,,,,,8.96,8.95510561,,,,2025-12-05T13:23:08Z,2020,2020-01-01,2020-12-31
8632427,GHED_GGHE-D_pc_US_SHA2011,COUNTRY,NER,AFR,Africa,YEAR,2000,,,,,,,,,2.19,2.19374588,,,,2025-12-05T13:23:08Z,2000,2000-01-01,2000-12-31
8635976,GHED_GGHE-D_pc_US_SHA2011,COUNTRY,POL,EUR,Europe,YEAR,2002,,,,,,,,,220.94,220.94202189,,,,2025-12-05T13:23:08Z,2002,2002-01-01,2002-12-31
8636177,GHED_GGHE-D_pc_US_SHA2011,COUNTRY,NOR,EUR,Europe,YEAR,2002,,,,,,,,,3224.19,3224.19057188,,,,2025-12-05T13:23:08Z,2002,2002-01-01,2002-12-31
8638430,GHED_GGHE-D_pc_US_SHA2011,COUNTRY,CHE,EUR,Europe,YEAR,2019,,,,,,,,,3220.25,3220.24631864,,,,2025-12-05T13:23:08Z,2019,2019-01-01,2019-12-31
8638691,GHED_GGHE-D_pc_US_SHA2011,COUNTRY,BLR,EUR,Europe,YEAR,2006,,,,,,,,,158.53,158.53142768,,,,2025-12-05T13:23:08Z,2006,2006-01-01,2006-12-31
8639293,GHED_GGHE-D_pc_US_SHA2011,COUNTRY,KEN,AFR,Africa,YEAR,2016,,,,,,,,,31.63,31.63098322,,,,2025-12-05T13:23:08Z,2016,2016-01-01,2016-12-31
8643439,GHED_GGHE-D_pc_US_SHA2011,WORLDBANKINCOMEGROUP,WB_LI,,,YEAR,2001,,,,,,,,,4.34,4.33891037,,,,2025-12-05T13:23:08Z,2001,2001-01-01,2001-12-31
8645082,GHED_GGHE-D_pc_US_SHA2011,COUNTRY,KIR,WPR,Western Pacific,YEAR,2004,,,,,,,,,128.34,128.33565874,,,,2025-12-05T13:23:08Z,2004,2004-01-01,2004-12-31
8649693,GHED_GGHE-D_pc_US_SHA2011,COUNTRY,LCA,AMR,Americas,YEAR,2002,,,,,,,,,101.79,101.79476659,,,,2025-12-05T13:23:08Z,2002,2002-01-01,2002-12-31
8650781,GHED_GGHE-D_pc_US_SHA2011,COUNTRY,KNA,AMR,Americas,YEAR,2014,,,,,,,,,394.05,394.04794672,,,,2025-12-05T13:23:08Z,2014,2014-01-01,2014-12-31
8651644,GHED_GGHE-D_pc_US_SHA2011,COUNTRY,ZMB,AFR,Africa,YEAR,2018,,,,,,,,,30.57,30.56645175,,,,2025-12-05T13:23:08Z,2018,2018-01-01,2018-12-31
8653936,GHED_GGHE-D_pc_US_SHA2011,COUNTRY,YEM,EMR,Eastern Mediterranean,YEAR,2016,,,,,,,,,5.27,5.27319144,,,,2025-12-05T13:23:08Z,2016,2016-01-01,2016-12-31
8655505,GHED_GGHE-D_pc_US_SHA2011,COUNTRY,VNM,WPR,Western Pacific,YEAR,2007,,,,,,,,,20.80,20.79897834,,,,2025-12-05T13:23:08Z,2007,2007-01-01,2007-12-31
8656780,GHED_GGHE-D_pc_US_SHA2011,COUNTRY,BOL,AMR,Americas,YEAR,2014,,,,,,,,,112.30,112.30233743,,,,2025-12-05T13:23:08Z,2014,2014-01-01,2014-12-31
8657506,GHED_GGHE-D_pc_US_SHA2011,COUNTRY,SOM,EMR,Eastern Mediterranean,YEAR,2019,,,,,,,,,0.81,0.8102189,,,,2025-12-05T13:23:08Z,2019,2019-01-01,2019-12-31
8660335,GHED_GGHE-D_pc_US_SHA2011,COUNTRY,TCD,AFR,Africa,YEAR,2001,,,,,,,,,4.06,4.05864819,,,,2025-12-05T13:23:08Z,2001,2001-01-01,2001-12-31
8662515,GHED_GGHE-D_pc_US_SHA2011,COUNTRY,NGA,AFR,Africa,YEAR,2014,,,,,,,,,13.64,13.6372211,,,,2025-12-05T13:23:08Z,2014,2014-01-01,2014-12-31
8666186,GHED_GGHE-D_pc_US_SHA2011,COUNTRY,MUS,AFR,Africa,YEAR,2010,,,,,,,,,157.67,157.66975753,,,,2025-12-05T13:23:08Z,2010,2010-01-01,2010-12-31
8667997,GHED_GGHE-D_pc_US_SHA2011,COUNTRY,IDN,WPR,Western Pacific,YEAR,2000,,,,,,,,,4.57,4.5663627,,,,2025-12-05T13:23:08Z,2000,2000-01-01,2000-12-31
8668388,GHED_GGHE-D_pc_US_SHA2011,COUNTRY,TLS,SEAR,South-East Asia,YEAR,2004,,,,,,,,,7.93,7.93345632,,,,2025-12-05T13:23:08Z,2004,2004-01-01,2004-12-31
8669839,GHED_GGHE-D_pc_US_SHA2011,COUNTRY,PNG,WPR,Western Pacific,YEAR,2019,,,,,,,,,34.93,34.93439621,,,,2025-12-05T13:23:08Z,2019,2019-01-01,2019-12-31
8673804,GHED_GGHE-D_pc_US_SHA2011,COUNTRY,IRN,EMR,Eastern Mediterranean,YEAR,2005,,,,,,,,,62.60,62.60042672,,,,2025-12-05T13:23:08Z,2005,2005-01-01,2005-12-31
8675132,GHED_GGHE-D_pc_US_SHA2011,COUNTRY,KGZ,EUR,Europe,YEAR,2018,,,,,,,,,31.62,31.62405411,,,,2025-12-05T13:23:08Z,2018,2018-01-01,2018-12-31
8675182,GHED_GGHE-D_pc_US_SHA2011,COUNTRY,GUY,AMR,Americas,YEAR,2013,,,,,,,,,104.92,104.92101031,,,,2025-12-05T13:23:08Z,2013,2013-01-01,2013-12-31
8679690,GHED_GGHE-D_pc_US_SHA2011,COUNTRY,NGA,AFR,Africa,YEAR,2005,,,,,,,,,13.35,13.35157022,,,,2025-12-05T13:23:08Z,2005,2005-01-01,2005-12-31
8680482,GHED_GGHE-D_pc_US_SHA2011,COUNTRY,ETH,AFR,Africa,YEAR,2004,,,,,,,,,1.76,1.76392202,,,,2025-12-05T13:23:08Z,2004,2004-01-01,2004-12-31
8683838,GHED_GGHE-D_pc_US_SHA2011,COUNTRY,PSE,EMR,Eastern Mediterranean,YEAR,2002,,,,,,,,,33.61,33.61227922,,,,2025-12-05T13:23:08Z,2002,2002-01-01,2002-12-31
8684507,GHED_GGHE-D_pc_US_SHA2011,COUNTRY,COL,AMR,Americas,YEAR,2020,,,,,,,,,330.48,330.48381757,,,,2025-12-05T13:23:08Z,2020,2020-01-01,2020-12-31
8687675,GHED_GGHE-D_pc_US_SHA2011,COUNTRY,HND,AMR,Americas,YEAR,2014,,,,,,,,,69.60,69.60494527,,,,2025-12-05T13:23:08Z,2014,2014-01-01,2014-12-31
8689956,GHED_GGHE-D_pc_US_SHA2011,COUNTRY,ROU,EUR,Europe,YEAR,2004,,,,,,,,,140.82,140.82470782,,,,2025-12-05T13:23:08Z,2004,2004-01-01,2004-12-31
8691434,GHED_GGHE-D_pc_US_SHA2011,WORLDBANKINCOMEGROUP,WB_UMI,,,YEAR,2018,,,,,,,,,263.22,263.21705127,,,,2025-12-05T13:23:08Z,2018,2018-01-01,2018-12-31
8693076,GHED_GGHE-D_pc_US_SHA2011,COUNTRY,TON,WPR,Western Pacific,YEAR,2001,,,,,,,,,39.48,39.48463427,,,,2025-12-05T13:23:08Z,2001,2001-01-01,2001-12-31
8693266,GHED_GGHE-D_pc_US_SHA2011,COUNTRY,LSO,AFR,Africa,YEAR,2023,,,,,,,,,56.83,56.83091273,,,,2025-12-05T13:23:08Z,2023,2023-01-01,2023-12-31
8694553,GHED_GGHE-D_pc_US_SHA2011,COUNTRY,MDG,AFR,Africa,YEAR,2015,,,,,,,,,8.86,8.86236102,,,,2025-12-05T13:23:08Z,2015,2015-01-01,2015-12-31
8695563,GHED_GGHE-D_pc_US_SHA2011,COUNTRY,ALB,EUR,Europe,YEAR,2016,,,,,,,,,117.94,117.94243128,,,,2025-12-05T13:23:08Z,2016,2016-01-01,2016-12-31
8700151,GHED_GGHE-D_pc_US_SHA2011,COUNTRY,TGO,AFR,Africa,YEAR,2001,,,,,,,,,1.23,1.23157338,,,,2025-12-05T13:23:08Z,2001,2001-01-01,2001-12-31
8702699,GHED_GGHE-D_pc_US_SHA2011,COUNTRY,SEN,AFR,Africa,YEAR,2001,,,,,,,,,9.02,9.02145237,,,,2025-12-05T13:23:08Z,2001,2001-01-01,2001-12-31
8704048,GHED_GGHE-D_pc_US_SHA2011,COUNTRY,YEM,EMR,Eastern Mediterranean,YEAR,2017,,,,,,,,,3.30,3.2988542,,,,2025-12-05T13:23:08Z,2017,2017-01-01,2017-12-31
8704436,GHED_GGHE-D_pc_US_SHA2011,REGION,AMR,,,YEAR,2018,,,,,,,,,604.67,604.67363542,,,,2025-12-05T13:23:08Z,2018,2018-01-01,2018-12-31
8704942,GHED_GGHE-D_pc_US_SHA2011,COUNTRY,GTM,AMR,Americas,YEAR,2013,,,,,,,,,76.28,76.28305951,,,,2025-12-05T13:23:08Z,2013,2013-01-01,2013-12-31
8705219,GHED_GGHE-D_pc_US_SHA2011,COUNTRY,ALB,EUR,Europe,YEAR,2001,,,,,,,,,34.35,34.34562923,,,,2025-12-05T13:23:08Z,2001,2001-01-01,2001-12-31
8710843,GHED_GGHE-D_pc_US_SHA2011,COUNTRY,MKD,EUR,Europe,YEAR,2017,,,,,,,,,218.98,218.97831556,,,,2025-12-05T13:23:08Z,2017,2017-01-01,2017-12-31
8711616,GHED_GGHE-D_pc_US_SHA2011,COUNTRY,TTO,AMR,Americas,YEAR,2002,,,,,,,,,135.02,135.0210319,,,,2025-12-05T13:23:08Z,2002,2002-01-01,2002-12-31
8714133,GHED_GGHE-D_pc_US_SHA2011,COUNTRY,VCT,AMR,Americas,YEAR,2014,,,,,,,,,181.54,181.53534543,,,,2025-12-05T13:23:08Z,2014,2014-01-01,2014-12-31
8719140,GHED_GGHE-D_pc_US_SHA2011,COUNTRY,ARM,EUR,Europe,YEAR,2021,,,,,,,,,105.83,105.82867993,,,,2025-12-05T13:23:08Z,2021,2021-01-01,2021-12-31
8722458,GHED_GGHE-D_pc_US_SHA2011,COUNTRY,COG,AFR,Africa,YEAR,2008,,,,,,,,,31.13,31.13279453,,,,2025-12-05T13:23:08Z,2008,2008-01-01,2008-12-31
8723709,GHED_GGHE-D_pc_US_SHA2011,COUNTRY,WSM,WPR,Western Pacific,YEAR,2009,,,,,,,,,133.98,133.98193563,,,,2025-12-05T13:23:08Z,2009,2009-01-01,2009-12-31
8723969,GHED_GGHE-D_pc_US_SHA2011,COUNTRY,STP,AFR,Africa,YEAR,2002,,,,,,,,,20.12,20.1213104,,,,2025-12-05T13:23:08Z,2002,2002-01-01,2002-12-31
8724359,GHED_GGHE-D_pc_US_SHA2011,COUNTRY,SAU,EMR,Eastern Mediterranean,YEAR,2009,,,,,,,,,494.03,494.03079727,,,,2025-12-05T13:23:08Z,2009,2009-01-01,2009-12-31
8725779,GHED_GGHE-D_pc_US_SHA2011,COUNTRY,LCA,AMR,Americas,YEAR,2023,,,,,,,,,323.06,323.0582513,,,,2025-12-05T13:23:08Z,2023,2023-01-01,2023-12-31
8726023,GHED_GGHE-D_pc_US_SHA2011,COUNTRY,NIC,AMR,Americas,YEAR,2006,,,,,,,,,35.73,35.72758952,,,,2025-12-05T13:23:08Z,2006,2006-01-01,2006-12-31
8727032,GHED_GGHE-D_pc_US_SHA2011,COUNTRY,GUY,AMR,Americas,YEAR,2012,,,,,,,,,97.84,97.8400101,,,,2025-12-05T13:23:08Z,2012,2012-01-01,2012-12-31
8728480,GHED_GGHE-D_pc_US_SHA2011,COUNTRY,COG,AFR,Africa,YEAR,2009,,,,,,,,,14.03,14.02912642,,,,2025-12-05T13:23:08Z,2009,2009-01-01,2009-12-31
8733184,GHED_GGHE-D_pc_US_SHA2011,COUNTRY,LSO,AFR,Africa,YEAR,2008,,,,,,,,,39.37,39.36541558,,,,2025-12-05T13:23:08Z,2008,2008-01-01,2008-12-31
8734075,GHED_GGHE-D_pc_US_SHA2011,COUNTRY,YEM,EMR,Eastern Mediterranean,YEAR,2021,,,,,,,,,3.70,3.70194538,,,,2025-12-05T13:23:08Z,2021,2021-01-01,2021-12-31
8735846,GHED_GGHE-D_pc_US_SHA2011,COUNTRY,RUS,EUR,Europe,YEAR,2009,,,,,,,,,318.97,318.96803843,,,,2025-12-05T13:23:08Z,2009,2009-01-01,2009-12-31
8741359,GHED_GGHE-D_pc_US_SHA2011,COUNTRY,MHL,WPR,Western Pacific,YEAR,2007,,,,,,,,,185.62,185.62025541,,,,2025-12-05T13:23:08Z,2007,2007-01-01,2007-12-31
8742221,GHED_GGHE-D_pc_US_SHA2011,COUNTRY,LVA,EUR,Europe,YEAR,2015,,,,,,,,,455.29,455.29189453,,,,2025-12-05T13:23:08Z,2015,2015-01-01,2015-12-31
8743717,GHED_GGHE-D_pc_US_SHA2011,COUNTRY,KAZ,EUR,Europe,YEAR,2004,,,,,,,,,63.34,63.3380446,,,,2025-12-05T13:23:08Z,2004,2004-01-01,2004-12-31
8746342,GHED_GGHE-D_pc_US_SHA2011,COUNTRY,PRY,AMR,Americas,YEAR,2001,,,,,,,,,31.90,31.89669692,,,,2025-12-05T13:23:08Z,2001,2001-01-01,2001-12-31
8747549,GHED_GGHE-D_pc_US_SHA2011,COUNTRY,DNK,EUR,Europe,YEAR,2009,,,,,,,,,5243.61,5243.60907399,,,,2025-12-05T13:23:08Z,2009,2009-01-01,2009-12-31
8751244,GHED_GGHE-D_pc_US_SHA2011,REGION,AMR,,,YEAR,2010,,,,,,,,,468.04,468.04291326,,,,2025-12-05T13:23:08Z,2010,2010-01-01,2010-12-31
8753384,GHED_GGHE-D_pc_US_SHA2011,COUNTRY,CAF,AFR,Africa,YEAR,2015,,,,,,,,,1.67,1.66988994,,,,2025-12-05T13:23:08Z,2015,2015-01-01,2015-12-31
8761528,GHED_GGHE-D_pc_US_SHA2011,COUNTRY,ESP,EUR,Europe,YEAR,2011,,,,,,,,,2137.59,2137.58910586,,,,2025-12-05T13:23:08Z,2011,2011-01-01,2011-12-31
8761649,GHED_GGHE-D_pc_US_SHA2011,COUNTRY,YEM,EMR,Eastern Mediterranean,YEAR,2000,,,,,,,,,11.65,11.64738485,,,,2025-12-05T13:23:08Z,2000,2000-01-01,2000-12-31
8762169,GHED_GGHE-D_pc_US_SHA2011,COUNTRY,AGO,AFR,Africa,YEAR,2004,,,,,,,,,21.36,21.35634213,,,,2025-12-05T13:23:08Z,2004,2004-01-01,2004-12-31
8765283,GHED_GGHE-D_pc_US_SHA2011,COUNTRY,MOZ,AFR,Africa,YEAR,2008,,,,,,,,,7.15,7.14766264,,,,2025-12-05T13:23:08Z,2008,2008-01-01,2008-12-31
8765393,GHED_GGHE-D_pc_US_SHA2011,COUNTRY,MEX,AMR,Americas,YEAR,2021,,,,,,,,,303.65,303.65041701,,,,2025-12-05T13:23:08Z,2021,2021-01-01,2021-12-31
8766318,GHED_GGHE-D_pc_US_SHA2011,COUNTRY,BFA,AFR,Africa,YEAR,2022,,,,,,,,,22.83,22.82665384,,,,2025-12-05T13:23:08Z,2022,2022-01-01,2022-12-31
8768428,GHED_GGHE-D_pc_US_SHA2011,REGION,EUR,,,YEAR,2002,,,,,,,,,829.85,829.84924511,,,,2025-12-05T13:23:08Z,2002,2002-01-01,2002-12-31
8775812,GHED_GGHE-D_pc_US_SHA2011,COUNTRY,DZA,AFR,Africa,YEAR,2007,,,,,,,,,105.29,105.28618748,,,,2025-12-05T13:23:08Z,2007,2007-01-01,2007-12-31
8776316,GHED_GGHE-D_pc_US_SHA2011,COUNTRY,NGA,AFR,Africa,YEAR,2018,,,,,,,,,10.24,10.23889638,,,,2025-12-05T13:23:08Z,2018,2018-01-01,2018-12-31
8777925,GHED_GGHE-D_pc_US_SHA2011,COUNTRY,WSM,WPR,Western Pacific,YEAR,2002,,,,,,,,,55.07,55.07194043,,,,2025-12-05T13:23:08Z,2002,2002-01-01,2002-12-31
8778086,GHED_GGHE-D_pc_US_SHA2011,COUNTRY,NIC,AMR,Americas,YEAR,2018,,,,,,,,,105.38,105.37621163,,,,2025-12-05T13:23:08Z,2018,2018-01-01,2018-12-31
8784948,GHED_GGHE-D_pc_US_SHA2011,COUNTRY,MDV,SEAR,South-East Asia,YEAR,2017,,,,,,,,,685.04,685.04330453,,,,2025-12-05T13:23:08Z,2017,2017-01-01,2017-12-31
8786395,GHED_GGHE-D_pc_US_SHA2011,COUNTRY,MOZ,AFR,Africa,YEAR,2012,,,,,,,,,8.47,8.47185178,,,,2025-12-05T13:23:08Z,2012,2012-01-01,2012-12-31
8787259,GHED_GGHE-D_pc_US_SHA2011,COUNTRY,TLS,SEAR,South-East Asia,YEAR,2022,,,,,,,,,125.55,125.5496991,,,,2025-12-05T13:23:08Z,2022,2022-01-01,2022-12-31
8789495,GHED_GGHE-D_pc_US_SHA2011,COUNTRY,SAU,EMR,Eastern Mediterranean,YEAR,2007,,,,,,,,,465.97,465.96869269,,,,2025-12-05T13:23:08Z,2007,2007-01-01,2007-12-31
8789543,GHED_GGHE-D_pc_US_SHA2011,COUNTRY,GIN,AFR,Africa,YEAR,2016,,,,,,,,,4.73,4.72583518,,,,2025-12-05T13:23:08Z,2016,2016-01-01,2016-12-31
8791230,GHED_GGHE-D_pc_US_SHA2011,COUNTRY,KNA,AMR,Americas,YEAR,2010,,,,,,,,,326.43,326.43304725,,,,2025-12-05T13:23:08Z,2010,2010-01-01,2010-12-31
8794009,GHED_GGHE-D_pc_US_SHA2011,COUNTRY,SDN,EMR,Eastern Mediterranean,YEAR,2016,,,,,,,,,20.28,20.28414574,,,,2025-12-05T13:23:08Z,2016,2016-01-01,2016-12-31
8794590,GHED_GGHE-D_pc_US_SHA2011,COUNTRY,CPV,AFR,Africa,YEAR,2014,,,,,,,,,110.49,110.48785375,,,,2025-12-05T13:23:08Z,2014,2014-01-01,2014-12-31
8797966,GHED_GGHE-D_pc_US_SHA2011,COUNTRY,SVK,EUR,Europe,YEAR,2015,,,,,,,,,873.14,873.13839647,,,,2025-12-05T13:23:08Z,2015,2015-01-01,2015-12-31
8799033,GHED_GGHE-D_pc_US_SHA2011,COUNTRY,AND,EUR,Europe,YEAR,2016,,,,,,,,,2008.56,2008.55930017,,,,2025-12-05T13:23:08Z,2016,2016-01-01,2016-12-31
8799728,GHED_GGHE-D_pc_US_SHA2011,COUNTRY,PNG,WPR,Western Pacific,YEAR,2000,,,,,,,,,15.88,15.88294022,,,,2025-12-05T13:23:08Z,2000,2000-01-01,2000-12-31
8802316,GHED_GGHE-D_pc_US_SHA2011,COUNTRY,WSM,WPR,Western Pacific,YEAR,2020,,,,,,,,,184.40,184.40256931,,,,2025-12-05T13:23:08Z,2020,2020-01-01,2020-12-31
8802924,GHED_GGHE-D_pc_US_SHA2011,COUNTRY,JOR,EMR,Eastern Mediterranean,YEAR,2012,,,,,,,,,209.96,209.9553153,,,,2025-12-05T13:23:08Z,2012,2012-01-01,2012-12-31
8803034,GHED_GGHE-D_pc_US_SHA2011,COUNTRY,COM,AFR,Africa,YEAR,2023,,,,,,,,,13.21,13.20605753,,,,2025-12-05T13:23:08Z,2023,2023-01-01,2023-12-31
8807333,GHED_GGHE-D_pc_US_SHA2011,COUNTRY,LTU,EUR,Europe,YEAR,2002,,,,,,,,,185.21,185.21337195,,,,2025-12-05T13:23:08Z,2002,2002-01-01,2002-12-31
8808223,GHED_GGHE-D_pc_US_SHA2011,COUNTRY,GIN,AFR,Africa,YEAR,2010,,,,,,,,,2.39,2.3928857,,,,2025-12-05T13:23:08Z,2010,2010-01-01,2010-12-31
8808647,GHED_GGHE-D_pc_US_SHA2011,COUNTRY,BEN,AFR,Africa,YEAR,2017,,,,,,,,,7.45,7.45205508,,,,2025-12-05T13:23:08Z,2017,2017-01-01,2017-12-31
8809349,GHED_GGHE-D_pc_US_SHA2011,COUNTRY,SRB,EUR,Europe,YEAR,2014,,,,,,,,,354.71,354.70671202,,,,2025-12-05T13:23:08Z,2014,2014-01-01,2014-12-31
8810909,GHED_GGHE-D_pc_US_SHA2011,COUNTRY,POL,EUR,Europe,YEAR,2000,,,,,,,,,162.35,162.34985814,,,,2025-12-05T13:23:08Z,2000,2000-01-01,2000-12-31
8812996,GHED_GGHE-D_pc_US_SHA2011,COUNTRY,NRU,WPR,Western Pacific,YEAR,2019,,,,,,,,,1086.26,1086.26205025,,,,2025-12-05T13:23:08Z,2019,2019-01-01,2019-12-31
8815946,GHED_GGHE-D_pc_US_SHA2011,COUNTRY,NPL,SEAR,South-East Asia,YEAR,2017,,,,,,,,,11.20,11.19884181,,,,2025-12-05T13:23:08Z,2017,2017-01-01,2017-12-31
8816179,GHED_GGHE-D_pc_US_SHA2011,COUNTRY,BLR,EUR,Europe,YEAR,2004,,,,,,,,,108.13,108.13120299,,,,2025-12-05T13:23:08Z,2004,2004-01-01,2004-12-31
8820203,GHED_GGHE-D_pc_US_SHA2011,COUNTRY,KIR,WPR,Western Pacific,YEAR,2010,,,,,,,,,120.75,120.7547071,,,,2025-12-05T13:23:08Z,2010,2010-01-01,2010-12-31
8821500,GHED_GGHE-D_pc_US_SHA2011,COUNTRY,LCA,AMR,Americas,YEAR,2016,,,,,,,,,208.48,208.47601839,,,,2025-12-05T13:23:08Z,2016,2016-01-01,2016-12-31
8821792,GHED_GGHE-D_pc_US_SHA2011,COUNTRY,CMR,AFR,Africa,YEAR,2015,,,,,,,,,5.15,5.14828493,,,,2025-12-05T13:23:08Z,2015,2015-01-01,2015-12-31
8825933,GHED_GGHE-D_pc_US_SHA2011,COUNTRY,SYC,AFR,Africa,YEAR,2017,,,,,,,,,487.28,487.2759871,,,,2025-12-05T13:23:08Z,2017,2017-01-01,2017-12-31
8827564,GHED_GGHE-D_pc_US_SHA2011,COUNTRY,VCT,AMR,Americas,YEAR,2002,,,,,,,,,120.35,120.35320883,,,,2025-12-05T13:23:08Z,2002,2002-01-01,2002-12-31
8827714,GHED_GGHE-D_pc_US_SHA2011,COUNTRY,GTM,AMR,Americas,YEAR,2008,,,,,,,,,59.34,59.34011796,,,,2025-12-05T13:23:08Z,2008,2008-01-01,2008-12-31
8830017,GHED_GGHE-D_pc_US_SHA2011,COUNTRY,LBY,EMR,Eastern Mediterranean,YEAR,2016,,,,,,,,,313.44,313.44336609,,,,2025-12-05T13:23:08Z,2016,2016-01-01,2016-12-31
8831424,GHED_GGHE-D_pc_US_SHA2011,COUNTRY,ECU,AMR,Americas,YEAR,2007,,,,,,,,,75.81,75.80628153,,,,2025-12-05T13:23:08Z,2007,2007-01-01,2007-12-31
8835829,GHED_GGHE-D_pc_US_SHA2011,COUNTRY,COG,AFR,Africa,YEAR,2003,,,,,,,,,5.62,5.620118,,,,2025-12-05T13:23:08Z,2003,2003-01-01,2003-12-31
8837363,GHED_GGHE-D_pc_US_SHA2011,COUNTRY,CAN,AMR,Americas,YEAR,2000,,,,,,,,,1448.41,1448.40668757,,,,2025-12-05T13:23:08Z,2000,2000-01-01,2000-12-31
8838888,GHED_GGHE-D_pc_US_SHA2011,COUNTRY,LIE,EUR,Europe,YEAR,2018,,,,,,,,,6203.94,6203.94421254,,,,2025-12-05T13:23:08Z,2018,2018-01-01,2018-12-31
8842836,GHED_GGHE-D_pc_US_SHA2011,COUNTRY,ERI,AFR,Africa,YEAR,2002,,,,,,,,,5.00,4.99911148,,,,2025-12-05T13:23:08Z,2002,2002-01-01,2002-12-31
8845200,GHED_GGHE-D_pc_US_SHA2011,COUNTRY,SEN,AFR,Africa,YEAR,2002,,,,,,,,,8.97,8.96995084,,,,2025-12-05T13:23:08Z,2002,2002-01-01,2002-12-31
8849866,GHED_GGHE-D_pc_US_SHA2011,COUNTRY,ARM,EUR,Europe,YEAR,2013,,,,,,,,,52.35,52.34982057,,,,2025-12-05T13:23:08Z,2013,2013-01-01,2013-12-31
8852575,GHED_GGHE-D_pc_US_SHA2011,COUNTRY,QAT,EMR,Eastern Mediterranean,YEAR,2004,,,,,,,,,946.06,946.06261027,,,,2025-12-05T13:23:08Z,2004,2004-01-01,2004-12-31
8857580,GHED_GGHE-D_pc_US_SHA2011,COUNTRY,HTI,AMR,Americas,YEAR,2022,,,,,,,,,5.58,5.57547769,,,,2025-12-05T13:23:08Z,2022,2022-01-01,2022-12-31
8860939,GHED_GGHE-D_pc_US_SHA2011,COUNTRY,SVN,EUR,Europe,YEAR,2000,,,,,,,,,568.73,568.73399474,,,,2025-12-05T13:23:08Z,2000,2000-01-01,2000-12-31
8861807,GHED_GGHE-D_pc_US_SHA2011,COUNTRY,MHL,WPR,Western Pacific,YEAR,2009,,,,,,,,,179.98,179.97865971,,,,2025-12-05T13:23:08Z,2009,2009-01-01,2009-12-31
8863756,GHED_GGHE-D_pc_US_SHA2011,COUNTRY,TUV,WPR,Western Pacific,YEAR,2021,,,,,,,,,598.03,598.03265612,,,,2025-12-05T13:23:08Z,2021,2021-01-01,2021-12-31
8865164,GHED_GGHE-D_pc_US_SHA2011,COUNTRY,TTO,AMR,Americas,YEAR,2014,,,,,,,,,508.16,508.15867029,,,,2025-12-05T13:23:08Z,2014,2014-01-01,2014-12-31
8868281,GHED_GGHE-D_pc_US_SHA2011,COUNTRY,LCA,AMR,Americas,YEAR,2000,,,,,,,,,98.36,98.36385188,,,,2025-12-05T13:23:08Z,2000,2000-01-01,2000-12-31
8870070,GHED_GGHE-D_pc_US_SHA2011,COUNTRY,NPL,SEAR,South-East Asia,YEAR,2006,,,,,,,,,3.27,3.26989537,,,,2025-12-05T13:23:08Z,2006,2006-01-01,2006-12-31
8870086,GHED_GGHE-D_pc_US_SHA2011,COUNTRY,BOL,AMR,Americas,YEAR,2009,,,,,,,,,54.68,54.67614756,,,,2025-12-05T13:23:08Z,2009,2009-01-01,2009-12-31
8874885,GHED_GGHE-D_pc_US_SHA2011,COUNTRY,BEN,AFR,Africa,YEAR,2020,,,,,,,,,6.14,6.13564555,,,,2025-12-05T13:23:08Z,2020,2020-01-01,2020-12-31
8878233,GHED_GGHE-D_pc_US_SHA2011,COUNTRY,SYR,EMR,Eastern Mediterranean,YEAR,2017,,,,,,,,,17.39,17.39386635,,,,2025-12-05T13:23:08Z,2017,2017-01-01,2017-12-31
8880065,GHED_GGHE-D_pc_US_SHA2011,COUNTRY,AZE,EUR,Europe,YEAR,2000,,,,,,,,,5.59,5.59121306,,,,2025-12-05T13:23:08Z,2000,2000-01-01,2000-12-31
8885680,GHED_GGHE-D_pc_US_SHA2011,COUNTRY,CHN,WPR,Western Pacific,YEAR,2003,,,,,,,,,16.04,16.04384061,,,,2025-12-05T13:23:08Z,2003,2003-01-01,2003-12-31
8886543,GHED_GGHE-D_pc_US_SHA2011,COUNTRY,ECU,AMR,Americas,YEAR,2017,,,,,,,,,289.20,289.20365458,,,,2025-12-05T13:23:08Z,2017,2017-01-01,2017-12-31
8896594,GHED_GGHE-D_pc_US_SHA2011,COUNTRY,RWA,AFR,Africa,YEAR,2015,,,,,,,,,15.45,15.4478565,,,,2025-12-05T13:23:08Z,2015,2015-01-01,2015-12-31
8899614,GHED_GGHE-D_pc_US_SHA2011,COUNTRY,SEN,AFR,Africa,YEAR,2011,,,,,,,,,17.99,17.98927437,,,,2025-12-05T13:23:08Z,2011,2011-01-01,2011-12-31
8900250,GHED_GGHE-D_pc_US_SHA2011,COUNTRY,PHL,WPR,Western Pacific,YEAR,2011,,,,,,,,,25.31,25.31488036,,,,2025-12-05T13:23:08Z,2011,2011-01-01,2011-12-31
8903294,GHED_GGHE-D_pc_US_SHA2011,COUNTRY,AFG,EMR,Eastern Mediterranean,YEAR,2021,,,,,,,,,2.69,2.69241566,,,,2025-12-05T13:23:08Z,2021,2021-01-01,2021-12-31
8908870,GHED_GGHE-D_pc_US_SHA2011,COUNTRY,ISR,EUR,Europe,YEAR,2010,,,,,,,,,1405.45,1405.44560929,,,,2025-12-05T13:23:08Z,2010,2010-01-01,2010-12-31
8909959,GHED_GGHE-D_pc_US_SHA2011,COUNTRY,VCT,AMR,Americas,YEAR,2001,,,,,,,,,111.47,111.47464131,,,,2025-12-05T13:23:08Z,2001,2001-01-01,2001-12-31
8916258,GHED_GGHE-D_pc_US_SHA2011,COUNTRY,CRI,AMR,Americas,YEAR,2009,,,,,,,,,381.01,381.0071169,,,,2025-12-05T13:23:08Z,2009,2009-01-01,2009-12-31
8917943,GHED_GGHE-D_pc_US_SHA2011,COUNTRY,SUR,AMR,Americas,YEAR,2017,,,,,,,,,187.49,187.49227931,,,,2025-12-05T13:23:08Z,2017,2017-01-01,2017-12-31
8918132,GHED_GGHE-D_pc_US_SHA2011,COUNTRY,COG,AFR,Africa,YEAR,2005,,,,,,,,,7.77,7.77433133,,,,2025-12-05T13:23:08Z,2005,2005-01-01,2005-12-31
8919340,GHED_GGHE-D_pc_US_SHA2011,COUNTRY,TTO,AMR,Americas,YEAR,2023,,,,,,,,,617.51,617.51485067,,,,2025-12-05T13:23:08Z,2023,2023-01-01,2023-12-31
8920045,GHED_GGHE-D_pc_US_SHA2011,COUNTRY,QAT,EMR,Eastern Mediterranean,YEAR,2005,,,,,,,,,1038.30,1038.29566227,,,,2025-12-05T13:23:08Z,2005,2005-01-01,2005-12-31
8921956,GHED_GGHE-D_pc_US_SHA2011,COUNTRY,GAB,AFR,Africa,YEAR,2022,,,,,,,,,158.52,158.51753556,,,,2025-12-05T13:23:08Z,2022,2022-01-01,2022-12-31
8923086,GHED_GGHE-D_pc_US_SHA2011,COUNTRY,CRI,AMR,Americas,YEAR,2006,,,,,,,,,240.98,240.98432125,,,,2025-12-05T13:23:08Z,2006,2006-01-01,2006-12-31
8926178,GHED_GGHE-D_pc_US_SHA2011,COUNTRY,BRA,AMR,Americas,YEAR,2018,,,,,,,,,361.73,361.72522115,,,,2025-12-05T13:23:08Z,2018,2018-01-01,2018-12-31
8926836,GHED_GGHE-D_pc_US_SHA2011,COUNTRY,SAU,EMR,Eastern Mediterranean,YEAR,2017,,,,,,,,,1006.51,1006.50740052,,,,2025-12-05T13:23:08Z,2017,2017-01-01,2017-12-31
8928576,GHED_GGHE-D_pc_US_SHA2011,COUNTRY,BGD,SEAR,South-East Asia,YEAR,2006,,,,,,,,,2.74,2.74132845,,,,2025-12-05T13:23:08Z,2006,2006-01-01,2006-12-31
8935903,GHED_GGHE-D_pc_US_SHA2011,COUNTRY,LCA,AMR,Americas,YEAR,2006,,,,,,,,,118.66,118.66041225,,,,2025-12-05T13:23:08Z,2006,2006-01-01,2006-12-31
8936480,GHED_GGHE-D_pc_US_SHA2011,COUNTRY,RUS,EUR,Europe,YEAR,2022,,,,,,,,,766.21,766.20782701,,,,2025-12-05T13:23:08Z,2022,2022-01-01,2022-12-31
8936937,GHED_GGHE-D_pc_US_SHA2011,COUNTRY,MLT,EUR,Europe,YEAR,2015,,,,,,,,,1368.12,1368.11960338,,,,2025-12-05T13:23:08Z,2015,2015-01-01,2015-12-31
8939981,GHED_GGHE-D_pc_US_SHA2011,COUNTRY,BGD,SEAR,South-East Asia,YEAR,2000,,,,,,,,,2.33,2.33102689,,,,2025-12-05T13:23:08Z,2000,2000-01-01,2000-12-31
8940179,GHED_GGHE-D_pc_US_SHA2011,COUNTRY,BLZ,AMR,Americas,YEAR,2015,,,,,,,,,195.18,195.17785611,,,,2025-12-05T13:23:08Z,2015,2015-01-01,2015-12-31
8940894,GHED_GGHE-D_pc_US_SHA2011,COUNTRY,QAT,EMR,Eastern Mediterranean,YEAR,2012,,,,,,,,,1355.45,1355.44908886,,,,2025-12-05T13:23:08Z,2012,2012-01-01,2012-12-31
8941040,GHED_GGHE-D_pc_US_SHA2011,COUNTRY,MCO,EUR,Europe,YEAR,2009,,,,,,,,,6661.13,6661.13281107,,,,2025-12-05T13:23:08Z,2009,2009-01-01,2009-12-31
8945550,GHED_GGHE-D_pc_US_SHA2011,COUNTRY,ESP,EUR,Europe,YEAR,2000,,,,,,,,,717.35,717.34958763,,,,2025-12-05T13:23:08Z,2000,2000-01-01,2000-12-31
8946760,GHED_GGHE-D_pc_US_SHA2011,COUNTRY,VNM,WPR,Western Pacific,YEAR,2005,,,,,,,,,16.14,16.13645096,,,,2025-12-05T13:23:08Z,2005,2005-01-01,2005-12-31
8947802,GHED_GGHE-D_pc_US_SHA2011,COUNTRY,ZAF,AFR,Africa,YEAR,2012,,,,,,,,,334.41,334.41255453,,,,2025-12-05T13:23:08Z,2012,2012-01-01,2012-12-31
8948083,GHED_GGHE-D_pc_US_SHA2011,COUNTRY,KWT,EMR,Eastern Mediterranean,YEAR,2009,,,,,,,,,836.97,836.96754193,,,,2025-12-05T13:23:08Z,2009,2009-01-01,2009-12-31
8948463,GHED_GGHE-D_pc_US_SHA2011,COUNTRY,BGD,SEAR,South-East Asia,YEAR,2014,,,,,,,,,5.54,5.53887644,,,,2025-12-05T13:23:08Z,2014,2014-01-01,2014-12-31
8951408,GHED_GGHE-D_pc_US_SHA2011,COUNTRY,MDG,AFR,Africa,YEAR,2002,,,,,,,,,5.33,5.32762769,,,,2025-12-05T13:23:08Z,2002,2002-01-01,2002-12-31
8958253,GHED_GGHE-D_pc_US_SHA2011,COUNTRY,PLW,WPR,Western Pacific,YEAR,2011,,,,,,,,,463.03,463.03122666,,,,2025-12-05T13:23:08Z,2011,2011-01-01,2011-12-31
8960423,GHED_GGHE-D_pc_US_SHA2011,COUNTRY,PNG,WPR,Western Pacific,YEAR,2012,,,,,,,,,48.02,48.01733718,,,,2025-12-05T13:23:08Z,2012,2012-01-01,2012-12-31
8960665,GHED_GGHE-D_pc_US_SHA2011,COUNTRY,ALB,EUR,Europe,YEAR,2017,,,,,,,,,124.64,124.63752239,,,,2025-12-05T13:23:08Z,2017,2017-01-01,2017-12-31
8961073,GHED_GGHE-D_pc_US_SHA2011,COUNTRY,ARM,EUR,Europe,YEAR,2002,,,,,,,,,9.11,9.11324494,,,,2025-12-05T13:23:08Z,2002,2002-01-01,2002-12-31
8961401,GHED_GGHE-D_pc_US_SHA2011,REGION,EMR,,,YEAR,2014,,,,,,,,,372.09,372.09374412,,,,2025-12-05T13:23:08Z,2014,2014-01-01,2014-12-31
8965452,GHED_GGHE-D_pc_US_SHA2011,COUNTRY,HUN,EUR,Europe,YEAR,2015,,,,,,,,,592.47,592.47134172,,,,2025-12-05T13:23:08Z,2015,2015-01-01,2015-12-31
8965711,GHED_GGHE-D_pc_US_SHA2011,COUNTRY,PRY,AMR,Americas,YEAR,2020,,,,,,,,,221.76,221.76470021,,,,2025-12-05T13:23:08Z,2020,2020-01-01,2020-12-31
8967374,GHED_GGHE-D_pc_US_SHA2011,COUNTRY,TTO,AMR,Americas,YEAR,2011,,,,,,,,,435.36,435.35788173,,,,2025-12-05T13:23:08Z,2011,2011-01-01,2011-12-31
8968602,GHED_GGHE-D_pc_US_SHA2011,COUNTRY,DMA,AMR,Americas,YEAR,2007,,,,,,,,,154.30,154.30439767,,,,2025-12-05T13:23:08Z,2007,2007-01-01,2007-12-31
8972937,GHED_GGHE-D_pc_US_SHA2011,WORLDBANKINCOMEGROUP,WB_HI,,,YEAR,2016,,,,,,,,,1941.12,1941.12349562,,,,2025-12-05T13:23:08Z,2016,2016-01-01,2016-12-31
8973099,GHED_GGHE-D_pc_US_SHA2011,COUNTRY,MLI,AFR,Africa,YEAR,2022,,,,,,,,,11.41,11.41033508,,,,2025-12-05T13:23:08Z,2022,2022-01-01,2022-12-31
8973412,GHED_GGHE-D_pc_US_SHA2011,COUNTRY,NGA,AFR,Africa,YEAR,2004,,,,,,,,,11.11,11.10750435,,,,2025-12-05T13:23:08Z,2004,2004-01-01,2004-12-31
8974190,GHED_GGHE-D_pc_US_SHA2011,COUNTRY,LSO,AFR,Africa,YEAR,2013,,,,,,,,,73.22,73.2189881,,,,2025-12-05T13:23:08Z,2013,2013-01-01,2013-12-31
8976252,GHED_GGHE-D_pc_US_SHA2011,COUNTRY,LBN,EMR,Eastern Mediterranean,YEAR,2009,,,,,,,,,189.81,189.80590279,,,,2025-12-05T13:23:08Z,2009,2009-01-01,2009-12-31
8976786,GHED_GGHE-D_pc_US_SHA2011,COUNTRY,SSD,AFR,Africa,YEAR,2017,,,,,,,,,2.37,2.36856311,,,,2025-12-05T13:23:08Z,2017,2017-01-01,2017-12-31
8981418,GHED_GGHE-D_pc_US_SHA2011,COUNTRY,GBR,EUR,Europe,YEAR,2021,,,,,,,,,4727.95,4727.94585695,,,,2025-12-05T13:23:08Z,2021,2021-01-01,2021-12-31
8990455,GHED_GGHE-D_pc_US_SHA2011,COUNTRY,CHN,WPR,Western Pacific,YEAR,2001,,,,,,,,,10.17,10.16636216,,,,2025-12-05T13:23:08Z,2001,2001-01-01,2001-12-31
8995446,GHED_GGHE-D_pc_US_SHA2011,COUNTRY,KAZ,EUR,Europe,YEAR,2016,,,,,,,,,152.52,152.520382,,,,2025-12-05T13:23:08Z,2016,2016-01-01,2016-12-31
8997923,GHED_GGHE-D_pc_US_SHA2011,COUNTRY,PAK,EMR,Eastern Mediterranean,YEAR,2014,,,,,,,,,7.80,7.80412925,,,,2025-12-05T13:23:08Z,2014,2014-01-01,2014-12-31
8999935,GHED_GGHE-D_pc_US_SHA2011,COUNTRY,PLW,WPR,Western Pacific,YEAR,2016,,,,,,,,,890.77,890.77327639,,,,2025-12-05T13:23:08Z,2016,2016-01-01,2016-12-31
9000381,GHED_GGHE-D_pc_US_SHA2011,COUNTRY,TJK,EUR,Europe,YEAR,2018,,,,,,,,,15.83,15.82581457,,,,2025-12-05T13:23:08Z,2018,2018-01-01,2018-12-31
9001626,GHED_GGHE-D_pc_US_SHA2011,COUNTRY,BFA,AFR,Africa,YEAR,2017,,,,,,,,,19.05,19.04949663,,,,2025-12-05T13:23:08Z,2017,2017-01-01,2017-12-31
9005909,GHED_GGHE-D_pc_US_SHA2011,WORLDBANKINCOMEGROUP,WB_LMI,,,YEAR,2005,,,,,,,,,28.61,28.60584871,,,,2025-12-05T13:23:08Z,2005,2005-01-01,2005-12-31
9007989,GHED_GGHE-D_pc_US_SHA2011,REGION,AMR,,,YEAR,2019,,,,,,,,,615.63,615.63373632,,,,2025-12-05T13:23:08Z,2019,2019-01-01,2019-12-31
9010669,GHED_GGHE-D_pc_US_SHA2011,COUNTRY,FRA,EUR,Europe,YEAR,2005,,,,,,,,,2593.61,2593.6073291,,,,2025-12-05T13:23:08Z,2005,2005-01-01,2005-12-31
9013414,GHED_GGHE-D_pc_US_SHA2011,COUNTRY,AND,EUR,Europe,YEAR,2013,,,,,,,,,2024.85,2024.85394325,,,,2025-12-05T13:23:08Z,2013,2013-01-01,2013-12-31
9015233,GHED_GGHE-D_pc_US_SHA2011,COUNTRY,VNM,WPR,Western Pacific,YEAR,2015,,,,,,,,,52.92,52.92442677,,,,2025-12-05T13:23:08Z,2015,2015-01-01,2015-12-31
9016103,GHED_GGHE-D_pc_US_SHA2011,COUNTRY,AND,EUR,Europe,YEAR,2007,,,,,,,,,1429.25,1429.25430777,,,,2025-12-05T13:23:08Z,2007,2007-01-01,2007-12-31
9019121,GHED_GGHE-D_pc_US_SHA2011,REGION,EMR,,,YEAR,2010,,,,,,,,,278.24,278.23527884,,,,2025-12-05T13:23:08Z,2010,2010-01-01,2010-12-31
9019725,GHED_GGHE-D_pc_US_SHA2011,REGION,SEAR,,,YEAR,2016,,,,,,,,,124.62,124.61983089,,,,2025-12-05T13:23:08Z,2016,2016-01-01,2016-12-31
9021316,GHED_GGHE-D_pc_US_SHA2011,COUNTRY,KEN,AFR,Africa,YEAR,2007,,,,,,,,,12.28,12.28001073,,,,2025-12-05T13:23:08Z,2007,2007-01-01,2007-12-31
9022798,GHED_GGHE-D_pc_US_SHA2011,COUNTRY,ARG,AMR,Americas,YEAR,2020,,,,,,,,,596.69,596.68757433,,,,2025-12-05T13:23:08Z,2020,2020-01-01,2020-12-31
9024350,GHED_GGHE-D_pc_US_SHA2011,COUNTRY,MDG,AFR,Africa,YEAR,2013,,,,,,,,,6.72,6.72086933,,,,2025-12-05T13:23:08Z,2013,2013-01-01,2013-12-31
9026922,GHED_GGHE-D_pc_US_SHA2011,COUNTRY,MDA,EUR,Europe,YEAR,2014,,,,,,,,,113.87,113.87466658,,,,2025-12-05T13:23:08Z,2014,2014-01-01,2014-12-31
9027846,GHED_GGHE-D_pc_US_SHA2011,COUNTRY,EST,EUR,Europe,YEAR,2021,,,,,,,,,1590.40,1590.40373304,,,,2025-12-05T13:23:08Z,2021,2021-01-01,2021-12-31
9028199,GHED_GGHE-D_pc_US_SHA2011,COUNTRY,IDN,WPR,Western Pacific,YEAR,2009,,,,,,,,,21.92,21.9242301,,,,2025-12-05T13:23:08Z,2009,2009-01-01,2009-12-31
9032925,GHED_GGHE-D_pc_US_SHA2011,WORLDBANKINCOMEGROUP,WB_UMI,,,YEAR,2004,,,,,,,,,93.55,93.55107693,,,,2025-12-05T13:23:08Z,2004,2004-01-01,2004-12-31
9033109,GHED_GGHE-D_pc_US_SHA2011,COUNTRY,AUS,WPR,Western Pacific,YEAR,2023,,,,,,,,,5141.81,5141.81031894,,,,2025-12-05T13:23:08Z,2023,2023-01-01,2023-12-31
9033465,GHED_GGHE-D_pc_US_SHA2011,COUNTRY,CAF,AFR,Africa,YEAR,2017,,,,,,,,,3.15,3.15086408,,,,2025-12-05T13:23:08Z,2017,2017-01-01,2017-12-31
9034159,GHED_GGHE-D_pc_US_SHA2011,COUNTRY,COM,AFR,Africa,YEAR,2016,,,,,,,,,7.84,7.83787778,,,,2025-12-05T13:23:08Z,2016,2016-01-01,2016-12-31
9036995,GHED_GGHE-D_pc_US_SHA2011,COUNTRY,KHM,WPR,Western Pacific,YEAR,2022,,,,,,,,,27.40,27.39800645,,,,2025-12-05T13:23:08Z,2022,2022-01-01,2022-12-31
9037250,GHED_GGHE-D_pc_US_SHA2011,COUNTRY,ARM,EUR,Europe,YEAR,2010,,,,,,,,,53.28,53.27566152,,,,2025-12-05T13:23:08Z,2010,2010-01-01,2010-12-31
9039055,GHED_GGHE-D_pc_US_SHA2011,COUNTRY,GNQ,AFR,Africa,YEAR,2017,,,,,,,,,61.69,61.69181438,,,,2025-12-05T13:23:08Z,2017,2017-01-01,2017-12-31
9039799,GHED_GGHE-D_pc_US_SHA2011,WORLDBANKINCOMEGROUP,WB_UMI,,,YEAR,2003,,,,,,,,,84.37,84.36714098,,,,2025-12-05T13:23:08Z,2003,2003-01-01,2003-12-31
9041900,GHED_GGHE-D_pc_US_SHA2011,COUNTRY,RUS,EUR,Europe,YEAR,2010,,,,,,,,,346.36,346.36246744,,,,2025-12-05T13:23:08Z,2010,2010-01-01,2010-12-31
9046569,GHED_GGHE-D_pc_US_SHA2011,COUNTRY,RWA,AFR,Africa,YEAR,2013,,,,,,,,,15.31,15.31113542,,,,2025-12-05T13:23:08Z,2013,2013-01-01,2013-12-31
9049477,GHED_GGHE-D_pc_US_SHA2011,COUNTRY,KNA,AMR,Americas,YEAR,2009,,,,,,,,,325.70,325.69919585,,,,2025-12-05T13:23:08Z,2009,2009-01-01,2009-12-31
9050987,GHED_GGHE-D_pc_US_SHA2011,COUNTRY,ALB,EUR,Europe,YEAR,2018,,,,,,,,,150.53,150.53332354,,,,2025-12-05T13:23:08Z,2018,2018-01-01,2018-12-31
9052013,GHED_GGHE-D_pc_US_SHA2011,COUNTRY,ARG,AMR,Americas,YEAR,2006,,,,,,,,,239.23,239.22822406,,,,2025-12-05T13:23:08Z,2006,2006-01-01,2006-12-31
9052038,GHED_GGHE-D_pc_US_SHA2011,COUNTRY,IRQ,EMR,Eastern Mediterranean,YEAR,2011,,,,,,,,,120.20,120.19620994,,,,2025-12-05T13:23:08Z,2011,2011-01-01,2011-12-31
9056774,GHED_GGHE-D_pc_US_SHA2011,COUNTRY,BDI,AFR,Africa,YEAR,2006,,,,,,,,,3.83,3.8271669,,,,2025-12-05T13:23:08Z,2006,2006-01-01,2006-12-31
9061980,GHED_GGHE-D_pc_US_SHA2011,COUNTRY,NER,AFR,Africa,YEAR,2010,,,,,,,,,6.21,6.20859007,,,,2025-12-05T13:23:08Z,2010,2010-01-01,2010-12-31
9063896,GHED_GGHE-D_pc_US_SHA2011,COUNTRY,COL,AMR,Americas,YEAR,2019,,,,,,,,,354.52,354.52148387,,,,2025-12-05T13:23:08Z,2019,2019-01-01,2019-12-31
9063913,GHED_GGHE-D_pc_US_SHA2011,COUNTRY,GIN,AFR,Africa,YEAR,2008,,,,,,,,,1.90,1.89661634,,,,2025-12-05T13:23:08Z,2008,2008-01-01,2008-12-31
9066526,GHED_GGHE-D_pc_US_SHA2011,COUNTRY,MNG,WPR,Western Pacific,YEAR,2001,,,,,,,,,19.90,19.89920242,,,,2025-12-05T13:23:08Z,2001,2001-01-01,2001-12-31
9068833,GHED_GGHE-D_pc_US_SHA2011,COUNTRY,LBN,EMR,Eastern Mediterranean,YEAR,2012,,,,,,,,,256.15,256.15218901,,,,2025-12-05T13:23:08Z,2012,2012-01-01,2012-12-31
9074858,GHED_GGHE-D_pc_US_SHA2011,COUNTRY,GNQ,AFR,Africa,YEAR,2006,,,,,,,,,46.68,46.67523661,,,,2025-12-05T13:23:08Z,2006,2006-01-01,2006-12-31
9074874,GHED_GGHE-D_pc_US_SHA2011,COUNTRY,LVA,EUR,Europe,YEAR,2019,,,,,,,,,708.18,708.17818715,,,,2025-12-05T13:23:08Z,2019,2019-01-01,2019-12-31
9077035,GHED_GGHE-D_pc_US_SHA2011,COUNTRY,MKD,EUR,Europe,YEAR,2022,,,,,,,,,319.49,319.49450438,,,,2025-12-05T13:23:08Z,2022,2022-01-01,2022-12-31
9078703,GHED_GGHE-D_pc_US_SHA2011,COUNTRY,ISR,EUR,Europe,YEAR,2008,,,,,,,,,1302.98,1302.97613159,,,,2025-12-05T13:23:08Z,2008,2008-01-01,2008-12-31
9081209,GHED_GGHE-D_pc_US_SHA2011,COUNTRY,AUS,WPR,Western Pacific,YEAR,2015,,,,,,,,,3756.95,3756.94569681,,,,2025-12-05T13:23:08Z,2015,2015-01-01,2015-12-31
9083300,GHED_GGHE-D_pc_US_SHA2011,COUNTRY,ARM,EUR,Europe,YEAR,2004,,,,,,,,,15.31,15.31341697,,,,2025-12-05T13:23:08Z,2004,2004-01-01,2004-12-31
9084849,GHED_GGHE-D_pc_US_SHA2011,COUNTRY,MDA,EUR,Europe,YEAR,2021,,,,,,,,,263.54,263.54072483,,,,2025-12-05T13:23:08Z,2021,2021-01-01,2021-12-31
9090104,GHED_GGHE-D_pc_US_SHA2011,COUNTRY,CAN,AMR,Americas,YEAR,2002,,,,,,,,,1546.44,1546.44208534,,,,2025-12-05T13:23:08Z,2002,2002-01-01,2002-12-31
9091810,GHED_GGHE-D_pc_US_SHA2011,COUNTRY,URY,AMR,Americas,YEAR,2017,,,,,,,,,1158.86,1158.85617749,,,,2025-12-05T13:23:08Z,2017,2017-01-01,2017-12-31
9100678,GHED_GGHE-D_pc_US_SHA2011,COUNTRY,TCD,AFR,Africa,YEAR,2014,,,,,,,,,12.03,12.03233179,,,,2025-12-05T13:23:08Z,2014,2014-01-01,2014-12-31
9104411,GHED_GGHE-D_pc_US_SHA2011,COUNTRY,BOL,AMR,Americas,YEAR,2010,,,,,,,,,59.00,58.99933288,,,,2025-12-05T13:23:08Z,2010,2010-01-01,2010-12-31
9104956,GHED_GGHE-D_pc_US_SHA2011,COUNTRY,GRC,EUR,Europe,YEAR,2010,,,,,,,,,1767.00,1766.99999439,,,,2025-12-05T13:23:08Z,2010,2010-01-01,2010-12-31
9105852,GHED_GGHE-D_pc_US_SHA2011,COUNTRY,DMA,AMR,Americas,YEAR,2003,,,,,,,,,135.35,135.3535189,,,,2025-12-05T13:23:08Z,2003,2003-01-01,2003-12-31
9114125,GHED_GGHE-D_pc_US_SHA2011,COUNTRY,MEX,AMR,Americas,YEAR,2004,,,,,,,,,193.88,193.8817246,,,,2025-12-05T13:23:08Z,2004,2004-01-01,2004-12-31
9114643,GHED_GGHE-D_pc_US_SHA2011,COUNTRY,GHA,AFR,Africa,YEAR,2009,,,,,,,,,30.60,30.60202202,,,,2025-12-05T13:23:08Z,2009,2009-01-01,2009-12-31
9117255,GHED_GGHE-D_pc_US_SHA2011,COUNTRY,AUS,WPR,Western Pacific,YEAR,2013,,,,,,,,,3936.26,3936.26225659,,,,2025-12-05T13:23:08Z,2013,2013-01-01,2013-12-31
9119500,GHED_GGHE-D_pc_US_SHA2011,COUNTRY,NZL,WPR,Western Pacific,YEAR,2001,,,,,,,,,771.11,771.11484843,,,,2025-12-05T13:23:08Z,2001,2001-01-01,2001-12-31
9120787,GHED_GGHE-D_pc_US_SHA2011,COUNTRY,TJK,EUR,Europe,YEAR,2014,,,,,,,,,22.78,22.7753443,,,,2025-12-05T13:23:08Z,2014,2014-01-01,2014-12-31
9123105,GHED_GGHE-D_pc_US_SHA2011,COUNTRY,GEO,EUR,Europe,YEAR,2000,,,,,,,,,5.96,5.96233134,,,,2025-12-05T13:23:08Z,2000,2000-01-01,2000-12-31
9123530,GHED_GGHE-D_pc_US_SHA2011,COUNTRY,ATG,AMR,Americas,YEAR,2008,,,,,,,,,352.32,352.31981677,,,,2025-12-05T13:23:08Z,2008,2008-01-01,2008-12-31
9123750,GHED_GGHE-D_pc_US_SHA2011,COUNTRY,LBN,EMR,Eastern Mediterranean,YEAR,2021,,,,,,,,,51.07,51.06810686,,,,2025-12-05T13:23:08Z,2021,2021-01-01,2021-12-31
9134072,GHED_GGHE-D_pc_US_SHA2011,COUNTRY,BEN,AFR,Africa,YEAR,2015,,,,,,,,,5.92,5.9225499,,,,2025-12-05T13:23:08Z,2015,2015-01-01,2015-12-31
9138950,GHED_GGHE-D_pc_US_SHA2011,COUNTRY,SYR,EMR,Eastern Mediterranean,YEAR,2016,,,,,,,,,12.92,12.91585974,,,,2025-12-05T13:23:08Z,2016,2016-01-01,2016-12-31
9142310,GHED_GGHE-D_pc_US_SHA2011,COUNTRY,FJI,WPR,Western Pacific,YEAR,2009,,,,,,,,,75.06,75.05937991,,,,2025-12-05T13:23:08Z,2009,2009-01-01,2009-12-31
9142605,GHED_GGHE-D_pc_US_SHA2011,COUNTRY,YEM,EMR,Eastern Mediterranean,YEAR,2011,,,,,,,,,12.96,12.95771083,,,,2025-12-05T13:23:08Z,2011,2011-01-01,2011-12-31
9143914,GHED_GGHE-D_pc_US_SHA2011,COUNTRY,ZMB,AFR,Africa,YEAR,2014,,,,,,,,,32.34,32.34112202,,,,2025-12-05T13:23:08Z,2014,2014-01-01,2014-12-31
9146330,GHED_GGHE-D_pc_US_SHA2011,COUNTRY,KHM,WPR,Western Pacific,YEAR,2019,,,,,,,,,27.37,27.3668662,,,,2025-12-05T13:23:08Z,2019,2019-01-01,2019-12-31
9146544,GHED_GGHE-D_pc_US_SHA2011,REGION,SEAR,,,YEAR,2002,,,,,,,,,21.58,21.57721206,,,,2025-12-05T13:23:08Z,2002,2002-01-01,2002-12-31
9148161,GHED_GGHE-D_pc_US_SHA2011,COUNTRY,ECU,AMR,Americas,YEAR,2012,,,,,,,,,198.76,198.76075266,,,,2025-12-05T13:23:08Z,2012,2012-01-01,2012-12-31
9150315,GHED_GGHE-D_pc_US_SHA2011,COUNTRY,TKM,EUR,Europe,YEAR,2019,,,,,,,,,78.57,78.56551675,,,,2025-12-05T13:23:08Z,2019,2019-01-01,2019-12-31
9152536,GHED_GGHE-D_pc_US_SHA2011,COUNTRY,ZWE,AFR,Africa,YEAR,2021,,,,,,,,,20.06,20.05877633,,,,2025-12-05T13:23:08Z,2021,2021-01-01,2021-12-31
9155657,GHED_GGHE-D_pc_US_SHA2011,COUNTRY,PNG,WPR,Western Pacific,YEAR,2006,,,,,,,,,20.17,20.16893688,,,,2025-12-05T13:23:08Z,2006,2006-01-01,2006-12-31
9157324,GHED_GGHE-D_pc_US_SHA2011,COUNTRY,PAK,EMR,Eastern Mediterranean,YEAR,2018,,,,,,,,,13.27,13.27128021,,,,2025-12-05T13:23:08Z,2018,2018-01-01,2018-12-31
9159415,GHED_GGHE-D_pc_US_SHA2011,COUNTRY,ITA,EUR,Europe,YEAR,2008,,,,,,,,,2705.73,2705.73374217,,,,2025-12-05T13:23:08Z,2008,2008-01-01,2008-12-31
9160285,GHED_GGHE-D_pc_US_SHA2011,COUNTRY,MAR,EMR,Eastern Mediterranean,YEAR,2003,,,,,,,,,19.01,19.01380573,,,,2025-12-05T13:23:08Z,2003,2003-01-01,2003-12-31
9160403,GHED_GGHE-D_pc_US_SHA2011,COUNTRY,MHL,WPR,Western Pacific,YEAR,2021,,,,,,,,,325.99,325.99265115,,,,2025-12-05T13:23:08Z,2021,2021-01-01,2021-12-31
9161179,GHED_GGHE-D_pc_US_SHA2011,COUNTRY,YEM,EMR,Eastern Mediterranean,YEAR,2009,,,,,,,,,12.68,12.68440851,,,,2025-12-05T13:23:08Z,2009,2009-01-01,2009-12-31
9161733,GHED_GGHE-D_pc_US_SHA2011,COUNTRY,CPV,AFR,Africa,YEAR,2015,,,,,,,,,98.92,98.9225539,,,,2025-12-05T13:23:08Z,2015,2015-01-01,2015-12-31
9169670,GHED_GGHE-D_pc_US_SHA2011,COUNTRY,LVA,EUR,Europe,YEAR,2001,,,,,,,,,99.91,99.90824818,,,,2025-12-05T13:23:08Z,2001,2001-01-01,2001-12-31
9172141,GHED_GGHE-D_pc_US_SHA2011,COUNTRY,TUV,WPR,Western Pacific,YEAR,2022,,,,,,,,,1005.82,1005.81902104,,,,2025-12-05T13:23:08Z,2022,2022-01-01,2022-12-31
9173025,GHED_GGHE-D_pc_US_SHA2011,COUNTRY,LBY,EMR,Eastern Mediterranean,YEAR,2010,,,,,,,,,266.17,266.17461241,,,,2025-12-05T13:23:08Z,2010,2010-01-01,2010-12-31
9173884,GHED_GGHE-D_pc_US_SHA2011,COUNTRY,CHE,EUR,Europe,YEAR,2017,,,,,,,,,3138.02,3138.01628741,,,,2025-12-05T13:23:08Z,2017,2017-01-01,2017-12-31
9175424,GHED_GGHE-D_pc_US_SHA2011,COUNTRY,RWA,AFR,Africa,YEAR,2001,,,,,,,,,1.66,1.65616226,,,,2025-12-05T13:23:08Z,2001,2001-01-01,2001-12-31
9180770,GHED_GGHE-D_pc_US_SHA2011,COUNTRY,HTI,AMR,Americas,YEAR,2007,,,,,,,,,8.17,8.16888799,,,,2025-12-05T13:23:08Z,2007,2007-01-01,2007-12-31
9181979,GHED_GGHE-D_pc_US_SHA2011,COUNTRY,LBY,EMR,Eastern Mediterranean,YEAR,2004,,,,,,,,,132.12,132.12298449,,,,2025-12-05T13:23:08Z,2004,2004-01-01,2004-12-31
9184335,GHED_GGHE-D_pc_US_SHA2011,GLOBAL,GLOBAL,,,YEAR,2010,,,,,,,,,679.70,679.69984853,,,,2025-12-05T13:23:08Z,2010,2010-01-01,2010-12-31
9189454,GHED_GGHE-D_pc_US_SHA2011,COUNTRY,ARM,EUR,Europe,YEAR,2005,,,,,,,,,24.10,24.09867493,,,,2025-12-05T13:23:08Z,2005,2005-01-01,2005-12-31
9190426,GHED_GGHE-D_pc_US_SHA2011,COUNTRY,LBN,EMR,Eastern Mediterranean,YEAR,2020,,,,,,,,,134.85,134.84691171,,,,2025-12-05T13:23:08Z,2020,2020-01-01,2020-12-31
9190901,GHED_GGHE-D_pc_US_SHA2011,COUNTRY,BRA,AMR,Americas,YEAR,2022,,,,,,,,,395.36,395.35614908,,,,2025-12-05T13:23:08Z,2022,2022-01-01,2022-12-31
9192714,GHED_GGHE-D_pc_US_SHA2011,COUNTRY,TKM,EUR,Europe,YEAR,2023,,,,,,,,,99.63,99.63453924,,,,2025-12-05T13:23:08Z,2023,2023-01-01,2023-12-31
9196351,GHED_GGHE-D_pc_US_SHA2011,COUNTRY,FIN,EUR,Europe,YEAR,2022,,,,,,,,,4006.33,4006.32589723,,,,2025-12-05T13:23:08Z,2022,2022-01-01,2022-12-31
9199841,GHED_GGHE-D_pc_US_SHA2011,COUNTRY,COL,AMR,Americas,YEAR,2007,,,,,,,,,218.75,218.75179128,,,,2025-12-05T13:23:08Z,2007,2007-01-01,2007-12-31
9202689,GHED_GGHE-D_pc_US_SHA2011,COUNTRY,GMB,AFR,Africa,YEAR,2016,,,,,,,,,8.38,8.38422732,,,,2025-12-05T13:23:08Z,2016,2016-01-01,2016-12-31
9203101,GHED_GGHE-D_pc_US_SHA2011,COUNTRY,COD,AFR,Africa,YEAR,2002,,,,,,,,,0.17,0.16944773,,,,2025-12-05T13:23:08Z,2002,2002-01-01,2002-12-31
9206203,GHED_GGHE-D_pc_US_SHA2011,COUNTRY,NIU,WPR,Western Pacific,YEAR,2009,,,,,,,,,1409.61,1409.61002492,,,,2025-12-05T13:23:08Z,2009,2009-01-01,2009-12-31
9206237,GHED_GGHE-D_pc_US_SHA2011,COUNTRY,IRL,EUR,Europe,YEAR,2010,,,,,,,,,3910.55,3910.55039097,,,,2025-12-05T13:23:08Z,2010,2010-01-01,2010-12-31
9206415,GHED_GGHE-D_pc_US_SHA2011,COUNTRY,LVA,EUR,Europe,YEAR,2022,,,,,,,,,1063.16,1063.15722382,,,,2025-12-05T13:23:08Z,2022,2022-01-01,2022-12-31
9208364,GHED_GGHE-D_pc_US_SHA2011,COUNTRY,TTO,AMR,Americas,YEAR,2003,,,,,,,,,163.07,163.07345365,,,,2025-12-05T13:23:08Z,2003,2003-01-01,2003-12-31
9211152,GHED_GGHE-D_pc_US_SHA2011,COUNTRY,FIN,EUR,Europe,YEAR,2008,,,,,,,,,3536.47,3536.46999774,,,,2025-12-05T13:23:08Z,2008,2008-01-01,2008-12-31
9213817,GHED_GGHE-D_pc_US_SHA2011,COUNTRY,BEL,EUR,Europe,YEAR,2009,,,,,,,,,3538.12,3538.11992089,,,,2025-12-05T13:23:08Z,2009,2009-01-01,2009-12-31
9214437,GHED_GGHE-D_pc_US_SHA2011,COUNTRY,KWT,EMR,Eastern Mediterranean,YEAR,2002,,,,,,,,,444.24,444.24190552,,,,2025-12-05T13:23:08Z,2002,2002-01-01,2002-12-31
9214662,GHED_GGHE-D_pc_US_SHA2011,COUNTRY,NIC,AMR,Americas,YEAR,2015,,,,,,,,,92.64,92.64223511,,,,2025-12-05T13:23:08Z,2015,2015-01-01,2015-12-31
9219961,GHED_GGHE-D_pc_US_SHA2011,WORLDBANKINCOMEGROUP,WB_LI,,,YEAR,2007,,,,,,,,,7.46,7.45919708,,,,2025-12-05T13:23:08Z,2007,2007-01-01,2007-12-31
9221400,GHED_GGHE-D_pc_US_SHA2011,COUNTRY,IND,SEAR,South-East Asia,YEAR,2012,,,,,,,,,13.56,13.5616419,,,,2025-12-05T13:23:08Z,2012,2012-01-01,2012-12-31
9222015,GHED_GGHE-D_pc_US_SHA2011,COUNTRY,ERI,AFR,Africa,YEAR,2003,,,,,,,,,4.51,4.5073531,,,,2025-12-05T13:23:08Z,2003,2003-01-01,2003-12-31
9222035,GHED_GGHE-D_pc_US_SHA2011,WORLDBANKINCOMEGROUP,WB_LMI,,,YEAR,2022,,,,,,,,,61.66,61.65799471,,,,2026-01-12T13:50:53Z,2022,2022-01-01,2022-12-31
9224091,GHED_GGHE-D_pc_US_SHA2011,COUNTRY,LTU,EUR,Europe,YEAR,2017,,,,,,,,,703.05,703.05049846,,,,2025-12-05T13:23:08Z,2017,2017-01-01,2017-12-31
9230029,GHED_GGHE-D_pc_US_SHA2011,COUNTRY,COD,AFR,Africa,YEAR,2018,,,,,,,,,2.61,2.60716793,,,,2025-12-05T13:23:08Z,2018,2018-01-01,2018-12-31
9233868,GHED_GGHE-D_pc_US_SHA2011,COUNTRY,MCO,EUR,Europe,YEAR,2017,,,,,,,,,6169.23,6169.23212743,,,,2025-12-05T13:23:08Z,2017,2017-01-01,2017-12-31
9235426,GHED_GGHE-D_pc_US_SHA2011,COUNTRY,SUR,AMR,Americas,YEAR,2020,,,,,,,,,273.89,273.89177774,,,,2025-12-05T13:23:08Z,2020,2020-01-01,2020-12-31
9236544,GHED_GGHE-D_pc_US_SHA2011,COUNTRY,PSE,EMR,Eastern Mediterranean,YEAR,2012,,,,,,,,,85.73,85.72751801,,,,2025-12-05T13:23:08Z,2012,2012-01-01,2012-12-31
9241431,GHED_GGHE-D_pc_US_SHA2011,COUNTRY,STP,AFR,Africa,YEAR,2001,,,,,,,,,18.13,18.13380993,,,,2025-12-05T13:23:08Z,2001,2001-01-01,2001-12-31
9242972,GHED_GGHE-D_pc_US_SHA2011,COUNTRY,KIR,WPR,Western Pacific,YEAR,2018,,,,,,,,,168.30,168.30067269,,,,2025-12-05T13:23:08Z,2018,2018-01-01,2018-12-31
9243467,GHED_GGHE-D_pc_US_SHA2011,COUNTRY,CRI,AMR,Americas,YEAR,2016,,,,,,,,,648.72,648.71864888,,,,2025-12-05T13:23:08Z,2016,2016-01-01,2016-12-31
9245150,GHED_GGHE-D_pc_US_SHA2011,COUNTRY,MYS,WPR,Western Pacific,YEAR,2015,,,,,,,,,196.20,196.20302211,,,,2025-12-05T13:23:08Z,2015,2015-01-01,2015-12-31
9245554,GHED_GGHE-D_pc_US_SHA2011,COUNTRY,URY,AMR,Americas,YEAR,2001,,,,,,,,,305.09,305.08744449,,,,2025-12-05T13:23:08Z,2001,2001-01-01,2001-12-31
9247860,GHED_GGHE-D_pc_US_SHA2011,COUNTRY,CIV,AFR,Africa,YEAR,2013,,,,,,,,,13.14,13.14245246,,,,2025-12-05T13:23:08Z,2013,2013-01-01,2013-12-31
9248189,GHED_GGHE-D_pc_US_SHA2011,COUNTRY,ALB,EUR,Europe,YEAR,2020,,,,,,,,,157.86,157.8598434,,,,2025-12-05T13:23:08Z,2020,2020-01-01,2020-12-31
9250113,GHED_GGHE-D_pc_US_SHA2011,COUNTRY,ARM,EUR,Europe,YEAR,2001,,,,,,,,,9.20,9.19713188,,,,2025-12-05T13:23:08Z,2001,2001-01-01,2001-12-31
9253486,GHED_GGHE-D_pc_US_SHA2011,COUNTRY,TUV,WPR,Western Pacific,YEAR,2000,,,,,,,,,351.49,351.49356175,,,,2025-12-05T13:23:08Z,2000,2000-01-01,2000-12-31
9254979,GHED_GGHE-D_pc_US_SHA2011,COUNTRY,MUS,AFR,Africa,YEAR,2023,,,,,,,,,273.16,273.15810877,,,,2025-12-05T13:23:08Z,2023,2023-01-01,2023-12-31
9256116,GHED_GGHE-D_pc_US_SHA2011,COUNTRY,BLR,EUR,Europe,YEAR,2020,,,,,,,,,298.02,298.02258542,,,,2025-12-05T13:23:08Z,2020,2020-01-01,2020-12-31
9257147,GHED_GGHE-D_pc_US_SHA2011,COUNTRY,DMA,AMR,Americas,YEAR,2023,,,,,,,,,330.61,330.60748136,,,,2025-12-05T13:23:08Z,2023,2023-01-01,2023-12-31
9260046,GHED_GGHE-D_pc_US_SHA2011,COUNTRY,FSM,WPR,Western Pacific,YEAR,2005,,,,,,,,,24.65,24.64906195,,,,2025-12-05T13:23:08Z,2005,2005-01-01,2005-12-31
9260986,GHED_GGHE-D_pc_US_SHA2011,COUNTRY,GRD,AMR,Americas,YEAR,2000,,,,,,,,,90.03,90.03239423,,,,2025-12-05T13:23:08Z,2000,2000-01-01,2000-12-31
9261533,GHED_GGHE-D_pc_US_SHA2011,COUNTRY,MMR,SEAR,South-East Asia,YEAR,2004,,,,,,,,,0.76,0.76328792,,,,2025-12-05T13:23:08Z,2004,2004-01-01,2004-12-31
9262302,GHED_GGHE-D_pc_US_SHA2011,COUNTRY,WSM,WPR,Western Pacific,YEAR,2007,,,,,,,,,102.17,102.1693465,,,,2025-12-05T13:23:08Z,2007,2007-01-01,2007-12-31
9262511,GHED_GGHE-D_pc_US_SHA2011,COUNTRY,SOM,EMR,Eastern Mediterranean,YEAR,2020,,,,,,,,,1.19,1.19417853,,,,2025-12-05T13:23:08Z,2020,2020-01-01,2020-12-31
9263550,GHED_GGHE-D_pc_US_SHA2011,COUNTRY,SVN,EUR,Europe,YEAR,2017,,,,,,,,,1382.14,1382.13998726,,,,2025-12-05T13:23:08Z,2017,2017-01-01,2017-12-31
9264519,GHED_GGHE-D_pc_US_SHA2011,COUNTRY,BGR,EUR,Europe,YEAR,2012,,,,,,,,,283.80,283.79798622,,,,2025-12-05T13:23:08Z,2012,2012-01-01,2012-12-31
9267325,GHED_GGHE-D_pc_US_SHA2011,COUNTRY,TUR,EUR,Europe,YEAR,2017,,,,,,,,,335.82,335.81628252,,,,2025-12-05T13:23:08Z,2017,2017-01-01,2017-12-31
9270208,GHED_GGHE-D_pc_US_SHA2011,COUNTRY,BEN,AFR,Africa,YEAR,2002,,,,,,,,,5.12,5.12115542,,,,2025-12-05T13:23:08Z,2002,2002-01-01,2002-12-31
9274522,GHED_GGHE-D_pc_US_SHA2011,COUNTRY,LSO,AFR,Africa,YEAR,2017,,,,,,,,,66.21,66.20675035,,,,2025-12-05T13:23:08Z,2017,2017-01-01,2017-12-31
9274786,GHED_GGHE-D_pc_US_SHA2011,COUNTRY,LBN,EMR,Eastern Mediterranean,YEAR,2000,,,,,,,,,126.94,126.9416071,,,,2025-12-05T13:23:08Z,2000,2000-01-01,2000-12-31
9280775,GHED_GGHE-D_pc_US_SHA2011,COUNTRY,PAK,EMR,Eastern Mediterranean,YEAR,2017,,,,,,,,,13.78,13.78264483,,,,2025-12-05T13:23:08Z,2017,2017-01-01,2017-12-31
9282333,GHED_GGHE-D_pc_US_SHA2011,COUNTRY,JOR,EMR,Eastern Mediterranean,YEAR,2019,,,,,,,,,126.67,126.66507164,,,,2025-12-05T13:23:08Z,2019,2019-01-01,2019-12-31
9283933,GHED_GGHE-D_pc_US_SHA2011,COUNTRY,DOM,AMR,Americas,YEAR,2020,,,,,,,,,232.26,232.26291836,,,,2025-12-05T13:23:08Z,2020,2020-01-01,2020-12-31
9284907,GHED_GGHE-D_pc_US_SHA2011,COUNTRY,LBN,EMR,Eastern Mediterranean,YEAR,2022,,,,,,,,,71.05,71.0487201,,,,2025-12-05T13:23:08Z,2022,2022-01-01,2022-12-31
9286125,GHED_GGHE-D_pc_US_SHA2011,COUNTRY,GNQ,AFR,Africa,YEAR,2001,,,,,,,,,8.75,8.74663312,,,,2025-12-05T13:23:08Z,2001,2001-01-01,2001-12-31
9291374,GHED_GGHE-D_pc_US_SHA2011,REGION,WPR,,,YEAR,2006,,,,,,,,,469.90,469.897414,,,,2025-12-05T13:23:08Z,2006,2006-01-01,2006-12-31
9291470,GHED_GGHE-D_pc_US_SHA2011,COUNTRY,ZMB,AFR,Africa,YEAR,2017,,,,,,,,,37.24,37.24079808,,,,2025-12-05T13:23:08Z,2017,2017-01-01,2017-12-31
9292537,GHED_GGHE-D_pc_US_SHA2011,COUNTRY,GMB,AFR,Africa,YEAR,2023,,,,,,,,,11.57,11.56633415,,,,2025-12-05T13:23:08Z,2023,2023-01-01,2023-12-31
9298064,GHED_GGHE-D_pc_US_SHA2011,COUNTRY,PLW,WPR,Western Pacific,YEAR,2019,,,,,,,,,1116.09,1116.08545904,,,,2025-12-05T13:23:08Z,2019,2019-01-01,2019-12-31
9307790,GHED_GGHE-D_pc_US_SHA2011,COUNTRY,DNK,EUR,Europe,YEAR,2012,,,,,,,,,5193.40,5193.40174818,,,,2025-12-05T13:23:08Z,2012,2012-01-01,2012-12-31
9308301,GHED_GGHE-D_pc_US_SHA2011,COUNTRY,PAN,AMR,Americas,YEAR,2015,,,,,,,,,596.78,596.77662143,,,,2025-12-05T13:23:08Z,2015,2015-01-01,2015-12-31
9309287,GHED_GGHE-D_pc_US_SHA2011,COUNTRY,EGY,EMR,Eastern Mediterranean,YEAR,2000,,,,,,,,,24.41,24.40996609,,,,2025-12-05T13:23:08Z,2000,2000-01-01,2000-12-31
9310187,GHED_GGHE-D_pc_US_SHA2011,COUNTRY,STP,AFR,Africa,YEAR,2022,,,,,,,,,55.66,55.66496274,,,,2025-12-05T13:23:08Z,2022,2022-01-01,2022-12-31
9312141,GHED_GGHE-D_pc_US_SHA2011,COUNTRY,HND,AMR,Americas,YEAR,2006,,,,,,,,,46.68,46.68316081,,,,2025-12-05T13:23:08Z,2006,2006-01-01,2006-12-31
9314834,GHED_GGHE-D_pc_US_SHA2011,COUNTRY,AFG,EMR,Eastern Mediterranean,YEAR,2007,,,,,,,,,1.85,1.84915566,,,,2025-12-05T13:23:08Z,2007,2007-01-01,2007-12-31
9315271,GHED_GGHE-D_pc_US_SHA2011,COUNTRY,MWI,AFR,Africa,YEAR,2013,,,,,,,,,7.13,7.12571102,,,,2025-12-05T13:23:08Z,2013,2013-01-01,2013-12-31
9317811,GHED_GGHE-D_pc_US_SHA2011,COUNTRY,TON,WPR,Western Pacific,YEAR,2012,,,,,,,,,109.05,109.05104227,,,,2025-12-05T13:23:08Z,2012,2012-01-01,2012-12-31
9318095,GHED_GGHE-D_pc_US_SHA2011,COUNTRY,SLB,WPR,Western Pacific,YEAR,2004,,,,,,,,,40.96,40.95979737,,,,2025-12-05T13:23:08Z,2004,2004-01-01,2004-12-31
9318405,GHED_GGHE-D_pc_US_SHA2011,WORLDBANKINCOMEGROUP,WB_HI,,,YEAR,2009,,,,,,,,,1785.58,1785.57748825,,,,2025-12-05T13:23:08Z,2009,2009-01-01,2009-12-31
9320014,GHED_GGHE-D_pc_US_SHA2011,COUNTRY,DJI,EMR,Eastern Mediterranean,YEAR,2014,,,,,,,,,38.98,38.98350953,,,,2025-12-05T13:23:08Z,2014,2014-01-01,2014-12-31
9322122,GHED_GGHE-D_pc_US_SHA2011,COUNTRY,CYP,EUR,Europe,YEAR,2010,,,,,,,,,935.63,935.62803464,,,,2025-12-05T13:23:08Z,2010,2010-01-01,2010-12-31
9324708,GHED_GGHE-D_pc_US_SHA2011,COUNTRY,KWT,EMR,Eastern Mediterranean,YEAR,2007,,,,,,,,,673.07,673.07227255,,,,2025-12-05T13:23:08Z,2007,2007-01-01,2007-12-31
9325815,GHED_GGHE-D_pc_US_SHA2011,COUNTRY,TUV,WPR,Western Pacific,YEAR,2010,,,,,,,,,399.04,399.04115105,,,,2025-12-05T13:23:08Z,2010,2010-01-01,2010-12-31
9327913,GHED_GGHE-D_pc_US_SHA2011,COUNTRY,BOL,AMR,Americas,YEAR,2016,,,,,,,,,134.47,134.47230446,,,,2025-12-05T13:23:08Z,2016,2016-01-01,2016-12-31
9328672,GHED_GGHE-D_pc_US_SHA2011,COUNTRY,SLV,AMR,Americas,YEAR,2000,,,,,,,,,78.19,78.18802396,,,,2025-12-05T13:23:08Z,2000,2000-01-01,2000-12-31
9329396,GHED_GGHE-D_pc_US_SHA2011,COUNTRY,SEN,AFR,Africa,YEAR,2019,,,,,,,,,15.14,15.13759586,,,,2025-12-05T13:23:08Z,2019,2019-01-01,2019-12-31
9330086,GHED_GGHE-D_pc_US_SHA2011,WORLDBANKINCOMEGROUP,WB_LMI,,,YEAR,2020,,,,,,,,,59.25,59.25467914,,,,2025-12-05T13:23:08Z,2020,2020-01-01,2020-12-31
9333010,GHED_GGHE-D_pc_US_SHA2011,COUNTRY,ROU,EUR,Europe,YEAR,2020,,,,,,,,,648.30,648.29580395,,,,2025-12-05T13:23:08Z,2020,2020-01-01,2020-12-31
9333989,GHED_GGHE-D_pc_US_SHA2011,COUNTRY,URY,AMR,Americas,YEAR,2004,,,,,,,,,196.66,196.65501192,,,,2025-12-05T13:23:08Z,2004,2004-01-01,2004-12-31
9336108,GHED_GGHE-D_pc_US_SHA2011,COUNTRY,CAN,AMR,Americas,YEAR,2004,,,,,,,,,2116.01,2116.01495128,,,,2025-12-05T13:23:08Z,2004,2004-01-01,2004-12-31
9337019,GHED_GGHE-D_pc_US_SHA2011,COUNTRY,BRN,WPR,Western Pacific,YEAR,2003,,,,,,,,,452.53,452.53105729,,,,2025-12-05T13:23:08Z,2003,2003-01-01,2003-12-31
9337364,GHED_GGHE-D_pc_US_SHA2011,COUNTRY,CHN,WPR,Western Pacific,YEAR,2023,,,,,,,,,435.87,435.87046317,,,,2025-12-05T13:23:08Z,2023,2023-01-01,2023-12-31
9339362,GHED_GGHE-D_pc_US_SHA2011,COUNTRY,VCT,AMR,Americas,YEAR,2011,,,,,,,,,156.43,156.42750177,,,,2025-12-05T13:23:08Z,2011,2011-01-01,2011-12-31
9342284,GHED_GGHE-D_pc_US_SHA2011,COUNTRY,QAT,EMR,Eastern Mediterranean,YEAR,2014,,,,,,,,,1953.83,1953.82613322,,,,2025-12-05T13:23:08Z,2014,2014-01-01,2014-12-31
9342905,GHED_GGHE-D_pc_US_SHA2011,COUNTRY,GNB,AFR,Africa,YEAR,2017,,,,,,,,,3.90,3.90299783,,,,2025-12-05T13:23:08Z,2017,2017-01-01,2017-12-31
9343765,GHED_GGHE-D_pc_US_SHA2011,COUNTRY,MDV,SEAR,South-East Asia,YEAR,2013,,,,,,,,,354.13,354.12855932,,,,2025-12-05T13:23:08Z,2013,2013-01-01,2013-12-31
9344086,GHED_GGHE-D_pc_US_SHA2011,COUNTRY,ALB,EUR,Europe,YEAR,2019,,,,,,,,,156.35,156.35488737,,,,2025-12-05T13:23:08Z,2019,2019-01-01,2019-12-31
9344838,GHED_GGHE-D_pc_US_SHA2011,COUNTRY,EGY,EMR,Eastern Mediterranean,YEAR,2012,,,,,,,,,40.14,40.14084236,,,,2025-12-05T13:23:08Z,2012,2012-01-01,2012-12-31
9345713,GHED_GGHE-D_pc_US_SHA2011,COUNTRY,SYC,AFR,Africa,YEAR,2002,,,,,,,,,295.43,295.43088195,,,,2025-12-05T13:23:08Z,2002,2002-01-01,2002-12-31
9348985,GHED_GGHE-D_pc_US_SHA2011,COUNTRY,NAM,AFR,Africa,YEAR,2004,,,,,,,,,195.46,195.46391135,,,,2025-12-05T13:23:08Z,2004,2004-01-01,2004-12-31
9350246,GHED_GGHE-D_pc_US_SHA2011,COUNTRY,TUV,WPR,Western Pacific,YEAR,2002,,,,,,,,,192.41,192.40740776,,,,2025-12-05T13:23:08Z,2002,2002-01-01,2002-12-31
9353321,GHED_GGHE-D_pc_US_SHA2011,COUNTRY,ARG,AMR,Americas,YEAR,2016,,,,,,,,,835.37,835.37317412,,,,2025-12-05T13:23:08Z,2016,2016-01-01,2016-12-31
9355403,GHED_GGHE-D_pc_US_SHA2011,COUNTRY,IDN,WPR,Western Pacific,YEAR,2007,,,,,,,,,20.20,20.20061226,,,,2025-12-05T13:23:08Z,2007,2007-01-01,2007-12-31
9355859,GHED_GGHE-D_pc_US_SHA2011,COUNTRY,GRD,AMR,Americas,YEAR,2012,,,,,,,,,169.33,169.32520807,,,,2025-12-05T13:23:08Z,2012,2012-01-01,2012-12-31
9356076,GHED_GGHE-D_pc_US_SHA2011,COUNTRY,LAO,WPR,Western Pacific,YEAR,2017,,,,,,,,,21.61,21.61346605,,,,2025-12-05T13:23:08Z,2017,2017-01-01,2017-12-31
9358786,GHED_GGHE-D_pc_US_SHA2011,COUNTRY,SLE,AFR,Africa,YEAR,2012,,,,,,,,,5.61,5.608454,,,,2025-12-05T13:23:08Z,2012,2012-01-01,2012-12-31
9359291,GHED_GGHE-D_pc_US_SHA2011,GLOBAL,GLOBAL,,,YEAR,2020,,,,,,,,,881.08,881.07659421,,,,2025-12-05T13:23:08Z,2020,2020-01-01,2020-12-31
9366148,GHED_GGHE-D_pc_US_SHA2011,COUNTRY,CRI,AMR,Americas,YEAR,2018,,,,,,,,,664.08,664.07707224,,,,2025-12-05T13:23:08Z,2018,2018-01-01,2018-12-31
9369731,GHED_GGHE-D_pc_US_SHA2011,COUNTRY,UKR,EUR,Europe,YEAR,2004,,,,,,,,,45.94,45.94479432,,,,2025-12-05T13:23:08Z,2004,2004-01-01,2004-12-31
9370723,GHED_GGHE-D_pc_US_SHA2011,COUNTRY,EGY,EMR,Eastern Mediterranean,YEAR,2010,,,,,,,,,34.60,34.60328863,,,,2025-12-05T13:23:08Z,2010,2010-01-01,2010-12-31
9370840,GHED_GGHE-D_pc_US_SHA2011,COUNTRY,BGD,SEAR,South-East Asia,YEAR,2001,,,,,,,,,1.76,1.75518259,,,,2025-12-05T13:23:08Z,2001,2001-01-01,2001-12-31
9377751,GHED_GGHE-D_pc_US_SHA2011,COUNTRY,LKA,SEAR,South-East Asia,YEAR,2014,,,,,,,,,59.41,59.41019263,,,,2025-12-05T13:23:08Z,2014,2014-01-01,2014-12-31
9378014,GHED_GGHE-D_pc_US_SHA2011,COUNTRY,MWI,AFR,Africa,YEAR,2020,,,,,,,,,9.41,9.4061562,,,,2025-12-05T13:23:08Z,2020,2020-01-01,2020-12-31
9379054,GHED_GGHE-D_pc_US_SHA2011,COUNTRY,BRN,WPR,Western Pacific,YEAR,2008,,,,,,,,,711.96,711.95513372999994,,,,2025-12-05T13:23:08Z,2008,2008-01-01,2008-12-31
9380845,GHED_GGHE-D_pc_US_SHA2011,COUNTRY,ISL,EUR,Europe,YEAR,2011,,,,,,,,,3155.07,3155.06848538,,,,2025-12-05T13:23:08Z,2011,2011-01-01,2011-12-31
9382443,GHED_GGHE-D_pc_US_SHA2011,COUNTRY,CZE,EUR,Europe,YEAR,2009,,,,,,,,,1195.38,1195.37963261,,,,2025-12-05T13:23:08Z,2009,2009-01-01,2009-12-31
9390190,GHED_GGHE-D_pc_US_SHA2011,COUNTRY,SMR,EUR,Europe,YEAR,2011,,,,,,,,,4038.65,4038.64546834,,,,2025-12-05T13:23:08Z,2011,2011-01-01,2011-12-31
9392954,GHED_GGHE-D_pc_US_SHA2011,COUNTRY,MAR,EMR,Eastern Mediterranean,YEAR,2012,,,,,,,,,59.09,59.08925087,,,,2025-12-05T13:23:08Z,2012,2012-01-01,2012-12-31
9393544,GHED_GGHE-D_pc_US_SHA2011,COUNTRY,SLB,WPR,Western Pacific,YEAR,2010,,,,,,,,,46.86,46.85656801,,,,2025-12-05T13:23:08Z,2010,2010-01-01,2010-12-31
9397955,GHED_GGHE-D_pc_US_SHA2011,COUNTRY,ZWE,AFR,Africa,YEAR,2010,,,,,,,,,24.82,24.8237257,,,,2025-12-05T13:23:08Z,2010,2010-01-01,2010-12-31
9398608,GHED_GGHE-D_pc_US_SHA2011,COUNTRY,CAF,AFR,Africa,YEAR,2004,,,,,,,,,4.61,4.61428683,,,,2025-12-05T13:23:08Z,2004,2004-01-01,2004-12-31
9399147,GHED_GGHE-D_pc_US_SHA2011,COUNTRY,MDG,AFR,Africa,YEAR,2009,,,,,,,,,5.83,5.82804595,,,,2025-12-05T13:23:08Z,2009,2009-01-01,2009-12-31
9402967,GHED_GGHE-D_pc_US_SHA2011,COUNTRY,UKR,EUR,Europe,YEAR,2008,,,,,,,,,123.54,123.54214059,,,,2025-12-05T13:23:08Z,2008,2008-01-01,2008-12-31
9402977,GHED_GGHE-D_pc_US_SHA2011,COUNTRY,SVK,EUR,Europe,YEAR,2006,,,,,,,,,507.90,507.90257969,,,,2025-12-05T13:23:08Z,2006,2006-01-01,2006-12-31
9405353,GHED_GGHE-D_pc_US_SHA2011,REGION,WPR,,,YEAR,2007,,,,,,,,,444.79,444.79407883,,,,2025-12-05T13:23:08Z,2007,2007-01-01,2007-12-31
9407719,GHED_GGHE-D_pc_US_SHA2011,REGION,EMR,,,YEAR,2023,,,,,,,,,399.72,399.71536342,,,,2025-12-05T13:23:08Z,2023,2023-01-01,2023-12-31
9408080,GHED_GGHE-D_pc_US_SHA2011,COUNTRY,PER,AMR,Americas,YEAR,2003,,,,,,,,,49.57,49.57292837,,,,2025-12-05T13:23:08Z,2003,2003-01-01,2003-12-31
9411845,GHED_GGHE-D_pc_US_SHA2011,COUNTRY,MKD,EUR,Europe,YEAR,2014,,,,,,,,,228.50,228.49982714,,,,2025-12-05T13:23:08Z,2014,2014-01-01,2014-12-31
9412342,GHED_GGHE-D_pc_US_SHA2011,COUNTRY,GUY,AMR,Americas,YEAR,2009,,,,,,,,,64.92,64.91823632,,,,2025-12-05T13:23:08Z,2009,2009-01-01,2009-12-31
9414949,GHED_GGHE-D_pc_US_SHA2011,COUNTRY,PER,AMR,Americas,YEAR,2008,,,,,,,,,92.06,92.05896623,,,,2025-12-05T13:23:08Z,2008,2008-01-01,2008-12-31
9416052,GHED_GGHE-D_pc_US_SHA2011,COUNTRY,IRQ,EMR,Eastern Mediterranean,YEAR,2005,,,,,,,,,35.53,35.52736698,,,,2025-12-05T13:23:08Z,2005,2005-01-01,2005-12-31
9418179,GHED_GGHE-D_pc_US_SHA2011,REGION,EMR,,,YEAR,2019,,,,,,,,,368.56,368.55696681,,,,2025-12-05T13:23:08Z,2019,2019-01-01,2019-12-31
9420343,GHED_GGHE-D_pc_US_SHA2011,COUNTRY,URY,AMR,Americas,YEAR,2003,,,,,,,,,200.85,200.85364305,,,,2025-12-05T13:23:08Z,2003,2003-01-01,2003-12-31
9422967,GHED_GGHE-D_pc_US_SHA2011,COUNTRY,FRA,EUR,Europe,YEAR,2004,,,,,,,,,2512.54,2512.53966384,,,,2025-12-05T13:23:08Z,2004,2004-01-01,2004-12-31
9423452,GHED_GGHE-D_pc_US_SHA2011,COUNTRY,SDN,EMR,Eastern Mediterranean,YEAR,2001,,,,,,,,,5.06,5.06124129,,,,2025-12-05T13:23:08Z,2001,2001-01-01,2001-12-31
9423914,GHED_GGHE-D_pc_US_SHA2011,COUNTRY,LVA,EUR,Europe,YEAR,2009,,,,,,,,,444.18,444.18174305,,,,2025-12-05T13:23:08Z,2009,2009-01-01,2009-12-31
9434196,GHED_GGHE-D_pc_US_SHA2011,COUNTRY,IND,SEAR,South-East Asia,YEAR,2005,,,,,,,,,5.53,5.53438837,,,,2025-12-05T13:23:08Z,2005,2005-01-01,2005-12-31
9434407,GHED_GGHE-D_pc_US_SHA2011,COUNTRY,LCA,AMR,Americas,YEAR,2019,,,,,,,,,245.27,245.26575711,,,,2025-12-05T13:23:08Z,2019,2019-01-01,2019-12-31
9439893,GHED_GGHE-D_pc_US_SHA2011,COUNTRY,VEN,AMR,Americas,YEAR,2022,,,,,,,,,94.70,94.69779735,,,,2025-12-05T13:23:08Z,2022,2022-01-01,2022-12-31
9441574,GHED_GGHE-D_pc_US_SHA2011,COUNTRY,CIV,AFR,Africa,YEAR,2005,,,,,,,,,6.23,6.22871796,,,,2025-12-05T13:23:08Z,2005,2005-01-01,2005-12-31
9442953,GHED_GGHE-D_pc_US_SHA2011,COUNTRY,ZAF,AFR,Africa,YEAR,2009,,,,,,,,,242.54,242.54178211,,,,2025-12-05T13:23:08Z,2009,2009-01-01,2009-12-31
9447234,GHED_GGHE-D_pc_US_SHA2011,COUNTRY,ITA,EUR,Europe,YEAR,2004,,,,,,,,,1952.20,1952.19548014,,,,2025-12-05T13:23:08Z,2004,2004-01-01,2004-12-31
9451078,GHED_GGHE-D_pc_US_SHA2011,COUNTRY,ERI,AFR,Africa,YEAR,2006,,,,,,,,,2.84,2.8369158,,,,2025-12-05T13:23:08Z,2006,2006-01-01,2006-12-31
9453117,GHED_GGHE-D_pc_US_SHA2011,COUNTRY,MCO,EUR,Europe,YEAR,2008,,,,,,,,,6718.33,6718.325608,,,,2025-12-05T13:23:08Z,2008,2008-01-01,2008-12-31
9456399,GHED_GGHE-D_pc_US_SHA2011,COUNTRY,LBN,EMR,Eastern Mediterranean,YEAR,2001,,,,,,,,,136.17,136.16781719,,,,2025-12-05T13:23:08Z,2001,2001-01-01,2001-12-31
9457103,GHED_GGHE-D_pc_US_SHA2011,COUNTRY,GBR,EUR,Europe,YEAR,2006,,,,,,,,,3132.85,3132.85089233,,,,2025-12-05T13:23:08Z,2006,2006-01-01,2006-12-31
9459591,GHED_GGHE-D_pc_US_SHA2011,COUNTRY,LAO,WPR,Western Pacific,YEAR,2022,,,,,,,,,12.83,12.83376177,,,,2025-12-05T13:23:08Z,2022,2022-01-01,2022-12-31
9465704,GHED_GGHE-D_pc_US_SHA2011,COUNTRY,SVK,EUR,Europe,YEAR,2002,,,,,,,,,223.48,223.47654808,,,,2025-12-05T13:23:08Z,2002,2002-01-01,2002-12-31
9468452,GHED_GGHE-D_pc_US_SHA2011,COUNTRY,KNA,AMR,Americas,YEAR,2018,,,,,,,,,515.41,515.41296078,,,,2025-12-05T13:23:08Z,2018,2018-01-01,2018-12-31
9468920,GHED_GGHE-D_pc_US_SHA2011,COUNTRY,KEN,AFR,Africa,YEAR,2012,,,,,,,,,20.90,20.89732864,,,,2025-12-05T13:23:08Z,2012,2012-01-01,2012-12-31
9469362,GHED_GGHE-D_pc_US_SHA2011,COUNTRY,HND,AMR,Americas,YEAR,2004,,,,,,,,,29.79,29.78647276,,,,2025-12-05T13:23:08Z,2004,2004-01-01,2004-12-31
9470489,GHED_GGHE-D_pc_US_SHA2011,COUNTRY,MNG,WPR,Western Pacific,YEAR,2015,,,,,,,,,94.04,94.04222152,,,,2025-12-05T13:23:08Z,2015,2015-01-01,2015-12-31
9473050,GHED_GGHE-D_pc_US_SHA2011,COUNTRY,DOM,AMR,Americas,YEAR,2019,,,,,,,,,218.04,218.03947618,,,,2025-12-05T13:23:08Z,2019,2019-01-01,2019-12-31
9473316,GHED_GGHE-D_pc_US_SHA2011,COUNTRY,BRB,AMR,Americas,YEAR,2018,,,,,,,,,531.93,531.93188678,,,,2025-12-05T13:23:08Z,2018,2018-01-01,2018-12-31
9475512,GHED_GGHE-D_pc_US_SHA2011,COUNTRY,KHM,WPR,Western Pacific,YEAR,2013,,,,,,,,,14.57,14.5665817,,,,2025-12-05T13:23:08Z,2013,2013-01-01,2013-12-31
9476684,GHED_GGHE-D_pc_US_SHA2011,COUNTRY,TUR,EUR,Europe,YEAR,2000,,,,,,,,,118.93,118.93250612,,,,2025-12-05T13:23:08Z,2000,2000-01-01,2000-12-31
9477333,GHED_GGHE-D_pc_US_SHA2011,COUNTRY,PRT,EUR,Europe,YEAR,2000,,,,,,,,,694.13,694.1273091,,,,2025-12-05T13:23:08Z,2000,2000-01-01,2000-12-31
9478679,GHED_GGHE-D_pc_US_SHA2011,COUNTRY,BLZ,AMR,Americas,YEAR,2009,,,,,,,,,156.33,156.32662992,,,,2025-12-05T13:23:08Z,2009,2009-01-01,2009-12-31
9481217,GHED_GGHE-D_pc_US_SHA2011,COUNTRY,JPN,WPR,Western Pacific,YEAR,2016,,,,,,,,,3524.71,3524.71189472,,,,2025-12-05T13:23:08Z,2016,2016-01-01,2016-12-31
9484575,GHED_GGHE-D_pc_US_SHA2011,COUNTRY,NLD,EUR,Europe,YEAR,2011,,,,,,,,,3803.10,3803.10172313,,,,2025-12-05T13:23:08Z,2011,2011-01-01,2011-12-31
9488241,GHED_GGHE-D_pc_US_SHA2011,COUNTRY,POL,EUR,Europe,YEAR,2021,,,,,,,,,853.19,853.19247309,,,,2025-12-05T13:23:08Z,2021,2021-01-01,2021-12-31
9491623,GHED_GGHE-D_pc_US_SHA2011,COUNTRY,IDN,WPR,Western Pacific,YEAR,2015,,,,,,,,,38.08,38.07754236,,,,2025-12-05T13:23:08Z,2015,2015-01-01,2015-12-31
9491810,GHED_GGHE-D_pc_US_SHA2011,COUNTRY,BHR,EMR,Eastern Mediterranean,YEAR,2023,,,,,,,,,696.85,696.84904765,,,,2025-12-05T13:23:08Z,2023,2023-01-01,2023-12-31
9492456,GHED_GGHE-D_pc_US_SHA2011,COUNTRY,GRD,AMR,Americas,YEAR,2009,,,,,,,,,150.41,150.41110645,,,,2025-12-05T13:23:08Z,2009,2009-01-01,2009-12-31
9492827,GHED_GGHE-D_pc_US_SHA2011,REGION,SEAR,,,YEAR,2019,,,,,,,,,127.38,127.38267184,,,,2025-12-05T13:23:08Z,2019,2019-01-01,2019-12-31
9495215,GHED_GGHE-D_pc_US_SHA2011,COUNTRY,JOR,EMR,Eastern Mediterranean,YEAR,2018,,,,,,,,,124.37,124.36924504,,,,2025-12-05T13:23:08Z,2018,2018-01-01,2018-12-31
9495506,GHED_GGHE-D_pc_US_SHA2011,COUNTRY,GMB,AFR,Africa,YEAR,2000,,,,,,,,,4.17,4.17386853,,,,2025-12-05T13:23:08Z,2000,2000-01-01,2000-12-31
9500732,GHED_GGHE-D_pc_US_SHA2011,COUNTRY,NIC,AMR,Americas,YEAR,2009,,,,,,,,,55.94,55.9445698,,,,2025-12-05T13:23:08Z,2009,2009-01-01,2009-12-31
9502470,GHED_GGHE-D_pc_US_SHA2011,COUNTRY,MYS,WPR,Western Pacific,YEAR,2021,,,,,,,,,268.11,268.10560464,,,,2025-12-05T13:23:08Z,2021,2021-01-01,2021-12-31
9502559,GHED_GGHE-D_pc_US_SHA2011,COUNTRY,LBR,AFR,Africa,YEAR,2012,,,,,,,,,9.49,9.48608652,,,,2025-12-05T13:23:08Z,2012,2012-01-01,2012-12-31
9504135,GHED_GGHE-D_pc_US_SHA2011,COUNTRY,AND,EUR,Europe,YEAR,2006,,,,,,,,,1287.55,1287.55222349,,,,2025-12-05T13:23:08Z,2006,2006-01-01,2006-12-31
9505777,GHED_GGHE-D_pc_US_SHA2011,COUNTRY,UZB,EUR,Europe,YEAR,2002,,,,,,,,,9.22,9.21705405,,,,2025-12-05T13:23:08Z,2002,2002-01-01,2002-12-31
9506334,GHED_GGHE-D_pc_US_SHA2011,COUNTRY,MAR,EMR,Eastern Mediterranean,YEAR,2018,,,,,,,,,70.62,70.61816222,,,,2025-12-05T13:23:08Z,2018,2018-01-01,2018-12-31
9506446,GHED_GGHE-D_pc_US_SHA2011,COUNTRY,LAO,WPR,Western Pacific,YEAR,2007,,,,,,,,,4.63,4.62848579,,,,2025-12-05T13:23:08Z,2007,2007-01-01,2007-12-31
9506590,GHED_GGHE-D_pc_US_SHA2011,COUNTRY,SLV,AMR,Americas,YEAR,2001,,,,,,,,,78.90,78.89646474,,,,2025-12-05T13:23:08Z,2001,2001-01-01,2001-12-31
9507202,GHED_GGHE-D_pc_US_SHA2011,COUNTRY,ATG,AMR,Americas,YEAR,2016,,,,,,,,,456.79,456.79027155,,,,2025-12-05T13:23:08Z,2016,2016-01-01,2016-12-31
9508338,GHED_GGHE-D_pc_US_SHA2011,COUNTRY,SVK,EUR,Europe,YEAR,2023,,,,,,,,,1431.65,1431.64790115,,,,2025-12-05T13:23:08Z,2023,2023-01-01,2023-12-31
9510573,GHED_GGHE-D_pc_US_SHA2011,COUNTRY,LBY,EMR,Eastern Mediterranean,YEAR,2012,,,,,,,,,437.15,437.14577995,,,,2025-12-05T13:23:08Z,2012,2012-01-01,2012-12-31
9511988,GHED_GGHE-D_pc_US_SHA2011,COUNTRY,COM,AFR,Africa,YEAR,2015,,,,,,,,,6.20,6.19654436,,,,2025-12-05T13:23:08Z,2015,2015-01-01,2015-12-31
9513247,GHED_GGHE-D_pc_US_SHA2011,COUNTRY,PLW,WPR,Western Pacific,YEAR,2012,,,,,,,,,583.47,583.4743182,,,,2025-12-05T13:23:08Z,2012,2012-01-01,2012-12-31
9517272,GHED_GGHE-D_pc_US_SHA2011,COUNTRY,BFA,AFR,Africa,YEAR,2008,,,,,,,,,8.43,8.43124883,,,,2025-12-05T13:23:08Z,2008,2008-01-01,2008-12-31
9519373,GHED_GGHE-D_pc_US_SHA2011,COUNTRY,NOR,EUR,Europe,YEAR,2020,,,,,,,,,6726.54,6726.54114666,,,,2025-12-05T13:23:08Z,2020,2020-01-01,2020-12-31
9520225,GHED_GGHE-D_pc_US_SHA2011,COUNTRY,SYR,EMR,Eastern Mediterranean,YEAR,2019,,,,,,,,,27.47,27.46590517,,,,2025-12-05T13:23:08Z,2019,2019-01-01,2019-12-31
9522502,GHED_GGHE-D_pc_US_SHA2011,COUNTRY,SDN,EMR,Eastern Mediterranean,YEAR,2019,,,,,,,,,7.17,7.17046331,,,,2025-12-05T13:23:08Z,2019,2019-01-01,2019-12-31
9524740,GHED_GGHE-D_pc_US_SHA2011,COUNTRY,DEU,EUR,Europe,YEAR,2013,,,,,,,,,3900.02,3900.01953366,,,,2025-12-05T13:23:08Z,2013,2013-01-01,2013-12-31
9525533,GHED_GGHE-D_pc_US_SHA2011,COUNTRY,RWA,AFR,Africa,YEAR,2003,,,,,,,,,5.74,5.73859399,,,,2025-12-05T13:23:08Z,2003,2003-01-01,2003-12-31
9525818,GHED_GGHE-D_pc_US_SHA2011,COUNTRY,GIN,AFR,Africa,YEAR,2007,,,,,,,,,1.56,1.56463984,,,,2025-12-05T13:23:08Z,2007,2007-01-01,2007-12-31
9526223,GHED_GGHE-D_pc_US_SHA2011,COUNTRY,KNA,AMR,Americas,YEAR,2005,,,,,,,,,261.69,261.68523463,,,,2025-12-05T13:23:08Z,2005,2005-01-01,2005-12-31
9527452,GHED_GGHE-D_pc_US_SHA2011,COUNTRY,ATG,AMR,Americas,YEAR,2004,,,,,,,,,346.89,346.89286494,,,,2025-12-05T13:23:08Z,2004,2004-01-01,2004-12-31
9530550,GHED_GGHE-D_pc_US_SHA2011,COUNTRY,ETH,AFR,Africa,YEAR,2003,,,,,,,,,2.65,2.65272754,,,,2025-12-05T13:23:08Z,2003,2003-01-01,2003-12-31
9532482,GHED_GGHE-D_pc_US_SHA2011,COUNTRY,PRT,EUR,Europe,YEAR,2013,,,,,,,,,1262.86,1262.86362485,,,,2025-12-05T13:23:08Z,2013,2013-01-01,2013-12-31
9532853,GHED_GGHE-D_pc_US_SHA2011,COUNTRY,CMR,AFR,Africa,YEAR,2012,,,,,,,,,9.28,9.27550332,,,,2025-12-05T13:23:08Z,2012,2012-01-01,2012-12-31
9534726,GHED_GGHE-D_pc_US_SHA2011,COUNTRY,GBR,EUR,Europe,YEAR,2012,,,,,,,,,3405.67,3405.66780882,,,,2025-12-05T13:23:08Z,2012,2012-01-01,2012-12-31
9536103,GHED_GGHE-D_pc_US_SHA2011,COUNTRY,VUT,WPR,Western Pacific,YEAR,2007,,,,,,,,,51.88,51.88168096,,,,2025-12-05T13:23:08Z,2007,2007-01-01,2007-12-31
9536816,GHED_GGHE-D_pc_US_SHA2011,COUNTRY,TON,WPR,Western Pacific,YEAR,2009,,,,,,,,,90.96,90.95922101,,,,2025-12-05T13:23:08Z,2009,2009-01-01,2009-12-31
9539994,GHED_GGHE-D_pc_US_SHA2011,COUNTRY,HND,AMR,Americas,YEAR,2016,,,,,,,,,71.37,71.36869327,,,,2025-12-05T13:23:08Z,2016,2016-01-01,2016-12-31
9544257,GHED_GGHE-D_pc_US_SHA2011,COUNTRY,ESP,EUR,Europe,YEAR,2013,,,,,,,,,1868.25,1868.25299757,,,,2025-12-05T13:23:08Z,2013,2013-01-01,2013-12-31
9552431,GHED_GGHE-D_pc_US_SHA2011,COUNTRY,LKA,SEAR,South-East Asia,YEAR,2012,,,,,,,,,46.46,46.46159975,,,,2025-12-05T13:23:08Z,2012,2012-01-01,2012-12-31
9554550,GHED_GGHE-D_pc_US_SHA2011,COUNTRY,NOR,EUR,Europe,YEAR,2004,,,,,,,,,4231.67,4231.67423676,,,,2025-12-05T13:23:08Z,2004,2004-01-01,2004-12-31
9558373,GHED_GGHE-D_pc_US_SHA2011,COUNTRY,COD,AFR,Africa,YEAR,2008,,,,,,,,,0.90,0.89637356,,,,2025-12-05T13:23:08Z,2008,2008-01-01,2008-12-31
9560405,GHED_GGHE-D_pc_US_SHA2011,COUNTRY,NZL,WPR,Western Pacific,YEAR,2010,,,,,,,,,2397.78,2397.77931303,,,,2025-12-05T13:23:08Z,2010,2010-01-01,2010-12-31
9570176,GHED_GGHE-D_pc_US_SHA2011,COUNTRY,MYS,WPR,Western Pacific,YEAR,2002,,,,,,,,,62.28,62.28307824,,,,2025-12-05T13:23:08Z,2002,2002-01-01,2002-12-31
9571035,GHED_GGHE-D_pc_US_SHA2011,COUNTRY,AUT,EUR,Europe,YEAR,2019,,,,,,,,,3943.75,3943.75106512,,,,2025-12-05T13:23:08Z,2019,2019-01-01,2019-12-31
9575213,GHED_GGHE-D_pc_US_SHA2011,COUNTRY,SWZ,AFR,Africa,YEAR,2017,,,,,,,,,134.73,134.72959802,,,,2025-12-05T13:23:08Z,2017,2017-01-01,2017-12-31
9576534,GHED_GGHE-D_pc_US_SHA2011,COUNTRY,LVA,EUR,Europe,YEAR,2023,,,,,,,,,978.28,978.28219774,,,,2025-12-05T13:23:08Z,2023,2023-01-01,2023-12-31
9577528,GHED_GGHE-D_pc_US_SHA2011,REGION,AMR,,,YEAR,2016,,,,,,,,,574.07,574.07357222,,,,2025-12-05T13:23:08Z,2016,2016-01-01,2016-12-31
9577741,GHED_GGHE-D_pc_US_SHA2011,COUNTRY,MDG,AFR,Africa,YEAR,2019,,,,,,,,,3.41,3.41221107,,,,2025-12-05T13:23:08Z,2019,2019-01-01,2019-12-31
9579047,GHED_GGHE-D_pc_US_SHA2011,COUNTRY,COD,AFR,Africa,YEAR,2007,,,,,,,,,0.65,0.65161731,,,,2025-12-05T13:23:08Z,2007,2007-01-01,2007-12-31
9586650,GHED_GGHE-D_pc_US_SHA2011,COUNTRY,TGO,AFR,Africa,YEAR,2004,,,,,,,,,2.38,2.37663927,,,,2025-12-05T13:23:08Z,2004,2004-01-01,2004-12-31
9588932,GHED_GGHE-D_pc_US_SHA2011,COUNTRY,SGP,WPR,Western Pacific,YEAR,2022,,,,,,,,,2345.78,2345.77979088,,,,2025-12-05T13:23:08Z,2022,2022-01-01,2022-12-31
9592660,GHED_GGHE-D_pc_US_SHA2011,COUNTRY,TUN,EMR,Eastern Mediterranean,YEAR,2007,,,,,,,,,108.00,108.00201349,,,,2025-12-05T13:23:08Z,2007,2007-01-01,2007-12-31
9592717,GHED_GGHE-D_pc_US_SHA2011,COUNTRY,PRY,AMR,Americas,YEAR,2016,,,,,,,,,181.80,181.80012,,,,2025-12-05T13:23:08Z,2016,2016-01-01,2016-12-31
9593157,GHED_GGHE-D_pc_US_SHA2011,COUNTRY,YEM,EMR,Eastern Mediterranean,YEAR,2023,,,,,,,,,4.03,4.03476989,,,,2025-12-05T13:23:08Z,2023,2023-01-01,2023-12-31
9593511,GHED_GGHE-D_pc_US_SHA2011,COUNTRY,ROU,EUR,Europe,YEAR,2014,,,,,,,,,397.05,397.05260531,,,,2025-12-05T13:23:08Z,2014,2014-01-01,2014-12-31
9595747,GHED_GGHE-D_pc_US_SHA2011,COUNTRY,ZMB,AFR,Africa,YEAR,2010,,,,,,,,,22.63,22.63248268,,,,2025-12-05T13:23:08Z,2010,2010-01-01,2010-12-31
9598029,GHED_GGHE-D_pc_US_SHA2011,COUNTRY,TCD,AFR,Africa,YEAR,2016,,,,,,,,,5.55,5.55264504,,,,2025-12-05T13:23:08Z,2016,2016-01-01,2016-12-31
9598670,GHED_GGHE-D_pc_US_SHA2011,COUNTRY,ESP,EUR,Europe,YEAR,2020,,,,,,,,,2121.13,2121.12921895,,,,2025-12-05T13:23:08Z,2020,2020-01-01,2020-12-31
9599246,GHED_GGHE-D_pc_US_SHA2011,COUNTRY,FJI,WPR,Western Pacific,YEAR,2022,,,,,,,,,172.75,172.74979568,,,,2025-12-05T13:23:08Z,2022,2022-01-01,2022-12-31
9599888,GHED_GGHE-D_pc_US_SHA2011,COUNTRY,TUR,EUR,Europe,YEAR,2001,,,,,,,,,100.11,100.11179896,,,,2025-12-05T13:23:08Z,2001,2001-01-01,2001-12-31
9607465,GHED_GGHE-D_pc_US_SHA2011,COUNTRY,LUX,EUR,Europe,YEAR,2021,,,,,,,,,6643.70,6643.699543,,,,2025-12-05T13:23:08Z,2021,2021-01-01,2021-12-31
9618239,GHED_GGHE-D_pc_US_SHA2011,COUNTRY,KIR,WPR,Western Pacific,YEAR,2005,,,,,,,,,127.06,127.05679596,,,,2025-12-05T13:23:08Z,2005,2005-01-01,2005-12-31
9619000,GHED_GGHE-D_pc_US_SHA2011,COUNTRY,BGR,EUR,Europe,YEAR,2004,,,,,,,,,138.53,138.53303846,,,,2025-12-05T13:23:08Z,2004,2004-01-01,2004-12-31
9620346,GHED_GGHE-D_pc_US_SHA2011,COUNTRY,AUT,EUR,Europe,YEAR,2023,,,,,,,,,4795.06,4795.06437177,,,,2025-12-05T13:23:08Z,2023,2023-01-01,2023-12-31
9625210,GHED_GGHE-D_pc_US_SHA2011,COUNTRY,USA,AMR,Americas,YEAR,2001,,,,,,,,,2221.63,2221.63082401,,,,2025-12-05T13:23:08Z,2001,2001-01-01,2001-12-31
9627691,GHED_GGHE-D_pc_US_SHA2011,COUNTRY,ETH,AFR,Africa,YEAR,2016,,,,,,,,,6.09,6.08556213,,,,2025-12-05T13:23:08Z,2016,2016-01-01,2016-12-31
9631876,GHED_GGHE-D_pc_US_SHA2011,COUNTRY,IDN,WPR,Western Pacific,YEAR,2010,,,,,,,,,20.27,20.26695127,,,,2025-12-05T13:23:08Z,2010,2010-01-01,2010-12-31
9634210,GHED_GGHE-D_pc_US_SHA2011,COUNTRY,FSM,WPR,Western Pacific,YEAR,2008,,,,,,,,,38.28,38.28251936,,,,2025-12-05T13:23:08Z,2008,2008-01-01,2008-12-31
9634331,GHED_GGHE-D_pc_US_SHA2011,COUNTRY,KOR,WPR,Western Pacific,YEAR,2004,,,,,,,,,388.11,388.1096784,,,,2025-12-05T13:23:08Z,2004,2004-01-01,2004-12-31
9635287,GHED_GGHE-D_pc_US_SHA2011,COUNTRY,GNQ,AFR,Africa,YEAR,2003,,,,,,,,,17.52,17.52466365,,,,2025-12-05T13:23:08Z,2003,2003-01-01,2003-12-31
9637266,GHED_GGHE-D_pc_US_SHA2011,COUNTRY,SMR,EUR,Europe,YEAR,2009,,,,,,,,,3430.17,3430.17279857,,,,2025-12-05T13:23:08Z,2009,2009-01-01,2009-12-31
9641773,GHED_GGHE-D_pc_US_SHA2011,COUNTRY,SEN,AFR,Africa,YEAR,2003,,,,,,,,,12.63,12.63202873,,,,2025-12-05T13:23:08Z,2003,2003-01-01,2003-12-31
9644209,GHED_GGHE-D_pc_US_SHA2011,COUNTRY,BHS,AMR,Americas,YEAR,2011,,,,,,,,,643.37,643.3731951,,,,2025-12-05T13:23:08Z,2011,2011-01-01,2011-12-31
9645705,GHED_GGHE-D_pc_US_SHA2011,COUNTRY,PHL,WPR,Western Pacific,YEAR,2020,,,,,,,,,75.31,75.30780071,,,,2025-12-05T13:23:08Z,2020,2020-01-01,2020-12-31
9649506,GHED_GGHE-D_pc_US_SHA2011,COUNTRY,CIV,AFR,Africa,YEAR,2002,,,,,,,,,4.99,4.9939796,,,,2025-12-05T13:23:08Z,2002,2002-01-01,2002-12-31
9651720,GHED_GGHE-D_pc_US_SHA2011,WORLDBANKINCOMEGROUP,WB_LMI,,,YEAR,2017,,,,,,,,,54.87,54.87247798,,,,2025-12-05T13:23:08Z,2017,2017-01-01,2017-12-31
9652549,GHED_GGHE-D_pc_US_SHA2011,COUNTRY,CHN,WPR,Western Pacific,YEAR,2015,,,,,,,,,236.57,236.57014804,,,,2025-12-05T13:23:08Z,2015,2015-01-01,2015-12-31
9653031,GHED_GGHE-D_pc_US_SHA2011,COUNTRY,SAU,EMR,Eastern Mediterranean,YEAR,2018,,,,,,,,,1046.73,1046.7272804,,,,2025-12-05T13:23:08Z,2018,2018-01-01,2018-12-31
9655161,GHED_GGHE-D_pc_US_SHA2011,COUNTRY,SUR,AMR,Americas,YEAR,2005,,,,,,,,,108.89,108.88902344,,,,2025-12-05T13:23:08Z,2005,2005-01-01,2005-12-31
9657301,GHED_GGHE-D_pc_US_SHA2011,COUNTRY,LAO,WPR,Western Pacific,YEAR,2003,,,,,,,,,4.31,4.30532666,,,,2025-12-05T13:23:08Z,2003,2003-01-01,2003-12-31
9661160,GHED_GGHE-D_pc_US_SHA2011,COUNTRY,POL,EUR,Europe,YEAR,2016,,,,,,,,,560.19,560.19281266,,,,2025-12-05T13:23:08Z,2016,2016-01-01,2016-12-31
9662491,GHED_GGHE-D_pc_US_SHA2011,COUNTRY,SLV,AMR,Americas,YEAR,2006,,,,,,,,,120.50,120.50197307,,,,2025-12-05T13:23:08Z,2006,2006-01-01,2006-12-31
9663398,GHED_GGHE-D_pc_US_SHA2011,WORLDBANKINCOMEGROUP,WB_UMI,,,YEAR,2022,,,,,,,,,306.56,306.56448679,,,,2025-12-05T13:23:08Z,2022,2022-01-01,2022-12-31
9664173,GHED_GGHE-D_pc_US_SHA2011,COUNTRY,LBN,EMR,Eastern Mediterranean,YEAR,2011,,,,,,,,,280.08,280.07609471,,,,2025-12-05T13:23:08Z,2011,2011-01-01,2011-12-31
9666030,GHED_GGHE-D_pc_US_SHA2011,COUNTRY,TUN,EMR,Eastern Mediterranean,YEAR,2021,,,,,,,,,159.79,159.79183405,,,,2025-12-05T13:23:08Z,2021,2021-01-01,2021-12-31
9667747,GHED_GGHE-D_pc_US_SHA2011,COUNTRY,LUX,EUR,Europe,YEAR,2001,,,,,,,,,2612.07,2612.06949226,,,,2025-12-05T13:23:08Z,2001,2001-01-01,2001-12-31
9667949,GHED_GGHE-D_pc_US_SHA2011,COUNTRY,TUR,EUR,Europe,YEAR,2012,,,,,,,,,412.04,412.04185602,,,,2025-12-05T13:23:08Z,2012,2012-01-01,2012-12-31
9670429,GHED_GGHE-D_pc_US_SHA2011,COUNTRY,AUS,WPR,Western Pacific,YEAR,2005,,,,,,,,,2152.16,2152.15961063,,,,2025-12-05T13:23:08Z,2005,2005-01-01,2005-12-31
9670481,GHED_GGHE-D_pc_US_SHA2011,COUNTRY,ROU,EUR,Europe,YEAR,2019,,,,,,,,,591.88,591.87914899,,,,2025-12-05T13:23:08Z,2019,2019-01-01,2019-12-31
9671861,GHED_GGHE-D_pc_US_SHA2011,COUNTRY,CHE,EUR,Europe,YEAR,2009,,,,,,,,,2335.17,2335.17402369,,,,2025-12-05T13:23:08Z,2009,2009-01-01,2009-12-31
9675807,GHED_GGHE-D_pc_US_SHA2011,COUNTRY,EST,EUR,Europe,YEAR,2019,,,,,,,,,1189.42,1189.42264281,,,,2025-12-05T13:23:08Z,2019,2019-01-01,2019-12-31
9676586,GHED_GGHE-D_pc_US_SHA2011,COUNTRY,SGP,WPR,Western Pacific,YEAR,2008,,,,,,,,,480.10,480.09934182,,,,2025-12-05T13:23:08Z,2008,2008-01-01,2008-12-31
9678043,GHED_GGHE-D_pc_US_SHA2011,COUNTRY,TTO,AMR,Americas,YEAR,2009,,,,,,,,,369.66,369.66206392,,,,2025-12-05T13:23:08Z,2009,2009-01-01,2009-12-31
9678540,GHED_GGHE-D_pc_US_SHA2011,COUNTRY,DEU,EUR,Europe,YEAR,2003,,,,,,,,,2441.17,2441.165167,,,,2025-12-05T13:23:08Z,2003,2003-01-01,2003-12-31
9679668,GHED_GGHE-D_pc_US_SHA2011,COUNTRY,BRA,AMR,Americas,YEAR,2006,,,,,,,,,210.15,210.14627144,,,,2025-12-05T13:23:08Z,2006,2006-01-01,2006-12-31
9682339,GHED_GGHE-D_pc_US_SHA2011,COUNTRY,SLE,AFR,Africa,YEAR,2014,,,,,,,,,9.75,9.75451675,,,,2025-12-05T13:23:08Z,2014,2014-01-01,2014-12-31
9683911,GHED_GGHE-D_pc_US_SHA2011,COUNTRY,ATG,AMR,Americas,YEAR,2009,,,,,,,,,334.58,334.58434437,,,,2025-12-05T13:23:08Z,2009,2009-01-01,2009-12-31
9685127,GHED_GGHE-D_pc_US_SHA2011,COUNTRY,DZA,AFR,Africa,YEAR,2014,,,,,,,,,257.11,257.11406553,,,,2025-12-05T13:23:08Z,2014,2014-01-01,2014-12-31
9688686,GHED_GGHE-D_pc_US_SHA2011,COUNTRY,LAO,WPR,Western Pacific,YEAR,2013,,,,,,,,,12.92,12.91713777,,,,2025-12-05T13:23:08Z,2013,2013-01-01,2013-12-31
9689071,GHED_GGHE-D_pc_US_SHA2011,COUNTRY,LCA,AMR,Americas,YEAR,2007,,,,,,,,,123.58,123.58149945,,,,2025-12-05T13:23:08Z,2007,2007-01-01,2007-12-31
9691624,GHED_GGHE-D_pc_US_SHA2011,COUNTRY,AUT,EUR,Europe,YEAR,2010,,,,,,,,,3477.52,3477.52095806,,,,2025-12-05T13:23:08Z,2010,2010-01-01,2010-12-31
9694692,GHED_GGHE-D_pc_US_SHA2011,COUNTRY,JAM,AMR,Americas,YEAR,2017,,,,,,,,,213.80,213.80398126,,,,2025-12-05T13:23:08Z,2017,2017-01-01,2017-12-31
9701996,GHED_GGHE-D_pc_US_SHA2011,COUNTRY,SUR,AMR,Americas,YEAR,2002,,,,,,,,,72.98,72.98392363,,,,2025-12-05T13:23:08Z,2002,2002-01-01,2002-12-31
9702504,GHED_GGHE-D_pc_US_SHA2011,COUNTRY,JAM,AMR,Americas,YEAR,2015,,,,,,,,,180.18,180.18058017,,,,2025-12-05T13:23:08Z,2015,2015-01-01,2015-12-31
9704411,GHED_GGHE-D_pc_US_SHA2011,COUNTRY,VCT,AMR,Americas,YEAR,2006,,,,,,,,,124.82,124.81739416,,,,2025-12-05T13:23:08Z,2006,2006-01-01,2006-12-31
9706531,GHED_GGHE-D_pc_US_SHA2011,REGION,EUR,,,YEAR,2012,,,,,,,,,1727.04,1727.04490865,,,,2025-12-05T13:23:08Z,2012,2012-01-01,2012-12-31
9710051,GHED_GGHE-D_pc_US_SHA2011,COUNTRY,LUX,EUR,Europe,YEAR,2011,,,,,,,,,5984.59,5984.58917456,,,,2025-12-05T13:23:08Z,2011,2011-01-01,2011-12-31
9712715,GHED_GGHE-D_pc_US_SHA2011,COUNTRY,GBR,EUR,Europe,YEAR,2019,,,,,,,,,3396.59,3396.59401288,,,,2025-12-05T13:23:08Z,2019,2019-01-01,2019-12-31
9713190,GHED_GGHE-D_pc_US_SHA2011,COUNTRY,BHS,AMR,Americas,YEAR,2007,,,,,,,,,540.99,540.99123001,,,,2025-12-05T13:23:08Z,2007,2007-01-01,2007-12-31
9713802,GHED_GGHE-D_pc_US_SHA2011,COUNTRY,LSO,AFR,Africa,YEAR,2021,,,,,,,,,47.63,47.62528621,,,,2025-12-05T13:23:08Z,2021,2021-01-01,2021-12-31
9716167,GHED_GGHE-D_pc_US_SHA2011,COUNTRY,MLI,AFR,Africa,YEAR,2010,,,,,,,,,4.48,4.48431006,,,,2025-12-05T13:23:08Z,2010,2010-01-01,2010-12-31
9722672,GHED_GGHE-D_pc_US_SHA2011,COUNTRY,CHN,WPR,Western Pacific,YEAR,2013,,,,,,,,,187.74,187.74436581,,,,2025-12-05T13:23:08Z,2013,2013-01-01,2013-12-31
9723597,GHED_GGHE-D_pc_US_SHA2011,COUNTRY,ISL,EUR,Europe,YEAR,2002,,,,,,,,,2479.47,2479.47001238,,,,2025-12-05T13:23:08Z,2002,2002-01-01,2002-12-31
9724411,GHED_GGHE-D_pc_US_SHA2011,COUNTRY,HRV,EUR,Europe,YEAR,2002,,,,,,,,,305.32,305.3155705,,,,2025-12-05T13:23:08Z,2002,2002-01-01,2002-12-31
9726254,GHED_GGHE-D_pc_US_SHA2011,COUNTRY,NPL,SEAR,South-East Asia,YEAR,2007,,,,,,,,,3.16,3.16497952,,,,2025-12-05T13:23:08Z,2007,2007-01-01,2007-12-31
9726568,GHED_GGHE-D_pc_US_SHA2011,COUNTRY,ATG,AMR,Americas,YEAR,2007,,,,,,,,,366.65,366.65399486,,,,2025-12-05T13:23:08Z,2007,2007-01-01,2007-12-31
9726843,GHED_GGHE-D_pc_US_SHA2011,COUNTRY,KOR,WPR,Western Pacific,YEAR,2015,,,,,,,,,1059.09,1059.09284254,,,,2025-12-05T13:23:08Z,2015,2015-01-01,2015-12-31
9727823,GHED_GGHE-D_pc_US_SHA2011,COUNTRY,LAO,WPR,Western Pacific,YEAR,2002,,,,,,,,,3.56,3.55575494,,,,2025-12-05T13:23:08Z,2002,2002-01-01,2002-12-31
9730032,GHED_GGHE-D_pc_US_SHA2011,COUNTRY,ARG,AMR,Americas,YEAR,2010,,,,,,,,,575.34,575.33511088,,,,2025-12-05T13:23:08Z,2010,2010-01-01,2010-12-31
9730443,GHED_GGHE-D_pc_US_SHA2011,COUNTRY,UKR,EUR,Europe,YEAR,2015,,,,,,,,,73.33,73.33476123,,,,2025-12-05T13:23:08Z,2015,2015-01-01,2015-12-31
9731481,GHED_GGHE-D_pc_US_SHA2011,COUNTRY,IRL,EUR,Europe,YEAR,2003,,,,,,,,,2292.74,2292.74263316,,,,2025-12-05T13:23:08Z,2003,2003-01-01,2003-12-31
9735927,GHED_GGHE-D_pc_US_SHA2011,COUNTRY,SWE,EUR,Europe,YEAR,2011,,,,,,,,,5378.18,5378.17786284,,,,2025-12-05T13:23:08Z,2011,2011-01-01,2011-12-31
9737249,GHED_GGHE-D_pc_US_SHA2011,COUNTRY,HUN,EUR,Europe,YEAR,2005,,,,,,,,,628.06,628.05572134,,,,2025-12-05T13:23:08Z,2005,2005-01-01,2005-12-31
9739105,GHED_GGHE-D_pc_US_SHA2011,COUNTRY,UGA,AFR,Africa,YEAR,2016,,,,,,,,,6.13,6.12740184,,,,2025-12-05T13:23:08Z,2016,2016-01-01,2016-12-31
9747831,GHED_GGHE-D_pc_US_SHA2011,COUNTRY,SLE,AFR,Africa,YEAR,2023,,,,,,,,,5.98,5.97892743,,,,2025-12-05T13:23:08Z,2023,2023-01-01,2023-12-31
9748568,GHED_GGHE-D_pc_US_SHA2011,COUNTRY,PNG,WPR,Western Pacific,YEAR,2023,,,,,,,,,62.37,62.3739169,,,,2025-12-05T13:23:08Z,2023,2023-01-01,2023-12-31
9753247,GHED_GGHE-D_pc_US_SHA2011,COUNTRY,TGO,AFR,Africa,YEAR,2016,,,,,,,,,7.54,7.53540711,,,,2025-12-05T13:23:08Z,2016,2016-01-01,2016-12-31
9754374,GHED_GGHE-D_pc_US_SHA2011,COUNTRY,GMB,AFR,Africa,YEAR,2003,,,,,,,,,3.14,3.13556085,,,,2025-12-05T13:23:08Z,2003,2003-01-01,2003-12-31
9757478,GHED_GGHE-D_pc_US_SHA2011,COUNTRY,QAT,EMR,Eastern Mediterranean,YEAR,2011,,,,,,,,,1090.13,1090.13270614,,,,2025-12-05T13:23:08Z,2011,2011-01-01,2011-12-31
9759881,GHED_GGHE-D_pc_US_SHA2011,COUNTRY,BFA,AFR,Africa,YEAR,2005,,,,,,,,,5.39,5.3947869,,,,2025-12-05T13:23:08Z,2005,2005-01-01,2005-12-31
9762258,GHED_GGHE-D_pc_US_SHA2011,COUNTRY,JPN,WPR,Western Pacific,YEAR,2015,,,,,,,,,3156.63,3156.62748416,,,,2025-12-05T13:23:08Z,2015,2015-01-01,2015-12-31
9762802,GHED_GGHE-D_pc_US_SHA2011,COUNTRY,EGY,EMR,Eastern Mediterranean,YEAR,2019,,,,,,,,,40.25,40.24599244,,,,2025-12-05T13:23:08Z,2019,2019-01-01,2019-12-31
9763166,GHED_GGHE-D_pc_US_SHA2011,COUNTRY,CPV,AFR,Africa,YEAR,2017,,,,,,,,,99.40,99.39557445,,,,2025-12-05T13:23:08Z,2017,2017-01-01,2017-12-31
9764150,GHED_GGHE-D_pc_US_SHA2011,COUNTRY,ISL,EUR,Europe,YEAR,2013,,,,,,,,,3291.09,3291.09478316,,,,2025-12-05T13:23:08Z,2013,2013-01-01,2013-12-31
9764844,GHED_GGHE-D_pc_US_SHA2011,COUNTRY,ETH,AFR,Africa,YEAR,2014,,,,,,,,,3.83,3.82883187,,,,2025-12-05T13:23:08Z,2014,2014-01-01,2014-12-31
9765434,GHED_GGHE-D_pc_US_SHA2011,COUNTRY,KOR,WPR,Western Pacific,YEAR,2010,,,,,,,,,783.58,783.58289326,,,,2025-12-05T13:23:08Z,2010,2010-01-01,2010-12-31
9767804,GHED_GGHE-D_pc_US_SHA2011,COUNTRY,BGD,SEAR,South-East Asia,YEAR,2016,,,,,,,,,7.82,7.82326509,,,,2025-12-05T13:23:08Z,2016,2016-01-01,2016-12-31
9769459,GHED_GGHE-D_pc_US_SHA2011,REGION,EMR,,,YEAR,2017,,,,,,,,,338.41,338.4084278,,,,2025-12-05T13:23:08Z,2017,2017-01-01,2017-12-31
9769875,GHED_GGHE-D_pc_US_SHA2011,COUNTRY,SYC,AFR,Africa,YEAR,2007,,,,,,,,,343.85,343.8530961,,,,2025-12-05T13:23:08Z,2007,2007-01-01,2007-12-31
9770328,GHED_GGHE-D_pc_US_SHA2011,COUNTRY,TCD,AFR,Africa,YEAR,2018,,,,,,,,,4.44,4.44104151,,,,2025-12-05T13:23:08Z,2018,2018-01-01,2018-12-31
9770370,GHED_GGHE-D_pc_US_SHA2011,COUNTRY,ESP,EUR,Europe,YEAR,2009,,,,,,,,,2205.41,2205.41084052,,,,2025-12-05T13:23:08Z,2009,2009-01-01,2009-12-31
9779098,GHED_GGHE-D_pc_US_SHA2011,COUNTRY,BHR,EMR,Eastern Mediterranean,YEAR,2020,,,,,,,,,693.30,693.30444194,,,,2025-12-05T13:23:08Z,2020,2020-01-01,2020-12-31
9779358,GHED_GGHE-D_pc_US_SHA2011,COUNTRY,TUN,EMR,Eastern Mediterranean,YEAR,2004,,,,,,,,,85.52,85.52288264,,,,2025-12-05T13:23:08Z,2004,2004-01-01,2004-12-31
9784231,GHED_GGHE-D_pc_US_SHA2011,COUNTRY,ARG,AMR,Americas,YEAR,2017,,,,,,,,,971.19,971.19362879,,,,2025-12-05T13:23:08Z,2017,2017-01-01,2017-12-31
9784699,GHED_GGHE-D_pc_US_SHA2011,COUNTRY,SVK,EUR,Europe,YEAR,2013,,,,,,,,,1004.74,1004.74171332,,,,2025-12-05T13:23:08Z,2013,2013-01-01,2013-12-31
9784747,GHED_GGHE-D_pc_US_SHA2011,COUNTRY,SSD,AFR,Africa,YEAR,2021,,,,,,,,,5.13,5.12963856,,,,2025-12-05T13:23:08Z,2021,2021-01-01,2021-12-31
9796098,GHED_GGHE-D_pc_US_SHA2011,COUNTRY,COG,AFR,Africa,YEAR,2022,,,,,,,,,18.59,18.59499083,,,,2025-12-05T13:23:08Z,2022,2022-01-01,2022-12-31
9798188,GHED_GGHE-D_pc_US_SHA2011,COUNTRY,CUB,AMR,Americas,YEAR,2001,,,,,,,,,161.21,161.2148887,,,,2025-12-05T13:23:08Z,2001,2001-01-01,2001-12-31
9799377,GHED_GGHE-D_pc_US_SHA2011,COUNTRY,ARG,AMR,Americas,YEAR,2014,,,,,,,,,844.26,844.26234118,,,,2025-12-05T13:23:08Z,2014,2014-01-01,2014-12-31
9799881,GHED_GGHE-D_pc_US_SHA2011,COUNTRY,SWZ,AFR,Africa,YEAR,2011,,,,,,,,,155.74,155.74212344,,,,2025-12-05T13:23:08Z,2011,2011-01-01,2011-12-31
9801994,GHED_GGHE-D_pc_US_SHA2011,COUNTRY,BIH,EUR,Europe,YEAR,2000,,,,,,,,,54.53,54.52850938,,,,2025-12-05T13:23:08Z,2000,2000-01-01,2000-12-31
9806478,GHED_GGHE-D_pc_US_SHA2011,COUNTRY,CHN,WPR,Western Pacific,YEAR,2020,,,,,,,,,319.01,319.01361894,,,,2025-12-05T13:23:08Z,2020,2020-01-01,2020-12-31
9810817,GHED_GGHE-D_pc_US_SHA2011,COUNTRY,CAF,AFR,Africa,YEAR,2006,,,,,,,,,4.31,4.31361982,,,,2025-12-05T13:23:08Z,2006,2006-01-01,2006-12-31
9816092,GHED_GGHE-D_pc_US_SHA2011,COUNTRY,KOR,WPR,Western Pacific,YEAR,2003,,,,,,,,,344.43,344.43318301,,,,2025-12-05T13:23:08Z,2003,2003-01-01,2003-12-31
9818074,GHED_GGHE-D_pc_US_SHA2011,COUNTRY,PAN,AMR,Americas,YEAR,2009,,,,,,,,,366.58,366.58081854,,,,2025-12-05T13:23:08Z,2009,2009-01-01,2009-12-31
9821756,GHED_GGHE-D_pc_US_SHA2011,COUNTRY,FSM,WPR,Western Pacific,YEAR,2022,,,,,,,,,57.68,57.67672921,,,,2025-12-05T13:23:08Z,2022,2022-01-01,2022-12-31
9822533,GHED_GGHE-D_pc_US_SHA2011,COUNTRY,ETH,AFR,Africa,YEAR,2015,,,,,,,,,5.86,5.86294682,,,,2025-12-05T13:23:08Z,2015,2015-01-01,2015-12-31
9823598,GHED_GGHE-D_pc_US_SHA2011,COUNTRY,GBR,EUR,Europe,YEAR,2015,,,,,,,,,3555.86,3555.85615141,,,,2025-12-05T13:23:08Z,2015,2015-01-01,2015-12-31
9825945,GHED_GGHE-D_pc_US_SHA2011,COUNTRY,MLT,EUR,Europe,YEAR,2020,,,,,,,,,2094.66,2094.65518432,,,,2025-12-05T13:23:08Z,2020,2020-01-01,2020-12-31
9828008,GHED_GGHE-D_pc_US_SHA2011,COUNTRY,GAB,AFR,Africa,YEAR,2002,,,,,,,,,47.58,47.58207094,,,,2025-12-05T13:23:08Z,2002,2002-01-01,2002-12-31
9828897,GHED_GGHE-D_pc_US_SHA2011,COUNTRY,OMN,EMR,Eastern Mediterranean,YEAR,2017,,,,,,,,,628.53,628.52938966,,,,2025-12-05T13:23:08Z,2017,2017-01-01,2017-12-31
9831757,GHED_GGHE-D_pc_US_SHA2011,COUNTRY,UKR,EUR,Europe,YEAR,2010,,,,,,,,,107.93,107.93291973,,,,2025-12-05T13:23:08Z,2010,2010-01-01,2010-12-31
9836666,GHED_GGHE-D_pc_US_SHA2011,COUNTRY,BRA,AMR,Americas,YEAR,2002,,,,,,,,,105.28,105.28003965,,,,2025-12-05T13:23:08Z,2002,2002-01-01,2002-12-31
9838019,GHED_GGHE-D_pc_US_SHA2011,COUNTRY,SAU,EMR,Eastern Mediterranean,YEAR,2016,,,,,,,,,941.73,941.72596034,,,,2025-12-05T13:23:08Z,2016,2016-01-01,2016-12-31
9839086,GHED_GGHE-D_pc_US_SHA2011,COUNTRY,GUY,AMR,Americas,YEAR,2005,,,,,,,,,40.06,40.05814989,,,,2025-12-05T13:23:08Z,2005,2005-01-01,2005-12-31
9841736,GHED_GGHE-D_pc_US_SHA2011,COUNTRY,TGO,AFR,Africa,YEAR,2012,,,,,,,,,8.89,8.89466016,,,,2025-12-05T13:23:08Z,2012,2012-01-01,2012-12-31
9845490,GHED_GGHE-D_pc_US_SHA2011,COUNTRY,MHL,WPR,Western Pacific,YEAR,2001,,,,,,,,,153.91,153.90532955,,,,2025-12-05T13:23:08Z,2001,2001-01-01,2001-12-31
9845917,GHED_GGHE-D_pc_US_SHA2011,COUNTRY,BFA,AFR,Africa,YEAR,2020,,,,,,,,,23.59,23.59401043,,,,2025-12-05T13:23:08Z,2020,2020-01-01,2020-12-31
9847748,GHED_GGHE-D_pc_US_SHA2011,COUNTRY,GNB,AFR,Africa,YEAR,2020,,,,,,,,,9.07,9.06649441,,,,2025-12-05T13:23:08Z,2020,2020-01-01,2020-12-31
9849148,GHED_GGHE-D_pc_US_SHA2011,COUNTRY,TTO,AMR,Americas,YEAR,2018,,,,,,,,,523.33,523.32861086,,,,2025-12-05T13:23:08Z,2018,2018-01-01,2018-12-31
9853285,GHED_GGHE-D_pc_US_SHA2011,COUNTRY,UKR,EUR,Europe,YEAR,2006,,,,,,,,,88.39,88.38759982,,,,2025-12-05T13:23:08Z,2006,2006-01-01,2006-12-31
9854356,GHED_GGHE-D_pc_US_SHA2011,COUNTRY,SLB,WPR,Western Pacific,YEAR,2000,,,,,,,,,42.37,42.36935556,,,,2025-12-05T13:23:08Z,2000,2000-01-01,2000-12-31
9860242,GHED_GGHE-D_pc_US_SHA2011,COUNTRY,ARE,EMR,Eastern Mediterranean,YEAR,2002,,,,,,,,,461.83,461.82610881,,,,2025-12-05T13:23:08Z,2002,2002-01-01,2002-12-31
9860969,GHED_GGHE-D_pc_US_SHA2011,COUNTRY,DEU,EUR,Europe,YEAR,2000,,,,,,,,,1833.73,1833.72513401,,,,2025-12-05T13:23:08Z,2000,2000-01-01,2000-12-31
9861533,GHED_GGHE-D_pc_US_SHA2011,REGION,AMR,,,YEAR,2005,,,,,,,,,302.90,302.8980867,,,,2025-12-05T13:23:08Z,2005,2005-01-01,2005-12-31
9861860,GHED_GGHE-D_pc_US_SHA2011,COUNTRY,BOL,AMR,Americas,YEAR,2003,,,,,,,,,24.60,24.60114382,,,,2025-12-05T13:23:08Z,2003,2003-01-01,2003-12-31
9866260,GHED_GGHE-D_pc_US_SHA2011,COUNTRY,DEU,EUR,Europe,YEAR,2005,,,,,,,,,2693.54,2693.54149727,,,,2025-12-05T13:23:08Z,2005,2005-01-01,2005-12-31
9867493,GHED_GGHE-D_pc_US_SHA2011,COUNTRY,KEN,AFR,Africa,YEAR,2023,,,,,,,,,38.15,38.1540972,,,,2025-12-05T13:23:08Z,2023,2023-01-01,2023-12-31
9868435,GHED_GGHE-D_pc_US_SHA2011,COUNTRY,LBY,EMR,Eastern Mediterranean,YEAR,2014,,,,,,,,,306.10,306.10030743,,,,2025-12-05T13:23:08Z,2014,2014-01-01,2014-12-31
9870272,GHED_GGHE-D_pc_US_SHA2011,COUNTRY,GNQ,AFR,Africa,YEAR,2018,,,,,,,,,67.08,67.07641183,,,,2025-12-05T13:23:08Z,2018,2018-01-01,2018-12-31
9870770,GHED_GGHE-D_pc_US_SHA2011,COUNTRY,HUN,EUR,Europe,YEAR,2013,,,,,,,,,656.79,656.79248422,,,,2025-12-05T13:23:08Z,2013,2013-01-01,2013-12-31
9874484,GHED_GGHE-D_pc_US_SHA2011,COUNTRY,KIR,WPR,Western Pacific,YEAR,2003,,,,,,,,,98.19,98.18761023,,,,2025-12-05T13:23:08Z,2003,2003-01-01,2003-12-31
9876513,GHED_GGHE-D_pc_US_SHA2011,COUNTRY,VUT,WPR,Western Pacific,YEAR,2018,,,,,,,,,68.64,68.63852024,,,,2025-12-05T13:23:08Z,2018,2018-01-01,2018-12-31
9880972,GHED_GGHE-D_pc_US_SHA2011,COUNTRY,PRY,AMR,Americas,YEAR,2010,,,,,,,,,100.76,100.76161298,,,,2025-12-05T13:23:08Z,2010,2010-01-01,2010-12-31
9890940,GHED_GGHE-D_pc_US_SHA2011,COUNTRY,LBY,EMR,Eastern Mediterranean,YEAR,2021,,,,,,,,,220.74,220.73815774,,,,2025-12-05T13:23:08Z,2021,2021-01-01,2021-12-31
9896501,GHED_GGHE-D_pc_US_SHA2011,COUNTRY,GRC,EUR,Europe,YEAR,2022,,,,,,,,,956.29,956.29053253,,,,2025-12-05T13:23:08Z,2022,2022-01-01,2022-12-31
9896614,GHED_GGHE-D_pc_US_SHA2011,REGION,AFR,,,YEAR,2003,,,,,,,,,29.68,29.68474582,,,,2025-12-05T13:23:08Z,2003,2003-01-01,2003-12-31
9897396,GHED_GGHE-D_pc_US_SHA2011,COUNTRY,LAO,WPR,Western Pacific,YEAR,2005,,,,,,,,,4.71,4.70945025,,,,2025-12-05T13:23:08Z,2005,2005-01-01,2005-12-31
9897864,GHED_GGHE-D_pc_US_SHA2011,COUNTRY,BWA,AFR,Africa,YEAR,2007,,,,,,,,,173.02,173.0151953,,,,2025-12-05T13:23:08Z,2007,2007-01-01,2007-12-31
9902933,GHED_GGHE-D_pc_US_SHA2011,COUNTRY,FIN,EUR,Europe,YEAR,2018,,,,,,,,,3551.77,3551.77162166,,,,2025-12-05T13:23:08Z,2018,2018-01-01,2018-12-31
9903283,GHED_GGHE-D_pc_US_SHA2011,COUNTRY,BWA,AFR,Africa,YEAR,2003,,,,,,,,,151.45,151.44539416,,,,2025-12-05T13:23:08Z,2003,2003-01-01,2003-12-31
9904100,GHED_GGHE-D_pc_US_SHA2011,COUNTRY,CHE,EUR,Europe,YEAR,2007,,,,,,,,,1880.97,1880.97157467,,,,2025-12-05T13:23:08Z,2007,2007-01-01,2007-12-31
9906501,GHED_GGHE-D_pc_US_SHA2011,COUNTRY,HND,AMR,Americas,YEAR,2013,,,,,,,,,72.71,72.70909613,,,,2025-12-05T13:23:08Z,2013,2013-01-01,2013-12-31
9911206,GHED_GGHE-D_pc_US_SHA2011,COUNTRY,BTN,SEAR,South-East Asia,YEAR,2012,,,,,,,,,58.51,58.50959071,,,,2025-12-05T13:23:08Z,2012,2012-01-01,2012-12-31
9912057,GHED_GGHE-D_pc_US_SHA2011,COUNTRY,GUY,AMR,Americas,YEAR,2020,,,,,,,,,269.29,269.28907954,,,,2025-12-05T13:23:08Z,2020,2020-01-01,2020-12-31
9914811,GHED_GGHE-D_pc_US_SHA2011,COUNTRY,GMB,AFR,Africa,YEAR,2018,,,,,,,,,7.30,7.29627577,,,,2025-12-05T13:23:08Z,2018,2018-01-01,2018-12-31
9916394,GHED_GGHE-D_pc_US_SHA2011,COUNTRY,SRB,EUR,Europe,YEAR,2007,,,,,,,,,333.91,333.91287014,,,,2025-12-05T13:23:08Z,2007,2007-01-01,2007-12-31
9919441,GHED_GGHE-D_pc_US_SHA2011,COUNTRY,LBR,AFR,Africa,YEAR,2001,,,,,,,,,1.59,1.59453361,,,,2025-12-05T13:23:08Z,2001,2001-01-01,2001-12-31
9922173,GHED_GGHE-D_pc_US_SHA2011,COUNTRY,HRV,EUR,Europe,YEAR,2013,,,,,,,,,764.43,764.43392767,,,,2025-12-05T13:23:08Z,2013,2013-01-01,2013-12-31
9923810,GHED_GGHE-D_pc_US_SHA2011,COUNTRY,GRD,AMR,Americas,YEAR,2016,,,,,,,,,162.80,162.79603627,,,,2025-12-05T13:23:08Z,2016,2016-01-01,2016-12-31
9927544,GHED_GGHE-D_pc_US_SHA2011,COUNTRY,IRQ,EMR,Eastern Mediterranean,YEAR,2010,,,,,,,,,106.23,106.2333359,,,,2025-12-05T13:23:08Z,2010,2010-01-01,2010-12-31
9927603,GHED_GGHE-D_pc_US_SHA2011,WORLDBANKINCOMEGROUP,WB_UMI,,,YEAR,2000,,,,,,,,,77.99,77.98944251,,,,2025-12-05T13:23:08Z,2000,2000-01-01,2000-12-31
9928293,GHED_GGHE-D_pc_US_SHA2011,COUNTRY,ALB,EUR,Europe,YEAR,2008,,,,,,,,,99.01,99.01202267,,,,2025-12-05T13:23:08Z,2008,2008-01-01,2008-12-31
9928338,GHED_GGHE-D_pc_US_SHA2011,COUNTRY,SVK,EUR,Europe,YEAR,2022,,,,,,,,,1311.93,1311.92578316,,,,2025-12-05T13:23:08Z,2022,2022-01-01,2022-12-31
9929829,GHED_GGHE-D_pc_US_SHA2011,COUNTRY,MDV,SEAR,South-East Asia,YEAR,2011,,,,,,,,,273.00,273.00096912,,,,2025-12-05T13:23:08Z,2011,2011-01-01,2011-12-31
9930452,GHED_GGHE-D_pc_US_SHA2011,COUNTRY,GHA,AFR,Africa,YEAR,2012,,,,,,,,,41.27,41.26768981,,,,2025-12-05T13:23:08Z,2012,2012-01-01,2012-12-31
9931978,GHED_GGHE-D_pc_US_SHA2011,COUNTRY,CZE,EUR,Europe,YEAR,2006,,,,,,,,,805.54,805.5387203,,,,2025-12-05T13:23:08Z,2006,2006-01-01,2006-12-31
9936232,GHED_GGHE-D_pc_US_SHA2011,COUNTRY,ESP,EUR,Europe,YEAR,2015,,,,,,,,,1676.58,1676.58479991,,,,2025-12-05T13:23:08Z,2015,2015-01-01,2015-12-31
9937877,GHED_GGHE-D_pc_US_SHA2011,COUNTRY,MDV,SEAR,South-East Asia,YEAR,2016,,,,,,,,,733.55,733.55282953,,,,2025-12-05T13:23:08Z,2016,2016-01-01,2016-12-31
9939573,GHED_GGHE-D_pc_US_SHA2011,COUNTRY,MAR,EMR,Eastern Mediterranean,YEAR,2014,,,,,,,,,73.07,73.06548895,,,,2025-12-05T13:23:08Z,2014,2014-01-01,2014-12-31
9940913,GHED_GGHE-D_pc_US_SHA2011,COUNTRY,IND,SEAR,South-East Asia,YEAR,2018,,,,,,,,,19.71,19.70634426,,,,2025-12-05T13:23:08Z,2018,2018-01-01,2018-12-31
9943748,GHED_GGHE-D_pc_US_SHA2011,COUNTRY,IRL,EUR,Europe,YEAR,2022,,,,,,,,,4902.56,4902.55924073,,,,2025-12-05T13:23:08Z,2022,2022-01-01,2022-12-31
9947013,GHED_GGHE-D_pc_US_SHA2011,COUNTRY,JOR,EMR,Eastern Mediterranean,YEAR,2002,,,,,,,,,78.11,78.10557183,,,,2025-12-05T13:23:08Z,2002,2002-01-01,2002-12-31
9947968,GHED_GGHE-D_pc_US_SHA2011,COUNTRY,JPN,WPR,Western Pacific,YEAR,2011,,,,,,,,,4273.57,4273.57158876,,,,2025-12-05T13:23:08Z,2011,2011-01-01,2011-12-31
9949909,GHED_GGHE-D_pc_US_SHA2011,COUNTRY,ATG,AMR,Americas,YEAR,2005,,,,,,,,,356.72,356.71661816,,,,2025-12-05T13:23:08Z,2005,2005-01-01,2005-12-31
9950775,GHED_GGHE-D_pc_US_SHA2011,COUNTRY,FJI,WPR,Western Pacific,YEAR,2018,,,,,,,,,150.08,150.07749825,,,,2025-12-05T13:23:08Z,2018,2018-01-01,2018-12-31
9952544,GHED_GGHE-D_pc_US_SHA2011,COUNTRY,MLT,EUR,Europe,YEAR,2012,,,,,,,,,1246.18,1246.18480177,,,,2025-12-05T13:23:08Z,2012,2012-01-01,2012-12-31
9954745,GHED_GGHE-D_pc_US_SHA2011,COUNTRY,COM,AFR,Africa,YEAR,2002,,,,,,,,,7.32,7.31509606,,,,2025-12-05T13:23:08Z,2002,2002-01-01,2002-12-31
9957260,GHED_GGHE-D_pc_US_SHA2011,COUNTRY,CIV,AFR,Africa,YEAR,2017,,,,,,,,,18.32,18.32043315,,,,2025-12-05T13:23:08Z,2017,2017-01-01,2017-12-31
9957575,GHED_GGHE-D_pc_US_SHA2011,COUNTRY,SWZ,AFR,Africa,YEAR,2020,,,,,,,,,118.09,118.08877339,,,,2025-12-05T13:23:08Z,2020,2020-01-01,2020-12-31
9961219,GHED_GGHE-D_pc_US_SHA2011,COUNTRY,MDV,SEAR,South-East Asia,YEAR,2020,,,,,,,,,676.58,676.58197818,,,,2025-12-05T13:23:08Z,2020,2020-01-01,2020-12-31
9962819,GHED_GGHE-D_pc_US_SHA2011,COUNTRY,BHS,AMR,Americas,YEAR,2021,,,,,,,,,1008.35,1008.34540067,,,,2025-12-05T13:23:08Z,2021,2021-01-01,2021-12-31
9964376,GHED_GGHE-D_pc_US_SHA2011,COUNTRY,ISL,EUR,Europe,YEAR,2005,,,,,,,,,4114.64,4114.64182478,,,,2025-12-05T13:23:08Z,2005,2005-01-01,2005-12-31
9966282,GHED_GGHE-D_pc_US_SHA2011,COUNTRY,TON,WPR,Western Pacific,YEAR,2011,,,,,,,,,112.00,112.00217601,,,,2025-12-05T13:23:08Z,2011,2011-01-01,2011-12-31
9966418,GHED_GGHE-D_pc_US_SHA2011,REGION,AMR,,,YEAR,2004,,,,,,,,,275.53,275.53153351,,,,2025-12-05T13:23:08Z,2004,2004-01-01,2004-12-31
9970051,GHED_GGHE-D_pc_US_SHA2011,COUNTRY,BLZ,AMR,Americas,YEAR,2012,,,,,,,,,163.63,163.63223205,,,,2025-12-05T13:23:08Z,2012,2012-01-01,2012-12-31
9970350,GHED_GGHE-D_pc_US_SHA2011,COUNTRY,PAK,EMR,Eastern Mediterranean,YEAR,2023,,,,,,,,,10.89,10.88944698,,,,2025-12-05T13:23:08Z,2023,2023-01-01,2023-12-31
9976424,GHED_GGHE-D_pc_US_SHA2011,COUNTRY,AND,EUR,Europe,YEAR,2022,,,,,,,,,2348.46,2348.45873809,,,,2025-12-05T13:23:08Z,2022,2022-01-01,2022-12-31
9977003,GHED_GGHE-D_pc_US_SHA2011,COUNTRY,GRD,AMR,Americas,YEAR,2007,,,,,,,,,137.86,137.85899271,,,,2025-12-05T13:23:08Z,2007,2007-01-01,2007-12-31
9977933,GHED_GGHE-D_pc_US_SHA2011,COUNTRY,EGY,EMR,Eastern Mediterranean,YEAR,2016,,,,,,,,,44.02,44.02146554,,,,2025-12-05T13:23:08Z,2016,2016-01-01,2016-12-31
9978313,GHED_GGHE-D_pc_US_SHA2011,COUNTRY,SYR,EMR,Eastern Mediterranean,YEAR,2009,,,,,,,,,39.18,39.17923998,,,,2025-12-05T13:23:08Z,2009,2009-01-01,2009-12-31
9983522,GHED_GGHE-D_pc_US_SHA2011,COUNTRY,PNG,WPR,Western Pacific,YEAR,2007,,,,,,,,,22.40,22.40344668,,,,2025-12-05T13:23:08Z,2007,2007-01-01,2007-12-31
9983547,GHED_GGHE-D_pc_US_SHA2011,COUNTRY,NRU,WPR,Western Pacific,YEAR,2002,,,,,,,,,212.61,212.61385901,,,,2025-12-05T13:23:08Z,2002,2002-01-01,2002-12-31
9986214,GHED_GGHE-D_pc_US_SHA2011,COUNTRY,DOM,AMR,Americas,YEAR,2018,,,,,,,,,203.29,203.29071708,,,,2025-12-05T13:23:08Z,2018,2018-01-01,2018-12-31
9988256,GHED_GGHE-D_pc_US_SHA2011,COUNTRY,KOR,WPR,Western Pacific,YEAR,2005,,,,,,,,,484.03,484.03022732,,,,2025-12-05T13:23:08Z,2005,2005-01-01,2005-12-31
9988766,GHED_GGHE-D_pc_US_SHA2011,COUNTRY,NAM,AFR,Africa,YEAR,2019,,,,,,,,,249.31,249.31325719,,,,2025-12-05T13:23:08Z,2019,2019-01-01,2019-12-31
9990164,GHED_GGHE-D_pc_US_SHA2011,COUNTRY,AND,EUR,Europe,YEAR,2003,,,,,,,,,1208.89,1208.88965922,,,,2025-12-05T13:23:08Z,2003,2003-01-01,2003-12-31
9993991,GHED_GGHE-D_pc_US_SHA2011,WORLDBANKINCOMEGROUP,WB_LMI,,,YEAR,2018,,,,,,,,,56.91,56.9076422,,,,2025-12-05T13:23:08Z,2018,2018-01-01,2018-12-31
9997073,GHED_GGHE-D_pc_US_SHA2011,COUNTRY,SMR,EUR,Europe,YEAR,2006,,,,,,,,,2558.24,2558.24359165,,,,2025-12-05T13:23:08Z,2006,2006-01-01,2006-12-31
9999569,GHED_GGHE-D_pc_US_SHA2011,COUNTRY,IRL,EUR,Europe,YEAR,2004,,,,,,,,,2748.79,2748.78681208,,,,2025-12-05T13:23:08Z,2004,2004-01-01,2004-12-31
10000444,GHED_GGHE-D_pc_US_SHA2011,COUNTRY,ARM,EUR,Europe,YEAR,2018,,,,,,,,,52.86,52.85832925,,,,2025-12-05T13:23:08Z,2018,2018-01-01,2018-12-31
10000909,GHED_GGHE-D_pc_US_SHA2011,COUNTRY,THA,SEAR,South-East Asia,YEAR,2014,,,,,,,,,161.77,161.76987276,,,,2025-12-05T13:23:08Z,2014,2014-01-01,2014-12-31
10002318,GHED_GGHE-D_pc_US_SHA2011,COUNTRY,MLT,EUR,Europe,YEAR,2006,,,,,,,,,1013.69,1013.69058514,,,,2025-12-05T13:23:08Z,2006,2006-01-01,2006-12-31
10003036,GHED_GGHE-D_pc_US_SHA2011,COUNTRY,GBR,EUR,Europe,YEAR,2004,,,,,,,,,2694.56,2694.55567626,,,,2025-12-05T13:23:08Z,2004,2004-01-01,2004-12-31
10005625,GHED_GGHE-D_pc_US_SHA2011,COUNTRY,MOZ,AFR,Africa,YEAR,2003,,,,,,,,,3.99,3.99025259,,,,2025-12-05T13:23:08Z,2003,2003-01-01,2003-12-31
10006828,GHED_GGHE-D_pc_US_SHA2011,COUNTRY,GNQ,AFR,Africa,YEAR,2023,,,,,,,,,75.37,75.36635162,,,,2025-12-05T13:23:08Z,2023,2023-01-01,2023-12-31
10015307,GHED_GGHE-D_pc_US_SHA2011,COUNTRY,LUX,EUR,Europe,YEAR,2008,,,,,,,,,6642.86,6642.85749913,,,,2025-12-05T13:23:08Z,2008,2008-01-01,2008-12-31
10016526,GHED_GGHE-D_pc_US_SHA2011,COUNTRY,NER,AFR,Africa,YEAR,2009,,,,,,,,,7.07,7.07152296,,,,2025-12-05T13:23:08Z,2009,2009-01-01,2009-12-31
10019836,GHED_GGHE-D_pc_US_SHA2011,COUNTRY,ZMB,AFR,Africa,YEAR,2008,,,,,,,,,21.81,21.80924526,,,,2025-12-05T13:23:08Z,2008,2008-01-01,2008-12-31
10022354,GHED_GGHE-D_pc_US_SHA2011,COUNTRY,KEN,AFR,Africa,YEAR,2018,,,,,,,,,32.45,32.45144581,,,,2025-12-05T13:23:08Z,2018,2018-01-01,2018-12-31
10024976,GHED_GGHE-D_pc_US_SHA2011,REGION,WPR,,,YEAR,2015,,,,,,,,,600.79,600.79443451,,,,2025-12-05T13:23:08Z,2015,2015-01-01,2015-12-31
10029484,GHED_GGHE-D_pc_US_SHA2011,COUNTRY,FRA,EUR,Europe,YEAR,2009,,,,,,,,,3348.50,3348.50447346,,,,2025-12-05T13:23:08Z,2009,2009-01-01,2009-12-31
10029896,GHED_GGHE-D_pc_US_SHA2011,COUNTRY,ZWE,AFR,Africa,YEAR,2016,,,,,,,,,19.31,19.31378064,,,,2025-12-05T13:23:08Z,2016,2016-01-01,2016-12-31
10041657,GHED_GGHE-D_pc_US_SHA2011,COUNTRY,LBR,AFR,Africa,YEAR,2007,,,,,,,,,2.69,2.69045403,,,,2025-12-05T13:23:08Z,2007,2007-01-01,2007-12-31
10042622,GHED_GGHE-D_pc_US_SHA2011,COUNTRY,MUS,AFR,Africa,YEAR,2009,,,,,,,,,114.28,114.2849542,,,,2025-12-05T13:23:08Z,2009,2009-01-01,2009-12-31
10047231,GHED_GGHE-D_pc_US_SHA2011,WORLDBANKINCOMEGROUP,WB_LI,,,YEAR,2017,,,,,,,,,7.28,7.28139416,,,,2025-12-05T13:23:08Z,2017,2017-01-01,2017-12-31
10049132,GHED_GGHE-D_pc_US_SHA2011,COUNTRY,CAN,AMR,Americas,YEAR,2014,,,,,,,,,3688.52,3688.52061219,,,,2025-12-05T13:23:08Z,2014,2014-01-01,2014-12-31
10050283,GHED_GGHE-D_pc_US_SHA2011,COUNTRY,CHE,EUR,Europe,YEAR,2016,,,,,,,,,3090.90,3090.89533496,,,,2025-12-05T13:23:08Z,2016,2016-01-01,2016-12-31
10054526,GHED_GGHE-D_pc_US_SHA2011,COUNTRY,UGA,AFR,Africa,YEAR,2004,,,,,,,,,5.41,5.41198156,,,,2025-12-05T13:23:08Z,2004,2004-01-01,2004-12-31
10054698,GHED_GGHE-D_pc_US_SHA2011,COUNTRY,LBN,EMR,Eastern Mediterranean,YEAR,2014,,,,,,,,,270.66,270.65764386,,,,2025-12-05T13:23:08Z,2014,2014-01-01,2014-12-31
10055866,GHED_GGHE-D_pc_US_SHA2011,COUNTRY,SYR,EMR,Eastern Mediterranean,YEAR,2003,,,,,,,,,28.60,28.59776113,,,,2025-12-05T13:23:08Z,2003,2003-01-01,2003-12-31
10055964,GHED_GGHE-D_pc_US_SHA2011,COUNTRY,MHL,WPR,Western Pacific,YEAR,2005,,,,,,,,,146.95,146.95358918,,,,2025-12-05T13:23:08Z,2005,2005-01-01,2005-12-31
10056408,GHED_GGHE-D_pc_US_SHA2011,COUNTRY,KHM,WPR,Western Pacific,YEAR,2023,,,,,,,,,30.80,30.80027069,,,,2025-12-05T13:23:08Z,2023,2023-01-01,2023-12-31
10059191,GHED_GGHE-D_pc_US_SHA2011,COUNTRY,BRN,WPR,Western Pacific,YEAR,2004,,,,,,,,,524.08,524.07903391,,,,2025-12-05T13:23:08Z,2004,2004-01-01,2004-12-31
10060199,GHED_GGHE-D_pc_US_SHA2011,COUNTRY,BRB,AMR,Americas,YEAR,2021,,,,,,,,,755.56,755.55741205,,,,2025-12-05T13:23:08Z,2021,2021-01-01,2021-12-31
10063451,GHED_GGHE-D_pc_US_SHA2011,REGION,WPR,,,YEAR,2014,,,,,,,,,664.29,664.29339081,,,,2025-12-05T13:23:08Z,2014,2014-01-01,2014-12-31
10064056,GHED_GGHE-D_pc_US_SHA2011,COUNTRY,LBR,AFR,Africa,YEAR,2015,,,,,,,,,7.99,7.99113047,,,,2025-12-05T13:23:08Z,2015,2015-01-01,2015-12-31
10064708,GHED_GGHE-D_pc_US_SHA2011,COUNTRY,IRL,EUR,Europe,YEAR,2020,,,,,,,,,4713.44,4713.44430563,,,,2025-12-05T13:23:08Z,2020,2020-01-01,2020-12-31
10065679,GHED_GGHE-D_pc_US_SHA2011,COUNTRY,BFA,AFR,Africa,YEAR,2012,,,,,,,,,7.79,7.78650848,,,,2025-12-05T13:23:08Z,2012,2012-01-01,2012-12-31
10070058,GHED_GGHE-D_pc_US_SHA2011,COUNTRY,MWI,AFR,Africa,YEAR,2018,,,,,,,,,9.01,9.00582078,,,,2025-12-05T13:23:08Z,2018,2018-01-01,2018-12-31
10073818,GHED_GGHE-D_pc_US_SHA2011,COUNTRY,AUT,EUR,Europe,YEAR,2000,,,,,,,,,1683.53,1683.5266197,,,,2025-12-05T13:23:08Z,2000,2000-01-01,2000-12-31
10074953,GHED_GGHE-D_pc_US_SHA2011,COUNTRY,MCO,EUR,Europe,YEAR,2014,,,,,,,,,7038.72,7038.72277993,,,,2025-12-05T13:23:08Z,2014,2014-01-01,2014-12-31
10078080,GHED_GGHE-D_pc_US_SHA2011,COUNTRY,FRA,EUR,Europe,YEAR,2023,,,,,,,,,3486.61,3486.60883115,,,,2025-12-05T13:23:08Z,2023,2023-01-01,2023-12-31
10078587,GHED_GGHE-D_pc_US_SHA2011,WORLDBANKINCOMEGROUP,WB_UMI,,,YEAR,2017,,,,,,,,,257.47,257.46881016,,,,2025-12-05T13:23:08Z,2017,2017-01-01,2017-12-31
10079901,GHED_GGHE-D_pc_US_SHA2011,COUNTRY,CRI,AMR,Americas,YEAR,2015,,,,,,,,,646.63,646.63156318,,,,2025-12-05T13:23:08Z,2015,2015-01-01,2015-12-31
10083908,GHED_GGHE-D_pc_US_SHA2011,COUNTRY,AND,EUR,Europe,YEAR,2008,,,,,,,,,1818.30,1818.29985315,,,,2025-12-05T13:23:08Z,2008,2008-01-01,2008-12-31
10084671,GHED_GGHE-D_pc_US_SHA2011,COUNTRY,IND,SEAR,South-East Asia,YEAR,2000,,,,,,,,,3.82,3.82144911,,,,2025-12-05T13:23:08Z,2000,2000-01-01,2000-12-31
10086792,GHED_GGHE-D_pc_US_SHA2011,COUNTRY,PHL,WPR,Western Pacific,YEAR,2022,,,,,,,,,82.44,82.44323226,,,,2025-12-05T13:23:08Z,2022,2022-01-01,2022-12-31
10096499,GHED_GGHE-D_pc_US_SHA2011,COUNTRY,CRI,AMR,Americas,YEAR,2005,,,,,,,,,200.49,200.49356824,,,,2025-12-05T13:23:08Z,2005,2005-01-01,2005-12-31
10097990,GHED_GGHE-D_pc_US_SHA2011,COUNTRY,RWA,AFR,Africa,YEAR,2023,,,,,,,,,24.76,24.76385589,,,,2025-12-05T13:23:08Z,2023,2023-01-01,2023-12-31
10101246,GHED_GGHE-D_pc_US_SHA2011,COUNTRY,MEX,AMR,Americas,YEAR,2022,,,,,,,,,337.80,337.80386083,,,,2025-12-05T13:23:08Z,2022,2022-01-01,2022-12-31
10101404,GHED_GGHE-D_pc_US_SHA2011,COUNTRY,BLZ,AMR,Americas,YEAR,2008,,,,,,,,,166.44,166.44204088,,,,2025-12-05T13:23:08Z,2008,2008-01-01,2008-12-31
10101801,GHED_GGHE-D_pc_US_SHA2011,COUNTRY,MRT,AFR,Africa,YEAR,2000,,,,,,,,,3.20,3.19820808,,,,2025-12-05T13:23:08Z,2000,2000-01-01,2000-12-31
10102077,GHED_GGHE-D_pc_US_SHA2011,COUNTRY,CHL,AMR,Americas,YEAR,2002,,,,,,,,,119.96,119.95828692,,,,2025-12-05T13:23:08Z,2002,2002-01-01,2002-12-31
10103753,GHED_GGHE-D_pc_US_SHA2011,COUNTRY,BRN,WPR,Western Pacific,YEAR,2022,,,,,,,,,597.20,597.19586786,,,,2025-12-05T13:23:08Z,2022,2022-01-01,2022-12-31
10109461,GHED_GGHE-D_pc_US_SHA2011,COUNTRY,NGA,AFR,Africa,YEAR,2015,,,,,,,,,15.28,15.28008435,,,,2025-12-05T13:23:08Z,2015,2015-01-01,2015-12-31
10110893,GHED_GGHE-D_pc_US_SHA2011,COUNTRY,LKA,SEAR,South-East Asia,YEAR,2010,,,,,,,,,42.49,42.48848769,,,,2025-12-05T13:23:08Z,2010,2010-01-01,2010-12-31
10116336,GHED_GGHE-D_pc_US_SHA2011,COUNTRY,MCO,EUR,Europe,YEAR,2011,,,,,,,,,6746.85,6746.85472624,,,,2025-12-05T13:23:08Z,2011,2011-01-01,2011-12-31
10118180,GHED_GGHE-D_pc_US_SHA2011,COUNTRY,NPL,SEAR,South-East Asia,YEAR,2014,,,,,,,,,7.22,7.2249861,,,,2025-12-05T13:23:08Z,2014,2014-01-01,2014-12-31
10121618,GHED_GGHE-D_pc_US_SHA2011,COUNTRY,LAO,WPR,Western Pacific,YEAR,2012,,,,,,,,,6.83,6.82811523,,,,2025-12-05T13:23:08Z,2012,2012-01-01,2012-12-31
10122111,GHED_GGHE-D_pc_US_SHA2011,COUNTRY,CUB,AMR,Americas,YEAR,2007,,,,,,,,,513.10,513.10006629,,,,2025-12-05T13:23:08Z,2007,2007-01-01,2007-12-31
10128725,GHED_GGHE-D_pc_US_SHA2011,COUNTRY,CIV,AFR,Africa,YEAR,2000,,,,,,,,,4.92,4.92453742,,,,2025-12-05T13:23:08Z,2000,2000-01-01,2000-12-31
10128778,GHED_GGHE-D_pc_US_SHA2011,COUNTRY,NER,AFR,Africa,YEAR,2011,,,,,,,,,6.49,6.48550236,,,,2025-12-05T13:23:08Z,2011,2011-01-01,2011-12-31
10131484,GHED_GGHE-D_pc_US_SHA2011,COUNTRY,PER,AMR,Americas,YEAR,2014,,,,,,,,,198.86,198.86282288,,,,2025-12-05T13:23:08Z,2014,2014-01-01,2014-12-31
10132230,GHED_GGHE-D_pc_US_SHA2011,COUNTRY,ARG,AMR,Americas,YEAR,2000,,,,,,,,,384.34,384.34409569,,,,2025-12-05T13:23:08Z,2000,2000-01-01,2000-12-31
10134103,GHED_GGHE-D_pc_US_SHA2011,COUNTRY,POL,EUR,Europe,YEAR,2023,,,,,,,,,1216.74,1216.74300598,,,,2025-12-05T13:23:08Z,2023,2023-01-01,2023-12-31
10136267,GHED_GGHE-D_pc_US_SHA2011,COUNTRY,BRB,AMR,Americas,YEAR,2022,,,,,,,,,586.41,586.41402098,,,,2025-12-05T13:23:08Z,2022,2022-01-01,2022-12-31
10137085,GHED_GGHE-D_pc_US_SHA2011,COUNTRY,KHM,WPR,Western Pacific,YEAR,2006,,,,,,,,,5.12,5.11985524,,,,2025-12-05T13:23:08Z,2006,2006-01-01,2006-12-31
10137461,GHED_GGHE-D_pc_US_SHA2011,COUNTRY,GMB,AFR,Africa,YEAR,2009,,,,,,,,,7.02,7.01716242,,,,2025-12-05T13:23:08Z,2009,2009-01-01,2009-12-31
10139276,GHED_GGHE-D_pc_US_SHA2011,WORLDBANKINCOMEGROUP,WB_LMI,,,YEAR,2015,,,,,,,,,51.75,51.75066393,,,,2025-12-05T13:23:08Z,2015,2015-01-01,2015-12-31
10142870,GHED_GGHE-D_pc_US_SHA2011,COUNTRY,BGR,EUR,Europe,YEAR,2023,,,,,,,,,790.08,790.08289404,,,,2025-12-05T13:23:08Z,2023,2023-01-01,2023-12-31
10144735,GHED_GGHE-D_pc_US_SHA2011,COUNTRY,NIU,WPR,Western Pacific,YEAR,2003,,,,,,,,,456.51,456.51470793,,,,2025-12-05T13:23:08Z,2003,2003-01-01,2003-12-31
10148244,GHED_GGHE-D_pc_US_SHA2011,COUNTRY,GUY,AMR,Americas,YEAR,2019,,,,,,,,,186.02,186.01511896,,,,2025-12-05T13:23:08Z,2019,2019-01-01,2019-12-31
10149793,GHED_GGHE-D_pc_US_SHA2011,COUNTRY,USA,AMR,Americas,YEAR,2004,,,,,,,,,2757.99,2757.98584982,,,,2025-12-05T13:23:08Z,2004,2004-01-01,2004-12-31
10150158,GHED_GGHE-D_pc_US_SHA2011,COUNTRY,CHE,EUR,Europe,YEAR,2010,,,,,,,,,2539.79,2539.79242602,,,,2025-12-05T13:23:08Z,2010,2010-01-01,2010-12-31
10151625,GHED_GGHE-D_pc_US_SHA2011,COUNTRY,GRD,AMR,Americas,YEAR,2015,,,,,,,,,168.23,168.23083845,,,,2025-12-05T13:23:08Z,2015,2015-01-01,2015-12-31
10163691,GHED_GGHE-D_pc_US_SHA2011,COUNTRY,KIR,WPR,Western Pacific,YEAR,2008,,,,,,,,,141.97,141.96976743,,,,2025-12-05T13:23:08Z,2008,2008-01-01,2008-12-31
10164409,GHED_GGHE-D_pc_US_SHA2011,COUNTRY,BDI,AFR,Africa,YEAR,2003,,,,,,,,,1.51,1.50947182,,,,2025-12-05T13:23:08Z,2003,2003-01-01,2003-12-31
10171277,GHED_GGHE-D_pc_US_SHA2011,COUNTRY,MDV,SEAR,South-East Asia,YEAR,2007,,,,,,,,,225.41,225.40749941,,,,2025-12-05T13:23:08Z,2007,2007-01-01,2007-12-31
10171395,GHED_GGHE-D_pc_US_SHA2011,COUNTRY,CAF,AFR,Africa,YEAR,2003,,,,,,,,,4.48,4.47814804,,,,2025-12-05T13:23:08Z,2003,2003-01-01,2003-12-31
10174961,GHED_GGHE-D_pc_US_SHA2011,COUNTRY,PSE,EMR,Eastern Mediterranean,YEAR,2015,,,,,,,,,96.38,96.37906344,,,,2025-12-05T13:23:08Z,2015,2015-01-01,2015-12-31
10175971,GHED_GGHE-D_pc_US_SHA2011,COUNTRY,UGA,AFR,Africa,YEAR,2011,,,,,,,,,7.49,7.4916689,,,,2025-12-05T13:23:08Z,2011,2011-01-01,2011-12-31
10177479,GHED_GGHE-D_pc_US_SHA2011,COUNTRY,BWA,AFR,Africa,YEAR,2017,,,,,,,,,356.39,356.39495476,,,,2025-12-05T13:23:08Z,2017,2017-01-01,2017-12-31
10178587,GHED_GGHE-D_pc_US_SHA2011,COUNTRY,BHR,EMR,Eastern Mediterranean,YEAR,2016,,,,,,,,,672.52,672.52294297,,,,2025-12-05T13:23:08Z,2016,2016-01-01,2016-12-31
10179574,GHED_GGHE-D_pc_US_SHA2011,COUNTRY,NIC,AMR,Americas,YEAR,2007,,,,,,,,,42.58,42.57839516,,,,2025-12-05T13:23:08Z,2007,2007-01-01,2007-12-31
10188853,GHED_GGHE-D_pc_US_SHA2011,COUNTRY,NIC,AMR,Americas,YEAR,2023,,,,,,,,,124.36,124.35858312,,,,2025-12-05T13:23:08Z,2023,2023-01-01,2023-12-31
10189941,GHED_GGHE-D_pc_US_SHA2011,COUNTRY,SMR,EUR,Europe,YEAR,2023,,,,,,,,,3409.86,3409.86412731,,,,2025-12-05T13:23:08Z,2023,2023-01-01,2023-12-31
10198939,GHED_GGHE-D_pc_US_SHA2011,COUNTRY,ISR,EUR,Europe,YEAR,2007,,,,,,,,,1072.46,1072.46464711,,,,2025-12-05T13:23:08Z,2007,2007-01-01,2007-12-31
10200006,GHED_GGHE-D_pc_US_SHA2011,REGION,AMR,,,YEAR,2011,,,,,,,,,503.08,503.07550657,,,,2025-12-05T13:23:08Z,2011,2011-01-01,2011-12-31
10200194,GHED_GGHE-D_pc_US_SHA2011,COUNTRY,SWE,EUR,Europe,YEAR,2012,,,,,,,,,5290.50,5290.49891304,,,,2025-12-05T13:23:08Z,2012,2012-01-01,2012-12-31
10202761,GHED_GGHE-D_pc_US_SHA2011,COUNTRY,PAN,AMR,Americas,YEAR,2008,,,,,,,,,339.57,339.5677368,,,,2025-12-05T13:23:08Z,2008,2008-01-01,2008-12-31
10204274,GHED_GGHE-D_pc_US_SHA2011,COUNTRY,SLB,WPR,Western Pacific,YEAR,2017,,,,,,,,,66.36,66.35680963,,,,2025-12-05T13:23:08Z,2017,2017-01-01,2017-12-31
10204699,GHED_GGHE-D_pc_US_SHA2011,COUNTRY,OMN,EMR,Eastern Mediterranean,YEAR,2021,,,,,,,,,746.72,746.72026641,,,,2025-12-05T13:23:08Z,2021,2021-01-01,2021-12-31
10212236,GHED_GGHE-D_pc_US_SHA2011,COUNTRY,LCA,AMR,Americas,YEAR,2008,,,,,,,,,135.67,135.6718218,,,,2025-12-05T13:23:08Z,2008,2008-01-01,2008-12-31
10217465,GHED_GGHE-D_pc_US_SHA2011,COUNTRY,IDN,WPR,Western Pacific,YEAR,2022,,,,,,,,,65.97,65.96583938,,,,2025-12-05T13:23:08Z,2022,2022-01-01,2022-12-31
10218858,GHED_GGHE-D_pc_US_SHA2011,COUNTRY,MNE,EUR,Europe,YEAR,2017,,,,,,,,,357.96,357.96154011,,,,2025-12-05T13:23:08Z,2017,2017-01-01,2017-12-31
10223762,GHED_GGHE-D_pc_US_SHA2011,COUNTRY,HRV,EUR,Europe,YEAR,2005,,,,,,,,,617.54,617.53884495,,,,2025-12-05T13:23:08Z,2005,2005-01-01,2005-12-31
10226296,GHED_GGHE-D_pc_US_SHA2011,COUNTRY,SVN,EUR,Europe,YEAR,2002,,,,,,,,,684.36,684.36320126,,,,2025-12-05T13:23:08Z,2002,2002-01-01,2002-12-31
10227884,GHED_GGHE-D_pc_US_SHA2011,COUNTRY,POL,EUR,Europe,YEAR,2005,,,,,,,,,319.11,319.11381602,,,,2025-12-05T13:23:08Z,2005,2005-01-01,2005-12-31
10228842,GHED_GGHE-D_pc_US_SHA2011,COUNTRY,POL,EUR,Europe,YEAR,2003,,,,,,,,,232.70,232.69796259,,,,2025-12-05T13:23:08Z,2003,2003-01-01,2003-12-31
10230126,GHED_GGHE-D_pc_US_SHA2011,COUNTRY,COK,WPR,Western Pacific,YEAR,2016,,,,,,,,,504.42,504.42113506,,,,2025-12-05T13:23:08Z,2016,2016-01-01,2016-12-31
10233229,GHED_GGHE-D_pc_US_SHA2011,COUNTRY,MNE,EUR,Europe,YEAR,2011,,,,,,,,,348.55,348.54932825,,,,2025-12-05T13:23:08Z,2011,2011-01-01,2011-12-31
10236226,GHED_GGHE-D_pc_US_SHA2011,WORLDBANKINCOMEGROUP,WB_LMI,,,YEAR,2006,,,,,,,,,30.19,30.18816826,,,,2025-12-05T13:23:08Z,2006,2006-01-01,2006-12-31
10242255,GHED_GGHE-D_pc_US_SHA2011,COUNTRY,CYP,EUR,Europe,YEAR,2015,,,,,,,,,660.47,660.47036216,,,,2025-12-05T13:23:08Z,2015,2015-01-01,2015-12-31
10242266,GHED_GGHE-D_pc_US_SHA2011,COUNTRY,CAN,AMR,Americas,YEAR,2005,,,,,,,,,2387.14,2387.14382587,,,,2025-12-05T13:23:08Z,2005,2005-01-01,2005-12-31
10243878,GHED_GGHE-D_pc_US_SHA2011,COUNTRY,GNQ,AFR,Africa,YEAR,2007,,,,,,,,,60.73,60.73159221,,,,2025-12-05T13:23:08Z,2007,2007-01-01,2007-12-31
10243980,GHED_GGHE-D_pc_US_SHA2011,COUNTRY,MWI,AFR,Africa,YEAR,2010,,,,,,,,,7.48,7.48150522,,,,2025-12-05T13:23:08Z,2010,2010-01-01,2010-12-31
10245663,GHED_GGHE-D_pc_US_SHA2011,COUNTRY,DEU,EUR,Europe,YEAR,2019,,,,,,,,,4240.75,4240.74903948,,,,2025-12-05T13:23:08Z,2019,2019-01-01,2019-12-31
