Id,IndicatorCode,SpatialDimension,SpatialDimensionValueCode,ParentLocationCode,ParentLocation,TimeDimension,TimeDim,DisaggregatingDimension1,DisaggregatingDimension1ValueCode,DisaggregatingDimension2,DisaggregatingDimension2ValueCode,DisaggregatingDimension3,DisaggregatingDimension3ValueCode,DataSourceDimension,DataSourceDimensionValueCode,Value,NumericValue,Low,High,Comments,Date,TimeDimensionValue,TimeDimensionBegin,TimeDimensionEnd
2271909,GHED_CHE_pc_US_SHA2011,COUNTRY,AFG,EMR,Eastern Mediterranean,YEAR,2021,,,,,,,,,81.52,81.52112579,,,,2025-12-05T13:23:08Z,2021,2021-01-01,2021-12-31
2273086,GHED_CHE_pc_US_SHA2011,COUNTRY,TCD,AFR,Africa,YEAR,2006,,,,,,,,,33.87,33.8651123,,,,2025-12-05T13:23:08Z,2006,2006-01-01,2006-12-31
2274014,GHED_CHE_pc_US_SHA2011,COUNTRY,CUB,AMR,Americas,YEAR,2010,,,,,,,,,608.58,608.5847168,,,,2025-12-05T13:23:08Z,2010,2010-01-01,2010-12-31
2278759,GHED_CHE_pc_US_SHA2011,COUNTRY,TON,WPR,Western Pacific,YEAR,2012,,,,,,,,,318.42,318.4196167,,,,2025-12-05T13:23:08Z,2012,2012-01-01,2012-12-31
2279118,GHED_CHE_pc_US_SHA2011,COUNTRY,BGD,SEAR,South-East Asia,YEAR,2015,,,,,,,,,33.21,33.20998764,,,,2025-12-05T13:23:08Z,2015,2015-01-01,2015-12-31
2279451,GHED_CHE_pc_US_SHA2011,COUNTRY,MLT,EUR,Europe,YEAR,2000,,,,,,,,,647.10,647.10150146,,,,2025-12-05T13:23:08Z,2000,2000-01-01,2000-12-31
2279999,GHED_CHE_pc_US_SHA2011,COUNTRY,BEL,EUR,Europe,YEAR,2023,,,,,,,,,5931.01,5931.01464844,,,,2025-12-05T13:23:08Z,2023,2023-01-01,2023-12-31
2282392,GHED_CHE_pc_US_SHA2011,COUNTRY,LBR,AFR,Africa,YEAR,2021,,,,,,,,,88.55,88.54867554,,,,2025-12-05T13:23:08Z,2021,2021-01-01,2021-12-31
2287984,GHED_CHE_pc_US_SHA2011,COUNTRY,TKM,EUR,Europe,YEAR,2002,,,,,,,,,128.09,128.08802795,,,,2025-12-05T13:23:08Z,2002,2002-01-01,2002-12-31
2288560,GHED_CHE_pc_US_SHA2011,WORLDBANKINCOMEGROUP,WB_UMI,,,YEAR,2000,,,,,,,,,146.61,146.60726749,,,,2025-12-05T13:23:08Z,2000,2000-01-01,2000-12-31
2288935,GHED_CHE_pc_US_SHA2011,COUNTRY,LBR,AFR,Africa,YEAR,2019,,,,,,,,,51.19,51.1932373,,,,2025-12-05T13:23:08Z,2019,2019-01-01,2019-12-31
2289578,GHED_CHE_pc_US_SHA2011,COUNTRY,PAN,AMR,Americas,YEAR,2009,,,,,,,,,550.81,550.80755615,,,,2025-12-05T13:23:08Z,2009,2009-01-01,2009-12-31
2293150,GHED_CHE_pc_US_SHA2011,COUNTRY,GAB,AFR,Africa,YEAR,2015,,,,,,,,,187.27,187.27270508,,,,2025-12-05T13:23:08Z,2015,2015-01-01,2015-12-31
2293292,GHED_CHE_pc_US_SHA2011,COUNTRY,EGY,EMR,Eastern Mediterranean,YEAR,2012,,,,,,,,,139.82,139.81625366,,,,2025-12-05T13:23:08Z,2012,2012-01-01,2012-12-31
2296998,GHED_CHE_pc_US_SHA2011,REGION,EMR,,,YEAR,2009,,,,,,,,,414.69,414.691978,,,,2025-12-05T13:23:08Z,2009,2009-01-01,2009-12-31
2297327,GHED_CHE_pc_US_SHA2011,COUNTRY,CAF,AFR,Africa,YEAR,2021,,,,,,,,,46.25,46.25038147,,,,2025-12-05T13:23:08Z,2021,2021-01-01,2021-12-31
2299685,GHED_CHE_pc_US_SHA2011,COUNTRY,VNM,WPR,Western Pacific,YEAR,2007,,,,,,,,,54.41,54.40701294,,,,2025-12-05T13:23:08Z,2007,2007-01-01,2007-12-31
2300700,GHED_CHE_pc_US_SHA2011,COUNTRY,GHA,AFR,Africa,YEAR,2020,,,,,,,,,97.38,97.37677765,,,,2025-12-05T13:23:08Z,2020,2020-01-01,2020-12-31
2300884,GHED_CHE_pc_US_SHA2011,COUNTRY,ERI,AFR,Africa,YEAR,2007,,,,,,,,,19.63,19.62666321,,,,2025-12-05T13:23:08Z,2007,2007-01-01,2007-12-31
2301295,GHED_CHE_pc_US_SHA2011,COUNTRY,LBY,EMR,Eastern Mediterranean,YEAR,2016,,,,,,,,,464.48,464.47531128,,,,2025-12-05T13:23:08Z,2016,2016-01-01,2016-12-31
2301501,GHED_CHE_pc_US_SHA2011,COUNTRY,BTN,SEAR,South-East Asia,YEAR,2007,,,,,,,,,64.72,64.72015381,,,,2025-12-05T13:23:08Z,2007,2007-01-01,2007-12-31
2303105,GHED_CHE_pc_US_SHA2011,COUNTRY,SGP,WPR,Western Pacific,YEAR,2002,,,,,,,,,749.44,749.44445801,,,,2025-12-05T13:23:08Z,2002,2002-01-01,2002-12-31
2306289,GHED_CHE_pc_US_SHA2011,COUNTRY,NRU,WPR,Western Pacific,YEAR,2014,,,,,,,,,736.00,736.00012207,,,,2025-12-05T13:23:08Z,2014,2014-01-01,2014-12-31
2306928,GHED_CHE_pc_US_SHA2011,REGION,WPR,,,YEAR,2006,,,,,,,,,750.74,750.74239826,,,,2025-12-05T13:23:08Z,2006,2006-01-01,2006-12-31
2308903,GHED_CHE_pc_US_SHA2011,COUNTRY,KIR,WPR,Western Pacific,YEAR,2015,,,,,,,,,118.33,118.3345871,,,,2025-12-05T13:23:08Z,2015,2015-01-01,2015-12-31
2311270,GHED_CHE_pc_US_SHA2011,COUNTRY,URY,AMR,Americas,YEAR,2022,,,,,,,,,1850.81,1850.80737305,,,,2025-12-05T13:23:08Z,2022,2022-01-01,2022-12-31
2312113,GHED_CHE_pc_US_SHA2011,COUNTRY,PAK,EMR,Eastern Mediterranean,YEAR,2017,,,,,,,,,42.07,42.07228851,,,,2025-12-05T13:23:08Z,2017,2017-01-01,2017-12-31
2314429,GHED_CHE_pc_US_SHA2011,COUNTRY,TJK,EUR,Europe,YEAR,2004,,,,,,,,,14.65,14.6509676,,,,2025-12-05T13:23:08Z,2004,2004-01-01,2004-12-31
2316324,GHED_CHE_pc_US_SHA2011,COUNTRY,NAM,AFR,Africa,YEAR,2016,,,,,,,,,409.78,409.78051758,,,,2025-12-05T13:23:08Z,2016,2016-01-01,2016-12-31
2318571,GHED_CHE_pc_US_SHA2011,COUNTRY,FRA,EUR,Europe,YEAR,2004,,,,,,,,,3458.63,3458.62744141,,,,2025-12-05T13:23:08Z,2004,2004-01-01,2004-12-31
2322619,GHED_CHE_pc_US_SHA2011,COUNTRY,SWZ,AFR,Africa,YEAR,2004,,,,,,,,,175.90,175.89544678,,,,2025-12-05T13:23:08Z,2004,2004-01-01,2004-12-31
2322702,GHED_CHE_pc_US_SHA2011,COUNTRY,IRQ,EMR,Eastern Mediterranean,YEAR,2017,,,,,,,,,197.24,197.23654175,,,,2025-12-05T13:23:08Z,2017,2017-01-01,2017-12-31
2325324,GHED_CHE_pc_US_SHA2011,COUNTRY,PRY,AMR,Americas,YEAR,2020,,,,,,,,,411.82,411.81765747,,,,2025-12-05T13:23:08Z,2020,2020-01-01,2020-12-31
2328966,GHED_CHE_pc_US_SHA2011,COUNTRY,BEL,EUR,Europe,YEAR,2005,,,,,,,,,3415.65,3415.64599609,,,,2025-12-05T13:23:08Z,2005,2005-01-01,2005-12-31
2329447,GHED_CHE_pc_US_SHA2011,COUNTRY,PLW,WPR,Western Pacific,YEAR,2018,,,,,,,,,1809.22,1809.22070313,,,,2025-12-05T13:23:08Z,2018,2018-01-01,2018-12-31
2329496,GHED_CHE_pc_US_SHA2011,COUNTRY,PHL,WPR,Western Pacific,YEAR,2006,,,,,,,,,53.87,53.87452698,,,,2025-12-05T13:23:08Z,2006,2006-01-01,2006-12-31
2331943,GHED_CHE_pc_US_SHA2011,COUNTRY,AGO,AFR,Africa,YEAR,2017,,,,,,,,,112.75,112.75364685,,,,2025-12-05T13:23:08Z,2017,2017-01-01,2017-12-31
2335255,GHED_CHE_pc_US_SHA2011,COUNTRY,HTI,AMR,Americas,YEAR,2005,,,,,,,,,25.26,25.25854683,,,,2025-12-05T13:23:08Z,2005,2005-01-01,2005-12-31
2341725,GHED_CHE_pc_US_SHA2011,COUNTRY,TZA,AFR,Africa,YEAR,2007,,,,,,,,,36.24,36.23610306,,,,2025-12-05T13:23:08Z,2007,2007-01-01,2007-12-31
2341844,GHED_CHE_pc_US_SHA2011,COUNTRY,WSM,WPR,Western Pacific,YEAR,2018,,,,,,,,,200.41,200.40919495,,,,2025-12-05T13:23:08Z,2018,2018-01-01,2018-12-31
2342879,GHED_CHE_pc_US_SHA2011,COUNTRY,IRQ,EMR,Eastern Mediterranean,YEAR,2010,,,,,,,,,144.54,144.54083252,,,,2025-12-05T13:23:08Z,2010,2010-01-01,2010-12-31
2344399,GHED_CHE_pc_US_SHA2011,COUNTRY,NAM,AFR,Africa,YEAR,2022,,,,,,,,,418.54,418.53683472,,,,2025-12-05T13:23:08Z,2022,2022-01-01,2022-12-31
2348775,GHED_CHE_pc_US_SHA2011,COUNTRY,NLD,EUR,Europe,YEAR,2015,,,,,,,,,4676.56,4676.56201172,,,,2025-12-05T13:23:08Z,2015,2015-01-01,2015-12-31
2352083,GHED_CHE_pc_US_SHA2011,COUNTRY,DOM,AMR,Americas,YEAR,2022,,,,,,,,,469.35,469.34915161,,,,2025-12-05T13:23:08Z,2022,2022-01-01,2022-12-31
2352356,GHED_CHE_pc_US_SHA2011,COUNTRY,PHL,WPR,Western Pacific,YEAR,2022,,,,,,,,,182.93,182.93432617,,,,2025-12-05T13:23:08Z,2022,2022-01-01,2022-12-31
2356597,GHED_CHE_pc_US_SHA2011,COUNTRY,UGA,AFR,Africa,YEAR,2022,,,,,,,,,44.47,44.47286224,,,,2025-12-05T13:23:08Z,2022,2022-01-01,2022-12-31
2358086,GHED_CHE_pc_US_SHA2011,COUNTRY,CPV,AFR,Africa,YEAR,2001,,,,,,,,,63.56,63.55782318,,,,2025-12-05T13:23:08Z,2001,2001-01-01,2001-12-31
2359614,GHED_CHE_pc_US_SHA2011,COUNTRY,RUS,EUR,Europe,YEAR,2017,,,,,,,,,577.07,577.06811523,,,,2025-12-05T13:23:08Z,2017,2017-01-01,2017-12-31
2360327,GHED_CHE_pc_US_SHA2011,COUNTRY,SYR,EMR,Eastern Mediterranean,YEAR,2020,,,,,,,,,37.03,37.03173065,,,,2025-12-05T13:23:08Z,2020,2020-01-01,2020-12-31
2360597,GHED_CHE_pc_US_SHA2011,COUNTRY,SGP,WPR,Western Pacific,YEAR,2016,,,,,,,,,2509.92,2509.92163086,,,,2025-12-05T13:23:08Z,2016,2016-01-01,2016-12-31
2361428,GHED_CHE_pc_US_SHA2011,COUNTRY,ARE,EMR,Eastern Mediterranean,YEAR,2009,,,,,,,,,1531.02,1531.02209473,,,,2025-12-05T13:23:08Z,2009,2009-01-01,2009-12-31
2363805,GHED_CHE_pc_US_SHA2011,REGION,WPR,,,YEAR,2012,,,,,,,,,955.68,955.68334348,,,,2025-12-05T13:23:08Z,2012,2012-01-01,2012-12-31
2370891,GHED_CHE_pc_US_SHA2011,COUNTRY,TZA,AFR,Africa,YEAR,2018,,,,,,,,,41.27,41.27171326,,,,2025-12-05T13:23:08Z,2018,2018-01-01,2018-12-31
2372366,GHED_CHE_pc_US_SHA2011,COUNTRY,LVA,EUR,Europe,YEAR,2008,,,,,,,,,913.52,913.52148438,,,,2025-12-05T13:23:08Z,2008,2008-01-01,2008-12-31
2373025,GHED_CHE_pc_US_SHA2011,COUNTRY,PRT,EUR,Europe,YEAR,2012,,,,,,,,,1976.91,1976.91479492,,,,2025-12-05T13:23:08Z,2012,2012-01-01,2012-12-31
2376658,GHED_CHE_pc_US_SHA2011,COUNTRY,ECU,AMR,Americas,YEAR,2009,,,,,,,,,244.58,244.5753479,,,,2025-12-05T13:23:08Z,2009,2009-01-01,2009-12-31
2379061,GHED_CHE_pc_US_SHA2011,COUNTRY,GIN,AFR,Africa,YEAR,2004,,,,,,,,,26.41,26.41420937,,,,2025-12-05T13:23:08Z,2004,2004-01-01,2004-12-31
2380555,GHED_CHE_pc_US_SHA2011,COUNTRY,PAN,AMR,Americas,YEAR,2015,,,,,,,,,982.07,982.06530762,,,,2025-12-05T13:23:08Z,2015,2015-01-01,2015-12-31
2380593,GHED_CHE_pc_US_SHA2011,COUNTRY,BOL,AMR,Americas,YEAR,2009,,,,,,,,,89.58,89.57923889,,,,2025-12-05T13:23:08Z,2009,2009-01-01,2009-12-31
2384262,GHED_CHE_pc_US_SHA2011,COUNTRY,SMR,EUR,Europe,YEAR,2001,,,,,,,,,2202.08,2202.07763672,,,,2025-12-05T13:23:08Z,2001,2001-01-01,2001-12-31
2387638,GHED_CHE_pc_US_SHA2011,COUNTRY,SDN,EMR,Eastern Mediterranean,YEAR,2023,,,,,,,,,21.08,21.0830822,,,,2025-12-05T13:23:08Z,2023,2023-01-01,2023-12-31
2389760,GHED_CHE_pc_US_SHA2011,COUNTRY,UZB,EUR,Europe,YEAR,2002,,,,,,,,,24.51,24.50708961,,,,2025-12-05T13:23:08Z,2002,2002-01-01,2002-12-31
2390726,GHED_CHE_pc_US_SHA2011,COUNTRY,COG,AFR,Africa,YEAR,2005,,,,,,,,,30.90,30.90304375,,,,2025-12-05T13:23:08Z,2005,2005-01-01,2005-12-31
2391918,GHED_CHE_pc_US_SHA2011,COUNTRY,VCT,AMR,Americas,YEAR,2016,,,,,,,,,313.66,313.66229248,,,,2025-12-05T13:23:08Z,2016,2016-01-01,2016-12-31
2393012,GHED_CHE_pc_US_SHA2011,COUNTRY,BRA,AMR,Americas,YEAR,2008,,,,,,,,,713.67,713.67193604,,,,2025-12-05T13:23:08Z,2008,2008-01-01,2008-12-31
2393603,GHED_CHE_pc_US_SHA2011,COUNTRY,UGA,AFR,Africa,YEAR,2019,,,,,,,,,33.37,33.36559677,,,,2025-12-05T13:23:08Z,2019,2019-01-01,2019-12-31
2394904,GHED_CHE_pc_US_SHA2011,COUNTRY,IND,SEAR,South-East Asia,YEAR,2001,,,,,,,,,19.74,19.74444199,,,,2025-12-05T13:23:08Z,2001,2001-01-01,2001-12-31
2396431,GHED_CHE_pc_US_SHA2011,COUNTRY,CAN,AMR,Americas,YEAR,2019,,,,,,,,,5098.89,5098.88720703,,,,2025-12-05T13:23:08Z,2019,2019-01-01,2019-12-31
2397401,GHED_CHE_pc_US_SHA2011,COUNTRY,HTI,AMR,Americas,YEAR,2012,,,,,,,,,75.09,75.08546448,,,,2025-12-05T13:23:08Z,2012,2012-01-01,2012-12-31
2400268,GHED_CHE_pc_US_SHA2011,COUNTRY,LAO,WPR,Western Pacific,YEAR,2007,,,,,,,,,24.57,24.56666374,,,,2025-12-05T13:23:08Z,2007,2007-01-01,2007-12-31
2403459,GHED_CHE_pc_US_SHA2011,COUNTRY,COM,AFR,Africa,YEAR,2004,,,,,,,,,70.62,70.61806488,,,,2025-12-05T13:23:08Z,2004,2004-01-01,2004-12-31
2404211,GHED_CHE_pc_US_SHA2011,COUNTRY,PRT,EUR,Europe,YEAR,2007,,,,,,,,,2112.53,2112.52880859,,,,2025-12-05T13:23:08Z,2007,2007-01-01,2007-12-31
2404238,GHED_CHE_pc_US_SHA2011,COUNTRY,MCO,EUR,Europe,YEAR,2000,,,,,,,,,2975.82,2975.82250977,,,,2025-12-05T13:23:08Z,2000,2000-01-01,2000-12-31
2410632,GHED_CHE_pc_US_SHA2011,COUNTRY,AZE,EUR,Europe,YEAR,2003,,,,,,,,,23.62,23.62244987,,,,2025-12-05T13:23:08Z,2003,2003-01-01,2003-12-31
2411694,GHED_CHE_pc_US_SHA2011,COUNTRY,VCT,AMR,Americas,YEAR,2009,,,,,,,,,264.62,264.6159668,,,,2025-12-05T13:23:08Z,2009,2009-01-01,2009-12-31
2413647,GHED_CHE_pc_US_SHA2011,COUNTRY,BEL,EUR,Europe,YEAR,2001,,,,,,,,,1879.93,1879.93457031,,,,2025-12-05T13:23:08Z,2001,2001-01-01,2001-12-31
2414716,GHED_CHE_pc_US_SHA2011,COUNTRY,VUT,WPR,Western Pacific,YEAR,2021,,,,,,,,,142.57,142.56698608,,,,2025-12-05T13:23:08Z,2021,2021-01-01,2021-12-31
2415555,GHED_CHE_pc_US_SHA2011,COUNTRY,TKM,EUR,Europe,YEAR,2004,,,,,,,,,302.86,302.85839844,,,,2025-12-05T13:23:08Z,2004,2004-01-01,2004-12-31
2417098,GHED_CHE_pc_US_SHA2011,COUNTRY,ZMB,AFR,Africa,YEAR,2013,,,,,,,,,83.29,83.29361725,,,,2025-12-05T13:23:08Z,2013,2013-01-01,2013-12-31
2421126,GHED_CHE_pc_US_SHA2011,COUNTRY,BRB,AMR,Americas,YEAR,2002,,,,,,,,,689.31,689.30773926,,,,2025-12-05T13:23:08Z,2002,2002-01-01,2002-12-31
2421350,GHED_CHE_pc_US_SHA2011,COUNTRY,COM,AFR,Africa,YEAR,2000,,,,,,,,,47.59,47.59479904,,,,2025-12-05T13:23:08Z,2000,2000-01-01,2000-12-31
2430964,GHED_CHE_pc_US_SHA2011,COUNTRY,HND,AMR,Americas,YEAR,2022,,,,,,,,,244.90,244.90408325,,,,2025-12-05T13:23:08Z,2022,2022-01-01,2022-12-31
2431927,GHED_CHE_pc_US_SHA2011,COUNTRY,LBY,EMR,Eastern Mediterranean,YEAR,2021,,,,,,,,,298.84,298.84338379,,,,2025-12-05T13:23:08Z,2021,2021-01-01,2021-12-31
2432147,GHED_CHE_pc_US_SHA2011,COUNTRY,GRD,AMR,Americas,YEAR,2014,,,,,,,,,381.23,381.22598267,,,,2025-12-05T13:23:08Z,2014,2014-01-01,2014-12-31
2433399,GHED_CHE_pc_US_SHA2011,COUNTRY,CHN,WPR,Western Pacific,YEAR,2020,,,,,,,,,582.95,582.95092773,,,,2025-12-05T13:23:08Z,2020,2020-01-01,2020-12-31
2434556,GHED_CHE_pc_US_SHA2011,REGION,AMR,,,YEAR,2004,,,,,,,,,532.23,532.22637502,,,,2025-12-05T13:23:08Z,2004,2004-01-01,2004-12-31
2435045,GHED_CHE_pc_US_SHA2011,COUNTRY,TKM,EUR,Europe,YEAR,2014,,,,,,,,,393.87,393.86843872,,,,2025-12-05T13:23:08Z,2014,2014-01-01,2014-12-31
2435150,GHED_CHE_pc_US_SHA2011,COUNTRY,BHS,AMR,Americas,YEAR,2017,,,,,,,,,2069.45,2069.44555664,,,,2025-12-05T13:23:08Z,2017,2017-01-01,2017-12-31
2436505,GHED_CHE_pc_US_SHA2011,COUNTRY,NER,AFR,Africa,YEAR,2023,,,,,,,,,26.01,26.01301575,,,,2025-12-05T13:23:08Z,2023,2023-01-01,2023-12-31
2437632,GHED_CHE_pc_US_SHA2011,COUNTRY,MWI,AFR,Africa,YEAR,2013,,,,,,,,,39.54,39.54008484,,,,2025-12-05T13:23:08Z,2013,2013-01-01,2013-12-31
2439553,GHED_CHE_pc_US_SHA2011,COUNTRY,KWT,EMR,Eastern Mediterranean,YEAR,2001,,,,,,,,,553.75,553.75134277,,,,2025-12-05T13:23:08Z,2001,2001-01-01,2001-12-31
2439833,GHED_CHE_pc_US_SHA2011,COUNTRY,THA,SEAR,South-East Asia,YEAR,2019,,,,,,,,,288.31,288.31097412,,,,2025-12-05T13:23:08Z,2019,2019-01-01,2019-12-31
2440288,GHED_CHE_pc_US_SHA2011,COUNTRY,DZA,AFR,Africa,YEAR,2017,,,,,,,,,270.93,270.93231201,,,,2025-12-05T13:23:08Z,2017,2017-01-01,2017-12-31
2440786,GHED_CHE_pc_US_SHA2011,WORLDBANKINCOMEGROUP,WB_LI,,,YEAR,2014,,,,,,,,,44.62,44.62060265,,,,2025-12-05T13:23:08Z,2014,2014-01-01,2014-12-31
2444123,GHED_CHE_pc_US_SHA2011,COUNTRY,ZAF,AFR,Africa,YEAR,2008,,,,,,,,,442.11,442.10626221,,,,2025-12-05T13:23:08Z,2008,2008-01-01,2008-12-31
2445145,GHED_CHE_pc_US_SHA2011,COUNTRY,COD,AFR,Africa,YEAR,2017,,,,,,,,,18.15,18.14648819,,,,2025-12-05T13:23:08Z,2017,2017-01-01,2017-12-31
2446099,GHED_CHE_pc_US_SHA2011,COUNTRY,VCT,AMR,Americas,YEAR,2007,,,,,,,,,244.33,244.32910156,,,,2025-12-05T13:23:08Z,2007,2007-01-01,2007-12-31
2448101,GHED_CHE_pc_US_SHA2011,WORLDBANKINCOMEGROUP,WB_HI,,,YEAR,2001,,,,,,,,,1178.91,1178.91318166,,,,2025-12-05T13:23:08Z,2001,2001-01-01,2001-12-31
2451499,GHED_CHE_pc_US_SHA2011,COUNTRY,GEO,EUR,Europe,YEAR,2012,,,,,,,,,349.90,349.90432739,,,,2025-12-05T13:23:08Z,2012,2012-01-01,2012-12-31
2451829,GHED_CHE_pc_US_SHA2011,COUNTRY,HRV,EUR,Europe,YEAR,2018,,,,,,,,,1045.15,1045.14904785,,,,2025-12-05T13:23:08Z,2018,2018-01-01,2018-12-31
2454140,GHED_CHE_pc_US_SHA2011,REGION,AMR,,,YEAR,2023,,,,,,,,,1309.97,1309.96635605,,,,2025-12-05T13:23:08Z,2023,2023-01-01,2023-12-31
2455481,GHED_CHE_pc_US_SHA2011,COUNTRY,SLB,WPR,Western Pacific,YEAR,2008,,,,,,,,,75.67,75.66864014,,,,2025-12-05T13:23:08Z,2008,2008-01-01,2008-12-31
2456577,GHED_CHE_pc_US_SHA2011,COUNTRY,SEN,AFR,Africa,YEAR,2023,,,,,,,,,73.23,73.22670746,,,,2026-01-12T13:50:53Z,2023,2023-01-01,2023-12-31
2457165,GHED_CHE_pc_US_SHA2011,COUNTRY,SYC,AFR,Africa,YEAR,2021,,,,,,,,,629.86,629.85974121,,,,2025-12-05T13:23:08Z,2021,2021-01-01,2021-12-31
2457190,GHED_CHE_pc_US_SHA2011,COUNTRY,BIH,EUR,Europe,YEAR,2013,,,,,,,,,475.07,475.07409668,,,,2025-12-05T13:23:08Z,2013,2013-01-01,2013-12-31
2462416,GHED_CHE_pc_US_SHA2011,COUNTRY,IRL,EUR,Europe,YEAR,2016,,,,,,,,,4746.94,4746.93701172,,,,2025-12-05T13:23:08Z,2016,2016-01-01,2016-12-31
2467942,GHED_CHE_pc_US_SHA2011,COUNTRY,LCA,AMR,Americas,YEAR,2018,,,,,,,,,497.49,497.48629761,,,,2025-12-05T13:23:08Z,2018,2018-01-01,2018-12-31
2468507,GHED_CHE_pc_US_SHA2011,COUNTRY,MAR,EMR,Eastern Mediterranean,YEAR,2006,,,,,,,,,110.22,110.22368622,,,,2025-12-05T13:23:08Z,2006,2006-01-01,2006-12-31
2470214,GHED_CHE_pc_US_SHA2011,COUNTRY,EST,EUR,Europe,YEAR,2001,,,,,,,,,214.70,214.70417786,,,,2025-12-05T13:23:08Z,2001,2001-01-01,2001-12-31
2478358,GHED_CHE_pc_US_SHA2011,COUNTRY,CAF,AFR,Africa,YEAR,2005,,,,,,,,,13.94,13.93517494,,,,2025-12-05T13:23:08Z,2005,2005-01-01,2005-12-31
2480244,GHED_CHE_pc_US_SHA2011,COUNTRY,SMR,EUR,Europe,YEAR,2019,,,,,,,,,3801.21,3801.21044922,,,,2025-12-05T13:23:08Z,2019,2019-01-01,2019-12-31
2482912,GHED_CHE_pc_US_SHA2011,COUNTRY,PER,AMR,Americas,YEAR,2012,,,,,,,,,309.31,309.31439209,,,,2025-12-05T13:23:08Z,2012,2012-01-01,2012-12-31
2486581,GHED_CHE_pc_US_SHA2011,COUNTRY,MEX,AMR,Americas,YEAR,2006,,,,,,,,,514.30,514.29864502,,,,2025-12-05T13:23:08Z,2006,2006-01-01,2006-12-31
2487871,GHED_CHE_pc_US_SHA2011,COUNTRY,GHA,AFR,Africa,YEAR,2010,,,,,,,,,80.68,80.6833725,,,,2025-12-05T13:23:08Z,2010,2010-01-01,2010-12-31
2496119,GHED_CHE_pc_US_SHA2011,COUNTRY,MLI,AFR,Africa,YEAR,2000,,,,,,,,,14.00,14.00473022,,,,2025-12-05T13:23:08Z,2000,2000-01-01,2000-12-31
2496238,GHED_CHE_pc_US_SHA2011,COUNTRY,GRC,EUR,Europe,YEAR,2006,,,,,,,,,2052.88,2052.87548828,,,,2025-12-05T13:23:08Z,2006,2006-01-01,2006-12-31
2496417,GHED_CHE_pc_US_SHA2011,COUNTRY,CAF,AFR,Africa,YEAR,2022,,,,,,,,,47.92,47.91523361,,,,2025-12-05T13:23:08Z,2022,2022-01-01,2022-12-31
2502692,GHED_CHE_pc_US_SHA2011,COUNTRY,PNG,WPR,Western Pacific,YEAR,2001,,,,,,,,,18.20,18.19814301,,,,2025-12-05T13:23:08Z,2001,2001-01-01,2001-12-31
2503203,GHED_CHE_pc_US_SHA2011,COUNTRY,PRT,EUR,Europe,YEAR,2013,,,,,,,,,2027.42,2027.42089844,,,,2025-12-05T13:23:08Z,2013,2013-01-01,2013-12-31
2506448,GHED_CHE_pc_US_SHA2011,COUNTRY,HND,AMR,Americas,YEAR,2017,,,,,,,,,169.07,169.07194519,,,,2025-12-05T13:23:08Z,2017,2017-01-01,2017-12-31
2507261,GHED_CHE_pc_US_SHA2011,COUNTRY,FJI,WPR,Western Pacific,YEAR,2013,,,,,,,,,158.52,158.51806641,,,,2025-12-05T13:23:08Z,2013,2013-01-01,2013-12-31
2509832,GHED_CHE_pc_US_SHA2011,COUNTRY,GEO,EUR,Europe,YEAR,2001,,,,,,,,,56.37,56.36803818,,,,2025-12-05T13:23:08Z,2001,2001-01-01,2001-12-31
2510161,GHED_CHE_pc_US_SHA2011,COUNTRY,TTO,AMR,Americas,YEAR,2020,,,,,,,,,1059.73,1059.72583008,,,,2025-12-05T13:23:08Z,2020,2020-01-01,2020-12-31
2510647,GHED_CHE_pc_US_SHA2011,COUNTRY,TZA,AFR,Africa,YEAR,2004,,,,,,,,,23.45,23.4493866,,,,2025-12-05T13:23:08Z,2004,2004-01-01,2004-12-31
2511819,GHED_CHE_pc_US_SHA2011,COUNTRY,IRN,EMR,Eastern Mediterranean,YEAR,2021,,,,,,,,,196.67,196.66934204,,,,2025-12-05T13:23:08Z,2021,2021-01-01,2021-12-31
2517375,GHED_CHE_pc_US_SHA2011,COUNTRY,TUR,EUR,Europe,YEAR,2020,,,,,,,,,386.26,386.2593689,,,,2025-12-05T13:23:08Z,2020,2020-01-01,2020-12-31
2522966,GHED_CHE_pc_US_SHA2011,COUNTRY,QAT,EMR,Eastern Mediterranean,YEAR,2007,,,,,,,,,1301.50,1301.49682617,,,,2025-12-05T13:23:08Z,2007,2007-01-01,2007-12-31
2525513,GHED_CHE_pc_US_SHA2011,REGION,SEAR,,,YEAR,2016,,,,,,,,,198.79,198.78531562,,,,2025-12-05T13:23:08Z,2016,2016-01-01,2016-12-31
2528365,GHED_CHE_pc_US_SHA2011,COUNTRY,LUX,EUR,Europe,YEAR,2003,,,,,,,,,4607.40,4607.40283203,,,,2025-12-05T13:23:08Z,2003,2003-01-01,2003-12-31
2528824,GHED_CHE_pc_US_SHA2011,COUNTRY,MOZ,AFR,Africa,YEAR,2002,,,,,,,,,10.00,10.00207806,,,,2025-12-05T13:23:08Z,2002,2002-01-01,2002-12-31
2529726,GHED_CHE_pc_US_SHA2011,COUNTRY,ZMB,AFR,Africa,YEAR,2007,,,,,,,,,51.02,51.02414322,,,,2025-12-05T13:23:08Z,2007,2007-01-01,2007-12-31
2530879,GHED_CHE_pc_US_SHA2011,COUNTRY,PAN,AMR,Americas,YEAR,2016,,,,,,,,,1056.68,1056.68481445,,,,2025-12-05T13:23:08Z,2016,2016-01-01,2016-12-31
2530942,GHED_CHE_pc_US_SHA2011,COUNTRY,PAK,EMR,Eastern Mediterranean,YEAR,2019,,,,,,,,,36.01,36.01374817,,,,2025-12-05T13:23:08Z,2019,2019-01-01,2019-12-31
2535686,GHED_CHE_pc_US_SHA2011,COUNTRY,BRA,AMR,Americas,YEAR,2023,,,,,,,,,1009.84,1009.83563232,,,,2025-12-05T13:23:08Z,2023,2023-01-01,2023-12-31
2537007,GHED_CHE_pc_US_SHA2011,COUNTRY,NAM,AFR,Africa,YEAR,2005,,,,,,,,,402.20,402.20068359,,,,2025-12-05T13:23:08Z,2005,2005-01-01,2005-12-31
2540874,GHED_CHE_pc_US_SHA2011,COUNTRY,CRI,AMR,Americas,YEAR,2009,,,,,,,,,537.06,537.06317139,,,,2025-12-05T13:23:08Z,2009,2009-01-01,2009-12-31
2543074,GHED_CHE_pc_US_SHA2011,COUNTRY,ARG,AMR,Americas,YEAR,2009,,,,,,,,,787.78,787.78051758,,,,2025-12-05T13:23:08Z,2009,2009-01-01,2009-12-31
2544452,GHED_CHE_pc_US_SHA2011,COUNTRY,BLZ,AMR,Americas,YEAR,2017,,,,,,,,,280.72,280.71743774,,,,2025-12-05T13:23:08Z,2017,2017-01-01,2017-12-31
2545424,GHED_CHE_pc_US_SHA2011,COUNTRY,FJI,WPR,Western Pacific,YEAR,2019,,,,,,,,,254.83,254.83047485,,,,2025-12-05T13:23:08Z,2019,2019-01-01,2019-12-31
2546460,GHED_CHE_pc_US_SHA2011,COUNTRY,AND,EUR,Europe,YEAR,2002,,,,,,,,,1590.69,1590.68554688,,,,2025-12-05T13:23:08Z,2002,2002-01-01,2002-12-31
2546462,GHED_CHE_pc_US_SHA2011,COUNTRY,MOZ,AFR,Africa,YEAR,2019,,,,,,,,,41.02,41.01906586,,,,2025-12-05T13:23:08Z,2019,2019-01-01,2019-12-31
2550921,GHED_CHE_pc_US_SHA2011,COUNTRY,EGY,EMR,Eastern Mediterranean,YEAR,2008,,,,,,,,,90.16,90.15769958,,,,2025-12-05T13:23:08Z,2008,2008-01-01,2008-12-31
2552078,GHED_CHE_pc_US_SHA2011,COUNTRY,BOL,AMR,Americas,YEAR,2017,,,,,,,,,214.59,214.58572388,,,,2025-12-05T13:23:08Z,2017,2017-01-01,2017-12-31
2553436,GHED_CHE_pc_US_SHA2011,COUNTRY,HRV,EUR,Europe,YEAR,2005,,,,,,,,,726.61,726.6114502,,,,2025-12-05T13:23:08Z,2005,2005-01-01,2005-12-31
2571474,GHED_CHE_pc_US_SHA2011,COUNTRY,BEL,EUR,Europe,YEAR,2014,,,,,,,,,5110.17,5110.17333984,,,,2025-12-05T13:23:08Z,2014,2014-01-01,2014-12-31
2573021,GHED_CHE_pc_US_SHA2011,COUNTRY,FSM,WPR,Western Pacific,YEAR,2023,,,,,,,,,507.78,507.7762146,,,,2025-12-05T13:23:08Z,2023,2023-01-01,2023-12-31
2577716,GHED_CHE_pc_US_SHA2011,COUNTRY,MLI,AFR,Africa,YEAR,2001,,,,,,,,,13.16,13.15901566,,,,2025-12-05T13:23:08Z,2001,2001-01-01,2001-12-31
2580887,GHED_CHE_pc_US_SHA2011,COUNTRY,TUR,EUR,Europe,YEAR,2005,,,,,,,,,357.40,357.40197754,,,,2025-12-05T13:23:08Z,2005,2005-01-01,2005-12-31
2581975,GHED_CHE_pc_US_SHA2011,COUNTRY,RWA,AFR,Africa,YEAR,2000,,,,,,,,,9.00,9.00399399,,,,2025-12-05T13:23:08Z,2000,2000-01-01,2000-12-31
2582937,GHED_CHE_pc_US_SHA2011,COUNTRY,PSE,EMR,Eastern Mediterranean,YEAR,2003,,,,,,,,,111.62,111.62216187,,,,2025-12-05T13:23:08Z,2003,2003-01-01,2003-12-31
2584588,GHED_CHE_pc_US_SHA2011,COUNTRY,CZE,EUR,Europe,YEAR,2021,,,,,,,,,2538.03,2538.03344727,,,,2025-12-05T13:23:08Z,2021,2021-01-01,2021-12-31
2584741,GHED_CHE_pc_US_SHA2011,COUNTRY,GIN,AFR,Africa,YEAR,2010,,,,,,,,,22.60,22.59741783,,,,2025-12-05T13:23:08Z,2010,2010-01-01,2010-12-31
2584845,GHED_CHE_pc_US_SHA2011,COUNTRY,CMR,AFR,Africa,YEAR,2018,,,,,,,,,58.33,58.32909393,,,,2025-12-05T13:23:08Z,2018,2018-01-01,2018-12-31
2591092,GHED_CHE_pc_US_SHA2011,COUNTRY,CAF,AFR,Africa,YEAR,2010,,,,,,,,,17.01,17.01008034,,,,2025-12-05T13:23:08Z,2010,2010-01-01,2010-12-31
2591962,GHED_CHE_pc_US_SHA2011,COUNTRY,GIN,AFR,Africa,YEAR,2008,,,,,,,,,22.97,22.97397041,,,,2025-12-05T13:23:08Z,2008,2008-01-01,2008-12-31
2595427,GHED_CHE_pc_US_SHA2011,COUNTRY,SVK,EUR,Europe,YEAR,2004,,,,,,,,,511.53,511.52990723,,,,2025-12-05T13:23:08Z,2004,2004-01-01,2004-12-31
2596690,GHED_CHE_pc_US_SHA2011,COUNTRY,BRN,WPR,Western Pacific,YEAR,2016,,,,,,,,,679.47,679.46929932,,,,2025-12-05T13:23:08Z,2016,2016-01-01,2016-12-31
2599336,GHED_CHE_pc_US_SHA2011,COUNTRY,IRL,EUR,Europe,YEAR,2020,,,,,,,,,6073.11,6073.10546875,,,,2025-12-05T13:23:08Z,2020,2020-01-01,2020-12-31
2602188,GHED_CHE_pc_US_SHA2011,COUNTRY,SEN,AFR,Africa,YEAR,2012,,,,,,,,,56.61,56.61458969,,,,2025-12-05T13:23:08Z,2012,2012-01-01,2012-12-31
2603350,GHED_CHE_pc_US_SHA2011,COUNTRY,QAT,EMR,Eastern Mediterranean,YEAR,2020,,,,,,,,,1967.15,1967.15197754,,,,2025-12-05T13:23:08Z,2020,2020-01-01,2020-12-31
2605318,GHED_CHE_pc_US_SHA2011,COUNTRY,STP,AFR,Africa,YEAR,2002,,,,,,,,,50.61,50.61143494,,,,2025-12-05T13:23:08Z,2002,2002-01-01,2002-12-31
2611411,GHED_CHE_pc_US_SHA2011,COUNTRY,AGO,AFR,Africa,YEAR,2019,,,,,,,,,64.45,64.4466095,,,,2025-12-05T13:23:08Z,2019,2019-01-01,2019-12-31
2613913,GHED_CHE_pc_US_SHA2011,COUNTRY,GUY,AMR,Americas,YEAR,2000,,,,,,,,,62.38,62.37635422,,,,2025-12-05T13:23:08Z,2000,2000-01-01,2000-12-31
2616020,GHED_CHE_pc_US_SHA2011,COUNTRY,ITA,EUR,Europe,YEAR,2016,,,,,,,,,2735.28,2735.27783203,,,,2025-12-05T13:23:08Z,2016,2016-01-01,2016-12-31
2616446,GHED_CHE_pc_US_SHA2011,COUNTRY,BGD,SEAR,South-East Asia,YEAR,2017,,,,,,,,,42.18,42.17510986,,,,2025-12-05T13:23:08Z,2017,2017-01-01,2017-12-31
2617467,GHED_CHE_pc_US_SHA2011,COUNTRY,MDA,EUR,Europe,YEAR,2003,,,,,,,,,38.44,38.43836975,,,,2025-12-05T13:23:08Z,2003,2003-01-01,2003-12-31
2617666,GHED_CHE_pc_US_SHA2011,COUNTRY,SUR,AMR,Americas,YEAR,2001,,,,,,,,,91.74,91.73781586,,,,2025-12-05T13:23:08Z,2001,2001-01-01,2001-12-31
2618180,GHED_CHE_pc_US_SHA2011,COUNTRY,HND,AMR,Americas,YEAR,2015,,,,,,,,,169.97,169.97198486,,,,2025-12-05T13:23:08Z,2015,2015-01-01,2015-12-31
2620357,GHED_CHE_pc_US_SHA2011,COUNTRY,AUT,EUR,Europe,YEAR,2000,,,,,,,,,2301.89,2301.89208984,,,,2025-12-05T13:23:08Z,2000,2000-01-01,2000-12-31
2624747,GHED_CHE_pc_US_SHA2011,COUNTRY,IRL,EUR,Europe,YEAR,2003,,,,,,,,,2910.93,2910.93212891,,,,2025-12-05T13:23:08Z,2003,2003-01-01,2003-12-31
2624846,GHED_CHE_pc_US_SHA2011,COUNTRY,IRQ,EMR,Eastern Mediterranean,YEAR,2003,,,,,,,,,26.98,26.98275757,,,,2025-12-05T13:23:08Z,2003,2003-01-01,2003-12-31
2626693,GHED_CHE_pc_US_SHA2011,COUNTRY,BEN,AFR,Africa,YEAR,2001,,,,,,,,,16.27,16.26979828,,,,2025-12-05T13:23:08Z,2001,2001-01-01,2001-12-31
2628138,GHED_CHE_pc_US_SHA2011,COUNTRY,BLZ,AMR,Americas,YEAR,2014,,,,,,,,,298.52,298.51965332,,,,2025-12-05T13:23:08Z,2014,2014-01-01,2014-12-31
2629671,GHED_CHE_pc_US_SHA2011,COUNTRY,AUT,EUR,Europe,YEAR,2021,,,,,,,,,6554.14,6554.14257813,,,,2025-12-05T13:23:08Z,2021,2021-01-01,2021-12-31
2633067,GHED_CHE_pc_US_SHA2011,COUNTRY,MWI,AFR,Africa,YEAR,2019,,,,,,,,,36.92,36.91519165,,,,2025-12-05T13:23:08Z,2019,2019-01-01,2019-12-31
2633420,GHED_CHE_pc_US_SHA2011,COUNTRY,CHL,AMR,Americas,YEAR,2013,,,,,,,,,1171.77,1171.77038574,,,,2025-12-05T13:23:08Z,2013,2013-01-01,2013-12-31
2633819,GHED_CHE_pc_US_SHA2011,COUNTRY,TON,WPR,Western Pacific,YEAR,2015,,,,,,,,,181.91,181.91452026,,,,2025-12-05T13:23:08Z,2015,2015-01-01,2015-12-31
2634571,GHED_CHE_pc_US_SHA2011,COUNTRY,SAU,EMR,Eastern Mediterranean,YEAR,2017,,,,,,,,,1400.90,1400.90356445,,,,2025-12-05T13:23:08Z,2017,2017-01-01,2017-12-31
2637001,GHED_CHE_pc_US_SHA2011,COUNTRY,RUS,EUR,Europe,YEAR,2004,,,,,,,,,207.61,207.61283875,,,,2025-12-05T13:23:08Z,2004,2004-01-01,2004-12-31
2639950,GHED_CHE_pc_US_SHA2011,GLOBAL,GLOBAL,,,YEAR,2017,,,,,,,,,1129.04,1129.04379547,,,,2025-12-05T13:23:08Z,2017,2017-01-01,2017-12-31
2641487,GHED_CHE_pc_US_SHA2011,COUNTRY,YEM,EMR,Eastern Mediterranean,YEAR,2018,,,,,,,,,143.69,143.68727112,,,,2025-12-05T13:23:08Z,2018,2018-01-01,2018-12-31
2644790,GHED_CHE_pc_US_SHA2011,REGION,AFR,,,YEAR,2008,,,,,,,,,99.82,99.81845038,,,,2025-12-05T13:23:08Z,2008,2008-01-01,2008-12-31
2649542,GHED_CHE_pc_US_SHA2011,COUNTRY,JPN,WPR,Western Pacific,YEAR,2022,,,,,,,,,4201.79,4201.79248047,,,,2025-12-05T13:23:08Z,2022,2022-01-01,2022-12-31
2650723,GHED_CHE_pc_US_SHA2011,COUNTRY,DMA,AMR,Americas,YEAR,2021,,,,,,,,,521.41,521.41455078,,,,2025-12-05T13:23:08Z,2021,2021-01-01,2021-12-31
2652139,GHED_CHE_pc_US_SHA2011,COUNTRY,BLZ,AMR,Americas,YEAR,2020,,,,,,,,,279.10,279.10131836,,,,2025-12-05T13:23:08Z,2020,2020-01-01,2020-12-31
2654377,GHED_CHE_pc_US_SHA2011,COUNTRY,SVN,EUR,Europe,YEAR,2000,,,,,,,,,796.65,796.64703369,,,,2025-12-05T13:23:08Z,2000,2000-01-01,2000-12-31
2656028,GHED_CHE_pc_US_SHA2011,COUNTRY,SMR,EUR,Europe,YEAR,2011,,,,,,,,,4550.35,4550.35058594,,,,2025-12-05T13:23:08Z,2011,2011-01-01,2011-12-31
2660288,GHED_CHE_pc_US_SHA2011,REGION,SEAR,,,YEAR,2006,,,,,,,,,79.58,79.57751963,,,,2025-12-05T13:23:08Z,2006,2006-01-01,2006-12-31
2661444,GHED_CHE_pc_US_SHA2011,COUNTRY,BIH,EUR,Europe,YEAR,2010,,,,,,,,,406.13,406.13046265,,,,2025-12-05T13:23:08Z,2010,2010-01-01,2010-12-31
2662007,GHED_CHE_pc_US_SHA2011,COUNTRY,TUV,WPR,Western Pacific,YEAR,2007,,,,,,,,,292.23,292.23049927,,,,2025-12-05T13:23:08Z,2007,2007-01-01,2007-12-31
2665562,GHED_CHE_pc_US_SHA2011,COUNTRY,NPL,SEAR,South-East Asia,YEAR,2023,,,,,,,,,83.96,83.96018982,,,,2025-12-05T13:23:08Z,2023,2023-01-01,2023-12-31
2668475,GHED_CHE_pc_US_SHA2011,COUNTRY,RUS,EUR,Europe,YEAR,2018,,,,,,,,,606.11,606.11401367,,,,2025-12-05T13:23:08Z,2018,2018-01-01,2018-12-31
2668809,GHED_CHE_pc_US_SHA2011,COUNTRY,MHL,WPR,Western Pacific,YEAR,2019,,,,,,,,,793.67,793.66851807,,,,2025-12-05T13:23:08Z,2019,2019-01-01,2019-12-31
2673303,GHED_CHE_pc_US_SHA2011,WORLDBANKINCOMEGROUP,WB_HI,,,YEAR,2012,,,,,,,,,2731.19,2731.19236064,,,,2025-12-05T13:23:08Z,2012,2012-01-01,2012-12-31
2674036,GHED_CHE_pc_US_SHA2011,COUNTRY,NZL,WPR,Western Pacific,YEAR,2017,,,,,,,,,3702.10,3702.09985352,,,,2025-12-05T13:23:08Z,2017,2017-01-01,2017-12-31
2674280,GHED_CHE_pc_US_SHA2011,COUNTRY,BLZ,AMR,Americas,YEAR,2015,,,,,,,,,286.79,286.78604126,,,,2025-12-05T13:23:08Z,2015,2015-01-01,2015-12-31
2676721,GHED_CHE_pc_US_SHA2011,COUNTRY,TKM,EUR,Europe,YEAR,2009,,,,,,,,,178.45,178.44587708,,,,2025-12-05T13:23:08Z,2009,2009-01-01,2009-12-31
2677499,GHED_CHE_pc_US_SHA2011,COUNTRY,NGA,AFR,Africa,YEAR,2019,,,,,,,,,67.63,67.6254425,,,,2025-12-05T13:23:08Z,2019,2019-01-01,2019-12-31
2678229,GHED_CHE_pc_US_SHA2011,COUNTRY,GIN,AFR,Africa,YEAR,2019,,,,,,,,,42.17,42.16910172,,,,2025-12-05T13:23:08Z,2019,2019-01-01,2019-12-31
2680380,GHED_CHE_pc_US_SHA2011,COUNTRY,KHM,WPR,Western Pacific,YEAR,2022,,,,,,,,,103.90,103.89541626,,,,2025-12-05T13:23:08Z,2022,2022-01-01,2022-12-31
2681278,GHED_CHE_pc_US_SHA2011,COUNTRY,BFA,AFR,Africa,YEAR,2019,,,,,,,,,41.07,41.06895828,,,,2025-12-05T13:23:08Z,2019,2019-01-01,2019-12-31
2683670,GHED_CHE_pc_US_SHA2011,COUNTRY,PSE,EMR,Eastern Mediterranean,YEAR,2016,,,,,,,,,299.41,299.4125061,,,,2025-12-05T13:23:08Z,2016,2016-01-01,2016-12-31
2684696,GHED_CHE_pc_US_SHA2011,COUNTRY,SLB,WPR,Western Pacific,YEAR,2022,,,,,,,,,96.75,96.74864197,,,,2025-12-05T13:23:08Z,2022,2022-01-01,2022-12-31
2686359,GHED_CHE_pc_US_SHA2011,COUNTRY,SVN,EUR,Europe,YEAR,2020,,,,,,,,,2417.21,2417.20874023,,,,2025-12-05T13:23:08Z,2020,2020-01-01,2020-12-31
2687395,GHED_CHE_pc_US_SHA2011,COUNTRY,ARE,EMR,Eastern Mediterranean,YEAR,2002,,,,,,,,,754.26,754.26220703,,,,2025-12-05T13:23:08Z,2002,2002-01-01,2002-12-31
2688591,GHED_CHE_pc_US_SHA2011,COUNTRY,FSM,WPR,Western Pacific,YEAR,2002,,,,,,,,,169.96,169.95617676,,,,2025-12-05T13:23:08Z,2002,2002-01-01,2002-12-31
2691595,GHED_CHE_pc_US_SHA2011,COUNTRY,CIV,AFR,Africa,YEAR,2018,,,,,,,,,65.88,65.87952423,,,,2025-12-05T13:23:08Z,2018,2018-01-01,2018-12-31
2692013,GHED_CHE_pc_US_SHA2011,COUNTRY,GBR,EUR,Europe,YEAR,2011,,,,,,,,,4123.70,4123.70019531,,,,2025-12-05T13:23:08Z,2011,2011-01-01,2011-12-31
2695873,GHED_CHE_pc_US_SHA2011,COUNTRY,LCA,AMR,Americas,YEAR,2003,,,,,,,,,317.28,317.27593994,,,,2025-12-05T13:23:08Z,2003,2003-01-01,2003-12-31
2696747,GHED_CHE_pc_US_SHA2011,COUNTRY,BWA,AFR,Africa,YEAR,2019,,,,,,,,,438.29,438.28546143,,,,2025-12-05T13:23:08Z,2019,2019-01-01,2019-12-31
2697033,GHED_CHE_pc_US_SHA2011,COUNTRY,BHS,AMR,Americas,YEAR,2019,,,,,,,,,1881.40,1881.40393066,,,,2025-12-05T13:23:08Z,2019,2019-01-01,2019-12-31
2698487,GHED_CHE_pc_US_SHA2011,COUNTRY,IND,SEAR,South-East Asia,YEAR,2010,,,,,,,,,44.80,44.79586029,,,,2025-12-05T13:23:08Z,2010,2010-01-01,2010-12-31
2699753,GHED_CHE_pc_US_SHA2011,COUNTRY,RWA,AFR,Africa,YEAR,2001,,,,,,,,,7.87,7.86746025,,,,2025-12-05T13:23:08Z,2001,2001-01-01,2001-12-31
2705803,GHED_CHE_pc_US_SHA2011,COUNTRY,SEN,AFR,Africa,YEAR,2011,,,,,,,,,57.93,57.93114853,,,,2025-12-05T13:23:08Z,2011,2011-01-01,2011-12-31
2707206,GHED_CHE_pc_US_SHA2011,COUNTRY,AUS,WPR,Western Pacific,YEAR,2006,,,,,,,,,3174.87,3174.86865234,,,,2025-12-05T13:23:08Z,2006,2006-01-01,2006-12-31
2708758,GHED_CHE_pc_US_SHA2011,COUNTRY,TZA,AFR,Africa,YEAR,2020,,,,,,,,,31.70,31.7036171,,,,2025-12-05T13:23:08Z,2020,2020-01-01,2020-12-31
2714336,GHED_CHE_pc_US_SHA2011,COUNTRY,IND,SEAR,South-East Asia,YEAR,2004,,,,,,,,,24.92,24.9240799,,,,2025-12-05T13:23:08Z,2004,2004-01-01,2004-12-31
2715742,GHED_CHE_pc_US_SHA2011,COUNTRY,TTO,AMR,Americas,YEAR,2018,,,,,,,,,1080.45,1080.45397949,,,,2025-12-05T13:23:08Z,2018,2018-01-01,2018-12-31
2717407,GHED_CHE_pc_US_SHA2011,COUNTRY,IRN,EMR,Eastern Mediterranean,YEAR,2007,,,,,,,,,237.51,237.51042175,,,,2025-12-05T13:23:08Z,2007,2007-01-01,2007-12-31
2719022,GHED_CHE_pc_US_SHA2011,COUNTRY,COK,WPR,Western Pacific,YEAR,2016,,,,,,,,,574.80,574.80059814,,,,2025-12-05T13:23:08Z,2016,2016-01-01,2016-12-31
2724874,GHED_CHE_pc_US_SHA2011,COUNTRY,KNA,AMR,Americas,YEAR,2012,,,,,,,,,880.91,880.91064453,,,,2025-12-05T13:23:08Z,2012,2012-01-01,2012-12-31
2728371,GHED_CHE_pc_US_SHA2011,COUNTRY,FSM,WPR,Western Pacific,YEAR,2017,,,,,,,,,409.12,409.11758423,,,,2025-12-05T13:23:08Z,2017,2017-01-01,2017-12-31
2728892,GHED_CHE_pc_US_SHA2011,WORLDBANKINCOMEGROUP,WB_HI,,,YEAR,2019,,,,,,,,,3060.84,3060.84191002,,,,2025-12-05T13:23:08Z,2019,2019-01-01,2019-12-31
2733847,GHED_CHE_pc_US_SHA2011,COUNTRY,DOM,AMR,Americas,YEAR,2005,,,,,,,,,168.86,168.85827637,,,,2025-12-05T13:23:08Z,2005,2005-01-01,2005-12-31
2736016,GHED_CHE_pc_US_SHA2011,COUNTRY,LKA,SEAR,South-East Asia,YEAR,2006,,,,,,,,,63.29,63.2890892,,,,2025-12-05T13:23:08Z,2006,2006-01-01,2006-12-31
2739310,GHED_CHE_pc_US_SHA2011,COUNTRY,MNE,EUR,Europe,YEAR,2023,,,,,,,,,1147.70,1147.69787598,,,,2025-12-05T13:23:08Z,2023,2023-01-01,2023-12-31
2739372,GHED_CHE_pc_US_SHA2011,COUNTRY,LBN,EMR,Eastern Mediterranean,YEAR,2008,,,,,,,,,462.18,462.17767334,,,,2025-12-05T13:23:08Z,2008,2008-01-01,2008-12-31
2739438,GHED_CHE_pc_US_SHA2011,COUNTRY,OMN,EMR,Eastern Mediterranean,YEAR,2012,,,,,,,,,561.12,561.1171875,,,,2025-12-05T13:23:08Z,2012,2012-01-01,2012-12-31
2749853,GHED_CHE_pc_US_SHA2011,COUNTRY,TJK,EUR,Europe,YEAR,2014,,,,,,,,,73.07,73.06859589,,,,2025-12-05T13:23:08Z,2014,2014-01-01,2014-12-31
2756039,GHED_CHE_pc_US_SHA2011,COUNTRY,VCT,AMR,Americas,YEAR,2019,,,,,,,,,372.06,372.05615234,,,,2025-12-05T13:23:08Z,2019,2019-01-01,2019-12-31
2757611,GHED_CHE_pc_US_SHA2011,COUNTRY,LBR,AFR,Africa,YEAR,2000,,,,,,,,,7.93,7.93455124,,,,2025-12-05T13:23:08Z,2000,2000-01-01,2000-12-31
2758554,GHED_CHE_pc_US_SHA2011,COUNTRY,BTN,SEAR,South-East Asia,YEAR,2021,,,,,,,,,161.47,161.46617126,,,,2025-12-05T13:23:08Z,2021,2021-01-01,2021-12-31
2758817,GHED_CHE_pc_US_SHA2011,COUNTRY,PHL,WPR,Western Pacific,YEAR,2000,,,,,,,,,32.10,32.10300446,,,,2025-12-05T13:23:08Z,2000,2000-01-01,2000-12-31
2759198,GHED_CHE_pc_US_SHA2011,COUNTRY,USA,AMR,Americas,YEAR,2008,,,,,,,,,7364.94,7364.93847656,,,,2025-12-05T13:23:08Z,2008,2008-01-01,2008-12-31
2759827,GHED_CHE_pc_US_SHA2011,COUNTRY,EST,EUR,Europe,YEAR,2005,,,,,,,,,549.63,549.63024902,,,,2025-12-05T13:23:08Z,2005,2005-01-01,2005-12-31
2759944,GHED_CHE_pc_US_SHA2011,COUNTRY,IRN,EMR,Eastern Mediterranean,YEAR,2008,,,,,,,,,288.86,288.85775757,,,,2025-12-05T13:23:08Z,2008,2008-01-01,2008-12-31
2760567,GHED_CHE_pc_US_SHA2011,COUNTRY,GUY,AMR,Americas,YEAR,2013,,,,,,,,,211.29,211.2910614,,,,2025-12-05T13:23:08Z,2013,2013-01-01,2013-12-31
2760939,GHED_CHE_pc_US_SHA2011,COUNTRY,POL,EUR,Europe,YEAR,2013,,,,,,,,,878.09,878.08837891,,,,2025-12-05T13:23:08Z,2013,2013-01-01,2013-12-31
2764224,GHED_CHE_pc_US_SHA2011,COUNTRY,MRT,AFR,Africa,YEAR,2012,,,,,,,,,49.25,49.2515831,,,,2025-12-05T13:23:08Z,2012,2012-01-01,2012-12-31
2769413,GHED_CHE_pc_US_SHA2011,COUNTRY,TUN,EMR,Eastern Mediterranean,YEAR,2011,,,,,,,,,270.68,270.67507935,,,,2025-12-05T13:23:08Z,2011,2011-01-01,2011-12-31
2770889,GHED_CHE_pc_US_SHA2011,COUNTRY,CMR,AFR,Africa,YEAR,2008,,,,,,,,,54.59,54.58909225,,,,2025-12-05T13:23:08Z,2008,2008-01-01,2008-12-31
2771221,GHED_CHE_pc_US_SHA2011,COUNTRY,QAT,EMR,Eastern Mediterranean,YEAR,2000,,,,,,,,,553.09,553.08605957,,,,2025-12-05T13:23:08Z,2000,2000-01-01,2000-12-31
2774331,GHED_CHE_pc_US_SHA2011,COUNTRY,DNK,EUR,Europe,YEAR,2019,,,,,,,,,6049.93,6049.93408203,,,,2025-12-05T13:23:08Z,2019,2019-01-01,2019-12-31
2777864,GHED_CHE_pc_US_SHA2011,COUNTRY,BLR,EUR,Europe,YEAR,2004,,,,,,,,,141.00,140.99655151,,,,2025-12-05T13:23:08Z,2004,2004-01-01,2004-12-31
2778067,GHED_CHE_pc_US_SHA2011,COUNTRY,MNG,WPR,Western Pacific,YEAR,2003,,,,,,,,,27.19,27.18718147,,,,2025-12-05T13:23:08Z,2003,2003-01-01,2003-12-31
2778978,GHED_CHE_pc_US_SHA2011,COUNTRY,NRU,WPR,Western Pacific,YEAR,2005,,,,,,,,,328.93,328.92779541,,,,2025-12-05T13:23:08Z,2005,2005-01-01,2005-12-31
2779567,GHED_CHE_pc_US_SHA2011,COUNTRY,ITA,EUR,Europe,YEAR,2018,,,,,,,,,3031.46,3031.46459961,,,,2025-12-05T13:23:08Z,2018,2018-01-01,2018-12-31
2781188,GHED_CHE_pc_US_SHA2011,COUNTRY,NER,AFR,Africa,YEAR,2021,,,,,,,,,35.39,35.39406204,,,,2025-12-05T13:23:08Z,2021,2021-01-01,2021-12-31
2782730,GHED_CHE_pc_US_SHA2011,COUNTRY,MLT,EUR,Europe,YEAR,2001,,,,,,,,,685.98,685.98400879,,,,2025-12-05T13:23:08Z,2001,2001-01-01,2001-12-31
2784661,GHED_CHE_pc_US_SHA2011,COUNTRY,BOL,AMR,Americas,YEAR,2023,,,,,,,,,255.04,255.04104614,,,,2025-12-05T13:23:08Z,2023,2023-01-01,2023-12-31
2791405,GHED_CHE_pc_US_SHA2011,REGION,AMR,,,YEAR,2002,,,,,,,,,457.67,457.67358112,,,,2025-12-05T13:23:08Z,2002,2002-01-01,2002-12-31
2792139,GHED_CHE_pc_US_SHA2011,COUNTRY,KGZ,EUR,Europe,YEAR,2016,,,,,,,,,71.52,71.52179718,,,,2025-12-05T13:23:08Z,2016,2016-01-01,2016-12-31
2792839,GHED_CHE_pc_US_SHA2011,COUNTRY,JPN,WPR,Western Pacific,YEAR,2016,,,,,,,,,4194.23,4194.22802734,,,,2025-12-05T13:23:08Z,2016,2016-01-01,2016-12-31
2795060,GHED_CHE_pc_US_SHA2011,COUNTRY,SEN,AFR,Africa,YEAR,2015,,,,,,,,,53.32,53.32304382,,,,2025-12-05T13:23:08Z,2015,2015-01-01,2015-12-31
2795900,GHED_CHE_pc_US_SHA2011,COUNTRY,LSO,AFR,Africa,YEAR,2006,,,,,,,,,49.68,49.67809296,,,,2025-12-05T13:23:08Z,2006,2006-01-01,2006-12-31
2796699,GHED_CHE_pc_US_SHA2011,REGION,AFR,,,YEAR,2015,,,,,,,,,117.50,117.50417295,,,,2025-12-05T13:23:08Z,2015,2015-01-01,2015-12-31
2797864,GHED_CHE_pc_US_SHA2011,GLOBAL,GLOBAL,,,YEAR,2012,,,,,,,,,1065.51,1065.50909126,,,,2025-12-05T13:23:08Z,2012,2012-01-01,2012-12-31
2798270,GHED_CHE_pc_US_SHA2011,COUNTRY,MNG,WPR,Western Pacific,YEAR,2021,,,,,,,,,330.04,330.03753662,,,,2025-12-05T13:23:08Z,2021,2021-01-01,2021-12-31
2799004,GHED_CHE_pc_US_SHA2011,COUNTRY,ISR,EUR,Europe,YEAR,2003,,,,,,,,,1384.19,1384.18737793,,,,2025-12-05T13:23:08Z,2003,2003-01-01,2003-12-31
2800146,GHED_CHE_pc_US_SHA2011,COUNTRY,ISR,EUR,Europe,YEAR,2008,,,,,,,,,2126.11,2126.11132813,,,,2025-12-05T13:23:08Z,2008,2008-01-01,2008-12-31
2803811,GHED_CHE_pc_US_SHA2011,COUNTRY,BRA,AMR,Americas,YEAR,2006,,,,,,,,,489.54,489.53884888,,,,2025-12-05T13:23:08Z,2006,2006-01-01,2006-12-31
2804263,GHED_CHE_pc_US_SHA2011,COUNTRY,AGO,AFR,Africa,YEAR,2003,,,,,,,,,35.22,35.2206955,,,,2025-12-05T13:23:08Z,2003,2003-01-01,2003-12-31
2804856,GHED_CHE_pc_US_SHA2011,COUNTRY,DZA,AFR,Africa,YEAR,2014,,,,,,,,,366.59,366.58615112,,,,2025-12-05T13:23:08Z,2014,2014-01-01,2014-12-31
2807605,GHED_CHE_pc_US_SHA2011,COUNTRY,KOR,WPR,Western Pacific,YEAR,2016,,,,,,,,,2042.73,2042.72949219,,,,2025-12-05T13:23:08Z,2016,2016-01-01,2016-12-31
2811429,GHED_CHE_pc_US_SHA2011,COUNTRY,LTU,EUR,Europe,YEAR,2000,,,,,,,,,217.18,217.1761322,,,,2025-12-05T13:23:08Z,2000,2000-01-01,2000-12-31
2811663,GHED_CHE_pc_US_SHA2011,COUNTRY,SYR,EMR,Eastern Mediterranean,YEAR,2016,,,,,,,,,27.41,27.40652657,,,,2025-12-05T13:23:08Z,2016,2016-01-01,2016-12-31
2813647,GHED_CHE_pc_US_SHA2011,COUNTRY,MMR,SEAR,South-East Asia,YEAR,2009,,,,,,,,,18.70,18.70313454,,,,2025-12-05T13:23:08Z,2009,2009-01-01,2009-12-31
2818219,GHED_CHE_pc_US_SHA2011,COUNTRY,BWA,AFR,Africa,YEAR,2013,,,,,,,,,433.29,433.29150391,,,,2025-12-05T13:23:08Z,2013,2013-01-01,2013-12-31
2824402,GHED_CHE_pc_US_SHA2011,COUNTRY,GRD,AMR,Americas,YEAR,2009,,,,,,,,,376.68,376.68447876,,,,2025-12-05T13:23:08Z,2009,2009-01-01,2009-12-31
2825761,GHED_CHE_pc_US_SHA2011,COUNTRY,CAN,AMR,Americas,YEAR,2023,,,,,,,,,6186.65,6186.65234375,,,,2025-12-05T13:23:08Z,2023,2023-01-01,2023-12-31
2832447,GHED_CHE_pc_US_SHA2011,COUNTRY,PSE,EMR,Eastern Mediterranean,YEAR,2017,,,,,,,,,310.21,310.2114563,,,,2025-12-05T13:23:08Z,2017,2017-01-01,2017-12-31
2836691,GHED_CHE_pc_US_SHA2011,COUNTRY,ROU,EUR,Europe,YEAR,2000,,,,,,,,,69.89,69.89345551,,,,2025-12-05T13:23:08Z,2000,2000-01-01,2000-12-31
2836719,GHED_CHE_pc_US_SHA2011,COUNTRY,NRU,WPR,Western Pacific,YEAR,2021,,,,,,,,,1636.46,1636.45788574,,,,2025-12-05T13:23:08Z,2021,2021-01-01,2021-12-31
2841658,GHED_CHE_pc_US_SHA2011,COUNTRY,SWZ,AFR,Africa,YEAR,2011,,,,,,,,,365.25,365.25265503,,,,2025-12-05T13:23:08Z,2011,2011-01-01,2011-12-31
2842928,GHED_CHE_pc_US_SHA2011,COUNTRY,BGD,SEAR,South-East Asia,YEAR,2004,,,,,,,,,10.79,10.78997898,,,,2025-12-05T13:23:08Z,2004,2004-01-01,2004-12-31
2843693,GHED_CHE_pc_US_SHA2011,COUNTRY,TUV,WPR,Western Pacific,YEAR,2009,,,,,,,,,349.20,349.2015686,,,,2025-12-05T13:23:08Z,2009,2009-01-01,2009-12-31
2844571,GHED_CHE_pc_US_SHA2011,COUNTRY,DEU,EUR,Europe,YEAR,2017,,,,,,,,,5039.35,5039.35302734,,,,2025-12-05T13:23:08Z,2017,2017-01-01,2017-12-31
2847978,GHED_CHE_pc_US_SHA2011,COUNTRY,ARE,EMR,Eastern Mediterranean,YEAR,2015,,,,,,,,,1479.50,1479.49743652,,,,2025-12-05T13:23:08Z,2015,2015-01-01,2015-12-31
2851265,GHED_CHE_pc_US_SHA2011,COUNTRY,BWA,AFR,Africa,YEAR,2002,,,,,,,,,206.11,206.11392212,,,,2025-12-05T13:23:08Z,2002,2002-01-01,2002-12-31
2853867,GHED_CHE_pc_US_SHA2011,COUNTRY,SYR,EMR,Eastern Mediterranean,YEAR,2011,,,,,,,,,78.29,78.28834534,,,,2025-12-05T13:23:08Z,2011,2011-01-01,2011-12-31
2854781,GHED_CHE_pc_US_SHA2011,COUNTRY,ISR,EUR,Europe,YEAR,2011,,,,,,,,,2442.29,2442.29052734,,,,2025-12-05T13:23:08Z,2011,2011-01-01,2011-12-31
2856393,GHED_CHE_pc_US_SHA2011,COUNTRY,BOL,AMR,Americas,YEAR,2022,,,,,,,,,260.88,260.88070679,,,,2025-12-05T13:23:08Z,2022,2022-01-01,2022-12-31
2862073,GHED_CHE_pc_US_SHA2011,COUNTRY,BRA,AMR,Americas,YEAR,2004,,,,,,,,,297.68,297.68243408,,,,2025-12-05T13:23:08Z,2004,2004-01-01,2004-12-31
2863668,GHED_CHE_pc_US_SHA2011,COUNTRY,BGR,EUR,Europe,YEAR,2019,,,,,,,,,733.07,733.06878662,,,,2025-12-05T13:23:08Z,2019,2019-01-01,2019-12-31
2865562,GHED_CHE_pc_US_SHA2011,COUNTRY,ESP,EUR,Europe,YEAR,2008,,,,,,,,,3019.76,3019.7578125,,,,2025-12-05T13:23:08Z,2008,2008-01-01,2008-12-31
2865734,GHED_CHE_pc_US_SHA2011,COUNTRY,PAN,AMR,Americas,YEAR,2000,,,,,,,,,300.66,300.66052246,,,,2025-12-05T13:23:08Z,2000,2000-01-01,2000-12-31
2869405,GHED_CHE_pc_US_SHA2011,COUNTRY,CUB,AMR,Americas,YEAR,2019,,,,,,,,,1023.40,1023.39715576,,,,2025-12-05T13:23:08Z,2019,2019-01-01,2019-12-31
2870196,GHED_CHE_pc_US_SHA2011,REGION,WPR,,,YEAR,2019,,,,,,,,,1080.71,1080.70523453,,,,2025-12-05T13:23:08Z,2019,2019-01-01,2019-12-31
2873635,GHED_CHE_pc_US_SHA2011,COUNTRY,IDN,WPR,Western Pacific,YEAR,2004,,,,,,,,,25.98,25.982700349999998,,,,2025-12-05T13:23:08Z,2004,2004-01-01,2004-12-31
2874436,GHED_CHE_pc_US_SHA2011,COUNTRY,PRY,AMR,Americas,YEAR,2008,,,,,,,,,220.90,220.90351868,,,,2025-12-05T13:23:08Z,2008,2008-01-01,2008-12-31
2875364,GHED_CHE_pc_US_SHA2011,COUNTRY,MRT,AFR,Africa,YEAR,2006,,,,,,,,,35.15,35.14922333,,,,2025-12-05T13:23:08Z,2006,2006-01-01,2006-12-31
2881956,GHED_CHE_pc_US_SHA2011,COUNTRY,KOR,WPR,Western Pacific,YEAR,2009,,,,,,,,,1150.97,1150.97253418,,,,2025-12-05T13:23:08Z,2009,2009-01-01,2009-12-31
2883145,GHED_CHE_pc_US_SHA2011,COUNTRY,TGO,AFR,Africa,YEAR,2003,,,,,,,,,17.71,17.7094574,,,,2025-12-05T13:23:08Z,2003,2003-01-01,2003-12-31
2885675,GHED_CHE_pc_US_SHA2011,COUNTRY,BLR,EUR,Europe,YEAR,2005,,,,,,,,,196.14,196.13806152,,,,2025-12-05T13:23:08Z,2005,2005-01-01,2005-12-31
2891094,GHED_CHE_pc_US_SHA2011,COUNTRY,JPN,WPR,Western Pacific,YEAR,2019,,,,,,,,,4431.30,4431.29980469,,,,2025-12-05T13:23:08Z,2019,2019-01-01,2019-12-31
2891884,GHED_CHE_pc_US_SHA2011,COUNTRY,SYR,EMR,Eastern Mediterranean,YEAR,2010,,,,,,,,,91.55,91.5537796,,,,2025-12-05T13:23:08Z,2010,2010-01-01,2010-12-31
2892424,GHED_CHE_pc_US_SHA2011,COUNTRY,TUR,EUR,Europe,YEAR,2021,,,,,,,,,431.34,431.33978271,,,,2025-12-05T13:23:08Z,2021,2021-01-01,2021-12-31
2893247,GHED_CHE_pc_US_SHA2011,COUNTRY,PHL,WPR,Western Pacific,YEAR,2008,,,,,,,,,75.69,75.69056702,,,,2025-12-05T13:23:08Z,2008,2008-01-01,2008-12-31
2894102,GHED_CHE_pc_US_SHA2011,COUNTRY,GNQ,AFR,Africa,YEAR,2016,,,,,,,,,221.49,221.49227905,,,,2025-12-05T13:23:08Z,2016,2016-01-01,2016-12-31
2895292,GHED_CHE_pc_US_SHA2011,COUNTRY,VCT,AMR,Americas,YEAR,2010,,,,,,,,,281.92,281.91867065,,,,2025-12-05T13:23:08Z,2010,2010-01-01,2010-12-31
2897963,GHED_CHE_pc_US_SHA2011,REGION,EUR,,,YEAR,2010,,,,,,,,,2347.35,2347.34884416,,,,2025-12-05T13:23:08Z,2010,2010-01-01,2010-12-31
2900711,GHED_CHE_pc_US_SHA2011,COUNTRY,VNM,WPR,Western Pacific,YEAR,2012,,,,,,,,,109.29,109.29483795,,,,2025-12-05T13:23:08Z,2012,2012-01-01,2012-12-31
2902112,GHED_CHE_pc_US_SHA2011,COUNTRY,MEX,AMR,Americas,YEAR,2016,,,,,,,,,489.92,489.92230225,,,,2025-12-05T13:23:08Z,2016,2016-01-01,2016-12-31
2903769,GHED_CHE_pc_US_SHA2011,COUNTRY,CZE,EUR,Europe,YEAR,2020,,,,,,,,,2106.28,2106.28027344,,,,2025-12-05T13:23:08Z,2020,2020-01-01,2020-12-31
2906078,GHED_CHE_pc_US_SHA2011,COUNTRY,PRT,EUR,Europe,YEAR,2008,,,,,,,,,2391.98,2391.98120117,,,,2025-12-05T13:23:08Z,2008,2008-01-01,2008-12-31
2908455,GHED_CHE_pc_US_SHA2011,COUNTRY,GNQ,AFR,Africa,YEAR,2010,,,,,,,,,237.86,237.85783386,,,,2025-12-05T13:23:08Z,2010,2010-01-01,2010-12-31
2911063,GHED_CHE_pc_US_SHA2011,WORLDBANKINCOMEGROUP,WB_HI,,,YEAR,2004,,,,,,,,,1802.76,1802.75614274,,,,2025-12-05T13:23:08Z,2004,2004-01-01,2004-12-31
2911458,GHED_CHE_pc_US_SHA2011,COUNTRY,URY,AMR,Americas,YEAR,2006,,,,,,,,,500.66,500.65515137,,,,2025-12-05T13:23:08Z,2006,2006-01-01,2006-12-31
2911898,GHED_CHE_pc_US_SHA2011,COUNTRY,BRA,AMR,Americas,YEAR,2021,,,,,,,,,768.27,768.27075195,,,,2025-12-05T13:23:08Z,2021,2021-01-01,2021-12-31
2911945,GHED_CHE_pc_US_SHA2011,COUNTRY,TUR,EUR,Europe,YEAR,2004,,,,,,,,,292.65,292.65307617,,,,2025-12-05T13:23:08Z,2004,2004-01-01,2004-12-31
2913540,GHED_CHE_pc_US_SHA2011,COUNTRY,THA,SEAR,South-East Asia,YEAR,2004,,,,,,,,,82.92,82.91682434,,,,2025-12-05T13:23:08Z,2004,2004-01-01,2004-12-31
2914830,GHED_CHE_pc_US_SHA2011,COUNTRY,HUN,EUR,Europe,YEAR,2003,,,,,,,,,682.87,682.86566162,,,,2025-12-05T13:23:08Z,2003,2003-01-01,2003-12-31
2915994,GHED_CHE_pc_US_SHA2011,COUNTRY,ESP,EUR,Europe,YEAR,2014,,,,,,,,,2716.58,2716.5793457,,,,2025-12-05T13:23:08Z,2014,2014-01-01,2014-12-31
2916028,GHED_CHE_pc_US_SHA2011,COUNTRY,SVN,EUR,Europe,YEAR,2006,,,,,,,,,1541.66,1541.66430664,,,,2025-12-05T13:23:08Z,2006,2006-01-01,2006-12-31
2921485,GHED_CHE_pc_US_SHA2011,COUNTRY,SLV,AMR,Americas,YEAR,2001,,,,,,,,,162.30,162.30456543,,,,2025-12-05T13:23:08Z,2001,2001-01-01,2001-12-31
2922167,GHED_CHE_pc_US_SHA2011,COUNTRY,ETH,AFR,Africa,YEAR,2013,,,,,,,,,19.27,19.26698494,,,,2025-12-05T13:23:08Z,2013,2013-01-01,2013-12-31
2924213,GHED_CHE_pc_US_SHA2011,COUNTRY,SRB,EUR,Europe,YEAR,2022,,,,,,,,,843.58,843.57733154,,,,2025-12-05T13:23:08Z,2022,2022-01-01,2022-12-31
2926736,GHED_CHE_pc_US_SHA2011,COUNTRY,BOL,AMR,Americas,YEAR,2010,,,,,,,,,100.39,100.39356232,,,,2025-12-05T13:23:08Z,2010,2010-01-01,2010-12-31
2926786,GHED_CHE_pc_US_SHA2011,COUNTRY,GUY,AMR,Americas,YEAR,2003,,,,,,,,,68.20,68.19880676,,,,2025-12-05T13:23:08Z,2003,2003-01-01,2003-12-31
2927732,GHED_CHE_pc_US_SHA2011,COUNTRY,MWI,AFR,Africa,YEAR,2005,,,,,,,,,17.24,17.24028015,,,,2025-12-05T13:23:08Z,2005,2005-01-01,2005-12-31
2928645,GHED_CHE_pc_US_SHA2011,COUNTRY,KWT,EMR,Eastern Mediterranean,YEAR,2004,,,,,,,,,649.43,649.42504883,,,,2025-12-05T13:23:08Z,2004,2004-01-01,2004-12-31
2932100,GHED_CHE_pc_US_SHA2011,COUNTRY,RWA,AFR,Africa,YEAR,2013,,,,,,,,,47.75,47.75388718,,,,2025-12-05T13:23:08Z,2013,2013-01-01,2013-12-31
2933584,GHED_CHE_pc_US_SHA2011,COUNTRY,SEN,AFR,Africa,YEAR,2004,,,,,,,,,41.94,41.94406128,,,,2025-12-05T13:23:08Z,2004,2004-01-01,2004-12-31
2936225,GHED_CHE_pc_US_SHA2011,COUNTRY,DOM,AMR,Americas,YEAR,2021,,,,,,,,,433.89,433.89172363,,,,2025-12-05T13:23:08Z,2021,2021-01-01,2021-12-31
2937955,GHED_CHE_pc_US_SHA2011,COUNTRY,BLR,EUR,Europe,YEAR,2021,,,,,,,,,484.04,484.03930664,,,,2025-12-05T13:23:08Z,2021,2021-01-01,2021-12-31
2938808,GHED_CHE_pc_US_SHA2011,COUNTRY,COL,AMR,Americas,YEAR,2004,,,,,,,,,159.61,159.61109924,,,,2025-12-05T13:23:08Z,2004,2004-01-01,2004-12-31
2940454,GHED_CHE_pc_US_SHA2011,COUNTRY,ROU,EUR,Europe,YEAR,2015,,,,,,,,,442.24,442.24038696,,,,2025-12-05T13:23:08Z,2015,2015-01-01,2015-12-31
2942021,GHED_CHE_pc_US_SHA2011,COUNTRY,COK,WPR,Western Pacific,YEAR,2018,,,,,,,,,581.42,581.4175415,,,,2025-12-05T13:23:08Z,2018,2018-01-01,2018-12-31
2950211,GHED_CHE_pc_US_SHA2011,COUNTRY,MAR,EMR,Eastern Mediterranean,YEAR,2010,,,,,,,,,168.37,168.36595154,,,,2025-12-05T13:23:08Z,2010,2010-01-01,2010-12-31
2952835,GHED_CHE_pc_US_SHA2011,COUNTRY,DOM,AMR,Americas,YEAR,2000,,,,,,,,,138.30,138.29624939,,,,2025-12-05T13:23:08Z,2000,2000-01-01,2000-12-31
2953143,GHED_CHE_pc_US_SHA2011,COUNTRY,ATG,AMR,Americas,YEAR,2021,,,,,,,,,835.07,835.06512451,,,,2025-12-05T13:23:08Z,2021,2021-01-01,2021-12-31
2954752,GHED_CHE_pc_US_SHA2011,COUNTRY,LAO,WPR,Western Pacific,YEAR,2022,,,,,,,,,41.35,41.34779739,,,,2025-12-05T13:23:08Z,2022,2022-01-01,2022-12-31
2956288,GHED_CHE_pc_US_SHA2011,COUNTRY,DOM,AMR,Americas,YEAR,2006,,,,,,,,,161.95,161.94844055,,,,2025-12-05T13:23:08Z,2006,2006-01-01,2006-12-31
2957244,GHED_CHE_pc_US_SHA2011,COUNTRY,TJK,EUR,Europe,YEAR,2020,,,,,,,,,74.17,74.17329407,,,,2025-12-05T13:23:08Z,2020,2020-01-01,2020-12-31
2959566,GHED_CHE_pc_US_SHA2011,COUNTRY,SWE,EUR,Europe,YEAR,2020,,,,,,,,,6030.53,6030.53271484,,,,2025-12-05T13:23:08Z,2020,2020-01-01,2020-12-31
2961340,GHED_CHE_pc_US_SHA2011,COUNTRY,FJI,WPR,Western Pacific,YEAR,2016,,,,,,,,,175.92,175.91635132,,,,2025-12-05T13:23:08Z,2016,2016-01-01,2016-12-31
2961576,GHED_CHE_pc_US_SHA2011,COUNTRY,MDV,SEAR,South-East Asia,YEAR,2020,,,,,,,,,845.82,845.82440186,,,,2025-12-05T13:23:08Z,2020,2020-01-01,2020-12-31
2966539,GHED_CHE_pc_US_SHA2011,COUNTRY,BFA,AFR,Africa,YEAR,2013,,,,,,,,,42.27,42.26796341,,,,2025-12-05T13:23:08Z,2013,2013-01-01,2013-12-31
2976233,GHED_CHE_pc_US_SHA2011,COUNTRY,HTI,AMR,Americas,YEAR,2008,,,,,,,,,40.45,40.445961,,,,2025-12-05T13:23:08Z,2008,2008-01-01,2008-12-31
2978375,GHED_CHE_pc_US_SHA2011,COUNTRY,VCT,AMR,Americas,YEAR,2015,,,,,,,,,302.58,302.58422852,,,,2025-12-05T13:23:08Z,2015,2015-01-01,2015-12-31
2979124,GHED_CHE_pc_US_SHA2011,COUNTRY,DOM,AMR,Americas,YEAR,2010,,,,,,,,,270.04,270.03961182,,,,2025-12-05T13:23:08Z,2010,2010-01-01,2010-12-31
2980731,GHED_CHE_pc_US_SHA2011,COUNTRY,LKA,SEAR,South-East Asia,YEAR,2012,,,,,,,,,110.04,110.03600311,,,,2025-12-05T13:23:08Z,2012,2012-01-01,2012-12-31
2982423,GHED_CHE_pc_US_SHA2011,COUNTRY,USA,AMR,Americas,YEAR,2020,,,,,,,,,11648.50,11648.49511719,,,,2025-12-05T13:23:08Z,2020,2020-01-01,2020-12-31
2985153,GHED_CHE_pc_US_SHA2011,WORLDBANKINCOMEGROUP,WB_UMI,,,YEAR,2016,,,,,,,,,412.98,412.97604989,,,,2025-12-05T13:23:08Z,2016,2016-01-01,2016-12-31
2985181,GHED_CHE_pc_US_SHA2011,COUNTRY,URY,AMR,Americas,YEAR,2012,,,,,,,,,1347.03,1347.02868652,,,,2025-12-05T13:23:08Z,2012,2012-01-01,2012-12-31
2985778,GHED_CHE_pc_US_SHA2011,COUNTRY,CHN,WPR,Western Pacific,YEAR,2001,,,,,,,,,44.36,44.36042023,,,,2025-12-05T13:23:08Z,2001,2001-01-01,2001-12-31
2987013,GHED_CHE_pc_US_SHA2011,COUNTRY,NRU,WPR,Western Pacific,YEAR,2017,,,,,,,,,1127.48,1127.47509766,,,,2025-12-05T13:23:08Z,2017,2017-01-01,2017-12-31
2989119,GHED_CHE_pc_US_SHA2011,COUNTRY,LKA,SEAR,South-East Asia,YEAR,2021,,,,,,,,,202.75,202.75497437,,,,2025-12-05T13:23:08Z,2021,2021-01-01,2021-12-31
2990467,GHED_CHE_pc_US_SHA2011,COUNTRY,VCT,AMR,Americas,YEAR,2002,,,,,,,,,175.48,175.48046875,,,,2025-12-05T13:23:08Z,2002,2002-01-01,2002-12-31
2999465,GHED_CHE_pc_US_SHA2011,COUNTRY,CYP,EUR,Europe,YEAR,2012,,,,,,,,,1899.37,1899.37255859,,,,2025-12-05T13:23:08Z,2012,2012-01-01,2012-12-31
2999951,GHED_CHE_pc_US_SHA2011,COUNTRY,JOR,EMR,Eastern Mediterranean,YEAR,2001,,,,,,,,,161.34,161.33900452,,,,2025-12-05T13:23:08Z,2001,2001-01-01,2001-12-31
3008153,GHED_CHE_pc_US_SHA2011,COUNTRY,BFA,AFR,Africa,YEAR,2016,,,,,,,,,39.51,39.50990677,,,,2025-12-05T13:23:08Z,2016,2016-01-01,2016-12-31
3013016,GHED_CHE_pc_US_SHA2011,COUNTRY,PRY,AMR,Americas,YEAR,2011,,,,,,,,,337.81,337.81317139,,,,2025-12-05T13:23:08Z,2011,2011-01-01,2011-12-31
3013436,GHED_CHE_pc_US_SHA2011,COUNTRY,NPL,SEAR,South-East Asia,YEAR,2011,,,,,,,,,34.15,34.14775085,,,,2025-12-05T13:23:08Z,2011,2011-01-01,2011-12-31
3016866,GHED_CHE_pc_US_SHA2011,REGION,SEAR,,,YEAR,2021,,,,,,,,,228.76,228.75741111,,,,2025-12-05T13:23:08Z,2021,2021-01-01,2021-12-31
3017445,GHED_CHE_pc_US_SHA2011,COUNTRY,PER,AMR,Americas,YEAR,2023,,,,,,,,,445.53,445.52667236,,,,2025-12-05T13:23:08Z,2023,2023-01-01,2023-12-31
3019832,GHED_CHE_pc_US_SHA2011,COUNTRY,KIR,WPR,Western Pacific,YEAR,2003,,,,,,,,,102.44,102.43731689,,,,2025-12-05T13:23:08Z,2003,2003-01-01,2003-12-31
3024144,GHED_CHE_pc_US_SHA2011,COUNTRY,SYR,EMR,Eastern Mediterranean,YEAR,2003,,,,,,,,,59.87,59.87030792,,,,2025-12-05T13:23:08Z,2003,2003-01-01,2003-12-31
3029343,GHED_CHE_pc_US_SHA2011,COUNTRY,BIH,EUR,Europe,YEAR,2023,,,,,,,,,772.89,772.88568115,,,,2025-12-05T13:23:08Z,2023,2023-01-01,2023-12-31
3029867,GHED_CHE_pc_US_SHA2011,COUNTRY,ARM,EUR,Europe,YEAR,2019,,,,,,,,,533.70,533.69952393,,,,2025-12-05T13:23:08Z,2019,2019-01-01,2019-12-31
3030194,GHED_CHE_pc_US_SHA2011,REGION,WPR,,,YEAR,2000,,,,,,,,,368.59,368.59259009,,,,2025-12-05T13:23:08Z,2000,2000-01-01,2000-12-31
3036893,GHED_CHE_pc_US_SHA2011,COUNTRY,TON,WPR,Western Pacific,YEAR,2014,,,,,,,,,210.86,210.86004639,,,,2025-12-05T13:23:08Z,2014,2014-01-01,2014-12-31
3039149,GHED_CHE_pc_US_SHA2011,COUNTRY,MUS,AFR,Africa,YEAR,2014,,,,,,,,,544.44,544.44122314,,,,2025-12-05T13:23:08Z,2014,2014-01-01,2014-12-31
3041612,GHED_CHE_pc_US_SHA2011,COUNTRY,FIN,EUR,Europe,YEAR,2008,,,,,,,,,4486.34,4486.33789063,,,,2025-12-05T13:23:08Z,2008,2008-01-01,2008-12-31
3046265,GHED_CHE_pc_US_SHA2011,COUNTRY,PAK,EMR,Eastern Mediterranean,YEAR,2005,,,,,,,,,19.59,19.58962631,,,,2025-12-05T13:23:08Z,2005,2005-01-01,2005-12-31
3046335,GHED_CHE_pc_US_SHA2011,COUNTRY,MHL,WPR,Western Pacific,YEAR,2011,,,,,,,,,376.39,376.39205933,,,,2025-12-05T13:23:08Z,2011,2011-01-01,2011-12-31
3047378,GHED_CHE_pc_US_SHA2011,COUNTRY,SEN,AFR,Africa,YEAR,2016,,,,,,,,,53.90,53.90053558,,,,2025-12-05T13:23:08Z,2016,2016-01-01,2016-12-31
3049438,GHED_CHE_pc_US_SHA2011,COUNTRY,BIH,EUR,Europe,YEAR,2003,,,,,,,,,168.42,168.42216492,,,,2025-12-05T13:23:08Z,2003,2003-01-01,2003-12-31
3050704,GHED_CHE_pc_US_SHA2011,COUNTRY,NZL,WPR,Western Pacific,YEAR,2015,,,,,,,,,3433.60,3433.59643555,,,,2025-12-05T13:23:08Z,2015,2015-01-01,2015-12-31
3054905,GHED_CHE_pc_US_SHA2011,REGION,AMR,,,YEAR,2011,,,,,,,,,914.95,914.94792938,,,,2025-12-05T13:23:08Z,2011,2011-01-01,2011-12-31
3055774,GHED_CHE_pc_US_SHA2011,REGION,SEAR,,,YEAR,2013,,,,,,,,,150.79,150.78955184,,,,2025-12-05T13:23:08Z,2013,2013-01-01,2013-12-31
3055775,GHED_CHE_pc_US_SHA2011,COUNTRY,COM,AFR,Africa,YEAR,2010,,,,,,,,,69.22,69.21523285,,,,2025-12-05T13:23:08Z,2010,2010-01-01,2010-12-31
3056505,GHED_CHE_pc_US_SHA2011,COUNTRY,TUN,EMR,Eastern Mediterranean,YEAR,2001,,,,,,,,,114.00,114.00454712,,,,2025-12-05T13:23:08Z,2001,2001-01-01,2001-12-31
3059789,GHED_CHE_pc_US_SHA2011,COUNTRY,MRT,AFR,Africa,YEAR,2014,,,,,,,,,59.39,59.39431381,,,,2025-12-05T13:23:08Z,2014,2014-01-01,2014-12-31
3060104,GHED_CHE_pc_US_SHA2011,COUNTRY,EST,EUR,Europe,YEAR,2003,,,,,,,,,368.98,368.97955322,,,,2025-12-05T13:23:08Z,2003,2003-01-01,2003-12-31
3061649,GHED_CHE_pc_US_SHA2011,COUNTRY,ZAF,AFR,Africa,YEAR,2006,,,,,,,,,417.91,417.91174316,,,,2025-12-05T13:23:08Z,2006,2006-01-01,2006-12-31
3068503,GHED_CHE_pc_US_SHA2011,REGION,AMR,,,YEAR,2014,,,,,,,,,994.45,994.45418481,,,,2025-12-05T13:23:08Z,2014,2014-01-01,2014-12-31
3073404,GHED_CHE_pc_US_SHA2011,COUNTRY,MRT,AFR,Africa,YEAR,2011,,,,,,,,,47.77,47.77469254,,,,2025-12-05T13:23:08Z,2011,2011-01-01,2011-12-31
3081696,GHED_CHE_pc_US_SHA2011,COUNTRY,DMA,AMR,Americas,YEAR,2012,,,,,,,,,407.42,407.42053223,,,,2025-12-05T13:23:08Z,2012,2012-01-01,2012-12-31
3085348,GHED_CHE_pc_US_SHA2011,COUNTRY,BLZ,AMR,Americas,YEAR,2018,,,,,,,,,286.84,286.83633423,,,,2025-12-05T13:23:08Z,2018,2018-01-01,2018-12-31
3085488,GHED_CHE_pc_US_SHA2011,COUNTRY,DNK,EUR,Europe,YEAR,2004,,,,,,,,,4189.47,4189.47265625,,,,2025-12-05T13:23:08Z,2004,2004-01-01,2004-12-31
3088059,GHED_CHE_pc_US_SHA2011,COUNTRY,COL,AMR,Americas,YEAR,2002,,,,,,,,,132.18,132.18363953,,,,2025-12-05T13:23:08Z,2002,2002-01-01,2002-12-31
3089129,GHED_CHE_pc_US_SHA2011,REGION,WPR,,,YEAR,2016,,,,,,,,,957.84,957.83691079,,,,2025-12-05T13:23:08Z,2016,2016-01-01,2016-12-31
3090360,GHED_CHE_pc_US_SHA2011,COUNTRY,EGY,EMR,Eastern Mediterranean,YEAR,2016,,,,,,,,,142.62,142.61845398,,,,2025-12-05T13:23:08Z,2016,2016-01-01,2016-12-31
3096570,GHED_CHE_pc_US_SHA2011,COUNTRY,CHL,AMR,Americas,YEAR,2022,,,,,,,,,1541.38,1541.37927246,,,,2025-12-05T13:23:08Z,2022,2022-01-01,2022-12-31
3098848,GHED_CHE_pc_US_SHA2011,COUNTRY,GMB,AFR,Africa,YEAR,2012,,,,,,,,,29.56,29.56409264,,,,2025-12-05T13:23:08Z,2012,2012-01-01,2012-12-31
3100088,GHED_CHE_pc_US_SHA2011,COUNTRY,TUR,EUR,Europe,YEAR,2022,,,,,,,,,385.88,385.87997437,,,,2025-12-05T13:23:08Z,2022,2022-01-01,2022-12-31
3101145,GHED_CHE_pc_US_SHA2011,WORLDBANKINCOMEGROUP,WB_LI,,,YEAR,2015,,,,,,,,,42.32,42.32106539,,,,2025-12-05T13:23:08Z,2015,2015-01-01,2015-12-31
3103983,GHED_CHE_pc_US_SHA2011,COUNTRY,NAM,AFR,Africa,YEAR,2019,,,,,,,,,419.15,419.14828491,,,,2025-12-05T13:23:08Z,2019,2019-01-01,2019-12-31
3106732,GHED_CHE_pc_US_SHA2011,COUNTRY,GUY,AMR,Americas,YEAR,2001,,,,,,,,,60.10,60.09927368,,,,2025-12-05T13:23:08Z,2001,2001-01-01,2001-12-31
3113801,GHED_CHE_pc_US_SHA2011,COUNTRY,UZB,EUR,Europe,YEAR,2008,,,,,,,,,61.29,61.29156876,,,,2025-12-05T13:23:08Z,2008,2008-01-01,2008-12-31
3115457,GHED_CHE_pc_US_SHA2011,COUNTRY,NPL,SEAR,South-East Asia,YEAR,2020,,,,,,,,,59.08,59.07941437,,,,2025-12-05T13:23:08Z,2020,2020-01-01,2020-12-31
3118396,GHED_CHE_pc_US_SHA2011,COUNTRY,MDV,SEAR,South-East Asia,YEAR,2009,,,,,,,,,679.66,679.66296387,,,,2025-12-05T13:23:08Z,2009,2009-01-01,2009-12-31
3118417,GHED_CHE_pc_US_SHA2011,COUNTRY,KAZ,EUR,Europe,YEAR,2009,,,,,,,,,241.00,240.99569702,,,,2025-12-05T13:23:08Z,2009,2009-01-01,2009-12-31
3118424,GHED_CHE_pc_US_SHA2011,COUNTRY,SLE,AFR,Africa,YEAR,2008,,,,,,,,,37.23,37.23431396,,,,2025-12-05T13:23:08Z,2008,2008-01-01,2008-12-31
3119592,GHED_CHE_pc_US_SHA2011,COUNTRY,HRV,EUR,Europe,YEAR,2007,,,,,,,,,1040.45,1040.44995117,,,,2025-12-05T13:23:08Z,2007,2007-01-01,2007-12-31
3119617,GHED_CHE_pc_US_SHA2011,COUNTRY,POL,EUR,Europe,YEAR,2009,,,,,,,,,759.61,759.60577393,,,,2025-12-05T13:23:08Z,2009,2009-01-01,2009-12-31
3121604,GHED_CHE_pc_US_SHA2011,COUNTRY,JOR,EMR,Eastern Mediterranean,YEAR,2011,,,,,,,,,321.59,321.59057617,,,,2025-12-05T13:23:08Z,2011,2011-01-01,2011-12-31
3121731,GHED_CHE_pc_US_SHA2011,COUNTRY,BRB,AMR,Americas,YEAR,2001,,,,,,,,,643.12,643.1159668,,,,2025-12-05T13:23:08Z,2001,2001-01-01,2001-12-31
3122105,GHED_CHE_pc_US_SHA2011,COUNTRY,LVA,EUR,Europe,YEAR,2010,,,,,,,,,689.08,689.07720947,,,,2025-12-05T13:23:08Z,2010,2010-01-01,2010-12-31
3127652,GHED_CHE_pc_US_SHA2011,REGION,EUR,,,YEAR,2007,,,,,,,,,2161.74,2161.7390465,,,,2025-12-05T13:23:08Z,2007,2007-01-01,2007-12-31
3128504,GHED_CHE_pc_US_SHA2011,COUNTRY,NPL,SEAR,South-East Asia,YEAR,2000,,,,,,,,,8.34,8.34249592,,,,2025-12-05T13:23:08Z,2000,2000-01-01,2000-12-31
3129313,GHED_CHE_pc_US_SHA2011,COUNTRY,DOM,AMR,Americas,YEAR,2023,,,,,,,,,488.87,488.8727417,,,,2025-12-05T13:23:08Z,2023,2023-01-01,2023-12-31
3131377,GHED_CHE_pc_US_SHA2011,COUNTRY,MDG,AFR,Africa,YEAR,2019,,,,,,,,,15.50,15.50084877,,,,2025-12-05T13:23:08Z,2019,2019-01-01,2019-12-31
3134297,GHED_CHE_pc_US_SHA2011,COUNTRY,IRQ,EMR,Eastern Mediterranean,YEAR,2018,,,,,,,,,232.87,232.86825562,,,,2025-12-05T13:23:08Z,2018,2018-01-01,2018-12-31
3134967,GHED_CHE_pc_US_SHA2011,COUNTRY,YEM,EMR,Eastern Mediterranean,YEAR,2005,,,,,,,,,38.27,38.27000809,,,,2025-12-05T13:23:08Z,2005,2005-01-01,2005-12-31
3141560,GHED_CHE_pc_US_SHA2011,COUNTRY,COD,AFR,Africa,YEAR,2014,,,,,,,,,18.22,18.22281265,,,,2025-12-05T13:23:08Z,2014,2014-01-01,2014-12-31
3142358,GHED_CHE_pc_US_SHA2011,WORLDBANKINCOMEGROUP,WB_HI,,,YEAR,2007,,,,,,,,,2311.00,2311.00054288,,,,2025-12-05T13:23:08Z,2007,2007-01-01,2007-12-31
3146896,GHED_CHE_pc_US_SHA2011,COUNTRY,CAF,AFR,Africa,YEAR,2015,,,,,,,,,18.44,18.44194221,,,,2025-12-05T13:23:08Z,2015,2015-01-01,2015-12-31
3147963,GHED_CHE_pc_US_SHA2011,COUNTRY,RWA,AFR,Africa,YEAR,2004,,,,,,,,,20.23,20.23413277,,,,2025-12-05T13:23:08Z,2004,2004-01-01,2004-12-31
3150379,GHED_CHE_pc_US_SHA2011,COUNTRY,MKD,EUR,Europe,YEAR,2008,,,,,,,,,313.61,313.61117554,,,,2025-12-05T13:23:08Z,2008,2008-01-01,2008-12-31
3152446,GHED_CHE_pc_US_SHA2011,COUNTRY,COG,AFR,Africa,YEAR,2019,,,,,,,,,58.42,58.42106628,,,,2025-12-05T13:23:08Z,2019,2019-01-01,2019-12-31
3152574,GHED_CHE_pc_US_SHA2011,COUNTRY,VUT,WPR,Western Pacific,YEAR,2005,,,,,,,,,61.93,61.93361664,,,,2025-12-05T13:23:08Z,2005,2005-01-01,2005-12-31
3156749,GHED_CHE_pc_US_SHA2011,COUNTRY,MHL,WPR,Western Pacific,YEAR,2000,,,,,,,,,306.73,306.73342896,,,,2025-12-05T13:23:08Z,2000,2000-01-01,2000-12-31
3156909,GHED_CHE_pc_US_SHA2011,COUNTRY,AGO,AFR,Africa,YEAR,2000,,,,,,,,,13.16,13.15998554,,,,2025-12-05T13:23:08Z,2000,2000-01-01,2000-12-31
3157016,GHED_CHE_pc_US_SHA2011,COUNTRY,BLR,EUR,Europe,YEAR,2012,,,,,,,,,364.10,364.09957886,,,,2025-12-05T13:23:08Z,2012,2012-01-01,2012-12-31
3158121,GHED_CHE_pc_US_SHA2011,COUNTRY,BHS,AMR,Americas,YEAR,2022,,,,,,,,,2327.20,2327.20117188,,,,2025-12-05T13:23:08Z,2022,2022-01-01,2022-12-31
3159034,GHED_CHE_pc_US_SHA2011,COUNTRY,SYC,AFR,Africa,YEAR,2007,,,,,,,,,428.62,428.61749268,,,,2025-12-05T13:23:08Z,2007,2007-01-01,2007-12-31
3166981,GHED_CHE_pc_US_SHA2011,COUNTRY,PLW,WPR,Western Pacific,YEAR,2000,,,,,,,,,675.54,675.54473877,,,,2025-12-05T13:23:08Z,2000,2000-01-01,2000-12-31
3168198,GHED_CHE_pc_US_SHA2011,COUNTRY,BHR,EMR,Eastern Mediterranean,YEAR,2003,,,,,,,,,530.54,530.5446167,,,,2025-12-05T13:23:08Z,2003,2003-01-01,2003-12-31
3173394,GHED_CHE_pc_US_SHA2011,COUNTRY,CUB,AMR,Americas,YEAR,2003,,,,,,,,,227.49,227.49208069,,,,2025-12-05T13:23:08Z,2003,2003-01-01,2003-12-31
3180839,GHED_CHE_pc_US_SHA2011,COUNTRY,LBN,EMR,Eastern Mediterranean,YEAR,2011,,,,,,,,,640.70,640.69805908,,,,2025-12-05T13:23:08Z,2011,2011-01-01,2011-12-31
3184407,GHED_CHE_pc_US_SHA2011,COUNTRY,SAU,EMR,Eastern Mediterranean,YEAR,2004,,,,,,,,,471.46,471.45797729,,,,2025-12-05T13:23:08Z,2004,2004-01-01,2004-12-31
3192760,GHED_CHE_pc_US_SHA2011,COUNTRY,PLW,WPR,Western Pacific,YEAR,2007,,,,,,,,,897.35,897.35339355,,,,2025-12-05T13:23:08Z,2007,2007-01-01,2007-12-31
3194445,GHED_CHE_pc_US_SHA2011,COUNTRY,ISR,EUR,Europe,YEAR,2014,,,,,,,,,2804.23,2804.23144531,,,,2025-12-05T13:23:08Z,2014,2014-01-01,2014-12-31
3194697,GHED_CHE_pc_US_SHA2011,COUNTRY,TCD,AFR,Africa,YEAR,2020,,,,,,,,,37.73,37.73088074,,,,2025-12-05T13:23:08Z,2020,2020-01-01,2020-12-31
3195567,GHED_CHE_pc_US_SHA2011,COUNTRY,IDN,WPR,Western Pacific,YEAR,2006,,,,,,,,,44.40,44.3965683,,,,2025-12-05T13:23:08Z,2006,2006-01-01,2006-12-31
3200468,GHED_CHE_pc_US_SHA2011,COUNTRY,MEX,AMR,Americas,YEAR,2017,,,,,,,,,512.55,512.54974365,,,,2025-12-05T13:23:08Z,2017,2017-01-01,2017-12-31
3202057,GHED_CHE_pc_US_SHA2011,COUNTRY,GIN,AFR,Africa,YEAR,2003,,,,,,,,,25.60,25.60194969,,,,2025-12-05T13:23:08Z,2003,2003-01-01,2003-12-31
3203527,GHED_CHE_pc_US_SHA2011,COUNTRY,DOM,AMR,Americas,YEAR,2002,,,,,,,,,152.87,152.86595154,,,,2025-12-05T13:23:08Z,2002,2002-01-01,2002-12-31
3204650,GHED_CHE_pc_US_SHA2011,COUNTRY,LAO,WPR,Western Pacific,YEAR,2017,,,,,,,,,61.42,61.42248535,,,,2025-12-05T13:23:08Z,2017,2017-01-01,2017-12-31
3206676,GHED_CHE_pc_US_SHA2011,COUNTRY,ROU,EUR,Europe,YEAR,2022,,,,,,,,,902.27,902.2677002,,,,2025-12-05T13:23:08Z,2022,2022-01-01,2022-12-31
3208140,GHED_CHE_pc_US_SHA2011,COUNTRY,POL,EUR,Europe,YEAR,2010,,,,,,,,,809.20,809.19940186,,,,2025-12-05T13:23:08Z,2010,2010-01-01,2010-12-31
3210156,GHED_CHE_pc_US_SHA2011,COUNTRY,EGY,EMR,Eastern Mediterranean,YEAR,2005,,,,,,,,,59.47,59.4683876,,,,2025-12-05T13:23:08Z,2005,2005-01-01,2005-12-31
3211539,GHED_CHE_pc_US_SHA2011,COUNTRY,COK,WPR,Western Pacific,YEAR,2000,,,,,,,,,191.46,191.45652771,,,,2025-12-05T13:23:08Z,2000,2000-01-01,2000-12-31
3214206,GHED_CHE_pc_US_SHA2011,COUNTRY,BGR,EUR,Europe,YEAR,2000,,,,,,,,,94.52,94.51976013,,,,2025-12-05T13:23:08Z,2000,2000-01-01,2000-12-31
3214730,GHED_CHE_pc_US_SHA2011,COUNTRY,ITA,EUR,Europe,YEAR,2003,,,,,,,,,2160.91,2160.91210938,,,,2025-12-05T13:23:08Z,2003,2003-01-01,2003-12-31
3215663,GHED_CHE_pc_US_SHA2011,COUNTRY,NAM,AFR,Africa,YEAR,2010,,,,,,,,,567.35,567.35003662,,,,2025-12-05T13:23:08Z,2010,2010-01-01,2010-12-31
3224368,GHED_CHE_pc_US_SHA2011,COUNTRY,NER,AFR,Africa,YEAR,2010,,,,,,,,,23.48,23.47736168,,,,2025-12-05T13:23:08Z,2010,2010-01-01,2010-12-31
3225168,GHED_CHE_pc_US_SHA2011,COUNTRY,RUS,EUR,Europe,YEAR,2008,,,,,,,,,606.78,606.77508545,,,,2025-12-05T13:23:08Z,2008,2008-01-01,2008-12-31
3226869,GHED_CHE_pc_US_SHA2011,COUNTRY,CZE,EUR,Europe,YEAR,2022,,,,,,,,,2431.08,2431.08496094,,,,2025-12-05T13:23:08Z,2022,2022-01-01,2022-12-31
3227045,GHED_CHE_pc_US_SHA2011,COUNTRY,MEX,AMR,Americas,YEAR,2000,,,,,,,,,319.35,319.34719849,,,,2025-12-05T13:23:08Z,2000,2000-01-01,2000-12-31
3229536,GHED_CHE_pc_US_SHA2011,COUNTRY,SLE,AFR,Africa,YEAR,2023,,,,,,,,,35.76,35.76205063,,,,2025-12-05T13:23:08Z,2023,2023-01-01,2023-12-31
3229671,GHED_CHE_pc_US_SHA2011,COUNTRY,IDN,WPR,Western Pacific,YEAR,2022,,,,,,,,,127.44,127.44384766,,,,2025-12-05T13:23:08Z,2022,2022-01-01,2022-12-31
3231362,GHED_CHE_pc_US_SHA2011,COUNTRY,CUB,AMR,Americas,YEAR,2020,,,,,,,,,1199.35,1199.35327148,,,,2025-12-05T13:23:08Z,2020,2020-01-01,2020-12-31
3232471,GHED_CHE_pc_US_SHA2011,COUNTRY,DOM,AMR,Americas,YEAR,2003,,,,,,,,,104.60,104.59856415,,,,2025-12-05T13:23:08Z,2003,2003-01-01,2003-12-31
3232633,GHED_CHE_pc_US_SHA2011,COUNTRY,KNA,AMR,Americas,YEAR,2023,,,,,,,,,1294.88,1294.88391113,,,,2025-12-05T13:23:08Z,2023,2023-01-01,2023-12-31
3232863,GHED_CHE_pc_US_SHA2011,COUNTRY,IND,SEAR,South-East Asia,YEAR,2015,,,,,,,,,58.12,58.12401581,,,,2025-12-05T13:23:08Z,2015,2015-01-01,2015-12-31
3233685,GHED_CHE_pc_US_SHA2011,COUNTRY,TCD,AFR,Africa,YEAR,2021,,,,,,,,,37.59,37.59156799,,,,2025-12-05T13:23:08Z,2021,2021-01-01,2021-12-31
3235704,GHED_CHE_pc_US_SHA2011,COUNTRY,GAB,AFR,Africa,YEAR,2000,,,,,,,,,123.20,123.197258,,,,2025-12-05T13:23:08Z,2000,2000-01-01,2000-12-31
3235913,GHED_CHE_pc_US_SHA2011,COUNTRY,CIV,AFR,Africa,YEAR,2007,,,,,,,,,56.15,56.15083694,,,,2025-12-05T13:23:08Z,2007,2007-01-01,2007-12-31
3237444,GHED_CHE_pc_US_SHA2011,COUNTRY,JAM,AMR,Americas,YEAR,2003,,,,,,,,,177.22,177.21534729,,,,2025-12-05T13:23:08Z,2003,2003-01-01,2003-12-31
3239596,GHED_CHE_pc_US_SHA2011,COUNTRY,OMN,EMR,Eastern Mediterranean,YEAR,2015,,,,,,,,,767.04,767.04455566,,,,2025-12-05T13:23:08Z,2015,2015-01-01,2015-12-31
3240631,GHED_CHE_pc_US_SHA2011,COUNTRY,COG,AFR,Africa,YEAR,2018,,,,,,,,,47.31,47.310215,,,,2025-12-05T13:23:08Z,2018,2018-01-01,2018-12-31
3242040,GHED_CHE_pc_US_SHA2011,COUNTRY,RWA,AFR,Africa,YEAR,2021,,,,,,,,,51.65,51.64677429,,,,2025-12-05T13:23:08Z,2021,2021-01-01,2021-12-31
3245469,GHED_CHE_pc_US_SHA2011,WORLDBANKINCOMEGROUP,WB_HI,,,YEAR,2014,,,,,,,,,3011.74,3011.73689622,,,,2026-01-12T13:50:53Z,2014,2014-01-01,2014-12-31
3247900,GHED_CHE_pc_US_SHA2011,COUNTRY,KNA,AMR,Americas,YEAR,2006,,,,,,,,,689.45,689.44549561,,,,2025-12-05T13:23:08Z,2006,2006-01-01,2006-12-31
3251989,GHED_CHE_pc_US_SHA2011,COUNTRY,DOM,AMR,Americas,YEAR,2020,,,,,,,,,354.26,354.25689697,,,,2025-12-05T13:23:08Z,2020,2020-01-01,2020-12-31
3252657,GHED_CHE_pc_US_SHA2011,COUNTRY,PAK,EMR,Eastern Mediterranean,YEAR,2001,,,,,,,,,13.42,13.41587162,,,,2025-12-05T13:23:08Z,2001,2001-01-01,2001-12-31
3252799,GHED_CHE_pc_US_SHA2011,COUNTRY,MOZ,AFR,Africa,YEAR,2017,,,,,,,,,36.76,36.75825882,,,,2025-12-05T13:23:08Z,2017,2017-01-01,2017-12-31
3254721,GHED_CHE_pc_US_SHA2011,COUNTRY,JPN,WPR,Western Pacific,YEAR,2017,,,,,,,,,4135.24,4135.24316406,,,,2025-12-05T13:23:08Z,2017,2017-01-01,2017-12-31
3257717,GHED_CHE_pc_US_SHA2011,COUNTRY,POL,EUR,Europe,YEAR,2023,,,,,,,,,1577.98,1577.98168945,,,,2025-12-05T13:23:08Z,2023,2023-01-01,2023-12-31
3259842,GHED_CHE_pc_US_SHA2011,COUNTRY,SVK,EUR,Europe,YEAR,2012,,,,,,,,,1319.44,1319.43823242,,,,2025-12-05T13:23:08Z,2012,2012-01-01,2012-12-31
3262452,GHED_CHE_pc_US_SHA2011,COUNTRY,MOZ,AFR,Africa,YEAR,2005,,,,,,,,,18.41,18.40718079,,,,2025-12-05T13:23:08Z,2005,2005-01-01,2005-12-31
3262634,GHED_CHE_pc_US_SHA2011,COUNTRY,BEN,AFR,Africa,YEAR,2004,,,,,,,,,24.53,24.52665329,,,,2025-12-05T13:23:08Z,2004,2004-01-01,2004-12-31
3265384,GHED_CHE_pc_US_SHA2011,COUNTRY,TON,WPR,Western Pacific,YEAR,2021,,,,,,,,,348.80,348.79745483,,,,2025-12-05T13:23:08Z,2021,2021-01-01,2021-12-31
3267517,GHED_CHE_pc_US_SHA2011,COUNTRY,NZL,WPR,Western Pacific,YEAR,2021,,,,,,,,,4749.04,4749.04199219,,,,2025-12-05T13:23:08Z,2021,2021-01-01,2021-12-31
3268437,GHED_CHE_pc_US_SHA2011,COUNTRY,VUT,WPR,Western Pacific,YEAR,2012,,,,,,,,,118.28,118.27751923,,,,2025-12-05T13:23:08Z,2012,2012-01-01,2012-12-31
3279872,GHED_CHE_pc_US_SHA2011,COUNTRY,SVK,EUR,Europe,YEAR,2006,,,,,,,,,729.01,729.01324463,,,,2025-12-05T13:23:08Z,2006,2006-01-01,2006-12-31
3280523,GHED_CHE_pc_US_SHA2011,COUNTRY,GMB,AFR,Africa,YEAR,2007,,,,,,,,,35.91,35.91078568,,,,2025-12-05T13:23:08Z,2007,2007-01-01,2007-12-31
3282554,GHED_CHE_pc_US_SHA2011,COUNTRY,PAN,AMR,Americas,YEAR,2011,,,,,,,,,664.98,664.97564697,,,,2025-12-05T13:23:08Z,2011,2011-01-01,2011-12-31
3284754,GHED_CHE_pc_US_SHA2011,COUNTRY,YEM,EMR,Eastern Mediterranean,YEAR,2017,,,,,,,,,87.30,87.29970551,,,,2025-12-05T13:23:08Z,2017,2017-01-01,2017-12-31
3289569,GHED_CHE_pc_US_SHA2011,COUNTRY,DZA,AFR,Africa,YEAR,2007,,,,,,,,,150.87,150.86651611,,,,2025-12-05T13:23:08Z,2007,2007-01-01,2007-12-31
3290157,GHED_CHE_pc_US_SHA2011,COUNTRY,LCA,AMR,Americas,YEAR,2022,,,,,,,,,622.07,622.07244873,,,,2025-12-05T13:23:08Z,2022,2022-01-01,2022-12-31
3291178,GHED_CHE_pc_US_SHA2011,COUNTRY,BRA,AMR,Americas,YEAR,2000,,,,,,,,,313.93,313.92590332,,,,2025-12-05T13:23:08Z,2000,2000-01-01,2000-12-31
3293192,GHED_CHE_pc_US_SHA2011,COUNTRY,GBR,EUR,Europe,YEAR,2018,,,,,,,,,4233.63,4233.62988281,,,,2025-12-05T13:23:08Z,2018,2018-01-01,2018-12-31
3293896,GHED_CHE_pc_US_SHA2011,COUNTRY,AGO,AFR,Africa,YEAR,2004,,,,,,,,,50.23,50.23310852,,,,2025-12-05T13:23:08Z,2004,2004-01-01,2004-12-31
3299874,GHED_CHE_pc_US_SHA2011,COUNTRY,FRA,EUR,Europe,YEAR,2011,,,,,,,,,4936.96,4936.95605469,,,,2025-12-05T13:23:08Z,2011,2011-01-01,2011-12-31
3301228,GHED_CHE_pc_US_SHA2011,COUNTRY,CHN,WPR,Western Pacific,YEAR,2004,,,,,,,,,64.28,64.28150177,,,,2025-12-05T13:23:08Z,2004,2004-01-01,2004-12-31
3304890,GHED_CHE_pc_US_SHA2011,COUNTRY,MNG,WPR,Western Pacific,YEAR,2011,,,,,,,,,135.99,135.98664856,,,,2025-12-05T13:23:08Z,2011,2011-01-01,2011-12-31
3305474,GHED_CHE_pc_US_SHA2011,COUNTRY,ARG,AMR,Americas,YEAR,2012,,,,,,,,,1363.22,1363.21618652,,,,2025-12-05T13:23:08Z,2012,2012-01-01,2012-12-31
3306738,GHED_CHE_pc_US_SHA2011,COUNTRY,LBN,EMR,Eastern Mediterranean,YEAR,2010,,,,,,,,,567.26,567.25506592,,,,2025-12-05T13:23:08Z,2010,2010-01-01,2010-12-31
3309618,GHED_CHE_pc_US_SHA2011,COUNTRY,MUS,AFR,Africa,YEAR,2023,,,,,,,,,616.21,616.20739746,,,,2025-12-05T13:23:08Z,2023,2023-01-01,2023-12-31
3312381,GHED_CHE_pc_US_SHA2011,COUNTRY,URY,AMR,Americas,YEAR,2004,,,,,,,,,375.94,375.93881226,,,,2025-12-05T13:23:08Z,2004,2004-01-01,2004-12-31
3314494,GHED_CHE_pc_US_SHA2011,COUNTRY,SWZ,AFR,Africa,YEAR,2013,,,,,,,,,303.40,303.40438843,,,,2025-12-05T13:23:08Z,2013,2013-01-01,2013-12-31
3317646,GHED_CHE_pc_US_SHA2011,COUNTRY,NAM,AFR,Africa,YEAR,2008,,,,,,,,,443.17,443.17068481,,,,2025-12-05T13:23:08Z,2008,2008-01-01,2008-12-31
3319537,GHED_CHE_pc_US_SHA2011,COUNTRY,UGA,AFR,Africa,YEAR,2002,,,,,,,,,15.74,15.74441719,,,,2025-12-05T13:23:08Z,2002,2002-01-01,2002-12-31
3320228,GHED_CHE_pc_US_SHA2011,COUNTRY,THA,SEAR,South-East Asia,YEAR,2003,,,,,,,,,76.13,76.13368225,,,,2025-12-05T13:23:08Z,2003,2003-01-01,2003-12-31
3323466,GHED_CHE_pc_US_SHA2011,COUNTRY,SYR,EMR,Eastern Mediterranean,YEAR,2002,,,,,,,,,62.75,62.74715805,,,,2025-12-05T13:23:08Z,2002,2002-01-01,2002-12-31
3323576,GHED_CHE_pc_US_SHA2011,COUNTRY,RWA,AFR,Africa,YEAR,2002,,,,,,,,,7.32,7.32393837,,,,2025-12-05T13:23:08Z,2002,2002-01-01,2002-12-31
3324798,GHED_CHE_pc_US_SHA2011,COUNTRY,JOR,EMR,Eastern Mediterranean,YEAR,2002,,,,,,,,,164.75,164.75001526,,,,2025-12-05T13:23:08Z,2002,2002-01-01,2002-12-31
3326501,GHED_CHE_pc_US_SHA2011,COUNTRY,ISL,EUR,Europe,YEAR,2002,,,,,,,,,3046.82,3046.81665039,,,,2025-12-05T13:23:08Z,2002,2002-01-01,2002-12-31
3328563,GHED_CHE_pc_US_SHA2011,COUNTRY,ISR,EUR,Europe,YEAR,2009,,,,,,,,,2034.46,2034.45812988,,,,2025-12-05T13:23:08Z,2009,2009-01-01,2009-12-31
3332102,GHED_CHE_pc_US_SHA2011,COUNTRY,MYS,WPR,Western Pacific,YEAR,2002,,,,,,,,,121.61,121.61391449,,,,2025-12-05T13:23:08Z,2002,2002-01-01,2002-12-31
3333777,GHED_CHE_pc_US_SHA2011,COUNTRY,MMR,SEAR,South-East Asia,YEAR,2000,,,,,,,,,4.47,4.47214985,,,,2025-12-05T13:23:08Z,2000,2000-01-01,2000-12-31
3335539,GHED_CHE_pc_US_SHA2011,COUNTRY,COG,AFR,Africa,YEAR,2021,,,,,,,,,78.60,78.60149384,,,,2025-12-05T13:23:08Z,2021,2021-01-01,2021-12-31
3340200,GHED_CHE_pc_US_SHA2011,COUNTRY,GNB,AFR,Africa,YEAR,2006,,,,,,,,,22.78,22.77665329,,,,2025-12-05T13:23:08Z,2006,2006-01-01,2006-12-31
3341140,GHED_CHE_pc_US_SHA2011,COUNTRY,SLE,AFR,Africa,YEAR,2005,,,,,,,,,26.05,26.04933357,,,,2025-12-05T13:23:08Z,2005,2005-01-01,2005-12-31
3342496,GHED_CHE_pc_US_SHA2011,COUNTRY,SDN,EMR,Eastern Mediterranean,YEAR,2016,,,,,,,,,89.40,89.39633942,,,,2025-12-05T13:23:08Z,2016,2016-01-01,2016-12-31
3343816,GHED_CHE_pc_US_SHA2011,COUNTRY,MNE,EUR,Europe,YEAR,2016,,,,,,,,,604.89,604.88665771,,,,2025-12-05T13:23:08Z,2016,2016-01-01,2016-12-31
3351833,GHED_CHE_pc_US_SHA2011,COUNTRY,SSD,AFR,Africa,YEAR,2020,,,,,,,,,47.40,47.40253067,,,,2025-12-05T13:23:08Z,2020,2020-01-01,2020-12-31
3352054,GHED_CHE_pc_US_SHA2011,COUNTRY,MLI,AFR,Africa,YEAR,2015,,,,,,,,,28.98,28.97842216,,,,2025-12-05T13:23:08Z,2015,2015-01-01,2015-12-31
3353895,GHED_CHE_pc_US_SHA2011,COUNTRY,GUY,AMR,Americas,YEAR,2023,,,,,,,,,505.03,505.03240967,,,,2025-12-05T13:23:08Z,2023,2023-01-01,2023-12-31
3354112,GHED_CHE_pc_US_SHA2011,COUNTRY,NRU,WPR,Western Pacific,YEAR,2006,,,,,,,,,363.46,363.46365356,,,,2025-12-05T13:23:08Z,2006,2006-01-01,2006-12-31
3354283,GHED_CHE_pc_US_SHA2011,COUNTRY,ZAF,AFR,Africa,YEAR,2019,,,,,,,,,538.80,538.80438232,,,,2025-12-05T13:23:08Z,2019,2019-01-01,2019-12-31
3355213,GHED_CHE_pc_US_SHA2011,COUNTRY,COD,AFR,Africa,YEAR,2021,,,,,,,,,21.59,21.58848572,,,,2025-12-05T13:23:08Z,2021,2021-01-01,2021-12-31
3356734,GHED_CHE_pc_US_SHA2011,COUNTRY,VUT,WPR,Western Pacific,YEAR,2022,,,,,,,,,136.80,136.79508972,,,,2025-12-05T13:23:08Z,2022,2022-01-01,2022-12-31
3358693,GHED_CHE_pc_US_SHA2011,COUNTRY,SVK,EUR,Europe,YEAR,2020,,,,,,,,,1393.62,1393.62438965,,,,2025-12-05T13:23:08Z,2020,2020-01-01,2020-12-31
3359046,GHED_CHE_pc_US_SHA2011,GLOBAL,GLOBAL,,,YEAR,2015,,,,,,,,,1063.72,1063.72061347,,,,2026-01-12T13:50:53Z,2015,2015-01-01,2015-12-31
3363025,GHED_CHE_pc_US_SHA2011,COUNTRY,WSM,WPR,Western Pacific,YEAR,2008,,,,,,,,,156.89,156.89399719,,,,2025-12-05T13:23:08Z,2008,2008-01-01,2008-12-31
3365603,GHED_CHE_pc_US_SHA2011,WORLDBANKINCOMEGROUP,WB_UMI,,,YEAR,2017,,,,,,,,,441.23,441.23091687,,,,2025-12-05T13:23:08Z,2017,2017-01-01,2017-12-31
3365608,GHED_CHE_pc_US_SHA2011,COUNTRY,GBR,EUR,Europe,YEAR,2016,,,,,,,,,4043.35,4043.35253906,,,,2025-12-05T13:23:08Z,2016,2016-01-01,2016-12-31
3368307,GHED_CHE_pc_US_SHA2011,COUNTRY,YEM,EMR,Eastern Mediterranean,YEAR,2006,,,,,,,,,44.82,44.81512451,,,,2025-12-05T13:23:08Z,2006,2006-01-01,2006-12-31
3370015,GHED_CHE_pc_US_SHA2011,COUNTRY,DOM,AMR,Americas,YEAR,2007,,,,,,,,,190.14,190.14048767,,,,2025-12-05T13:23:08Z,2007,2007-01-01,2007-12-31
3370825,GHED_CHE_pc_US_SHA2011,COUNTRY,IRL,EUR,Europe,YEAR,2006,,,,,,,,,4147.13,4147.1328125,,,,2025-12-05T13:23:08Z,2006,2006-01-01,2006-12-31
3379276,GHED_CHE_pc_US_SHA2011,COUNTRY,PSE,EMR,Eastern Mediterranean,YEAR,2000,,,,,,,,,129.55,129.54533386,,,,2025-12-05T13:23:08Z,2000,2000-01-01,2000-12-31
3379681,GHED_CHE_pc_US_SHA2011,COUNTRY,KAZ,EUR,Europe,YEAR,2017,,,,,,,,,272.98,272.98272705,,,,2025-12-05T13:23:08Z,2017,2017-01-01,2017-12-31
3380082,GHED_CHE_pc_US_SHA2011,COUNTRY,LCA,AMR,Americas,YEAR,2006,,,,,,,,,389.95,389.94595337,,,,2025-12-05T13:23:08Z,2006,2006-01-01,2006-12-31
3381551,GHED_CHE_pc_US_SHA2011,COUNTRY,NIU,WPR,Western Pacific,YEAR,2015,,,,,,,,,1147.73,1147.73083496,,,,2025-12-05T13:23:08Z,2015,2015-01-01,2015-12-31
3382334,GHED_CHE_pc_US_SHA2011,COUNTRY,UZB,EUR,Europe,YEAR,2022,,,,,,,,,170.64,170.64073181,,,,2025-12-05T13:23:08Z,2022,2022-01-01,2022-12-31
3383229,GHED_CHE_pc_US_SHA2011,COUNTRY,COM,AFR,Africa,YEAR,2003,,,,,,,,,63.92,63.91786194,,,,2025-12-05T13:23:08Z,2003,2003-01-01,2003-12-31
3392325,GHED_CHE_pc_US_SHA2011,COUNTRY,ARE,EMR,Eastern Mediterranean,YEAR,2013,,,,,,,,,1789.69,1789.68579102,,,,2025-12-05T13:23:08Z,2013,2013-01-01,2013-12-31
3392599,GHED_CHE_pc_US_SHA2011,COUNTRY,DMA,AMR,Americas,YEAR,2020,,,,,,,,,452.66,452.65899658,,,,2025-12-05T13:23:08Z,2020,2020-01-01,2020-12-31
3394432,GHED_CHE_pc_US_SHA2011,COUNTRY,CHE,EUR,Europe,YEAR,2008,,,,,,,,,7075.71,7075.70751953,,,,2025-12-05T13:23:08Z,2008,2008-01-01,2008-12-31
3395152,GHED_CHE_pc_US_SHA2011,COUNTRY,ZMB,AFR,Africa,YEAR,2017,,,,,,,,,70.93,70.93283844,,,,2025-12-05T13:23:08Z,2017,2017-01-01,2017-12-31
3396185,GHED_CHE_pc_US_SHA2011,COUNTRY,TLS,SEAR,South-East Asia,YEAR,2017,,,,,,,,,86.16,86.16269684,,,,2025-12-05T13:23:08Z,2017,2017-01-01,2017-12-31
3397765,GHED_CHE_pc_US_SHA2011,COUNTRY,BLR,EUR,Europe,YEAR,2007,,,,,,,,,278.63,278.63424683,,,,2025-12-05T13:23:08Z,2007,2007-01-01,2007-12-31
3400076,GHED_CHE_pc_US_SHA2011,COUNTRY,RWA,AFR,Africa,YEAR,2023,,,,,,,,,52.66,52.65630722,,,,2025-12-05T13:23:08Z,2023,2023-01-01,2023-12-31
3406243,GHED_CHE_pc_US_SHA2011,COUNTRY,CHE,EUR,Europe,YEAR,2020,,,,,,,,,10294.58,10294.578125,,,,2025-12-05T13:23:08Z,2020,2020-01-01,2020-12-31
3406737,GHED_CHE_pc_US_SHA2011,COUNTRY,MUS,AFR,Africa,YEAR,2009,,,,,,,,,301.67,301.67260742,,,,2025-12-05T13:23:08Z,2009,2009-01-01,2009-12-31
3406936,GHED_CHE_pc_US_SHA2011,REGION,AFR,,,YEAR,2012,,,,,,,,,126.27,126.26594411,,,,2025-12-05T13:23:08Z,2012,2012-01-01,2012-12-31
3412203,GHED_CHE_pc_US_SHA2011,COUNTRY,EST,EUR,Europe,YEAR,2015,,,,,,,,,1156.20,1156.20275879,,,,2025-12-05T13:23:08Z,2015,2015-01-01,2015-12-31
3421462,GHED_CHE_pc_US_SHA2011,COUNTRY,PHL,WPR,Western Pacific,YEAR,2004,,,,,,,,,33.50,33.50411606,,,,2025-12-05T13:23:08Z,2004,2004-01-01,2004-12-31
3422954,GHED_CHE_pc_US_SHA2011,COUNTRY,PSE,EMR,Eastern Mediterranean,YEAR,2008,,,,,,,,,200.96,200.96418762,,,,2025-12-05T13:23:08Z,2008,2008-01-01,2008-12-31
3426881,GHED_CHE_pc_US_SHA2011,COUNTRY,FJI,WPR,Western Pacific,YEAR,2012,,,,,,,,,153.57,153.56562805,,,,2025-12-05T13:23:08Z,2012,2012-01-01,2012-12-31
3427969,GHED_CHE_pc_US_SHA2011,COUNTRY,MAR,EMR,Eastern Mediterranean,YEAR,2018,,,,,,,,,175.71,175.70518494,,,,2025-12-05T13:23:08Z,2018,2018-01-01,2018-12-31
3428071,GHED_CHE_pc_US_SHA2011,COUNTRY,TUV,WPR,Western Pacific,YEAR,2012,,,,,,,,,499.22,499.21899414,,,,2025-12-05T13:23:08Z,2012,2012-01-01,2012-12-31
3428878,GHED_CHE_pc_US_SHA2011,COUNTRY,LAO,WPR,Western Pacific,YEAR,2013,,,,,,,,,43.50,43.49770355,,,,2025-12-05T13:23:08Z,2013,2013-01-01,2013-12-31
3429466,GHED_CHE_pc_US_SHA2011,COUNTRY,AUT,EUR,Europe,YEAR,2012,,,,,,,,,4983.68,4983.67724609,,,,2025-12-05T13:23:08Z,2012,2012-01-01,2012-12-31
3431277,GHED_CHE_pc_US_SHA2011,COUNTRY,NPL,SEAR,South-East Asia,YEAR,2015,,,,,,,,,46.50,46.49585342,,,,2025-12-05T13:23:08Z,2015,2015-01-01,2015-12-31
3431539,GHED_CHE_pc_US_SHA2011,COUNTRY,BEN,AFR,Africa,YEAR,2009,,,,,,,,,29.69,29.69425583,,,,2025-12-05T13:23:08Z,2009,2009-01-01,2009-12-31
3432148,GHED_CHE_pc_US_SHA2011,REGION,EUR,,,YEAR,2016,,,,,,,,,2398.88,2398.87711857,,,,2025-12-05T13:23:08Z,2016,2016-01-01,2016-12-31
3432450,GHED_CHE_pc_US_SHA2011,COUNTRY,BRB,AMR,Americas,YEAR,2005,,,,,,,,,963.08,963.07849121,,,,2025-12-05T13:23:08Z,2005,2005-01-01,2005-12-31
3435604,GHED_CHE_pc_US_SHA2011,COUNTRY,KOR,WPR,Western Pacific,YEAR,2000,,,,,,,,,475.25,475.2520752,,,,2025-12-05T13:23:08Z,2000,2000-01-01,2000-12-31
3436549,GHED_CHE_pc_US_SHA2011,COUNTRY,KHM,WPR,Western Pacific,YEAR,2019,,,,,,,,,112.59,112.5851059,,,,2025-12-05T13:23:08Z,2019,2019-01-01,2019-12-31
3437653,GHED_CHE_pc_US_SHA2011,COUNTRY,BOL,AMR,Americas,YEAR,2020,,,,,,,,,248.70,248.69514465,,,,2025-12-05T13:23:08Z,2020,2020-01-01,2020-12-31
3437892,GHED_CHE_pc_US_SHA2011,COUNTRY,KGZ,EUR,Europe,YEAR,2019,,,,,,,,,61.40,61.39657974,,,,2025-12-05T13:23:08Z,2019,2019-01-01,2019-12-31
3441060,GHED_CHE_pc_US_SHA2011,COUNTRY,COL,AMR,Americas,YEAR,2008,,,,,,,,,379.17,379.16812134,,,,2025-12-05T13:23:08Z,2008,2008-01-01,2008-12-31
3441179,GHED_CHE_pc_US_SHA2011,COUNTRY,GIN,AFR,Africa,YEAR,2015,,,,,,,,,43.42,43.41540527,,,,2025-12-05T13:23:08Z,2015,2015-01-01,2015-12-31
3443301,GHED_CHE_pc_US_SHA2011,COUNTRY,WSM,WPR,Western Pacific,YEAR,2005,,,,,,,,,121.24,121.24176788,,,,2025-12-05T13:23:08Z,2005,2005-01-01,2005-12-31
3448571,GHED_CHE_pc_US_SHA2011,COUNTRY,FSM,WPR,Western Pacific,YEAR,2021,,,,,,,,,399.44,399.43988037,,,,2025-12-05T13:23:08Z,2021,2021-01-01,2021-12-31
3453196,GHED_CHE_pc_US_SHA2011,COUNTRY,LBY,EMR,Eastern Mediterranean,YEAR,2023,,,,,,,,,470.40,470.4034729,,,,2025-12-05T13:23:08Z,2023,2023-01-01,2023-12-31
3455856,GHED_CHE_pc_US_SHA2011,COUNTRY,DZA,AFR,Africa,YEAR,2022,,,,,,,,,180.33,180.33454895,,,,2025-12-05T13:23:08Z,2022,2022-01-01,2022-12-31
3456209,GHED_CHE_pc_US_SHA2011,COUNTRY,UZB,EUR,Europe,YEAR,2004,,,,,,,,,28.02,28.02430153,,,,2025-12-05T13:23:08Z,2004,2004-01-01,2004-12-31
3456648,GHED_CHE_pc_US_SHA2011,COUNTRY,MKD,EUR,Europe,YEAR,2021,,,,,,,,,636.65,636.65447998,,,,2025-12-05T13:23:08Z,2021,2021-01-01,2021-12-31
3458941,GHED_CHE_pc_US_SHA2011,COUNTRY,KEN,AFR,Africa,YEAR,2023,,,,,,,,,84.96,84.958992,,,,2025-12-05T13:23:08Z,2023,2023-01-01,2023-12-31
3461712,GHED_CHE_pc_US_SHA2011,COUNTRY,SYC,AFR,Africa,YEAR,2017,,,,,,,,,667.10,667.09515381,,,,2025-12-05T13:23:08Z,2017,2017-01-01,2017-12-31
3463331,GHED_CHE_pc_US_SHA2011,COUNTRY,AGO,AFR,Africa,YEAR,2020,,,,,,,,,56.02,56.01641846,,,,2025-12-05T13:23:08Z,2020,2020-01-01,2020-12-31
3465862,GHED_CHE_pc_US_SHA2011,COUNTRY,UZB,EUR,Europe,YEAR,2007,,,,,,,,,46.90,46.89629364,,,,2025-12-05T13:23:08Z,2007,2007-01-01,2007-12-31
3468020,GHED_CHE_pc_US_SHA2011,COUNTRY,YEM,EMR,Eastern Mediterranean,YEAR,2013,,,,,,,,,68.40,68.39746857,,,,2025-12-05T13:23:08Z,2013,2013-01-01,2013-12-31
3468362,GHED_CHE_pc_US_SHA2011,COUNTRY,BEL,EUR,Europe,YEAR,2002,,,,,,,,,2084.72,2084.7199707,,,,2025-12-05T13:23:08Z,2002,2002-01-01,2002-12-31
3468403,GHED_CHE_pc_US_SHA2011,COUNTRY,LBN,EMR,Eastern Mediterranean,YEAR,2019,,,,,,,,,798.13,798.13421631,,,,2025-12-05T13:23:08Z,2019,2019-01-01,2019-12-31
3471200,GHED_CHE_pc_US_SHA2011,COUNTRY,SYC,AFR,Africa,YEAR,2012,,,,,,,,,563.00,562.99871826,,,,2025-12-05T13:23:08Z,2012,2012-01-01,2012-12-31
3471681,GHED_CHE_pc_US_SHA2011,COUNTRY,CZE,EUR,Europe,YEAR,2011,,,,,,,,,1649.16,1649.15905762,,,,2025-12-05T13:23:08Z,2011,2011-01-01,2011-12-31
3472148,GHED_CHE_pc_US_SHA2011,COUNTRY,MCO,EUR,Europe,YEAR,2016,,,,,,,,,7157.93,7157.92578125,,,,2025-12-05T13:23:08Z,2016,2016-01-01,2016-12-31
3473430,GHED_CHE_pc_US_SHA2011,COUNTRY,BLZ,AMR,Americas,YEAR,2019,,,,,,,,,298.14,298.14306641,,,,2025-12-05T13:23:08Z,2019,2019-01-01,2019-12-31
520,GHED_CHE_pc_US_SHA2011,COUNTRY,MDA,EUR,Europe,YEAR,2010,,,,,,,,,198.29,198.28894043,,,,2025-12-05T13:23:08Z,2010,2010-01-01,2010-12-31
1557,GHED_CHE_pc_US_SHA2011,COUNTRY,BHS,AMR,Americas,YEAR,2003,,,,,,,,,1062.44,1062.43786621,,,,2025-12-05T13:23:08Z,2003,2003-01-01,2003-12-31
2251,GHED_CHE_pc_US_SHA2011,COUNTRY,ARE,EMR,Eastern Mediterranean,YEAR,2023,,,,,,,,,2401.52,2401.52026367,,,,2025-12-05T13:23:08Z,2023,2023-01-01,2023-12-31
2969,GHED_CHE_pc_US_SHA2011,COUNTRY,JPN,WPR,Western Pacific,YEAR,2014,,,,,,,,,4121.21,4121.21142578,,,,2025-12-05T13:23:08Z,2014,2014-01-01,2014-12-31
5325,GHED_CHE_pc_US_SHA2011,COUNTRY,MEX,AMR,Americas,YEAR,2020,,,,,,,,,535.12,535.11669922,,,,2025-12-05T13:23:08Z,2020,2020-01-01,2020-12-31
15764,GHED_CHE_pc_US_SHA2011,COUNTRY,HND,AMR,Americas,YEAR,2005,,,,,,,,,97.86,97.86359406,,,,2025-12-05T13:23:08Z,2005,2005-01-01,2005-12-31
21923,GHED_CHE_pc_US_SHA2011,COUNTRY,DJI,EMR,Eastern Mediterranean,YEAR,2008,,,,,,,,,55.91,55.90976715,,,,2025-12-05T13:23:08Z,2008,2008-01-01,2008-12-31
24118,GHED_CHE_pc_US_SHA2011,COUNTRY,CRI,AMR,Americas,YEAR,2019,,,,,,,,,930.44,930.43511963,,,,2025-12-05T13:23:08Z,2019,2019-01-01,2019-12-31
24719,GHED_CHE_pc_US_SHA2011,COUNTRY,GIN,AFR,Africa,YEAR,2020,,,,,,,,,41.10,41.1027565,,,,2025-12-05T13:23:08Z,2020,2020-01-01,2020-12-31
28733,GHED_CHE_pc_US_SHA2011,COUNTRY,BRN,WPR,Western Pacific,YEAR,2000,,,,,,,,,519.05,519.05047607,,,,2025-12-05T13:23:08Z,2000,2000-01-01,2000-12-31
32260,GHED_CHE_pc_US_SHA2011,COUNTRY,FIN,EUR,Europe,YEAR,2015,,,,,,,,,4128.21,4128.20751953,,,,2025-12-05T13:23:08Z,2015,2015-01-01,2015-12-31
32818,GHED_CHE_pc_US_SHA2011,COUNTRY,BRA,AMR,Americas,YEAR,2013,,,,,,,,,993.80,993.79608154,,,,2025-12-05T13:23:08Z,2013,2013-01-01,2013-12-31
32848,GHED_CHE_pc_US_SHA2011,COUNTRY,GIN,AFR,Africa,YEAR,2014,,,,,,,,,36.64,36.63517761,,,,2025-12-05T13:23:08Z,2014,2014-01-01,2014-12-31
34684,GHED_CHE_pc_US_SHA2011,COUNTRY,CHE,EUR,Europe,YEAR,2000,,,,,,,,,3550.13,3550.12597656,,,,2025-12-05T13:23:08Z,2000,2000-01-01,2000-12-31
36086,GHED_CHE_pc_US_SHA2011,COUNTRY,SRB,EUR,Europe,YEAR,2001,,,,,,,,,112.20,112.19754028,,,,2025-12-05T13:23:08Z,2001,2001-01-01,2001-12-31
37965,GHED_CHE_pc_US_SHA2011,COUNTRY,KWT,EMR,Eastern Mediterranean,YEAR,2012,,,,,,,,,1216.87,1216.8684082,,,,2025-12-05T13:23:08Z,2012,2012-01-01,2012-12-31
38401,GHED_CHE_pc_US_SHA2011,COUNTRY,CZE,EUR,Europe,YEAR,2000,,,,,,,,,342.92,342.92108154,,,,2025-12-05T13:23:08Z,2000,2000-01-01,2000-12-31
40291,GHED_CHE_pc_US_SHA2011,COUNTRY,OMN,EMR,Eastern Mediterranean,YEAR,2006,,,,,,,,,341.98,341.97601318,,,,2025-12-05T13:23:08Z,2006,2006-01-01,2006-12-31
42538,GHED_CHE_pc_US_SHA2011,COUNTRY,SDN,EMR,Eastern Mediterranean,YEAR,2008,,,,,,,,,82.84,82.84276581,,,,2025-12-05T13:23:08Z,2008,2008-01-01,2008-12-31
42910,GHED_CHE_pc_US_SHA2011,COUNTRY,ATG,AMR,Americas,YEAR,2007,,,,,,,,,714.27,714.27496338,,,,2025-12-05T13:23:08Z,2007,2007-01-01,2007-12-31
43939,GHED_CHE_pc_US_SHA2011,COUNTRY,BEN,AFR,Africa,YEAR,2011,,,,,,,,,31.77,31.76816368,,,,2025-12-05T13:23:08Z,2011,2011-01-01,2011-12-31
46693,GHED_CHE_pc_US_SHA2011,COUNTRY,ISR,EUR,Europe,YEAR,2004,,,,,,,,,1438.99,1438.98999023,,,,2025-12-05T13:23:08Z,2004,2004-01-01,2004-12-31
48220,GHED_CHE_pc_US_SHA2011,COUNTRY,BIH,EUR,Europe,YEAR,2014,,,,,,,,,493.07,493.07333374,,,,2025-12-05T13:23:08Z,2014,2014-01-01,2014-12-31
50098,GHED_CHE_pc_US_SHA2011,COUNTRY,GBR,EUR,Europe,YEAR,2014,,,,,,,,,4733.37,4733.37060547,,,,2025-12-05T13:23:08Z,2014,2014-01-01,2014-12-31
51028,GHED_CHE_pc_US_SHA2011,COUNTRY,NOR,EUR,Europe,YEAR,2008,,,,,,,,,7768.05,7768.05029297,,,,2025-12-05T13:23:08Z,2008,2008-01-01,2008-12-31
54530,GHED_CHE_pc_US_SHA2011,COUNTRY,AUS,WPR,Western Pacific,YEAR,2003,,,,,,,,,2227.13,2227.12768555,,,,2025-12-05T13:23:08Z,2003,2003-01-01,2003-12-31
56612,GHED_CHE_pc_US_SHA2011,COUNTRY,SLE,AFR,Africa,YEAR,2016,,,,,,,,,84.22,84.22316742,,,,2025-12-05T13:23:08Z,2016,2016-01-01,2016-12-31
58940,GHED_CHE_pc_US_SHA2011,COUNTRY,EGY,EMR,Eastern Mediterranean,YEAR,2006,,,,,,,,,66.33,66.32707214,,,,2025-12-05T13:23:08Z,2006,2006-01-01,2006-12-31
62930,GHED_CHE_pc_US_SHA2011,COUNTRY,SGP,WPR,Western Pacific,YEAR,2010,,,,,,,,,1510.67,1510.66784668,,,,2025-12-05T13:23:08Z,2010,2010-01-01,2010-12-31
63313,GHED_CHE_pc_US_SHA2011,COUNTRY,ITA,EUR,Europe,YEAR,2000,,,,,,,,,1524.24,1524.23962402,,,,2025-12-05T13:23:08Z,2000,2000-01-01,2000-12-31
66685,GHED_CHE_pc_US_SHA2011,COUNTRY,NGA,AFR,Africa,YEAR,2003,,,,,,,,,37.91,37.91439438,,,,2025-12-05T13:23:08Z,2003,2003-01-01,2003-12-31
67311,GHED_CHE_pc_US_SHA2011,COUNTRY,EGY,EMR,Eastern Mediterranean,YEAR,2003,,,,,,,,,50.35,50.34780884,,,,2025-12-05T13:23:08Z,2003,2003-01-01,2003-12-31
69239,GHED_CHE_pc_US_SHA2011,COUNTRY,KNA,AMR,Americas,YEAR,2001,,,,,,,,,440.22,440.21563721,,,,2025-12-05T13:23:08Z,2001,2001-01-01,2001-12-31
69251,GHED_CHE_pc_US_SHA2011,COUNTRY,MRT,AFR,Africa,YEAR,2020,,,,,,,,,53.90,53.89974594,,,,2025-12-05T13:23:08Z,2020,2020-01-01,2020-12-31
69278,GHED_CHE_pc_US_SHA2011,COUNTRY,BEL,EUR,Europe,YEAR,2003,,,,,,,,,2822.50,2822.50341797,,,,2025-12-05T13:23:08Z,2003,2003-01-01,2003-12-31
73280,GHED_CHE_pc_US_SHA2011,COUNTRY,JPN,WPR,Western Pacific,YEAR,2021,,,,,,,,,4843.94,4843.94433594,,,,2025-12-05T13:23:08Z,2021,2021-01-01,2021-12-31
83245,GHED_CHE_pc_US_SHA2011,COUNTRY,LKA,SEAR,South-East Asia,YEAR,2002,,,,,,,,,41.24,41.24043274,,,,2025-12-05T13:23:08Z,2002,2002-01-01,2002-12-31
89660,GHED_CHE_pc_US_SHA2011,COUNTRY,LAO,WPR,Western Pacific,YEAR,2004,,,,,,,,,16.23,16.23278809,,,,2025-12-05T13:23:08Z,2004,2004-01-01,2004-12-31
92072,GHED_CHE_pc_US_SHA2011,COUNTRY,COL,AMR,Americas,YEAR,2019,,,,,,,,,507.06,507.06231689,,,,2025-12-05T13:23:08Z,2019,2019-01-01,2019-12-31
92834,GHED_CHE_pc_US_SHA2011,COUNTRY,GNB,AFR,Africa,YEAR,2005,,,,,,,,,21.00,20.99864388,,,,2025-12-05T13:23:08Z,2005,2005-01-01,2005-12-31
93393,GHED_CHE_pc_US_SHA2011,COUNTRY,FIN,EUR,Europe,YEAR,2014,,,,,,,,,4922.43,4922.4296875,,,,2025-12-05T13:23:08Z,2014,2014-01-01,2014-12-31
94245,GHED_CHE_pc_US_SHA2011,COUNTRY,TZA,AFR,Africa,YEAR,2006,,,,,,,,,35.60,35.59762955,,,,2025-12-05T13:23:08Z,2006,2006-01-01,2006-12-31
98403,GHED_CHE_pc_US_SHA2011,COUNTRY,ERI,AFR,Africa,YEAR,2021,,,,,,,,,27.59,27.58759499,,,,2025-12-05T13:23:08Z,2021,2021-01-01,2021-12-31
100788,GHED_CHE_pc_US_SHA2011,COUNTRY,ATG,AMR,Americas,YEAR,2002,,,,,,,,,559.08,559.08331299,,,,2025-12-05T13:23:08Z,2002,2002-01-01,2002-12-31
102736,GHED_CHE_pc_US_SHA2011,COUNTRY,PRY,AMR,Americas,YEAR,2021,,,,,,,,,480.11,480.11322021,,,,2025-12-05T13:23:08Z,2021,2021-01-01,2021-12-31
105774,GHED_CHE_pc_US_SHA2011,COUNTRY,LBR,AFR,Africa,YEAR,2013,,,,,,,,,48.73,48.72935104,,,,2025-12-05T13:23:08Z,2013,2013-01-01,2013-12-31
109506,GHED_CHE_pc_US_SHA2011,COUNTRY,GAB,AFR,Africa,YEAR,2008,,,,,,,,,275.89,275.89450073,,,,2025-12-05T13:23:08Z,2008,2008-01-01,2008-12-31
112270,GHED_CHE_pc_US_SHA2011,COUNTRY,SRB,EUR,Europe,YEAR,2012,,,,,,,,,559.91,559.90545654,,,,2025-12-05T13:23:08Z,2012,2012-01-01,2012-12-31
112962,GHED_CHE_pc_US_SHA2011,COUNTRY,PER,AMR,Americas,YEAR,2015,,,,,,,,,310.61,310.60983276,,,,2025-12-05T13:23:08Z,2015,2015-01-01,2015-12-31
113237,GHED_CHE_pc_US_SHA2011,COUNTRY,ARE,EMR,Eastern Mediterranean,YEAR,2008,,,,,,,,,1465.82,1465.82446289,,,,2025-12-05T13:23:08Z,2008,2008-01-01,2008-12-31
117279,GHED_CHE_pc_US_SHA2011,COUNTRY,COD,AFR,Africa,YEAR,2010,,,,,,,,,12.14,12.1423111,,,,2025-12-05T13:23:08Z,2010,2010-01-01,2010-12-31
118477,GHED_CHE_pc_US_SHA2011,COUNTRY,MDA,EUR,Europe,YEAR,2012,,,,,,,,,223.62,223.61895752,,,,2025-12-05T13:23:08Z,2012,2012-01-01,2012-12-31
120625,GHED_CHE_pc_US_SHA2011,COUNTRY,GRC,EUR,Europe,YEAR,2000,,,,,,,,,885.41,885.41052246,,,,2025-12-05T13:23:08Z,2000,2000-01-01,2000-12-31
129740,GHED_CHE_pc_US_SHA2011,COUNTRY,AUS,WPR,Western Pacific,YEAR,2021,,,,,,,,,7092.13,7092.13476563,,,,2025-12-05T13:23:08Z,2021,2021-01-01,2021-12-31
131450,GHED_CHE_pc_US_SHA2011,COUNTRY,IDN,WPR,Western Pacific,YEAR,2007,,,,,,,,,56.00,55.99677658,,,,2025-12-05T13:23:08Z,2007,2007-01-01,2007-12-31
133402,GHED_CHE_pc_US_SHA2011,COUNTRY,LSO,AFR,Africa,YEAR,2001,,,,,,,,,28.22,28.22144127,,,,2025-12-05T13:23:08Z,2001,2001-01-01,2001-12-31
138298,GHED_CHE_pc_US_SHA2011,COUNTRY,MDV,SEAR,South-East Asia,YEAR,2014,,,,,,,,,707.39,707.39245605,,,,2025-12-05T13:23:08Z,2014,2014-01-01,2014-12-31
139227,GHED_CHE_pc_US_SHA2011,COUNTRY,DEU,EUR,Europe,YEAR,2000,,,,,,,,,2336.36,2336.36230469,,,,2025-12-05T13:23:08Z,2000,2000-01-01,2000-12-31
140220,GHED_CHE_pc_US_SHA2011,COUNTRY,COG,AFR,Africa,YEAR,2023,,,,,,,,,75.55,75.55332184,,,,2025-12-05T13:23:08Z,2023,2023-01-01,2023-12-31
147742,GHED_CHE_pc_US_SHA2011,COUNTRY,JOR,EMR,Eastern Mediterranean,YEAR,2013,,,,,,,,,308.94,308.94308472,,,,2025-12-05T13:23:08Z,2013,2013-01-01,2013-12-31
148085,GHED_CHE_pc_US_SHA2011,COUNTRY,FRA,EUR,Europe,YEAR,2012,,,,,,,,,4659.92,4659.92431641,,,,2025-12-05T13:23:08Z,2012,2012-01-01,2012-12-31
148734,GHED_CHE_pc_US_SHA2011,COUNTRY,DJI,EMR,Eastern Mediterranean,YEAR,2002,,,,,,,,,39.50,39.49966431,,,,2025-12-05T13:23:08Z,2002,2002-01-01,2002-12-31
153423,GHED_CHE_pc_US_SHA2011,COUNTRY,LCA,AMR,Americas,YEAR,2011,,,,,,,,,462.20,462.20251465,,,,2025-12-05T13:23:08Z,2011,2011-01-01,2011-12-31
153742,GHED_CHE_pc_US_SHA2011,COUNTRY,ARM,EUR,Europe,YEAR,2002,,,,,,,,,59.21,59.20983887,,,,2025-12-05T13:23:08Z,2002,2002-01-01,2002-12-31
155684,GHED_CHE_pc_US_SHA2011,COUNTRY,NRU,WPR,Western Pacific,YEAR,2001,,,,,,,,,349.02,349.01687622,,,,2025-12-05T13:23:08Z,2001,2001-01-01,2001-12-31
156050,GHED_CHE_pc_US_SHA2011,COUNTRY,CAN,AMR,Americas,YEAR,2003,,,,,,,,,2534.86,2534.86474609,,,,2025-12-05T13:23:08Z,2003,2003-01-01,2003-12-31
157614,GHED_CHE_pc_US_SHA2011,COUNTRY,VCT,AMR,Americas,YEAR,2020,,,,,,,,,406.36,406.3571167,,,,2025-12-05T13:23:08Z,2020,2020-01-01,2020-12-31
158895,GHED_CHE_pc_US_SHA2011,COUNTRY,MAR,EMR,Eastern Mediterranean,YEAR,2021,,,,,,,,,209.57,209.57344055,,,,2025-12-05T13:23:08Z,2021,2021-01-01,2021-12-31
160026,GHED_CHE_pc_US_SHA2011,COUNTRY,SOM,EMR,Eastern Mediterranean,YEAR,2014,,,,,,,,,13.15,13.15052128,,,,2025-12-05T13:23:08Z,2014,2014-01-01,2014-12-31
161018,GHED_CHE_pc_US_SHA2011,COUNTRY,ARE,EMR,Eastern Mediterranean,YEAR,2020,,,,,,,,,2154.41,2154.41113281,,,,2025-12-05T13:23:08Z,2020,2020-01-01,2020-12-31
161476,GHED_CHE_pc_US_SHA2011,COUNTRY,MDG,AFR,Africa,YEAR,2005,,,,,,,,,15.95,15.9498682,,,,2025-12-05T13:23:08Z,2005,2005-01-01,2005-12-31
161786,GHED_CHE_pc_US_SHA2011,COUNTRY,CPV,AFR,Africa,YEAR,2005,,,,,,,,,96.09,96.08917999,,,,2025-12-05T13:23:08Z,2005,2005-01-01,2005-12-31
164758,GHED_CHE_pc_US_SHA2011,REGION,EUR,,,YEAR,2001,,,,,,,,,1011.29,1011.29275877,,,,2025-12-05T13:23:08Z,2001,2001-01-01,2001-12-31
164760,GHED_CHE_pc_US_SHA2011,COUNTRY,GUY,AMR,Americas,YEAR,2008,,,,,,,,,138.70,138.70043945,,,,2025-12-05T13:23:08Z,2008,2008-01-01,2008-12-31
166618,GHED_CHE_pc_US_SHA2011,COUNTRY,BEL,EUR,Europe,YEAR,2021,,,,,,,,,5847.17,5847.17333984,,,,2025-12-05T13:23:08Z,2021,2021-01-01,2021-12-31
167355,GHED_CHE_pc_US_SHA2011,COUNTRY,GEO,EUR,Europe,YEAR,2007,,,,,,,,,195.99,195.9908905,,,,2025-12-05T13:23:08Z,2007,2007-01-01,2007-12-31
171580,GHED_CHE_pc_US_SHA2011,COUNTRY,TLS,SEAR,South-East Asia,YEAR,2022,,,,,,,,,174.92,174.91529846,,,,2025-12-05T13:23:08Z,2022,2022-01-01,2022-12-31
172125,GHED_CHE_pc_US_SHA2011,COUNTRY,IDN,WPR,Western Pacific,YEAR,2012,,,,,,,,,105.85,105.85425568,,,,2025-12-05T13:23:08Z,2012,2012-01-01,2012-12-31
172384,GHED_CHE_pc_US_SHA2011,COUNTRY,CMR,AFR,Africa,YEAR,2001,,,,,,,,,29.82,29.82297325,,,,2025-12-05T13:23:08Z,2001,2001-01-01,2001-12-31
176673,GHED_CHE_pc_US_SHA2011,COUNTRY,DNK,EUR,Europe,YEAR,2001,,,,,,,,,2597.97,2597.97290039,,,,2025-12-05T13:23:08Z,2001,2001-01-01,2001-12-31
177795,GHED_CHE_pc_US_SHA2011,COUNTRY,LUX,EUR,Europe,YEAR,2019,,,,,,,,,6221.74,6221.73876953,,,,2025-12-05T13:23:08Z,2019,2019-01-01,2019-12-31
178738,GHED_CHE_pc_US_SHA2011,COUNTRY,LBR,AFR,Africa,YEAR,2001,,,,,,,,,6.46,6.46313238,,,,2025-12-05T13:23:08Z,2001,2001-01-01,2001-12-31
178861,GHED_CHE_pc_US_SHA2011,COUNTRY,DZA,AFR,Africa,YEAR,2021,,,,,,,,,208.94,208.93911743,,,,2025-12-05T13:23:08Z,2021,2021-01-01,2021-12-31
184393,GHED_CHE_pc_US_SHA2011,COUNTRY,CHE,EUR,Europe,YEAR,2009,,,,,,,,,7263.63,7263.62695313,,,,2025-12-05T13:23:08Z,2009,2009-01-01,2009-12-31
185163,GHED_CHE_pc_US_SHA2011,COUNTRY,EGY,EMR,Eastern Mediterranean,YEAR,2001,,,,,,,,,68.67,68.67334747,,,,2025-12-05T13:23:08Z,2001,2001-01-01,2001-12-31
185970,GHED_CHE_pc_US_SHA2011,COUNTRY,USA,AMR,Americas,YEAR,2013,,,,,,,,,8412.25,8412.25195313,,,,2025-12-05T13:23:08Z,2013,2013-01-01,2013-12-31
190616,GHED_CHE_pc_US_SHA2011,COUNTRY,PRY,AMR,Americas,YEAR,2013,,,,,,,,,391.80,391.80084229,,,,2025-12-05T13:23:08Z,2013,2013-01-01,2013-12-31
193461,GHED_CHE_pc_US_SHA2011,COUNTRY,TTO,AMR,Americas,YEAR,2001,,,,,,,,,272.73,272.72851563,,,,2025-12-05T13:23:08Z,2001,2001-01-01,2001-12-31
194428,GHED_CHE_pc_US_SHA2011,COUNTRY,GTM,AMR,Americas,YEAR,2005,,,,,,,,,132.42,132.41906738,,,,2025-12-05T13:23:08Z,2005,2005-01-01,2005-12-31
198444,GHED_CHE_pc_US_SHA2011,COUNTRY,LBR,AFR,Africa,YEAR,2014,,,,,,,,,54.82,54.82420349,,,,2025-12-05T13:23:08Z,2014,2014-01-01,2014-12-31
201815,GHED_CHE_pc_US_SHA2011,COUNTRY,SEN,AFR,Africa,YEAR,2022,,,,,,,,,63.45,63.44842529,,,,2026-01-12T13:50:53Z,2022,2022-01-01,2022-12-31
203336,GHED_CHE_pc_US_SHA2011,COUNTRY,BWA,AFR,Africa,YEAR,2011,,,,,,,,,427.71,427.70709229,,,,2025-12-05T13:23:08Z,2011,2011-01-01,2011-12-31
204887,GHED_CHE_pc_US_SHA2011,COUNTRY,LVA,EUR,Europe,YEAR,2016,,,,,,,,,874.80,874.79772949,,,,2025-12-05T13:23:08Z,2016,2016-01-01,2016-12-31
206100,GHED_CHE_pc_US_SHA2011,COUNTRY,KWT,EMR,Eastern Mediterranean,YEAR,2006,,,,,,,,,782.20,782.20379639,,,,2025-12-05T13:23:08Z,2006,2006-01-01,2006-12-31
209916,GHED_CHE_pc_US_SHA2011,COUNTRY,BHR,EMR,Eastern Mediterranean,YEAR,2005,,,,,,,,,557.96,557.9574585,,,,2025-12-05T13:23:08Z,2005,2005-01-01,2005-12-31
211658,GHED_CHE_pc_US_SHA2011,COUNTRY,SYR,EMR,Eastern Mediterranean,YEAR,2023,,,,,,,,,33.34,33.34017944,,,,2025-12-05T13:23:08Z,2023,2023-01-01,2023-12-31
213537,GHED_CHE_pc_US_SHA2011,COUNTRY,CYP,EUR,Europe,YEAR,2010,,,,,,,,,2045.29,2045.2923584,,,,2025-12-05T13:23:08Z,2010,2010-01-01,2010-12-31
214917,GHED_CHE_pc_US_SHA2011,COUNTRY,LBR,AFR,Africa,YEAR,2011,,,,,,,,,47.59,47.58517075,,,,2025-12-05T13:23:08Z,2011,2011-01-01,2011-12-31
216934,GHED_CHE_pc_US_SHA2011,COUNTRY,FIN,EUR,Europe,YEAR,2023,,,,,,,,,5515.40,5515.40478516,,,,2025-12-05T13:23:08Z,2023,2023-01-01,2023-12-31
216953,GHED_CHE_pc_US_SHA2011,COUNTRY,CMR,AFR,Africa,YEAR,2003,,,,,,,,,38.56,38.56394196,,,,2025-12-05T13:23:08Z,2003,2003-01-01,2003-12-31
218049,GHED_CHE_pc_US_SHA2011,COUNTRY,TON,WPR,Western Pacific,YEAR,2007,,,,,,,,,134.56,134.56217957,,,,2025-12-05T13:23:08Z,2007,2007-01-01,2007-12-31
220210,GHED_CHE_pc_US_SHA2011,COUNTRY,LBR,AFR,Africa,YEAR,2022,,,,,,,,,100.50,100.49607086,,,,2025-12-05T13:23:08Z,2022,2022-01-01,2022-12-31
220425,GHED_CHE_pc_US_SHA2011,COUNTRY,COD,AFR,Africa,YEAR,2004,,,,,,,,,7.83,7.83304834,,,,2025-12-05T13:23:08Z,2004,2004-01-01,2004-12-31
221349,GHED_CHE_pc_US_SHA2011,COUNTRY,TUV,WPR,Western Pacific,YEAR,2006,,,,,,,,,291.77,291.76730347,,,,2025-12-05T13:23:08Z,2006,2006-01-01,2006-12-31
221708,GHED_CHE_pc_US_SHA2011,COUNTRY,ARG,AMR,Americas,YEAR,2020,,,,,,,,,910.96,910.9586792,,,,2025-12-05T13:23:08Z,2020,2020-01-01,2020-12-31
223764,GHED_CHE_pc_US_SHA2011,COUNTRY,BRB,AMR,Americas,YEAR,2016,,,,,,,,,1181.14,1181.14257813,,,,2025-12-05T13:23:08Z,2016,2016-01-01,2016-12-31
226684,GHED_CHE_pc_US_SHA2011,COUNTRY,CHL,AMR,Americas,YEAR,2008,,,,,,,,,719.08,719.07501221,,,,2025-12-05T13:23:08Z,2008,2008-01-01,2008-12-31
229356,GHED_CHE_pc_US_SHA2011,GLOBAL,GLOBAL,,,YEAR,2009,,,,,,,,,974.30,974.29766001,,,,2025-12-05T13:23:08Z,2009,2009-01-01,2009-12-31
230419,GHED_CHE_pc_US_SHA2011,COUNTRY,ZMB,AFR,Africa,YEAR,2018,,,,,,,,,69.83,69.82767487,,,,2025-12-05T13:23:08Z,2018,2018-01-01,2018-12-31
230634,GHED_CHE_pc_US_SHA2011,COUNTRY,PLW,WPR,Western Pacific,YEAR,2010,,,,,,,,,1093.31,1093.30786133,,,,2025-12-05T13:23:08Z,2010,2010-01-01,2010-12-31
231080,GHED_CHE_pc_US_SHA2011,COUNTRY,BGR,EUR,Europe,YEAR,2021,,,,,,,,,1109.10,1109.10290527,,,,2025-12-05T13:23:08Z,2021,2021-01-01,2021-12-31
231657,GHED_CHE_pc_US_SHA2011,COUNTRY,SVN,EUR,Europe,YEAR,2007,,,,,,,,,1795.95,1795.95043945,,,,2025-12-05T13:23:08Z,2007,2007-01-01,2007-12-31
231805,GHED_CHE_pc_US_SHA2011,COUNTRY,ARG,AMR,Americas,YEAR,2005,,,,,,,,,395.65,395.64596558,,,,2025-12-05T13:23:08Z,2005,2005-01-01,2005-12-31
231861,GHED_CHE_pc_US_SHA2011,COUNTRY,AND,EUR,Europe,YEAR,2004,,,,,,,,,2060.27,2060.26928711,,,,2025-12-05T13:23:08Z,2004,2004-01-01,2004-12-31
232103,GHED_CHE_pc_US_SHA2011,COUNTRY,LBR,AFR,Africa,YEAR,2015,,,,,,,,,68.90,68.89793396,,,,2025-12-05T13:23:08Z,2015,2015-01-01,2015-12-31
232537,GHED_CHE_pc_US_SHA2011,COUNTRY,BWA,AFR,Africa,YEAR,2023,,,,,,,,,489.60,489.59677124,,,,2025-12-05T13:23:08Z,2023,2023-01-01,2023-12-31
237285,GHED_CHE_pc_US_SHA2011,COUNTRY,GIN,AFR,Africa,YEAR,2017,,,,,,,,,32.64,32.63646317,,,,2025-12-05T13:23:08Z,2017,2017-01-01,2017-12-31
239483,GHED_CHE_pc_US_SHA2011,COUNTRY,SVK,EUR,Europe,YEAR,2010,,,,,,,,,1296.54,1296.54284668,,,,2025-12-05T13:23:08Z,2010,2010-01-01,2010-12-31
241255,GHED_CHE_pc_US_SHA2011,COUNTRY,MLT,EUR,Europe,YEAR,2011,,,,,,,,,1962.21,1962.20556641,,,,2025-12-05T13:23:08Z,2011,2011-01-01,2011-12-31
242990,GHED_CHE_pc_US_SHA2011,COUNTRY,AFG,EMR,Eastern Mediterranean,YEAR,2023,,,,,,,,,59.07,59.06770706,,,,2025-12-05T13:23:08Z,2023,2023-01-01,2023-12-31
244473,GHED_CHE_pc_US_SHA2011,COUNTRY,MLT,EUR,Europe,YEAR,2022,,,,,,,,,3362.42,3362.42382813,,,,2025-12-05T13:23:08Z,2022,2022-01-01,2022-12-31
244956,GHED_CHE_pc_US_SHA2011,COUNTRY,IRL,EUR,Europe,YEAR,2000,,,,,,,,,1564.84,1564.83764648,,,,2025-12-05T13:23:08Z,2000,2000-01-01,2000-12-31
248176,GHED_CHE_pc_US_SHA2011,COUNTRY,AND,EUR,Europe,YEAR,2008,,,,,,,,,2790.11,2790.11254883,,,,2025-12-05T13:23:08Z,2008,2008-01-01,2008-12-31
248892,GHED_CHE_pc_US_SHA2011,COUNTRY,TUV,WPR,Western Pacific,YEAR,2011,,,,,,,,,536.10,536.10473633,,,,2025-12-05T13:23:08Z,2011,2011-01-01,2011-12-31
249817,GHED_CHE_pc_US_SHA2011,COUNTRY,ARG,AMR,Americas,YEAR,2007,,,,,,,,,569.27,569.27264404,,,,2025-12-05T13:23:08Z,2007,2007-01-01,2007-12-31
251961,GHED_CHE_pc_US_SHA2011,COUNTRY,CAF,AFR,Africa,YEAR,2014,,,,,,,,,18.71,18.7120266,,,,2025-12-05T13:23:08Z,2014,2014-01-01,2014-12-31
252453,GHED_CHE_pc_US_SHA2011,COUNTRY,MOZ,AFR,Africa,YEAR,2003,,,,,,,,,11.04,11.036607740000001,,,,2025-12-05T13:23:08Z,2003,2003-01-01,2003-12-31
252648,GHED_CHE_pc_US_SHA2011,COUNTRY,DZA,AFR,Africa,YEAR,2011,,,,,,,,,285.50,285.5020752,,,,2025-12-05T13:23:08Z,2011,2011-01-01,2011-12-31
252681,GHED_CHE_pc_US_SHA2011,COUNTRY,ZWE,AFR,Africa,YEAR,2023,,,,,,,,,62.93,62.92946243,,,,2025-12-05T13:23:08Z,2023,2023-01-01,2023-12-31
254574,GHED_CHE_pc_US_SHA2011,COUNTRY,GBR,EUR,Europe,YEAR,2002,,,,,,,,,2364.05,2364.04736328,,,,2025-12-05T13:23:08Z,2002,2002-01-01,2002-12-31
254743,GHED_CHE_pc_US_SHA2011,COUNTRY,SVN,EUR,Europe,YEAR,2005,,,,,,,,,1449.19,1449.18920898,,,,2025-12-05T13:23:08Z,2005,2005-01-01,2005-12-31
260857,GHED_CHE_pc_US_SHA2011,COUNTRY,FIN,EUR,Europe,YEAR,2012,,,,,,,,,4573.20,4573.19726563,,,,2025-12-05T13:23:08Z,2012,2012-01-01,2012-12-31
267145,GHED_CHE_pc_US_SHA2011,COUNTRY,NER,AFR,Africa,YEAR,2020,,,,,,,,,35.76,35.75537109,,,,2025-12-05T13:23:08Z,2020,2020-01-01,2020-12-31
269067,GHED_CHE_pc_US_SHA2011,COUNTRY,BOL,AMR,Americas,YEAR,2006,,,,,,,,,56.06,56.05701447,,,,2025-12-05T13:23:08Z,2006,2006-01-01,2006-12-31
271729,GHED_CHE_pc_US_SHA2011,COUNTRY,PER,AMR,Americas,YEAR,2018,,,,,,,,,362.76,362.75994873,,,,2025-12-05T13:23:08Z,2018,2018-01-01,2018-12-31
273815,GHED_CHE_pc_US_SHA2011,COUNTRY,NZL,WPR,Western Pacific,YEAR,2003,,,,,,,,,1610.73,1610.73034668,,,,2025-12-05T13:23:08Z,2003,2003-01-01,2003-12-31
275102,GHED_CHE_pc_US_SHA2011,COUNTRY,SLV,AMR,Americas,YEAR,2013,,,,,,,,,324.28,324.28027344,,,,2025-12-05T13:23:08Z,2013,2013-01-01,2013-12-31
275398,GHED_CHE_pc_US_SHA2011,COUNTRY,NER,AFR,Africa,YEAR,2019,,,,,,,,,31.89,31.89424324,,,,2025-12-05T13:23:08Z,2019,2019-01-01,2019-12-31
285185,GHED_CHE_pc_US_SHA2011,COUNTRY,YEM,EMR,Eastern Mediterranean,YEAR,2002,,,,,,,,,24.80,24.80142403,,,,2025-12-05T13:23:08Z,2002,2002-01-01,2002-12-31
286961,GHED_CHE_pc_US_SHA2011,COUNTRY,HUN,EUR,Europe,YEAR,2023,,,,,,,,,1419.87,1419.87475586,,,,2025-12-05T13:23:08Z,2023,2023-01-01,2023-12-31
290510,GHED_CHE_pc_US_SHA2011,COUNTRY,MEX,AMR,Americas,YEAR,2018,,,,,,,,,528.26,528.26306152,,,,2025-12-05T13:23:08Z,2018,2018-01-01,2018-12-31
294271,GHED_CHE_pc_US_SHA2011,COUNTRY,NAM,AFR,Africa,YEAR,2002,,,,,,,,,187.86,187.86433411,,,,2025-12-05T13:23:08Z,2002,2002-01-01,2002-12-31
294410,GHED_CHE_pc_US_SHA2011,COUNTRY,CHN,WPR,Western Pacific,YEAR,2003,,,,,,,,,56.54,56.54468155,,,,2025-12-05T13:23:08Z,2003,2003-01-01,2003-12-31
295017,GHED_CHE_pc_US_SHA2011,COUNTRY,THA,SEAR,South-East Asia,YEAR,2015,,,,,,,,,219.15,219.15092468,,,,2025-12-05T13:23:08Z,2015,2015-01-01,2015-12-31
296926,GHED_CHE_pc_US_SHA2011,COUNTRY,THA,SEAR,South-East Asia,YEAR,2014,,,,,,,,,213.74,213.74395752,,,,2025-12-05T13:23:08Z,2014,2014-01-01,2014-12-31
301769,GHED_CHE_pc_US_SHA2011,COUNTRY,KWT,EMR,Eastern Mediterranean,YEAR,2020,,,,,,,,,1542.72,1542.72143555,,,,2025-12-05T13:23:08Z,2020,2020-01-01,2020-12-31
303674,GHED_CHE_pc_US_SHA2011,COUNTRY,MUS,AFR,Africa,YEAR,2008,,,,,,,,,312.89,312.88540649,,,,2025-12-05T13:23:08Z,2008,2008-01-01,2008-12-31
304651,GHED_CHE_pc_US_SHA2011,COUNTRY,UGA,AFR,Africa,YEAR,2011,,,,,,,,,55.21,55.2076683,,,,2025-12-05T13:23:08Z,2011,2011-01-01,2011-12-31
306053,GHED_CHE_pc_US_SHA2011,COUNTRY,COM,AFR,Africa,YEAR,2016,,,,,,,,,63.53,63.53099442,,,,2025-12-05T13:23:08Z,2016,2016-01-01,2016-12-31
307791,GHED_CHE_pc_US_SHA2011,COUNTRY,GRC,EUR,Europe,YEAR,2002,,,,,,,,,1168.82,1168.82409668,,,,2025-12-05T13:23:08Z,2002,2002-01-01,2002-12-31
309383,GHED_CHE_pc_US_SHA2011,COUNTRY,NGA,AFR,Africa,YEAR,2006,,,,,,,,,63.63,63.63072205,,,,2025-12-05T13:23:08Z,2006,2006-01-01,2006-12-31
310327,GHED_CHE_pc_US_SHA2011,COUNTRY,CAF,AFR,Africa,YEAR,2016,,,,,,,,,21.08,21.07796097,,,,2025-12-05T13:23:08Z,2016,2016-01-01,2016-12-31
311876,GHED_CHE_pc_US_SHA2011,COUNTRY,GIN,AFR,Africa,YEAR,2007,,,,,,,,,22.64,22.64143372,,,,2025-12-05T13:23:08Z,2007,2007-01-01,2007-12-31
315205,GHED_CHE_pc_US_SHA2011,COUNTRY,CHN,WPR,Western Pacific,YEAR,2011,,,,,,,,,239.20,239.19824219,,,,2025-12-05T13:23:08Z,2011,2011-01-01,2011-12-31
315864,GHED_CHE_pc_US_SHA2011,COUNTRY,HUN,EUR,Europe,YEAR,2017,,,,,,,,,990.91,990.90808105,,,,2025-12-05T13:23:08Z,2017,2017-01-01,2017-12-31
316383,GHED_CHE_pc_US_SHA2011,COUNTRY,BHR,EMR,Eastern Mediterranean,YEAR,2010,,,,,,,,,866.67,866.67224121,,,,2025-12-05T13:23:08Z,2010,2010-01-01,2010-12-31
316746,GHED_CHE_pc_US_SHA2011,COUNTRY,GNQ,AFR,Africa,YEAR,2022,,,,,,,,,215.33,215.32841492,,,,2025-12-05T13:23:08Z,2022,2022-01-01,2022-12-31
317567,GHED_CHE_pc_US_SHA2011,COUNTRY,ERI,AFR,Africa,YEAR,2017,,,,,,,,,25.10,25.10270691,,,,2025-12-05T13:23:08Z,2017,2017-01-01,2017-12-31
318491,GHED_CHE_pc_US_SHA2011,COUNTRY,TUN,EMR,Eastern Mediterranean,YEAR,2019,,,,,,,,,212.60,212.60031128,,,,2025-12-05T13:23:08Z,2019,2019-01-01,2019-12-31
320200,GHED_CHE_pc_US_SHA2011,REGION,EMR,,,YEAR,2016,,,,,,,,,516.08,516.08288496,,,,2025-12-05T13:23:08Z,2016,2016-01-01,2016-12-31
322426,GHED_CHE_pc_US_SHA2011,COUNTRY,GEO,EUR,Europe,YEAR,2010,,,,,,,,,287.76,287.75900269,,,,2025-12-05T13:23:08Z,2010,2010-01-01,2010-12-31
323813,GHED_CHE_pc_US_SHA2011,COUNTRY,MLT,EUR,Europe,YEAR,2023,,,,,,,,,3623.46,3623.4609375,,,,2025-12-05T13:23:08Z,2023,2023-01-01,2023-12-31
329736,GHED_CHE_pc_US_SHA2011,COUNTRY,ZAF,AFR,Africa,YEAR,2004,,,,,,,,,362.29,362.28662109,,,,2025-12-05T13:23:08Z,2004,2004-01-01,2004-12-31
333909,GHED_CHE_pc_US_SHA2011,COUNTRY,VCT,AMR,Americas,YEAR,2013,,,,,,,,,300.02,300.01953125,,,,2025-12-05T13:23:08Z,2013,2013-01-01,2013-12-31
340541,GHED_CHE_pc_US_SHA2011,COUNTRY,CAN,AMR,Americas,YEAR,2009,,,,,,,,,4355.83,4355.83056641,,,,2025-12-05T13:23:08Z,2009,2009-01-01,2009-12-31
343388,GHED_CHE_pc_US_SHA2011,COUNTRY,RUS,EUR,Europe,YEAR,2009,,,,,,,,,513.91,513.91033936,,,,2025-12-05T13:23:08Z,2009,2009-01-01,2009-12-31
345652,GHED_CHE_pc_US_SHA2011,COUNTRY,NZL,WPR,Western Pacific,YEAR,2019,,,,,,,,,3679.60,3679.59692383,,,,2025-12-05T13:23:08Z,2019,2019-01-01,2019-12-31
347477,GHED_CHE_pc_US_SHA2011,COUNTRY,CAN,AMR,Americas,YEAR,2014,,,,,,,,,5209.93,5209.93164063,,,,2025-12-05T13:23:08Z,2014,2014-01-01,2014-12-31
347796,GHED_CHE_pc_US_SHA2011,COUNTRY,CZE,EUR,Europe,YEAR,2016,,,,,,,,,1374.90,1374.9005127,,,,2025-12-05T13:23:08Z,2016,2016-01-01,2016-12-31
351842,GHED_CHE_pc_US_SHA2011,COUNTRY,SYR,EMR,Eastern Mediterranean,YEAR,2004,,,,,,,,,60.20,60.20412827,,,,2025-12-05T13:23:08Z,2004,2004-01-01,2004-12-31
354130,GHED_CHE_pc_US_SHA2011,COUNTRY,ZAF,AFR,Africa,YEAR,2018,,,,,,,,,558.80,558.80145264,,,,2025-12-05T13:23:08Z,2018,2018-01-01,2018-12-31
356114,GHED_CHE_pc_US_SHA2011,COUNTRY,SLB,WPR,Western Pacific,YEAR,2016,,,,,,,,,94.33,94.32994843,,,,2025-12-05T13:23:08Z,2016,2016-01-01,2016-12-31
360262,GHED_CHE_pc_US_SHA2011,COUNTRY,SEN,AFR,Africa,YEAR,2018,,,,,,,,,64.37,64.37467957,,,,2025-12-05T13:23:08Z,2018,2018-01-01,2018-12-31
361103,GHED_CHE_pc_US_SHA2011,COUNTRY,BEN,AFR,Africa,YEAR,2002,,,,,,,,,16.92,16.9179287,,,,2025-12-05T13:23:08Z,2002,2002-01-01,2002-12-31
361237,GHED_CHE_pc_US_SHA2011,COUNTRY,IRL,EUR,Europe,YEAR,2015,,,,,,,,,4575.85,4575.84912109,,,,2025-12-05T13:23:08Z,2015,2015-01-01,2015-12-31
361968,GHED_CHE_pc_US_SHA2011,COUNTRY,CZE,EUR,Europe,YEAR,2005,,,,,,,,,852.65,852.65246582,,,,2025-12-05T13:23:08Z,2005,2005-01-01,2005-12-31
362619,GHED_CHE_pc_US_SHA2011,COUNTRY,BDI,AFR,Africa,YEAR,2022,,,,,,,,,25.52,25.52155113,,,,2025-12-05T13:23:08Z,2022,2022-01-01,2022-12-31
366462,GHED_CHE_pc_US_SHA2011,COUNTRY,NER,AFR,Africa,YEAR,2006,,,,,,,,,19.92,19.9213028,,,,2025-12-05T13:23:08Z,2006,2006-01-01,2006-12-31
372375,GHED_CHE_pc_US_SHA2011,COUNTRY,SAU,EMR,Eastern Mediterranean,YEAR,2001,,,,,,,,,482.10,482.10446167,,,,2025-12-05T13:23:08Z,2001,2001-01-01,2001-12-31
376216,GHED_CHE_pc_US_SHA2011,WORLDBANKINCOMEGROUP,WB_LMI,,,YEAR,2008,,,,,,,,,94.39,94.39449495,,,,2025-12-05T13:23:08Z,2008,2008-01-01,2008-12-31
377918,GHED_CHE_pc_US_SHA2011,COUNTRY,BRB,AMR,Americas,YEAR,2019,,,,,,,,,1168.12,1168.11938477,,,,2025-12-05T13:23:08Z,2019,2019-01-01,2019-12-31
382327,GHED_CHE_pc_US_SHA2011,COUNTRY,NOR,EUR,Europe,YEAR,2004,,,,,,,,,5097.34,5097.34423828,,,,2025-12-05T13:23:08Z,2004,2004-01-01,2004-12-31
384929,GHED_CHE_pc_US_SHA2011,COUNTRY,PNG,WPR,Western Pacific,YEAR,2006,,,,,,,,,30.04,30.03865242,,,,2025-12-05T13:23:08Z,2006,2006-01-01,2006-12-31
389298,GHED_CHE_pc_US_SHA2011,COUNTRY,TON,WPR,Western Pacific,YEAR,2020,,,,,,,,,262.55,262.55459595,,,,2025-12-05T13:23:08Z,2020,2020-01-01,2020-12-31
390156,GHED_CHE_pc_US_SHA2011,COUNTRY,ITA,EUR,Europe,YEAR,2004,,,,,,,,,2560.46,2560.45776367,,,,2025-12-05T13:23:08Z,2004,2004-01-01,2004-12-31
390299,GHED_CHE_pc_US_SHA2011,COUNTRY,CHL,AMR,Americas,YEAR,2023,,,,,,,,,1736.52,1736.52038574,,,,2025-12-05T13:23:08Z,2023,2023-01-01,2023-12-31
390844,GHED_CHE_pc_US_SHA2011,COUNTRY,AZE,EUR,Europe,YEAR,2007,,,,,,,,,74.66,74.65649414,,,,2025-12-05T13:23:08Z,2007,2007-01-01,2007-12-31
390905,GHED_CHE_pc_US_SHA2011,COUNTRY,DJI,EMR,Eastern Mediterranean,YEAR,2009,,,,,,,,,56.92,56.92132568,,,,2025-12-05T13:23:08Z,2009,2009-01-01,2009-12-31
393605,GHED_CHE_pc_US_SHA2011,COUNTRY,GEO,EUR,Europe,YEAR,2023,,,,,,,,,554.32,554.3248291,,,,2025-12-05T13:23:08Z,2023,2023-01-01,2023-12-31
395513,GHED_CHE_pc_US_SHA2011,COUNTRY,TZA,AFR,Africa,YEAR,2005,,,,,,,,,27.71,27.71374512,,,,2025-12-05T13:23:08Z,2005,2005-01-01,2005-12-31
396014,GHED_CHE_pc_US_SHA2011,COUNTRY,MDG,AFR,Africa,YEAR,2003,,,,,,,,,17.64,17.64075851,,,,2025-12-05T13:23:08Z,2003,2003-01-01,2003-12-31
397856,GHED_CHE_pc_US_SHA2011,COUNTRY,BGD,SEAR,South-East Asia,YEAR,2019,,,,,,,,,45.08,45.07677078,,,,2025-12-05T13:23:08Z,2019,2019-01-01,2019-12-31
402658,GHED_CHE_pc_US_SHA2011,COUNTRY,BOL,AMR,Americas,YEAR,2014,,,,,,,,,179.33,179.3274231,,,,2025-12-05T13:23:08Z,2014,2014-01-01,2014-12-31
407207,GHED_CHE_pc_US_SHA2011,COUNTRY,HUN,EUR,Europe,YEAR,2002,,,,,,,,,473.13,473.12783813,,,,2025-12-05T13:23:08Z,2002,2002-01-01,2002-12-31
407989,GHED_CHE_pc_US_SHA2011,COUNTRY,PNG,WPR,Western Pacific,YEAR,2017,,,,,,,,,55.25,55.24723816,,,,2025-12-05T13:23:08Z,2017,2017-01-01,2017-12-31
409130,GHED_CHE_pc_US_SHA2011,COUNTRY,BEN,AFR,Africa,YEAR,2007,,,,,,,,,26.80,26.79680061,,,,2025-12-05T13:23:08Z,2007,2007-01-01,2007-12-31
415163,GHED_CHE_pc_US_SHA2011,COUNTRY,PLW,WPR,Western Pacific,YEAR,2003,,,,,,,,,638.31,638.3067627,,,,2025-12-05T13:23:08Z,2003,2003-01-01,2003-12-31
415370,GHED_CHE_pc_US_SHA2011,REGION,EUR,,,YEAR,2005,,,,,,,,,1780.17,1780.17338632,,,,2025-12-05T13:23:08Z,2005,2005-01-01,2005-12-31
422032,GHED_CHE_pc_US_SHA2011,COUNTRY,DJI,EMR,Eastern Mediterranean,YEAR,2010,,,,,,,,,55.70,55.7044487,,,,2025-12-05T13:23:08Z,2010,2010-01-01,2010-12-31
422124,GHED_CHE_pc_US_SHA2011,COUNTRY,AGO,AFR,Africa,YEAR,2013,,,,,,,,,142.78,142.78450012,,,,2025-12-05T13:23:08Z,2013,2013-01-01,2013-12-31
424078,GHED_CHE_pc_US_SHA2011,COUNTRY,BOL,AMR,Americas,YEAR,2012,,,,,,,,,135.32,135.32060242,,,,2025-12-05T13:23:08Z,2012,2012-01-01,2012-12-31
424522,GHED_CHE_pc_US_SHA2011,COUNTRY,ALB,EUR,Europe,YEAR,2009,,,,,,,,,236.94,236.94244385,,,,2025-12-05T13:23:08Z,2009,2009-01-01,2009-12-31
432139,GHED_CHE_pc_US_SHA2011,COUNTRY,SYR,EMR,Eastern Mediterranean,YEAR,2009,,,,,,,,,88.01,88.00678253,,,,2025-12-05T13:23:08Z,2009,2009-01-01,2009-12-31
433653,GHED_CHE_pc_US_SHA2011,COUNTRY,TLS,SEAR,South-East Asia,YEAR,2021,,,,,,,,,132.08,132.07870483,,,,2025-12-05T13:23:08Z,2021,2021-01-01,2021-12-31
433801,GHED_CHE_pc_US_SHA2011,COUNTRY,BLZ,AMR,Americas,YEAR,2013,,,,,,,,,263.11,263.10794067,,,,2025-12-05T13:23:08Z,2013,2013-01-01,2013-12-31
435792,GHED_CHE_pc_US_SHA2011,COUNTRY,KEN,AFR,Africa,YEAR,2004,,,,,,,,,27.65,27.65002823,,,,2025-12-05T13:23:08Z,2004,2004-01-01,2004-12-31
436736,GHED_CHE_pc_US_SHA2011,COUNTRY,HRV,EUR,Europe,YEAR,2009,,,,,,,,,1187.34,1187.34326172,,,,2025-12-05T13:23:08Z,2009,2009-01-01,2009-12-31
441417,GHED_CHE_pc_US_SHA2011,COUNTRY,UGA,AFR,Africa,YEAR,2004,,,,,,,,,18.61,18.60707474,,,,2025-12-05T13:23:08Z,2004,2004-01-01,2004-12-31
441839,GHED_CHE_pc_US_SHA2011,COUNTRY,TLS,SEAR,South-East Asia,YEAR,2020,,,,,,,,,118.49,118.49451447,,,,2025-12-05T13:23:08Z,2020,2020-01-01,2020-12-31
445849,GHED_CHE_pc_US_SHA2011,COUNTRY,HUN,EUR,Europe,YEAR,2016,,,,,,,,,918.95,918.94506836,,,,2025-12-05T13:23:08Z,2016,2016-01-01,2016-12-31
447631,GHED_CHE_pc_US_SHA2011,COUNTRY,DNK,EUR,Europe,YEAR,2005,,,,,,,,,4436.07,4436.07421875,,,,2025-12-05T13:23:08Z,2005,2005-01-01,2005-12-31
450392,GHED_CHE_pc_US_SHA2011,COUNTRY,SMR,EUR,Europe,YEAR,2023,,,,,,,,,3923.52,3923.5234375,,,,2025-12-05T13:23:08Z,2023,2023-01-01,2023-12-31
453138,GHED_CHE_pc_US_SHA2011,COUNTRY,ARG,AMR,Americas,YEAR,2001,,,,,,,,,660.63,660.63378906,,,,2025-12-05T13:23:08Z,2001,2001-01-01,2001-12-31
455810,GHED_CHE_pc_US_SHA2011,COUNTRY,TLS,SEAR,South-East Asia,YEAR,2019,,,,,,,,,78.01,78.01346588,,,,2025-12-05T13:23:08Z,2019,2019-01-01,2019-12-31
456542,GHED_CHE_pc_US_SHA2011,COUNTRY,ARM,EUR,Europe,YEAR,2005,,,,,,,,,95.55,95.55093384,,,,2025-12-05T13:23:08Z,2005,2005-01-01,2005-12-31
458158,GHED_CHE_pc_US_SHA2011,COUNTRY,NOR,EUR,Europe,YEAR,2005,,,,,,,,,5584.69,5584.68896484,,,,2025-12-05T13:23:08Z,2005,2005-01-01,2005-12-31
466883,GHED_CHE_pc_US_SHA2011,COUNTRY,UGA,AFR,Africa,YEAR,2018,,,,,,,,,32.95,32.9515686,,,,2025-12-05T13:23:08Z,2018,2018-01-01,2018-12-31
467493,GHED_CHE_pc_US_SHA2011,COUNTRY,TJK,EUR,Europe,YEAR,2010,,,,,,,,,42.29,42.28567886,,,,2025-12-05T13:23:08Z,2010,2010-01-01,2010-12-31
468710,GHED_CHE_pc_US_SHA2011,COUNTRY,LBN,EMR,Eastern Mediterranean,YEAR,2005,,,,,,,,,347.40,347.40252686,,,,2025-12-05T13:23:08Z,2005,2005-01-01,2005-12-31
471376,GHED_CHE_pc_US_SHA2011,COUNTRY,NZL,WPR,Western Pacific,YEAR,2011,,,,,,,,,3501.22,3501.22045898,,,,2025-12-05T13:23:08Z,2011,2011-01-01,2011-12-31
473232,GHED_CHE_pc_US_SHA2011,COUNTRY,SLB,WPR,Western Pacific,YEAR,2020,,,,,,,,,101.00,100.99560547,,,,2025-12-05T13:23:08Z,2020,2020-01-01,2020-12-31
474702,GHED_CHE_pc_US_SHA2011,COUNTRY,KIR,WPR,Western Pacific,YEAR,2005,,,,,,,,,131.89,131.88641357,,,,2025-12-05T13:23:08Z,2005,2005-01-01,2005-12-31
474963,GHED_CHE_pc_US_SHA2011,COUNTRY,AFG,EMR,Eastern Mediterranean,YEAR,2005,,,,,,,,,25.11,25.11388779,,,,2025-12-05T13:23:08Z,2005,2005-01-01,2005-12-31
476074,GHED_CHE_pc_US_SHA2011,COUNTRY,LKA,SEAR,South-East Asia,YEAR,2000,,,,,,,,,42.55,42.54893112,,,,2025-12-05T13:23:08Z,2000,2000-01-01,2000-12-31
480159,GHED_CHE_pc_US_SHA2011,COUNTRY,LVA,EUR,Europe,YEAR,2003,,,,,,,,,280.51,280.50878906,,,,2025-12-05T13:23:08Z,2003,2003-01-01,2003-12-31
485442,GHED_CHE_pc_US_SHA2011,COUNTRY,BWA,AFR,Africa,YEAR,2010,,,,,,,,,389.55,389.55178833,,,,2025-12-05T13:23:08Z,2010,2010-01-01,2010-12-31
486470,GHED_CHE_pc_US_SHA2011,COUNTRY,QAT,EMR,Eastern Mediterranean,YEAR,2006,,,,,,,,,1378.93,1378.9296875,,,,2025-12-05T13:23:08Z,2006,2006-01-01,2006-12-31
488907,GHED_CHE_pc_US_SHA2011,COUNTRY,USA,AMR,Americas,YEAR,2014,,,,,,,,,8796.34,8796.33886719,,,,2025-12-05T13:23:08Z,2014,2014-01-01,2014-12-31
489916,GHED_CHE_pc_US_SHA2011,REGION,AMR,,,YEAR,2013,,,,,,,,,979.33,979.33121064,,,,2025-12-05T13:23:08Z,2013,2013-01-01,2013-12-31
493591,GHED_CHE_pc_US_SHA2011,COUNTRY,LKA,SEAR,South-East Asia,YEAR,2014,,,,,,,,,132.82,132.82194519,,,,2025-12-05T13:23:08Z,2014,2014-01-01,2014-12-31
494898,GHED_CHE_pc_US_SHA2011,COUNTRY,ITA,EUR,Europe,YEAR,2008,,,,,,,,,3483.39,3483.39086914,,,,2025-12-05T13:23:08Z,2008,2008-01-01,2008-12-31
497716,GHED_CHE_pc_US_SHA2011,COUNTRY,LVA,EUR,Europe,YEAR,2018,,,,,,,,,1101.49,1101.49243164,,,,2025-12-05T13:23:08Z,2018,2018-01-01,2018-12-31
503550,GHED_CHE_pc_US_SHA2011,COUNTRY,FIN,EUR,Europe,YEAR,2013,,,,,,,,,4892.03,4892.03369141,,,,2025-12-05T13:23:08Z,2013,2013-01-01,2013-12-31
505529,GHED_CHE_pc_US_SHA2011,COUNTRY,ALB,EUR,Europe,YEAR,2011,,,,,,,,,273.75,273.75292969,,,,2025-12-05T13:23:08Z,2011,2011-01-01,2011-12-31
510428,GHED_CHE_pc_US_SHA2011,COUNTRY,MCO,EUR,Europe,YEAR,2012,,,,,,,,,7869.89,7869.89453125,,,,2025-12-05T13:23:08Z,2012,2012-01-01,2012-12-31
519417,GHED_CHE_pc_US_SHA2011,COUNTRY,MDG,AFR,Africa,YEAR,2021,,,,,,,,,17.18,17.17938805,,,,2025-12-05T13:23:08Z,2021,2021-01-01,2021-12-31
523157,GHED_CHE_pc_US_SHA2011,COUNTRY,LUX,EUR,Europe,YEAR,2021,,,,,,,,,7632.57,7632.57275391,,,,2025-12-05T13:23:08Z,2021,2021-01-01,2021-12-31
525590,GHED_CHE_pc_US_SHA2011,COUNTRY,UGA,AFR,Africa,YEAR,2013,,,,,,,,,52.91,52.906353,,,,2025-12-05T13:23:08Z,2013,2013-01-01,2013-12-31
526134,GHED_CHE_pc_US_SHA2011,COUNTRY,COD,AFR,Africa,YEAR,2012,,,,,,,,,13.21,13.20595551,,,,2025-12-05T13:23:08Z,2012,2012-01-01,2012-12-31
526182,GHED_CHE_pc_US_SHA2011,COUNTRY,LSO,AFR,Africa,YEAR,2015,,,,,,,,,104.60,104.59999847,,,,2025-12-05T13:23:08Z,2015,2015-01-01,2015-12-31
528691,GHED_CHE_pc_US_SHA2011,COUNTRY,BRA,AMR,Americas,YEAR,2017,,,,,,,,,954.75,954.75012207,,,,2025-12-05T13:23:08Z,2017,2017-01-01,2017-12-31
535461,GHED_CHE_pc_US_SHA2011,COUNTRY,UZB,EUR,Europe,YEAR,2014,,,,,,,,,118.44,118.44307709,,,,2025-12-05T13:23:08Z,2014,2014-01-01,2014-12-31
536638,GHED_CHE_pc_US_SHA2011,COUNTRY,ZAF,AFR,Africa,YEAR,2012,,,,,,,,,646.50,646.49920654,,,,2025-12-05T13:23:08Z,2012,2012-01-01,2012-12-31
536730,GHED_CHE_pc_US_SHA2011,COUNTRY,MHL,WPR,Western Pacific,YEAR,2018,,,,,,,,,702.84,702.8359375,,,,2025-12-05T13:23:08Z,2018,2018-01-01,2018-12-31
537549,GHED_CHE_pc_US_SHA2011,COUNTRY,LKA,SEAR,South-East Asia,YEAR,2016,,,,,,,,,145.32,145.32496643,,,,2025-12-05T13:23:08Z,2016,2016-01-01,2016-12-31
539170,GHED_CHE_pc_US_SHA2011,COUNTRY,FRA,EUR,Europe,YEAR,2000,,,,,,,,,2161.85,2161.85302734,,,,2025-12-05T13:23:08Z,2000,2000-01-01,2000-12-31
539329,GHED_CHE_pc_US_SHA2011,COUNTRY,GHA,AFR,Africa,YEAR,2004,,,,,,,,,23.57,23.57214928,,,,2025-12-05T13:23:08Z,2004,2004-01-01,2004-12-31
541120,GHED_CHE_pc_US_SHA2011,COUNTRY,COL,AMR,Americas,YEAR,2007,,,,,,,,,309.62,309.61691284,,,,2025-12-05T13:23:08Z,2007,2007-01-01,2007-12-31
542343,GHED_CHE_pc_US_SHA2011,COUNTRY,ZWE,AFR,Africa,YEAR,2021,,,,,,,,,60.90,60.89874268,,,,2025-12-05T13:23:08Z,2021,2021-01-01,2021-12-31
544596,GHED_CHE_pc_US_SHA2011,COUNTRY,BHS,AMR,Americas,YEAR,2021,,,,,,,,,1946.22,1946.21960449,,,,2025-12-05T13:23:08Z,2021,2021-01-01,2021-12-31
545016,GHED_CHE_pc_US_SHA2011,COUNTRY,ERI,AFR,Africa,YEAR,2011,,,,,,,,,35.55,35.55129623,,,,2025-12-05T13:23:08Z,2011,2011-01-01,2011-12-31
546345,GHED_CHE_pc_US_SHA2011,COUNTRY,ARG,AMR,Americas,YEAR,2013,,,,,,,,,1428.91,1428.91125488,,,,2025-12-05T13:23:08Z,2013,2013-01-01,2013-12-31
550978,GHED_CHE_pc_US_SHA2011,COUNTRY,KWT,EMR,Eastern Mediterranean,YEAR,2018,,,,,,,,,1658.60,1658.60375977,,,,2025-12-05T13:23:08Z,2018,2018-01-01,2018-12-31
553316,GHED_CHE_pc_US_SHA2011,COUNTRY,GBR,EUR,Europe,YEAR,2007,,,,,,,,,4415.51,4415.51220703,,,,2025-12-05T13:23:08Z,2007,2007-01-01,2007-12-31
556116,GHED_CHE_pc_US_SHA2011,REGION,EMR,,,YEAR,2008,,,,,,,,,390.13,390.13126065,,,,2025-12-05T13:23:08Z,2008,2008-01-01,2008-12-31
557492,GHED_CHE_pc_US_SHA2011,COUNTRY,GTM,AMR,Americas,YEAR,2023,,,,,,,,,392.01,392.01223755,,,,2025-12-05T13:23:08Z,2023,2023-01-01,2023-12-31
558852,GHED_CHE_pc_US_SHA2011,COUNTRY,SRB,EUR,Europe,YEAR,2009,,,,,,,,,575.26,575.262146,,,,2025-12-05T13:23:08Z,2009,2009-01-01,2009-12-31
560566,GHED_CHE_pc_US_SHA2011,COUNTRY,RUS,EUR,Europe,YEAR,2016,,,,,,,,,463.29,463.29275513,,,,2025-12-05T13:23:08Z,2016,2016-01-01,2016-12-31
564644,GHED_CHE_pc_US_SHA2011,COUNTRY,PRT,EUR,Europe,YEAR,2009,,,,,,,,,2346.54,2346.54199219,,,,2025-12-05T13:23:08Z,2009,2009-01-01,2009-12-31
567924,GHED_CHE_pc_US_SHA2011,COUNTRY,BGR,EUR,Europe,YEAR,2001,,,,,,,,,119.83,119.82997894,,,,2025-12-05T13:23:08Z,2001,2001-01-01,2001-12-31
570599,GHED_CHE_pc_US_SHA2011,COUNTRY,SVK,EUR,Europe,YEAR,2023,,,,,,,,,1813.47,1813.46618652,,,,2025-12-05T13:23:08Z,2023,2023-01-01,2023-12-31
571127,GHED_CHE_pc_US_SHA2011,COUNTRY,EGY,EMR,Eastern Mediterranean,YEAR,2018,,,,,,,,,118.01,118.01481628,,,,2025-12-05T13:23:08Z,2018,2018-01-01,2018-12-31
571345,GHED_CHE_pc_US_SHA2011,COUNTRY,ATG,AMR,Americas,YEAR,2005,,,,,,,,,641.32,641.3157959,,,,2025-12-05T13:23:08Z,2005,2005-01-01,2005-12-31
571457,GHED_CHE_pc_US_SHA2011,COUNTRY,HRV,EUR,Europe,YEAR,2014,,,,,,,,,915.27,915.2689209,,,,2025-12-05T13:23:08Z,2014,2014-01-01,2014-12-31
572000,GHED_CHE_pc_US_SHA2011,COUNTRY,AND,EUR,Europe,YEAR,2018,,,,,,,,,3159.16,3159.16162109,,,,2025-12-05T13:23:08Z,2018,2018-01-01,2018-12-31
574076,GHED_CHE_pc_US_SHA2011,COUNTRY,SYC,AFR,Africa,YEAR,2020,,,,,,,,,670.89,670.88684082,,,,2025-12-05T13:23:08Z,2020,2020-01-01,2020-12-31
576559,GHED_CHE_pc_US_SHA2011,COUNTRY,ZWE,AFR,Africa,YEAR,2019,,,,,,,,,55.11,55.10725403,,,,2025-12-05T13:23:08Z,2019,2019-01-01,2019-12-31
590665,GHED_CHE_pc_US_SHA2011,COUNTRY,NER,AFR,Africa,YEAR,2000,,,,,,,,,9.04,9.04467964,,,,2025-12-05T13:23:08Z,2000,2000-01-01,2000-12-31
595563,GHED_CHE_pc_US_SHA2011,COUNTRY,KHM,WPR,Western Pacific,YEAR,2002,,,,,,,,,24.26,24.25898743,,,,2025-12-05T13:23:08Z,2002,2002-01-01,2002-12-31
597616,GHED_CHE_pc_US_SHA2011,COUNTRY,SDN,EMR,Eastern Mediterranean,YEAR,2009,,,,,,,,,80.00,80.00441742,,,,2025-12-05T13:23:08Z,2009,2009-01-01,2009-12-31
599051,GHED_CHE_pc_US_SHA2011,COUNTRY,COG,AFR,Africa,YEAR,2017,,,,,,,,,52.30,52.29982376,,,,2025-12-05T13:23:08Z,2017,2017-01-01,2017-12-31
599743,GHED_CHE_pc_US_SHA2011,COUNTRY,SVN,EUR,Europe,YEAR,2002,,,,,,,,,944.87,944.87145996,,,,2025-12-05T13:23:08Z,2002,2002-01-01,2002-12-31
600105,GHED_CHE_pc_US_SHA2011,COUNTRY,ERI,AFR,Africa,YEAR,2010,,,,,,,,,26.01,26.00652122,,,,2025-12-05T13:23:08Z,2010,2010-01-01,2010-12-31
600442,GHED_CHE_pc_US_SHA2011,COUNTRY,NGA,AFR,Africa,YEAR,2020,,,,,,,,,67.91,67.91384888,,,,2025-12-05T13:23:08Z,2020,2020-01-01,2020-12-31
602831,GHED_CHE_pc_US_SHA2011,COUNTRY,HUN,EUR,Europe,YEAR,2007,,,,,,,,,1003.26,1003.25805664,,,,2025-12-05T13:23:08Z,2007,2007-01-01,2007-12-31
604575,GHED_CHE_pc_US_SHA2011,COUNTRY,MLT,EUR,Europe,YEAR,2016,,,,,,,,,2326.67,2326.67016602,,,,2025-12-05T13:23:08Z,2016,2016-01-01,2016-12-31
604726,GHED_CHE_pc_US_SHA2011,COUNTRY,KGZ,EUR,Europe,YEAR,2018,,,,,,,,,65.35,65.34625244,,,,2025-12-05T13:23:08Z,2018,2018-01-01,2018-12-31
613074,GHED_CHE_pc_US_SHA2011,COUNTRY,GHA,AFR,Africa,YEAR,2006,,,,,,,,,49.35,49.34616852,,,,2025-12-05T13:23:08Z,2006,2006-01-01,2006-12-31
613816,GHED_CHE_pc_US_SHA2011,COUNTRY,IRL,EUR,Europe,YEAR,2017,,,,,,,,,5023.51,5023.51123047,,,,2025-12-05T13:23:08Z,2017,2017-01-01,2017-12-31
615533,GHED_CHE_pc_US_SHA2011,COUNTRY,SVN,EUR,Europe,YEAR,2004,,,,,,,,,1368.65,1368.64855957,,,,2025-12-05T13:23:08Z,2004,2004-01-01,2004-12-31
616172,GHED_CHE_pc_US_SHA2011,COUNTRY,SEN,AFR,Africa,YEAR,2020,,,,,,,,,75.17,75.16521454,,,,2025-12-05T13:23:08Z,2020,2020-01-01,2020-12-31
618439,GHED_CHE_pc_US_SHA2011,COUNTRY,JOR,EMR,Eastern Mediterranean,YEAR,2017,,,,,,,,,289.05,289.04656982,,,,2025-12-05T13:23:08Z,2017,2017-01-01,2017-12-31
620089,GHED_CHE_pc_US_SHA2011,COUNTRY,NZL,WPR,Western Pacific,YEAR,2022,,,,,,,,,5138.34,5138.33789063,,,,2025-12-05T13:23:08Z,2022,2022-01-01,2022-12-31
621248,GHED_CHE_pc_US_SHA2011,COUNTRY,DJI,EMR,Eastern Mediterranean,YEAR,2006,,,,,,,,,53.26,53.26344299,,,,2025-12-05T13:23:08Z,2006,2006-01-01,2006-12-31
623817,GHED_CHE_pc_US_SHA2011,COUNTRY,STP,AFR,Africa,YEAR,2003,,,,,,,,,71.21,71.20994568,,,,2025-12-05T13:23:08Z,2003,2003-01-01,2003-12-31
623984,GHED_CHE_pc_US_SHA2011,COUNTRY,OMN,EMR,Eastern Mediterranean,YEAR,2022,,,,,,,,,712.06,712.06097412,,,,2025-12-05T13:23:08Z,2022,2022-01-01,2022-12-31
629665,GHED_CHE_pc_US_SHA2011,REGION,EMR,,,YEAR,2003,,,,,,,,,250.16,250.15539864,,,,2025-12-05T13:23:08Z,2003,2003-01-01,2003-12-31
631853,GHED_CHE_pc_US_SHA2011,COUNTRY,MAR,EMR,Eastern Mediterranean,YEAR,2022,,,,,,,,,201.81,201.81098938,,,,2025-12-05T13:23:08Z,2022,2022-01-01,2022-12-31
635122,GHED_CHE_pc_US_SHA2011,COUNTRY,GAB,AFR,Africa,YEAR,2005,,,,,,,,,188.91,188.91426086,,,,2025-12-05T13:23:08Z,2005,2005-01-01,2005-12-31
635803,GHED_CHE_pc_US_SHA2011,COUNTRY,LBN,EMR,Eastern Mediterranean,YEAR,2013,,,,,,,,,576.87,576.87176514,,,,2025-12-05T13:23:08Z,2013,2013-01-01,2013-12-31
641841,GHED_CHE_pc_US_SHA2011,COUNTRY,MDG,AFR,Africa,YEAR,2016,,,,,,,,,24.21,24.20793915,,,,2025-12-05T13:23:08Z,2016,2016-01-01,2016-12-31
645857,GHED_CHE_pc_US_SHA2011,COUNTRY,GRC,EUR,Europe,YEAR,2019,,,,,,,,,1569.03,1569.02844238,,,,2025-12-05T13:23:08Z,2019,2019-01-01,2019-12-31
650247,GHED_CHE_pc_US_SHA2011,COUNTRY,MNE,EUR,Europe,YEAR,2017,,,,,,,,,623.69,623.68841553,,,,2025-12-05T13:23:08Z,2017,2017-01-01,2017-12-31
651972,GHED_CHE_pc_US_SHA2011,COUNTRY,ARG,AMR,Americas,YEAR,2022,,,,,,,,,1415.80,1415.79577637,,,,2025-12-05T13:23:08Z,2022,2022-01-01,2022-12-31
652142,GHED_CHE_pc_US_SHA2011,COUNTRY,NIC,AMR,Americas,YEAR,2010,,,,,,,,,117.70,117.70147705,,,,2025-12-05T13:23:08Z,2010,2010-01-01,2010-12-31
654593,GHED_CHE_pc_US_SHA2011,COUNTRY,GBR,EUR,Europe,YEAR,2015,,,,,,,,,4470.09,4470.09228516,,,,2025-12-05T13:23:08Z,2015,2015-01-01,2015-12-31
661466,GHED_CHE_pc_US_SHA2011,COUNTRY,NRU,WPR,Western Pacific,YEAR,2011,,,,,,,,,672.28,672.27624512,,,,2025-12-05T13:23:08Z,2011,2011-01-01,2011-12-31
662114,GHED_CHE_pc_US_SHA2011,COUNTRY,VUT,WPR,Western Pacific,YEAR,2006,,,,,,,,,67.60,67.60163116,,,,2025-12-05T13:23:08Z,2006,2006-01-01,2006-12-31
662894,GHED_CHE_pc_US_SHA2011,COUNTRY,BDI,AFR,Africa,YEAR,2001,,,,,,,,,7.51,7.50815582,,,,2025-12-05T13:23:08Z,2001,2001-01-01,2001-12-31
663155,GHED_CHE_pc_US_SHA2011,COUNTRY,KHM,WPR,Western Pacific,YEAR,2012,,,,,,,,,68.90,68.90019989,,,,2025-12-05T13:23:08Z,2012,2012-01-01,2012-12-31
670197,GHED_CHE_pc_US_SHA2011,COUNTRY,SSD,AFR,Africa,YEAR,2019,,,,,,,,,35.18,35.18021774,,,,2025-12-05T13:23:08Z,2019,2019-01-01,2019-12-31
670651,GHED_CHE_pc_US_SHA2011,COUNTRY,GAB,AFR,Africa,YEAR,2014,,,,,,,,,233.05,233.05368042,,,,2025-12-05T13:23:08Z,2014,2014-01-01,2014-12-31
673422,GHED_CHE_pc_US_SHA2011,COUNTRY,LTU,EUR,Europe,YEAR,2003,,,,,,,,,338.86,338.86306763,,,,2025-12-05T13:23:08Z,2003,2003-01-01,2003-12-31
673978,GHED_CHE_pc_US_SHA2011,COUNTRY,MWI,AFR,Africa,YEAR,2010,,,,,,,,,33.99,33.99194336,,,,2025-12-05T13:23:08Z,2010,2010-01-01,2010-12-31
675286,GHED_CHE_pc_US_SHA2011,COUNTRY,BLR,EUR,Europe,YEAR,2023,,,,,,,,,558.23,558.22644043,,,,2025-12-05T13:23:08Z,2023,2023-01-01,2023-12-31
677617,GHED_CHE_pc_US_SHA2011,COUNTRY,SMR,EUR,Europe,YEAR,2012,,,,,,,,,4310.10,4310.10009766,,,,2025-12-05T13:23:08Z,2012,2012-01-01,2012-12-31
681225,GHED_CHE_pc_US_SHA2011,COUNTRY,CRI,AMR,Americas,YEAR,2006,,,,,,,,,364.52,364.52426147,,,,2025-12-05T13:23:08Z,2006,2006-01-01,2006-12-31
681686,GHED_CHE_pc_US_SHA2011,COUNTRY,STP,AFR,Africa,YEAR,2015,,,,,,,,,85.38,85.37828827,,,,2025-12-05T13:23:08Z,2015,2015-01-01,2015-12-31
685088,GHED_CHE_pc_US_SHA2011,COUNTRY,MDV,SEAR,South-East Asia,YEAR,2000,,,,,,,,,219.86,219.8586731,,,,2025-12-05T13:23:08Z,2000,2000-01-01,2000-12-31
686269,GHED_CHE_pc_US_SHA2011,COUNTRY,MKD,EUR,Europe,YEAR,2014,,,,,,,,,357.64,357.63867188,,,,2025-12-05T13:23:08Z,2014,2014-01-01,2014-12-31
686339,GHED_CHE_pc_US_SHA2011,COUNTRY,FJI,WPR,Western Pacific,YEAR,2006,,,,,,,,,126.39,126.38617706,,,,2025-12-05T13:23:08Z,2006,2006-01-01,2006-12-31
687303,GHED_CHE_pc_US_SHA2011,COUNTRY,GRD,AMR,Americas,YEAR,2019,,,,,,,,,515.95,515.94726563,,,,2025-12-05T13:23:08Z,2019,2019-01-01,2019-12-31
690341,GHED_CHE_pc_US_SHA2011,COUNTRY,BWA,AFR,Africa,YEAR,2012,,,,,,,,,418.82,418.82244873,,,,2025-12-05T13:23:08Z,2012,2012-01-01,2012-12-31
691174,GHED_CHE_pc_US_SHA2011,COUNTRY,LCA,AMR,Americas,YEAR,2002,,,,,,,,,299.80,299.7996521,,,,2025-12-05T13:23:08Z,2002,2002-01-01,2002-12-31
692711,GHED_CHE_pc_US_SHA2011,COUNTRY,PAN,AMR,Americas,YEAR,2021,,,,,,,,,1417.15,1417.1541748,,,,2025-12-05T13:23:08Z,2021,2021-01-01,2021-12-31
693515,GHED_CHE_pc_US_SHA2011,COUNTRY,HND,AMR,Americas,YEAR,2002,,,,,,,,,70.72,70.72001648,,,,2025-12-05T13:23:08Z,2002,2002-01-01,2002-12-31
700931,GHED_CHE_pc_US_SHA2011,COUNTRY,MDV,SEAR,South-East Asia,YEAR,2006,,,,,,,,,403.94,403.94284058,,,,2025-12-05T13:23:08Z,2006,2006-01-01,2006-12-31
701535,GHED_CHE_pc_US_SHA2011,COUNTRY,NLD,EUR,Europe,YEAR,2013,,,,,,,,,5532.73,5532.72607422,,,,2025-12-05T13:23:08Z,2013,2013-01-01,2013-12-31
701677,GHED_CHE_pc_US_SHA2011,COUNTRY,BLR,EUR,Europe,YEAR,2013,,,,,,,,,454.52,454.51959229,,,,2025-12-05T13:23:08Z,2013,2013-01-01,2013-12-31
702085,GHED_CHE_pc_US_SHA2011,COUNTRY,KOR,WPR,Western Pacific,YEAR,2011,,,,,,,,,1570.55,1570.54943848,,,,2025-12-05T13:23:08Z,2011,2011-01-01,2011-12-31
703480,GHED_CHE_pc_US_SHA2011,COUNTRY,KNA,AMR,Americas,YEAR,2007,,,,,,,,,707.97,707.96960449,,,,2025-12-05T13:23:08Z,2007,2007-01-01,2007-12-31
703535,GHED_CHE_pc_US_SHA2011,COUNTRY,NZL,WPR,Western Pacific,YEAR,2018,,,,,,,,,3706.80,3706.80273438,,,,2025-12-05T13:23:08Z,2018,2018-01-01,2018-12-31
703611,GHED_CHE_pc_US_SHA2011,COUNTRY,SMR,EUR,Europe,YEAR,2022,,,,,,,,,3874.99,3874.98535156,,,,2025-12-05T13:23:08Z,2022,2022-01-01,2022-12-31
704991,GHED_CHE_pc_US_SHA2011,COUNTRY,KWT,EMR,Eastern Mediterranean,YEAR,2013,,,,,,,,,1235.29,1235.29321289,,,,2025-12-05T13:23:08Z,2013,2013-01-01,2013-12-31
705323,GHED_CHE_pc_US_SHA2011,COUNTRY,SWZ,AFR,Africa,YEAR,2015,,,,,,,,,250.72,250.71520996,,,,2025-12-05T13:23:08Z,2015,2015-01-01,2015-12-31
707758,GHED_CHE_pc_US_SHA2011,COUNTRY,VCT,AMR,Americas,YEAR,2012,,,,,,,,,298.78,298.78082275,,,,2025-12-05T13:23:08Z,2012,2012-01-01,2012-12-31
710800,GHED_CHE_pc_US_SHA2011,COUNTRY,NOR,EUR,Europe,YEAR,2017,,,,,,,,,7815.79,7815.78710938,,,,2025-12-05T13:23:08Z,2017,2017-01-01,2017-12-31
711875,GHED_CHE_pc_US_SHA2011,COUNTRY,SWE,EUR,Europe,YEAR,2019,,,,,,,,,5688.04,5688.04492188,,,,2025-12-05T13:23:08Z,2019,2019-01-01,2019-12-31
713084,GHED_CHE_pc_US_SHA2011,COUNTRY,ARG,AMR,Americas,YEAR,2015,,,,,,,,,1523.91,1523.90979004,,,,2025-12-05T13:23:08Z,2015,2015-01-01,2015-12-31
713205,GHED_CHE_pc_US_SHA2011,COUNTRY,ECU,AMR,Americas,YEAR,2004,,,,,,,,,152.11,152.10868835,,,,2025-12-05T13:23:08Z,2004,2004-01-01,2004-12-31
713793,GHED_CHE_pc_US_SHA2011,COUNTRY,SAU,EMR,Eastern Mediterranean,YEAR,2023,,,,,,,,,1825.25,1825.2545166,,,,2025-12-05T13:23:08Z,2023,2023-01-01,2023-12-31
720688,GHED_CHE_pc_US_SHA2011,COUNTRY,USA,AMR,Americas,YEAR,2011,,,,,,,,,8015.78,8015.78076172,,,,2025-12-05T13:23:08Z,2011,2011-01-01,2011-12-31
720912,GHED_CHE_pc_US_SHA2011,COUNTRY,TUN,EMR,Eastern Mediterranean,YEAR,2005,,,,,,,,,169.85,169.84550476,,,,2025-12-05T13:23:08Z,2005,2005-01-01,2005-12-31
723471,GHED_CHE_pc_US_SHA2011,COUNTRY,POL,EUR,Europe,YEAR,2017,,,,,,,,,909.58,909.57818604,,,,2025-12-05T13:23:08Z,2017,2017-01-01,2017-12-31
725949,GHED_CHE_pc_US_SHA2011,COUNTRY,PRT,EUR,Europe,YEAR,2021,,,,,,,,,2764.04,2764.04296875,,,,2025-12-05T13:23:08Z,2021,2021-01-01,2021-12-31
727851,GHED_CHE_pc_US_SHA2011,COUNTRY,AGO,AFR,Africa,YEAR,2010,,,,,,,,,96.95,96.95197296,,,,2025-12-05T13:23:08Z,2010,2010-01-01,2010-12-31
728601,GHED_CHE_pc_US_SHA2011,COUNTRY,BGR,EUR,Europe,YEAR,2003,,,,,,,,,195.74,195.74369812,,,,2025-12-05T13:23:08Z,2003,2003-01-01,2003-12-31
731462,GHED_CHE_pc_US_SHA2011,COUNTRY,YEM,EMR,Eastern Mediterranean,YEAR,2010,,,,,,,,,59.60,59.60072327,,,,2025-12-05T13:23:08Z,2010,2010-01-01,2010-12-31
736674,GHED_CHE_pc_US_SHA2011,COUNTRY,ALB,EUR,Europe,YEAR,2023,,,,,,,,,590.63,590.62799072,,,,2025-12-05T13:23:08Z,2023,2023-01-01,2023-12-31
736833,GHED_CHE_pc_US_SHA2011,COUNTRY,NAM,AFR,Africa,YEAR,2015,,,,,,,,,476.51,476.50784302,,,,2025-12-05T13:23:08Z,2015,2015-01-01,2015-12-31
738203,GHED_CHE_pc_US_SHA2011,COUNTRY,BWA,AFR,Africa,YEAR,2009,,,,,,,,,336.53,336.53146362,,,,2025-12-05T13:23:08Z,2009,2009-01-01,2009-12-31
741372,GHED_CHE_pc_US_SHA2011,COUNTRY,PAN,AMR,Americas,YEAR,2019,,,,,,,,,1339.45,1339.45153809,,,,2025-12-05T13:23:08Z,2019,2019-01-01,2019-12-31
742394,GHED_CHE_pc_US_SHA2011,COUNTRY,ZAF,AFR,Africa,YEAR,2003,,,,,,,,,286.02,286.01998901,,,,2025-12-05T13:23:08Z,2003,2003-01-01,2003-12-31
747202,GHED_CHE_pc_US_SHA2011,COUNTRY,GRC,EUR,Europe,YEAR,2021,,,,,,,,,1846.37,1846.37304688,,,,2025-12-05T13:23:08Z,2021,2021-01-01,2021-12-31
751631,GHED_CHE_pc_US_SHA2011,WORLDBANKINCOMEGROUP,WB_LMI,,,YEAR,2011,,,,,,,,,117.83,117.83243119,,,,2025-12-05T13:23:08Z,2011,2011-01-01,2011-12-31
753982,GHED_CHE_pc_US_SHA2011,COUNTRY,TUV,WPR,Western Pacific,YEAR,2001,,,,,,,,,261.71,261.71032715,,,,2025-12-05T13:23:08Z,2001,2001-01-01,2001-12-31
755045,GHED_CHE_pc_US_SHA2011,COUNTRY,TZA,AFR,Africa,YEAR,2003,,,,,,,,,20.39,20.39437675,,,,2025-12-05T13:23:08Z,2003,2003-01-01,2003-12-31
757443,GHED_CHE_pc_US_SHA2011,COUNTRY,GMB,AFR,Africa,YEAR,2023,,,,,,,,,25.74,25.74407768,,,,2025-12-05T13:23:08Z,2023,2023-01-01,2023-12-31
758217,GHED_CHE_pc_US_SHA2011,COUNTRY,BRA,AMR,Americas,YEAR,2022,,,,,,,,,871.28,871.27526855,,,,2025-12-05T13:23:08Z,2022,2022-01-01,2022-12-31
759824,GHED_CHE_pc_US_SHA2011,COUNTRY,ERI,AFR,Africa,YEAR,2020,,,,,,,,,27.67,27.66697884,,,,2025-12-05T13:23:08Z,2020,2020-01-01,2020-12-31
761917,GHED_CHE_pc_US_SHA2011,COUNTRY,GRC,EUR,Europe,YEAR,2014,,,,,,,,,1700.49,1700.4942627,,,,2025-12-05T13:23:08Z,2014,2014-01-01,2014-12-31
766620,GHED_CHE_pc_US_SHA2011,COUNTRY,MWI,AFR,Africa,YEAR,2007,,,,,,,,,25.02,25.0216465,,,,2025-12-05T13:23:08Z,2007,2007-01-01,2007-12-31
770238,GHED_CHE_pc_US_SHA2011,COUNTRY,ARM,EUR,Europe,YEAR,2006,,,,,,,,,124.90,124.8989563,,,,2025-12-05T13:23:08Z,2006,2006-01-01,2006-12-31
774880,GHED_CHE_pc_US_SHA2011,COUNTRY,TCD,AFR,Africa,YEAR,2009,,,,,,,,,34.82,34.82435226,,,,2025-12-05T13:23:08Z,2009,2009-01-01,2009-12-31
791366,GHED_CHE_pc_US_SHA2011,COUNTRY,AUT,EUR,Europe,YEAR,2016,,,,,,,,,4758.90,4758.89892578,,,,2025-12-05T13:23:08Z,2016,2016-01-01,2016-12-31
794423,GHED_CHE_pc_US_SHA2011,COUNTRY,MOZ,AFR,Africa,YEAR,2010,,,,,,,,,26.26,26.26061249,,,,2025-12-05T13:23:08Z,2010,2010-01-01,2010-12-31
794551,GHED_CHE_pc_US_SHA2011,COUNTRY,MDG,AFR,Africa,YEAR,2015,,,,,,,,,22.29,22.29386139,,,,2025-12-05T13:23:08Z,2015,2015-01-01,2015-12-31
795508,GHED_CHE_pc_US_SHA2011,COUNTRY,BIH,EUR,Europe,YEAR,2012,,,,,,,,,444.94,444.93655396,,,,2025-12-05T13:23:08Z,2012,2012-01-01,2012-12-31
795658,GHED_CHE_pc_US_SHA2011,COUNTRY,ZMB,AFR,Africa,YEAR,2010,,,,,,,,,59.99,59.98767853,,,,2025-12-05T13:23:08Z,2010,2010-01-01,2010-12-31
798557,GHED_CHE_pc_US_SHA2011,COUNTRY,EST,EUR,Europe,YEAR,2023,,,,,,,,,2258.46,2258.4597168,,,,2025-12-05T13:23:08Z,2023,2023-01-01,2023-12-31
800049,GHED_CHE_pc_US_SHA2011,COUNTRY,AGO,AFR,Africa,YEAR,2012,,,,,,,,,121.85,121.84848022,,,,2025-12-05T13:23:08Z,2012,2012-01-01,2012-12-31
801714,GHED_CHE_pc_US_SHA2011,COUNTRY,COG,AFR,Africa,YEAR,2015,,,,,,,,,57.30,57.30290604,,,,2025-12-05T13:23:08Z,2015,2015-01-01,2015-12-31
804360,GHED_CHE_pc_US_SHA2011,COUNTRY,COM,AFR,Africa,YEAR,2017,,,,,,,,,75.01,75.01337433,,,,2025-12-05T13:23:08Z,2017,2017-01-01,2017-12-31
806168,GHED_CHE_pc_US_SHA2011,COUNTRY,NPL,SEAR,South-East Asia,YEAR,2002,,,,,,,,,10.46,10.46419716,,,,2025-12-05T13:23:08Z,2002,2002-01-01,2002-12-31
807276,GHED_CHE_pc_US_SHA2011,COUNTRY,SLV,AMR,Americas,YEAR,2014,,,,,,,,,315.23,315.23168945,,,,2025-12-05T13:23:08Z,2014,2014-01-01,2014-12-31
807455,GHED_CHE_pc_US_SHA2011,COUNTRY,NGA,AFR,Africa,YEAR,2014,,,,,,,,,102.40,102.39888763,,,,2025-12-05T13:23:08Z,2014,2014-01-01,2014-12-31
809208,GHED_CHE_pc_US_SHA2011,COUNTRY,SWZ,AFR,Africa,YEAR,2016,,,,,,,,,226.42,226.41770935,,,,2025-12-05T13:23:08Z,2016,2016-01-01,2016-12-31
811711,GHED_CHE_pc_US_SHA2011,COUNTRY,MNG,WPR,Western Pacific,YEAR,2009,,,,,,,,,76.70,76.7000351,,,,2025-12-05T13:23:08Z,2009,2009-01-01,2009-12-31
811720,GHED_CHE_pc_US_SHA2011,COUNTRY,COG,AFR,Africa,YEAR,2022,,,,,,,,,53.12,53.11892319,,,,2025-12-05T13:23:08Z,2022,2022-01-01,2022-12-31
813794,GHED_CHE_pc_US_SHA2011,COUNTRY,SWZ,AFR,Africa,YEAR,2008,,,,,,,,,265.72,265.72091675,,,,2025-12-05T13:23:08Z,2008,2008-01-01,2008-12-31
816208,GHED_CHE_pc_US_SHA2011,COUNTRY,PER,AMR,Americas,YEAR,2002,,,,,,,,,97.66,97.6605072,,,,2025-12-05T13:23:08Z,2002,2002-01-01,2002-12-31
822065,GHED_CHE_pc_US_SHA2011,COUNTRY,COL,AMR,Americas,YEAR,2015,,,,,,,,,470.10,470.099823,,,,2025-12-05T13:23:08Z,2015,2015-01-01,2015-12-31
825353,GHED_CHE_pc_US_SHA2011,REGION,AMR,,,YEAR,2006,,,,,,,,,646.35,646.35459984,,,,2025-12-05T13:23:08Z,2006,2006-01-01,2006-12-31
826948,GHED_CHE_pc_US_SHA2011,COUNTRY,LBR,AFR,Africa,YEAR,2016,,,,,,,,,67.68,67.68016052,,,,2025-12-05T13:23:08Z,2016,2016-01-01,2016-12-31
827295,GHED_CHE_pc_US_SHA2011,COUNTRY,LAO,WPR,Western Pacific,YEAR,2023,,,,,,,,,27.42,27.41773605,,,,2025-12-05T13:23:08Z,2023,2023-01-01,2023-12-31
829581,GHED_CHE_pc_US_SHA2011,COUNTRY,BLZ,AMR,Americas,YEAR,2002,,,,,,,,,172.82,172.81750488,,,,2025-12-05T13:23:08Z,2002,2002-01-01,2002-12-31
829746,GHED_CHE_pc_US_SHA2011,COUNTRY,JAM,AMR,Americas,YEAR,2020,,,,,,,,,364.77,364.76513672,,,,2025-12-05T13:23:08Z,2020,2020-01-01,2020-12-31
830133,GHED_CHE_pc_US_SHA2011,COUNTRY,NER,AFR,Africa,YEAR,2015,,,,,,,,,25.97,25.96905327,,,,2025-12-05T13:23:08Z,2015,2015-01-01,2015-12-31
831772,GHED_CHE_pc_US_SHA2011,COUNTRY,HTI,AMR,Americas,YEAR,2004,,,,,,,,,24.04,24.0406456,,,,2025-12-05T13:23:08Z,2004,2004-01-01,2004-12-31
835141,GHED_CHE_pc_US_SHA2011,COUNTRY,FRA,EUR,Europe,YEAR,2015,,,,,,,,,4226.63,4226.62646484,,,,2025-12-05T13:23:08Z,2015,2015-01-01,2015-12-31
840630,GHED_CHE_pc_US_SHA2011,COUNTRY,BRB,AMR,Americas,YEAR,2003,,,,,,,,,808.06,808.06054688,,,,2025-12-05T13:23:08Z,2003,2003-01-01,2003-12-31
842827,GHED_CHE_pc_US_SHA2011,COUNTRY,SMR,EUR,Europe,YEAR,2003,,,,,,,,,2506.68,2506.68334961,,,,2025-12-05T13:23:08Z,2003,2003-01-01,2003-12-31
843623,GHED_CHE_pc_US_SHA2011,COUNTRY,ARM,EUR,Europe,YEAR,2022,,,,,,,,,674.79,674.78619385,,,,2025-12-05T13:23:08Z,2022,2022-01-01,2022-12-31
843670,GHED_CHE_pc_US_SHA2011,COUNTRY,NOR,EUR,Europe,YEAR,2000,,,,,,,,,2948.93,2948.93164063,,,,2025-12-05T13:23:08Z,2000,2000-01-01,2000-12-31
847071,GHED_CHE_pc_US_SHA2011,COUNTRY,MNE,EUR,Europe,YEAR,2022,,,,,,,,,1032.91,1032.91149902,,,,2025-12-05T13:23:08Z,2022,2022-01-01,2022-12-31
847729,GHED_CHE_pc_US_SHA2011,COUNTRY,NIC,AMR,Americas,YEAR,2019,,,,,,,,,166.49,166.49009705,,,,2025-12-05T13:23:08Z,2019,2019-01-01,2019-12-31
848372,GHED_CHE_pc_US_SHA2011,COUNTRY,LUX,EUR,Europe,YEAR,2000,,,,,,,,,2901.20,2901.19995117,,,,2025-12-05T13:23:08Z,2000,2000-01-01,2000-12-31
848715,GHED_CHE_pc_US_SHA2011,COUNTRY,AFG,EMR,Eastern Mediterranean,YEAR,2003,,,,,,,,,17.75,17.74602509,,,,2025-12-05T13:23:08Z,2003,2003-01-01,2003-12-31
850473,GHED_CHE_pc_US_SHA2011,COUNTRY,JOR,EMR,Eastern Mediterranean,YEAR,2000,,,,,,,,,151.33,151.33486938,,,,2025-12-05T13:23:08Z,2000,2000-01-01,2000-12-31
850852,GHED_CHE_pc_US_SHA2011,COUNTRY,SRB,EUR,Europe,YEAR,2020,,,,,,,,,670.04,670.03564453,,,,2025-12-05T13:23:08Z,2020,2020-01-01,2020-12-31
852662,GHED_CHE_pc_US_SHA2011,COUNTRY,MAR,EMR,Eastern Mediterranean,YEAR,2011,,,,,,,,,179.00,179.00019836,,,,2025-12-05T13:23:08Z,2011,2011-01-01,2011-12-31
852813,GHED_CHE_pc_US_SHA2011,COUNTRY,BRB,AMR,Americas,YEAR,2018,,,,,,,,,1169.36,1169.35559082,,,,2025-12-05T13:23:08Z,2018,2018-01-01,2018-12-31
853980,GHED_CHE_pc_US_SHA2011,COUNTRY,SYC,AFR,Africa,YEAR,2008,,,,,,,,,367.37,367.36502075,,,,2025-12-05T13:23:08Z,2008,2008-01-01,2008-12-31
857081,GHED_CHE_pc_US_SHA2011,COUNTRY,SYR,EMR,Eastern Mediterranean,YEAR,2005,,,,,,,,,62.29,62.29284668,,,,2025-12-05T13:23:08Z,2005,2005-01-01,2005-12-31
857200,GHED_CHE_pc_US_SHA2011,COUNTRY,GNQ,AFR,Africa,YEAR,2009,,,,,,,,,248.96,248.9617157,,,,2025-12-05T13:23:08Z,2009,2009-01-01,2009-12-31
859557,GHED_CHE_pc_US_SHA2011,GLOBAL,GLOBAL,,,YEAR,2002,,,,,,,,,495.50,495.49578468,,,,2025-12-05T13:23:08Z,2002,2002-01-01,2002-12-31
860586,GHED_CHE_pc_US_SHA2011,COUNTRY,COL,AMR,Americas,YEAR,2016,,,,,,,,,448.85,448.84588623,,,,2025-12-05T13:23:08Z,2016,2016-01-01,2016-12-31
863327,GHED_CHE_pc_US_SHA2011,COUNTRY,GNB,AFR,Africa,YEAR,2004,,,,,,,,,18.42,18.42279816,,,,2025-12-05T13:23:08Z,2004,2004-01-01,2004-12-31
867699,GHED_CHE_pc_US_SHA2011,COUNTRY,SLE,AFR,Africa,YEAR,2010,,,,,,,,,37.85,37.84529114,,,,2025-12-05T13:23:08Z,2010,2010-01-01,2010-12-31
868004,GHED_CHE_pc_US_SHA2011,COUNTRY,MRT,AFR,Africa,YEAR,2022,,,,,,,,,91.54,91.54125977,,,,2025-12-05T13:23:08Z,2022,2022-01-01,2022-12-31
869544,GHED_CHE_pc_US_SHA2011,COUNTRY,ITA,EUR,Europe,YEAR,2009,,,,,,,,,3314.16,3314.15844727,,,,2025-12-05T13:23:08Z,2009,2009-01-01,2009-12-31
871786,GHED_CHE_pc_US_SHA2011,COUNTRY,KAZ,EUR,Europe,YEAR,2018,,,,,,,,,266.92,266.92147827,,,,2025-12-05T13:23:08Z,2018,2018-01-01,2018-12-31
874774,GHED_CHE_pc_US_SHA2011,COUNTRY,MEX,AMR,Americas,YEAR,2005,,,,,,,,,483.98,483.97970581,,,,2025-12-05T13:23:08Z,2005,2005-01-01,2005-12-31
883467,GHED_CHE_pc_US_SHA2011,COUNTRY,UKR,EUR,Europe,YEAR,2001,,,,,,,,,44.14,44.14328766,,,,2025-12-05T13:23:08Z,2001,2001-01-01,2001-12-31
885788,GHED_CHE_pc_US_SHA2011,COUNTRY,NLD,EUR,Europe,YEAR,2008,,,,,,,,,5382.45,5382.44580078,,,,2025-12-05T13:23:08Z,2008,2008-01-01,2008-12-31
887402,GHED_CHE_pc_US_SHA2011,COUNTRY,VCT,AMR,Americas,YEAR,2004,,,,,,,,,188.44,188.43644714,,,,2025-12-05T13:23:08Z,2004,2004-01-01,2004-12-31
891809,GHED_CHE_pc_US_SHA2011,COUNTRY,SLB,WPR,Western Pacific,YEAR,2007,,,,,,,,,89.11,89.10964203,,,,2025-12-05T13:23:08Z,2007,2007-01-01,2007-12-31
901971,GHED_CHE_pc_US_SHA2011,COUNTRY,ISL,EUR,Europe,YEAR,2013,,,,,,,,,4095.68,4095.67626953,,,,2025-12-05T13:23:08Z,2013,2013-01-01,2013-12-31
902217,GHED_CHE_pc_US_SHA2011,COUNTRY,NOR,EUR,Europe,YEAR,2018,,,,,,,,,8271.86,8271.859375,,,,2025-12-05T13:23:08Z,2018,2018-01-01,2018-12-31
907271,GHED_CHE_pc_US_SHA2011,COUNTRY,KIR,WPR,Western Pacific,YEAR,2019,,,,,,,,,177.93,177.93025208,,,,2025-12-05T13:23:08Z,2019,2019-01-01,2019-12-31
910307,GHED_CHE_pc_US_SHA2011,COUNTRY,LVA,EUR,Europe,YEAR,2020,,,,,,,,,1313.35,1313.35412598,,,,2025-12-05T13:23:08Z,2020,2020-01-01,2020-12-31
910769,GHED_CHE_pc_US_SHA2011,COUNTRY,COK,WPR,Western Pacific,YEAR,2001,,,,,,,,,224.60,224.59558105,,,,2025-12-05T13:23:08Z,2001,2001-01-01,2001-12-31
912534,GHED_CHE_pc_US_SHA2011,COUNTRY,STP,AFR,Africa,YEAR,2017,,,,,,,,,117.08,117.07767487,,,,2025-12-05T13:23:08Z,2017,2017-01-01,2017-12-31
915476,GHED_CHE_pc_US_SHA2011,COUNTRY,TON,WPR,Western Pacific,YEAR,2006,,,,,,,,,149.23,149.22753906,,,,2025-12-05T13:23:08Z,2006,2006-01-01,2006-12-31
919058,GHED_CHE_pc_US_SHA2011,COUNTRY,FRA,EUR,Europe,YEAR,2023,,,,,,,,,5149.05,5149.0546875,,,,2025-12-05T13:23:08Z,2023,2023-01-01,2023-12-31
919571,GHED_CHE_pc_US_SHA2011,COUNTRY,SGP,WPR,Western Pacific,YEAR,2023,,,,,,,,,3921.60,3921.60253906,,,,2025-12-05T13:23:08Z,2023,2023-01-01,2023-12-31
920545,GHED_CHE_pc_US_SHA2011,COUNTRY,LBR,AFR,Africa,YEAR,2003,,,,,,,,,5.76,5.76429653,,,,2025-12-05T13:23:08Z,2003,2003-01-01,2003-12-31
921527,GHED_CHE_pc_US_SHA2011,COUNTRY,MLT,EUR,Europe,YEAR,2005,,,,,,,,,1378.24,1378.2388916,,,,2025-12-05T13:23:08Z,2005,2005-01-01,2005-12-31
922047,GHED_CHE_pc_US_SHA2011,GLOBAL,GLOBAL,,,YEAR,2014,,,,,,,,,1170.79,1170.78690221,,,,2026-01-12T13:50:53Z,2014,2014-01-01,2014-12-31
922251,GHED_CHE_pc_US_SHA2011,COUNTRY,ERI,AFR,Africa,YEAR,2012,,,,,,,,,27.79,27.78689003,,,,2025-12-05T13:23:08Z,2012,2012-01-01,2012-12-31
923764,GHED_CHE_pc_US_SHA2011,COUNTRY,GRD,AMR,Americas,YEAR,2022,,,,,,,,,526.35,526.35113525,,,,2025-12-05T13:23:08Z,2022,2022-01-01,2022-12-31
924117,GHED_CHE_pc_US_SHA2011,COUNTRY,BRB,AMR,Americas,YEAR,2022,,,,,,,,,1302.06,1302.0592041,,,,2025-12-05T13:23:08Z,2022,2022-01-01,2022-12-31
925554,GHED_CHE_pc_US_SHA2011,COUNTRY,KWT,EMR,Eastern Mediterranean,YEAR,2016,,,,,,,,,1292.72,1292.71984863,,,,2025-12-05T13:23:08Z,2016,2016-01-01,2016-12-31
926171,GHED_CHE_pc_US_SHA2011,COUNTRY,IRL,EUR,Europe,YEAR,2004,,,,,,,,,3483.16,3483.16064453,,,,2025-12-05T13:23:08Z,2004,2004-01-01,2004-12-31
926343,GHED_CHE_pc_US_SHA2011,COUNTRY,KEN,AFR,Africa,YEAR,2017,,,,,,,,,66.47,66.46552277,,,,2025-12-05T13:23:08Z,2017,2017-01-01,2017-12-31
927679,GHED_CHE_pc_US_SHA2011,COUNTRY,NAM,AFR,Africa,YEAR,2004,,,,,,,,,373.46,373.46408081,,,,2025-12-05T13:23:08Z,2004,2004-01-01,2004-12-31
933528,GHED_CHE_pc_US_SHA2011,COUNTRY,SRB,EUR,Europe,YEAR,2013,,,,,,,,,627.53,627.53308105,,,,2025-12-05T13:23:08Z,2013,2013-01-01,2013-12-31
937163,GHED_CHE_pc_US_SHA2011,WORLDBANKINCOMEGROUP,WB_UMI,,,YEAR,2010,,,,,,,,,352.96,352.95958255,,,,2025-12-05T13:23:08Z,2010,2010-01-01,2010-12-31
937926,GHED_CHE_pc_US_SHA2011,COUNTRY,GMB,AFR,Africa,YEAR,2014,,,,,,,,,17.34,17.33743477,,,,2025-12-05T13:23:08Z,2014,2014-01-01,2014-12-31
941648,GHED_CHE_pc_US_SHA2011,COUNTRY,DOM,AMR,Americas,YEAR,2019,,,,,,,,,357.44,357.44137573,,,,2025-12-05T13:23:08Z,2019,2019-01-01,2019-12-31
943104,GHED_CHE_pc_US_SHA2011,COUNTRY,BRA,AMR,Americas,YEAR,2007,,,,,,,,,607.73,607.73022461,,,,2025-12-05T13:23:08Z,2007,2007-01-01,2007-12-31
945321,GHED_CHE_pc_US_SHA2011,COUNTRY,LIE,EUR,Europe,YEAR,2018,,,,,,,,,9736.24,9736.24316406,,,,2025-12-05T13:23:08Z,2018,2018-01-01,2018-12-31
946518,GHED_CHE_pc_US_SHA2011,COUNTRY,BFA,AFR,Africa,YEAR,2001,,,,,,,,,10.28,10.27519512,,,,2025-12-05T13:23:08Z,2001,2001-01-01,2001-12-31
951529,GHED_CHE_pc_US_SHA2011,COUNTRY,JPN,WPR,Western Pacific,YEAR,2023,,,,,,,,,3638.19,3638.19287109,,,,2025-12-05T13:23:08Z,2023,2023-01-01,2023-12-31
953118,GHED_CHE_pc_US_SHA2011,COUNTRY,TUN,EMR,Eastern Mediterranean,YEAR,2023,,,,,,,,,317.71,317.70983887,,,,2025-12-05T13:23:08Z,2023,2023-01-01,2023-12-31
956721,GHED_CHE_pc_US_SHA2011,COUNTRY,BOL,AMR,Americas,YEAR,2011,,,,,,,,,119.78,119.78379059,,,,2025-12-05T13:23:08Z,2011,2011-01-01,2011-12-31
958417,GHED_CHE_pc_US_SHA2011,COUNTRY,YEM,EMR,Eastern Mediterranean,YEAR,2007,,,,,,,,,51.84,51.83703613,,,,2025-12-05T13:23:08Z,2007,2007-01-01,2007-12-31
961450,GHED_CHE_pc_US_SHA2011,COUNTRY,SGP,WPR,Western Pacific,YEAR,2004,,,,,,,,,868.44,868.43688965,,,,2025-12-05T13:23:08Z,2004,2004-01-01,2004-12-31
964645,GHED_CHE_pc_US_SHA2011,COUNTRY,CMR,AFR,Africa,YEAR,2016,,,,,,,,,57.99,57.99372482,,,,2025-12-05T13:23:08Z,2016,2016-01-01,2016-12-31
965760,GHED_CHE_pc_US_SHA2011,COUNTRY,KOR,WPR,Western Pacific,YEAR,2004,,,,,,,,,764.49,764.49401855,,,,2025-12-05T13:23:08Z,2004,2004-01-01,2004-12-31
968888,GHED_CHE_pc_US_SHA2011,COUNTRY,THA,SEAR,South-East Asia,YEAR,2002,,,,,,,,,69.69,69.68746185,,,,2025-12-05T13:23:08Z,2002,2002-01-01,2002-12-31
971115,GHED_CHE_pc_US_SHA2011,COUNTRY,QAT,EMR,Eastern Mediterranean,YEAR,2021,,,,,,,,,1847.00,1847.00231934,,,,2025-12-05T13:23:08Z,2021,2021-01-01,2021-12-31
972672,GHED_CHE_pc_US_SHA2011,COUNTRY,ARG,AMR,Americas,YEAR,2021,,,,,,,,,1182.16,1182.15930176,,,,2025-12-05T13:23:08Z,2021,2021-01-01,2021-12-31
976779,GHED_CHE_pc_US_SHA2011,COUNTRY,SLV,AMR,Americas,YEAR,2020,,,,,,,,,357.79,357.78799438,,,,2025-12-05T13:23:08Z,2020,2020-01-01,2020-12-31
977241,GHED_CHE_pc_US_SHA2011,REGION,EUR,,,YEAR,2011,,,,,,,,,2521.56,2521.55815607,,,,2025-12-05T13:23:08Z,2011,2011-01-01,2011-12-31
983447,GHED_CHE_pc_US_SHA2011,COUNTRY,MNE,EUR,Europe,YEAR,2015,,,,,,,,,582.19,582.18743896,,,,2025-12-05T13:23:08Z,2015,2015-01-01,2015-12-31
984280,GHED_CHE_pc_US_SHA2011,COUNTRY,JAM,AMR,Americas,YEAR,2018,,,,,,,,,381.48,381.47775269,,,,2025-12-05T13:23:08Z,2018,2018-01-01,2018-12-31
984983,GHED_CHE_pc_US_SHA2011,COUNTRY,MYS,WPR,Western Pacific,YEAR,2004,,,,,,,,,153.86,153.86297607,,,,2025-12-05T13:23:08Z,2004,2004-01-01,2004-12-31
986271,GHED_CHE_pc_US_SHA2011,COUNTRY,GTM,AMR,Americas,YEAR,2002,,,,,,,,,107.62,107.62042236,,,,2025-12-05T13:23:08Z,2002,2002-01-01,2002-12-31
986503,GHED_CHE_pc_US_SHA2011,COUNTRY,MYS,WPR,Western Pacific,YEAR,2018,,,,,,,,,409.85,409.84710693,,,,2025-12-05T13:23:08Z,2018,2018-01-01,2018-12-31
987468,GHED_CHE_pc_US_SHA2011,COUNTRY,PLW,WPR,Western Pacific,YEAR,2022,,,,,,,,,2077.73,2077.734375,,,,2025-12-05T13:23:08Z,2022,2022-01-01,2022-12-31
988140,GHED_CHE_pc_US_SHA2011,COUNTRY,MKD,EUR,Europe,YEAR,2009,,,,,,,,,297.88,297.88058472,,,,2025-12-05T13:23:08Z,2009,2009-01-01,2009-12-31
991018,GHED_CHE_pc_US_SHA2011,COUNTRY,PRY,AMR,Americas,YEAR,2007,,,,,,,,,161.25,161.25285339,,,,2025-12-05T13:23:08Z,2007,2007-01-01,2007-12-31
992865,GHED_CHE_pc_US_SHA2011,COUNTRY,LIE,EUR,Europe,YEAR,2014,,,,,,,,,10096.85,10096.85351563,,,,2026-01-12T13:50:53Z,2014,2014-01-01,2014-12-31
993234,GHED_CHE_pc_US_SHA2011,COUNTRY,FIN,EUR,Europe,YEAR,2005,,,,,,,,,3236.86,3236.85839844,,,,2025-12-05T13:23:08Z,2005,2005-01-01,2005-12-31
993873,GHED_CHE_pc_US_SHA2011,COUNTRY,COL,AMR,Americas,YEAR,2001,,,,,,,,,138.48,138.47569275,,,,2025-12-05T13:23:08Z,2001,2001-01-01,2001-12-31
999635,GHED_CHE_pc_US_SHA2011,COUNTRY,GIN,AFR,Africa,YEAR,2002,,,,,,,,,24.84,24.83917809,,,,2025-12-05T13:23:08Z,2002,2002-01-01,2002-12-31
1000348,GHED_CHE_pc_US_SHA2011,COUNTRY,IRQ,EMR,Eastern Mediterranean,YEAR,2007,,,,,,,,,100.59,100.59433746,,,,2025-12-05T13:23:08Z,2007,2007-01-01,2007-12-31
1001373,GHED_CHE_pc_US_SHA2011,COUNTRY,PNG,WPR,Western Pacific,YEAR,2013,,,,,,,,,76.75,76.75310516,,,,2025-12-05T13:23:08Z,2013,2013-01-01,2013-12-31
1003321,GHED_CHE_pc_US_SHA2011,COUNTRY,JPN,WPR,Western Pacific,YEAR,2001,,,,,,,,,2488.65,2488.65185547,,,,2025-12-05T13:23:08Z,2001,2001-01-01,2001-12-31
1003472,GHED_CHE_pc_US_SHA2011,COUNTRY,DOM,AMR,Americas,YEAR,2013,,,,,,,,,302.29,302.28512573,,,,2025-12-05T13:23:08Z,2013,2013-01-01,2013-12-31
1004835,GHED_CHE_pc_US_SHA2011,COUNTRY,GTM,AMR,Americas,YEAR,2015,,,,,,,,,233.84,233.8447876,,,,2025-12-05T13:23:08Z,2015,2015-01-01,2015-12-31
1005184,GHED_CHE_pc_US_SHA2011,COUNTRY,BLR,EUR,Europe,YEAR,2002,,,,,,,,,85.97,85.97066498,,,,2025-12-05T13:23:08Z,2002,2002-01-01,2002-12-31
1005307,GHED_CHE_pc_US_SHA2011,COUNTRY,CAN,AMR,Americas,YEAR,2021,,,,,,,,,6511.47,6511.46972656,,,,2025-12-05T13:23:08Z,2021,2021-01-01,2021-12-31
1007123,GHED_CHE_pc_US_SHA2011,COUNTRY,MLI,AFR,Africa,YEAR,2022,,,,,,,,,31.09,31.0949192,,,,2026-01-12T13:50:53Z,2022,2022-01-01,2022-12-31
1013100,GHED_CHE_pc_US_SHA2011,COUNTRY,GIN,AFR,Africa,YEAR,2006,,,,,,,,,16.16,16.15967941,,,,2025-12-05T13:23:08Z,2006,2006-01-01,2006-12-31
1027071,GHED_CHE_pc_US_SHA2011,COUNTRY,SAU,EMR,Eastern Mediterranean,YEAR,2012,,,,,,,,,1093.16,1093.15588379,,,,2025-12-05T13:23:08Z,2012,2012-01-01,2012-12-31
1028411,GHED_CHE_pc_US_SHA2011,COUNTRY,GHA,AFR,Africa,YEAR,2015,,,,,,,,,78.22,78.21643066,,,,2025-12-05T13:23:08Z,2015,2015-01-01,2015-12-31
1029535,GHED_CHE_pc_US_SHA2011,COUNTRY,LTU,EUR,Europe,YEAR,2001,,,,,,,,,218.82,218.81802368,,,,2025-12-05T13:23:08Z,2001,2001-01-01,2001-12-31
1034061,GHED_CHE_pc_US_SHA2011,WORLDBANKINCOMEGROUP,WB_HI,,,YEAR,2008,,,,,,,,,2586.74,2586.73725414,,,,2025-12-05T13:23:08Z,2008,2008-01-01,2008-12-31
1035546,GHED_CHE_pc_US_SHA2011,COUNTRY,LKA,SEAR,South-East Asia,YEAR,2003,,,,,,,,,40.82,40.82443619,,,,2025-12-05T13:23:08Z,2003,2003-01-01,2003-12-31
1047109,GHED_CHE_pc_US_SHA2011,COUNTRY,GRC,EUR,Europe,YEAR,2011,,,,,,,,,2338.92,2338.91577148,,,,2025-12-05T13:23:08Z,2011,2011-01-01,2011-12-31
1047803,GHED_CHE_pc_US_SHA2011,COUNTRY,KNA,AMR,Americas,YEAR,2022,,,,,,,,,1161.22,1161.22058105,,,,2025-12-05T13:23:08Z,2022,2022-01-01,2022-12-31
1048472,GHED_CHE_pc_US_SHA2011,COUNTRY,VEN,AMR,Americas,YEAR,2022,,,,,,,,,208.67,208.66654968,,,,2025-12-05T13:23:08Z,2022,2022-01-01,2022-12-31
1049022,GHED_CHE_pc_US_SHA2011,COUNTRY,COD,AFR,Africa,YEAR,2016,,,,,,,,,19.31,19.3114109,,,,2025-12-05T13:23:08Z,2016,2016-01-01,2016-12-31
1051375,GHED_CHE_pc_US_SHA2011,COUNTRY,PRY,AMR,Americas,YEAR,2015,,,,,,,,,393.42,393.42440796,,,,2025-12-05T13:23:08Z,2015,2015-01-01,2015-12-31
1055431,GHED_CHE_pc_US_SHA2011,COUNTRY,QAT,EMR,Eastern Mediterranean,YEAR,2017,,,,,,,,,1911.95,1911.95361328,,,,2025-12-05T13:23:08Z,2017,2017-01-01,2017-12-31
1058008,GHED_CHE_pc_US_SHA2011,REGION,EMR,,,YEAR,2011,,,,,,,,,477.13,477.1301631,,,,2025-12-05T13:23:08Z,2011,2011-01-01,2011-12-31
1059315,GHED_CHE_pc_US_SHA2011,COUNTRY,VUT,WPR,Western Pacific,YEAR,2007,,,,,,,,,72.53,72.5284729,,,,2025-12-05T13:23:08Z,2007,2007-01-01,2007-12-31
1061414,GHED_CHE_pc_US_SHA2011,COUNTRY,TJK,EUR,Europe,YEAR,2011,,,,,,,,,48.84,48.8431282,,,,2025-12-05T13:23:08Z,2011,2011-01-01,2011-12-31
1061636,GHED_CHE_pc_US_SHA2011,COUNTRY,BEL,EUR,Europe,YEAR,2015,,,,,,,,,4465.46,4465.45556641,,,,2025-12-05T13:23:08Z,2015,2015-01-01,2015-12-31
1063693,GHED_CHE_pc_US_SHA2011,COUNTRY,TGO,AFR,Africa,YEAR,2022,,,,,,,,,55.80,55.79545593,,,,2025-12-05T13:23:08Z,2022,2022-01-01,2022-12-31
1066121,GHED_CHE_pc_US_SHA2011,COUNTRY,GUY,AMR,Americas,YEAR,2020,,,,,,,,,364.20,364.20135498,,,,2025-12-05T13:23:08Z,2020,2020-01-01,2020-12-31
1066153,GHED_CHE_pc_US_SHA2011,COUNTRY,IDN,WPR,Western Pacific,YEAR,2000,,,,,,,,,15.39,15.39148712,,,,2025-12-05T13:23:08Z,2000,2000-01-01,2000-12-31
1066200,GHED_CHE_pc_US_SHA2011,COUNTRY,JPN,WPR,Western Pacific,YEAR,2000,,,,,,,,,2751.38,2751.38452148,,,,2025-12-05T13:23:08Z,2000,2000-01-01,2000-12-31
1066531,GHED_CHE_pc_US_SHA2011,COUNTRY,USA,AMR,Americas,YEAR,2010,,,,,,,,,7836.09,7836.08837891,,,,2025-12-05T13:23:08Z,2010,2010-01-01,2010-12-31
1066864,GHED_CHE_pc_US_SHA2011,COUNTRY,RUS,EUR,Europe,YEAR,2002,,,,,,,,,140.06,140.05729675,,,,2025-12-05T13:23:08Z,2002,2002-01-01,2002-12-31
1077476,GHED_CHE_pc_US_SHA2011,COUNTRY,PRT,EUR,Europe,YEAR,2014,,,,,,,,,2056.61,2056.61474609,,,,2025-12-05T13:23:08Z,2014,2014-01-01,2014-12-31
1077983,GHED_CHE_pc_US_SHA2011,COUNTRY,MRT,AFR,Africa,YEAR,2000,,,,,,,,,23.00,23.00290108,,,,2025-12-05T13:23:08Z,2000,2000-01-01,2000-12-31
1078261,GHED_CHE_pc_US_SHA2011,COUNTRY,BFA,AFR,Africa,YEAR,2020,,,,,,,,,57.18,57.17589188,,,,2025-12-05T13:23:08Z,2020,2020-01-01,2020-12-31
1079014,GHED_CHE_pc_US_SHA2011,COUNTRY,BGR,EUR,Europe,YEAR,2009,,,,,,,,,459.30,459.30020142,,,,2025-12-05T13:23:08Z,2009,2009-01-01,2009-12-31
1079056,GHED_CHE_pc_US_SHA2011,COUNTRY,CIV,AFR,Africa,YEAR,2012,,,,,,,,,69.86,69.86203003,,,,2025-12-05T13:23:08Z,2012,2012-01-01,2012-12-31
1079376,GHED_CHE_pc_US_SHA2011,COUNTRY,PSE,EMR,Eastern Mediterranean,YEAR,2012,,,,,,,,,298.34,298.34082031,,,,2025-12-05T13:23:08Z,2012,2012-01-01,2012-12-31
1080131,GHED_CHE_pc_US_SHA2011,COUNTRY,IRQ,EMR,Eastern Mediterranean,YEAR,2006,,,,,,,,,56.76,56.76464462,,,,2025-12-05T13:23:08Z,2006,2006-01-01,2006-12-31
1080490,GHED_CHE_pc_US_SHA2011,COUNTRY,OMN,EMR,Eastern Mediterranean,YEAR,2003,,,,,,,,,290.39,290.38589478,,,,2025-12-05T13:23:08Z,2003,2003-01-01,2003-12-31
1082646,GHED_CHE_pc_US_SHA2011,COUNTRY,NIC,AMR,Americas,YEAR,2004,,,,,,,,,66.55,66.54763794,,,,2025-12-05T13:23:08Z,2004,2004-01-01,2004-12-31
1084690,GHED_CHE_pc_US_SHA2011,COUNTRY,PHL,WPR,Western Pacific,YEAR,2019,,,,,,,,,141.69,141.6925354,,,,2025-12-05T13:23:08Z,2019,2019-01-01,2019-12-31
1085230,GHED_CHE_pc_US_SHA2011,REGION,WPR,,,YEAR,2002,,,,,,,,,365.76,365.76164314,,,,2025-12-05T13:23:08Z,2002,2002-01-01,2002-12-31
1086539,GHED_CHE_pc_US_SHA2011,COUNTRY,GTM,AMR,Americas,YEAR,2014,,,,,,,,,217.24,217.23764038,,,,2025-12-05T13:23:08Z,2014,2014-01-01,2014-12-31
1093231,GHED_CHE_pc_US_SHA2011,COUNTRY,SYC,AFR,Africa,YEAR,2015,,,,,,,,,566.97,566.96704102,,,,2025-12-05T13:23:08Z,2015,2015-01-01,2015-12-31
1095165,GHED_CHE_pc_US_SHA2011,COUNTRY,BRB,AMR,Americas,YEAR,2021,,,,,,,,,1391.50,1391.49853516,,,,2025-12-05T13:23:08Z,2021,2021-01-01,2021-12-31
1097819,GHED_CHE_pc_US_SHA2011,COUNTRY,BRA,AMR,Americas,YEAR,2012,,,,,,,,,968.73,968.7277832,,,,2025-12-05T13:23:08Z,2012,2012-01-01,2012-12-31
1100035,GHED_CHE_pc_US_SHA2011,COUNTRY,PRY,AMR,Americas,YEAR,2000,,,,,,,,,104.49,104.49077606,,,,2025-12-05T13:23:08Z,2000,2000-01-01,2000-12-31
1100657,GHED_CHE_pc_US_SHA2011,COUNTRY,BOL,AMR,Americas,YEAR,2004,,,,,,,,,46.35,46.35359192,,,,2025-12-05T13:23:08Z,2004,2004-01-01,2004-12-31
1101264,GHED_CHE_pc_US_SHA2011,COUNTRY,COG,AFR,Africa,YEAR,2003,,,,,,,,,21.51,21.51475716,,,,2025-12-05T13:23:08Z,2003,2003-01-01,2003-12-31
1102433,GHED_CHE_pc_US_SHA2011,COUNTRY,KWT,EMR,Eastern Mediterranean,YEAR,2000,,,,,,,,,425.21,425.20968628,,,,2025-12-05T13:23:08Z,2000,2000-01-01,2000-12-31
1103702,GHED_CHE_pc_US_SHA2011,COUNTRY,SAU,EMR,Eastern Mediterranean,YEAR,2011,,,,,,,,,954.39,954.38873291,,,,2025-12-05T13:23:08Z,2011,2011-01-01,2011-12-31
1106509,GHED_CHE_pc_US_SHA2011,COUNTRY,TUR,EUR,Europe,YEAR,2006,,,,,,,,,409.26,409.25881958,,,,2025-12-05T13:23:08Z,2006,2006-01-01,2006-12-31
1107627,GHED_CHE_pc_US_SHA2011,COUNTRY,ETH,AFR,Africa,YEAR,2001,,,,,,,,,5.51,5.50955105,,,,2025-12-05T13:23:08Z,2001,2001-01-01,2001-12-31
1108325,GHED_CHE_pc_US_SHA2011,COUNTRY,AND,EUR,Europe,YEAR,2014,,,,,,,,,3005.22,3005.21557617,,,,2025-12-05T13:23:08Z,2014,2014-01-01,2014-12-31
1108385,GHED_CHE_pc_US_SHA2011,COUNTRY,MMR,SEAR,South-East Asia,YEAR,2013,,,,,,,,,37.69,37.68575287,,,,2025-12-05T13:23:08Z,2013,2013-01-01,2013-12-31
1108547,GHED_CHE_pc_US_SHA2011,COUNTRY,ARM,EUR,Europe,YEAR,2004,,,,,,,,,71.65,71.65074158,,,,2025-12-05T13:23:08Z,2004,2004-01-01,2004-12-31
1109819,GHED_CHE_pc_US_SHA2011,COUNTRY,FJI,WPR,Western Pacific,YEAR,2005,,,,,,,,,120.21,120.21074677,,,,2025-12-05T13:23:08Z,2005,2005-01-01,2005-12-31
1110241,GHED_CHE_pc_US_SHA2011,COUNTRY,TTO,AMR,Americas,YEAR,2003,,,,,,,,,358.60,358.59500122,,,,2025-12-05T13:23:08Z,2003,2003-01-01,2003-12-31
1111011,GHED_CHE_pc_US_SHA2011,COUNTRY,SRB,EUR,Europe,YEAR,2008,,,,,,,,,671.89,671.88702393,,,,2025-12-05T13:23:08Z,2008,2008-01-01,2008-12-31
1112515,GHED_CHE_pc_US_SHA2011,COUNTRY,SWE,EUR,Europe,YEAR,2014,,,,,,,,,6632.24,6632.23681641,,,,2025-12-05T13:23:08Z,2014,2014-01-01,2014-12-31
1112623,GHED_CHE_pc_US_SHA2011,COUNTRY,KGZ,EUR,Europe,YEAR,2023,,,,,,,,,96.65,96.65081787,,,,2025-12-05T13:23:08Z,2023,2023-01-01,2023-12-31
1113510,GHED_CHE_pc_US_SHA2011,COUNTRY,LBN,EMR,Eastern Mediterranean,YEAR,2016,,,,,,,,,640.97,640.96563721,,,,2025-12-05T13:23:08Z,2016,2016-01-01,2016-12-31
1116192,GHED_CHE_pc_US_SHA2011,COUNTRY,MCO,EUR,Europe,YEAR,2014,,,,,,,,,8691.70,8691.6953125,,,,2025-12-05T13:23:08Z,2014,2014-01-01,2014-12-31
1117040,GHED_CHE_pc_US_SHA2011,COUNTRY,WSM,WPR,Western Pacific,YEAR,2014,,,,,,,,,252.31,252.30943298,,,,2025-12-05T13:23:08Z,2014,2014-01-01,2014-12-31
1118106,GHED_CHE_pc_US_SHA2011,COUNTRY,CHL,AMR,Americas,YEAR,2007,,,,,,,,,643.06,643.05963135,,,,2025-12-05T13:23:08Z,2007,2007-01-01,2007-12-31
1119067,GHED_CHE_pc_US_SHA2011,COUNTRY,CMR,AFR,Africa,YEAR,2022,,,,,,,,,72.13,72.12950897,,,,2025-12-05T13:23:08Z,2022,2022-01-01,2022-12-31
1119722,GHED_CHE_pc_US_SHA2011,COUNTRY,RUS,EUR,Europe,YEAR,2001,,,,,,,,,117.88,117.87785339,,,,2025-12-05T13:23:08Z,2001,2001-01-01,2001-12-31
1121022,GHED_CHE_pc_US_SHA2011,COUNTRY,IND,SEAR,South-East Asia,YEAR,2013,,,,,,,,,55.47,55.46933746,,,,2025-12-05T13:23:08Z,2013,2013-01-01,2013-12-31
1121438,GHED_CHE_pc_US_SHA2011,COUNTRY,TGO,AFR,Africa,YEAR,2020,,,,,,,,,52.75,52.75213242,,,,2025-12-05T13:23:08Z,2020,2020-01-01,2020-12-31
1121772,GHED_CHE_pc_US_SHA2011,COUNTRY,ARG,AMR,Americas,YEAR,2014,,,,,,,,,1291.32,1291.32458496,,,,2025-12-05T13:23:08Z,2014,2014-01-01,2014-12-31
1126349,GHED_CHE_pc_US_SHA2011,COUNTRY,QAT,EMR,Eastern Mediterranean,YEAR,2014,,,,,,,,,2252.41,2252.4140625,,,,2025-12-05T13:23:08Z,2014,2014-01-01,2014-12-31
1130432,GHED_CHE_pc_US_SHA2011,COUNTRY,KOR,WPR,Western Pacific,YEAR,2002,,,,,,,,,536.92,536.91662598,,,,2025-12-05T13:23:08Z,2002,2002-01-01,2002-12-31
1133431,GHED_CHE_pc_US_SHA2011,COUNTRY,ZMB,AFR,Africa,YEAR,2019,,,,,,,,,85.02,85.02349854,,,,2025-12-05T13:23:08Z,2019,2019-01-01,2019-12-31
1133466,GHED_CHE_pc_US_SHA2011,COUNTRY,GHA,AFR,Africa,YEAR,2000,,,,,,,,,10.46,10.46035767,,,,2025-12-05T13:23:08Z,2000,2000-01-01,2000-12-31
1133848,GHED_CHE_pc_US_SHA2011,COUNTRY,ETH,AFR,Africa,YEAR,2000,,,,,,,,,5.29,5.28970861,,,,2025-12-05T13:23:08Z,2000,2000-01-01,2000-12-31
1134559,GHED_CHE_pc_US_SHA2011,COUNTRY,TLS,SEAR,South-East Asia,YEAR,2007,,,,,,,,,30.52,30.51906586,,,,2025-12-05T13:23:08Z,2007,2007-01-01,2007-12-31
1139028,GHED_CHE_pc_US_SHA2011,COUNTRY,NZL,WPR,Western Pacific,YEAR,2002,,,,,,,,,1250.13,1250.12634277,,,,2025-12-05T13:23:08Z,2002,2002-01-01,2002-12-31
1149771,GHED_CHE_pc_US_SHA2011,COUNTRY,SWE,EUR,Europe,YEAR,2015,,,,,,,,,5626.05,5626.04833984,,,,2025-12-05T13:23:08Z,2015,2015-01-01,2015-12-31
1150934,GHED_CHE_pc_US_SHA2011,COUNTRY,ATG,AMR,Americas,YEAR,2011,,,,,,,,,717.28,717.28186035,,,,2025-12-05T13:23:08Z,2011,2011-01-01,2011-12-31
1153046,GHED_CHE_pc_US_SHA2011,COUNTRY,TUN,EMR,Eastern Mediterranean,YEAR,2003,,,,,,,,,148.93,148.93447876,,,,2025-12-05T13:23:08Z,2003,2003-01-01,2003-12-31
1154268,GHED_CHE_pc_US_SHA2011,COUNTRY,AZE,EUR,Europe,YEAR,2023,,,,,,,,,299.81,299.81060791,,,,2025-12-05T13:23:08Z,2023,2023-01-01,2023-12-31
1155560,GHED_CHE_pc_US_SHA2011,COUNTRY,LBN,EMR,Eastern Mediterranean,YEAR,2022,,,,,,,,,230.39,230.39093018,,,,2025-12-05T13:23:08Z,2022,2022-01-01,2022-12-31
1156198,GHED_CHE_pc_US_SHA2011,COUNTRY,BOL,AMR,Americas,YEAR,2018,,,,,,,,,231.19,231.18806458,,,,2025-12-05T13:23:08Z,2018,2018-01-01,2018-12-31
1158469,GHED_CHE_pc_US_SHA2011,COUNTRY,KWT,EMR,Eastern Mediterranean,YEAR,2003,,,,,,,,,626.35,626.35095215,,,,2025-12-05T13:23:08Z,2003,2003-01-01,2003-12-31
1163211,GHED_CHE_pc_US_SHA2011,COUNTRY,TJK,EUR,Europe,YEAR,2001,,,,,,,,,7.57,7.56599855,,,,2025-12-05T13:23:08Z,2001,2001-01-01,2001-12-31
1163485,GHED_CHE_pc_US_SHA2011,COUNTRY,MEX,AMR,Americas,YEAR,2013,,,,,,,,,625.60,625.59765625,,,,2025-12-05T13:23:08Z,2013,2013-01-01,2013-12-31
1165378,GHED_CHE_pc_US_SHA2011,COUNTRY,TGO,AFR,Africa,YEAR,2016,,,,,,,,,50.88,50.878349300000004,,,,2025-12-05T13:23:08Z,2016,2016-01-01,2016-12-31
1166014,GHED_CHE_pc_US_SHA2011,COUNTRY,COG,AFR,Africa,YEAR,2014,,,,,,,,,71.03,71.03118896,,,,2025-12-05T13:23:08Z,2014,2014-01-01,2014-12-31
1168714,GHED_CHE_pc_US_SHA2011,COUNTRY,SOM,EMR,Eastern Mediterranean,YEAR,2023,,,,,,,,,22.37,22.37065506,,,,2025-12-05T13:23:08Z,2023,2023-01-01,2023-12-31
1169857,GHED_CHE_pc_US_SHA2011,COUNTRY,TZA,AFR,Africa,YEAR,2023,,,,,,,,,36.26,36.25619888,,,,2025-12-05T13:23:08Z,2023,2023-01-01,2023-12-31
1171206,GHED_CHE_pc_US_SHA2011,COUNTRY,MCO,EUR,Europe,YEAR,2006,,,,,,,,,6146.88,6146.87744141,,,,2025-12-05T13:23:08Z,2006,2006-01-01,2006-12-31
1177151,GHED_CHE_pc_US_SHA2011,COUNTRY,NPL,SEAR,South-East Asia,YEAR,2019,,,,,,,,,53.61,53.61107254,,,,2025-12-05T13:23:08Z,2019,2019-01-01,2019-12-31
1177241,GHED_CHE_pc_US_SHA2011,COUNTRY,NIC,AMR,Americas,YEAR,2006,,,,,,,,,79.35,79.3536377,,,,2025-12-05T13:23:08Z,2006,2006-01-01,2006-12-31
1178453,GHED_CHE_pc_US_SHA2011,COUNTRY,AFG,EMR,Eastern Mediterranean,YEAR,2004,,,,,,,,,21.42,21.42300415,,,,2025-12-05T13:23:08Z,2004,2004-01-01,2004-12-31
1179364,GHED_CHE_pc_US_SHA2011,COUNTRY,GTM,AMR,Americas,YEAR,2021,,,,,,,,,361.52,361.51858521,,,,2025-12-05T13:23:08Z,2021,2021-01-01,2021-12-31
1180459,GHED_CHE_pc_US_SHA2011,COUNTRY,KGZ,EUR,Europe,YEAR,2000,,,,,,,,,12.03,12.0349474,,,,2025-12-05T13:23:08Z,2000,2000-01-01,2000-12-31
1183020,GHED_CHE_pc_US_SHA2011,COUNTRY,KWT,EMR,Eastern Mediterranean,YEAR,2015,,,,,,,,,1259.56,1259.55786133,,,,2025-12-05T13:23:08Z,2015,2015-01-01,2015-12-31
1183173,GHED_CHE_pc_US_SHA2011,COUNTRY,CHE,EUR,Europe,YEAR,2015,,,,,,,,,9200.10,9200.10058594,,,,2025-12-05T13:23:08Z,2015,2015-01-01,2015-12-31
1183585,GHED_CHE_pc_US_SHA2011,COUNTRY,BIH,EUR,Europe,YEAR,2007,,,,,,,,,363.86,363.86224365,,,,2025-12-05T13:23:08Z,2007,2007-01-01,2007-12-31
1185582,GHED_CHE_pc_US_SHA2011,COUNTRY,PSE,EMR,Eastern Mediterranean,YEAR,2002,,,,,,,,,118.23,118.22906494,,,,2025-12-05T13:23:08Z,2002,2002-01-01,2002-12-31
1186930,GHED_CHE_pc_US_SHA2011,COUNTRY,DMA,AMR,Americas,YEAR,2009,,,,,,,,,354.05,354.04888916,,,,2025-12-05T13:23:08Z,2009,2009-01-01,2009-12-31
1188539,GHED_CHE_pc_US_SHA2011,COUNTRY,TUV,WPR,Western Pacific,YEAR,2008,,,,,,,,,319.32,319.3182373,,,,2025-12-05T13:23:08Z,2008,2008-01-01,2008-12-31
1196436,GHED_CHE_pc_US_SHA2011,COUNTRY,CPV,AFR,Africa,YEAR,2023,,,,,,,,,290.13,290.12619019,,,,2025-12-05T13:23:08Z,2023,2023-01-01,2023-12-31
1200823,GHED_CHE_pc_US_SHA2011,COUNTRY,ESP,EUR,Europe,YEAR,2015,,,,,,,,,2383.85,2383.85302734,,,,2025-12-05T13:23:08Z,2015,2015-01-01,2015-12-31
1202053,GHED_CHE_pc_US_SHA2011,COUNTRY,ITA,EUR,Europe,YEAR,2002,,,,,,,,,1762.36,1762.359375,,,,2025-12-05T13:23:08Z,2002,2002-01-01,2002-12-31
1203530,GHED_CHE_pc_US_SHA2011,COUNTRY,BHS,AMR,Americas,YEAR,2005,,,,,,,,,1153.22,1153.21594238,,,,2025-12-05T13:23:08Z,2005,2005-01-01,2005-12-31
1204191,GHED_CHE_pc_US_SHA2011,COUNTRY,GAB,AFR,Africa,YEAR,2017,,,,,,,,,192.48,192.47543335,,,,2025-12-05T13:23:08Z,2017,2017-01-01,2017-12-31
1204900,GHED_CHE_pc_US_SHA2011,COUNTRY,NZL,WPR,Western Pacific,YEAR,2008,,,,,,,,,2708.66,2708.65625,,,,2025-12-05T13:23:08Z,2008,2008-01-01,2008-12-31
1207056,GHED_CHE_pc_US_SHA2011,COUNTRY,VUT,WPR,Western Pacific,YEAR,2013,,,,,,,,,130.88,130.88458252,,,,2025-12-05T13:23:08Z,2013,2013-01-01,2013-12-31
1207219,GHED_CHE_pc_US_SHA2011,COUNTRY,USA,AMR,Americas,YEAR,2000,,,,,,,,,4548.55,4548.5546875,,,,2025-12-05T13:23:08Z,2000,2000-01-01,2000-12-31
1207494,GHED_CHE_pc_US_SHA2011,COUNTRY,PNG,WPR,Western Pacific,YEAR,2011,,,,,,,,,52.49,52.49456787,,,,2025-12-05T13:23:08Z,2011,2011-01-01,2011-12-31
1208310,GHED_CHE_pc_US_SHA2011,COUNTRY,SDN,EMR,Eastern Mediterranean,YEAR,2012,,,,,,,,,75.41,75.40776825,,,,2025-12-05T13:23:08Z,2012,2012-01-01,2012-12-31
1209259,GHED_CHE_pc_US_SHA2011,COUNTRY,TCD,AFR,Africa,YEAR,2003,,,,,,,,,18.02,18.0202446,,,,2025-12-05T13:23:08Z,2003,2003-01-01,2003-12-31
1209393,GHED_CHE_pc_US_SHA2011,COUNTRY,MKD,EUR,Europe,YEAR,2023,,,,,,,,,639.42,639.41693115,,,,2025-12-05T13:23:08Z,2023,2023-01-01,2023-12-31
1211233,GHED_CHE_pc_US_SHA2011,COUNTRY,ARG,AMR,Americas,YEAR,2002,,,,,,,,,219.96,219.96408081,,,,2025-12-05T13:23:08Z,2002,2002-01-01,2002-12-31
1214275,GHED_CHE_pc_US_SHA2011,COUNTRY,LSO,AFR,Africa,YEAR,2013,,,,,,,,,131.36,131.35578918,,,,2025-12-05T13:23:08Z,2013,2013-01-01,2013-12-31
1214811,GHED_CHE_pc_US_SHA2011,COUNTRY,DZA,AFR,Africa,YEAR,2006,,,,,,,,,116.78,116.7750473,,,,2025-12-05T13:23:08Z,2006,2006-01-01,2006-12-31
1220038,GHED_CHE_pc_US_SHA2011,COUNTRY,TUR,EUR,Europe,YEAR,2019,,,,,,,,,388.67,388.67486572,,,,2025-12-05T13:23:08Z,2019,2019-01-01,2019-12-31
1220116,GHED_CHE_pc_US_SHA2011,COUNTRY,AUS,WPR,Western Pacific,YEAR,2022,,,,,,,,,6723.98,6723.98242188,,,,2025-12-05T13:23:08Z,2022,2022-01-01,2022-12-31
1221836,GHED_CHE_pc_US_SHA2011,COUNTRY,SAU,EMR,Eastern Mediterranean,YEAR,2008,,,,,,,,,663.14,663.14331055,,,,2025-12-05T13:23:08Z,2008,2008-01-01,2008-12-31
1223054,GHED_CHE_pc_US_SHA2011,COUNTRY,GRC,EUR,Europe,YEAR,2016,,,,,,,,,1513.26,1513.25939941,,,,2025-12-05T13:23:08Z,2016,2016-01-01,2016-12-31
1223410,GHED_CHE_pc_US_SHA2011,COUNTRY,MYS,WPR,Western Pacific,YEAR,2008,,,,,,,,,263.68,263.67819214,,,,2025-12-05T13:23:08Z,2008,2008-01-01,2008-12-31
1225958,GHED_CHE_pc_US_SHA2011,COUNTRY,PAK,EMR,Eastern Mediterranean,YEAR,2012,,,,,,,,,25.60,25.59742928,,,,2025-12-05T13:23:08Z,2012,2012-01-01,2012-12-31
1231283,GHED_CHE_pc_US_SHA2011,COUNTRY,KWT,EMR,Eastern Mediterranean,YEAR,2009,,,,,,,,,1025.90,1025.90490723,,,,2025-12-05T13:23:08Z,2009,2009-01-01,2009-12-31
1233701,GHED_CHE_pc_US_SHA2011,COUNTRY,BRN,WPR,Western Pacific,YEAR,2020,,,,,,,,,658.39,658.38983154,,,,2025-12-05T13:23:08Z,2020,2020-01-01,2020-12-31
1234822,GHED_CHE_pc_US_SHA2011,COUNTRY,BHR,EMR,Eastern Mediterranean,YEAR,2007,,,,,,,,,677.16,677.16290283,,,,2025-12-05T13:23:08Z,2007,2007-01-01,2007-12-31
1236955,GHED_CHE_pc_US_SHA2011,COUNTRY,MLI,AFR,Africa,YEAR,2023,,,,,,,,,33.98,33.9802475,,,,2026-01-12T13:50:53Z,2023,2023-01-01,2023-12-31
1240348,GHED_CHE_pc_US_SHA2011,COUNTRY,KAZ,EUR,Europe,YEAR,2014,,,,,,,,,369.69,369.68508911,,,,2025-12-05T13:23:08Z,2014,2014-01-01,2014-12-31
1244794,GHED_CHE_pc_US_SHA2011,COUNTRY,SAU,EMR,Eastern Mediterranean,YEAR,2019,,,,,,,,,1504.55,1504.55249023,,,,2025-12-05T13:23:08Z,2019,2019-01-01,2019-12-31
1246858,GHED_CHE_pc_US_SHA2011,COUNTRY,OMN,EMR,Eastern Mediterranean,YEAR,2018,,,,,,,,,639.78,639.78082275,,,,2025-12-05T13:23:08Z,2018,2018-01-01,2018-12-31
1257151,GHED_CHE_pc_US_SHA2011,COUNTRY,NRU,WPR,Western Pacific,YEAR,2010,,,,,,,,,626.21,626.21124268,,,,2025-12-05T13:23:08Z,2010,2010-01-01,2010-12-31
1261917,GHED_CHE_pc_US_SHA2011,COUNTRY,CAF,AFR,Africa,YEAR,2003,,,,,,,,,12.15,12.15000153,,,,2025-12-05T13:23:08Z,2003,2003-01-01,2003-12-31
1262556,GHED_CHE_pc_US_SHA2011,COUNTRY,JAM,AMR,Americas,YEAR,2016,,,,,,,,,330.15,330.15463257,,,,2025-12-05T13:23:08Z,2016,2016-01-01,2016-12-31
1265480,GHED_CHE_pc_US_SHA2011,COUNTRY,RWA,AFR,Africa,YEAR,2022,,,,,,,,,57.83,57.83102036,,,,2025-12-05T13:23:08Z,2022,2022-01-01,2022-12-31
1267703,GHED_CHE_pc_US_SHA2011,COUNTRY,BLR,EUR,Europe,YEAR,2015,,,,,,,,,360.92,360.91937256,,,,2025-12-05T13:23:08Z,2015,2015-01-01,2015-12-31
1271882,GHED_CHE_pc_US_SHA2011,COUNTRY,SLE,AFR,Africa,YEAR,2002,,,,,,,,,22.29,22.29375267,,,,2025-12-05T13:23:08Z,2002,2002-01-01,2002-12-31
1274251,GHED_CHE_pc_US_SHA2011,COUNTRY,TUR,EUR,Europe,YEAR,2023,,,,,,,,,547.81,547.8145752,,,,2025-12-05T13:23:08Z,2023,2023-01-01,2023-12-31
1274480,GHED_CHE_pc_US_SHA2011,COUNTRY,SWE,EUR,Europe,YEAR,2006,,,,,,,,,3755.68,3755.67529297,,,,2025-12-05T13:23:08Z,2006,2006-01-01,2006-12-31
1274610,GHED_CHE_pc_US_SHA2011,COUNTRY,ERI,AFR,Africa,YEAR,2003,,,,,,,,,19.81,19.81480217,,,,2025-12-05T13:23:08Z,2003,2003-01-01,2003-12-31
1274929,GHED_CHE_pc_US_SHA2011,COUNTRY,SRB,EUR,Europe,YEAR,2007,,,,,,,,,547.23,547.22723389,,,,2025-12-05T13:23:08Z,2007,2007-01-01,2007-12-31
1276164,GHED_CHE_pc_US_SHA2011,COUNTRY,PAN,AMR,Americas,YEAR,2023,,,,,,,,,1557.81,1557.81286621,,,,2025-12-05T13:23:08Z,2023,2023-01-01,2023-12-31
1277096,GHED_CHE_pc_US_SHA2011,GLOBAL,GLOBAL,,,YEAR,2003,,,,,,,,,593.34,593.33776392,,,,2025-12-05T13:23:08Z,2003,2003-01-01,2003-12-31
1279427,GHED_CHE_pc_US_SHA2011,COUNTRY,SWZ,AFR,Africa,YEAR,2021,,,,,,,,,297.72,297.72213745,,,,2025-12-05T13:23:08Z,2021,2021-01-01,2021-12-31
1282659,GHED_CHE_pc_US_SHA2011,COUNTRY,MOZ,AFR,Africa,YEAR,2011,,,,,,,,,30.43,30.42516136,,,,2025-12-05T13:23:08Z,2011,2011-01-01,2011-12-31
1285726,GHED_CHE_pc_US_SHA2011,COUNTRY,BDI,AFR,Africa,YEAR,2010,,,,,,,,,24.45,24.45114708,,,,2025-12-05T13:23:08Z,2010,2010-01-01,2010-12-31
1286139,GHED_CHE_pc_US_SHA2011,COUNTRY,TCD,AFR,Africa,YEAR,2017,,,,,,,,,29.99,29.9935894,,,,2025-12-05T13:23:08Z,2017,2017-01-01,2017-12-31
1287804,GHED_CHE_pc_US_SHA2011,COUNTRY,MKD,EUR,Europe,YEAR,2001,,,,,,,,,150.43,150.4312439,,,,2025-12-05T13:23:08Z,2001,2001-01-01,2001-12-31
1291003,GHED_CHE_pc_US_SHA2011,COUNTRY,GEO,EUR,Europe,YEAR,2004,,,,,,,,,105.10,105.09565735,,,,2025-12-05T13:23:08Z,2004,2004-01-01,2004-12-31
1293681,GHED_CHE_pc_US_SHA2011,COUNTRY,BLZ,AMR,Americas,YEAR,2016,,,,,,,,,293.10,293.09829712,,,,2025-12-05T13:23:08Z,2016,2016-01-01,2016-12-31
1295119,GHED_CHE_pc_US_SHA2011,COUNTRY,VUT,WPR,Western Pacific,YEAR,2003,,,,,,,,,54.94,54.93638229,,,,2025-12-05T13:23:08Z,2003,2003-01-01,2003-12-31
1296016,GHED_CHE_pc_US_SHA2011,COUNTRY,ROU,EUR,Europe,YEAR,2003,,,,,,,,,143.55,143.54553223,,,,2025-12-05T13:23:08Z,2003,2003-01-01,2003-12-31
1296574,GHED_CHE_pc_US_SHA2011,COUNTRY,WSM,WPR,Western Pacific,YEAR,2021,,,,,,,,,285.65,285.65393066,,,,2025-12-05T13:23:08Z,2021,2021-01-01,2021-12-31
1296930,GHED_CHE_pc_US_SHA2011,COUNTRY,UZB,EUR,Europe,YEAR,2006,,,,,,,,,37.97,37.97257233,,,,2025-12-05T13:23:08Z,2006,2006-01-01,2006-12-31
1299268,GHED_CHE_pc_US_SHA2011,COUNTRY,DJI,EMR,Eastern Mediterranean,YEAR,2011,,,,,,,,,61.90,61.89852524,,,,2025-12-05T13:23:08Z,2011,2011-01-01,2011-12-31
1307396,GHED_CHE_pc_US_SHA2011,COUNTRY,ZMB,AFR,Africa,YEAR,2016,,,,,,,,,55.40,55.39532089,,,,2025-12-05T13:23:08Z,2016,2016-01-01,2016-12-31
1308648,GHED_CHE_pc_US_SHA2011,COUNTRY,FIN,EUR,Europe,YEAR,2011,,,,,,,,,4717.51,4717.5078125,,,,2025-12-05T13:23:08Z,2011,2011-01-01,2011-12-31
1311175,GHED_CHE_pc_US_SHA2011,COUNTRY,COM,AFR,Africa,YEAR,2008,,,,,,,,,73.75,73.75498962,,,,2025-12-05T13:23:08Z,2008,2008-01-01,2008-12-31
1314408,GHED_CHE_pc_US_SHA2011,COUNTRY,PNG,WPR,Western Pacific,YEAR,2004,,,,,,,,,25.74,25.73586273,,,,2025-12-05T13:23:08Z,2004,2004-01-01,2004-12-31
1315101,GHED_CHE_pc_US_SHA2011,COUNTRY,GMB,AFR,Africa,YEAR,2021,,,,,,,,,29.77,29.77283478,,,,2025-12-05T13:23:08Z,2021,2021-01-01,2021-12-31
1317962,GHED_CHE_pc_US_SHA2011,COUNTRY,CYP,EUR,Europe,YEAR,2005,,,,,,,,,1366.02,1366.01708984,,,,2025-12-05T13:23:08Z,2005,2005-01-01,2005-12-31
1318859,GHED_CHE_pc_US_SHA2011,COUNTRY,TZA,AFR,Africa,YEAR,2000,,,,,,,,,12.33,12.33031845,,,,2025-12-05T13:23:08Z,2000,2000-01-01,2000-12-31
1319100,GHED_CHE_pc_US_SHA2011,COUNTRY,HTI,AMR,Americas,YEAR,2019,,,,,,,,,49.33,49.32995987,,,,2025-12-05T13:23:08Z,2019,2019-01-01,2019-12-31
1321434,GHED_CHE_pc_US_SHA2011,COUNTRY,SWE,EUR,Europe,YEAR,2000,,,,,,,,,2173.19,2173.1940918,,,,2025-12-05T13:23:08Z,2000,2000-01-01,2000-12-31
1321649,GHED_CHE_pc_US_SHA2011,COUNTRY,IND,SEAR,South-East Asia,YEAR,2003,,,,,,,,,21.89,21.89380074,,,,2025-12-05T13:23:08Z,2003,2003-01-01,2003-12-31
1322719,GHED_CHE_pc_US_SHA2011,COUNTRY,BTN,SEAR,South-East Asia,YEAR,2006,,,,,,,,,54.21,54.21236038,,,,2025-12-05T13:23:08Z,2006,2006-01-01,2006-12-31
1322818,GHED_CHE_pc_US_SHA2011,COUNTRY,TTO,AMR,Americas,YEAR,2007,,,,,,,,,667.35,667.35321045,,,,2025-12-05T13:23:08Z,2007,2007-01-01,2007-12-31
1327700,GHED_CHE_pc_US_SHA2011,COUNTRY,IRQ,EMR,Eastern Mediterranean,YEAR,2012,,,,,,,,,174.48,174.48312378,,,,2025-12-05T13:23:08Z,2012,2012-01-01,2012-12-31
1330422,GHED_CHE_pc_US_SHA2011,COUNTRY,PNG,WPR,Western Pacific,YEAR,2002,,,,,,,,,20.55,20.55322266,,,,2025-12-05T13:23:08Z,2002,2002-01-01,2002-12-31
1335515,GHED_CHE_pc_US_SHA2011,COUNTRY,YEM,EMR,Eastern Mediterranean,YEAR,2023,,,,,,,,,47.78,47.78109741,,,,2025-12-05T13:23:08Z,2023,2023-01-01,2023-12-31
1335671,GHED_CHE_pc_US_SHA2011,COUNTRY,PRY,AMR,Americas,YEAR,2014,,,,,,,,,440.86,440.85821533,,,,2025-12-05T13:23:08Z,2014,2014-01-01,2014-12-31
1339154,GHED_CHE_pc_US_SHA2011,COUNTRY,ITA,EUR,Europe,YEAR,2021,,,,,,,,,3414.57,3414.57299805,,,,2025-12-05T13:23:08Z,2021,2021-01-01,2021-12-31
1341060,GHED_CHE_pc_US_SHA2011,COUNTRY,CRI,AMR,Americas,YEAR,2022,,,,,,,,,978.84,978.84155273,,,,2025-12-05T13:23:08Z,2022,2022-01-01,2022-12-31
1342074,GHED_CHE_pc_US_SHA2011,WORLDBANKINCOMEGROUP,WB_LI,,,YEAR,2012,,,,,,,,,38.35,38.34970366,,,,2025-12-05T13:23:08Z,2012,2012-01-01,2012-12-31
1345984,GHED_CHE_pc_US_SHA2011,COUNTRY,BEL,EUR,Europe,YEAR,2004,,,,,,,,,3322.29,3322.28857422,,,,2025-12-05T13:23:08Z,2004,2004-01-01,2004-12-31
1348813,GHED_CHE_pc_US_SHA2011,COUNTRY,IRQ,EMR,Eastern Mediterranean,YEAR,2004,,,,,,,,,51.82,51.81518173,,,,2025-12-05T13:23:08Z,2004,2004-01-01,2004-12-31
1350014,GHED_CHE_pc_US_SHA2011,COUNTRY,COK,WPR,Western Pacific,YEAR,2008,,,,,,,,,485.13,485.13452148,,,,2025-12-05T13:23:08Z,2008,2008-01-01,2008-12-31
1352234,GHED_CHE_pc_US_SHA2011,WORLDBANKINCOMEGROUP,WB_LMI,,,YEAR,2005,,,,,,,,,71.11,71.10780312,,,,2025-12-05T13:23:08Z,2005,2005-01-01,2005-12-31
1360040,GHED_CHE_pc_US_SHA2011,COUNTRY,NOR,EUR,Europe,YEAR,2011,,,,,,,,,8900.37,8900.37207031,,,,2025-12-05T13:23:08Z,2011,2011-01-01,2011-12-31
1360135,GHED_CHE_pc_US_SHA2011,COUNTRY,LAO,WPR,Western Pacific,YEAR,2021,,,,,,,,,68.62,68.61697388,,,,2025-12-05T13:23:08Z,2021,2021-01-01,2021-12-31
1363745,GHED_CHE_pc_US_SHA2011,COUNTRY,CIV,AFR,Africa,YEAR,2020,,,,,,,,,78.98,78.97766876,,,,2025-12-05T13:23:08Z,2020,2020-01-01,2020-12-31
1368423,GHED_CHE_pc_US_SHA2011,COUNTRY,CYP,EUR,Europe,YEAR,2006,,,,,,,,,1474.02,1474.02062988,,,,2025-12-05T13:23:08Z,2006,2006-01-01,2006-12-31
1370982,GHED_CHE_pc_US_SHA2011,COUNTRY,HND,AMR,Americas,YEAR,2018,,,,,,,,,178.15,178.1494751,,,,2025-12-05T13:23:08Z,2018,2018-01-01,2018-12-31
1371236,GHED_CHE_pc_US_SHA2011,COUNTRY,ATG,AMR,Americas,YEAR,2016,,,,,,,,,817.89,817.88891602,,,,2025-12-05T13:23:08Z,2016,2016-01-01,2016-12-31
1379850,GHED_CHE_pc_US_SHA2011,COUNTRY,PRT,EUR,Europe,YEAR,2022,,,,,,,,,2600.57,2600.56665039,,,,2025-12-05T13:23:08Z,2022,2022-01-01,2022-12-31
1380855,GHED_CHE_pc_US_SHA2011,COUNTRY,ISR,EUR,Europe,YEAR,2016,,,,,,,,,2783.82,2783.82495117,,,,2025-12-05T13:23:08Z,2016,2016-01-01,2016-12-31
1382437,GHED_CHE_pc_US_SHA2011,COUNTRY,MAR,EMR,Eastern Mediterranean,YEAR,2020,,,,,,,,,192.04,192.04043579,,,,2025-12-05T13:23:08Z,2020,2020-01-01,2020-12-31
1383473,GHED_CHE_pc_US_SHA2011,COUNTRY,BFA,AFR,Africa,YEAR,2015,,,,,,,,,32.34,32.3375206,,,,2025-12-05T13:23:08Z,2015,2015-01-01,2015-12-31
1386815,GHED_CHE_pc_US_SHA2011,COUNTRY,GAB,AFR,Africa,YEAR,2018,,,,,,,,,209.29,209.28697205,,,,2025-12-05T13:23:08Z,2018,2018-01-01,2018-12-31
1390450,GHED_CHE_pc_US_SHA2011,COUNTRY,AZE,EUR,Europe,YEAR,2010,,,,,,,,,153.07,153.0665741,,,,2025-12-05T13:23:08Z,2010,2010-01-01,2010-12-31
1391137,GHED_CHE_pc_US_SHA2011,COUNTRY,NGA,AFR,Africa,YEAR,2008,,,,,,,,,77.45,77.45053101,,,,2025-12-05T13:23:08Z,2008,2008-01-01,2008-12-31
1391674,GHED_CHE_pc_US_SHA2011,COUNTRY,PHL,WPR,Western Pacific,YEAR,2012,,,,,,,,,109.21,109.2149353,,,,2025-12-05T13:23:08Z,2012,2012-01-01,2012-12-31
1392743,GHED_CHE_pc_US_SHA2011,COUNTRY,MOZ,AFR,Africa,YEAR,2006,,,,,,,,,18.05,18.05057144,,,,2025-12-05T13:23:08Z,2006,2006-01-01,2006-12-31
1393430,GHED_CHE_pc_US_SHA2011,REGION,EUR,,,YEAR,2006,,,,,,,,,1874.49,1874.49093624,,,,2025-12-05T13:23:08Z,2006,2006-01-01,2006-12-31
1397900,GHED_CHE_pc_US_SHA2011,COUNTRY,ITA,EUR,Europe,YEAR,2005,,,,,,,,,2669.73,2669.72802734,,,,2025-12-05T13:23:08Z,2005,2005-01-01,2005-12-31
1408971,GHED_CHE_pc_US_SHA2011,COUNTRY,TUN,EMR,Eastern Mediterranean,YEAR,2006,,,,,,,,,178.83,178.82592773,,,,2025-12-05T13:23:08Z,2006,2006-01-01,2006-12-31
1409034,GHED_CHE_pc_US_SHA2011,COUNTRY,NLD,EUR,Europe,YEAR,2014,,,,,,,,,5601.89,5601.88574219,,,,2025-12-05T13:23:08Z,2014,2014-01-01,2014-12-31
1417318,GHED_CHE_pc_US_SHA2011,COUNTRY,DEU,EUR,Europe,YEAR,2012,,,,,,,,,4744.87,4744.87011719,,,,2025-12-05T13:23:08Z,2012,2012-01-01,2012-12-31
1418005,GHED_CHE_pc_US_SHA2011,COUNTRY,ISL,EUR,Europe,YEAR,2001,,,,,,,,,2528.55,2528.5456543,,,,2025-12-05T13:23:08Z,2001,2001-01-01,2001-12-31
1418011,GHED_CHE_pc_US_SHA2011,REGION,AFR,,,YEAR,2016,,,,,,,,,116.33,116.33212579,,,,2025-12-05T13:23:08Z,2016,2016-01-01,2016-12-31
1419145,GHED_CHE_pc_US_SHA2011,COUNTRY,CAF,AFR,Africa,YEAR,2002,,,,,,,,,10.44,10.44132614,,,,2025-12-05T13:23:08Z,2002,2002-01-01,2002-12-31
1419457,GHED_CHE_pc_US_SHA2011,COUNTRY,COK,WPR,Western Pacific,YEAR,2003,,,,,,,,,355.13,355.12875366,,,,2025-12-05T13:23:08Z,2003,2003-01-01,2003-12-31
1421543,GHED_CHE_pc_US_SHA2011,WORLDBANKINCOMEGROUP,WB_LMI,,,YEAR,2013,,,,,,,,,126.81,126.80831012,,,,2025-12-05T13:23:08Z,2013,2013-01-01,2013-12-31
1423296,GHED_CHE_pc_US_SHA2011,COUNTRY,POL,EUR,Europe,YEAR,2007,,,,,,,,,660.92,660.92468262,,,,2025-12-05T13:23:08Z,2007,2007-01-01,2007-12-31
1426338,GHED_CHE_pc_US_SHA2011,COUNTRY,ZWE,AFR,Africa,YEAR,2013,,,,,,,,,96.86,96.86148834,,,,2025-12-05T13:23:08Z,2013,2013-01-01,2013-12-31
1426430,GHED_CHE_pc_US_SHA2011,COUNTRY,GIN,AFR,Africa,YEAR,2001,,,,,,,,,21.77,21.76875114,,,,2025-12-05T13:23:08Z,2001,2001-01-01,2001-12-31
1428716,GHED_CHE_pc_US_SHA2011,COUNTRY,NIU,WPR,Western Pacific,YEAR,2012,,,,,,,,,1198.02,1198.01806641,,,,2025-12-05T13:23:08Z,2012,2012-01-01,2012-12-31
1431224,GHED_CHE_pc_US_SHA2011,COUNTRY,LIE,EUR,Europe,YEAR,2021,,,,,,,,,10912.36,10912.36132813,,,,2025-12-05T13:23:08Z,2021,2021-01-01,2021-12-31
1431568,GHED_CHE_pc_US_SHA2011,COUNTRY,DJI,EMR,Eastern Mediterranean,YEAR,2021,,,,,,,,,86.88,86.88237762,,,,2025-12-05T13:23:08Z,2021,2021-01-01,2021-12-31
1432936,GHED_CHE_pc_US_SHA2011,COUNTRY,AUS,WPR,Western Pacific,YEAR,2002,,,,,,,,,1752.94,1752.93896484,,,,2025-12-05T13:23:08Z,2002,2002-01-01,2002-12-31
1434952,GHED_CHE_pc_US_SHA2011,COUNTRY,GNB,AFR,Africa,YEAR,2016,,,,,,,,,56.61,56.60805511,,,,2025-12-05T13:23:08Z,2016,2016-01-01,2016-12-31
1435311,GHED_CHE_pc_US_SHA2011,COUNTRY,BLR,EUR,Europe,YEAR,2019,,,,,,,,,400.12,400.11621094,,,,2025-12-05T13:23:08Z,2019,2019-01-01,2019-12-31
1437326,GHED_CHE_pc_US_SHA2011,COUNTRY,TZA,AFR,Africa,YEAR,2008,,,,,,,,,36.26,36.26182556,,,,2025-12-05T13:23:08Z,2008,2008-01-01,2008-12-31
1440451,GHED_CHE_pc_US_SHA2011,COUNTRY,UKR,EUR,Europe,YEAR,2019,,,,,,,,,242.81,242.81388855,,,,2025-12-05T13:23:08Z,2019,2019-01-01,2019-12-31
1442261,GHED_CHE_pc_US_SHA2011,COUNTRY,KNA,AMR,Americas,YEAR,2016,,,,,,,,,1161.87,1161.87097168,,,,2025-12-05T13:23:08Z,2016,2016-01-01,2016-12-31
1443795,GHED_CHE_pc_US_SHA2011,COUNTRY,CHL,AMR,Americas,YEAR,2021,,,,,,,,,1576.69,1576.69287109,,,,2025-12-05T13:23:08Z,2021,2021-01-01,2021-12-31
1443902,GHED_CHE_pc_US_SHA2011,COUNTRY,GAB,AFR,Africa,YEAR,2020,,,,,,,,,227.25,227.2480011,,,,2025-12-05T13:23:08Z,2020,2020-01-01,2020-12-31
1445631,GHED_CHE_pc_US_SHA2011,COUNTRY,POL,EUR,Europe,YEAR,2006,,,,,,,,,524.10,524.09747314,,,,2025-12-05T13:23:08Z,2006,2006-01-01,2006-12-31
1446796,GHED_CHE_pc_US_SHA2011,COUNTRY,LBN,EMR,Eastern Mediterranean,YEAR,2001,,,,,,,,,416.57,416.57485962,,,,2025-12-05T13:23:08Z,2001,2001-01-01,2001-12-31
1448746,GHED_CHE_pc_US_SHA2011,COUNTRY,MHL,WPR,Western Pacific,YEAR,2022,,,,,,,,,859.05,859.050354,,,,2025-12-05T13:23:08Z,2022,2022-01-01,2022-12-31
1451859,GHED_CHE_pc_US_SHA2011,COUNTRY,ECU,AMR,Americas,YEAR,2023,,,,,,,,,509.49,509.49414063,,,,2025-12-05T13:23:08Z,2023,2023-01-01,2023-12-31
1453589,GHED_CHE_pc_US_SHA2011,COUNTRY,MNG,WPR,Western Pacific,YEAR,2004,,,,,,,,,33.70,33.7024498,,,,2025-12-05T13:23:08Z,2004,2004-01-01,2004-12-31
1454705,GHED_CHE_pc_US_SHA2011,REGION,EMR,,,YEAR,2000,,,,,,,,,226.38,226.37616238,,,,2025-12-05T13:23:08Z,2000,2000-01-01,2000-12-31
1455242,GHED_CHE_pc_US_SHA2011,COUNTRY,CRI,AMR,Americas,YEAR,2005,,,,,,,,,313.48,313.48355103,,,,2025-12-05T13:23:08Z,2005,2005-01-01,2005-12-31
1460052,GHED_CHE_pc_US_SHA2011,COUNTRY,FIN,EUR,Europe,YEAR,2019,,,,,,,,,4459.93,4459.9296875,,,,2025-12-05T13:23:08Z,2019,2019-01-01,2019-12-31
1460686,GHED_CHE_pc_US_SHA2011,COUNTRY,ITA,EUR,Europe,YEAR,2013,,,,,,,,,3139.88,3139.87939453,,,,2025-12-05T13:23:08Z,2013,2013-01-01,2013-12-31
1461206,GHED_CHE_pc_US_SHA2011,COUNTRY,SWZ,AFR,Africa,YEAR,2001,,,,,,,,,75.41,75.41345978,,,,2025-12-05T13:23:08Z,2001,2001-01-01,2001-12-31
1461509,GHED_CHE_pc_US_SHA2011,COUNTRY,KIR,WPR,Western Pacific,YEAR,2001,,,,,,,,,85.89,85.88798523,,,,2025-12-05T13:23:08Z,2001,2001-01-01,2001-12-31
1462434,GHED_CHE_pc_US_SHA2011,COUNTRY,PER,AMR,Americas,YEAR,2013,,,,,,,,,320.96,320.96490479,,,,2025-12-05T13:23:08Z,2013,2013-01-01,2013-12-31
1463836,GHED_CHE_pc_US_SHA2011,COUNTRY,CHL,AMR,Americas,YEAR,2005,,,,,,,,,495.56,495.56002808,,,,2025-12-05T13:23:08Z,2005,2005-01-01,2005-12-31
1467200,GHED_CHE_pc_US_SHA2011,COUNTRY,PSE,EMR,Eastern Mediterranean,YEAR,2022,,,,,,,,,350.64,350.63812256,,,,2025-12-05T13:23:08Z,2022,2022-01-01,2022-12-31
1468189,GHED_CHE_pc_US_SHA2011,COUNTRY,BIH,EUR,Europe,YEAR,2008,,,,,,,,,459.29,459.29174805,,,,2025-12-05T13:23:08Z,2008,2008-01-01,2008-12-31
1469699,GHED_CHE_pc_US_SHA2011,COUNTRY,JAM,AMR,Americas,YEAR,2002,,,,,,,,,205.36,205.3553772,,,,2025-12-05T13:23:08Z,2002,2002-01-01,2002-12-31
1475984,GHED_CHE_pc_US_SHA2011,COUNTRY,FSM,WPR,Western Pacific,YEAR,2019,,,,,,,,,425.28,425.28103638,,,,2025-12-05T13:23:08Z,2019,2019-01-01,2019-12-31
1478678,GHED_CHE_pc_US_SHA2011,COUNTRY,UZB,EUR,Europe,YEAR,2018,,,,,,,,,82.53,82.53038788,,,,2025-12-05T13:23:08Z,2018,2018-01-01,2018-12-31
1486459,GHED_CHE_pc_US_SHA2011,COUNTRY,PRT,EUR,Europe,YEAR,2001,,,,,,,,,1015.55,1015.54956055,,,,2025-12-05T13:23:08Z,2001,2001-01-01,2001-12-31
1486710,GHED_CHE_pc_US_SHA2011,REGION,WPR,,,YEAR,2009,,,,,,,,,740.67,740.67268958,,,,2025-12-05T13:23:08Z,2009,2009-01-01,2009-12-31
1487214,GHED_CHE_pc_US_SHA2011,COUNTRY,MUS,AFR,Africa,YEAR,2012,,,,,,,,,387.10,387.1026001,,,,2025-12-05T13:23:08Z,2012,2012-01-01,2012-12-31
1487442,GHED_CHE_pc_US_SHA2011,COUNTRY,MEX,AMR,Americas,YEAR,2002,,,,,,,,,385.61,385.61471558,,,,2025-12-05T13:23:08Z,2002,2002-01-01,2002-12-31
1490117,GHED_CHE_pc_US_SHA2011,COUNTRY,KNA,AMR,Americas,YEAR,2003,,,,,,,,,482.87,482.87136841,,,,2025-12-05T13:23:08Z,2003,2003-01-01,2003-12-31
1490301,GHED_CHE_pc_US_SHA2011,COUNTRY,DMA,AMR,Americas,YEAR,2000,,,,,,,,,259.02,259.0213623,,,,2025-12-05T13:23:08Z,2000,2000-01-01,2000-12-31
1491705,GHED_CHE_pc_US_SHA2011,COUNTRY,DEU,EUR,Europe,YEAR,2018,,,,,,,,,5473.56,5473.55712891,,,,2025-12-05T13:23:08Z,2018,2018-01-01,2018-12-31
1497526,GHED_CHE_pc_US_SHA2011,COUNTRY,MUS,AFR,Africa,YEAR,2000,,,,,,,,,115.90,115.89820862,,,,2025-12-05T13:23:08Z,2000,2000-01-01,2000-12-31
1502231,GHED_CHE_pc_US_SHA2011,COUNTRY,ITA,EUR,Europe,YEAR,2017,,,,,,,,,2851.29,2851.28686523,,,,2025-12-05T13:23:08Z,2017,2017-01-01,2017-12-31
1511217,GHED_CHE_pc_US_SHA2011,COUNTRY,CZE,EUR,Europe,YEAR,2023,,,,,,,,,2671.08,2671.08398438,,,,2025-12-05T13:23:08Z,2023,2023-01-01,2023-12-31
1513336,GHED_CHE_pc_US_SHA2011,COUNTRY,NZL,WPR,Western Pacific,YEAR,2010,,,,,,,,,3072.74,3072.73608398,,,,2025-12-05T13:23:08Z,2010,2010-01-01,2010-12-31
1520117,GHED_CHE_pc_US_SHA2011,COUNTRY,SYC,AFR,Africa,YEAR,2019,,,,,,,,,675.48,675.47839355,,,,2025-12-05T13:23:08Z,2019,2019-01-01,2019-12-31
1522050,GHED_CHE_pc_US_SHA2011,COUNTRY,BGR,EUR,Europe,YEAR,2008,,,,,,,,,455.54,455.54058838,,,,2025-12-05T13:23:08Z,2008,2008-01-01,2008-12-31
1522657,GHED_CHE_pc_US_SHA2011,COUNTRY,GAB,AFR,Africa,YEAR,2013,,,,,,,,,261.29,261.29452515,,,,2025-12-05T13:23:08Z,2013,2013-01-01,2013-12-31
1523135,GHED_CHE_pc_US_SHA2011,COUNTRY,GTM,AMR,Americas,YEAR,2004,,,,,,,,,122.16,122.16271973,,,,2025-12-05T13:23:08Z,2004,2004-01-01,2004-12-31
1523196,GHED_CHE_pc_US_SHA2011,COUNTRY,CRI,AMR,Americas,YEAR,2003,,,,,,,,,290.83,290.83309937,,,,2025-12-05T13:23:08Z,2003,2003-01-01,2003-12-31
1531551,GHED_CHE_pc_US_SHA2011,COUNTRY,LTU,EUR,Europe,YEAR,2023,,,,,,,,,2044.18,2044.18371582,,,,2025-12-05T13:23:08Z,2023,2023-01-01,2023-12-31
1531564,GHED_CHE_pc_US_SHA2011,COUNTRY,KAZ,EUR,Europe,YEAR,2020,,,,,,,,,329.57,329.57086182,,,,2025-12-05T13:23:08Z,2020,2020-01-01,2020-12-31
1533382,GHED_CHE_pc_US_SHA2011,COUNTRY,NAM,AFR,Africa,YEAR,2018,,,,,,,,,457.68,457.6807251,,,,2025-12-05T13:23:08Z,2018,2018-01-01,2018-12-31
1534205,GHED_CHE_pc_US_SHA2011,COUNTRY,MNG,WPR,Western Pacific,YEAR,2022,,,,,,,,,448.24,448.24212646,,,,2025-12-05T13:23:08Z,2022,2022-01-01,2022-12-31
1534751,GHED_CHE_pc_US_SHA2011,COUNTRY,BGD,SEAR,South-East Asia,YEAR,2020,,,,,,,,,49.03,49.0274353,,,,2025-12-05T13:23:08Z,2020,2020-01-01,2020-12-31
1538032,GHED_CHE_pc_US_SHA2011,COUNTRY,GNB,AFR,Africa,YEAR,2019,,,,,,,,,53.98,53.98390961,,,,2025-12-05T13:23:08Z,2019,2019-01-01,2019-12-31
1538490,GHED_CHE_pc_US_SHA2011,WORLDBANKINCOMEGROUP,WB_LI,,,YEAR,2023,,,,,,,,,44.83,44.83081635,,,,2026-01-12T13:50:53Z,2023,2023-01-01,2023-12-31
1538543,GHED_CHE_pc_US_SHA2011,COUNTRY,ITA,EUR,Europe,YEAR,2023,,,,,,,,,3283.47,3283.47216797,,,,2025-12-05T13:23:08Z,2023,2023-01-01,2023-12-31
1538971,GHED_CHE_pc_US_SHA2011,COUNTRY,TKM,EUR,Europe,YEAR,2021,,,,,,,,,471.86,471.86325073,,,,2025-12-05T13:23:08Z,2021,2021-01-01,2021-12-31
1540113,GHED_CHE_pc_US_SHA2011,COUNTRY,SEN,AFR,Africa,YEAR,2006,,,,,,,,,38.28,38.28113556,,,,2025-12-05T13:23:08Z,2006,2006-01-01,2006-12-31
1543672,GHED_CHE_pc_US_SHA2011,COUNTRY,SYC,AFR,Africa,YEAR,2004,,,,,,,,,444.25,444.24789429,,,,2025-12-05T13:23:08Z,2004,2004-01-01,2004-12-31
1544926,GHED_CHE_pc_US_SHA2011,COUNTRY,ITA,EUR,Europe,YEAR,2012,,,,,,,,,3071.00,3071.00048828,,,,2025-12-05T13:23:08Z,2012,2012-01-01,2012-12-31
1545830,GHED_CHE_pc_US_SHA2011,COUNTRY,KEN,AFR,Africa,YEAR,2003,,,,,,,,,25.64,25.64012337,,,,2025-12-05T13:23:08Z,2003,2003-01-01,2003-12-31
1548217,GHED_CHE_pc_US_SHA2011,COUNTRY,BOL,AMR,Americas,YEAR,2003,,,,,,,,,46.41,46.41044998,,,,2025-12-05T13:23:08Z,2003,2003-01-01,2003-12-31
1548247,GHED_CHE_pc_US_SHA2011,COUNTRY,GTM,AMR,Americas,YEAR,2013,,,,,,,,,198.79,198.79296875,,,,2025-12-05T13:23:08Z,2013,2013-01-01,2013-12-31
1548261,GHED_CHE_pc_US_SHA2011,COUNTRY,ERI,AFR,Africa,YEAR,2001,,,,,,,,,14.91,14.90675831,,,,2025-12-05T13:23:08Z,2001,2001-01-01,2001-12-31
1549343,GHED_CHE_pc_US_SHA2011,COUNTRY,TZA,AFR,Africa,YEAR,2019,,,,,,,,,39.98,39.97783661,,,,2025-12-05T13:23:08Z,2019,2019-01-01,2019-12-31
1550319,GHED_CHE_pc_US_SHA2011,COUNTRY,BEN,AFR,Africa,YEAR,2010,,,,,,,,,29.38,29.37720871,,,,2025-12-05T13:23:08Z,2010,2010-01-01,2010-12-31
1551291,GHED_CHE_pc_US_SHA2011,COUNTRY,LSO,AFR,Africa,YEAR,2000,,,,,,,,,23.71,23.71122551,,,,2025-12-05T13:23:08Z,2000,2000-01-01,2000-12-31
1553750,GHED_CHE_pc_US_SHA2011,COUNTRY,MKD,EUR,Europe,YEAR,2017,,,,,,,,,375.33,375.3303833,,,,2025-12-05T13:23:08Z,2017,2017-01-01,2017-12-31
1554363,GHED_CHE_pc_US_SHA2011,COUNTRY,GRD,AMR,Americas,YEAR,2010,,,,,,,,,374.47,374.46508789,,,,2025-12-05T13:23:08Z,2010,2010-01-01,2010-12-31
1558585,GHED_CHE_pc_US_SHA2011,WORLDBANKINCOMEGROUP,WB_UMI,,,YEAR,2008,,,,,,,,,325.95,325.947855,,,,2025-12-05T13:23:08Z,2008,2008-01-01,2008-12-31
1559547,GHED_CHE_pc_US_SHA2011,COUNTRY,BRB,AMR,Americas,YEAR,2004,,,,,,,,,942.38,942.37701416,,,,2025-12-05T13:23:08Z,2004,2004-01-01,2004-12-31
1560919,GHED_CHE_pc_US_SHA2011,COUNTRY,YEM,EMR,Eastern Mediterranean,YEAR,2020,,,,,,,,,65.18,65.17704773,,,,2025-12-05T13:23:08Z,2020,2020-01-01,2020-12-31
1564034,GHED_CHE_pc_US_SHA2011,COUNTRY,KIR,WPR,Western Pacific,YEAR,2010,,,,,,,,,133.16,133.15927124,,,,2025-12-05T13:23:08Z,2010,2010-01-01,2010-12-31
1565605,GHED_CHE_pc_US_SHA2011,COUNTRY,SMR,EUR,Europe,YEAR,2014,,,,,,,,,4120.03,4120.02685547,,,,2025-12-05T13:23:08Z,2014,2014-01-01,2014-12-31
1566423,GHED_CHE_pc_US_SHA2011,COUNTRY,IRN,EMR,Eastern Mediterranean,YEAR,2010,,,,,,,,,424.60,424.60494995,,,,2025-12-05T13:23:08Z,2010,2010-01-01,2010-12-31
1576218,GHED_CHE_pc_US_SHA2011,COUNTRY,SUR,AMR,Americas,YEAR,2016,,,,,,,,,338.25,338.24822998,,,,2025-12-05T13:23:08Z,2016,2016-01-01,2016-12-31
1576694,GHED_CHE_pc_US_SHA2011,COUNTRY,IRL,EUR,Europe,YEAR,2007,,,,,,,,,4858.65,4858.64501953,,,,2025-12-05T13:23:08Z,2007,2007-01-01,2007-12-31
1578646,GHED_CHE_pc_US_SHA2011,COUNTRY,ISL,EUR,Europe,YEAR,2006,,,,,,,,,4918.23,4918.23339844,,,,2025-12-05T13:23:08Z,2006,2006-01-01,2006-12-31
1580519,GHED_CHE_pc_US_SHA2011,COUNTRY,IRQ,EMR,Eastern Mediterranean,YEAR,2021,,,,,,,,,251.60,251.59538269,,,,2025-12-05T13:23:08Z,2021,2021-01-01,2021-12-31
1591246,GHED_CHE_pc_US_SHA2011,COUNTRY,BGD,SEAR,South-East Asia,YEAR,2000,,,,,,,,,8.28,8.27585602,,,,2025-12-05T13:23:08Z,2000,2000-01-01,2000-12-31
1591964,GHED_CHE_pc_US_SHA2011,COUNTRY,JOR,EMR,Eastern Mediterranean,YEAR,2022,,,,,,,,,334.39,334.387146,,,,2025-12-05T13:23:08Z,2022,2022-01-01,2022-12-31
1594257,GHED_CHE_pc_US_SHA2011,COUNTRY,IRN,EMR,Eastern Mediterranean,YEAR,2006,,,,,,,,,192.08,192.07597351,,,,2025-12-05T13:23:08Z,2006,2006-01-01,2006-12-31
1595320,GHED_CHE_pc_US_SHA2011,COUNTRY,USA,AMR,Americas,YEAR,2006,,,,,,,,,6802.48,6802.47509766,,,,2025-12-05T13:23:08Z,2006,2006-01-01,2006-12-31
1600049,GHED_CHE_pc_US_SHA2011,REGION,AMR,,,YEAR,2001,,,,,,,,,451.82,451.81833839,,,,2025-12-05T13:23:08Z,2001,2001-01-01,2001-12-31
1604411,GHED_CHE_pc_US_SHA2011,COUNTRY,WSM,WPR,Western Pacific,YEAR,2006,,,,,,,,,133.42,133.41867065,,,,2025-12-05T13:23:08Z,2006,2006-01-01,2006-12-31
1605783,GHED_CHE_pc_US_SHA2011,COUNTRY,PRY,AMR,Americas,YEAR,2004,,,,,,,,,88.10,88.10053253,,,,2025-12-05T13:23:08Z,2004,2004-01-01,2004-12-31
1607499,GHED_CHE_pc_US_SHA2011,COUNTRY,FIN,EUR,Europe,YEAR,2009,,,,,,,,,4349.90,4349.89501953,,,,2025-12-05T13:23:08Z,2009,2009-01-01,2009-12-31
1607524,GHED_CHE_pc_US_SHA2011,COUNTRY,OMN,EMR,Eastern Mediterranean,YEAR,2023,,,,,,,,,732.04,732.04089355,,,,2025-12-05T13:23:08Z,2023,2023-01-01,2023-12-31
1607526,GHED_CHE_pc_US_SHA2011,COUNTRY,VNM,WPR,Western Pacific,YEAR,2011,,,,,,,,,97.05,97.05238342,,,,2025-12-05T13:23:08Z,2011,2011-01-01,2011-12-31
1608467,GHED_CHE_pc_US_SHA2011,COUNTRY,AZE,EUR,Europe,YEAR,2009,,,,,,,,,135.40,135.40127563,,,,2025-12-05T13:23:08Z,2009,2009-01-01,2009-12-31
1611061,GHED_CHE_pc_US_SHA2011,COUNTRY,BRB,AMR,Americas,YEAR,2000,,,,,,,,,622.48,622.47875977,,,,2025-12-05T13:23:08Z,2000,2000-01-01,2000-12-31
1611573,GHED_CHE_pc_US_SHA2011,COUNTRY,TKM,EUR,Europe,YEAR,2010,,,,,,,,,202.78,202.7792511,,,,2025-12-05T13:23:08Z,2010,2010-01-01,2010-12-31
1613089,GHED_CHE_pc_US_SHA2011,COUNTRY,LSO,AFR,Africa,YEAR,2003,,,,,,,,,32.02,32.02215576,,,,2025-12-05T13:23:08Z,2003,2003-01-01,2003-12-31
1614466,GHED_CHE_pc_US_SHA2011,COUNTRY,MNE,EUR,Europe,YEAR,2018,,,,,,,,,745.75,745.7520752,,,,2025-12-05T13:23:08Z,2018,2018-01-01,2018-12-31
1615859,GHED_CHE_pc_US_SHA2011,COUNTRY,MHL,WPR,Western Pacific,YEAR,2021,,,,,,,,,782.16,782.16351318,,,,2025-12-05T13:23:08Z,2021,2021-01-01,2021-12-31
1616606,GHED_CHE_pc_US_SHA2011,COUNTRY,SLB,WPR,Western Pacific,YEAR,2018,,,,,,,,,88.04,88.03850555,,,,2025-12-05T13:23:08Z,2018,2018-01-01,2018-12-31
1619078,GHED_CHE_pc_US_SHA2011,COUNTRY,UKR,EUR,Europe,YEAR,2020,,,,,,,,,265.08,265.07846069,,,,2025-12-05T13:23:08Z,2020,2020-01-01,2020-12-31
1620440,GHED_CHE_pc_US_SHA2011,WORLDBANKINCOMEGROUP,WB_LI,,,YEAR,2017,,,,,,,,,38.35,38.35057808,,,,2025-12-05T13:23:08Z,2017,2017-01-01,2017-12-31
1632039,GHED_CHE_pc_US_SHA2011,COUNTRY,HND,AMR,Americas,YEAR,2001,,,,,,,,,67.14,67.13735199,,,,2025-12-05T13:23:08Z,2001,2001-01-01,2001-12-31
1632789,GHED_CHE_pc_US_SHA2011,COUNTRY,SWZ,AFR,Africa,YEAR,2020,,,,,,,,,237.00,236.99609375,,,,2025-12-05T13:23:08Z,2020,2020-01-01,2020-12-31
1633958,GHED_CHE_pc_US_SHA2011,COUNTRY,BTN,SEAR,South-East Asia,YEAR,2008,,,,,,,,,57.59,57.59343338,,,,2025-12-05T13:23:08Z,2008,2008-01-01,2008-12-31
1639518,GHED_CHE_pc_US_SHA2011,COUNTRY,SLE,AFR,Africa,YEAR,2019,,,,,,,,,48.14,48.13619995,,,,2025-12-05T13:23:08Z,2019,2019-01-01,2019-12-31
1639575,GHED_CHE_pc_US_SHA2011,COUNTRY,MNG,WPR,Western Pacific,YEAR,2019,,,,,,,,,197.57,197.57131958,,,,2025-12-05T13:23:08Z,2019,2019-01-01,2019-12-31
1644192,GHED_CHE_pc_US_SHA2011,COUNTRY,BDI,AFR,Africa,YEAR,2018,,,,,,,,,18.68,18.67819214,,,,2025-12-05T13:23:08Z,2018,2018-01-01,2018-12-31
1644582,GHED_CHE_pc_US_SHA2011,COUNTRY,FSM,WPR,Western Pacific,YEAR,2005,,,,,,,,,397.92,397.91644287,,,,2025-12-05T13:23:08Z,2005,2005-01-01,2005-12-31
1644730,GHED_CHE_pc_US_SHA2011,COUNTRY,ZAF,AFR,Africa,YEAR,2023,,,,,,,,,536.59,536.58843994,,,,2025-12-05T13:23:08Z,2023,2023-01-01,2023-12-31
1645602,GHED_CHE_pc_US_SHA2011,COUNTRY,PLW,WPR,Western Pacific,YEAR,2002,,,,,,,,,609.03,609.03295898,,,,2025-12-05T13:23:08Z,2002,2002-01-01,2002-12-31
1646939,GHED_CHE_pc_US_SHA2011,COUNTRY,UKR,EUR,Europe,YEAR,2010,,,,,,,,,199.50,199.49559021,,,,2025-12-05T13:23:08Z,2010,2010-01-01,2010-12-31
1649392,GHED_CHE_pc_US_SHA2011,COUNTRY,PAK,EMR,Eastern Mediterranean,YEAR,2018,,,,,,,,,40.10,40.09578323,,,,2025-12-05T13:23:08Z,2018,2018-01-01,2018-12-31
1653217,GHED_CHE_pc_US_SHA2011,COUNTRY,VNM,WPR,Western Pacific,YEAR,2015,,,,,,,,,121.44,121.43981171,,,,2025-12-05T13:23:08Z,2015,2015-01-01,2015-12-31
1653265,GHED_CHE_pc_US_SHA2011,COUNTRY,JAM,AMR,Americas,YEAR,2022,,,,,,,,,521.12,521.12023926,,,,2025-12-05T13:23:08Z,2022,2022-01-01,2022-12-31
1658747,GHED_CHE_pc_US_SHA2011,COUNTRY,SVK,EUR,Europe,YEAR,2001,,,,,,,,,212.22,212.22207642,,,,2025-12-05T13:23:08Z,2001,2001-01-01,2001-12-31
1660778,GHED_CHE_pc_US_SHA2011,COUNTRY,BHS,AMR,Americas,YEAR,2004,,,,,,,,,1078.31,1078.31152344,,,,2025-12-05T13:23:08Z,2004,2004-01-01,2004-12-31
1663291,GHED_CHE_pc_US_SHA2011,COUNTRY,THA,SEAR,South-East Asia,YEAR,2011,,,,,,,,,191.74,191.74464417,,,,2025-12-05T13:23:08Z,2011,2011-01-01,2011-12-31
1663921,GHED_CHE_pc_US_SHA2011,COUNTRY,NER,AFR,Africa,YEAR,2004,,,,,,,,,14.06,14.06374931,,,,2025-12-05T13:23:08Z,2004,2004-01-01,2004-12-31
1665896,GHED_CHE_pc_US_SHA2011,COUNTRY,GNQ,AFR,Africa,YEAR,2015,,,,,,,,,222.82,222.81713867,,,,2025-12-05T13:23:08Z,2015,2015-01-01,2015-12-31
1666683,GHED_CHE_pc_US_SHA2011,WORLDBANKINCOMEGROUP,WB_LMI,,,YEAR,2023,,,,,,,,,146.96,146.96390062,,,,2026-01-12T13:50:53Z,2023,2023-01-01,2023-12-31
1667681,GHED_CHE_pc_US_SHA2011,COUNTRY,SEN,AFR,Africa,YEAR,2007,,,,,,,,,40.60,40.60185623,,,,2025-12-05T13:23:08Z,2007,2007-01-01,2007-12-31
1669093,GHED_CHE_pc_US_SHA2011,COUNTRY,KAZ,EUR,Europe,YEAR,2016,,,,,,,,,255.84,255.84049988,,,,2025-12-05T13:23:08Z,2016,2016-01-01,2016-12-31
1669898,GHED_CHE_pc_US_SHA2011,COUNTRY,NPL,SEAR,South-East Asia,YEAR,2022,,,,,,,,,87.34,87.34230042,,,,2025-12-05T13:23:08Z,2022,2022-01-01,2022-12-31
1670166,GHED_CHE_pc_US_SHA2011,COUNTRY,BTN,SEAR,South-East Asia,YEAR,2023,,,,,,,,,162.20,162.19680786,,,,2025-12-05T13:23:08Z,2023,2023-01-01,2023-12-31
1670413,GHED_CHE_pc_US_SHA2011,COUNTRY,SYC,AFR,Africa,YEAR,2016,,,,,,,,,673.20,673.19622803,,,,2025-12-05T13:23:08Z,2016,2016-01-01,2016-12-31
1672302,GHED_CHE_pc_US_SHA2011,COUNTRY,AGO,AFR,Africa,YEAR,2015,,,,,,,,,107.53,107.52857208,,,,2025-12-05T13:23:08Z,2015,2015-01-01,2015-12-31
1674594,GHED_CHE_pc_US_SHA2011,COUNTRY,QAT,EMR,Eastern Mediterranean,YEAR,2018,,,,,,,,,1966.56,1966.55712891,,,,2025-12-05T13:23:08Z,2018,2018-01-01,2018-12-31
1675019,GHED_CHE_pc_US_SHA2011,COUNTRY,NZL,WPR,Western Pacific,YEAR,2013,,,,,,,,,3833.82,3833.82226563,,,,2025-12-05T13:23:08Z,2013,2013-01-01,2013-12-31
1676565,GHED_CHE_pc_US_SHA2011,COUNTRY,AUS,WPR,Western Pacific,YEAR,2014,,,,,,,,,6098.25,6098.25439453,,,,2025-12-05T13:23:08Z,2014,2014-01-01,2014-12-31
1676958,GHED_CHE_pc_US_SHA2011,COUNTRY,HND,AMR,Americas,YEAR,2016,,,,,,,,,177.88,177.8835144,,,,2025-12-05T13:23:08Z,2016,2016-01-01,2016-12-31
1678286,GHED_CHE_pc_US_SHA2011,COUNTRY,MUS,AFR,Africa,YEAR,2022,,,,,,,,,590.92,590.91522217,,,,2025-12-05T13:23:08Z,2022,2022-01-01,2022-12-31
1679251,GHED_CHE_pc_US_SHA2011,COUNTRY,TCD,AFR,Africa,YEAR,2008,,,,,,,,,36.90,36.89921951,,,,2025-12-05T13:23:08Z,2008,2008-01-01,2008-12-31
1681645,GHED_CHE_pc_US_SHA2011,COUNTRY,MKD,EUR,Europe,YEAR,2022,,,,,,,,,561.69,561.69281006,,,,2025-12-05T13:23:08Z,2022,2022-01-01,2022-12-31
1682066,GHED_CHE_pc_US_SHA2011,COUNTRY,JAM,AMR,Americas,YEAR,2000,,,,,,,,,206.45,206.44976807,,,,2025-12-05T13:23:08Z,2000,2000-01-01,2000-12-31
1683694,GHED_CHE_pc_US_SHA2011,COUNTRY,MNG,WPR,Western Pacific,YEAR,2013,,,,,,,,,180.42,180.41543579,,,,2025-12-05T13:23:08Z,2013,2013-01-01,2013-12-31
1689610,GHED_CHE_pc_US_SHA2011,COUNTRY,GAB,AFR,Africa,YEAR,2022,,,,,,,,,243.10,243.09941101,,,,2025-12-05T13:23:08Z,2022,2022-01-01,2022-12-31
1692127,GHED_CHE_pc_US_SHA2011,REGION,WPR,,,YEAR,2003,,,,,,,,,428.39,428.38876677,,,,2025-12-05T13:23:08Z,2003,2003-01-01,2003-12-31
1694181,GHED_CHE_pc_US_SHA2011,COUNTRY,KEN,AFR,Africa,YEAR,2019,,,,,,,,,85.65,85.64528656,,,,2025-12-05T13:23:08Z,2019,2019-01-01,2019-12-31
1696420,GHED_CHE_pc_US_SHA2011,COUNTRY,SWE,EUR,Europe,YEAR,2004,,,,,,,,,3488.66,3488.65771484,,,,2025-12-05T13:23:08Z,2004,2004-01-01,2004-12-31
1697906,GHED_CHE_pc_US_SHA2011,COUNTRY,BLR,EUR,Europe,YEAR,2000,,,,,,,,,57.03,57.02944183,,,,2025-12-05T13:23:08Z,2000,2000-01-01,2000-12-31
1698481,GHED_CHE_pc_US_SHA2011,COUNTRY,ETH,AFR,Africa,YEAR,2015,,,,,,,,,23.22,23.21817207,,,,2025-12-05T13:23:08Z,2015,2015-01-01,2015-12-31
1698932,GHED_CHE_pc_US_SHA2011,GLOBAL,GLOBAL,,,YEAR,2021,,,,,,,,,1410.21,1410.21310829,,,,2025-12-05T13:23:08Z,2021,2021-01-01,2021-12-31
1699796,GHED_CHE_pc_US_SHA2011,COUNTRY,UGA,AFR,Africa,YEAR,2006,,,,,,,,,31.60,31.60310555,,,,2025-12-05T13:23:08Z,2006,2006-01-01,2006-12-31
1700583,GHED_CHE_pc_US_SHA2011,COUNTRY,BLR,EUR,Europe,YEAR,2022,,,,,,,,,529.02,529.01873779,,,,2025-12-05T13:23:08Z,2022,2022-01-01,2022-12-31
1701455,GHED_CHE_pc_US_SHA2011,WORLDBANKINCOMEGROUP,WB_HI,,,YEAR,2000,,,,,,,,,1134.74,1134.73934263,,,,2025-12-05T13:23:08Z,2000,2000-01-01,2000-12-31
1702602,GHED_CHE_pc_US_SHA2011,COUNTRY,AFG,EMR,Eastern Mediterranean,YEAR,2012,,,,,,,,,52.45,52.45247269,,,,2025-12-05T13:23:08Z,2012,2012-01-01,2012-12-31
1704956,GHED_CHE_pc_US_SHA2011,COUNTRY,SWZ,AFR,Africa,YEAR,2019,,,,,,,,,320.05,320.05084229,,,,2025-12-05T13:23:08Z,2019,2019-01-01,2019-12-31
1706720,GHED_CHE_pc_US_SHA2011,COUNTRY,BRB,AMR,Americas,YEAR,2023,,,,,,,,,1286.48,1286.47680664,,,,2025-12-05T13:23:08Z,2023,2023-01-01,2023-12-31
1711052,GHED_CHE_pc_US_SHA2011,COUNTRY,HTI,AMR,Americas,YEAR,2000,,,,,,,,,30.36,30.35855865,,,,2025-12-05T13:23:08Z,2000,2000-01-01,2000-12-31
1715992,GHED_CHE_pc_US_SHA2011,COUNTRY,VNM,WPR,Western Pacific,YEAR,2014,,,,,,,,,119.45,119.44549561,,,,2025-12-05T13:23:08Z,2014,2014-01-01,2014-12-31
1720031,GHED_CHE_pc_US_SHA2011,COUNTRY,DJI,EMR,Eastern Mediterranean,YEAR,2018,,,,,,,,,68.79,68.79101563,,,,2025-12-05T13:23:08Z,2018,2018-01-01,2018-12-31
1722820,GHED_CHE_pc_US_SHA2011,COUNTRY,NIU,WPR,Western Pacific,YEAR,2016,,,,,,,,,1060.91,1060.91296387,,,,2025-12-05T13:23:08Z,2016,2016-01-01,2016-12-31
1726725,GHED_CHE_pc_US_SHA2011,COUNTRY,BDI,AFR,Africa,YEAR,2011,,,,,,,,,23.17,23.16802216,,,,2025-12-05T13:23:08Z,2011,2011-01-01,2011-12-31
1727784,GHED_CHE_pc_US_SHA2011,COUNTRY,WSM,WPR,Western Pacific,YEAR,2010,,,,,,,,,185.44,185.43850708,,,,2025-12-05T13:23:08Z,2010,2010-01-01,2010-12-31
1728043,GHED_CHE_pc_US_SHA2011,COUNTRY,TUR,EUR,Europe,YEAR,2007,,,,,,,,,504.38,504.37646484,,,,2025-12-05T13:23:08Z,2007,2007-01-01,2007-12-31
1730112,GHED_CHE_pc_US_SHA2011,COUNTRY,MDG,AFR,Africa,YEAR,2022,,,,,,,,,15.86,15.85809231,,,,2025-12-05T13:23:08Z,2022,2022-01-01,2022-12-31
1732093,GHED_CHE_pc_US_SHA2011,COUNTRY,VCT,AMR,Americas,YEAR,2008,,,,,,,,,256.14,256.13983154,,,,2025-12-05T13:23:08Z,2008,2008-01-01,2008-12-31
1732844,GHED_CHE_pc_US_SHA2011,COUNTRY,NIU,WPR,Western Pacific,YEAR,2014,,,,,,,,,1676.25,1676.2532959,,,,2025-12-05T13:23:08Z,2014,2014-01-01,2014-12-31
1736307,GHED_CHE_pc_US_SHA2011,COUNTRY,GMB,AFR,Africa,YEAR,2001,,,,,,,,,55.65,55.65046692,,,,2025-12-05T13:23:08Z,2001,2001-01-01,2001-12-31
1737454,GHED_CHE_pc_US_SHA2011,COUNTRY,NAM,AFR,Africa,YEAR,2007,,,,,,,,,493.60,493.60388184,,,,2025-12-05T13:23:08Z,2007,2007-01-01,2007-12-31
1739702,GHED_CHE_pc_US_SHA2011,COUNTRY,BWA,AFR,Africa,YEAR,2017,,,,,,,,,471.05,471.05056763,,,,2025-12-05T13:23:08Z,2017,2017-01-01,2017-12-31
1741037,GHED_CHE_pc_US_SHA2011,COUNTRY,ROU,EUR,Europe,YEAR,2014,,,,,,,,,503.35,503.34753418,,,,2025-12-05T13:23:08Z,2014,2014-01-01,2014-12-31
1743673,GHED_CHE_pc_US_SHA2011,WORLDBANKINCOMEGROUP,WB_UMI,,,YEAR,2013,,,,,,,,,424.64,424.64213778,,,,2025-12-05T13:23:08Z,2013,2013-01-01,2013-12-31
1744151,GHED_CHE_pc_US_SHA2011,COUNTRY,AFG,EMR,Eastern Mediterranean,YEAR,2007,,,,,,,,,32.71,32.70893097,,,,2025-12-05T13:23:08Z,2007,2007-01-01,2007-12-31
1748141,GHED_CHE_pc_US_SHA2011,WORLDBANKINCOMEGROUP,WB_HI,,,YEAR,2021,,,,,,,,,3667.45,3667.44984413,,,,2025-12-05T13:23:08Z,2021,2021-01-01,2021-12-31
1749954,GHED_CHE_pc_US_SHA2011,COUNTRY,MDG,AFR,Africa,YEAR,2001,,,,,,,,,13.14,13.13894939,,,,2025-12-05T13:23:08Z,2001,2001-01-01,2001-12-31
1751761,GHED_CHE_pc_US_SHA2011,COUNTRY,MKD,EUR,Europe,YEAR,2016,,,,,,,,,347.44,347.44271851,,,,2025-12-05T13:23:08Z,2016,2016-01-01,2016-12-31
1756985,GHED_CHE_pc_US_SHA2011,COUNTRY,MOZ,AFR,Africa,YEAR,2008,,,,,,,,,24.49,24.48562622,,,,2025-12-05T13:23:08Z,2008,2008-01-01,2008-12-31
1761757,GHED_CHE_pc_US_SHA2011,COUNTRY,UKR,EUR,Europe,YEAR,2014,,,,,,,,,208.94,208.94400024,,,,2025-12-05T13:23:08Z,2014,2014-01-01,2014-12-31
1767780,GHED_CHE_pc_US_SHA2011,COUNTRY,STP,AFR,Africa,YEAR,2005,,,,,,,,,80.13,80.13071442,,,,2025-12-05T13:23:08Z,2005,2005-01-01,2005-12-31
1768211,GHED_CHE_pc_US_SHA2011,COUNTRY,MOZ,AFR,Africa,YEAR,2015,,,,,,,,,40.36,40.35658646,,,,2025-12-05T13:23:08Z,2015,2015-01-01,2015-12-31
1768677,GHED_CHE_pc_US_SHA2011,COUNTRY,BHS,AMR,Americas,YEAR,2001,,,,,,,,,995.72,995.71844482,,,,2025-12-05T13:23:08Z,2001,2001-01-01,2001-12-31
1772340,GHED_CHE_pc_US_SHA2011,COUNTRY,SYC,AFR,Africa,YEAR,2009,,,,,,,,,310.96,310.96310425,,,,2025-12-05T13:23:08Z,2009,2009-01-01,2009-12-31
1773434,GHED_CHE_pc_US_SHA2011,COUNTRY,CYP,EUR,Europe,YEAR,2002,,,,,,,,,890.48,890.48297119,,,,2025-12-05T13:23:08Z,2002,2002-01-01,2002-12-31
1773886,GHED_CHE_pc_US_SHA2011,COUNTRY,PAN,AMR,Americas,YEAR,2014,,,,,,,,,919.29,919.2946167,,,,2025-12-05T13:23:08Z,2014,2014-01-01,2014-12-31
1774203,GHED_CHE_pc_US_SHA2011,COUNTRY,RUS,EUR,Europe,YEAR,2000,,,,,,,,,95.21,95.20859528,,,,2025-12-05T13:23:08Z,2000,2000-01-01,2000-12-31
1774530,GHED_CHE_pc_US_SHA2011,REGION,EMR,,,YEAR,2010,,,,,,,,,433.40,433.3958772,,,,2025-12-05T13:23:08Z,2010,2010-01-01,2010-12-31
1775103,GHED_CHE_pc_US_SHA2011,REGION,EUR,,,YEAR,2015,,,,,,,,,2362.41,2362.4051087,,,,2026-01-12T13:50:53Z,2015,2015-01-01,2015-12-31
1775211,GHED_CHE_pc_US_SHA2011,COUNTRY,PAK,EMR,Eastern Mediterranean,YEAR,2002,,,,,,,,,14.98,14.98332214,,,,2025-12-05T13:23:08Z,2002,2002-01-01,2002-12-31
1776211,GHED_CHE_pc_US_SHA2011,COUNTRY,TCD,AFR,Africa,YEAR,2018,,,,,,,,,31.20,31.2043705,,,,2025-12-05T13:23:08Z,2018,2018-01-01,2018-12-31
1777131,GHED_CHE_pc_US_SHA2011,COUNTRY,AND,EUR,Europe,YEAR,2006,,,,,,,,,2151.95,2151.95092773,,,,2025-12-05T13:23:08Z,2006,2006-01-01,2006-12-31
1780713,GHED_CHE_pc_US_SHA2011,COUNTRY,VUT,WPR,Western Pacific,YEAR,2016,,,,,,,,,88.36,88.35998535,,,,2025-12-05T13:23:08Z,2016,2016-01-01,2016-12-31
1787018,GHED_CHE_pc_US_SHA2011,COUNTRY,DMA,AMR,Americas,YEAR,2015,,,,,,,,,396.24,396.23742676,,,,2025-12-05T13:23:08Z,2015,2015-01-01,2015-12-31
1788040,GHED_CHE_pc_US_SHA2011,WORLDBANKINCOMEGROUP,WB_UMI,,,YEAR,2021,,,,,,,,,511.98,511.97663204,,,,2025-12-05T13:23:08Z,2021,2021-01-01,2021-12-31
1788475,GHED_CHE_pc_US_SHA2011,COUNTRY,AZE,EUR,Europe,YEAR,2005,,,,,,,,,34.35,34.35204697,,,,2025-12-05T13:23:08Z,2005,2005-01-01,2005-12-31
1789400,GHED_CHE_pc_US_SHA2011,COUNTRY,MDG,AFR,Africa,YEAR,2017,,,,,,,,,23.62,23.62072182,,,,2025-12-05T13:23:08Z,2017,2017-01-01,2017-12-31
1790150,GHED_CHE_pc_US_SHA2011,COUNTRY,ROU,EUR,Europe,YEAR,2010,,,,,,,,,472.21,472.20751953,,,,2025-12-05T13:23:08Z,2010,2010-01-01,2010-12-31
1793056,GHED_CHE_pc_US_SHA2011,COUNTRY,NZL,WPR,Western Pacific,YEAR,2006,,,,,,,,,2304.07,2304.06518555,,,,2025-12-05T13:23:08Z,2006,2006-01-01,2006-12-31
1794980,GHED_CHE_pc_US_SHA2011,COUNTRY,CHN,WPR,Western Pacific,YEAR,2022,,,,,,,,,755.44,755.43597412,,,,2025-12-05T13:23:08Z,2022,2022-01-01,2022-12-31
1795439,GHED_CHE_pc_US_SHA2011,COUNTRY,TZA,AFR,Africa,YEAR,2017,,,,,,,,,39.04,39.03767014,,,,2025-12-05T13:23:08Z,2017,2017-01-01,2017-12-31
1795643,GHED_CHE_pc_US_SHA2011,COUNTRY,SLV,AMR,Americas,YEAR,2003,,,,,,,,,171.59,171.59013367,,,,2025-12-05T13:23:08Z,2003,2003-01-01,2003-12-31
1797380,GHED_CHE_pc_US_SHA2011,COUNTRY,TGO,AFR,Africa,YEAR,2021,,,,,,,,,52.72,52.72237015,,,,2025-12-05T13:23:08Z,2021,2021-01-01,2021-12-31
1799569,GHED_CHE_pc_US_SHA2011,COUNTRY,VEN,AMR,Americas,YEAR,2018,,,,,,,,,164.68,164.68154907,,,,2025-12-05T13:23:08Z,2018,2018-01-01,2018-12-31
1800764,GHED_CHE_pc_US_SHA2011,COUNTRY,POL,EUR,Europe,YEAR,2001,,,,,,,,,282.82,282.8210144,,,,2025-12-05T13:23:08Z,2001,2001-01-01,2001-12-31
1801973,GHED_CHE_pc_US_SHA2011,COUNTRY,KEN,AFR,Africa,YEAR,2020,,,,,,,,,86.59,86.5921936,,,,2025-12-05T13:23:08Z,2020,2020-01-01,2020-12-31
1809220,GHED_CHE_pc_US_SHA2011,REGION,EMR,,,YEAR,2012,,,,,,,,,511.67,511.67163368,,,,2025-12-05T13:23:08Z,2012,2012-01-01,2012-12-31
1810109,GHED_CHE_pc_US_SHA2011,COUNTRY,TJK,EUR,Europe,YEAR,2017,,,,,,,,,56.85,56.85092545,,,,2025-12-05T13:23:08Z,2017,2017-01-01,2017-12-31
1812104,GHED_CHE_pc_US_SHA2011,REGION,SEAR,,,YEAR,2003,,,,,,,,,51.04,51.04027637,,,,2025-12-05T13:23:08Z,2003,2003-01-01,2003-12-31
1815551,GHED_CHE_pc_US_SHA2011,COUNTRY,PLW,WPR,Western Pacific,YEAR,2017,,,,,,,,,1775.33,1775.32849121,,,,2025-12-05T13:23:08Z,2017,2017-01-01,2017-12-31
1817400,GHED_CHE_pc_US_SHA2011,COUNTRY,NIC,AMR,Americas,YEAR,2001,,,,,,,,,57.69,57.69081879,,,,2025-12-05T13:23:08Z,2001,2001-01-01,2001-12-31
1817447,GHED_CHE_pc_US_SHA2011,REGION,EMR,,,YEAR,2019,,,,,,,,,554.56,554.55519381,,,,2025-12-05T13:23:08Z,2019,2019-01-01,2019-12-31
1818751,GHED_CHE_pc_US_SHA2011,COUNTRY,VCT,AMR,Americas,YEAR,2011,,,,,,,,,276.16,276.15722656,,,,2025-12-05T13:23:08Z,2011,2011-01-01,2011-12-31
1819236,GHED_CHE_pc_US_SHA2011,COUNTRY,BLR,EUR,Europe,YEAR,2011,,,,,,,,,317.82,317.82492065,,,,2025-12-05T13:23:08Z,2011,2011-01-01,2011-12-31
1821337,GHED_CHE_pc_US_SHA2011,COUNTRY,SVN,EUR,Europe,YEAR,2012,,,,,,,,,1974.85,1974.85400391,,,,2025-12-05T13:23:08Z,2012,2012-01-01,2012-12-31
1821802,GHED_CHE_pc_US_SHA2011,COUNTRY,ARE,EMR,Eastern Mediterranean,YEAR,2000,,,,,,,,,706.03,706.03112793,,,,2025-12-05T13:23:08Z,2000,2000-01-01,2000-12-31
1824085,GHED_CHE_pc_US_SHA2011,COUNTRY,TZA,AFR,Africa,YEAR,2011,,,,,,,,,37.75,37.75179672,,,,2025-12-05T13:23:08Z,2011,2011-01-01,2011-12-31
1830374,GHED_CHE_pc_US_SHA2011,COUNTRY,MRT,AFR,Africa,YEAR,2013,,,,,,,,,55.47,55.47412872,,,,2025-12-05T13:23:08Z,2013,2013-01-01,2013-12-31
1832260,GHED_CHE_pc_US_SHA2011,COUNTRY,MHL,WPR,Western Pacific,YEAR,2023,,,,,,,,,894.22,894.21533203,,,,2025-12-05T13:23:08Z,2023,2023-01-01,2023-12-31
1833894,GHED_CHE_pc_US_SHA2011,COUNTRY,LAO,WPR,Western Pacific,YEAR,2003,,,,,,,,,17.59,17.59125519,,,,2025-12-05T13:23:08Z,2003,2003-01-01,2003-12-31
1841263,GHED_CHE_pc_US_SHA2011,COUNTRY,BDI,AFR,Africa,YEAR,2008,,,,,,,,,14.67,14.67025566,,,,2025-12-05T13:23:08Z,2008,2008-01-01,2008-12-31
1842040,GHED_CHE_pc_US_SHA2011,COUNTRY,HUN,EUR,Europe,YEAR,2005,,,,,,,,,895.20,895.20330811,,,,2025-12-05T13:23:08Z,2005,2005-01-01,2005-12-31
1842413,GHED_CHE_pc_US_SHA2011,COUNTRY,CPV,AFR,Africa,YEAR,2015,,,,,,,,,150.29,150.28823853,,,,2025-12-05T13:23:08Z,2015,2015-01-01,2015-12-31
1845196,GHED_CHE_pc_US_SHA2011,COUNTRY,SOM,EMR,Eastern Mediterranean,YEAR,2019,,,,,,,,,12.99,12.99074364,,,,2025-12-05T13:23:08Z,2019,2019-01-01,2019-12-31
1846254,GHED_CHE_pc_US_SHA2011,WORLDBANKINCOMEGROUP,WB_LI,,,YEAR,2004,,,,,,,,,20.91,20.91374812,,,,2025-12-05T13:23:08Z,2004,2004-01-01,2004-12-31
1849579,GHED_CHE_pc_US_SHA2011,COUNTRY,PAK,EMR,Eastern Mediterranean,YEAR,2004,,,,,,,,,15.54,15.53542328,,,,2025-12-05T13:23:08Z,2004,2004-01-01,2004-12-31
1850945,GHED_CHE_pc_US_SHA2011,COUNTRY,PSE,EMR,Eastern Mediterranean,YEAR,2021,,,,,,,,,364.42,364.4173584,,,,2025-12-05T13:23:08Z,2021,2021-01-01,2021-12-31
1855120,GHED_CHE_pc_US_SHA2011,COUNTRY,NIU,WPR,Western Pacific,YEAR,2010,,,,,,,,,1311.24,1311.24133301,,,,2025-12-05T13:23:08Z,2010,2010-01-01,2010-12-31
1859763,GHED_CHE_pc_US_SHA2011,COUNTRY,TUN,EMR,Eastern Mediterranean,YEAR,2017,,,,,,,,,223.86,223.85903930999999,,,,2025-12-05T13:23:08Z,2017,2017-01-01,2017-12-31
1860140,GHED_CHE_pc_US_SHA2011,COUNTRY,BDI,AFR,Africa,YEAR,2023,,,,,,,,,28.14,28.14028931,,,,2025-12-05T13:23:08Z,2023,2023-01-01,2023-12-31
1861832,GHED_CHE_pc_US_SHA2011,COUNTRY,TUR,EUR,Europe,YEAR,2008,,,,,,,,,561.74,561.73529053,,,,2025-12-05T13:23:08Z,2008,2008-01-01,2008-12-31
1862307,GHED_CHE_pc_US_SHA2011,COUNTRY,SAU,EMR,Eastern Mediterranean,YEAR,2014,,,,,,,,,1363.59,1363.59155273,,,,2025-12-05T13:23:08Z,2014,2014-01-01,2014-12-31
1867372,GHED_CHE_pc_US_SHA2011,COUNTRY,VNM,WPR,Western Pacific,YEAR,2004,,,,,,,,,31.98,31.97719193,,,,2025-12-05T13:23:08Z,2004,2004-01-01,2004-12-31
1868806,GHED_CHE_pc_US_SHA2011,COUNTRY,TON,WPR,Western Pacific,YEAR,2013,,,,,,,,,171.82,171.82066345,,,,2025-12-05T13:23:08Z,2013,2013-01-01,2013-12-31
1869123,GHED_CHE_pc_US_SHA2011,COUNTRY,ETH,AFR,Africa,YEAR,2004,,,,,,,,,5.74,5.7385993,,,,2025-12-05T13:23:08Z,2004,2004-01-01,2004-12-31
1869647,GHED_CHE_pc_US_SHA2011,COUNTRY,GEO,EUR,Europe,YEAR,2009,,,,,,,,,270.22,270.2170105,,,,2025-12-05T13:23:08Z,2009,2009-01-01,2009-12-31
1871501,GHED_CHE_pc_US_SHA2011,COUNTRY,MAR,EMR,Eastern Mediterranean,YEAR,2016,,,,,,,,,162.22,162.21507263,,,,2025-12-05T13:23:08Z,2016,2016-01-01,2016-12-31
1872408,GHED_CHE_pc_US_SHA2011,COUNTRY,LTU,EUR,Europe,YEAR,2018,,,,,,,,,1241.39,1241.38574219,,,,2025-12-05T13:23:08Z,2018,2018-01-01,2018-12-31
1874153,GHED_CHE_pc_US_SHA2011,COUNTRY,MDG,AFR,Africa,YEAR,2013,,,,,,,,,19.33,19.33186913,,,,2025-12-05T13:23:08Z,2013,2013-01-01,2013-12-31
1874167,GHED_CHE_pc_US_SHA2011,COUNTRY,MDA,EUR,Europe,YEAR,2008,,,,,,,,,185.56,185.56115723,,,,2025-12-05T13:23:08Z,2008,2008-01-01,2008-12-31
1875954,GHED_CHE_pc_US_SHA2011,COUNTRY,CHN,WPR,Western Pacific,YEAR,2012,,,,,,,,,284.70,284.69760132,,,,2025-12-05T13:23:08Z,2012,2012-01-01,2012-12-31
1876395,GHED_CHE_pc_US_SHA2011,COUNTRY,IRL,EUR,Europe,YEAR,2014,,,,,,,,,5309.90,5309.90380859,,,,2025-12-05T13:23:08Z,2014,2014-01-01,2014-12-31
1886366,GHED_CHE_pc_US_SHA2011,REGION,AMR,,,YEAR,2003,,,,,,,,,491.51,491.50966386,,,,2025-12-05T13:23:08Z,2003,2003-01-01,2003-12-31
1890559,GHED_CHE_pc_US_SHA2011,COUNTRY,DZA,AFR,Africa,YEAR,2013,,,,,,,,,337.57,337.57348633,,,,2025-12-05T13:23:08Z,2013,2013-01-01,2013-12-31
1891986,GHED_CHE_pc_US_SHA2011,COUNTRY,KGZ,EUR,Europe,YEAR,2003,,,,,,,,,21.69,21.68980598,,,,2025-12-05T13:23:08Z,2003,2003-01-01,2003-12-31
1892541,GHED_CHE_pc_US_SHA2011,COUNTRY,BHS,AMR,Americas,YEAR,2008,,,,,,,,,1429.24,1429.23681641,,,,2025-12-05T13:23:08Z,2008,2008-01-01,2008-12-31
1894877,GHED_CHE_pc_US_SHA2011,COUNTRY,GHA,AFR,Africa,YEAR,2012,,,,,,,,,81.97,81.96895599,,,,2025-12-05T13:23:08Z,2012,2012-01-01,2012-12-31
1895041,GHED_CHE_pc_US_SHA2011,COUNTRY,SGP,WPR,Western Pacific,YEAR,2009,,,,,,,,,1326.12,1326.11682129,,,,2025-12-05T13:23:08Z,2009,2009-01-01,2009-12-31
1897282,GHED_CHE_pc_US_SHA2011,COUNTRY,MWI,AFR,Africa,YEAR,2006,,,,,,,,,20.95,20.95070648,,,,2025-12-05T13:23:08Z,2006,2006-01-01,2006-12-31
1898070,GHED_CHE_pc_US_SHA2011,COUNTRY,SLV,AMR,Americas,YEAR,2000,,,,,,,,,155.53,155.52601624,,,,2025-12-05T13:23:08Z,2000,2000-01-01,2000-12-31
1898573,GHED_CHE_pc_US_SHA2011,WORLDBANKINCOMEGROUP,WB_LMI,,,YEAR,2017,,,,,,,,,123.96,123.9645569,,,,2025-12-05T13:23:08Z,2017,2017-01-01,2017-12-31
1899175,GHED_CHE_pc_US_SHA2011,COUNTRY,PER,AMR,Americas,YEAR,2016,,,,,,,,,311.34,311.33517456,,,,2025-12-05T13:23:08Z,2016,2016-01-01,2016-12-31
1901092,GHED_CHE_pc_US_SHA2011,COUNTRY,URY,AMR,Americas,YEAR,2020,,,,,,,,,1432.00,1432.00463867,,,,2025-12-05T13:23:08Z,2020,2020-01-01,2020-12-31
1902409,GHED_CHE_pc_US_SHA2011,COUNTRY,MOZ,AFR,Africa,YEAR,2007,,,,,,,,,19.30,19.29700851,,,,2025-12-05T13:23:08Z,2007,2007-01-01,2007-12-31
1903315,GHED_CHE_pc_US_SHA2011,COUNTRY,MDA,EUR,Europe,YEAR,2022,,,,,,,,,394.42,394.42373657,,,,2025-12-05T13:23:08Z,2022,2022-01-01,2022-12-31
1908926,GHED_CHE_pc_US_SHA2011,COUNTRY,SLV,AMR,Americas,YEAR,2023,,,,,,,,,500.69,500.69497681,,,,2025-12-05T13:23:08Z,2023,2023-01-01,2023-12-31
1911002,GHED_CHE_pc_US_SHA2011,COUNTRY,RUS,EUR,Europe,YEAR,2005,,,,,,,,,270.14,270.1439209,,,,2025-12-05T13:23:08Z,2005,2005-01-01,2005-12-31
1916423,GHED_CHE_pc_US_SHA2011,COUNTRY,EGY,EMR,Eastern Mediterranean,YEAR,2011,,,,,,,,,116.23,116.22949219,,,,2025-12-05T13:23:08Z,2011,2011-01-01,2011-12-31
1916721,GHED_CHE_pc_US_SHA2011,COUNTRY,FJI,WPR,Western Pacific,YEAR,2014,,,,,,,,,178.31,178.31169128,,,,2025-12-05T13:23:08Z,2014,2014-01-01,2014-12-31
1920544,GHED_CHE_pc_US_SHA2011,COUNTRY,KAZ,EUR,Europe,YEAR,2022,,,,,,,,,421.60,421.60028076,,,,2025-12-05T13:23:08Z,2022,2022-01-01,2022-12-31
1923395,GHED_CHE_pc_US_SHA2011,COUNTRY,SRB,EUR,Europe,YEAR,2019,,,,,,,,,641.05,641.04754639,,,,2025-12-05T13:23:08Z,2019,2019-01-01,2019-12-31
1923699,GHED_CHE_pc_US_SHA2011,COUNTRY,SLB,WPR,Western Pacific,YEAR,2003,,,,,,,,,53.52,53.52047729,,,,2025-12-05T13:23:08Z,2003,2003-01-01,2003-12-31
1925047,GHED_CHE_pc_US_SHA2011,COUNTRY,SWZ,AFR,Africa,YEAR,2007,,,,,,,,,252.24,252.24301147,,,,2025-12-05T13:23:08Z,2007,2007-01-01,2007-12-31
1926590,GHED_CHE_pc_US_SHA2011,COUNTRY,SLE,AFR,Africa,YEAR,2021,,,,,,,,,44.90,44.90049362,,,,2025-12-05T13:23:08Z,2021,2021-01-01,2021-12-31
1927503,GHED_CHE_pc_US_SHA2011,COUNTRY,ARG,AMR,Americas,YEAR,2010,,,,,,,,,979.77,979.7689209,,,,2025-12-05T13:23:08Z,2010,2010-01-01,2010-12-31
1927836,GHED_CHE_pc_US_SHA2011,COUNTRY,ISL,EUR,Europe,YEAR,2020,,,,,,,,,5692.89,5692.89111328,,,,2025-12-05T13:23:08Z,2020,2020-01-01,2020-12-31
1928315,GHED_CHE_pc_US_SHA2011,COUNTRY,KNA,AMR,Americas,YEAR,2019,,,,,,,,,1224.19,1224.18933105,,,,2025-12-05T13:23:08Z,2019,2019-01-01,2019-12-31
1928432,GHED_CHE_pc_US_SHA2011,COUNTRY,ERI,AFR,Africa,YEAR,2000,,,,,,,,,14.03,14.03034782,,,,2025-12-05T13:23:08Z,2000,2000-01-01,2000-12-31
1929541,GHED_CHE_pc_US_SHA2011,COUNTRY,QAT,EMR,Eastern Mediterranean,YEAR,2004,,,,,,,,,1261.62,1261.61999512,,,,2025-12-05T13:23:08Z,2004,2004-01-01,2004-12-31
1934482,GHED_CHE_pc_US_SHA2011,COUNTRY,BDI,AFR,Africa,YEAR,2002,,,,,,,,,6.47,6.46998882,,,,2025-12-05T13:23:08Z,2002,2002-01-01,2002-12-31
1936425,GHED_CHE_pc_US_SHA2011,COUNTRY,POL,EUR,Europe,YEAR,2018,,,,,,,,,978.74,978.73565674,,,,2025-12-05T13:23:08Z,2018,2018-01-01,2018-12-31
1939946,GHED_CHE_pc_US_SHA2011,COUNTRY,GBR,EUR,Europe,YEAR,2020,,,,,,,,,4865.98,4865.97802734,,,,2025-12-05T13:23:08Z,2020,2020-01-01,2020-12-31
1945261,GHED_CHE_pc_US_SHA2011,COUNTRY,BRB,AMR,Americas,YEAR,2011,,,,,,,,,1163.27,1163.2668457,,,,2025-12-05T13:23:08Z,2011,2011-01-01,2011-12-31
1946109,GHED_CHE_pc_US_SHA2011,COUNTRY,PAK,EMR,Eastern Mediterranean,YEAR,2007,,,,,,,,,26.14,26.14198685,,,,2025-12-05T13:23:08Z,2007,2007-01-01,2007-12-31
1947811,GHED_CHE_pc_US_SHA2011,COUNTRY,LBY,EMR,Eastern Mediterranean,YEAR,2022,,,,,,,,,284.03,284.0262146,,,,2025-12-05T13:23:08Z,2022,2022-01-01,2022-12-31
1948655,GHED_CHE_pc_US_SHA2011,COUNTRY,UZB,EUR,Europe,YEAR,2021,,,,,,,,,156.45,156.44789124,,,,2025-12-05T13:23:08Z,2021,2021-01-01,2021-12-31
1951591,GHED_CHE_pc_US_SHA2011,COUNTRY,GRC,EUR,Europe,YEAR,2020,,,,,,,,,1674.78,1674.78417969,,,,2025-12-05T13:23:08Z,2020,2020-01-01,2020-12-31
1952552,GHED_CHE_pc_US_SHA2011,COUNTRY,FSM,WPR,Western Pacific,YEAR,2008,,,,,,,,,289.50,289.50195313,,,,2025-12-05T13:23:08Z,2008,2008-01-01,2008-12-31
1955606,GHED_CHE_pc_US_SHA2011,COUNTRY,NER,AFR,Africa,YEAR,2001,,,,,,,,,9.68,9.68088055,,,,2025-12-05T13:23:08Z,2001,2001-01-01,2001-12-31
1959406,GHED_CHE_pc_US_SHA2011,COUNTRY,GBR,EUR,Europe,YEAR,2001,,,,,,,,,2074.60,2074.59936523,,,,2025-12-05T13:23:08Z,2001,2001-01-01,2001-12-31
1960532,GHED_CHE_pc_US_SHA2011,COUNTRY,PLW,WPR,Western Pacific,YEAR,2004,,,,,,,,,765.05,765.0546875,,,,2025-12-05T13:23:08Z,2004,2004-01-01,2004-12-31
1961692,GHED_CHE_pc_US_SHA2011,COUNTRY,MRT,AFR,Africa,YEAR,2003,,,,,,,,,29.52,29.51877594,,,,2025-12-05T13:23:08Z,2003,2003-01-01,2003-12-31
1964703,GHED_CHE_pc_US_SHA2011,COUNTRY,BLR,EUR,Europe,YEAR,2014,,,,,,,,,448.27,448.27426147,,,,2025-12-05T13:23:08Z,2014,2014-01-01,2014-12-31
1972258,GHED_CHE_pc_US_SHA2011,COUNTRY,PSE,EMR,Eastern Mediterranean,YEAR,2005,,,,,,,,,158.43,158.43028259,,,,2025-12-05T13:23:08Z,2005,2005-01-01,2005-12-31
1979402,GHED_CHE_pc_US_SHA2011,COUNTRY,JOR,EMR,Eastern Mediterranean,YEAR,2012,,,,,,,,,325.98,325.97836304,,,,2025-12-05T13:23:08Z,2012,2012-01-01,2012-12-31
1983962,GHED_CHE_pc_US_SHA2011,COUNTRY,UZB,EUR,Europe,YEAR,2019,,,,,,,,,98.62,98.6240387,,,,2025-12-05T13:23:08Z,2019,2019-01-01,2019-12-31
1986182,GHED_CHE_pc_US_SHA2011,COUNTRY,AZE,EUR,Europe,YEAR,2001,,,,,,,,,19.19,19.19010162,,,,2025-12-05T13:23:08Z,2001,2001-01-01,2001-12-31
1990332,GHED_CHE_pc_US_SHA2011,COUNTRY,HUN,EUR,Europe,YEAR,2015,,,,,,,,,874.04,874.04138184,,,,2025-12-05T13:23:08Z,2015,2015-01-01,2015-12-31
1991188,GHED_CHE_pc_US_SHA2011,COUNTRY,BWA,AFR,Africa,YEAR,2001,,,,,,,,,203.01,203.01203918,,,,2025-12-05T13:23:08Z,2001,2001-01-01,2001-12-31
1996014,GHED_CHE_pc_US_SHA2011,COUNTRY,HRV,EUR,Europe,YEAR,2021,,,,,,,,,1423.53,1423.52905273,,,,2025-12-05T13:23:08Z,2021,2021-01-01,2021-12-31
1999846,GHED_CHE_pc_US_SHA2011,COUNTRY,STP,AFR,Africa,YEAR,2011,,,,,,,,,69.46,69.45979309,,,,2025-12-05T13:23:08Z,2011,2011-01-01,2011-12-31
2000207,GHED_CHE_pc_US_SHA2011,COUNTRY,GRC,EUR,Europe,YEAR,2007,,,,,,,,,2426.76,2426.75952148,,,,2025-12-05T13:23:08Z,2007,2007-01-01,2007-12-31
2000615,GHED_CHE_pc_US_SHA2011,COUNTRY,LAO,WPR,Western Pacific,YEAR,2020,,,,,,,,,51.97,51.96581268,,,,2025-12-05T13:23:08Z,2020,2020-01-01,2020-12-31
2002179,GHED_CHE_pc_US_SHA2011,COUNTRY,MDA,EUR,Europe,YEAR,2011,,,,,,,,,214.98,214.98246765,,,,2025-12-05T13:23:08Z,2011,2011-01-01,2011-12-31
2003475,GHED_CHE_pc_US_SHA2011,COUNTRY,MLT,EUR,Europe,YEAR,2015,,,,,,,,,2249.00,2249.00463867,,,,2025-12-05T13:23:08Z,2015,2015-01-01,2015-12-31
2009521,GHED_CHE_pc_US_SHA2011,COUNTRY,AFG,EMR,Eastern Mediterranean,YEAR,2017,,,,,,,,,66.82,66.82388306,,,,2025-12-05T13:23:08Z,2017,2017-01-01,2017-12-31
2009902,GHED_CHE_pc_US_SHA2011,COUNTRY,GEO,EUR,Europe,YEAR,2016,,,,,,,,,369.52,369.51849365,,,,2025-12-05T13:23:08Z,2016,2016-01-01,2016-12-31
2010902,GHED_CHE_pc_US_SHA2011,COUNTRY,THA,SEAR,South-East Asia,YEAR,2001,,,,,,,,,57.19,57.19389343,,,,2025-12-05T13:23:08Z,2001,2001-01-01,2001-12-31
2011156,GHED_CHE_pc_US_SHA2011,COUNTRY,AGO,AFR,Africa,YEAR,2021,,,,,,,,,66.94,66.94487,,,,2025-12-05T13:23:08Z,2021,2021-01-01,2021-12-31
2011431,GHED_CHE_pc_US_SHA2011,COUNTRY,SWZ,AFR,Africa,YEAR,2002,,,,,,,,,74.66,74.66481781,,,,2025-12-05T13:23:08Z,2002,2002-01-01,2002-12-31
2012262,GHED_CHE_pc_US_SHA2011,COUNTRY,CIV,AFR,Africa,YEAR,2003,,,,,,,,,43.81,43.81231308,,,,2025-12-05T13:23:08Z,2003,2003-01-01,2003-12-31
2014059,GHED_CHE_pc_US_SHA2011,COUNTRY,BRA,AMR,Americas,YEAR,2001,,,,,,,,,271.56,271.56121826,,,,2025-12-05T13:23:08Z,2001,2001-01-01,2001-12-31
2014270,GHED_CHE_pc_US_SHA2011,COUNTRY,ATG,AMR,Americas,YEAR,2012,,,,,,,,,753.50,753.50183105,,,,2025-12-05T13:23:08Z,2012,2012-01-01,2012-12-31
2015029,GHED_CHE_pc_US_SHA2011,COUNTRY,GIN,AFR,Africa,YEAR,2005,,,,,,,,,19.66,19.66388702,,,,2025-12-05T13:23:08Z,2005,2005-01-01,2005-12-31
2015039,GHED_CHE_pc_US_SHA2011,COUNTRY,ERI,AFR,Africa,YEAR,2015,,,,,,,,,29.22,29.22208977,,,,2025-12-05T13:23:08Z,2015,2015-01-01,2015-12-31
2020885,GHED_CHE_pc_US_SHA2011,COUNTRY,MWI,AFR,Africa,YEAR,2009,,,,,,,,,35.56,35.56456757,,,,2025-12-05T13:23:08Z,2009,2009-01-01,2009-12-31
2030971,GHED_CHE_pc_US_SHA2011,COUNTRY,BRN,WPR,Western Pacific,YEAR,2008,,,,,,,,,792.01,792.01367188,,,,2025-12-05T13:23:08Z,2008,2008-01-01,2008-12-31
2031359,GHED_CHE_pc_US_SHA2011,COUNTRY,JAM,AMR,Americas,YEAR,2013,,,,,,,,,322.03,322.03283691,,,,2025-12-05T13:23:08Z,2013,2013-01-01,2013-12-31
2031531,GHED_CHE_pc_US_SHA2011,COUNTRY,RWA,AFR,Africa,YEAR,2014,,,,,,,,,50.64,50.63835144,,,,2025-12-05T13:23:08Z,2014,2014-01-01,2014-12-31
2032061,GHED_CHE_pc_US_SHA2011,COUNTRY,TGO,AFR,Africa,YEAR,2008,,,,,,,,,26.89,26.89384079,,,,2025-12-05T13:23:08Z,2008,2008-01-01,2008-12-31
2032908,GHED_CHE_pc_US_SHA2011,COUNTRY,TUV,WPR,Western Pacific,YEAR,2014,,,,,,,,,512.64,512.64215088,,,,2025-12-05T13:23:08Z,2014,2014-01-01,2014-12-31
2033161,GHED_CHE_pc_US_SHA2011,COUNTRY,AGO,AFR,Africa,YEAR,2016,,,,,,,,,94.01,94.01481628,,,,2025-12-05T13:23:08Z,2016,2016-01-01,2016-12-31
2034784,GHED_CHE_pc_US_SHA2011,COUNTRY,ALB,EUR,Europe,YEAR,2016,,,,,,,,,275.44,275.43676758,,,,2025-12-05T13:23:08Z,2016,2016-01-01,2016-12-31
2037912,GHED_CHE_pc_US_SHA2011,COUNTRY,NIU,WPR,Western Pacific,YEAR,2000,,,,,,,,,295.30,295.30252075,,,,2025-12-05T13:23:08Z,2000,2000-01-01,2000-12-31
2039151,GHED_CHE_pc_US_SHA2011,COUNTRY,BWA,AFR,Africa,YEAR,2007,,,,,,,,,305.22,305.22042847,,,,2025-12-05T13:23:08Z,2007,2007-01-01,2007-12-31
2042134,GHED_CHE_pc_US_SHA2011,COUNTRY,GBR,EUR,Europe,YEAR,2017,,,,,,,,,3938.65,3938.65234375,,,,2025-12-05T13:23:08Z,2017,2017-01-01,2017-12-31
2042321,GHED_CHE_pc_US_SHA2011,COUNTRY,SVK,EUR,Europe,YEAR,2007,,,,,,,,,1029.30,1029.30029297,,,,2025-12-05T13:23:08Z,2007,2007-01-01,2007-12-31
2043676,GHED_CHE_pc_US_SHA2011,COUNTRY,LSO,AFR,Africa,YEAR,2021,,,,,,,,,115.81,115.81448364,,,,2025-12-05T13:23:08Z,2021,2021-01-01,2021-12-31
2044917,GHED_CHE_pc_US_SHA2011,COUNTRY,WSM,WPR,Western Pacific,YEAR,2022,,,,,,,,,259.95,259.95404053,,,,2025-12-05T13:23:08Z,2022,2022-01-01,2022-12-31
2045829,GHED_CHE_pc_US_SHA2011,COUNTRY,CHL,AMR,Americas,YEAR,2019,,,,,,,,,1348.99,1348.99401855,,,,2025-12-05T13:23:08Z,2019,2019-01-01,2019-12-31
2046242,GHED_CHE_pc_US_SHA2011,COUNTRY,SLV,AMR,Americas,YEAR,2008,,,,,,,,,253.45,253.45413208,,,,2025-12-05T13:23:08Z,2008,2008-01-01,2008-12-31
2048523,GHED_CHE_pc_US_SHA2011,COUNTRY,HUN,EUR,Europe,YEAR,2008,,,,,,,,,1117.20,1117.20227051,,,,2025-12-05T13:23:08Z,2008,2008-01-01,2008-12-31
2051150,GHED_CHE_pc_US_SHA2011,COUNTRY,RWA,AFR,Africa,YEAR,2016,,,,,,,,,43.54,43.54212189,,,,2025-12-05T13:23:08Z,2016,2016-01-01,2016-12-31
2056585,GHED_CHE_pc_US_SHA2011,COUNTRY,AZE,EUR,Europe,YEAR,2017,,,,,,,,,167.02,167.01565552,,,,2025-12-05T13:23:08Z,2017,2017-01-01,2017-12-31
2068585,GHED_CHE_pc_US_SHA2011,COUNTRY,YEM,EMR,Eastern Mediterranean,YEAR,2008,,,,,,,,,61.75,61.74676514,,,,2025-12-05T13:23:08Z,2008,2008-01-01,2008-12-31
2073253,GHED_CHE_pc_US_SHA2011,COUNTRY,DNK,EUR,Europe,YEAR,2017,,,,,,,,,5817.43,5817.42529297,,,,2025-12-05T13:23:08Z,2017,2017-01-01,2017-12-31
2075804,GHED_CHE_pc_US_SHA2011,COUNTRY,PAK,EMR,Eastern Mediterranean,YEAR,2015,,,,,,,,,33.99,33.99359894,,,,2025-12-05T13:23:08Z,2015,2015-01-01,2015-12-31
2081951,GHED_CHE_pc_US_SHA2011,COUNTRY,MWI,AFR,Africa,YEAR,2012,,,,,,,,,32.54,32.53762817,,,,2025-12-05T13:23:08Z,2012,2012-01-01,2012-12-31
2082051,GHED_CHE_pc_US_SHA2011,COUNTRY,MWI,AFR,Africa,YEAR,2017,,,,,,,,,37.60,37.60110092,,,,2025-12-05T13:23:08Z,2017,2017-01-01,2017-12-31
2083432,GHED_CHE_pc_US_SHA2011,COUNTRY,GTM,AMR,Americas,YEAR,2009,,,,,,,,,169.38,169.37559509,,,,2025-12-05T13:23:08Z,2009,2009-01-01,2009-12-31
2084887,GHED_CHE_pc_US_SHA2011,COUNTRY,URY,AMR,Americas,YEAR,2023,,,,,,,,,2076.09,2076.09423828,,,,2025-12-05T13:23:08Z,2023,2023-01-01,2023-12-31
2088513,GHED_CHE_pc_US_SHA2011,COUNTRY,AUT,EUR,Europe,YEAR,2011,,,,,,,,,5191.92,5191.92333984,,,,2025-12-05T13:23:08Z,2011,2011-01-01,2011-12-31
2089158,GHED_CHE_pc_US_SHA2011,COUNTRY,ATG,AMR,Americas,YEAR,2008,,,,,,,,,694.03,694.03344727,,,,2025-12-05T13:23:08Z,2008,2008-01-01,2008-12-31
2090022,GHED_CHE_pc_US_SHA2011,COUNTRY,KGZ,EUR,Europe,YEAR,2011,,,,,,,,,78.74,78.73632813,,,,2025-12-05T13:23:08Z,2011,2011-01-01,2011-12-31
2090736,GHED_CHE_pc_US_SHA2011,COUNTRY,WSM,WPR,Western Pacific,YEAR,2011,,,,,,,,,211.89,211.88684082,,,,2025-12-05T13:23:08Z,2011,2011-01-01,2011-12-31
2095159,GHED_CHE_pc_US_SHA2011,COUNTRY,URY,AMR,Americas,YEAR,2016,,,,,,,,,1469.39,1469.38964844,,,,2025-12-05T13:23:08Z,2016,2016-01-01,2016-12-31
2095742,GHED_CHE_pc_US_SHA2011,COUNTRY,IRQ,EMR,Eastern Mediterranean,YEAR,2008,,,,,,,,,139.29,139.28845215,,,,2025-12-05T13:23:08Z,2008,2008-01-01,2008-12-31
2100554,GHED_CHE_pc_US_SHA2011,COUNTRY,SYC,AFR,Africa,YEAR,2018,,,,,,,,,685.11,685.10827637,,,,2025-12-05T13:23:08Z,2018,2018-01-01,2018-12-31
2102432,GHED_CHE_pc_US_SHA2011,COUNTRY,CPV,AFR,Africa,YEAR,2009,,,,,,,,,130.24,130.23704529,,,,2025-12-05T13:23:08Z,2009,2009-01-01,2009-12-31
2104213,GHED_CHE_pc_US_SHA2011,COUNTRY,NER,AFR,Africa,YEAR,2013,,,,,,,,,24.61,24.61338997,,,,2025-12-05T13:23:08Z,2013,2013-01-01,2013-12-31
2105044,GHED_CHE_pc_US_SHA2011,COUNTRY,CZE,EUR,Europe,YEAR,2003,,,,,,,,,640.66,640.66040039,,,,2025-12-05T13:23:08Z,2003,2003-01-01,2003-12-31
2105861,GHED_CHE_pc_US_SHA2011,COUNTRY,MDA,EUR,Europe,YEAR,2017,,,,,,,,,243.95,243.94540405,,,,2025-12-05T13:23:08Z,2017,2017-01-01,2017-12-31
2108666,GHED_CHE_pc_US_SHA2011,COUNTRY,AGO,AFR,Africa,YEAR,2014,,,,,,,,,130.59,130.5861969,,,,2025-12-05T13:23:08Z,2014,2014-01-01,2014-12-31
2115339,GHED_CHE_pc_US_SHA2011,COUNTRY,ALB,EUR,Europe,YEAR,2003,,,,,,,,,105.44,105.43667603,,,,2025-12-05T13:23:08Z,2003,2003-01-01,2003-12-31
2120275,GHED_CHE_pc_US_SHA2011,REGION,AFR,,,YEAR,2001,,,,,,,,,45.88,45.8833065,,,,2025-12-05T13:23:08Z,2001,2001-01-01,2001-12-31
2121381,GHED_CHE_pc_US_SHA2011,COUNTRY,PHL,WPR,Western Pacific,YEAR,2013,,,,,,,,,118.87,118.87432098,,,,2025-12-05T13:23:08Z,2013,2013-01-01,2013-12-31
2121965,GHED_CHE_pc_US_SHA2011,COUNTRY,GTM,AMR,Americas,YEAR,2001,,,,,,,,,100.02,100.02039337,,,,2025-12-05T13:23:08Z,2001,2001-01-01,2001-12-31
2122336,GHED_CHE_pc_US_SHA2011,COUNTRY,JPN,WPR,Western Pacific,YEAR,2005,,,,,,,,,2892.60,2892.60473633,,,,2025-12-05T13:23:08Z,2005,2005-01-01,2005-12-31
2125722,GHED_CHE_pc_US_SHA2011,COUNTRY,SOM,EMR,Eastern Mediterranean,YEAR,2018,,,,,,,,,12.78,12.7819252,,,,2025-12-05T13:23:08Z,2018,2018-01-01,2018-12-31
2129331,GHED_CHE_pc_US_SHA2011,COUNTRY,LBN,EMR,Eastern Mediterranean,YEAR,2006,,,,,,,,,401.44,401.43670654,,,,2025-12-05T13:23:08Z,2006,2006-01-01,2006-12-31
2131428,GHED_CHE_pc_US_SHA2011,COUNTRY,BRA,AMR,Americas,YEAR,2005,,,,,,,,,387.93,387.93121338,,,,2025-12-05T13:23:08Z,2005,2005-01-01,2005-12-31
2133690,GHED_CHE_pc_US_SHA2011,COUNTRY,SWE,EUR,Europe,YEAR,2011,,,,,,,,,6363.61,6363.61474609,,,,2025-12-05T13:23:08Z,2011,2011-01-01,2011-12-31
2135636,GHED_CHE_pc_US_SHA2011,COUNTRY,PRT,EUR,Europe,YEAR,2017,,,,,,,,,1991.32,1991.32263184,,,,2025-12-05T13:23:08Z,2017,2017-01-01,2017-12-31
2139409,GHED_CHE_pc_US_SHA2011,COUNTRY,RWA,AFR,Africa,YEAR,2015,,,,,,,,,48.81,48.81296921,,,,2025-12-05T13:23:08Z,2015,2015-01-01,2015-12-31
2141668,GHED_CHE_pc_US_SHA2011,COUNTRY,MHL,WPR,Western Pacific,YEAR,2014,,,,,,,,,449.91,449.90563965,,,,2025-12-05T13:23:08Z,2014,2014-01-01,2014-12-31
2143290,GHED_CHE_pc_US_SHA2011,COUNTRY,GRC,EUR,Europe,YEAR,2001,,,,,,,,,1004.82,1004.81542969,,,,2025-12-05T13:23:08Z,2001,2001-01-01,2001-12-31
2143879,GHED_CHE_pc_US_SHA2011,COUNTRY,SUR,AMR,Americas,YEAR,2022,,,,,,,,,344.75,344.74603271,,,,2025-12-05T13:23:08Z,2022,2022-01-01,2022-12-31
2147262,GHED_CHE_pc_US_SHA2011,COUNTRY,KGZ,EUR,Europe,YEAR,2010,,,,,,,,,60.68,60.67642975,,,,2025-12-05T13:23:08Z,2010,2010-01-01,2010-12-31
2149361,GHED_CHE_pc_US_SHA2011,REGION,EMR,,,YEAR,2007,,,,,,,,,344.10,344.09687079,,,,2025-12-05T13:23:08Z,2007,2007-01-01,2007-12-31
2157071,GHED_CHE_pc_US_SHA2011,COUNTRY,CRI,AMR,Americas,YEAR,2001,,,,,,,,,258.00,258.00057983,,,,2025-12-05T13:23:08Z,2001,2001-01-01,2001-12-31
2157452,GHED_CHE_pc_US_SHA2011,COUNTRY,MWI,AFR,Africa,YEAR,2016,,,,,,,,,34.03,34.0307579,,,,2025-12-05T13:23:08Z,2016,2016-01-01,2016-12-31
2158434,GHED_CHE_pc_US_SHA2011,COUNTRY,COK,WPR,Western Pacific,YEAR,2005,,,,,,,,,514.27,514.26947021,,,,2025-12-05T13:23:08Z,2005,2005-01-01,2005-12-31
2160773,GHED_CHE_pc_US_SHA2011,REGION,EMR,,,YEAR,2001,,,,,,,,,235.72,235.71663008,,,,2025-12-05T13:23:08Z,2001,2001-01-01,2001-12-31
2161967,GHED_CHE_pc_US_SHA2011,COUNTRY,TON,WPR,Western Pacific,YEAR,2005,,,,,,,,,108.29,108.29302216,,,,2025-12-05T13:23:08Z,2005,2005-01-01,2005-12-31
2162862,GHED_CHE_pc_US_SHA2011,COUNTRY,KIR,WPR,Western Pacific,YEAR,2013,,,,,,,,,154.34,154.34346008,,,,2025-12-05T13:23:08Z,2013,2013-01-01,2013-12-31
2172374,GHED_CHE_pc_US_SHA2011,COUNTRY,MYS,WPR,Western Pacific,YEAR,2003,,,,,,,,,142.21,142.21202087,,,,2025-12-05T13:23:08Z,2003,2003-01-01,2003-12-31
2172468,GHED_CHE_pc_US_SHA2011,COUNTRY,MYS,WPR,Western Pacific,YEAR,2001,,,,,,,,,114.92,114.91710663,,,,2025-12-05T13:23:08Z,2001,2001-01-01,2001-12-31
2179902,GHED_CHE_pc_US_SHA2011,COUNTRY,BTN,SEAR,South-East Asia,YEAR,2018,,,,,,,,,102.01,102.01222992,,,,2025-12-05T13:23:08Z,2018,2018-01-01,2018-12-31
2180969,GHED_CHE_pc_US_SHA2011,COUNTRY,ALB,EUR,Europe,YEAR,2014,,,,,,,,,293.13,293.1267395,,,,2025-12-05T13:23:08Z,2014,2014-01-01,2014-12-31
2181534,GHED_CHE_pc_US_SHA2011,WORLDBANKINCOMEGROUP,WB_HI,,,YEAR,2016,,,,,,,,,2769.73,2769.73449003,,,,2025-12-05T13:23:08Z,2016,2016-01-01,2016-12-31
2182579,GHED_CHE_pc_US_SHA2011,COUNTRY,KHM,WPR,Western Pacific,YEAR,2001,,,,,,,,,22.18,22.18333626,,,,2025-12-05T13:23:08Z,2001,2001-01-01,2001-12-31
2186728,GHED_CHE_pc_US_SHA2011,COUNTRY,SVK,EUR,Europe,YEAR,2003,,,,,,,,,344.47,344.47335815,,,,2025-12-05T13:23:08Z,2003,2003-01-01,2003-12-31
2187458,GHED_CHE_pc_US_SHA2011,COUNTRY,EGY,EMR,Eastern Mediterranean,YEAR,2013,,,,,,,,,139.67,139.67245483,,,,2025-12-05T13:23:08Z,2013,2013-01-01,2013-12-31
2194250,GHED_CHE_pc_US_SHA2011,COUNTRY,HND,AMR,Americas,YEAR,2019,,,,,,,,,183.75,183.75006104,,,,2025-12-05T13:23:08Z,2019,2019-01-01,2019-12-31
2196459,GHED_CHE_pc_US_SHA2011,COUNTRY,ETH,AFR,Africa,YEAR,2002,,,,,,,,,5.15,5.14964151,,,,2025-12-05T13:23:08Z,2002,2002-01-01,2002-12-31
2200058,GHED_CHE_pc_US_SHA2011,REGION,AMR,,,YEAR,2018,,,,,,,,,1057.10,1057.10291007,,,,2025-12-05T13:23:08Z,2018,2018-01-01,2018-12-31
2201363,GHED_CHE_pc_US_SHA2011,COUNTRY,TKM,EUR,Europe,YEAR,2001,,,,,,,,,120.85,120.8463974,,,,2025-12-05T13:23:08Z,2001,2001-01-01,2001-12-31
2204898,GHED_CHE_pc_US_SHA2011,COUNTRY,NRU,WPR,Western Pacific,YEAR,2007,,,,,,,,,586.82,586.8157959,,,,2025-12-05T13:23:08Z,2007,2007-01-01,2007-12-31
2207181,GHED_CHE_pc_US_SHA2011,COUNTRY,TTO,AMR,Americas,YEAR,2014,,,,,,,,,1010.83,1010.82769775,,,,2025-12-05T13:23:08Z,2014,2014-01-01,2014-12-31
2207614,GHED_CHE_pc_US_SHA2011,COUNTRY,JAM,AMR,Americas,YEAR,2009,,,,,,,,,282.10,282.09719849,,,,2025-12-05T13:23:08Z,2009,2009-01-01,2009-12-31
2209447,GHED_CHE_pc_US_SHA2011,COUNTRY,NIC,AMR,Americas,YEAR,2016,,,,,,,,,171.57,171.5748291,,,,2025-12-05T13:23:08Z,2016,2016-01-01,2016-12-31
2210186,GHED_CHE_pc_US_SHA2011,COUNTRY,FJI,WPR,Western Pacific,YEAR,2015,,,,,,,,,169.48,169.47518921,,,,2025-12-05T13:23:08Z,2015,2015-01-01,2015-12-31
2212396,GHED_CHE_pc_US_SHA2011,COUNTRY,MLT,EUR,Europe,YEAR,2018,,,,,,,,,2759.91,2759.91186523,,,,2025-12-05T13:23:08Z,2018,2018-01-01,2018-12-31
2212607,GHED_CHE_pc_US_SHA2011,COUNTRY,POL,EUR,Europe,YEAR,2003,,,,,,,,,339.34,339.33520508,,,,2025-12-05T13:23:08Z,2003,2003-01-01,2003-12-31
2215640,GHED_CHE_pc_US_SHA2011,COUNTRY,PAN,AMR,Americas,YEAR,2018,,,,,,,,,1227.31,1227.30554199,,,,2025-12-05T13:23:08Z,2018,2018-01-01,2018-12-31
2220422,GHED_CHE_pc_US_SHA2011,COUNTRY,ZAF,AFR,Africa,YEAR,2022,,,,,,,,,570.48,570.48028564,,,,2025-12-05T13:23:08Z,2022,2022-01-01,2022-12-31
2220878,GHED_CHE_pc_US_SHA2011,COUNTRY,TUR,EUR,Europe,YEAR,2000,,,,,,,,,192.83,192.8344574,,,,2025-12-05T13:23:08Z,2000,2000-01-01,2000-12-31
2221142,GHED_CHE_pc_US_SHA2011,COUNTRY,MYS,WPR,Western Pacific,YEAR,2000,,,,,,,,,111.84,111.8384552,,,,2025-12-05T13:23:08Z,2000,2000-01-01,2000-12-31
2222894,GHED_CHE_pc_US_SHA2011,COUNTRY,GTM,AMR,Americas,YEAR,2016,,,,,,,,,246.45,246.4538269,,,,2025-12-05T13:23:08Z,2016,2016-01-01,2016-12-31
2224901,GHED_CHE_pc_US_SHA2011,COUNTRY,GEO,EUR,Europe,YEAR,2003,,,,,,,,,80.65,80.6542511,,,,2025-12-05T13:23:08Z,2003,2003-01-01,2003-12-31
2225492,GHED_CHE_pc_US_SHA2011,COUNTRY,MAR,EMR,Eastern Mediterranean,YEAR,2013,,,,,,,,,179.82,179.81974792,,,,2025-12-05T13:23:08Z,2013,2013-01-01,2013-12-31
2227487,GHED_CHE_pc_US_SHA2011,COUNTRY,COG,AFR,Africa,YEAR,2007,,,,,,,,,41.97,41.96711731,,,,2025-12-05T13:23:08Z,2007,2007-01-01,2007-12-31
2230505,GHED_CHE_pc_US_SHA2011,COUNTRY,CHE,EUR,Europe,YEAR,2005,,,,,,,,,5661.17,5661.17431641,,,,2025-12-05T13:23:08Z,2005,2005-01-01,2005-12-31
2231770,GHED_CHE_pc_US_SHA2011,COUNTRY,BGD,SEAR,South-East Asia,YEAR,2011,,,,,,,,,22.77,22.77348328,,,,2025-12-05T13:23:08Z,2011,2011-01-01,2011-12-31
2233199,GHED_CHE_pc_US_SHA2011,COUNTRY,LSO,AFR,Africa,YEAR,2009,,,,,,,,,80.82,80.82315063,,,,2025-12-05T13:23:08Z,2009,2009-01-01,2009-12-31
2234331,GHED_CHE_pc_US_SHA2011,COUNTRY,FJI,WPR,Western Pacific,YEAR,2018,,,,,,,,,249.86,249.86022949,,,,2025-12-05T13:23:08Z,2018,2018-01-01,2018-12-31
2234493,GHED_CHE_pc_US_SHA2011,COUNTRY,CUB,AMR,Americas,YEAR,2017,,,,,,,,,987.81,987.81030273,,,,2025-12-05T13:23:08Z,2017,2017-01-01,2017-12-31
2235229,GHED_CHE_pc_US_SHA2011,COUNTRY,OMN,EMR,Eastern Mediterranean,YEAR,2001,,,,,,,,,259.59,259.59085083,,,,2025-12-05T13:23:08Z,2001,2001-01-01,2001-12-31
2235716,GHED_CHE_pc_US_SHA2011,COUNTRY,KAZ,EUR,Europe,YEAR,2013,,,,,,,,,358.91,358.91342163,,,,2025-12-05T13:23:08Z,2013,2013-01-01,2013-12-31
2239788,GHED_CHE_pc_US_SHA2011,COUNTRY,BEL,EUR,Europe,YEAR,2017,,,,,,,,,4827.59,4827.59326172,,,,2025-12-05T13:23:08Z,2017,2017-01-01,2017-12-31
2241563,GHED_CHE_pc_US_SHA2011,COUNTRY,CAN,AMR,Americas,YEAR,2000,,,,,,,,,1988.16,1988.15942383,,,,2025-12-05T13:23:08Z,2000,2000-01-01,2000-12-31
2242150,GHED_CHE_pc_US_SHA2011,COUNTRY,TLS,SEAR,South-East Asia,YEAR,2009,,,,,,,,,50.19,50.18856049,,,,2025-12-05T13:23:08Z,2009,2009-01-01,2009-12-31
2243406,GHED_CHE_pc_US_SHA2011,COUNTRY,HRV,EUR,Europe,YEAR,2013,,,,,,,,,894.07,894.07080078,,,,2025-12-05T13:23:08Z,2013,2013-01-01,2013-12-31
2244247,GHED_CHE_pc_US_SHA2011,COUNTRY,NER,AFR,Africa,YEAR,2018,,,,,,,,,30.61,30.61364555,,,,2025-12-05T13:23:08Z,2018,2018-01-01,2018-12-31
2248574,GHED_CHE_pc_US_SHA2011,COUNTRY,KGZ,EUR,Europe,YEAR,2022,,,,,,,,,88.08,88.07954407,,,,2025-12-05T13:23:08Z,2022,2022-01-01,2022-12-31
2248998,GHED_CHE_pc_US_SHA2011,COUNTRY,BLZ,AMR,Americas,YEAR,2007,,,,,,,,,233.68,233.67915344,,,,2025-12-05T13:23:08Z,2007,2007-01-01,2007-12-31
2249647,GHED_CHE_pc_US_SHA2011,COUNTRY,MAR,EMR,Eastern Mediterranean,YEAR,2000,,,,,,,,,54.64,54.63968277,,,,2025-12-05T13:23:08Z,2000,2000-01-01,2000-12-31
2250749,GHED_CHE_pc_US_SHA2011,COUNTRY,ITA,EUR,Europe,YEAR,2001,,,,,,,,,1586.67,1586.67272949,,,,2025-12-05T13:23:08Z,2001,2001-01-01,2001-12-31
2251743,GHED_CHE_pc_US_SHA2011,COUNTRY,PRT,EUR,Europe,YEAR,2006,,,,,,,,,1857.65,1857.64526367,,,,2025-12-05T13:23:08Z,2006,2006-01-01,2006-12-31
2252397,GHED_CHE_pc_US_SHA2011,COUNTRY,TZA,AFR,Africa,YEAR,2014,,,,,,,,,39.85,39.85456848,,,,2025-12-05T13:23:08Z,2014,2014-01-01,2014-12-31
2253262,GHED_CHE_pc_US_SHA2011,COUNTRY,DJI,EMR,Eastern Mediterranean,YEAR,2014,,,,,,,,,65.54,65.53726196,,,,2025-12-05T13:23:08Z,2014,2014-01-01,2014-12-31
2254162,GHED_CHE_pc_US_SHA2011,COUNTRY,MCO,EUR,Europe,YEAR,2002,,,,,,,,,3375.89,3375.89013672,,,,2025-12-05T13:23:08Z,2002,2002-01-01,2002-12-31
2262138,GHED_CHE_pc_US_SHA2011,COUNTRY,BRA,AMR,Americas,YEAR,2002,,,,,,,,,248.38,248.37753296,,,,2025-12-05T13:23:08Z,2002,2002-01-01,2002-12-31
2265489,GHED_CHE_pc_US_SHA2011,WORLDBANKINCOMEGROUP,WB_HI,,,YEAR,2022,,,,,,,,,3519.01,3519.01336858,,,,2025-12-05T13:23:08Z,2022,2022-01-01,2022-12-31
2268383,GHED_CHE_pc_US_SHA2011,COUNTRY,BHR,EMR,Eastern Mediterranean,YEAR,2009,,,,,,,,,838.53,838.52880859,,,,2025-12-05T13:23:08Z,2009,2009-01-01,2009-12-31
2268842,GHED_CHE_pc_US_SHA2011,COUNTRY,LVA,EUR,Europe,YEAR,2001,,,,,,,,,205.02,205.02047729,,,,2025-12-05T13:23:08Z,2001,2001-01-01,2001-12-31
2269156,GHED_CHE_pc_US_SHA2011,COUNTRY,CMR,AFR,Africa,YEAR,2021,,,,,,,,,72.60,72.59731293,,,,2025-12-05T13:23:08Z,2021,2021-01-01,2021-12-31
3490859,GHED_CHE_pc_US_SHA2011,COUNTRY,LUX,EUR,Europe,YEAR,2014,,,,,,,,,6547.03,6547.03466797,,,,2025-12-05T13:23:08Z,2014,2014-01-01,2014-12-31
3501801,GHED_CHE_pc_US_SHA2011,COUNTRY,NLD,EUR,Europe,YEAR,2019,,,,,,,,,5340.61,5340.61279297,,,,2025-12-05T13:23:08Z,2019,2019-01-01,2019-12-31
3504117,GHED_CHE_pc_US_SHA2011,COUNTRY,IRQ,EMR,Eastern Mediterranean,YEAR,2022,,,,,,,,,283.17,283.17074585,,,,2025-12-05T13:23:08Z,2022,2022-01-01,2022-12-31
3509094,GHED_CHE_pc_US_SHA2011,COUNTRY,BDI,AFR,Africa,YEAR,2012,,,,,,,,,20.01,20.01195908,,,,2025-12-05T13:23:08Z,2012,2012-01-01,2012-12-31
3509164,GHED_CHE_pc_US_SHA2011,COUNTRY,MDV,SEAR,South-East Asia,YEAR,2008,,,,,,,,,775.15,775.14593506,,,,2025-12-05T13:23:08Z,2008,2008-01-01,2008-12-31
3511074,GHED_CHE_pc_US_SHA2011,WORLDBANKINCOMEGROUP,WB_LMI,,,YEAR,2022,,,,,,,,,142.53,142.53361025,,,,2026-01-12T13:50:53Z,2022,2022-01-01,2022-12-31
3511833,GHED_CHE_pc_US_SHA2011,COUNTRY,VUT,WPR,Western Pacific,YEAR,2004,,,,,,,,,62.81,62.80937958,,,,2025-12-05T13:23:08Z,2004,2004-01-01,2004-12-31
3514177,GHED_CHE_pc_US_SHA2011,REGION,WPR,,,YEAR,2007,,,,,,,,,651.45,651.45115192,,,,2025-12-05T13:23:08Z,2007,2007-01-01,2007-12-31
3515228,GHED_CHE_pc_US_SHA2011,COUNTRY,KEN,AFR,Africa,YEAR,2013,,,,,,,,,67.60,67.59809875,,,,2025-12-05T13:23:08Z,2013,2013-01-01,2013-12-31
3515829,GHED_CHE_pc_US_SHA2011,COUNTRY,SDN,EMR,Eastern Mediterranean,YEAR,2021,,,,,,,,,21.69,21.69141006,,,,2025-12-05T13:23:08Z,2021,2021-01-01,2021-12-31
3519383,GHED_CHE_pc_US_SHA2011,COUNTRY,CHL,AMR,Americas,YEAR,2020,,,,,,,,,1270.98,1270.97814941,,,,2025-12-05T13:23:08Z,2020,2020-01-01,2020-12-31
3525222,GHED_CHE_pc_US_SHA2011,COUNTRY,NLD,EUR,Europe,YEAR,2003,,,,,,,,,3244.36,3244.35644531,,,,2025-12-05T13:23:08Z,2003,2003-01-01,2003-12-31
3525329,GHED_CHE_pc_US_SHA2011,COUNTRY,BGD,SEAR,South-East Asia,YEAR,2006,,,,,,,,,12.06,12.05988026,,,,2025-12-05T13:23:08Z,2006,2006-01-01,2006-12-31
3526695,GHED_CHE_pc_US_SHA2011,COUNTRY,SVK,EUR,Europe,YEAR,2013,,,,,,,,,1370.47,1370.46765137,,,,2025-12-05T13:23:08Z,2013,2013-01-01,2013-12-31
3529328,GHED_CHE_pc_US_SHA2011,COUNTRY,JPN,WPR,Western Pacific,YEAR,2007,,,,,,,,,2781.49,2781.49365234,,,,2025-12-05T13:23:08Z,2007,2007-01-01,2007-12-31
3530615,GHED_CHE_pc_US_SHA2011,COUNTRY,NLD,EUR,Europe,YEAR,2007,,,,,,,,,4696.14,4696.14160156,,,,2025-12-05T13:23:08Z,2007,2007-01-01,2007-12-31
3531858,GHED_CHE_pc_US_SHA2011,COUNTRY,URY,AMR,Americas,YEAR,2015,,,,,,,,,1424.89,1424.8939209,,,,2025-12-05T13:23:08Z,2015,2015-01-01,2015-12-31
3532890,GHED_CHE_pc_US_SHA2011,COUNTRY,NER,AFR,Africa,YEAR,2002,,,,,,,,,10.84,10.84433079,,,,2025-12-05T13:23:08Z,2002,2002-01-01,2002-12-31
3537239,GHED_CHE_pc_US_SHA2011,COUNTRY,DEU,EUR,Europe,YEAR,2008,,,,,,,,,4647.31,4647.31005859,,,,2025-12-05T13:23:08Z,2008,2008-01-01,2008-12-31
3537518,GHED_CHE_pc_US_SHA2011,COUNTRY,BDI,AFR,Africa,YEAR,2000,,,,,,,,,5.68,5.67927122,,,,2025-12-05T13:23:08Z,2000,2000-01-01,2000-12-31
3542132,GHED_CHE_pc_US_SHA2011,COUNTRY,GNQ,AFR,Africa,YEAR,2019,,,,,,,,,223.14,223.14128113,,,,2025-12-05T13:23:08Z,2019,2019-01-01,2019-12-31
3543134,GHED_CHE_pc_US_SHA2011,COUNTRY,ROU,EUR,Europe,YEAR,2021,,,,,,,,,963.01,963.01287842,,,,2025-12-05T13:23:08Z,2021,2021-01-01,2021-12-31
3543630,GHED_CHE_pc_US_SHA2011,COUNTRY,RUS,EUR,Europe,YEAR,2011,,,,,,,,,681.04,681.04345703,,,,2025-12-05T13:23:08Z,2011,2011-01-01,2011-12-31
3544776,GHED_CHE_pc_US_SHA2011,COUNTRY,TUV,WPR,Western Pacific,YEAR,2010,,,,,,,,,490.41,490.41107178,,,,2025-12-05T13:23:08Z,2010,2010-01-01,2010-12-31
3549107,GHED_CHE_pc_US_SHA2011,COUNTRY,BEN,AFR,Africa,YEAR,2014,,,,,,,,,32.41,32.41182327,,,,2025-12-05T13:23:08Z,2014,2014-01-01,2014-12-31
3553932,GHED_CHE_pc_US_SHA2011,WORLDBANKINCOMEGROUP,WB_UMI,,,YEAR,2002,,,,,,,,,145.06,145.05972421,,,,2025-12-05T13:23:08Z,2002,2002-01-01,2002-12-31
3555719,GHED_CHE_pc_US_SHA2011,COUNTRY,BGR,EUR,Europe,YEAR,2020,,,,,,,,,906.55,906.54833984,,,,2025-12-05T13:23:08Z,2020,2020-01-01,2020-12-31
3557457,GHED_CHE_pc_US_SHA2011,COUNTRY,BWA,AFR,Africa,YEAR,2005,,,,,,,,,281.39,281.38796997,,,,2025-12-05T13:23:08Z,2005,2005-01-01,2005-12-31
3558193,GHED_CHE_pc_US_SHA2011,COUNTRY,RUS,EUR,Europe,YEAR,2015,,,,,,,,,496.95,496.94955444,,,,2025-12-05T13:23:08Z,2015,2015-01-01,2015-12-31
3561037,GHED_CHE_pc_US_SHA2011,COUNTRY,GRD,AMR,Americas,YEAR,2004,,,,,,,,,294.12,294.12390137,,,,2025-12-05T13:23:08Z,2004,2004-01-01,2004-12-31
3565822,GHED_CHE_pc_US_SHA2011,COUNTRY,IND,SEAR,South-East Asia,YEAR,2022,,,,,,,,,81.51,81.50888824,,,,2025-12-05T13:23:08Z,2022,2022-01-01,2022-12-31
3571079,GHED_CHE_pc_US_SHA2011,COUNTRY,CHE,EUR,Europe,YEAR,2016,,,,,,,,,9201.47,9201.47460938,,,,2025-12-05T13:23:08Z,2016,2016-01-01,2016-12-31
3576489,GHED_CHE_pc_US_SHA2011,COUNTRY,LBN,EMR,Eastern Mediterranean,YEAR,2018,,,,,,,,,740.39,740.38696289,,,,2025-12-05T13:23:08Z,2018,2018-01-01,2018-12-31
3576764,GHED_CHE_pc_US_SHA2011,COUNTRY,PER,AMR,Americas,YEAR,2020,,,,,,,,,399.14,399.13800049,,,,2025-12-05T13:23:08Z,2020,2020-01-01,2020-12-31
3577332,GHED_CHE_pc_US_SHA2011,COUNTRY,BHR,EMR,Eastern Mediterranean,YEAR,2002,,,,,,,,,469.15,469.15478516,,,,2025-12-05T13:23:08Z,2002,2002-01-01,2002-12-31
3581890,GHED_CHE_pc_US_SHA2011,COUNTRY,ROU,EUR,Europe,YEAR,2005,,,,,,,,,254.53,254.52961731,,,,2025-12-05T13:23:08Z,2005,2005-01-01,2005-12-31
3589621,GHED_CHE_pc_US_SHA2011,COUNTRY,TZA,AFR,Africa,YEAR,2015,,,,,,,,,33.27,33.27184296,,,,2025-12-05T13:23:08Z,2015,2015-01-01,2015-12-31
3592385,GHED_CHE_pc_US_SHA2011,COUNTRY,NGA,AFR,Africa,YEAR,2021,,,,,,,,,81.87,81.87322235,,,,2025-12-05T13:23:08Z,2021,2021-01-01,2021-12-31
3594482,GHED_CHE_pc_US_SHA2011,COUNTRY,IRL,EUR,Europe,YEAR,2011,,,,,,,,,5538.00,5538.00195313,,,,2025-12-05T13:23:08Z,2011,2011-01-01,2011-12-31
3598194,GHED_CHE_pc_US_SHA2011,COUNTRY,ITA,EUR,Europe,YEAR,2020,,,,,,,,,3058.90,3058.90014648,,,,2025-12-05T13:23:08Z,2020,2020-01-01,2020-12-31
3606422,GHED_CHE_pc_US_SHA2011,COUNTRY,UKR,EUR,Europe,YEAR,2012,,,,,,,,,270.76,270.76205444,,,,2025-12-05T13:23:08Z,2012,2012-01-01,2012-12-31
3608966,GHED_CHE_pc_US_SHA2011,COUNTRY,JAM,AMR,Americas,YEAR,2015,,,,,,,,,334.90,334.89901733,,,,2025-12-05T13:23:08Z,2015,2015-01-01,2015-12-31
3612110,GHED_CHE_pc_US_SHA2011,COUNTRY,ECU,AMR,Americas,YEAR,2018,,,,,,,,,493.83,493.82693481,,,,2025-12-05T13:23:08Z,2018,2018-01-01,2018-12-31
3616301,GHED_CHE_pc_US_SHA2011,COUNTRY,DJI,EMR,Eastern Mediterranean,YEAR,2016,,,,,,,,,68.83,68.82745361,,,,2025-12-05T13:23:08Z,2016,2016-01-01,2016-12-31
3617166,GHED_CHE_pc_US_SHA2011,COUNTRY,SGP,WPR,Western Pacific,YEAR,2022,,,,,,,,,3902.14,3902.14428711,,,,2025-12-05T13:23:08Z,2022,2022-01-01,2022-12-31
3617659,GHED_CHE_pc_US_SHA2011,COUNTRY,MMR,SEAR,South-East Asia,YEAR,2023,,,,,,,,,56.19,56.18909836,,,,2025-12-05T13:23:08Z,2023,2023-01-01,2023-12-31
3620199,GHED_CHE_pc_US_SHA2011,COUNTRY,TZA,AFR,Africa,YEAR,2021,,,,,,,,,37.53,37.53121185,,,,2025-12-05T13:23:08Z,2021,2021-01-01,2021-12-31
3621597,GHED_CHE_pc_US_SHA2011,COUNTRY,POL,EUR,Europe,YEAR,2002,,,,,,,,,315.83,315.83145142,,,,2025-12-05T13:23:08Z,2002,2002-01-01,2002-12-31
3627089,GHED_CHE_pc_US_SHA2011,COUNTRY,BRN,WPR,Western Pacific,YEAR,2014,,,,,,,,,785.41,785.41210938,,,,2025-12-05T13:23:08Z,2014,2014-01-01,2014-12-31
3627227,GHED_CHE_pc_US_SHA2011,COUNTRY,TUV,WPR,Western Pacific,YEAR,2021,,,,,,,,,1122.40,1122.39929199,,,,2025-12-05T13:23:08Z,2021,2021-01-01,2021-12-31
3634927,GHED_CHE_pc_US_SHA2011,COUNTRY,NZL,WPR,Western Pacific,YEAR,2014,,,,,,,,,3997.43,3997.43237305,,,,2025-12-05T13:23:08Z,2014,2014-01-01,2014-12-31
3638450,GHED_CHE_pc_US_SHA2011,COUNTRY,GNB,AFR,Africa,YEAR,2009,,,,,,,,,26.89,26.88874054,,,,2025-12-05T13:23:08Z,2009,2009-01-01,2009-12-31
3639671,GHED_CHE_pc_US_SHA2011,COUNTRY,TUN,EMR,Eastern Mediterranean,YEAR,2018,,,,,,,,,215.42,215.418396,,,,2025-12-05T13:23:08Z,2018,2018-01-01,2018-12-31
3642266,GHED_CHE_pc_US_SHA2011,COUNTRY,HTI,AMR,Americas,YEAR,2010,,,,,,,,,55.74,55.73518753,,,,2025-12-05T13:23:08Z,2010,2010-01-01,2010-12-31
3647883,GHED_CHE_pc_US_SHA2011,COUNTRY,RUS,EUR,Europe,YEAR,2013,,,,,,,,,805.52,805.52130127,,,,2025-12-05T13:23:08Z,2013,2013-01-01,2013-12-31
3653722,GHED_CHE_pc_US_SHA2011,COUNTRY,SUR,AMR,Americas,YEAR,2005,,,,,,,,,241.68,241.68415833,,,,2025-12-05T13:23:08Z,2005,2005-01-01,2005-12-31
3655513,GHED_CHE_pc_US_SHA2011,COUNTRY,GUY,AMR,Americas,YEAR,2002,,,,,,,,,65.04,65.04125214,,,,2025-12-05T13:23:08Z,2002,2002-01-01,2002-12-31
3657141,GHED_CHE_pc_US_SHA2011,COUNTRY,BLR,EUR,Europe,YEAR,2018,,,,,,,,,349.99,349.99176025,,,,2025-12-05T13:23:08Z,2018,2018-01-01,2018-12-31
3657541,GHED_CHE_pc_US_SHA2011,COUNTRY,CIV,AFR,Africa,YEAR,2006,,,,,,,,,47.09,47.08904266,,,,2025-12-05T13:23:08Z,2006,2006-01-01,2006-12-31
3660572,GHED_CHE_pc_US_SHA2011,COUNTRY,SLV,AMR,Americas,YEAR,2021,,,,,,,,,470.14,470.14025879,,,,2025-12-05T13:23:08Z,2021,2021-01-01,2021-12-31
3662099,GHED_CHE_pc_US_SHA2011,COUNTRY,IRN,EMR,Eastern Mediterranean,YEAR,2009,,,,,,,,,354.26,354.25738525,,,,2025-12-05T13:23:08Z,2009,2009-01-01,2009-12-31
3663091,GHED_CHE_pc_US_SHA2011,WORLDBANKINCOMEGROUP,WB_LI,,,YEAR,2006,,,,,,,,,26.54,26.53514501,,,,2025-12-05T13:23:08Z,2006,2006-01-01,2006-12-31
3665490,GHED_CHE_pc_US_SHA2011,COUNTRY,ATG,AMR,Americas,YEAR,2015,,,,,,,,,789.31,789.30975342,,,,2025-12-05T13:23:08Z,2015,2015-01-01,2015-12-31
3665976,GHED_CHE_pc_US_SHA2011,COUNTRY,GTM,AMR,Americas,YEAR,2012,,,,,,,,,200.85,200.84880066,,,,2025-12-05T13:23:08Z,2012,2012-01-01,2012-12-31
3666164,GHED_CHE_pc_US_SHA2011,COUNTRY,GNQ,AFR,Africa,YEAR,2012,,,,,,,,,280.90,280.90136719,,,,2025-12-05T13:23:08Z,2012,2012-01-01,2012-12-31
3671885,GHED_CHE_pc_US_SHA2011,COUNTRY,LKA,SEAR,South-East Asia,YEAR,2020,,,,,,,,,159.71,159.71383667,,,,2025-12-05T13:23:08Z,2020,2020-01-01,2020-12-31
3673313,GHED_CHE_pc_US_SHA2011,COUNTRY,NIC,AMR,Americas,YEAR,2017,,,,,,,,,181.76,181.75810242,,,,2025-12-05T13:23:08Z,2017,2017-01-01,2017-12-31
3675747,GHED_CHE_pc_US_SHA2011,COUNTRY,KGZ,EUR,Europe,YEAR,2007,,,,,,,,,49.61,49.61043167,,,,2025-12-05T13:23:08Z,2007,2007-01-01,2007-12-31
3677198,GHED_CHE_pc_US_SHA2011,COUNTRY,PAK,EMR,Eastern Mediterranean,YEAR,2021,,,,,,,,,42.80,42.79639816,,,,2025-12-05T13:23:08Z,2021,2021-01-01,2021-12-31
3678515,GHED_CHE_pc_US_SHA2011,COUNTRY,CPV,AFR,Africa,YEAR,2000,,,,,,,,,59.54,59.54011154,,,,2025-12-05T13:23:08Z,2000,2000-01-01,2000-12-31
3688014,GHED_CHE_pc_US_SHA2011,COUNTRY,EGY,EMR,Eastern Mediterranean,YEAR,2021,,,,,,,,,176.94,176.93664551,,,,2025-12-05T13:23:08Z,2021,2021-01-01,2021-12-31
3688156,GHED_CHE_pc_US_SHA2011,COUNTRY,BDI,AFR,Africa,YEAR,2020,,,,,,,,,26.22,26.21934319,,,,2025-12-05T13:23:08Z,2020,2020-01-01,2020-12-31
3688360,GHED_CHE_pc_US_SHA2011,COUNTRY,CYP,EUR,Europe,YEAR,2020,,,,,,,,,2443.37,2443.37207031,,,,2025-12-05T13:23:08Z,2020,2020-01-01,2020-12-31
3690392,GHED_CHE_pc_US_SHA2011,COUNTRY,KAZ,EUR,Europe,YEAR,2000,,,,,,,,,49.09,49.093647,,,,2025-12-05T13:23:08Z,2000,2000-01-01,2000-12-31
3693828,GHED_CHE_pc_US_SHA2011,COUNTRY,HRV,EUR,Europe,YEAR,2003,,,,,,,,,512.00,511.99743652,,,,2025-12-05T13:23:08Z,2003,2003-01-01,2003-12-31
3695139,GHED_CHE_pc_US_SHA2011,COUNTRY,GEO,EUR,Europe,YEAR,2015,,,,,,,,,347.72,347.71783447,,,,2025-12-05T13:23:08Z,2015,2015-01-01,2015-12-31
3697365,GHED_CHE_pc_US_SHA2011,COUNTRY,MCO,EUR,Europe,YEAR,2015,,,,,,,,,7354.13,7354.13183594,,,,2025-12-05T13:23:08Z,2015,2015-01-01,2015-12-31
3699438,GHED_CHE_pc_US_SHA2011,COUNTRY,UGA,AFR,Africa,YEAR,2009,,,,,,,,,44.37,44.3670578,,,,2025-12-05T13:23:08Z,2009,2009-01-01,2009-12-31
3700998,GHED_CHE_pc_US_SHA2011,COUNTRY,IDN,WPR,Western Pacific,YEAR,2003,,,,,,,,,25.51,25.51065636,,,,2025-12-05T13:23:08Z,2003,2003-01-01,2003-12-31
3701721,GHED_CHE_pc_US_SHA2011,COUNTRY,AFG,EMR,Eastern Mediterranean,YEAR,2002,,,,,,,,,16.71,16.70697403,,,,2025-12-05T13:23:08Z,2002,2002-01-01,2002-12-31
3703459,GHED_CHE_pc_US_SHA2011,COUNTRY,JAM,AMR,Americas,YEAR,2023,,,,,,,,,520.16,520.15704346,,,,2025-12-05T13:23:08Z,2023,2023-01-01,2023-12-31
3705518,GHED_CHE_pc_US_SHA2011,COUNTRY,KIR,WPR,Western Pacific,YEAR,2006,,,,,,,,,126.86,126.86061859,,,,2025-12-05T13:23:08Z,2006,2006-01-01,2006-12-31
3706250,GHED_CHE_pc_US_SHA2011,COUNTRY,NIU,WPR,Western Pacific,YEAR,2019,,,,,,,,,1232.45,1232.44702148,,,,2025-12-05T13:23:08Z,2019,2019-01-01,2019-12-31
3710230,GHED_CHE_pc_US_SHA2011,COUNTRY,NLD,EUR,Europe,YEAR,2020,,,,,,,,,5865.91,5865.90527344,,,,2025-12-05T13:23:08Z,2020,2020-01-01,2020-12-31
3710336,GHED_CHE_pc_US_SHA2011,COUNTRY,MYS,WPR,Western Pacific,YEAR,2009,,,,,,,,,245.64,245.64353943,,,,2025-12-05T13:23:08Z,2009,2009-01-01,2009-12-31
3711409,GHED_CHE_pc_US_SHA2011,COUNTRY,PSE,EMR,Eastern Mediterranean,YEAR,2014,,,,,,,,,314.27,314.27474976,,,,2025-12-05T13:23:08Z,2014,2014-01-01,2014-12-31
3711522,GHED_CHE_pc_US_SHA2011,COUNTRY,MWI,AFR,Africa,YEAR,2020,,,,,,,,,42.38,42.37881851,,,,2025-12-05T13:23:08Z,2020,2020-01-01,2020-12-31
3715090,GHED_CHE_pc_US_SHA2011,COUNTRY,BEL,EUR,Europe,YEAR,2013,,,,,,,,,5005.65,5005.64990234,,,,2025-12-05T13:23:08Z,2013,2013-01-01,2013-12-31
3721221,GHED_CHE_pc_US_SHA2011,COUNTRY,COM,AFR,Africa,YEAR,2021,,,,,,,,,100.50,100.50016785,,,,2025-12-05T13:23:08Z,2021,2021-01-01,2021-12-31
3722009,GHED_CHE_pc_US_SHA2011,COUNTRY,BTN,SEAR,South-East Asia,YEAR,2004,,,,,,,,,46.06,46.06135941,,,,2025-12-05T13:23:08Z,2004,2004-01-01,2004-12-31
3722810,GHED_CHE_pc_US_SHA2011,COUNTRY,LBY,EMR,Eastern Mediterranean,YEAR,2009,,,,,,,,,342.20,342.20449829,,,,2025-12-05T13:23:08Z,2009,2009-01-01,2009-12-31
3725218,GHED_CHE_pc_US_SHA2011,COUNTRY,MDA,EUR,Europe,YEAR,2006,,,,,,,,,100.11,100.10816193,,,,2025-12-05T13:23:08Z,2006,2006-01-01,2006-12-31
3728257,GHED_CHE_pc_US_SHA2011,COUNTRY,SVN,EUR,Europe,YEAR,2010,,,,,,,,,2017.15,2017.14660645,,,,2025-12-05T13:23:08Z,2010,2010-01-01,2010-12-31
3730256,GHED_CHE_pc_US_SHA2011,COUNTRY,LTU,EUR,Europe,YEAR,2021,,,,,,,,,1844.33,1844.33154297,,,,2025-12-05T13:23:08Z,2021,2021-01-01,2021-12-31
3730724,GHED_CHE_pc_US_SHA2011,COUNTRY,KHM,WPR,Western Pacific,YEAR,2010,,,,,,,,,53.59,53.58575439,,,,2025-12-05T13:23:08Z,2010,2010-01-01,2010-12-31
3730957,GHED_CHE_pc_US_SHA2011,COUNTRY,FJI,WPR,Western Pacific,YEAR,2008,,,,,,,,,134.50,134.50354004,,,,2025-12-05T13:23:08Z,2008,2008-01-01,2008-12-31
3731585,GHED_CHE_pc_US_SHA2011,COUNTRY,BEN,AFR,Africa,YEAR,2019,,,,,,,,,33.95,33.9457283,,,,2025-12-05T13:23:08Z,2019,2019-01-01,2019-12-31
3733821,GHED_CHE_pc_US_SHA2011,COUNTRY,MOZ,AFR,Africa,YEAR,2021,,,,,,,,,44.10,44.09894943,,,,2025-12-05T13:23:08Z,2021,2021-01-01,2021-12-31
3736987,GHED_CHE_pc_US_SHA2011,COUNTRY,EGY,EMR,Eastern Mediterranean,YEAR,2007,,,,,,,,,73.29,73.29454041,,,,2025-12-05T13:23:08Z,2007,2007-01-01,2007-12-31
3737223,GHED_CHE_pc_US_SHA2011,COUNTRY,LBR,AFR,Africa,YEAR,2012,,,,,,,,,46.67,46.67208862,,,,2025-12-05T13:23:08Z,2012,2012-01-01,2012-12-31
3739917,GHED_CHE_pc_US_SHA2011,COUNTRY,FJI,WPR,Western Pacific,YEAR,2020,,,,,,,,,256.26,256.25967407,,,,2025-12-05T13:23:08Z,2020,2020-01-01,2020-12-31
3749011,GHED_CHE_pc_US_SHA2011,COUNTRY,CMR,AFR,Africa,YEAR,2011,,,,,,,,,58.33,58.33031845,,,,2025-12-05T13:23:08Z,2011,2011-01-01,2011-12-31
3751661,GHED_CHE_pc_US_SHA2011,COUNTRY,ISR,EUR,Europe,YEAR,2010,,,,,,,,,2237.91,2237.90795898,,,,2025-12-05T13:23:08Z,2010,2010-01-01,2010-12-31
3757868,GHED_CHE_pc_US_SHA2011,COUNTRY,GRC,EUR,Europe,YEAR,2005,,,,,,,,,1935.27,1935.26757813,,,,2025-12-05T13:23:08Z,2005,2005-01-01,2005-12-31
3758973,GHED_CHE_pc_US_SHA2011,COUNTRY,MNE,EUR,Europe,YEAR,2013,,,,,,,,,597.18,597.17596436,,,,2025-12-05T13:23:08Z,2013,2013-01-01,2013-12-31
3760056,GHED_CHE_pc_US_SHA2011,COUNTRY,SAU,EMR,Eastern Mediterranean,YEAR,2010,,,,,,,,,765.92,765.91680908,,,,2025-12-05T13:23:08Z,2010,2010-01-01,2010-12-31
3762304,GHED_CHE_pc_US_SHA2011,COUNTRY,GEO,EUR,Europe,YEAR,2018,,,,,,,,,365.92,365.91583252,,,,2025-12-05T13:23:08Z,2018,2018-01-01,2018-12-31
3764361,GHED_CHE_pc_US_SHA2011,COUNTRY,CYP,EUR,Europe,YEAR,2004,,,,,,,,,1286.97,1286.97155762,,,,2025-12-05T13:23:08Z,2004,2004-01-01,2004-12-31
3764870,GHED_CHE_pc_US_SHA2011,COUNTRY,ISL,EUR,Europe,YEAR,2014,,,,,,,,,4522.91,4522.90576172,,,,2025-12-05T13:23:08Z,2014,2014-01-01,2014-12-31
3771753,GHED_CHE_pc_US_SHA2011,COUNTRY,COG,AFR,Africa,YEAR,2016,,,,,,,,,54.30,54.3000145,,,,2025-12-05T13:23:08Z,2016,2016-01-01,2016-12-31
3773107,GHED_CHE_pc_US_SHA2011,COUNTRY,EST,EUR,Europe,YEAR,2002,,,,,,,,,250.48,250.48020935,,,,2025-12-05T13:23:08Z,2002,2002-01-01,2002-12-31
3779878,GHED_CHE_pc_US_SHA2011,COUNTRY,SAU,EMR,Eastern Mediterranean,YEAR,2021,,,,,,,,,1654.74,1654.74353027,,,,2025-12-05T13:23:08Z,2021,2021-01-01,2021-12-31
3782220,GHED_CHE_pc_US_SHA2011,COUNTRY,UKR,EUR,Europe,YEAR,2007,,,,,,,,,183.18,183.18217468,,,,2025-12-05T13:23:08Z,2007,2007-01-01,2007-12-31
3783700,GHED_CHE_pc_US_SHA2011,COUNTRY,VCT,AMR,Americas,YEAR,2022,,,,,,,,,437.94,437.94085693,,,,2025-12-05T13:23:08Z,2022,2022-01-01,2022-12-31
3786607,GHED_CHE_pc_US_SHA2011,COUNTRY,TON,WPR,Western Pacific,YEAR,2016,,,,,,,,,208.54,208.53982544,,,,2025-12-05T13:23:08Z,2016,2016-01-01,2016-12-31
3787384,GHED_CHE_pc_US_SHA2011,COUNTRY,MNG,WPR,Western Pacific,YEAR,2008,,,,,,,,,97.27,97.26833344,,,,2025-12-05T13:23:08Z,2008,2008-01-01,2008-12-31
3793570,GHED_CHE_pc_US_SHA2011,COUNTRY,TUR,EUR,Europe,YEAR,2009,,,,,,,,,492.30,492.30032349,,,,2025-12-05T13:23:08Z,2009,2009-01-01,2009-12-31
3794413,GHED_CHE_pc_US_SHA2011,REGION,AMR,,,YEAR,2009,,,,,,,,,786.64,786.63544621,,,,2025-12-05T13:23:08Z,2009,2009-01-01,2009-12-31
3795259,GHED_CHE_pc_US_SHA2011,COUNTRY,LTU,EUR,Europe,YEAR,2006,,,,,,,,,536.06,536.05737305,,,,2025-12-05T13:23:08Z,2006,2006-01-01,2006-12-31
3797953,GHED_CHE_pc_US_SHA2011,COUNTRY,KEN,AFR,Africa,YEAR,2021,,,,,,,,,94.20,94.20249176,,,,2025-12-05T13:23:08Z,2021,2021-01-01,2021-12-31
3798372,GHED_CHE_pc_US_SHA2011,COUNTRY,SYC,AFR,Africa,YEAR,2022,,,,,,,,,707.34,707.34448242,,,,2025-12-05T13:23:08Z,2022,2022-01-01,2022-12-31
3806548,GHED_CHE_pc_US_SHA2011,COUNTRY,EST,EUR,Europe,YEAR,2000,,,,,,,,,209.98,209.97769165,,,,2025-12-05T13:23:08Z,2000,2000-01-01,2000-12-31
3815545,GHED_CHE_pc_US_SHA2011,COUNTRY,SGP,WPR,Western Pacific,YEAR,2011,,,,,,,,,1700.17,1700.1685791,,,,2025-12-05T13:23:08Z,2011,2011-01-01,2011-12-31
3820316,GHED_CHE_pc_US_SHA2011,COUNTRY,MMR,SEAR,South-East Asia,YEAR,2010,,,,,,,,,20.23,20.23270416,,,,2025-12-05T13:23:08Z,2010,2010-01-01,2010-12-31
3821186,GHED_CHE_pc_US_SHA2011,COUNTRY,GNQ,AFR,Africa,YEAR,2003,,,,,,,,,86.83,86.82926178,,,,2025-12-05T13:23:08Z,2003,2003-01-01,2003-12-31
3824522,GHED_CHE_pc_US_SHA2011,COUNTRY,MEX,AMR,Americas,YEAR,2022,,,,,,,,,650.97,650.97070313,,,,2025-12-05T13:23:08Z,2022,2022-01-01,2022-12-31
3828535,GHED_CHE_pc_US_SHA2011,COUNTRY,AUT,EUR,Europe,YEAR,2009,,,,,,,,,4939.76,4939.75878906,,,,2025-12-05T13:23:08Z,2009,2009-01-01,2009-12-31
3829539,GHED_CHE_pc_US_SHA2011,COUNTRY,ATG,AMR,Americas,YEAR,2014,,,,,,,,,826.76,826.75598145,,,,2025-12-05T13:23:08Z,2014,2014-01-01,2014-12-31
3833917,GHED_CHE_pc_US_SHA2011,COUNTRY,SGP,WPR,Western Pacific,YEAR,2013,,,,,,,,,2102.97,2102.97021484,,,,2025-12-05T13:23:08Z,2013,2013-01-01,2013-12-31
3835694,GHED_CHE_pc_US_SHA2011,COUNTRY,CIV,AFR,Africa,YEAR,2010,,,,,,,,,70.05,70.04605103,,,,2025-12-05T13:23:08Z,2010,2010-01-01,2010-12-31
3838171,GHED_CHE_pc_US_SHA2011,COUNTRY,ESP,EUR,Europe,YEAR,2021,,,,,,,,,3188.85,3188.8515625,,,,2025-12-05T13:23:08Z,2021,2021-01-01,2021-12-31
3842446,GHED_CHE_pc_US_SHA2011,COUNTRY,MDG,AFR,Africa,YEAR,2004,,,,,,,,,14.29,14.29298973,,,,2025-12-05T13:23:08Z,2004,2004-01-01,2004-12-31
3844642,GHED_CHE_pc_US_SHA2011,COUNTRY,UZB,EUR,Europe,YEAR,2013,,,,,,,,,140.71,140.71011353,,,,2025-12-05T13:23:08Z,2013,2013-01-01,2013-12-31
3844933,GHED_CHE_pc_US_SHA2011,COUNTRY,DJI,EMR,Eastern Mediterranean,YEAR,2019,,,,,,,,,68.47,68.4744873,,,,2025-12-05T13:23:08Z,2019,2019-01-01,2019-12-31
3852211,GHED_CHE_pc_US_SHA2011,COUNTRY,BHS,AMR,Americas,YEAR,2018,,,,,,,,,1875.74,1875.74035645,,,,2025-12-05T13:23:08Z,2018,2018-01-01,2018-12-31
3853353,GHED_CHE_pc_US_SHA2011,COUNTRY,MDV,SEAR,South-East Asia,YEAR,2023,,,,,,,,,1159.03,1159.02819824,,,,2025-12-05T13:23:08Z,2023,2023-01-01,2023-12-31
3856878,GHED_CHE_pc_US_SHA2011,COUNTRY,TGO,AFR,Africa,YEAR,2019,,,,,,,,,48.85,48.85387421,,,,2025-12-05T13:23:08Z,2019,2019-01-01,2019-12-31
3858868,GHED_CHE_pc_US_SHA2011,COUNTRY,STP,AFR,Africa,YEAR,2007,,,,,,,,,59.72,59.71631241,,,,2025-12-05T13:23:08Z,2007,2007-01-01,2007-12-31
3859268,GHED_CHE_pc_US_SHA2011,COUNTRY,NPL,SEAR,South-East Asia,YEAR,2001,,,,,,,,,10.27,10.26854038,,,,2025-12-05T13:23:08Z,2001,2001-01-01,2001-12-31
3859830,GHED_CHE_pc_US_SHA2011,COUNTRY,JAM,AMR,Americas,YEAR,2011,,,,,,,,,341.33,341.33453369,,,,2025-12-05T13:23:08Z,2011,2011-01-01,2011-12-31
3862118,GHED_CHE_pc_US_SHA2011,COUNTRY,DOM,AMR,Americas,YEAR,2014,,,,,,,,,312.44,312.44223022,,,,2025-12-05T13:23:08Z,2014,2014-01-01,2014-12-31
3864699,GHED_CHE_pc_US_SHA2011,COUNTRY,JOR,EMR,Eastern Mediterranean,YEAR,2016,,,,,,,,,278.13,278.13378906,,,,2025-12-05T13:23:08Z,2016,2016-01-01,2016-12-31
3866557,GHED_CHE_pc_US_SHA2011,COUNTRY,KOR,WPR,Western Pacific,YEAR,2014,,,,,,,,,1922.99,1922.98803711,,,,2025-12-05T13:23:08Z,2014,2014-01-01,2014-12-31
3868225,GHED_CHE_pc_US_SHA2011,COUNTRY,KOR,WPR,Western Pacific,YEAR,2017,,,,,,,,,2258.15,2258.15307617,,,,2025-12-05T13:23:08Z,2017,2017-01-01,2017-12-31
3869191,GHED_CHE_pc_US_SHA2011,COUNTRY,USA,AMR,Americas,YEAR,2009,,,,,,,,,7614.82,7614.82421875,,,,2025-12-05T13:23:08Z,2009,2009-01-01,2009-12-31
3872910,GHED_CHE_pc_US_SHA2011,COUNTRY,BIH,EUR,Europe,YEAR,2011,,,,,,,,,456.97,456.96905518,,,,2025-12-05T13:23:08Z,2011,2011-01-01,2011-12-31
3874098,GHED_CHE_pc_US_SHA2011,COUNTRY,MRT,AFR,Africa,YEAR,2018,,,,,,,,,49.68,49.68307495,,,,2025-12-05T13:23:08Z,2018,2018-01-01,2018-12-31
3875470,GHED_CHE_pc_US_SHA2011,COUNTRY,TJK,EUR,Europe,YEAR,2018,,,,,,,,,58.52,58.51539993,,,,2025-12-05T13:23:08Z,2018,2018-01-01,2018-12-31
3879002,GHED_CHE_pc_US_SHA2011,COUNTRY,ZAF,AFR,Africa,YEAR,2021,,,,,,,,,592.95,592.9465332,,,,2025-12-05T13:23:08Z,2021,2021-01-01,2021-12-31
3881711,GHED_CHE_pc_US_SHA2011,COUNTRY,EST,EUR,Europe,YEAR,2017,,,,,,,,,1350.13,1350.12646484,,,,2025-12-05T13:23:08Z,2017,2017-01-01,2017-12-31
3882270,GHED_CHE_pc_US_SHA2011,COUNTRY,JPN,WPR,Western Pacific,YEAR,2006,,,,,,,,,2763.53,2763.53344727,,,,2025-12-05T13:23:08Z,2006,2006-01-01,2006-12-31
3883303,GHED_CHE_pc_US_SHA2011,COUNTRY,BHS,AMR,Americas,YEAR,2000,,,,,,,,,948.88,948.88244629,,,,2025-12-05T13:23:08Z,2000,2000-01-01,2000-12-31
3883348,GHED_CHE_pc_US_SHA2011,COUNTRY,ATG,AMR,Americas,YEAR,2006,,,,,,,,,665.12,665.11560059,,,,2025-12-05T13:23:08Z,2006,2006-01-01,2006-12-31
3884533,GHED_CHE_pc_US_SHA2011,COUNTRY,MNG,WPR,Western Pacific,YEAR,2005,,,,,,,,,38.04,38.04277039,,,,2025-12-05T13:23:08Z,2005,2005-01-01,2005-12-31
3886135,GHED_CHE_pc_US_SHA2011,COUNTRY,KNA,AMR,Americas,YEAR,2021,,,,,,,,,1132.58,1132.58447266,,,,2025-12-05T13:23:08Z,2021,2021-01-01,2021-12-31
3886964,GHED_CHE_pc_US_SHA2011,COUNTRY,PRY,AMR,Americas,YEAR,2009,,,,,,,,,217.79,217.7858429,,,,2025-12-05T13:23:08Z,2009,2009-01-01,2009-12-31
3890036,GHED_CHE_pc_US_SHA2011,COUNTRY,DMA,AMR,Americas,YEAR,2013,,,,,,,,,382.11,382.10519409,,,,2025-12-05T13:23:08Z,2013,2013-01-01,2013-12-31
3892979,GHED_CHE_pc_US_SHA2011,REGION,EMR,,,YEAR,2013,,,,,,,,,514.95,514.94862526,,,,2025-12-05T13:23:08Z,2013,2013-01-01,2013-12-31
3893041,GHED_CHE_pc_US_SHA2011,COUNTRY,NRU,WPR,Western Pacific,YEAR,2012,,,,,,,,,873.82,873.81658936,,,,2025-12-05T13:23:08Z,2012,2012-01-01,2012-12-31
3894259,GHED_CHE_pc_US_SHA2011,COUNTRY,LKA,SEAR,South-East Asia,YEAR,2009,,,,,,,,,97.26,97.26274872,,,,2025-12-05T13:23:08Z,2009,2009-01-01,2009-12-31
3895489,GHED_CHE_pc_US_SHA2011,COUNTRY,KEN,AFR,Africa,YEAR,2008,,,,,,,,,54.36,54.35681915,,,,2025-12-05T13:23:08Z,2008,2008-01-01,2008-12-31
3900278,GHED_CHE_pc_US_SHA2011,GLOBAL,GLOBAL,,,YEAR,2005,,,,,,,,,731.35,731.34822115,,,,2025-12-05T13:23:08Z,2005,2005-01-01,2005-12-31
3900294,GHED_CHE_pc_US_SHA2011,COUNTRY,CYP,EUR,Europe,YEAR,2003,,,,,,,,,1145.06,1145.05847168,,,,2025-12-05T13:23:08Z,2003,2003-01-01,2003-12-31
3900443,GHED_CHE_pc_US_SHA2011,COUNTRY,TGO,AFR,Africa,YEAR,2018,,,,,,,,,52.44,52.43610382,,,,2025-12-05T13:23:08Z,2018,2018-01-01,2018-12-31
3903091,GHED_CHE_pc_US_SHA2011,COUNTRY,COK,WPR,Western Pacific,YEAR,2014,,,,,,,,,651.12,651.11846924,,,,2025-12-05T13:23:08Z,2014,2014-01-01,2014-12-31
3904325,GHED_CHE_pc_US_SHA2011,COUNTRY,CHN,WPR,Western Pacific,YEAR,2019,,,,,,,,,538.99,538.99157715,,,,2025-12-05T13:23:08Z,2019,2019-01-01,2019-12-31
3906702,GHED_CHE_pc_US_SHA2011,COUNTRY,ISR,EUR,Europe,YEAR,2022,,,,,,,,,4107.73,4107.72998047,,,,2025-12-05T13:23:08Z,2022,2022-01-01,2022-12-31
3909760,GHED_CHE_pc_US_SHA2011,COUNTRY,MLI,AFR,Africa,YEAR,2014,,,,,,,,,35.73,35.7261734,,,,2025-12-05T13:23:08Z,2014,2014-01-01,2014-12-31
3913763,GHED_CHE_pc_US_SHA2011,COUNTRY,NAM,AFR,Africa,YEAR,2000,,,,,,,,,217.55,217.55029297,,,,2025-12-05T13:23:08Z,2000,2000-01-01,2000-12-31
3918708,GHED_CHE_pc_US_SHA2011,COUNTRY,SMR,EUR,Europe,YEAR,2004,,,,,,,,,2958.88,2958.87963867,,,,2025-12-05T13:23:08Z,2004,2004-01-01,2004-12-31
3920821,GHED_CHE_pc_US_SHA2011,COUNTRY,MHL,WPR,Western Pacific,YEAR,2002,,,,,,,,,309.73,309.72741699,,,,2025-12-05T13:23:08Z,2002,2002-01-01,2002-12-31
3922294,GHED_CHE_pc_US_SHA2011,COUNTRY,MOZ,AFR,Africa,YEAR,2020,,,,,,,,,34.92,34.92252731,,,,2025-12-05T13:23:08Z,2020,2020-01-01,2020-12-31
3923940,GHED_CHE_pc_US_SHA2011,COUNTRY,UZB,EUR,Europe,YEAR,2001,,,,,,,,,30.46,30.46290398,,,,2025-12-05T13:23:08Z,2001,2001-01-01,2001-12-31
3925529,GHED_CHE_pc_US_SHA2011,COUNTRY,MUS,AFR,Africa,YEAR,2006,,,,,,,,,203.24,203.24180603,,,,2025-12-05T13:23:08Z,2006,2006-01-01,2006-12-31
3925743,GHED_CHE_pc_US_SHA2011,COUNTRY,DMA,AMR,Americas,YEAR,2001,,,,,,,,,231.52,231.52333069,,,,2025-12-05T13:23:08Z,2001,2001-01-01,2001-12-31
3925936,GHED_CHE_pc_US_SHA2011,COUNTRY,CZE,EUR,Europe,YEAR,2019,,,,,,,,,1805.44,1805.44030762,,,,2025-12-05T13:23:08Z,2019,2019-01-01,2019-12-31
3928614,GHED_CHE_pc_US_SHA2011,COUNTRY,SYR,EMR,Eastern Mediterranean,YEAR,2018,,,,,,,,,46.24,46.24067307,,,,2025-12-05T13:23:08Z,2018,2018-01-01,2018-12-31
3928774,GHED_CHE_pc_US_SHA2011,COUNTRY,MOZ,AFR,Africa,YEAR,2009,,,,,,,,,27.69,27.68954468,,,,2025-12-05T13:23:08Z,2009,2009-01-01,2009-12-31
3929765,GHED_CHE_pc_US_SHA2011,COUNTRY,PNG,WPR,Western Pacific,YEAR,2005,,,,,,,,,27.50,27.49723434,,,,2025-12-05T13:23:08Z,2005,2005-01-01,2005-12-31
3931077,GHED_CHE_pc_US_SHA2011,COUNTRY,CZE,EUR,Europe,YEAR,2001,,,,,,,,,388.54,388.54403687,,,,2025-12-05T13:23:08Z,2001,2001-01-01,2001-12-31
3933168,GHED_CHE_pc_US_SHA2011,COUNTRY,TTO,AMR,Americas,YEAR,2009,,,,,,,,,776.62,776.62243652,,,,2025-12-05T13:23:08Z,2009,2009-01-01,2009-12-31
3934289,GHED_CHE_pc_US_SHA2011,COUNTRY,ETH,AFR,Africa,YEAR,2020,,,,,,,,,28.28,28.28001595,,,,2025-12-05T13:23:08Z,2020,2020-01-01,2020-12-31
3935239,GHED_CHE_pc_US_SHA2011,GLOBAL,GLOBAL,,,YEAR,2007,,,,,,,,,884.46,884.45553216,,,,2025-12-05T13:23:08Z,2007,2007-01-01,2007-12-31
3935795,GHED_CHE_pc_US_SHA2011,COUNTRY,UZB,EUR,Europe,YEAR,2000,,,,,,,,,35.72,35.72119904,,,,2025-12-05T13:23:08Z,2000,2000-01-01,2000-12-31
3938500,GHED_CHE_pc_US_SHA2011,COUNTRY,COL,AMR,Americas,YEAR,2000,,,,,,,,,134.71,134.71453857,,,,2025-12-05T13:23:08Z,2000,2000-01-01,2000-12-31
3943010,GHED_CHE_pc_US_SHA2011,COUNTRY,TUN,EMR,Eastern Mediterranean,YEAR,2013,,,,,,,,,284.65,284.64538574,,,,2025-12-05T13:23:08Z,2013,2013-01-01,2013-12-31
3943294,GHED_CHE_pc_US_SHA2011,COUNTRY,BGR,EUR,Europe,YEAR,2011,,,,,,,,,555.86,555.86419678,,,,2025-12-05T13:23:08Z,2011,2011-01-01,2011-12-31
3944492,GHED_CHE_pc_US_SHA2011,WORLDBANKINCOMEGROUP,WB_LI,,,YEAR,2000,,,,,,,,,16.61,16.60962809,,,,2025-12-05T13:23:08Z,2000,2000-01-01,2000-12-31
3948199,GHED_CHE_pc_US_SHA2011,COUNTRY,AGO,AFR,Africa,YEAR,2005,,,,,,,,,54.66,54.66142273,,,,2025-12-05T13:23:08Z,2005,2005-01-01,2005-12-31
3948470,GHED_CHE_pc_US_SHA2011,COUNTRY,ZAF,AFR,Africa,YEAR,2017,,,,,,,,,527.52,527.52026367,,,,2025-12-05T13:23:08Z,2017,2017-01-01,2017-12-31
3953656,GHED_CHE_pc_US_SHA2011,COUNTRY,POL,EUR,Europe,YEAR,2014,,,,,,,,,911.30,911.29815674,,,,2025-12-05T13:23:08Z,2014,2014-01-01,2014-12-31
3956675,GHED_CHE_pc_US_SHA2011,COUNTRY,EGY,EMR,Eastern Mediterranean,YEAR,2019,,,,,,,,,142.70,142.69670105,,,,2025-12-05T13:23:08Z,2019,2019-01-01,2019-12-31
3956854,GHED_CHE_pc_US_SHA2011,COUNTRY,SMR,EUR,Europe,YEAR,2008,,,,,,,,,4378.25,4378.24853516,,,,2025-12-05T13:23:08Z,2008,2008-01-01,2008-12-31
3957916,GHED_CHE_pc_US_SHA2011,COUNTRY,LVA,EUR,Europe,YEAR,2014,,,,,,,,,856.77,856.76654053,,,,2025-12-05T13:23:08Z,2014,2014-01-01,2014-12-31
3958634,GHED_CHE_pc_US_SHA2011,COUNTRY,THA,SEAR,South-East Asia,YEAR,2022,,,,,,,,,369.98,369.97647095,,,,2025-12-05T13:23:08Z,2022,2022-01-01,2022-12-31
3958711,GHED_CHE_pc_US_SHA2011,COUNTRY,ESP,EUR,Europe,YEAR,2020,,,,,,,,,2942.42,2942.41943359,,,,2025-12-05T13:23:08Z,2020,2020-01-01,2020-12-31
3965297,GHED_CHE_pc_US_SHA2011,COUNTRY,MRT,AFR,Africa,YEAR,2021,,,,,,,,,73.63,73.6309433,,,,2025-12-05T13:23:08Z,2021,2021-01-01,2021-12-31
3967344,GHED_CHE_pc_US_SHA2011,COUNTRY,TJK,EUR,Europe,YEAR,2009,,,,,,,,,38.92,38.9187851,,,,2025-12-05T13:23:08Z,2009,2009-01-01,2009-12-31
3968592,GHED_CHE_pc_US_SHA2011,REGION,WPR,,,YEAR,2020,,,,,,,,,1147.28,1147.28185381,,,,2025-12-05T13:23:08Z,2020,2020-01-01,2020-12-31
3969270,GHED_CHE_pc_US_SHA2011,COUNTRY,USA,AMR,Americas,YEAR,2004,,,,,,,,,6071.84,6071.84423828,,,,2025-12-05T13:23:08Z,2004,2004-01-01,2004-12-31
3969379,GHED_CHE_pc_US_SHA2011,COUNTRY,BEL,EUR,Europe,YEAR,2018,,,,,,,,,5233.68,5233.68261719,,,,2025-12-05T13:23:08Z,2018,2018-01-01,2018-12-31
3969771,GHED_CHE_pc_US_SHA2011,COUNTRY,ISR,EUR,Europe,YEAR,2019,,,,,,,,,3335.25,3335.24511719,,,,2025-12-05T13:23:08Z,2019,2019-01-01,2019-12-31
3972501,GHED_CHE_pc_US_SHA2011,COUNTRY,GHA,AFR,Africa,YEAR,2005,,,,,,,,,38.52,38.51657486,,,,2025-12-05T13:23:08Z,2005,2005-01-01,2005-12-31
3974284,GHED_CHE_pc_US_SHA2011,COUNTRY,IDN,WPR,Western Pacific,YEAR,2001,,,,,,,,,16.87,16.8734417,,,,2025-12-05T13:23:08Z,2001,2001-01-01,2001-12-31
3986062,GHED_CHE_pc_US_SHA2011,COUNTRY,URY,AMR,Americas,YEAR,2009,,,,,,,,,826.06,826.05682373,,,,2025-12-05T13:23:08Z,2009,2009-01-01,2009-12-31
3987820,GHED_CHE_pc_US_SHA2011,COUNTRY,DNK,EUR,Europe,YEAR,2020,,,,,,,,,6520.66,6520.65771484,,,,2025-12-05T13:23:08Z,2020,2020-01-01,2020-12-31
3988407,GHED_CHE_pc_US_SHA2011,COUNTRY,NAM,AFR,Africa,YEAR,2003,,,,,,,,,278.70,278.70162964,,,,2025-12-05T13:23:08Z,2003,2003-01-01,2003-12-31
3990401,GHED_CHE_pc_US_SHA2011,COUNTRY,BDI,AFR,Africa,YEAR,2015,,,,,,,,,17.68,17.67629051,,,,2025-12-05T13:23:08Z,2015,2015-01-01,2015-12-31
3990619,GHED_CHE_pc_US_SHA2011,COUNTRY,ALB,EUR,Europe,YEAR,2002,,,,,,,,,78.73,78.72909546,,,,2025-12-05T13:23:08Z,2002,2002-01-01,2002-12-31
3993667,GHED_CHE_pc_US_SHA2011,COUNTRY,SGP,WPR,Western Pacific,YEAR,2012,,,,,,,,,1853.02,1853.02429199,,,,2025-12-05T13:23:08Z,2012,2012-01-01,2012-12-31
3994566,GHED_CHE_pc_US_SHA2011,COUNTRY,BRN,WPR,Western Pacific,YEAR,2017,,,,,,,,,636.23,636.22973633,,,,2025-12-05T13:23:08Z,2017,2017-01-01,2017-12-31
3997280,GHED_CHE_pc_US_SHA2011,COUNTRY,BWA,AFR,Africa,YEAR,2021,,,,,,,,,492.14,492.14276123,,,,2025-12-05T13:23:08Z,2021,2021-01-01,2021-12-31
3997729,GHED_CHE_pc_US_SHA2011,COUNTRY,IRQ,EMR,Eastern Mediterranean,YEAR,2023,,,,,,,,,333.29,333.29360962,,,,2025-12-05T13:23:08Z,2023,2023-01-01,2023-12-31
4001408,GHED_CHE_pc_US_SHA2011,COUNTRY,TKM,EUR,Europe,YEAR,2015,,,,,,,,,362.73,362.72949219,,,,2025-12-05T13:23:08Z,2015,2015-01-01,2015-12-31
4001569,GHED_CHE_pc_US_SHA2011,COUNTRY,PSE,EMR,Eastern Mediterranean,YEAR,2020,,,,,,,,,314.82,314.82254028,,,,2025-12-05T13:23:08Z,2020,2020-01-01,2020-12-31
4003080,GHED_CHE_pc_US_SHA2011,COUNTRY,CIV,AFR,Africa,YEAR,2009,,,,,,,,,71.06,71.06480408,,,,2025-12-05T13:23:08Z,2009,2009-01-01,2009-12-31
4007357,GHED_CHE_pc_US_SHA2011,COUNTRY,CHN,WPR,Western Pacific,YEAR,2009,,,,,,,,,164.88,164.87619019,,,,2025-12-05T13:23:08Z,2009,2009-01-01,2009-12-31
4007661,GHED_CHE_pc_US_SHA2011,COUNTRY,BIH,EUR,Europe,YEAR,2009,,,,,,,,,409.29,409.29098511,,,,2025-12-05T13:23:08Z,2009,2009-01-01,2009-12-31
4008040,GHED_CHE_pc_US_SHA2011,COUNTRY,EST,EUR,Europe,YEAR,2006,,,,,,,,,627.18,627.18377686,,,,2025-12-05T13:23:08Z,2006,2006-01-01,2006-12-31
4012831,GHED_CHE_pc_US_SHA2011,COUNTRY,GHA,AFR,Africa,YEAR,2001,,,,,,,,,12.15,12.15051079,,,,2025-12-05T13:23:08Z,2001,2001-01-01,2001-12-31
4013429,GHED_CHE_pc_US_SHA2011,COUNTRY,PNG,WPR,Western Pacific,YEAR,2000,,,,,,,,,18.84,18.84121323,,,,2025-12-05T13:23:08Z,2000,2000-01-01,2000-12-31
4015169,GHED_CHE_pc_US_SHA2011,COUNTRY,EST,EUR,Europe,YEAR,2020,,,,,,,,,1789.03,1789.03417969,,,,2025-12-05T13:23:08Z,2020,2020-01-01,2020-12-31
4016454,GHED_CHE_pc_US_SHA2011,COUNTRY,DMA,AMR,Americas,YEAR,2010,,,,,,,,,369.76,369.75668335,,,,2025-12-05T13:23:08Z,2010,2010-01-01,2010-12-31
4016569,GHED_CHE_pc_US_SHA2011,COUNTRY,COM,AFR,Africa,YEAR,2007,,,,,,,,,69.87,69.87202454,,,,2025-12-05T13:23:08Z,2007,2007-01-01,2007-12-31
4017632,GHED_CHE_pc_US_SHA2011,COUNTRY,CPV,AFR,Africa,YEAR,2017,,,,,,,,,174.44,174.43547058,,,,2025-12-05T13:23:08Z,2017,2017-01-01,2017-12-31
4021502,GHED_CHE_pc_US_SHA2011,COUNTRY,HTI,AMR,Americas,YEAR,2009,,,,,,,,,41.40,41.39894867,,,,2025-12-05T13:23:08Z,2009,2009-01-01,2009-12-31
4021560,GHED_CHE_pc_US_SHA2011,COUNTRY,PER,AMR,Americas,YEAR,2007,,,,,,,,,158.55,158.55148315,,,,2025-12-05T13:23:08Z,2007,2007-01-01,2007-12-31
4023342,GHED_CHE_pc_US_SHA2011,COUNTRY,TTO,AMR,Americas,YEAR,2016,,,,,,,,,1064.42,1064.41772461,,,,2025-12-05T13:23:08Z,2016,2016-01-01,2016-12-31
4025497,GHED_CHE_pc_US_SHA2011,COUNTRY,ISR,EUR,Europe,YEAR,2021,,,,,,,,,4294.19,4294.18847656,,,,2025-12-05T13:23:08Z,2021,2021-01-01,2021-12-31
4025732,GHED_CHE_pc_US_SHA2011,COUNTRY,UGA,AFR,Africa,YEAR,2016,,,,,,,,,39.08,39.08125305,,,,2025-12-05T13:23:08Z,2016,2016-01-01,2016-12-31
4034687,GHED_CHE_pc_US_SHA2011,COUNTRY,CHL,AMR,Americas,YEAR,2017,,,,,,,,,1353.69,1353.69274902,,,,2025-12-05T13:23:08Z,2017,2017-01-01,2017-12-31
4034999,GHED_CHE_pc_US_SHA2011,COUNTRY,ECU,AMR,Americas,YEAR,2006,,,,,,,,,192.55,192.55101013,,,,2025-12-05T13:23:08Z,2006,2006-01-01,2006-12-31
4035153,GHED_CHE_pc_US_SHA2011,COUNTRY,NZL,WPR,Western Pacific,YEAR,2020,,,,,,,,,3887.71,3887.71264648,,,,2025-12-05T13:23:08Z,2020,2020-01-01,2020-12-31
4035867,GHED_CHE_pc_US_SHA2011,COUNTRY,BLR,EUR,Europe,YEAR,2017,,,,,,,,,331.94,331.94082642,,,,2025-12-05T13:23:08Z,2017,2017-01-01,2017-12-31
4036083,GHED_CHE_pc_US_SHA2011,COUNTRY,MLI,AFR,Africa,YEAR,2012,,,,,,,,,27.53,27.53120613,,,,2025-12-05T13:23:08Z,2012,2012-01-01,2012-12-31
4036165,GHED_CHE_pc_US_SHA2011,COUNTRY,KIR,WPR,Western Pacific,YEAR,2018,,,,,,,,,208.74,208.73831177,,,,2025-12-05T13:23:08Z,2018,2018-01-01,2018-12-31
4039900,GHED_CHE_pc_US_SHA2011,COUNTRY,COG,AFR,Africa,YEAR,2002,,,,,,,,,16.99,16.99031258,,,,2025-12-05T13:23:08Z,2002,2002-01-01,2002-12-31
4042449,GHED_CHE_pc_US_SHA2011,COUNTRY,POL,EUR,Europe,YEAR,2011,,,,,,,,,866.09,866.09466553,,,,2025-12-05T13:23:08Z,2011,2011-01-01,2011-12-31
4043586,GHED_CHE_pc_US_SHA2011,COUNTRY,ARM,EUR,Europe,YEAR,2008,,,,,,,,,261.60,261.59963989,,,,2025-12-05T13:23:08Z,2008,2008-01-01,2008-12-31
4043976,GHED_CHE_pc_US_SHA2011,COUNTRY,PLW,WPR,Western Pacific,YEAR,2016,,,,,,,,,1704.62,1704.62316895,,,,2025-12-05T13:23:08Z,2016,2016-01-01,2016-12-31
4044375,GHED_CHE_pc_US_SHA2011,COUNTRY,BIH,EUR,Europe,YEAR,2016,,,,,,,,,450.44,450.44155884,,,,2025-12-05T13:23:08Z,2016,2016-01-01,2016-12-31
4048872,GHED_CHE_pc_US_SHA2011,COUNTRY,MDG,AFR,Africa,YEAR,2012,,,,,,,,,19.30,19.30151749,,,,2025-12-05T13:23:08Z,2012,2012-01-01,2012-12-31
4049214,GHED_CHE_pc_US_SHA2011,COUNTRY,ZWE,AFR,Africa,YEAR,2014,,,,,,,,,111.61,111.61201477,,,,2025-12-05T13:23:08Z,2014,2014-01-01,2014-12-31
4050615,GHED_CHE_pc_US_SHA2011,COUNTRY,ARE,EMR,Eastern Mediterranean,YEAR,2016,,,,,,,,,1592.92,1592.91906738,,,,2025-12-05T13:23:08Z,2016,2016-01-01,2016-12-31
4052585,GHED_CHE_pc_US_SHA2011,COUNTRY,KIR,WPR,Western Pacific,YEAR,2011,,,,,,,,,141.51,141.5138092,,,,2025-12-05T13:23:08Z,2011,2011-01-01,2011-12-31
4055534,GHED_CHE_pc_US_SHA2011,COUNTRY,CAN,AMR,Americas,YEAR,2017,,,,,,,,,4894.77,4894.7734375,,,,2025-12-05T13:23:08Z,2017,2017-01-01,2017-12-31
4055921,GHED_CHE_pc_US_SHA2011,COUNTRY,GMB,AFR,Africa,YEAR,2000,,,,,,,,,74.84,74.83678436,,,,2025-12-05T13:23:08Z,2000,2000-01-01,2000-12-31
4062487,GHED_CHE_pc_US_SHA2011,COUNTRY,COG,AFR,Africa,YEAR,2001,,,,,,,,,20.30,20.303905489999998,,,,2025-12-05T13:23:08Z,2001,2001-01-01,2001-12-31
4062990,GHED_CHE_pc_US_SHA2011,COUNTRY,GNB,AFR,Africa,YEAR,2010,,,,,,,,,29.24,29.23748016,,,,2025-12-05T13:23:08Z,2010,2010-01-01,2010-12-31
4064119,GHED_CHE_pc_US_SHA2011,COUNTRY,CUB,AMR,Americas,YEAR,2014,,,,,,,,,867.70,867.69702148,,,,2025-12-05T13:23:08Z,2014,2014-01-01,2014-12-31
4064868,GHED_CHE_pc_US_SHA2011,COUNTRY,SWZ,AFR,Africa,YEAR,2005,,,,,,,,,217.26,217.26066589,,,,2025-12-05T13:23:08Z,2005,2005-01-01,2005-12-31
4065414,GHED_CHE_pc_US_SHA2011,COUNTRY,RWA,AFR,Africa,YEAR,2003,,,,,,,,,17.26,17.25927353,,,,2025-12-05T13:23:08Z,2003,2003-01-01,2003-12-31
4067320,GHED_CHE_pc_US_SHA2011,COUNTRY,SMR,EUR,Europe,YEAR,2005,,,,,,,,,3055.63,3055.63232422,,,,2025-12-05T13:23:08Z,2005,2005-01-01,2005-12-31
4068827,GHED_CHE_pc_US_SHA2011,COUNTRY,EST,EUR,Europe,YEAR,2022,,,,,,,,,1998.75,1998.74523926,,,,2025-12-05T13:23:08Z,2022,2022-01-01,2022-12-31
4069758,GHED_CHE_pc_US_SHA2011,COUNTRY,BHR,EMR,Eastern Mediterranean,YEAR,2000,,,,,,,,,451.50,451.50253296,,,,2025-12-05T13:23:08Z,2000,2000-01-01,2000-12-31
4071895,GHED_CHE_pc_US_SHA2011,COUNTRY,KAZ,EUR,Europe,YEAR,2015,,,,,,,,,310.01,310.01428223,,,,2025-12-05T13:23:08Z,2015,2015-01-01,2015-12-31
4074368,GHED_CHE_pc_US_SHA2011,COUNTRY,ROU,EUR,Europe,YEAR,2006,,,,,,,,,291.00,291.00408936,,,,2025-12-05T13:23:08Z,2006,2006-01-01,2006-12-31
4075700,GHED_CHE_pc_US_SHA2011,COUNTRY,NZL,WPR,Western Pacific,YEAR,2009,,,,,,,,,2582.28,2582.28100586,,,,2025-12-05T13:23:08Z,2009,2009-01-01,2009-12-31
4076289,GHED_CHE_pc_US_SHA2011,COUNTRY,COM,AFR,Africa,YEAR,2023,,,,,,,,,102.23,102.23101807,,,,2025-12-05T13:23:08Z,2023,2023-01-01,2023-12-31
4078138,GHED_CHE_pc_US_SHA2011,COUNTRY,FSM,WPR,Western Pacific,YEAR,2007,,,,,,,,,258.65,258.64785767,,,,2025-12-05T13:23:08Z,2007,2007-01-01,2007-12-31
4078399,GHED_CHE_pc_US_SHA2011,COUNTRY,BGR,EUR,Europe,YEAR,2015,,,,,,,,,534.21,534.21466064,,,,2025-12-05T13:23:08Z,2015,2015-01-01,2015-12-31
4080682,GHED_CHE_pc_US_SHA2011,COUNTRY,CUB,AMR,Americas,YEAR,2018,,,,,,,,,981.90,981.90283203,,,,2025-12-05T13:23:08Z,2018,2018-01-01,2018-12-31
4085633,GHED_CHE_pc_US_SHA2011,COUNTRY,IDN,WPR,Western Pacific,YEAR,2019,,,,,,,,,118.22,118.22380829,,,,2025-12-05T13:23:08Z,2019,2019-01-01,2019-12-31
4090895,GHED_CHE_pc_US_SHA2011,COUNTRY,ZMB,AFR,Africa,YEAR,2021,,,,,,,,,74.84,74.83802795,,,,2025-12-05T13:23:08Z,2021,2021-01-01,2021-12-31
4092485,GHED_CHE_pc_US_SHA2011,COUNTRY,CUB,AMR,Americas,YEAR,2009,,,,,,,,,675.53,675.53399658,,,,2025-12-05T13:23:08Z,2009,2009-01-01,2009-12-31
4101394,GHED_CHE_pc_US_SHA2011,COUNTRY,MAR,EMR,Eastern Mediterranean,YEAR,2001,,,,,,,,,56.55,56.55395889,,,,2025-12-05T13:23:08Z,2001,2001-01-01,2001-12-31
4104635,GHED_CHE_pc_US_SHA2011,COUNTRY,NIC,AMR,Americas,YEAR,2021,,,,,,,,,204.21,204.21273804,,,,2025-12-05T13:23:08Z,2021,2021-01-01,2021-12-31
4105565,GHED_CHE_pc_US_SHA2011,COUNTRY,BFA,AFR,Africa,YEAR,2009,,,,,,,,,31.26,31.26260567,,,,2025-12-05T13:23:08Z,2009,2009-01-01,2009-12-31
4106076,GHED_CHE_pc_US_SHA2011,COUNTRY,MDA,EUR,Europe,YEAR,2016,,,,,,,,,171.18,171.18476868,,,,2025-12-05T13:23:08Z,2016,2016-01-01,2016-12-31
4107829,GHED_CHE_pc_US_SHA2011,COUNTRY,UGA,AFR,Africa,YEAR,2017,,,,,,,,,31.44,31.43818092,,,,2025-12-05T13:23:08Z,2017,2017-01-01,2017-12-31
4108028,GHED_CHE_pc_US_SHA2011,REGION,WPR,,,YEAR,2011,,,,,,,,,953.97,953.96769394,,,,2025-12-05T13:23:08Z,2011,2011-01-01,2011-12-31
4108052,GHED_CHE_pc_US_SHA2011,REGION,AMR,,,YEAR,2022,,,,,,,,,1254.99,1254.99288121,,,,2025-12-05T13:23:08Z,2022,2022-01-01,2022-12-31
4113626,GHED_CHE_pc_US_SHA2011,COUNTRY,BRA,AMR,Americas,YEAR,2019,,,,,,,,,868.17,868.17248535,,,,2025-12-05T13:23:08Z,2019,2019-01-01,2019-12-31
4116519,GHED_CHE_pc_US_SHA2011,COUNTRY,COK,WPR,Western Pacific,YEAR,2012,,,,,,,,,528.12,528.12353516,,,,2025-12-05T13:23:08Z,2012,2012-01-01,2012-12-31
4119171,GHED_CHE_pc_US_SHA2011,COUNTRY,NER,AFR,Africa,YEAR,2003,,,,,,,,,12.55,12.55038452,,,,2025-12-05T13:23:08Z,2003,2003-01-01,2003-12-31
4122586,GHED_CHE_pc_US_SHA2011,COUNTRY,KAZ,EUR,Europe,YEAR,2006,,,,,,,,,170.94,170.9365387,,,,2025-12-05T13:23:08Z,2006,2006-01-01,2006-12-31
4122739,GHED_CHE_pc_US_SHA2011,COUNTRY,CMR,AFR,Africa,YEAR,2006,,,,,,,,,44.52,44.52022934,,,,2025-12-05T13:23:08Z,2006,2006-01-01,2006-12-31
4126874,GHED_CHE_pc_US_SHA2011,COUNTRY,CHE,EUR,Europe,YEAR,2019,,,,,,,,,9609.80,9609.80273438,,,,2025-12-05T13:23:08Z,2019,2019-01-01,2019-12-31
4128917,GHED_CHE_pc_US_SHA2011,COUNTRY,CZE,EUR,Europe,YEAR,2013,,,,,,,,,1508.80,1508.79907227,,,,2025-12-05T13:23:08Z,2013,2013-01-01,2013-12-31
4129285,GHED_CHE_pc_US_SHA2011,COUNTRY,GRD,AMR,Americas,YEAR,2013,,,,,,,,,417.75,417.74581909,,,,2025-12-05T13:23:08Z,2013,2013-01-01,2013-12-31
4131012,GHED_CHE_pc_US_SHA2011,COUNTRY,LBY,EMR,Eastern Mediterranean,YEAR,2011,,,,,,,,,305.20,305.20037842,,,,2025-12-05T13:23:08Z,2011,2011-01-01,2011-12-31
4133881,GHED_CHE_pc_US_SHA2011,WORLDBANKINCOMEGROUP,WB_UMI,,,YEAR,2019,,,,,,,,,467.82,467.820961,,,,2025-12-05T13:23:08Z,2019,2019-01-01,2019-12-31
4134655,GHED_CHE_pc_US_SHA2011,COUNTRY,BGD,SEAR,South-East Asia,YEAR,2023,,,,,,,,,53.46,53.46432495,,,,2025-12-05T13:23:08Z,2023,2023-01-01,2023-12-31
4134815,GHED_CHE_pc_US_SHA2011,COUNTRY,IRN,EMR,Eastern Mediterranean,YEAR,2017,,,,,,,,,457.23,457.22549438,,,,2025-12-05T13:23:08Z,2017,2017-01-01,2017-12-31
4138455,GHED_CHE_pc_US_SHA2011,REGION,AMR,,,YEAR,2017,,,,,,,,,1064.85,1064.85138871,,,,2025-12-05T13:23:08Z,2017,2017-01-01,2017-12-31
4141401,GHED_CHE_pc_US_SHA2011,COUNTRY,MYS,WPR,Western Pacific,YEAR,2006,,,,,,,,,200.55,200.54800415,,,,2025-12-05T13:23:08Z,2006,2006-01-01,2006-12-31
4141722,GHED_CHE_pc_US_SHA2011,COUNTRY,DOM,AMR,Americas,YEAR,2008,,,,,,,,,229.30,229.29747009,,,,2025-12-05T13:23:08Z,2008,2008-01-01,2008-12-31
4144167,GHED_CHE_pc_US_SHA2011,COUNTRY,TCD,AFR,Africa,YEAR,2007,,,,,,,,,34.04,34.0423584,,,,2025-12-05T13:23:08Z,2007,2007-01-01,2007-12-31
4145795,GHED_CHE_pc_US_SHA2011,COUNTRY,AUS,WPR,Western Pacific,YEAR,2000,,,,,,,,,1626.73,1626.73388672,,,,2025-12-05T13:23:08Z,2000,2000-01-01,2000-12-31
4147486,GHED_CHE_pc_US_SHA2011,COUNTRY,ROU,EUR,Europe,YEAR,2011,,,,,,,,,426.60,426.59973145,,,,2025-12-05T13:23:08Z,2011,2011-01-01,2011-12-31
4148950,GHED_CHE_pc_US_SHA2011,COUNTRY,HND,AMR,Americas,YEAR,2013,,,,,,,,,176.42,176.421875,,,,2025-12-05T13:23:08Z,2013,2013-01-01,2013-12-31
4150521,GHED_CHE_pc_US_SHA2011,COUNTRY,BHR,EMR,Eastern Mediterranean,YEAR,2022,,,,,,,,,1178.81,1178.80664063,,,,2025-12-05T13:23:08Z,2022,2022-01-01,2022-12-31
4151071,GHED_CHE_pc_US_SHA2011,COUNTRY,CPV,AFR,Africa,YEAR,2010,,,,,,,,,146.07,146.07247925,,,,2025-12-05T13:23:08Z,2010,2010-01-01,2010-12-31
4151974,GHED_CHE_pc_US_SHA2011,COUNTRY,SLV,AMR,Americas,YEAR,2002,,,,,,,,,166.81,166.81164551,,,,2025-12-05T13:23:08Z,2002,2002-01-01,2002-12-31
4152727,GHED_CHE_pc_US_SHA2011,COUNTRY,MDA,EUR,Europe,YEAR,2005,,,,,,,,,79.33,79.33213043,,,,2025-12-05T13:23:08Z,2005,2005-01-01,2005-12-31
4153510,GHED_CHE_pc_US_SHA2011,COUNTRY,DNK,EUR,Europe,YEAR,2023,,,,,,,,,6510.63,6510.625,,,,2025-12-05T13:23:08Z,2023,2023-01-01,2023-12-31
4153689,GHED_CHE_pc_US_SHA2011,COUNTRY,BIH,EUR,Europe,YEAR,2001,,,,,,,,,105.11,105.10999298,,,,2025-12-05T13:23:08Z,2001,2001-01-01,2001-12-31
4154392,GHED_CHE_pc_US_SHA2011,REGION,EUR,,,YEAR,2021,,,,,,,,,3231.60,3231.59901796,,,,2025-12-05T13:23:08Z,2021,2021-01-01,2021-12-31
4154630,GHED_CHE_pc_US_SHA2011,COUNTRY,COG,AFR,Africa,YEAR,2012,,,,,,,,,71.28,71.2766571,,,,2025-12-05T13:23:08Z,2012,2012-01-01,2012-12-31
4155388,GHED_CHE_pc_US_SHA2011,COUNTRY,NOR,EUR,Europe,YEAR,2012,,,,,,,,,8970.12,8970.11914063,,,,2025-12-05T13:23:08Z,2012,2012-01-01,2012-12-31
4156552,GHED_CHE_pc_US_SHA2011,COUNTRY,UZB,EUR,Europe,YEAR,2010,,,,,,,,,92.87,92.87456512,,,,2025-12-05T13:23:08Z,2010,2010-01-01,2010-12-31
4157308,GHED_CHE_pc_US_SHA2011,COUNTRY,EST,EUR,Europe,YEAR,2010,,,,,,,,,966.19,966.19024658,,,,2025-12-05T13:23:08Z,2010,2010-01-01,2010-12-31
4157377,GHED_CHE_pc_US_SHA2011,COUNTRY,MLI,AFR,Africa,YEAR,2005,,,,,,,,,23.97,23.97353554,,,,2025-12-05T13:23:08Z,2005,2005-01-01,2005-12-31
4159290,GHED_CHE_pc_US_SHA2011,COUNTRY,MDA,EUR,Europe,YEAR,2000,,,,,,,,,21.38,21.37988663,,,,2025-12-05T13:23:08Z,2000,2000-01-01,2000-12-31
4164054,GHED_CHE_pc_US_SHA2011,COUNTRY,IDN,WPR,Western Pacific,YEAR,2008,,,,,,,,,59.24,59.24273682,,,,2025-12-05T13:23:08Z,2008,2008-01-01,2008-12-31
4165997,GHED_CHE_pc_US_SHA2011,COUNTRY,JPN,WPR,Western Pacific,YEAR,2015,,,,,,,,,3754.18,3754.18115234,,,,2025-12-05T13:23:08Z,2015,2015-01-01,2015-12-31
4170673,GHED_CHE_pc_US_SHA2011,COUNTRY,LVA,EUR,Europe,YEAR,2023,,,,,,,,,1645.42,1645.4152832,,,,2025-12-05T13:23:08Z,2023,2023-01-01,2023-12-31
4172492,GHED_CHE_pc_US_SHA2011,COUNTRY,TKM,EUR,Europe,YEAR,2017,,,,,,,,,410.81,410.81082153,,,,2025-12-05T13:23:08Z,2017,2017-01-01,2017-12-31
4175537,GHED_CHE_pc_US_SHA2011,COUNTRY,TCD,AFR,Africa,YEAR,2014,,,,,,,,,42.16,42.16276169,,,,2025-12-05T13:23:08Z,2014,2014-01-01,2014-12-31
4180103,GHED_CHE_pc_US_SHA2011,WORLDBANKINCOMEGROUP,WB_LMI,,,YEAR,2003,,,,,,,,,55.57,55.56803313,,,,2025-12-05T13:23:08Z,2003,2003-01-01,2003-12-31
4182611,GHED_CHE_pc_US_SHA2011,COUNTRY,MUS,AFR,Africa,YEAR,2011,,,,,,,,,385.76,385.76248169,,,,2025-12-05T13:23:08Z,2011,2011-01-01,2011-12-31
4183042,GHED_CHE_pc_US_SHA2011,COUNTRY,NIU,WPR,Western Pacific,YEAR,2005,,,,,,,,,873.14,873.14215088,,,,2025-12-05T13:23:08Z,2005,2005-01-01,2005-12-31
4183701,GHED_CHE_pc_US_SHA2011,COUNTRY,SLV,AMR,Americas,YEAR,2017,,,,,,,,,338.61,338.60742188,,,,2025-12-05T13:23:08Z,2017,2017-01-01,2017-12-31
4183713,GHED_CHE_pc_US_SHA2011,COUNTRY,TUN,EMR,Eastern Mediterranean,YEAR,2020,,,,,,,,,250.40,250.40145874,,,,2025-12-05T13:23:08Z,2020,2020-01-01,2020-12-31
4184383,GHED_CHE_pc_US_SHA2011,COUNTRY,KIR,WPR,Western Pacific,YEAR,2020,,,,,,,,,239.24,239.24353027,,,,2025-12-05T13:23:08Z,2020,2020-01-01,2020-12-31
4184936,GHED_CHE_pc_US_SHA2011,COUNTRY,QAT,EMR,Eastern Mediterranean,YEAR,2013,,,,,,,,,2029.87,2029.8659668,,,,2025-12-05T13:23:08Z,2013,2013-01-01,2013-12-31
4186577,GHED_CHE_pc_US_SHA2011,COUNTRY,IDN,WPR,Western Pacific,YEAR,2002,,,,,,,,,18.98,18.97848511,,,,2025-12-05T13:23:08Z,2002,2002-01-01,2002-12-31
4187308,GHED_CHE_pc_US_SHA2011,COUNTRY,ISL,EUR,Europe,YEAR,2017,,,,,,,,,5992.05,5992.05322266,,,,2025-12-05T13:23:08Z,2017,2017-01-01,2017-12-31
4192399,GHED_CHE_pc_US_SHA2011,COUNTRY,FSM,WPR,Western Pacific,YEAR,2016,,,,,,,,,399.77,399.77108765,,,,2025-12-05T13:23:08Z,2016,2016-01-01,2016-12-31
4196397,GHED_CHE_pc_US_SHA2011,COUNTRY,EGY,EMR,Eastern Mediterranean,YEAR,2004,,,,,,,,,50.33,50.33084488,,,,2025-12-05T13:23:08Z,2004,2004-01-01,2004-12-31
4198242,GHED_CHE_pc_US_SHA2011,COUNTRY,LUX,EUR,Europe,YEAR,2011,,,,,,,,,7174.74,7174.73925781,,,,2025-12-05T13:23:08Z,2011,2011-01-01,2011-12-31
4199874,GHED_CHE_pc_US_SHA2011,COUNTRY,BHS,AMR,Americas,YEAR,2009,,,,,,,,,1416.92,1416.92468262,,,,2025-12-05T13:23:08Z,2009,2009-01-01,2009-12-31
4202861,GHED_CHE_pc_US_SHA2011,COUNTRY,LTU,EUR,Europe,YEAR,2020,,,,,,,,,1511.80,1511.79626465,,,,2025-12-05T13:23:08Z,2020,2020-01-01,2020-12-31
4203197,GHED_CHE_pc_US_SHA2011,COUNTRY,GNQ,AFR,Africa,YEAR,2005,,,,,,,,,122.76,122.75533295,,,,2025-12-05T13:23:08Z,2005,2005-01-01,2005-12-31
4208185,GHED_CHE_pc_US_SHA2011,COUNTRY,GRC,EUR,Europe,YEAR,2015,,,,,,,,,1481.42,1481.41967773,,,,2025-12-05T13:23:08Z,2015,2015-01-01,2015-12-31
4211911,GHED_CHE_pc_US_SHA2011,COUNTRY,CHE,EUR,Europe,YEAR,2021,,,,,,,,,11197.76,11197.76464844,,,,2025-12-05T13:23:08Z,2021,2021-01-01,2021-12-31
4213121,GHED_CHE_pc_US_SHA2011,COUNTRY,DMA,AMR,Americas,YEAR,2007,,,,,,,,,293.31,293.30905151,,,,2025-12-05T13:23:08Z,2007,2007-01-01,2007-12-31
4213318,GHED_CHE_pc_US_SHA2011,COUNTRY,MEX,AMR,Americas,YEAR,2015,,,,,,,,,553.91,553.91259766,,,,2025-12-05T13:23:08Z,2015,2015-01-01,2015-12-31
4214404,GHED_CHE_pc_US_SHA2011,COUNTRY,LBN,EMR,Eastern Mediterranean,YEAR,2017,,,,,,,,,671.78,671.77996826,,,,2025-12-05T13:23:08Z,2017,2017-01-01,2017-12-31
4218464,GHED_CHE_pc_US_SHA2011,COUNTRY,MMR,SEAR,South-East Asia,YEAR,2001,,,,,,,,,4.63,4.62700701,,,,2025-12-05T13:23:08Z,2001,2001-01-01,2001-12-31
4218525,GHED_CHE_pc_US_SHA2011,COUNTRY,SOM,EMR,Eastern Mediterranean,YEAR,2016,,,,,,,,,11.77,11.76618958,,,,2025-12-05T13:23:08Z,2016,2016-01-01,2016-12-31
4224520,GHED_CHE_pc_US_SHA2011,COUNTRY,SOM,EMR,Eastern Mediterranean,YEAR,2017,,,,,,,,,13.52,13.51753426,,,,2025-12-05T13:23:08Z,2017,2017-01-01,2017-12-31
4227211,GHED_CHE_pc_US_SHA2011,COUNTRY,CAN,AMR,Americas,YEAR,2008,,,,,,,,,4454.12,4454.11621094,,,,2025-12-05T13:23:08Z,2008,2008-01-01,2008-12-31
4228398,GHED_CHE_pc_US_SHA2011,COUNTRY,NOR,EUR,Europe,YEAR,2009,,,,,,,,,7301.96,7301.95996094,,,,2025-12-05T13:23:08Z,2009,2009-01-01,2009-12-31
4229751,GHED_CHE_pc_US_SHA2011,COUNTRY,ESP,EUR,Europe,YEAR,2018,,,,,,,,,2784.16,2784.16308594,,,,2025-12-05T13:23:08Z,2018,2018-01-01,2018-12-31
4232096,GHED_CHE_pc_US_SHA2011,COUNTRY,TGO,AFR,Africa,YEAR,2004,,,,,,,,,18.63,18.62999153,,,,2025-12-05T13:23:08Z,2004,2004-01-01,2004-12-31
4232746,GHED_CHE_pc_US_SHA2011,COUNTRY,MUS,AFR,Africa,YEAR,2017,,,,,,,,,594.86,594.86120605,,,,2025-12-05T13:23:08Z,2017,2017-01-01,2017-12-31
4234208,GHED_CHE_pc_US_SHA2011,COUNTRY,GNB,AFR,Africa,YEAR,2021,,,,,,,,,70.21,70.21189117,,,,2025-12-05T13:23:08Z,2021,2021-01-01,2021-12-31
4234524,GHED_CHE_pc_US_SHA2011,COUNTRY,SYC,AFR,Africa,YEAR,2000,,,,,,,,,340.24,340.23703003,,,,2025-12-05T13:23:08Z,2000,2000-01-01,2000-12-31
4236285,GHED_CHE_pc_US_SHA2011,COUNTRY,BIH,EUR,Europe,YEAR,2000,,,,,,,,,106.58,106.5786972,,,,2025-12-05T13:23:08Z,2000,2000-01-01,2000-12-31
4237618,GHED_CHE_pc_US_SHA2011,COUNTRY,IND,SEAR,South-East Asia,YEAR,2008,,,,,,,,,37.65,37.65440369,,,,2025-12-05T13:23:08Z,2008,2008-01-01,2008-12-31
4240078,GHED_CHE_pc_US_SHA2011,COUNTRY,PSE,EMR,Eastern Mediterranean,YEAR,2018,,,,,,,,,324.02,324.02166748,,,,2025-12-05T13:23:08Z,2018,2018-01-01,2018-12-31
4240424,GHED_CHE_pc_US_SHA2011,COUNTRY,ZAF,AFR,Africa,YEAR,2016,,,,,,,,,456.57,456.56936646,,,,2025-12-05T13:23:08Z,2016,2016-01-01,2016-12-31
4244276,GHED_CHE_pc_US_SHA2011,COUNTRY,GEO,EUR,Europe,YEAR,2013,,,,,,,,,368.16,368.16253662,,,,2025-12-05T13:23:08Z,2013,2013-01-01,2013-12-31
4245003,GHED_CHE_pc_US_SHA2011,COUNTRY,USA,AMR,Americas,YEAR,2016,,,,,,,,,9535.60,9535.60058594,,,,2025-12-05T13:23:08Z,2016,2016-01-01,2016-12-31
4245734,GHED_CHE_pc_US_SHA2011,COUNTRY,HRV,EUR,Europe,YEAR,2012,,,,,,,,,1034.02,1034.02124023,,,,2025-12-05T13:23:08Z,2012,2012-01-01,2012-12-31
4246827,GHED_CHE_pc_US_SHA2011,COUNTRY,ECU,AMR,Americas,YEAR,2015,,,,,,,,,464.22,464.22186279,,,,2025-12-05T13:23:08Z,2015,2015-01-01,2015-12-31
4250503,GHED_CHE_pc_US_SHA2011,COUNTRY,DNK,EUR,Europe,YEAR,2000,,,,,,,,,2491.54,2491.54174805,,,,2025-12-05T13:23:08Z,2000,2000-01-01,2000-12-31
4252225,GHED_CHE_pc_US_SHA2011,COUNTRY,TKM,EUR,Europe,YEAR,2003,,,,,,,,,199.93,199.93019104,,,,2025-12-05T13:23:08Z,2003,2003-01-01,2003-12-31
4254158,GHED_CHE_pc_US_SHA2011,COUNTRY,SEN,AFR,Africa,YEAR,2010,,,,,,,,,51.39,51.38805008,,,,2025-12-05T13:23:08Z,2010,2010-01-01,2010-12-31
4256355,GHED_CHE_pc_US_SHA2011,COUNTRY,SLB,WPR,Western Pacific,YEAR,2002,,,,,,,,,76.50,76.49930573,,,,2025-12-05T13:23:08Z,2002,2002-01-01,2002-12-31
4257489,GHED_CHE_pc_US_SHA2011,COUNTRY,KGZ,EUR,Europe,YEAR,2005,,,,,,,,,34.94,34.93693161,,,,2025-12-05T13:23:08Z,2005,2005-01-01,2005-12-31
4258623,GHED_CHE_pc_US_SHA2011,COUNTRY,CPV,AFR,Africa,YEAR,2014,,,,,,,,,193.39,193.39482117,,,,2025-12-05T13:23:08Z,2014,2014-01-01,2014-12-31
4260655,GHED_CHE_pc_US_SHA2011,COUNTRY,VCT,AMR,Americas,YEAR,2005,,,,,,,,,197.63,197.63206482,,,,2025-12-05T13:23:08Z,2005,2005-01-01,2005-12-31
4260755,GHED_CHE_pc_US_SHA2011,COUNTRY,ATG,AMR,Americas,YEAR,2018,,,,,,,,,856.37,856.37127686,,,,2025-12-05T13:23:08Z,2018,2018-01-01,2018-12-31
4261770,GHED_CHE_pc_US_SHA2011,COUNTRY,KAZ,EUR,Europe,YEAR,2012,,,,,,,,,365.04,365.04208374,,,,2025-12-05T13:23:08Z,2012,2012-01-01,2012-12-31
4262379,GHED_CHE_pc_US_SHA2011,COUNTRY,BLR,EUR,Europe,YEAR,2016,,,,,,,,,296.95,296.94720459,,,,2025-12-05T13:23:08Z,2016,2016-01-01,2016-12-31
4262882,GHED_CHE_pc_US_SHA2011,COUNTRY,KOR,WPR,Western Pacific,YEAR,2012,,,,,,,,,1603.93,1603.93432617,,,,2025-12-05T13:23:08Z,2012,2012-01-01,2012-12-31
4264596,GHED_CHE_pc_US_SHA2011,COUNTRY,DJI,EMR,Eastern Mediterranean,YEAR,2020,,,,,,,,,66.53,66.53086853,,,,2025-12-05T13:23:08Z,2020,2020-01-01,2020-12-31
4265403,GHED_CHE_pc_US_SHA2011,COUNTRY,KIR,WPR,Western Pacific,YEAR,2007,,,,,,,,,148.06,148.0586853,,,,2025-12-05T13:23:08Z,2007,2007-01-01,2007-12-31
4265748,GHED_CHE_pc_US_SHA2011,COUNTRY,MLT,EUR,Europe,YEAR,2012,,,,,,,,,1898.51,1898.50866699,,,,2025-12-05T13:23:08Z,2012,2012-01-01,2012-12-31
4267449,GHED_CHE_pc_US_SHA2011,COUNTRY,SVN,EUR,Europe,YEAR,2001,,,,,,,,,826.23,826.22576904,,,,2025-12-05T13:23:08Z,2001,2001-01-01,2001-12-31
4269089,GHED_CHE_pc_US_SHA2011,COUNTRY,ARM,EUR,Europe,YEAR,2021,,,,,,,,,595.84,595.83544922,,,,2025-12-05T13:23:08Z,2021,2021-01-01,2021-12-31
4271495,GHED_CHE_pc_US_SHA2011,COUNTRY,LUX,EUR,Europe,YEAR,2005,,,,,,,,,5818.15,5818.14599609,,,,2025-12-05T13:23:08Z,2005,2005-01-01,2005-12-31
4274486,GHED_CHE_pc_US_SHA2011,COUNTRY,VUT,WPR,Western Pacific,YEAR,2018,,,,,,,,,110.32,110.32492065,,,,2025-12-05T13:23:08Z,2018,2018-01-01,2018-12-31
4276768,GHED_CHE_pc_US_SHA2011,COUNTRY,GUY,AMR,Americas,YEAR,2005,,,,,,,,,85.36,85.35713959,,,,2025-12-05T13:23:08Z,2005,2005-01-01,2005-12-31
4279022,GHED_CHE_pc_US_SHA2011,COUNTRY,KIR,WPR,Western Pacific,YEAR,2009,,,,,,,,,167.97,167.97206116,,,,2025-12-05T13:23:08Z,2009,2009-01-01,2009-12-31
4279524,GHED_CHE_pc_US_SHA2011,COUNTRY,STP,AFR,Africa,YEAR,2009,,,,,,,,,64.91,64.90551758,,,,2025-12-05T13:23:08Z,2009,2009-01-01,2009-12-31
4281095,GHED_CHE_pc_US_SHA2011,COUNTRY,TUV,WPR,Western Pacific,YEAR,2005,,,,,,,,,232.03,232.03250122,,,,2025-12-05T13:23:08Z,2005,2005-01-01,2005-12-31
4281194,GHED_CHE_pc_US_SHA2011,COUNTRY,TUR,EUR,Europe,YEAR,2011,,,,,,,,,525.89,525.89105225,,,,2025-12-05T13:23:08Z,2011,2011-01-01,2011-12-31
4290868,GHED_CHE_pc_US_SHA2011,COUNTRY,EST,EUR,Europe,YEAR,2012,,,,,,,,,1058.72,1058.71960449,,,,2025-12-05T13:23:08Z,2012,2012-01-01,2012-12-31
4292936,GHED_CHE_pc_US_SHA2011,COUNTRY,CIV,AFR,Africa,YEAR,2021,,,,,,,,,92.40,92.39588928,,,,2025-12-05T13:23:08Z,2021,2021-01-01,2021-12-31
4293305,GHED_CHE_pc_US_SHA2011,COUNTRY,MOZ,AFR,Africa,YEAR,2012,,,,,,,,,35.25,35.24672699,,,,2025-12-05T13:23:08Z,2012,2012-01-01,2012-12-31
4293607,GHED_CHE_pc_US_SHA2011,COUNTRY,LTU,EUR,Europe,YEAR,2014,,,,,,,,,1019.71,1019.7121582,,,,2025-12-05T13:23:08Z,2014,2014-01-01,2014-12-31
4297365,GHED_CHE_pc_US_SHA2011,COUNTRY,BFA,AFR,Africa,YEAR,2021,,,,,,,,,63.59,63.59171295,,,,2025-12-05T13:23:08Z,2021,2021-01-01,2021-12-31
4301768,GHED_CHE_pc_US_SHA2011,COUNTRY,CZE,EUR,Europe,YEAR,2002,,,,,,,,,497.74,497.74203491,,,,2025-12-05T13:23:08Z,2002,2002-01-01,2002-12-31
4301897,GHED_CHE_pc_US_SHA2011,COUNTRY,BTN,SEAR,South-East Asia,YEAR,2000,,,,,,,,,30.59,30.5911293,,,,2025-12-05T13:23:08Z,2000,2000-01-01,2000-12-31
4303444,GHED_CHE_pc_US_SHA2011,COUNTRY,POL,EUR,Europe,YEAR,2020,,,,,,,,,1025.98,1025.98486328,,,,2025-12-05T13:23:08Z,2020,2020-01-01,2020-12-31
4305381,GHED_CHE_pc_US_SHA2011,COUNTRY,GRC,EUR,Europe,YEAR,2013,,,,,,,,,1832.03,1832.02954102,,,,2025-12-05T13:23:08Z,2013,2013-01-01,2013-12-31
4306031,GHED_CHE_pc_US_SHA2011,COUNTRY,NGA,AFR,Africa,YEAR,2013,,,,,,,,,97.30,97.29588318,,,,2025-12-05T13:23:08Z,2013,2013-01-01,2013-12-31
4308200,GHED_CHE_pc_US_SHA2011,COUNTRY,GAB,AFR,Africa,YEAR,2012,,,,,,,,,225.08,225.07722473,,,,2025-12-05T13:23:08Z,2012,2012-01-01,2012-12-31
4308484,GHED_CHE_pc_US_SHA2011,COUNTRY,MHL,WPR,Western Pacific,YEAR,2016,,,,,,,,,619.36,619.35668945,,,,2025-12-05T13:23:08Z,2016,2016-01-01,2016-12-31
4311919,GHED_CHE_pc_US_SHA2011,COUNTRY,HTI,AMR,Americas,YEAR,2015,,,,,,,,,68.51,68.50547791,,,,2025-12-05T13:23:08Z,2015,2015-01-01,2015-12-31
4312610,GHED_CHE_pc_US_SHA2011,COUNTRY,COK,WPR,Western Pacific,YEAR,2010,,,,,,,,,516.03,516.02624512,,,,2025-12-05T13:23:08Z,2010,2010-01-01,2010-12-31
4312841,GHED_CHE_pc_US_SHA2011,COUNTRY,MLT,EUR,Europe,YEAR,2021,,,,,,,,,3641.04,3641.03833008,,,,2025-12-05T13:23:08Z,2021,2021-01-01,2021-12-31
4312962,GHED_CHE_pc_US_SHA2011,COUNTRY,MUS,AFR,Africa,YEAR,2010,,,,,,,,,357.17,357.17382813,,,,2025-12-05T13:23:08Z,2010,2010-01-01,2010-12-31
4317875,GHED_CHE_pc_US_SHA2011,COUNTRY,SMR,EUR,Europe,YEAR,2006,,,,,,,,,3242.24,3242.24291992,,,,2025-12-05T13:23:08Z,2006,2006-01-01,2006-12-31
4318597,GHED_CHE_pc_US_SHA2011,COUNTRY,BRN,WPR,Western Pacific,YEAR,2013,,,,,,,,,835.32,835.32452393,,,,2025-12-05T13:23:08Z,2013,2013-01-01,2013-12-31
4319092,GHED_CHE_pc_US_SHA2011,COUNTRY,MRT,AFR,Africa,YEAR,2023,,,,,,,,,92.11,92.11444092,,,,2025-12-05T13:23:08Z,2023,2023-01-01,2023-12-31
4322917,GHED_CHE_pc_US_SHA2011,COUNTRY,DNK,EUR,Europe,YEAR,2010,,,,,,,,,6156.69,6156.68554688,,,,2025-12-05T13:23:08Z,2010,2010-01-01,2010-12-31
4323961,GHED_CHE_pc_US_SHA2011,COUNTRY,BTN,SEAR,South-East Asia,YEAR,2002,,,,,,,,,32.94,32.9380188,,,,2025-12-05T13:23:08Z,2002,2002-01-01,2002-12-31
4328988,GHED_CHE_pc_US_SHA2011,COUNTRY,TGO,AFR,Africa,YEAR,2010,,,,,,,,,30.55,30.54597664,,,,2025-12-05T13:23:08Z,2010,2010-01-01,2010-12-31
4331319,GHED_CHE_pc_US_SHA2011,COUNTRY,GIN,AFR,Africa,YEAR,2022,,,,,,,,,53.29,53.2922287,,,,2025-12-05T13:23:08Z,2022,2022-01-01,2022-12-31
4332710,GHED_CHE_pc_US_SHA2011,COUNTRY,GTM,AMR,Americas,YEAR,2008,,,,,,,,,175.67,175.67254639,,,,2025-12-05T13:23:08Z,2008,2008-01-01,2008-12-31
4335026,GHED_CHE_pc_US_SHA2011,GLOBAL,GLOBAL,,,YEAR,2018,,,,,,,,,1185.41,1185.40968647,,,,2025-12-05T13:23:08Z,2018,2018-01-01,2018-12-31
4336610,GHED_CHE_pc_US_SHA2011,COUNTRY,TUV,WPR,Western Pacific,YEAR,2022,,,,,,,,,1300.47,1300.46679688,,,,2025-12-05T13:23:08Z,2022,2022-01-01,2022-12-31
4339053,GHED_CHE_pc_US_SHA2011,COUNTRY,CAF,AFR,Africa,YEAR,2007,,,,,,,,,18.25,18.24629021,,,,2025-12-05T13:23:08Z,2007,2007-01-01,2007-12-31
4339188,GHED_CHE_pc_US_SHA2011,COUNTRY,EGY,EMR,Eastern Mediterranean,YEAR,2020,,,,,,,,,148.35,148.35269165,,,,2025-12-05T13:23:08Z,2020,2020-01-01,2020-12-31
4349735,GHED_CHE_pc_US_SHA2011,COUNTRY,TCD,AFR,Africa,YEAR,2011,,,,,,,,,37.36,37.35868073,,,,2025-12-05T13:23:08Z,2011,2011-01-01,2011-12-31
4350331,GHED_CHE_pc_US_SHA2011,COUNTRY,AUS,WPR,Western Pacific,YEAR,2023,,,,,,,,,6980.39,6980.38525391,,,,2025-12-05T13:23:08Z,2023,2023-01-01,2023-12-31
4352335,GHED_CHE_pc_US_SHA2011,COUNTRY,WSM,WPR,Western Pacific,YEAR,2009,,,,,,,,,172.45,172.45288086,,,,2025-12-05T13:23:08Z,2009,2009-01-01,2009-12-31
4353925,GHED_CHE_pc_US_SHA2011,COUNTRY,GUY,AMR,Americas,YEAR,2004,,,,,,,,,74.69,74.69225311,,,,2025-12-05T13:23:08Z,2004,2004-01-01,2004-12-31
4354293,GHED_CHE_pc_US_SHA2011,COUNTRY,CMR,AFR,Africa,YEAR,2013,,,,,,,,,57.23,57.22771454,,,,2025-12-05T13:23:08Z,2013,2013-01-01,2013-12-31
4356699,GHED_CHE_pc_US_SHA2011,COUNTRY,PLW,WPR,Western Pacific,YEAR,2012,,,,,,,,,1239.99,1239.99304199,,,,2025-12-05T13:23:08Z,2012,2012-01-01,2012-12-31
4357275,GHED_CHE_pc_US_SHA2011,COUNTRY,KNA,AMR,Americas,YEAR,2018,,,,,,,,,1121.14,1121.13977051,,,,2025-12-05T13:23:08Z,2018,2018-01-01,2018-12-31
4358852,GHED_CHE_pc_US_SHA2011,COUNTRY,ETH,AFR,Africa,YEAR,2008,,,,,,,,,13.04,13.03863621,,,,2025-12-05T13:23:08Z,2008,2008-01-01,2008-12-31
4361086,GHED_CHE_pc_US_SHA2011,COUNTRY,CHN,WPR,Western Pacific,YEAR,2000,,,,,,,,,42.81,42.80797577,,,,2025-12-05T13:23:08Z,2000,2000-01-01,2000-12-31
4365158,GHED_CHE_pc_US_SHA2011,REGION,AMR,,,YEAR,2019,,,,,,,,,1073.90,1073.90008883,,,,2025-12-05T13:23:08Z,2019,2019-01-01,2019-12-31
4368915,GHED_CHE_pc_US_SHA2011,COUNTRY,DMA,AMR,Americas,YEAR,2014,,,,,,,,,389.05,389.05343628,,,,2025-12-05T13:23:08Z,2014,2014-01-01,2014-12-31
4369584,GHED_CHE_pc_US_SHA2011,COUNTRY,MLI,AFR,Africa,YEAR,2011,,,,,,,,,31.68,31.67968369,,,,2025-12-05T13:23:08Z,2011,2011-01-01,2011-12-31
4370030,GHED_CHE_pc_US_SHA2011,COUNTRY,CHN,WPR,Western Pacific,YEAR,2014,,,,,,,,,362.29,362.28695679,,,,2025-12-05T13:23:08Z,2014,2014-01-01,2014-12-31
4371642,GHED_CHE_pc_US_SHA2011,COUNTRY,GEO,EUR,Europe,YEAR,2020,,,,,,,,,389.42,389.42260742,,,,2025-12-05T13:23:08Z,2020,2020-01-01,2020-12-31
4379996,GHED_CHE_pc_US_SHA2011,COUNTRY,KOR,WPR,Western Pacific,YEAR,2018,,,,,,,,,2523.04,2523.04003906,,,,2025-12-05T13:23:08Z,2018,2018-01-01,2018-12-31
4383957,GHED_CHE_pc_US_SHA2011,COUNTRY,FJI,WPR,Western Pacific,YEAR,2000,,,,,,,,,74.29,74.28569794,,,,2025-12-05T13:23:08Z,2000,2000-01-01,2000-12-31
4389208,GHED_CHE_pc_US_SHA2011,COUNTRY,PNG,WPR,Western Pacific,YEAR,2014,,,,,,,,,89.08,89.08061218,,,,2025-12-05T13:23:08Z,2014,2014-01-01,2014-12-31
4389290,GHED_CHE_pc_US_SHA2011,COUNTRY,THA,SEAR,South-East Asia,YEAR,2013,,,,,,,,,207.81,207.81243896,,,,2025-12-05T13:23:08Z,2013,2013-01-01,2013-12-31
4395414,GHED_CHE_pc_US_SHA2011,COUNTRY,MAR,EMR,Eastern Mediterranean,YEAR,2005,,,,,,,,,97.20,97.19748688,,,,2025-12-05T13:23:08Z,2005,2005-01-01,2005-12-31
4396770,GHED_CHE_pc_US_SHA2011,COUNTRY,CHL,AMR,Americas,YEAR,2010,,,,,,,,,861.72,861.72436523,,,,2025-12-05T13:23:08Z,2010,2010-01-01,2010-12-31
4397098,GHED_CHE_pc_US_SHA2011,GLOBAL,GLOBAL,,,YEAR,2008,,,,,,,,,994.81,994.80873132,,,,2025-12-05T13:23:08Z,2008,2008-01-01,2008-12-31
4405231,GHED_CHE_pc_US_SHA2011,COUNTRY,MYS,WPR,Western Pacific,YEAR,2016,,,,,,,,,350.71,350.71160889,,,,2025-12-05T13:23:08Z,2016,2016-01-01,2016-12-31
4409049,GHED_CHE_pc_US_SHA2011,COUNTRY,MUS,AFR,Africa,YEAR,2013,,,,,,,,,440.00,440.00280762,,,,2025-12-05T13:23:08Z,2013,2013-01-01,2013-12-31
4411707,GHED_CHE_pc_US_SHA2011,COUNTRY,GMB,AFR,Africa,YEAR,2019,,,,,,,,,23.22,23.21861267,,,,2025-12-05T13:23:08Z,2019,2019-01-01,2019-12-31
4413041,GHED_CHE_pc_US_SHA2011,COUNTRY,SDN,EMR,Eastern Mediterranean,YEAR,2003,,,,,,,,,22.59,22.58504868,,,,2025-12-05T13:23:08Z,2003,2003-01-01,2003-12-31
4414490,GHED_CHE_pc_US_SHA2011,COUNTRY,SYC,AFR,Africa,YEAR,2006,,,,,,,,,487.18,487.17950439,,,,2025-12-05T13:23:08Z,2006,2006-01-01,2006-12-31
4418434,GHED_CHE_pc_US_SHA2011,REGION,EUR,,,YEAR,2009,,,,,,,,,2352.43,2352.43244149,,,,2025-12-05T13:23:08Z,2009,2009-01-01,2009-12-31
4418906,GHED_CHE_pc_US_SHA2011,COUNTRY,NAM,AFR,Africa,YEAR,2001,,,,,,,,,201.47,201.46917725,,,,2025-12-05T13:23:08Z,2001,2001-01-01,2001-12-31
4419441,GHED_CHE_pc_US_SHA2011,COUNTRY,PRY,AMR,Americas,YEAR,2001,,,,,,,,,91.84,91.8441391,,,,2025-12-05T13:23:08Z,2001,2001-01-01,2001-12-31
4420667,GHED_CHE_pc_US_SHA2011,COUNTRY,PNG,WPR,Western Pacific,YEAR,2012,,,,,,,,,70.28,70.27664948,,,,2025-12-05T13:23:08Z,2012,2012-01-01,2012-12-31
4422797,GHED_CHE_pc_US_SHA2011,COUNTRY,IND,SEAR,South-East Asia,YEAR,2002,,,,,,,,,20.16,20.15651703,,,,2025-12-05T13:23:08Z,2002,2002-01-01,2002-12-31
4425199,GHED_CHE_pc_US_SHA2011,COUNTRY,MDA,EUR,Europe,YEAR,2014,,,,,,,,,230.77,230.76982117,,,,2025-12-05T13:23:08Z,2014,2014-01-01,2014-12-31
4426524,GHED_CHE_pc_US_SHA2011,COUNTRY,BRN,WPR,Western Pacific,YEAR,2005,,,,,,,,,657.32,657.31945801,,,,2025-12-05T13:23:08Z,2005,2005-01-01,2005-12-31
4431546,GHED_CHE_pc_US_SHA2011,REGION,SEAR,,,YEAR,2010,,,,,,,,,124.76,124.75993199,,,,2025-12-05T13:23:08Z,2010,2010-01-01,2010-12-31
4432289,GHED_CHE_pc_US_SHA2011,COUNTRY,SMR,EUR,Europe,YEAR,2021,,,,,,,,,4033.10,4033.1027832,,,,2025-12-05T13:23:08Z,2021,2021-01-01,2021-12-31
4432358,GHED_CHE_pc_US_SHA2011,COUNTRY,MRT,AFR,Africa,YEAR,2016,,,,,,,,,49.90,49.90084076,,,,2025-12-05T13:23:08Z,2016,2016-01-01,2016-12-31
4434071,GHED_CHE_pc_US_SHA2011,COUNTRY,BEL,EUR,Europe,YEAR,2008,,,,,,,,,4656.04,4656.04150391,,,,2025-12-05T13:23:08Z,2008,2008-01-01,2008-12-31
4434385,GHED_CHE_pc_US_SHA2011,COUNTRY,SWZ,AFR,Africa,YEAR,2012,,,,,,,,,340.03,340.03012085,,,,2025-12-05T13:23:08Z,2012,2012-01-01,2012-12-31
4435038,GHED_CHE_pc_US_SHA2011,COUNTRY,OMN,EMR,Eastern Mediterranean,YEAR,2017,,,,,,,,,704.63,704.6295166,,,,2025-12-05T13:23:08Z,2017,2017-01-01,2017-12-31
4436341,GHED_CHE_pc_US_SHA2011,COUNTRY,MDV,SEAR,South-East Asia,YEAR,2005,,,,,,,,,335.14,335.13778687,,,,2025-12-05T13:23:08Z,2005,2005-01-01,2005-12-31
4438641,GHED_CHE_pc_US_SHA2011,COUNTRY,ALB,EUR,Europe,YEAR,2017,,,,,,,,,295.52,295.52346802,,,,2025-12-05T13:23:08Z,2017,2017-01-01,2017-12-31
4442424,GHED_CHE_pc_US_SHA2011,COUNTRY,HND,AMR,Americas,YEAR,2008,,,,,,,,,149.06,149.05706787,,,,2025-12-05T13:23:08Z,2008,2008-01-01,2008-12-31
4446630,GHED_CHE_pc_US_SHA2011,COUNTRY,MCO,EUR,Europe,YEAR,2008,,,,,,,,,8342.88,8342.875,,,,2025-12-05T13:23:08Z,2008,2008-01-01,2008-12-31
4449002,GHED_CHE_pc_US_SHA2011,COUNTRY,COM,AFR,Africa,YEAR,2020,,,,,,,,,89.68,89.67817688,,,,2025-12-05T13:23:08Z,2020,2020-01-01,2020-12-31
4449417,GHED_CHE_pc_US_SHA2011,WORLDBANKINCOMEGROUP,WB_LI,,,YEAR,2022,,,,,,,,,43.74,43.74129627,,,,2026-01-12T13:50:53Z,2022,2022-01-01,2022-12-31
4450584,GHED_CHE_pc_US_SHA2011,COUNTRY,ZWE,AFR,Africa,YEAR,2012,,,,,,,,,85.69,85.69155121,,,,2025-12-05T13:23:08Z,2012,2012-01-01,2012-12-31
4452062,GHED_CHE_pc_US_SHA2011,COUNTRY,ARM,EUR,Europe,YEAR,2023,,,,,,,,,766.96,766.95874023,,,,2025-12-05T13:23:08Z,2023,2023-01-01,2023-12-31
4452219,GHED_CHE_pc_US_SHA2011,COUNTRY,GMB,AFR,Africa,YEAR,2016,,,,,,,,,20.77,20.77086067,,,,2025-12-05T13:23:08Z,2016,2016-01-01,2016-12-31
4452280,GHED_CHE_pc_US_SHA2011,COUNTRY,THA,SEAR,South-East Asia,YEAR,2016,,,,,,,,,229.78,229.7849884,,,,2025-12-05T13:23:08Z,2016,2016-01-01,2016-12-31
4452462,GHED_CHE_pc_US_SHA2011,COUNTRY,LBN,EMR,Eastern Mediterranean,YEAR,2020,,,,,,,,,303.49,303.48632813,,,,2025-12-05T13:23:08Z,2020,2020-01-01,2020-12-31
4453399,GHED_CHE_pc_US_SHA2011,REGION,SEAR,,,YEAR,2011,,,,,,,,,130.02,130.01867951,,,,2025-12-05T13:23:08Z,2011,2011-01-01,2011-12-31
4468248,GHED_CHE_pc_US_SHA2011,COUNTRY,DNK,EUR,Europe,YEAR,2022,,,,,,,,,6451.19,6451.19433594,,,,2025-12-05T13:23:08Z,2022,2022-01-01,2022-12-31
4469524,GHED_CHE_pc_US_SHA2011,COUNTRY,ALB,EUR,Europe,YEAR,2001,,,,,,,,,73.92,73.92171478,,,,2025-12-05T13:23:08Z,2001,2001-01-01,2001-12-31
4474778,GHED_CHE_pc_US_SHA2011,COUNTRY,PSE,EMR,Eastern Mediterranean,YEAR,2011,,,,,,,,,308.36,308.36453247,,,,2025-12-05T13:23:08Z,2011,2011-01-01,2011-12-31
4475648,GHED_CHE_pc_US_SHA2011,COUNTRY,ROU,EUR,Europe,YEAR,2007,,,,,,,,,415.07,415.06790161,,,,2025-12-05T13:23:08Z,2007,2007-01-01,2007-12-31
4478917,GHED_CHE_pc_US_SHA2011,COUNTRY,GUY,AMR,Americas,YEAR,2017,,,,,,,,,266.86,266.86364746,,,,2025-12-05T13:23:08Z,2017,2017-01-01,2017-12-31
4481132,GHED_CHE_pc_US_SHA2011,COUNTRY,SRB,EUR,Europe,YEAR,2002,,,,,,,,,173.25,173.24946594,,,,2025-12-05T13:23:08Z,2002,2002-01-01,2002-12-31
4481671,GHED_CHE_pc_US_SHA2011,COUNTRY,GMB,AFR,Africa,YEAR,2011,,,,,,,,,31.05,31.05148888,,,,2025-12-05T13:23:08Z,2011,2011-01-01,2011-12-31
4486568,GHED_CHE_pc_US_SHA2011,COUNTRY,PAN,AMR,Americas,YEAR,2017,,,,,,,,,1126.96,1126.96154785,,,,2025-12-05T13:23:08Z,2017,2017-01-01,2017-12-31
4488381,GHED_CHE_pc_US_SHA2011,COUNTRY,LAO,WPR,Western Pacific,YEAR,2012,,,,,,,,,32.47,32.46548843,,,,2025-12-05T13:23:08Z,2012,2012-01-01,2012-12-31
4493668,GHED_CHE_pc_US_SHA2011,COUNTRY,ARM,EUR,Europe,YEAR,2017,,,,,,,,,409.80,409.80145264,,,,2025-12-05T13:23:08Z,2017,2017-01-01,2017-12-31
4495953,GHED_CHE_pc_US_SHA2011,COUNTRY,ETH,AFR,Africa,YEAR,2003,,,,,,,,,5.71,5.70984173,,,,2025-12-05T13:23:08Z,2003,2003-01-01,2003-12-31
4496763,GHED_CHE_pc_US_SHA2011,COUNTRY,AUT,EUR,Europe,YEAR,2018,,,,,,,,,5394.56,5394.55908203,,,,2025-12-05T13:23:08Z,2018,2018-01-01,2018-12-31
4496935,GHED_CHE_pc_US_SHA2011,COUNTRY,AGO,AFR,Africa,YEAR,2006,,,,,,,,,70.28,70.28185272,,,,2025-12-05T13:23:08Z,2006,2006-01-01,2006-12-31
4499472,GHED_CHE_pc_US_SHA2011,COUNTRY,PRY,AMR,Americas,YEAR,2018,,,,,,,,,422.13,422.13101196,,,,2025-12-05T13:23:08Z,2018,2018-01-01,2018-12-31
4503014,GHED_CHE_pc_US_SHA2011,COUNTRY,SEN,AFR,Africa,YEAR,2017,,,,,,,,,56.49,56.49185944,,,,2025-12-05T13:23:08Z,2017,2017-01-01,2017-12-31
4504406,GHED_CHE_pc_US_SHA2011,COUNTRY,MLT,EUR,Europe,YEAR,2009,,,,,,,,,1683.54,1683.5435791,,,,2025-12-05T13:23:08Z,2009,2009-01-01,2009-12-31
4506188,GHED_CHE_pc_US_SHA2011,COUNTRY,VCT,AMR,Americas,YEAR,2001,,,,,,,,,162.93,162.93431091,,,,2025-12-05T13:23:08Z,2001,2001-01-01,2001-12-31
4506680,GHED_CHE_pc_US_SHA2011,COUNTRY,ARM,EUR,Europe,YEAR,2018,,,,,,,,,428.35,428.34579468,,,,2025-12-05T13:23:08Z,2018,2018-01-01,2018-12-31
4510411,GHED_CHE_pc_US_SHA2011,COUNTRY,COK,WPR,Western Pacific,YEAR,2013,,,,,,,,,541.84,541.83709717,,,,2025-12-05T13:23:08Z,2013,2013-01-01,2013-12-31
4512410,GHED_CHE_pc_US_SHA2011,COUNTRY,COD,AFR,Africa,YEAR,2023,,,,,,,,,23.43,23.43148804,,,,2025-12-05T13:23:08Z,2023,2023-01-01,2023-12-31
4513040,GHED_CHE_pc_US_SHA2011,COUNTRY,TTO,AMR,Americas,YEAR,2015,,,,,,,,,1061.59,1061.58666992,,,,2025-12-05T13:23:08Z,2015,2015-01-01,2015-12-31
4514300,GHED_CHE_pc_US_SHA2011,COUNTRY,LSO,AFR,Africa,YEAR,2017,,,,,,,,,115.43,115.43321228,,,,2025-12-05T13:23:08Z,2017,2017-01-01,2017-12-31
4514980,GHED_CHE_pc_US_SHA2011,COUNTRY,ARM,EUR,Europe,YEAR,2012,,,,,,,,,331.91,331.91378784,,,,2025-12-05T13:23:08Z,2012,2012-01-01,2012-12-31
4516095,GHED_CHE_pc_US_SHA2011,COUNTRY,AGO,AFR,Africa,YEAR,2023,,,,,,,,,76.07,76.07118225,,,,2025-12-05T13:23:08Z,2023,2023-01-01,2023-12-31
4520099,GHED_CHE_pc_US_SHA2011,COUNTRY,DNK,EUR,Europe,YEAR,2015,,,,,,,,,5508.53,5508.53369141,,,,2025-12-05T13:23:08Z,2015,2015-01-01,2015-12-31
4522071,GHED_CHE_pc_US_SHA2011,COUNTRY,MAR,EMR,Eastern Mediterranean,YEAR,2007,,,,,,,,,131.86,131.86448669,,,,2025-12-05T13:23:08Z,2007,2007-01-01,2007-12-31
4523535,GHED_CHE_pc_US_SHA2011,COUNTRY,VUT,WPR,Western Pacific,YEAR,2023,,,,,,,,,143.44,143.43753052,,,,2025-12-05T13:23:08Z,2023,2023-01-01,2023-12-31
4523989,GHED_CHE_pc_US_SHA2011,COUNTRY,MDG,AFR,Africa,YEAR,2018,,,,,,,,,21.13,21.12731934,,,,2025-12-05T13:23:08Z,2018,2018-01-01,2018-12-31
4525665,GHED_CHE_pc_US_SHA2011,COUNTRY,BEN,AFR,Africa,YEAR,2017,,,,,,,,,38.76,38.75862122,,,,2025-12-05T13:23:08Z,2017,2017-01-01,2017-12-31
4527424,GHED_CHE_pc_US_SHA2011,COUNTRY,VNM,WPR,Western Pacific,YEAR,2018,,,,,,,,,161.98,161.97871399,,,,2025-12-05T13:23:08Z,2018,2018-01-01,2018-12-31
4527853,GHED_CHE_pc_US_SHA2011,COUNTRY,CAF,AFR,Africa,YEAR,2017,,,,,,,,,28.82,28.81619644,,,,2025-12-05T13:23:08Z,2017,2017-01-01,2017-12-31
4529305,GHED_CHE_pc_US_SHA2011,COUNTRY,HTI,AMR,Americas,YEAR,2002,,,,,,,,,22.37,22.36586189,,,,2025-12-05T13:23:08Z,2002,2002-01-01,2002-12-31
4530673,GHED_CHE_pc_US_SHA2011,COUNTRY,ISR,EUR,Europe,YEAR,2007,,,,,,,,,1769.93,1769.92504883,,,,2025-12-05T13:23:08Z,2007,2007-01-01,2007-12-31
4530878,GHED_CHE_pc_US_SHA2011,COUNTRY,HUN,EUR,Europe,YEAR,2014,,,,,,,,,1008.93,1008.92950439,,,,2025-12-05T13:23:08Z,2014,2014-01-01,2014-12-31
4531023,GHED_CHE_pc_US_SHA2011,COUNTRY,SRB,EUR,Europe,YEAR,2010,,,,,,,,,545.33,545.33380127,,,,2025-12-05T13:23:08Z,2010,2010-01-01,2010-12-31
4534025,GHED_CHE_pc_US_SHA2011,COUNTRY,QAT,EMR,Eastern Mediterranean,YEAR,2001,,,,,,,,,598.74,598.73602295,,,,2025-12-05T13:23:08Z,2001,2001-01-01,2001-12-31
4537743,GHED_CHE_pc_US_SHA2011,COUNTRY,VNM,WPR,Western Pacific,YEAR,2021,,,,,,,,,168.09,168.09350586,,,,2025-12-05T13:23:08Z,2021,2021-01-01,2021-12-31
4537988,GHED_CHE_pc_US_SHA2011,COUNTRY,KOR,WPR,Western Pacific,YEAR,2006,,,,,,,,,1130.54,1130.53796387,,,,2025-12-05T13:23:08Z,2006,2006-01-01,2006-12-31
4539791,GHED_CHE_pc_US_SHA2011,COUNTRY,IND,SEAR,South-East Asia,YEAR,2006,,,,,,,,,29.38,29.37600899,,,,2025-12-05T13:23:08Z,2006,2006-01-01,2006-12-31
4540912,GHED_CHE_pc_US_SHA2011,COUNTRY,PRY,AMR,Americas,YEAR,2002,,,,,,,,,65.07,65.0742569,,,,2025-12-05T13:23:08Z,2002,2002-01-01,2002-12-31
4540999,GHED_CHE_pc_US_SHA2011,REGION,WPR,,,YEAR,2021,,,,,,,,,1340.27,1340.266028,,,,2025-12-05T13:23:08Z,2021,2021-01-01,2021-12-31
4544461,GHED_CHE_pc_US_SHA2011,COUNTRY,BEL,EUR,Europe,YEAR,2020,,,,,,,,,5269.41,5269.40625,,,,2025-12-05T13:23:08Z,2020,2020-01-01,2020-12-31
4549464,GHED_CHE_pc_US_SHA2011,COUNTRY,MLT,EUR,Europe,YEAR,2006,,,,,,,,,1480.11,1480.1126709,,,,2025-12-05T13:23:08Z,2006,2006-01-01,2006-12-31
4554723,GHED_CHE_pc_US_SHA2011,COUNTRY,BLR,EUR,Europe,YEAR,2008,,,,,,,,,348.93,348.92633057,,,,2025-12-05T13:23:08Z,2008,2008-01-01,2008-12-31
4554882,GHED_CHE_pc_US_SHA2011,COUNTRY,CZE,EUR,Europe,YEAR,2010,,,,,,,,,1509.45,1509.44726563,,,,2025-12-05T13:23:08Z,2010,2010-01-01,2010-12-31
4555851,GHED_CHE_pc_US_SHA2011,COUNTRY,CMR,AFR,Africa,YEAR,2023,,,,,,,,,79.10,79.09996796,,,,2025-12-05T13:23:08Z,2023,2023-01-01,2023-12-31
4560892,GHED_CHE_pc_US_SHA2011,REGION,AMR,,,YEAR,2016,,,,,,,,,1006.39,1006.38604108,,,,2025-12-05T13:23:08Z,2016,2016-01-01,2016-12-31
4561404,GHED_CHE_pc_US_SHA2011,COUNTRY,CRI,AMR,Americas,YEAR,2013,,,,,,,,,829.94,829.93658447,,,,2025-12-05T13:23:08Z,2013,2013-01-01,2013-12-31
4563398,GHED_CHE_pc_US_SHA2011,COUNTRY,TON,WPR,Western Pacific,YEAR,2000,,,,,,,,,53.39,53.3949585,,,,2025-12-05T13:23:08Z,2000,2000-01-01,2000-12-31
4564526,GHED_CHE_pc_US_SHA2011,COUNTRY,JOR,EMR,Eastern Mediterranean,YEAR,2018,,,,,,,,,289.47,289.47106934,,,,2025-12-05T13:23:08Z,2018,2018-01-01,2018-12-31
4564693,GHED_CHE_pc_US_SHA2011,COUNTRY,USA,AMR,Americas,YEAR,2005,,,,,,,,,6428.60,6428.60205078,,,,2025-12-05T13:23:08Z,2005,2005-01-01,2005-12-31
4565024,GHED_CHE_pc_US_SHA2011,COUNTRY,SRB,EUR,Europe,YEAR,2006,,,,,,,,,371.51,371.506073,,,,2025-12-05T13:23:08Z,2006,2006-01-01,2006-12-31
4566271,GHED_CHE_pc_US_SHA2011,COUNTRY,PRT,EUR,Europe,YEAR,2003,,,,,,,,,1443.38,1443.37792969,,,,2025-12-05T13:23:08Z,2003,2003-01-01,2003-12-31
4567546,GHED_CHE_pc_US_SHA2011,COUNTRY,TCD,AFR,Africa,YEAR,2019,,,,,,,,,30.24,30.23690224,,,,2025-12-05T13:23:08Z,2019,2019-01-01,2019-12-31
4567711,GHED_CHE_pc_US_SHA2011,COUNTRY,URY,AMR,Americas,YEAR,2011,,,,,,,,,1244.94,1244.93884277,,,,2025-12-05T13:23:08Z,2011,2011-01-01,2011-12-31
4571281,GHED_CHE_pc_US_SHA2011,COUNTRY,PLW,WPR,Western Pacific,YEAR,2013,,,,,,,,,1399.30,1399.29931641,,,,2025-12-05T13:23:08Z,2013,2013-01-01,2013-12-31
4571944,GHED_CHE_pc_US_SHA2011,COUNTRY,TUN,EMR,Eastern Mediterranean,YEAR,2022,,,,,,,,,276.46,276.46380615,,,,2025-12-05T13:23:08Z,2022,2022-01-01,2022-12-31
4573084,GHED_CHE_pc_US_SHA2011,COUNTRY,SVK,EUR,Europe,YEAR,2005,,,,,,,,,601.31,601.31323242,,,,2025-12-05T13:23:08Z,2005,2005-01-01,2005-12-31
4573869,GHED_CHE_pc_US_SHA2011,COUNTRY,NLD,EUR,Europe,YEAR,2010,,,,,,,,,5191.69,5191.69384766,,,,2025-12-05T13:23:08Z,2010,2010-01-01,2010-12-31
4576596,GHED_CHE_pc_US_SHA2011,COUNTRY,GMB,AFR,Africa,YEAR,2015,,,,,,,,,19.68,19.67725563,,,,2025-12-05T13:23:08Z,2015,2015-01-01,2015-12-31
4579441,GHED_CHE_pc_US_SHA2011,COUNTRY,MRT,AFR,Africa,YEAR,2004,,,,,,,,,31.47,31.47280884,,,,2025-12-05T13:23:08Z,2004,2004-01-01,2004-12-31
4579509,GHED_CHE_pc_US_SHA2011,COUNTRY,NER,AFR,Africa,YEAR,2008,,,,,,,,,24.86,24.86141586,,,,2025-12-05T13:23:08Z,2008,2008-01-01,2008-12-31
4580239,GHED_CHE_pc_US_SHA2011,COUNTRY,KEN,AFR,Africa,YEAR,2015,,,,,,,,,70.95,70.94755554,,,,2025-12-05T13:23:08Z,2015,2015-01-01,2015-12-31
4581601,GHED_CHE_pc_US_SHA2011,COUNTRY,STP,AFR,Africa,YEAR,2004,,,,,,,,,71.06,71.05591583,,,,2025-12-05T13:23:08Z,2004,2004-01-01,2004-12-31
4584663,GHED_CHE_pc_US_SHA2011,REGION,WPR,,,YEAR,2001,,,,,,,,,382.54,382.54297039,,,,2025-12-05T13:23:08Z,2001,2001-01-01,2001-12-31
4588114,GHED_CHE_pc_US_SHA2011,REGION,AFR,,,YEAR,2000,,,,,,,,,46.74,46.73900143,,,,2025-12-05T13:23:08Z,2000,2000-01-01,2000-12-31
4590303,GHED_CHE_pc_US_SHA2011,COUNTRY,LSO,AFR,Africa,YEAR,2004,,,,,,,,,41.19,41.18851089,,,,2025-12-05T13:23:08Z,2004,2004-01-01,2004-12-31
4590795,GHED_CHE_pc_US_SHA2011,COUNTRY,HND,AMR,Americas,YEAR,2003,,,,,,,,,79.65,79.65468597,,,,2025-12-05T13:23:08Z,2003,2003-01-01,2003-12-31
4590977,GHED_CHE_pc_US_SHA2011,COUNTRY,GAB,AFR,Africa,YEAR,2023,,,,,,,,,252.98,252.98246765,,,,2025-12-05T13:23:08Z,2023,2023-01-01,2023-12-31
4592530,GHED_CHE_pc_US_SHA2011,COUNTRY,UZB,EUR,Europe,YEAR,2015,,,,,,,,,132.61,132.60565186,,,,2025-12-05T13:23:08Z,2015,2015-01-01,2015-12-31
4592651,GHED_CHE_pc_US_SHA2011,COUNTRY,MUS,AFR,Africa,YEAR,2002,,,,,,,,,132.39,132.38633728,,,,2025-12-05T13:23:08Z,2002,2002-01-01,2002-12-31
4594623,GHED_CHE_pc_US_SHA2011,COUNTRY,SLB,WPR,Western Pacific,YEAR,2021,,,,,,,,,98.80,98.80261993,,,,2025-12-05T13:23:08Z,2021,2021-01-01,2021-12-31
4595728,GHED_CHE_pc_US_SHA2011,COUNTRY,FRA,EUR,Europe,YEAR,2001,,,,,,,,,2192.72,2192.71557617,,,,2025-12-05T13:23:08Z,2001,2001-01-01,2001-12-31
4596806,GHED_CHE_pc_US_SHA2011,COUNTRY,ALB,EUR,Europe,YEAR,2019,,,,,,,,,366.34,366.34014893,,,,2025-12-05T13:23:08Z,2019,2019-01-01,2019-12-31
4604697,GHED_CHE_pc_US_SHA2011,COUNTRY,BWA,AFR,Africa,YEAR,2006,,,,,,,,,258.02,258.01873779,,,,2025-12-05T13:23:08Z,2006,2006-01-01,2006-12-31
4605320,GHED_CHE_pc_US_SHA2011,WORLDBANKINCOMEGROUP,WB_HI,,,YEAR,2010,,,,,,,,,2569.72,2569.7203052,,,,2025-12-05T13:23:08Z,2010,2010-01-01,2010-12-31
4610131,GHED_CHE_pc_US_SHA2011,GLOBAL,GLOBAL,,,YEAR,2013,,,,,,,,,1144.53,1144.52810673,,,,2026-01-12T13:50:53Z,2013,2013-01-01,2013-12-31
4611955,GHED_CHE_pc_US_SHA2011,COUNTRY,CAN,AMR,Americas,YEAR,2016,,,,,,,,,4647.15,4647.14892578,,,,2025-12-05T13:23:08Z,2016,2016-01-01,2016-12-31
4612569,GHED_CHE_pc_US_SHA2011,COUNTRY,USA,AMR,Americas,YEAR,2021,,,,,,,,,12080.07,12080.07324219,,,,2025-12-05T13:23:08Z,2021,2021-01-01,2021-12-31
4612602,GHED_CHE_pc_US_SHA2011,COUNTRY,COG,AFR,Africa,YEAR,2013,,,,,,,,,71.86,71.85824585,,,,2025-12-05T13:23:08Z,2013,2013-01-01,2013-12-31
4615217,GHED_CHE_pc_US_SHA2011,COUNTRY,ROU,EUR,Europe,YEAR,2020,,,,,,,,,809.59,809.58880615,,,,2025-12-05T13:23:08Z,2020,2020-01-01,2020-12-31
4618958,GHED_CHE_pc_US_SHA2011,COUNTRY,CYP,EUR,Europe,YEAR,2013,,,,,,,,,1923.04,1923.03869629,,,,2025-12-05T13:23:08Z,2013,2013-01-01,2013-12-31
4619171,GHED_CHE_pc_US_SHA2011,COUNTRY,SYR,EMR,Eastern Mediterranean,YEAR,2013,,,,,,,,,47.07,47.07229233,,,,2025-12-05T13:23:08Z,2013,2013-01-01,2013-12-31
4619224,GHED_CHE_pc_US_SHA2011,COUNTRY,NZL,WPR,Western Pacific,YEAR,2012,,,,,,,,,3682.94,3682.94213867,,,,2025-12-05T13:23:08Z,2012,2012-01-01,2012-12-31
4620011,GHED_CHE_pc_US_SHA2011,COUNTRY,LBN,EMR,Eastern Mediterranean,YEAR,2015,,,,,,,,,572.07,572.07220459,,,,2025-12-05T13:23:08Z,2015,2015-01-01,2015-12-31
4620508,GHED_CHE_pc_US_SHA2011,REGION,EUR,,,YEAR,2003,,,,,,,,,1441.68,1441.68280237,,,,2025-12-05T13:23:08Z,2003,2003-01-01,2003-12-31
4620742,GHED_CHE_pc_US_SHA2011,COUNTRY,LAO,WPR,Western Pacific,YEAR,2009,,,,,,,,,35.72,35.71521378,,,,2025-12-05T13:23:08Z,2009,2009-01-01,2009-12-31
4622019,GHED_CHE_pc_US_SHA2011,COUNTRY,ARM,EUR,Europe,YEAR,2020,,,,,,,,,535.27,535.2723999,,,,2025-12-05T13:23:08Z,2020,2020-01-01,2020-12-31
4626650,GHED_CHE_pc_US_SHA2011,COUNTRY,SEN,AFR,Africa,YEAR,2008,,,,,,,,,49.05,49.05390167,,,,2025-12-05T13:23:08Z,2008,2008-01-01,2008-12-31
4629409,GHED_CHE_pc_US_SHA2011,COUNTRY,SVN,EUR,Europe,YEAR,2018,,,,,,,,,2169.58,2169.57885742,,,,2025-12-05T13:23:08Z,2018,2018-01-01,2018-12-31
4632974,GHED_CHE_pc_US_SHA2011,COUNTRY,LTU,EUR,Europe,YEAR,2010,,,,,,,,,805.22,805.2244873,,,,2025-12-05T13:23:08Z,2010,2010-01-01,2010-12-31
4633335,GHED_CHE_pc_US_SHA2011,WORLDBANKINCOMEGROUP,WB_LI,,,YEAR,2020,,,,,,,,,41.09,41.08668213,,,,2025-12-05T13:23:08Z,2020,2020-01-01,2020-12-31
4633627,GHED_CHE_pc_US_SHA2011,COUNTRY,ARE,EMR,Eastern Mediterranean,YEAR,2019,,,,,,,,,1962.47,1962.46728516,,,,2025-12-05T13:23:08Z,2019,2019-01-01,2019-12-31
4635165,GHED_CHE_pc_US_SHA2011,COUNTRY,AZE,EUR,Europe,YEAR,2022,,,,,,,,,261.45,261.44659424,,,,2025-12-05T13:23:08Z,2022,2022-01-01,2022-12-31
4638106,GHED_CHE_pc_US_SHA2011,COUNTRY,HND,AMR,Americas,YEAR,2021,,,,,,,,,253.63,253.63349915,,,,2025-12-05T13:23:08Z,2021,2021-01-01,2021-12-31
4639823,GHED_CHE_pc_US_SHA2011,COUNTRY,DZA,AFR,Africa,YEAR,2019,,,,,,,,,242.07,242.07049561,,,,2025-12-05T13:23:08Z,2019,2019-01-01,2019-12-31
4643749,GHED_CHE_pc_US_SHA2011,WORLDBANKINCOMEGROUP,WB_LMI,,,YEAR,2021,,,,,,,,,144.07,144.07476777,,,,2025-12-05T13:23:08Z,2021,2021-01-01,2021-12-31
4644278,GHED_CHE_pc_US_SHA2011,COUNTRY,MAR,EMR,Eastern Mediterranean,YEAR,2004,,,,,,,,,91.17,91.17259979,,,,2025-12-05T13:23:08Z,2004,2004-01-01,2004-12-31
4644312,GHED_CHE_pc_US_SHA2011,COUNTRY,ZAF,AFR,Africa,YEAR,2002,,,,,,,,,179.51,179.5135498,,,,2025-12-05T13:23:08Z,2002,2002-01-01,2002-12-31
4644467,GHED_CHE_pc_US_SHA2011,COUNTRY,BLR,EUR,Europe,YEAR,2010,,,,,,,,,341.14,341.13800049,,,,2025-12-05T13:23:08Z,2010,2010-01-01,2010-12-31
4645186,GHED_CHE_pc_US_SHA2011,COUNTRY,UKR,EUR,Europe,YEAR,2017,,,,,,,,,183.70,183.69506836,,,,2025-12-05T13:23:08Z,2017,2017-01-01,2017-12-31
4645834,GHED_CHE_pc_US_SHA2011,COUNTRY,COK,WPR,Western Pacific,YEAR,2002,,,,,,,,,278.54,278.53833008,,,,2025-12-05T13:23:08Z,2002,2002-01-01,2002-12-31
4647465,GHED_CHE_pc_US_SHA2011,COUNTRY,BOL,AMR,Americas,YEAR,2021,,,,,,,,,276.21,276.20880127,,,,2025-12-05T13:23:08Z,2021,2021-01-01,2021-12-31
4648620,GHED_CHE_pc_US_SHA2011,COUNTRY,JOR,EMR,Eastern Mediterranean,YEAR,2010,,,,,,,,,303.81,303.8081665,,,,2025-12-05T13:23:08Z,2010,2010-01-01,2010-12-31
4649869,GHED_CHE_pc_US_SHA2011,COUNTRY,KGZ,EUR,Europe,YEAR,2020,,,,,,,,,61.25,61.25272751,,,,2025-12-05T13:23:08Z,2020,2020-01-01,2020-12-31
4653761,GHED_CHE_pc_US_SHA2011,COUNTRY,GMB,AFR,Africa,YEAR,2017,,,,,,,,,21.55,21.55331612,,,,2025-12-05T13:23:08Z,2017,2017-01-01,2017-12-31
4656244,GHED_CHE_pc_US_SHA2011,REGION,WPR,,,YEAR,2014,,,,,,,,,982.17,982.16569901,,,,2025-12-05T13:23:08Z,2014,2014-01-01,2014-12-31
4657275,GHED_CHE_pc_US_SHA2011,COUNTRY,MKD,EUR,Europe,YEAR,2011,,,,,,,,,335.13,335.13171387,,,,2025-12-05T13:23:08Z,2011,2011-01-01,2011-12-31
4662696,GHED_CHE_pc_US_SHA2011,COUNTRY,ETH,AFR,Africa,YEAR,2011,,,,,,,,,14.62,14.62286568,,,,2025-12-05T13:23:08Z,2011,2011-01-01,2011-12-31
4663389,GHED_CHE_pc_US_SHA2011,COUNTRY,SEN,AFR,Africa,YEAR,2014,,,,,,,,,61.41,61.40605545,,,,2025-12-05T13:23:08Z,2014,2014-01-01,2014-12-31
4664132,GHED_CHE_pc_US_SHA2011,COUNTRY,CRI,AMR,Americas,YEAR,2021,,,,,,,,,977.15,977.14831543,,,,2025-12-05T13:23:08Z,2021,2021-01-01,2021-12-31
4665276,GHED_CHE_pc_US_SHA2011,COUNTRY,SDN,EMR,Eastern Mediterranean,YEAR,2015,,,,,,,,,93.70,93.69657135,,,,2025-12-05T13:23:08Z,2015,2015-01-01,2015-12-31
4672493,GHED_CHE_pc_US_SHA2011,COUNTRY,JAM,AMR,Americas,YEAR,2004,,,,,,,,,222.27,222.27250671,,,,2025-12-05T13:23:08Z,2004,2004-01-01,2004-12-31
4673471,GHED_CHE_pc_US_SHA2011,COUNTRY,URY,AMR,Americas,YEAR,2002,,,,,,,,,436.44,436.44049072,,,,2025-12-05T13:23:08Z,2002,2002-01-01,2002-12-31
4676008,GHED_CHE_pc_US_SHA2011,COUNTRY,ARE,EMR,Eastern Mediterranean,YEAR,2014,,,,,,,,,1776.73,1776.7310791,,,,2025-12-05T13:23:08Z,2014,2014-01-01,2014-12-31
4677246,GHED_CHE_pc_US_SHA2011,COUNTRY,BEN,AFR,Africa,YEAR,2018,,,,,,,,,39.55,39.54786301,,,,2025-12-05T13:23:08Z,2018,2018-01-01,2018-12-31
4680096,GHED_CHE_pc_US_SHA2011,COUNTRY,FSM,WPR,Western Pacific,YEAR,2013,,,,,,,,,354.82,354.82269287,,,,2025-12-05T13:23:08Z,2013,2013-01-01,2013-12-31
4681270,GHED_CHE_pc_US_SHA2011,COUNTRY,BFA,AFR,Africa,YEAR,2004,,,,,,,,,21.12,21.12279129,,,,2025-12-05T13:23:08Z,2004,2004-01-01,2004-12-31
4682476,GHED_CHE_pc_US_SHA2011,COUNTRY,BFA,AFR,Africa,YEAR,2022,,,,,,,,,64.38,64.38339996,,,,2025-12-05T13:23:08Z,2022,2022-01-01,2022-12-31
4684350,GHED_CHE_pc_US_SHA2011,COUNTRY,SWZ,AFR,Africa,YEAR,2022,,,,,,,,,284.76,284.75802612,,,,2025-12-05T13:23:08Z,2022,2022-01-01,2022-12-31
4687995,GHED_CHE_pc_US_SHA2011,COUNTRY,CRI,AMR,Americas,YEAR,2017,,,,,,,,,867.77,867.76733398,,,,2025-12-05T13:23:08Z,2017,2017-01-01,2017-12-31
4688381,GHED_CHE_pc_US_SHA2011,COUNTRY,SVN,EUR,Europe,YEAR,2009,,,,,,,,,2125.06,2125.05688477,,,,2025-12-05T13:23:08Z,2009,2009-01-01,2009-12-31
4688784,GHED_CHE_pc_US_SHA2011,COUNTRY,AFG,EMR,Eastern Mediterranean,YEAR,2013,,,,,,,,,56.16,56.16043472,,,,2025-12-05T13:23:08Z,2013,2013-01-01,2013-12-31
4693382,GHED_CHE_pc_US_SHA2011,COUNTRY,LBN,EMR,Eastern Mediterranean,YEAR,2003,,,,,,,,,373.36,373.35971069,,,,2025-12-05T13:23:08Z,2003,2003-01-01,2003-12-31
4693800,GHED_CHE_pc_US_SHA2011,COUNTRY,SEN,AFR,Africa,YEAR,2019,,,,,,,,,64.34,64.33670807,,,,2025-12-05T13:23:08Z,2019,2019-01-01,2019-12-31
4696881,GHED_CHE_pc_US_SHA2011,COUNTRY,TON,WPR,Western Pacific,YEAR,2001,,,,,,,,,55.28,55.2772522,,,,2025-12-05T13:23:08Z,2001,2001-01-01,2001-12-31
4698885,GHED_CHE_pc_US_SHA2011,COUNTRY,PAK,EMR,Eastern Mediterranean,YEAR,2014,,,,,,,,,32.12,32.11787415,,,,2025-12-05T13:23:08Z,2014,2014-01-01,2014-12-31
4699075,GHED_CHE_pc_US_SHA2011,COUNTRY,CAN,AMR,Americas,YEAR,2020,,,,,,,,,5646.19,5646.19433594,,,,2025-12-05T13:23:08Z,2020,2020-01-01,2020-12-31
4699387,GHED_CHE_pc_US_SHA2011,REGION,EUR,,,YEAR,2002,,,,,,,,,1147.92,1147.92425842,,,,2025-12-05T13:23:08Z,2002,2002-01-01,2002-12-31
4701723,GHED_CHE_pc_US_SHA2011,COUNTRY,BGD,SEAR,South-East Asia,YEAR,2016,,,,,,,,,39.31,39.30647659,,,,2025-12-05T13:23:08Z,2016,2016-01-01,2016-12-31
4710832,GHED_CHE_pc_US_SHA2011,COUNTRY,BOL,AMR,Americas,YEAR,2015,,,,,,,,,196.26,196.25799561,,,,2025-12-05T13:23:08Z,2015,2015-01-01,2015-12-31
4712994,GHED_CHE_pc_US_SHA2011,COUNTRY,BHR,EMR,Eastern Mediterranean,YEAR,2017,,,,,,,,,1080.09,1080.08898926,,,,2025-12-05T13:23:08Z,2017,2017-01-01,2017-12-31
4714603,GHED_CHE_pc_US_SHA2011,COUNTRY,COD,AFR,Africa,YEAR,2002,,,,,,,,,4.18,4.17578602,,,,2025-12-05T13:23:08Z,2002,2002-01-01,2002-12-31
4715542,GHED_CHE_pc_US_SHA2011,COUNTRY,WSM,WPR,Western Pacific,YEAR,2012,,,,,,,,,197.02,197.01564026,,,,2025-12-05T13:23:08Z,2012,2012-01-01,2012-12-31
4719694,GHED_CHE_pc_US_SHA2011,COUNTRY,PLW,WPR,Western Pacific,YEAR,2008,,,,,,,,,880.84,880.83892822,,,,2025-12-05T13:23:08Z,2008,2008-01-01,2008-12-31
4719987,GHED_CHE_pc_US_SHA2011,COUNTRY,HRV,EUR,Europe,YEAR,2001,,,,,,,,,387.81,387.8130188,,,,2025-12-05T13:23:08Z,2001,2001-01-01,2001-12-31
4723764,GHED_CHE_pc_US_SHA2011,COUNTRY,CYP,EUR,Europe,YEAR,2011,,,,,,,,,2114.67,2114.66894531,,,,2025-12-05T13:23:08Z,2011,2011-01-01,2011-12-31
4725044,GHED_CHE_pc_US_SHA2011,COUNTRY,KHM,WPR,Western Pacific,YEAR,2011,,,,,,,,,65.39,65.3871994,,,,2025-12-05T13:23:08Z,2011,2011-01-01,2011-12-31
4728167,GHED_CHE_pc_US_SHA2011,COUNTRY,EST,EUR,Europe,YEAR,2004,,,,,,,,,474.51,474.50796509,,,,2025-12-05T13:23:08Z,2004,2004-01-01,2004-12-31
4729336,GHED_CHE_pc_US_SHA2011,COUNTRY,TUR,EUR,Europe,YEAR,2017,,,,,,,,,432.14,432.13754272,,,,2025-12-05T13:23:08Z,2017,2017-01-01,2017-12-31
4729862,GHED_CHE_pc_US_SHA2011,COUNTRY,TLS,SEAR,South-East Asia,YEAR,2011,,,,,,,,,64.44,64.43626404,,,,2025-12-05T13:23:08Z,2011,2011-01-01,2011-12-31
4730147,GHED_CHE_pc_US_SHA2011,COUNTRY,MYS,WPR,Western Pacific,YEAR,2017,,,,,,,,,366.37,366.36639404,,,,2025-12-05T13:23:08Z,2017,2017-01-01,2017-12-31
4731438,GHED_CHE_pc_US_SHA2011,COUNTRY,RWA,AFR,Africa,YEAR,2008,,,,,,,,,39.95,39.94568634,,,,2025-12-05T13:23:08Z,2008,2008-01-01,2008-12-31
4732637,GHED_CHE_pc_US_SHA2011,COUNTRY,SLB,WPR,Western Pacific,YEAR,2000,,,,,,,,,46.03,46.02681351,,,,2025-12-05T13:23:08Z,2000,2000-01-01,2000-12-31
4733256,GHED_CHE_pc_US_SHA2011,COUNTRY,ALB,EUR,Europe,YEAR,2022,,,,,,,,,506.87,506.86920166,,,,2025-12-05T13:23:08Z,2022,2022-01-01,2022-12-31
4734915,GHED_CHE_pc_US_SHA2011,COUNTRY,ECU,AMR,Americas,YEAR,2022,,,,,,,,,495.30,495.30380249,,,,2025-12-05T13:23:08Z,2022,2022-01-01,2022-12-31
4735056,GHED_CHE_pc_US_SHA2011,COUNTRY,MWI,AFR,Africa,YEAR,2004,,,,,,,,,15.94,15.94395351,,,,2025-12-05T13:23:08Z,2004,2004-01-01,2004-12-31
4737214,GHED_CHE_pc_US_SHA2011,COUNTRY,TLS,SEAR,South-East Asia,YEAR,2014,,,,,,,,,93.11,93.10574341,,,,2025-12-05T13:23:08Z,2014,2014-01-01,2014-12-31
4737226,GHED_CHE_pc_US_SHA2011,COUNTRY,COL,AMR,Americas,YEAR,2010,,,,,,,,,452.44,452.44281006,,,,2025-12-05T13:23:08Z,2010,2010-01-01,2010-12-31
4738516,GHED_CHE_pc_US_SHA2011,COUNTRY,QAT,EMR,Eastern Mediterranean,YEAR,2005,,,,,,,,,1386.02,1386.015625,,,,2025-12-05T13:23:08Z,2005,2005-01-01,2005-12-31
4740440,GHED_CHE_pc_US_SHA2011,COUNTRY,ZMB,AFR,Africa,YEAR,2008,,,,,,,,,61.82,61.82287216,,,,2025-12-05T13:23:08Z,2008,2008-01-01,2008-12-31
4741129,GHED_CHE_pc_US_SHA2011,COUNTRY,CPV,AFR,Africa,YEAR,2013,,,,,,,,,191.10,191.1048584,,,,2025-12-05T13:23:08Z,2013,2013-01-01,2013-12-31
4743693,GHED_CHE_pc_US_SHA2011,COUNTRY,CAN,AMR,Americas,YEAR,2010,,,,,,,,,5060.89,5060.88818359,,,,2025-12-05T13:23:08Z,2010,2010-01-01,2010-12-31
4745463,GHED_CHE_pc_US_SHA2011,COUNTRY,IRQ,EMR,Eastern Mediterranean,YEAR,2011,,,,,,,,,161.90,161.89790344,,,,2025-12-05T13:23:08Z,2011,2011-01-01,2011-12-31
4746725,GHED_CHE_pc_US_SHA2011,COUNTRY,MLT,EUR,Europe,YEAR,2017,,,,,,,,,2562.89,2562.88574219,,,,2025-12-05T13:23:08Z,2017,2017-01-01,2017-12-31
4751201,GHED_CHE_pc_US_SHA2011,COUNTRY,LKA,SEAR,South-East Asia,YEAR,2001,,,,,,,,,39.87,39.87185287,,,,2025-12-05T13:23:08Z,2001,2001-01-01,2001-12-31
4752578,GHED_CHE_pc_US_SHA2011,COUNTRY,NLD,EUR,Europe,YEAR,2004,,,,,,,,,3689.46,3689.46435547,,,,2025-12-05T13:23:08Z,2004,2004-01-01,2004-12-31
4753859,GHED_CHE_pc_US_SHA2011,COUNTRY,NPL,SEAR,South-East Asia,YEAR,2017,,,,,,,,,49.63,49.63085556,,,,2025-12-05T13:23:08Z,2017,2017-01-01,2017-12-31
4755355,GHED_CHE_pc_US_SHA2011,COUNTRY,SVK,EUR,Europe,YEAR,2014,,,,,,,,,1289.35,1289.34851074,,,,2025-12-05T13:23:08Z,2014,2014-01-01,2014-12-31
4755932,GHED_CHE_pc_US_SHA2011,COUNTRY,AFG,EMR,Eastern Mediterranean,YEAR,2011,,,,,,,,,52.19,52.18721771,,,,2025-12-05T13:23:08Z,2011,2011-01-01,2011-12-31
4758111,GHED_CHE_pc_US_SHA2011,COUNTRY,NAM,AFR,Africa,YEAR,2012,,,,,,,,,606.37,606.36633301,,,,2025-12-05T13:23:08Z,2012,2012-01-01,2012-12-31
4761007,GHED_CHE_pc_US_SHA2011,COUNTRY,SRB,EUR,Europe,YEAR,2018,,,,,,,,,617.09,617.08691406,,,,2025-12-05T13:23:08Z,2018,2018-01-01,2018-12-31
4763042,GHED_CHE_pc_US_SHA2011,COUNTRY,LIE,EUR,Europe,YEAR,2013,,,,,,,,,9956.30,9956.29785156,,,,2026-01-12T13:50:53Z,2013,2013-01-01,2013-12-31
4764991,GHED_CHE_pc_US_SHA2011,REGION,SEAR,,,YEAR,2004,,,,,,,,,62.07,62.06659821,,,,2025-12-05T13:23:08Z,2004,2004-01-01,2004-12-31
4766348,GHED_CHE_pc_US_SHA2011,COUNTRY,BOL,AMR,Americas,YEAR,2016,,,,,,,,,207.45,207.4511261,,,,2025-12-05T13:23:08Z,2016,2016-01-01,2016-12-31
4771168,GHED_CHE_pc_US_SHA2011,COUNTRY,UKR,EUR,Europe,YEAR,2003,,,,,,,,,67.87,67.87039948,,,,2025-12-05T13:23:08Z,2003,2003-01-01,2003-12-31
4771701,GHED_CHE_pc_US_SHA2011,COUNTRY,CYP,EUR,Europe,YEAR,2001,,,,,,,,,782.16,782.16162109,,,,2025-12-05T13:23:08Z,2001,2001-01-01,2001-12-31
4774006,GHED_CHE_pc_US_SHA2011,COUNTRY,VUT,WPR,Western Pacific,YEAR,2015,,,,,,,,,118.72,118.71543121,,,,2025-12-05T13:23:08Z,2015,2015-01-01,2015-12-31
4774605,GHED_CHE_pc_US_SHA2011,COUNTRY,PHL,WPR,Western Pacific,YEAR,2005,,,,,,,,,45.68,45.67607498,,,,2025-12-05T13:23:08Z,2005,2005-01-01,2005-12-31
4775388,GHED_CHE_pc_US_SHA2011,COUNTRY,ETH,AFR,Africa,YEAR,2016,,,,,,,,,24.34,24.34373283,,,,2025-12-05T13:23:08Z,2016,2016-01-01,2016-12-31
4775505,GHED_CHE_pc_US_SHA2011,COUNTRY,THA,SEAR,South-East Asia,YEAR,2009,,,,,,,,,149.68,149.67800903,,,,2025-12-05T13:23:08Z,2009,2009-01-01,2009-12-31
4778008,GHED_CHE_pc_US_SHA2011,COUNTRY,QAT,EMR,Eastern Mediterranean,YEAR,2009,,,,,,,,,1325.43,1325.43005371,,,,2025-12-05T13:23:08Z,2009,2009-01-01,2009-12-31
4778405,GHED_CHE_pc_US_SHA2011,COUNTRY,MLI,AFR,Africa,YEAR,2006,,,,,,,,,26.93,26.93190002,,,,2025-12-05T13:23:08Z,2006,2006-01-01,2006-12-31
4781033,GHED_CHE_pc_US_SHA2011,COUNTRY,BEL,EUR,Europe,YEAR,2010,,,,,,,,,4626.03,4626.02685547,,,,2025-12-05T13:23:08Z,2010,2010-01-01,2010-12-31
4782247,GHED_CHE_pc_US_SHA2011,COUNTRY,ARM,EUR,Europe,YEAR,2000,,,,,,,,,25.66,25.6606369,,,,2025-12-05T13:23:08Z,2000,2000-01-01,2000-12-31
4782670,GHED_CHE_pc_US_SHA2011,COUNTRY,KWT,EMR,Eastern Mediterranean,YEAR,2005,,,,,,,,,727.25,727.25366211,,,,2025-12-05T13:23:08Z,2005,2005-01-01,2005-12-31
4784010,GHED_CHE_pc_US_SHA2011,COUNTRY,COM,AFR,Africa,YEAR,2009,,,,,,,,,69.48,69.4848938,,,,2025-12-05T13:23:08Z,2009,2009-01-01,2009-12-31
4784162,GHED_CHE_pc_US_SHA2011,COUNTRY,DEU,EUR,Europe,YEAR,2002,,,,,,,,,2557.54,2557.53564453,,,,2025-12-05T13:23:08Z,2002,2002-01-01,2002-12-31
4789635,GHED_CHE_pc_US_SHA2011,COUNTRY,MUS,AFR,Africa,YEAR,2015,,,,,,,,,515.72,515.72247314,,,,2025-12-05T13:23:08Z,2015,2015-01-01,2015-12-31
4789841,GHED_CHE_pc_US_SHA2011,COUNTRY,MMR,SEAR,South-East Asia,YEAR,2008,,,,,,,,,14.71,14.70817947,,,,2025-12-05T13:23:08Z,2008,2008-01-01,2008-12-31
4792697,GHED_CHE_pc_US_SHA2011,COUNTRY,LVA,EUR,Europe,YEAR,2005,,,,,,,,,440.81,440.8097229,,,,2025-12-05T13:23:08Z,2005,2005-01-01,2005-12-31
4793696,GHED_CHE_pc_US_SHA2011,COUNTRY,ESP,EUR,Europe,YEAR,2004,,,,,,,,,1932.21,1932.21398926,,,,2025-12-05T13:23:08Z,2004,2004-01-01,2004-12-31
4793705,GHED_CHE_pc_US_SHA2011,COUNTRY,PNG,WPR,Western Pacific,YEAR,2018,,,,,,,,,59.04,59.04003525,,,,2025-12-05T13:23:08Z,2018,2018-01-01,2018-12-31
4794986,GHED_CHE_pc_US_SHA2011,COUNTRY,ECU,AMR,Americas,YEAR,2008,,,,,,,,,231.62,231.62229919,,,,2025-12-05T13:23:08Z,2008,2008-01-01,2008-12-31
4795649,GHED_CHE_pc_US_SHA2011,REGION,EUR,,,YEAR,2000,,,,,,,,,976.13,976.13478638,,,,2025-12-05T13:23:08Z,2000,2000-01-01,2000-12-31
4797432,GHED_CHE_pc_US_SHA2011,COUNTRY,CHN,WPR,Western Pacific,YEAR,2016,,,,,,,,,398.17,398.17489624,,,,2025-12-05T13:23:08Z,2016,2016-01-01,2016-12-31
4797672,GHED_CHE_pc_US_SHA2011,COUNTRY,PAK,EMR,Eastern Mediterranean,YEAR,2013,,,,,,,,,28.21,28.20998955,,,,2025-12-05T13:23:08Z,2013,2013-01-01,2013-12-31
4797761,GHED_CHE_pc_US_SHA2011,COUNTRY,STP,AFR,Africa,YEAR,2020,,,,,,,,,159.84,159.84396362,,,,2025-12-05T13:23:08Z,2020,2020-01-01,2020-12-31
4800251,GHED_CHE_pc_US_SHA2011,REGION,AMR,,,YEAR,2008,,,,,,,,,778.12,778.115724,,,,2025-12-05T13:23:08Z,2008,2008-01-01,2008-12-31
4800628,GHED_CHE_pc_US_SHA2011,COUNTRY,IRN,EMR,Eastern Mediterranean,YEAR,2004,,,,,,,,,139.76,139.75932312,,,,2025-12-05T13:23:08Z,2004,2004-01-01,2004-12-31
4801229,GHED_CHE_pc_US_SHA2011,COUNTRY,SSD,AFR,Africa,YEAR,2023,,,,,,,,,72.76,72.75582886,,,,2025-12-05T13:23:08Z,2023,2023-01-01,2023-12-31
4805064,GHED_CHE_pc_US_SHA2011,COUNTRY,LAO,WPR,Western Pacific,YEAR,2014,,,,,,,,,45.53,45.53330612,,,,2025-12-05T13:23:08Z,2014,2014-01-01,2014-12-31
4805971,GHED_CHE_pc_US_SHA2011,COUNTRY,SAU,EMR,Eastern Mediterranean,YEAR,2005,,,,,,,,,545.74,545.73571777,,,,2025-12-05T13:23:08Z,2005,2005-01-01,2005-12-31
4806555,GHED_CHE_pc_US_SHA2011,COUNTRY,CHE,EUR,Europe,YEAR,2022,,,,,,,,,10930.14,10930.13964844,,,,2025-12-05T13:23:08Z,2022,2022-01-01,2022-12-31
4812095,GHED_CHE_pc_US_SHA2011,COUNTRY,COD,AFR,Africa,YEAR,2001,,,,,,,,,5.43,5.4341011,,,,2025-12-05T13:23:08Z,2001,2001-01-01,2001-12-31
4813238,GHED_CHE_pc_US_SHA2011,WORLDBANKINCOMEGROUP,WB_LMI,,,YEAR,2016,,,,,,,,,121.58,121.57858972,,,,2025-12-05T13:23:08Z,2016,2016-01-01,2016-12-31
4818494,GHED_CHE_pc_US_SHA2011,COUNTRY,MWI,AFR,Africa,YEAR,2022,,,,,,,,,40.03,40.03453827,,,,2025-12-05T13:23:08Z,2022,2022-01-01,2022-12-31
4822520,GHED_CHE_pc_US_SHA2011,COUNTRY,COK,WPR,Western Pacific,YEAR,2015,,,,,,,,,500.73,500.72625732,,,,2025-12-05T13:23:08Z,2015,2015-01-01,2015-12-31
4826126,GHED_CHE_pc_US_SHA2011,COUNTRY,CMR,AFR,Africa,YEAR,2015,,,,,,,,,58.38,58.38298035,,,,2025-12-05T13:23:08Z,2015,2015-01-01,2015-12-31
4827114,GHED_CHE_pc_US_SHA2011,COUNTRY,EST,EUR,Europe,YEAR,2008,,,,,,,,,1082.15,1082.15478516,,,,2025-12-05T13:23:08Z,2008,2008-01-01,2008-12-31
4827211,GHED_CHE_pc_US_SHA2011,COUNTRY,BRN,WPR,Western Pacific,YEAR,2012,,,,,,,,,869.37,869.36553955,,,,2025-12-05T13:23:08Z,2012,2012-01-01,2012-12-31
4827231,GHED_CHE_pc_US_SHA2011,COUNTRY,MAR,EMR,Eastern Mediterranean,YEAR,2003,,,,,,,,,77.75,77.74629211,,,,2025-12-05T13:23:08Z,2003,2003-01-01,2003-12-31
4829190,GHED_CHE_pc_US_SHA2011,COUNTRY,NLD,EUR,Europe,YEAR,2012,,,,,,,,,5284.65,5284.64990234,,,,2025-12-05T13:23:08Z,2012,2012-01-01,2012-12-31
4834197,GHED_CHE_pc_US_SHA2011,COUNTRY,FIN,EUR,Europe,YEAR,2021,,,,,,,,,5261.91,5261.90966797,,,,2025-12-05T13:23:08Z,2021,2021-01-01,2021-12-31
4835011,GHED_CHE_pc_US_SHA2011,COUNTRY,BDI,AFR,Africa,YEAR,2003,,,,,,,,,5.87,5.87316799,,,,2025-12-05T13:23:08Z,2003,2003-01-01,2003-12-31
4836372,GHED_CHE_pc_US_SHA2011,COUNTRY,BRN,WPR,Western Pacific,YEAR,2003,,,,,,,,,545.56,545.55560303,,,,2025-12-05T13:23:08Z,2003,2003-01-01,2003-12-31
4836667,GHED_CHE_pc_US_SHA2011,COUNTRY,AND,EUR,Europe,YEAR,2012,,,,,,,,,2788.69,2788.69238281,,,,2025-12-05T13:23:08Z,2012,2012-01-01,2012-12-31
4838042,GHED_CHE_pc_US_SHA2011,COUNTRY,HRV,EUR,Europe,YEAR,2023,,,,,,,,,1548.34,1548.33959961,,,,2025-12-05T13:23:08Z,2023,2023-01-01,2023-12-31
4844023,GHED_CHE_pc_US_SHA2011,COUNTRY,NPL,SEAR,South-East Asia,YEAR,2008,,,,,,,,,18.86,18.86374855,,,,2025-12-05T13:23:08Z,2008,2008-01-01,2008-12-31
4844054,GHED_CHE_pc_US_SHA2011,COUNTRY,ISL,EUR,Europe,YEAR,2003,,,,,,,,,3839.69,3839.6940918,,,,2025-12-05T13:23:08Z,2003,2003-01-01,2003-12-31
4852435,GHED_CHE_pc_US_SHA2011,COUNTRY,KEN,AFR,Africa,YEAR,2009,,,,,,,,,55.46,55.455616,,,,2025-12-05T13:23:08Z,2009,2009-01-01,2009-12-31
4854867,GHED_CHE_pc_US_SHA2011,COUNTRY,PSE,EMR,Eastern Mediterranean,YEAR,2010,,,,,,,,,219.45,219.44699097,,,,2025-12-05T13:23:08Z,2010,2010-01-01,2010-12-31
4861632,GHED_CHE_pc_US_SHA2011,COUNTRY,NOR,EUR,Europe,YEAR,2014,,,,,,,,,9116.38,9116.37792969,,,,2025-12-05T13:23:08Z,2014,2014-01-01,2014-12-31
4874918,GHED_CHE_pc_US_SHA2011,COUNTRY,ISR,EUR,Europe,YEAR,2017,,,,,,,,,3074.45,3074.44604492,,,,2025-12-05T13:23:08Z,2017,2017-01-01,2017-12-31
4876804,GHED_CHE_pc_US_SHA2011,COUNTRY,PHL,WPR,Western Pacific,YEAR,2010,,,,,,,,,89.35,89.35166931,,,,2025-12-05T13:23:08Z,2010,2010-01-01,2010-12-31
4879021,GHED_CHE_pc_US_SHA2011,COUNTRY,MMR,SEAR,South-East Asia,YEAR,2012,,,,,,,,,37.26,37.25568008,,,,2025-12-05T13:23:08Z,2012,2012-01-01,2012-12-31
4880006,GHED_CHE_pc_US_SHA2011,COUNTRY,MDV,SEAR,South-East Asia,YEAR,2010,,,,,,,,,608.87,608.87176514,,,,2025-12-05T13:23:08Z,2010,2010-01-01,2010-12-31
4885886,GHED_CHE_pc_US_SHA2011,COUNTRY,NAM,AFR,Africa,YEAR,2009,,,,,,,,,420.75,420.74865723,,,,2025-12-05T13:23:08Z,2009,2009-01-01,2009-12-31
4887399,GHED_CHE_pc_US_SHA2011,COUNTRY,LUX,EUR,Europe,YEAR,2023,,,,,,,,,7510.99,7510.99414063,,,,2025-12-05T13:23:08Z,2023,2023-01-01,2023-12-31
4890196,GHED_CHE_pc_US_SHA2011,COUNTRY,WSM,WPR,Western Pacific,YEAR,2020,,,,,,,,,252.78,252.77748108,,,,2025-12-05T13:23:08Z,2020,2020-01-01,2020-12-31
4890893,GHED_CHE_pc_US_SHA2011,COUNTRY,BFA,AFR,Africa,YEAR,2000,,,,,,,,,10.01,10.00902748,,,,2025-12-05T13:23:08Z,2000,2000-01-01,2000-12-31
4891659,GHED_CHE_pc_US_SHA2011,COUNTRY,TUN,EMR,Eastern Mediterranean,YEAR,2015,,,,,,,,,249.46,249.46418762,,,,2025-12-05T13:23:08Z,2015,2015-01-01,2015-12-31
4895930,GHED_CHE_pc_US_SHA2011,COUNTRY,GEO,EUR,Europe,YEAR,2005,,,,,,,,,132.22,132.22496033,,,,2025-12-05T13:23:08Z,2005,2005-01-01,2005-12-31
4902943,GHED_CHE_pc_US_SHA2011,COUNTRY,KWT,EMR,Eastern Mediterranean,YEAR,2007,,,,,,,,,880.71,880.71105957,,,,2025-12-05T13:23:08Z,2007,2007-01-01,2007-12-31
4903627,GHED_CHE_pc_US_SHA2011,COUNTRY,ESP,EUR,Europe,YEAR,2023,,,,,,,,,3106.62,3106.62011719,,,,2025-12-05T13:23:08Z,2023,2023-01-01,2023-12-31
4906319,GHED_CHE_pc_US_SHA2011,COUNTRY,JAM,AMR,Americas,YEAR,2008,,,,,,,,,334.75,334.75042725,,,,2025-12-05T13:23:08Z,2008,2008-01-01,2008-12-31
4910703,GHED_CHE_pc_US_SHA2011,COUNTRY,ARE,EMR,Eastern Mediterranean,YEAR,2022,,,,,,,,,2240.91,2240.9050293,,,,2025-12-05T13:23:08Z,2022,2022-01-01,2022-12-31
4912665,GHED_CHE_pc_US_SHA2011,COUNTRY,DEU,EUR,Europe,YEAR,2001,,,,,,,,,2338.12,2338.12231445,,,,2025-12-05T13:23:08Z,2001,2001-01-01,2001-12-31
4915207,GHED_CHE_pc_US_SHA2011,COUNTRY,IRQ,EMR,Eastern Mediterranean,YEAR,2005,,,,,,,,,53.06,53.0551796,,,,2025-12-05T13:23:08Z,2005,2005-01-01,2005-12-31
4918944,GHED_CHE_pc_US_SHA2011,COUNTRY,SUR,AMR,Americas,YEAR,2006,,,,,,,,,313.68,313.68301392,,,,2025-12-05T13:23:08Z,2006,2006-01-01,2006-12-31
4918977,GHED_CHE_pc_US_SHA2011,COUNTRY,DOM,AMR,Americas,YEAR,2017,,,,,,,,,329.54,329.54168701,,,,2025-12-05T13:23:08Z,2017,2017-01-01,2017-12-31
4927328,GHED_CHE_pc_US_SHA2011,COUNTRY,MYS,WPR,Western Pacific,YEAR,2014,,,,,,,,,414.44,414.4392395,,,,2025-12-05T13:23:08Z,2014,2014-01-01,2014-12-31
4931390,GHED_CHE_pc_US_SHA2011,COUNTRY,NOR,EUR,Europe,YEAR,2023,,,,,,,,,8296.36,8296.35546875,,,,2025-12-05T13:23:08Z,2023,2023-01-01,2023-12-31
4937411,GHED_CHE_pc_US_SHA2011,COUNTRY,ZAF,AFR,Africa,YEAR,2011,,,,,,,,,686.87,686.87243652,,,,2025-12-05T13:23:08Z,2011,2011-01-01,2011-12-31
4939876,GHED_CHE_pc_US_SHA2011,COUNTRY,SMR,EUR,Europe,YEAR,2018,,,,,,,,,3969.36,3969.36474609,,,,2025-12-05T13:23:08Z,2018,2018-01-01,2018-12-31
4941760,GHED_CHE_pc_US_SHA2011,COUNTRY,GMB,AFR,Africa,YEAR,2004,,,,,,,,,32.16,32.15613174,,,,2025-12-05T13:23:08Z,2004,2004-01-01,2004-12-31
4945250,GHED_CHE_pc_US_SHA2011,COUNTRY,ISL,EUR,Europe,YEAR,2000,,,,,,,,,2855.57,2855.57470703,,,,2025-12-05T13:23:08Z,2000,2000-01-01,2000-12-31
4950477,GHED_CHE_pc_US_SHA2011,COUNTRY,CIV,AFR,Africa,YEAR,2002,,,,,,,,,32.55,32.55319595,,,,2025-12-05T13:23:08Z,2002,2002-01-01,2002-12-31
4953559,GHED_CHE_pc_US_SHA2011,COUNTRY,GHA,AFR,Africa,YEAR,2007,,,,,,,,,57.34,57.34096527,,,,2025-12-05T13:23:08Z,2007,2007-01-01,2007-12-31
4954106,GHED_CHE_pc_US_SHA2011,COUNTRY,GHA,AFR,Africa,YEAR,2009,,,,,,,,,62.44,62.44382095,,,,2025-12-05T13:23:08Z,2009,2009-01-01,2009-12-31
4954641,GHED_CHE_pc_US_SHA2011,COUNTRY,BEL,EUR,Europe,YEAR,2016,,,,,,,,,4569.64,4569.640625,,,,2025-12-05T13:23:08Z,2016,2016-01-01,2016-12-31
4968793,GHED_CHE_pc_US_SHA2011,COUNTRY,LBY,EMR,Eastern Mediterranean,YEAR,2014,,,,,,,,,462.19,462.19216919,,,,2025-12-05T13:23:08Z,2014,2014-01-01,2014-12-31
4976692,GHED_CHE_pc_US_SHA2011,COUNTRY,LAO,WPR,Western Pacific,YEAR,2006,,,,,,,,,19.23,19.22654533,,,,2025-12-05T13:23:08Z,2006,2006-01-01,2006-12-31
4976943,GHED_CHE_pc_US_SHA2011,COUNTRY,UKR,EUR,Europe,YEAR,2011,,,,,,,,,240.18,240.17747498,,,,2025-12-05T13:23:08Z,2011,2011-01-01,2011-12-31
4979234,GHED_CHE_pc_US_SHA2011,COUNTRY,CAF,AFR,Africa,YEAR,2009,,,,,,,,,21.38,21.37773895,,,,2025-12-05T13:23:08Z,2009,2009-01-01,2009-12-31
4980522,GHED_CHE_pc_US_SHA2011,COUNTRY,CRI,AMR,Americas,YEAR,2007,,,,,,,,,429.42,429.41894531,,,,2025-12-05T13:23:08Z,2007,2007-01-01,2007-12-31
4981976,GHED_CHE_pc_US_SHA2011,COUNTRY,TJK,EUR,Europe,YEAR,2005,,,,,,,,,17.38,17.38472557,,,,2025-12-05T13:23:08Z,2005,2005-01-01,2005-12-31
4989968,GHED_CHE_pc_US_SHA2011,COUNTRY,GIN,AFR,Africa,YEAR,2009,,,,,,,,,23.72,23.71565628,,,,2025-12-05T13:23:08Z,2009,2009-01-01,2009-12-31
4990158,GHED_CHE_pc_US_SHA2011,COUNTRY,NOR,EUR,Europe,YEAR,2007,,,,,,,,,6895.56,6895.56005859,,,,2025-12-05T13:23:08Z,2007,2007-01-01,2007-12-31
4994664,GHED_CHE_pc_US_SHA2011,COUNTRY,VUT,WPR,Western Pacific,YEAR,2001,,,,,,,,,45.73,45.73453903,,,,2025-12-05T13:23:08Z,2001,2001-01-01,2001-12-31
4995828,GHED_CHE_pc_US_SHA2011,COUNTRY,ISL,EUR,Europe,YEAR,2010,,,,,,,,,3614.04,3614.03833008,,,,2025-12-05T13:23:08Z,2010,2010-01-01,2010-12-31
4996798,GHED_CHE_pc_US_SHA2011,COUNTRY,TUR,EUR,Europe,YEAR,2016,,,,,,,,,456.37,456.3659668,,,,2025-12-05T13:23:08Z,2016,2016-01-01,2016-12-31
4998221,GHED_CHE_pc_US_SHA2011,COUNTRY,BRN,WPR,Western Pacific,YEAR,2010,,,,,,,,,795.98,795.97766113,,,,2025-12-05T13:23:08Z,2010,2010-01-01,2010-12-31
4998743,GHED_CHE_pc_US_SHA2011,COUNTRY,HUN,EUR,Europe,YEAR,2001,,,,,,,,,359.70,359.69750977,,,,2025-12-05T13:23:08Z,2001,2001-01-01,2001-12-31
5006342,GHED_CHE_pc_US_SHA2011,COUNTRY,VCT,AMR,Americas,YEAR,2006,,,,,,,,,209.84,209.83639526,,,,2025-12-05T13:23:08Z,2006,2006-01-01,2006-12-31
5007346,GHED_CHE_pc_US_SHA2011,COUNTRY,MNG,WPR,Western Pacific,YEAR,2006,,,,,,,,,49.53,49.52784348,,,,2025-12-05T13:23:08Z,2006,2006-01-01,2006-12-31
5007814,GHED_CHE_pc_US_SHA2011,COUNTRY,BDI,AFR,Africa,YEAR,2014,,,,,,,,,18.07,18.06601143,,,,2025-12-05T13:23:08Z,2014,2014-01-01,2014-12-31
5013063,GHED_CHE_pc_US_SHA2011,COUNTRY,COG,AFR,Africa,YEAR,2011,,,,,,,,,59.51,59.51348114,,,,2025-12-05T13:23:08Z,2011,2011-01-01,2011-12-31
5020636,GHED_CHE_pc_US_SHA2011,COUNTRY,ARG,AMR,Americas,YEAR,2004,,,,,,,,,303.32,303.31906128,,,,2025-12-05T13:23:08Z,2004,2004-01-01,2004-12-31
5021504,GHED_CHE_pc_US_SHA2011,COUNTRY,LBR,AFR,Africa,YEAR,2009,,,,,,,,,40.22,40.21982574,,,,2025-12-05T13:23:08Z,2009,2009-01-01,2009-12-31
5024295,GHED_CHE_pc_US_SHA2011,COUNTRY,SWE,EUR,Europe,YEAR,2008,,,,,,,,,4609.92,4609.91845703,,,,2025-12-05T13:23:08Z,2008,2008-01-01,2008-12-31
5024917,GHED_CHE_pc_US_SHA2011,COUNTRY,LSO,AFR,Africa,YEAR,2023,,,,,,,,,122.64,122.63982391,,,,2025-12-05T13:23:08Z,2023,2023-01-01,2023-12-31
5026291,GHED_CHE_pc_US_SHA2011,COUNTRY,KOR,WPR,Western Pacific,YEAR,2015,,,,,,,,,1950.90,1950.89575195,,,,2025-12-05T13:23:08Z,2015,2015-01-01,2015-12-31
5026498,GHED_CHE_pc_US_SHA2011,COUNTRY,CMR,AFR,Africa,YEAR,2017,,,,,,,,,56.75,56.7457695,,,,2025-12-05T13:23:08Z,2017,2017-01-01,2017-12-31
5028513,GHED_CHE_pc_US_SHA2011,COUNTRY,COL,AMR,Americas,YEAR,2017,,,,,,,,,497.54,497.54016113,,,,2025-12-05T13:23:08Z,2017,2017-01-01,2017-12-31
5028549,GHED_CHE_pc_US_SHA2011,COUNTRY,GUY,AMR,Americas,YEAR,2019,,,,,,,,,314.10,314.0977478,,,,2025-12-05T13:23:08Z,2019,2019-01-01,2019-12-31
5028884,GHED_CHE_pc_US_SHA2011,COUNTRY,LBY,EMR,Eastern Mediterranean,YEAR,2013,,,,,,,,,594.65,594.65338135,,,,2025-12-05T13:23:08Z,2013,2013-01-01,2013-12-31
5030990,GHED_CHE_pc_US_SHA2011,COUNTRY,BLZ,AMR,Americas,YEAR,2022,,,,,,,,,298.02,298.01553345,,,,2025-12-05T13:23:08Z,2022,2022-01-01,2022-12-31
5031620,GHED_CHE_pc_US_SHA2011,COUNTRY,LIE,EUR,Europe,YEAR,2017,,,,,,,,,9715.08,9715.07519531,,,,2025-12-05T13:23:08Z,2017,2017-01-01,2017-12-31
5037391,GHED_CHE_pc_US_SHA2011,COUNTRY,LBY,EMR,Eastern Mediterranean,YEAR,2007,,,,,,,,,269.63,269.63085938,,,,2025-12-05T13:23:08Z,2007,2007-01-01,2007-12-31
5039718,GHED_CHE_pc_US_SHA2011,COUNTRY,SWZ,AFR,Africa,YEAR,2006,,,,,,,,,237.51,237.50752258,,,,2025-12-05T13:23:08Z,2006,2006-01-01,2006-12-31
5040209,GHED_CHE_pc_US_SHA2011,COUNTRY,FRA,EUR,Europe,YEAR,2008,,,,,,,,,4807.37,4807.37451172,,,,2025-12-05T13:23:08Z,2008,2008-01-01,2008-12-31
5042872,GHED_CHE_pc_US_SHA2011,COUNTRY,SLB,WPR,Western Pacific,YEAR,2011,,,,,,,,,95.51,95.51364136,,,,2025-12-05T13:23:08Z,2011,2011-01-01,2011-12-31
5048778,GHED_CHE_pc_US_SHA2011,COUNTRY,IRN,EMR,Eastern Mediterranean,YEAR,2015,,,,,,,,,423.29,423.28967285,,,,2025-12-05T13:23:08Z,2015,2015-01-01,2015-12-31
5049399,GHED_CHE_pc_US_SHA2011,COUNTRY,BEN,AFR,Africa,YEAR,2020,,,,,,,,,36.62,36.62052536,,,,2025-12-05T13:23:08Z,2020,2020-01-01,2020-12-31
5050354,GHED_CHE_pc_US_SHA2011,COUNTRY,HUN,EUR,Europe,YEAR,2021,,,,,,,,,1392.97,1392.97460938,,,,2025-12-05T13:23:08Z,2021,2021-01-01,2021-12-31
5051631,GHED_CHE_pc_US_SHA2011,COUNTRY,LTU,EUR,Europe,YEAR,2002,,,,,,,,,254.37,254.36688232,,,,2025-12-05T13:23:08Z,2002,2002-01-01,2002-12-31
5054849,GHED_CHE_pc_US_SHA2011,COUNTRY,THA,SEAR,South-East Asia,YEAR,2010,,,,,,,,,168.62,168.61891174,,,,2025-12-05T13:23:08Z,2010,2010-01-01,2010-12-31
5054914,GHED_CHE_pc_US_SHA2011,COUNTRY,CHE,EUR,Europe,YEAR,2010,,,,,,,,,7645.26,7645.25732422,,,,2025-12-05T13:23:08Z,2010,2010-01-01,2010-12-31
5062937,GHED_CHE_pc_US_SHA2011,COUNTRY,CAN,AMR,Americas,YEAR,2007,,,,,,,,,4187.87,4187.87255859,,,,2025-12-05T13:23:08Z,2007,2007-01-01,2007-12-31
5066700,GHED_CHE_pc_US_SHA2011,COUNTRY,OMN,EMR,Eastern Mediterranean,YEAR,2013,,,,,,,,,587.71,587.71075439,,,,2025-12-05T13:23:08Z,2013,2013-01-01,2013-12-31
5066929,GHED_CHE_pc_US_SHA2011,COUNTRY,KOR,WPR,Western Pacific,YEAR,2010,,,,,,,,,1417.11,1417.10913086,,,,2025-12-05T13:23:08Z,2010,2010-01-01,2010-12-31
5068434,GHED_CHE_pc_US_SHA2011,COUNTRY,RUS,EUR,Europe,YEAR,2007,,,,,,,,,459.60,459.60296631,,,,2025-12-05T13:23:08Z,2007,2007-01-01,2007-12-31
5070937,GHED_CHE_pc_US_SHA2011,COUNTRY,FJI,WPR,Western Pacific,YEAR,2007,,,,,,,,,140.30,140.30192566,,,,2025-12-05T13:23:08Z,2007,2007-01-01,2007-12-31
5077325,GHED_CHE_pc_US_SHA2011,COUNTRY,PLW,WPR,Western Pacific,YEAR,2014,,,,,,,,,1481.36,1481.35656738,,,,2025-12-05T13:23:08Z,2014,2014-01-01,2014-12-31
5079211,GHED_CHE_pc_US_SHA2011,COUNTRY,DEU,EUR,Europe,YEAR,2009,,,,,,,,,4655.17,4655.171875,,,,2025-12-05T13:23:08Z,2009,2009-01-01,2009-12-31
5084456,GHED_CHE_pc_US_SHA2011,COUNTRY,PSE,EMR,Eastern Mediterranean,YEAR,2023,,,,,,,,,345.68,345.67965698,,,,2025-12-05T13:23:08Z,2023,2023-01-01,2023-12-31
5084798,GHED_CHE_pc_US_SHA2011,COUNTRY,PRY,AMR,Americas,YEAR,2016,,,,,,,,,385.52,385.52297974,,,,2025-12-05T13:23:08Z,2016,2016-01-01,2016-12-31
5085391,GHED_CHE_pc_US_SHA2011,COUNTRY,LUX,EUR,Europe,YEAR,2007,,,,,,,,,6671.27,6671.26513672,,,,2025-12-05T13:23:08Z,2007,2007-01-01,2007-12-31
5086522,GHED_CHE_pc_US_SHA2011,COUNTRY,DMA,AMR,Americas,YEAR,2005,,,,,,,,,263.66,263.66098022,,,,2025-12-05T13:23:08Z,2005,2005-01-01,2005-12-31
5097670,GHED_CHE_pc_US_SHA2011,COUNTRY,LSO,AFR,Africa,YEAR,2011,,,,,,,,,117.67,117.67031097,,,,2025-12-05T13:23:08Z,2011,2011-01-01,2011-12-31
5102350,GHED_CHE_pc_US_SHA2011,COUNTRY,QAT,EMR,Eastern Mediterranean,YEAR,2010,,,,,,,,,1309.79,1309.79272461,,,,2025-12-05T13:23:08Z,2010,2010-01-01,2010-12-31
5102601,GHED_CHE_pc_US_SHA2011,COUNTRY,BTN,SEAR,South-East Asia,YEAR,2001,,,,,,,,,35.09,35.08880234,,,,2025-12-05T13:23:08Z,2001,2001-01-01,2001-12-31
5104008,GHED_CHE_pc_US_SHA2011,COUNTRY,CAN,AMR,Americas,YEAR,2005,,,,,,,,,3268.47,3268.46850586,,,,2025-12-05T13:23:08Z,2005,2005-01-01,2005-12-31
5106721,GHED_CHE_pc_US_SHA2011,COUNTRY,AZE,EUR,Europe,YEAR,2008,,,,,,,,,111.88,111.88427734,,,,2025-12-05T13:23:08Z,2008,2008-01-01,2008-12-31
5107730,GHED_CHE_pc_US_SHA2011,COUNTRY,SGP,WPR,Western Pacific,YEAR,2000,,,,,,,,,796.03,796.03100586,,,,2025-12-05T13:23:08Z,2000,2000-01-01,2000-12-31
5109237,GHED_CHE_pc_US_SHA2011,COUNTRY,HRV,EUR,Europe,YEAR,2006,,,,,,,,,815.39,815.39093018,,,,2025-12-05T13:23:08Z,2006,2006-01-01,2006-12-31
5110206,GHED_CHE_pc_US_SHA2011,COUNTRY,GTM,AMR,Americas,YEAR,2006,,,,,,,,,149.04,149.04266357,,,,2025-12-05T13:23:08Z,2006,2006-01-01,2006-12-31
5110331,GHED_CHE_pc_US_SHA2011,COUNTRY,USA,AMR,Americas,YEAR,2012,,,,,,,,,8262.29,8262.29296875,,,,2025-12-05T13:23:08Z,2012,2012-01-01,2012-12-31
5112591,GHED_CHE_pc_US_SHA2011,COUNTRY,BFA,AFR,Africa,YEAR,2008,,,,,,,,,30.77,30.76880074,,,,2025-12-05T13:23:08Z,2008,2008-01-01,2008-12-31
5114662,GHED_CHE_pc_US_SHA2011,COUNTRY,KNA,AMR,Americas,YEAR,2010,,,,,,,,,867.45,867.4453125,,,,2025-12-05T13:23:08Z,2010,2010-01-01,2010-12-31
5114706,GHED_CHE_pc_US_SHA2011,COUNTRY,WSM,WPR,Western Pacific,YEAR,2001,,,,,,,,,56.10,56.09679031,,,,2025-12-05T13:23:08Z,2001,2001-01-01,2001-12-31
5114827,GHED_CHE_pc_US_SHA2011,COUNTRY,HRV,EUR,Europe,YEAR,2020,,,,,,,,,1123.38,1123.37963867,,,,2025-12-05T13:23:08Z,2020,2020-01-01,2020-12-31
5115154,GHED_CHE_pc_US_SHA2011,COUNTRY,NOR,EUR,Europe,YEAR,2010,,,,,,,,,7859.52,7859.51611328,,,,2025-12-05T13:23:08Z,2010,2010-01-01,2010-12-31
5115686,GHED_CHE_pc_US_SHA2011,COUNTRY,BFA,AFR,Africa,YEAR,2006,,,,,,,,,23.55,23.55202866,,,,2025-12-05T13:23:08Z,2006,2006-01-01,2006-12-31
5118402,GHED_CHE_pc_US_SHA2011,COUNTRY,SVN,EUR,Europe,YEAR,2021,,,,,,,,,2779.57,2779.56591797,,,,2025-12-05T13:23:08Z,2021,2021-01-01,2021-12-31
5119115,GHED_CHE_pc_US_SHA2011,COUNTRY,BLZ,AMR,Americas,YEAR,2001,,,,,,,,,163.11,163.11247253,,,,2025-12-05T13:23:08Z,2001,2001-01-01,2001-12-31
5123401,GHED_CHE_pc_US_SHA2011,COUNTRY,USA,AMR,Americas,YEAR,2001,,,,,,,,,4901.68,4901.67529297,,,,2025-12-05T13:23:08Z,2001,2001-01-01,2001-12-31
5127053,GHED_CHE_pc_US_SHA2011,COUNTRY,MAR,EMR,Eastern Mediterranean,YEAR,2014,,,,,,,,,188.64,188.6415863,,,,2025-12-05T13:23:08Z,2014,2014-01-01,2014-12-31
5127602,GHED_CHE_pc_US_SHA2011,COUNTRY,BIH,EUR,Europe,YEAR,2006,,,,,,,,,281.26,281.26403809,,,,2025-12-05T13:23:08Z,2006,2006-01-01,2006-12-31
5129147,GHED_CHE_pc_US_SHA2011,COUNTRY,QAT,EMR,Eastern Mediterranean,YEAR,2015,,,,,,,,,2422.64,2422.64453125,,,,2025-12-05T13:23:08Z,2015,2015-01-01,2015-12-31
5132581,GHED_CHE_pc_US_SHA2011,COUNTRY,GEO,EUR,Europe,YEAR,2021,,,,,,,,,524.32,524.32415771,,,,2025-12-05T13:23:08Z,2021,2021-01-01,2021-12-31
5138462,GHED_CHE_pc_US_SHA2011,COUNTRY,NGA,AFR,Africa,YEAR,2005,,,,,,,,,52.24,52.24337006,,,,2025-12-05T13:23:08Z,2005,2005-01-01,2005-12-31
5149604,GHED_CHE_pc_US_SHA2011,COUNTRY,MLI,AFR,Africa,YEAR,2010,,,,,,,,,31.36,31.36436844,,,,2025-12-05T13:23:08Z,2010,2010-01-01,2010-12-31
5149794,GHED_CHE_pc_US_SHA2011,COUNTRY,BRB,AMR,Americas,YEAR,2008,,,,,,,,,1136.54,1136.53637695,,,,2025-12-05T13:23:08Z,2008,2008-01-01,2008-12-31
5153657,GHED_CHE_pc_US_SHA2011,COUNTRY,TTO,AMR,Americas,YEAR,2004,,,,,,,,,431.37,431.37268066,,,,2025-12-05T13:23:08Z,2004,2004-01-01,2004-12-31
5159810,GHED_CHE_pc_US_SHA2011,COUNTRY,PRT,EUR,Europe,YEAR,2018,,,,,,,,,2206.71,2206.71240234,,,,2025-12-05T13:23:08Z,2018,2018-01-01,2018-12-31
5160361,GHED_CHE_pc_US_SHA2011,COUNTRY,ALB,EUR,Europe,YEAR,2006,,,,,,,,,164.22,164.22090149,,,,2025-12-05T13:23:08Z,2006,2006-01-01,2006-12-31
5160802,GHED_CHE_pc_US_SHA2011,COUNTRY,BDI,AFR,Africa,YEAR,2019,,,,,,,,,22.24,22.2435379,,,,2025-12-05T13:23:08Z,2019,2019-01-01,2019-12-31
5162583,GHED_CHE_pc_US_SHA2011,COUNTRY,MCO,EUR,Europe,YEAR,2007,,,,,,,,,7035.95,7035.9453125,,,,2025-12-05T13:23:08Z,2007,2007-01-01,2007-12-31
5162869,GHED_CHE_pc_US_SHA2011,COUNTRY,IND,SEAR,South-East Asia,YEAR,2023,,,,,,,,,84.69,84.68669891,,,,2025-12-05T13:23:08Z,2023,2023-01-01,2023-12-31
5163553,GHED_CHE_pc_US_SHA2011,COUNTRY,NGA,AFR,Africa,YEAR,2023,,,,,,,,,61.57,61.56990051,,,,2026-01-12T13:50:53Z,2023,2023-01-01,2023-12-31
5169654,GHED_CHE_pc_US_SHA2011,COUNTRY,SLB,WPR,Western Pacific,YEAR,2014,,,,,,,,,105.85,105.85440826,,,,2025-12-05T13:23:08Z,2014,2014-01-01,2014-12-31
5169978,GHED_CHE_pc_US_SHA2011,COUNTRY,STP,AFR,Africa,YEAR,2000,,,,,,,,,49.64,49.63587952,,,,2025-12-05T13:23:08Z,2000,2000-01-01,2000-12-31
5171937,GHED_CHE_pc_US_SHA2011,COUNTRY,GAB,AFR,Africa,YEAR,2010,,,,,,,,,206.88,206.87702942,,,,2025-12-05T13:23:08Z,2010,2010-01-01,2010-12-31
5172924,GHED_CHE_pc_US_SHA2011,COUNTRY,MMR,SEAR,South-East Asia,YEAR,2022,,,,,,,,,57.97,57.96875763,,,,2025-12-05T13:23:08Z,2022,2022-01-01,2022-12-31
5172955,GHED_CHE_pc_US_SHA2011,COUNTRY,BFA,AFR,Africa,YEAR,2017,,,,,,,,,43.38,43.37775803,,,,2025-12-05T13:23:08Z,2017,2017-01-01,2017-12-31
5178074,GHED_CHE_pc_US_SHA2011,COUNTRY,PAN,AMR,Americas,YEAR,2006,,,,,,,,,370.63,370.62973022,,,,2025-12-05T13:23:08Z,2006,2006-01-01,2006-12-31
5182526,GHED_CHE_pc_US_SHA2011,COUNTRY,DJI,EMR,Eastern Mediterranean,YEAR,2000,,,,,,,,,35.49,35.48954773,,,,2025-12-05T13:23:08Z,2000,2000-01-01,2000-12-31
5184660,GHED_CHE_pc_US_SHA2011,COUNTRY,NZL,WPR,Western Pacific,YEAR,2000,,,,,,,,,1054.28,1054.28100586,,,,2025-12-05T13:23:08Z,2000,2000-01-01,2000-12-31
5185119,GHED_CHE_pc_US_SHA2011,COUNTRY,TKM,EUR,Europe,YEAR,2022,,,,,,,,,579.15,579.15454102,,,,2025-12-05T13:23:08Z,2022,2022-01-01,2022-12-31
5189741,GHED_CHE_pc_US_SHA2011,COUNTRY,MLT,EUR,Europe,YEAR,2019,,,,,,,,,2947.24,2947.24023438,,,,2025-12-05T13:23:08Z,2019,2019-01-01,2019-12-31
5190376,GHED_CHE_pc_US_SHA2011,COUNTRY,TLS,SEAR,South-East Asia,YEAR,2005,,,,,,,,,25.73,25.72540092,,,,2025-12-05T13:23:08Z,2005,2005-01-01,2005-12-31
5190411,GHED_CHE_pc_US_SHA2011,COUNTRY,BRN,WPR,Western Pacific,YEAR,2015,,,,,,,,,731.05,731.04980469,,,,2025-12-05T13:23:08Z,2015,2015-01-01,2015-12-31
5192144,GHED_CHE_pc_US_SHA2011,COUNTRY,AFG,EMR,Eastern Mediterranean,YEAR,2022,,,,,,,,,80.65,80.6516037,,,,2025-12-05T13:23:08Z,2022,2022-01-01,2022-12-31
5194289,GHED_CHE_pc_US_SHA2011,COUNTRY,BWA,AFR,Africa,YEAR,2018,,,,,,,,,447.45,447.4473877,,,,2025-12-05T13:23:08Z,2018,2018-01-01,2018-12-31
5197657,GHED_CHE_pc_US_SHA2011,COUNTRY,MDA,EUR,Europe,YEAR,2002,,,,,,,,,33.92,33.9242363,,,,2025-12-05T13:23:08Z,2002,2002-01-01,2002-12-31
5203734,GHED_CHE_pc_US_SHA2011,COUNTRY,VNM,WPR,Western Pacific,YEAR,2001,,,,,,,,,25.55,25.55491257,,,,2025-12-05T13:23:08Z,2001,2001-01-01,2001-12-31
5207667,GHED_CHE_pc_US_SHA2011,COUNTRY,JPN,WPR,Western Pacific,YEAR,2010,,,,,,,,,4071.80,4071.80200195,,,,2025-12-05T13:23:08Z,2010,2010-01-01,2010-12-31
5208796,GHED_CHE_pc_US_SHA2011,COUNTRY,SLV,AMR,Americas,YEAR,2007,,,,,,,,,240.00,239.99687195,,,,2025-12-05T13:23:08Z,2007,2007-01-01,2007-12-31
5211896,GHED_CHE_pc_US_SHA2011,COUNTRY,BRN,WPR,Western Pacific,YEAR,2021,,,,,,,,,665.87,665.87030029,,,,2025-12-05T13:23:08Z,2021,2021-01-01,2021-12-31
5214484,GHED_CHE_pc_US_SHA2011,WORLDBANKINCOMEGROUP,WB_HI,,,YEAR,2023,,,,,,,,,3673.27,3673.26777907,,,,2025-12-05T13:23:08Z,2023,2023-01-01,2023-12-31
5216111,GHED_CHE_pc_US_SHA2011,COUNTRY,MUS,AFR,Africa,YEAR,2019,,,,,,,,,639.18,639.18286133,,,,2025-12-05T13:23:08Z,2019,2019-01-01,2019-12-31
5218011,GHED_CHE_pc_US_SHA2011,COUNTRY,SLV,AMR,Americas,YEAR,2011,,,,,,,,,295.64,295.64242554,,,,2025-12-05T13:23:08Z,2011,2011-01-01,2011-12-31
5218954,GHED_CHE_pc_US_SHA2011,COUNTRY,SLB,WPR,Western Pacific,YEAR,2013,,,,,,,,,99.00,98.99965668,,,,2025-12-05T13:23:08Z,2013,2013-01-01,2013-12-31
5223155,GHED_CHE_pc_US_SHA2011,COUNTRY,VNM,WPR,Western Pacific,YEAR,2020,,,,,,,,,153.10,153.10160828,,,,2025-12-05T13:23:08Z,2020,2020-01-01,2020-12-31
5224194,GHED_CHE_pc_US_SHA2011,COUNTRY,BHR,EMR,Eastern Mediterranean,YEAR,2020,,,,,,,,,1101.14,1101.14025879,,,,2025-12-05T13:23:08Z,2020,2020-01-01,2020-12-31
5226008,GHED_CHE_pc_US_SHA2011,COUNTRY,DNK,EUR,Europe,YEAR,2014,,,,,,,,,6447.92,6447.92382813,,,,2025-12-05T13:23:08Z,2014,2014-01-01,2014-12-31
5227995,GHED_CHE_pc_US_SHA2011,REGION,WPR,,,YEAR,2013,,,,,,,,,946.44,946.43907656,,,,2025-12-05T13:23:08Z,2013,2013-01-01,2013-12-31
5229322,GHED_CHE_pc_US_SHA2011,COUNTRY,LSO,AFR,Africa,YEAR,2002,,,,,,,,,23.20,23.20003891,,,,2025-12-05T13:23:08Z,2002,2002-01-01,2002-12-31
5232925,GHED_CHE_pc_US_SHA2011,COUNTRY,GHA,AFR,Africa,YEAR,2017,,,,,,,,,54.11,54.10602188,,,,2025-12-05T13:23:08Z,2017,2017-01-01,2017-12-31
5235407,GHED_CHE_pc_US_SHA2011,COUNTRY,GRD,AMR,Americas,YEAR,2020,,,,,,,,,475.84,475.83853149,,,,2025-12-05T13:23:08Z,2020,2020-01-01,2020-12-31
5235922,GHED_CHE_pc_US_SHA2011,COUNTRY,EGY,EMR,Eastern Mediterranean,YEAR,2015,,,,,,,,,170.26,170.25532532,,,,2025-12-05T13:23:08Z,2015,2015-01-01,2015-12-31
5237274,GHED_CHE_pc_US_SHA2011,COUNTRY,MDV,SEAR,South-East Asia,YEAR,2004,,,,,,,,,304.59,304.5932312,,,,2025-12-05T13:23:08Z,2004,2004-01-01,2004-12-31
5239381,GHED_CHE_pc_US_SHA2011,COUNTRY,LCA,AMR,Americas,YEAR,2012,,,,,,,,,456.06,456.06369019,,,,2025-12-05T13:23:08Z,2012,2012-01-01,2012-12-31
5239385,GHED_CHE_pc_US_SHA2011,COUNTRY,GIN,AFR,Africa,YEAR,2013,,,,,,,,,25.90,25.90467834,,,,2025-12-05T13:23:08Z,2013,2013-01-01,2013-12-31
5240721,GHED_CHE_pc_US_SHA2011,COUNTRY,MCO,EUR,Europe,YEAR,2004,,,,,,,,,5681.51,5681.51171875,,,,2025-12-05T13:23:08Z,2004,2004-01-01,2004-12-31
5245590,GHED_CHE_pc_US_SHA2011,COUNTRY,BGD,SEAR,South-East Asia,YEAR,2021,,,,,,,,,56.10,56.09640121,,,,2025-12-05T13:23:08Z,2021,2021-01-01,2021-12-31
5248179,GHED_CHE_pc_US_SHA2011,COUNTRY,MDA,EUR,Europe,YEAR,2019,,,,,,,,,283.98,283.98425293,,,,2025-12-05T13:23:08Z,2019,2019-01-01,2019-12-31
5249244,GHED_CHE_pc_US_SHA2011,COUNTRY,NGA,AFR,Africa,YEAR,2004,,,,,,,,,42.82,42.81798172,,,,2025-12-05T13:23:08Z,2004,2004-01-01,2004-12-31
5253062,GHED_CHE_pc_US_SHA2011,COUNTRY,TLS,SEAR,South-East Asia,YEAR,2008,,,,,,,,,43.72,43.71953964,,,,2025-12-05T13:23:08Z,2008,2008-01-01,2008-12-31
5256742,GHED_CHE_pc_US_SHA2011,COUNTRY,DNK,EUR,Europe,YEAR,2021,,,,,,,,,7429.99,7429.99023438,,,,2025-12-05T13:23:08Z,2021,2021-01-01,2021-12-31
5258975,GHED_CHE_pc_US_SHA2011,COUNTRY,BIH,EUR,Europe,YEAR,2018,,,,,,,,,529.86,529.85546875,,,,2025-12-05T13:23:08Z,2018,2018-01-01,2018-12-31
5259670,GHED_CHE_pc_US_SHA2011,COUNTRY,CIV,AFR,Africa,YEAR,2013,,,,,,,,,67.13,67.13149261,,,,2025-12-05T13:23:08Z,2013,2013-01-01,2013-12-31
5261133,GHED_CHE_pc_US_SHA2011,COUNTRY,BDI,AFR,Africa,YEAR,2013,,,,,,,,,20.26,20.26322556,,,,2025-12-05T13:23:08Z,2013,2013-01-01,2013-12-31
5261469,GHED_CHE_pc_US_SHA2011,COUNTRY,IRL,EUR,Europe,YEAR,2010,,,,,,,,,5133.46,5133.45507813,,,,2025-12-05T13:23:08Z,2010,2010-01-01,2010-12-31
5262504,GHED_CHE_pc_US_SHA2011,COUNTRY,ATG,AMR,Americas,YEAR,2010,,,,,,,,,724.09,724.08880615,,,,2025-12-05T13:23:08Z,2010,2010-01-01,2010-12-31
5266668,GHED_CHE_pc_US_SHA2011,COUNTRY,MCO,EUR,Europe,YEAR,2001,,,,,,,,,3050.58,3050.57739258,,,,2025-12-05T13:23:08Z,2001,2001-01-01,2001-12-31
5267067,GHED_CHE_pc_US_SHA2011,COUNTRY,TZA,AFR,Africa,YEAR,2022,,,,,,,,,35.93,35.93323135,,,,2025-12-05T13:23:08Z,2022,2022-01-01,2022-12-31
5269577,GHED_CHE_pc_US_SHA2011,COUNTRY,SLB,WPR,Western Pacific,YEAR,2023,,,,,,,,,111.36,111.35532379,,,,2025-12-05T13:23:08Z,2023,2023-01-01,2023-12-31
5270714,GHED_CHE_pc_US_SHA2011,COUNTRY,GMB,AFR,Africa,YEAR,2010,,,,,,,,,33.00,32.99832535,,,,2025-12-05T13:23:08Z,2010,2010-01-01,2010-12-31
5272270,GHED_CHE_pc_US_SHA2011,COUNTRY,TJK,EUR,Europe,YEAR,2000,,,,,,,,,5.91,5.90626955,,,,2025-12-05T13:23:08Z,2000,2000-01-01,2000-12-31
5273576,GHED_CHE_pc_US_SHA2011,COUNTRY,TLS,SEAR,South-East Asia,YEAR,2004,,,,,,,,,20.23,20.22569466,,,,2025-12-05T13:23:08Z,2004,2004-01-01,2004-12-31
5273664,GHED_CHE_pc_US_SHA2011,COUNTRY,KAZ,EUR,Europe,YEAR,2007,,,,,,,,,174.34,174.33786011,,,,2025-12-05T13:23:08Z,2007,2007-01-01,2007-12-31
5280196,GHED_CHE_pc_US_SHA2011,COUNTRY,PSE,EMR,Eastern Mediterranean,YEAR,2006,,,,,,,,,154.10,154.09745789,,,,2025-12-05T13:23:08Z,2006,2006-01-01,2006-12-31
5282445,GHED_CHE_pc_US_SHA2011,COUNTRY,LSO,AFR,Africa,YEAR,2016,,,,,,,,,91.01,91.0127182,,,,2025-12-05T13:23:08Z,2016,2016-01-01,2016-12-31
5287888,GHED_CHE_pc_US_SHA2011,GLOBAL,GLOBAL,,,YEAR,2006,,,,,,,,,801.92,801.92072641,,,,2025-12-05T13:23:08Z,2006,2006-01-01,2006-12-31
5289252,GHED_CHE_pc_US_SHA2011,COUNTRY,NIC,AMR,Americas,YEAR,2009,,,,,,,,,112.76,112.75749207,,,,2025-12-05T13:23:08Z,2009,2009-01-01,2009-12-31
5292787,GHED_CHE_pc_US_SHA2011,COUNTRY,BRB,AMR,Americas,YEAR,2020,,,,,,,,,1234.30,1234.30041504,,,,2025-12-05T13:23:08Z,2020,2020-01-01,2020-12-31
5293855,GHED_CHE_pc_US_SHA2011,COUNTRY,IND,SEAR,South-East Asia,YEAR,2019,,,,,,,,,60.69,60.6913681,,,,2025-12-05T13:23:08Z,2019,2019-01-01,2019-12-31
5297652,GHED_CHE_pc_US_SHA2011,COUNTRY,PAK,EMR,Eastern Mediterranean,YEAR,2023,,,,,,,,,30.49,30.48608398,,,,2025-12-05T13:23:08Z,2023,2023-01-01,2023-12-31
5305078,GHED_CHE_pc_US_SHA2011,COUNTRY,NIC,AMR,Americas,YEAR,2020,,,,,,,,,165.88,165.88038635,,,,2025-12-05T13:23:08Z,2020,2020-01-01,2020-12-31
5306259,GHED_CHE_pc_US_SHA2011,COUNTRY,THA,SEAR,South-East Asia,YEAR,2006,,,,,,,,,103.26,103.26116943,,,,2025-12-05T13:23:08Z,2006,2006-01-01,2006-12-31
5307773,GHED_CHE_pc_US_SHA2011,COUNTRY,BHR,EMR,Eastern Mediterranean,YEAR,2012,,,,,,,,,1038.17,1038.1661377,,,,2025-12-05T13:23:08Z,2012,2012-01-01,2012-12-31
5307826,GHED_CHE_pc_US_SHA2011,WORLDBANKINCOMEGROUP,WB_HI,,,YEAR,2002,,,,,,,,,1287.57,1287.56885934,,,,2025-12-05T13:23:08Z,2002,2002-01-01,2002-12-31
5313024,GHED_CHE_pc_US_SHA2011,COUNTRY,BWA,AFR,Africa,YEAR,2015,,,,,,,,,374.79,374.79058838,,,,2025-12-05T13:23:08Z,2015,2015-01-01,2015-12-31
5314041,GHED_CHE_pc_US_SHA2011,COUNTRY,NOR,EUR,Europe,YEAR,2002,,,,,,,,,3889.96,3889.95947266,,,,2025-12-05T13:23:08Z,2002,2002-01-01,2002-12-31
5314471,GHED_CHE_pc_US_SHA2011,COUNTRY,BTN,SEAR,South-East Asia,YEAR,2009,,,,,,,,,59.75,59.74616623,,,,2025-12-05T13:23:08Z,2009,2009-01-01,2009-12-31
5318044,GHED_CHE_pc_US_SHA2011,COUNTRY,BGD,SEAR,South-East Asia,YEAR,2009,,,,,,,,,17.70,17.7030201,,,,2025-12-05T13:23:08Z,2009,2009-01-01,2009-12-31
5318440,GHED_CHE_pc_US_SHA2011,COUNTRY,PLW,WPR,Western Pacific,YEAR,2009,,,,,,,,,947.13,947.12615967,,,,2025-12-05T13:23:08Z,2009,2009-01-01,2009-12-31
5321916,GHED_CHE_pc_US_SHA2011,COUNTRY,BRN,WPR,Western Pacific,YEAR,2019,,,,,,,,,678.82,678.81982422,,,,2025-12-05T13:23:08Z,2019,2019-01-01,2019-12-31
5321924,GHED_CHE_pc_US_SHA2011,COUNTRY,UGA,AFR,Africa,YEAR,2014,,,,,,,,,50.96,50.957798,,,,2025-12-05T13:23:08Z,2014,2014-01-01,2014-12-31
5323312,GHED_CHE_pc_US_SHA2011,COUNTRY,WSM,WPR,Western Pacific,YEAR,2004,,,,,,,,,104.43,104.42662811,,,,2025-12-05T13:23:08Z,2004,2004-01-01,2004-12-31
5326411,GHED_CHE_pc_US_SHA2011,COUNTRY,TJK,EUR,Europe,YEAR,2023,,,,,,,,,85.15,85.14702606,,,,2025-12-05T13:23:08Z,2023,2023-01-01,2023-12-31
5327308,GHED_CHE_pc_US_SHA2011,COUNTRY,LVA,EUR,Europe,YEAR,2015,,,,,,,,,775.86,775.86431885,,,,2025-12-05T13:23:08Z,2015,2015-01-01,2015-12-31
5327330,GHED_CHE_pc_US_SHA2011,COUNTRY,PRT,EUR,Europe,YEAR,2011,,,,,,,,,2255.97,2255.96923828,,,,2025-12-05T13:23:08Z,2011,2011-01-01,2011-12-31
5327860,GHED_CHE_pc_US_SHA2011,WORLDBANKINCOMEGROUP,WB_HI,,,YEAR,2017,,,,,,,,,2897.97,2897.97385958,,,,2025-12-05T13:23:08Z,2017,2017-01-01,2017-12-31
5329423,GHED_CHE_pc_US_SHA2011,COUNTRY,BGD,SEAR,South-East Asia,YEAR,2010,,,,,,,,,20.62,20.62105751,,,,2025-12-05T13:23:08Z,2010,2010-01-01,2010-12-31
5331775,GHED_CHE_pc_US_SHA2011,COUNTRY,HTI,AMR,Americas,YEAR,2017,,,,,,,,,53.81,53.80579758,,,,2025-12-05T13:23:08Z,2017,2017-01-01,2017-12-31
5331792,GHED_CHE_pc_US_SHA2011,COUNTRY,AFG,EMR,Eastern Mediterranean,YEAR,2008,,,,,,,,,39.89,39.88624954,,,,2025-12-05T13:23:08Z,2008,2008-01-01,2008-12-31
5333469,GHED_CHE_pc_US_SHA2011,COUNTRY,CHL,AMR,Americas,YEAR,2018,,,,,,,,,1430.70,1430.70263672,,,,2025-12-05T13:23:08Z,2018,2018-01-01,2018-12-31
5335370,GHED_CHE_pc_US_SHA2011,COUNTRY,COM,AFR,Africa,YEAR,2005,,,,,,,,,67.80,67.80059814,,,,2025-12-05T13:23:08Z,2005,2005-01-01,2005-12-31
5337340,GHED_CHE_pc_US_SHA2011,COUNTRY,BHR,EMR,Eastern Mediterranean,YEAR,2006,,,,,,,,,578.30,578.29705811,,,,2025-12-05T13:23:08Z,2006,2006-01-01,2006-12-31
5342606,GHED_CHE_pc_US_SHA2011,COUNTRY,PLW,WPR,Western Pacific,YEAR,2011,,,,,,,,,1072.56,1072.56323242,,,,2025-12-05T13:23:08Z,2011,2011-01-01,2011-12-31
5343493,GHED_CHE_pc_US_SHA2011,COUNTRY,DZA,AFR,Africa,YEAR,2010,,,,,,,,,227.95,227.95396423,,,,2025-12-05T13:23:08Z,2010,2010-01-01,2010-12-31
5345951,GHED_CHE_pc_US_SHA2011,COUNTRY,PHL,WPR,Western Pacific,YEAR,2007,,,,,,,,,64.28,64.27903748,,,,2025-12-05T13:23:08Z,2007,2007-01-01,2007-12-31
5348737,GHED_CHE_pc_US_SHA2011,COUNTRY,CHL,AMR,Americas,YEAR,2000,,,,,,,,,353.25,353.25033569,,,,2025-12-05T13:23:08Z,2000,2000-01-01,2000-12-31
5350134,GHED_CHE_pc_US_SHA2011,COUNTRY,EGY,EMR,Eastern Mediterranean,YEAR,2010,,,,,,,,,105.08,105.07817841,,,,2025-12-05T13:23:08Z,2010,2010-01-01,2010-12-31
5352315,GHED_CHE_pc_US_SHA2011,COUNTRY,IRL,EUR,Europe,YEAR,2012,,,,,,,,,5187.27,5187.27197266,,,,2025-12-05T13:23:08Z,2012,2012-01-01,2012-12-31
5353776,GHED_CHE_pc_US_SHA2011,COUNTRY,GHA,AFR,Africa,YEAR,2011,,,,,,,,,91.71,91.70959473,,,,2025-12-05T13:23:08Z,2011,2011-01-01,2011-12-31
5362007,GHED_CHE_pc_US_SHA2011,COUNTRY,SSD,AFR,Africa,YEAR,2021,,,,,,,,,34.79,34.78803635,,,,2025-12-05T13:23:08Z,2021,2021-01-01,2021-12-31
5364687,GHED_CHE_pc_US_SHA2011,COUNTRY,RUS,EUR,Europe,YEAR,2023,,,,,,,,,1003.33,1003.33166504,,,,2025-12-05T13:23:08Z,2023,2023-01-01,2023-12-31
5365494,GHED_CHE_pc_US_SHA2011,COUNTRY,AUT,EUR,Europe,YEAR,2014,,,,,,,,,5418.48,5418.47558594,,,,2025-12-05T13:23:08Z,2014,2014-01-01,2014-12-31
5365529,GHED_CHE_pc_US_SHA2011,COUNTRY,CAF,AFR,Africa,YEAR,2004,,,,,,,,,12.97,12.96809387,,,,2025-12-05T13:23:08Z,2004,2004-01-01,2004-12-31
5366991,GHED_CHE_pc_US_SHA2011,COUNTRY,CRI,AMR,Americas,YEAR,2010,,,,,,,,,663.69,663.69165039,,,,2025-12-05T13:23:08Z,2010,2010-01-01,2010-12-31
5367879,GHED_CHE_pc_US_SHA2011,COUNTRY,COM,AFR,Africa,YEAR,2019,,,,,,,,,78.24,78.23674774,,,,2025-12-05T13:23:08Z,2019,2019-01-01,2019-12-31
5371206,GHED_CHE_pc_US_SHA2011,COUNTRY,GRC,EUR,Europe,YEAR,2012,,,,,,,,,1948.25,1948.24816895,,,,2025-12-05T13:23:08Z,2012,2012-01-01,2012-12-31
5372068,GHED_CHE_pc_US_SHA2011,COUNTRY,EST,EUR,Europe,YEAR,2013,,,,,,,,,1194.86,1194.86206055,,,,2025-12-05T13:23:08Z,2013,2013-01-01,2013-12-31
5372267,GHED_CHE_pc_US_SHA2011,COUNTRY,GMB,AFR,Africa,YEAR,2003,,,,,,,,,28.30,28.3001461,,,,2025-12-05T13:23:08Z,2003,2003-01-01,2003-12-31
5374951,GHED_CHE_pc_US_SHA2011,COUNTRY,MNE,EUR,Europe,YEAR,2019,,,,,,,,,754.77,754.77441406,,,,2025-12-05T13:23:08Z,2019,2019-01-01,2019-12-31
5375188,GHED_CHE_pc_US_SHA2011,COUNTRY,CRI,AMR,Americas,YEAR,2012,,,,,,,,,788.53,788.53100586,,,,2025-12-05T13:23:08Z,2012,2012-01-01,2012-12-31
5375542,GHED_CHE_pc_US_SHA2011,COUNTRY,BRA,AMR,Americas,YEAR,2011,,,,,,,,,1043.35,1043.3548584,,,,2025-12-05T13:23:08Z,2011,2011-01-01,2011-12-31
5375552,GHED_CHE_pc_US_SHA2011,COUNTRY,SVN,EUR,Europe,YEAR,2017,,,,,,,,,1925.03,1925.03466797,,,,2025-12-05T13:23:08Z,2017,2017-01-01,2017-12-31
5376723,GHED_CHE_pc_US_SHA2011,COUNTRY,CMR,AFR,Africa,YEAR,2007,,,,,,,,,50.31,50.30911255,,,,2025-12-05T13:23:08Z,2007,2007-01-01,2007-12-31
5377369,GHED_CHE_pc_US_SHA2011,COUNTRY,MYS,WPR,Western Pacific,YEAR,2005,,,,,,,,,162.18,162.17677307,,,,2025-12-05T13:23:08Z,2005,2005-01-01,2005-12-31
5377991,GHED_CHE_pc_US_SHA2011,COUNTRY,ALB,EUR,Europe,YEAR,2013,,,,,,,,,276.08,276.0765686,,,,2025-12-05T13:23:08Z,2013,2013-01-01,2013-12-31
5378915,GHED_CHE_pc_US_SHA2011,COUNTRY,SYR,EMR,Eastern Mediterranean,YEAR,2021,,,,,,,,,53.47,53.4726181,,,,2025-12-05T13:23:08Z,2021,2021-01-01,2021-12-31
5379190,GHED_CHE_pc_US_SHA2011,COUNTRY,CHE,EUR,Europe,YEAR,2007,,,,,,,,,6124.81,6124.81445313,,,,2025-12-05T13:23:08Z,2007,2007-01-01,2007-12-31
5383841,GHED_CHE_pc_US_SHA2011,COUNTRY,SDN,EMR,Eastern Mediterranean,YEAR,2010,,,,,,,,,73.60,73.60398865,,,,2025-12-05T13:23:08Z,2010,2010-01-01,2010-12-31
5384940,GHED_CHE_pc_US_SHA2011,COUNTRY,NGA,AFR,Africa,YEAR,2022,,,,,,,,,86.06,86.06349182,,,,2026-01-12T13:50:53Z,2022,2022-01-01,2022-12-31
5385722,GHED_CHE_pc_US_SHA2011,COUNTRY,BIH,EUR,Europe,YEAR,2019,,,,,,,,,546.45,546.4508667,,,,2025-12-05T13:23:08Z,2019,2019-01-01,2019-12-31
5385833,GHED_CHE_pc_US_SHA2011,COUNTRY,ECU,AMR,Americas,YEAR,2000,,,,,,,,,49.37,49.37281418,,,,2025-12-05T13:23:08Z,2000,2000-01-01,2000-12-31
5387087,GHED_CHE_pc_US_SHA2011,COUNTRY,KGZ,EUR,Europe,YEAR,2013,,,,,,,,,103.59,103.59209442,,,,2025-12-05T13:23:08Z,2013,2013-01-01,2013-12-31
5391837,GHED_CHE_pc_US_SHA2011,COUNTRY,ETH,AFR,Africa,YEAR,2017,,,,,,,,,24.18,24.18239403,,,,2025-12-05T13:23:08Z,2017,2017-01-01,2017-12-31
5398617,GHED_CHE_pc_US_SHA2011,COUNTRY,LBY,EMR,Eastern Mediterranean,YEAR,2004,,,,,,,,,200.84,200.83604431,,,,2025-12-05T13:23:08Z,2004,2004-01-01,2004-12-31
5398645,GHED_CHE_pc_US_SHA2011,COUNTRY,TCD,AFR,Africa,YEAR,2005,,,,,,,,,31.28,31.27608871,,,,2025-12-05T13:23:08Z,2005,2005-01-01,2005-12-31
5398791,GHED_CHE_pc_US_SHA2011,COUNTRY,FJI,WPR,Western Pacific,YEAR,2001,,,,,,,,,61.50,61.49855804,,,,2025-12-05T13:23:08Z,2001,2001-01-01,2001-12-31
5400017,GHED_CHE_pc_US_SHA2011,COUNTRY,NAM,AFR,Africa,YEAR,2011,,,,,,,,,624.60,624.59814453,,,,2025-12-05T13:23:08Z,2011,2011-01-01,2011-12-31
5400624,GHED_CHE_pc_US_SHA2011,COUNTRY,MUS,AFR,Africa,YEAR,2007,,,,,,,,,229.23,229.2313385,,,,2025-12-05T13:23:08Z,2007,2007-01-01,2007-12-31
5401767,GHED_CHE_pc_US_SHA2011,COUNTRY,SLE,AFR,Africa,YEAR,2011,,,,,,,,,49.63,49.6336174,,,,2025-12-05T13:23:08Z,2011,2011-01-01,2011-12-31
5401984,GHED_CHE_pc_US_SHA2011,WORLDBANKINCOMEGROUP,WB_UMI,,,YEAR,2011,,,,,,,,,390.15,390.15401099,,,,2025-12-05T13:23:08Z,2011,2011-01-01,2011-12-31
5404150,GHED_CHE_pc_US_SHA2011,WORLDBANKINCOMEGROUP,WB_UMI,,,YEAR,2012,,,,,,,,,409.17,409.16774635,,,,2025-12-05T13:23:08Z,2012,2012-01-01,2012-12-31
5404159,GHED_CHE_pc_US_SHA2011,COUNTRY,MLT,EUR,Europe,YEAR,2008,,,,,,,,,1759.86,1759.8626709,,,,2025-12-05T13:23:08Z,2008,2008-01-01,2008-12-31
5404494,GHED_CHE_pc_US_SHA2011,COUNTRY,MWI,AFR,Africa,YEAR,2015,,,,,,,,,34.97,34.97310638,,,,2025-12-05T13:23:08Z,2015,2015-01-01,2015-12-31
5405297,GHED_CHE_pc_US_SHA2011,COUNTRY,WSM,WPR,Western Pacific,YEAR,2015,,,,,,,,,232.50,232.50479126,,,,2025-12-05T13:23:08Z,2015,2015-01-01,2015-12-31
5409327,GHED_CHE_pc_US_SHA2011,COUNTRY,GBR,EUR,Europe,YEAR,2021,,,,,,,,,5645.40,5645.40136719,,,,2025-12-05T13:23:08Z,2021,2021-01-01,2021-12-31
5409482,GHED_CHE_pc_US_SHA2011,COUNTRY,PER,AMR,Americas,YEAR,2014,,,,,,,,,332.19,332.18841553,,,,2025-12-05T13:23:08Z,2014,2014-01-01,2014-12-31
5409877,GHED_CHE_pc_US_SHA2011,COUNTRY,AFG,EMR,Eastern Mediterranean,YEAR,2019,,,,,,,,,74.06,74.0642395,,,,2025-12-05T13:23:08Z,2019,2019-01-01,2019-12-31
5409985,GHED_CHE_pc_US_SHA2011,COUNTRY,MNG,WPR,Western Pacific,YEAR,2000,,,,,,,,,28.14,28.13583946,,,,2025-12-05T13:23:08Z,2000,2000-01-01,2000-12-31
5410082,GHED_CHE_pc_US_SHA2011,COUNTRY,AUT,EUR,Europe,YEAR,2008,,,,,,,,,5080.84,5080.83740234,,,,2025-12-05T13:23:08Z,2008,2008-01-01,2008-12-31
5413659,GHED_CHE_pc_US_SHA2011,COUNTRY,BGR,EUR,Europe,YEAR,2013,,,,,,,,,553.69,553.68725586,,,,2025-12-05T13:23:08Z,2013,2013-01-01,2013-12-31
5414236,GHED_CHE_pc_US_SHA2011,COUNTRY,AND,EUR,Europe,YEAR,2003,,,,,,,,,1888.14,1888.13574219,,,,2025-12-05T13:23:08Z,2003,2003-01-01,2003-12-31
5419099,GHED_CHE_pc_US_SHA2011,COUNTRY,TON,WPR,Western Pacific,YEAR,2003,,,,,,,,,68.05,68.05188751,,,,2025-12-05T13:23:08Z,2003,2003-01-01,2003-12-31
5419175,GHED_CHE_pc_US_SHA2011,COUNTRY,ARM,EUR,Europe,YEAR,2011,,,,,,,,,325.29,325.29086304,,,,2025-12-05T13:23:08Z,2011,2011-01-01,2011-12-31
5421209,GHED_CHE_pc_US_SHA2011,COUNTRY,BGD,SEAR,South-East Asia,YEAR,2012,,,,,,,,,23.44,23.43771553,,,,2025-12-05T13:23:08Z,2012,2012-01-01,2012-12-31
5424472,GHED_CHE_pc_US_SHA2011,COUNTRY,TTO,AMR,Americas,YEAR,2002,,,,,,,,,324.37,324.36880493,,,,2025-12-05T13:23:08Z,2002,2002-01-01,2002-12-31
5429741,GHED_CHE_pc_US_SHA2011,COUNTRY,LAO,WPR,Western Pacific,YEAR,2019,,,,,,,,,67.58,67.57865143,,,,2025-12-05T13:23:08Z,2019,2019-01-01,2019-12-31
5429895,GHED_CHE_pc_US_SHA2011,COUNTRY,ZMB,AFR,Africa,YEAR,2022,,,,,,,,,75.40,75.40128326,,,,2025-12-05T13:23:08Z,2022,2022-01-01,2022-12-31
5431669,GHED_CHE_pc_US_SHA2011,COUNTRY,KGZ,EUR,Europe,YEAR,2002,,,,,,,,,14.41,14.4122982,,,,2025-12-05T13:23:08Z,2002,2002-01-01,2002-12-31
5436460,GHED_CHE_pc_US_SHA2011,COUNTRY,KHM,WPR,Western Pacific,YEAR,2003,,,,,,,,,25.01,25.00667191,,,,2025-12-05T13:23:08Z,2003,2003-01-01,2003-12-31
5438230,GHED_CHE_pc_US_SHA2011,COUNTRY,AUS,WPR,Western Pacific,YEAR,2009,,,,,,,,,3989.44,3989.44116211,,,,2025-12-05T13:23:08Z,2009,2009-01-01,2009-12-31
5448347,GHED_CHE_pc_US_SHA2011,COUNTRY,MLI,AFR,Africa,YEAR,2021,,,,,,,,,30.56,30.55883217,,,,2025-12-05T13:23:08Z,2021,2021-01-01,2021-12-31
5448393,GHED_CHE_pc_US_SHA2011,COUNTRY,KGZ,EUR,Europe,YEAR,2004,,,,,,,,,26.37,26.37302399,,,,2025-12-05T13:23:08Z,2004,2004-01-01,2004-12-31
5449326,GHED_CHE_pc_US_SHA2011,COUNTRY,BGD,SEAR,South-East Asia,YEAR,2013,,,,,,,,,26.97,26.96918297,,,,2025-12-05T13:23:08Z,2013,2013-01-01,2013-12-31
5458884,GHED_CHE_pc_US_SHA2011,COUNTRY,GBR,EUR,Europe,YEAR,2003,,,,,,,,,2773.99,2773.99414063,,,,2025-12-05T13:23:08Z,2003,2003-01-01,2003-12-31
5460759,GHED_CHE_pc_US_SHA2011,COUNTRY,AUS,WPR,Western Pacific,YEAR,2011,,,,,,,,,5876.89,5876.88525391,,,,2025-12-05T13:23:08Z,2011,2011-01-01,2011-12-31
5460884,GHED_CHE_pc_US_SHA2011,COUNTRY,RUS,EUR,Europe,YEAR,2006,,,,,,,,,350.84,350.84014893,,,,2025-12-05T13:23:08Z,2006,2006-01-01,2006-12-31
5462398,GHED_CHE_pc_US_SHA2011,COUNTRY,DEU,EUR,Europe,YEAR,2021,,,,,,,,,6653.58,6653.58349609,,,,2025-12-05T13:23:08Z,2021,2021-01-01,2021-12-31
5465625,GHED_CHE_pc_US_SHA2011,COUNTRY,SAU,EMR,Eastern Mediterranean,YEAR,2007,,,,,,,,,662.01,662.00793457,,,,2025-12-05T13:23:08Z,2007,2007-01-01,2007-12-31
5467093,GHED_CHE_pc_US_SHA2011,COUNTRY,BFA,AFR,Africa,YEAR,2014,,,,,,,,,38.25,38.24516678,,,,2025-12-05T13:23:08Z,2014,2014-01-01,2014-12-31
5473213,GHED_CHE_pc_US_SHA2011,COUNTRY,LAO,WPR,Western Pacific,YEAR,2008,,,,,,,,,26.75,26.74945259,,,,2025-12-05T13:23:08Z,2008,2008-01-01,2008-12-31
5473351,GHED_CHE_pc_US_SHA2011,COUNTRY,NIC,AMR,Americas,YEAR,2014,,,,,,,,,156.22,156.22232055999999,,,,2025-12-05T13:23:08Z,2014,2014-01-01,2014-12-31
5474736,GHED_CHE_pc_US_SHA2011,COUNTRY,BFA,AFR,Africa,YEAR,2018,,,,,,,,,38.49,38.48573303,,,,2025-12-05T13:23:08Z,2018,2018-01-01,2018-12-31
5475908,GHED_CHE_pc_US_SHA2011,COUNTRY,NRU,WPR,Western Pacific,YEAR,2018,,,,,,,,,1220.08,1220.0769043,,,,2025-12-05T13:23:08Z,2018,2018-01-01,2018-12-31
5477537,GHED_CHE_pc_US_SHA2011,COUNTRY,COK,WPR,Western Pacific,YEAR,2023,,,,,,,,,1081.87,1081.86706543,,,,2025-12-05T13:23:08Z,2023,2023-01-01,2023-12-31
5477899,GHED_CHE_pc_US_SHA2011,COUNTRY,SGP,WPR,Western Pacific,YEAR,2008,,,,,,,,,1286.91,1286.91345215,,,,2025-12-05T13:23:08Z,2008,2008-01-01,2008-12-31
5479401,GHED_CHE_pc_US_SHA2011,COUNTRY,GBR,EUR,Europe,YEAR,2005,,,,,,,,,3528.16,3528.16162109,,,,2025-12-05T13:23:08Z,2005,2005-01-01,2005-12-31
5480250,GHED_CHE_pc_US_SHA2011,COUNTRY,IRN,EMR,Eastern Mediterranean,YEAR,2018,,,,,,,,,244.22,244.21661377,,,,2025-12-05T13:23:08Z,2018,2018-01-01,2018-12-31
5483011,GHED_CHE_pc_US_SHA2011,COUNTRY,ALB,EUR,Europe,YEAR,2005,,,,,,,,,149.98,149.97515869,,,,2025-12-05T13:23:08Z,2005,2005-01-01,2005-12-31
5485434,GHED_CHE_pc_US_SHA2011,COUNTRY,PHL,WPR,Western Pacific,YEAR,2021,,,,,,,,,208.19,208.192276,,,,2025-12-05T13:23:08Z,2021,2021-01-01,2021-12-31
5486665,GHED_CHE_pc_US_SHA2011,COUNTRY,MDV,SEAR,South-East Asia,YEAR,2001,,,,,,,,,229.80,229.80044555999999,,,,2025-12-05T13:23:08Z,2001,2001-01-01,2001-12-31
5488273,GHED_CHE_pc_US_SHA2011,COUNTRY,SLV,AMR,Americas,YEAR,2018,,,,,,,,,348.19,348.18817139,,,,2025-12-05T13:23:08Z,2018,2018-01-01,2018-12-31
5488679,GHED_CHE_pc_US_SHA2011,COUNTRY,NGA,AFR,Africa,YEAR,2010,,,,,,,,,73.01,73.008255,,,,2025-12-05T13:23:08Z,2010,2010-01-01,2010-12-31
5488739,GHED_CHE_pc_US_SHA2011,COUNTRY,PRT,EUR,Europe,YEAR,2004,,,,,,,,,1723.74,1723.74401855,,,,2025-12-05T13:23:08Z,2004,2004-01-01,2004-12-31
5489454,GHED_CHE_pc_US_SHA2011,COUNTRY,MYS,WPR,Western Pacific,YEAR,2023,,,,,,,,,450.34,450.33853149,,,,2025-12-05T13:23:08Z,2023,2023-01-01,2023-12-31
5490390,GHED_CHE_pc_US_SHA2011,COUNTRY,LSO,AFR,Africa,YEAR,2018,,,,,,,,,130.94,130.93614197,,,,2025-12-05T13:23:08Z,2018,2018-01-01,2018-12-31
5492483,GHED_CHE_pc_US_SHA2011,COUNTRY,MMR,SEAR,South-East Asia,YEAR,2020,,,,,,,,,66.02,66.02284241,,,,2025-12-05T13:23:08Z,2020,2020-01-01,2020-12-31
5494240,GHED_CHE_pc_US_SHA2011,COUNTRY,TON,WPR,Western Pacific,YEAR,2022,,,,,,,,,382.79,382.79116821,,,,2025-12-05T13:23:08Z,2022,2022-01-01,2022-12-31
5494494,GHED_CHE_pc_US_SHA2011,COUNTRY,COL,AMR,Americas,YEAR,2013,,,,,,,,,580.96,580.96453857,,,,2025-12-05T13:23:08Z,2013,2013-01-01,2013-12-31
5494532,GHED_CHE_pc_US_SHA2011,COUNTRY,BLZ,AMR,Americas,YEAR,2012,,,,,,,,,247.98,247.97563171,,,,2025-12-05T13:23:08Z,2012,2012-01-01,2012-12-31
5494786,GHED_CHE_pc_US_SHA2011,COUNTRY,FIN,EUR,Europe,YEAR,2022,,,,,,,,,4902.04,4902.0390625,,,,2025-12-05T13:23:08Z,2022,2022-01-01,2022-12-31
5497233,GHED_CHE_pc_US_SHA2011,COUNTRY,PNG,WPR,Western Pacific,YEAR,2008,,,,,,,,,34.69,34.69308472,,,,2025-12-05T13:23:08Z,2008,2008-01-01,2008-12-31
5498242,GHED_CHE_pc_US_SHA2011,COUNTRY,ZAF,AFR,Africa,YEAR,2005,,,,,,,,,400.54,400.5355835,,,,2025-12-05T13:23:08Z,2005,2005-01-01,2005-12-31
5499331,GHED_CHE_pc_US_SHA2011,REGION,SEAR,,,YEAR,2015,,,,,,,,,177.86,177.85694631,,,,2025-12-05T13:23:08Z,2015,2015-01-01,2015-12-31
5499842,GHED_CHE_pc_US_SHA2011,COUNTRY,BFA,AFR,Africa,YEAR,2005,,,,,,,,,21.34,21.34285545,,,,2025-12-05T13:23:08Z,2005,2005-01-01,2005-12-31
5502985,GHED_CHE_pc_US_SHA2011,COUNTRY,WSM,WPR,Western Pacific,YEAR,2019,,,,,,,,,242.91,242.91064453,,,,2025-12-05T13:23:08Z,2019,2019-01-01,2019-12-31
5504851,GHED_CHE_pc_US_SHA2011,WORLDBANKINCOMEGROUP,WB_LI,,,YEAR,2003,,,,,,,,,17.72,17.71712496,,,,2025-12-05T13:23:08Z,2003,2003-01-01,2003-12-31
5515458,GHED_CHE_pc_US_SHA2011,COUNTRY,LUX,EUR,Europe,YEAR,2022,,,,,,,,,7022.63,7022.62695313,,,,2025-12-05T13:23:08Z,2022,2022-01-01,2022-12-31
5517575,GHED_CHE_pc_US_SHA2011,COUNTRY,RUS,EUR,Europe,YEAR,2014,,,,,,,,,736.32,736.32177734,,,,2025-12-05T13:23:08Z,2014,2014-01-01,2014-12-31
5517902,GHED_CHE_pc_US_SHA2011,REGION,SEAR,,,YEAR,2001,,,,,,,,,50.59,50.58690518,,,,2025-12-05T13:23:08Z,2001,2001-01-01,2001-12-31
5518526,GHED_CHE_pc_US_SHA2011,COUNTRY,AZE,EUR,Europe,YEAR,2011,,,,,,,,,184.93,184.93493652,,,,2025-12-05T13:23:08Z,2011,2011-01-01,2011-12-31
5523390,GHED_CHE_pc_US_SHA2011,COUNTRY,BLR,EUR,Europe,YEAR,2001,,,,,,,,,73.37,73.3659668,,,,2025-12-05T13:23:08Z,2001,2001-01-01,2001-12-31
5524171,GHED_CHE_pc_US_SHA2011,COUNTRY,LUX,EUR,Europe,YEAR,2009,,,,,,,,,7670.59,7670.59375,,,,2025-12-05T13:23:08Z,2009,2009-01-01,2009-12-31
5524503,GHED_CHE_pc_US_SHA2011,COUNTRY,SWE,EUR,Europe,YEAR,2002,,,,,,,,,2456.70,2456.70068359,,,,2025-12-05T13:23:08Z,2002,2002-01-01,2002-12-31
5525311,GHED_CHE_pc_US_SHA2011,COUNTRY,TJK,EUR,Europe,YEAR,2002,,,,,,,,,8.22,8.21969986,,,,2025-12-05T13:23:08Z,2002,2002-01-01,2002-12-31
5525844,GHED_CHE_pc_US_SHA2011,COUNTRY,EST,EUR,Europe,YEAR,2014,,,,,,,,,1287.76,1287.76123047,,,,2025-12-05T13:23:08Z,2014,2014-01-01,2014-12-31
5526367,GHED_CHE_pc_US_SHA2011,COUNTRY,LSO,AFR,Africa,YEAR,2007,,,,,,,,,65.80,65.80387878,,,,2025-12-05T13:23:08Z,2007,2007-01-01,2007-12-31
5526373,GHED_CHE_pc_US_SHA2011,COUNTRY,SWE,EUR,Europe,YEAR,2021,,,,,,,,,6894.20,6894.20166016,,,,2025-12-05T13:23:08Z,2021,2021-01-01,2021-12-31
5527797,GHED_CHE_pc_US_SHA2011,COUNTRY,CRI,AMR,Americas,YEAR,2011,,,,,,,,,753.43,753.42633057,,,,2025-12-05T13:23:08Z,2011,2011-01-01,2011-12-31
5530623,GHED_CHE_pc_US_SHA2011,REGION,AMR,,,YEAR,2021,,,,,,,,,1206.29,1206.29477793,,,,2025-12-05T13:23:08Z,2021,2021-01-01,2021-12-31
5530744,GHED_CHE_pc_US_SHA2011,COUNTRY,GRD,AMR,Americas,YEAR,2016,,,,,,,,,409.28,409.27841187,,,,2025-12-05T13:23:08Z,2016,2016-01-01,2016-12-31
5538218,GHED_CHE_pc_US_SHA2011,COUNTRY,LUX,EUR,Europe,YEAR,2018,,,,,,,,,6227.08,6227.08398438,,,,2025-12-05T13:23:08Z,2018,2018-01-01,2018-12-31
5539954,GHED_CHE_pc_US_SHA2011,COUNTRY,BRB,AMR,Americas,YEAR,2009,,,,,,,,,1163.97,1163.96875,,,,2025-12-05T13:23:08Z,2009,2009-01-01,2009-12-31
5542324,GHED_CHE_pc_US_SHA2011,COUNTRY,ISL,EUR,Europe,YEAR,2007,,,,,,,,,5803.81,5803.81152344,,,,2025-12-05T13:23:08Z,2007,2007-01-01,2007-12-31
5543099,GHED_CHE_pc_US_SHA2011,COUNTRY,COL,AMR,Americas,YEAR,2006,,,,,,,,,240.10,240.10488892,,,,2025-12-05T13:23:08Z,2006,2006-01-01,2006-12-31
5543342,GHED_CHE_pc_US_SHA2011,COUNTRY,CHN,WPR,Western Pacific,YEAR,2023,,,,,,,,,763.38,763.37762451,,,,2025-12-05T13:23:08Z,2023,2023-01-01,2023-12-31
5546383,GHED_CHE_pc_US_SHA2011,COUNTRY,BOL,AMR,Americas,YEAR,2001,,,,,,,,,44.88,44.88241577,,,,2025-12-05T13:23:08Z,2001,2001-01-01,2001-12-31
5548623,GHED_CHE_pc_US_SHA2011,COUNTRY,BEN,AFR,Africa,YEAR,2006,,,,,,,,,26.60,26.60264206,,,,2025-12-05T13:23:08Z,2006,2006-01-01,2006-12-31
5551025,GHED_CHE_pc_US_SHA2011,COUNTRY,TCD,AFR,Africa,YEAR,2010,,,,,,,,,35.26,35.26005936,,,,2025-12-05T13:23:08Z,2010,2010-01-01,2010-12-31
5557666,GHED_CHE_pc_US_SHA2011,COUNTRY,COD,AFR,Africa,YEAR,2013,,,,,,,,,15.38,15.37901688,,,,2025-12-05T13:23:08Z,2013,2013-01-01,2013-12-31
5559062,GHED_CHE_pc_US_SHA2011,COUNTRY,KIR,WPR,Western Pacific,YEAR,2014,,,,,,,,,155.39,155.38656616,,,,2025-12-05T13:23:08Z,2014,2014-01-01,2014-12-31
5563002,GHED_CHE_pc_US_SHA2011,COUNTRY,KHM,WPR,Western Pacific,YEAR,2013,,,,,,,,,65.40,65.39577484,,,,2025-12-05T13:23:08Z,2013,2013-01-01,2013-12-31
5563285,GHED_CHE_pc_US_SHA2011,COUNTRY,ECU,AMR,Americas,YEAR,2007,,,,,,,,,193.33,193.33273315,,,,2025-12-05T13:23:08Z,2007,2007-01-01,2007-12-31
5567313,GHED_CHE_pc_US_SHA2011,COUNTRY,ARE,EMR,Eastern Mediterranean,YEAR,2010,,,,,,,,,1619.99,1619.98864746,,,,2025-12-05T13:23:08Z,2010,2010-01-01,2010-12-31
5568045,GHED_CHE_pc_US_SHA2011,COUNTRY,COM,AFR,Africa,YEAR,2015,,,,,,,,,61.16,61.16300201,,,,2025-12-05T13:23:08Z,2015,2015-01-01,2015-12-31
5575639,GHED_CHE_pc_US_SHA2011,COUNTRY,ECU,AMR,Americas,YEAR,2012,,,,,,,,,387.55,387.54577637,,,,2025-12-05T13:23:08Z,2012,2012-01-01,2012-12-31
5577993,GHED_CHE_pc_US_SHA2011,COUNTRY,MKD,EUR,Europe,YEAR,2003,,,,,,,,,214.30,214.29603577,,,,2025-12-05T13:23:08Z,2003,2003-01-01,2003-12-31
5578396,GHED_CHE_pc_US_SHA2011,COUNTRY,MOZ,AFR,Africa,YEAR,2016,,,,,,,,,31.85,31.85357285,,,,2025-12-05T13:23:08Z,2016,2016-01-01,2016-12-31
5578574,GHED_CHE_pc_US_SHA2011,COUNTRY,CHE,EUR,Europe,YEAR,2017,,,,,,,,,9354.22,9354.22070313,,,,2025-12-05T13:23:08Z,2017,2017-01-01,2017-12-31
5580565,GHED_CHE_pc_US_SHA2011,COUNTRY,ERI,AFR,Africa,YEAR,2019,,,,,,,,,28.43,28.42930794,,,,2025-12-05T13:23:08Z,2019,2019-01-01,2019-12-31
5584259,GHED_CHE_pc_US_SHA2011,COUNTRY,LSO,AFR,Africa,YEAR,2022,,,,,,,,,133.33,133.32562256,,,,2025-12-05T13:23:08Z,2022,2022-01-01,2022-12-31
5584933,GHED_CHE_pc_US_SHA2011,COUNTRY,BRB,AMR,Americas,YEAR,2010,,,,,,,,,1114.37,1114.3729248,,,,2025-12-05T13:23:08Z,2010,2010-01-01,2010-12-31
5587258,GHED_CHE_pc_US_SHA2011,COUNTRY,SVN,EUR,Europe,YEAR,2013,,,,,,,,,2055.38,2055.38134766,,,,2025-12-05T13:23:08Z,2013,2013-01-01,2013-12-31
5588849,GHED_CHE_pc_US_SHA2011,COUNTRY,MHL,WPR,Western Pacific,YEAR,2020,,,,,,,,,687.02,687.02435303,,,,2025-12-05T13:23:08Z,2020,2020-01-01,2020-12-31
5588947,GHED_CHE_pc_US_SHA2011,COUNTRY,SWE,EUR,Europe,YEAR,2022,,,,,,,,,6022.39,6022.39257813,,,,2025-12-05T13:23:08Z,2022,2022-01-01,2022-12-31
5590017,GHED_CHE_pc_US_SHA2011,COUNTRY,SWE,EUR,Europe,YEAR,2007,,,,,,,,,4295.55,4295.55224609,,,,2025-12-05T13:23:08Z,2007,2007-01-01,2007-12-31
5591606,GHED_CHE_pc_US_SHA2011,COUNTRY,SVN,EUR,Europe,YEAR,2014,,,,,,,,,2062.38,2062.38476563,,,,2025-12-05T13:23:08Z,2014,2014-01-01,2014-12-31
5592084,GHED_CHE_pc_US_SHA2011,COUNTRY,ECU,AMR,Americas,YEAR,2002,,,,,,,,,99.13,99.12815857,,,,2025-12-05T13:23:08Z,2002,2002-01-01,2002-12-31
5597981,GHED_CHE_pc_US_SHA2011,COUNTRY,RWA,AFR,Africa,YEAR,2007,,,,,,,,,33.51,33.50738907,,,,2025-12-05T13:23:08Z,2007,2007-01-01,2007-12-31
5598857,GHED_CHE_pc_US_SHA2011,COUNTRY,MMR,SEAR,South-East Asia,YEAR,2018,,,,,,,,,60.83,60.83261871,,,,2025-12-05T13:23:08Z,2018,2018-01-01,2018-12-31
5600143,GHED_CHE_pc_US_SHA2011,COUNTRY,TTO,AMR,Americas,YEAR,2019,,,,,,,,,1097.21,1097.20556641,,,,2025-12-05T13:23:08Z,2019,2019-01-01,2019-12-31
5605225,GHED_CHE_pc_US_SHA2011,COUNTRY,MMR,SEAR,South-East Asia,YEAR,2005,,,,,,,,,7.65,7.65254498,,,,2025-12-05T13:23:08Z,2005,2005-01-01,2005-12-31
5605450,GHED_CHE_pc_US_SHA2011,COUNTRY,NPL,SEAR,South-East Asia,YEAR,2012,,,,,,,,,33.65,33.64963913,,,,2025-12-05T13:23:08Z,2012,2012-01-01,2012-12-31
5606325,GHED_CHE_pc_US_SHA2011,COUNTRY,ETH,AFR,Africa,YEAR,2006,,,,,,,,,8.42,8.42413712,,,,2025-12-05T13:23:08Z,2006,2006-01-01,2006-12-31
5611487,GHED_CHE_pc_US_SHA2011,COUNTRY,NRU,WPR,Western Pacific,YEAR,2020,,,,,,,,,1270.53,1270.52563477,,,,2025-12-05T13:23:08Z,2020,2020-01-01,2020-12-31
5614063,GHED_CHE_pc_US_SHA2011,COUNTRY,DEU,EUR,Europe,YEAR,2014,,,,,,,,,5287.34,5287.34423828,,,,2025-12-05T13:23:08Z,2014,2014-01-01,2014-12-31
5616051,GHED_CHE_pc_US_SHA2011,REGION,AFR,,,YEAR,2003,,,,,,,,,61.21,61.21092797,,,,2025-12-05T13:23:08Z,2003,2003-01-01,2003-12-31
5617330,GHED_CHE_pc_US_SHA2011,COUNTRY,BEL,EUR,Europe,YEAR,2006,,,,,,,,,3547.07,3547.06835938,,,,2025-12-05T13:23:08Z,2006,2006-01-01,2006-12-31
5620207,GHED_CHE_pc_US_SHA2011,COUNTRY,CAN,AMR,Americas,YEAR,2015,,,,,,,,,4658.84,4658.83789063,,,,2025-12-05T13:23:08Z,2015,2015-01-01,2015-12-31
5621823,GHED_CHE_pc_US_SHA2011,COUNTRY,PAK,EMR,Eastern Mediterranean,YEAR,2006,,,,,,,,,24.44,24.43647003,,,,2025-12-05T13:23:08Z,2006,2006-01-01,2006-12-31
5630410,GHED_CHE_pc_US_SHA2011,COUNTRY,LVA,EUR,Europe,YEAR,2006,,,,,,,,,552.30,552.30163574,,,,2025-12-05T13:23:08Z,2006,2006-01-01,2006-12-31
5632602,GHED_CHE_pc_US_SHA2011,COUNTRY,DJI,EMR,Eastern Mediterranean,YEAR,2004,,,,,,,,,40.05,40.04951477,,,,2025-12-05T13:23:08Z,2004,2004-01-01,2004-12-31
5633357,GHED_CHE_pc_US_SHA2011,COUNTRY,HUN,EUR,Europe,YEAR,2006,,,,,,,,,893.20,893.20300293,,,,2025-12-05T13:23:08Z,2006,2006-01-01,2006-12-31
5638938,GHED_CHE_pc_US_SHA2011,WORLDBANKINCOMEGROUP,WB_UMI,,,YEAR,2015,,,,,,,,,412.28,412.28302635,,,,2025-12-05T13:23:08Z,2015,2015-01-01,2015-12-31
5639303,GHED_CHE_pc_US_SHA2011,COUNTRY,ZMB,AFR,Africa,YEAR,2023,,,,,,,,,79.56,79.55635071,,,,2025-12-05T13:23:08Z,2023,2023-01-01,2023-12-31
5640479,GHED_CHE_pc_US_SHA2011,WORLDBANKINCOMEGROUP,WB_LMI,,,YEAR,2020,,,,,,,,,128.89,128.88888273,,,,2025-12-05T13:23:08Z,2020,2020-01-01,2020-12-31
5648512,GHED_CHE_pc_US_SHA2011,COUNTRY,SYR,EMR,Eastern Mediterranean,YEAR,2007,,,,,,,,,72.10,72.10467529,,,,2025-12-05T13:23:08Z,2007,2007-01-01,2007-12-31
5653521,GHED_CHE_pc_US_SHA2011,COUNTRY,UZB,EUR,Europe,YEAR,2016,,,,,,,,,129.82,129.82177734,,,,2025-12-05T13:23:08Z,2016,2016-01-01,2016-12-31
5656545,GHED_CHE_pc_US_SHA2011,COUNTRY,LKA,SEAR,South-East Asia,YEAR,2007,,,,,,,,,71.39,71.38779449,,,,2025-12-05T13:23:08Z,2007,2007-01-01,2007-12-31
5660806,GHED_CHE_pc_US_SHA2011,COUNTRY,MKD,EUR,Europe,YEAR,2013,,,,,,,,,361.13,361.13168335,,,,2025-12-05T13:23:08Z,2013,2013-01-01,2013-12-31
5664419,GHED_CHE_pc_US_SHA2011,COUNTRY,ZWE,AFR,Africa,YEAR,2015,,,,,,,,,103.32,103.31652832,,,,2025-12-05T13:23:08Z,2015,2015-01-01,2015-12-31
5664742,GHED_CHE_pc_US_SHA2011,COUNTRY,DOM,AMR,Americas,YEAR,2016,,,,,,,,,328.37,328.36526489,,,,2025-12-05T13:23:08Z,2016,2016-01-01,2016-12-31
5667625,GHED_CHE_pc_US_SHA2011,COUNTRY,ATG,AMR,Americas,YEAR,2023,,,,,,,,,841.25,841.24884033,,,,2025-12-05T13:23:08Z,2023,2023-01-01,2023-12-31
5668337,GHED_CHE_pc_US_SHA2011,COUNTRY,MDV,SEAR,South-East Asia,YEAR,2002,,,,,,,,,249.48,249.48114014,,,,2025-12-05T13:23:08Z,2002,2002-01-01,2002-12-31
5675012,GHED_CHE_pc_US_SHA2011,COUNTRY,NIU,WPR,Western Pacific,YEAR,2023,,,,,,,,,2299.44,2299.44067383,,,,2025-12-05T13:23:08Z,2023,2023-01-01,2023-12-31
5677825,GHED_CHE_pc_US_SHA2011,COUNTRY,USA,AMR,Americas,YEAR,2015,,,,,,,,,9200.93,9200.93164063,,,,2025-12-05T13:23:08Z,2015,2015-01-01,2015-12-31
5683583,GHED_CHE_pc_US_SHA2011,COUNTRY,SEN,AFR,Africa,YEAR,2005,,,,,,,,,36.01,36.00606155,,,,2025-12-05T13:23:08Z,2005,2005-01-01,2005-12-31
5688016,GHED_CHE_pc_US_SHA2011,COUNTRY,CRI,AMR,Americas,YEAR,2020,,,,,,,,,969.89,969.89099121,,,,2025-12-05T13:23:08Z,2020,2020-01-01,2020-12-31
5688464,GHED_CHE_pc_US_SHA2011,COUNTRY,ISL,EUR,Europe,YEAR,2009,,,,,,,,,3622.98,3622.97827148,,,,2025-12-05T13:23:08Z,2009,2009-01-01,2009-12-31
5689425,GHED_CHE_pc_US_SHA2011,COUNTRY,ITA,EUR,Europe,YEAR,2006,,,,,,,,,2821.77,2821.77392578,,,,2025-12-05T13:23:08Z,2006,2006-01-01,2006-12-31
5691063,GHED_CHE_pc_US_SHA2011,COUNTRY,FIN,EUR,Europe,YEAR,2003,,,,,,,,,2613.85,2613.84570313,,,,2025-12-05T13:23:08Z,2003,2003-01-01,2003-12-31
5693928,GHED_CHE_pc_US_SHA2011,COUNTRY,TUV,WPR,Western Pacific,YEAR,2004,,,,,,,,,216.72,216.72221375,,,,2025-12-05T13:23:08Z,2004,2004-01-01,2004-12-31
5694592,GHED_CHE_pc_US_SHA2011,COUNTRY,NGA,AFR,Africa,YEAR,2016,,,,,,,,,75.52,75.52328491,,,,2025-12-05T13:23:08Z,2016,2016-01-01,2016-12-31
5694822,GHED_CHE_pc_US_SHA2011,COUNTRY,GEO,EUR,Europe,YEAR,2002,,,,,,,,,66.09,66.08916473,,,,2025-12-05T13:23:08Z,2002,2002-01-01,2002-12-31
5700177,GHED_CHE_pc_US_SHA2011,COUNTRY,LBR,AFR,Africa,YEAR,2023,,,,,,,,,103.94,103.94123077,,,,2025-12-05T13:23:08Z,2023,2023-01-01,2023-12-31
5704481,GHED_CHE_pc_US_SHA2011,COUNTRY,IRN,EMR,Eastern Mediterranean,YEAR,2022,,,,,,,,,250.23,250.23272705,,,,2025-12-05T13:23:08Z,2022,2022-01-01,2022-12-31
5709745,GHED_CHE_pc_US_SHA2011,COUNTRY,MHL,WPR,Western Pacific,YEAR,2007,,,,,,,,,485.02,485.01657104,,,,2025-12-05T13:23:08Z,2007,2007-01-01,2007-12-31
5712735,GHED_CHE_pc_US_SHA2011,COUNTRY,MOZ,AFR,Africa,YEAR,2001,,,,,,,,,8.54,8.53719139,,,,2025-12-05T13:23:08Z,2001,2001-01-01,2001-12-31
5713380,GHED_CHE_pc_US_SHA2011,COUNTRY,LBR,AFR,Africa,YEAR,2007,,,,,,,,,15.86,15.8568964,,,,2025-12-05T13:23:08Z,2007,2007-01-01,2007-12-31
5714069,GHED_CHE_pc_US_SHA2011,COUNTRY,HND,AMR,Americas,YEAR,2011,,,,,,,,,182.31,182.3137207,,,,2025-12-05T13:23:08Z,2011,2011-01-01,2011-12-31
5714278,GHED_CHE_pc_US_SHA2011,COUNTRY,THA,SEAR,South-East Asia,YEAR,2005,,,,,,,,,90.61,90.61147308,,,,2025-12-05T13:23:08Z,2005,2005-01-01,2005-12-31
5715931,GHED_CHE_pc_US_SHA2011,COUNTRY,ETH,AFR,Africa,YEAR,2007,,,,,,,,,11.63,11.63210678,,,,2025-12-05T13:23:08Z,2007,2007-01-01,2007-12-31
5716478,GHED_CHE_pc_US_SHA2011,COUNTRY,SVK,EUR,Europe,YEAR,2015,,,,,,,,,1108.88,1108.87817383,,,,2025-12-05T13:23:08Z,2015,2015-01-01,2015-12-31
5719879,GHED_CHE_pc_US_SHA2011,COUNTRY,AND,EUR,Europe,YEAR,2011,,,,,,,,,3555.52,3555.52319336,,,,2025-12-05T13:23:08Z,2011,2011-01-01,2011-12-31
5721483,GHED_CHE_pc_US_SHA2011,COUNTRY,DEU,EUR,Europe,YEAR,2023,,,,,,,,,6394.62,6394.62255859,,,,2025-12-05T13:23:08Z,2023,2023-01-01,2023-12-31
5723775,GHED_CHE_pc_US_SHA2011,COUNTRY,FJI,WPR,Western Pacific,YEAR,2011,,,,,,,,,140.94,140.93704224,,,,2025-12-05T13:23:08Z,2011,2011-01-01,2011-12-31
5724875,GHED_CHE_pc_US_SHA2011,COUNTRY,PAK,EMR,Eastern Mediterranean,YEAR,2011,,,,,,,,,25.02,25.02491379,,,,2025-12-05T13:23:08Z,2011,2011-01-01,2011-12-31
5725575,GHED_CHE_pc_US_SHA2011,COUNTRY,JOR,EMR,Eastern Mediterranean,YEAR,2014,,,,,,,,,302.14,302.14120483,,,,2025-12-05T13:23:08Z,2014,2014-01-01,2014-12-31
5726841,GHED_CHE_pc_US_SHA2011,COUNTRY,DZA,AFR,Africa,YEAR,2020,,,,,,,,,211.07,211.07240295,,,,2025-12-05T13:23:08Z,2020,2020-01-01,2020-12-31
5729224,GHED_CHE_pc_US_SHA2011,COUNTRY,BGD,SEAR,South-East Asia,YEAR,2007,,,,,,,,,14.04,14.03898716,,,,2025-12-05T13:23:08Z,2007,2007-01-01,2007-12-31
5730973,GHED_CHE_pc_US_SHA2011,COUNTRY,COK,WPR,Western Pacific,YEAR,2009,,,,,,,,,455.75,455.74633789,,,,2025-12-05T13:23:08Z,2009,2009-01-01,2009-12-31
5733206,GHED_CHE_pc_US_SHA2011,COUNTRY,ECU,AMR,Americas,YEAR,2011,,,,,,,,,340.41,340.40786743,,,,2025-12-05T13:23:08Z,2011,2011-01-01,2011-12-31
5733813,GHED_CHE_pc_US_SHA2011,COUNTRY,BRN,WPR,Western Pacific,YEAR,2009,,,,,,,,,739.28,739.28015137,,,,2025-12-05T13:23:08Z,2009,2009-01-01,2009-12-31
5735131,GHED_CHE_pc_US_SHA2011,COUNTRY,CIV,AFR,Africa,YEAR,2017,,,,,,,,,63.78,63.77943039,,,,2025-12-05T13:23:08Z,2017,2017-01-01,2017-12-31
5735401,GHED_CHE_pc_US_SHA2011,COUNTRY,MMR,SEAR,South-East Asia,YEAR,2006,,,,,,,,,8.47,8.47415161,,,,2025-12-05T13:23:08Z,2006,2006-01-01,2006-12-31
5735655,GHED_CHE_pc_US_SHA2011,COUNTRY,PAK,EMR,Eastern Mediterranean,YEAR,2022,,,,,,,,,38.77,38.76602173,,,,2025-12-05T13:23:08Z,2022,2022-01-01,2022-12-31
5738024,GHED_CHE_pc_US_SHA2011,COUNTRY,CIV,AFR,Africa,YEAR,2004,,,,,,,,,47.05,47.04700851,,,,2025-12-05T13:23:08Z,2004,2004-01-01,2004-12-31
5739020,GHED_CHE_pc_US_SHA2011,COUNTRY,KAZ,EUR,Europe,YEAR,2002,,,,,,,,,56.88,56.88095856,,,,2025-12-05T13:23:08Z,2002,2002-01-01,2002-12-31
5739196,GHED_CHE_pc_US_SHA2011,COUNTRY,COD,AFR,Africa,YEAR,2018,,,,,,,,,17.29,17.29077148,,,,2025-12-05T13:23:08Z,2018,2018-01-01,2018-12-31
5741801,GHED_CHE_pc_US_SHA2011,COUNTRY,LBR,AFR,Africa,YEAR,2018,,,,,,,,,68.88,68.88298798,,,,2025-12-05T13:23:08Z,2018,2018-01-01,2018-12-31
5742932,GHED_CHE_pc_US_SHA2011,COUNTRY,JPN,WPR,Western Pacific,YEAR,2003,,,,,,,,,2650.24,2650.23852539,,,,2025-12-05T13:23:08Z,2003,2003-01-01,2003-12-31
5743676,GHED_CHE_pc_US_SHA2011,COUNTRY,COM,AFR,Africa,YEAR,2014,,,,,,,,,84.64,84.63935852,,,,2025-12-05T13:23:08Z,2014,2014-01-01,2014-12-31
5744158,GHED_CHE_pc_US_SHA2011,COUNTRY,NRU,WPR,Western Pacific,YEAR,2003,,,,,,,,,273.60,273.59832764,,,,2025-12-05T13:23:08Z,2003,2003-01-01,2003-12-31
5744340,GHED_CHE_pc_US_SHA2011,COUNTRY,UKR,EUR,Europe,YEAR,2008,,,,,,,,,212.75,212.75292969,,,,2025-12-05T13:23:08Z,2008,2008-01-01,2008-12-31
5746178,GHED_CHE_pc_US_SHA2011,COUNTRY,SLB,WPR,Western Pacific,YEAR,2005,,,,,,,,,89.03,89.02578735,,,,2025-12-05T13:23:08Z,2005,2005-01-01,2005-12-31
5746651,GHED_CHE_pc_US_SHA2011,COUNTRY,GEO,EUR,Europe,YEAR,2011,,,,,,,,,315.30,315.29684448,,,,2025-12-05T13:23:08Z,2011,2011-01-01,2011-12-31
5747732,GHED_CHE_pc_US_SHA2011,COUNTRY,KAZ,EUR,Europe,YEAR,2003,,,,,,,,,72.90,72.90396881,,,,2025-12-05T13:23:08Z,2003,2003-01-01,2003-12-31
5748299,GHED_CHE_pc_US_SHA2011,COUNTRY,IRN,EMR,Eastern Mediterranean,YEAR,2002,,,,,,,,,104.64,104.64128113,,,,2025-12-05T13:23:08Z,2002,2002-01-01,2002-12-31
5748525,GHED_CHE_pc_US_SHA2011,COUNTRY,KWT,EMR,Eastern Mediterranean,YEAR,2002,,,,,,,,,578.42,578.41534424,,,,2025-12-05T13:23:08Z,2002,2002-01-01,2002-12-31
5750119,GHED_CHE_pc_US_SHA2011,COUNTRY,COD,AFR,Africa,YEAR,2008,,,,,,,,,15.37,15.36659527,,,,2025-12-05T13:23:08Z,2008,2008-01-01,2008-12-31
5751703,GHED_CHE_pc_US_SHA2011,COUNTRY,AUS,WPR,Western Pacific,YEAR,2018,,,,,,,,,5843.65,5843.64794922,,,,2025-12-05T13:23:08Z,2018,2018-01-01,2018-12-31
5752210,GHED_CHE_pc_US_SHA2011,COUNTRY,GNQ,AFR,Africa,YEAR,2006,,,,,,,,,143.96,143.95661926,,,,2025-12-05T13:23:08Z,2006,2006-01-01,2006-12-31
5760426,GHED_CHE_pc_US_SHA2011,COUNTRY,BWA,AFR,Africa,YEAR,2000,,,,,,,,,206.93,206.93144226,,,,2025-12-05T13:23:08Z,2000,2000-01-01,2000-12-31
5761905,GHED_CHE_pc_US_SHA2011,COUNTRY,LBR,AFR,Africa,YEAR,2004,,,,,,,,,16.78,16.7787571,,,,2025-12-05T13:23:08Z,2004,2004-01-01,2004-12-31
5764783,GHED_CHE_pc_US_SHA2011,COUNTRY,TUV,WPR,Western Pacific,YEAR,2013,,,,,,,,,484.59,484.58966064,,,,2025-12-05T13:23:08Z,2013,2013-01-01,2013-12-31
5766186,GHED_CHE_pc_US_SHA2011,COUNTRY,ECU,AMR,Americas,YEAR,2019,,,,,,,,,484.54,484.54037476,,,,2025-12-05T13:23:08Z,2019,2019-01-01,2019-12-31
5767054,GHED_CHE_pc_US_SHA2011,COUNTRY,SDN,EMR,Eastern Mediterranean,YEAR,2004,,,,,,,,,29.30,29.30404472,,,,2025-12-05T13:23:08Z,2004,2004-01-01,2004-12-31
5767754,GHED_CHE_pc_US_SHA2011,COUNTRY,TCD,AFR,Africa,YEAR,2004,,,,,,,,,27.75,27.74994278,,,,2025-12-05T13:23:08Z,2004,2004-01-01,2004-12-31
5768232,GHED_CHE_pc_US_SHA2011,COUNTRY,COD,AFR,Africa,YEAR,2011,,,,,,,,,11.90,11.89942932,,,,2025-12-05T13:23:08Z,2011,2011-01-01,2011-12-31
5768351,GHED_CHE_pc_US_SHA2011,COUNTRY,ZAF,AFR,Africa,YEAR,2001,,,,,,,,,202.81,202.81065369,,,,2025-12-05T13:23:08Z,2001,2001-01-01,2001-12-31
5769698,GHED_CHE_pc_US_SHA2011,COUNTRY,THA,SEAR,South-East Asia,YEAR,2017,,,,,,,,,247.08,247.08152771,,,,2025-12-05T13:23:08Z,2017,2017-01-01,2017-12-31
5777597,GHED_CHE_pc_US_SHA2011,COUNTRY,CHE,EUR,Europe,YEAR,2012,,,,,,,,,8868.98,8868.98144531,,,,2025-12-05T13:23:08Z,2012,2012-01-01,2012-12-31
5779351,GHED_CHE_pc_US_SHA2011,COUNTRY,ZMB,AFR,Africa,YEAR,2011,,,,,,,,,64.32,64.3181076,,,,2025-12-05T13:23:08Z,2011,2011-01-01,2011-12-31
5779780,GHED_CHE_pc_US_SHA2011,COUNTRY,TTO,AMR,Americas,YEAR,2022,,,,,,,,,1266.29,1266.28820801,,,,2025-12-05T13:23:08Z,2022,2022-01-01,2022-12-31
5784468,GHED_CHE_pc_US_SHA2011,COUNTRY,POL,EUR,Europe,YEAR,2016,,,,,,,,,816.09,816.08618164,,,,2025-12-05T13:23:08Z,2016,2016-01-01,2016-12-31
5785884,GHED_CHE_pc_US_SHA2011,COUNTRY,SDN,EMR,Eastern Mediterranean,YEAR,2018,,,,,,,,,33.88,33.88366699,,,,2025-12-05T13:23:08Z,2018,2018-01-01,2018-12-31
5786946,GHED_CHE_pc_US_SHA2011,COUNTRY,PNG,WPR,Western Pacific,YEAR,2009,,,,,,,,,36.54,36.5436821,,,,2025-12-05T13:23:08Z,2009,2009-01-01,2009-12-31
5788251,GHED_CHE_pc_US_SHA2011,COUNTRY,CHN,WPR,Western Pacific,YEAR,2013,,,,,,,,,329.09,329.08572388,,,,2025-12-05T13:23:08Z,2013,2013-01-01,2013-12-31
5789554,GHED_CHE_pc_US_SHA2011,COUNTRY,DMA,AMR,Americas,YEAR,2017,,,,,,,,,415.87,415.87072754,,,,2025-12-05T13:23:08Z,2017,2017-01-01,2017-12-31
5794632,GHED_CHE_pc_US_SHA2011,COUNTRY,OMN,EMR,Eastern Mediterranean,YEAR,2010,,,,,,,,,583.57,583.57073975,,,,2025-12-05T13:23:08Z,2010,2010-01-01,2010-12-31
5794651,GHED_CHE_pc_US_SHA2011,COUNTRY,BGD,SEAR,South-East Asia,YEAR,2003,,,,,,,,,9.98,9.98434258,,,,2025-12-05T13:23:08Z,2003,2003-01-01,2003-12-31
5797707,GHED_CHE_pc_US_SHA2011,COUNTRY,MLT,EUR,Europe,YEAR,2002,,,,,,,,,830.65,830.64630127,,,,2025-12-05T13:23:08Z,2002,2002-01-01,2002-12-31
5798108,GHED_CHE_pc_US_SHA2011,COUNTRY,DJI,EMR,Eastern Mediterranean,YEAR,2023,,,,,,,,,77.57,77.57087708,,,,2025-12-05T13:23:08Z,2023,2023-01-01,2023-12-31
5798832,GHED_CHE_pc_US_SHA2011,COUNTRY,LKA,SEAR,South-East Asia,YEAR,2004,,,,,,,,,49.15,49.14835358,,,,2025-12-05T13:23:08Z,2004,2004-01-01,2004-12-31
5800581,GHED_CHE_pc_US_SHA2011,COUNTRY,SYR,EMR,Eastern Mediterranean,YEAR,2022,,,,,,,,,53.26,53.26486588,,,,2025-12-05T13:23:08Z,2022,2022-01-01,2022-12-31
5800609,GHED_CHE_pc_US_SHA2011,COUNTRY,GMB,AFR,Africa,YEAR,2018,,,,,,,,,22.17,22.17474365,,,,2025-12-05T13:23:08Z,2018,2018-01-01,2018-12-31
5801624,GHED_CHE_pc_US_SHA2011,COUNTRY,MLI,AFR,Africa,YEAR,2004,,,,,,,,,21.72,21.72010231,,,,2025-12-05T13:23:08Z,2004,2004-01-01,2004-12-31
5804424,GHED_CHE_pc_US_SHA2011,COUNTRY,ALB,EUR,Europe,YEAR,2021,,,,,,,,,465.57,465.57043457,,,,2025-12-05T13:23:08Z,2021,2021-01-01,2021-12-31
5805367,GHED_CHE_pc_US_SHA2011,COUNTRY,LKA,SEAR,South-East Asia,YEAR,2015,,,,,,,,,144.29,144.29077148,,,,2025-12-05T13:23:08Z,2015,2015-01-01,2015-12-31
5806465,GHED_CHE_pc_US_SHA2011,COUNTRY,COG,AFR,Africa,YEAR,2010,,,,,,,,,54.56,54.56225586,,,,2025-12-05T13:23:08Z,2010,2010-01-01,2010-12-31
5807212,GHED_CHE_pc_US_SHA2011,COUNTRY,LIE,EUR,Europe,YEAR,2020,,,,,,,,,10004.53,10004.52832031,,,,2025-12-05T13:23:08Z,2020,2020-01-01,2020-12-31
5809438,GHED_CHE_pc_US_SHA2011,COUNTRY,CIV,AFR,Africa,YEAR,2005,,,,,,,,,46.69,46.69436264,,,,2025-12-05T13:23:08Z,2005,2005-01-01,2005-12-31
5810289,GHED_CHE_pc_US_SHA2011,COUNTRY,SGP,WPR,Western Pacific,YEAR,2001,,,,,,,,,690.01,690.01330566,,,,2025-12-05T13:23:08Z,2001,2001-01-01,2001-12-31
5814204,GHED_CHE_pc_US_SHA2011,COUNTRY,ISL,EUR,Europe,YEAR,2015,,,,,,,,,4303.84,4303.84179688,,,,2025-12-05T13:23:08Z,2015,2015-01-01,2015-12-31
5814486,GHED_CHE_pc_US_SHA2011,COUNTRY,PHL,WPR,Western Pacific,YEAR,2002,,,,,,,,,26.77,26.76997948,,,,2025-12-05T13:23:08Z,2002,2002-01-01,2002-12-31
5816502,GHED_CHE_pc_US_SHA2011,COUNTRY,AFG,EMR,Eastern Mediterranean,YEAR,2010,,,,,,,,,46.42,46.42438889,,,,2025-12-05T13:23:08Z,2010,2010-01-01,2010-12-31
5818907,GHED_CHE_pc_US_SHA2011,COUNTRY,ATG,AMR,Americas,YEAR,2003,,,,,,,,,613.65,613.65112305,,,,2025-12-05T13:23:08Z,2003,2003-01-01,2003-12-31
5822105,GHED_CHE_pc_US_SHA2011,COUNTRY,SVN,EUR,Europe,YEAR,2008,,,,,,,,,2179.45,2179.45239258,,,,2025-12-05T13:23:08Z,2008,2008-01-01,2008-12-31
5823513,GHED_CHE_pc_US_SHA2011,COUNTRY,NIC,AMR,Americas,YEAR,2007,,,,,,,,,93.94,93.93821716,,,,2025-12-05T13:23:08Z,2007,2007-01-01,2007-12-31
5824882,GHED_CHE_pc_US_SHA2011,COUNTRY,LCA,AMR,Americas,YEAR,2005,,,,,,,,,333.37,333.37374878,,,,2025-12-05T13:23:08Z,2005,2005-01-01,2005-12-31
5825380,GHED_CHE_pc_US_SHA2011,COUNTRY,MCO,EUR,Europe,YEAR,2021,,,,,,,,,8225.39,8225.38769531,,,,2025-12-05T13:23:08Z,2021,2021-01-01,2021-12-31
5828056,GHED_CHE_pc_US_SHA2011,COUNTRY,PAN,AMR,Americas,YEAR,2003,,,,,,,,,303.46,303.45755005,,,,2025-12-05T13:23:08Z,2003,2003-01-01,2003-12-31
5828293,GHED_CHE_pc_US_SHA2011,COUNTRY,MDV,SEAR,South-East Asia,YEAR,2015,,,,,,,,,837.47,837.47290039,,,,2025-12-05T13:23:08Z,2015,2015-01-01,2015-12-31
5829055,GHED_CHE_pc_US_SHA2011,COUNTRY,BRB,AMR,Americas,YEAR,2017,,,,,,,,,1182.00,1182.00366211,,,,2025-12-05T13:23:08Z,2017,2017-01-01,2017-12-31
5830611,GHED_CHE_pc_US_SHA2011,WORLDBANKINCOMEGROUP,WB_LMI,,,YEAR,2012,,,,,,,,,120.55,120.54885509,,,,2025-12-05T13:23:08Z,2012,2012-01-01,2012-12-31
5832531,GHED_CHE_pc_US_SHA2011,COUNTRY,BGR,EUR,Europe,YEAR,2004,,,,,,,,,233.11,233.11332703,,,,2025-12-05T13:23:08Z,2004,2004-01-01,2004-12-31
5832726,GHED_CHE_pc_US_SHA2011,COUNTRY,USA,AMR,Americas,YEAR,2007,,,,,,,,,7153.73,7153.73144531,,,,2025-12-05T13:23:08Z,2007,2007-01-01,2007-12-31
5833693,GHED_CHE_pc_US_SHA2011,COUNTRY,CAN,AMR,Americas,YEAR,2002,,,,,,,,,2134.85,2134.84960938,,,,2025-12-05T13:23:08Z,2002,2002-01-01,2002-12-31
5834467,GHED_CHE_pc_US_SHA2011,COUNTRY,ERI,AFR,Africa,YEAR,2018,,,,,,,,,26.68,26.68201256,,,,2025-12-05T13:23:08Z,2018,2018-01-01,2018-12-31
5841185,GHED_CHE_pc_US_SHA2011,COUNTRY,MHL,WPR,Western Pacific,YEAR,2006,,,,,,,,,613.30,613.29852295,,,,2025-12-05T13:23:08Z,2006,2006-01-01,2006-12-31
5841459,GHED_CHE_pc_US_SHA2011,COUNTRY,WSM,WPR,Western Pacific,YEAR,2003,,,,,,,,,81.96,81.95996094,,,,2025-12-05T13:23:08Z,2003,2003-01-01,2003-12-31
5841543,GHED_CHE_pc_US_SHA2011,COUNTRY,MEX,AMR,Americas,YEAR,2021,,,,,,,,,606.13,606.13415527,,,,2025-12-05T13:23:08Z,2021,2021-01-01,2021-12-31
5846792,GHED_CHE_pc_US_SHA2011,COUNTRY,PSE,EMR,Eastern Mediterranean,YEAR,2019,,,,,,,,,317.45,317.45007324,,,,2025-12-05T13:23:08Z,2019,2019-01-01,2019-12-31
5848551,GHED_CHE_pc_US_SHA2011,COUNTRY,DOM,AMR,Americas,YEAR,2015,,,,,,,,,322.05,322.04864502,,,,2025-12-05T13:23:08Z,2015,2015-01-01,2015-12-31
5852665,GHED_CHE_pc_US_SHA2011,COUNTRY,CUB,AMR,Americas,YEAR,2013,,,,,,,,,712.27,712.26629639,,,,2025-12-05T13:23:08Z,2013,2013-01-01,2013-12-31
5853817,GHED_CHE_pc_US_SHA2011,COUNTRY,MNG,WPR,Western Pacific,YEAR,2015,,,,,,,,,165.19,165.19296265,,,,2025-12-05T13:23:08Z,2015,2015-01-01,2015-12-31
5854524,GHED_CHE_pc_US_SHA2011,COUNTRY,SDN,EMR,Eastern Mediterranean,YEAR,2001,,,,,,,,,15.18,15.18372345,,,,2025-12-05T13:23:08Z,2001,2001-01-01,2001-12-31
5854633,GHED_CHE_pc_US_SHA2011,REGION,AMR,,,YEAR,2005,,,,,,,,,587.19,587.19468403,,,,2025-12-05T13:23:08Z,2005,2005-01-01,2005-12-31
5857729,GHED_CHE_pc_US_SHA2011,COUNTRY,BRB,AMR,Americas,YEAR,2012,,,,,,,,,1294.79,1294.78674316,,,,2025-12-05T13:23:08Z,2012,2012-01-01,2012-12-31
5857879,GHED_CHE_pc_US_SHA2011,COUNTRY,LUX,EUR,Europe,YEAR,2010,,,,,,,,,7459.84,7459.83544922,,,,2025-12-05T13:23:08Z,2010,2010-01-01,2010-12-31
5858550,GHED_CHE_pc_US_SHA2011,COUNTRY,CPV,AFR,Africa,YEAR,2007,,,,,,,,,127.74,127.73626709,,,,2025-12-05T13:23:08Z,2007,2007-01-01,2007-12-31
5858559,GHED_CHE_pc_US_SHA2011,COUNTRY,TUN,EMR,Eastern Mediterranean,YEAR,2007,,,,,,,,,202.32,202.32022095,,,,2025-12-05T13:23:08Z,2007,2007-01-01,2007-12-31
5858889,GHED_CHE_pc_US_SHA2011,COUNTRY,BIH,EUR,Europe,YEAR,2004,,,,,,,,,222.28,222.27758789,,,,2025-12-05T13:23:08Z,2004,2004-01-01,2004-12-31
5858967,GHED_CHE_pc_US_SHA2011,COUNTRY,BEN,AFR,Africa,YEAR,2003,,,,,,,,,21.07,21.06955719,,,,2025-12-05T13:23:08Z,2003,2003-01-01,2003-12-31
5859660,GHED_CHE_pc_US_SHA2011,COUNTRY,LAO,WPR,Western Pacific,YEAR,2005,,,,,,,,,17.33,17.33082581,,,,2025-12-05T13:23:08Z,2005,2005-01-01,2005-12-31
5861894,GHED_CHE_pc_US_SHA2011,COUNTRY,IRL,EUR,Europe,YEAR,2009,,,,,,,,,5502.89,5502.88769531,,,,2025-12-05T13:23:08Z,2009,2009-01-01,2009-12-31
5862313,GHED_CHE_pc_US_SHA2011,COUNTRY,HRV,EUR,Europe,YEAR,2000,,,,,,,,,385.78,385.78341675,,,,2025-12-05T13:23:08Z,2000,2000-01-01,2000-12-31
5864051,GHED_CHE_pc_US_SHA2011,COUNTRY,KHM,WPR,Western Pacific,YEAR,2016,,,,,,,,,75.23,75.22520447,,,,2025-12-05T13:23:08Z,2016,2016-01-01,2016-12-31
5868153,GHED_CHE_pc_US_SHA2011,COUNTRY,VCT,AMR,Americas,YEAR,2021,,,,,,,,,454.78,454.784729,,,,2025-12-05T13:23:08Z,2021,2021-01-01,2021-12-31
5869287,GHED_CHE_pc_US_SHA2011,COUNTRY,ROU,EUR,Europe,YEAR,2016,,,,,,,,,476.25,476.24505615,,,,2025-12-05T13:23:08Z,2016,2016-01-01,2016-12-31
5875525,GHED_CHE_pc_US_SHA2011,REGION,AFR,,,YEAR,2023,,,,,,,,,136.81,136.8121697,,,,2026-01-12T13:50:53Z,2023,2023-01-01,2023-12-31
5876309,GHED_CHE_pc_US_SHA2011,COUNTRY,OMN,EMR,Eastern Mediterranean,YEAR,2008,,,,,,,,,466.60,466.60375977,,,,2025-12-05T13:23:08Z,2008,2008-01-01,2008-12-31
5879499,GHED_CHE_pc_US_SHA2011,COUNTRY,SWE,EUR,Europe,YEAR,2016,,,,,,,,,5719.46,5719.45996094,,,,2025-12-05T13:23:08Z,2016,2016-01-01,2016-12-31
5880983,GHED_CHE_pc_US_SHA2011,COUNTRY,CRI,AMR,Americas,YEAR,2016,,,,,,,,,884.73,884.73028564,,,,2025-12-05T13:23:08Z,2016,2016-01-01,2016-12-31
5881651,GHED_CHE_pc_US_SHA2011,COUNTRY,ZMB,AFR,Africa,YEAR,2005,,,,,,,,,45.00,44.99598694,,,,2025-12-05T13:23:08Z,2005,2005-01-01,2005-12-31
5881727,GHED_CHE_pc_US_SHA2011,COUNTRY,HTI,AMR,Americas,YEAR,2014,,,,,,,,,65.11,65.10858917,,,,2025-12-05T13:23:08Z,2014,2014-01-01,2014-12-31
5882414,GHED_CHE_pc_US_SHA2011,COUNTRY,COD,AFR,Africa,YEAR,2009,,,,,,,,,12.76,12.75762081,,,,2025-12-05T13:23:08Z,2009,2009-01-01,2009-12-31
5883213,GHED_CHE_pc_US_SHA2011,COUNTRY,STP,AFR,Africa,YEAR,2019,,,,,,,,,106.87,106.86884308,,,,2025-12-05T13:23:08Z,2019,2019-01-01,2019-12-31
5884029,GHED_CHE_pc_US_SHA2011,COUNTRY,MKD,EUR,Europe,YEAR,2004,,,,,,,,,230.68,230.68000793,,,,2025-12-05T13:23:08Z,2004,2004-01-01,2004-12-31
5885494,GHED_CHE_pc_US_SHA2011,COUNTRY,ECU,AMR,Americas,YEAR,2014,,,,,,,,,433.42,433.41845703,,,,2025-12-05T13:23:08Z,2014,2014-01-01,2014-12-31
5887016,GHED_CHE_pc_US_SHA2011,COUNTRY,GMB,AFR,Africa,YEAR,2013,,,,,,,,,25.59,25.59075928,,,,2025-12-05T13:23:08Z,2013,2013-01-01,2013-12-31
5887173,GHED_CHE_pc_US_SHA2011,COUNTRY,SVN,EUR,Europe,YEAR,2022,,,,,,,,,2737.85,2737.84936523,,,,2025-12-05T13:23:08Z,2022,2022-01-01,2022-12-31
5889557,GHED_CHE_pc_US_SHA2011,COUNTRY,DZA,AFR,Africa,YEAR,2015,,,,,,,,,296.77,296.76834106,,,,2025-12-05T13:23:08Z,2015,2015-01-01,2015-12-31
5894653,GHED_CHE_pc_US_SHA2011,COUNTRY,DZA,AFR,Africa,YEAR,2005,,,,,,,,,100.84,100.83694458,,,,2025-12-05T13:23:08Z,2005,2005-01-01,2005-12-31
5899835,GHED_CHE_pc_US_SHA2011,COUNTRY,NOR,EUR,Europe,YEAR,2003,,,,,,,,,4632.57,4632.56835938,,,,2025-12-05T13:23:08Z,2003,2003-01-01,2003-12-31
5903160,GHED_CHE_pc_US_SHA2011,COUNTRY,MLI,AFR,Africa,YEAR,2013,,,,,,,,,30.07,30.06661987,,,,2025-12-05T13:23:08Z,2013,2013-01-01,2013-12-31
5906791,GHED_CHE_pc_US_SHA2011,COUNTRY,TCD,AFR,Africa,YEAR,2016,,,,,,,,,31.96,31.96038055,,,,2025-12-05T13:23:08Z,2016,2016-01-01,2016-12-31
5908702,GHED_CHE_pc_US_SHA2011,COUNTRY,ARE,EMR,Eastern Mediterranean,YEAR,2018,,,,,,,,,1872.58,1872.58422852,,,,2025-12-05T13:23:08Z,2018,2018-01-01,2018-12-31
5910836,GHED_CHE_pc_US_SHA2011,COUNTRY,ZWE,AFR,Africa,YEAR,2022,,,,,,,,,68.91,68.90727997,,,,2025-12-05T13:23:08Z,2022,2022-01-01,2022-12-31
5911062,GHED_CHE_pc_US_SHA2011,COUNTRY,KIR,WPR,Western Pacific,YEAR,2017,,,,,,,,,179.58,179.57881165,,,,2025-12-05T13:23:08Z,2017,2017-01-01,2017-12-31
5913363,GHED_CHE_pc_US_SHA2011,COUNTRY,FSM,WPR,Western Pacific,YEAR,2003,,,,,,,,,208.85,208.84524536,,,,2025-12-05T13:23:08Z,2003,2003-01-01,2003-12-31
5915609,GHED_CHE_pc_US_SHA2011,COUNTRY,SSD,AFR,Africa,YEAR,2018,,,,,,,,,31.12,31.12328529,,,,2025-12-05T13:23:08Z,2018,2018-01-01,2018-12-31
5916271,GHED_CHE_pc_US_SHA2011,COUNTRY,CAF,AFR,Africa,YEAR,2020,,,,,,,,,42.63,42.63476563,,,,2025-12-05T13:23:08Z,2020,2020-01-01,2020-12-31
5917328,GHED_CHE_pc_US_SHA2011,COUNTRY,IRL,EUR,Europe,YEAR,2022,,,,,,,,,6407.92,6407.92333984,,,,2025-12-05T13:23:08Z,2022,2022-01-01,2022-12-31
5919249,GHED_CHE_pc_US_SHA2011,COUNTRY,MKD,EUR,Europe,YEAR,2019,,,,,,,,,469.47,469.47344971,,,,2025-12-05T13:23:08Z,2019,2019-01-01,2019-12-31
5921688,GHED_CHE_pc_US_SHA2011,COUNTRY,BWA,AFR,Africa,YEAR,2008,,,,,,,,,324.54,324.54284668,,,,2025-12-05T13:23:08Z,2008,2008-01-01,2008-12-31
5922920,GHED_CHE_pc_US_SHA2011,COUNTRY,JOR,EMR,Eastern Mediterranean,YEAR,2020,,,,,,,,,303.48,303.4822998,,,,2025-12-05T13:23:08Z,2020,2020-01-01,2020-12-31
5926764,GHED_CHE_pc_US_SHA2011,COUNTRY,BGR,EUR,Europe,YEAR,2006,,,,,,,,,294.11,294.10891724,,,,2025-12-05T13:23:08Z,2006,2006-01-01,2006-12-31
5927832,GHED_CHE_pc_US_SHA2011,REGION,EMR,,,YEAR,2018,,,,,,,,,544.09,544.09302504,,,,2025-12-05T13:23:08Z,2018,2018-01-01,2018-12-31
5928605,GHED_CHE_pc_US_SHA2011,COUNTRY,CUB,AMR,Americas,YEAR,2001,,,,,,,,,198.50,198.49874878,,,,2025-12-05T13:23:08Z,2001,2001-01-01,2001-12-31
5930511,GHED_CHE_pc_US_SHA2011,COUNTRY,MDG,AFR,Africa,YEAR,2023,,,,,,,,,17.44,17.44003487,,,,2025-12-05T13:23:08Z,2023,2023-01-01,2023-12-31
5930560,GHED_CHE_pc_US_SHA2011,COUNTRY,MHL,WPR,Western Pacific,YEAR,2001,,,,,,,,,269.22,269.22146606,,,,2025-12-05T13:23:08Z,2001,2001-01-01,2001-12-31
5931990,GHED_CHE_pc_US_SHA2011,COUNTRY,MMR,SEAR,South-East Asia,YEAR,2015,,,,,,,,,63.62,63.62335968,,,,2025-12-05T13:23:08Z,2015,2015-01-01,2015-12-31
5936836,GHED_CHE_pc_US_SHA2011,COUNTRY,VEN,AMR,Americas,YEAR,2019,,,,,,,,,112.73,112.72974396,,,,2025-12-05T13:23:08Z,2019,2019-01-01,2019-12-31
5936946,GHED_CHE_pc_US_SHA2011,WORLDBANKINCOMEGROUP,WB_UMI,,,YEAR,2003,,,,,,,,,161.70,161.70311271,,,,2025-12-05T13:23:08Z,2003,2003-01-01,2003-12-31
5937108,GHED_CHE_pc_US_SHA2011,COUNTRY,NIC,AMR,Americas,YEAR,2023,,,,,,,,,216.55,216.55238342,,,,2025-12-05T13:23:08Z,2023,2023-01-01,2023-12-31
5942779,GHED_CHE_pc_US_SHA2011,REGION,WPR,,,YEAR,2018,,,,,,,,,1057.62,1057.61833423,,,,2025-12-05T13:23:08Z,2018,2018-01-01,2018-12-31
5950987,GHED_CHE_pc_US_SHA2011,COUNTRY,IRQ,EMR,Eastern Mediterranean,YEAR,2014,,,,,,,,,178.98,178.98071289,,,,2025-12-05T13:23:08Z,2014,2014-01-01,2014-12-31
5954931,GHED_CHE_pc_US_SHA2011,COUNTRY,TTO,AMR,Americas,YEAR,2005,,,,,,,,,530.35,530.35229492,,,,2025-12-05T13:23:08Z,2005,2005-01-01,2005-12-31
5955440,GHED_CHE_pc_US_SHA2011,COUNTRY,MNG,WPR,Western Pacific,YEAR,2017,,,,,,,,,160.49,160.4889679,,,,2025-12-05T13:23:08Z,2017,2017-01-01,2017-12-31
5957141,GHED_CHE_pc_US_SHA2011,COUNTRY,BHS,AMR,Americas,YEAR,2020,,,,,,,,,1861.06,1861.0637207,,,,2025-12-05T13:23:08Z,2020,2020-01-01,2020-12-31
5965158,GHED_CHE_pc_US_SHA2011,COUNTRY,ISR,EUR,Europe,YEAR,2023,,,,,,,,,3927.70,3927.69873047,,,,2025-12-05T13:23:08Z,2023,2023-01-01,2023-12-31
5967307,GHED_CHE_pc_US_SHA2011,COUNTRY,SLB,WPR,Western Pacific,YEAR,2017,,,,,,,,,89.29,89.29357147,,,,2025-12-05T13:23:08Z,2017,2017-01-01,2017-12-31
5967924,GHED_CHE_pc_US_SHA2011,COUNTRY,STP,AFR,Africa,YEAR,2012,,,,,,,,,86.29,86.29039001,,,,2025-12-05T13:23:08Z,2012,2012-01-01,2012-12-31
5975087,GHED_CHE_pc_US_SHA2011,COUNTRY,WSM,WPR,Western Pacific,YEAR,2016,,,,,,,,,238.35,238.35044861,,,,2025-12-05T13:23:08Z,2016,2016-01-01,2016-12-31
5977778,GHED_CHE_pc_US_SHA2011,COUNTRY,CMR,AFR,Africa,YEAR,2000,,,,,,,,,30.44,30.438097,,,,2025-12-05T13:23:08Z,2000,2000-01-01,2000-12-31
5977841,GHED_CHE_pc_US_SHA2011,COUNTRY,HRV,EUR,Europe,YEAR,2004,,,,,,,,,633.98,633.98242188,,,,2025-12-05T13:23:08Z,2004,2004-01-01,2004-12-31
5978199,GHED_CHE_pc_US_SHA2011,COUNTRY,ETH,AFR,Africa,YEAR,2019,,,,,,,,,25.94,25.93511963,,,,2025-12-05T13:23:08Z,2019,2019-01-01,2019-12-31
5978725,GHED_CHE_pc_US_SHA2011,COUNTRY,CPV,AFR,Africa,YEAR,2002,,,,,,,,,69.12,69.12203979,,,,2025-12-05T13:23:08Z,2002,2002-01-01,2002-12-31
5979883,GHED_CHE_pc_US_SHA2011,REGION,SEAR,,,YEAR,2017,,,,,,,,,194.31,194.30795924,,,,2025-12-05T13:23:08Z,2017,2017-01-01,2017-12-31
5983186,GHED_CHE_pc_US_SHA2011,COUNTRY,BHS,AMR,Americas,YEAR,2006,,,,,,,,,1257.65,1257.64587402,,,,2025-12-05T13:23:08Z,2006,2006-01-01,2006-12-31
5986057,GHED_CHE_pc_US_SHA2011,COUNTRY,MCO,EUR,Europe,YEAR,2022,,,,,,,,,7674.10,7674.09814453,,,,2025-12-05T13:23:08Z,2022,2022-01-01,2022-12-31
5989137,GHED_CHE_pc_US_SHA2011,COUNTRY,HUN,EUR,Europe,YEAR,2019,,,,,,,,,1062.16,1062.15869141,,,,2025-12-05T13:23:08Z,2019,2019-01-01,2019-12-31
5989322,GHED_CHE_pc_US_SHA2011,COUNTRY,LKA,SEAR,South-East Asia,YEAR,2013,,,,,,,,,133.16,133.15968323,,,,2025-12-05T13:23:08Z,2013,2013-01-01,2013-12-31
5990702,GHED_CHE_pc_US_SHA2011,COUNTRY,ISR,EUR,Europe,YEAR,2002,,,,,,,,,1355.33,1355.33447266,,,,2025-12-05T13:23:08Z,2002,2002-01-01,2002-12-31
5994470,GHED_CHE_pc_US_SHA2011,COUNTRY,OMN,EMR,Eastern Mediterranean,YEAR,2005,,,,,,,,,326.91,326.909729,,,,2025-12-05T13:23:08Z,2005,2005-01-01,2005-12-31
5996631,GHED_CHE_pc_US_SHA2011,COUNTRY,MDA,EUR,Europe,YEAR,2021,,,,,,,,,403.88,403.87823486,,,,2025-12-05T13:23:08Z,2021,2021-01-01,2021-12-31
5997923,GHED_CHE_pc_US_SHA2011,COUNTRY,LVA,EUR,Europe,YEAR,2004,,,,,,,,,393.30,393.29806519,,,,2025-12-05T13:23:08Z,2004,2004-01-01,2004-12-31
5997938,GHED_CHE_pc_US_SHA2011,COUNTRY,FSM,WPR,Western Pacific,YEAR,2011,,,,,,,,,378.15,378.15283203,,,,2025-12-05T13:23:08Z,2011,2011-01-01,2011-12-31
6000340,GHED_CHE_pc_US_SHA2011,COUNTRY,ZAF,AFR,Africa,YEAR,2000,,,,,,,,,236.08,236.08114624,,,,2025-12-05T13:23:08Z,2000,2000-01-01,2000-12-31
6000360,GHED_CHE_pc_US_SHA2011,COUNTRY,SGP,WPR,Western Pacific,YEAR,2017,,,,,,,,,2673.66,2673.66210938,,,,2025-12-05T13:23:08Z,2017,2017-01-01,2017-12-31
6000572,GHED_CHE_pc_US_SHA2011,COUNTRY,HTI,AMR,Americas,YEAR,2021,,,,,,,,,59.89,59.89406204,,,,2025-12-05T13:23:08Z,2021,2021-01-01,2021-12-31
6000935,GHED_CHE_pc_US_SHA2011,COUNTRY,TTO,AMR,Americas,YEAR,2023,,,,,,,,,1276.34,1276.33862305,,,,2025-12-05T13:23:08Z,2023,2023-01-01,2023-12-31
6002122,GHED_CHE_pc_US_SHA2011,WORLDBANKINCOMEGROUP,WB_LMI,,,YEAR,2006,,,,,,,,,73.89,73.88651274,,,,2025-12-05T13:23:08Z,2006,2006-01-01,2006-12-31
6003003,GHED_CHE_pc_US_SHA2011,COUNTRY,JAM,AMR,Americas,YEAR,2006,,,,,,,,,243.39,243.38668823,,,,2025-12-05T13:23:08Z,2006,2006-01-01,2006-12-31
6005929,GHED_CHE_pc_US_SHA2011,COUNTRY,COG,AFR,Africa,YEAR,2004,,,,,,,,,27.50,27.50056839,,,,2025-12-05T13:23:08Z,2004,2004-01-01,2004-12-31
6006849,GHED_CHE_pc_US_SHA2011,REGION,SEAR,,,YEAR,2019,,,,,,,,,191.44,191.43942176,,,,2025-12-05T13:23:08Z,2019,2019-01-01,2019-12-31
6007980,GHED_CHE_pc_US_SHA2011,COUNTRY,STP,AFR,Africa,YEAR,2021,,,,,,,,,187.07,187.06524658,,,,2025-12-05T13:23:08Z,2021,2021-01-01,2021-12-31
6012163,GHED_CHE_pc_US_SHA2011,COUNTRY,UGA,AFR,Africa,YEAR,2012,,,,,,,,,55.04,55.03918457,,,,2025-12-05T13:23:08Z,2012,2012-01-01,2012-12-31
6012557,GHED_CHE_pc_US_SHA2011,COUNTRY,BTN,SEAR,South-East Asia,YEAR,2019,,,,,,,,,115.72,115.71811676,,,,2025-12-05T13:23:08Z,2019,2019-01-01,2019-12-31
6014774,GHED_CHE_pc_US_SHA2011,COUNTRY,PER,AMR,Americas,YEAR,2010,,,,,,,,,241.43,241.43280029,,,,2025-12-05T13:23:08Z,2010,2010-01-01,2010-12-31
6018314,GHED_CHE_pc_US_SHA2011,COUNTRY,COK,WPR,Western Pacific,YEAR,2007,,,,,,,,,546.29,546.28601074,,,,2025-12-05T13:23:08Z,2007,2007-01-01,2007-12-31
6018701,GHED_CHE_pc_US_SHA2011,COUNTRY,YEM,EMR,Eastern Mediterranean,YEAR,2019,,,,,,,,,80.95,80.94759369,,,,2025-12-05T13:23:08Z,2019,2019-01-01,2019-12-31
6018760,GHED_CHE_pc_US_SHA2011,COUNTRY,ALB,EUR,Europe,YEAR,2000,,,,,,,,,65.48,65.47674561,,,,2025-12-05T13:23:08Z,2000,2000-01-01,2000-12-31
6022366,GHED_CHE_pc_US_SHA2011,COUNTRY,CMR,AFR,Africa,YEAR,2009,,,,,,,,,51.15,51.14823914,,,,2025-12-05T13:23:08Z,2009,2009-01-01,2009-12-31
6024305,GHED_CHE_pc_US_SHA2011,COUNTRY,JOR,EMR,Eastern Mediterranean,YEAR,2003,,,,,,,,,161.88,161.87841797,,,,2025-12-05T13:23:08Z,2003,2003-01-01,2003-12-31
6027333,GHED_CHE_pc_US_SHA2011,COUNTRY,ALB,EUR,Europe,YEAR,2004,,,,,,,,,136.51,136.50724792,,,,2025-12-05T13:23:08Z,2004,2004-01-01,2004-12-31
6034770,GHED_CHE_pc_US_SHA2011,COUNTRY,SYC,AFR,Africa,YEAR,2014,,,,,,,,,588.18,588.18261719,,,,2025-12-05T13:23:08Z,2014,2014-01-01,2014-12-31
6036467,GHED_CHE_pc_US_SHA2011,COUNTRY,KNA,AMR,Americas,YEAR,2015,,,,,,,,,1042.15,1042.15063477,,,,2025-12-05T13:23:08Z,2015,2015-01-01,2015-12-31
6042261,GHED_CHE_pc_US_SHA2011,COUNTRY,ARE,EMR,Eastern Mediterranean,YEAR,2017,,,,,,,,,1695.20,1695.203125,,,,2025-12-05T13:23:08Z,2017,2017-01-01,2017-12-31
6044872,GHED_CHE_pc_US_SHA2011,COUNTRY,NIU,WPR,Western Pacific,YEAR,2003,,,,,,,,,516.70,516.69763184,,,,2025-12-05T13:23:08Z,2003,2003-01-01,2003-12-31
6044894,GHED_CHE_pc_US_SHA2011,COUNTRY,KNA,AMR,Americas,YEAR,2005,,,,,,,,,556.97,556.97229004,,,,2025-12-05T13:23:08Z,2005,2005-01-01,2005-12-31
6046065,GHED_CHE_pc_US_SHA2011,COUNTRY,GNB,AFR,Africa,YEAR,2015,,,,,,,,,52.46,52.45866776,,,,2025-12-05T13:23:08Z,2015,2015-01-01,2015-12-31
6046173,GHED_CHE_pc_US_SHA2011,COUNTRY,BTN,SEAR,South-East Asia,YEAR,2010,,,,,,,,,72.39,72.38789368,,,,2025-12-05T13:23:08Z,2010,2010-01-01,2010-12-31
6047443,GHED_CHE_pc_US_SHA2011,COUNTRY,BIH,EUR,Europe,YEAR,2022,,,,,,,,,667.30,667.29681396,,,,2025-12-05T13:23:08Z,2022,2022-01-01,2022-12-31
6048453,GHED_CHE_pc_US_SHA2011,COUNTRY,MKD,EUR,Europe,YEAR,2020,,,,,,,,,510.81,510.81011963,,,,2025-12-05T13:23:08Z,2020,2020-01-01,2020-12-31
6052182,GHED_CHE_pc_US_SHA2011,COUNTRY,DEU,EUR,Europe,YEAR,2005,,,,,,,,,3544.57,3544.56616211,,,,2025-12-05T13:23:08Z,2005,2005-01-01,2005-12-31
6052788,GHED_CHE_pc_US_SHA2011,COUNTRY,KIR,WPR,Western Pacific,YEAR,2004,,,,,,,,,132.29,132.29045105,,,,2025-12-05T13:23:08Z,2004,2004-01-01,2004-12-31
6056860,GHED_CHE_pc_US_SHA2011,COUNTRY,MDG,AFR,Africa,YEAR,2007,,,,,,,,,19.34,19.33553123,,,,2025-12-05T13:23:08Z,2007,2007-01-01,2007-12-31
6057764,GHED_CHE_pc_US_SHA2011,COUNTRY,SGP,WPR,Western Pacific,YEAR,2014,,,,,,,,,2233.35,2233.34960938,,,,2025-12-05T13:23:08Z,2014,2014-01-01,2014-12-31
6059736,GHED_CHE_pc_US_SHA2011,COUNTRY,IRL,EUR,Europe,YEAR,2001,,,,,,,,,1823.73,1823.73474121,,,,2025-12-05T13:23:08Z,2001,2001-01-01,2001-12-31
6061351,GHED_CHE_pc_US_SHA2011,COUNTRY,MDA,EUR,Europe,YEAR,2001,,,,,,,,,25.40,25.3985939,,,,2025-12-05T13:23:08Z,2001,2001-01-01,2001-12-31
6061841,GHED_CHE_pc_US_SHA2011,COUNTRY,FRA,EUR,Europe,YEAR,2018,,,,,,,,,4693.00,4692.99511719,,,,2025-12-05T13:23:08Z,2018,2018-01-01,2018-12-31
6067935,GHED_CHE_pc_US_SHA2011,COUNTRY,TON,WPR,Western Pacific,YEAR,2004,,,,,,,,,102.70,102.70134735,,,,2025-12-05T13:23:08Z,2004,2004-01-01,2004-12-31
6068585,GHED_CHE_pc_US_SHA2011,COUNTRY,NPL,SEAR,South-East Asia,YEAR,2021,,,,,,,,,69.19,69.1880188,,,,2025-12-05T13:23:08Z,2021,2021-01-01,2021-12-31
6069321,GHED_CHE_pc_US_SHA2011,COUNTRY,SEN,AFR,Africa,YEAR,2013,,,,,,,,,60.52,60.51578903,,,,2025-12-05T13:23:08Z,2013,2013-01-01,2013-12-31
6071845,GHED_CHE_pc_US_SHA2011,COUNTRY,DNK,EUR,Europe,YEAR,2018,,,,,,,,,6219.13,6219.12988281,,,,2025-12-05T13:23:08Z,2018,2018-01-01,2018-12-31
6083311,GHED_CHE_pc_US_SHA2011,COUNTRY,IDN,WPR,Western Pacific,YEAR,2014,,,,,,,,,102.00,102.00482178,,,,2025-12-05T13:23:08Z,2014,2014-01-01,2014-12-31
6085025,GHED_CHE_pc_US_SHA2011,COUNTRY,CMR,AFR,Africa,YEAR,2014,,,,,,,,,71.61,71.61038208,,,,2025-12-05T13:23:08Z,2014,2014-01-01,2014-12-31
6085237,GHED_CHE_pc_US_SHA2011,COUNTRY,GBR,EUR,Europe,YEAR,2023,,,,,,,,,5407.17,5407.17041016,,,,2025-12-05T13:23:08Z,2023,2023-01-01,2023-12-31
6088976,GHED_CHE_pc_US_SHA2011,COUNTRY,CHL,AMR,Americas,YEAR,2014,,,,,,,,,1138.66,1138.66113281,,,,2025-12-05T13:23:08Z,2014,2014-01-01,2014-12-31
6092940,GHED_CHE_pc_US_SHA2011,COUNTRY,MLI,AFR,Africa,YEAR,2020,,,,,,,,,28.20,28.20211601,,,,2025-12-05T13:23:08Z,2020,2020-01-01,2020-12-31
6103748,GHED_CHE_pc_US_SHA2011,COUNTRY,SYC,AFR,Africa,YEAR,2023,,,,,,,,,766.29,766.28778076,,,,2025-12-05T13:23:08Z,2023,2023-01-01,2023-12-31
6106035,GHED_CHE_pc_US_SHA2011,WORLDBANKINCOMEGROUP,WB_LMI,,,YEAR,2000,,,,,,,,,47.91,47.91167424,,,,2025-12-05T13:23:08Z,2000,2000-01-01,2000-12-31
6106379,GHED_CHE_pc_US_SHA2011,COUNTRY,PNG,WPR,Western Pacific,YEAR,2022,,,,,,,,,81.11,81.11356354,,,,2025-12-05T13:23:08Z,2022,2022-01-01,2022-12-31
6107903,GHED_CHE_pc_US_SHA2011,COUNTRY,KOR,WPR,Western Pacific,YEAR,2021,,,,,,,,,3125.83,3125.82714844,,,,2025-12-05T13:23:08Z,2021,2021-01-01,2021-12-31
6107971,GHED_CHE_pc_US_SHA2011,COUNTRY,NRU,WPR,Western Pacific,YEAR,2009,,,,,,,,,575.40,575.39526367,,,,2025-12-05T13:23:08Z,2009,2009-01-01,2009-12-31
6108025,GHED_CHE_pc_US_SHA2011,COUNTRY,NGA,AFR,Africa,YEAR,2007,,,,,,,,,66.91,66.90659332,,,,2025-12-05T13:23:08Z,2007,2007-01-01,2007-12-31
6117350,GHED_CHE_pc_US_SHA2011,COUNTRY,QAT,EMR,Eastern Mediterranean,YEAR,2002,,,,,,,,,668.86,668.85986328,,,,2025-12-05T13:23:08Z,2002,2002-01-01,2002-12-31
6119731,GHED_CHE_pc_US_SHA2011,COUNTRY,PNG,WPR,Western Pacific,YEAR,2015,,,,,,,,,45.19,45.18995285,,,,2025-12-05T13:23:08Z,2015,2015-01-01,2015-12-31
6120431,GHED_CHE_pc_US_SHA2011,COUNTRY,VCT,AMR,Americas,YEAR,2018,,,,,,,,,358.53,358.53372192,,,,2025-12-05T13:23:08Z,2018,2018-01-01,2018-12-31
6120965,GHED_CHE_pc_US_SHA2011,WORLDBANKINCOMEGROUP,WB_UMI,,,YEAR,2014,,,,,,,,,427.56,427.56052931,,,,2025-12-05T13:23:08Z,2014,2014-01-01,2014-12-31
6122049,GHED_CHE_pc_US_SHA2011,COUNTRY,YEM,EMR,Eastern Mediterranean,YEAR,2001,,,,,,,,,24.09,24.09247589,,,,2025-12-05T13:23:08Z,2001,2001-01-01,2001-12-31
6122067,GHED_CHE_pc_US_SHA2011,COUNTRY,UGA,AFR,Africa,YEAR,2010,,,,,,,,,51.89,51.88574982,,,,2025-12-05T13:23:08Z,2010,2010-01-01,2010-12-31
6125344,GHED_CHE_pc_US_SHA2011,COUNTRY,AUS,WPR,Western Pacific,YEAR,2008,,,,,,,,,4083.43,4083.42944336,,,,2025-12-05T13:23:08Z,2008,2008-01-01,2008-12-31
6128709,GHED_CHE_pc_US_SHA2011,WORLDBANKINCOMEGROUP,WB_UMI,,,YEAR,2007,,,,,,,,,277.97,277.97059712,,,,2025-12-05T13:23:08Z,2007,2007-01-01,2007-12-31
6128949,GHED_CHE_pc_US_SHA2011,COUNTRY,SUR,AMR,Americas,YEAR,2000,,,,,,,,,166.90,166.90083313,,,,2025-12-05T13:23:08Z,2000,2000-01-01,2000-12-31
6131141,GHED_CHE_pc_US_SHA2011,COUNTRY,ITA,EUR,Europe,YEAR,2022,,,,,,,,,3154.57,3154.57104492,,,,2025-12-05T13:23:08Z,2022,2022-01-01,2022-12-31
6132407,GHED_CHE_pc_US_SHA2011,COUNTRY,BWA,AFR,Africa,YEAR,2004,,,,,,,,,297.25,297.2512207,,,,2025-12-05T13:23:08Z,2004,2004-01-01,2004-12-31
6136715,GHED_CHE_pc_US_SHA2011,COUNTRY,ECU,AMR,Americas,YEAR,2010,,,,,,,,,287.00,287.00466919,,,,2025-12-05T13:23:08Z,2010,2010-01-01,2010-12-31
6139808,GHED_CHE_pc_US_SHA2011,COUNTRY,BGR,EUR,Europe,YEAR,2016,,,,,,,,,579.77,579.76715088,,,,2025-12-05T13:23:08Z,2016,2016-01-01,2016-12-31
6144129,GHED_CHE_pc_US_SHA2011,COUNTRY,LSO,AFR,Africa,YEAR,2005,,,,,,,,,41.67,41.66717911,,,,2025-12-05T13:23:08Z,2005,2005-01-01,2005-12-31
6152167,GHED_CHE_pc_US_SHA2011,COUNTRY,KWT,EMR,Eastern Mediterranean,YEAR,2017,,,,,,,,,1351.72,1351.72387695,,,,2025-12-05T13:23:08Z,2017,2017-01-01,2017-12-31
6152354,GHED_CHE_pc_US_SHA2011,COUNTRY,LBY,EMR,Eastern Mediterranean,YEAR,2006,,,,,,,,,231.12,231.11968994,,,,2025-12-05T13:23:08Z,2006,2006-01-01,2006-12-31
6154192,GHED_CHE_pc_US_SHA2011,COUNTRY,KAZ,EUR,Europe,YEAR,2004,,,,,,,,,108.44,108.43822479,,,,2025-12-05T13:23:08Z,2004,2004-01-01,2004-12-31
6157298,GHED_CHE_pc_US_SHA2011,COUNTRY,TUN,EMR,Eastern Mediterranean,YEAR,2002,,,,,,,,,124.65,124.64620972,,,,2025-12-05T13:23:08Z,2002,2002-01-01,2002-12-31
6159609,GHED_CHE_pc_US_SHA2011,COUNTRY,TCD,AFR,Africa,YEAR,2001,,,,,,,,,11.64,11.64042854,,,,2025-12-05T13:23:08Z,2001,2001-01-01,2001-12-31
6161043,GHED_CHE_pc_US_SHA2011,COUNTRY,TKM,EUR,Europe,YEAR,2012,,,,,,,,,289.13,289.13015747,,,,2025-12-05T13:23:08Z,2012,2012-01-01,2012-12-31
6163626,GHED_CHE_pc_US_SHA2011,COUNTRY,NOR,EUR,Europe,YEAR,2020,,,,,,,,,7824.58,7824.57714844,,,,2025-12-05T13:23:08Z,2020,2020-01-01,2020-12-31
6168147,GHED_CHE_pc_US_SHA2011,COUNTRY,ESP,EUR,Europe,YEAR,2006,,,,,,,,,2256.68,2256.68066406,,,,2025-12-05T13:23:08Z,2006,2006-01-01,2006-12-31
6169331,GHED_CHE_pc_US_SHA2011,COUNTRY,AZE,EUR,Europe,YEAR,2002,,,,,,,,,20.46,20.45606041,,,,2025-12-05T13:23:08Z,2002,2002-01-01,2002-12-31
6171021,GHED_CHE_pc_US_SHA2011,COUNTRY,COK,WPR,Western Pacific,YEAR,2020,,,,,,,,,1056.17,1056.16943359,,,,2025-12-05T13:23:08Z,2020,2020-01-01,2020-12-31
6175627,GHED_CHE_pc_US_SHA2011,COUNTRY,ALB,EUR,Europe,YEAR,2010,,,,,,,,,253.98,253.98246765,,,,2025-12-05T13:23:08Z,2010,2010-01-01,2010-12-31
6177655,GHED_CHE_pc_US_SHA2011,COUNTRY,TGO,AFR,Africa,YEAR,2012,,,,,,,,,35.40,35.40290833,,,,2025-12-05T13:23:08Z,2012,2012-01-01,2012-12-31
6178421,GHED_CHE_pc_US_SHA2011,COUNTRY,CHN,WPR,Western Pacific,YEAR,2015,,,,,,,,,393.10,393.09768677,,,,2025-12-05T13:23:08Z,2015,2015-01-01,2015-12-31
6179233,GHED_CHE_pc_US_SHA2011,REGION,AFR,,,YEAR,2022,,,,,,,,,132.88,132.87997585,,,,2026-01-12T13:50:53Z,2022,2022-01-01,2022-12-31
6183487,GHED_CHE_pc_US_SHA2011,COUNTRY,LTU,EUR,Europe,YEAR,2013,,,,,,,,,958.05,958.04650879,,,,2025-12-05T13:23:08Z,2013,2013-01-01,2013-12-31
6185727,GHED_CHE_pc_US_SHA2011,COUNTRY,DEU,EUR,Europe,YEAR,2010,,,,,,,,,4592.07,4592.07128906,,,,2025-12-05T13:23:08Z,2010,2010-01-01,2010-12-31
6190415,GHED_CHE_pc_US_SHA2011,COUNTRY,AGO,AFR,Africa,YEAR,2022,,,,,,,,,103.95,103.94506073,,,,2025-12-05T13:23:08Z,2022,2022-01-01,2022-12-31
6194455,GHED_CHE_pc_US_SHA2011,COUNTRY,ROU,EUR,Europe,YEAR,2004,,,,,,,,,190.80,190.7950592,,,,2025-12-05T13:23:08Z,2004,2004-01-01,2004-12-31
6195505,GHED_CHE_pc_US_SHA2011,COUNTRY,GUY,AMR,Americas,YEAR,2011,,,,,,,,,186.11,186.11392212,,,,2025-12-05T13:23:08Z,2011,2011-01-01,2011-12-31
6196349,GHED_CHE_pc_US_SHA2011,COUNTRY,FJI,WPR,Western Pacific,YEAR,2017,,,,,,,,,185.70,185.69645691,,,,2025-12-05T13:23:08Z,2017,2017-01-01,2017-12-31
6198884,GHED_CHE_pc_US_SHA2011,COUNTRY,SRB,EUR,Europe,YEAR,2000,,,,,,,,,56.52,56.52191544,,,,2025-12-05T13:23:08Z,2000,2000-01-01,2000-12-31
6199691,GHED_CHE_pc_US_SHA2011,COUNTRY,NGA,AFR,Africa,YEAR,2009,,,,,,,,,65.72,65.71811676,,,,2025-12-05T13:23:08Z,2009,2009-01-01,2009-12-31
6201852,GHED_CHE_pc_US_SHA2011,COUNTRY,KOR,WPR,Western Pacific,YEAR,2003,,,,,,,,,684.80,684.79833984,,,,2025-12-05T13:23:08Z,2003,2003-01-01,2003-12-31
6205788,GHED_CHE_pc_US_SHA2011,COUNTRY,SRB,EUR,Europe,YEAR,2003,,,,,,,,,230.09,230.08865356,,,,2025-12-05T13:23:08Z,2003,2003-01-01,2003-12-31
6206571,GHED_CHE_pc_US_SHA2011,COUNTRY,BHS,AMR,Americas,YEAR,2013,,,,,,,,,1559.35,1559.34985352,,,,2025-12-05T13:23:08Z,2013,2013-01-01,2013-12-31
6206703,GHED_CHE_pc_US_SHA2011,COUNTRY,GNB,AFR,Africa,YEAR,2007,,,,,,,,,25.57,25.56799126,,,,2025-12-05T13:23:08Z,2007,2007-01-01,2007-12-31
6210706,GHED_CHE_pc_US_SHA2011,COUNTRY,SLE,AFR,Africa,YEAR,2015,,,,,,,,,118.66,118.66024017,,,,2025-12-05T13:23:08Z,2015,2015-01-01,2015-12-31
6215624,GHED_CHE_pc_US_SHA2011,COUNTRY,TCD,AFR,Africa,YEAR,2000,,,,,,,,,10.07,10.07452297,,,,2025-12-05T13:23:08Z,2000,2000-01-01,2000-12-31
6226737,GHED_CHE_pc_US_SHA2011,COUNTRY,GNQ,AFR,Africa,YEAR,2018,,,,,,,,,240.49,240.49389648,,,,2025-12-05T13:23:08Z,2018,2018-01-01,2018-12-31
6226943,GHED_CHE_pc_US_SHA2011,COUNTRY,KEN,AFR,Africa,YEAR,2005,,,,,,,,,30.99,30.9943428,,,,2025-12-05T13:23:08Z,2005,2005-01-01,2005-12-31
6232346,GHED_CHE_pc_US_SHA2011,COUNTRY,VNM,WPR,Western Pacific,YEAR,2016,,,,,,,,,133.20,133.1960144,,,,2025-12-05T13:23:08Z,2016,2016-01-01,2016-12-31
6232971,GHED_CHE_pc_US_SHA2011,COUNTRY,KGZ,EUR,Europe,YEAR,2008,,,,,,,,,62.78,62.77722549,,,,2025-12-05T13:23:08Z,2008,2008-01-01,2008-12-31
6233495,GHED_CHE_pc_US_SHA2011,REGION,AFR,,,YEAR,2020,,,,,,,,,120.22,120.22038216,,,,2025-12-05T13:23:08Z,2020,2020-01-01,2020-12-31
6234634,GHED_CHE_pc_US_SHA2011,COUNTRY,MMR,SEAR,South-East Asia,YEAR,2007,,,,,,,,,9.91,9.91384029,,,,2025-12-05T13:23:08Z,2007,2007-01-01,2007-12-31
6234883,GHED_CHE_pc_US_SHA2011,COUNTRY,DJI,EMR,Eastern Mediterranean,YEAR,2012,,,,,,,,,64.85,64.8536911,,,,2025-12-05T13:23:08Z,2012,2012-01-01,2012-12-31
6234886,GHED_CHE_pc_US_SHA2011,COUNTRY,COL,AMR,Americas,YEAR,2018,,,,,,,,,526.12,526.11828613,,,,2025-12-05T13:23:08Z,2018,2018-01-01,2018-12-31
6236158,GHED_CHE_pc_US_SHA2011,COUNTRY,TCD,AFR,Africa,YEAR,2013,,,,,,,,,38.59,38.59413528,,,,2025-12-05T13:23:08Z,2013,2013-01-01,2013-12-31
6238477,GHED_CHE_pc_US_SHA2011,COUNTRY,KEN,AFR,Africa,YEAR,2000,,,,,,,,,21.53,21.53400993,,,,2025-12-05T13:23:08Z,2000,2000-01-01,2000-12-31
6240433,GHED_CHE_pc_US_SHA2011,COUNTRY,BHS,AMR,Americas,YEAR,2015,,,,,,,,,1588.58,1588.57775879,,,,2025-12-05T13:23:08Z,2015,2015-01-01,2015-12-31
6240657,GHED_CHE_pc_US_SHA2011,COUNTRY,RUS,EUR,Europe,YEAR,2019,,,,,,,,,650.47,650.47058105,,,,2025-12-05T13:23:08Z,2019,2019-01-01,2019-12-31
6241776,GHED_CHE_pc_US_SHA2011,COUNTRY,GIN,AFR,Africa,YEAR,2011,,,,,,,,,24.13,24.12806129,,,,2025-12-05T13:23:08Z,2011,2011-01-01,2011-12-31
6245903,GHED_CHE_pc_US_SHA2011,COUNTRY,BDI,AFR,Africa,YEAR,2021,,,,,,,,,23.11,23.11420059,,,,2025-12-05T13:23:08Z,2021,2021-01-01,2021-12-31
6248994,GHED_CHE_pc_US_SHA2011,COUNTRY,PAN,AMR,Americas,YEAR,2007,,,,,,,,,472.09,472.08703613,,,,2025-12-05T13:23:08Z,2007,2007-01-01,2007-12-31
6249686,GHED_CHE_pc_US_SHA2011,COUNTRY,BEL,EUR,Europe,YEAR,2007,,,,,,,,,4066.21,4066.2121582,,,,2025-12-05T13:23:08Z,2007,2007-01-01,2007-12-31
6250421,GHED_CHE_pc_US_SHA2011,COUNTRY,BHS,AMR,Americas,YEAR,2011,,,,,,,,,1442.25,1442.24768066,,,,2025-12-05T13:23:08Z,2011,2011-01-01,2011-12-31
6255654,GHED_CHE_pc_US_SHA2011,WORLDBANKINCOMEGROUP,WB_LMI,,,YEAR,2002,,,,,,,,,50.67,50.66850711,,,,2025-12-05T13:23:08Z,2002,2002-01-01,2002-12-31
6256940,GHED_CHE_pc_US_SHA2011,REGION,AMR,,,YEAR,2015,,,,,,,,,995.36,995.36039151,,,,2025-12-05T13:23:08Z,2015,2015-01-01,2015-12-31
6257037,GHED_CHE_pc_US_SHA2011,COUNTRY,MWI,AFR,Africa,YEAR,2014,,,,,,,,,35.34,35.33760452,,,,2025-12-05T13:23:08Z,2014,2014-01-01,2014-12-31
6259116,GHED_CHE_pc_US_SHA2011,COUNTRY,GRD,AMR,Americas,YEAR,2021,,,,,,,,,508.10,508.09500122,,,,2025-12-05T13:23:08Z,2021,2021-01-01,2021-12-31
6262962,GHED_CHE_pc_US_SHA2011,COUNTRY,USA,AMR,Americas,YEAR,2002,,,,,,,,,5327.94,5327.93701172,,,,2025-12-05T13:23:08Z,2002,2002-01-01,2002-12-31
6264317,GHED_CHE_pc_US_SHA2011,COUNTRY,CYP,EUR,Europe,YEAR,2000,,,,,,,,,750.52,750.51672363,,,,2025-12-05T13:23:08Z,2000,2000-01-01,2000-12-31
6264437,GHED_CHE_pc_US_SHA2011,COUNTRY,BEL,EUR,Europe,YEAR,2019,,,,,,,,,5087.46,5087.45654297,,,,2025-12-05T13:23:08Z,2019,2019-01-01,2019-12-31
6268748,GHED_CHE_pc_US_SHA2011,COUNTRY,UZB,EUR,Europe,YEAR,2009,,,,,,,,,71.96,71.95819092,,,,2025-12-05T13:23:08Z,2009,2009-01-01,2009-12-31
6272154,GHED_CHE_pc_US_SHA2011,COUNTRY,SWE,EUR,Europe,YEAR,2009,,,,,,,,,4118.42,4118.41650391,,,,2025-12-05T13:23:08Z,2009,2009-01-01,2009-12-31
6272397,GHED_CHE_pc_US_SHA2011,COUNTRY,JPN,WPR,Western Pacific,YEAR,2020,,,,,,,,,4581.61,4581.60986328,,,,2025-12-05T13:23:08Z,2020,2020-01-01,2020-12-31
6272651,GHED_CHE_pc_US_SHA2011,COUNTRY,STP,AFR,Africa,YEAR,2022,,,,,,,,,139.03,139.02836609,,,,2025-12-05T13:23:08Z,2022,2022-01-01,2022-12-31
6273371,GHED_CHE_pc_US_SHA2011,COUNTRY,TGO,AFR,Africa,YEAR,2002,,,,,,,,,14.65,14.65135479,,,,2025-12-05T13:23:08Z,2002,2002-01-01,2002-12-31
6274768,GHED_CHE_pc_US_SHA2011,COUNTRY,COD,AFR,Africa,YEAR,2022,,,,,,,,,24.38,24.3800106,,,,2025-12-05T13:23:08Z,2022,2022-01-01,2022-12-31
6274865,GHED_CHE_pc_US_SHA2011,COUNTRY,SVK,EUR,Europe,YEAR,2021,,,,,,,,,1684.52,1684.51550293,,,,2025-12-05T13:23:08Z,2021,2021-01-01,2021-12-31
6276448,GHED_CHE_pc_US_SHA2011,COUNTRY,JOR,EMR,Eastern Mediterranean,YEAR,2015,,,,,,,,,301.63,301.63067627,,,,2025-12-05T13:23:08Z,2015,2015-01-01,2015-12-31
6278463,GHED_CHE_pc_US_SHA2011,COUNTRY,NLD,EUR,Europe,YEAR,2018,,,,,,,,,5330.66,5330.66015625,,,,2025-12-05T13:23:08Z,2018,2018-01-01,2018-12-31
6283115,GHED_CHE_pc_US_SHA2011,REGION,EMR,,,YEAR,2004,,,,,,,,,268.32,268.31555403,,,,2025-12-05T13:23:08Z,2004,2004-01-01,2004-12-31
6284225,GHED_CHE_pc_US_SHA2011,COUNTRY,DMA,AMR,Americas,YEAR,2019,,,,,,,,,465.64,465.63766479,,,,2025-12-05T13:23:08Z,2019,2019-01-01,2019-12-31
6284621,GHED_CHE_pc_US_SHA2011,COUNTRY,NIU,WPR,Western Pacific,YEAR,2007,,,,,,,,,1418.02,1418.01806641,,,,2025-12-05T13:23:08Z,2007,2007-01-01,2007-12-31
6288432,GHED_CHE_pc_US_SHA2011,COUNTRY,AUS,WPR,Western Pacific,YEAR,2020,,,,,,,,,5968.00,5968.00341797,,,,2025-12-05T13:23:08Z,2020,2020-01-01,2020-12-31
6289905,GHED_CHE_pc_US_SHA2011,COUNTRY,COL,AMR,Americas,YEAR,2020,,,,,,,,,464.42,464.41998291,,,,2025-12-05T13:23:08Z,2020,2020-01-01,2020-12-31
6291474,GHED_CHE_pc_US_SHA2011,COUNTRY,TKM,EUR,Europe,YEAR,2020,,,,,,,,,420.01,420.0083313,,,,2025-12-05T13:23:08Z,2020,2020-01-01,2020-12-31
6292381,GHED_CHE_pc_US_SHA2011,COUNTRY,LSO,AFR,Africa,YEAR,2014,,,,,,,,,121.22,121.21549988,,,,2025-12-05T13:23:08Z,2014,2014-01-01,2014-12-31
6293807,GHED_CHE_pc_US_SHA2011,REGION,AFR,,,YEAR,2004,,,,,,,,,72.66,72.65944269,,,,2025-12-05T13:23:08Z,2004,2004-01-01,2004-12-31
6294079,GHED_CHE_pc_US_SHA2011,COUNTRY,BWA,AFR,Africa,YEAR,2014,,,,,,,,,418.82,418.82452393,,,,2025-12-05T13:23:08Z,2014,2014-01-01,2014-12-31
6296894,GHED_CHE_pc_US_SHA2011,COUNTRY,ESP,EUR,Europe,YEAR,2010,,,,,,,,,2816.84,2816.84350586,,,,2025-12-05T13:23:08Z,2010,2010-01-01,2010-12-31
6302385,GHED_CHE_pc_US_SHA2011,COUNTRY,EGY,EMR,Eastern Mediterranean,YEAR,2009,,,,,,,,,98.90,98.90396881,,,,2025-12-05T13:23:08Z,2009,2009-01-01,2009-12-31
6312490,GHED_CHE_pc_US_SHA2011,COUNTRY,VUT,WPR,Western Pacific,YEAR,2020,,,,,,,,,125.41,125.41011047,,,,2025-12-05T13:23:08Z,2020,2020-01-01,2020-12-31
6313504,GHED_CHE_pc_US_SHA2011,COUNTRY,COL,AMR,Americas,YEAR,2003,,,,,,,,,129.72,129.71965027,,,,2025-12-05T13:23:08Z,2003,2003-01-01,2003-12-31
6313595,GHED_CHE_pc_US_SHA2011,COUNTRY,IDN,WPR,Western Pacific,YEAR,2018,,,,,,,,,110.72,110.71585846,,,,2025-12-05T13:23:08Z,2018,2018-01-01,2018-12-31
6317471,GHED_CHE_pc_US_SHA2011,COUNTRY,BLR,EUR,Europe,YEAR,2020,,,,,,,,,420.44,420.43655396,,,,2025-12-05T13:23:08Z,2020,2020-01-01,2020-12-31
6318575,GHED_CHE_pc_US_SHA2011,COUNTRY,CHN,WPR,Western Pacific,YEAR,2010,,,,,,,,,188.87,188.87156677,,,,2025-12-05T13:23:08Z,2010,2010-01-01,2010-12-31
6320971,GHED_CHE_pc_US_SHA2011,COUNTRY,GNQ,AFR,Africa,YEAR,2013,,,,,,,,,286.34,286.33657837,,,,2025-12-05T13:23:08Z,2013,2013-01-01,2013-12-31
6322817,GHED_CHE_pc_US_SHA2011,COUNTRY,TJK,EUR,Europe,YEAR,2008,,,,,,,,,41.35,41.35135651,,,,2025-12-05T13:23:08Z,2008,2008-01-01,2008-12-31
6325082,GHED_CHE_pc_US_SHA2011,COUNTRY,GTM,AMR,Americas,YEAR,2003,,,,,,,,,113.38,113.38285065,,,,2025-12-05T13:23:08Z,2003,2003-01-01,2003-12-31
6327149,GHED_CHE_pc_US_SHA2011,COUNTRY,ARE,EMR,Eastern Mediterranean,YEAR,2004,,,,,,,,,821.75,821.74920654,,,,2025-12-05T13:23:08Z,2004,2004-01-01,2004-12-31
6327266,GHED_CHE_pc_US_SHA2011,COUNTRY,KHM,WPR,Western Pacific,YEAR,2000,,,,,,,,,19.28,19.27847862,,,,2025-12-05T13:23:08Z,2000,2000-01-01,2000-12-31
6328205,GHED_CHE_pc_US_SHA2011,COUNTRY,ATG,AMR,Americas,YEAR,2022,,,,,,,,,891.00,891.00323486,,,,2025-12-05T13:23:08Z,2022,2022-01-01,2022-12-31
6333413,GHED_CHE_pc_US_SHA2011,COUNTRY,FJI,WPR,Western Pacific,YEAR,2022,,,,,,,,,217.15,217.15068054,,,,2025-12-05T13:23:08Z,2022,2022-01-01,2022-12-31
6334524,GHED_CHE_pc_US_SHA2011,COUNTRY,TUN,EMR,Eastern Mediterranean,YEAR,2021,,,,,,,,,285.25,285.25247192,,,,2025-12-05T13:23:08Z,2021,2021-01-01,2021-12-31
6340076,GHED_CHE_pc_US_SHA2011,COUNTRY,GBR,EUR,Europe,YEAR,2004,,,,,,,,,3361.66,3361.65625,,,,2025-12-05T13:23:08Z,2004,2004-01-01,2004-12-31
6340928,GHED_CHE_pc_US_SHA2011,WORLDBANKINCOMEGROUP,WB_LI,,,YEAR,2018,,,,,,,,,41.17,41.17309105,,,,2025-12-05T13:23:08Z,2018,2018-01-01,2018-12-31
6342442,GHED_CHE_pc_US_SHA2011,COUNTRY,MKD,EUR,Europe,YEAR,2010,,,,,,,,,308.09,308.09429932,,,,2025-12-05T13:23:08Z,2010,2010-01-01,2010-12-31
6348223,GHED_CHE_pc_US_SHA2011,COUNTRY,SAU,EMR,Eastern Mediterranean,YEAR,2009,,,,,,,,,760.19,760.19476318,,,,2025-12-05T13:23:08Z,2009,2009-01-01,2009-12-31
6349794,GHED_CHE_pc_US_SHA2011,REGION,AFR,,,YEAR,2021,,,,,,,,,132.51,132.51236944,,,,2025-12-05T13:23:08Z,2021,2021-01-01,2021-12-31
6351114,GHED_CHE_pc_US_SHA2011,COUNTRY,STP,AFR,Africa,YEAR,2010,,,,,,,,,60.95,60.94829941,,,,2025-12-05T13:23:08Z,2010,2010-01-01,2010-12-31
6351969,GHED_CHE_pc_US_SHA2011,COUNTRY,CHE,EUR,Europe,YEAR,2002,,,,,,,,,4198.36,4198.36376953,,,,2025-12-05T13:23:08Z,2002,2002-01-01,2002-12-31
6355538,GHED_CHE_pc_US_SHA2011,COUNTRY,BWA,AFR,Africa,YEAR,2016,,,,,,,,,389.31,389.3107605,,,,2025-12-05T13:23:08Z,2016,2016-01-01,2016-12-31
6360814,GHED_CHE_pc_US_SHA2011,COUNTRY,TKM,EUR,Europe,YEAR,2007,,,,,,,,,261.83,261.83258057,,,,2025-12-05T13:23:08Z,2007,2007-01-01,2007-12-31
6362202,GHED_CHE_pc_US_SHA2011,COUNTRY,JOR,EMR,Eastern Mediterranean,YEAR,2021,,,,,,,,,322.02,322.01589966,,,,2025-12-05T13:23:08Z,2021,2021-01-01,2021-12-31
6362408,GHED_CHE_pc_US_SHA2011,COUNTRY,FIN,EUR,Europe,YEAR,2017,,,,,,,,,4235.75,4235.75488281,,,,2025-12-05T13:23:08Z,2017,2017-01-01,2017-12-31
6362908,GHED_CHE_pc_US_SHA2011,COUNTRY,LBN,EMR,Eastern Mediterranean,YEAR,2004,,,,,,,,,368.01,368.01425171,,,,2025-12-05T13:23:08Z,2004,2004-01-01,2004-12-31
6365305,GHED_CHE_pc_US_SHA2011,COUNTRY,SLE,AFR,Africa,YEAR,2017,,,,,,,,,47.38,47.37737274,,,,2025-12-05T13:23:08Z,2017,2017-01-01,2017-12-31
6367136,GHED_CHE_pc_US_SHA2011,COUNTRY,LBN,EMR,Eastern Mediterranean,YEAR,2014,,,,,,,,,569.98,569.97937012,,,,2025-12-05T13:23:08Z,2014,2014-01-01,2014-12-31
6367617,GHED_CHE_pc_US_SHA2011,COUNTRY,ZMB,AFR,Africa,YEAR,2003,,,,,,,,,26.76,26.75762367,,,,2025-12-05T13:23:08Z,2003,2003-01-01,2003-12-31
6368754,GHED_CHE_pc_US_SHA2011,COUNTRY,LBN,EMR,Eastern Mediterranean,YEAR,2009,,,,,,,,,496.88,496.88284302,,,,2025-12-05T13:23:08Z,2009,2009-01-01,2009-12-31
6369573,GHED_CHE_pc_US_SHA2011,COUNTRY,BLZ,AMR,Americas,YEAR,2004,,,,,,,,,176.27,176.26716614,,,,2025-12-05T13:23:08Z,2004,2004-01-01,2004-12-31
6374356,GHED_CHE_pc_US_SHA2011,COUNTRY,UKR,EUR,Europe,YEAR,2002,,,,,,,,,52.12,52.11910248,,,,2025-12-05T13:23:08Z,2002,2002-01-01,2002-12-31
6374376,GHED_CHE_pc_US_SHA2011,COUNTRY,GHA,AFR,Africa,YEAR,2022,,,,,,,,,82.32,82.32108307,,,,2025-12-05T13:23:08Z,2022,2022-01-01,2022-12-31
6378547,GHED_CHE_pc_US_SHA2011,COUNTRY,GRD,AMR,Americas,YEAR,2017,,,,,,,,,454.07,454.07266235,,,,2025-12-05T13:23:08Z,2017,2017-01-01,2017-12-31
6382163,GHED_CHE_pc_US_SHA2011,COUNTRY,SYR,EMR,Eastern Mediterranean,YEAR,2006,,,,,,,,,64.01,64.00552368,,,,2025-12-05T13:23:08Z,2006,2006-01-01,2006-12-31
6387213,GHED_CHE_pc_US_SHA2011,COUNTRY,FRA,EUR,Europe,YEAR,2003,,,,,,,,,3006.31,3006.3059082,,,,2025-12-05T13:23:08Z,2003,2003-01-01,2003-12-31
6387259,GHED_CHE_pc_US_SHA2011,COUNTRY,FRA,EUR,Europe,YEAR,2005,,,,,,,,,3575.03,3575.02514648,,,,2025-12-05T13:23:08Z,2005,2005-01-01,2005-12-31
6388121,GHED_CHE_pc_US_SHA2011,COUNTRY,SGP,WPR,Western Pacific,YEAR,2006,,,,,,,,,989.74,989.73895264,,,,2025-12-05T13:23:08Z,2006,2006-01-01,2006-12-31
6388696,GHED_CHE_pc_US_SHA2011,COUNTRY,NIC,AMR,Americas,YEAR,2011,,,,,,,,,125.14,125.13540649,,,,2025-12-05T13:23:08Z,2011,2011-01-01,2011-12-31
6392895,GHED_CHE_pc_US_SHA2011,COUNTRY,CIV,AFR,Africa,YEAR,2000,,,,,,,,,30.33,30.33073425,,,,2025-12-05T13:23:08Z,2000,2000-01-01,2000-12-31
6396405,GHED_CHE_pc_US_SHA2011,COUNTRY,MDV,SEAR,South-East Asia,YEAR,2003,,,,,,,,,240.54,240.54026794,,,,2025-12-05T13:23:08Z,2003,2003-01-01,2003-12-31
6396553,GHED_CHE_pc_US_SHA2011,COUNTRY,ESP,EUR,Europe,YEAR,2005,,,,,,,,,2074.33,2074.33081055,,,,2025-12-05T13:23:08Z,2005,2005-01-01,2005-12-31
6400492,GHED_CHE_pc_US_SHA2011,COUNTRY,OMN,EMR,Eastern Mediterranean,YEAR,2009,,,,,,,,,510.09,510.08691406,,,,2025-12-05T13:23:08Z,2009,2009-01-01,2009-12-31
6400797,GHED_CHE_pc_US_SHA2011,COUNTRY,ISR,EUR,Europe,YEAR,2005,,,,,,,,,1509.11,1509.10583496,,,,2025-12-05T13:23:08Z,2005,2005-01-01,2005-12-31
6404378,GHED_CHE_pc_US_SHA2011,COUNTRY,GNB,AFR,Africa,YEAR,2014,,,,,,,,,65.00,64.99989319,,,,2025-12-05T13:23:08Z,2014,2014-01-01,2014-12-31
6408071,GHED_CHE_pc_US_SHA2011,COUNTRY,SWE,EUR,Europe,YEAR,2023,,,,,,,,,6206.23,6206.23046875,,,,2025-12-05T13:23:08Z,2023,2023-01-01,2023-12-31
6409427,GHED_CHE_pc_US_SHA2011,COUNTRY,GBR,EUR,Europe,YEAR,2019,,,,,,,,,4260.03,4260.03222656,,,,2025-12-05T13:23:08Z,2019,2019-01-01,2019-12-31
6412069,GHED_CHE_pc_US_SHA2011,COUNTRY,DJI,EMR,Eastern Mediterranean,YEAR,2015,,,,,,,,,79.54,79.54257965,,,,2025-12-05T13:23:08Z,2015,2015-01-01,2015-12-31
6415741,GHED_CHE_pc_US_SHA2011,COUNTRY,KAZ,EUR,Europe,YEAR,2008,,,,,,,,,245.79,245.79397583,,,,2025-12-05T13:23:08Z,2008,2008-01-01,2008-12-31
6418785,GHED_CHE_pc_US_SHA2011,COUNTRY,BLZ,AMR,Americas,YEAR,2000,,,,,,,,,139.00,139.00151062,,,,2025-12-05T13:23:08Z,2000,2000-01-01,2000-12-31
6418956,GHED_CHE_pc_US_SHA2011,COUNTRY,ECU,AMR,Americas,YEAR,2020,,,,,,,,,470.20,470.20355225,,,,2025-12-05T13:23:08Z,2020,2020-01-01,2020-12-31
6419420,GHED_CHE_pc_US_SHA2011,COUNTRY,ALB,EUR,Europe,YEAR,2015,,,,,,,,,253.93,253.93347168,,,,2025-12-05T13:23:08Z,2015,2015-01-01,2015-12-31
6421045,GHED_CHE_pc_US_SHA2011,REGION,AMR,,,YEAR,2010,,,,,,,,,854.46,854.45776491,,,,2025-12-05T13:23:08Z,2010,2010-01-01,2010-12-31
6422570,GHED_CHE_pc_US_SHA2011,COUNTRY,LVA,EUR,Europe,YEAR,2009,,,,,,,,,744.66,744.66162109,,,,2025-12-05T13:23:08Z,2009,2009-01-01,2009-12-31
6423032,GHED_CHE_pc_US_SHA2011,COUNTRY,KEN,AFR,Africa,YEAR,2011,,,,,,,,,57.02,57.02286911,,,,2025-12-05T13:23:08Z,2011,2011-01-01,2011-12-31
6423110,GHED_CHE_pc_US_SHA2011,COUNTRY,NGA,AFR,Africa,YEAR,2000,,,,,,,,,17.16,17.15887642,,,,2025-12-05T13:23:08Z,2000,2000-01-01,2000-12-31
6423329,GHED_CHE_pc_US_SHA2011,COUNTRY,TGO,AFR,Africa,YEAR,2006,,,,,,,,,22.74,22.74487495,,,,2025-12-05T13:23:08Z,2006,2006-01-01,2006-12-31
6424064,GHED_CHE_pc_US_SHA2011,COUNTRY,GIN,AFR,Africa,YEAR,2012,,,,,,,,,23.70,23.70012856,,,,2025-12-05T13:23:08Z,2012,2012-01-01,2012-12-31
6425286,GHED_CHE_pc_US_SHA2011,COUNTRY,SLE,AFR,Africa,YEAR,2018,,,,,,,,,44.83,44.82733536,,,,2025-12-05T13:23:08Z,2018,2018-01-01,2018-12-31
6425481,GHED_CHE_pc_US_SHA2011,COUNTRY,LCA,AMR,Americas,YEAR,2007,,,,,,,,,439.59,439.59280396,,,,2025-12-05T13:23:08Z,2007,2007-01-01,2007-12-31
6428763,GHED_CHE_pc_US_SHA2011,COUNTRY,LBY,EMR,Eastern Mediterranean,YEAR,2020,,,,,,,,,472.62,472.62240601,,,,2025-12-05T13:23:08Z,2020,2020-01-01,2020-12-31
6429079,GHED_CHE_pc_US_SHA2011,COUNTRY,HRV,EUR,Europe,YEAR,2017,,,,,,,,,919.22,919.22418213,,,,2025-12-05T13:23:08Z,2017,2017-01-01,2017-12-31
6430544,GHED_CHE_pc_US_SHA2011,COUNTRY,HRV,EUR,Europe,YEAR,2019,,,,,,,,,1063.54,1063.54443359,,,,2025-12-05T13:23:08Z,2019,2019-01-01,2019-12-31
6430561,GHED_CHE_pc_US_SHA2011,COUNTRY,MRT,AFR,Africa,YEAR,2007,,,,,,,,,40.42,40.41820145,,,,2025-12-05T13:23:08Z,2007,2007-01-01,2007-12-31
6436382,GHED_CHE_pc_US_SHA2011,COUNTRY,TGO,AFR,Africa,YEAR,2011,,,,,,,,,34.41,34.41139603,,,,2025-12-05T13:23:08Z,2011,2011-01-01,2011-12-31
6441889,GHED_CHE_pc_US_SHA2011,COUNTRY,MWI,AFR,Africa,YEAR,2003,,,,,,,,,12.32,12.3155899,,,,2025-12-05T13:23:08Z,2003,2003-01-01,2003-12-31
6446078,GHED_CHE_pc_US_SHA2011,COUNTRY,AUT,EUR,Europe,YEAR,2007,,,,,,,,,4484.82,4484.81640625,,,,2025-12-05T13:23:08Z,2007,2007-01-01,2007-12-31
6446292,GHED_CHE_pc_US_SHA2011,COUNTRY,MUS,AFR,Africa,YEAR,2005,,,,,,,,,192.14,192.13858032,,,,2025-12-05T13:23:08Z,2005,2005-01-01,2005-12-31
6450070,GHED_CHE_pc_US_SHA2011,COUNTRY,CHL,AMR,Americas,YEAR,2009,,,,,,,,,730.63,730.63336182,,,,2025-12-05T13:23:08Z,2009,2009-01-01,2009-12-31
6450728,GHED_CHE_pc_US_SHA2011,COUNTRY,HRV,EUR,Europe,YEAR,2022,,,,,,,,,1328.80,1328.80371094,,,,2025-12-05T13:23:08Z,2022,2022-01-01,2022-12-31
6452445,GHED_CHE_pc_US_SHA2011,COUNTRY,SEN,AFR,Africa,YEAR,2002,,,,,,,,,26.46,26.46221161,,,,2025-12-05T13:23:08Z,2002,2002-01-01,2002-12-31
6456231,GHED_CHE_pc_US_SHA2011,COUNTRY,AUS,WPR,Western Pacific,YEAR,2007,,,,,,,,,3792.81,3792.80981445,,,,2025-12-05T13:23:08Z,2007,2007-01-01,2007-12-31
6457264,GHED_CHE_pc_US_SHA2011,COUNTRY,AFG,EMR,Eastern Mediterranean,YEAR,2009,,,,,,,,,43.13,43.13351822,,,,2025-12-05T13:23:08Z,2009,2009-01-01,2009-12-31
6463745,GHED_CHE_pc_US_SHA2011,COUNTRY,DMA,AMR,Americas,YEAR,2002,,,,,,,,,226.87,226.86923218,,,,2025-12-05T13:23:08Z,2002,2002-01-01,2002-12-31
6463917,GHED_CHE_pc_US_SHA2011,COUNTRY,GMB,AFR,Africa,YEAR,2006,,,,,,,,,33.41,33.41355896,,,,2025-12-05T13:23:08Z,2006,2006-01-01,2006-12-31
6465155,GHED_CHE_pc_US_SHA2011,COUNTRY,KHM,WPR,Western Pacific,YEAR,2015,,,,,,,,,70.23,70.23264313,,,,2025-12-05T13:23:08Z,2015,2015-01-01,2015-12-31
6465733,GHED_CHE_pc_US_SHA2011,COUNTRY,CAN,AMR,Americas,YEAR,2012,,,,,,,,,5518.57,5518.5703125,,,,2025-12-05T13:23:08Z,2012,2012-01-01,2012-12-31
6467227,GHED_CHE_pc_US_SHA2011,COUNTRY,MCO,EUR,Europe,YEAR,2005,,,,,,,,,5878.01,5878.00683594,,,,2025-12-05T13:23:08Z,2005,2005-01-01,2005-12-31
6470785,GHED_CHE_pc_US_SHA2011,COUNTRY,BEL,EUR,Europe,YEAR,2000,,,,,,,,,1849.92,1849.91601563,,,,2025-12-05T13:23:08Z,2000,2000-01-01,2000-12-31
6474732,GHED_CHE_pc_US_SHA2011,COUNTRY,BTN,SEAR,South-East Asia,YEAR,2011,,,,,,,,,77.75,77.75431824,,,,2025-12-05T13:23:08Z,2011,2011-01-01,2011-12-31
6478806,GHED_CHE_pc_US_SHA2011,COUNTRY,KIR,WPR,Western Pacific,YEAR,2016,,,,,,,,,157.73,157.72897339,,,,2025-12-05T13:23:08Z,2016,2016-01-01,2016-12-31
6481310,GHED_CHE_pc_US_SHA2011,WORLDBANKINCOMEGROUP,WB_LI,,,YEAR,2013,,,,,,,,,40.31,40.30757336,,,,2025-12-05T13:23:08Z,2013,2013-01-01,2013-12-31
6482877,GHED_CHE_pc_US_SHA2011,COUNTRY,PLW,WPR,Western Pacific,YEAR,2001,,,,,,,,,640.58,640.58422852,,,,2025-12-05T13:23:08Z,2001,2001-01-01,2001-12-31
6495206,GHED_CHE_pc_US_SHA2011,COUNTRY,CYP,EUR,Europe,YEAR,2015,,,,,,,,,1570.55,1570.54638672,,,,2025-12-05T13:23:08Z,2015,2015-01-01,2015-12-31
6495401,GHED_CHE_pc_US_SHA2011,COUNTRY,KWT,EMR,Eastern Mediterranean,YEAR,2008,,,,,,,,,1069.46,1069.46472168,,,,2025-12-05T13:23:08Z,2008,2008-01-01,2008-12-31
6501413,GHED_CHE_pc_US_SHA2011,COUNTRY,ATG,AMR,Americas,YEAR,2020,,,,,,,,,873.52,873.5246582,,,,2025-12-05T13:23:08Z,2020,2020-01-01,2020-12-31
6502303,GHED_CHE_pc_US_SHA2011,COUNTRY,NGA,AFR,Africa,YEAR,2017,,,,,,,,,70.32,70.31814575,,,,2025-12-05T13:23:08Z,2017,2017-01-01,2017-12-31
6502787,GHED_CHE_pc_US_SHA2011,COUNTRY,MEX,AMR,Americas,YEAR,2007,,,,,,,,,558.07,558.06530762,,,,2025-12-05T13:23:08Z,2007,2007-01-01,2007-12-31
6505160,GHED_CHE_pc_US_SHA2011,COUNTRY,BEL,EUR,Europe,YEAR,2012,,,,,,,,,4763.94,4763.93505859,,,,2025-12-05T13:23:08Z,2012,2012-01-01,2012-12-31
6505350,GHED_CHE_pc_US_SHA2011,COUNTRY,GRD,AMR,Americas,YEAR,2011,,,,,,,,,403.17,403.17129517,,,,2025-12-05T13:23:08Z,2011,2011-01-01,2011-12-31
6506834,GHED_CHE_pc_US_SHA2011,COUNTRY,GUY,AMR,Americas,YEAR,2006,,,,,,,,,98.34,98.34314728,,,,2025-12-05T13:23:08Z,2006,2006-01-01,2006-12-31
6510250,GHED_CHE_pc_US_SHA2011,COUNTRY,ZMB,AFR,Africa,YEAR,2002,,,,,,,,,23.19,23.19246864,,,,2025-12-05T13:23:08Z,2002,2002-01-01,2002-12-31
6511218,GHED_CHE_pc_US_SHA2011,COUNTRY,SDN,EMR,Eastern Mediterranean,YEAR,2017,,,,,,,,,67.75,67.75476837,,,,2025-12-05T13:23:08Z,2017,2017-01-01,2017-12-31
6511450,GHED_CHE_pc_US_SHA2011,COUNTRY,MHL,WPR,Western Pacific,YEAR,2010,,,,,,,,,548.60,548.59899902,,,,2025-12-05T13:23:08Z,2010,2010-01-01,2010-12-31
6512925,GHED_CHE_pc_US_SHA2011,COUNTRY,MMR,SEAR,South-East Asia,YEAR,2011,,,,,,,,,27.41,27.40522575,,,,2025-12-05T13:23:08Z,2011,2011-01-01,2011-12-31
6514433,GHED_CHE_pc_US_SHA2011,REGION,SEAR,,,YEAR,2000,,,,,,,,,49.35,49.34731245,,,,2025-12-05T13:23:08Z,2000,2000-01-01,2000-12-31
6517041,GHED_CHE_pc_US_SHA2011,REGION,EUR,,,YEAR,2013,,,,,,,,,2637.92,2637.91634524,,,,2026-01-12T13:50:53Z,2013,2013-01-01,2013-12-31
6519056,GHED_CHE_pc_US_SHA2011,COUNTRY,UKR,EUR,Europe,YEAR,2016,,,,,,,,,154.55,154.5546875,,,,2025-12-05T13:23:08Z,2016,2016-01-01,2016-12-31
6520803,GHED_CHE_pc_US_SHA2011,COUNTRY,BIH,EUR,Europe,YEAR,2005,,,,,,,,,241.64,241.64047241,,,,2025-12-05T13:23:08Z,2005,2005-01-01,2005-12-31
6521198,GHED_CHE_pc_US_SHA2011,COUNTRY,CZE,EUR,Europe,YEAR,2006,,,,,,,,,942.12,942.11804199,,,,2025-12-05T13:23:08Z,2006,2006-01-01,2006-12-31
6521762,GHED_CHE_pc_US_SHA2011,COUNTRY,SWZ,AFR,Africa,YEAR,2010,,,,,,,,,343.04,343.04284668,,,,2025-12-05T13:23:08Z,2010,2010-01-01,2010-12-31
6523712,GHED_CHE_pc_US_SHA2011,COUNTRY,VNM,WPR,Western Pacific,YEAR,2022,,,,,,,,,188.23,188.22650146,,,,2025-12-05T13:23:08Z,2022,2022-01-01,2022-12-31
6526353,GHED_CHE_pc_US_SHA2011,COUNTRY,ECU,AMR,Americas,YEAR,2021,,,,,,,,,507.65,507.65136719,,,,2025-12-05T13:23:08Z,2021,2021-01-01,2021-12-31
6529472,GHED_CHE_pc_US_SHA2011,COUNTRY,WSM,WPR,Western Pacific,YEAR,2017,,,,,,,,,220.82,220.82336426,,,,2025-12-05T13:23:08Z,2017,2017-01-01,2017-12-31
6529775,GHED_CHE_pc_US_SHA2011,COUNTRY,MYS,WPR,Western Pacific,YEAR,2022,,,,,,,,,458.22,458.21963501,,,,2025-12-05T13:23:08Z,2022,2022-01-01,2022-12-31
6530292,GHED_CHE_pc_US_SHA2011,COUNTRY,BIH,EUR,Europe,YEAR,2021,,,,,,,,,697.07,697.07427979,,,,2025-12-05T13:23:08Z,2021,2021-01-01,2021-12-31
6533827,GHED_CHE_pc_US_SHA2011,COUNTRY,BIH,EUR,Europe,YEAR,2015,,,,,,,,,430.83,430.83413696,,,,2025-12-05T13:23:08Z,2015,2015-01-01,2015-12-31
6537875,GHED_CHE_pc_US_SHA2011,COUNTRY,CRI,AMR,Americas,YEAR,2008,,,,,,,,,518.11,518.1114502,,,,2025-12-05T13:23:08Z,2008,2008-01-01,2008-12-31
6538186,GHED_CHE_pc_US_SHA2011,COUNTRY,MOZ,AFR,Africa,YEAR,2022,,,,,,,,,47.70,47.69813538,,,,2025-12-05T13:23:08Z,2022,2022-01-01,2022-12-31
6538888,GHED_CHE_pc_US_SHA2011,COUNTRY,CHL,AMR,Americas,YEAR,2015,,,,,,,,,1122.13,1122.13378906,,,,2025-12-05T13:23:08Z,2015,2015-01-01,2015-12-31
6543297,GHED_CHE_pc_US_SHA2011,COUNTRY,KWT,EMR,Eastern Mediterranean,YEAR,2014,,,,,,,,,1293.83,1293.8326416,,,,2025-12-05T13:23:08Z,2014,2014-01-01,2014-12-31
6546483,GHED_CHE_pc_US_SHA2011,REGION,AFR,,,YEAR,2010,,,,,,,,,112.12,112.11737533,,,,2025-12-05T13:23:08Z,2010,2010-01-01,2010-12-31
6547774,GHED_CHE_pc_US_SHA2011,COUNTRY,CAN,AMR,Americas,YEAR,2018,,,,,,,,,5052.90,5052.90185547,,,,2025-12-05T13:23:08Z,2018,2018-01-01,2018-12-31
6550406,GHED_CHE_pc_US_SHA2011,COUNTRY,DOM,AMR,Americas,YEAR,2011,,,,,,,,,293.95,293.95123291,,,,2025-12-05T13:23:08Z,2011,2011-01-01,2011-12-31
6560811,GHED_CHE_pc_US_SHA2011,COUNTRY,PNG,WPR,Western Pacific,YEAR,2010,,,,,,,,,39.35,39.3453064,,,,2025-12-05T13:23:08Z,2010,2010-01-01,2010-12-31
6562894,GHED_CHE_pc_US_SHA2011,COUNTRY,CRI,AMR,Americas,YEAR,2015,,,,,,,,,889.38,889.3762207,,,,2025-12-05T13:23:08Z,2015,2015-01-01,2015-12-31
6563163,GHED_CHE_pc_US_SHA2011,COUNTRY,HUN,EUR,Europe,YEAR,2010,,,,,,,,,983.11,983.11083984,,,,2025-12-05T13:23:08Z,2010,2010-01-01,2010-12-31
6563360,GHED_CHE_pc_US_SHA2011,COUNTRY,DOM,AMR,Americas,YEAR,2009,,,,,,,,,237.11,237.11128235,,,,2025-12-05T13:23:08Z,2009,2009-01-01,2009-12-31
6563849,GHED_CHE_pc_US_SHA2011,COUNTRY,AUT,EUR,Europe,YEAR,2015,,,,,,,,,4649.60,4649.59667969,,,,2025-12-05T13:23:08Z,2015,2015-01-01,2015-12-31
6564840,GHED_CHE_pc_US_SHA2011,COUNTRY,VNM,WPR,Western Pacific,YEAR,2023,,,,,,,,,197.19,197.19210815,,,,2025-12-05T13:23:08Z,2023,2023-01-01,2023-12-31
6565195,GHED_CHE_pc_US_SHA2011,COUNTRY,NIU,WPR,Western Pacific,YEAR,2021,,,,,,,,,2238.81,2238.80566406,,,,2025-12-05T13:23:08Z,2021,2021-01-01,2021-12-31
6566466,GHED_CHE_pc_US_SHA2011,REGION,AMR,,,YEAR,2007,,,,,,,,,714.27,714.26788218,,,,2025-12-05T13:23:08Z,2007,2007-01-01,2007-12-31
6566807,GHED_CHE_pc_US_SHA2011,COUNTRY,CAF,AFR,Africa,YEAR,2008,,,,,,,,,18.03,18.02888489,,,,2025-12-05T13:23:08Z,2008,2008-01-01,2008-12-31
6566948,GHED_CHE_pc_US_SHA2011,COUNTRY,FSM,WPR,Western Pacific,YEAR,2004,,,,,,,,,257.99,257.98867798,,,,2025-12-05T13:23:08Z,2004,2004-01-01,2004-12-31
6567143,GHED_CHE_pc_US_SHA2011,REGION,AFR,,,YEAR,2011,,,,,,,,,124.10,124.10382072,,,,2025-12-05T13:23:08Z,2011,2011-01-01,2011-12-31
6570963,GHED_CHE_pc_US_SHA2011,COUNTRY,ARE,EMR,Eastern Mediterranean,YEAR,2011,,,,,,,,,1787.60,1787.59997559,,,,2025-12-05T13:23:08Z,2011,2011-01-01,2011-12-31
6571663,GHED_CHE_pc_US_SHA2011,COUNTRY,TLS,SEAR,South-East Asia,YEAR,2010,,,,,,,,,52.62,52.6151619,,,,2025-12-05T13:23:08Z,2010,2010-01-01,2010-12-31
6575423,GHED_CHE_pc_US_SHA2011,COUNTRY,ZWE,AFR,Africa,YEAR,2016,,,,,,,,,102.16,102.15909576,,,,2025-12-05T13:23:08Z,2016,2016-01-01,2016-12-31
6579615,GHED_CHE_pc_US_SHA2011,COUNTRY,MYS,WPR,Western Pacific,YEAR,2013,,,,,,,,,381.69,381.69210815,,,,2025-12-05T13:23:08Z,2013,2013-01-01,2013-12-31
6580233,GHED_CHE_pc_US_SHA2011,COUNTRY,NPL,SEAR,South-East Asia,YEAR,2006,,,,,,,,,13.68,13.68047714,,,,2025-12-05T13:23:08Z,2006,2006-01-01,2006-12-31
6580454,GHED_CHE_pc_US_SHA2011,COUNTRY,MDA,EUR,Europe,YEAR,2007,,,,,,,,,135.44,135.44366455,,,,2025-12-05T13:23:08Z,2007,2007-01-01,2007-12-31
6586381,GHED_CHE_pc_US_SHA2011,WORLDBANKINCOMEGROUP,WB_LMI,,,YEAR,2019,,,,,,,,,134.79,134.78626266,,,,2025-12-05T13:23:08Z,2019,2019-01-01,2019-12-31
6589605,GHED_CHE_pc_US_SHA2011,COUNTRY,COM,AFR,Africa,YEAR,2002,,,,,,,,,51.12,51.12159729,,,,2025-12-05T13:23:08Z,2002,2002-01-01,2002-12-31
6590912,GHED_CHE_pc_US_SHA2011,COUNTRY,UKR,EUR,Europe,YEAR,2009,,,,,,,,,165.99,165.98542786,,,,2025-12-05T13:23:08Z,2009,2009-01-01,2009-12-31
6591667,GHED_CHE_pc_US_SHA2011,COUNTRY,OMN,EMR,Eastern Mediterranean,YEAR,2004,,,,,,,,,306.43,306.42941284,,,,2025-12-05T13:23:08Z,2004,2004-01-01,2004-12-31
6596392,GHED_CHE_pc_US_SHA2011,COUNTRY,SUR,AMR,Americas,YEAR,2015,,,,,,,,,511.91,511.91244507,,,,2025-12-05T13:23:08Z,2015,2015-01-01,2015-12-31
6601528,GHED_CHE_pc_US_SHA2011,COUNTRY,MEX,AMR,Americas,YEAR,2001,,,,,,,,,364.40,364.39672852,,,,2025-12-05T13:23:08Z,2001,2001-01-01,2001-12-31
6603282,GHED_CHE_pc_US_SHA2011,COUNTRY,SLV,AMR,Americas,YEAR,2012,,,,,,,,,301.04,301.03710938,,,,2025-12-05T13:23:08Z,2012,2012-01-01,2012-12-31
6609821,GHED_CHE_pc_US_SHA2011,COUNTRY,QAT,EMR,Eastern Mediterranean,YEAR,2019,,,,,,,,,2007.52,2007.51525879,,,,2025-12-05T13:23:08Z,2019,2019-01-01,2019-12-31
6609870,GHED_CHE_pc_US_SHA2011,COUNTRY,TON,WPR,Western Pacific,YEAR,2010,,,,,,,,,166.58,166.58139038,,,,2025-12-05T13:23:08Z,2010,2010-01-01,2010-12-31
6615951,GHED_CHE_pc_US_SHA2011,COUNTRY,LBY,EMR,Eastern Mediterranean,YEAR,2012,,,,,,,,,592.46,592.46356201,,,,2025-12-05T13:23:08Z,2012,2012-01-01,2012-12-31
6616290,GHED_CHE_pc_US_SHA2011,COUNTRY,BRB,AMR,Americas,YEAR,2013,,,,,,,,,1246.16,1246.16491699,,,,2025-12-05T13:23:08Z,2013,2013-01-01,2013-12-31
6618580,GHED_CHE_pc_US_SHA2011,COUNTRY,ESP,EUR,Europe,YEAR,2003,,,,,,,,,1648.06,1648.05712891,,,,2025-12-05T13:23:08Z,2003,2003-01-01,2003-12-31
6620856,GHED_CHE_pc_US_SHA2011,COUNTRY,BTN,SEAR,South-East Asia,YEAR,2003,,,,,,,,,37.15,37.15467834,,,,2025-12-05T13:23:08Z,2003,2003-01-01,2003-12-31
6621232,GHED_CHE_pc_US_SHA2011,COUNTRY,LVA,EUR,Europe,YEAR,2017,,,,,,,,,932.50,932.50158691,,,,2025-12-05T13:23:08Z,2017,2017-01-01,2017-12-31
6624045,GHED_CHE_pc_US_SHA2011,COUNTRY,MLT,EUR,Europe,YEAR,2010,,,,,,,,,1735.49,1735.48693848,,,,2025-12-05T13:23:08Z,2010,2010-01-01,2010-12-31
6625990,GHED_CHE_pc_US_SHA2011,COUNTRY,FJI,WPR,Western Pacific,YEAR,2021,,,,,,,,,331.58,331.58413696,,,,2025-12-05T13:23:08Z,2021,2021-01-01,2021-12-31
6626086,GHED_CHE_pc_US_SHA2011,COUNTRY,SAU,EMR,Eastern Mediterranean,YEAR,2018,,,,,,,,,1488.98,1488.9753418,,,,2025-12-05T13:23:08Z,2018,2018-01-01,2018-12-31
6627862,GHED_CHE_pc_US_SHA2011,COUNTRY,BHR,EMR,Eastern Mediterranean,YEAR,2011,,,,,,,,,921.72,921.72064209,,,,2025-12-05T13:23:08Z,2011,2011-01-01,2011-12-31
6628963,GHED_CHE_pc_US_SHA2011,COUNTRY,MYS,WPR,Western Pacific,YEAR,2015,,,,,,,,,368.77,368.77331543,,,,2025-12-05T13:23:08Z,2015,2015-01-01,2015-12-31
6630084,GHED_CHE_pc_US_SHA2011,COUNTRY,TTO,AMR,Americas,YEAR,2006,,,,,,,,,568.73,568.72583008,,,,2025-12-05T13:23:08Z,2006,2006-01-01,2006-12-31
6634941,GHED_CHE_pc_US_SHA2011,COUNTRY,FIN,EUR,Europe,YEAR,2020,,,,,,,,,4736.21,4736.21435547,,,,2025-12-05T13:23:08Z,2020,2020-01-01,2020-12-31
6642410,GHED_CHE_pc_US_SHA2011,COUNTRY,SLE,AFR,Africa,YEAR,2001,,,,,,,,,19.32,19.32042122,,,,2025-12-05T13:23:08Z,2001,2001-01-01,2001-12-31
6651928,GHED_CHE_pc_US_SHA2011,REGION,EMR,,,YEAR,2005,,,,,,,,,291.42,291.42030571,,,,2025-12-05T13:23:08Z,2005,2005-01-01,2005-12-31
6653441,GHED_CHE_pc_US_SHA2011,WORLDBANKINCOMEGROUP,WB_HI,,,YEAR,2011,,,,,,,,,2824.47,2824.4719367,,,,2025-12-05T13:23:08Z,2011,2011-01-01,2011-12-31
6656387,GHED_CHE_pc_US_SHA2011,COUNTRY,SGP,WPR,Western Pacific,YEAR,2005,,,,,,,,,908.38,908.3760376,,,,2025-12-05T13:23:08Z,2005,2005-01-01,2005-12-31
6657509,GHED_CHE_pc_US_SHA2011,COUNTRY,MCO,EUR,Europe,YEAR,2003,,,,,,,,,4833.09,4833.08740234,,,,2025-12-05T13:23:08Z,2003,2003-01-01,2003-12-31
6660120,GHED_CHE_pc_US_SHA2011,COUNTRY,KAZ,EUR,Europe,YEAR,2019,,,,,,,,,263.61,263.61331177,,,,2025-12-05T13:23:08Z,2019,2019-01-01,2019-12-31
6660538,GHED_CHE_pc_US_SHA2011,COUNTRY,AUS,WPR,Western Pacific,YEAR,2013,,,,,,,,,5811.87,5811.86865234,,,,2025-12-05T13:23:08Z,2013,2013-01-01,2013-12-31
6663000,GHED_CHE_pc_US_SHA2011,COUNTRY,VUT,WPR,Western Pacific,YEAR,2000,,,,,,,,,48.29,48.28763199,,,,2025-12-05T13:23:08Z,2000,2000-01-01,2000-12-31
6664452,GHED_CHE_pc_US_SHA2011,COUNTRY,SWZ,AFR,Africa,YEAR,2003,,,,,,,,,131.41,131.40959167,,,,2025-12-05T13:23:08Z,2003,2003-01-01,2003-12-31
6666277,GHED_CHE_pc_US_SHA2011,COUNTRY,BGR,EUR,Europe,YEAR,2014,,,,,,,,,616.16,616.16296387,,,,2025-12-05T13:23:08Z,2014,2014-01-01,2014-12-31
6668066,GHED_CHE_pc_US_SHA2011,COUNTRY,RWA,AFR,Africa,YEAR,2005,,,,,,,,,25.02,25.02086639,,,,2025-12-05T13:23:08Z,2005,2005-01-01,2005-12-31
6670504,GHED_CHE_pc_US_SHA2011,COUNTRY,NER,AFR,Africa,YEAR,2014,,,,,,,,,25.09,25.09494019,,,,2025-12-05T13:23:08Z,2014,2014-01-01,2014-12-31
6672606,GHED_CHE_pc_US_SHA2011,WORLDBANKINCOMEGROUP,WB_UMI,,,YEAR,2022,,,,,,,,,533.57,533.57384356,,,,2025-12-05T13:23:08Z,2022,2022-01-01,2022-12-31
6677273,GHED_CHE_pc_US_SHA2011,WORLDBANKINCOMEGROUP,WB_LI,,,YEAR,2021,,,,,,,,,42.56,42.56262352,,,,2025-12-05T13:23:08Z,2021,2021-01-01,2021-12-31
6678008,GHED_CHE_pc_US_SHA2011,GLOBAL,GLOBAL,,,YEAR,2019,,,,,,,,,1188.13,1188.12537333,,,,2025-12-05T13:23:08Z,2019,2019-01-01,2019-12-31
6678287,GHED_CHE_pc_US_SHA2011,COUNTRY,POL,EUR,Europe,YEAR,2012,,,,,,,,,815.14,815.1418457,,,,2025-12-05T13:23:08Z,2012,2012-01-01,2012-12-31
6678692,GHED_CHE_pc_US_SHA2011,COUNTRY,TJK,EUR,Europe,YEAR,2013,,,,,,,,,67.62,67.62356567,,,,2025-12-05T13:23:08Z,2013,2013-01-01,2013-12-31
6680297,GHED_CHE_pc_US_SHA2011,COUNTRY,URY,AMR,Americas,YEAR,2017,,,,,,,,,1672.33,1672.3314209,,,,2025-12-05T13:23:08Z,2017,2017-01-01,2017-12-31
6683664,GHED_CHE_pc_US_SHA2011,COUNTRY,OMN,EMR,Eastern Mediterranean,YEAR,2011,,,,,,,,,563.24,563.23632813,,,,2025-12-05T13:23:08Z,2011,2011-01-01,2011-12-31
6687144,GHED_CHE_pc_US_SHA2011,COUNTRY,SYR,EMR,Eastern Mediterranean,YEAR,2014,,,,,,,,,48.92,48.91549683,,,,2025-12-05T13:23:08Z,2014,2014-01-01,2014-12-31
6688692,GHED_CHE_pc_US_SHA2011,COUNTRY,HND,AMR,Americas,YEAR,2009,,,,,,,,,160.23,160.23144531,,,,2025-12-05T13:23:08Z,2009,2009-01-01,2009-12-31
6688941,GHED_CHE_pc_US_SHA2011,COUNTRY,CAF,AFR,Africa,YEAR,2023,,,,,,,,,53.81,53.81136703,,,,2025-12-05T13:23:08Z,2023,2023-01-01,2023-12-31
6690526,GHED_CHE_pc_US_SHA2011,COUNTRY,HTI,AMR,Americas,YEAR,2018,,,,,,,,,62.30,62.30102539,,,,2025-12-05T13:23:08Z,2018,2018-01-01,2018-12-31
6691500,GHED_CHE_pc_US_SHA2011,COUNTRY,BWA,AFR,Africa,YEAR,2003,,,,,,,,,269.59,269.58544922,,,,2025-12-05T13:23:08Z,2003,2003-01-01,2003-12-31
6695243,GHED_CHE_pc_US_SHA2011,COUNTRY,AND,EUR,Europe,YEAR,2009,,,,,,,,,2679.67,2679.67358398,,,,2025-12-05T13:23:08Z,2009,2009-01-01,2009-12-31
6695375,GHED_CHE_pc_US_SHA2011,COUNTRY,UZB,EUR,Europe,YEAR,2023,,,,,,,,,192.12,192.11869812,,,,2025-12-05T13:23:08Z,2023,2023-01-01,2023-12-31
6695934,GHED_CHE_pc_US_SHA2011,COUNTRY,BRA,AMR,Americas,YEAR,2003,,,,,,,,,253.09,253.08970642,,,,2025-12-05T13:23:08Z,2003,2003-01-01,2003-12-31
6701264,GHED_CHE_pc_US_SHA2011,COUNTRY,IRN,EMR,Eastern Mediterranean,YEAR,2005,,,,,,,,,169.81,169.8145752,,,,2025-12-05T13:23:08Z,2005,2005-01-01,2005-12-31
6701972,GHED_CHE_pc_US_SHA2011,COUNTRY,COL,AMR,Americas,YEAR,2014,,,,,,,,,588.29,588.29449463,,,,2025-12-05T13:23:08Z,2014,2014-01-01,2014-12-31
6703670,GHED_CHE_pc_US_SHA2011,COUNTRY,LAO,WPR,Western Pacific,YEAR,2001,,,,,,,,,14.47,14.46665001,,,,2025-12-05T13:23:08Z,2001,2001-01-01,2001-12-31
6703742,GHED_CHE_pc_US_SHA2011,COUNTRY,TJK,EUR,Europe,YEAR,2007,,,,,,,,,28.59,28.58950996,,,,2025-12-05T13:23:08Z,2007,2007-01-01,2007-12-31
6704391,GHED_CHE_pc_US_SHA2011,COUNTRY,ITA,EUR,Europe,YEAR,2019,,,,,,,,,2908.83,2908.83154297,,,,2025-12-05T13:23:08Z,2019,2019-01-01,2019-12-31
6704674,GHED_CHE_pc_US_SHA2011,COUNTRY,GHA,AFR,Africa,YEAR,2013,,,,,,,,,105.35,105.34784698,,,,2025-12-05T13:23:08Z,2013,2013-01-01,2013-12-31
6707204,GHED_CHE_pc_US_SHA2011,COUNTRY,IRL,EUR,Europe,YEAR,2018,,,,,,,,,5494.99,5494.98632813,,,,2025-12-05T13:23:08Z,2018,2018-01-01,2018-12-31
6708440,GHED_CHE_pc_US_SHA2011,COUNTRY,GTM,AMR,Americas,YEAR,2022,,,,,,,,,384.06,384.06158447,,,,2025-12-05T13:23:08Z,2022,2022-01-01,2022-12-31
6714489,GHED_CHE_pc_US_SHA2011,COUNTRY,FRA,EUR,Europe,YEAR,2022,,,,,,,,,4857.73,4857.73388672,,,,2025-12-05T13:23:08Z,2022,2022-01-01,2022-12-31
6716412,GHED_CHE_pc_US_SHA2011,COUNTRY,KOR,WPR,Western Pacific,YEAR,2007,,,,,,,,,1256.36,1256.36437988,,,,2025-12-05T13:23:08Z,2007,2007-01-01,2007-12-31
6722299,GHED_CHE_pc_US_SHA2011,COUNTRY,TLS,SEAR,South-East Asia,YEAR,2016,,,,,,,,,92.69,92.69400787,,,,2025-12-05T13:23:08Z,2016,2016-01-01,2016-12-31
6724667,GHED_CHE_pc_US_SHA2011,COUNTRY,NIC,AMR,Americas,YEAR,2008,,,,,,,,,109.20,109.20231628,,,,2025-12-05T13:23:08Z,2008,2008-01-01,2008-12-31
6725467,GHED_CHE_pc_US_SHA2011,COUNTRY,MDV,SEAR,South-East Asia,YEAR,2011,,,,,,,,,588.21,588.20758057,,,,2025-12-05T13:23:08Z,2011,2011-01-01,2011-12-31
6727106,GHED_CHE_pc_US_SHA2011,COUNTRY,THA,SEAR,South-East Asia,YEAR,2008,,,,,,,,,149.07,149.06762695,,,,2025-12-05T13:23:08Z,2008,2008-01-01,2008-12-31
6727624,GHED_CHE_pc_US_SHA2011,COUNTRY,CPV,AFR,Africa,YEAR,2019,,,,,,,,,211.25,211.24963379,,,,2025-12-05T13:23:08Z,2019,2019-01-01,2019-12-31
6730357,GHED_CHE_pc_US_SHA2011,COUNTRY,TTO,AMR,Americas,YEAR,2017,,,,,,,,,1083.38,1083.37609863,,,,2025-12-05T13:23:08Z,2017,2017-01-01,2017-12-31
6733771,GHED_CHE_pc_US_SHA2011,COUNTRY,MHL,WPR,Western Pacific,YEAR,2017,,,,,,,,,553.06,553.06298828,,,,2025-12-05T13:23:08Z,2017,2017-01-01,2017-12-31
6735046,GHED_CHE_pc_US_SHA2011,REGION,EMR,,,YEAR,2020,,,,,,,,,542.68,542.68162199,,,,2025-12-05T13:23:08Z,2020,2020-01-01,2020-12-31
6737022,GHED_CHE_pc_US_SHA2011,COUNTRY,ISR,EUR,Europe,YEAR,2012,,,,,,,,,2405.18,2405.1809082,,,,2025-12-05T13:23:08Z,2012,2012-01-01,2012-12-31
6737808,GHED_CHE_pc_US_SHA2011,COUNTRY,NGA,AFR,Africa,YEAR,2002,,,,,,,,,17.54,17.53752899,,,,2025-12-05T13:23:08Z,2002,2002-01-01,2002-12-31
6739942,GHED_CHE_pc_US_SHA2011,COUNTRY,SLE,AFR,Africa,YEAR,2012,,,,,,,,,51.99,51.99141312,,,,2025-12-05T13:23:08Z,2012,2012-01-01,2012-12-31
6740006,GHED_CHE_pc_US_SHA2011,COUNTRY,MWI,AFR,Africa,YEAR,2021,,,,,,,,,46.41,46.41017532,,,,2025-12-05T13:23:08Z,2021,2021-01-01,2021-12-31
6740040,GHED_CHE_pc_US_SHA2011,COUNTRY,COG,AFR,Africa,YEAR,2009,,,,,,,,,48.65,48.65313721,,,,2025-12-05T13:23:08Z,2009,2009-01-01,2009-12-31
6741663,GHED_CHE_pc_US_SHA2011,COUNTRY,KGZ,EUR,Europe,YEAR,2012,,,,,,,,,98.67,98.66984558,,,,2025-12-05T13:23:08Z,2012,2012-01-01,2012-12-31
6742444,GHED_CHE_pc_US_SHA2011,COUNTRY,TJK,EUR,Europe,YEAR,2006,,,,,,,,,20.04,20.04485893,,,,2025-12-05T13:23:08Z,2006,2006-01-01,2006-12-31
6747403,GHED_CHE_pc_US_SHA2011,COUNTRY,GTM,AMR,Americas,YEAR,2018,,,,,,,,,265.82,265.81820679,,,,2025-12-05T13:23:08Z,2018,2018-01-01,2018-12-31
6748120,GHED_CHE_pc_US_SHA2011,COUNTRY,CIV,AFR,Africa,YEAR,2019,,,,,,,,,68.30,68.30471039,,,,2025-12-05T13:23:08Z,2019,2019-01-01,2019-12-31
6748727,GHED_CHE_pc_US_SHA2011,COUNTRY,ESP,EUR,Europe,YEAR,2016,,,,,,,,,2378.14,2378.13598633,,,,2025-12-05T13:23:08Z,2016,2016-01-01,2016-12-31
6750802,GHED_CHE_pc_US_SHA2011,COUNTRY,AUT,EUR,Europe,YEAR,2005,,,,,,,,,3720.02,3720.02441406,,,,2025-12-05T13:23:08Z,2005,2005-01-01,2005-12-31
6751347,GHED_CHE_pc_US_SHA2011,COUNTRY,SYR,EMR,Eastern Mediterranean,YEAR,2008,,,,,,,,,82.93,82.92500305,,,,2025-12-05T13:23:08Z,2008,2008-01-01,2008-12-31
6751731,GHED_CHE_pc_US_SHA2011,REGION,EUR,,,YEAR,2017,,,,,,,,,2510.89,2510.88967436,,,,2025-12-05T13:23:08Z,2017,2017-01-01,2017-12-31
6752573,GHED_CHE_pc_US_SHA2011,COUNTRY,GMB,AFR,Africa,YEAR,2002,,,,,,,,,35.99,35.99459839,,,,2025-12-05T13:23:08Z,2002,2002-01-01,2002-12-31
6755490,GHED_CHE_pc_US_SHA2011,COUNTRY,IRL,EUR,Europe,YEAR,2021,,,,,,,,,6754.08,6754.07519531,,,,2025-12-05T13:23:08Z,2021,2021-01-01,2021-12-31
6759774,GHED_CHE_pc_US_SHA2011,COUNTRY,ISL,EUR,Europe,YEAR,2012,,,,,,,,,3784.38,3784.38378906,,,,2025-12-05T13:23:08Z,2012,2012-01-01,2012-12-31
6759820,GHED_CHE_pc_US_SHA2011,COUNTRY,DEU,EUR,Europe,YEAR,2004,,,,,,,,,3447.27,3447.26977539,,,,2025-12-05T13:23:08Z,2004,2004-01-01,2004-12-31
6762060,GHED_CHE_pc_US_SHA2011,COUNTRY,GMB,AFR,Africa,YEAR,2022,,,,,,,,,29.58,29.57811737,,,,2025-12-05T13:23:08Z,2022,2022-01-01,2022-12-31
6767249,GHED_CHE_pc_US_SHA2011,COUNTRY,TON,WPR,Western Pacific,YEAR,2002,,,,,,,,,62.65,62.6541748,,,,2025-12-05T13:23:08Z,2002,2002-01-01,2002-12-31
6769603,GHED_CHE_pc_US_SHA2011,COUNTRY,ISL,EUR,Europe,YEAR,2018,,,,,,,,,6280.04,6280.03857422,,,,2025-12-05T13:23:08Z,2018,2018-01-01,2018-12-31
6770164,GHED_CHE_pc_US_SHA2011,COUNTRY,KGZ,EUR,Europe,YEAR,2014,,,,,,,,,93.16,93.15830994,,,,2025-12-05T13:23:08Z,2014,2014-01-01,2014-12-31
6770349,GHED_CHE_pc_US_SHA2011,REGION,SEAR,,,YEAR,2007,,,,,,,,,94.08,94.07816972,,,,2025-12-05T13:23:08Z,2007,2007-01-01,2007-12-31
6772419,GHED_CHE_pc_US_SHA2011,COUNTRY,SLE,AFR,Africa,YEAR,2014,,,,,,,,,143.61,143.60603333,,,,2025-12-05T13:23:08Z,2014,2014-01-01,2014-12-31
6772767,GHED_CHE_pc_US_SHA2011,COUNTRY,MNE,EUR,Europe,YEAR,2014,,,,,,,,,581.40,581.40106201,,,,2025-12-05T13:23:08Z,2014,2014-01-01,2014-12-31
6773069,GHED_CHE_pc_US_SHA2011,COUNTRY,BHR,EMR,Eastern Mediterranean,YEAR,2008,,,,,,,,,735.00,734.99511719,,,,2025-12-05T13:23:08Z,2008,2008-01-01,2008-12-31
6773656,GHED_CHE_pc_US_SHA2011,COUNTRY,SLV,AMR,Americas,YEAR,2019,,,,,,,,,380.53,380.53384399,,,,2025-12-05T13:23:08Z,2019,2019-01-01,2019-12-31
6774411,GHED_CHE_pc_US_SHA2011,COUNTRY,BEN,AFR,Africa,YEAR,2013,,,,,,,,,33.53,33.53426743,,,,2025-12-05T13:23:08Z,2013,2013-01-01,2013-12-31
6775288,GHED_CHE_pc_US_SHA2011,COUNTRY,CAN,AMR,Americas,YEAR,2013,,,,,,,,,5460.03,5460.03173828,,,,2025-12-05T13:23:08Z,2013,2013-01-01,2013-12-31
6775862,GHED_CHE_pc_US_SHA2011,COUNTRY,CHN,WPR,Western Pacific,YEAR,2018,,,,,,,,,504.11,504.10980225,,,,2025-12-05T13:23:08Z,2018,2018-01-01,2018-12-31
6776619,GHED_CHE_pc_US_SHA2011,WORLDBANKINCOMEGROUP,WB_HI,,,YEAR,2005,,,,,,,,,1923.33,1923.32790482,,,,2025-12-05T13:23:08Z,2005,2005-01-01,2005-12-31
6777095,GHED_CHE_pc_US_SHA2011,COUNTRY,NOR,EUR,Europe,YEAR,2006,,,,,,,,,5892.99,5892.98730469,,,,2025-12-05T13:23:08Z,2006,2006-01-01,2006-12-31
6779674,GHED_CHE_pc_US_SHA2011,COUNTRY,GEO,EUR,Europe,YEAR,2006,,,,,,,,,152.06,152.0617218,,,,2025-12-05T13:23:08Z,2006,2006-01-01,2006-12-31
6782168,GHED_CHE_pc_US_SHA2011,COUNTRY,NPL,SEAR,South-East Asia,YEAR,2018,,,,,,,,,51.17,51.16546249,,,,2025-12-05T13:23:08Z,2018,2018-01-01,2018-12-31
6783009,GHED_CHE_pc_US_SHA2011,COUNTRY,MCO,EUR,Europe,YEAR,2011,,,,,,,,,8314.46,8314.45996094,,,,2025-12-05T13:23:08Z,2011,2011-01-01,2011-12-31
6785561,GHED_CHE_pc_US_SHA2011,COUNTRY,ESP,EUR,Europe,YEAR,2019,,,,,,,,,2756.62,2756.62109375,,,,2025-12-05T13:23:08Z,2019,2019-01-01,2019-12-31
6788302,GHED_CHE_pc_US_SHA2011,COUNTRY,BEL,EUR,Europe,YEAR,2011,,,,,,,,,4990.36,4990.35595703,,,,2025-12-05T13:23:08Z,2011,2011-01-01,2011-12-31
6789367,GHED_CHE_pc_US_SHA2011,COUNTRY,MEX,AMR,Americas,YEAR,2010,,,,,,,,,534.09,534.08520508,,,,2025-12-05T13:23:08Z,2010,2010-01-01,2010-12-31
6797203,GHED_CHE_pc_US_SHA2011,COUNTRY,AUS,WPR,Western Pacific,YEAR,2012,,,,,,,,,6038.87,6038.87158203,,,,2025-12-05T13:23:08Z,2012,2012-01-01,2012-12-31
6801221,GHED_CHE_pc_US_SHA2011,COUNTRY,KWT,EMR,Eastern Mediterranean,YEAR,2010,,,,,,,,,1050.42,1050.41589355,,,,2025-12-05T13:23:08Z,2010,2010-01-01,2010-12-31
6804838,GHED_CHE_pc_US_SHA2011,COUNTRY,MCO,EUR,Europe,YEAR,2018,,,,,,,,,7621.97,7621.97021484,,,,2025-12-05T13:23:08Z,2018,2018-01-01,2018-12-31
6804960,GHED_CHE_pc_US_SHA2011,COUNTRY,KWT,EMR,Eastern Mediterranean,YEAR,2023,,,,,,,,,1679.12,1679.12353516,,,,2025-12-05T13:23:08Z,2023,2023-01-01,2023-12-31
6805553,GHED_CHE_pc_US_SHA2011,COUNTRY,ATG,AMR,Americas,YEAR,2001,,,,,,,,,572.21,572.20776367,,,,2025-12-05T13:23:08Z,2001,2001-01-01,2001-12-31
6806568,GHED_CHE_pc_US_SHA2011,COUNTRY,VEN,AMR,Americas,YEAR,2020,,,,,,,,,153.22,153.21711731,,,,2025-12-05T13:23:08Z,2020,2020-01-01,2020-12-31
6807460,GHED_CHE_pc_US_SHA2011,COUNTRY,BHS,AMR,Americas,YEAR,2007,,,,,,,,,1351.08,1351.08203125,,,,2025-12-05T13:23:08Z,2007,2007-01-01,2007-12-31
6808005,GHED_CHE_pc_US_SHA2011,COUNTRY,COD,AFR,Africa,YEAR,2019,,,,,,,,,19.21,19.20812035,,,,2025-12-05T13:23:08Z,2019,2019-01-01,2019-12-31
6811693,GHED_CHE_pc_US_SHA2011,GLOBAL,GLOBAL,,,YEAR,2023,,,,,,,,,1436.47,1436.47077304,,,,2026-01-12T13:50:53Z,2023,2023-01-01,2023-12-31
6813503,GHED_CHE_pc_US_SHA2011,COUNTRY,ZAF,AFR,Africa,YEAR,2007,,,,,,,,,455.17,455.17498779,,,,2025-12-05T13:23:08Z,2007,2007-01-01,2007-12-31
6815211,GHED_CHE_pc_US_SHA2011,COUNTRY,ESP,EUR,Europe,YEAR,2007,,,,,,,,,2625.56,2625.55664063,,,,2025-12-05T13:23:08Z,2007,2007-01-01,2007-12-31
6815658,GHED_CHE_pc_US_SHA2011,COUNTRY,VNM,WPR,Western Pacific,YEAR,2002,,,,,,,,,21.88,21.87733841,,,,2025-12-05T13:23:08Z,2002,2002-01-01,2002-12-31
6815664,GHED_CHE_pc_US_SHA2011,COUNTRY,LSO,AFR,Africa,YEAR,2012,,,,,,,,,125.38,125.37831116,,,,2025-12-05T13:23:08Z,2012,2012-01-01,2012-12-31
6820633,GHED_CHE_pc_US_SHA2011,COUNTRY,YEM,EMR,Eastern Mediterranean,YEAR,2016,,,,,,,,,75.22,75.22454071,,,,2025-12-05T13:23:08Z,2016,2016-01-01,2016-12-31
6823696,GHED_CHE_pc_US_SHA2011,COUNTRY,ZMB,AFR,Africa,YEAR,2015,,,,,,,,,57.39,57.38765335,,,,2025-12-05T13:23:08Z,2015,2015-01-01,2015-12-31
6824327,GHED_CHE_pc_US_SHA2011,COUNTRY,GNQ,AFR,Africa,YEAR,2021,,,,,,,,,243.81,243.81242371,,,,2025-12-05T13:23:08Z,2021,2021-01-01,2021-12-31
6826743,GHED_CHE_pc_US_SHA2011,COUNTRY,GNQ,AFR,Africa,YEAR,2000,,,,,,,,,20.14,20.14153671,,,,2025-12-05T13:23:08Z,2000,2000-01-01,2000-12-31
6827723,GHED_CHE_pc_US_SHA2011,COUNTRY,TTO,AMR,Americas,YEAR,2000,,,,,,,,,266.16,266.16275024,,,,2025-12-05T13:23:08Z,2000,2000-01-01,2000-12-31
6827935,GHED_CHE_pc_US_SHA2011,COUNTRY,LCA,AMR,Americas,YEAR,2001,,,,,,,,,285.05,285.04898071,,,,2025-12-05T13:23:08Z,2001,2001-01-01,2001-12-31
6828522,GHED_CHE_pc_US_SHA2011,COUNTRY,CRI,AMR,Americas,YEAR,2002,,,,,,,,,279.42,279.41705322,,,,2025-12-05T13:23:08Z,2002,2002-01-01,2002-12-31
6833392,GHED_CHE_pc_US_SHA2011,COUNTRY,TLS,SEAR,South-East Asia,YEAR,2003,,,,,,,,,15.19,15.18759537,,,,2025-12-05T13:23:08Z,2003,2003-01-01,2003-12-31
6834463,GHED_CHE_pc_US_SHA2011,COUNTRY,CMR,AFR,Africa,YEAR,2005,,,,,,,,,43.11,43.10830688,,,,2025-12-05T13:23:08Z,2005,2005-01-01,2005-12-31
6837600,GHED_CHE_pc_US_SHA2011,COUNTRY,MHL,WPR,Western Pacific,YEAR,2013,,,,,,,,,445.42,445.42425537,,,,2025-12-05T13:23:08Z,2013,2013-01-01,2013-12-31
6838290,GHED_CHE_pc_US_SHA2011,COUNTRY,CHE,EUR,Europe,YEAR,2013,,,,,,,,,9247.28,9247.28417969,,,,2025-12-05T13:23:08Z,2013,2013-01-01,2013-12-31
6840683,GHED_CHE_pc_US_SHA2011,COUNTRY,KAZ,EUR,Europe,YEAR,2001,,,,,,,,,49.37,49.36683273,,,,2025-12-05T13:23:08Z,2001,2001-01-01,2001-12-31
6848350,GHED_CHE_pc_US_SHA2011,COUNTRY,MHL,WPR,Western Pacific,YEAR,2015,,,,,,,,,557.35,557.35211182,,,,2025-12-05T13:23:08Z,2015,2015-01-01,2015-12-31
6850177,GHED_CHE_pc_US_SHA2011,WORLDBANKINCOMEGROUP,WB_LMI,,,YEAR,2009,,,,,,,,,98.97,98.96895935,,,,2025-12-05T13:23:08Z,2009,2009-01-01,2009-12-31
6852679,GHED_CHE_pc_US_SHA2011,COUNTRY,KEN,AFR,Africa,YEAR,2012,,,,,,,,,64.48,64.48231506,,,,2025-12-05T13:23:08Z,2012,2012-01-01,2012-12-31
6853124,GHED_CHE_pc_US_SHA2011,COUNTRY,BRN,WPR,Western Pacific,YEAR,2011,,,,,,,,,864.64,864.63787842,,,,2025-12-05T13:23:08Z,2011,2011-01-01,2011-12-31
6853652,GHED_CHE_pc_US_SHA2011,COUNTRY,TKM,EUR,Europe,YEAR,2006,,,,,,,,,349.68,349.6842041,,,,2025-12-05T13:23:08Z,2006,2006-01-01,2006-12-31
6854584,GHED_CHE_pc_US_SHA2011,COUNTRY,ALB,EUR,Europe,YEAR,2008,,,,,,,,,237.10,237.10340881,,,,2025-12-05T13:23:08Z,2008,2008-01-01,2008-12-31
6855222,GHED_CHE_pc_US_SHA2011,COUNTRY,VCT,AMR,Americas,YEAR,2000,,,,,,,,,149.92,149.9225769,,,,2025-12-05T13:23:08Z,2000,2000-01-01,2000-12-31
6857090,GHED_CHE_pc_US_SHA2011,COUNTRY,MDV,SEAR,South-East Asia,YEAR,2013,,,,,,,,,671.65,671.65325928,,,,2025-12-05T13:23:08Z,2013,2013-01-01,2013-12-31
6857736,GHED_CHE_pc_US_SHA2011,COUNTRY,BRB,AMR,Americas,YEAR,2015,,,,,,,,,1154.63,1154.62719727,,,,2025-12-05T13:23:08Z,2015,2015-01-01,2015-12-31
6859364,GHED_CHE_pc_US_SHA2011,COUNTRY,TUN,EMR,Eastern Mediterranean,YEAR,2000,,,,,,,,,111.01,111.01378632,,,,2025-12-05T13:23:08Z,2000,2000-01-01,2000-12-31
6860894,GHED_CHE_pc_US_SHA2011,COUNTRY,TON,WPR,Western Pacific,YEAR,2009,,,,,,,,,118.79,118.79367065,,,,2025-12-05T13:23:08Z,2009,2009-01-01,2009-12-31
6861252,GHED_CHE_pc_US_SHA2011,COUNTRY,MNE,EUR,Europe,YEAR,2021,,,,,,,,,1024.26,1024.2565918,,,,2025-12-05T13:23:08Z,2021,2021-01-01,2021-12-31
6862293,GHED_CHE_pc_US_SHA2011,COUNTRY,BRN,WPR,Western Pacific,YEAR,2001,,,,,,,,,474.12,474.11706543,,,,2025-12-05T13:23:08Z,2001,2001-01-01,2001-12-31
6862999,GHED_CHE_pc_US_SHA2011,COUNTRY,LUX,EUR,Europe,YEAR,2016,,,,,,,,,5475.14,5475.13964844,,,,2025-12-05T13:23:08Z,2016,2016-01-01,2016-12-31
6864932,GHED_CHE_pc_US_SHA2011,COUNTRY,CYP,EUR,Europe,YEAR,2009,,,,,,,,,2105.48,2105.4777832,,,,2025-12-05T13:23:08Z,2009,2009-01-01,2009-12-31
6868724,GHED_CHE_pc_US_SHA2011,COUNTRY,DOM,AMR,Americas,YEAR,2018,,,,,,,,,332.48,332.47702026,,,,2025-12-05T13:23:08Z,2018,2018-01-01,2018-12-31
6875322,GHED_CHE_pc_US_SHA2011,COUNTRY,CUB,AMR,Americas,YEAR,2004,,,,,,,,,232.23,232.22746277,,,,2025-12-05T13:23:08Z,2004,2004-01-01,2004-12-31
6878274,GHED_CHE_pc_US_SHA2011,COUNTRY,SWE,EUR,Europe,YEAR,2003,,,,,,,,,3107.49,3107.48876953,,,,2025-12-05T13:23:08Z,2003,2003-01-01,2003-12-31
6879135,GHED_CHE_pc_US_SHA2011,COUNTRY,NIC,AMR,Americas,YEAR,2005,,,,,,,,,73.66,73.65701294,,,,2025-12-05T13:23:08Z,2005,2005-01-01,2005-12-31
6879684,GHED_CHE_pc_US_SHA2011,COUNTRY,PHL,WPR,Western Pacific,YEAR,2020,,,,,,,,,166.61,166.61218262,,,,2025-12-05T13:23:08Z,2020,2020-01-01,2020-12-31
6881153,GHED_CHE_pc_US_SHA2011,COUNTRY,SDN,EMR,Eastern Mediterranean,YEAR,2019,,,,,,,,,31.79,31.79406929,,,,2025-12-05T13:23:08Z,2019,2019-01-01,2019-12-31
6886526,GHED_CHE_pc_US_SHA2011,COUNTRY,LCA,AMR,Americas,YEAR,2014,,,,,,,,,470.48,470.48123169,,,,2025-12-05T13:23:08Z,2014,2014-01-01,2014-12-31
6892008,GHED_CHE_pc_US_SHA2011,COUNTRY,ZMB,AFR,Africa,YEAR,2006,,,,,,,,,58.68,58.68175507,,,,2025-12-05T13:23:08Z,2006,2006-01-01,2006-12-31
6893489,GHED_CHE_pc_US_SHA2011,COUNTRY,VNM,WPR,Western Pacific,YEAR,2019,,,,,,,,,171.15,171.15296936,,,,2025-12-05T13:23:08Z,2019,2019-01-01,2019-12-31
6895628,GHED_CHE_pc_US_SHA2011,COUNTRY,GNB,AFR,Africa,YEAR,2018,,,,,,,,,58.87,58.87445068,,,,2025-12-05T13:23:08Z,2018,2018-01-01,2018-12-31
6896821,GHED_CHE_pc_US_SHA2011,WORLDBANKINCOMEGROUP,WB_UMI,,,YEAR,2001,,,,,,,,,144.65,144.6529032,,,,2025-12-05T13:23:08Z,2001,2001-01-01,2001-12-31
6898681,GHED_CHE_pc_US_SHA2011,COUNTRY,VCT,AMR,Americas,YEAR,2023,,,,,,,,,469.21,469.20709229,,,,2025-12-05T13:23:08Z,2023,2023-01-01,2023-12-31
6901184,GHED_CHE_pc_US_SHA2011,COUNTRY,AUT,EUR,Europe,YEAR,2013,,,,,,,,,5251.97,5251.96826172,,,,2025-12-05T13:23:08Z,2013,2013-01-01,2013-12-31
6902450,GHED_CHE_pc_US_SHA2011,COUNTRY,SLE,AFR,Africa,YEAR,2009,,,,,,,,,39.30,39.29960632,,,,2025-12-05T13:23:08Z,2009,2009-01-01,2009-12-31
6904129,GHED_CHE_pc_US_SHA2011,COUNTRY,BOL,AMR,Americas,YEAR,2000,,,,,,,,,42.89,42.89028168,,,,2025-12-05T13:23:08Z,2000,2000-01-01,2000-12-31
6907454,GHED_CHE_pc_US_SHA2011,COUNTRY,SYR,EMR,Eastern Mediterranean,YEAR,2017,,,,,,,,,35.57,35.57104874,,,,2025-12-05T13:23:08Z,2017,2017-01-01,2017-12-31
6907514,GHED_CHE_pc_US_SHA2011,COUNTRY,KHM,WPR,Western Pacific,YEAR,2005,,,,,,,,,32.34,32.33660507,,,,2025-12-05T13:23:08Z,2005,2005-01-01,2005-12-31
6911124,GHED_CHE_pc_US_SHA2011,COUNTRY,MYS,WPR,Western Pacific,YEAR,2019,,,,,,,,,419.33,419.32568359,,,,2025-12-05T13:23:08Z,2019,2019-01-01,2019-12-31
6916965,GHED_CHE_pc_US_SHA2011,COUNTRY,PRT,EUR,Europe,YEAR,2010,,,,,,,,,2259.30,2259.30371094,,,,2025-12-05T13:23:08Z,2010,2010-01-01,2010-12-31
6919409,GHED_CHE_pc_US_SHA2011,COUNTRY,MCO,EUR,Europe,YEAR,2010,,,,,,,,,8025.16,8025.15917969,,,,2025-12-05T13:23:08Z,2010,2010-01-01,2010-12-31
6921693,GHED_CHE_pc_US_SHA2011,COUNTRY,BDI,AFR,Africa,YEAR,2007,,,,,,,,,15.26,15.26294613,,,,2025-12-05T13:23:08Z,2007,2007-01-01,2007-12-31
6924913,GHED_CHE_pc_US_SHA2011,COUNTRY,BFA,AFR,Africa,YEAR,2007,,,,,,,,,29.72,29.72483063,,,,2025-12-05T13:23:08Z,2007,2007-01-01,2007-12-31
6925898,GHED_CHE_pc_US_SHA2011,COUNTRY,COG,AFR,Africa,YEAR,2020,,,,,,,,,80.10,80.09735107,,,,2025-12-05T13:23:08Z,2020,2020-01-01,2020-12-31
6928610,GHED_CHE_pc_US_SHA2011,COUNTRY,SLE,AFR,Africa,YEAR,2007,,,,,,,,,31.91,31.90766907,,,,2025-12-05T13:23:08Z,2007,2007-01-01,2007-12-31
6929357,GHED_CHE_pc_US_SHA2011,COUNTRY,KHM,WPR,Western Pacific,YEAR,2014,,,,,,,,,63.10,63.1011467,,,,2025-12-05T13:23:08Z,2014,2014-01-01,2014-12-31
6929622,GHED_CHE_pc_US_SHA2011,COUNTRY,BLZ,AMR,Americas,YEAR,2023,,,,,,,,,309.41,309.40835571,,,,2025-12-05T13:23:08Z,2023,2023-01-01,2023-12-31
6935433,GHED_CHE_pc_US_SHA2011,COUNTRY,THA,SEAR,South-East Asia,YEAR,2000,,,,,,,,,62.21,62.21043015,,,,2025-12-05T13:23:08Z,2000,2000-01-01,2000-12-31
6938284,GHED_CHE_pc_US_SHA2011,COUNTRY,KWT,EMR,Eastern Mediterranean,YEAR,2019,,,,,,,,,1643.16,1643.16491699,,,,2025-12-05T13:23:08Z,2019,2019-01-01,2019-12-31
6938528,GHED_CHE_pc_US_SHA2011,COUNTRY,SDN,EMR,Eastern Mediterranean,YEAR,2020,,,,,,,,,22.92,22.91861534,,,,2025-12-05T13:23:08Z,2020,2020-01-01,2020-12-31
6939013,GHED_CHE_pc_US_SHA2011,COUNTRY,KWT,EMR,Eastern Mediterranean,YEAR,2011,,,,,,,,,1147.16,1147.15539551,,,,2025-12-05T13:23:08Z,2011,2011-01-01,2011-12-31
6942481,GHED_CHE_pc_US_SHA2011,COUNTRY,DNK,EUR,Europe,YEAR,2006,,,,,,,,,4770.14,4770.13720703,,,,2025-12-05T13:23:08Z,2006,2006-01-01,2006-12-31
6943123,GHED_CHE_pc_US_SHA2011,COUNTRY,AUS,WPR,Western Pacific,YEAR,2001,,,,,,,,,1550.37,1550.37390137,,,,2025-12-05T13:23:08Z,2001,2001-01-01,2001-12-31
6943333,GHED_CHE_pc_US_SHA2011,COUNTRY,HTI,AMR,Americas,YEAR,2020,,,,,,,,,52.22,52.2158699,,,,2025-12-05T13:23:08Z,2020,2020-01-01,2020-12-31
6944741,GHED_CHE_pc_US_SHA2011,COUNTRY,PHL,WPR,Western Pacific,YEAR,2015,,,,,,,,,113.43,113.4342804,,,,2025-12-05T13:23:08Z,2015,2015-01-01,2015-12-31
6948013,GHED_CHE_pc_US_SHA2011,COUNTRY,KAZ,EUR,Europe,YEAR,2011,,,,,,,,,293.73,293.73300171,,,,2025-12-05T13:23:08Z,2011,2011-01-01,2011-12-31
6948922,GHED_CHE_pc_US_SHA2011,COUNTRY,URY,AMR,Americas,YEAR,2000,,,,,,,,,699.20,699.20495605,,,,2025-12-05T13:23:08Z,2000,2000-01-01,2000-12-31
6951294,GHED_CHE_pc_US_SHA2011,COUNTRY,ESP,EUR,Europe,YEAR,2009,,,,,,,,,2962.48,2962.48266602,,,,2025-12-05T13:23:08Z,2009,2009-01-01,2009-12-31
6952129,GHED_CHE_pc_US_SHA2011,COUNTRY,FIN,EUR,Europe,YEAR,2001,,,,,,,,,1810.40,1810.40380859,,,,2025-12-05T13:23:08Z,2001,2001-01-01,2001-12-31
6952321,GHED_CHE_pc_US_SHA2011,COUNTRY,SEN,AFR,Africa,YEAR,2003,,,,,,,,,35.14,35.14493942,,,,2025-12-05T13:23:08Z,2003,2003-01-01,2003-12-31
6960092,GHED_CHE_pc_US_SHA2011,COUNTRY,MRT,AFR,Africa,YEAR,2009,,,,,,,,,44.65,44.64679718,,,,2025-12-05T13:23:08Z,2009,2009-01-01,2009-12-31
6966488,GHED_CHE_pc_US_SHA2011,COUNTRY,GEO,EUR,Europe,YEAR,2022,,,,,,,,,546.23,546.22503662,,,,2025-12-05T13:23:08Z,2022,2022-01-01,2022-12-31
6971456,GHED_CHE_pc_US_SHA2011,COUNTRY,HTI,AMR,Americas,YEAR,2007,,,,,,,,,37.60,37.59618378,,,,2025-12-05T13:23:08Z,2007,2007-01-01,2007-12-31
6971534,GHED_CHE_pc_US_SHA2011,COUNTRY,MMR,SEAR,South-East Asia,YEAR,2002,,,,,,,,,7.08,7.0817728,,,,2025-12-05T13:23:08Z,2002,2002-01-01,2002-12-31
6971932,GHED_CHE_pc_US_SHA2011,COUNTRY,SUR,AMR,Americas,YEAR,2013,,,,,,,,,434.50,434.50332642,,,,2025-12-05T13:23:08Z,2013,2013-01-01,2013-12-31
6972875,GHED_CHE_pc_US_SHA2011,COUNTRY,LBY,EMR,Eastern Mediterranean,YEAR,2005,,,,,,,,,209.88,209.878479,,,,2025-12-05T13:23:08Z,2005,2005-01-01,2005-12-31
6974216,GHED_CHE_pc_US_SHA2011,COUNTRY,AUT,EUR,Europe,YEAR,2004,,,,,,,,,3606.78,3606.77856445,,,,2025-12-05T13:23:08Z,2004,2004-01-01,2004-12-31
6975920,GHED_CHE_pc_US_SHA2011,COUNTRY,SYC,AFR,Africa,YEAR,2010,,,,,,,,,449.52,449.52416992,,,,2025-12-05T13:23:08Z,2010,2010-01-01,2010-12-31
6979707,GHED_CHE_pc_US_SHA2011,COUNTRY,LTU,EUR,Europe,YEAR,2011,,,,,,,,,925.47,925.47161865,,,,2025-12-05T13:23:08Z,2011,2011-01-01,2011-12-31
6980501,GHED_CHE_pc_US_SHA2011,COUNTRY,AZE,EUR,Europe,YEAR,2000,,,,,,,,,19.02,19.01968193,,,,2025-12-05T13:23:08Z,2000,2000-01-01,2000-12-31
6988136,GHED_CHE_pc_US_SHA2011,COUNTRY,MDV,SEAR,South-East Asia,YEAR,2017,,,,,,,,,961.57,961.57415771,,,,2025-12-05T13:23:08Z,2017,2017-01-01,2017-12-31
6988964,GHED_CHE_pc_US_SHA2011,COUNTRY,EST,EUR,Europe,YEAR,2019,,,,,,,,,1599.35,1599.3503418,,,,2025-12-05T13:23:08Z,2019,2019-01-01,2019-12-31
6996390,GHED_CHE_pc_US_SHA2011,COUNTRY,MDA,EUR,Europe,YEAR,2009,,,,,,,,,208.53,208.53004456,,,,2025-12-05T13:23:08Z,2009,2009-01-01,2009-12-31
7000438,GHED_CHE_pc_US_SHA2011,COUNTRY,TTO,AMR,Americas,YEAR,2010,,,,,,,,,825.16,825.16088867,,,,2025-12-05T13:23:08Z,2010,2010-01-01,2010-12-31
7000841,GHED_CHE_pc_US_SHA2011,COUNTRY,KGZ,EUR,Europe,YEAR,2009,,,,,,,,,59.94,59.93972397,,,,2025-12-05T13:23:08Z,2009,2009-01-01,2009-12-31
7002709,GHED_CHE_pc_US_SHA2011,COUNTRY,AGO,AFR,Africa,YEAR,2011,,,,,,,,,122.12,122.11888123,,,,2025-12-05T13:23:08Z,2011,2011-01-01,2011-12-31
7002883,GHED_CHE_pc_US_SHA2011,REGION,EMR,,,YEAR,2002,,,,,,,,,229.17,229.17043409,,,,2025-12-05T13:23:08Z,2002,2002-01-01,2002-12-31
7004001,GHED_CHE_pc_US_SHA2011,COUNTRY,SRB,EUR,Europe,YEAR,2004,,,,,,,,,274.46,274.45532227,,,,2025-12-05T13:23:08Z,2004,2004-01-01,2004-12-31
7005681,GHED_CHE_pc_US_SHA2011,COUNTRY,TJK,EUR,Europe,YEAR,2021,,,,,,,,,75.10,75.10315704,,,,2025-12-05T13:23:08Z,2021,2021-01-01,2021-12-31
7006949,GHED_CHE_pc_US_SHA2011,COUNTRY,UZB,EUR,Europe,YEAR,2005,,,,,,,,,32.51,32.512611389999996,,,,2025-12-05T13:23:08Z,2005,2005-01-01,2005-12-31
7007887,GHED_CHE_pc_US_SHA2011,COUNTRY,SMR,EUR,Europe,YEAR,2010,,,,,,,,,3813.88,3813.88354492,,,,2025-12-05T13:23:08Z,2010,2010-01-01,2010-12-31
7008269,GHED_CHE_pc_US_SHA2011,COUNTRY,FSM,WPR,Western Pacific,YEAR,2010,,,,,,,,,361.97,361.96511841,,,,2025-12-05T13:23:08Z,2010,2010-01-01,2010-12-31
7008390,GHED_CHE_pc_US_SHA2011,COUNTRY,ECU,AMR,Americas,YEAR,2001,,,,,,,,,72.79,72.7922287,,,,2025-12-05T13:23:08Z,2001,2001-01-01,2001-12-31
7010579,GHED_CHE_pc_US_SHA2011,COUNTRY,KOR,WPR,Western Pacific,YEAR,2005,,,,,,,,,944.55,944.55078125,,,,2025-12-05T13:23:08Z,2005,2005-01-01,2005-12-31
7011900,GHED_CHE_pc_US_SHA2011,COUNTRY,BTN,SEAR,South-East Asia,YEAR,2017,,,,,,,,,103.64,103.63583374,,,,2025-12-05T13:23:08Z,2017,2017-01-01,2017-12-31
7011918,GHED_CHE_pc_US_SHA2011,COUNTRY,IRN,EMR,Eastern Mediterranean,YEAR,2016,,,,,,,,,433.92,433.9196167,,,,2025-12-05T13:23:08Z,2016,2016-01-01,2016-12-31
7012707,GHED_CHE_pc_US_SHA2011,COUNTRY,ISR,EUR,Europe,YEAR,2018,,,,,,,,,3199.42,3199.41625977,,,,2025-12-05T13:23:08Z,2018,2018-01-01,2018-12-31
7014411,GHED_CHE_pc_US_SHA2011,COUNTRY,GBR,EUR,Europe,YEAR,2000,,,,,,,,,2020.97,2020.96813965,,,,2025-12-05T13:23:08Z,2000,2000-01-01,2000-12-31
7014829,GHED_CHE_pc_US_SHA2011,COUNTRY,MNG,WPR,Western Pacific,YEAR,2016,,,,,,,,,168.41,168.41404724,,,,2025-12-05T13:23:08Z,2016,2016-01-01,2016-12-31
7019476,GHED_CHE_pc_US_SHA2011,COUNTRY,GIN,AFR,Africa,YEAR,2000,,,,,,,,,22.72,22.71741867,,,,2025-12-05T13:23:08Z,2000,2000-01-01,2000-12-31
7022469,GHED_CHE_pc_US_SHA2011,COUNTRY,NIC,AMR,Americas,YEAR,2018,,,,,,,,,172.98,172.9760437,,,,2025-12-05T13:23:08Z,2018,2018-01-01,2018-12-31
7023389,GHED_CHE_pc_US_SHA2011,COUNTRY,VUT,WPR,Western Pacific,YEAR,2008,,,,,,,,,81.72,81.72294617,,,,2025-12-05T13:23:08Z,2008,2008-01-01,2008-12-31
7026631,GHED_CHE_pc_US_SHA2011,COUNTRY,SYC,AFR,Africa,YEAR,2005,,,,,,,,,457.77,457.77093506,,,,2025-12-05T13:23:08Z,2005,2005-01-01,2005-12-31
7027558,GHED_CHE_pc_US_SHA2011,COUNTRY,MDG,AFR,Africa,YEAR,2008,,,,,,,,,20.92,20.91898537,,,,2025-12-05T13:23:08Z,2008,2008-01-01,2008-12-31
7031646,GHED_CHE_pc_US_SHA2011,COUNTRY,GNQ,AFR,Africa,YEAR,2001,,,,,,,,,29.59,29.59247589,,,,2025-12-05T13:23:08Z,2001,2001-01-01,2001-12-31
7032133,GHED_CHE_pc_US_SHA2011,COUNTRY,COD,AFR,Africa,YEAR,2015,,,,,,,,,18.57,18.57252884,,,,2025-12-05T13:23:08Z,2015,2015-01-01,2015-12-31
7033808,GHED_CHE_pc_US_SHA2011,COUNTRY,AFG,EMR,Eastern Mediterranean,YEAR,2020,,,,,,,,,80.09,80.0892334,,,,2025-12-05T13:23:08Z,2020,2020-01-01,2020-12-31
7036064,GHED_CHE_pc_US_SHA2011,COUNTRY,MWI,AFR,Africa,YEAR,2011,,,,,,,,,39.29,39.29234314,,,,2025-12-05T13:23:08Z,2011,2011-01-01,2011-12-31
7036271,GHED_CHE_pc_US_SHA2011,COUNTRY,ESP,EUR,Europe,YEAR,2002,,,,,,,,,1174.58,1174.5793457,,,,2025-12-05T13:23:08Z,2002,2002-01-01,2002-12-31
7037019,GHED_CHE_pc_US_SHA2011,COUNTRY,PAN,AMR,Americas,YEAR,2013,,,,,,,,,805.79,805.78985596,,,,2025-12-05T13:23:08Z,2013,2013-01-01,2013-12-31
7038831,GHED_CHE_pc_US_SHA2011,COUNTRY,SLE,AFR,Africa,YEAR,2004,,,,,,,,,23.03,23.03477859,,,,2025-12-05T13:23:08Z,2004,2004-01-01,2004-12-31
7039071,GHED_CHE_pc_US_SHA2011,COUNTRY,AGO,AFR,Africa,YEAR,2007,,,,,,,,,93.43,93.42698669,,,,2025-12-05T13:23:08Z,2007,2007-01-01,2007-12-31
7040128,GHED_CHE_pc_US_SHA2011,COUNTRY,TUV,WPR,Western Pacific,YEAR,2017,,,,,,,,,1017.50,1017.49633789,,,,2025-12-05T13:23:08Z,2017,2017-01-01,2017-12-31
7041606,GHED_CHE_pc_US_SHA2011,COUNTRY,BLZ,AMR,Americas,YEAR,2011,,,,,,,,,252.81,252.81436157,,,,2025-12-05T13:23:08Z,2011,2011-01-01,2011-12-31
7044125,GHED_CHE_pc_US_SHA2011,COUNTRY,NPL,SEAR,South-East Asia,YEAR,2009,,,,,,,,,20.87,20.86620903,,,,2025-12-05T13:23:08Z,2009,2009-01-01,2009-12-31
7044891,GHED_CHE_pc_US_SHA2011,COUNTRY,ROU,EUR,Europe,YEAR,2018,,,,,,,,,687.15,687.15411377,,,,2025-12-05T13:23:08Z,2018,2018-01-01,2018-12-31
7045381,GHED_CHE_pc_US_SHA2011,COUNTRY,ARM,EUR,Europe,YEAR,2015,,,,,,,,,365.52,365.51950073,,,,2025-12-05T13:23:08Z,2015,2015-01-01,2015-12-31
7046554,GHED_CHE_pc_US_SHA2011,COUNTRY,GNB,AFR,Africa,YEAR,2008,,,,,,,,,34.27,34.26661301,,,,2025-12-05T13:23:08Z,2008,2008-01-01,2008-12-31
7048118,GHED_CHE_pc_US_SHA2011,COUNTRY,ARG,AMR,Americas,YEAR,2017,,,,,,,,,1491.12,1491.11877441,,,,2025-12-05T13:23:08Z,2017,2017-01-01,2017-12-31
7049225,GHED_CHE_pc_US_SHA2011,COUNTRY,NIU,WPR,Western Pacific,YEAR,2020,,,,,,,,,1450.74,1450.74304199,,,,2025-12-05T13:23:08Z,2020,2020-01-01,2020-12-31
7051939,GHED_CHE_pc_US_SHA2011,COUNTRY,PER,AMR,Americas,YEAR,2008,,,,,,,,,191.43,191.42611694000001,,,,2025-12-05T13:23:08Z,2008,2008-01-01,2008-12-31
7055374,GHED_CHE_pc_US_SHA2011,COUNTRY,ARM,EUR,Europe,YEAR,2007,,,,,,,,,170.15,170.15332031,,,,2025-12-05T13:23:08Z,2007,2007-01-01,2007-12-31
7056395,GHED_CHE_pc_US_SHA2011,COUNTRY,NIU,WPR,Western Pacific,YEAR,2009,,,,,,,,,2475.89,2475.88525391,,,,2025-12-05T13:23:08Z,2009,2009-01-01,2009-12-31
7056856,GHED_CHE_pc_US_SHA2011,COUNTRY,SUR,AMR,Americas,YEAR,2021,,,,,,,,,270.38,270.37786865,,,,2025-12-05T13:23:08Z,2021,2021-01-01,2021-12-31
7059543,GHED_CHE_pc_US_SHA2011,REGION,WPR,,,YEAR,2008,,,,,,,,,733.97,733.96845266,,,,2025-12-05T13:23:08Z,2008,2008-01-01,2008-12-31
7060686,GHED_CHE_pc_US_SHA2011,COUNTRY,TUR,EUR,Europe,YEAR,2002,,,,,,,,,181.39,181.39144897,,,,2025-12-05T13:23:08Z,2002,2002-01-01,2002-12-31
7060926,GHED_CHE_pc_US_SHA2011,COUNTRY,GMB,AFR,Africa,YEAR,2005,,,,,,,,,33.20,33.2039566,,,,2025-12-05T13:23:08Z,2005,2005-01-01,2005-12-31
7064126,GHED_CHE_pc_US_SHA2011,COUNTRY,AFG,EMR,Eastern Mediterranean,YEAR,2015,,,,,,,,,59.92,59.91960526,,,,2025-12-05T13:23:08Z,2015,2015-01-01,2015-12-31
7064305,GHED_CHE_pc_US_SHA2011,COUNTRY,PRT,EUR,Europe,YEAR,2019,,,,,,,,,2209.50,2209.50219727,,,,2025-12-05T13:23:08Z,2019,2019-01-01,2019-12-31
7065612,GHED_CHE_pc_US_SHA2011,COUNTRY,FSM,WPR,Western Pacific,YEAR,2009,,,,,,,,,325.57,325.56570435,,,,2025-12-05T13:23:08Z,2009,2009-01-01,2009-12-31
7066081,GHED_CHE_pc_US_SHA2011,COUNTRY,TKM,EUR,Europe,YEAR,2018,,,,,,,,,411.33,411.32562256,,,,2025-12-05T13:23:08Z,2018,2018-01-01,2018-12-31
7070817,GHED_CHE_pc_US_SHA2011,COUNTRY,GUY,AMR,Americas,YEAR,2010,,,,,,,,,162.70,162.70393372,,,,2025-12-05T13:23:08Z,2010,2010-01-01,2010-12-31
7070928,GHED_CHE_pc_US_SHA2011,COUNTRY,AGO,AFR,Africa,YEAR,2001,,,,,,,,,29.26,29.26095772,,,,2025-12-05T13:23:08Z,2001,2001-01-01,2001-12-31
7070973,GHED_CHE_pc_US_SHA2011,COUNTRY,GNB,AFR,Africa,YEAR,2023,,,,,,,,,82.14,82.13543701,,,,2025-12-05T13:23:08Z,2023,2023-01-01,2023-12-31
7076394,GHED_CHE_pc_US_SHA2011,COUNTRY,POL,EUR,Europe,YEAR,2004,,,,,,,,,392.00,392.00338745,,,,2025-12-05T13:23:08Z,2004,2004-01-01,2004-12-31
7077924,GHED_CHE_pc_US_SHA2011,COUNTRY,TUR,EUR,Europe,YEAR,2013,,,,,,,,,547.95,547.95465088,,,,2025-12-05T13:23:08Z,2013,2013-01-01,2013-12-31
7078415,GHED_CHE_pc_US_SHA2011,COUNTRY,DEU,EUR,Europe,YEAR,2007,,,,,,,,,4162.69,4162.6875,,,,2025-12-05T13:23:08Z,2007,2007-01-01,2007-12-31
7078650,GHED_CHE_pc_US_SHA2011,COUNTRY,MNG,WPR,Western Pacific,YEAR,2007,,,,,,,,,66.18,66.17643738,,,,2025-12-05T13:23:08Z,2007,2007-01-01,2007-12-31
7081321,GHED_CHE_pc_US_SHA2011,COUNTRY,COG,AFR,Africa,YEAR,2000,,,,,,,,,17.35,17.35089302,,,,2025-12-05T13:23:08Z,2000,2000-01-01,2000-12-31
7084725,GHED_CHE_pc_US_SHA2011,COUNTRY,GNQ,AFR,Africa,YEAR,2004,,,,,,,,,104.55,104.54925537,,,,2025-12-05T13:23:08Z,2004,2004-01-01,2004-12-31
7086540,GHED_CHE_pc_US_SHA2011,COUNTRY,TCD,AFR,Africa,YEAR,2015,,,,,,,,,33.82,33.82092285,,,,2025-12-05T13:23:08Z,2015,2015-01-01,2015-12-31
7086729,GHED_CHE_pc_US_SHA2011,COUNTRY,SLB,WPR,Western Pacific,YEAR,2009,,,,,,,,,93.88,93.879776,,,,2025-12-05T13:23:08Z,2009,2009-01-01,2009-12-31
7087700,GHED_CHE_pc_US_SHA2011,COUNTRY,IRN,EMR,Eastern Mediterranean,YEAR,2020,,,,,,,,,184.91,184.90914917,,,,2025-12-05T13:23:08Z,2020,2020-01-01,2020-12-31
7087925,GHED_CHE_pc_US_SHA2011,COUNTRY,ERI,AFR,Africa,YEAR,2008,,,,,,,,,21.55,21.55065727,,,,2025-12-05T13:23:08Z,2008,2008-01-01,2008-12-31
7089608,GHED_CHE_pc_US_SHA2011,COUNTRY,BRB,AMR,Americas,YEAR,2006,,,,,,,,,1028.39,1028.39282227,,,,2025-12-05T13:23:08Z,2006,2006-01-01,2006-12-31
7090722,GHED_CHE_pc_US_SHA2011,COUNTRY,CIV,AFR,Africa,YEAR,2001,,,,,,,,,30.58,30.58369255,,,,2025-12-05T13:23:08Z,2001,2001-01-01,2001-12-31
7091003,GHED_CHE_pc_US_SHA2011,COUNTRY,URY,AMR,Americas,YEAR,2014,,,,,,,,,1495.60,1495.59777832,,,,2025-12-05T13:23:08Z,2014,2014-01-01,2014-12-31
7092304,GHED_CHE_pc_US_SHA2011,COUNTRY,LVA,EUR,Europe,YEAR,2000,,,,,,,,,181.57,181.57072449,,,,2025-12-05T13:23:08Z,2000,2000-01-01,2000-12-31
7092898,GHED_CHE_pc_US_SHA2011,COUNTRY,GHA,AFR,Africa,YEAR,2018,,,,,,,,,53.38,53.37788773,,,,2025-12-05T13:23:08Z,2018,2018-01-01,2018-12-31
7097397,GHED_CHE_pc_US_SHA2011,COUNTRY,MLI,AFR,Africa,YEAR,2009,,,,,,,,,34.65,34.64731598,,,,2025-12-05T13:23:08Z,2009,2009-01-01,2009-12-31
7097947,GHED_CHE_pc_US_SHA2011,COUNTRY,RUS,EUR,Europe,YEAR,2010,,,,,,,,,564.30,564.30065918,,,,2025-12-05T13:23:08Z,2010,2010-01-01,2010-12-31
7099900,GHED_CHE_pc_US_SHA2011,COUNTRY,PER,AMR,Americas,YEAR,2021,,,,,,,,,455.36,455.3560791,,,,2025-12-05T13:23:08Z,2021,2021-01-01,2021-12-31
7103328,GHED_CHE_pc_US_SHA2011,COUNTRY,HUN,EUR,Europe,YEAR,2013,,,,,,,,,991.99,991.98742676,,,,2025-12-05T13:23:08Z,2013,2013-01-01,2013-12-31
7104822,GHED_CHE_pc_US_SHA2011,COUNTRY,LTU,EUR,Europe,YEAR,2009,,,,,,,,,864.74,864.73638916,,,,2025-12-05T13:23:08Z,2009,2009-01-01,2009-12-31
7111569,GHED_CHE_pc_US_SHA2011,COUNTRY,PER,AMR,Americas,YEAR,2004,,,,,,,,,105.17,105.16587067,,,,2025-12-05T13:23:08Z,2004,2004-01-01,2004-12-31
7112247,GHED_CHE_pc_US_SHA2011,COUNTRY,CZE,EUR,Europe,YEAR,2009,,,,,,,,,1442.24,1442.24279785,,,,2025-12-05T13:23:08Z,2009,2009-01-01,2009-12-31
7112659,GHED_CHE_pc_US_SHA2011,COUNTRY,MOZ,AFR,Africa,YEAR,2013,,,,,,,,,41.50,41.5031395,,,,2025-12-05T13:23:08Z,2013,2013-01-01,2013-12-31
7112666,GHED_CHE_pc_US_SHA2011,COUNTRY,CRI,AMR,Americas,YEAR,2018,,,,,,,,,917.31,917.31018066,,,,2025-12-05T13:23:08Z,2018,2018-01-01,2018-12-31
7113404,GHED_CHE_pc_US_SHA2011,COUNTRY,BEN,AFR,Africa,YEAR,2023,,,,,,,,,46.53,46.52822113,,,,2025-12-05T13:23:08Z,2023,2023-01-01,2023-12-31
7114736,GHED_CHE_pc_US_SHA2011,COUNTRY,KEN,AFR,Africa,YEAR,2014,,,,,,,,,72.85,72.84589386,,,,2025-12-05T13:23:08Z,2014,2014-01-01,2014-12-31
7116183,GHED_CHE_pc_US_SHA2011,COUNTRY,NOR,EUR,Europe,YEAR,2013,,,,,,,,,9241.27,9241.265625,,,,2025-12-05T13:23:08Z,2013,2013-01-01,2013-12-31
7117232,GHED_CHE_pc_US_SHA2011,COUNTRY,ECU,AMR,Americas,YEAR,2013,,,,,,,,,414.13,414.12683105,,,,2025-12-05T13:23:08Z,2013,2013-01-01,2013-12-31
7119447,GHED_CHE_pc_US_SHA2011,COUNTRY,SMR,EUR,Europe,YEAR,2016,,,,,,,,,3621.23,3621.23266602,,,,2025-12-05T13:23:08Z,2016,2016-01-01,2016-12-31
7120548,GHED_CHE_pc_US_SHA2011,COUNTRY,HND,AMR,Americas,YEAR,2004,,,,,,,,,83.30,83.29620361,,,,2025-12-05T13:23:08Z,2004,2004-01-01,2004-12-31
7121239,GHED_CHE_pc_US_SHA2011,COUNTRY,LUX,EUR,Europe,YEAR,2001,,,,,,,,,3109.20,3109.20141602,,,,2025-12-05T13:23:08Z,2001,2001-01-01,2001-12-31
7122226,GHED_CHE_pc_US_SHA2011,REGION,EMR,,,YEAR,2023,,,,,,,,,573.66,573.66043533,,,,2025-12-05T13:23:08Z,2023,2023-01-01,2023-12-31
7127526,GHED_CHE_pc_US_SHA2011,COUNTRY,FRA,EUR,Europe,YEAR,2006,,,,,,,,,3811.55,3811.55175781,,,,2025-12-05T13:23:08Z,2006,2006-01-01,2006-12-31
7127769,GHED_CHE_pc_US_SHA2011,COUNTRY,LVA,EUR,Europe,YEAR,2013,,,,,,,,,807.13,807.13000488,,,,2025-12-05T13:23:08Z,2013,2013-01-01,2013-12-31
7133712,GHED_CHE_pc_US_SHA2011,COUNTRY,LCA,AMR,Americas,YEAR,2004,,,,,,,,,309.42,309.42208862,,,,2025-12-05T13:23:08Z,2004,2004-01-01,2004-12-31
7135650,GHED_CHE_pc_US_SHA2011,COUNTRY,KNA,AMR,Americas,YEAR,2002,,,,,,,,,465.08,465.07720947,,,,2025-12-05T13:23:08Z,2002,2002-01-01,2002-12-31
7139790,GHED_CHE_pc_US_SHA2011,COUNTRY,KEN,AFR,Africa,YEAR,2016,,,,,,,,,73.89,73.88768005,,,,2025-12-05T13:23:08Z,2016,2016-01-01,2016-12-31
7141647,GHED_CHE_pc_US_SHA2011,COUNTRY,NRU,WPR,Western Pacific,YEAR,2022,,,,,,,,,2264.07,2264.07055664,,,,2025-12-05T13:23:08Z,2022,2022-01-01,2022-12-31
7142551,GHED_CHE_pc_US_SHA2011,COUNTRY,IRQ,EMR,Eastern Mediterranean,YEAR,2020,,,,,,,,,248.05,248.04725647,,,,2025-12-05T13:23:08Z,2020,2020-01-01,2020-12-31
7144022,GHED_CHE_pc_US_SHA2011,COUNTRY,BHR,EMR,Eastern Mediterranean,YEAR,2019,,,,,,,,,1030.26,1030.26379395,,,,2025-12-05T13:23:08Z,2019,2019-01-01,2019-12-31
7149674,GHED_CHE_pc_US_SHA2011,COUNTRY,AFG,EMR,Eastern Mediterranean,YEAR,2006,,,,,,,,,28.94,28.9412632,,,,2025-12-05T13:23:08Z,2006,2006-01-01,2006-12-31
7150085,GHED_CHE_pc_US_SHA2011,COUNTRY,ESP,EUR,Europe,YEAR,2017,,,,,,,,,2564.56,2564.55834961,,,,2025-12-05T13:23:08Z,2017,2017-01-01,2017-12-31
7151100,GHED_CHE_pc_US_SHA2011,COUNTRY,BGR,EUR,Europe,YEAR,2010,,,,,,,,,484.75,484.75228882,,,,2025-12-05T13:23:08Z,2010,2010-01-01,2010-12-31
7151531,GHED_CHE_pc_US_SHA2011,COUNTRY,QAT,EMR,Eastern Mediterranean,YEAR,2003,,,,,,,,,1115.45,1115.45336914,,,,2025-12-05T13:23:08Z,2003,2003-01-01,2003-12-31
7151773,GHED_CHE_pc_US_SHA2011,COUNTRY,TJK,EUR,Europe,YEAR,2019,,,,,,,,,60.52,60.51568222,,,,2025-12-05T13:23:08Z,2019,2019-01-01,2019-12-31
7152016,GHED_CHE_pc_US_SHA2011,COUNTRY,MEX,AMR,Americas,YEAR,2003,,,,,,,,,411.83,411.83197021,,,,2025-12-05T13:23:08Z,2003,2003-01-01,2003-12-31
7153885,GHED_CHE_pc_US_SHA2011,COUNTRY,MNG,WPR,Western Pacific,YEAR,2001,,,,,,,,,27.85,27.85225105,,,,2025-12-05T13:23:08Z,2001,2001-01-01,2001-12-31
7154940,GHED_CHE_pc_US_SHA2011,COUNTRY,AZE,EUR,Europe,YEAR,2021,,,,,,,,,250.99,250.9887085,,,,2025-12-05T13:23:08Z,2021,2021-01-01,2021-12-31
7155537,GHED_CHE_pc_US_SHA2011,COUNTRY,PRY,AMR,Americas,YEAR,2023,,,,,,,,,526.51,526.5098877,,,,2025-12-05T13:23:08Z,2023,2023-01-01,2023-12-31
7157792,GHED_CHE_pc_US_SHA2011,WORLDBANKINCOMEGROUP,WB_HI,,,YEAR,2013,,,,,,,,,2937.74,2937.74285724,,,,2026-01-12T13:50:53Z,2013,2013-01-01,2013-12-31
7159170,GHED_CHE_pc_US_SHA2011,COUNTRY,TZA,AFR,Africa,YEAR,2001,,,,,,,,,15.17,15.1739912,,,,2025-12-05T13:23:08Z,2001,2001-01-01,2001-12-31
7160693,GHED_CHE_pc_US_SHA2011,COUNTRY,NZL,WPR,Western Pacific,YEAR,2016,,,,,,,,,3516.93,3516.93481445,,,,2025-12-05T13:23:08Z,2016,2016-01-01,2016-12-31
7163184,GHED_CHE_pc_US_SHA2011,COUNTRY,IRN,EMR,Eastern Mediterranean,YEAR,2012,,,,,,,,,500.22,500.21826172,,,,2025-12-05T13:23:08Z,2012,2012-01-01,2012-12-31
7164595,GHED_CHE_pc_US_SHA2011,COUNTRY,NLD,EUR,Europe,YEAR,2017,,,,,,,,,4934.58,4934.57519531,,,,2025-12-05T13:23:08Z,2017,2017-01-01,2017-12-31
7167386,GHED_CHE_pc_US_SHA2011,COUNTRY,MWI,AFR,Africa,YEAR,2018,,,,,,,,,36.70,36.70302963,,,,2025-12-05T13:23:08Z,2018,2018-01-01,2018-12-31
7170360,GHED_CHE_pc_US_SHA2011,COUNTRY,IND,SEAR,South-East Asia,YEAR,2018,,,,,,,,,57.47,57.46551132,,,,2025-12-05T13:23:08Z,2018,2018-01-01,2018-12-31
7171311,GHED_CHE_pc_US_SHA2011,COUNTRY,ETH,AFR,Africa,YEAR,2018,,,,,,,,,23.52,23.5205574,,,,2025-12-05T13:23:08Z,2018,2018-01-01,2018-12-31
7171923,GHED_CHE_pc_US_SHA2011,COUNTRY,TKM,EUR,Europe,YEAR,2023,,,,,,,,,581.38,581.38220215,,,,2025-12-05T13:23:08Z,2023,2023-01-01,2023-12-31
7172582,GHED_CHE_pc_US_SHA2011,COUNTRY,GRC,EUR,Europe,YEAR,2004,,,,,,,,,1782.70,1782.69592285,,,,2025-12-05T13:23:08Z,2004,2004-01-01,2004-12-31
7175596,GHED_CHE_pc_US_SHA2011,COUNTRY,BHR,EMR,Eastern Mediterranean,YEAR,2015,,,,,,,,,1128.24,1128.24291992,,,,2025-12-05T13:23:08Z,2015,2015-01-01,2015-12-31
7180497,GHED_CHE_pc_US_SHA2011,COUNTRY,IDN,WPR,Western Pacific,YEAR,2020,,,,,,,,,131.82,131.8225708,,,,2025-12-05T13:23:08Z,2020,2020-01-01,2020-12-31
7180912,GHED_CHE_pc_US_SHA2011,COUNTRY,CMR,AFR,Africa,YEAR,2019,,,,,,,,,56.79,56.79493713,,,,2025-12-05T13:23:08Z,2019,2019-01-01,2019-12-31
7181262,GHED_CHE_pc_US_SHA2011,COUNTRY,JAM,AMR,Americas,YEAR,2005,,,,,,,,,243.58,243.57797241,,,,2025-12-05T13:23:08Z,2005,2005-01-01,2005-12-31
7182490,GHED_CHE_pc_US_SHA2011,COUNTRY,ARE,EMR,Eastern Mediterranean,YEAR,2012,,,,,,,,,1711.39,1711.38525391,,,,2025-12-05T13:23:08Z,2012,2012-01-01,2012-12-31
7182711,GHED_CHE_pc_US_SHA2011,COUNTRY,KGZ,EUR,Europe,YEAR,2001,,,,,,,,,12.88,12.87845421,,,,2025-12-05T13:23:08Z,2001,2001-01-01,2001-12-31
7184505,GHED_CHE_pc_US_SHA2011,COUNTRY,AUS,WPR,Western Pacific,YEAR,2015,,,,,,,,,5271.93,5271.93310547,,,,2025-12-05T13:23:08Z,2015,2015-01-01,2015-12-31
7186853,GHED_CHE_pc_US_SHA2011,COUNTRY,COL,AMR,Americas,YEAR,2022,,,,,,,,,507.07,507.07064819,,,,2025-12-05T13:23:08Z,2022,2022-01-01,2022-12-31
7187212,GHED_CHE_pc_US_SHA2011,COUNTRY,PNG,WPR,Western Pacific,YEAR,2021,,,,,,,,,61.03,61.02529907,,,,2025-12-05T13:23:08Z,2021,2021-01-01,2021-12-31
7187542,GHED_CHE_pc_US_SHA2011,COUNTRY,NRU,WPR,Western Pacific,YEAR,2000,,,,,,,,,463.78,463.77734375,,,,2025-12-05T13:23:08Z,2000,2000-01-01,2000-12-31
7187939,GHED_CHE_pc_US_SHA2011,COUNTRY,BRB,AMR,Americas,YEAR,2007,,,,,,,,,1043.49,1043.49401855,,,,2025-12-05T13:23:08Z,2007,2007-01-01,2007-12-31
7190983,GHED_CHE_pc_US_SHA2011,COUNTRY,GRD,AMR,Americas,YEAR,2015,,,,,,,,,404.01,404.00680542,,,,2025-12-05T13:23:08Z,2015,2015-01-01,2015-12-31
7193755,GHED_CHE_pc_US_SHA2011,COUNTRY,SLB,WPR,Western Pacific,YEAR,2010,,,,,,,,,74.18,74.17661285,,,,2025-12-05T13:23:08Z,2010,2010-01-01,2010-12-31
7197733,GHED_CHE_pc_US_SHA2011,COUNTRY,LTU,EUR,Europe,YEAR,2022,,,,,,,,,1831.28,1831.27734375,,,,2025-12-05T13:23:08Z,2022,2022-01-01,2022-12-31
7199107,GHED_CHE_pc_US_SHA2011,COUNTRY,TLS,SEAR,South-East Asia,YEAR,2012,,,,,,,,,71.47,71.46888733,,,,2025-12-05T13:23:08Z,2012,2012-01-01,2012-12-31
7200878,GHED_CHE_pc_US_SHA2011,COUNTRY,GBR,EUR,Europe,YEAR,2006,,,,,,,,,3802.56,3802.56347656,,,,2025-12-05T13:23:08Z,2006,2006-01-01,2006-12-31
7201408,GHED_CHE_pc_US_SHA2011,COUNTRY,HUN,EUR,Europe,YEAR,2000,,,,,,,,,313.11,313.10858154,,,,2025-12-05T13:23:08Z,2000,2000-01-01,2000-12-31
7211084,GHED_CHE_pc_US_SHA2011,COUNTRY,RUS,EUR,Europe,YEAR,2022,,,,,,,,,1082.82,1082.82104492,,,,2025-12-05T13:23:08Z,2022,2022-01-01,2022-12-31
7211764,GHED_CHE_pc_US_SHA2011,COUNTRY,IDN,WPR,Western Pacific,YEAR,2023,,,,,,,,,131.78,131.77729797,,,,2025-12-05T13:23:08Z,2023,2023-01-01,2023-12-31
7216664,GHED_CHE_pc_US_SHA2011,COUNTRY,GTM,AMR,Americas,YEAR,2000,,,,,,,,,83.62,83.61930084,,,,2025-12-05T13:23:08Z,2000,2000-01-01,2000-12-31
7217097,GHED_CHE_pc_US_SHA2011,COUNTRY,LKA,SEAR,South-East Asia,YEAR,2022,,,,,,,,,130.09,130.09327698,,,,2025-12-05T13:23:08Z,2022,2022-01-01,2022-12-31
7223474,GHED_CHE_pc_US_SHA2011,COUNTRY,HUN,EUR,Europe,YEAR,2009,,,,,,,,,943.69,943.68774414,,,,2025-12-05T13:23:08Z,2009,2009-01-01,2009-12-31
7223626,GHED_CHE_pc_US_SHA2011,COUNTRY,MNG,WPR,Western Pacific,YEAR,2020,,,,,,,,,188.77,188.77464294,,,,2025-12-05T13:23:08Z,2020,2020-01-01,2020-12-31
7224569,GHED_CHE_pc_US_SHA2011,COUNTRY,KIR,WPR,Western Pacific,YEAR,2022,,,,,,,,,217.68,217.68276978,,,,2025-12-05T13:23:08Z,2022,2022-01-01,2022-12-31
7228804,GHED_CHE_pc_US_SHA2011,COUNTRY,THA,SEAR,South-East Asia,YEAR,2023,,,,,,,,,326.50,326.50482178,,,,2025-12-05T13:23:08Z,2023,2023-01-01,2023-12-31
7231128,GHED_CHE_pc_US_SHA2011,COUNTRY,CMR,AFR,Africa,YEAR,2012,,,,,,,,,56.96,56.96441269,,,,2025-12-05T13:23:08Z,2012,2012-01-01,2012-12-31
7231978,GHED_CHE_pc_US_SHA2011,COUNTRY,NPL,SEAR,South-East Asia,YEAR,2016,,,,,,,,,47.12,47.1232872,,,,2025-12-05T13:23:08Z,2016,2016-01-01,2016-12-31
7235647,GHED_CHE_pc_US_SHA2011,WORLDBANKINCOMEGROUP,WB_HI,,,YEAR,2006,,,,,,,,,2105.41,2105.40573657,,,,2025-12-05T13:23:08Z,2006,2006-01-01,2006-12-31
7235972,GHED_CHE_pc_US_SHA2011,COUNTRY,TUV,WPR,Western Pacific,YEAR,2002,,,,,,,,,207.18,207.1824646,,,,2025-12-05T13:23:08Z,2002,2002-01-01,2002-12-31
7238180,GHED_CHE_pc_US_SHA2011,COUNTRY,KIR,WPR,Western Pacific,YEAR,2021,,,,,,,,,263.10,263.09573364,,,,2025-12-05T13:23:08Z,2021,2021-01-01,2021-12-31
7238261,GHED_CHE_pc_US_SHA2011,COUNTRY,COM,AFR,Africa,YEAR,2022,,,,,,,,,124.14,124.14363861,,,,2025-12-05T13:23:08Z,2022,2022-01-01,2022-12-31
7241870,GHED_CHE_pc_US_SHA2011,COUNTRY,AZE,EUR,Europe,YEAR,2020,,,,,,,,,245.22,245.21949768,,,,2025-12-05T13:23:08Z,2020,2020-01-01,2020-12-31
7242170,GHED_CHE_pc_US_SHA2011,COUNTRY,BOL,AMR,Americas,YEAR,2007,,,,,,,,,63.62,63.62155914,,,,2025-12-05T13:23:08Z,2007,2007-01-01,2007-12-31
7244919,GHED_CHE_pc_US_SHA2011,COUNTRY,ETH,AFR,Africa,YEAR,2023,,,,,,,,,34.80,34.79846954,,,,2025-12-05T13:23:08Z,2023,2023-01-01,2023-12-31
7250018,GHED_CHE_pc_US_SHA2011,REGION,AFR,,,YEAR,2013,,,,,,,,,129.63,129.62849845,,,,2025-12-05T13:23:08Z,2013,2013-01-01,2013-12-31
7252858,GHED_CHE_pc_US_SHA2011,COUNTRY,CPV,AFR,Africa,YEAR,2021,,,,,,,,,262.42,262.42272949,,,,2025-12-05T13:23:08Z,2021,2021-01-01,2021-12-31
7254079,GHED_CHE_pc_US_SHA2011,COUNTRY,PNG,WPR,Western Pacific,YEAR,2003,,,,,,,,,21.99,21.9858036,,,,2025-12-05T13:23:08Z,2003,2003-01-01,2003-12-31
7255372,GHED_CHE_pc_US_SHA2011,COUNTRY,CHL,AMR,Americas,YEAR,2002,,,,,,,,,319.53,319.53222656,,,,2025-12-05T13:23:08Z,2002,2002-01-01,2002-12-31
7256464,GHED_CHE_pc_US_SHA2011,COUNTRY,SAU,EMR,Eastern Mediterranean,YEAR,2003,,,,,,,,,457.09,457.08770752,,,,2025-12-05T13:23:08Z,2003,2003-01-01,2003-12-31
7257376,GHED_CHE_pc_US_SHA2011,COUNTRY,NGA,AFR,Africa,YEAR,2018,,,,,,,,,63.60,63.60244751,,,,2025-12-05T13:23:08Z,2018,2018-01-01,2018-12-31
7258315,GHED_CHE_pc_US_SHA2011,COUNTRY,GBR,EUR,Europe,YEAR,2010,,,,,,,,,3876.34,3876.33911133,,,,2025-12-05T13:23:08Z,2010,2010-01-01,2010-12-31
7262717,GHED_CHE_pc_US_SHA2011,COUNTRY,QAT,EMR,Eastern Mediterranean,YEAR,2022,,,,,,,,,1781.50,1781.50390625,,,,2025-12-05T13:23:08Z,2022,2022-01-01,2022-12-31
7265658,GHED_CHE_pc_US_SHA2011,COUNTRY,MAR,EMR,Eastern Mediterranean,YEAR,2023,,,,,,,,,232.25,232.24751282,,,,2025-12-05T13:23:08Z,2023,2023-01-01,2023-12-31
7266255,GHED_CHE_pc_US_SHA2011,COUNTRY,SGP,WPR,Western Pacific,YEAR,2003,,,,,,,,,851.11,851.10961914,,,,2025-12-05T13:23:08Z,2003,2003-01-01,2003-12-31
7267026,GHED_CHE_pc_US_SHA2011,COUNTRY,GIN,AFR,Africa,YEAR,2016,,,,,,,,,38.43,38.42609406,,,,2025-12-05T13:23:08Z,2016,2016-01-01,2016-12-31
7272082,GHED_CHE_pc_US_SHA2011,COUNTRY,SVK,EUR,Europe,YEAR,2011,,,,,,,,,1352.44,1352.43835449,,,,2025-12-05T13:23:08Z,2011,2011-01-01,2011-12-31
7272818,GHED_CHE_pc_US_SHA2011,WORLDBANKINCOMEGROUP,WB_LI,,,YEAR,2011,,,,,,,,,39.42,39.42452489,,,,2025-12-05T13:23:08Z,2011,2011-01-01,2011-12-31
7273015,GHED_CHE_pc_US_SHA2011,COUNTRY,UKR,EUR,Europe,YEAR,2000,,,,,,,,,34.62,34.62232971,,,,2025-12-05T13:23:08Z,2000,2000-01-01,2000-12-31
7275347,GHED_CHE_pc_US_SHA2011,COUNTRY,VUT,WPR,Western Pacific,YEAR,2011,,,,,,,,,113.80,113.80240631,,,,2025-12-05T13:23:08Z,2011,2011-01-01,2011-12-31
7278804,GHED_CHE_pc_US_SHA2011,COUNTRY,LKA,SEAR,South-East Asia,YEAR,2005,,,,,,,,,55.40,55.40001297,,,,2025-12-05T13:23:08Z,2005,2005-01-01,2005-12-31
7280088,GHED_CHE_pc_US_SHA2011,COUNTRY,PSE,EMR,Eastern Mediterranean,YEAR,2013,,,,,,,,,327.26,327.25717163,,,,2025-12-05T13:23:08Z,2013,2013-01-01,2013-12-31
7280586,GHED_CHE_pc_US_SHA2011,COUNTRY,PER,AMR,Americas,YEAR,2011,,,,,,,,,264.46,264.46487427,,,,2025-12-05T13:23:08Z,2011,2011-01-01,2011-12-31
7282777,GHED_CHE_pc_US_SHA2011,COUNTRY,BOL,AMR,Americas,YEAR,2013,,,,,,,,,159.99,159.99380493,,,,2025-12-05T13:23:08Z,2013,2013-01-01,2013-12-31
7284938,GHED_CHE_pc_US_SHA2011,COUNTRY,ATG,AMR,Americas,YEAR,2009,,,,,,,,,609.50,609.50390625,,,,2025-12-05T13:23:08Z,2009,2009-01-01,2009-12-31
7285055,GHED_CHE_pc_US_SHA2011,COUNTRY,HRV,EUR,Europe,YEAR,2010,,,,,,,,,1126.82,1126.81970215,,,,2025-12-05T13:23:08Z,2010,2010-01-01,2010-12-31
7285587,GHED_CHE_pc_US_SHA2011,COUNTRY,VNM,WPR,Western Pacific,YEAR,2003,,,,,,,,,24.88,24.88381386,,,,2025-12-05T13:23:08Z,2003,2003-01-01,2003-12-31
7290028,GHED_CHE_pc_US_SHA2011,COUNTRY,MKD,EUR,Europe,YEAR,2006,,,,,,,,,242.60,242.60142517,,,,2025-12-05T13:23:08Z,2006,2006-01-01,2006-12-31
7290184,GHED_CHE_pc_US_SHA2011,COUNTRY,MKD,EUR,Europe,YEAR,2002,,,,,,,,,172.88,172.87971497,,,,2025-12-05T13:23:08Z,2002,2002-01-01,2002-12-31
7292295,GHED_CHE_pc_US_SHA2011,COUNTRY,BEN,AFR,Africa,YEAR,2021,,,,,,,,,38.45,38.45053101,,,,2025-12-05T13:23:08Z,2021,2021-01-01,2021-12-31
7294956,GHED_CHE_pc_US_SHA2011,COUNTRY,CZE,EUR,Europe,YEAR,2004,,,,,,,,,746.33,746.32891846,,,,2025-12-05T13:23:08Z,2004,2004-01-01,2004-12-31
7297229,GHED_CHE_pc_US_SHA2011,COUNTRY,USA,AMR,Americas,YEAR,2023,,,,,,,,,13473.19,13473.19335938,,,,2025-12-05T13:23:08Z,2023,2023-01-01,2023-12-31
7303258,GHED_CHE_pc_US_SHA2011,COUNTRY,KHM,WPR,Western Pacific,YEAR,2004,,,,,,,,,28.81,28.80763817,,,,2025-12-05T13:23:08Z,2004,2004-01-01,2004-12-31
7304224,GHED_CHE_pc_US_SHA2011,COUNTRY,LVA,EUR,Europe,YEAR,2022,,,,,,,,,1642.47,1642.47131348,,,,2025-12-05T13:23:08Z,2022,2022-01-01,2022-12-31
7305874,GHED_CHE_pc_US_SHA2011,COUNTRY,BRA,AMR,Americas,YEAR,2014,,,,,,,,,1030.66,1030.66271973,,,,2025-12-05T13:23:08Z,2014,2014-01-01,2014-12-31
7306660,GHED_CHE_pc_US_SHA2011,COUNTRY,PLW,WPR,Western Pacific,YEAR,2019,,,,,,,,,1928.92,1928.91564941,,,,2025-12-05T13:23:08Z,2019,2019-01-01,2019-12-31
7307242,GHED_CHE_pc_US_SHA2011,COUNTRY,RWA,AFR,Africa,YEAR,2012,,,,,,,,,57.26,57.26393127,,,,2025-12-05T13:23:08Z,2012,2012-01-01,2012-12-31
7307280,GHED_CHE_pc_US_SHA2011,COUNTRY,SVN,EUR,Europe,YEAR,2003,,,,,,,,,1203.06,1203.06359863,,,,2025-12-05T13:23:08Z,2003,2003-01-01,2003-12-31
7307936,GHED_CHE_pc_US_SHA2011,COUNTRY,CUB,AMR,Americas,YEAR,2006,,,,,,,,,386.83,386.8258667,,,,2025-12-05T13:23:08Z,2006,2006-01-01,2006-12-31
7309854,GHED_CHE_pc_US_SHA2011,COUNTRY,NIC,AMR,Americas,YEAR,2015,,,,,,,,,165.19,165.18948364,,,,2025-12-05T13:23:08Z,2015,2015-01-01,2015-12-31
7310462,GHED_CHE_pc_US_SHA2011,COUNTRY,GUY,AMR,Americas,YEAR,2014,,,,,,,,,216.04,216.03759766,,,,2025-12-05T13:23:08Z,2014,2014-01-01,2014-12-31
7311989,GHED_CHE_pc_US_SHA2011,COUNTRY,CHE,EUR,Europe,YEAR,2003,,,,,,,,,5005.12,5005.11816406,,,,2025-12-05T13:23:08Z,2003,2003-01-01,2003-12-31
7313960,GHED_CHE_pc_US_SHA2011,COUNTRY,BLR,EUR,Europe,YEAR,2009,,,,,,,,,288.45,288.44775391,,,,2025-12-05T13:23:08Z,2009,2009-01-01,2009-12-31
7315406,GHED_CHE_pc_US_SHA2011,COUNTRY,AZE,EUR,Europe,YEAR,2012,,,,,,,,,234.60,234.60324097,,,,2025-12-05T13:23:08Z,2012,2012-01-01,2012-12-31
7318450,GHED_CHE_pc_US_SHA2011,COUNTRY,FRA,EUR,Europe,YEAR,2020,,,,,,,,,4760.08,4760.08251953,,,,2025-12-05T13:23:08Z,2020,2020-01-01,2020-12-31
7319404,GHED_CHE_pc_US_SHA2011,COUNTRY,UKR,EUR,Europe,YEAR,2004,,,,,,,,,83.24,83.23918915,,,,2025-12-05T13:23:08Z,2004,2004-01-01,2004-12-31
7320452,GHED_CHE_pc_US_SHA2011,COUNTRY,NOR,EUR,Europe,YEAR,2016,,,,,,,,,7492.08,7492.07666016,,,,2025-12-05T13:23:08Z,2016,2016-01-01,2016-12-31
7320992,GHED_CHE_pc_US_SHA2011,COUNTRY,FRA,EUR,Europe,YEAR,2017,,,,,,,,,4436.64,4436.63720703,,,,2025-12-05T13:23:08Z,2017,2017-01-01,2017-12-31
7324582,GHED_CHE_pc_US_SHA2011,COUNTRY,MLT,EUR,Europe,YEAR,2007,,,,,,,,,1606.22,1606.22094727,,,,2025-12-05T13:23:08Z,2007,2007-01-01,2007-12-31
7330390,GHED_CHE_pc_US_SHA2011,COUNTRY,SUR,AMR,Americas,YEAR,2004,,,,,,,,,212.51,212.50817871,,,,2025-12-05T13:23:08Z,2004,2004-01-01,2004-12-31
7331388,GHED_CHE_pc_US_SHA2011,COUNTRY,LBY,EMR,Eastern Mediterranean,YEAR,2019,,,,,,,,,552.73,552.73168945,,,,2025-12-05T13:23:08Z,2019,2019-01-01,2019-12-31
7331491,GHED_CHE_pc_US_SHA2011,COUNTRY,GUY,AMR,Americas,YEAR,2021,,,,,,,,,457.87,457.86633301,,,,2025-12-05T13:23:08Z,2021,2021-01-01,2021-12-31
7332290,GHED_CHE_pc_US_SHA2011,COUNTRY,MKD,EUR,Europe,YEAR,2015,,,,,,,,,322.25,322.25213623,,,,2025-12-05T13:23:08Z,2015,2015-01-01,2015-12-31
7335217,GHED_CHE_pc_US_SHA2011,COUNTRY,ECU,AMR,Americas,YEAR,2005,,,,,,,,,170.44,170.44190979,,,,2025-12-05T13:23:08Z,2005,2005-01-01,2005-12-31
7338004,GHED_CHE_pc_US_SHA2011,COUNTRY,LUX,EUR,Europe,YEAR,2006,,,,,,,,,6070.74,6070.73583984,,,,2025-12-05T13:23:08Z,2006,2006-01-01,2006-12-31
7340952,GHED_CHE_pc_US_SHA2011,COUNTRY,MAR,EMR,Eastern Mediterranean,YEAR,2019,,,,,,,,,178.74,178.73939514,,,,2025-12-05T13:23:08Z,2019,2019-01-01,2019-12-31
7341705,GHED_CHE_pc_US_SHA2011,COUNTRY,CHE,EUR,Europe,YEAR,2014,,,,,,,,,9469.66,9469.6640625,,,,2025-12-05T13:23:08Z,2014,2014-01-01,2014-12-31
7344544,GHED_CHE_pc_US_SHA2011,COUNTRY,MEX,AMR,Americas,YEAR,2019,,,,,,,,,549.73,549.72601318,,,,2025-12-05T13:23:08Z,2019,2019-01-01,2019-12-31
7346110,GHED_CHE_pc_US_SHA2011,COUNTRY,AUS,WPR,Western Pacific,YEAR,2005,,,,,,,,,2995.87,2995.87255859,,,,2025-12-05T13:23:08Z,2005,2005-01-01,2005-12-31
7346329,GHED_CHE_pc_US_SHA2011,COUNTRY,STP,AFR,Africa,YEAR,2008,,,,,,,,,64.59,64.58831787,,,,2025-12-05T13:23:08Z,2008,2008-01-01,2008-12-31
7346437,GHED_CHE_pc_US_SHA2011,COUNTRY,CMR,AFR,Africa,YEAR,2010,,,,,,,,,50.03,50.03335571,,,,2025-12-05T13:23:08Z,2010,2010-01-01,2010-12-31
7347944,GHED_CHE_pc_US_SHA2011,COUNTRY,KNA,AMR,Americas,YEAR,2017,,,,,,,,,1186.43,1186.42663574,,,,2025-12-05T13:23:08Z,2017,2017-01-01,2017-12-31
7348730,GHED_CHE_pc_US_SHA2011,COUNTRY,PNG,WPR,Western Pacific,YEAR,2023,,,,,,,,,85.15,85.15021515,,,,2025-12-05T13:23:08Z,2023,2023-01-01,2023-12-31
7349488,GHED_CHE_pc_US_SHA2011,COUNTRY,AUT,EUR,Europe,YEAR,2019,,,,,,,,,5313.19,5313.19287109,,,,2025-12-05T13:23:08Z,2019,2019-01-01,2019-12-31
7349593,GHED_CHE_pc_US_SHA2011,COUNTRY,BFA,AFR,Africa,YEAR,2023,,,,,,,,,71.73,71.73455048,,,,2025-12-05T13:23:08Z,2023,2023-01-01,2023-12-31
7351393,GHED_CHE_pc_US_SHA2011,COUNTRY,PRY,AMR,Americas,YEAR,2019,,,,,,,,,416.84,416.84432983,,,,2025-12-05T13:23:08Z,2019,2019-01-01,2019-12-31
7351615,GHED_CHE_pc_US_SHA2011,COUNTRY,LAO,WPR,Western Pacific,YEAR,2002,,,,,,,,,12.91,12.90540886,,,,2025-12-05T13:23:08Z,2002,2002-01-01,2002-12-31
7352429,GHED_CHE_pc_US_SHA2011,COUNTRY,LIE,EUR,Europe,YEAR,2015,,,,,,,,,9639.75,9639.75195313,,,,2026-01-12T13:50:53Z,2015,2015-01-01,2015-12-31
7353223,GHED_CHE_pc_US_SHA2011,COUNTRY,RWA,AFR,Africa,YEAR,2006,,,,,,,,,27.16,27.1564312,,,,2025-12-05T13:23:08Z,2006,2006-01-01,2006-12-31
7357069,GHED_CHE_pc_US_SHA2011,COUNTRY,KHM,WPR,Western Pacific,YEAR,2006,,,,,,,,,32.84,32.84370041,,,,2025-12-05T13:23:08Z,2006,2006-01-01,2006-12-31
7358826,GHED_CHE_pc_US_SHA2011,COUNTRY,HTI,AMR,Americas,YEAR,2023,,,,,,,,,54.41,54.4146843,,,,2025-12-05T13:23:08Z,2023,2023-01-01,2023-12-31
7361432,GHED_CHE_pc_US_SHA2011,COUNTRY,MUS,AFR,Africa,YEAR,2021,,,,,,,,,593.78,593.77947998,,,,2025-12-05T13:23:08Z,2021,2021-01-01,2021-12-31
7362474,GHED_CHE_pc_US_SHA2011,COUNTRY,BHS,AMR,Americas,YEAR,2014,,,,,,,,,1619.37,1619.36669922,,,,2025-12-05T13:23:08Z,2014,2014-01-01,2014-12-31
7364628,GHED_CHE_pc_US_SHA2011,COUNTRY,SWZ,AFR,Africa,YEAR,2023,,,,,,,,,296.05,296.04562378,,,,2025-12-05T13:23:08Z,2023,2023-01-01,2023-12-31
7364849,GHED_CHE_pc_US_SHA2011,COUNTRY,GAB,AFR,Africa,YEAR,2019,,,,,,,,,206.00,205.99945068,,,,2025-12-05T13:23:08Z,2019,2019-01-01,2019-12-31
7364987,GHED_CHE_pc_US_SHA2011,COUNTRY,AUT,EUR,Europe,YEAR,2003,,,,,,,,,3122.31,3122.31201172,,,,2025-12-05T13:23:08Z,2003,2003-01-01,2003-12-31
7365815,GHED_CHE_pc_US_SHA2011,COUNTRY,LTU,EUR,Europe,YEAR,2008,,,,,,,,,936.51,936.50933838,,,,2025-12-05T13:23:08Z,2008,2008-01-01,2008-12-31
7367951,GHED_CHE_pc_US_SHA2011,COUNTRY,SMR,EUR,Europe,YEAR,2015,,,,,,,,,3530.05,3530.04614258,,,,2025-12-05T13:23:08Z,2015,2015-01-01,2015-12-31
7372051,GHED_CHE_pc_US_SHA2011,COUNTRY,BTN,SEAR,South-East Asia,YEAR,2022,,,,,,,,,138.01,138.00679016,,,,2025-12-05T13:23:08Z,2022,2022-01-01,2022-12-31
7372565,GHED_CHE_pc_US_SHA2011,COUNTRY,AFG,EMR,Eastern Mediterranean,YEAR,2018,,,,,,,,,71.23,71.22509003,,,,2025-12-05T13:23:08Z,2018,2018-01-01,2018-12-31
7374118,GHED_CHE_pc_US_SHA2011,COUNTRY,IRN,EMR,Eastern Mediterranean,YEAR,2019,,,,,,,,,223.64,223.64257813,,,,2025-12-05T13:23:08Z,2019,2019-01-01,2019-12-31
7378174,GHED_CHE_pc_US_SHA2011,COUNTRY,PRT,EUR,Europe,YEAR,2023,,,,,,,,,2762.26,2762.26293945,,,,2025-12-05T13:23:08Z,2023,2023-01-01,2023-12-31
7379438,GHED_CHE_pc_US_SHA2011,COUNTRY,PRT,EUR,Europe,YEAR,2016,,,,,,,,,1870.32,1870.31848145,,,,2025-12-05T13:23:08Z,2016,2016-01-01,2016-12-31
7379469,GHED_CHE_pc_US_SHA2011,COUNTRY,BRB,AMR,Americas,YEAR,2014,,,,,,,,,1175.44,1175.44348145,,,,2025-12-05T13:23:08Z,2014,2014-01-01,2014-12-31
7382271,GHED_CHE_pc_US_SHA2011,WORLDBANKINCOMEGROUP,WB_LI,,,YEAR,2010,,,,,,,,,36.65,36.64659824,,,,2025-12-05T13:23:08Z,2010,2010-01-01,2010-12-31
7387101,GHED_CHE_pc_US_SHA2011,REGION,WPR,,,YEAR,2005,,,,,,,,,551.53,551.52886827,,,,2025-12-05T13:23:08Z,2005,2005-01-01,2005-12-31
7391153,GHED_CHE_pc_US_SHA2011,COUNTRY,LUX,EUR,Europe,YEAR,2013,,,,,,,,,6356.64,6356.64453125,,,,2025-12-05T13:23:08Z,2013,2013-01-01,2013-12-31
7392287,GHED_CHE_pc_US_SHA2011,COUNTRY,DNK,EUR,Europe,YEAR,2011,,,,,,,,,6426.40,6426.39990234,,,,2025-12-05T13:23:08Z,2011,2011-01-01,2011-12-31
7392962,GHED_CHE_pc_US_SHA2011,COUNTRY,IRL,EUR,Europe,YEAR,2019,,,,,,,,,5454.31,5454.31152344,,,,2025-12-05T13:23:08Z,2019,2019-01-01,2019-12-31
7394404,GHED_CHE_pc_US_SHA2011,COUNTRY,LBY,EMR,Eastern Mediterranean,YEAR,2017,,,,,,,,,466.09,466.08538818,,,,2025-12-05T13:23:08Z,2017,2017-01-01,2017-12-31
7396579,GHED_CHE_pc_US_SHA2011,COUNTRY,VCT,AMR,Americas,YEAR,2003,,,,,,,,,178.14,178.1368866,,,,2025-12-05T13:23:08Z,2003,2003-01-01,2003-12-31
7400863,GHED_CHE_pc_US_SHA2011,COUNTRY,ISL,EUR,Europe,YEAR,2004,,,,,,,,,4414.23,4414.23339844,,,,2025-12-05T13:23:08Z,2004,2004-01-01,2004-12-31
7402241,GHED_CHE_pc_US_SHA2011,REGION,EUR,,,YEAR,2019,,,,,,,,,2667.40,2667.40039147,,,,2025-12-05T13:23:08Z,2019,2019-01-01,2019-12-31
7404568,GHED_CHE_pc_US_SHA2011,COUNTRY,CHL,AMR,Americas,YEAR,2006,,,,,,,,,565.85,565.8493042,,,,2025-12-05T13:23:08Z,2006,2006-01-01,2006-12-31
7405657,GHED_CHE_pc_US_SHA2011,COUNTRY,URY,AMR,Americas,YEAR,2001,,,,,,,,,679.42,679.4229126,,,,2025-12-05T13:23:08Z,2001,2001-01-01,2001-12-31
7407033,GHED_CHE_pc_US_SHA2011,COUNTRY,CIV,AFR,Africa,YEAR,2014,,,,,,,,,74.36,74.3581543,,,,2025-12-05T13:23:08Z,2014,2014-01-01,2014-12-31
7407564,GHED_CHE_pc_US_SHA2011,COUNTRY,TUR,EUR,Europe,YEAR,2012,,,,,,,,,520.44,520.44274902,,,,2025-12-05T13:23:08Z,2012,2012-01-01,2012-12-31
7410245,GHED_CHE_pc_US_SHA2011,WORLDBANKINCOMEGROUP,WB_HI,,,YEAR,2018,,,,,,,,,3068.21,3068.2110206,,,,2025-12-05T13:23:08Z,2018,2018-01-01,2018-12-31
7410377,GHED_CHE_pc_US_SHA2011,COUNTRY,PAN,AMR,Americas,YEAR,2001,,,,,,,,,296.75,296.75146484,,,,2025-12-05T13:23:08Z,2001,2001-01-01,2001-12-31
7412371,GHED_CHE_pc_US_SHA2011,COUNTRY,TON,WPR,Western Pacific,YEAR,2023,,,,,,,,,357.54,357.54415894,,,,2025-12-05T13:23:08Z,2023,2023-01-01,2023-12-31
7416468,GHED_CHE_pc_US_SHA2011,COUNTRY,GHA,AFR,Africa,YEAR,2014,,,,,,,,,78.47,78.46701813,,,,2025-12-05T13:23:08Z,2014,2014-01-01,2014-12-31
7418020,GHED_CHE_pc_US_SHA2011,COUNTRY,LIE,EUR,Europe,YEAR,2016,,,,,,,,,9703.76,9703.75878906,,,,2025-12-05T13:23:08Z,2016,2016-01-01,2016-12-31
7418261,GHED_CHE_pc_US_SHA2011,COUNTRY,ZAF,AFR,Africa,YEAR,2014,,,,,,,,,539.31,539.30780029,,,,2025-12-05T13:23:08Z,2014,2014-01-01,2014-12-31
7419758,GHED_CHE_pc_US_SHA2011,COUNTRY,SYC,AFR,Africa,YEAR,2001,,,,,,,,,334.48,334.48275757,,,,2025-12-05T13:23:08Z,2001,2001-01-01,2001-12-31
7421537,GHED_CHE_pc_US_SHA2011,COUNTRY,MDA,EUR,Europe,YEAR,2020,,,,,,,,,305.49,305.48913574,,,,2025-12-05T13:23:08Z,2020,2020-01-01,2020-12-31
7422543,GHED_CHE_pc_US_SHA2011,COUNTRY,GRD,AMR,Americas,YEAR,2007,,,,,,,,,359.54,359.53503418,,,,2025-12-05T13:23:08Z,2007,2007-01-01,2007-12-31
7425228,GHED_CHE_pc_US_SHA2011,COUNTRY,MHL,WPR,Western Pacific,YEAR,2003,,,,,,,,,338.23,338.22610474,,,,2025-12-05T13:23:08Z,2003,2003-01-01,2003-12-31
7426068,GHED_CHE_pc_US_SHA2011,GLOBAL,GLOBAL,,,YEAR,2001,,,,,,,,,460.26,460.25973192,,,,2025-12-05T13:23:08Z,2001,2001-01-01,2001-12-31
7429017,GHED_CHE_pc_US_SHA2011,COUNTRY,ISL,EUR,Europe,YEAR,2016,,,,,,,,,5053.52,5053.51757813,,,,2025-12-05T13:23:08Z,2016,2016-01-01,2016-12-31
7430429,GHED_CHE_pc_US_SHA2011,COUNTRY,NER,AFR,Africa,YEAR,2011,,,,,,,,,24.84,24.84123039,,,,2025-12-05T13:23:08Z,2011,2011-01-01,2011-12-31
7430621,GHED_CHE_pc_US_SHA2011,REGION,EMR,,,YEAR,2017,,,,,,,,,518.67,518.67196508,,,,2025-12-05T13:23:08Z,2017,2017-01-01,2017-12-31
7432246,GHED_CHE_pc_US_SHA2011,COUNTRY,MKD,EUR,Europe,YEAR,2005,,,,,,,,,229.81,229.81243896,,,,2025-12-05T13:23:08Z,2005,2005-01-01,2005-12-31
7433348,GHED_CHE_pc_US_SHA2011,REGION,SEAR,,,YEAR,2023,,,,,,,,,244.94,244.94235611,,,,2025-12-05T13:23:08Z,2023,2023-01-01,2023-12-31
7433903,GHED_CHE_pc_US_SHA2011,COUNTRY,ESP,EUR,Europe,YEAR,2000,,,,,,,,,1005.28,1005.28399658,,,,2025-12-05T13:23:08Z,2000,2000-01-01,2000-12-31
7434842,GHED_CHE_pc_US_SHA2011,COUNTRY,DMA,AMR,Americas,YEAR,2018,,,,,,,,,503.34,503.34179688,,,,2025-12-05T13:23:08Z,2018,2018-01-01,2018-12-31
7435325,GHED_CHE_pc_US_SHA2011,COUNTRY,ECU,AMR,Americas,YEAR,2003,,,,,,,,,134.13,134.12744141,,,,2025-12-05T13:23:08Z,2003,2003-01-01,2003-12-31
7437564,GHED_CHE_pc_US_SHA2011,COUNTRY,TKM,EUR,Europe,YEAR,2013,,,,,,,,,339.92,339.92349243,,,,2025-12-05T13:23:08Z,2013,2013-01-01,2013-12-31
7438912,GHED_CHE_pc_US_SHA2011,COUNTRY,GHA,AFR,Africa,YEAR,2008,,,,,,,,,63.45,63.45487595,,,,2025-12-05T13:23:08Z,2008,2008-01-01,2008-12-31
7439951,GHED_CHE_pc_US_SHA2011,COUNTRY,MEX,AMR,Americas,YEAR,2011,,,,,,,,,565.32,565.31738281,,,,2025-12-05T13:23:08Z,2011,2011-01-01,2011-12-31
7441350,GHED_CHE_pc_US_SHA2011,COUNTRY,GRD,AMR,Americas,YEAR,2000,,,,,,,,,259.34,259.33764648,,,,2025-12-05T13:23:08Z,2000,2000-01-01,2000-12-31
7442797,GHED_CHE_pc_US_SHA2011,COUNTRY,ARG,AMR,Americas,YEAR,2019,,,,,,,,,1007.46,1007.45629883,,,,2025-12-05T13:23:08Z,2019,2019-01-01,2019-12-31
7443689,GHED_CHE_pc_US_SHA2011,COUNTRY,GNB,AFR,Africa,YEAR,2022,,,,,,,,,68.01,68.01049042,,,,2025-12-05T13:23:08Z,2022,2022-01-01,2022-12-31
7443841,GHED_CHE_pc_US_SHA2011,COUNTRY,WSM,WPR,Western Pacific,YEAR,2023,,,,,,,,,292.81,292.81085205,,,,2025-12-05T13:23:08Z,2023,2023-01-01,2023-12-31
7446857,GHED_CHE_pc_US_SHA2011,COUNTRY,THA,SEAR,South-East Asia,YEAR,2018,,,,,,,,,274.71,274.71221924,,,,2025-12-05T13:23:08Z,2018,2018-01-01,2018-12-31
7447628,GHED_CHE_pc_US_SHA2011,COUNTRY,LVA,EUR,Europe,YEAR,2002,,,,,,,,,237.30,237.29516602,,,,2025-12-05T13:23:08Z,2002,2002-01-01,2002-12-31
7451890,GHED_CHE_pc_US_SHA2011,REGION,EUR,,,YEAR,2012,,,,,,,,,2389.87,2389.86839251,,,,2025-12-05T13:23:08Z,2012,2012-01-01,2012-12-31
7456375,GHED_CHE_pc_US_SHA2011,COUNTRY,SAU,EMR,Eastern Mediterranean,YEAR,2015,,,,,,,,,1309.27,1309.27148438,,,,2025-12-05T13:23:08Z,2015,2015-01-01,2015-12-31
7463908,GHED_CHE_pc_US_SHA2011,COUNTRY,IRL,EUR,Europe,YEAR,2005,,,,,,,,,3938.19,3938.19116211,,,,2025-12-05T13:23:08Z,2005,2005-01-01,2005-12-31
7467477,GHED_CHE_pc_US_SHA2011,COUNTRY,FSM,WPR,Western Pacific,YEAR,2020,,,,,,,,,403.04,403.03540039,,,,2025-12-05T13:23:08Z,2020,2020-01-01,2020-12-31
7472137,GHED_CHE_pc_US_SHA2011,COUNTRY,BGD,SEAR,South-East Asia,YEAR,2001,,,,,,,,,8.10,8.10025787,,,,2025-12-05T13:23:08Z,2001,2001-01-01,2001-12-31
7472298,GHED_CHE_pc_US_SHA2011,COUNTRY,NOR,EUR,Europe,YEAR,2001,,,,,,,,,3099.00,3099.00341797,,,,2025-12-05T13:23:08Z,2001,2001-01-01,2001-12-31
7473859,GHED_CHE_pc_US_SHA2011,COUNTRY,MRT,AFR,Africa,YEAR,2017,,,,,,,,,55.22,55.22446442,,,,2025-12-05T13:23:08Z,2017,2017-01-01,2017-12-31
7475279,GHED_CHE_pc_US_SHA2011,COUNTRY,BRA,AMR,Americas,YEAR,2010,,,,,,,,,906.01,906.0098877,,,,2025-12-05T13:23:08Z,2010,2010-01-01,2010-12-31
7484237,GHED_CHE_pc_US_SHA2011,COUNTRY,ARG,AMR,Americas,YEAR,2023,,,,,,,,,1456.99,1456.98596191,,,,2025-12-05T13:23:08Z,2023,2023-01-01,2023-12-31
7485263,GHED_CHE_pc_US_SHA2011,COUNTRY,CHL,AMR,Americas,YEAR,2016,,,,,,,,,1167.89,1167.89306641,,,,2025-12-05T13:23:08Z,2016,2016-01-01,2016-12-31
7486324,GHED_CHE_pc_US_SHA2011,COUNTRY,MCO,EUR,Europe,YEAR,2013,,,,,,,,,8459.11,8459.11328125,,,,2025-12-05T13:23:08Z,2013,2013-01-01,2013-12-31
7486857,GHED_CHE_pc_US_SHA2011,COUNTRY,LUX,EUR,Europe,YEAR,2017,,,,,,,,,5713.12,5713.11865234,,,,2025-12-05T13:23:08Z,2017,2017-01-01,2017-12-31
7488359,GHED_CHE_pc_US_SHA2011,COUNTRY,SUR,AMR,Americas,YEAR,2020,,,,,,,,,409.87,409.86743164,,,,2025-12-05T13:23:08Z,2020,2020-01-01,2020-12-31
7489087,GHED_CHE_pc_US_SHA2011,COUNTRY,CPV,AFR,Africa,YEAR,2020,,,,,,,,,249.72,249.71989441,,,,2025-12-05T13:23:08Z,2020,2020-01-01,2020-12-31
7489231,GHED_CHE_pc_US_SHA2011,COUNTRY,DZA,AFR,Africa,YEAR,2002,,,,,,,,,66.68,66.681633,,,,2025-12-05T13:23:08Z,2002,2002-01-01,2002-12-31
7496665,GHED_CHE_pc_US_SHA2011,COUNTRY,CUB,AMR,Americas,YEAR,2015,,,,,,,,,991.08,991.08496094,,,,2025-12-05T13:23:08Z,2015,2015-01-01,2015-12-31
7499548,GHED_CHE_pc_US_SHA2011,COUNTRY,SDN,EMR,Eastern Mediterranean,YEAR,2013,,,,,,,,,97.49,97.4931488,,,,2025-12-05T13:23:08Z,2013,2013-01-01,2013-12-31
7504066,GHED_CHE_pc_US_SHA2011,COUNTRY,HND,AMR,Americas,YEAR,2012,,,,,,,,,184.04,184.04154968,,,,2025-12-05T13:23:08Z,2012,2012-01-01,2012-12-31
7504749,GHED_CHE_pc_US_SHA2011,COUNTRY,GTM,AMR,Americas,YEAR,2019,,,,,,,,,278.59,278.59024048,,,,2025-12-05T13:23:08Z,2019,2019-01-01,2019-12-31
7507512,GHED_CHE_pc_US_SHA2011,COUNTRY,LAO,WPR,Western Pacific,YEAR,2018,,,,,,,,,57.17,57.1708374,,,,2025-12-05T13:23:08Z,2018,2018-01-01,2018-12-31
7507842,GHED_CHE_pc_US_SHA2011,COUNTRY,NAM,AFR,Africa,YEAR,2020,,,,,,,,,370.82,370.81643677,,,,2025-12-05T13:23:08Z,2020,2020-01-01,2020-12-31
7507888,GHED_CHE_pc_US_SHA2011,COUNTRY,SOM,EMR,Eastern Mediterranean,YEAR,2021,,,,,,,,,15.02,15.01879692,,,,2025-12-05T13:23:08Z,2021,2021-01-01,2021-12-31
7510496,GHED_CHE_pc_US_SHA2011,COUNTRY,BTN,SEAR,South-East Asia,YEAR,2012,,,,,,,,,84.09,84.0940094,,,,2025-12-05T13:23:08Z,2012,2012-01-01,2012-12-31
7513479,GHED_CHE_pc_US_SHA2011,COUNTRY,TON,WPR,Western Pacific,YEAR,2017,,,,,,,,,246.34,246.34036255,,,,2025-12-05T13:23:08Z,2017,2017-01-01,2017-12-31
7513642,GHED_CHE_pc_US_SHA2011,COUNTRY,COK,WPR,Western Pacific,YEAR,2004,,,,,,,,,440.38,440.38208008,,,,2025-12-05T13:23:08Z,2004,2004-01-01,2004-12-31
7515265,GHED_CHE_pc_US_SHA2011,COUNTRY,KOR,WPR,Western Pacific,YEAR,2013,,,,,,,,,1738.81,1738.80847168,,,,2025-12-05T13:23:08Z,2013,2013-01-01,2013-12-31
7518291,GHED_CHE_pc_US_SHA2011,COUNTRY,BLZ,AMR,Americas,YEAR,2008,,,,,,,,,257.85,257.84707642,,,,2025-12-05T13:23:08Z,2008,2008-01-01,2008-12-31
7520095,GHED_CHE_pc_US_SHA2011,COUNTRY,CHE,EUR,Europe,YEAR,2004,,,,,,,,,5593.48,5593.4765625,,,,2025-12-05T13:23:08Z,2004,2004-01-01,2004-12-31
7522570,GHED_CHE_pc_US_SHA2011,COUNTRY,TUR,EUR,Europe,YEAR,2003,,,,,,,,,232.56,232.5562439,,,,2025-12-05T13:23:08Z,2003,2003-01-01,2003-12-31
7524658,GHED_CHE_pc_US_SHA2011,COUNTRY,AZE,EUR,Europe,YEAR,2016,,,,,,,,,169.70,169.69596863,,,,2025-12-05T13:23:08Z,2016,2016-01-01,2016-12-31
7525183,GHED_CHE_pc_US_SHA2011,COUNTRY,PRT,EUR,Europe,YEAR,2005,,,,,,,,,1814.35,1814.35449219,,,,2025-12-05T13:23:08Z,2005,2005-01-01,2005-12-31
7527404,GHED_CHE_pc_US_SHA2011,COUNTRY,SRB,EUR,Europe,YEAR,2015,,,,,,,,,491.25,491.25177002,,,,2025-12-05T13:23:08Z,2015,2015-01-01,2015-12-31
7527830,GHED_CHE_pc_US_SHA2011,COUNTRY,ROU,EUR,Europe,YEAR,2008,,,,,,,,,521.32,521.31561279,,,,2025-12-05T13:23:08Z,2008,2008-01-01,2008-12-31
7528827,GHED_CHE_pc_US_SHA2011,COUNTRY,QAT,EMR,Eastern Mediterranean,YEAR,2012,,,,,,,,,1712.67,1712.67089844,,,,2025-12-05T13:23:08Z,2012,2012-01-01,2012-12-31
7529026,GHED_CHE_pc_US_SHA2011,COUNTRY,QAT,EMR,Eastern Mediterranean,YEAR,2016,,,,,,,,,2072.06,2072.06103516,,,,2025-12-05T13:23:08Z,2016,2016-01-01,2016-12-31
7530551,GHED_CHE_pc_US_SHA2011,COUNTRY,AUT,EUR,Europe,YEAR,2006,,,,,,,,,3899.91,3899.90722656,,,,2025-12-05T13:23:08Z,2006,2006-01-01,2006-12-31
7533543,GHED_CHE_pc_US_SHA2011,COUNTRY,DZA,AFR,Africa,YEAR,2008,,,,,,,,,206.37,206.37207031,,,,2025-12-05T13:23:08Z,2008,2008-01-01,2008-12-31
7533607,GHED_CHE_pc_US_SHA2011,COUNTRY,IND,SEAR,South-East Asia,YEAR,2011,,,,,,,,,48.18,48.18242264,,,,2025-12-05T13:23:08Z,2011,2011-01-01,2011-12-31
7533972,GHED_CHE_pc_US_SHA2011,COUNTRY,VEN,AMR,Americas,YEAR,2021,,,,,,,,,162.44,162.43952942,,,,2025-12-05T13:23:08Z,2021,2021-01-01,2021-12-31
7536674,GHED_CHE_pc_US_SHA2011,COUNTRY,NER,AFR,Africa,YEAR,2005,,,,,,,,,18.67,18.67140198,,,,2025-12-05T13:23:08Z,2005,2005-01-01,2005-12-31
7539731,GHED_CHE_pc_US_SHA2011,COUNTRY,ESP,EUR,Europe,YEAR,2011,,,,,,,,,2938.18,2938.18041992,,,,2025-12-05T13:23:08Z,2011,2011-01-01,2011-12-31
7539993,GHED_CHE_pc_US_SHA2011,COUNTRY,BRN,WPR,Western Pacific,YEAR,2007,,,,,,,,,710.42,710.42297363,,,,2025-12-05T13:23:08Z,2007,2007-01-01,2007-12-31
7543523,GHED_CHE_pc_US_SHA2011,COUNTRY,SVK,EUR,Europe,YEAR,2000,,,,,,,,,203.51,203.50627136,,,,2025-12-05T13:23:08Z,2000,2000-01-01,2000-12-31
7543878,GHED_CHE_pc_US_SHA2011,COUNTRY,MAR,EMR,Eastern Mediterranean,YEAR,2015,,,,,,,,,162.85,162.85198975,,,,2025-12-05T13:23:08Z,2015,2015-01-01,2015-12-31
7547081,GHED_CHE_pc_US_SHA2011,COUNTRY,COL,AMR,Americas,YEAR,2009,,,,,,,,,383.92,383.91674805,,,,2025-12-05T13:23:08Z,2009,2009-01-01,2009-12-31
7549659,GHED_CHE_pc_US_SHA2011,REGION,AFR,,,YEAR,2009,,,,,,,,,99.80,99.79840675,,,,2025-12-05T13:23:08Z,2009,2009-01-01,2009-12-31
7550840,GHED_CHE_pc_US_SHA2011,COUNTRY,HND,AMR,Americas,YEAR,2000,,,,,,,,,68.48,68.48374939,,,,2025-12-05T13:23:08Z,2000,2000-01-01,2000-12-31
7552033,GHED_CHE_pc_US_SHA2011,COUNTRY,ZWE,AFR,Africa,YEAR,2018,,,,,,,,,114.77,114.76815033,,,,2025-12-05T13:23:08Z,2018,2018-01-01,2018-12-31
7556365,GHED_CHE_pc_US_SHA2011,COUNTRY,USA,AMR,Americas,YEAR,2022,,,,,,,,,12586.20,12586.19628906,,,,2025-12-05T13:23:08Z,2022,2022-01-01,2022-12-31
7556497,GHED_CHE_pc_US_SHA2011,COUNTRY,TON,WPR,Western Pacific,YEAR,2019,,,,,,,,,266.69,266.68792725,,,,2025-12-05T13:23:08Z,2019,2019-01-01,2019-12-31
7562535,GHED_CHE_pc_US_SHA2011,COUNTRY,POL,EUR,Europe,YEAR,2000,,,,,,,,,238.00,238.00448608,,,,2025-12-05T13:23:08Z,2000,2000-01-01,2000-12-31
7567050,GHED_CHE_pc_US_SHA2011,COUNTRY,GTM,AMR,Americas,YEAR,2011,,,,,,,,,191.25,191.24732971,,,,2025-12-05T13:23:08Z,2011,2011-01-01,2011-12-31
7572165,GHED_CHE_pc_US_SHA2011,COUNTRY,NRU,WPR,Western Pacific,YEAR,2019,,,,,,,,,1213.87,1213.86804199,,,,2025-12-05T13:23:08Z,2019,2019-01-01,2019-12-31
7574945,GHED_CHE_pc_US_SHA2011,COUNTRY,TUN,EMR,Eastern Mediterranean,YEAR,2009,,,,,,,,,231.36,231.3591156,,,,2025-12-05T13:23:08Z,2009,2009-01-01,2009-12-31
7584568,GHED_CHE_pc_US_SHA2011,COUNTRY,TUR,EUR,Europe,YEAR,2010,,,,,,,,,531.83,531.82861328,,,,2025-12-05T13:23:08Z,2010,2010-01-01,2010-12-31
7584900,GHED_CHE_pc_US_SHA2011,COUNTRY,TUV,WPR,Western Pacific,YEAR,2023,,,,,,,,,1723.57,1723.56542969,,,,2025-12-05T13:23:08Z,2023,2023-01-01,2023-12-31
7587719,GHED_CHE_pc_US_SHA2011,COUNTRY,JOR,EMR,Eastern Mediterranean,YEAR,2023,,,,,,,,,342.10,342.10394287,,,,2025-12-05T13:23:08Z,2023,2023-01-01,2023-12-31
7589880,GHED_CHE_pc_US_SHA2011,COUNTRY,GMB,AFR,Africa,YEAR,2009,,,,,,,,,34.59,34.59326172,,,,2025-12-05T13:23:08Z,2009,2009-01-01,2009-12-31
7590255,GHED_CHE_pc_US_SHA2011,COUNTRY,USA,AMR,Americas,YEAR,2018,,,,,,,,,10180.48,10180.48242188,,,,2025-12-05T13:23:08Z,2018,2018-01-01,2018-12-31
7590279,GHED_CHE_pc_US_SHA2011,COUNTRY,SVN,EUR,Europe,YEAR,2016,,,,,,,,,1838.65,1838.65405273,,,,2025-12-05T13:23:08Z,2016,2016-01-01,2016-12-31
7590372,GHED_CHE_pc_US_SHA2011,COUNTRY,GNB,AFR,Africa,YEAR,2011,,,,,,,,,44.73,44.72909927,,,,2025-12-05T13:23:08Z,2011,2011-01-01,2011-12-31
7592819,GHED_CHE_pc_US_SHA2011,COUNTRY,MAR,EMR,Eastern Mediterranean,YEAR,2008,,,,,,,,,153.24,153.23677063,,,,2025-12-05T13:23:08Z,2008,2008-01-01,2008-12-31
7596567,GHED_CHE_pc_US_SHA2011,COUNTRY,FSM,WPR,Western Pacific,YEAR,2000,,,,,,,,,161.48,161.47862244,,,,2025-12-05T13:23:08Z,2000,2000-01-01,2000-12-31
7597074,GHED_CHE_pc_US_SHA2011,COUNTRY,SAU,EMR,Eastern Mediterranean,YEAR,2022,,,,,,,,,1830.89,1830.89074707,,,,2025-12-05T13:23:08Z,2022,2022-01-01,2022-12-31
7597639,GHED_CHE_pc_US_SHA2011,COUNTRY,PLW,WPR,Western Pacific,YEAR,2006,,,,,,,,,852.01,852.00756836,,,,2025-12-05T13:23:08Z,2006,2006-01-01,2006-12-31
7602798,GHED_CHE_pc_US_SHA2011,COUNTRY,JAM,AMR,Americas,YEAR,2007,,,,,,,,,292.00,292.00213623,,,,2025-12-05T13:23:08Z,2007,2007-01-01,2007-12-31
7609106,GHED_CHE_pc_US_SHA2011,COUNTRY,IRN,EMR,Eastern Mediterranean,YEAR,2003,,,,,,,,,115.52,115.51907349,,,,2025-12-05T13:23:08Z,2003,2003-01-01,2003-12-31
7612760,GHED_CHE_pc_US_SHA2011,COUNTRY,MOZ,AFR,Africa,YEAR,2014,,,,,,,,,43.50,43.50259018,,,,2025-12-05T13:23:08Z,2014,2014-01-01,2014-12-31
7614417,GHED_CHE_pc_US_SHA2011,COUNTRY,GRD,AMR,Americas,YEAR,2005,,,,,,,,,326.09,326.09225464,,,,2025-12-05T13:23:08Z,2005,2005-01-01,2005-12-31
7618088,GHED_CHE_pc_US_SHA2011,COUNTRY,LBR,AFR,Africa,YEAR,2010,,,,,,,,,40.87,40.8739624,,,,2025-12-05T13:23:08Z,2010,2010-01-01,2010-12-31
7619878,GHED_CHE_pc_US_SHA2011,COUNTRY,POL,EUR,Europe,YEAR,2008,,,,,,,,,892.60,892.59698486,,,,2025-12-05T13:23:08Z,2008,2008-01-01,2008-12-31
7625475,GHED_CHE_pc_US_SHA2011,COUNTRY,GMB,AFR,Africa,YEAR,2020,,,,,,,,,28.92,28.9169693,,,,2025-12-05T13:23:08Z,2020,2020-01-01,2020-12-31
7629952,GHED_CHE_pc_US_SHA2011,COUNTRY,IND,SEAR,South-East Asia,YEAR,2014,,,,,,,,,56.35,56.3490181,,,,2025-12-05T13:23:08Z,2014,2014-01-01,2014-12-31
7633915,GHED_CHE_pc_US_SHA2011,COUNTRY,RUS,EUR,Europe,YEAR,2012,,,,,,,,,755.49,755.48553467,,,,2025-12-05T13:23:08Z,2012,2012-01-01,2012-12-31
7633956,GHED_CHE_pc_US_SHA2011,COUNTRY,TON,WPR,Western Pacific,YEAR,2008,,,,,,,,,190.87,190.86582947,,,,2025-12-05T13:23:08Z,2008,2008-01-01,2008-12-31
7635530,GHED_CHE_pc_US_SHA2011,COUNTRY,BHR,EMR,Eastern Mediterranean,YEAR,2013,,,,,,,,,1115.17,1115.16906738,,,,2025-12-05T13:23:08Z,2013,2013-01-01,2013-12-31
7637933,GHED_CHE_pc_US_SHA2011,COUNTRY,KHM,WPR,Western Pacific,YEAR,2020,,,,,,,,,106.80,106.79976654,,,,2025-12-05T13:23:08Z,2020,2020-01-01,2020-12-31
7639208,GHED_CHE_pc_US_SHA2011,REGION,AMR,,,YEAR,2012,,,,,,,,,949.40,949.39774278,,,,2025-12-05T13:23:08Z,2012,2012-01-01,2012-12-31
7639428,GHED_CHE_pc_US_SHA2011,COUNTRY,GAB,AFR,Africa,YEAR,2009,,,,,,,,,277.63,277.62945557,,,,2025-12-05T13:23:08Z,2009,2009-01-01,2009-12-31
7641536,GHED_CHE_pc_US_SHA2011,COUNTRY,MNE,EUR,Europe,YEAR,2011,,,,,,,,,571.66,571.65600586,,,,2025-12-05T13:23:08Z,2011,2011-01-01,2011-12-31
7642088,GHED_CHE_pc_US_SHA2011,COUNTRY,BTN,SEAR,South-East Asia,YEAR,2014,,,,,,,,,87.19,87.19132233,,,,2025-12-05T13:23:08Z,2014,2014-01-01,2014-12-31
7644895,GHED_CHE_pc_US_SHA2011,COUNTRY,DNK,EUR,Europe,YEAR,2008,,,,,,,,,6117.70,6117.69677734,,,,2025-12-05T13:23:08Z,2008,2008-01-01,2008-12-31
7651219,GHED_CHE_pc_US_SHA2011,COUNTRY,ERI,AFR,Africa,YEAR,2023,,,,,,,,,28.30,28.29782677,,,,2025-12-05T13:23:08Z,2023,2023-01-01,2023-12-31
7652324,GHED_CHE_pc_US_SHA2011,COUNTRY,PAN,AMR,Americas,YEAR,2005,,,,,,,,,323.05,323.0513916,,,,2025-12-05T13:23:08Z,2005,2005-01-01,2005-12-31
7656469,GHED_CHE_pc_US_SHA2011,COUNTRY,KEN,AFR,Africa,YEAR,2002,,,,,,,,,22.29,22.28772163,,,,2025-12-05T13:23:08Z,2002,2002-01-01,2002-12-31
7662040,GHED_CHE_pc_US_SHA2011,COUNTRY,COD,AFR,Africa,YEAR,2020,,,,,,,,,20.56,20.5593071,,,,2025-12-05T13:23:08Z,2020,2020-01-01,2020-12-31
7669335,GHED_CHE_pc_US_SHA2011,COUNTRY,LBY,EMR,Eastern Mediterranean,YEAR,2003,,,,,,,,,189.73,189.72729492,,,,2025-12-05T13:23:08Z,2003,2003-01-01,2003-12-31
7672585,GHED_CHE_pc_US_SHA2011,COUNTRY,TZA,AFR,Africa,YEAR,2010,,,,,,,,,37.18,37.18493271,,,,2025-12-05T13:23:08Z,2010,2010-01-01,2010-12-31
7676133,GHED_CHE_pc_US_SHA2011,COUNTRY,MLI,AFR,Africa,YEAR,2003,,,,,,,,,18.77,18.76944542,,,,2025-12-05T13:23:08Z,2003,2003-01-01,2003-12-31
7677392,GHED_CHE_pc_US_SHA2011,COUNTRY,GAB,AFR,Africa,YEAR,2001,,,,,,,,,120.90,120.90242767,,,,2025-12-05T13:23:08Z,2001,2001-01-01,2001-12-31
7680559,GHED_CHE_pc_US_SHA2011,COUNTRY,ARG,AMR,Americas,YEAR,2003,,,,,,,,,261.20,261.2038269,,,,2025-12-05T13:23:08Z,2003,2003-01-01,2003-12-31
7681545,GHED_CHE_pc_US_SHA2011,COUNTRY,FSM,WPR,Western Pacific,YEAR,2006,,,,,,,,,245.42,245.42320251,,,,2025-12-05T13:23:08Z,2006,2006-01-01,2006-12-31
7682606,GHED_CHE_pc_US_SHA2011,COUNTRY,DZA,AFR,Africa,YEAR,2003,,,,,,,,,75.95,75.9513092,,,,2025-12-05T13:23:08Z,2003,2003-01-01,2003-12-31
7682731,GHED_CHE_pc_US_SHA2011,COUNTRY,ECU,AMR,Americas,YEAR,2016,,,,,,,,,449.04,449.03869629,,,,2025-12-05T13:23:08Z,2016,2016-01-01,2016-12-31
7682783,GHED_CHE_pc_US_SHA2011,COUNTRY,BFA,AFR,Africa,YEAR,2010,,,,,,,,,33.06,33.05819321,,,,2025-12-05T13:23:08Z,2010,2010-01-01,2010-12-31
7683455,GHED_CHE_pc_US_SHA2011,COUNTRY,STP,AFR,Africa,YEAR,2006,,,,,,,,,57.20,57.2040329,,,,2025-12-05T13:23:08Z,2006,2006-01-01,2006-12-31
7683694,GHED_CHE_pc_US_SHA2011,COUNTRY,ZAF,AFR,Africa,YEAR,2015,,,,,,,,,491.91,491.90652466,,,,2025-12-05T13:23:08Z,2015,2015-01-01,2015-12-31
7694588,GHED_CHE_pc_US_SHA2011,COUNTRY,MMR,SEAR,South-East Asia,YEAR,2014,,,,,,,,,54.28,54.28113556,,,,2025-12-05T13:23:08Z,2014,2014-01-01,2014-12-31
7695649,GHED_CHE_pc_US_SHA2011,COUNTRY,CYP,EUR,Europe,YEAR,2014,,,,,,,,,1869.46,1869.46398926,,,,2025-12-05T13:23:08Z,2014,2014-01-01,2014-12-31
7698626,GHED_CHE_pc_US_SHA2011,REGION,AMR,,,YEAR,2020,,,,,,,,,1104.88,1104.87692926,,,,2025-12-05T13:23:08Z,2020,2020-01-01,2020-12-31
7699477,GHED_CHE_pc_US_SHA2011,COUNTRY,CZE,EUR,Europe,YEAR,2007,,,,,,,,,1110.18,1110.17663574,,,,2025-12-05T13:23:08Z,2007,2007-01-01,2007-12-31
7700030,GHED_CHE_pc_US_SHA2011,COUNTRY,MDG,AFR,Africa,YEAR,2006,,,,,,,,,16.44,16.44085503,,,,2025-12-05T13:23:08Z,2006,2006-01-01,2006-12-31
7700472,GHED_CHE_pc_US_SHA2011,COUNTRY,CUB,AMR,Americas,YEAR,2007,,,,,,,,,569.44,569.43585205,,,,2025-12-05T13:23:08Z,2007,2007-01-01,2007-12-31
7702014,GHED_CHE_pc_US_SHA2011,COUNTRY,IRN,EMR,Eastern Mediterranean,YEAR,2000,,,,,,,,,79.89,79.89089203,,,,2025-12-05T13:23:08Z,2000,2000-01-01,2000-12-31
7702189,GHED_CHE_pc_US_SHA2011,COUNTRY,LAO,WPR,Western Pacific,YEAR,2011,,,,,,,,,27.12,27.11878395,,,,2025-12-05T13:23:08Z,2011,2011-01-01,2011-12-31
7702552,GHED_CHE_pc_US_SHA2011,COUNTRY,SLB,WPR,Western Pacific,YEAR,2012,,,,,,,,,100.85,100.84831238,,,,2025-12-05T13:23:08Z,2012,2012-01-01,2012-12-31
7704654,GHED_CHE_pc_US_SHA2011,COUNTRY,GNQ,AFR,Africa,YEAR,2007,,,,,,,,,179.50,179.49963379,,,,2025-12-05T13:23:08Z,2007,2007-01-01,2007-12-31
7707104,GHED_CHE_pc_US_SHA2011,COUNTRY,LBR,AFR,Africa,YEAR,2008,,,,,,,,,26.30,26.30083656,,,,2025-12-05T13:23:08Z,2008,2008-01-01,2008-12-31
7707146,GHED_CHE_pc_US_SHA2011,COUNTRY,BRN,WPR,Western Pacific,YEAR,2018,,,,,,,,,748.69,748.69073486,,,,2025-12-05T13:23:08Z,2018,2018-01-01,2018-12-31
7707623,GHED_CHE_pc_US_SHA2011,COUNTRY,GAB,AFR,Africa,YEAR,2007,,,,,,,,,246.78,246.78276062,,,,2025-12-05T13:23:08Z,2007,2007-01-01,2007-12-31
7708814,GHED_CHE_pc_US_SHA2011,COUNTRY,TUV,WPR,Western Pacific,YEAR,2003,,,,,,,,,274.99,274.99337769,,,,2025-12-05T13:23:08Z,2003,2003-01-01,2003-12-31
7711914,GHED_CHE_pc_US_SHA2011,COUNTRY,DNK,EUR,Europe,YEAR,2009,,,,,,,,,6208.48,6208.48486328,,,,2025-12-05T13:23:08Z,2009,2009-01-01,2009-12-31
7714265,GHED_CHE_pc_US_SHA2011,COUNTRY,IRN,EMR,Eastern Mediterranean,YEAR,2014,,,,,,,,,395.03,395.027771,,,,2025-12-05T13:23:08Z,2014,2014-01-01,2014-12-31
7715608,GHED_CHE_pc_US_SHA2011,COUNTRY,GRC,EUR,Europe,YEAR,2009,,,,,,,,,2809.06,2809.05957031,,,,2025-12-05T13:23:08Z,2009,2009-01-01,2009-12-31
7718305,GHED_CHE_pc_US_SHA2011,COUNTRY,BEN,AFR,Africa,YEAR,2000,,,,,,,,,14.42,14.42371464,,,,2025-12-05T13:23:08Z,2000,2000-01-01,2000-12-31
7721411,GHED_CHE_pc_US_SHA2011,COUNTRY,SLV,AMR,Americas,YEAR,2016,,,,,,,,,339.98,339.97875977,,,,2025-12-05T13:23:08Z,2016,2016-01-01,2016-12-31
7722694,GHED_CHE_pc_US_SHA2011,COUNTRY,ISR,EUR,Europe,YEAR,2001,,,,,,,,,1509.45,1509.44506836,,,,2025-12-05T13:23:08Z,2001,2001-01-01,2001-12-31
7722861,GHED_CHE_pc_US_SHA2011,COUNTRY,ALB,EUR,Europe,YEAR,2020,,,,,,,,,396.17,396.17477417,,,,2025-12-05T13:23:08Z,2020,2020-01-01,2020-12-31
7725086,GHED_CHE_pc_US_SHA2011,COUNTRY,MNG,WPR,Western Pacific,YEAR,2014,,,,,,,,,176.70,176.69651794,,,,2025-12-05T13:23:08Z,2014,2014-01-01,2014-12-31
7725599,GHED_CHE_pc_US_SHA2011,COUNTRY,SUR,AMR,Americas,YEAR,2010,,,,,,,,,399.60,399.59710693,,,,2025-12-05T13:23:08Z,2010,2010-01-01,2010-12-31
7725752,GHED_CHE_pc_US_SHA2011,COUNTRY,AND,EUR,Europe,YEAR,2019,,,,,,,,,3021.08,3021.078125,,,,2025-12-05T13:23:08Z,2019,2019-01-01,2019-12-31
7727261,GHED_CHE_pc_US_SHA2011,COUNTRY,ATG,AMR,Americas,YEAR,2000,,,,,,,,,520.12,520.12213135,,,,2025-12-05T13:23:08Z,2000,2000-01-01,2000-12-31
7727866,GHED_CHE_pc_US_SHA2011,COUNTRY,UGA,AFR,Africa,YEAR,2000,,,,,,,,,16.43,16.42602158,,,,2025-12-05T13:23:08Z,2000,2000-01-01,2000-12-31
7728759,GHED_CHE_pc_US_SHA2011,COUNTRY,BGD,SEAR,South-East Asia,YEAR,2002,,,,,,,,,9.05,9.05402279,,,,2025-12-05T13:23:08Z,2002,2002-01-01,2002-12-31
7730304,GHED_CHE_pc_US_SHA2011,COUNTRY,MKD,EUR,Europe,YEAR,2012,,,,,,,,,317.98,317.978302,,,,2025-12-05T13:23:08Z,2012,2012-01-01,2012-12-31
7731561,GHED_CHE_pc_US_SHA2011,COUNTRY,TJK,EUR,Europe,YEAR,2015,,,,,,,,,62.76,62.75804901,,,,2025-12-05T13:23:08Z,2015,2015-01-01,2015-12-31
7733678,GHED_CHE_pc_US_SHA2011,COUNTRY,MCO,EUR,Europe,YEAR,2019,,,,,,,,,7517.25,7517.25341797,,,,2025-12-05T13:23:08Z,2019,2019-01-01,2019-12-31
7734406,GHED_CHE_pc_US_SHA2011,COUNTRY,ARE,EMR,Eastern Mediterranean,YEAR,2003,,,,,,,,,784.89,784.89343262,,,,2025-12-05T13:23:08Z,2003,2003-01-01,2003-12-31
7736201,GHED_CHE_pc_US_SHA2011,COUNTRY,MLI,AFR,Africa,YEAR,2016,,,,,,,,,27.58,27.58086205,,,,2025-12-05T13:23:08Z,2016,2016-01-01,2016-12-31
7736702,GHED_CHE_pc_US_SHA2011,COUNTRY,NRU,WPR,Western Pacific,YEAR,2023,,,,,,,,,2292.37,2292.37329102,,,,2025-12-05T13:23:08Z,2023,2023-01-01,2023-12-31
7738456,GHED_CHE_pc_US_SHA2011,COUNTRY,MDA,EUR,Europe,YEAR,2013,,,,,,,,,231.66,231.66229248,,,,2025-12-05T13:23:08Z,2013,2013-01-01,2013-12-31
7739015,GHED_CHE_pc_US_SHA2011,COUNTRY,MDG,AFR,Africa,YEAR,2010,,,,,,,,,21.14,21.13975906,,,,2025-12-05T13:23:08Z,2010,2010-01-01,2010-12-31
7739567,GHED_CHE_pc_US_SHA2011,COUNTRY,OMN,EMR,Eastern Mediterranean,YEAR,2021,,,,,,,,,843.02,843.01953125,,,,2025-12-05T13:23:08Z,2021,2021-01-01,2021-12-31
7739906,GHED_CHE_pc_US_SHA2011,COUNTRY,NLD,EUR,Europe,YEAR,2009,,,,,,,,,5282.74,5282.74316406,,,,2025-12-05T13:23:08Z,2009,2009-01-01,2009-12-31
7740349,GHED_CHE_pc_US_SHA2011,COUNTRY,VNM,WPR,Western Pacific,YEAR,2006,,,,,,,,,46.87,46.86905289,,,,2025-12-05T13:23:08Z,2006,2006-01-01,2006-12-31
7740444,GHED_CHE_pc_US_SHA2011,COUNTRY,PAN,AMR,Americas,YEAR,2010,,,,,,,,,607.42,607.42242432,,,,2025-12-05T13:23:08Z,2010,2010-01-01,2010-12-31
7740617,GHED_CHE_pc_US_SHA2011,COUNTRY,TON,WPR,Western Pacific,YEAR,2011,,,,,,,,,193.44,193.43716430999999,,,,2025-12-05T13:23:08Z,2011,2011-01-01,2011-12-31
7740664,GHED_CHE_pc_US_SHA2011,COUNTRY,ROU,EUR,Europe,YEAR,2012,,,,,,,,,401.67,401.67105103,,,,2025-12-05T13:23:08Z,2012,2012-01-01,2012-12-31
7740781,GHED_CHE_pc_US_SHA2011,COUNTRY,NIU,WPR,Western Pacific,YEAR,2017,,,,,,,,,1284.91,1284.90673828,,,,2025-12-05T13:23:08Z,2017,2017-01-01,2017-12-31
7749270,GHED_CHE_pc_US_SHA2011,COUNTRY,KHM,WPR,Western Pacific,YEAR,2017,,,,,,,,,77.97,77.97311401,,,,2025-12-05T13:23:08Z,2017,2017-01-01,2017-12-31
7750003,GHED_CHE_pc_US_SHA2011,COUNTRY,TUV,WPR,Western Pacific,YEAR,2020,,,,,,,,,899.59,899.59460449,,,,2025-12-05T13:23:08Z,2020,2020-01-01,2020-12-31
7752642,GHED_CHE_pc_US_SHA2011,COUNTRY,IRQ,EMR,Eastern Mediterranean,YEAR,2009,,,,,,,,,140.12,140.1234436,,,,2025-12-05T13:23:08Z,2009,2009-01-01,2009-12-31
7755472,GHED_CHE_pc_US_SHA2011,COUNTRY,HRV,EUR,Europe,YEAR,2002,,,,,,,,,386.42,386.41821289,,,,2025-12-05T13:23:08Z,2002,2002-01-01,2002-12-31
7756238,GHED_CHE_pc_US_SHA2011,COUNTRY,ETH,AFR,Africa,YEAR,2021,,,,,,,,,26.07,26.06931114,,,,2025-12-05T13:23:08Z,2021,2021-01-01,2021-12-31
7761942,GHED_CHE_pc_US_SHA2011,COUNTRY,SUR,AMR,Americas,YEAR,2008,,,,,,,,,334.25,334.24771118,,,,2025-12-05T13:23:08Z,2008,2008-01-01,2008-12-31
7762555,GHED_CHE_pc_US_SHA2011,COUNTRY,GUY,AMR,Americas,YEAR,2009,,,,,,,,,150.22,150.21723938,,,,2025-12-05T13:23:08Z,2009,2009-01-01,2009-12-31
7764354,GHED_CHE_pc_US_SHA2011,COUNTRY,CIV,AFR,Africa,YEAR,2008,,,,,,,,,64.68,64.67678833,,,,2025-12-05T13:23:08Z,2008,2008-01-01,2008-12-31
7765854,GHED_CHE_pc_US_SHA2011,COUNTRY,VUT,WPR,Western Pacific,YEAR,2009,,,,,,,,,82.80,82.80382538,,,,2025-12-05T13:23:08Z,2009,2009-01-01,2009-12-31
7766153,GHED_CHE_pc_US_SHA2011,COUNTRY,NLD,EUR,Europe,YEAR,2005,,,,,,,,,3823.48,3823.48095703,,,,2025-12-05T13:23:08Z,2005,2005-01-01,2005-12-31
7770452,GHED_CHE_pc_US_SHA2011,COUNTRY,CAN,AMR,Americas,YEAR,2011,,,,,,,,,5399.99,5399.98779297,,,,2025-12-05T13:23:08Z,2011,2011-01-01,2011-12-31
7777794,GHED_CHE_pc_US_SHA2011,COUNTRY,DMA,AMR,Americas,YEAR,2003,,,,,,,,,242.79,242.78863525,,,,2025-12-05T13:23:08Z,2003,2003-01-01,2003-12-31
7784381,GHED_CHE_pc_US_SHA2011,COUNTRY,MLT,EUR,Europe,YEAR,2020,,,,,,,,,3140.77,3140.77026367,,,,2025-12-05T13:23:08Z,2020,2020-01-01,2020-12-31
7784622,GHED_CHE_pc_US_SHA2011,COUNTRY,ETH,AFR,Africa,YEAR,2014,,,,,,,,,21.61,21.6064415,,,,2025-12-05T13:23:08Z,2014,2014-01-01,2014-12-31
7784745,GHED_CHE_pc_US_SHA2011,COUNTRY,NOR,EUR,Europe,YEAR,2021,,,,,,,,,9163.14,9163.13867188,,,,2025-12-05T13:23:08Z,2021,2021-01-01,2021-12-31
7787649,GHED_CHE_pc_US_SHA2011,COUNTRY,MCO,EUR,Europe,YEAR,2023,,,,,,,,,8004.17,8004.16845703,,,,2025-12-05T13:23:08Z,2023,2023-01-01,2023-12-31
7788040,GHED_CHE_pc_US_SHA2011,COUNTRY,SSD,AFR,Africa,YEAR,2017,,,,,,,,,28.06,28.05690956,,,,2025-12-05T13:23:08Z,2017,2017-01-01,2017-12-31
7789220,GHED_CHE_pc_US_SHA2011,COUNTRY,NAM,AFR,Africa,YEAR,2013,,,,,,,,,539.41,539.41345215,,,,2025-12-05T13:23:08Z,2013,2013-01-01,2013-12-31
7790065,GHED_CHE_pc_US_SHA2011,COUNTRY,CHE,EUR,Europe,YEAR,2001,,,,,,,,,3751.75,3751.75244141,,,,2025-12-05T13:23:08Z,2001,2001-01-01,2001-12-31
7790652,GHED_CHE_pc_US_SHA2011,COUNTRY,MMR,SEAR,South-East Asia,YEAR,2017,,,,,,,,,59.52,59.51782608,,,,2025-12-05T13:23:08Z,2017,2017-01-01,2017-12-31
7791057,GHED_CHE_pc_US_SHA2011,COUNTRY,ROU,EUR,Europe,YEAR,2019,,,,,,,,,738.56,738.5581665,,,,2025-12-05T13:23:08Z,2019,2019-01-01,2019-12-31
7791466,GHED_CHE_pc_US_SHA2011,COUNTRY,HND,AMR,Americas,YEAR,2006,,,,,,,,,112.12,112.11707306,,,,2025-12-05T13:23:08Z,2006,2006-01-01,2006-12-31
7792359,GHED_CHE_pc_US_SHA2011,COUNTRY,FJI,WPR,Western Pacific,YEAR,2023,,,,,,,,,212.89,212.88697815,,,,2025-12-05T13:23:08Z,2023,2023-01-01,2023-12-31
7793013,GHED_CHE_pc_US_SHA2011,WORLDBANKINCOMEGROUP,WB_UMI,,,YEAR,2004,,,,,,,,,185.73,185.7342698,,,,2025-12-05T13:23:08Z,2004,2004-01-01,2004-12-31
7797516,GHED_CHE_pc_US_SHA2011,COUNTRY,PHL,WPR,Western Pacific,YEAR,2017,,,,,,,,,120.32,120.32259369,,,,2025-12-05T13:23:08Z,2017,2017-01-01,2017-12-31
7802357,GHED_CHE_pc_US_SHA2011,COUNTRY,GUY,AMR,Americas,YEAR,2018,,,,,,,,,296.67,296.66903687,,,,2025-12-05T13:23:08Z,2018,2018-01-01,2018-12-31
7802909,GHED_CHE_pc_US_SHA2011,COUNTRY,CYP,EUR,Europe,YEAR,2023,,,,,,,,,2899.36,2899.36499023,,,,2025-12-05T13:23:08Z,2023,2023-01-01,2023-12-31
7803069,GHED_CHE_pc_US_SHA2011,COUNTRY,STP,AFR,Africa,YEAR,2013,,,,,,,,,124.59,124.59179688,,,,2025-12-05T13:23:08Z,2013,2013-01-01,2013-12-31
7803483,GHED_CHE_pc_US_SHA2011,COUNTRY,CUB,AMR,Americas,YEAR,2008,,,,,,,,,609.27,609.27282715,,,,2025-12-05T13:23:08Z,2008,2008-01-01,2008-12-31
7809837,GHED_CHE_pc_US_SHA2011,COUNTRY,RWA,AFR,Africa,YEAR,2011,,,,,,,,,51.65,51.64939499,,,,2025-12-05T13:23:08Z,2011,2011-01-01,2011-12-31
7811816,GHED_CHE_pc_US_SHA2011,COUNTRY,IRQ,EMR,Eastern Mediterranean,YEAR,2013,,,,,,,,,186.79,186.78742981,,,,2025-12-05T13:23:08Z,2013,2013-01-01,2013-12-31
7815330,GHED_CHE_pc_US_SHA2011,COUNTRY,CMR,AFR,Africa,YEAR,2020,,,,,,,,,66.17,66.17185211,,,,2025-12-05T13:23:08Z,2020,2020-01-01,2020-12-31
7816397,GHED_CHE_pc_US_SHA2011,COUNTRY,NIU,WPR,Western Pacific,YEAR,2002,,,,,,,,,429.83,429.82662964,,,,2025-12-05T13:23:08Z,2002,2002-01-01,2002-12-31
7820210,GHED_CHE_pc_US_SHA2011,COUNTRY,BLZ,AMR,Americas,YEAR,2010,,,,,,,,,244.03,244.02867126,,,,2025-12-05T13:23:08Z,2010,2010-01-01,2010-12-31
7825772,GHED_CHE_pc_US_SHA2011,COUNTRY,TLS,SEAR,South-East Asia,YEAR,2013,,,,,,,,,102.80,102.79840851,,,,2025-12-05T13:23:08Z,2013,2013-01-01,2013-12-31
7827341,GHED_CHE_pc_US_SHA2011,COUNTRY,SUR,AMR,Americas,YEAR,2019,,,,,,,,,588.84,588.83825684,,,,2025-12-05T13:23:08Z,2019,2019-01-01,2019-12-31
7830386,GHED_CHE_pc_US_SHA2011,COUNTRY,DZA,AFR,Africa,YEAR,2018,,,,,,,,,271.54,271.53808594,,,,2025-12-05T13:23:08Z,2018,2018-01-01,2018-12-31
7831262,GHED_CHE_pc_US_SHA2011,COUNTRY,STP,AFR,Africa,YEAR,2001,,,,,,,,,47.15,47.14751816,,,,2025-12-05T13:23:08Z,2001,2001-01-01,2001-12-31
7831543,GHED_CHE_pc_US_SHA2011,COUNTRY,AFG,EMR,Eastern Mediterranean,YEAR,2014,,,,,,,,,60.05,60.04951096,,,,2025-12-05T13:23:08Z,2014,2014-01-01,2014-12-31
7832265,GHED_CHE_pc_US_SHA2011,COUNTRY,GBR,EUR,Europe,YEAR,2013,,,,,,,,,4340.17,4340.16992188,,,,2025-12-05T13:23:08Z,2013,2013-01-01,2013-12-31
7833283,GHED_CHE_pc_US_SHA2011,COUNTRY,STP,AFR,Africa,YEAR,2016,,,,,,,,,109.73,109.73142242,,,,2025-12-05T13:23:08Z,2016,2016-01-01,2016-12-31
7833988,GHED_CHE_pc_US_SHA2011,COUNTRY,URY,AMR,Americas,YEAR,2003,,,,,,,,,383.56,383.55554199,,,,2025-12-05T13:23:08Z,2003,2003-01-01,2003-12-31
7834074,GHED_CHE_pc_US_SHA2011,COUNTRY,ITA,EUR,Europe,YEAR,2010,,,,,,,,,3190.72,3190.72045898,,,,2025-12-05T13:23:08Z,2010,2010-01-01,2010-12-31
7836229,GHED_CHE_pc_US_SHA2011,COUNTRY,HND,AMR,Americas,YEAR,2010,,,,,,,,,165.20,165.19970703,,,,2025-12-05T13:23:08Z,2010,2010-01-01,2010-12-31
7839485,GHED_CHE_pc_US_SHA2011,COUNTRY,YEM,EMR,Eastern Mediterranean,YEAR,2022,,,,,,,,,54.29,54.29036331,,,,2025-12-05T13:23:08Z,2022,2022-01-01,2022-12-31
7847899,GHED_CHE_pc_US_SHA2011,COUNTRY,QAT,EMR,Eastern Mediterranean,YEAR,2023,,,,,,,,,1804.35,1804.35424805,,,,2025-12-05T13:23:08Z,2023,2023-01-01,2023-12-31
7850520,GHED_CHE_pc_US_SHA2011,COUNTRY,BHS,AMR,Americas,YEAR,2016,,,,,,,,,1711.61,1711.60510254,,,,2025-12-05T13:23:08Z,2016,2016-01-01,2016-12-31
7851049,GHED_CHE_pc_US_SHA2011,COUNTRY,NPL,SEAR,South-East Asia,YEAR,2003,,,,,,,,,11.07,11.06888008,,,,2025-12-05T13:23:08Z,2003,2003-01-01,2003-12-31
7856271,GHED_CHE_pc_US_SHA2011,COUNTRY,BOL,AMR,Americas,YEAR,2005,,,,,,,,,51.76,51.76200867,,,,2025-12-05T13:23:08Z,2005,2005-01-01,2005-12-31
7856349,GHED_CHE_pc_US_SHA2011,COUNTRY,TGO,AFR,Africa,YEAR,2007,,,,,,,,,22.34,22.34309769,,,,2025-12-05T13:23:08Z,2007,2007-01-01,2007-12-31
7856928,GHED_CHE_pc_US_SHA2011,COUNTRY,CYP,EUR,Europe,YEAR,2022,,,,,,,,,2748.62,2748.6159668,,,,2025-12-05T13:23:08Z,2022,2022-01-01,2022-12-31
7857316,GHED_CHE_pc_US_SHA2011,COUNTRY,DZA,AFR,Africa,YEAR,2000,,,,,,,,,61.86,61.85785294,,,,2025-12-05T13:23:08Z,2000,2000-01-01,2000-12-31
7857596,GHED_CHE_pc_US_SHA2011,COUNTRY,EGY,EMR,Eastern Mediterranean,YEAR,2023,,,,,,,,,141.41,141.41111755,,,,2025-12-05T13:23:08Z,2023,2023-01-01,2023-12-31
7857847,GHED_CHE_pc_US_SHA2011,COUNTRY,GNB,AFR,Africa,YEAR,2000,,,,,,,,,13.28,13.2785511,,,,2025-12-05T13:23:08Z,2000,2000-01-01,2000-12-31
7860343,GHED_CHE_pc_US_SHA2011,COUNTRY,MUS,AFR,Africa,YEAR,2003,,,,,,,,,157.68,157.68417358,,,,2025-12-05T13:23:08Z,2003,2003-01-01,2003-12-31
7860544,GHED_CHE_pc_US_SHA2011,COUNTRY,GAB,AFR,Africa,YEAR,2006,,,,,,,,,211.99,211.9914093,,,,2025-12-05T13:23:08Z,2006,2006-01-01,2006-12-31
7861022,GHED_CHE_pc_US_SHA2011,COUNTRY,MRT,AFR,Africa,YEAR,2005,,,,,,,,,34.01,34.00539017,,,,2025-12-05T13:23:08Z,2005,2005-01-01,2005-12-31
7861654,GHED_CHE_pc_US_SHA2011,COUNTRY,TTO,AMR,Americas,YEAR,2008,,,,,,,,,751.55,751.54608154,,,,2025-12-05T13:23:08Z,2008,2008-01-01,2008-12-31
7863172,GHED_CHE_pc_US_SHA2011,COUNTRY,NOR,EUR,Europe,YEAR,2015,,,,,,,,,7566.56,7566.56152344,,,,2025-12-05T13:23:08Z,2015,2015-01-01,2015-12-31
7869886,GHED_CHE_pc_US_SHA2011,COUNTRY,PLW,WPR,Western Pacific,YEAR,2021,,,,,,,,,1931.31,1931.31152344,,,,2025-12-05T13:23:08Z,2021,2021-01-01,2021-12-31
7870587,GHED_CHE_pc_US_SHA2011,COUNTRY,SMR,EUR,Europe,YEAR,2002,,,,,,,,,2253.22,2253.21850586,,,,2025-12-05T13:23:08Z,2002,2002-01-01,2002-12-31
7870904,GHED_CHE_pc_US_SHA2011,REGION,WPR,,,YEAR,2010,,,,,,,,,804.00,804.00197315,,,,2025-12-05T13:23:08Z,2010,2010-01-01,2010-12-31
7876147,GHED_CHE_pc_US_SHA2011,COUNTRY,GAB,AFR,Africa,YEAR,2003,,,,,,,,,166.59,166.59495544,,,,2025-12-05T13:23:08Z,2003,2003-01-01,2003-12-31
7877983,GHED_CHE_pc_US_SHA2011,COUNTRY,VNM,WPR,Western Pacific,YEAR,2010,,,,,,,,,85.36,85.36088562,,,,2025-12-05T13:23:08Z,2010,2010-01-01,2010-12-31
7879691,GHED_CHE_pc_US_SHA2011,COUNTRY,NRU,WPR,Western Pacific,YEAR,2008,,,,,,,,,809.66,809.65649414,,,,2025-12-05T13:23:08Z,2008,2008-01-01,2008-12-31
7883928,GHED_CHE_pc_US_SHA2011,COUNTRY,URY,AMR,Americas,YEAR,2021,,,,,,,,,1594.98,1594.98059082,,,,2025-12-05T13:23:08Z,2021,2021-01-01,2021-12-31
7884320,GHED_CHE_pc_US_SHA2011,COUNTRY,MEX,AMR,Americas,YEAR,2004,,,,,,,,,446.14,446.13604736,,,,2025-12-05T13:23:08Z,2004,2004-01-01,2004-12-31
7884501,GHED_CHE_pc_US_SHA2011,COUNTRY,RWA,AFR,Africa,YEAR,2017,,,,,,,,,40.77,40.76682663,,,,2025-12-05T13:23:08Z,2017,2017-01-01,2017-12-31
7885713,GHED_CHE_pc_US_SHA2011,COUNTRY,LKA,SEAR,South-East Asia,YEAR,2010,,,,,,,,,105.07,105.07371521,,,,2025-12-05T13:23:08Z,2010,2010-01-01,2010-12-31
7887703,GHED_CHE_pc_US_SHA2011,COUNTRY,SLV,AMR,Americas,YEAR,2009,,,,,,,,,257.19,257.19317627,,,,2025-12-05T13:23:08Z,2009,2009-01-01,2009-12-31
7888524,GHED_CHE_pc_US_SHA2011,COUNTRY,CPV,AFR,Africa,YEAR,2003,,,,,,,,,84.66,84.6628952,,,,2025-12-05T13:23:08Z,2003,2003-01-01,2003-12-31
7893314,GHED_CHE_pc_US_SHA2011,COUNTRY,LAO,WPR,Western Pacific,YEAR,2016,,,,,,,,,54.38,54.3762207,,,,2025-12-05T13:23:08Z,2016,2016-01-01,2016-12-31
7895062,GHED_CHE_pc_US_SHA2011,COUNTRY,URY,AMR,Americas,YEAR,2019,,,,,,,,,1692.50,1692.50195313,,,,2025-12-05T13:23:08Z,2019,2019-01-01,2019-12-31
7904603,GHED_CHE_pc_US_SHA2011,COUNTRY,LKA,SEAR,South-East Asia,YEAR,2018,,,,,,,,,154.65,154.64622498,,,,2025-12-05T13:23:08Z,2018,2018-01-01,2018-12-31
7904978,GHED_CHE_pc_US_SHA2011,COUNTRY,ZAF,AFR,Africa,YEAR,2020,,,,,,,,,503.47,503.46759033,,,,2025-12-05T13:23:08Z,2020,2020-01-01,2020-12-31
7905009,GHED_CHE_pc_US_SHA2011,COUNTRY,SDN,EMR,Eastern Mediterranean,YEAR,2007,,,,,,,,,81.79,81.79016876,,,,2025-12-05T13:23:08Z,2007,2007-01-01,2007-12-31
7905127,GHED_CHE_pc_US_SHA2011,COUNTRY,AND,EUR,Europe,YEAR,2001,,,,,,,,,1378.71,1378.70837402,,,,2025-12-05T13:23:08Z,2001,2001-01-01,2001-12-31
7905865,GHED_CHE_pc_US_SHA2011,COUNTRY,EST,EUR,Europe,YEAR,2018,,,,,,,,,1553.43,1553.43347168,,,,2025-12-05T13:23:08Z,2018,2018-01-01,2018-12-31
7906845,GHED_CHE_pc_US_SHA2011,COUNTRY,MDA,EUR,Europe,YEAR,2015,,,,,,,,,186.44,186.43643188,,,,2025-12-05T13:23:08Z,2015,2015-01-01,2015-12-31
7907804,GHED_CHE_pc_US_SHA2011,COUNTRY,GNB,AFR,Africa,YEAR,2002,,,,,,,,,14.02,14.02086544,,,,2025-12-05T13:23:08Z,2002,2002-01-01,2002-12-31
7911429,GHED_CHE_pc_US_SHA2011,COUNTRY,NZL,WPR,Western Pacific,YEAR,2023,,,,,,,,,4997.24,4997.24316406,,,,2025-12-05T13:23:08Z,2023,2023-01-01,2023-12-31
7911808,GHED_CHE_pc_US_SHA2011,COUNTRY,AGO,AFR,Africa,YEAR,2008,,,,,,,,,136.34,136.34094238,,,,2025-12-05T13:23:08Z,2008,2008-01-01,2008-12-31
7916507,GHED_CHE_pc_US_SHA2011,COUNTRY,WSM,WPR,Western Pacific,YEAR,2007,,,,,,,,,147.85,147.84771729,,,,2025-12-05T13:23:08Z,2007,2007-01-01,2007-12-31
7916662,GHED_CHE_pc_US_SHA2011,COUNTRY,CHL,AMR,Americas,YEAR,2004,,,,,,,,,422.96,422.96481323,,,,2025-12-05T13:23:08Z,2004,2004-01-01,2004-12-31
7917894,GHED_CHE_pc_US_SHA2011,COUNTRY,PLW,WPR,Western Pacific,YEAR,2023,,,,,,,,,1683.85,1683.8458252,,,,2025-12-05T13:23:08Z,2023,2023-01-01,2023-12-31
7920026,GHED_CHE_pc_US_SHA2011,COUNTRY,ARG,AMR,Americas,YEAR,2011,,,,,,,,,1208.23,1208.23120117,,,,2025-12-05T13:23:08Z,2011,2011-01-01,2011-12-31
7921919,GHED_CHE_pc_US_SHA2011,COUNTRY,PER,AMR,Americas,YEAR,2001,,,,,,,,,89.37,89.36621857,,,,2025-12-05T13:23:08Z,2001,2001-01-01,2001-12-31
7927008,GHED_CHE_pc_US_SHA2011,COUNTRY,LIE,EUR,Europe,YEAR,2022,,,,,,,,,10591.59,10591.59277344,,,,2025-12-05T13:23:08Z,2022,2022-01-01,2022-12-31
7930844,GHED_CHE_pc_US_SHA2011,COUNTRY,SDN,EMR,Eastern Mediterranean,YEAR,2005,,,,,,,,,37.07,37.07490158,,,,2025-12-05T13:23:08Z,2005,2005-01-01,2005-12-31
7933300,GHED_CHE_pc_US_SHA2011,COUNTRY,CAF,AFR,Africa,YEAR,2012,,,,,,,,,21.33,21.33021736,,,,2025-12-05T13:23:08Z,2012,2012-01-01,2012-12-31
7933742,GHED_CHE_pc_US_SHA2011,COUNTRY,CUB,AMR,Americas,YEAR,2005,,,,,,,,,331.50,331.50354004,,,,2025-12-05T13:23:08Z,2005,2005-01-01,2005-12-31
7935756,GHED_CHE_pc_US_SHA2011,REGION,EUR,,,YEAR,2018,,,,,,,,,2685.35,2685.35063814,,,,2025-12-05T13:23:08Z,2018,2018-01-01,2018-12-31
7940817,GHED_CHE_pc_US_SHA2011,COUNTRY,SWE,EUR,Europe,YEAR,2001,,,,,,,,,2154.63,2154.63354492,,,,2025-12-05T13:23:08Z,2001,2001-01-01,2001-12-31
7945258,GHED_CHE_pc_US_SHA2011,COUNTRY,SYR,EMR,Eastern Mediterranean,YEAR,2000,,,,,,,,,53.69,53.69049835,,,,2025-12-05T13:23:08Z,2000,2000-01-01,2000-12-31
7949717,GHED_CHE_pc_US_SHA2011,COUNTRY,KNA,AMR,Americas,YEAR,2020,,,,,,,,,1067.85,1067.84997559,,,,2025-12-05T13:23:08Z,2020,2020-01-01,2020-12-31
7951270,GHED_CHE_pc_US_SHA2011,COUNTRY,UZB,EUR,Europe,YEAR,2012,,,,,,,,,127.94,127.94210052,,,,2025-12-05T13:23:08Z,2012,2012-01-01,2012-12-31
7951706,GHED_CHE_pc_US_SHA2011,COUNTRY,NIC,AMR,Americas,YEAR,2002,,,,,,,,,58.15,58.15333939,,,,2025-12-05T13:23:08Z,2002,2002-01-01,2002-12-31
7951743,GHED_CHE_pc_US_SHA2011,COUNTRY,AUT,EUR,Europe,YEAR,2001,,,,,,,,,2315.42,2315.42285156,,,,2025-12-05T13:23:08Z,2001,2001-01-01,2001-12-31
7953272,GHED_CHE_pc_US_SHA2011,COUNTRY,KIR,WPR,Western Pacific,YEAR,2023,,,,,,,,,238.13,238.12675476,,,,2025-12-05T13:23:08Z,2023,2023-01-01,2023-12-31
7954160,GHED_CHE_pc_US_SHA2011,COUNTRY,MEX,AMR,Americas,YEAR,2023,,,,,,,,,760.99,760.98840332,,,,2025-12-05T13:23:08Z,2023,2023-01-01,2023-12-31
7955165,GHED_CHE_pc_US_SHA2011,WORLDBANKINCOMEGROUP,WB_LI,,,YEAR,2001,,,,,,,,,15.69,15.69361075,,,,2025-12-05T13:23:08Z,2001,2001-01-01,2001-12-31
7962005,GHED_CHE_pc_US_SHA2011,COUNTRY,NRU,WPR,Western Pacific,YEAR,2002,,,,,,,,,298.91,298.91278076,,,,2025-12-05T13:23:08Z,2002,2002-01-01,2002-12-31
7965719,GHED_CHE_pc_US_SHA2011,COUNTRY,DEU,EUR,Europe,YEAR,2019,,,,,,,,,5447.32,5447.31787109,,,,2025-12-05T13:23:08Z,2019,2019-01-01,2019-12-31
7971659,GHED_CHE_pc_US_SHA2011,COUNTRY,COG,AFR,Africa,YEAR,2008,,,,,,,,,63.42,63.41820908,,,,2025-12-05T13:23:08Z,2008,2008-01-01,2008-12-31
7972669,GHED_CHE_pc_US_SHA2011,COUNTRY,UKR,EUR,Europe,YEAR,2013,,,,,,,,,275.94,275.94143677,,,,2025-12-05T13:23:08Z,2013,2013-01-01,2013-12-31
7973422,GHED_CHE_pc_US_SHA2011,COUNTRY,GUY,AMR,Americas,YEAR,2015,,,,,,,,,226.89,226.89404297,,,,2025-12-05T13:23:08Z,2015,2015-01-01,2015-12-31
7976030,GHED_CHE_pc_US_SHA2011,COUNTRY,KHM,WPR,Western Pacific,YEAR,2018,,,,,,,,,91.59,91.59080505,,,,2025-12-05T13:23:08Z,2018,2018-01-01,2018-12-31
7976819,GHED_CHE_pc_US_SHA2011,COUNTRY,JPN,WPR,Western Pacific,YEAR,2002,,,,,,,,,2412.35,2412.35131836,,,,2025-12-05T13:23:08Z,2002,2002-01-01,2002-12-31
7976847,GHED_CHE_pc_US_SHA2011,COUNTRY,KNA,AMR,Americas,YEAR,2004,,,,,,,,,491.63,491.62530518,,,,2025-12-05T13:23:08Z,2004,2004-01-01,2004-12-31
7980190,GHED_CHE_pc_US_SHA2011,COUNTRY,IDN,WPR,Western Pacific,YEAR,2017,,,,,,,,,110.33,110.32610321,,,,2025-12-05T13:23:08Z,2017,2017-01-01,2017-12-31
7981448,GHED_CHE_pc_US_SHA2011,COUNTRY,KOR,WPR,Western Pacific,YEAR,2001,,,,,,,,,503.16,503.15795898,,,,2025-12-05T13:23:08Z,2001,2001-01-01,2001-12-31
7983438,GHED_CHE_pc_US_SHA2011,COUNTRY,NLD,EUR,Europe,YEAR,2000,,,,,,,,,2028.18,2028.18139648,,,,2025-12-05T13:23:08Z,2000,2000-01-01,2000-12-31
7983528,GHED_CHE_pc_US_SHA2011,COUNTRY,KIR,WPR,Western Pacific,YEAR,2012,,,,,,,,,146.62,146.6194458,,,,2025-12-05T13:23:08Z,2012,2012-01-01,2012-12-31
7984170,GHED_CHE_pc_US_SHA2011,COUNTRY,BOL,AMR,Americas,YEAR,2019,,,,,,,,,241.35,241.34619141,,,,2025-12-05T13:23:08Z,2019,2019-01-01,2019-12-31
7986385,GHED_CHE_pc_US_SHA2011,COUNTRY,JOR,EMR,Eastern Mediterranean,YEAR,2004,,,,,,,,,175.04,175.04393005,,,,2025-12-05T13:23:08Z,2004,2004-01-01,2004-12-31
7990586,GHED_CHE_pc_US_SHA2011,COUNTRY,SVN,EUR,Europe,YEAR,2011,,,,,,,,,2147.81,2147.80517578,,,,2025-12-05T13:23:08Z,2011,2011-01-01,2011-12-31
7996255,GHED_CHE_pc_US_SHA2011,COUNTRY,HUN,EUR,Europe,YEAR,2022,,,,,,,,,1228.00,1228.00231934,,,,2025-12-05T13:23:08Z,2022,2022-01-01,2022-12-31
7996852,GHED_CHE_pc_US_SHA2011,COUNTRY,TKM,EUR,Europe,YEAR,2005,,,,,,,,,324.81,324.81155396,,,,2025-12-05T13:23:08Z,2005,2005-01-01,2005-12-31
7998841,GHED_CHE_pc_US_SHA2011,COUNTRY,BDI,AFR,Africa,YEAR,2009,,,,,,,,,18.32,18.31996346,,,,2025-12-05T13:23:08Z,2009,2009-01-01,2009-12-31
7999243,GHED_CHE_pc_US_SHA2011,COUNTRY,PLW,WPR,Western Pacific,YEAR,2020,,,,,,,,,1938.34,1938.33837891,,,,2025-12-05T13:23:08Z,2020,2020-01-01,2020-12-31
8004267,GHED_CHE_pc_US_SHA2011,COUNTRY,MEX,AMR,Americas,YEAR,2008,,,,,,,,,573.11,573.11114502,,,,2025-12-05T13:23:08Z,2008,2008-01-01,2008-12-31
8006121,GHED_CHE_pc_US_SHA2011,COUNTRY,GHA,AFR,Africa,YEAR,2021,,,,,,,,,94.40,94.40388489,,,,2025-12-05T13:23:08Z,2021,2021-01-01,2021-12-31
8008407,GHED_CHE_pc_US_SHA2011,COUNTRY,GEO,EUR,Europe,YEAR,2019,,,,,,,,,339.87,339.86679077,,,,2025-12-05T13:23:08Z,2019,2019-01-01,2019-12-31
8010775,GHED_CHE_pc_US_SHA2011,COUNTRY,AND,EUR,Europe,YEAR,2021,,,,,,,,,3668.45,3668.44750977,,,,2025-12-05T13:23:08Z,2021,2021-01-01,2021-12-31
8012291,GHED_CHE_pc_US_SHA2011,COUNTRY,DEU,EUR,Europe,YEAR,2006,,,,,,,,,3681.37,3681.3659668,,,,2025-12-05T13:23:08Z,2006,2006-01-01,2006-12-31
8014172,GHED_CHE_pc_US_SHA2011,COUNTRY,MLI,AFR,Africa,YEAR,2018,,,,,,,,,31.17,31.16962242,,,,2025-12-05T13:23:08Z,2018,2018-01-01,2018-12-31
8014555,GHED_CHE_pc_US_SHA2011,COUNTRY,KEN,AFR,Africa,YEAR,2010,,,,,,,,,58.82,58.8164711,,,,2025-12-05T13:23:08Z,2010,2010-01-01,2010-12-31
8017940,GHED_CHE_pc_US_SHA2011,COUNTRY,EGY,EMR,Eastern Mediterranean,YEAR,2002,,,,,,,,,64.00,63.99928665,,,,2025-12-05T13:23:08Z,2002,2002-01-01,2002-12-31
8018043,GHED_CHE_pc_US_SHA2011,COUNTRY,ROU,EUR,Europe,YEAR,2013,,,,,,,,,495.24,495.23623657,,,,2025-12-05T13:23:08Z,2013,2013-01-01,2013-12-31
8018496,GHED_CHE_pc_US_SHA2011,COUNTRY,AND,EUR,Europe,YEAR,2022,,,,,,,,,3190.11,3190.11328125,,,,2025-12-05T13:23:08Z,2022,2022-01-01,2022-12-31
8021355,GHED_CHE_pc_US_SHA2011,COUNTRY,IRL,EUR,Europe,YEAR,2008,,,,,,,,,5638.78,5638.77929688,,,,2025-12-05T13:23:08Z,2008,2008-01-01,2008-12-31
8022434,GHED_CHE_pc_US_SHA2011,COUNTRY,CAN,AMR,Americas,YEAR,2022,,,,,,,,,6252.34,6252.34033203,,,,2025-12-05T13:23:08Z,2022,2022-01-01,2022-12-31
8025447,GHED_CHE_pc_US_SHA2011,COUNTRY,MYS,WPR,Western Pacific,YEAR,2012,,,,,,,,,371.76,371.76046753,,,,2025-12-05T13:23:08Z,2012,2012-01-01,2012-12-31
8025480,GHED_CHE_pc_US_SHA2011,COUNTRY,IDN,WPR,Western Pacific,YEAR,2013,,,,,,,,,102.34,102.33824921,,,,2025-12-05T13:23:08Z,2013,2013-01-01,2013-12-31
8029909,GHED_CHE_pc_US_SHA2011,COUNTRY,OMN,EMR,Eastern Mediterranean,YEAR,2002,,,,,,,,,274.11,274.11166382,,,,2025-12-05T13:23:08Z,2002,2002-01-01,2002-12-31
8030100,GHED_CHE_pc_US_SHA2011,COUNTRY,TZA,AFR,Africa,YEAR,2016,,,,,,,,,36.65,36.65267563,,,,2025-12-05T13:23:08Z,2016,2016-01-01,2016-12-31
8032936,GHED_CHE_pc_US_SHA2011,COUNTRY,NIC,AMR,Americas,YEAR,2003,,,,,,,,,62.13,62.13036346,,,,2025-12-05T13:23:08Z,2003,2003-01-01,2003-12-31
8036235,GHED_CHE_pc_US_SHA2011,COUNTRY,GIN,AFR,Africa,YEAR,2021,,,,,,,,,44.10,44.10476303,,,,2025-12-05T13:23:08Z,2021,2021-01-01,2021-12-31
8036347,GHED_CHE_pc_US_SHA2011,COUNTRY,TLS,SEAR,South-East Asia,YEAR,2006,,,,,,,,,27.90,27.90169907,,,,2025-12-05T13:23:08Z,2006,2006-01-01,2006-12-31
8038428,GHED_CHE_pc_US_SHA2011,COUNTRY,KGZ,EUR,Europe,YEAR,2017,,,,,,,,,76.60,76.60479736,,,,2025-12-05T13:23:08Z,2017,2017-01-01,2017-12-31
8039956,GHED_CHE_pc_US_SHA2011,COUNTRY,GNB,AFR,Africa,YEAR,2003,,,,,,,,,14.70,14.70093441,,,,2025-12-05T13:23:08Z,2003,2003-01-01,2003-12-31
8040070,GHED_CHE_pc_US_SHA2011,COUNTRY,MCO,EUR,Europe,YEAR,2017,,,,,,,,,7101.64,7101.640625,,,,2025-12-05T13:23:08Z,2017,2017-01-01,2017-12-31
8044972,GHED_CHE_pc_US_SHA2011,COUNTRY,COD,AFR,Africa,YEAR,2006,,,,,,,,,10.38,10.37645721,,,,2025-12-05T13:23:08Z,2006,2006-01-01,2006-12-31
8050986,GHED_CHE_pc_US_SHA2011,COUNTRY,SEN,AFR,Africa,YEAR,2009,,,,,,,,,50.27,50.27443314,,,,2025-12-05T13:23:08Z,2009,2009-01-01,2009-12-31
8051516,GHED_CHE_pc_US_SHA2011,COUNTRY,PER,AMR,Americas,YEAR,2005,,,,,,,,,123.25,123.25354004,,,,2025-12-05T13:23:08Z,2005,2005-01-01,2005-12-31
8051969,GHED_CHE_pc_US_SHA2011,COUNTRY,ZWE,AFR,Africa,YEAR,2010,,,,,,,,,94.45,94.44809723,,,,2025-12-05T13:23:08Z,2010,2010-01-01,2010-12-31
8053241,GHED_CHE_pc_US_SHA2011,COUNTRY,SLE,AFR,Africa,YEAR,2000,,,,,,,,,17.67,17.66835022,,,,2025-12-05T13:23:08Z,2000,2000-01-01,2000-12-31
8053587,GHED_CHE_pc_US_SHA2011,COUNTRY,GRC,EUR,Europe,YEAR,2008,,,,,,,,,2840.51,2840.50854492,,,,2025-12-05T13:23:08Z,2008,2008-01-01,2008-12-31
8055549,GHED_CHE_pc_US_SHA2011,COUNTRY,DZA,AFR,Africa,YEAR,2012,,,,,,,,,340.09,340.09176636,,,,2025-12-05T13:23:08Z,2012,2012-01-01,2012-12-31
8057246,GHED_CHE_pc_US_SHA2011,GLOBAL,GLOBAL,,,YEAR,2020,,,,,,,,,1247.33,1247.32524623,,,,2025-12-05T13:23:08Z,2020,2020-01-01,2020-12-31
8057436,GHED_CHE_pc_US_SHA2011,COUNTRY,NZL,WPR,Western Pacific,YEAR,2005,,,,,,,,,2295.37,2295.37182617,,,,2025-12-05T13:23:08Z,2005,2005-01-01,2005-12-31
8057768,GHED_CHE_pc_US_SHA2011,COUNTRY,ROU,EUR,Europe,YEAR,2023,,,,,,,,,1051.00,1050.99755859,,,,2025-12-05T13:23:08Z,2023,2023-01-01,2023-12-31
8061009,GHED_CHE_pc_US_SHA2011,COUNTRY,BHR,EMR,Eastern Mediterranean,YEAR,2018,,,,,,,,,1041.86,1041.8560791,,,,2025-12-05T13:23:08Z,2018,2018-01-01,2018-12-31
8061071,GHED_CHE_pc_US_SHA2011,COUNTRY,JPN,WPR,Western Pacific,YEAR,2009,,,,,,,,,3696.58,3696.58422852,,,,2025-12-05T13:23:08Z,2009,2009-01-01,2009-12-31
8061886,GHED_CHE_pc_US_SHA2011,COUNTRY,MUS,AFR,Africa,YEAR,2018,,,,,,,,,640.62,640.62182617,,,,2025-12-05T13:23:08Z,2018,2018-01-01,2018-12-31
8062156,GHED_CHE_pc_US_SHA2011,COUNTRY,GNB,AFR,Africa,YEAR,2012,,,,,,,,,37.75,37.75499725,,,,2025-12-05T13:23:08Z,2012,2012-01-01,2012-12-31
8069274,GHED_CHE_pc_US_SHA2011,COUNTRY,BLZ,AMR,Americas,YEAR,2003,,,,,,,,,175.14,175.13619995,,,,2025-12-05T13:23:08Z,2003,2003-01-01,2003-12-31
8072509,GHED_CHE_pc_US_SHA2011,REGION,AFR,,,YEAR,2018,,,,,,,,,125.68,125.68254361,,,,2025-12-05T13:23:08Z,2018,2018-01-01,2018-12-31
8073948,GHED_CHE_pc_US_SHA2011,COUNTRY,UKR,EUR,Europe,YEAR,2006,,,,,,,,,146.27,146.27377319000001,,,,2025-12-05T13:23:08Z,2006,2006-01-01,2006-12-31
8076307,GHED_CHE_pc_US_SHA2011,COUNTRY,GNB,AFR,Africa,YEAR,2001,,,,,,,,,13.51,13.50725842,,,,2025-12-05T13:23:08Z,2001,2001-01-01,2001-12-31
8081641,GHED_CHE_pc_US_SHA2011,WORLDBANKINCOMEGROUP,WB_LI,,,YEAR,2005,,,,,,,,,23.60,23.60413692,,,,2025-12-05T13:23:08Z,2005,2005-01-01,2005-12-31
8083124,GHED_CHE_pc_US_SHA2011,COUNTRY,IDN,WPR,Western Pacific,YEAR,2016,,,,,,,,,106.40,106.40021515,,,,2025-12-05T13:23:08Z,2016,2016-01-01,2016-12-31
8085738,GHED_CHE_pc_US_SHA2011,COUNTRY,TGO,AFR,Africa,YEAR,2023,,,,,,,,,59.61,59.60503769,,,,2025-12-05T13:23:08Z,2023,2023-01-01,2023-12-31
8086490,GHED_CHE_pc_US_SHA2011,COUNTRY,SGP,WPR,Western Pacific,YEAR,2018,,,,,,,,,2726.01,2726.00683594,,,,2025-12-05T13:23:08Z,2018,2018-01-01,2018-12-31
8088294,GHED_CHE_pc_US_SHA2011,COUNTRY,BEL,EUR,Europe,YEAR,2009,,,,,,,,,4755.81,4755.80859375,,,,2025-12-05T13:23:08Z,2009,2009-01-01,2009-12-31
8089845,GHED_CHE_pc_US_SHA2011,REGION,SEAR,,,YEAR,2002,,,,,,,,,55.01,55.01294541,,,,2025-12-05T13:23:08Z,2002,2002-01-01,2002-12-31
8092078,GHED_CHE_pc_US_SHA2011,COUNTRY,USA,AMR,Americas,YEAR,2003,,,,,,,,,5732.24,5732.24365234,,,,2025-12-05T13:23:08Z,2003,2003-01-01,2003-12-31
8098304,GHED_CHE_pc_US_SHA2011,COUNTRY,LBY,EMR,Eastern Mediterranean,YEAR,2002,,,,,,,,,181.73,181.7310791,,,,2025-12-05T13:23:08Z,2002,2002-01-01,2002-12-31
8098708,GHED_CHE_pc_US_SHA2011,COUNTRY,DNK,EUR,Europe,YEAR,2012,,,,,,,,,6155.76,6155.76367188,,,,2025-12-05T13:23:08Z,2012,2012-01-01,2012-12-31
8100050,GHED_CHE_pc_US_SHA2011,COUNTRY,LBY,EMR,Eastern Mediterranean,YEAR,2008,,,,,,,,,312.11,312.11196899,,,,2025-12-05T13:23:08Z,2008,2008-01-01,2008-12-31
8100944,GHED_CHE_pc_US_SHA2011,WORLDBANKINCOMEGROUP,WB_LI,,,YEAR,2002,,,,,,,,,16.20,16.19573715,,,,2025-12-05T13:23:08Z,2002,2002-01-01,2002-12-31
8102781,GHED_CHE_pc_US_SHA2011,COUNTRY,PAK,EMR,Eastern Mediterranean,YEAR,2020,,,,,,,,,36.91,36.9091301,,,,2025-12-05T13:23:08Z,2020,2020-01-01,2020-12-31
8103300,GHED_CHE_pc_US_SHA2011,COUNTRY,AND,EUR,Europe,YEAR,2020,,,,,,,,,3282.03,3282.02587891,,,,2025-12-05T13:23:08Z,2020,2020-01-01,2020-12-31
8104153,GHED_CHE_pc_US_SHA2011,COUNTRY,ZWE,AFR,Africa,YEAR,2011,,,,,,,,,83.83,83.82868195,,,,2025-12-05T13:23:08Z,2011,2011-01-01,2011-12-31
8104502,GHED_CHE_pc_US_SHA2011,COUNTRY,PAK,EMR,Eastern Mediterranean,YEAR,2008,,,,,,,,,24.34,24.34272766,,,,2025-12-05T13:23:08Z,2008,2008-01-01,2008-12-31
8105529,GHED_CHE_pc_US_SHA2011,COUNTRY,ERI,AFR,Africa,YEAR,2016,,,,,,,,,26.01,26.00592422,,,,2025-12-05T13:23:08Z,2016,2016-01-01,2016-12-31
8106547,GHED_CHE_pc_US_SHA2011,COUNTRY,KOR,WPR,Western Pacific,YEAR,2019,,,,,,,,,2602.48,2602.4831543,,,,2025-12-05T13:23:08Z,2019,2019-01-01,2019-12-31
8107148,GHED_CHE_pc_US_SHA2011,COUNTRY,ZMB,AFR,Africa,YEAR,2000,,,,,,,,,14.81,14.80953312,,,,2025-12-05T13:23:08Z,2000,2000-01-01,2000-12-31
8111052,GHED_CHE_pc_US_SHA2011,REGION,WPR,,,YEAR,2022,,,,,,,,,1348.59,1348.58998585,,,,2025-12-05T13:23:08Z,2022,2022-01-01,2022-12-31
8113217,GHED_CHE_pc_US_SHA2011,COUNTRY,MKD,EUR,Europe,YEAR,2007,,,,,,,,,263.25,263.25378418,,,,2025-12-05T13:23:08Z,2007,2007-01-01,2007-12-31
8113459,GHED_CHE_pc_US_SHA2011,COUNTRY,AFG,EMR,Eastern Mediterranean,YEAR,2016,,,,,,,,,61.37,61.37234497,,,,2025-12-05T13:23:08Z,2016,2016-01-01,2016-12-31
8120376,GHED_CHE_pc_US_SHA2011,COUNTRY,MLT,EUR,Europe,YEAR,2013,,,,,,,,,2127.06,2127.0612793,,,,2025-12-05T13:23:08Z,2013,2013-01-01,2013-12-31
8120994,GHED_CHE_pc_US_SHA2011,WORLDBANKINCOMEGROUP,WB_LI,,,YEAR,2019,,,,,,,,,37.94,37.93534302,,,,2025-12-05T13:23:08Z,2019,2019-01-01,2019-12-31
8126521,GHED_CHE_pc_US_SHA2011,COUNTRY,ARE,EMR,Eastern Mediterranean,YEAR,2021,,,,,,,,,2249.96,2249.96313477,,,,2025-12-05T13:23:08Z,2021,2021-01-01,2021-12-31
8128499,GHED_CHE_pc_US_SHA2011,COUNTRY,EST,EUR,Europe,YEAR,2021,,,,,,,,,2091.16,2091.15649414,,,,2025-12-05T13:23:08Z,2021,2021-01-01,2021-12-31
8129051,GHED_CHE_pc_US_SHA2011,COUNTRY,GBR,EUR,Europe,YEAR,2022,,,,,,,,,5111.82,5111.81738281,,,,2025-12-05T13:23:08Z,2022,2022-01-01,2022-12-31
8132846,GHED_CHE_pc_US_SHA2011,COUNTRY,FSM,WPR,Western Pacific,YEAR,2014,,,,,,,,,345.02,345.01589966,,,,2025-12-05T13:23:08Z,2014,2014-01-01,2014-12-31
8133736,GHED_CHE_pc_US_SHA2011,COUNTRY,BFA,AFR,Africa,YEAR,2003,,,,,,,,,16.03,16.02656555,,,,2025-12-05T13:23:08Z,2003,2003-01-01,2003-12-31
8133804,GHED_CHE_pc_US_SHA2011,COUNTRY,CHE,EUR,Europe,YEAR,2023,,,,,,,,,11783.67,11783.66992188,,,,2025-12-05T13:23:08Z,2023,2023-01-01,2023-12-31
8134930,GHED_CHE_pc_US_SHA2011,COUNTRY,ZMB,AFR,Africa,YEAR,2004,,,,,,,,,29.99,29.99057961,,,,2025-12-05T13:23:08Z,2004,2004-01-01,2004-12-31
8140665,GHED_CHE_pc_US_SHA2011,WORLDBANKINCOMEGROUP,WB_LMI,,,YEAR,2014,,,,,,,,,126.81,126.81120304,,,,2025-12-05T13:23:08Z,2014,2014-01-01,2014-12-31
8140977,GHED_CHE_pc_US_SHA2011,REGION,SEAR,,,YEAR,2022,,,,,,,,,220.04,220.03865306,,,,2025-12-05T13:23:08Z,2022,2022-01-01,2022-12-31
8143178,GHED_CHE_pc_US_SHA2011,COUNTRY,BGD,SEAR,South-East Asia,YEAR,2022,,,,,,,,,56.62,56.62142181,,,,2025-12-05T13:23:08Z,2022,2022-01-01,2022-12-31
8144567,GHED_CHE_pc_US_SHA2011,COUNTRY,SVK,EUR,Europe,YEAR,2022,,,,,,,,,1642.39,1642.39208984,,,,2025-12-05T13:23:08Z,2022,2022-01-01,2022-12-31
8146927,GHED_CHE_pc_US_SHA2011,COUNTRY,IRL,EUR,Europe,YEAR,2023,,,,,,,,,6877.94,6877.9375,,,,2025-12-05T13:23:08Z,2023,2023-01-01,2023-12-31
8147452,GHED_CHE_pc_US_SHA2011,COUNTRY,SUR,AMR,Americas,YEAR,2002,,,,,,,,,158.21,158.21212769,,,,2025-12-05T13:23:08Z,2002,2002-01-01,2002-12-31
8150710,GHED_CHE_pc_US_SHA2011,COUNTRY,SGP,WPR,Western Pacific,YEAR,2021,,,,,,,,,4050.81,4050.81054688,,,,2025-12-05T13:23:08Z,2021,2021-01-01,2021-12-31
8152029,GHED_CHE_pc_US_SHA2011,COUNTRY,ISR,EUR,Europe,YEAR,2013,,,,,,,,,2673.34,2673.3371582,,,,2025-12-05T13:23:08Z,2013,2013-01-01,2013-12-31
8154603,GHED_CHE_pc_US_SHA2011,COUNTRY,GUY,AMR,Americas,YEAR,2022,,,,,,,,,452.24,452.23754883,,,,2025-12-05T13:23:08Z,2022,2022-01-01,2022-12-31
8154811,GHED_CHE_pc_US_SHA2011,COUNTRY,PRY,AMR,Americas,YEAR,2005,,,,,,,,,95.18,95.1805954,,,,2025-12-05T13:23:08Z,2005,2005-01-01,2005-12-31
8155073,GHED_CHE_pc_US_SHA2011,COUNTRY,QAT,EMR,Eastern Mediterranean,YEAR,2011,,,,,,,,,1482.28,1482.28308105,,,,2025-12-05T13:23:08Z,2011,2011-01-01,2011-12-31
8156867,GHED_CHE_pc_US_SHA2011,WORLDBANKINCOMEGROUP,WB_LI,,,YEAR,2009,,,,,,,,,35.95,35.95183617,,,,2025-12-05T13:23:08Z,2009,2009-01-01,2009-12-31
8159307,GHED_CHE_pc_US_SHA2011,COUNTRY,BEN,AFR,Africa,YEAR,2008,,,,,,,,,28.12,28.12486076,,,,2025-12-05T13:23:08Z,2008,2008-01-01,2008-12-31
8159691,GHED_CHE_pc_US_SHA2011,COUNTRY,MNG,WPR,Western Pacific,YEAR,2002,,,,,,,,,30.68,30.67812347,,,,2025-12-05T13:23:08Z,2002,2002-01-01,2002-12-31
8160683,GHED_CHE_pc_US_SHA2011,COUNTRY,VUT,WPR,Western Pacific,YEAR,2019,,,,,,,,,112.14,112.13746643,,,,2025-12-05T13:23:08Z,2019,2019-01-01,2019-12-31
8161497,GHED_CHE_pc_US_SHA2011,COUNTRY,GNQ,AFR,Africa,YEAR,2008,,,,,,,,,225.51,225.50572205,,,,2025-12-05T13:23:08Z,2008,2008-01-01,2008-12-31
8161679,GHED_CHE_pc_US_SHA2011,COUNTRY,CPV,AFR,Africa,YEAR,2018,,,,,,,,,205.53,205.5345459,,,,2025-12-05T13:23:08Z,2018,2018-01-01,2018-12-31
8162579,GHED_CHE_pc_US_SHA2011,COUNTRY,MNG,WPR,Western Pacific,YEAR,2012,,,,,,,,,169.65,169.6519928,,,,2025-12-05T13:23:08Z,2012,2012-01-01,2012-12-31
8163401,GHED_CHE_pc_US_SHA2011,COUNTRY,LUX,EUR,Europe,YEAR,2004,,,,,,,,,5610.35,5610.35351563,,,,2025-12-05T13:23:08Z,2004,2004-01-01,2004-12-31
8163688,GHED_CHE_pc_US_SHA2011,COUNTRY,KGZ,EUR,Europe,YEAR,2021,,,,,,,,,72.59,72.58779144,,,,2025-12-05T13:23:08Z,2021,2021-01-01,2021-12-31
8165345,GHED_CHE_pc_US_SHA2011,REGION,SEAR,,,YEAR,2008,,,,,,,,,133.59,133.59062862,,,,2025-12-05T13:23:08Z,2008,2008-01-01,2008-12-31
8166427,GHED_CHE_pc_US_SHA2011,COUNTRY,MLI,AFR,Africa,YEAR,2019,,,,,,,,,31.41,31.4089489,,,,2025-12-05T13:23:08Z,2019,2019-01-01,2019-12-31
8169261,GHED_CHE_pc_US_SHA2011,COUNTRY,BRA,AMR,Americas,YEAR,2018,,,,,,,,,880.28,880.28430176,,,,2025-12-05T13:23:08Z,2018,2018-01-01,2018-12-31
8171873,GHED_CHE_pc_US_SHA2011,COUNTRY,UGA,AFR,Africa,YEAR,2023,,,,,,,,,45.21,45.21318436,,,,2025-12-05T13:23:08Z,2023,2023-01-01,2023-12-31
8172178,GHED_CHE_pc_US_SHA2011,COUNTRY,MDG,AFR,Africa,YEAR,2014,,,,,,,,,22.57,22.56570244,,,,2025-12-05T13:23:08Z,2014,2014-01-01,2014-12-31
8175772,GHED_CHE_pc_US_SHA2011,COUNTRY,UKR,EUR,Europe,YEAR,2018,,,,,,,,,217.74,217.73760986,,,,2025-12-05T13:23:08Z,2018,2018-01-01,2018-12-31
8176009,GHED_CHE_pc_US_SHA2011,COUNTRY,DNK,EUR,Europe,YEAR,2013,,,,,,,,,6320.08,6320.08447266,,,,2025-12-05T13:23:08Z,2013,2013-01-01,2013-12-31
8182396,GHED_CHE_pc_US_SHA2011,COUNTRY,CZE,EUR,Europe,YEAR,2018,,,,,,,,,1750.81,1750.81188965,,,,2025-12-05T13:23:08Z,2018,2018-01-01,2018-12-31
8185919,GHED_CHE_pc_US_SHA2011,COUNTRY,BDI,AFR,Africa,YEAR,2004,,,,,,,,,8.88,8.88248062,,,,2025-12-05T13:23:08Z,2004,2004-01-01,2004-12-31
8186835,GHED_CHE_pc_US_SHA2011,COUNTRY,PAK,EMR,Eastern Mediterranean,YEAR,2000,,,,,,,,,15.37,15.36755657,,,,2025-12-05T13:23:08Z,2000,2000-01-01,2000-12-31
8192186,GHED_CHE_pc_US_SHA2011,COUNTRY,CAF,AFR,Africa,YEAR,2011,,,,,,,,,19.63,19.62990761,,,,2025-12-05T13:23:08Z,2011,2011-01-01,2011-12-31
8194640,GHED_CHE_pc_US_SHA2011,COUNTRY,KHM,WPR,Western Pacific,YEAR,2023,,,,,,,,,114.56,114.56295776,,,,2025-12-05T13:23:08Z,2023,2023-01-01,2023-12-31
8199422,GHED_CHE_pc_US_SHA2011,REGION,AMR,,,YEAR,2000,,,,,,,,,439.25,439.25265772,,,,2025-12-05T13:23:08Z,2000,2000-01-01,2000-12-31
8203510,GHED_CHE_pc_US_SHA2011,COUNTRY,AUS,WPR,Western Pacific,YEAR,2017,,,,,,,,,5770.69,5770.69042969,,,,2025-12-05T13:23:08Z,2017,2017-01-01,2017-12-31
8206235,GHED_CHE_pc_US_SHA2011,COUNTRY,PER,AMR,Americas,YEAR,2006,,,,,,,,,136.14,136.14295959,,,,2025-12-05T13:23:08Z,2006,2006-01-01,2006-12-31
8206294,GHED_CHE_pc_US_SHA2011,COUNTRY,ITA,EUR,Europe,YEAR,2011,,,,,,,,,3358.96,3358.95654297,,,,2025-12-05T13:23:08Z,2011,2011-01-01,2011-12-31
8209060,GHED_CHE_pc_US_SHA2011,COUNTRY,BLZ,AMR,Americas,YEAR,2021,,,,,,,,,308.94,308.93920898,,,,2025-12-05T13:23:08Z,2021,2021-01-01,2021-12-31
8209981,GHED_CHE_pc_US_SHA2011,COUNTRY,BRN,WPR,Western Pacific,YEAR,2004,,,,,,,,,630.73,630.73266602,,,,2025-12-05T13:23:08Z,2004,2004-01-01,2004-12-31
8210469,GHED_CHE_pc_US_SHA2011,COUNTRY,UZB,EUR,Europe,YEAR,2003,,,,,,,,,25.62,25.61911011,,,,2025-12-05T13:23:08Z,2003,2003-01-01,2003-12-31
8211367,GHED_CHE_pc_US_SHA2011,WORLDBANKINCOMEGROUP,WB_HI,,,YEAR,2020,,,,,,,,,3248.66,3248.6612023,,,,2025-12-05T13:23:08Z,2020,2020-01-01,2020-12-31
8212472,GHED_CHE_pc_US_SHA2011,COUNTRY,CUB,AMR,Americas,YEAR,2000,,,,,,,,,181.09,181.09315491,,,,2025-12-05T13:23:08Z,2000,2000-01-01,2000-12-31
8216489,GHED_CHE_pc_US_SHA2011,COUNTRY,SLV,AMR,Americas,YEAR,2004,,,,,,,,,185.83,185.83404541,,,,2025-12-05T13:23:08Z,2004,2004-01-01,2004-12-31
8216575,GHED_CHE_pc_US_SHA2011,COUNTRY,ZWE,AFR,Africa,YEAR,2017,,,,,,,,,91.87,91.87199402,,,,2025-12-05T13:23:08Z,2017,2017-01-01,2017-12-31
8218445,GHED_CHE_pc_US_SHA2011,COUNTRY,AZE,EUR,Europe,YEAR,2018,,,,,,,,,180.04,180.03610229,,,,2025-12-05T13:23:08Z,2018,2018-01-01,2018-12-31
8220202,GHED_CHE_pc_US_SHA2011,COUNTRY,CUB,AMR,Americas,YEAR,2016,,,,,,,,,990.92,990.92346191,,,,2025-12-05T13:23:08Z,2016,2016-01-01,2016-12-31
8220326,GHED_CHE_pc_US_SHA2011,COUNTRY,MDG,AFR,Africa,YEAR,2011,,,,,,,,,22.89,22.88667488,,,,2025-12-05T13:23:08Z,2011,2011-01-01,2011-12-31
8221404,GHED_CHE_pc_US_SHA2011,COUNTRY,NGA,AFR,Africa,YEAR,2001,,,,,,,,,17.96,17.96053314,,,,2025-12-05T13:23:08Z,2001,2001-01-01,2001-12-31
8228158,GHED_CHE_pc_US_SHA2011,COUNTRY,NRU,WPR,Western Pacific,YEAR,2004,,,,,,,,,216.24,216.23666382,,,,2025-12-05T13:23:08Z,2004,2004-01-01,2004-12-31
8230325,GHED_CHE_pc_US_SHA2011,COUNTRY,ERI,AFR,Africa,YEAR,2004,,,,,,,,,23.16,23.15624809,,,,2025-12-05T13:23:08Z,2004,2004-01-01,2004-12-31
8233556,GHED_CHE_pc_US_SHA2011,COUNTRY,KOR,WPR,Western Pacific,YEAR,2022,,,,,,,,,3078.55,3078.55151367,,,,2025-12-05T13:23:08Z,2022,2022-01-01,2022-12-31
8234904,GHED_CHE_pc_US_SHA2011,COUNTRY,PHL,WPR,Western Pacific,YEAR,2016,,,,,,,,,118.06,118.05981445,,,,2025-12-05T13:23:08Z,2016,2016-01-01,2016-12-31
8237878,GHED_CHE_pc_US_SHA2011,COUNTRY,YEM,EMR,Eastern Mediterranean,YEAR,2003,,,,,,,,,31.60,31.60428619,,,,2025-12-05T13:23:08Z,2003,2003-01-01,2003-12-31
8244130,GHED_CHE_pc_US_SHA2011,COUNTRY,VNM,WPR,Western Pacific,YEAR,2005,,,,,,,,,38.97,38.96974945,,,,2025-12-05T13:23:08Z,2005,2005-01-01,2005-12-31
8246550,GHED_CHE_pc_US_SHA2011,COUNTRY,VNM,WPR,Western Pacific,YEAR,2013,,,,,,,,,104.11,104.10972595,,,,2025-12-05T13:23:08Z,2013,2013-01-01,2013-12-31
8249793,GHED_CHE_pc_US_SHA2011,WORLDBANKINCOMEGROUP,WB_LMI,,,YEAR,2007,,,,,,,,,82.19,82.19193222,,,,2025-12-05T13:23:08Z,2007,2007-01-01,2007-12-31
8251287,GHED_CHE_pc_US_SHA2011,COUNTRY,WSM,WPR,Western Pacific,YEAR,2013,,,,,,,,,247.41,247.41108704,,,,2025-12-05T13:23:08Z,2013,2013-01-01,2013-12-31
8251383,GHED_CHE_pc_US_SHA2011,COUNTRY,DJI,EMR,Eastern Mediterranean,YEAR,2001,,,,,,,,,33.61,33.61427689,,,,2025-12-05T13:23:08Z,2001,2001-01-01,2001-12-31
8252098,GHED_CHE_pc_US_SHA2011,COUNTRY,NAM,AFR,Africa,YEAR,2017,,,,,,,,,447.95,447.95223999,,,,2025-12-05T13:23:08Z,2017,2017-01-01,2017-12-31
8256811,GHED_CHE_pc_US_SHA2011,COUNTRY,DEU,EUR,Europe,YEAR,2011,,,,,,,,,5016.24,5016.23583984,,,,2025-12-05T13:23:08Z,2011,2011-01-01,2011-12-31
8257978,GHED_CHE_pc_US_SHA2011,COUNTRY,SVN,EUR,Europe,YEAR,2015,,,,,,,,,1775.86,1775.86071777,,,,2025-12-05T13:23:08Z,2015,2015-01-01,2015-12-31
8260016,GHED_CHE_pc_US_SHA2011,COUNTRY,TJK,EUR,Europe,YEAR,2016,,,,,,,,,54.92,54.9213562,,,,2025-12-05T13:23:08Z,2016,2016-01-01,2016-12-31
8260213,GHED_CHE_pc_US_SHA2011,COUNTRY,SMR,EUR,Europe,YEAR,2009,,,,,,,,,4242.50,4242.50341797,,,,2025-12-05T13:23:08Z,2009,2009-01-01,2009-12-31
8261517,GHED_CHE_pc_US_SHA2011,COUNTRY,JOR,EMR,Eastern Mediterranean,YEAR,2005,,,,,,,,,185.03,185.0302124,,,,2025-12-05T13:23:08Z,2005,2005-01-01,2005-12-31
8262242,GHED_CHE_pc_US_SHA2011,COUNTRY,COK,WPR,Western Pacific,YEAR,2021,,,,,,,,,1139.29,1139.28613281,,,,2025-12-05T13:23:08Z,2021,2021-01-01,2021-12-31
8263149,GHED_CHE_pc_US_SHA2011,COUNTRY,AZE,EUR,Europe,YEAR,2014,,,,,,,,,280.22,280.22314453,,,,2025-12-05T13:23:08Z,2014,2014-01-01,2014-12-31
8265914,GHED_CHE_pc_US_SHA2011,COUNTRY,KHM,WPR,Western Pacific,YEAR,2021,,,,,,,,,137.39,137.38909912,,,,2025-12-05T13:23:08Z,2021,2021-01-01,2021-12-31
8270465,GHED_CHE_pc_US_SHA2011,COUNTRY,IDN,WPR,Western Pacific,YEAR,2005,,,,,,,,,34.10,34.09753036,,,,2025-12-05T13:23:08Z,2005,2005-01-01,2005-12-31
8270634,GHED_CHE_pc_US_SHA2011,COUNTRY,ITA,EUR,Europe,YEAR,2007,,,,,,,,,3077.41,3077.41381836,,,,2025-12-05T13:23:08Z,2007,2007-01-01,2007-12-31
8271321,GHED_CHE_pc_US_SHA2011,COUNTRY,GRD,AMR,Americas,YEAR,2023,,,,,,,,,526.39,526.3918457,,,,2025-12-05T13:23:08Z,2023,2023-01-01,2023-12-31
8271549,GHED_CHE_pc_US_SHA2011,COUNTRY,SLV,AMR,Americas,YEAR,2022,,,,,,,,,500.20,500.20321655,,,,2025-12-05T13:23:08Z,2022,2022-01-01,2022-12-31
8271783,GHED_CHE_pc_US_SHA2011,COUNTRY,TGO,AFR,Africa,YEAR,2009,,,,,,,,,28.30,28.3035717,,,,2025-12-05T13:23:08Z,2009,2009-01-01,2009-12-31
8276505,GHED_CHE_pc_US_SHA2011,COUNTRY,NAM,AFR,Africa,YEAR,2023,,,,,,,,,397.09,397.09063721,,,,2025-12-05T13:23:08Z,2023,2023-01-01,2023-12-31
8276627,GHED_CHE_pc_US_SHA2011,COUNTRY,AZE,EUR,Europe,YEAR,2019,,,,,,,,,199.26,199.25746155,,,,2025-12-05T13:23:08Z,2019,2019-01-01,2019-12-31
8277334,GHED_CHE_pc_US_SHA2011,REGION,EUR,,,YEAR,2022,,,,,,,,,3088.77,3088.77405678,,,,2025-12-05T13:23:08Z,2022,2022-01-01,2022-12-31
8281264,GHED_CHE_pc_US_SHA2011,COUNTRY,BRA,AMR,Americas,YEAR,2015,,,,,,,,,796.15,796.15252686,,,,2025-12-05T13:23:08Z,2015,2015-01-01,2015-12-31
8286512,GHED_CHE_pc_US_SHA2011,COUNTRY,TUN,EMR,Eastern Mediterranean,YEAR,2016,,,,,,,,,240.40,240.40258789,,,,2025-12-05T13:23:08Z,2016,2016-01-01,2016-12-31
8288212,GHED_CHE_pc_US_SHA2011,COUNTRY,PHL,WPR,Western Pacific,YEAR,2023,,,,,,,,,194.05,194.05484009,,,,2025-12-05T13:23:08Z,2023,2023-01-01,2023-12-31
8289508,GHED_CHE_pc_US_SHA2011,COUNTRY,CYP,EUR,Europe,YEAR,2021,,,,,,,,,2947.81,2947.81494141,,,,2025-12-05T13:23:08Z,2021,2021-01-01,2021-12-31
8291006,GHED_CHE_pc_US_SHA2011,COUNTRY,MYS,WPR,Western Pacific,YEAR,2021,,,,,,,,,476.94,476.94366455,,,,2025-12-05T13:23:08Z,2021,2021-01-01,2021-12-31
8292295,GHED_CHE_pc_US_SHA2011,COUNTRY,NIC,AMR,Americas,YEAR,2022,,,,,,,,,208.57,208.56825256,,,,2025-12-05T13:23:08Z,2022,2022-01-01,2022-12-31
8292480,GHED_CHE_pc_US_SHA2011,COUNTRY,BEN,AFR,Africa,YEAR,2005,,,,,,,,,25.12,25.12485313,,,,2025-12-05T13:23:08Z,2005,2005-01-01,2005-12-31
8294482,GHED_CHE_pc_US_SHA2011,COUNTRY,SWZ,AFR,Africa,YEAR,2014,,,,,,,,,282.43,282.43395996,,,,2025-12-05T13:23:08Z,2014,2014-01-01,2014-12-31
8298495,GHED_CHE_pc_US_SHA2011,COUNTRY,LCA,AMR,Americas,YEAR,2010,,,,,,,,,438.24,438.23928833,,,,2025-12-05T13:23:08Z,2010,2010-01-01,2010-12-31
8300573,GHED_CHE_pc_US_SHA2011,COUNTRY,SWE,EUR,Europe,YEAR,2005,,,,,,,,,3546.79,3546.78686523,,,,2025-12-05T13:23:08Z,2005,2005-01-01,2005-12-31
8301452,GHED_CHE_pc_US_SHA2011,COUNTRY,SDN,EMR,Eastern Mediterranean,YEAR,2000,,,,,,,,,13.99,13.99440289,,,,2025-12-05T13:23:08Z,2000,2000-01-01,2000-12-31
8301709,GHED_CHE_pc_US_SHA2011,COUNTRY,LBY,EMR,Eastern Mediterranean,YEAR,2010,,,,,,,,,380.59,380.58596802,,,,2025-12-05T13:23:08Z,2010,2010-01-01,2010-12-31
8303139,GHED_CHE_pc_US_SHA2011,COUNTRY,MWI,AFR,Africa,YEAR,2001,,,,,,,,,7.43,7.42542601,,,,2025-12-05T13:23:08Z,2001,2001-01-01,2001-12-31
8309893,GHED_CHE_pc_US_SHA2011,COUNTRY,ZAF,AFR,Africa,YEAR,2010,,,,,,,,,621.42,621.41906738,,,,2025-12-05T13:23:08Z,2010,2010-01-01,2010-12-31
8310273,GHED_CHE_pc_US_SHA2011,COUNTRY,LSO,AFR,Africa,YEAR,2010,,,,,,,,,85.88,85.87903595,,,,2025-12-05T13:23:08Z,2010,2010-01-01,2010-12-31
8310598,GHED_CHE_pc_US_SHA2011,COUNTRY,EST,EUR,Europe,YEAR,2016,,,,,,,,,1226.09,1226.0859375,,,,2025-12-05T13:23:08Z,2016,2016-01-01,2016-12-31
8311365,GHED_CHE_pc_US_SHA2011,COUNTRY,COL,AMR,Americas,YEAR,2005,,,,,,,,,209.68,209.68319702,,,,2025-12-05T13:23:08Z,2005,2005-01-01,2005-12-31
8312788,GHED_CHE_pc_US_SHA2011,COUNTRY,TGO,AFR,Africa,YEAR,2001,,,,,,,,,13.04,13.04282379,,,,2025-12-05T13:23:08Z,2001,2001-01-01,2001-12-31
8317771,GHED_CHE_pc_US_SHA2011,COUNTRY,DEU,EUR,Europe,YEAR,2003,,,,,,,,,3139.36,3139.36328125,,,,2025-12-05T13:23:08Z,2003,2003-01-01,2003-12-31
8318648,GHED_CHE_pc_US_SHA2011,COUNTRY,TJK,EUR,Europe,YEAR,2003,,,,,,,,,10.98,10.97546482,,,,2025-12-05T13:23:08Z,2003,2003-01-01,2003-12-31
8320674,GHED_CHE_pc_US_SHA2011,COUNTRY,LSO,AFR,Africa,YEAR,2019,,,,,,,,,235.94,235.94372559,,,,2025-12-05T13:23:08Z,2019,2019-01-01,2019-12-31
8320789,GHED_CHE_pc_US_SHA2011,COUNTRY,RWA,AFR,Africa,YEAR,2019,,,,,,,,,39.81,39.81322098,,,,2025-12-05T13:23:08Z,2019,2019-01-01,2019-12-31
8322027,GHED_CHE_pc_US_SHA2011,COUNTRY,ZWE,AFR,Africa,YEAR,2020,,,,,,,,,51.14,51.14250565,,,,2025-12-05T13:23:08Z,2020,2020-01-01,2020-12-31
8327205,GHED_CHE_pc_US_SHA2011,COUNTRY,COL,AMR,Americas,YEAR,2023,,,,,,,,,571.15,571.15496826,,,,2025-12-05T13:23:08Z,2023,2023-01-01,2023-12-31
8327918,GHED_CHE_pc_US_SHA2011,COUNTRY,NER,AFR,Africa,YEAR,2016,,,,,,,,,22.68,22.68474007,,,,2025-12-05T13:23:08Z,2016,2016-01-01,2016-12-31
8330404,GHED_CHE_pc_US_SHA2011,COUNTRY,CHE,EUR,Europe,YEAR,2018,,,,,,,,,9541.07,9541.07421875,,,,2025-12-05T13:23:08Z,2018,2018-01-01,2018-12-31
8333206,GHED_CHE_pc_US_SHA2011,COUNTRY,PER,AMR,Americas,YEAR,2003,,,,,,,,,97.35,97.352211,,,,2025-12-05T13:23:08Z,2003,2003-01-01,2003-12-31
8335609,GHED_CHE_pc_US_SHA2011,COUNTRY,POL,EUR,Europe,YEAR,2019,,,,,,,,,1014.04,1014.03820801,,,,2025-12-05T13:23:08Z,2019,2019-01-01,2019-12-31
8337486,GHED_CHE_pc_US_SHA2011,COUNTRY,SAU,EMR,Eastern Mediterranean,YEAR,2002,,,,,,,,,449.84,449.84130859,,,,2025-12-05T13:23:08Z,2002,2002-01-01,2002-12-31
8337653,GHED_CHE_pc_US_SHA2011,COUNTRY,LBY,EMR,Eastern Mediterranean,YEAR,2015,,,,,,,,,433.07,433.06808472,,,,2025-12-05T13:23:08Z,2015,2015-01-01,2015-12-31
8340544,GHED_CHE_pc_US_SHA2011,COUNTRY,POL,EUR,Europe,YEAR,2005,,,,,,,,,465.70,465.70019531,,,,2025-12-05T13:23:08Z,2005,2005-01-01,2005-12-31
8344773,GHED_CHE_pc_US_SHA2011,COUNTRY,ETH,AFR,Africa,YEAR,2010,,,,,,,,,16.17,16.17102051,,,,2025-12-05T13:23:08Z,2010,2010-01-01,2010-12-31
8351651,GHED_CHE_pc_US_SHA2011,COUNTRY,BHR,EMR,Eastern Mediterranean,YEAR,2021,,,,,,,,,1176.92,1176.92102051,,,,2025-12-05T13:23:08Z,2021,2021-01-01,2021-12-31
8351824,GHED_CHE_pc_US_SHA2011,COUNTRY,KEN,AFR,Africa,YEAR,2022,,,,,,,,,91.18,91.18416595,,,,2025-12-05T13:23:08Z,2022,2022-01-01,2022-12-31
8358287,GHED_CHE_pc_US_SHA2011,COUNTRY,LKA,SEAR,South-East Asia,YEAR,2019,,,,,,,,,147.01,147.01193237,,,,2025-12-05T13:23:08Z,2019,2019-01-01,2019-12-31
8359710,GHED_CHE_pc_US_SHA2011,COUNTRY,TUR,EUR,Europe,YEAR,2015,,,,,,,,,444.71,444.70803833,,,,2025-12-05T13:23:08Z,2015,2015-01-01,2015-12-31
8359714,GHED_CHE_pc_US_SHA2011,COUNTRY,LCA,AMR,Americas,YEAR,2015,,,,,,,,,473.24,473.24108887,,,,2025-12-05T13:23:08Z,2015,2015-01-01,2015-12-31
8360383,GHED_CHE_pc_US_SHA2011,COUNTRY,MEX,AMR,Americas,YEAR,2009,,,,,,,,,492.60,492.59887695,,,,2025-12-05T13:23:08Z,2009,2009-01-01,2009-12-31
8363925,GHED_CHE_pc_US_SHA2011,COUNTRY,NPL,SEAR,South-East Asia,YEAR,2014,,,,,,,,,41.97,41.9739151,,,,2025-12-05T13:23:08Z,2014,2014-01-01,2014-12-31
8365444,GHED_CHE_pc_US_SHA2011,COUNTRY,GAB,AFR,Africa,YEAR,2021,,,,,,,,,228.47,228.46922302,,,,2025-12-05T13:23:08Z,2021,2021-01-01,2021-12-31
8366498,GHED_CHE_pc_US_SHA2011,COUNTRY,SOM,EMR,Eastern Mediterranean,YEAR,2015,,,,,,,,,14.12,14.11613941,,,,2025-12-05T13:23:08Z,2015,2015-01-01,2015-12-31
8372579,GHED_CHE_pc_US_SHA2011,COUNTRY,DMA,AMR,Americas,YEAR,2022,,,,,,,,,542.54,542.53948975,,,,2025-12-05T13:23:08Z,2022,2022-01-01,2022-12-31
8374891,GHED_CHE_pc_US_SHA2011,COUNTRY,TUV,WPR,Western Pacific,YEAR,2016,,,,,,,,,698.00,697.99798584,,,,2025-12-05T13:23:08Z,2016,2016-01-01,2016-12-31
8376498,GHED_CHE_pc_US_SHA2011,COUNTRY,MCO,EUR,Europe,YEAR,2009,,,,,,,,,8190.71,8190.71191406,,,,2025-12-05T13:23:08Z,2009,2009-01-01,2009-12-31
8379599,GHED_CHE_pc_US_SHA2011,COUNTRY,BRN,WPR,Western Pacific,YEAR,2002,,,,,,,,,482.53,482.52624512,,,,2025-12-05T13:23:08Z,2002,2002-01-01,2002-12-31
8379647,GHED_CHE_pc_US_SHA2011,COUNTRY,SLV,AMR,Americas,YEAR,2010,,,,,,,,,270.69,270.69418335,,,,2025-12-05T13:23:08Z,2010,2010-01-01,2010-12-31
8387141,GHED_CHE_pc_US_SHA2011,COUNTRY,TCD,AFR,Africa,YEAR,2002,,,,,,,,,18.02,18.01737785,,,,2025-12-05T13:23:08Z,2002,2002-01-01,2002-12-31
8387158,GHED_CHE_pc_US_SHA2011,COUNTRY,BGR,EUR,Europe,YEAR,2022,,,,,,,,,1066.69,1066.69189453,,,,2025-12-05T13:23:08Z,2022,2022-01-01,2022-12-31
8388123,GHED_CHE_pc_US_SHA2011,COUNTRY,MRT,AFR,Africa,YEAR,2001,,,,,,,,,23.28,23.28163338,,,,2025-12-05T13:23:08Z,2001,2001-01-01,2001-12-31
8390222,GHED_CHE_pc_US_SHA2011,COUNTRY,TZA,AFR,Africa,YEAR,2012,,,,,,,,,42.00,41.99654007,,,,2025-12-05T13:23:08Z,2012,2012-01-01,2012-12-31
8393127,GHED_CHE_pc_US_SHA2011,REGION,EMR,,,YEAR,2014,,,,,,,,,535.52,535.51514907,,,,2025-12-05T13:23:08Z,2014,2014-01-01,2014-12-31
8401930,GHED_CHE_pc_US_SHA2011,COUNTRY,DMA,AMR,Americas,YEAR,2011,,,,,,,,,387.12,387.11709595,,,,2025-12-05T13:23:08Z,2011,2011-01-01,2011-12-31
8406225,GHED_CHE_pc_US_SHA2011,COUNTRY,GMB,AFR,Africa,YEAR,2008,,,,,,,,,40.03,40.0297699,,,,2025-12-05T13:23:08Z,2008,2008-01-01,2008-12-31
8406860,GHED_CHE_pc_US_SHA2011,COUNTRY,CRI,AMR,Americas,YEAR,2023,,,,,,,,,1163.30,1163.30224609,,,,2025-12-05T13:23:08Z,2023,2023-01-01,2023-12-31
8407945,GHED_CHE_pc_US_SHA2011,WORLDBANKINCOMEGROUP,WB_LI,,,YEAR,2008,,,,,,,,,34.72,34.72403244,,,,2025-12-05T13:23:08Z,2008,2008-01-01,2008-12-31
8408802,GHED_CHE_pc_US_SHA2011,COUNTRY,BGD,SEAR,South-East Asia,YEAR,2018,,,,,,,,,44.79,44.78892899,,,,2025-12-05T13:23:08Z,2018,2018-01-01,2018-12-31
8414448,GHED_CHE_pc_US_SHA2011,COUNTRY,KEN,AFR,Africa,YEAR,2001,,,,,,,,,22.11,22.11487579,,,,2025-12-05T13:23:08Z,2001,2001-01-01,2001-12-31
8418649,GHED_CHE_pc_US_SHA2011,COUNTRY,JAM,AMR,Americas,YEAR,2017,,,,,,,,,367.35,367.35095215,,,,2025-12-05T13:23:08Z,2017,2017-01-01,2017-12-31
8421585,GHED_CHE_pc_US_SHA2011,COUNTRY,SRB,EUR,Europe,YEAR,2011,,,,,,,,,618.89,618.89422607,,,,2025-12-05T13:23:08Z,2011,2011-01-01,2011-12-31
8423483,GHED_CHE_pc_US_SHA2011,COUNTRY,TJK,EUR,Europe,YEAR,2022,,,,,,,,,78.61,78.61326599,,,,2025-12-05T13:23:08Z,2022,2022-01-01,2022-12-31
8424124,GHED_CHE_pc_US_SHA2011,COUNTRY,BTN,SEAR,South-East Asia,YEAR,2013,,,,,,,,,86.41,86.41462708,,,,2025-12-05T13:23:08Z,2013,2013-01-01,2013-12-31
8425541,GHED_CHE_pc_US_SHA2011,COUNTRY,ESP,EUR,Europe,YEAR,2012,,,,,,,,,2620.84,2620.84204102,,,,2025-12-05T13:23:08Z,2012,2012-01-01,2012-12-31
8428250,GHED_CHE_pc_US_SHA2011,COUNTRY,LCA,AMR,Americas,YEAR,2017,,,,,,,,,504.96,504.96411133,,,,2025-12-05T13:23:08Z,2017,2017-01-01,2017-12-31
8436399,GHED_CHE_pc_US_SHA2011,COUNTRY,SOM,EMR,Eastern Mediterranean,YEAR,2020,,,,,,,,,12.80,12.79912567,,,,2025-12-05T13:23:08Z,2020,2020-01-01,2020-12-31
8438554,GHED_CHE_pc_US_SHA2011,COUNTRY,JPN,WPR,Western Pacific,YEAR,2018,,,,,,,,,4265.78,4265.77929688,,,,2025-12-05T13:23:08Z,2018,2018-01-01,2018-12-31
8438981,GHED_CHE_pc_US_SHA2011,COUNTRY,VNM,WPR,Western Pacific,YEAR,2017,,,,,,,,,147.51,147.51425171,,,,2025-12-05T13:23:08Z,2017,2017-01-01,2017-12-31
8439447,GHED_CHE_pc_US_SHA2011,COUNTRY,LIE,EUR,Europe,YEAR,2019,,,,,,,,,9686.88,9686.88378906,,,,2025-12-05T13:23:08Z,2019,2019-01-01,2019-12-31
8439838,GHED_CHE_pc_US_SHA2011,COUNTRY,GBR,EUR,Europe,YEAR,2012,,,,,,,,,4204.08,4204.08300781,,,,2025-12-05T13:23:08Z,2012,2012-01-01,2012-12-31
8441539,GHED_CHE_pc_US_SHA2011,COUNTRY,BGD,SEAR,South-East Asia,YEAR,2014,,,,,,,,,29.91,29.91152382,,,,2025-12-05T13:23:08Z,2014,2014-01-01,2014-12-31
8442261,GHED_CHE_pc_US_SHA2011,WORLDBANKINCOMEGROUP,WB_LI,,,YEAR,2007,,,,,,,,,30.17,30.1736162,,,,2025-12-05T13:23:08Z,2007,2007-01-01,2007-12-31
8445025,GHED_CHE_pc_US_SHA2011,COUNTRY,MDV,SEAR,South-East Asia,YEAR,2018,,,,,,,,,833.22,833.21575928,,,,2025-12-05T13:23:08Z,2018,2018-01-01,2018-12-31
8445108,GHED_CHE_pc_US_SHA2011,COUNTRY,HRV,EUR,Europe,YEAR,2008,,,,,,,,,1258.10,1258.09594727,,,,2025-12-05T13:23:08Z,2008,2008-01-01,2008-12-31
8445516,GHED_CHE_pc_US_SHA2011,COUNTRY,SLE,AFR,Africa,YEAR,2013,,,,,,,,,84.94,84.93772125,,,,2025-12-05T13:23:08Z,2013,2013-01-01,2013-12-31
8448020,GHED_CHE_pc_US_SHA2011,COUNTRY,MMR,SEAR,South-East Asia,YEAR,2019,,,,,,,,,53.72,53.72147369,,,,2025-12-05T13:23:08Z,2019,2019-01-01,2019-12-31
8448311,GHED_CHE_pc_US_SHA2011,COUNTRY,PER,AMR,Americas,YEAR,2017,,,,,,,,,332.54,332.54321289,,,,2025-12-05T13:23:08Z,2017,2017-01-01,2017-12-31
8448413,GHED_CHE_pc_US_SHA2011,COUNTRY,GRC,EUR,Europe,YEAR,2022,,,,,,,,,1768.11,1768.11071777,,,,2025-12-05T13:23:08Z,2022,2022-01-01,2022-12-31
8452585,GHED_CHE_pc_US_SHA2011,COUNTRY,QAT,EMR,Eastern Mediterranean,YEAR,2008,,,,,,,,,1292.60,1292.60046387,,,,2025-12-05T13:23:08Z,2008,2008-01-01,2008-12-31
8454577,GHED_CHE_pc_US_SHA2011,COUNTRY,UGA,AFR,Africa,YEAR,2007,,,,,,,,,36.10,36.10126495,,,,2025-12-05T13:23:08Z,2007,2007-01-01,2007-12-31
8456048,GHED_CHE_pc_US_SHA2011,COUNTRY,CYP,EUR,Europe,YEAR,2018,,,,,,,,,1987.69,1987.69470215,,,,2025-12-05T13:23:08Z,2018,2018-01-01,2018-12-31
8456594,GHED_CHE_pc_US_SHA2011,COUNTRY,ISL,EUR,Europe,YEAR,2023,,,,,,,,,7064.62,7064.62402344,,,,2025-12-05T13:23:08Z,2023,2023-01-01,2023-12-31
8460377,GHED_CHE_pc_US_SHA2011,COUNTRY,BLZ,AMR,Americas,YEAR,2009,,,,,,,,,243.31,243.3110199,,,,2025-12-05T13:23:08Z,2009,2009-01-01,2009-12-31
8460454,GHED_CHE_pc_US_SHA2011,COUNTRY,KIR,WPR,Western Pacific,YEAR,2008,,,,,,,,,190.34,190.33927917,,,,2025-12-05T13:23:08Z,2008,2008-01-01,2008-12-31
8462716,GHED_CHE_pc_US_SHA2011,COUNTRY,AUT,EUR,Europe,YEAR,2017,,,,,,,,,4999.87,4999.86962891,,,,2025-12-05T13:23:08Z,2017,2017-01-01,2017-12-31
8463795,GHED_CHE_pc_US_SHA2011,COUNTRY,SLV,AMR,Americas,YEAR,2006,,,,,,,,,231.73,231.73410034,,,,2025-12-05T13:23:08Z,2006,2006-01-01,2006-12-31
8465811,GHED_CHE_pc_US_SHA2011,COUNTRY,ERI,AFR,Africa,YEAR,2005,,,,,,,,,21.93,21.92651939,,,,2025-12-05T13:23:08Z,2005,2005-01-01,2005-12-31
8472748,GHED_CHE_pc_US_SHA2011,COUNTRY,LAO,WPR,Western Pacific,YEAR,2000,,,,,,,,,14.10,14.10313892,,,,2025-12-05T13:23:08Z,2000,2000-01-01,2000-12-31
8474799,GHED_CHE_pc_US_SHA2011,COUNTRY,PER,AMR,Americas,YEAR,2000,,,,,,,,,83.64,83.63842773,,,,2025-12-05T13:23:08Z,2000,2000-01-01,2000-12-31
8475904,GHED_CHE_pc_US_SHA2011,COUNTRY,EST,EUR,Europe,YEAR,2011,,,,,,,,,1061.16,1061.1628418,,,,2025-12-05T13:23:08Z,2011,2011-01-01,2011-12-31
8477196,GHED_CHE_pc_US_SHA2011,COUNTRY,ARM,EUR,Europe,YEAR,2009,,,,,,,,,247.91,247.90641785,,,,2025-12-05T13:23:08Z,2009,2009-01-01,2009-12-31
8477395,GHED_CHE_pc_US_SHA2011,COUNTRY,ARM,EUR,Europe,YEAR,2013,,,,,,,,,392.85,392.85253906,,,,2025-12-05T13:23:08Z,2013,2013-01-01,2013-12-31
8485958,GHED_CHE_pc_US_SHA2011,COUNTRY,COD,AFR,Africa,YEAR,2003,,,,,,,,,6.03,6.03257608,,,,2025-12-05T13:23:08Z,2003,2003-01-01,2003-12-31
8486288,GHED_CHE_pc_US_SHA2011,COUNTRY,CHL,AMR,Americas,YEAR,2012,,,,,,,,,1070.51,1070.51293945,,,,2025-12-05T13:23:08Z,2012,2012-01-01,2012-12-31
8486511,GHED_CHE_pc_US_SHA2011,COUNTRY,LBN,EMR,Eastern Mediterranean,YEAR,2007,,,,,,,,,438.71,438.71112061,,,,2025-12-05T13:23:08Z,2007,2007-01-01,2007-12-31
8492487,GHED_CHE_pc_US_SHA2011,COUNTRY,NRU,WPR,Western Pacific,YEAR,2013,,,,,,,,,808.11,808.10583496,,,,2025-12-05T13:23:08Z,2013,2013-01-01,2013-12-31
8494167,GHED_CHE_pc_US_SHA2011,COUNTRY,LUX,EUR,Europe,YEAR,2012,,,,,,,,,6029.47,6029.47460938,,,,2025-12-05T13:23:08Z,2012,2012-01-01,2012-12-31
8494633,GHED_CHE_pc_US_SHA2011,COUNTRY,BRN,WPR,Western Pacific,YEAR,2022,,,,,,,,,648.55,648.55499268,,,,2025-12-05T13:23:08Z,2022,2022-01-01,2022-12-31
8495524,GHED_CHE_pc_US_SHA2011,COUNTRY,JOR,EMR,Eastern Mediterranean,YEAR,2009,,,,,,,,,316.92,316.92221069,,,,2025-12-05T13:23:08Z,2009,2009-01-01,2009-12-31
8498710,GHED_CHE_pc_US_SHA2011,COUNTRY,NPL,SEAR,South-East Asia,YEAR,2007,,,,,,,,,17.14,17.13900185,,,,2025-12-05T13:23:08Z,2007,2007-01-01,2007-12-31
8499606,GHED_CHE_pc_US_SHA2011,COUNTRY,VUT,WPR,Western Pacific,YEAR,2010,,,,,,,,,99.27,99.27418518,,,,2025-12-05T13:23:08Z,2010,2010-01-01,2010-12-31
8500851,GHED_CHE_pc_US_SHA2011,REGION,AFR,,,YEAR,2017,,,,,,,,,121.11,121.10646049,,,,2025-12-05T13:23:08Z,2017,2017-01-01,2017-12-31
8508118,GHED_CHE_pc_US_SHA2011,COUNTRY,AGO,AFR,Africa,YEAR,2009,,,,,,,,,120.53,120.5289917,,,,2025-12-05T13:23:08Z,2009,2009-01-01,2009-12-31
8508137,GHED_CHE_pc_US_SHA2011,COUNTRY,EGY,EMR,Eastern Mediterranean,YEAR,2022,,,,,,,,,171.68,171.67852783,,,,2025-12-05T13:23:08Z,2022,2022-01-01,2022-12-31
8510676,GHED_CHE_pc_US_SHA2011,COUNTRY,LSO,AFR,Africa,YEAR,2008,,,,,,,,,69.07,69.06710052,,,,2025-12-05T13:23:08Z,2008,2008-01-01,2008-12-31
8513028,GHED_CHE_pc_US_SHA2011,COUNTRY,FRA,EUR,Europe,YEAR,2007,,,,,,,,,4312.31,4312.31054688,,,,2025-12-05T13:23:08Z,2007,2007-01-01,2007-12-31
8514192,GHED_CHE_pc_US_SHA2011,COUNTRY,SYR,EMR,Eastern Mediterranean,YEAR,2015,,,,,,,,,38.18,38.17871475,,,,2025-12-05T13:23:08Z,2015,2015-01-01,2015-12-31
8514887,GHED_CHE_pc_US_SHA2011,COUNTRY,PAN,AMR,Americas,YEAR,2020,,,,,,,,,1358.45,1358.4498291,,,,2025-12-05T13:23:08Z,2020,2020-01-01,2020-12-31
8515519,GHED_CHE_pc_US_SHA2011,COUNTRY,TLS,SEAR,South-East Asia,YEAR,2023,,,,,,,,,144.21,144.21452332,,,,2025-12-05T13:23:08Z,2023,2023-01-01,2023-12-31
8516919,GHED_CHE_pc_US_SHA2011,COUNTRY,BLR,EUR,Europe,YEAR,2006,,,,,,,,,221.70,221.70170593,,,,2025-12-05T13:23:08Z,2006,2006-01-01,2006-12-31
8521751,GHED_CHE_pc_US_SHA2011,COUNTRY,GAB,AFR,Africa,YEAR,2016,,,,,,,,,207.50,207.50273132,,,,2025-12-05T13:23:08Z,2016,2016-01-01,2016-12-31
8522969,GHED_CHE_pc_US_SHA2011,COUNTRY,MWI,AFR,Africa,YEAR,2008,,,,,,,,,32.73,32.73482132,,,,2025-12-05T13:23:08Z,2008,2008-01-01,2008-12-31
8524352,GHED_CHE_pc_US_SHA2011,COUNTRY,SRB,EUR,Europe,YEAR,2016,,,,,,,,,486.43,486.42944336,,,,2025-12-05T13:23:08Z,2016,2016-01-01,2016-12-31
8525465,GHED_CHE_pc_US_SHA2011,COUNTRY,BHR,EMR,Eastern Mediterranean,YEAR,2014,,,,,,,,,1122.16,1122.16040039,,,,2025-12-05T13:23:08Z,2014,2014-01-01,2014-12-31
8527616,GHED_CHE_pc_US_SHA2011,COUNTRY,ZAF,AFR,Africa,YEAR,2009,,,,,,,,,487.63,487.62774658,,,,2025-12-05T13:23:08Z,2009,2009-01-01,2009-12-31
8528217,GHED_CHE_pc_US_SHA2011,COUNTRY,CIV,AFR,Africa,YEAR,2016,,,,,,,,,61.86,61.85705566,,,,2025-12-05T13:23:08Z,2016,2016-01-01,2016-12-31
8530887,GHED_CHE_pc_US_SHA2011,COUNTRY,TUR,EUR,Europe,YEAR,2018,,,,,,,,,380.28,380.27835083,,,,2025-12-05T13:23:08Z,2018,2018-01-01,2018-12-31
8533629,GHED_CHE_pc_US_SHA2011,COUNTRY,COM,AFR,Africa,YEAR,2012,,,,,,,,,77.10,77.10220337,,,,2025-12-05T13:23:08Z,2012,2012-01-01,2012-12-31
8536172,GHED_CHE_pc_US_SHA2011,COUNTRY,ETH,AFR,Africa,YEAR,2005,,,,,,,,,6.48,6.4820013,,,,2025-12-05T13:23:08Z,2005,2005-01-01,2005-12-31
8536963,GHED_CHE_pc_US_SHA2011,COUNTRY,MMR,SEAR,South-East Asia,YEAR,2004,,,,,,,,,7.02,7.01517916,,,,2025-12-05T13:23:08Z,2004,2004-01-01,2004-12-31
8539236,GHED_CHE_pc_US_SHA2011,COUNTRY,PLW,WPR,Western Pacific,YEAR,2015,,,,,,,,,1554.91,1554.91186523,,,,2025-12-05T13:23:08Z,2015,2015-01-01,2015-12-31
8539469,GHED_CHE_pc_US_SHA2011,COUNTRY,COM,AFR,Africa,YEAR,2018,,,,,,,,,74.89,74.89152527,,,,2025-12-05T13:23:08Z,2018,2018-01-01,2018-12-31
8540170,GHED_CHE_pc_US_SHA2011,COUNTRY,LBN,EMR,Eastern Mediterranean,YEAR,2002,,,,,,,,,391.74,391.74139404,,,,2025-12-05T13:23:08Z,2002,2002-01-01,2002-12-31
8545667,GHED_CHE_pc_US_SHA2011,REGION,WPR,,,YEAR,2023,,,,,,,,,1338.47,1338.46532481,,,,2025-12-05T13:23:08Z,2023,2023-01-01,2023-12-31
8545977,GHED_CHE_pc_US_SHA2011,COUNTRY,KAZ,EUR,Europe,YEAR,2010,,,,,,,,,240.61,240.6149292,,,,2025-12-05T13:23:08Z,2010,2010-01-01,2010-12-31
8547846,GHED_CHE_pc_US_SHA2011,COUNTRY,FIN,EUR,Europe,YEAR,2018,,,,,,,,,4521.28,4521.27636719,,,,2025-12-05T13:23:08Z,2018,2018-01-01,2018-12-31
8549442,GHED_CHE_pc_US_SHA2011,COUNTRY,SAU,EMR,Eastern Mediterranean,YEAR,2006,,,,,,,,,634.82,634.81872559,,,,2025-12-05T13:23:08Z,2006,2006-01-01,2006-12-31
8553208,GHED_CHE_pc_US_SHA2011,COUNTRY,OMN,EMR,Eastern Mediterranean,YEAR,2016,,,,,,,,,714.49,714.48864746,,,,2025-12-05T13:23:08Z,2016,2016-01-01,2016-12-31
8554088,GHED_CHE_pc_US_SHA2011,COUNTRY,ESP,EUR,Europe,YEAR,2022,,,,,,,,,2948.61,2948.61474609,,,,2025-12-05T13:23:08Z,2022,2022-01-01,2022-12-31
8556470,GHED_CHE_pc_US_SHA2011,COUNTRY,YEM,EMR,Eastern Mediterranean,YEAR,2004,,,,,,,,,34.62,34.62483978,,,,2025-12-05T13:23:08Z,2004,2004-01-01,2004-12-31
8566257,GHED_CHE_pc_US_SHA2011,COUNTRY,HND,AMR,Americas,YEAR,2023,,,,,,,,,249.15,249.15301514,,,,2025-12-05T13:23:08Z,2023,2023-01-01,2023-12-31
8567257,GHED_CHE_pc_US_SHA2011,COUNTRY,GHA,AFR,Africa,YEAR,2002,,,,,,,,,14.30,14.30371571,,,,2025-12-05T13:23:08Z,2002,2002-01-01,2002-12-31
8567552,GHED_CHE_pc_US_SHA2011,COUNTRY,PRY,AMR,Americas,YEAR,2012,,,,,,,,,368.79,368.7868042,,,,2025-12-05T13:23:08Z,2012,2012-01-01,2012-12-31
8568191,GHED_CHE_pc_US_SHA2011,COUNTRY,BHS,AMR,Americas,YEAR,2023,,,,,,,,,2262.33,2262.33447266,,,,2025-12-05T13:23:08Z,2023,2023-01-01,2023-12-31
8574531,GHED_CHE_pc_US_SHA2011,REGION,EMR,,,YEAR,2021,,,,,,,,,556.66,556.66485188,,,,2025-12-05T13:23:08Z,2021,2021-01-01,2021-12-31
8574667,GHED_CHE_pc_US_SHA2011,COUNTRY,ECU,AMR,Americas,YEAR,2017,,,,,,,,,469.05,469.04544067,,,,2025-12-05T13:23:08Z,2017,2017-01-01,2017-12-31
8578581,GHED_CHE_pc_US_SHA2011,REGION,WPR,,,YEAR,2017,,,,,,,,,1013.93,1013.92672076,,,,2025-12-05T13:23:08Z,2017,2017-01-01,2017-12-31
8580755,GHED_CHE_pc_US_SHA2011,COUNTRY,MUS,AFR,Africa,YEAR,2016,,,,,,,,,540.39,540.39239502,,,,2025-12-05T13:23:08Z,2016,2016-01-01,2016-12-31
8584779,GHED_CHE_pc_US_SHA2011,COUNTRY,VUT,WPR,Western Pacific,YEAR,2017,,,,,,,,,91.04,91.04128265,,,,2025-12-05T13:23:08Z,2017,2017-01-01,2017-12-31
8585475,GHED_CHE_pc_US_SHA2011,COUNTRY,SGP,WPR,Western Pacific,YEAR,2020,,,,,,,,,3541.36,3541.36450195,,,,2025-12-05T13:23:08Z,2020,2020-01-01,2020-12-31
8586291,GHED_CHE_pc_US_SHA2011,COUNTRY,SVK,EUR,Europe,YEAR,2019,,,,,,,,,1342.08,1342.07580566,,,,2025-12-05T13:23:08Z,2019,2019-01-01,2019-12-31
8588506,GHED_CHE_pc_US_SHA2011,COUNTRY,KGZ,EUR,Europe,YEAR,2015,,,,,,,,,79.55,79.54891205,,,,2025-12-05T13:23:08Z,2015,2015-01-01,2015-12-31
8591525,GHED_CHE_pc_US_SHA2011,COUNTRY,CMR,AFR,Africa,YEAR,2002,,,,,,,,,31.80,31.79577446,,,,2025-12-05T13:23:08Z,2002,2002-01-01,2002-12-31
8592135,GHED_CHE_pc_US_SHA2011,COUNTRY,WSM,WPR,Western Pacific,YEAR,2000,,,,,,,,,60.46,60.4606514,,,,2025-12-05T13:23:08Z,2000,2000-01-01,2000-12-31
8592962,GHED_CHE_pc_US_SHA2011,COUNTRY,VCT,AMR,Americas,YEAR,2017,,,,,,,,,337.90,337.89614868,,,,2025-12-05T13:23:08Z,2017,2017-01-01,2017-12-31
8595040,GHED_CHE_pc_US_SHA2011,REGION,AFR,,,YEAR,2005,,,,,,,,,78.09,78.09474402,,,,2025-12-05T13:23:08Z,2005,2005-01-01,2005-12-31
8598037,GHED_CHE_pc_US_SHA2011,COUNTRY,DEU,EUR,Europe,YEAR,2015,,,,,,,,,4605.59,4605.59033203,,,,2025-12-05T13:23:08Z,2015,2015-01-01,2015-12-31
8599647,GHED_CHE_pc_US_SHA2011,COUNTRY,LBN,EMR,Eastern Mediterranean,YEAR,2023,,,,,,,,,260.81,260.8119812,,,,2025-12-05T13:23:08Z,2023,2023-01-01,2023-12-31
8603422,GHED_CHE_pc_US_SHA2011,COUNTRY,SYC,AFR,Africa,YEAR,2003,,,,,,,,,394.10,394.09664917,,,,2025-12-05T13:23:08Z,2003,2003-01-01,2003-12-31
8603458,GHED_CHE_pc_US_SHA2011,COUNTRY,NIU,WPR,Western Pacific,YEAR,2006,,,,,,,,,5908.68,5908.67675781,,,,2025-12-05T13:23:08Z,2006,2006-01-01,2006-12-31
8603817,GHED_CHE_pc_US_SHA2011,COUNTRY,NLD,EUR,Europe,YEAR,2001,,,,,,,,,2175.73,2175.73046875,,,,2025-12-05T13:23:08Z,2001,2001-01-01,2001-12-31
8606773,GHED_CHE_pc_US_SHA2011,COUNTRY,MWI,AFR,Africa,YEAR,2002,,,,,,,,,11.17,11.17413807,,,,2025-12-05T13:23:08Z,2002,2002-01-01,2002-12-31
8611214,GHED_CHE_pc_US_SHA2011,COUNTRY,EST,EUR,Europe,YEAR,2007,,,,,,,,,866.50,866.49945068,,,,2025-12-05T13:23:08Z,2007,2007-01-01,2007-12-31
8614522,GHED_CHE_pc_US_SHA2011,COUNTRY,DNK,EUR,Europe,YEAR,2007,,,,,,,,,5453.84,5453.83837891,,,,2025-12-05T13:23:08Z,2007,2007-01-01,2007-12-31
8617042,GHED_CHE_pc_US_SHA2011,COUNTRY,MOZ,AFR,Africa,YEAR,2018,,,,,,,,,41.29,41.29206467,,,,2025-12-05T13:23:08Z,2018,2018-01-01,2018-12-31
8617117,GHED_CHE_pc_US_SHA2011,COUNTRY,SVK,EUR,Europe,YEAR,2016,,,,,,,,,1175.63,1175.6270752,,,,2025-12-05T13:23:08Z,2016,2016-01-01,2016-12-31
8618769,GHED_CHE_pc_US_SHA2011,COUNTRY,CZE,EUR,Europe,YEAR,2008,,,,,,,,,1449.34,1449.33679199,,,,2025-12-05T13:23:08Z,2008,2008-01-01,2008-12-31
8619584,GHED_CHE_pc_US_SHA2011,COUNTRY,MRT,AFR,Africa,YEAR,2008,,,,,,,,,49.29,49.2858696,,,,2025-12-05T13:23:08Z,2008,2008-01-01,2008-12-31
8620320,GHED_CHE_pc_US_SHA2011,COUNTRY,JAM,AMR,Americas,YEAR,2010,,,,,,,,,309.87,309.86782837,,,,2025-12-05T13:23:08Z,2010,2010-01-01,2010-12-31
8622382,GHED_CHE_pc_US_SHA2011,COUNTRY,HUN,EUR,Europe,YEAR,2012,,,,,,,,,961.14,961.1383667,,,,2025-12-05T13:23:08Z,2012,2012-01-01,2012-12-31
8626030,GHED_CHE_pc_US_SHA2011,COUNTRY,SAU,EMR,Eastern Mediterranean,YEAR,2000,,,,,,,,,493.37,493.36984253,,,,2025-12-05T13:23:08Z,2000,2000-01-01,2000-12-31
8631327,GHED_CHE_pc_US_SHA2011,COUNTRY,IND,SEAR,South-East Asia,YEAR,2021,,,,,,,,,75.55,75.54971313,,,,2025-12-05T13:23:08Z,2021,2021-01-01,2021-12-31
8632674,GHED_CHE_pc_US_SHA2011,COUNTRY,ETH,AFR,Africa,YEAR,2012,,,,,,,,,20.00,20.00217628,,,,2025-12-05T13:23:08Z,2012,2012-01-01,2012-12-31
8638739,GHED_CHE_pc_US_SHA2011,COUNTRY,KEN,AFR,Africa,YEAR,2006,,,,,,,,,40.30,40.3040123,,,,2025-12-05T13:23:08Z,2006,2006-01-01,2006-12-31
8638749,GHED_CHE_pc_US_SHA2011,COUNTRY,IRL,EUR,Europe,YEAR,2013,,,,,,,,,5295.52,5295.52050781,,,,2025-12-05T13:23:08Z,2013,2013-01-01,2013-12-31
8643492,GHED_CHE_pc_US_SHA2011,COUNTRY,ARE,EMR,Eastern Mediterranean,YEAR,2001,,,,,,,,,689.29,689.29278564,,,,2025-12-05T13:23:08Z,2001,2001-01-01,2001-12-31
8645415,GHED_CHE_pc_US_SHA2011,COUNTRY,TCD,AFR,Africa,YEAR,2022,,,,,,,,,40.17,40.17007446,,,,2025-12-05T13:23:08Z,2022,2022-01-01,2022-12-31
8651706,GHED_CHE_pc_US_SHA2011,COUNTRY,AUS,WPR,Western Pacific,YEAR,2019,,,,,,,,,5543.38,5543.37841797,,,,2025-12-05T13:23:08Z,2019,2019-01-01,2019-12-31
8657884,GHED_CHE_pc_US_SHA2011,COUNTRY,FJI,WPR,Western Pacific,YEAR,2004,,,,,,,,,110.07,110.06819152999999,,,,2025-12-05T13:23:08Z,2004,2004-01-01,2004-12-31
8660304,GHED_CHE_pc_US_SHA2011,WORLDBANKINCOMEGROUP,WB_LMI,,,YEAR,2018,,,,,,,,,128.96,128.96205513,,,,2025-12-05T13:23:08Z,2018,2018-01-01,2018-12-31
8661552,GHED_CHE_pc_US_SHA2011,COUNTRY,YEM,EMR,Eastern Mediterranean,YEAR,2000,,,,,,,,,22.91,22.91244888,,,,2025-12-05T13:23:08Z,2000,2000-01-01,2000-12-31
8663125,GHED_CHE_pc_US_SHA2011,COUNTRY,GHA,AFR,Africa,YEAR,2023,,,,,,,,,70.26,70.25730896,,,,2026-01-12T13:50:53Z,2023,2023-01-01,2023-12-31
8665345,GHED_CHE_pc_US_SHA2011,COUNTRY,NER,AFR,Africa,YEAR,2007,,,,,,,,,20.97,20.96952438,,,,2025-12-05T13:23:08Z,2007,2007-01-01,2007-12-31
8666823,GHED_CHE_pc_US_SHA2011,COUNTRY,SSD,AFR,Africa,YEAR,2022,,,,,,,,,48.03,48.03352737,,,,2025-12-05T13:23:08Z,2022,2022-01-01,2022-12-31
8668250,GHED_CHE_pc_US_SHA2011,COUNTRY,LBR,AFR,Africa,YEAR,2020,,,,,,,,,76.11,76.11009979,,,,2025-12-05T13:23:08Z,2020,2020-01-01,2020-12-31
8668292,GHED_CHE_pc_US_SHA2011,COUNTRY,LBY,EMR,Eastern Mediterranean,YEAR,2018,,,,,,,,,544.88,544.88079834,,,,2025-12-05T13:23:08Z,2018,2018-01-01,2018-12-31
8668920,GHED_CHE_pc_US_SHA2011,COUNTRY,IND,SEAR,South-East Asia,YEAR,2009,,,,,,,,,38.06,38.05965042,,,,2025-12-05T13:23:08Z,2009,2009-01-01,2009-12-31
8669324,GHED_CHE_pc_US_SHA2011,COUNTRY,MDA,EUR,Europe,YEAR,2023,,,,,,,,,451.73,451.73007202,,,,2025-12-05T13:23:08Z,2023,2023-01-01,2023-12-31
8669523,GHED_CHE_pc_US_SHA2011,COUNTRY,MDV,SEAR,South-East Asia,YEAR,2021,,,,,,,,,901.09,901.09185791,,,,2025-12-05T13:23:08Z,2021,2021-01-01,2021-12-31
8670238,GHED_CHE_pc_US_SHA2011,COUNTRY,SVK,EUR,Europe,YEAR,2009,,,,,,,,,1320.09,1320.09301758,,,,2025-12-05T13:23:08Z,2009,2009-01-01,2009-12-31
8675277,GHED_CHE_pc_US_SHA2011,COUNTRY,GUY,AMR,Americas,YEAR,2016,,,,,,,,,235.92,235.91662598,,,,2025-12-05T13:23:08Z,2016,2016-01-01,2016-12-31
8676114,GHED_CHE_pc_US_SHA2011,COUNTRY,JPN,WPR,Western Pacific,YEAR,2013,,,,,,,,,4356.16,4356.15527344,,,,2025-12-05T13:23:08Z,2013,2013-01-01,2013-12-31
8677948,GHED_CHE_pc_US_SHA2011,COUNTRY,BRA,AMR,Americas,YEAR,2016,,,,,,,,,810.20,810.20037842,,,,2025-12-05T13:23:08Z,2016,2016-01-01,2016-12-31
8681519,GHED_CHE_pc_US_SHA2011,REGION,AFR,,,YEAR,2014,,,,,,,,,130.83,130.82810609,,,,2025-12-05T13:23:08Z,2014,2014-01-01,2014-12-31
8685117,GHED_CHE_pc_US_SHA2011,COUNTRY,LUX,EUR,Europe,YEAR,2008,,,,,,,,,7578.75,7578.74951172,,,,2025-12-05T13:23:08Z,2008,2008-01-01,2008-12-31
8686878,GHED_CHE_pc_US_SHA2011,COUNTRY,CIV,AFR,Africa,YEAR,2023,,,,,,,,,87.68,87.68105316,,,,2026-01-12T13:50:53Z,2023,2023-01-01,2023-12-31
8689884,GHED_CHE_pc_US_SHA2011,COUNTRY,POL,EUR,Europe,YEAR,2015,,,,,,,,,803.96,803.95965576,,,,2025-12-05T13:23:08Z,2015,2015-01-01,2015-12-31
8694436,GHED_CHE_pc_US_SHA2011,COUNTRY,COM,AFR,Africa,YEAR,2011,,,,,,,,,81.20,81.19863892,,,,2025-12-05T13:23:08Z,2011,2011-01-01,2011-12-31
8694937,GHED_CHE_pc_US_SHA2011,COUNTRY,GNQ,AFR,Africa,YEAR,2011,,,,,,,,,265.38,265.38485718,,,,2025-12-05T13:23:08Z,2011,2011-01-01,2011-12-31
8696603,GHED_CHE_pc_US_SHA2011,COUNTRY,BDI,AFR,Africa,YEAR,2006,,,,,,,,,14.11,14.10514736,,,,2025-12-05T13:23:08Z,2006,2006-01-01,2006-12-31
8700417,GHED_CHE_pc_US_SHA2011,COUNTRY,LCA,AMR,Americas,YEAR,2016,,,,,,,,,479.87,479.8744812,,,,2025-12-05T13:23:08Z,2016,2016-01-01,2016-12-31
8700670,GHED_CHE_pc_US_SHA2011,COUNTRY,CPV,AFR,Africa,YEAR,2011,,,,,,,,,157.09,157.08999634,,,,2025-12-05T13:23:08Z,2011,2011-01-01,2011-12-31
8701490,GHED_CHE_pc_US_SHA2011,COUNTRY,TTO,AMR,Americas,YEAR,2011,,,,,,,,,872.96,872.96398926,,,,2025-12-05T13:23:08Z,2011,2011-01-01,2011-12-31
8702623,GHED_CHE_pc_US_SHA2011,COUNTRY,TUR,EUR,Europe,YEAR,2014,,,,,,,,,520.41,520.40753174,,,,2025-12-05T13:23:08Z,2014,2014-01-01,2014-12-31
8704920,GHED_CHE_pc_US_SHA2011,COUNTRY,KAZ,EUR,Europe,YEAR,2005,,,,,,,,,139.58,139.57885742,,,,2025-12-05T13:23:08Z,2005,2005-01-01,2005-12-31
8710029,GHED_CHE_pc_US_SHA2011,COUNTRY,SYC,AFR,Africa,YEAR,2011,,,,,,,,,457.16,457.16436768,,,,2025-12-05T13:23:08Z,2011,2011-01-01,2011-12-31
8710067,GHED_CHE_pc_US_SHA2011,COUNTRY,MLI,AFR,Africa,YEAR,2002,,,,,,,,,15.89,15.89499378,,,,2025-12-05T13:23:08Z,2002,2002-01-01,2002-12-31
8711887,GHED_CHE_pc_US_SHA2011,COUNTRY,AUS,WPR,Western Pacific,YEAR,2004,,,,,,,,,2744.08,2744.08105469,,,,2025-12-05T13:23:08Z,2004,2004-01-01,2004-12-31
8712419,GHED_CHE_pc_US_SHA2011,COUNTRY,OMN,EMR,Eastern Mediterranean,YEAR,2007,,,,,,,,,397.21,397.21173096,,,,2025-12-05T13:23:08Z,2007,2007-01-01,2007-12-31
8712684,GHED_CHE_pc_US_SHA2011,COUNTRY,KEN,AFR,Africa,YEAR,2018,,,,,,,,,75.28,75.27681732,,,,2025-12-05T13:23:08Z,2018,2018-01-01,2018-12-31
8715889,GHED_CHE_pc_US_SHA2011,COUNTRY,CZE,EUR,Europe,YEAR,2014,,,,,,,,,1512.59,1512.59326172,,,,2025-12-05T13:23:08Z,2014,2014-01-01,2014-12-31
8721313,GHED_CHE_pc_US_SHA2011,COUNTRY,ATG,AMR,Americas,YEAR,2013,,,,,,,,,739.10,739.10491943,,,,2025-12-05T13:23:08Z,2013,2013-01-01,2013-12-31
8727776,GHED_CHE_pc_US_SHA2011,COUNTRY,FIN,EUR,Europe,YEAR,2010,,,,,,,,,4251.53,4251.52880859,,,,2025-12-05T13:23:08Z,2010,2010-01-01,2010-12-31
8728492,GHED_CHE_pc_US_SHA2011,COUNTRY,IND,SEAR,South-East Asia,YEAR,2020,,,,,,,,,63.83,63.83099747,,,,2025-12-05T13:23:08Z,2020,2020-01-01,2020-12-31
8728766,GHED_CHE_pc_US_SHA2011,WORLDBANKINCOMEGROUP,WB_LMI,,,YEAR,2010,,,,,,,,,104.87,104.87140472,,,,2025-12-05T13:23:08Z,2010,2010-01-01,2010-12-31
8730600,GHED_CHE_pc_US_SHA2011,COUNTRY,JAM,AMR,Americas,YEAR,2019,,,,,,,,,390.79,390.79431152,,,,2025-12-05T13:23:08Z,2019,2019-01-01,2019-12-31
8731494,GHED_CHE_pc_US_SHA2011,COUNTRY,AUT,EUR,Europe,YEAR,2020,,,,,,,,,5569.84,5569.84130859,,,,2025-12-05T13:23:08Z,2020,2020-01-01,2020-12-31
8736263,GHED_CHE_pc_US_SHA2011,COUNTRY,NLD,EUR,Europe,YEAR,2002,,,,,,,,,2544.81,2544.81347656,,,,2025-12-05T13:23:08Z,2002,2002-01-01,2002-12-31
8736278,GHED_CHE_pc_US_SHA2011,COUNTRY,JAM,AMR,Americas,YEAR,2001,,,,,,,,,180.66,180.66116333,,,,2025-12-05T13:23:08Z,2001,2001-01-01,2001-12-31
8739103,GHED_CHE_pc_US_SHA2011,COUNTRY,FRA,EUR,Europe,YEAR,2013,,,,,,,,,4884.72,4884.71582031,,,,2025-12-05T13:23:08Z,2013,2013-01-01,2013-12-31
8741315,GHED_CHE_pc_US_SHA2011,COUNTRY,FSM,WPR,Western Pacific,YEAR,2022,,,,,,,,,468.54,468.53509521,,,,2025-12-05T13:23:08Z,2022,2022-01-01,2022-12-31
8743737,GHED_CHE_pc_US_SHA2011,COUNTRY,SLB,WPR,Western Pacific,YEAR,2004,,,,,,,,,64.72,64.72148895,,,,2025-12-05T13:23:08Z,2004,2004-01-01,2004-12-31
8745505,GHED_CHE_pc_US_SHA2011,COUNTRY,EGY,EMR,Eastern Mediterranean,YEAR,2000,,,,,,,,,69.37,69.37174988,,,,2025-12-05T13:23:08Z,2000,2000-01-01,2000-12-31
8750298,GHED_CHE_pc_US_SHA2011,COUNTRY,ZMB,AFR,Africa,YEAR,2020,,,,,,,,,60.02,60.01779938,,,,2025-12-05T13:23:08Z,2020,2020-01-01,2020-12-31
8751154,GHED_CHE_pc_US_SHA2011,COUNTRY,SLB,WPR,Western Pacific,YEAR,2001,,,,,,,,,60.23,60.23266602,,,,2025-12-05T13:23:08Z,2001,2001-01-01,2001-12-31
8753909,GHED_CHE_pc_US_SHA2011,COUNTRY,BLR,EUR,Europe,YEAR,2003,,,,,,,,,108.51,108.51013947,,,,2025-12-05T13:23:08Z,2003,2003-01-01,2003-12-31
8758498,GHED_CHE_pc_US_SHA2011,COUNTRY,BHR,EMR,Eastern Mediterranean,YEAR,2001,,,,,,,,,457.60,457.59741211,,,,2025-12-05T13:23:08Z,2001,2001-01-01,2001-12-31
8760001,GHED_CHE_pc_US_SHA2011,COUNTRY,LKA,SEAR,South-East Asia,YEAR,2023,,,,,,,,,134.24,134.23654175,,,,2025-12-05T13:23:08Z,2023,2023-01-01,2023-12-31
8762834,GHED_CHE_pc_US_SHA2011,COUNTRY,FIN,EUR,Europe,YEAR,2006,,,,,,,,,3414.94,3414.94140625,,,,2025-12-05T13:23:08Z,2006,2006-01-01,2006-12-31
8765982,GHED_CHE_pc_US_SHA2011,WORLDBANKINCOMEGROUP,WB_UMI,,,YEAR,2005,,,,,,,,,212.18,212.18351122,,,,2025-12-05T13:23:08Z,2005,2005-01-01,2005-12-31
8766348,GHED_CHE_pc_US_SHA2011,COUNTRY,IND,SEAR,South-East Asia,YEAR,2000,,,,,,,,,18.48,18.47883415,,,,2025-12-05T13:23:08Z,2000,2000-01-01,2000-12-31
8769465,GHED_CHE_pc_US_SHA2011,COUNTRY,CPV,AFR,Africa,YEAR,2008,,,,,,,,,127.79,127.79390717,,,,2025-12-05T13:23:08Z,2008,2008-01-01,2008-12-31
8769785,GHED_CHE_pc_US_SHA2011,COUNTRY,MNG,WPR,Western Pacific,YEAR,2018,,,,,,,,,188.64,188.64115906,,,,2025-12-05T13:23:08Z,2018,2018-01-01,2018-12-31
8772624,GHED_CHE_pc_US_SHA2011,COUNTRY,MDA,EUR,Europe,YEAR,2018,,,,,,,,,276.47,276.4697876,,,,2025-12-05T13:23:08Z,2018,2018-01-01,2018-12-31
8775650,GHED_CHE_pc_US_SHA2011,COUNTRY,KWT,EMR,Eastern Mediterranean,YEAR,2022,,,,,,,,,1683.40,1683.39929199,,,,2025-12-05T13:23:08Z,2022,2022-01-01,2022-12-31
8776227,GHED_CHE_pc_US_SHA2011,COUNTRY,ARM,EUR,Europe,YEAR,2003,,,,,,,,,66.32,66.31577301,,,,2025-12-05T13:23:08Z,2003,2003-01-01,2003-12-31
8778442,GHED_CHE_pc_US_SHA2011,COUNTRY,ERI,AFR,Africa,YEAR,2009,,,,,,,,,24.35,24.35102463,,,,2025-12-05T13:23:08Z,2009,2009-01-01,2009-12-31
8779022,GHED_CHE_pc_US_SHA2011,COUNTRY,CRI,AMR,Americas,YEAR,2014,,,,,,,,,836.23,836.23120117,,,,2025-12-05T13:23:08Z,2014,2014-01-01,2014-12-31
8780226,GHED_CHE_pc_US_SHA2011,COUNTRY,SLE,AFR,Africa,YEAR,2022,,,,,,,,,41.32,41.31875229,,,,2025-12-05T13:23:08Z,2022,2022-01-01,2022-12-31
8781469,GHED_CHE_pc_US_SHA2011,WORLDBANKINCOMEGROUP,WB_LMI,,,YEAR,2001,,,,,,,,,49.70,49.70018391,,,,2025-12-05T13:23:08Z,2001,2001-01-01,2001-12-31
8784608,GHED_CHE_pc_US_SHA2011,COUNTRY,YEM,EMR,Eastern Mediterranean,YEAR,2009,,,,,,,,,58.02,58.02085114,,,,2025-12-05T13:23:08Z,2009,2009-01-01,2009-12-31
8785515,GHED_CHE_pc_US_SHA2011,COUNTRY,BTN,SEAR,South-East Asia,YEAR,2015,,,,,,,,,96.87,96.86671448,,,,2025-12-05T13:23:08Z,2015,2015-01-01,2015-12-31
8786914,GHED_CHE_pc_US_SHA2011,COUNTRY,PAN,AMR,Americas,YEAR,2008,,,,,,,,,506.78,506.78494263,,,,2025-12-05T13:23:08Z,2008,2008-01-01,2008-12-31
8787924,GHED_CHE_pc_US_SHA2011,COUNTRY,GHA,AFR,Africa,YEAR,2003,,,,,,,,,18.96,18.96423721,,,,2025-12-05T13:23:08Z,2003,2003-01-01,2003-12-31
8789518,GHED_CHE_pc_US_SHA2011,COUNTRY,HTI,AMR,Americas,YEAR,2022,,,,,,,,,52.28,52.28417587,,,,2025-12-05T13:23:08Z,2022,2022-01-01,2022-12-31
8790141,GHED_CHE_pc_US_SHA2011,COUNTRY,MOZ,AFR,Africa,YEAR,2023,,,,,,,,,52.96,52.96166611,,,,2025-12-05T13:23:08Z,2023,2023-01-01,2023-12-31
8790215,GHED_CHE_pc_US_SHA2011,COUNTRY,PSE,EMR,Eastern Mediterranean,YEAR,2015,,,,,,,,,286.91,286.91394043,,,,2025-12-05T13:23:08Z,2015,2015-01-01,2015-12-31
8791233,GHED_CHE_pc_US_SHA2011,COUNTRY,KOR,WPR,Western Pacific,YEAR,2008,,,,,,,,,1186.38,1186.375,,,,2025-12-05T13:23:08Z,2008,2008-01-01,2008-12-31
8791896,GHED_CHE_pc_US_SHA2011,COUNTRY,BFA,AFR,Africa,YEAR,2002,,,,,,,,,11.94,11.93992615,,,,2025-12-05T13:23:08Z,2002,2002-01-01,2002-12-31
8795043,GHED_CHE_pc_US_SHA2011,COUNTRY,LTU,EUR,Europe,YEAR,2005,,,,,,,,,438.93,438.93267822,,,,2025-12-05T13:23:08Z,2005,2005-01-01,2005-12-31
8800269,GHED_CHE_pc_US_SHA2011,COUNTRY,SVN,EUR,Europe,YEAR,2019,,,,,,,,,2219.10,2219.09790039,,,,2025-12-05T13:23:08Z,2019,2019-01-01,2019-12-31
8802023,GHED_CHE_pc_US_SHA2011,COUNTRY,AZE,EUR,Europe,YEAR,2015,,,,,,,,,236.26,236.25979614,,,,2025-12-05T13:23:08Z,2015,2015-01-01,2015-12-31
8802188,GHED_CHE_pc_US_SHA2011,COUNTRY,PAN,AMR,Americas,YEAR,2004,,,,,,,,,344.41,344.4079895,,,,2025-12-05T13:23:08Z,2004,2004-01-01,2004-12-31
8805252,GHED_CHE_pc_US_SHA2011,COUNTRY,DNK,EUR,Europe,YEAR,2016,,,,,,,,,5603.76,5603.75830078,,,,2025-12-05T13:23:08Z,2016,2016-01-01,2016-12-31
8806138,GHED_CHE_pc_US_SHA2011,COUNTRY,CHL,AMR,Americas,YEAR,2001,,,,,,,,,323.63,323.63336182,,,,2025-12-05T13:23:08Z,2001,2001-01-01,2001-12-31
8810267,GHED_CHE_pc_US_SHA2011,COUNTRY,VNM,WPR,Western Pacific,YEAR,2009,,,,,,,,,69.83,69.82720184,,,,2025-12-05T13:23:08Z,2009,2009-01-01,2009-12-31
8810816,GHED_CHE_pc_US_SHA2011,COUNTRY,ITA,EUR,Europe,YEAR,2014,,,,,,,,,3190.47,3190.46777344,,,,2025-12-05T13:23:08Z,2014,2014-01-01,2014-12-31
8813548,GHED_CHE_pc_US_SHA2011,COUNTRY,MDV,SEAR,South-East Asia,YEAR,2019,,,,,,,,,880.80,880.79962158,,,,2025-12-05T13:23:08Z,2019,2019-01-01,2019-12-31
8815126,GHED_CHE_pc_US_SHA2011,COUNTRY,DEU,EUR,Europe,YEAR,2013,,,,,,,,,5080.62,5080.62402344,,,,2025-12-05T13:23:08Z,2013,2013-01-01,2013-12-31
8815987,GHED_CHE_pc_US_SHA2011,COUNTRY,NGA,AFR,Africa,YEAR,2012,,,,,,,,,87.90,87.89523315,,,,2025-12-05T13:23:08Z,2012,2012-01-01,2012-12-31
8817076,GHED_CHE_pc_US_SHA2011,COUNTRY,MAR,EMR,Eastern Mediterranean,YEAR,2002,,,,,,,,,63.58,63.57953644,,,,2025-12-05T13:23:08Z,2002,2002-01-01,2002-12-31
8817635,GHED_CHE_pc_US_SHA2011,COUNTRY,ARG,AMR,Americas,YEAR,2018,,,,,,,,,1195.60,1195.59973145,,,,2025-12-05T13:23:08Z,2018,2018-01-01,2018-12-31
8819149,GHED_CHE_pc_US_SHA2011,WORLDBANKINCOMEGROUP,WB_UMI,,,YEAR,2020,,,,,,,,,458.71,458.71184295,,,,2025-12-05T13:23:08Z,2020,2020-01-01,2020-12-31
8819876,GHED_CHE_pc_US_SHA2011,COUNTRY,HTI,AMR,Americas,YEAR,2006,,,,,,,,,29.12,29.11877251,,,,2025-12-05T13:23:08Z,2006,2006-01-01,2006-12-31
8822892,GHED_CHE_pc_US_SHA2011,REGION,EUR,,,YEAR,2014,,,,,,,,,2693.21,2693.21468692,,,,2026-01-12T13:50:53Z,2014,2014-01-01,2014-12-31
8825275,GHED_CHE_pc_US_SHA2011,COUNTRY,NOR,EUR,Europe,YEAR,2019,,,,,,,,,8007.36,8007.35546875,,,,2025-12-05T13:23:08Z,2019,2019-01-01,2019-12-31
8833355,GHED_CHE_pc_US_SHA2011,COUNTRY,DOM,AMR,Americas,YEAR,2012,,,,,,,,,304.24,304.23754883,,,,2025-12-05T13:23:08Z,2012,2012-01-01,2012-12-31
8834441,GHED_CHE_pc_US_SHA2011,COUNTRY,GTM,AMR,Americas,YEAR,2017,,,,,,,,,265.37,265.36593628,,,,2025-12-05T13:23:08Z,2017,2017-01-01,2017-12-31
8837474,GHED_CHE_pc_US_SHA2011,COUNTRY,PER,AMR,Americas,YEAR,2009,,,,,,,,,209.20,209.1973877,,,,2025-12-05T13:23:08Z,2009,2009-01-01,2009-12-31
8838898,GHED_CHE_pc_US_SHA2011,COUNTRY,NZL,WPR,Western Pacific,YEAR,2004,,,,,,,,,1981.97,1981.9720459,,,,2025-12-05T13:23:08Z,2004,2004-01-01,2004-12-31
8838972,GHED_CHE_pc_US_SHA2011,REGION,EUR,,,YEAR,2008,,,,,,,,,2444.71,2444.70954866,,,,2025-12-05T13:23:08Z,2008,2008-01-01,2008-12-31
8839304,GHED_CHE_pc_US_SHA2011,COUNTRY,STP,AFR,Africa,YEAR,2018,,,,,,,,,108.88,108.87628937,,,,2025-12-05T13:23:08Z,2018,2018-01-01,2018-12-31
8839538,GHED_CHE_pc_US_SHA2011,COUNTRY,ALB,EUR,Europe,YEAR,2012,,,,,,,,,260.68,260.68319702,,,,2025-12-05T13:23:08Z,2012,2012-01-01,2012-12-31
8841380,GHED_CHE_pc_US_SHA2011,COUNTRY,ARM,EUR,Europe,YEAR,2001,,,,,,,,,31.91,31.90725899,,,,2025-12-05T13:23:08Z,2001,2001-01-01,2001-12-31
8844440,GHED_CHE_pc_US_SHA2011,REGION,EUR,,,YEAR,2020,,,,,,,,,2834.15,2834.1476386,,,,2025-12-05T13:23:08Z,2020,2020-01-01,2020-12-31
8844606,GHED_CHE_pc_US_SHA2011,COUNTRY,BHS,AMR,Americas,YEAR,2010,,,,,,,,,1444.01,1444.0065918,,,,2025-12-05T13:23:08Z,2010,2010-01-01,2010-12-31
8844908,GHED_CHE_pc_US_SHA2011,COUNTRY,SRB,EUR,Europe,YEAR,2021,,,,,,,,,889.10,889.09753418,,,,2025-12-05T13:23:08Z,2021,2021-01-01,2021-12-31
8846773,GHED_CHE_pc_US_SHA2011,COUNTRY,ARM,EUR,Europe,YEAR,2014,,,,,,,,,404.34,404.33874512,,,,2025-12-05T13:23:08Z,2014,2014-01-01,2014-12-31
8847136,GHED_CHE_pc_US_SHA2011,COUNTRY,GNQ,AFR,Africa,YEAR,2020,,,,,,,,,213.59,213.59317017,,,,2025-12-05T13:23:08Z,2020,2020-01-01,2020-12-31
8848898,GHED_CHE_pc_US_SHA2011,COUNTRY,GRD,AMR,Americas,YEAR,2008,,,,,,,,,401.15,401.15072632,,,,2025-12-05T13:23:08Z,2008,2008-01-01,2008-12-31
8849862,GHED_CHE_pc_US_SHA2011,COUNTRY,MUS,AFR,Africa,YEAR,2020,,,,,,,,,541.95,541.95184326,,,,2025-12-05T13:23:08Z,2020,2020-01-01,2020-12-31
8851272,GHED_CHE_pc_US_SHA2011,COUNTRY,MNG,WPR,Western Pacific,YEAR,2010,,,,,,,,,99.51,99.50933838,,,,2025-12-05T13:23:08Z,2010,2010-01-01,2010-12-31
8852312,GHED_CHE_pc_US_SHA2011,COUNTRY,ROU,EUR,Europe,YEAR,2009,,,,,,,,,449.38,449.37692261,,,,2025-12-05T13:23:08Z,2009,2009-01-01,2009-12-31
8859546,GHED_CHE_pc_US_SHA2011,COUNTRY,BIH,EUR,Europe,YEAR,2002,,,,,,,,,118.87,118.87058258,,,,2025-12-05T13:23:08Z,2002,2002-01-01,2002-12-31
8860392,GHED_CHE_pc_US_SHA2011,WORLDBANKINCOMEGROUP,WB_UMI,,,YEAR,2018,,,,,,,,,451.89,451.8886582,,,,2025-12-05T13:23:08Z,2018,2018-01-01,2018-12-31
8862608,GHED_CHE_pc_US_SHA2011,COUNTRY,SWZ,AFR,Africa,YEAR,2000,,,,,,,,,76.93,76.93126678,,,,2025-12-05T13:23:08Z,2000,2000-01-01,2000-12-31
8863892,GHED_CHE_pc_US_SHA2011,COUNTRY,CAF,AFR,Africa,YEAR,2019,,,,,,,,,35.76,35.76099014,,,,2025-12-05T13:23:08Z,2019,2019-01-01,2019-12-31
8868006,GHED_CHE_pc_US_SHA2011,COUNTRY,SDN,EMR,Eastern Mediterranean,YEAR,2022,,,,,,,,,25.75,25.75139618,,,,2025-12-05T13:23:08Z,2022,2022-01-01,2022-12-31
8873410,GHED_CHE_pc_US_SHA2011,COUNTRY,NIU,WPR,Western Pacific,YEAR,2001,,,,,,,,,1347.99,1347.9901123,,,,2025-12-05T13:23:08Z,2001,2001-01-01,2001-12-31
8874112,GHED_CHE_pc_US_SHA2011,COUNTRY,CPV,AFR,Africa,YEAR,2004,,,,,,,,,93.43,93.43228912,,,,2025-12-05T13:23:08Z,2004,2004-01-01,2004-12-31
8876800,GHED_CHE_pc_US_SHA2011,COUNTRY,ETH,AFR,Africa,YEAR,2009,,,,,,,,,15.14,15.1445961,,,,2025-12-05T13:23:08Z,2009,2009-01-01,2009-12-31
8878215,GHED_CHE_pc_US_SHA2011,COUNTRY,JOR,EMR,Eastern Mediterranean,YEAR,2008,,,,,,,,,275.18,275.17532349,,,,2025-12-05T13:23:08Z,2008,2008-01-01,2008-12-31
8879322,GHED_CHE_pc_US_SHA2011,COUNTRY,RUS,EUR,Europe,YEAR,2020,,,,,,,,,814.94,814.94451904,,,,2025-12-05T13:23:08Z,2020,2020-01-01,2020-12-31
8882148,GHED_CHE_pc_US_SHA2011,COUNTRY,SLV,AMR,Americas,YEAR,2015,,,,,,,,,331.97,331.96725464,,,,2025-12-05T13:23:08Z,2015,2015-01-01,2015-12-31
8886421,GHED_CHE_pc_US_SHA2011,COUNTRY,VUT,WPR,Western Pacific,YEAR,2014,,,,,,,,,108.23,108.2263031,,,,2025-12-05T13:23:08Z,2014,2014-01-01,2014-12-31
8888842,GHED_CHE_pc_US_SHA2011,COUNTRY,KNA,AMR,Americas,YEAR,2011,,,,,,,,,922.21,922.20574951,,,,2025-12-05T13:23:08Z,2011,2011-01-01,2011-12-31
8890590,GHED_CHE_pc_US_SHA2011,COUNTRY,BEL,EUR,Europe,YEAR,2022,,,,,,,,,5487.59,5487.59277344,,,,2025-12-05T13:23:08Z,2022,2022-01-01,2022-12-31
8890591,GHED_CHE_pc_US_SHA2011,COUNTRY,CUB,AMR,Americas,YEAR,2011,,,,,,,,,695.82,695.81542969,,,,2025-12-05T13:23:08Z,2011,2011-01-01,2011-12-31
8890844,GHED_CHE_pc_US_SHA2011,COUNTRY,PRY,AMR,Americas,YEAR,2022,,,,,,,,,480.03,480.02862549,,,,2025-12-05T13:23:08Z,2022,2022-01-01,2022-12-31
8891723,GHED_CHE_pc_US_SHA2011,COUNTRY,DJI,EMR,Eastern Mediterranean,YEAR,2007,,,,,,,,,55.18,55.18254471,,,,2025-12-05T13:23:08Z,2007,2007-01-01,2007-12-31
8892886,GHED_CHE_pc_US_SHA2011,COUNTRY,SWZ,AFR,Africa,YEAR,2018,,,,,,,,,292.34,292.33929443,,,,2025-12-05T13:23:08Z,2018,2018-01-01,2018-12-31
8894766,GHED_CHE_pc_US_SHA2011,COUNTRY,CAF,AFR,Africa,YEAR,2013,,,,,,,,,17.37,17.36794472,,,,2025-12-05T13:23:08Z,2013,2013-01-01,2013-12-31
8895517,GHED_CHE_pc_US_SHA2011,COUNTRY,CYP,EUR,Europe,YEAR,2007,,,,,,,,,1694.27,1694.27185059,,,,2025-12-05T13:23:08Z,2007,2007-01-01,2007-12-31
8897141,GHED_CHE_pc_US_SHA2011,COUNTRY,MAR,EMR,Eastern Mediterranean,YEAR,2012,,,,,,,,,172.04,172.04353333,,,,2025-12-05T13:23:08Z,2012,2012-01-01,2012-12-31
8898810,GHED_CHE_pc_US_SHA2011,COUNTRY,DEU,EUR,Europe,YEAR,2020,,,,,,,,,5906.81,5906.80615234,,,,2025-12-05T13:23:08Z,2020,2020-01-01,2020-12-31
8907014,GHED_CHE_pc_US_SHA2011,COUNTRY,NAM,AFR,Africa,YEAR,2014,,,,,,,,,452.26,452.2585144,,,,2025-12-05T13:23:08Z,2014,2014-01-01,2014-12-31
8907405,GHED_CHE_pc_US_SHA2011,COUNTRY,LTU,EUR,Europe,YEAR,2012,,,,,,,,,896.94,896.93707275,,,,2025-12-05T13:23:08Z,2012,2012-01-01,2012-12-31
8908880,GHED_CHE_pc_US_SHA2011,COUNTRY,IDN,WPR,Western Pacific,YEAR,2009,,,,,,,,,62.40,62.4021759,,,,2025-12-05T13:23:08Z,2009,2009-01-01,2009-12-31
8909266,GHED_CHE_pc_US_SHA2011,COUNTRY,CZE,EUR,Europe,YEAR,2012,,,,,,,,,1509.78,1509.77526855,,,,2025-12-05T13:23:08Z,2012,2012-01-01,2012-12-31
8914109,GHED_CHE_pc_US_SHA2011,COUNTRY,PAK,EMR,Eastern Mediterranean,YEAR,2010,,,,,,,,,23.63,23.62846184,,,,2025-12-05T13:23:08Z,2010,2010-01-01,2010-12-31
8916066,GHED_CHE_pc_US_SHA2011,COUNTRY,FJI,WPR,Western Pacific,YEAR,2010,,,,,,,,,127.66,127.65603638,,,,2025-12-05T13:23:08Z,2010,2010-01-01,2010-12-31
8918942,GHED_CHE_pc_US_SHA2011,COUNTRY,SAU,EMR,Eastern Mediterranean,YEAR,2016,,,,,,,,,1353.22,1353.21813965,,,,2025-12-05T13:23:08Z,2016,2016-01-01,2016-12-31
8919783,GHED_CHE_pc_US_SHA2011,COUNTRY,URY,AMR,Americas,YEAR,2010,,,,,,,,,1043.26,1043.26000977,,,,2025-12-05T13:23:08Z,2010,2010-01-01,2010-12-31
8919957,GHED_CHE_pc_US_SHA2011,REGION,SEAR,,,YEAR,2005,,,,,,,,,68.25,68.2533599,,,,2025-12-05T13:23:08Z,2005,2005-01-01,2005-12-31
8923388,GHED_CHE_pc_US_SHA2011,COUNTRY,FSM,WPR,Western Pacific,YEAR,2001,,,,,,,,,181.29,181.29023743,,,,2025-12-05T13:23:08Z,2001,2001-01-01,2001-12-31
8924004,GHED_CHE_pc_US_SHA2011,COUNTRY,SMR,EUR,Europe,YEAR,2013,,,,,,,,,4113.47,4113.46679688,,,,2025-12-05T13:23:08Z,2013,2013-01-01,2013-12-31
8928640,GHED_CHE_pc_US_SHA2011,COUNTRY,MEX,AMR,Americas,YEAR,2012,,,,,,,,,582.48,582.48297119,,,,2025-12-05T13:23:08Z,2012,2012-01-01,2012-12-31
8931811,GHED_CHE_pc_US_SHA2011,COUNTRY,OMN,EMR,Eastern Mediterranean,YEAR,2019,,,,,,,,,730.08,730.08325195,,,,2025-12-05T13:23:08Z,2019,2019-01-01,2019-12-31
8934325,GHED_CHE_pc_US_SHA2011,COUNTRY,YEM,EMR,Eastern Mediterranean,YEAR,2015,,,,,,,,,88.41,88.40743256,,,,2025-12-05T13:23:08Z,2015,2015-01-01,2015-12-31
8938798,GHED_CHE_pc_US_SHA2011,COUNTRY,JAM,AMR,Americas,YEAR,2012,,,,,,,,,330.39,330.38525391,,,,2025-12-05T13:23:08Z,2012,2012-01-01,2012-12-31
8940670,GHED_CHE_pc_US_SHA2011,COUNTRY,TTO,AMR,Americas,YEAR,2012,,,,,,,,,895.08,895.08026123,,,,2025-12-05T13:23:08Z,2012,2012-01-01,2012-12-31
8943220,GHED_CHE_pc_US_SHA2011,COUNTRY,LBR,AFR,Africa,YEAR,2005,,,,,,,,,19.15,19.14579582,,,,2025-12-05T13:23:08Z,2005,2005-01-01,2005-12-31
8944320,GHED_CHE_pc_US_SHA2011,COUNTRY,STP,AFR,Africa,YEAR,2023,,,,,,,,,171.05,171.05166626,,,,2025-12-05T13:23:08Z,2023,2023-01-01,2023-12-31
8944837,GHED_CHE_pc_US_SHA2011,COUNTRY,PAK,EMR,Eastern Mediterranean,YEAR,2009,,,,,,,,,23.15,23.14643288,,,,2025-12-05T13:23:08Z,2009,2009-01-01,2009-12-31
8950350,GHED_CHE_pc_US_SHA2011,COUNTRY,FRA,EUR,Europe,YEAR,2002,,,,,,,,,2449.76,2449.75830078,,,,2025-12-05T13:23:08Z,2002,2002-01-01,2002-12-31
8951432,GHED_CHE_pc_US_SHA2011,COUNTRY,PHL,WPR,Western Pacific,YEAR,2011,,,,,,,,,95.96,95.95716095,,,,2025-12-05T13:23:08Z,2011,2011-01-01,2011-12-31
8953393,GHED_CHE_pc_US_SHA2011,COUNTRY,TGO,AFR,Africa,YEAR,2015,,,,,,,,,46.92,46.92110825,,,,2025-12-05T13:23:08Z,2015,2015-01-01,2015-12-31
8954121,GHED_CHE_pc_US_SHA2011,COUNTRY,IND,SEAR,South-East Asia,YEAR,2007,,,,,,,,,35.63,35.63138962,,,,2025-12-05T13:23:08Z,2007,2007-01-01,2007-12-31
8955771,GHED_CHE_pc_US_SHA2011,COUNTRY,DZA,AFR,Africa,YEAR,2023,,,,,,,,,233.38,233.37947083,,,,2025-12-05T13:23:08Z,2023,2023-01-01,2023-12-31
8956335,GHED_CHE_pc_US_SHA2011,COUNTRY,MWI,AFR,Africa,YEAR,2023,,,,,,,,,41.27,41.26664734,,,,2025-12-05T13:23:08Z,2023,2023-01-01,2023-12-31
8958019,GHED_CHE_pc_US_SHA2011,REGION,EUR,,,YEAR,2023,,,,,,,,,3282.41,3282.41115541,,,,2025-12-05T13:23:08Z,2023,2023-01-01,2023-12-31
8958029,GHED_CHE_pc_US_SHA2011,COUNTRY,BGR,EUR,Europe,YEAR,2012,,,,,,,,,558.65,558.64794922,,,,2025-12-05T13:23:08Z,2012,2012-01-01,2012-12-31
8961945,GHED_CHE_pc_US_SHA2011,COUNTRY,CIV,AFR,Africa,YEAR,2015,,,,,,,,,58.43,58.43181992,,,,2025-12-05T13:23:08Z,2015,2015-01-01,2015-12-31
8965959,GHED_CHE_pc_US_SHA2011,COUNTRY,BEN,AFR,Africa,YEAR,2015,,,,,,,,,27.35,27.34733391,,,,2025-12-05T13:23:08Z,2015,2015-01-01,2015-12-31
8967624,GHED_CHE_pc_US_SHA2011,COUNTRY,GNB,AFR,Africa,YEAR,2017,,,,,,,,,54.82,54.8225174,,,,2025-12-05T13:23:08Z,2017,2017-01-01,2017-12-31
8968402,GHED_CHE_pc_US_SHA2011,COUNTRY,NLD,EUR,Europe,YEAR,2023,,,,,,,,,6371.86,6371.85595703,,,,2025-12-05T13:23:08Z,2023,2023-01-01,2023-12-31
8970532,GHED_CHE_pc_US_SHA2011,COUNTRY,AND,EUR,Europe,YEAR,2017,,,,,,,,,2876.24,2876.24194336,,,,2025-12-05T13:23:08Z,2017,2017-01-01,2017-12-31
8972075,GHED_CHE_pc_US_SHA2011,COUNTRY,ALB,EUR,Europe,YEAR,2018,,,,,,,,,349.21,349.21127319,,,,2025-12-05T13:23:08Z,2018,2018-01-01,2018-12-31
8972130,GHED_CHE_pc_US_SHA2011,COUNTRY,HND,AMR,Americas,YEAR,2020,,,,,,,,,212.74,212.7419281,,,,2025-12-05T13:23:08Z,2020,2020-01-01,2020-12-31
8973251,GHED_CHE_pc_US_SHA2011,COUNTRY,NAM,AFR,Africa,YEAR,2006,,,,,,,,,437.56,437.56240845,,,,2025-12-05T13:23:08Z,2006,2006-01-01,2006-12-31
8973566,GHED_CHE_pc_US_SHA2011,COUNTRY,PER,AMR,Americas,YEAR,2022,,,,,,,,,445.10,445.10473633,,,,2025-12-05T13:23:08Z,2022,2022-01-01,2022-12-31
8979578,GHED_CHE_pc_US_SHA2011,COUNTRY,URY,AMR,Americas,YEAR,2013,,,,,,,,,1516.81,1516.80664063,,,,2025-12-05T13:23:08Z,2013,2013-01-01,2013-12-31
8980238,GHED_CHE_pc_US_SHA2011,COUNTRY,MWI,AFR,Africa,YEAR,2000,,,,,,,,,8.85,8.84964848,,,,2025-12-05T13:23:08Z,2000,2000-01-01,2000-12-31
8982375,GHED_CHE_pc_US_SHA2011,COUNTRY,ARG,AMR,Americas,YEAR,2006,,,,,,,,,456.06,456.06246948,,,,2025-12-05T13:23:08Z,2006,2006-01-01,2006-12-31
8985927,GHED_CHE_pc_US_SHA2011,COUNTRY,BWA,AFR,Africa,YEAR,2020,,,,,,,,,386.29,386.28860474,,,,2025-12-05T13:23:08Z,2020,2020-01-01,2020-12-31
8987466,GHED_CHE_pc_US_SHA2011,COUNTRY,NLD,EUR,Europe,YEAR,2006,,,,,,,,,4080.22,4080.21972656,,,,2025-12-05T13:23:08Z,2006,2006-01-01,2006-12-31
8987708,GHED_CHE_pc_US_SHA2011,COUNTRY,BGR,EUR,Europe,YEAR,2007,,,,,,,,,361.23,361.23498535,,,,2025-12-05T13:23:08Z,2007,2007-01-01,2007-12-31
8990949,GHED_CHE_pc_US_SHA2011,COUNTRY,MHL,WPR,Western Pacific,YEAR,2008,,,,,,,,,536.23,536.23034668,,,,2025-12-05T13:23:08Z,2008,2008-01-01,2008-12-31
8993766,GHED_CHE_pc_US_SHA2011,COUNTRY,FRA,EUR,Europe,YEAR,2016,,,,,,,,,4289.35,4289.34716797,,,,2025-12-05T13:23:08Z,2016,2016-01-01,2016-12-31
8995192,GHED_CHE_pc_US_SHA2011,COUNTRY,MRT,AFR,Africa,YEAR,2019,,,,,,,,,54.63,54.63365555,,,,2025-12-05T13:23:08Z,2019,2019-01-01,2019-12-31
8997873,GHED_CHE_pc_US_SHA2011,COUNTRY,DZA,AFR,Africa,YEAR,2004,,,,,,,,,92.69,92.6876297,,,,2025-12-05T13:23:08Z,2004,2004-01-01,2004-12-31
8999715,GHED_CHE_pc_US_SHA2011,COUNTRY,LKA,SEAR,South-East Asia,YEAR,2008,,,,,,,,,90.00,90.00082397,,,,2025-12-05T13:23:08Z,2008,2008-01-01,2008-12-31
9002176,GHED_CHE_pc_US_SHA2011,COUNTRY,CYP,EUR,Europe,YEAR,2017,,,,,,,,,1742.68,1742.67626953,,,,2025-12-05T13:23:08Z,2017,2017-01-01,2017-12-31
9005851,GHED_CHE_pc_US_SHA2011,COUNTRY,RWA,AFR,Africa,YEAR,2020,,,,,,,,,45.15,45.15266418,,,,2025-12-05T13:23:08Z,2020,2020-01-01,2020-12-31
9006163,GHED_CHE_pc_US_SHA2011,COUNTRY,LBN,EMR,Eastern Mediterranean,YEAR,2012,,,,,,,,,588.84,588.83917236,,,,2025-12-05T13:23:08Z,2012,2012-01-01,2012-12-31
9008987,GHED_CHE_pc_US_SHA2011,COUNTRY,PAN,AMR,Americas,YEAR,2002,,,,,,,,,308.59,308.58657837,,,,2025-12-05T13:23:08Z,2002,2002-01-01,2002-12-31
9009843,GHED_CHE_pc_US_SHA2011,COUNTRY,KNA,AMR,Americas,YEAR,2013,,,,,,,,,938.89,938.89459229,,,,2025-12-05T13:23:08Z,2013,2013-01-01,2013-12-31
9010560,GHED_CHE_pc_US_SHA2011,COUNTRY,FJI,WPR,Western Pacific,YEAR,2009,,,,,,,,,121.06,121.05646515,,,,2025-12-05T13:23:08Z,2009,2009-01-01,2009-12-31
9010975,GHED_CHE_pc_US_SHA2011,COUNTRY,KWT,EMR,Eastern Mediterranean,YEAR,2021,,,,,,,,,1829.13,1829.13134766,,,,2025-12-05T13:23:08Z,2021,2021-01-01,2021-12-31
9013763,GHED_CHE_pc_US_SHA2011,COUNTRY,TKM,EUR,Europe,YEAR,2008,,,,,,,,,235.92,235.91514587,,,,2025-12-05T13:23:08Z,2008,2008-01-01,2008-12-31
9015530,GHED_CHE_pc_US_SHA2011,COUNTRY,LVA,EUR,Europe,YEAR,2012,,,,,,,,,745.52,745.51745605,,,,2025-12-05T13:23:08Z,2012,2012-01-01,2012-12-31
9015555,GHED_CHE_pc_US_SHA2011,COUNTRY,CUB,AMR,Americas,YEAR,2002,,,,,,,,,213.82,213.81524658,,,,2025-12-05T13:23:08Z,2002,2002-01-01,2002-12-31
9015911,GHED_CHE_pc_US_SHA2011,COUNTRY,FSM,WPR,Western Pacific,YEAR,2015,,,,,,,,,362.28,362.27624512,,,,2025-12-05T13:23:08Z,2015,2015-01-01,2015-12-31
9018813,GHED_CHE_pc_US_SHA2011,COUNTRY,KAZ,EUR,Europe,YEAR,2021,,,,,,,,,391.82,391.81536865,,,,2025-12-05T13:23:08Z,2021,2021-01-01,2021-12-31
9021551,GHED_CHE_pc_US_SHA2011,COUNTRY,MYS,WPR,Western Pacific,YEAR,2011,,,,,,,,,343.46,343.45877075,,,,2025-12-05T13:23:08Z,2011,2011-01-01,2011-12-31
9023106,GHED_CHE_pc_US_SHA2011,COUNTRY,CIV,AFR,Africa,YEAR,2022,,,,,,,,,84.90,84.89915466,,,,2026-01-12T13:50:53Z,2022,2022-01-01,2022-12-31
9023120,GHED_CHE_pc_US_SHA2011,COUNTRY,KNA,AMR,Americas,YEAR,2014,,,,,,,,,962.25,962.25469971,,,,2025-12-05T13:23:08Z,2014,2014-01-01,2014-12-31
9023389,GHED_CHE_pc_US_SHA2011,COUNTRY,MRT,AFR,Africa,YEAR,2002,,,,,,,,,25.97,25.96999741,,,,2025-12-05T13:23:08Z,2002,2002-01-01,2002-12-31
9023526,GHED_CHE_pc_US_SHA2011,COUNTRY,HND,AMR,Americas,YEAR,2014,,,,,,,,,172.53,172.52818298,,,,2025-12-05T13:23:08Z,2014,2014-01-01,2014-12-31
9030038,GHED_CHE_pc_US_SHA2011,COUNTRY,MAR,EMR,Eastern Mediterranean,YEAR,2009,,,,,,,,,165.51,165.50694275,,,,2025-12-05T13:23:08Z,2009,2009-01-01,2009-12-31
9030670,GHED_CHE_pc_US_SHA2011,COUNTRY,GRD,AMR,Americas,YEAR,2012,,,,,,,,,413.03,413.02658081,,,,2025-12-05T13:23:08Z,2012,2012-01-01,2012-12-31
9031204,GHED_CHE_pc_US_SHA2011,COUNTRY,LUX,EUR,Europe,YEAR,2015,,,,,,,,,5421.93,5421.93212891,,,,2025-12-05T13:23:08Z,2015,2015-01-01,2015-12-31
9032609,GHED_CHE_pc_US_SHA2011,COUNTRY,JAM,AMR,Americas,YEAR,2021,,,,,,,,,413.36,413.36227417,,,,2025-12-05T13:23:08Z,2021,2021-01-01,2021-12-31
9032655,GHED_CHE_pc_US_SHA2011,COUNTRY,GTM,AMR,Americas,YEAR,2010,,,,,,,,,175.31,175.31318665,,,,2025-12-05T13:23:08Z,2010,2010-01-01,2010-12-31
9034083,GHED_CHE_pc_US_SHA2011,COUNTRY,MOZ,AFR,Africa,YEAR,2004,,,,,,,,,14.12,14.12452602,,,,2025-12-05T13:23:08Z,2004,2004-01-01,2004-12-31
9035449,GHED_CHE_pc_US_SHA2011,COUNTRY,FSM,WPR,Western Pacific,YEAR,2012,,,,,,,,,372.10,372.10220337,,,,2025-12-05T13:23:08Z,2012,2012-01-01,2012-12-31
9036800,GHED_CHE_pc_US_SHA2011,COUNTRY,SEN,AFR,Africa,YEAR,2021,,,,,,,,,71.12,71.12162781,,,,2025-12-05T13:23:08Z,2021,2021-01-01,2021-12-31
9039304,GHED_CHE_pc_US_SHA2011,COUNTRY,AND,EUR,Europe,YEAR,2013,,,,,,,,,2886.97,2886.97241211,,,,2025-12-05T13:23:08Z,2013,2013-01-01,2013-12-31
9041325,GHED_CHE_pc_US_SHA2011,COUNTRY,PAN,AMR,Americas,YEAR,2022,,,,,,,,,1572.93,1572.93017578,,,,2025-12-05T13:23:08Z,2022,2022-01-01,2022-12-31
9043523,GHED_CHE_pc_US_SHA2011,COUNTRY,NER,AFR,Africa,YEAR,2009,,,,,,,,,24.55,24.54927635,,,,2025-12-05T13:23:08Z,2009,2009-01-01,2009-12-31
9045812,GHED_CHE_pc_US_SHA2011,COUNTRY,MKD,EUR,Europe,YEAR,2000,,,,,,,,,162.68,162.68013,,,,2025-12-05T13:23:08Z,2000,2000-01-01,2000-12-31
9047246,GHED_CHE_pc_US_SHA2011,COUNTRY,DJI,EMR,Eastern Mediterranean,YEAR,2005,,,,,,,,,45.13,45.12551498,,,,2025-12-05T13:23:08Z,2005,2005-01-01,2005-12-31
9048657,GHED_CHE_pc_US_SHA2011,COUNTRY,MRT,AFR,Africa,YEAR,2015,,,,,,,,,57.12,57.1233139,,,,2025-12-05T13:23:08Z,2015,2015-01-01,2015-12-31
9049685,GHED_CHE_pc_US_SHA2011,COUNTRY,HUN,EUR,Europe,YEAR,2018,,,,,,,,,1087.65,1087.64611816,,,,2025-12-05T13:23:08Z,2018,2018-01-01,2018-12-31
9057516,GHED_CHE_pc_US_SHA2011,COUNTRY,UGA,AFR,Africa,YEAR,2005,,,,,,,,,25.87,25.86819267,,,,2025-12-05T13:23:08Z,2005,2005-01-01,2005-12-31
9057850,GHED_CHE_pc_US_SHA2011,COUNTRY,BGR,EUR,Europe,YEAR,2002,,,,,,,,,148.15,148.1479187,,,,2025-12-05T13:23:08Z,2002,2002-01-01,2002-12-31
9062476,GHED_CHE_pc_US_SHA2011,COUNTRY,PNG,WPR,Western Pacific,YEAR,2016,,,,,,,,,53.99,53.98646545,,,,2025-12-05T13:23:08Z,2016,2016-01-01,2016-12-31
9064952,GHED_CHE_pc_US_SHA2011,COUNTRY,LCA,AMR,Americas,YEAR,2013,,,,,,,,,485.66,485.6628418,,,,2025-12-05T13:23:08Z,2013,2013-01-01,2013-12-31
9066855,GHED_CHE_pc_US_SHA2011,COUNTRY,HRV,EUR,Europe,YEAR,2016,,,,,,,,,851.92,851.92492676,,,,2025-12-05T13:23:08Z,2016,2016-01-01,2016-12-31
9067250,GHED_CHE_pc_US_SHA2011,COUNTRY,DZA,AFR,Africa,YEAR,2001,,,,,,,,,67.06,67.05859375,,,,2025-12-05T13:23:08Z,2001,2001-01-01,2001-12-31
9068343,GHED_CHE_pc_US_SHA2011,COUNTRY,MNE,EUR,Europe,YEAR,2020,,,,,,,,,896.25,896.24884033,,,,2025-12-05T13:23:08Z,2020,2020-01-01,2020-12-31
9071425,GHED_CHE_pc_US_SHA2011,COUNTRY,JOR,EMR,Eastern Mediterranean,YEAR,2007,,,,,,,,,208.04,208.03627014,,,,2025-12-05T13:23:08Z,2007,2007-01-01,2007-12-31
9071492,GHED_CHE_pc_US_SHA2011,COUNTRY,UGA,AFR,Africa,YEAR,2021,,,,,,,,,51.03,51.03484726,,,,2025-12-05T13:23:08Z,2021,2021-01-01,2021-12-31
9072943,GHED_CHE_pc_US_SHA2011,COUNTRY,LBN,EMR,Eastern Mediterranean,YEAR,2021,,,,,,,,,189.86,189.8581543,,,,2025-12-05T13:23:08Z,2021,2021-01-01,2021-12-31
9073705,GHED_CHE_pc_US_SHA2011,COUNTRY,NRU,WPR,Western Pacific,YEAR,2015,,,,,,,,,973.31,973.30883789,,,,2025-12-05T13:23:08Z,2015,2015-01-01,2015-12-31
9076796,GHED_CHE_pc_US_SHA2011,COUNTRY,ZMB,AFR,Africa,YEAR,2009,,,,,,,,,59.39,59.38909531,,,,2025-12-05T13:23:08Z,2009,2009-01-01,2009-12-31
9081785,GHED_CHE_pc_US_SHA2011,COUNTRY,SUR,AMR,Americas,YEAR,2007,,,,,,,,,309.18,309.17565918,,,,2025-12-05T13:23:08Z,2007,2007-01-01,2007-12-31
9083727,GHED_CHE_pc_US_SHA2011,COUNTRY,TUN,EMR,Eastern Mediterranean,YEAR,2010,,,,,,,,,240.75,240.75447083,,,,2025-12-05T13:23:08Z,2010,2010-01-01,2010-12-31
9088766,GHED_CHE_pc_US_SHA2011,COUNTRY,BOL,AMR,Americas,YEAR,2008,,,,,,,,,77.98,77.9777298,,,,2025-12-05T13:23:08Z,2008,2008-01-01,2008-12-31
9088838,GHED_CHE_pc_US_SHA2011,COUNTRY,JPN,WPR,Western Pacific,YEAR,2011,,,,,,,,,5103.34,5103.34326172,,,,2025-12-05T13:23:08Z,2011,2011-01-01,2011-12-31
9091946,GHED_CHE_pc_US_SHA2011,COUNTRY,MDA,EUR,Europe,YEAR,2004,,,,,,,,,64.61,64.60713959,,,,2025-12-05T13:23:08Z,2004,2004-01-01,2004-12-31
9092936,GHED_CHE_pc_US_SHA2011,COUNTRY,JAM,AMR,Americas,YEAR,2014,,,,,,,,,312.77,312.77233887,,,,2025-12-05T13:23:08Z,2014,2014-01-01,2014-12-31
9092965,GHED_CHE_pc_US_SHA2011,COUNTRY,TCD,AFR,Africa,YEAR,2023,,,,,,,,,47.44,47.43893051,,,,2025-12-05T13:23:08Z,2023,2023-01-01,2023-12-31
9097327,GHED_CHE_pc_US_SHA2011,COUNTRY,PRT,EUR,Europe,YEAR,2002,,,,,,,,,1139.40,1139.4029541,,,,2025-12-05T13:23:08Z,2002,2002-01-01,2002-12-31
9098920,GHED_CHE_pc_US_SHA2011,COUNTRY,IRQ,EMR,Eastern Mediterranean,YEAR,2019,,,,,,,,,241.74,241.73873901,,,,2025-12-05T13:23:08Z,2019,2019-01-01,2019-12-31
9100249,GHED_CHE_pc_US_SHA2011,COUNTRY,AUS,WPR,Western Pacific,YEAR,2010,,,,,,,,,4947.96,4947.96337891,,,,2025-12-05T13:23:08Z,2010,2010-01-01,2010-12-31
9104008,GHED_CHE_pc_US_SHA2011,COUNTRY,SRB,EUR,Europe,YEAR,2023,,,,,,,,,983.69,983.69372559,,,,2025-12-05T13:23:08Z,2023,2023-01-01,2023-12-31
9105126,GHED_CHE_pc_US_SHA2011,COUNTRY,SWZ,AFR,Africa,YEAR,2009,,,,,,,,,279.68,279.68212891,,,,2025-12-05T13:23:08Z,2009,2009-01-01,2009-12-31
9108112,GHED_CHE_pc_US_SHA2011,COUNTRY,KOR,WPR,Western Pacific,YEAR,2023,,,,,,,,,3043.87,3043.87329102,,,,2025-12-05T13:23:08Z,2023,2023-01-01,2023-12-31
9109729,GHED_CHE_pc_US_SHA2011,COUNTRY,ROU,EUR,Europe,YEAR,2017,,,,,,,,,555.11,555.11309814,,,,2025-12-05T13:23:08Z,2017,2017-01-01,2017-12-31
9110796,GHED_CHE_pc_US_SHA2011,COUNTRY,ISL,EUR,Europe,YEAR,2005,,,,,,,,,5079.69,5079.68945313,,,,2025-12-05T13:23:08Z,2005,2005-01-01,2005-12-31
9111832,GHED_CHE_pc_US_SHA2011,COUNTRY,CIV,AFR,Africa,YEAR,2011,,,,,,,,,67.98,67.97618103,,,,2025-12-05T13:23:08Z,2011,2011-01-01,2011-12-31
9112109,GHED_CHE_pc_US_SHA2011,COUNTRY,CPV,AFR,Africa,YEAR,2016,,,,,,,,,157.40,157.39906311,,,,2025-12-05T13:23:08Z,2016,2016-01-01,2016-12-31
9112956,GHED_CHE_pc_US_SHA2011,COUNTRY,PHL,WPR,Western Pacific,YEAR,2014,,,,,,,,,106.16,106.16293335,,,,2025-12-05T13:23:08Z,2014,2014-01-01,2014-12-31
9114219,GHED_CHE_pc_US_SHA2011,COUNTRY,AND,EUR,Europe,YEAR,2005,,,,,,,,,2279.53,2279.53051758,,,,2025-12-05T13:23:08Z,2005,2005-01-01,2005-12-31
9116523,GHED_CHE_pc_US_SHA2011,COUNTRY,STP,AFR,Africa,YEAR,2014,,,,,,,,,118.71,118.70980835,,,,2025-12-05T13:23:08Z,2014,2014-01-01,2014-12-31
9117546,GHED_CHE_pc_US_SHA2011,COUNTRY,BGR,EUR,Europe,YEAR,2018,,,,,,,,,719.78,719.78033447,,,,2025-12-05T13:23:08Z,2018,2018-01-01,2018-12-31
9119674,GHED_CHE_pc_US_SHA2011,COUNTRY,HUN,EUR,Europe,YEAR,2011,,,,,,,,,1063.43,1063.43237305,,,,2025-12-05T13:23:08Z,2011,2011-01-01,2011-12-31
9120602,GHED_CHE_pc_US_SHA2011,COUNTRY,CUB,AMR,Americas,YEAR,2012,,,,,,,,,601.75,601.74957275,,,,2025-12-05T13:23:08Z,2012,2012-01-01,2012-12-31
9121480,GHED_CHE_pc_US_SHA2011,COUNTRY,ARM,EUR,Europe,YEAR,2010,,,,,,,,,291.78,291.77758789,,,,2025-12-05T13:23:08Z,2010,2010-01-01,2010-12-31
9122341,GHED_CHE_pc_US_SHA2011,WORLDBANKINCOMEGROUP,WB_LMI,,,YEAR,2015,,,,,,,,,120.63,120.62672451,,,,2025-12-05T13:23:08Z,2015,2015-01-01,2015-12-31
9123589,GHED_CHE_pc_US_SHA2011,COUNTRY,BGD,SEAR,South-East Asia,YEAR,2008,,,,,,,,,15.56,15.5619669,,,,2025-12-05T13:23:08Z,2008,2008-01-01,2008-12-31
9123855,GHED_CHE_pc_US_SHA2011,COUNTRY,CHL,AMR,Americas,YEAR,2011,,,,,,,,,984.45,984.4486084,,,,2025-12-05T13:23:08Z,2011,2011-01-01,2011-12-31
9124712,GHED_CHE_pc_US_SHA2011,COUNTRY,NPL,SEAR,South-East Asia,YEAR,2013,,,,,,,,,35.14,35.14327621,,,,2025-12-05T13:23:08Z,2013,2013-01-01,2013-12-31
9128037,GHED_CHE_pc_US_SHA2011,COUNTRY,TGO,AFR,Africa,YEAR,2005,,,,,,,,,20.97,20.9699707,,,,2025-12-05T13:23:08Z,2005,2005-01-01,2005-12-31
9133104,GHED_CHE_pc_US_SHA2011,COUNTRY,NAM,AFR,Africa,YEAR,2021,,,,,,,,,449.95,449.95172119,,,,2025-12-05T13:23:08Z,2021,2021-01-01,2021-12-31
9134312,GHED_CHE_pc_US_SHA2011,COUNTRY,CAN,AMR,Americas,YEAR,2004,,,,,,,,,2896.19,2896.19335938,,,,2025-12-05T13:23:08Z,2004,2004-01-01,2004-12-31
9134500,GHED_CHE_pc_US_SHA2011,COUNTRY,SOM,EMR,Eastern Mediterranean,YEAR,2022,,,,,,,,,16.32,16.31684875,,,,2025-12-05T13:23:08Z,2022,2022-01-01,2022-12-31
9137744,GHED_CHE_pc_US_SHA2011,COUNTRY,EST,EUR,Europe,YEAR,2009,,,,,,,,,1006.51,1006.50708008,,,,2025-12-05T13:23:08Z,2009,2009-01-01,2009-12-31
9139832,GHED_CHE_pc_US_SHA2011,COUNTRY,TCD,AFR,Africa,YEAR,2012,,,,,,,,,36.20,36.20247269,,,,2025-12-05T13:23:08Z,2012,2012-01-01,2012-12-31
9142422,GHED_CHE_pc_US_SHA2011,COUNTRY,BGR,EUR,Europe,YEAR,2017,,,,,,,,,647.56,647.56402588,,,,2025-12-05T13:23:08Z,2017,2017-01-01,2017-12-31
9143464,GHED_CHE_pc_US_SHA2011,COUNTRY,BGD,SEAR,South-East Asia,YEAR,2005,,,,,,,,,11.31,11.31403732,,,,2025-12-05T13:23:08Z,2005,2005-01-01,2005-12-31
9146006,GHED_CHE_pc_US_SHA2011,COUNTRY,GNQ,AFR,Africa,YEAR,2014,,,,,,,,,290.54,290.53604126,,,,2025-12-05T13:23:08Z,2014,2014-01-01,2014-12-31
9148006,GHED_CHE_pc_US_SHA2011,COUNTRY,ITA,EUR,Europe,YEAR,2015,,,,,,,,,2707.43,2707.43310547,,,,2025-12-05T13:23:08Z,2015,2015-01-01,2015-12-31
9148500,GHED_CHE_pc_US_SHA2011,COUNTRY,OMN,EMR,Eastern Mediterranean,YEAR,2020,,,,,,,,,859.25,859.24987793,,,,2025-12-05T13:23:08Z,2020,2020-01-01,2020-12-31
9149085,GHED_CHE_pc_US_SHA2011,COUNTRY,MDV,SEAR,South-East Asia,YEAR,2022,,,,,,,,,883.91,883.91467285,,,,2025-12-05T13:23:08Z,2022,2022-01-01,2022-12-31
9151298,GHED_CHE_pc_US_SHA2011,COUNTRY,KEN,AFR,Africa,YEAR,2007,,,,,,,,,49.45,49.44605255,,,,2025-12-05T13:23:08Z,2007,2007-01-01,2007-12-31
9151945,GHED_CHE_pc_US_SHA2011,COUNTRY,BRA,AMR,Americas,YEAR,2020,,,,,,,,,680.77,680.76843262,,,,2025-12-05T13:23:08Z,2020,2020-01-01,2020-12-31
9152605,GHED_CHE_pc_US_SHA2011,COUNTRY,CYP,EUR,Europe,YEAR,2008,,,,,,,,,2155.25,2155.24658203,,,,2025-12-05T13:23:08Z,2008,2008-01-01,2008-12-31
9154908,GHED_CHE_pc_US_SHA2011,COUNTRY,ARE,EMR,Eastern Mediterranean,YEAR,2007,,,,,,,,,1176.49,1176.49328613,,,,2025-12-05T13:23:08Z,2007,2007-01-01,2007-12-31
9157649,GHED_CHE_pc_US_SHA2011,COUNTRY,ARG,AMR,Americas,YEAR,2008,,,,,,,,,745.40,745.40356445,,,,2025-12-05T13:23:08Z,2008,2008-01-01,2008-12-31
9157906,GHED_CHE_pc_US_SHA2011,COUNTRY,RWA,AFR,Africa,YEAR,2018,,,,,,,,,42.12,42.11674881,,,,2025-12-05T13:23:08Z,2018,2018-01-01,2018-12-31
9158314,GHED_CHE_pc_US_SHA2011,COUNTRY,ATG,AMR,Americas,YEAR,2004,,,,,,,,,597.75,597.74902344,,,,2025-12-05T13:23:08Z,2004,2004-01-01,2004-12-31
9158780,GHED_CHE_pc_US_SHA2011,COUNTRY,SRB,EUR,Europe,YEAR,2017,,,,,,,,,515.85,515.84570313,,,,2025-12-05T13:23:08Z,2017,2017-01-01,2017-12-31
9165279,GHED_CHE_pc_US_SHA2011,COUNTRY,SLE,AFR,Africa,YEAR,2003,,,,,,,,,21.78,21.7804718,,,,2025-12-05T13:23:08Z,2003,2003-01-01,2003-12-31
9165730,GHED_CHE_pc_US_SHA2011,COUNTRY,KGZ,EUR,Europe,YEAR,2006,,,,,,,,,44.60,44.5950737,,,,2025-12-05T13:23:08Z,2006,2006-01-01,2006-12-31
9166236,GHED_CHE_pc_US_SHA2011,COUNTRY,BGR,EUR,Europe,YEAR,2005,,,,,,,,,267.74,267.74139404,,,,2025-12-05T13:23:08Z,2005,2005-01-01,2005-12-31
9168824,GHED_CHE_pc_US_SHA2011,COUNTRY,TUV,WPR,Western Pacific,YEAR,2019,,,,,,,,,1138.83,1138.82617188,,,,2025-12-05T13:23:08Z,2019,2019-01-01,2019-12-31
9169368,GHED_CHE_pc_US_SHA2011,REGION,SEAR,,,YEAR,2018,,,,,,,,,184.10,184.10145442,,,,2025-12-05T13:23:08Z,2018,2018-01-01,2018-12-31
9181190,GHED_CHE_pc_US_SHA2011,COUNTRY,SWE,EUR,Europe,YEAR,2010,,,,,,,,,4391.12,4391.1171875,,,,2025-12-05T13:23:08Z,2010,2010-01-01,2010-12-31
9182435,GHED_CHE_pc_US_SHA2011,COUNTRY,IDN,WPR,Western Pacific,YEAR,2021,,,,,,,,,158.90,158.89761353,,,,2025-12-05T13:23:08Z,2021,2021-01-01,2021-12-31
9182483,GHED_CHE_pc_US_SHA2011,COUNTRY,UKR,EUR,Europe,YEAR,2015,,,,,,,,,154.75,154.75454712,,,,2025-12-05T13:23:08Z,2015,2015-01-01,2015-12-31
9182910,GHED_CHE_pc_US_SHA2011,COUNTRY,PSE,EMR,Eastern Mediterranean,YEAR,2004,,,,,,,,,150.73,150.72610474,,,,2025-12-05T13:23:08Z,2004,2004-01-01,2004-12-31
9184093,GHED_CHE_pc_US_SHA2011,COUNTRY,LVA,EUR,Europe,YEAR,2019,,,,,,,,,1183.12,1183.1151123,,,,2025-12-05T13:23:08Z,2019,2019-01-01,2019-12-31
9187744,GHED_CHE_pc_US_SHA2011,COUNTRY,KIR,WPR,Western Pacific,YEAR,2000,,,,,,,,,65.61,65.61151886,,,,2025-12-05T13:23:08Z,2000,2000-01-01,2000-12-31
9189577,GHED_CHE_pc_US_SHA2011,COUNTRY,NIC,AMR,Americas,YEAR,2000,,,,,,,,,53.30,53.29532623,,,,2025-12-05T13:23:08Z,2000,2000-01-01,2000-12-31
9197078,GHED_CHE_pc_US_SHA2011,COUNTRY,SWE,EUR,Europe,YEAR,2013,,,,,,,,,6716.21,6716.21484375,,,,2025-12-05T13:23:08Z,2013,2013-01-01,2013-12-31
9198248,GHED_CHE_pc_US_SHA2011,COUNTRY,KAZ,EUR,Europe,YEAR,2023,,,,,,,,,489.71,489.71456909,,,,2025-12-05T13:23:08Z,2023,2023-01-01,2023-12-31
9206545,GHED_CHE_pc_US_SHA2011,COUNTRY,LBN,EMR,Eastern Mediterranean,YEAR,2000,,,,,,,,,425.70,425.70095825,,,,2025-12-05T13:23:08Z,2000,2000-01-01,2000-12-31
9212657,GHED_CHE_pc_US_SHA2011,COUNTRY,CZE,EUR,Europe,YEAR,2015,,,,,,,,,1308.80,1308.8013916,,,,2025-12-05T13:23:08Z,2015,2015-01-01,2015-12-31
9213767,GHED_CHE_pc_US_SHA2011,COUNTRY,BHS,AMR,Americas,YEAR,2002,,,,,,,,,1021.04,1021.03601074,,,,2025-12-05T13:23:08Z,2002,2002-01-01,2002-12-31
9214823,GHED_CHE_pc_US_SHA2011,COUNTRY,NPL,SEAR,South-East Asia,YEAR,2004,,,,,,,,,12.92,12.92468262,,,,2025-12-05T13:23:08Z,2004,2004-01-01,2004-12-31
9215083,GHED_CHE_pc_US_SHA2011,COUNTRY,BIH,EUR,Europe,YEAR,2020,,,,,,,,,594.82,594.8225708,,,,2025-12-05T13:23:08Z,2020,2020-01-01,2020-12-31
9223799,GHED_CHE_pc_US_SHA2011,COUNTRY,GNB,AFR,Africa,YEAR,2020,,,,,,,,,67.89,67.88795471,,,,2025-12-05T13:23:08Z,2020,2020-01-01,2020-12-31
9225098,GHED_CHE_pc_US_SHA2011,COUNTRY,ISL,EUR,Europe,YEAR,2021,,,,,,,,,6722.42,6722.421875,,,,2025-12-05T13:23:08Z,2021,2021-01-01,2021-12-31
9229849,GHED_CHE_pc_US_SHA2011,COUNTRY,ISR,EUR,Europe,YEAR,2020,,,,,,,,,3616.50,3616.50219727,,,,2025-12-05T13:23:08Z,2020,2020-01-01,2020-12-31
9234485,GHED_CHE_pc_US_SHA2011,COUNTRY,IRQ,EMR,Eastern Mediterranean,YEAR,2015,,,,,,,,,149.08,149.07951355,,,,2025-12-05T13:23:08Z,2015,2015-01-01,2015-12-31
9236581,GHED_CHE_pc_US_SHA2011,COUNTRY,COM,AFR,Africa,YEAR,2013,,,,,,,,,81.82,81.81765747,,,,2025-12-05T13:23:08Z,2013,2013-01-01,2013-12-31
9236788,GHED_CHE_pc_US_SHA2011,COUNTRY,CAF,AFR,Africa,YEAR,2006,,,,,,,,,15.15,15.15495491,,,,2025-12-05T13:23:08Z,2006,2006-01-01,2006-12-31
9237475,GHED_CHE_pc_US_SHA2011,COUNTRY,USA,AMR,Americas,YEAR,2019,,,,,,,,,10550.22,10550.22070313,,,,2025-12-05T13:23:08Z,2019,2019-01-01,2019-12-31
9238063,GHED_CHE_pc_US_SHA2011,REGION,AFR,,,YEAR,2019,,,,,,,,,125.01,125.00867925,,,,2025-12-05T13:23:08Z,2019,2019-01-01,2019-12-31
9247824,GHED_CHE_pc_US_SHA2011,COUNTRY,BGR,EUR,Europe,YEAR,2023,,,,,,,,,1257.88,1257.87597656,,,,2025-12-05T13:23:08Z,2023,2023-01-01,2023-12-31
9249863,GHED_CHE_pc_US_SHA2011,COUNTRY,ZMB,AFR,Africa,YEAR,2014,,,,,,,,,65.39,65.39261627,,,,2025-12-05T13:23:08Z,2014,2014-01-01,2014-12-31
9249891,GHED_CHE_pc_US_SHA2011,COUNTRY,ROU,EUR,Europe,YEAR,2002,,,,,,,,,96.58,96.57698822,,,,2025-12-05T13:23:08Z,2002,2002-01-01,2002-12-31
9250974,GHED_CHE_pc_US_SHA2011,COUNTRY,ESP,EUR,Europe,YEAR,2013,,,,,,,,,2664.48,2664.48339844,,,,2025-12-05T13:23:08Z,2013,2013-01-01,2013-12-31
9255136,GHED_CHE_pc_US_SHA2011,COUNTRY,CHN,WPR,Western Pacific,YEAR,2017,,,,,,,,,439.94,439.94006348,,,,2025-12-05T13:23:08Z,2017,2017-01-01,2017-12-31
9257518,GHED_CHE_pc_US_SHA2011,COUNTRY,PSE,EMR,Eastern Mediterranean,YEAR,2009,,,,,,,,,221.97,221.97026062,,,,2025-12-05T13:23:08Z,2009,2009-01-01,2009-12-31
9260154,GHED_CHE_pc_US_SHA2011,COUNTRY,SOM,EMR,Eastern Mediterranean,YEAR,2013,,,,,,,,,12.88,12.88169384,,,,2025-12-05T13:23:08Z,2013,2013-01-01,2013-12-31
9260722,GHED_CHE_pc_US_SHA2011,COUNTRY,SYC,AFR,Africa,YEAR,2013,,,,,,,,,545.25,545.24871826,,,,2025-12-05T13:23:08Z,2013,2013-01-01,2013-12-31
9262943,GHED_CHE_pc_US_SHA2011,COUNTRY,TTO,AMR,Americas,YEAR,2021,,,,,,,,,1170.94,1170.93859863,,,,2025-12-05T13:23:08Z,2021,2021-01-01,2021-12-31
9264725,GHED_CHE_pc_US_SHA2011,COUNTRY,MHL,WPR,Western Pacific,YEAR,2009,,,,,,,,,543.68,543.67626953,,,,2025-12-05T13:23:08Z,2009,2009-01-01,2009-12-31
9267970,GHED_CHE_pc_US_SHA2011,COUNTRY,ISL,EUR,Europe,YEAR,2011,,,,,,,,,3937.32,3937.31591797,,,,2025-12-05T13:23:08Z,2011,2011-01-01,2011-12-31
9268944,GHED_CHE_pc_US_SHA2011,REGION,EMR,,,YEAR,2022,,,,,,,,,552.66,552.66085191,,,,2025-12-05T13:23:08Z,2022,2022-01-01,2022-12-31
9270764,GHED_CHE_pc_US_SHA2011,COUNTRY,MMR,SEAR,South-East Asia,YEAR,2021,,,,,,,,,96.86,96.86240387,,,,2025-12-05T13:23:08Z,2021,2021-01-01,2021-12-31
9271937,GHED_CHE_pc_US_SHA2011,COUNTRY,SUR,AMR,Americas,YEAR,2012,,,,,,,,,406.06,406.05526733,,,,2025-12-05T13:23:08Z,2012,2012-01-01,2012-12-31
9273667,GHED_CHE_pc_US_SHA2011,COUNTRY,SUR,AMR,Americas,YEAR,2017,,,,,,,,,322.00,322.00415039,,,,2025-12-05T13:23:08Z,2017,2017-01-01,2017-12-31
9275112,GHED_CHE_pc_US_SHA2011,COUNTRY,BDI,AFR,Africa,YEAR,2016,,,,,,,,,18.59,18.59472847,,,,2025-12-05T13:23:08Z,2016,2016-01-01,2016-12-31
9280577,GHED_CHE_pc_US_SHA2011,COUNTRY,KHM,WPR,Western Pacific,YEAR,2007,,,,,,,,,32.39,32.39221573,,,,2025-12-05T13:23:08Z,2007,2007-01-01,2007-12-31
9281646,GHED_CHE_pc_US_SHA2011,COUNTRY,NER,AFR,Africa,YEAR,2017,,,,,,,,,29.10,29.09627533,,,,2025-12-05T13:23:08Z,2017,2017-01-01,2017-12-31
9282682,GHED_CHE_pc_US_SHA2011,COUNTRY,VCT,AMR,Americas,YEAR,2014,,,,,,,,,299.33,299.33129883,,,,2025-12-05T13:23:08Z,2014,2014-01-01,2014-12-31
9283944,GHED_CHE_pc_US_SHA2011,COUNTRY,NLD,EUR,Europe,YEAR,2021,,,,,,,,,6718.89,6718.88964844,,,,2025-12-05T13:23:08Z,2021,2021-01-01,2021-12-31
9285463,GHED_CHE_pc_US_SHA2011,COUNTRY,COK,WPR,Western Pacific,YEAR,2017,,,,,,,,,494.11,494.10751343,,,,2025-12-05T13:23:08Z,2017,2017-01-01,2017-12-31
9285966,GHED_CHE_pc_US_SHA2011,COUNTRY,ERI,AFR,Africa,YEAR,2006,,,,,,,,,23.77,23.77408791,,,,2025-12-05T13:23:08Z,2006,2006-01-01,2006-12-31
9300382,GHED_CHE_pc_US_SHA2011,COUNTRY,SWE,EUR,Europe,YEAR,2017,,,,,,,,,5871.52,5871.52294922,,,,2025-12-05T13:23:08Z,2017,2017-01-01,2017-12-31
9301691,GHED_CHE_pc_US_SHA2011,COUNTRY,BEN,AFR,Africa,YEAR,2016,,,,,,,,,36.59,36.58565903,,,,2025-12-05T13:23:08Z,2016,2016-01-01,2016-12-31
9302021,GHED_CHE_pc_US_SHA2011,COUNTRY,CHE,EUR,Europe,YEAR,2006,,,,,,,,,5657.28,5657.28222656,,,,2025-12-05T13:23:08Z,2006,2006-01-01,2006-12-31
9304679,GHED_CHE_pc_US_SHA2011,COUNTRY,KNA,AMR,Americas,YEAR,2009,,,,,,,,,872.67,872.67474365,,,,2025-12-05T13:23:08Z,2009,2009-01-01,2009-12-31
9305197,GHED_CHE_pc_US_SHA2011,COUNTRY,LSO,AFR,Africa,YEAR,2020,,,,,,,,,96.85,96.84536743,,,,2025-12-05T13:23:08Z,2020,2020-01-01,2020-12-31
9306514,GHED_CHE_pc_US_SHA2011,COUNTRY,CAF,AFR,Africa,YEAR,2000,,,,,,,,,9.91,9.9123354,,,,2025-12-05T13:23:08Z,2000,2000-01-01,2000-12-31
9306853,GHED_CHE_pc_US_SHA2011,WORLDBANKINCOMEGROUP,WB_UMI,,,YEAR,2009,,,,,,,,,320.19,320.18902735,,,,2025-12-05T13:23:08Z,2009,2009-01-01,2009-12-31
9307379,GHED_CHE_pc_US_SHA2011,COUNTRY,HUN,EUR,Europe,YEAR,2004,,,,,,,,,798.45,798.45361328,,,,2025-12-05T13:23:08Z,2004,2004-01-01,2004-12-31
9311659,GHED_CHE_pc_US_SHA2011,COUNTRY,SUR,AMR,Americas,YEAR,2009,,,,,,,,,380.04,380.04019165,,,,2025-12-05T13:23:08Z,2009,2009-01-01,2009-12-31
9312823,GHED_CHE_pc_US_SHA2011,COUNTRY,GRC,EUR,Europe,YEAR,2018,,,,,,,,,1603.08,1603.07788086,,,,2025-12-05T13:23:08Z,2018,2018-01-01,2018-12-31
9315350,GHED_CHE_pc_US_SHA2011,COUNTRY,PSE,EMR,Eastern Mediterranean,YEAR,2001,,,,,,,,,127.38,127.37930298,,,,2025-12-05T13:23:08Z,2001,2001-01-01,2001-12-31
9318040,GHED_CHE_pc_US_SHA2011,COUNTRY,BHR,EMR,Eastern Mediterranean,YEAR,2016,,,,,,,,,1095.93,1095.92541504,,,,2025-12-05T13:23:08Z,2016,2016-01-01,2016-12-31
9318823,GHED_CHE_pc_US_SHA2011,COUNTRY,HTI,AMR,Americas,YEAR,2011,,,,,,,,,77.12,77.12206268,,,,2025-12-05T13:23:08Z,2011,2011-01-01,2011-12-31
9319028,GHED_CHE_pc_US_SHA2011,COUNTRY,MYS,WPR,Western Pacific,YEAR,2010,,,,,,,,,285.64,285.64263916,,,,2025-12-05T13:23:08Z,2010,2010-01-01,2010-12-31
9319303,GHED_CHE_pc_US_SHA2011,COUNTRY,RWA,AFR,Africa,YEAR,2010,,,,,,,,,47.97,47.96871567,,,,2025-12-05T13:23:08Z,2010,2010-01-01,2010-12-31
9330072,GHED_CHE_pc_US_SHA2011,COUNTRY,TUN,EMR,Eastern Mediterranean,YEAR,2004,,,,,,,,,167.28,167.27586365,,,,2025-12-05T13:23:08Z,2004,2004-01-01,2004-12-31
9332046,GHED_CHE_pc_US_SHA2011,COUNTRY,SLB,WPR,Western Pacific,YEAR,2019,,,,,,,,,98.67,98.67025757,,,,2025-12-05T13:23:08Z,2019,2019-01-01,2019-12-31
9334819,GHED_CHE_pc_US_SHA2011,COUNTRY,GTM,AMR,Americas,YEAR,2007,,,,,,,,,158.89,158.89395142,,,,2025-12-05T13:23:08Z,2007,2007-01-01,2007-12-31
9335715,GHED_CHE_pc_US_SHA2011,COUNTRY,UKR,EUR,Europe,YEAR,2021,,,,,,,,,369.90,369.90487671,,,,2025-12-05T13:23:08Z,2021,2021-01-01,2021-12-31
9340492,GHED_CHE_pc_US_SHA2011,COUNTRY,CPV,AFR,Africa,YEAR,2022,,,,,,,,,297.08,297.08233643,,,,2025-12-05T13:23:08Z,2022,2022-01-01,2022-12-31
9340615,GHED_CHE_pc_US_SHA2011,COUNTRY,FIN,EUR,Europe,YEAR,2004,,,,,,,,,3044.12,3044.12109375,,,,2025-12-05T13:23:08Z,2004,2004-01-01,2004-12-31
9341669,GHED_CHE_pc_US_SHA2011,COUNTRY,HND,AMR,Americas,YEAR,2007,,,,,,,,,127.56,127.55919647,,,,2025-12-05T13:23:08Z,2007,2007-01-01,2007-12-31
9343234,GHED_CHE_pc_US_SHA2011,COUNTRY,LCA,AMR,Americas,YEAR,2009,,,,,,,,,432.09,432.087677,,,,2025-12-05T13:23:08Z,2009,2009-01-01,2009-12-31
9346639,GHED_CHE_pc_US_SHA2011,COUNTRY,AZE,EUR,Europe,YEAR,2013,,,,,,,,,251.68,251.67863464,,,,2025-12-05T13:23:08Z,2013,2013-01-01,2013-12-31
9349193,GHED_CHE_pc_US_SHA2011,COUNTRY,UKR,EUR,Europe,YEAR,2005,,,,,,,,,114.63,114.63265228,,,,2025-12-05T13:23:08Z,2005,2005-01-01,2005-12-31
9349520,GHED_CHE_pc_US_SHA2011,COUNTRY,ETH,AFR,Africa,YEAR,2022,,,,,,,,,27.07,27.06845474,,,,2025-12-05T13:23:08Z,2022,2022-01-01,2022-12-31
9357899,GHED_CHE_pc_US_SHA2011,COUNTRY,TUV,WPR,Western Pacific,YEAR,2015,,,,,,,,,451.35,451.35287476,,,,2025-12-05T13:23:08Z,2015,2015-01-01,2015-12-31
9359829,GHED_CHE_pc_US_SHA2011,WORLDBANKINCOMEGROUP,WB_LI,,,YEAR,2016,,,,,,,,,39.55,39.54632608,,,,2025-12-05T13:23:08Z,2016,2016-01-01,2016-12-31
9360306,GHED_CHE_pc_US_SHA2011,COUNTRY,TGO,AFR,Africa,YEAR,2000,,,,,,,,,13.05,13.0541811,,,,2025-12-05T13:23:08Z,2000,2000-01-01,2000-12-31
9363474,GHED_CHE_pc_US_SHA2011,REGION,EUR,,,YEAR,2004,,,,,,,,,1671.29,1671.28575609,,,,2025-12-05T13:23:08Z,2004,2004-01-01,2004-12-31
9371843,GHED_CHE_pc_US_SHA2011,COUNTRY,TKM,EUR,Europe,YEAR,2019,,,,,,,,,432.78,432.78118896,,,,2025-12-05T13:23:08Z,2019,2019-01-01,2019-12-31
9372629,GHED_CHE_pc_US_SHA2011,REGION,SEAR,,,YEAR,2014,,,,,,,,,157.42,157.4190019,,,,2025-12-05T13:23:08Z,2014,2014-01-01,2014-12-31
9373015,GHED_CHE_pc_US_SHA2011,COUNTRY,IRL,EUR,Europe,YEAR,2002,,,,,,,,,2200.36,2200.35742188,,,,2025-12-05T13:23:08Z,2002,2002-01-01,2002-12-31
9378728,GHED_CHE_pc_US_SHA2011,COUNTRY,SVK,EUR,Europe,YEAR,2002,,,,,,,,,254.13,254.12765503,,,,2025-12-05T13:23:08Z,2002,2002-01-01,2002-12-31
9379951,GHED_CHE_pc_US_SHA2011,COUNTRY,ATG,AMR,Americas,YEAR,2019,,,,,,,,,808.15,808.14996338,,,,2025-12-05T13:23:08Z,2019,2019-01-01,2019-12-31
9382363,GHED_CHE_pc_US_SHA2011,COUNTRY,CAN,AMR,Americas,YEAR,2006,,,,,,,,,3758.36,3758.35961914,,,,2025-12-05T13:23:08Z,2006,2006-01-01,2006-12-31
9383746,GHED_CHE_pc_US_SHA2011,COUNTRY,GEO,EUR,Europe,YEAR,2017,,,,,,,,,377.93,377.92520142,,,,2025-12-05T13:23:08Z,2017,2017-01-01,2017-12-31
9387570,GHED_CHE_pc_US_SHA2011,COUNTRY,FIN,EUR,Europe,YEAR,2016,,,,,,,,,4108.74,4108.73974609,,,,2025-12-05T13:23:08Z,2016,2016-01-01,2016-12-31
9387831,GHED_CHE_pc_US_SHA2011,COUNTRY,ISL,EUR,Europe,YEAR,2022,,,,,,,,,6851.63,6851.62939453,,,,2025-12-05T13:23:08Z,2022,2022-01-01,2022-12-31
9393320,GHED_CHE_pc_US_SHA2011,COUNTRY,LIE,EUR,Europe,YEAR,2023,,,,,,,,,11494.96,11494.95898438,,,,2025-12-05T13:23:08Z,2023,2023-01-01,2023-12-31
9395010,GHED_CHE_pc_US_SHA2011,COUNTRY,TUV,WPR,Western Pacific,YEAR,2018,,,,,,,,,819.41,819.41162109,,,,2025-12-05T13:23:08Z,2018,2018-01-01,2018-12-31
9402857,GHED_CHE_pc_US_SHA2011,COUNTRY,FRA,EUR,Europe,YEAR,2021,,,,,,,,,5364.90,5364.89746094,,,,2025-12-05T13:23:08Z,2021,2021-01-01,2021-12-31
9403120,GHED_CHE_pc_US_SHA2011,COUNTRY,SUR,AMR,Americas,YEAR,2011,,,,,,,,,375.35,375.34957886,,,,2025-12-05T13:23:08Z,2011,2011-01-01,2011-12-31
9403827,GHED_CHE_pc_US_SHA2011,COUNTRY,RUS,EUR,Europe,YEAR,2003,,,,,,,,,163.31,163.31135559,,,,2025-12-05T13:23:08Z,2003,2003-01-01,2003-12-31
9406606,GHED_CHE_pc_US_SHA2011,COUNTRY,TGO,AFR,Africa,YEAR,2013,,,,,,,,,39.56,39.56414795,,,,2025-12-05T13:23:08Z,2013,2013-01-01,2013-12-31
9407015,GHED_CHE_pc_US_SHA2011,COUNTRY,SAU,EMR,Eastern Mediterranean,YEAR,2020,,,,,,,,,1574.70,1574.70068359,,,,2025-12-05T13:23:08Z,2020,2020-01-01,2020-12-31
9407846,GHED_CHE_pc_US_SHA2011,COUNTRY,DEU,EUR,Europe,YEAR,2016,,,,,,,,,4723.32,4723.32421875,,,,2025-12-05T13:23:08Z,2016,2016-01-01,2016-12-31
9409997,GHED_CHE_pc_US_SHA2011,COUNTRY,FIN,EUR,Europe,YEAR,2002,,,,,,,,,2059.33,2059.3269043,,,,2025-12-05T13:23:08Z,2002,2002-01-01,2002-12-31
9410311,GHED_CHE_pc_US_SHA2011,COUNTRY,SMR,EUR,Europe,YEAR,2000,,,,,,,,,2176.21,2176.20825195,,,,2025-12-05T13:23:08Z,2000,2000-01-01,2000-12-31
9413535,GHED_CHE_pc_US_SHA2011,COUNTRY,ISR,EUR,Europe,YEAR,2000,,,,,,,,,1473.01,1473.00915527,,,,2025-12-05T13:23:08Z,2000,2000-01-01,2000-12-31
9420479,GHED_CHE_pc_US_SHA2011,COUNTRY,PHL,WPR,Western Pacific,YEAR,2003,,,,,,,,,31.60,31.60413551,,,,2025-12-05T13:23:08Z,2003,2003-01-01,2003-12-31
9421689,GHED_CHE_pc_US_SHA2011,COUNTRY,TZA,AFR,Africa,YEAR,2013,,,,,,,,,43.47,43.46931839,,,,2025-12-05T13:23:08Z,2013,2013-01-01,2013-12-31
9440936,GHED_CHE_pc_US_SHA2011,COUNTRY,FIN,EUR,Europe,YEAR,2000,,,,,,,,,1726.74,1726.74438477,,,,2025-12-05T13:23:08Z,2000,2000-01-01,2000-12-31
9442467,GHED_CHE_pc_US_SHA2011,COUNTRY,SUR,AMR,Americas,YEAR,2003,,,,,,,,,166.89,166.88664246,,,,2025-12-05T13:23:08Z,2003,2003-01-01,2003-12-31
9444245,GHED_CHE_pc_US_SHA2011,COUNTRY,COK,WPR,Western Pacific,YEAR,2022,,,,,,,,,1107.60,1107.59851074,,,,2025-12-05T13:23:08Z,2022,2022-01-01,2022-12-31
9457707,GHED_CHE_pc_US_SHA2011,COUNTRY,OMN,EMR,Eastern Mediterranean,YEAR,2000,,,,,,,,,261.88,261.88265991,,,,2025-12-05T13:23:08Z,2000,2000-01-01,2000-12-31
9462782,GHED_CHE_pc_US_SHA2011,COUNTRY,RUS,EUR,Europe,YEAR,2021,,,,,,,,,881.74,881.74395752,,,,2025-12-05T13:23:08Z,2021,2021-01-01,2021-12-31
9463168,GHED_CHE_pc_US_SHA2011,COUNTRY,TGO,AFR,Africa,YEAR,2017,,,,,,,,,51.55,51.5464592,,,,2025-12-05T13:23:08Z,2017,2017-01-01,2017-12-31
9464289,GHED_CHE_pc_US_SHA2011,COUNTRY,LBR,AFR,Africa,YEAR,2006,,,,,,,,,18.34,18.34446335,,,,2025-12-05T13:23:08Z,2006,2006-01-01,2006-12-31
9466543,GHED_CHE_pc_US_SHA2011,COUNTRY,SVK,EUR,Europe,YEAR,2018,,,,,,,,,1299.91,1299.91125488,,,,2025-12-05T13:23:08Z,2018,2018-01-01,2018-12-31
9469497,GHED_CHE_pc_US_SHA2011,COUNTRY,ERI,AFR,Africa,YEAR,2013,,,,,,,,,31.64,31.64078712,,,,2025-12-05T13:23:08Z,2013,2013-01-01,2013-12-31
9470376,GHED_CHE_pc_US_SHA2011,COUNTRY,DZA,AFR,Africa,YEAR,2016,,,,,,,,,265.53,265.53491211,,,,2025-12-05T13:23:08Z,2016,2016-01-01,2016-12-31
9471251,GHED_CHE_pc_US_SHA2011,REGION,EMR,,,YEAR,2006,,,,,,,,,314.18,314.17877751,,,,2025-12-05T13:23:08Z,2006,2006-01-01,2006-12-31
9474742,GHED_CHE_pc_US_SHA2011,COUNTRY,LAO,WPR,Western Pacific,YEAR,2015,,,,,,,,,52.04,52.04236603,,,,2025-12-05T13:23:08Z,2015,2015-01-01,2015-12-31
9475414,GHED_CHE_pc_US_SHA2011,GLOBAL,GLOBAL,,,YEAR,2000,,,,,,,,,445.23,445.23318509,,,,2025-12-05T13:23:08Z,2000,2000-01-01,2000-12-31
9475435,GHED_CHE_pc_US_SHA2011,COUNTRY,CPV,AFR,Africa,YEAR,2012,,,,,,,,,174.66,174.66062927,,,,2025-12-05T13:23:08Z,2012,2012-01-01,2012-12-31
9477751,GHED_CHE_pc_US_SHA2011,COUNTRY,MYS,WPR,Western Pacific,YEAR,2007,,,,,,,,,230.56,230.5599823,,,,2025-12-05T13:23:08Z,2007,2007-01-01,2007-12-31
9485314,GHED_CHE_pc_US_SHA2011,COUNTRY,NIU,WPR,Western Pacific,YEAR,2004,,,,,,,,,1092.93,1092.9317627,,,,2025-12-05T13:23:08Z,2004,2004-01-01,2004-12-31
9485680,GHED_CHE_pc_US_SHA2011,COUNTRY,ALB,EUR,Europe,YEAR,2007,,,,,,,,,209.32,209.31910706,,,,2025-12-05T13:23:08Z,2007,2007-01-01,2007-12-31
9487545,GHED_CHE_pc_US_SHA2011,COUNTRY,VUT,WPR,Western Pacific,YEAR,2002,,,,,,,,,52.35,52.34658813,,,,2025-12-05T13:23:08Z,2002,2002-01-01,2002-12-31
9488710,GHED_CHE_pc_US_SHA2011,COUNTRY,OMN,EMR,Eastern Mediterranean,YEAR,2014,,,,,,,,,726.65,726.64660645,,,,2025-12-05T13:23:08Z,2014,2014-01-01,2014-12-31
9491851,GHED_CHE_pc_US_SHA2011,COUNTRY,HTI,AMR,Americas,YEAR,2016,,,,,,,,,60.07,60.06819153,,,,2025-12-05T13:23:08Z,2016,2016-01-01,2016-12-31
9496189,GHED_CHE_pc_US_SHA2011,COUNTRY,SYC,AFR,Africa,YEAR,2002,,,,,,,,,340.82,340.82293701,,,,2025-12-05T13:23:08Z,2002,2002-01-01,2002-12-31
9496431,GHED_CHE_pc_US_SHA2011,COUNTRY,NLD,EUR,Europe,YEAR,2011,,,,,,,,,5562.12,5562.12109375,,,,2025-12-05T13:23:08Z,2011,2011-01-01,2011-12-31
9496538,GHED_CHE_pc_US_SHA2011,COUNTRY,MDV,SEAR,South-East Asia,YEAR,2012,,,,,,,,,647.12,647.11553955,,,,2025-12-05T13:23:08Z,2012,2012-01-01,2012-12-31
9497435,GHED_CHE_pc_US_SHA2011,COUNTRY,CRI,AMR,Americas,YEAR,2004,,,,,,,,,293.78,293.77548218,,,,2025-12-05T13:23:08Z,2004,2004-01-01,2004-12-31
9503849,GHED_CHE_pc_US_SHA2011,COUNTRY,TGO,AFR,Africa,YEAR,2014,,,,,,,,,41.96,41.96416092,,,,2025-12-05T13:23:08Z,2014,2014-01-01,2014-12-31
9506332,GHED_CHE_pc_US_SHA2011,COUNTRY,ISL,EUR,Europe,YEAR,2019,,,,,,,,,5912.01,5912.00976563,,,,2025-12-05T13:23:08Z,2019,2019-01-01,2019-12-31
9506869,GHED_CHE_pc_US_SHA2011,COUNTRY,LTU,EUR,Europe,YEAR,2019,,,,,,,,,1361.20,1361.20288086,,,,2025-12-05T13:23:08Z,2019,2019-01-01,2019-12-31
9508496,GHED_CHE_pc_US_SHA2011,COUNTRY,WSM,WPR,Western Pacific,YEAR,2002,,,,,,,,,72.41,72.41275024,,,,2025-12-05T13:23:08Z,2002,2002-01-01,2002-12-31
9512226,GHED_CHE_pc_US_SHA2011,COUNTRY,LCA,AMR,Americas,YEAR,2019,,,,,,,,,506.03,506.03204346,,,,2025-12-05T13:23:08Z,2019,2019-01-01,2019-12-31
9515280,GHED_CHE_pc_US_SHA2011,COUNTRY,FRA,EUR,Europe,YEAR,2019,,,,,,,,,4519.99,4519.98583984,,,,2025-12-05T13:23:08Z,2019,2019-01-01,2019-12-31
9516674,GHED_CHE_pc_US_SHA2011,COUNTRY,BOL,AMR,Americas,YEAR,2002,,,,,,,,,43.49,43.49106216,,,,2025-12-05T13:23:08Z,2002,2002-01-01,2002-12-31
9517077,GHED_CHE_pc_US_SHA2011,COUNTRY,PHL,WPR,Western Pacific,YEAR,2001,,,,,,,,,27.61,27.60987473,,,,2025-12-05T13:23:08Z,2001,2001-01-01,2001-12-31
9519996,GHED_CHE_pc_US_SHA2011,COUNTRY,IND,SEAR,South-East Asia,YEAR,2005,,,,,,,,,27.50,27.49770737,,,,2025-12-05T13:23:08Z,2005,2005-01-01,2005-12-31
9523082,GHED_CHE_pc_US_SHA2011,COUNTRY,USA,AMR,Americas,YEAR,2017,,,,,,,,,9822.61,9822.60644531,,,,2025-12-05T13:23:08Z,2017,2017-01-01,2017-12-31
9523595,GHED_CHE_pc_US_SHA2011,COUNTRY,HUN,EUR,Europe,YEAR,2020,,,,,,,,,1182.54,1182.54138184,,,,2025-12-05T13:23:08Z,2020,2020-01-01,2020-12-31
9526127,GHED_CHE_pc_US_SHA2011,COUNTRY,GUY,AMR,Americas,YEAR,2012,,,,,,,,,201.89,201.88832092,,,,2025-12-05T13:23:08Z,2012,2012-01-01,2012-12-31
9526959,GHED_CHE_pc_US_SHA2011,COUNTRY,BDI,AFR,Africa,YEAR,2017,,,,,,,,,19.17,19.16676521,,,,2025-12-05T13:23:08Z,2017,2017-01-01,2017-12-31
9529748,GHED_CHE_pc_US_SHA2011,COUNTRY,SWE,EUR,Europe,YEAR,2012,,,,,,,,,6280.83,6280.82519531,,,,2025-12-05T13:23:08Z,2012,2012-01-01,2012-12-31
9531938,GHED_CHE_pc_US_SHA2011,COUNTRY,MDG,AFR,Africa,YEAR,2000,,,,,,,,,11.19,11.1882658,,,,2025-12-05T13:23:08Z,2000,2000-01-01,2000-12-31
9534346,GHED_CHE_pc_US_SHA2011,COUNTRY,UZB,EUR,Europe,YEAR,2017,,,,,,,,,93.42,93.4151535,,,,2025-12-05T13:23:08Z,2017,2017-01-01,2017-12-31
9535704,GHED_CHE_pc_US_SHA2011,COUNTRY,ROU,EUR,Europe,YEAR,2001,,,,,,,,,78.82,78.8175354,,,,2025-12-05T13:23:08Z,2001,2001-01-01,2001-12-31
9539367,GHED_CHE_pc_US_SHA2011,COUNTRY,ISR,EUR,Europe,YEAR,2006,,,,,,,,,1555.56,1555.56396484,,,,2025-12-05T13:23:08Z,2006,2006-01-01,2006-12-31
9539424,GHED_CHE_pc_US_SHA2011,COUNTRY,ISR,EUR,Europe,YEAR,2015,,,,,,,,,2645.79,2645.78857422,,,,2025-12-05T13:23:08Z,2015,2015-01-01,2015-12-31
9542022,GHED_CHE_pc_US_SHA2011,COUNTRY,IDN,WPR,Western Pacific,YEAR,2015,,,,,,,,,96.16,96.15701294,,,,2025-12-05T13:23:08Z,2015,2015-01-01,2015-12-31
9542207,GHED_CHE_pc_US_SHA2011,COUNTRY,MYS,WPR,Western Pacific,YEAR,2020,,,,,,,,,406.52,406.52005005,,,,2025-12-05T13:23:08Z,2020,2020-01-01,2020-12-31
9542996,GHED_CHE_pc_US_SHA2011,COUNTRY,LKA,SEAR,South-East Asia,YEAR,2017,,,,,,,,,142.33,142.32518005,,,,2025-12-05T13:23:08Z,2017,2017-01-01,2017-12-31
9544325,GHED_CHE_pc_US_SHA2011,COUNTRY,SAU,EMR,Eastern Mediterranean,YEAR,2013,,,,,,,,,1189.68,1189.67932129,,,,2025-12-05T13:23:08Z,2013,2013-01-01,2013-12-31
9544595,GHED_CHE_pc_US_SHA2011,COUNTRY,DJI,EMR,Eastern Mediterranean,YEAR,2022,,,,,,,,,79.13,79.13184357,,,,2025-12-05T13:23:08Z,2022,2022-01-01,2022-12-31
9544839,GHED_CHE_pc_US_SHA2011,COUNTRY,SGP,WPR,Western Pacific,YEAR,2019,,,,,,,,,2924.25,2924.24707031,,,,2025-12-05T13:23:08Z,2019,2019-01-01,2019-12-31
9548284,GHED_CHE_pc_US_SHA2011,COUNTRY,EGY,EMR,Eastern Mediterranean,YEAR,2017,,,,,,,,,106.00,106.00288391,,,,2025-12-05T13:23:08Z,2017,2017-01-01,2017-12-31
9548984,GHED_CHE_pc_US_SHA2011,REGION,AFR,,,YEAR,2007,,,,,,,,,92.29,92.29304663,,,,2025-12-05T13:23:08Z,2007,2007-01-01,2007-12-31
9550159,GHED_CHE_pc_US_SHA2011,COUNTRY,AND,EUR,Europe,YEAR,2016,,,,,,,,,2785.65,2785.64599609,,,,2025-12-05T13:23:08Z,2016,2016-01-01,2016-12-31
9552978,GHED_CHE_pc_US_SHA2011,COUNTRY,MLT,EUR,Europe,YEAR,2014,,,,,,,,,2466.89,2466.89111328,,,,2025-12-05T13:23:08Z,2014,2014-01-01,2014-12-31
9554139,GHED_CHE_pc_US_SHA2011,COUNTRY,GRD,AMR,Americas,YEAR,2003,,,,,,,,,286.91,286.90512085,,,,2025-12-05T13:23:08Z,2003,2003-01-01,2003-12-31
9554798,GHED_CHE_pc_US_SHA2011,COUNTRY,KHM,WPR,Western Pacific,YEAR,2008,,,,,,,,,48.62,48.62422562,,,,2025-12-05T13:23:08Z,2008,2008-01-01,2008-12-31
9555334,GHED_CHE_pc_US_SHA2011,COUNTRY,BEN,AFR,Africa,YEAR,2022,,,,,,,,,37.76,37.76291275,,,,2025-12-05T13:23:08Z,2022,2022-01-01,2022-12-31
9556387,GHED_CHE_pc_US_SHA2011,COUNTRY,LTU,EUR,Europe,YEAR,2016,,,,,,,,,986.13,986.13311768,,,,2025-12-05T13:23:08Z,2016,2016-01-01,2016-12-31
9557692,GHED_CHE_pc_US_SHA2011,COUNTRY,MDG,AFR,Africa,YEAR,2009,,,,,,,,,19.57,19.56957817,,,,2025-12-05T13:23:08Z,2009,2009-01-01,2009-12-31
9559893,GHED_CHE_pc_US_SHA2011,COUNTRY,BRN,WPR,Western Pacific,YEAR,2006,,,,,,,,,664.74,664.74499512,,,,2025-12-05T13:23:08Z,2006,2006-01-01,2006-12-31
9559968,GHED_CHE_pc_US_SHA2011,COUNTRY,BHS,AMR,Americas,YEAR,2012,,,,,,,,,1518.65,1518.64953613,,,,2025-12-05T13:23:08Z,2012,2012-01-01,2012-12-31
9560147,GHED_CHE_pc_US_SHA2011,COUNTRY,TUV,WPR,Western Pacific,YEAR,2000,,,,,,,,,351.93,351.92758179,,,,2025-12-05T13:23:08Z,2000,2000-01-01,2000-12-31
9561530,GHED_CHE_pc_US_SHA2011,COUNTRY,COD,AFR,Africa,YEAR,2000,,,,,,,,,17.52,17.52071953,,,,2025-12-05T13:23:08Z,2000,2000-01-01,2000-12-31
9566167,GHED_CHE_pc_US_SHA2011,COUNTRY,PRT,EUR,Europe,YEAR,2000,,,,,,,,,995.34,995.34210205,,,,2025-12-05T13:23:08Z,2000,2000-01-01,2000-12-31
9566811,GHED_CHE_pc_US_SHA2011,COUNTRY,NIC,AMR,Americas,YEAR,2013,,,,,,,,,140.20,140.20372009,,,,2025-12-05T13:23:08Z,2013,2013-01-01,2013-12-31
9566982,GHED_CHE_pc_US_SHA2011,GLOBAL,GLOBAL,,,YEAR,2010,,,,,,,,,994.78,994.77532224,,,,2025-12-05T13:23:08Z,2010,2010-01-01,2010-12-31
9568109,GHED_CHE_pc_US_SHA2011,COUNTRY,VEN,AMR,Americas,YEAR,2023,,,,,,,,,185.99,185.99124146,,,,2025-12-05T13:23:08Z,2023,2023-01-01,2023-12-31
9572642,GHED_CHE_pc_US_SHA2011,COUNTRY,NGA,AFR,Africa,YEAR,2015,,,,,,,,,92.91,92.91207123,,,,2025-12-05T13:23:08Z,2015,2015-01-01,2015-12-31
9573670,GHED_CHE_pc_US_SHA2011,COUNTRY,DOM,AMR,Americas,YEAR,2001,,,,,,,,,143.33,143.32540894,,,,2025-12-05T13:23:08Z,2001,2001-01-01,2001-12-31
9574465,GHED_CHE_pc_US_SHA2011,COUNTRY,SUR,AMR,Americas,YEAR,2018,,,,,,,,,440.32,440.32211304,,,,2025-12-05T13:23:08Z,2018,2018-01-01,2018-12-31
9576285,GHED_CHE_pc_US_SHA2011,WORLDBANKINCOMEGROUP,WB_UMI,,,YEAR,2006,,,,,,,,,240.62,240.62338807,,,,2025-12-05T13:23:08Z,2006,2006-01-01,2006-12-31
9578311,GHED_CHE_pc_US_SHA2011,COUNTRY,YEM,EMR,Eastern Mediterranean,YEAR,2012,,,,,,,,,64.68,64.677566529999993,,,,2025-12-05T13:23:08Z,2012,2012-01-01,2012-12-31
9579224,GHED_CHE_pc_US_SHA2011,COUNTRY,BEN,AFR,Africa,YEAR,2012,,,,,,,,,32.96,32.95616913,,,,2025-12-05T13:23:08Z,2012,2012-01-01,2012-12-31
9581549,GHED_CHE_pc_US_SHA2011,COUNTRY,LKA,SEAR,South-East Asia,YEAR,2011,,,,,,,,,115.52,115.51642609,,,,2025-12-05T13:23:08Z,2011,2011-01-01,2011-12-31
9583817,GHED_CHE_pc_US_SHA2011,COUNTRY,SMR,EUR,Europe,YEAR,2007,,,,,,,,,3804.51,3804.50634766,,,,2025-12-05T13:23:08Z,2007,2007-01-01,2007-12-31
9583959,GHED_CHE_pc_US_SHA2011,COUNTRY,DEU,EUR,Europe,YEAR,2022,,,,,,,,,6226.14,6226.14208984,,,,2025-12-05T13:23:08Z,2022,2022-01-01,2022-12-31
9585242,GHED_CHE_pc_US_SHA2011,COUNTRY,GAB,AFR,Africa,YEAR,2011,,,,,,,,,261.38,261.37597656,,,,2025-12-05T13:23:08Z,2011,2011-01-01,2011-12-31
9585288,GHED_CHE_pc_US_SHA2011,COUNTRY,KNA,AMR,Americas,YEAR,2000,,,,,,,,,446.67,446.66659546,,,,2025-12-05T13:23:08Z,2000,2000-01-01,2000-12-31
9589463,GHED_CHE_pc_US_SHA2011,COUNTRY,GEO,EUR,Europe,YEAR,2000,,,,,,,,,52.26,52.25807953,,,,2025-12-05T13:23:08Z,2000,2000-01-01,2000-12-31
9590439,GHED_CHE_pc_US_SHA2011,COUNTRY,PRY,AMR,Americas,YEAR,2010,,,,,,,,,258.43,258.43127441,,,,2025-12-05T13:23:08Z,2010,2010-01-01,2010-12-31
9591376,GHED_CHE_pc_US_SHA2011,COUNTRY,NRU,WPR,Western Pacific,YEAR,2016,,,,,,,,,978.48,978.48120117,,,,2025-12-05T13:23:08Z,2016,2016-01-01,2016-12-31
9592756,GHED_CHE_pc_US_SHA2011,COUNTRY,GRD,AMR,Americas,YEAR,2018,,,,,,,,,462.24,462.2394104,,,,2025-12-05T13:23:08Z,2018,2018-01-01,2018-12-31
9593490,GHED_CHE_pc_US_SHA2011,COUNTRY,KNA,AMR,Americas,YEAR,2008,,,,,,,,,881.10,881.09844971,,,,2025-12-05T13:23:08Z,2008,2008-01-01,2008-12-31
9593526,GHED_CHE_pc_US_SHA2011,COUNTRY,ZAF,AFR,Africa,YEAR,2013,,,,,,,,,593.80,593.80157471,,,,2025-12-05T13:23:08Z,2013,2013-01-01,2013-12-31
9593963,GHED_CHE_pc_US_SHA2011,COUNTRY,IRN,EMR,Eastern Mediterranean,YEAR,2023,,,,,,,,,267.06,267.059021,,,,2025-12-05T13:23:08Z,2023,2023-01-01,2023-12-31
9595805,GHED_CHE_pc_US_SHA2011,COUNTRY,ISL,EUR,Europe,YEAR,2008,,,,,,,,,4749.68,4749.68408203,,,,2025-12-05T13:23:08Z,2008,2008-01-01,2008-12-31
9597448,GHED_CHE_pc_US_SHA2011,REGION,SEAR,,,YEAR,2009,,,,,,,,,125.76,125.76338471,,,,2025-12-05T13:23:08Z,2009,2009-01-01,2009-12-31
9599248,GHED_CHE_pc_US_SHA2011,COUNTRY,NIU,WPR,Western Pacific,YEAR,2011,,,,,,,,,2448.81,2448.81103516,,,,2025-12-05T13:23:08Z,2011,2011-01-01,2011-12-31
9602013,GHED_CHE_pc_US_SHA2011,COUNTRY,NIU,WPR,Western Pacific,YEAR,2018,,,,,,,,,1394.14,1394.13793945,,,,2025-12-05T13:23:08Z,2018,2018-01-01,2018-12-31
9604355,GHED_CHE_pc_US_SHA2011,COUNTRY,SDN,EMR,Eastern Mediterranean,YEAR,2014,,,,,,,,,88.78,88.78498077,,,,2025-12-05T13:23:08Z,2014,2014-01-01,2014-12-31
9604715,GHED_CHE_pc_US_SHA2011,COUNTRY,BLZ,AMR,Americas,YEAR,2006,,,,,,,,,196.13,196.13124084,,,,2025-12-05T13:23:08Z,2006,2006-01-01,2006-12-31
9607061,GHED_CHE_pc_US_SHA2011,COUNTRY,TKM,EUR,Europe,YEAR,2011,,,,,,,,,251.86,251.85777283,,,,2025-12-05T13:23:08Z,2011,2011-01-01,2011-12-31
9608077,GHED_CHE_pc_US_SHA2011,COUNTRY,ERI,AFR,Africa,YEAR,2014,,,,,,,,,32.93,32.93448257,,,,2025-12-05T13:23:08Z,2014,2014-01-01,2014-12-31
9611612,GHED_CHE_pc_US_SHA2011,COUNTRY,LCA,AMR,Americas,YEAR,2000,,,,,,,,,285.84,285.84280396,,,,2025-12-05T13:23:08Z,2000,2000-01-01,2000-12-31
9613516,GHED_CHE_pc_US_SHA2011,COUNTRY,SGP,WPR,Western Pacific,YEAR,2015,,,,,,,,,2330.40,2330.39599609,,,,2025-12-05T13:23:08Z,2015,2015-01-01,2015-12-31
9614074,GHED_CHE_pc_US_SHA2011,COUNTRY,GRD,AMR,Americas,YEAR,2001,,,,,,,,,271.04,271.03814697,,,,2025-12-05T13:23:08Z,2001,2001-01-01,2001-12-31
9617088,GHED_CHE_pc_US_SHA2011,COUNTRY,MNE,EUR,Europe,YEAR,2012,,,,,,,,,535.16,535.16223145,,,,2025-12-05T13:23:08Z,2012,2012-01-01,2012-12-31
9621597,GHED_CHE_pc_US_SHA2011,COUNTRY,FJI,WPR,Western Pacific,YEAR,2003,,,,,,,,,86.10,86.09690094,,,,2025-12-05T13:23:08Z,2003,2003-01-01,2003-12-31
9621745,GHED_CHE_pc_US_SHA2011,COUNTRY,NOR,EUR,Europe,YEAR,2022,,,,,,,,,8692.58,8692.57617188,,,,2025-12-05T13:23:08Z,2022,2022-01-01,2022-12-31
9629076,GHED_CHE_pc_US_SHA2011,GLOBAL,GLOBAL,,,YEAR,2016,,,,,,,,,1083.26,1083.26472745,,,,2025-12-05T13:23:08Z,2016,2016-01-01,2016-12-31
9629829,GHED_CHE_pc_US_SHA2011,COUNTRY,DOM,AMR,Americas,YEAR,2004,,,,,,,,,105.12,105.12216187,,,,2025-12-05T13:23:08Z,2004,2004-01-01,2004-12-31
9633567,GHED_CHE_pc_US_SHA2011,COUNTRY,CHN,WPR,Western Pacific,YEAR,2005,,,,,,,,,73.00,73.00266266,,,,2025-12-05T13:23:08Z,2005,2005-01-01,2005-12-31
9633985,GHED_CHE_pc_US_SHA2011,COUNTRY,PHL,WPR,Western Pacific,YEAR,2018,,,,,,,,,125.28,125.27716827,,,,2025-12-05T13:23:08Z,2018,2018-01-01,2018-12-31
9638958,GHED_CHE_pc_US_SHA2011,COUNTRY,SLV,AMR,Americas,YEAR,2005,,,,,,,,,225.17,225.17417908,,,,2025-12-05T13:23:08Z,2005,2005-01-01,2005-12-31
9641422,GHED_CHE_pc_US_SHA2011,COUNTRY,MLT,EUR,Europe,YEAR,2004,,,,,,,,,1227.29,1227.28881836,,,,2025-12-05T13:23:08Z,2004,2004-01-01,2004-12-31
9643977,GHED_CHE_pc_US_SHA2011,COUNTRY,MUS,AFR,Africa,YEAR,2001,,,,,,,,,116.36,116.36106873,,,,2025-12-05T13:23:08Z,2001,2001-01-01,2001-12-31
9650330,GHED_CHE_pc_US_SHA2011,COUNTRY,VNM,WPR,Western Pacific,YEAR,2000,,,,,,,,,21.07,21.0719223,,,,2025-12-05T13:23:08Z,2000,2000-01-01,2000-12-31
9651947,GHED_CHE_pc_US_SHA2011,COUNTRY,SDN,EMR,Eastern Mediterranean,YEAR,2006,,,,,,,,,55.33,55.32660294,,,,2025-12-05T13:23:08Z,2006,2006-01-01,2006-12-31
9654683,GHED_CHE_pc_US_SHA2011,COUNTRY,GRC,EUR,Europe,YEAR,2023,,,,,,,,,1962.60,1962.59594727,,,,2025-12-05T13:23:08Z,2023,2023-01-01,2023-12-31
9655717,GHED_CHE_pc_US_SHA2011,GLOBAL,GLOBAL,,,YEAR,2011,,,,,,,,,1090.89,1090.89311306,,,,2025-12-05T13:23:08Z,2011,2011-01-01,2011-12-31
9655939,GHED_CHE_pc_US_SHA2011,COUNTRY,BRA,AMR,Americas,YEAR,2009,,,,,,,,,728.56,728.55639648,,,,2025-12-05T13:23:08Z,2009,2009-01-01,2009-12-31
9658378,GHED_CHE_pc_US_SHA2011,COUNTRY,COK,WPR,Western Pacific,YEAR,2011,,,,,,,,,549.24,549.24035645,,,,2025-12-05T13:23:08Z,2011,2011-01-01,2011-12-31
9659156,GHED_CHE_pc_US_SHA2011,COUNTRY,IND,SEAR,South-East Asia,YEAR,2012,,,,,,,,,48.45,48.45263672,,,,2025-12-05T13:23:08Z,2012,2012-01-01,2012-12-31
9659443,GHED_CHE_pc_US_SHA2011,COUNTRY,NIU,WPR,Western Pacific,YEAR,2022,,,,,,,,,2291.72,2291.71875,,,,2025-12-05T13:23:08Z,2022,2022-01-01,2022-12-31
9659935,GHED_CHE_pc_US_SHA2011,COUNTRY,DZA,AFR,Africa,YEAR,2009,,,,,,,,,207.20,207.20181274,,,,2025-12-05T13:23:08Z,2009,2009-01-01,2009-12-31
9660548,GHED_CHE_pc_US_SHA2011,COUNTRY,LBY,EMR,Eastern Mediterranean,YEAR,2001,,,,,,,,,255.77,255.77108765,,,,2025-12-05T13:23:08Z,2001,2001-01-01,2001-12-31
9661862,GHED_CHE_pc_US_SHA2011,COUNTRY,ERI,AFR,Africa,YEAR,2002,,,,,,,,,15.78,15.77544498,,,,2025-12-05T13:23:08Z,2002,2002-01-01,2002-12-31
9666373,GHED_CHE_pc_US_SHA2011,COUNTRY,LCA,AMR,Americas,YEAR,2020,,,,,,,,,589.64,589.63696289,,,,2025-12-05T13:23:08Z,2020,2020-01-01,2020-12-31
9670066,GHED_CHE_pc_US_SHA2011,COUNTRY,JPN,WPR,Western Pacific,YEAR,2012,,,,,,,,,5232.36,5232.36279297,,,,2025-12-05T13:23:08Z,2012,2012-01-01,2012-12-31
9671522,GHED_CHE_pc_US_SHA2011,COUNTRY,NLD,EUR,Europe,YEAR,2022,,,,,,,,,5967.90,5967.90429688,,,,2025-12-05T13:23:08Z,2022,2022-01-01,2022-12-31
9672978,GHED_CHE_pc_US_SHA2011,COUNTRY,MDG,AFR,Africa,YEAR,2002,,,,,,,,,15.03,15.02957344,,,,2025-12-05T13:23:08Z,2002,2002-01-01,2002-12-31
9679589,GHED_CHE_pc_US_SHA2011,COUNTRY,NER,AFR,Africa,YEAR,2012,,,,,,,,,22.71,22.71487427,,,,2025-12-05T13:23:08Z,2012,2012-01-01,2012-12-31
9681126,GHED_CHE_pc_US_SHA2011,COUNTRY,KOR,WPR,Western Pacific,YEAR,2020,,,,,,,,,2699.66,2699.6640625,,,,2025-12-05T13:23:08Z,2020,2020-01-01,2020-12-31
9686736,GHED_CHE_pc_US_SHA2011,COUNTRY,MLT,EUR,Europe,YEAR,2003,,,,,,,,,1082.75,1082.75085449,,,,2025-12-05T13:23:08Z,2003,2003-01-01,2003-12-31
9689577,GHED_CHE_pc_US_SHA2011,COUNTRY,FJI,WPR,Western Pacific,YEAR,2002,,,,,,,,,69.41,69.40512085,,,,2025-12-05T13:23:08Z,2002,2002-01-01,2002-12-31
9689716,GHED_CHE_pc_US_SHA2011,COUNTRY,YEM,EMR,Eastern Mediterranean,YEAR,2011,,,,,,,,,56.59,56.58930588,,,,2025-12-05T13:23:08Z,2011,2011-01-01,2011-12-31
9696797,GHED_CHE_pc_US_SHA2011,COUNTRY,FRA,EUR,Europe,YEAR,2009,,,,,,,,,4737.58,4737.578125,,,,2025-12-05T13:23:08Z,2009,2009-01-01,2009-12-31
9699161,GHED_CHE_pc_US_SHA2011,COUNTRY,BLZ,AMR,Americas,YEAR,2005,,,,,,,,,181.25,181.24623108,,,,2025-12-05T13:23:08Z,2005,2005-01-01,2005-12-31
9699183,GHED_CHE_pc_US_SHA2011,COUNTRY,COK,WPR,Western Pacific,YEAR,2006,,,,,,,,,467.61,467.60961914,,,,2025-12-05T13:23:08Z,2006,2006-01-01,2006-12-31
9703109,GHED_CHE_pc_US_SHA2011,COUNTRY,PNG,WPR,Western Pacific,YEAR,2020,,,,,,,,,55.93,55.92817688,,,,2025-12-05T13:23:08Z,2020,2020-01-01,2020-12-31
9703251,GHED_CHE_pc_US_SHA2011,COUNTRY,TUN,EMR,Eastern Mediterranean,YEAR,2012,,,,,,,,,270.29,270.29055786,,,,2025-12-05T13:23:08Z,2012,2012-01-01,2012-12-31
9703689,GHED_CHE_pc_US_SHA2011,COUNTRY,PSE,EMR,Eastern Mediterranean,YEAR,2007,,,,,,,,,149.22,149.22294617,,,,2025-12-05T13:23:08Z,2007,2007-01-01,2007-12-31
9704680,GHED_CHE_pc_US_SHA2011,COUNTRY,VNM,WPR,Western Pacific,YEAR,2008,,,,,,,,,64.43,64.433815,,,,2025-12-05T13:23:08Z,2008,2008-01-01,2008-12-31
9706285,GHED_CHE_pc_US_SHA2011,COUNTRY,SWZ,AFR,Africa,YEAR,2017,,,,,,,,,265.50,265.50152588,,,,2025-12-05T13:23:08Z,2017,2017-01-01,2017-12-31
9712310,GHED_CHE_pc_US_SHA2011,COUNTRY,COK,WPR,Western Pacific,YEAR,2019,,,,,,,,,686.73,686.73059082,,,,2025-12-05T13:23:08Z,2019,2019-01-01,2019-12-31
9715360,GHED_CHE_pc_US_SHA2011,COUNTRY,LAO,WPR,Western Pacific,YEAR,2010,,,,,,,,,34.52,34.52460861,,,,2025-12-05T13:23:08Z,2010,2010-01-01,2010-12-31
9715439,GHED_CHE_pc_US_SHA2011,COUNTRY,SVN,EUR,Europe,YEAR,2023,,,,,,,,,3037.76,3037.7644043,,,,2025-12-05T13:23:08Z,2023,2023-01-01,2023-12-31
9723537,GHED_CHE_pc_US_SHA2011,COUNTRY,TLS,SEAR,South-East Asia,YEAR,2018,,,,,,,,,78.07,78.07413483,,,,2025-12-05T13:23:08Z,2018,2018-01-01,2018-12-31
9734524,GHED_CHE_pc_US_SHA2011,COUNTRY,HTI,AMR,Americas,YEAR,2013,,,,,,,,,59.38,59.38277435,,,,2025-12-05T13:23:08Z,2013,2013-01-01,2013-12-31
9737030,GHED_CHE_pc_US_SHA2011,COUNTRY,CMR,AFR,Africa,YEAR,2004,,,,,,,,,42.25,42.25278473,,,,2025-12-05T13:23:08Z,2004,2004-01-01,2004-12-31
9737078,GHED_CHE_pc_US_SHA2011,COUNTRY,LCA,AMR,Americas,YEAR,2008,,,,,,,,,430.23,430.23074341,,,,2025-12-05T13:23:08Z,2008,2008-01-01,2008-12-31
9738974,GHED_CHE_pc_US_SHA2011,COUNTRY,BHR,EMR,Eastern Mediterranean,YEAR,2004,,,,,,,,,527.83,527.82989502,,,,2025-12-05T13:23:08Z,2004,2004-01-01,2004-12-31
9739498,GHED_CHE_pc_US_SHA2011,REGION,SEAR,,,YEAR,2012,,,,,,,,,139.69,139.69078,,,,2025-12-05T13:23:08Z,2012,2012-01-01,2012-12-31
9740077,GHED_CHE_pc_US_SHA2011,COUNTRY,PRT,EUR,Europe,YEAR,2020,,,,,,,,,2328.36,2328.35571289,,,,2025-12-05T13:23:08Z,2020,2020-01-01,2020-12-31
9741206,GHED_CHE_pc_US_SHA2011,COUNTRY,DMA,AMR,Americas,YEAR,2016,,,,,,,,,424.16,424.15756226,,,,2025-12-05T13:23:08Z,2016,2016-01-01,2016-12-31
9748274,GHED_CHE_pc_US_SHA2011,COUNTRY,URY,AMR,Americas,YEAR,2007,,,,,,,,,578.34,578.34454346,,,,2025-12-05T13:23:08Z,2007,2007-01-01,2007-12-31
9756402,GHED_CHE_pc_US_SHA2011,COUNTRY,SDN,EMR,Eastern Mediterranean,YEAR,2011,,,,,,,,,80.37,80.37197876,,,,2025-12-05T13:23:08Z,2011,2011-01-01,2011-12-31
9757902,GHED_CHE_pc_US_SHA2011,COUNTRY,MDG,AFR,Africa,YEAR,2020,,,,,,,,,16.78,16.78295326,,,,2025-12-05T13:23:08Z,2020,2020-01-01,2020-12-31
9760346,GHED_CHE_pc_US_SHA2011,COUNTRY,PLW,WPR,Western Pacific,YEAR,2005,,,,,,,,,810.10,810.10369873,,,,2025-12-05T13:23:08Z,2005,2005-01-01,2005-12-31
9761758,GHED_CHE_pc_US_SHA2011,COUNTRY,AUT,EUR,Europe,YEAR,2023,,,,,,,,,6267.93,6267.93164063,,,,2025-12-05T13:23:08Z,2023,2023-01-01,2023-12-31
9762366,GHED_CHE_pc_US_SHA2011,COUNTRY,NIU,WPR,Western Pacific,YEAR,2013,,,,,,,,,1423.13,1423.1262207,,,,2025-12-05T13:23:08Z,2013,2013-01-01,2013-12-31
9765868,GHED_CHE_pc_US_SHA2011,COUNTRY,JOR,EMR,Eastern Mediterranean,YEAR,2006,,,,,,,,,188.72,188.72041321,,,,2025-12-05T13:23:08Z,2006,2006-01-01,2006-12-31
9766457,GHED_CHE_pc_US_SHA2011,COUNTRY,CHE,EUR,Europe,YEAR,2011,,,,,,,,,9139.43,9139.43066406,,,,2025-12-05T13:23:08Z,2011,2011-01-01,2011-12-31
9766459,GHED_CHE_pc_US_SHA2011,COUNTRY,AND,EUR,Europe,YEAR,2007,,,,,,,,,2388.17,2388.17407227,,,,2025-12-05T13:23:08Z,2007,2007-01-01,2007-12-31
9766463,GHED_CHE_pc_US_SHA2011,COUNTRY,PHL,WPR,Western Pacific,YEAR,2009,,,,,,,,,77.65,77.64539337,,,,2025-12-05T13:23:08Z,2009,2009-01-01,2009-12-31
9767421,GHED_CHE_pc_US_SHA2011,GLOBAL,GLOBAL,,,YEAR,2004,,,,,,,,,680.87,680.86598616,,,,2025-12-05T13:23:08Z,2004,2004-01-01,2004-12-31
9769084,GHED_CHE_pc_US_SHA2011,COUNTRY,PNG,WPR,Western Pacific,YEAR,2007,,,,,,,,,33.19,33.18586731,,,,2025-12-05T13:23:08Z,2007,2007-01-01,2007-12-31
9770081,GHED_CHE_pc_US_SHA2011,COUNTRY,LUX,EUR,Europe,YEAR,2002,,,,,,,,,3600.87,3600.86743164,,,,2025-12-05T13:23:08Z,2002,2002-01-01,2002-12-31
9770860,GHED_CHE_pc_US_SHA2011,COUNTRY,GHA,AFR,Africa,YEAR,2019,,,,,,,,,71.15,71.14958191,,,,2025-12-05T13:23:08Z,2019,2019-01-01,2019-12-31
9771735,GHED_CHE_pc_US_SHA2011,COUNTRY,NLD,EUR,Europe,YEAR,2016,,,,,,,,,4644.02,4644.02099609,,,,2025-12-05T13:23:08Z,2016,2016-01-01,2016-12-31
9772128,GHED_CHE_pc_US_SHA2011,COUNTRY,UZB,EUR,Europe,YEAR,2020,,,,,,,,,120.29,120.29019165,,,,2025-12-05T13:23:08Z,2020,2020-01-01,2020-12-31
9772436,GHED_CHE_pc_US_SHA2011,COUNTRY,GEO,EUR,Europe,YEAR,2014,,,,,,,,,392.86,392.86099243,,,,2025-12-05T13:23:08Z,2014,2014-01-01,2014-12-31
9774019,GHED_CHE_pc_US_SHA2011,COUNTRY,NPL,SEAR,South-East Asia,YEAR,2005,,,,,,,,,14.15,14.14693356,,,,2025-12-05T13:23:08Z,2005,2005-01-01,2005-12-31
9774543,GHED_CHE_pc_US_SHA2011,COUNTRY,AUT,EUR,Europe,YEAR,2010,,,,,,,,,4815.27,4815.26953125,,,,2025-12-05T13:23:08Z,2010,2010-01-01,2010-12-31
9779696,GHED_CHE_pc_US_SHA2011,COUNTRY,NER,AFR,Africa,YEAR,2022,,,,,,,,,26.51,26.50681686,,,,2025-12-05T13:23:08Z,2022,2022-01-01,2022-12-31
9781263,GHED_CHE_pc_US_SHA2011,COUNTRY,NIU,WPR,Western Pacific,YEAR,2008,,,,,,,,,2315.54,2315.54272461,,,,2025-12-05T13:23:08Z,2008,2008-01-01,2008-12-31
9782768,GHED_CHE_pc_US_SHA2011,COUNTRY,SVK,EUR,Europe,YEAR,2017,,,,,,,,,1189.08,1189.07983398,,,,2025-12-05T13:23:08Z,2017,2017-01-01,2017-12-31
9783455,GHED_CHE_pc_US_SHA2011,COUNTRY,URY,AMR,Americas,YEAR,2018,,,,,,,,,1713.27,1713.26611328,,,,2025-12-05T13:23:08Z,2018,2018-01-01,2018-12-31
9785030,GHED_CHE_pc_US_SHA2011,COUNTRY,DJI,EMR,Eastern Mediterranean,YEAR,2013,,,,,,,,,60.57,60.57233047,,,,2025-12-05T13:23:08Z,2013,2013-01-01,2013-12-31
9788608,GHED_CHE_pc_US_SHA2011,WORLDBANKINCOMEGROUP,WB_HI,,,YEAR,2015,,,,,,,,,2711.99,2711.99091515,,,,2026-01-12T13:50:53Z,2015,2015-01-01,2015-12-31
9789206,GHED_CHE_pc_US_SHA2011,COUNTRY,DJI,EMR,Eastern Mediterranean,YEAR,2017,,,,,,,,,64.94,64.94396973,,,,2025-12-05T13:23:08Z,2017,2017-01-01,2017-12-31
9795427,GHED_CHE_pc_US_SHA2011,COUNTRY,MOZ,AFR,Africa,YEAR,2000,,,,,,,,,7.01,7.00877714,,,,2025-12-05T13:23:08Z,2000,2000-01-01,2000-12-31
9799246,GHED_CHE_pc_US_SHA2011,COUNTRY,YEM,EMR,Eastern Mediterranean,YEAR,2021,,,,,,,,,49.30,49.30105209,,,,2025-12-05T13:23:08Z,2021,2021-01-01,2021-12-31
9799744,GHED_CHE_pc_US_SHA2011,COUNTRY,AND,EUR,Europe,YEAR,2000,,,,,,,,,1294.09,1294.09118652,,,,2025-12-05T13:23:08Z,2000,2000-01-01,2000-12-31
9800535,GHED_CHE_pc_US_SHA2011,COUNTRY,LTU,EUR,Europe,YEAR,2017,,,,,,,,,1073.96,1073.95800781,,,,2025-12-05T13:23:08Z,2017,2017-01-01,2017-12-31
9803913,GHED_CHE_pc_US_SHA2011,COUNTRY,COD,AFR,Africa,YEAR,2005,,,,,,,,,8.55,8.55065727,,,,2025-12-05T13:23:08Z,2005,2005-01-01,2005-12-31
9806356,GHED_CHE_pc_US_SHA2011,COUNTRY,BWA,AFR,Africa,YEAR,2022,,,,,,,,,477.78,477.77633667,,,,2025-12-05T13:23:08Z,2022,2022-01-01,2022-12-31
9808274,GHED_CHE_pc_US_SHA2011,COUNTRY,LBR,AFR,Africa,YEAR,2017,,,,,,,,,67.88,67.8789978,,,,2025-12-05T13:23:08Z,2017,2017-01-01,2017-12-31
9809373,GHED_CHE_pc_US_SHA2011,COUNTRY,CPV,AFR,Africa,YEAR,2006,,,,,,,,,113.13,113.13097382,,,,2025-12-05T13:23:08Z,2006,2006-01-01,2006-12-31
9809973,GHED_CHE_pc_US_SHA2011,WORLDBANKINCOMEGROUP,WB_HI,,,YEAR,2009,,,,,,,,,2526.83,2526.82950187,,,,2025-12-05T13:23:08Z,2009,2009-01-01,2009-12-31
9810470,GHED_CHE_pc_US_SHA2011,COUNTRY,CHN,WPR,Western Pacific,YEAR,2008,,,,,,,,,133.84,133.83999634,,,,2025-12-05T13:23:08Z,2008,2008-01-01,2008-12-31
9817402,GHED_CHE_pc_US_SHA2011,COUNTRY,PRY,AMR,Americas,YEAR,2017,,,,,,,,,406.60,406.60488892,,,,2025-12-05T13:23:08Z,2017,2017-01-01,2017-12-31
9821724,GHED_CHE_pc_US_SHA2011,COUNTRY,BDI,AFR,Africa,YEAR,2005,,,,,,,,,11.13,11.13118172,,,,2025-12-05T13:23:08Z,2005,2005-01-01,2005-12-31
9825123,GHED_CHE_pc_US_SHA2011,COUNTRY,MAR,EMR,Eastern Mediterranean,YEAR,2017,,,,,,,,,166.85,166.8500061,,,,2025-12-05T13:23:08Z,2017,2017-01-01,2017-12-31
9827000,GHED_CHE_pc_US_SHA2011,COUNTRY,ZMB,AFR,Africa,YEAR,2012,,,,,,,,,69.18,69.17604828,,,,2025-12-05T13:23:08Z,2012,2012-01-01,2012-12-31
9831992,GHED_CHE_pc_US_SHA2011,COUNTRY,COM,AFR,Africa,YEAR,2006,,,,,,,,,65.73,65.72916412,,,,2025-12-05T13:23:08Z,2006,2006-01-01,2006-12-31
9834171,GHED_CHE_pc_US_SHA2011,COUNTRY,PAN,AMR,Americas,YEAR,2012,,,,,,,,,725.02,725.01544189,,,,2025-12-05T13:23:08Z,2012,2012-01-01,2012-12-31
9834422,GHED_CHE_pc_US_SHA2011,COUNTRY,ARE,EMR,Eastern Mediterranean,YEAR,2005,,,,,,,,,898.36,898.36480713,,,,2025-12-05T13:23:08Z,2005,2005-01-01,2005-12-31
9835886,GHED_CHE_pc_US_SHA2011,COUNTRY,TZA,AFR,Africa,YEAR,2009,,,,,,,,,34.00,33.9993782,,,,2025-12-05T13:23:08Z,2009,2009-01-01,2009-12-31
9838989,GHED_CHE_pc_US_SHA2011,COUNTRY,MHL,WPR,Western Pacific,YEAR,2004,,,,,,,,,363.40,363.40332031,,,,2025-12-05T13:23:08Z,2004,2004-01-01,2004-12-31
9839022,GHED_CHE_pc_US_SHA2011,COUNTRY,ATG,AMR,Americas,YEAR,2017,,,,,,,,,791.12,791.12322998,,,,2025-12-05T13:23:08Z,2017,2017-01-01,2017-12-31
9841353,GHED_CHE_pc_US_SHA2011,COUNTRY,LBY,EMR,Eastern Mediterranean,YEAR,2000,,,,,,,,,247.11,247.1134491,,,,2025-12-05T13:23:08Z,2000,2000-01-01,2000-12-31
9842939,GHED_CHE_pc_US_SHA2011,COUNTRY,NGA,AFR,Africa,YEAR,2011,,,,,,,,,80.24,80.2377243,,,,2025-12-05T13:23:08Z,2011,2011-01-01,2011-12-31
9844549,GHED_CHE_pc_US_SHA2011,COUNTRY,JOR,EMR,Eastern Mediterranean,YEAR,2019,,,,,,,,,294.93,294.92785645,,,,2025-12-05T13:23:08Z,2019,2019-01-01,2019-12-31
9846074,GHED_CHE_pc_US_SHA2011,COUNTRY,TUN,EMR,Eastern Mediterranean,YEAR,2008,,,,,,,,,230.50,230.50152588,,,,2025-12-05T13:23:08Z,2008,2008-01-01,2008-12-31
9853390,GHED_CHE_pc_US_SHA2011,COUNTRY,MLI,AFR,Africa,YEAR,2017,,,,,,,,,28.49,28.49467659,,,,2025-12-05T13:23:08Z,2017,2017-01-01,2017-12-31
9853405,GHED_CHE_pc_US_SHA2011,COUNTRY,GRC,EUR,Europe,YEAR,2017,,,,,,,,,1509.78,1509.78442383,,,,2025-12-05T13:23:08Z,2017,2017-01-01,2017-12-31
9853831,GHED_CHE_pc_US_SHA2011,COUNTRY,SYR,EMR,Eastern Mediterranean,YEAR,2001,,,,,,,,,57.71,57.71026993,,,,2025-12-05T13:23:08Z,2001,2001-01-01,2001-12-31
9854419,GHED_CHE_pc_US_SHA2011,COUNTRY,LCA,AMR,Americas,YEAR,2021,,,,,,,,,654.89,654.8918457,,,,2025-12-05T13:23:08Z,2021,2021-01-01,2021-12-31
9854599,GHED_CHE_pc_US_SHA2011,COUNTRY,AND,EUR,Europe,YEAR,2010,,,,,,,,,3286.53,3286.52954102,,,,2025-12-05T13:23:08Z,2010,2010-01-01,2010-12-31
9854794,GHED_CHE_pc_US_SHA2011,COUNTRY,CHN,WPR,Western Pacific,YEAR,2002,,,,,,,,,49.92,49.92394638,,,,2025-12-05T13:23:08Z,2002,2002-01-01,2002-12-31
9859332,GHED_CHE_pc_US_SHA2011,COUNTRY,MLI,AFR,Africa,YEAR,2008,,,,,,,,,33.21,33.21391678,,,,2025-12-05T13:23:08Z,2008,2008-01-01,2008-12-31
9859597,GHED_CHE_pc_US_SHA2011,COUNTRY,AUS,WPR,Western Pacific,YEAR,2016,,,,,,,,,5418.44,5418.43652344,,,,2025-12-05T13:23:08Z,2016,2016-01-01,2016-12-31
9866196,GHED_CHE_pc_US_SHA2011,COUNTRY,LTU,EUR,Europe,YEAR,2015,,,,,,,,,918.51,918.50750732,,,,2025-12-05T13:23:08Z,2015,2015-01-01,2015-12-31
9868525,GHED_CHE_pc_US_SHA2011,COUNTRY,CHL,AMR,Americas,YEAR,2003,,,,,,,,,346.16,346.1635437,,,,2025-12-05T13:23:08Z,2003,2003-01-01,2003-12-31
9868684,GHED_CHE_pc_US_SHA2011,COUNTRY,DJI,EMR,Eastern Mediterranean,YEAR,2003,,,,,,,,,46.28,46.27521896,,,,2025-12-05T13:23:08Z,2003,2003-01-01,2003-12-31
9871787,GHED_CHE_pc_US_SHA2011,COUNTRY,SMR,EUR,Europe,YEAR,2020,,,,,,,,,3758.61,3758.609375,,,,2025-12-05T13:23:08Z,2020,2020-01-01,2020-12-31
9873805,GHED_CHE_pc_US_SHA2011,COUNTRY,TKM,EUR,Europe,YEAR,2016,,,,,,,,,376.66,376.65567017,,,,2025-12-05T13:23:08Z,2016,2016-01-01,2016-12-31
9875689,GHED_CHE_pc_US_SHA2011,COUNTRY,LVA,EUR,Europe,YEAR,2021,,,,,,,,,1897.95,1897.95275879,,,,2025-12-05T13:23:08Z,2021,2021-01-01,2021-12-31
9876981,GHED_CHE_pc_US_SHA2011,COUNTRY,FRA,EUR,Europe,YEAR,2014,,,,,,,,,5007.30,5007.29736328,,,,2025-12-05T13:23:08Z,2014,2014-01-01,2014-12-31
9878568,GHED_CHE_pc_US_SHA2011,COUNTRY,SWE,EUR,Europe,YEAR,2018,,,,,,,,,6042.14,6042.13525391,,,,2025-12-05T13:23:08Z,2018,2018-01-01,2018-12-31
9882956,GHED_CHE_pc_US_SHA2011,COUNTRY,IRN,EMR,Eastern Mediterranean,YEAR,2001,,,,,,,,,93.23,93.23036957,,,,2025-12-05T13:23:08Z,2001,2001-01-01,2001-12-31
9883481,GHED_CHE_pc_US_SHA2011,COUNTRY,TZA,AFR,Africa,YEAR,2002,,,,,,,,,17.04,17.0355854,,,,2025-12-05T13:23:08Z,2002,2002-01-01,2002-12-31
9885360,GHED_CHE_pc_US_SHA2011,COUNTRY,FSM,WPR,Western Pacific,YEAR,2018,,,,,,,,,428.01,428.00738525,,,,2025-12-05T13:23:08Z,2018,2018-01-01,2018-12-31
9889098,GHED_CHE_pc_US_SHA2011,COUNTRY,CZE,EUR,Europe,YEAR,2017,,,,,,,,,1516.75,1516.75012207,,,,2025-12-05T13:23:08Z,2017,2017-01-01,2017-12-31
9890195,GHED_CHE_pc_US_SHA2011,COUNTRY,ARM,EUR,Europe,YEAR,2016,,,,,,,,,359.58,359.58227539,,,,2025-12-05T13:23:08Z,2016,2016-01-01,2016-12-31
9890575,GHED_CHE_pc_US_SHA2011,COUNTRY,CYP,EUR,Europe,YEAR,2019,,,,,,,,,2059.45,2059.45019531,,,,2025-12-05T13:23:08Z,2019,2019-01-01,2019-12-31
9891147,GHED_CHE_pc_US_SHA2011,COUNTRY,LBR,AFR,Africa,YEAR,2002,,,,,,,,,6.60,6.59576607,,,,2025-12-05T13:23:08Z,2002,2002-01-01,2002-12-31
9891514,GHED_CHE_pc_US_SHA2011,COUNTRY,SGP,WPR,Western Pacific,YEAR,2007,,,,,,,,,1116.98,1116.97937012,,,,2025-12-05T13:23:08Z,2007,2007-01-01,2007-12-31
9892329,GHED_CHE_pc_US_SHA2011,COUNTRY,SVK,EUR,Europe,YEAR,2008,,,,,,,,,1251.68,1251.67724609,,,,2025-12-05T13:23:08Z,2008,2008-01-01,2008-12-31
9900138,GHED_CHE_pc_US_SHA2011,COUNTRY,IND,SEAR,South-East Asia,YEAR,2017,,,,,,,,,56.67,56.66844559,,,,2025-12-05T13:23:08Z,2017,2017-01-01,2017-12-31
9902448,GHED_CHE_pc_US_SHA2011,COUNTRY,DNK,EUR,Europe,YEAR,2003,,,,,,,,,3602.28,3602.28295898,,,,2025-12-05T13:23:08Z,2003,2003-01-01,2003-12-31
9907494,GHED_CHE_pc_US_SHA2011,COUNTRY,MCO,EUR,Europe,YEAR,2020,,,,,,,,,7582.42,7582.41552734,,,,2025-12-05T13:23:08Z,2020,2020-01-01,2020-12-31
9909472,GHED_CHE_pc_US_SHA2011,COUNTRY,CRI,AMR,Americas,YEAR,2000,,,,,,,,,250.31,250.30950928,,,,2025-12-05T13:23:08Z,2000,2000-01-01,2000-12-31
9910493,GHED_CHE_pc_US_SHA2011,COUNTRY,MDV,SEAR,South-East Asia,YEAR,2016,,,,,,,,,1018.00,1017.99908447,,,,2025-12-05T13:23:08Z,2016,2016-01-01,2016-12-31
9913505,GHED_CHE_pc_US_SHA2011,COUNTRY,GAB,AFR,Africa,YEAR,2004,,,,,,,,,183.92,183.92318726,,,,2025-12-05T13:23:08Z,2004,2004-01-01,2004-12-31
9913983,GHED_CHE_pc_US_SHA2011,COUNTRY,SLB,WPR,Western Pacific,YEAR,2015,,,,,,,,,91.09,91.08989716,,,,2025-12-05T13:23:08Z,2015,2015-01-01,2015-12-31
9914042,GHED_CHE_pc_US_SHA2011,COUNTRY,GRD,AMR,Americas,YEAR,2002,,,,,,,,,307.84,307.84365845,,,,2025-12-05T13:23:08Z,2002,2002-01-01,2002-12-31
9915058,GHED_CHE_pc_US_SHA2011,REGION,WPR,,,YEAR,2004,,,,,,,,,507.79,507.79337059,,,,2025-12-05T13:23:08Z,2004,2004-01-01,2004-12-31
9934774,GHED_CHE_pc_US_SHA2011,COUNTRY,THA,SEAR,South-East Asia,YEAR,2007,,,,,,,,,125.11,125.10979462,,,,2025-12-05T13:23:08Z,2007,2007-01-01,2007-12-31
9935782,GHED_CHE_pc_US_SHA2011,COUNTRY,MMR,SEAR,South-East Asia,YEAR,2016,,,,,,,,,59.68,59.67910385,,,,2025-12-05T13:23:08Z,2016,2016-01-01,2016-12-31
9938660,GHED_CHE_pc_US_SHA2011,COUNTRY,URY,AMR,Americas,YEAR,2008,,,,,,,,,811.70,811.7020874,,,,2025-12-05T13:23:08Z,2008,2008-01-01,2008-12-31
9942634,GHED_CHE_pc_US_SHA2011,COUNTRY,ARE,EMR,Eastern Mediterranean,YEAR,2006,,,,,,,,,1031.15,1031.14904785,,,,2025-12-05T13:23:08Z,2006,2006-01-01,2006-12-31
9942660,GHED_CHE_pc_US_SHA2011,COUNTRY,BHR,EMR,Eastern Mediterranean,YEAR,2023,,,,,,,,,1175.82,1175.81628418,,,,2025-12-05T13:23:08Z,2023,2023-01-01,2023-12-31
9943029,GHED_CHE_pc_US_SHA2011,COUNTRY,DMA,AMR,Americas,YEAR,2023,,,,,,,,,492.45,492.4524231,,,,2025-12-05T13:23:08Z,2023,2023-01-01,2023-12-31
9943889,GHED_CHE_pc_US_SHA2011,REGION,SEAR,,,YEAR,2020,,,,,,,,,200.06,200.05693944,,,,2025-12-05T13:23:08Z,2020,2020-01-01,2020-12-31
9944152,GHED_CHE_pc_US_SHA2011,COUNTRY,MMR,SEAR,South-East Asia,YEAR,2003,,,,,,,,,6.57,6.57480383,,,,2025-12-05T13:23:08Z,2003,2003-01-01,2003-12-31
9945387,GHED_CHE_pc_US_SHA2011,COUNTRY,JPN,WPR,Western Pacific,YEAR,2008,,,,,,,,,3223.29,3223.29101563,,,,2025-12-05T13:23:08Z,2008,2008-01-01,2008-12-31
9946213,GHED_CHE_pc_US_SHA2011,COUNTRY,AGO,AFR,Africa,YEAR,2018,,,,,,,,,83.88,83.87555695,,,,2025-12-05T13:23:08Z,2018,2018-01-01,2018-12-31
9946967,GHED_CHE_pc_US_SHA2011,COUNTRY,UGA,AFR,Africa,YEAR,2001,,,,,,,,,16.00,15.99579906,,,,2025-12-05T13:23:08Z,2001,2001-01-01,2001-12-31
9949476,GHED_CHE_pc_US_SHA2011,COUNTRY,GRC,EUR,Europe,YEAR,2003,,,,,,,,,1566.41,1566.40979004,,,,2025-12-05T13:23:08Z,2003,2003-01-01,2003-12-31
9950973,GHED_CHE_pc_US_SHA2011,COUNTRY,GIN,AFR,Africa,YEAR,2023,,,,,,,,,59.33,59.33010101,,,,2025-12-05T13:23:08Z,2023,2023-01-01,2023-12-31
9952452,GHED_CHE_pc_US_SHA2011,COUNTRY,POL,EUR,Europe,YEAR,2021,,,,,,,,,1183.30,1183.30236816,,,,2025-12-05T13:23:08Z,2021,2021-01-01,2021-12-31
9953523,GHED_CHE_pc_US_SHA2011,COUNTRY,AUT,EUR,Europe,YEAR,2022,,,,,,,,,5897.98,5897.97607422,,,,2025-12-05T13:23:08Z,2022,2022-01-01,2022-12-31
9954858,GHED_CHE_pc_US_SHA2011,COUNTRY,PER,AMR,Americas,YEAR,2019,,,,,,,,,367.99,367.98739624,,,,2025-12-05T13:23:08Z,2019,2019-01-01,2019-12-31
9958713,GHED_CHE_pc_US_SHA2011,COUNTRY,IRQ,EMR,Eastern Mediterranean,YEAR,2016,,,,,,,,,199.89,199.88560486,,,,2025-12-05T13:23:08Z,2016,2016-01-01,2016-12-31
9959371,GHED_CHE_pc_US_SHA2011,COUNTRY,ZMB,AFR,Africa,YEAR,2001,,,,,,,,,18.95,18.94953918,,,,2025-12-05T13:23:08Z,2001,2001-01-01,2001-12-31
9960925,GHED_CHE_pc_US_SHA2011,WORLDBANKINCOMEGROUP,WB_UMI,,,YEAR,2023,,,,,,,,,581.85,581.85358773,,,,2025-12-05T13:23:08Z,2023,2023-01-01,2023-12-31
9963091,GHED_CHE_pc_US_SHA2011,COUNTRY,KIR,WPR,Western Pacific,YEAR,2002,,,,,,,,,92.97,92.96794891,,,,2025-12-05T13:23:08Z,2002,2002-01-01,2002-12-31
9965957,GHED_CHE_pc_US_SHA2011,COUNTRY,SLB,WPR,Western Pacific,YEAR,2006,,,,,,,,,87.75,87.74922943,,,,2025-12-05T13:23:08Z,2006,2006-01-01,2006-12-31
9967523,GHED_CHE_pc_US_SHA2011,COUNTRY,MDV,SEAR,South-East Asia,YEAR,2007,,,,,,,,,478.24,478.24349976,,,,2025-12-05T13:23:08Z,2007,2007-01-01,2007-12-31
9968846,GHED_CHE_pc_US_SHA2011,COUNTRY,BTN,SEAR,South-East Asia,YEAR,2005,,,,,,,,,46.79,46.79434204,,,,2025-12-05T13:23:08Z,2005,2005-01-01,2005-12-31
9970515,GHED_CHE_pc_US_SHA2011,COUNTRY,MHL,WPR,Western Pacific,YEAR,2005,,,,,,,,,490.60,490.59927368,,,,2025-12-05T13:23:08Z,2005,2005-01-01,2005-12-31
9972949,GHED_CHE_pc_US_SHA2011,COUNTRY,LCA,AMR,Americas,YEAR,2023,,,,,,,,,641.07,641.07495117,,,,2025-12-05T13:23:08Z,2023,2023-01-01,2023-12-31
9977613,GHED_CHE_pc_US_SHA2011,COUNTRY,AND,EUR,Europe,YEAR,2023,,,,,,,,,3605.20,3605.19799805,,,,2025-12-05T13:23:08Z,2023,2023-01-01,2023-12-31
9980722,GHED_CHE_pc_US_SHA2011,COUNTRY,HTI,AMR,Americas,YEAR,2001,,,,,,,,,27.39,27.39323044,,,,2025-12-05T13:23:08Z,2001,2001-01-01,2001-12-31
9982959,GHED_CHE_pc_US_SHA2011,COUNTRY,COL,AMR,Americas,YEAR,2012,,,,,,,,,547.01,547.00732422,,,,2025-12-05T13:23:08Z,2012,2012-01-01,2012-12-31
9986651,GHED_CHE_pc_US_SHA2011,COUNTRY,COL,AMR,Americas,YEAR,2011,,,,,,,,,501.84,501.84420776,,,,2025-12-05T13:23:08Z,2011,2011-01-01,2011-12-31
9987585,GHED_CHE_pc_US_SHA2011,COUNTRY,BRN,WPR,Western Pacific,YEAR,2023,,,,,,,,,733.01,733.00543213,,,,2025-12-05T13:23:08Z,2023,2023-01-01,2023-12-31
9989395,GHED_CHE_pc_US_SHA2011,COUNTRY,SEN,AFR,Africa,YEAR,2001,,,,,,,,,23.46,23.45893669,,,,2025-12-05T13:23:08Z,2001,2001-01-01,2001-12-31
9990248,GHED_CHE_pc_US_SHA2011,COUNTRY,EGY,EMR,Eastern Mediterranean,YEAR,2014,,,,,,,,,155.06,155.06480408,,,,2025-12-05T13:23:08Z,2014,2014-01-01,2014-12-31
9995507,GHED_CHE_pc_US_SHA2011,COUNTRY,SUR,AMR,Americas,YEAR,2014,,,,,,,,,440.95,440.95263672,,,,2025-12-05T13:23:08Z,2014,2014-01-01,2014-12-31
9998175,GHED_CHE_pc_US_SHA2011,COUNTRY,IRN,EMR,Eastern Mediterranean,YEAR,2013,,,,,,,,,412.03,412.02786255,,,,2025-12-05T13:23:08Z,2013,2013-01-01,2013-12-31
9998507,GHED_CHE_pc_US_SHA2011,COUNTRY,COL,AMR,Americas,YEAR,2021,,,,,,,,,568.84,568.84130859,,,,2025-12-05T13:23:08Z,2021,2021-01-01,2021-12-31
9999564,GHED_CHE_pc_US_SHA2011,COUNTRY,LVA,EUR,Europe,YEAR,2007,,,,,,,,,775.19,775.19146729,,,,2025-12-05T13:23:08Z,2007,2007-01-01,2007-12-31
9999613,GHED_CHE_pc_US_SHA2011,COUNTRY,BFA,AFR,Africa,YEAR,2011,,,,,,,,,33.70,33.70409393,,,,2025-12-05T13:23:08Z,2011,2011-01-01,2011-12-31
10000128,GHED_CHE_pc_US_SHA2011,COUNTRY,GEO,EUR,Europe,YEAR,2008,,,,,,,,,281.85,281.84671021,,,,2025-12-05T13:23:08Z,2008,2008-01-01,2008-12-31
10003167,GHED_CHE_pc_US_SHA2011,COUNTRY,PRY,AMR,Americas,YEAR,2006,,,,,,,,,122.45,122.45078278,,,,2025-12-05T13:23:08Z,2006,2006-01-01,2006-12-31
10009753,GHED_CHE_pc_US_SHA2011,COUNTRY,UZB,EUR,Europe,YEAR,2011,,,,,,,,,109.86,109.86156464,,,,2025-12-05T13:23:08Z,2011,2011-01-01,2011-12-31
10010481,GHED_CHE_pc_US_SHA2011,COUNTRY,UGA,AFR,Africa,YEAR,2015,,,,,,,,,40.10,40.09843445,,,,2025-12-05T13:23:08Z,2015,2015-01-01,2015-12-31
10015901,GHED_CHE_pc_US_SHA2011,REGION,EMR,,,YEAR,2015,,,,,,,,,523.76,523.76086482,,,,2025-12-05T13:23:08Z,2015,2015-01-01,2015-12-31
10018987,GHED_CHE_pc_US_SHA2011,COUNTRY,NZL,WPR,Western Pacific,YEAR,2007,,,,,,,,,2705.66,2705.66430664,,,,2025-12-05T13:23:08Z,2007,2007-01-01,2007-12-31
10020195,GHED_CHE_pc_US_SHA2011,COUNTRY,BIH,EUR,Europe,YEAR,2017,,,,,,,,,471.33,471.32647705,,,,2025-12-05T13:23:08Z,2017,2017-01-01,2017-12-31
10020677,GHED_CHE_pc_US_SHA2011,COUNTRY,POL,EUR,Europe,YEAR,2022,,,,,,,,,1219.29,1219.29125977,,,,2025-12-05T13:23:08Z,2022,2022-01-01,2022-12-31
10022971,GHED_CHE_pc_US_SHA2011,COUNTRY,IDN,WPR,Western Pacific,YEAR,2011,,,,,,,,,107.01,107.00540161,,,,2025-12-05T13:23:08Z,2011,2011-01-01,2011-12-31
10025252,GHED_CHE_pc_US_SHA2011,COUNTRY,AZE,EUR,Europe,YEAR,2006,,,,,,,,,49.87,49.87102127,,,,2025-12-05T13:23:08Z,2006,2006-01-01,2006-12-31
10026121,GHED_CHE_pc_US_SHA2011,COUNTRY,TLS,SEAR,South-East Asia,YEAR,2015,,,,,,,,,101.48,101.4779892,,,,2025-12-05T13:23:08Z,2015,2015-01-01,2015-12-31
10026615,GHED_CHE_pc_US_SHA2011,COUNTRY,MLI,AFR,Africa,YEAR,2007,,,,,,,,,29.64,29.63545799,,,,2025-12-05T13:23:08Z,2007,2007-01-01,2007-12-31
10034833,GHED_CHE_pc_US_SHA2011,COUNTRY,CAF,AFR,Africa,YEAR,2001,,,,,,,,,9.21,9.20995235,,,,2025-12-05T13:23:08Z,2001,2001-01-01,2001-12-31
10035528,GHED_CHE_pc_US_SHA2011,COUNTRY,SRB,EUR,Europe,YEAR,2005,,,,,,,,,307.55,307.54705811,,,,2025-12-05T13:23:08Z,2005,2005-01-01,2005-12-31
10038437,GHED_CHE_pc_US_SHA2011,COUNTRY,SRB,EUR,Europe,YEAR,2014,,,,,,,,,608.86,608.85858154,,,,2025-12-05T13:23:08Z,2014,2014-01-01,2014-12-31
10044175,GHED_CHE_pc_US_SHA2011,COUNTRY,UGA,AFR,Africa,YEAR,2020,,,,,,,,,44.73,44.733818050000004,,,,2025-12-05T13:23:08Z,2020,2020-01-01,2020-12-31
10053432,GHED_CHE_pc_US_SHA2011,COUNTRY,CAN,AMR,Americas,YEAR,2001,,,,,,,,,2041.88,2041.87512207,,,,2025-12-05T13:23:08Z,2001,2001-01-01,2001-12-31
10053752,GHED_CHE_pc_US_SHA2011,COUNTRY,MNG,WPR,Western Pacific,YEAR,2023,,,,,,,,,359.61,359.60980225,,,,2025-12-05T13:23:08Z,2023,2023-01-01,2023-12-31
10053993,GHED_CHE_pc_US_SHA2011,COUNTRY,THA,SEAR,South-East Asia,YEAR,2021,,,,,,,,,363.73,363.72845459,,,,2025-12-05T13:23:08Z,2021,2021-01-01,2021-12-31
10060657,GHED_CHE_pc_US_SHA2011,COUNTRY,DNK,EUR,Europe,YEAR,2002,,,,,,,,,2891.71,2891.71069336,,,,2025-12-05T13:23:08Z,2002,2002-01-01,2002-12-31
10066318,GHED_CHE_pc_US_SHA2011,COUNTRY,CHN,WPR,Western Pacific,YEAR,2006,,,,,,,,,82.48,82.48256683,,,,2025-12-05T13:23:08Z,2006,2006-01-01,2006-12-31
10068566,GHED_CHE_pc_US_SHA2011,COUNTRY,ESP,EUR,Europe,YEAR,2001,,,,,,,,,1045.05,1045.05065918,,,,2025-12-05T13:23:08Z,2001,2001-01-01,2001-12-31
10070280,GHED_CHE_pc_US_SHA2011,COUNTRY,GNQ,AFR,Africa,YEAR,2002,,,,,,,,,74.94,74.93979645,,,,2025-12-05T13:23:08Z,2002,2002-01-01,2002-12-31
10070533,GHED_CHE_pc_US_SHA2011,COUNTRY,LUX,EUR,Europe,YEAR,2020,,,,,,,,,6785.86,6785.86230469,,,,2025-12-05T13:23:08Z,2020,2020-01-01,2020-12-31
10074006,GHED_CHE_pc_US_SHA2011,COUNTRY,PNG,WPR,Western Pacific,YEAR,2019,,,,,,,,,59.90,59.89566803,,,,2025-12-05T13:23:08Z,2019,2019-01-01,2019-12-31
10074625,GHED_CHE_pc_US_SHA2011,COUNTRY,BTN,SEAR,South-East Asia,YEAR,2016,,,,,,,,,97.43,97.42939758,,,,2025-12-05T13:23:08Z,2016,2016-01-01,2016-12-31
10075548,GHED_CHE_pc_US_SHA2011,COUNTRY,GNQ,AFR,Africa,YEAR,2023,,,,,,,,,233.68,233.68379211,,,,2025-12-05T13:23:08Z,2023,2023-01-01,2023-12-31
10079063,GHED_CHE_pc_US_SHA2011,COUNTRY,ARG,AMR,Americas,YEAR,2000,,,,,,,,,702.23,702.23309326,,,,2025-12-05T13:23:08Z,2000,2000-01-01,2000-12-31
10086544,GHED_CHE_pc_US_SHA2011,COUNTRY,LTU,EUR,Europe,YEAR,2007,,,,,,,,,704.29,704.29315186,,,,2025-12-05T13:23:08Z,2007,2007-01-01,2007-12-31
10088054,GHED_CHE_pc_US_SHA2011,COUNTRY,KHM,WPR,Western Pacific,YEAR,2009,,,,,,,,,55.25,55.25073624,,,,2025-12-05T13:23:08Z,2009,2009-01-01,2009-12-31
10089434,GHED_CHE_pc_US_SHA2011,COUNTRY,URY,AMR,Americas,YEAR,2005,,,,,,,,,445.28,445.28201294,,,,2025-12-05T13:23:08Z,2005,2005-01-01,2005-12-31
10089532,GHED_CHE_pc_US_SHA2011,COUNTRY,GNQ,AFR,Africa,YEAR,2017,,,,,,,,,223.44,223.4354248,,,,2025-12-05T13:23:08Z,2017,2017-01-01,2017-12-31
10091414,GHED_CHE_pc_US_SHA2011,COUNTRY,IND,SEAR,South-East Asia,YEAR,2016,,,,,,,,,59.73,59.72652817,,,,2025-12-05T13:23:08Z,2016,2016-01-01,2016-12-31
10092360,GHED_CHE_pc_US_SHA2011,COUNTRY,GRD,AMR,Americas,YEAR,2006,,,,,,,,,324.32,324.32067871,,,,2025-12-05T13:23:08Z,2006,2006-01-01,2006-12-31
10092741,GHED_CHE_pc_US_SHA2011,REGION,AFR,,,YEAR,2002,,,,,,,,,47.55,47.55356192,,,,2025-12-05T13:23:08Z,2002,2002-01-01,2002-12-31
10093354,GHED_CHE_pc_US_SHA2011,COUNTRY,SYR,EMR,Eastern Mediterranean,YEAR,2012,,,,,,,,,66.28,66.27796173,,,,2025-12-05T13:23:08Z,2012,2012-01-01,2012-12-31
10093765,GHED_CHE_pc_US_SHA2011,COUNTRY,ERI,AFR,Africa,YEAR,2022,,,,,,,,,27.09,27.0898056,,,,2025-12-05T13:23:08Z,2022,2022-01-01,2022-12-31
10096997,GHED_CHE_pc_US_SHA2011,COUNTRY,HRV,EUR,Europe,YEAR,2015,,,,,,,,,803.42,803.41619873,,,,2025-12-05T13:23:08Z,2015,2015-01-01,2015-12-31
10099416,GHED_CHE_pc_US_SHA2011,COUNTRY,GTM,AMR,Americas,YEAR,2020,,,,,,,,,289.22,289.21640015,,,,2025-12-05T13:23:08Z,2020,2020-01-01,2020-12-31
10099686,GHED_CHE_pc_US_SHA2011,COUNTRY,GNB,AFR,Africa,YEAR,2013,,,,,,,,,46.06,46.05934143,,,,2025-12-05T13:23:08Z,2013,2013-01-01,2013-12-31
10104672,GHED_CHE_pc_US_SHA2011,COUNTRY,PRT,EUR,Europe,YEAR,2015,,,,,,,,,1787.04,1787.03759766,,,,2025-12-05T13:23:08Z,2015,2015-01-01,2015-12-31
10106426,GHED_CHE_pc_US_SHA2011,COUNTRY,BFA,AFR,Africa,YEAR,2012,,,,,,,,,33.67,33.66717529,,,,2025-12-05T13:23:08Z,2012,2012-01-01,2012-12-31
10110544,GHED_CHE_pc_US_SHA2011,COUNTRY,MEX,AMR,Americas,YEAR,2014,,,,,,,,,609.82,609.82232666,,,,2025-12-05T13:23:08Z,2014,2014-01-01,2014-12-31
10111649,GHED_CHE_pc_US_SHA2011,COUNTRY,MUS,AFR,Africa,YEAR,2004,,,,,,,,,184.74,184.74328613,,,,2025-12-05T13:23:08Z,2004,2004-01-01,2004-12-31
10116228,GHED_CHE_pc_US_SHA2011,COUNTRY,YEM,EMR,Eastern Mediterranean,YEAR,2014,,,,,,,,,83.49,83.48936462,,,,2025-12-05T13:23:08Z,2014,2014-01-01,2014-12-31
10118469,GHED_CHE_pc_US_SHA2011,COUNTRY,CYP,EUR,Europe,YEAR,2016,,,,,,,,,1619.92,1619.91918945,,,,2025-12-05T13:23:08Z,2016,2016-01-01,2016-12-31
10118998,GHED_CHE_pc_US_SHA2011,COUNTRY,IRN,EMR,Eastern Mediterranean,YEAR,2011,,,,,,,,,505.33,505.33276367,,,,2025-12-05T13:23:08Z,2011,2011-01-01,2011-12-31
10120081,GHED_CHE_pc_US_SHA2011,GLOBAL,GLOBAL,,,YEAR,2022,,,,,,,,,1370.57,1370.56760652,,,,2026-01-12T13:50:53Z,2022,2022-01-01,2022-12-31
10120335,GHED_CHE_pc_US_SHA2011,COUNTRY,UGA,AFR,Africa,YEAR,2008,,,,,,,,,40.04,40.04308701,,,,2025-12-05T13:23:08Z,2008,2008-01-01,2008-12-31
10121127,GHED_CHE_pc_US_SHA2011,COUNTRY,PRY,AMR,Americas,YEAR,2003,,,,,,,,,70.86,70.85758209,,,,2025-12-05T13:23:08Z,2003,2003-01-01,2003-12-31
10121385,GHED_CHE_pc_US_SHA2011,COUNTRY,MRT,AFR,Africa,YEAR,2010,,,,,,,,,43.76,43.759655,,,,2025-12-05T13:23:08Z,2010,2010-01-01,2010-12-31
10127169,GHED_CHE_pc_US_SHA2011,COUNTRY,JPN,WPR,Western Pacific,YEAR,2004,,,,,,,,,2884.67,2884.67358398,,,,2025-12-05T13:23:08Z,2004,2004-01-01,2004-12-31
10130182,GHED_CHE_pc_US_SHA2011,COUNTRY,DMA,AMR,Americas,YEAR,2004,,,,,,,,,253.71,253.70576477,,,,2025-12-05T13:23:08Z,2004,2004-01-01,2004-12-31
10131153,GHED_CHE_pc_US_SHA2011,COUNTRY,MKD,EUR,Europe,YEAR,2018,,,,,,,,,426.57,426.57290649,,,,2025-12-05T13:23:08Z,2018,2018-01-01,2018-12-31
10133617,GHED_CHE_pc_US_SHA2011,COUNTRY,GBR,EUR,Europe,YEAR,2009,,,,,,,,,3813.03,3813.02758789,,,,2025-12-05T13:23:08Z,2009,2009-01-01,2009-12-31
10134433,GHED_CHE_pc_US_SHA2011,COUNTRY,CAF,AFR,Africa,YEAR,2018,,,,,,,,,51.35,51.3541069,,,,2025-12-05T13:23:08Z,2018,2018-01-01,2018-12-31
10135054,GHED_CHE_pc_US_SHA2011,COUNTRY,DMA,AMR,Americas,YEAR,2008,,,,,,,,,336.00,336.0015564,,,,2025-12-05T13:23:08Z,2008,2008-01-01,2008-12-31
10137499,GHED_CHE_pc_US_SHA2011,COUNTRY,ARG,AMR,Americas,YEAR,2016,,,,,,,,,1276.80,1276.79785156,,,,2025-12-05T13:23:08Z,2016,2016-01-01,2016-12-31
10144359,GHED_CHE_pc_US_SHA2011,COUNTRY,LTU,EUR,Europe,YEAR,2004,,,,,,,,,366.96,366.95968628,,,,2025-12-05T13:23:08Z,2004,2004-01-01,2004-12-31
10148882,GHED_CHE_pc_US_SHA2011,COUNTRY,HTI,AMR,Americas,YEAR,2003,,,,,,,,,18.61,18.60943604,,,,2025-12-05T13:23:08Z,2003,2003-01-01,2003-12-31
10150808,GHED_CHE_pc_US_SHA2011,COUNTRY,TUN,EMR,Eastern Mediterranean,YEAR,2014,,,,,,,,,287.61,287.60955811,,,,2025-12-05T13:23:08Z,2014,2014-01-01,2014-12-31
10151435,GHED_CHE_pc_US_SHA2011,COUNTRY,CHN,WPR,Western Pacific,YEAR,2021,,,,,,,,,670.26,670.25897217,,,,2025-12-05T13:23:08Z,2021,2021-01-01,2021-12-31
10153311,GHED_CHE_pc_US_SHA2011,COUNTRY,MHL,WPR,Western Pacific,YEAR,2012,,,,,,,,,410.50,410.4979248,,,,2025-12-05T13:23:08Z,2012,2012-01-01,2012-12-31
10154216,GHED_CHE_pc_US_SHA2011,COUNTRY,THA,SEAR,South-East Asia,YEAR,2020,,,,,,,,,304.38,304.3817749,,,,2025-12-05T13:23:08Z,2020,2020-01-01,2020-12-31
10155427,GHED_CHE_pc_US_SHA2011,COUNTRY,TUR,EUR,Europe,YEAR,2001,,,,,,,,,148.86,148.86210632,,,,2025-12-05T13:23:08Z,2001,2001-01-01,2001-12-31
10156089,GHED_CHE_pc_US_SHA2011,COUNTRY,PAK,EMR,Eastern Mediterranean,YEAR,2003,,,,,,,,,14.35,14.34851551,,,,2025-12-05T13:23:08Z,2003,2003-01-01,2003-12-31
10157720,GHED_CHE_pc_US_SHA2011,COUNTRY,SEN,AFR,Africa,YEAR,2000,,,,,,,,,21.42,21.41570663,,,,2025-12-05T13:23:08Z,2000,2000-01-01,2000-12-31
10159698,GHED_CHE_pc_US_SHA2011,COUNTRY,SLE,AFR,Africa,YEAR,2020,,,,,,,,,47.89,47.886161800000004,,,,2025-12-05T13:23:08Z,2020,2020-01-01,2020-12-31
10162398,GHED_CHE_pc_US_SHA2011,COUNTRY,FIN,EUR,Europe,YEAR,2007,,,,,,,,,3918.64,3918.64453125,,,,2025-12-05T13:23:08Z,2007,2007-01-01,2007-12-31
10165507,GHED_CHE_pc_US_SHA2011,COUNTRY,IDN,WPR,Western Pacific,YEAR,2010,,,,,,,,,85.56,85.55950165,,,,2025-12-05T13:23:08Z,2010,2010-01-01,2010-12-31
10165541,GHED_CHE_pc_US_SHA2011,COUNTRY,GUY,AMR,Americas,YEAR,2007,,,,,,,,,125.79,125.79258728,,,,2025-12-05T13:23:08Z,2007,2007-01-01,2007-12-31
10166025,GHED_CHE_pc_US_SHA2011,COUNTRY,AND,EUR,Europe,YEAR,2015,,,,,,,,,2672.50,2672.49731445,,,,2025-12-05T13:23:08Z,2015,2015-01-01,2015-12-31
10172768,GHED_CHE_pc_US_SHA2011,COUNTRY,PAK,EMR,Eastern Mediterranean,YEAR,2016,,,,,,,,,36.47,36.46934128,,,,2025-12-05T13:23:08Z,2016,2016-01-01,2016-12-31
10174704,GHED_CHE_pc_US_SHA2011,COUNTRY,GHA,AFR,Africa,YEAR,2016,,,,,,,,,64.86,64.86400604,,,,2025-12-05T13:23:08Z,2016,2016-01-01,2016-12-31
10178176,GHED_CHE_pc_US_SHA2011,COUNTRY,BTN,SEAR,South-East Asia,YEAR,2020,,,,,,,,,134.14,134.13723755,,,,2025-12-05T13:23:08Z,2020,2020-01-01,2020-12-31
10179096,GHED_CHE_pc_US_SHA2011,REGION,AFR,,,YEAR,2006,,,,,,,,,83.97,83.97095682,,,,2025-12-05T13:23:08Z,2006,2006-01-01,2006-12-31
10189023,GHED_CHE_pc_US_SHA2011,COUNTRY,TKM,EUR,Europe,YEAR,2000,,,,,,,,,75.52,75.52490234,,,,2025-12-05T13:23:08Z,2000,2000-01-01,2000-12-31
10191891,GHED_CHE_pc_US_SHA2011,COUNTRY,THA,SEAR,South-East Asia,YEAR,2012,,,,,,,,,201.71,201.70690918,,,,2025-12-05T13:23:08Z,2012,2012-01-01,2012-12-31
10193203,GHED_CHE_pc_US_SHA2011,COUNTRY,NZL,WPR,Western Pacific,YEAR,2001,,,,,,,,,1053.74,1053.73632813,,,,2025-12-05T13:23:08Z,2001,2001-01-01,2001-12-31
10193529,GHED_CHE_pc_US_SHA2011,COUNTRY,TON,WPR,Western Pacific,YEAR,2018,,,,,,,,,278.50,278.49508667,,,,2025-12-05T13:23:08Z,2018,2018-01-01,2018-12-31
10193647,GHED_CHE_pc_US_SHA2011,COUNTRY,FRA,EUR,Europe,YEAR,2010,,,,,,,,,4593.66,4593.66308594,,,,2025-12-05T13:23:08Z,2010,2010-01-01,2010-12-31
10197365,GHED_CHE_pc_US_SHA2011,REGION,WPR,,,YEAR,2015,,,,,,,,,905.62,905.61806148,,,,2025-12-05T13:23:08Z,2015,2015-01-01,2015-12-31
10198340,GHED_CHE_pc_US_SHA2011,COUNTRY,TJK,EUR,Europe,YEAR,2012,,,,,,,,,56.97,56.97117615,,,,2025-12-05T13:23:08Z,2012,2012-01-01,2012-12-31
10199093,GHED_CHE_pc_US_SHA2011,COUNTRY,COG,AFR,Africa,YEAR,2006,,,,,,,,,35.94,35.94208145,,,,2025-12-05T13:23:08Z,2006,2006-01-01,2006-12-31
10206450,GHED_CHE_pc_US_SHA2011,COUNTRY,UGA,AFR,Africa,YEAR,2003,,,,,,,,,14.23,14.23364067,,,,2025-12-05T13:23:08Z,2003,2003-01-01,2003-12-31
10209609,GHED_CHE_pc_US_SHA2011,COUNTRY,AUT,EUR,Europe,YEAR,2002,,,,,,,,,2531.62,2531.61938477,,,,2025-12-05T13:23:08Z,2002,2002-01-01,2002-12-31
10213031,GHED_CHE_pc_US_SHA2011,COUNTRY,AZE,EUR,Europe,YEAR,2004,,,,,,,,,27.19,27.1906395,,,,2025-12-05T13:23:08Z,2004,2004-01-01,2004-12-31
10215480,GHED_CHE_pc_US_SHA2011,COUNTRY,AGO,AFR,Africa,YEAR,2002,,,,,,,,,29.37,29.37077141,,,,2025-12-05T13:23:08Z,2002,2002-01-01,2002-12-31
10217343,GHED_CHE_pc_US_SHA2011,COUNTRY,DMA,AMR,Americas,YEAR,2006,,,,,,,,,271.24,271.24331665,,,,2025-12-05T13:23:08Z,2006,2006-01-01,2006-12-31
10219236,GHED_CHE_pc_US_SHA2011,COUNTRY,COD,AFR,Africa,YEAR,2007,,,,,,,,,11.56,11.5629034,,,,2025-12-05T13:23:08Z,2007,2007-01-01,2007-12-31
10222062,GHED_CHE_pc_US_SHA2011,COUNTRY,SYR,EMR,Eastern Mediterranean,YEAR,2019,,,,,,,,,55.22,55.2208252,,,,2025-12-05T13:23:08Z,2019,2019-01-01,2019-12-31
10222222,GHED_CHE_pc_US_SHA2011,COUNTRY,SLE,AFR,Africa,YEAR,2006,,,,,,,,,29.63,29.63347244,,,,2025-12-05T13:23:08Z,2006,2006-01-01,2006-12-31
10222399,GHED_CHE_pc_US_SHA2011,COUNTRY,COM,AFR,Africa,YEAR,2001,,,,,,,,,45.35,45.34629059,,,,2025-12-05T13:23:08Z,2001,2001-01-01,2001-12-31
10222430,GHED_CHE_pc_US_SHA2011,COUNTRY,SUR,AMR,Americas,YEAR,2023,,,,,,,,,297.05,297.04589844,,,,2025-12-05T13:23:08Z,2023,2023-01-01,2023-12-31
10224750,GHED_CHE_pc_US_SHA2011,COUNTRY,GRC,EUR,Europe,YEAR,2010,,,,,,,,,2564.37,2564.36987305,,,,2025-12-05T13:23:08Z,2010,2010-01-01,2010-12-31
10225166,GHED_CHE_pc_US_SHA2011,COUNTRY,SDN,EMR,Eastern Mediterranean,YEAR,2002,,,,,,,,,16.71,16.70709991,,,,2025-12-05T13:23:08Z,2002,2002-01-01,2002-12-31
10232411,GHED_CHE_pc_US_SHA2011,COUNTRY,GBR,EUR,Europe,YEAR,2008,,,,,,,,,4280.36,4280.36083984,,,,2025-12-05T13:23:08Z,2008,2008-01-01,2008-12-31
10232771,GHED_CHE_pc_US_SHA2011,COUNTRY,TTO,AMR,Americas,YEAR,2013,,,,,,,,,970.90,970.90222168,,,,2025-12-05T13:23:08Z,2013,2013-01-01,2013-12-31
10233460,GHED_CHE_pc_US_SHA2011,COUNTRY,RWA,AFR,Africa,YEAR,2009,,,,,,,,,44.00,43.99641418,,,,2025-12-05T13:23:08Z,2009,2009-01-01,2009-12-31
10239790,GHED_CHE_pc_US_SHA2011,WORLDBANKINCOMEGROUP,WB_LMI,,,YEAR,2004,,,,,,,,,63.36,63.36160024,,,,2025-12-05T13:23:08Z,2004,2004-01-01,2004-12-31
10240348,GHED_CHE_pc_US_SHA2011,COUNTRY,GAB,AFR,Africa,YEAR,2002,,,,,,,,,132.07,132.07215881,,,,2025-12-05T13:23:08Z,2002,2002-01-01,2002-12-31
10240674,GHED_CHE_pc_US_SHA2011,COUNTRY,SMR,EUR,Europe,YEAR,2017,,,,,,,,,3672.30,3672.30322266,,,,2025-12-05T13:23:08Z,2017,2017-01-01,2017-12-31
10240833,GHED_CHE_pc_US_SHA2011,COUNTRY,NIC,AMR,Americas,YEAR,2012,,,,,,,,,133.64,133.64489746,,,,2025-12-05T13:23:08Z,2012,2012-01-01,2012-12-31
10242229,GHED_CHE_pc_US_SHA2011,COUNTRY,NPL,SEAR,South-East Asia,YEAR,2010,,,,,,,,,29.62,29.62231827,,,,2025-12-05T13:23:08Z,2010,2010-01-01,2010-12-31
10242951,GHED_CHE_pc_US_SHA2011,WORLDBANKINCOMEGROUP,WB_HI,,,YEAR,2003,,,,,,,,,1571.04,1571.03718734,,,,2025-12-05T13:23:08Z,2003,2003-01-01,2003-12-31
10245267,GHED_CHE_pc_US_SHA2011,COUNTRY,GIN,AFR,Africa,YEAR,2018,,,,,,,,,34.89,34.88978195,,,,2025-12-05T13:23:08Z,2018,2018-01-01,2018-12-31
10247207,GHED_CHE_pc_US_SHA2011,COUNTRY,LVA,EUR,Europe,YEAR,2011,,,,,,,,,764.59,764.59179688,,,,2025-12-05T13:23:08Z,2011,2011-01-01,2011-12-31
10249014,GHED_CHE_pc_US_SHA2011,COUNTRY,CHN,WPR,Western Pacific,YEAR,2007,,,,,,,,,98.56,98.5569458,,,,2025-12-05T13:23:08Z,2007,2007-01-01,2007-12-31
10249290,GHED_CHE_pc_US_SHA2011,COUNTRY,HRV,EUR,Europe,YEAR,2011,,,,,,,,,1134.89,1134.88916016,,,,2025-12-05T13:23:08Z,2011,2011-01-01,2011-12-31
